# Blender 4.2.16 LTS
# www.blender.org
mtllib leg_5.mtl
o leg6
v 34.956680 11.867109 27.398335
v 34.903446 11.883288 27.318970
v 34.957489 11.887940 27.399483
v 34.902287 11.873977 27.311964
v 34.906502 11.892018 27.320637
v 34.915813 11.902743 27.315622
v 34.973190 11.898293 27.390417
v 34.928570 11.903591 27.307655
v 34.988083 11.887816 27.380205
v 34.938129 11.894122 27.300884
v 24.157532 35.939526 36.113590
v 24.172424 35.929043 36.103374
v 24.195295 36.131630 36.105080
v 23.988039 35.994972 36.224739
v 24.141830 35.929169 36.122650
v 24.171616 35.908215 36.102226
v 24.141022 35.908340 36.121506
v 24.155916 35.897861 36.111294
v 35.141064 11.801183 27.276968
v 34.987274 11.866985 27.379057
v 34.971573 11.856631 27.388123
v 34.933807 11.664525 27.396629
v 23.986198 35.990269 36.235416
v 34.930592 11.660657 27.403294
v 23.984819 35.991104 36.231403
v 23.985493 35.992825 36.227497
v 34.931969 11.659823 27.407307
v 34.931263 11.662378 27.399387
v 25.210907 36.788208 35.554771
v 25.063534 36.707199 35.595310
v 25.182281 36.715065 35.720860
v 25.032980 36.745022 35.453194
v 25.152309 36.823704 35.384300
v 24.989735 36.634525 35.704098
v 25.074100 36.623875 35.838062
v 24.915962 36.725830 35.360992
v 24.854807 36.569572 35.715824
v 24.574203 36.294724 36.125385
v 24.567219 36.293140 36.121094
v 24.570280 36.293415 36.124134
v 24.577938 36.296719 36.124519
v 24.558847 36.312038 36.058628
v 24.558170 36.310318 36.062534
v 24.555628 36.308174 36.065292
v 24.557468 36.312874 36.054619
v 24.542795 36.296223 36.082314
v 24.544636 36.300926 36.071640
v 24.541416 36.297058 36.078304
v 24.542089 36.298779 36.074398
v 24.737793 36.550385 35.623619
v 24.488640 36.321564 35.945332
v 24.485580 36.321289 35.942291
v 24.395882 36.178421 36.224823
v 24.392662 36.174557 36.231491
v 24.395208 36.176701 36.228733
v 24.394503 36.179256 36.220810
v 24.367020 36.182068 36.178993
v 24.363094 36.180756 36.177738
v 24.370079 36.182343 36.182034
v 24.359360 36.178761 36.178608
v 24.348368 36.171513 36.184956
v 24.344635 36.169518 36.185822
v 24.295315 36.110367 36.287693
v 24.287655 36.107059 36.287308
v 24.291578 36.108372 36.288559
v 24.284592 36.106785 36.284267
v 24.336977 36.266041 35.910313
v 24.336304 36.264320 35.914219
v 24.477921 36.317986 35.941910
v 24.333757 36.262173 35.916977
v 24.335598 36.266876 35.906303
v 24.481655 36.319977 35.941040
v 24.275547 36.123966 36.225708
v 24.276220 36.125687 36.221802
v 24.340710 36.168205 36.184570
v 24.273001 36.121819 36.228466
v 24.274841 36.126522 36.217793
v 24.337648 36.167934 36.181530
v 24.262012 36.114571 36.234814
v 24.260172 36.109871 36.245487
v 24.259466 36.112427 36.237572
v 24.258793 36.110706 36.241478
v 24.707235 36.588203 35.481499
v 24.382833 36.454517 35.447720
v 24.781038 36.660877 35.372715
v 24.407648 36.525761 35.282150
v 24.270662 36.181324 36.061565
v 24.322718 36.372692 35.598694
v 24.395985 36.583031 35.109848
v 24.206017 36.135212 36.108505
v 24.268822 36.176624 36.072243
v 24.202955 36.134937 36.105465
v 24.267443 36.177460 36.068233
v 24.268118 36.179180 36.064323
v 24.199032 36.133625 36.104214
v 24.230150 36.284164 35.727913
v 24.229734 36.280243 35.738201
v 24.112583 35.990349 36.391903
v 24.111879 35.992905 36.383984
v 24.110039 35.988201 36.394661
v 24.113258 35.992069 36.387997
v 24.348394 36.623611 34.938992
v 24.084394 35.995712 36.342167
v 24.080471 35.994404 36.340912
v 24.087456 35.995987 36.345203
v 24.076735 35.992409 36.341782
v 24.065744 35.985161 36.348129
v 24.062008 35.983166 36.348995
v 24.058086 35.981853 36.347740
v 24.267134 36.645580 34.777691
v 24.032291 36.063396 36.091030
v 24.028555 36.061401 36.091896
v 24.024633 36.060089 36.090645
v 24.021570 36.059814 36.087605
v 23.915722 36.073181 35.919533
v 23.905491 36.070194 35.915073
v 24.119923 36.954052 33.745018
v 23.613876 35.661049 36.681122
v 23.709948 35.976002 35.932224
v 24.031151 36.837551 33.956036
v 24.156023 36.647892 34.633556
v 23.603310 35.744373 36.438374
v 24.055023 35.981579 36.344704
v 23.957348 36.764877 34.064819
v 24.020359 36.630424 34.513493
v 24.000593 36.875370 33.813915
v 23.572752 35.782196 36.296257
v 23.529509 35.671700 36.547157
v 23.866585 36.594009 34.423199
v 23.989803 36.942387 33.615841
v 23.455130 35.576241 36.718029
v 23.822420 36.699924 34.076542
v 23.883575 36.856182 33.721710
v 23.455738 35.763008 36.204052
v 23.508961 35.898991 35.895267
v 23.394581 35.606747 36.558884
v 23.702007 36.540375 34.366962
v 23.823029 36.886684 33.562565
v 23.288355 35.520542 36.664757
v 23.705406 36.680733 33.984341
v 23.748652 36.791225 33.733437
v 23.277567 35.587559 36.466682
v 23.316277 35.844601 35.806271
v 23.320810 35.698051 36.215778
v 23.664282 36.801880 33.599476
v 23.674849 36.718552 33.842220
v 23.247009 35.625381 36.324562
v 23.158236 35.508877 36.535576
v 23.534439 36.472065 34.347458
v 23.293341 36.471825 34.049191
v 23.292667 36.470104 34.053097
v 23.291962 36.472660 34.045177
v 23.290121 36.467957 34.055855
v 23.256586 36.403111 34.192989
v 23.371836 36.392330 34.365604
v 23.362438 36.389748 34.361065
v 23.136742 35.813026 35.670681
v 22.987001 35.714294 35.757133
v 23.146620 35.816875 35.672321
v 23.253527 36.402840 34.189953
v 22.983269 35.712299 35.758003
v 22.979343 35.710987 35.756748
v 23.249601 36.401527 34.188698
v 22.976282 35.710712 35.753708
v 23.245867 36.399532 34.189568
v 23.223137 36.481346 33.935894
v 23.220074 36.481075 33.932854
v 23.212414 36.477768 33.932468
v 23.190702 36.466942 33.935390
v 23.201422 36.470520 33.938812
v 23.197689 36.468525 33.939682
v 23.193764 36.467216 33.938427
v 23.166281 36.470024 33.896610
v 23.168119 36.474728 33.885933
v 23.216150 36.479763 33.931599
v 23.164902 36.470860 33.892601
v 23.165577 36.472580 33.888691
v 23.082861 36.331295 34.175518
v 22.917818 35.845764 35.309017
v 22.877981 35.887741 35.143940
v 22.914709 35.841049 35.318153
v 23.048426 36.182686 34.542393
v 22.958447 36.093567 34.676449
v 23.048010 36.178764 34.552681
v 23.075203 36.327991 34.175133
v 23.010040 36.283749 34.216270
v 23.079128 36.329300 34.176384
v 23.010715 36.285469 34.212364
v 23.007498 36.281605 34.219028
v 23.072142 36.327717 34.172092
v 23.009338 36.286304 34.208351
v 23.019365 36.352222 34.039120
v 23.016148 36.348358 34.045784
v 23.018694 36.350502 34.043026
v 23.017988 36.353058 34.035107
v 23.005156 36.341110 34.052128
v 23.003315 36.336407 34.062805
v 22.942562 36.196053 34.374294
v 22.764984 35.742329 35.404598
v 22.763144 35.737625 35.415276
v 22.993565 36.356140 33.996326
v 22.990503 36.355869 33.993290
v 22.986578 36.354557 33.992035
v 22.982845 36.352558 33.992905
v 23.002611 36.338963 34.054886
v 23.001936 36.337242 34.058792
v 22.940510 36.294994 34.099068
v 22.937449 36.294724 34.096027
v 22.933525 36.293407 34.094772
v 22.929790 36.291412 34.095642
v 22.908077 36.280586 34.098564
v 22.918798 36.284168 34.101986
v 22.915066 36.282173 34.102856
v 22.911140 36.280861 34.101601
v 22.883656 36.283672 34.059784
v 22.885496 36.288372 34.049107
v 22.882950 36.286228 34.051865
v 22.882277 36.284504 34.055775
v 22.800238 36.144943 34.338692
v 22.944403 36.200756 34.363617
v 22.941183 36.196888 34.370281
v 22.941856 36.198608 34.366375
v 22.796505 36.142948 34.339558
v 22.792580 36.141640 34.338303
v 22.736742 36.165871 34.202293
v 22.733524 36.162003 34.208958
v 22.736067 36.164146 34.206200
v 22.735363 36.166702 34.198280
v 22.722532 36.154755 34.215302
v 22.710941 36.169788 34.159500
v 22.707880 36.169514 34.156460
v 22.700222 36.166206 34.156075
v 22.703955 36.168201 34.155209
v 22.719986 36.152611 34.218060
v 22.719313 36.150890 34.221966
v 22.898746 36.014416 34.820564
v 22.570923 35.874725 34.799095
v 22.871527 35.944790 34.978706
v 22.497122 35.802052 34.907879
v 22.762438 35.740181 35.407356
v 22.789518 36.141361 34.335266
v 22.540365 35.912544 34.656975
v 22.362194 35.737099 34.919605
v 22.761765 35.738461 35.411266
v 22.423351 35.893356 34.564774
v 22.720692 36.150055 34.225979
v 22.204056 35.839054 34.442539
v 22.288425 35.828400 34.576500
v 22.125851 35.639225 34.896297
v 22.245180 35.717911 34.827404
v 22.095879 35.747864 34.559738
v 22.214622 35.755726 34.685284
v 22.067253 35.674721 34.725822
v 33.649727 11.837756 25.327095
v 33.645988 11.835760 25.327965
v 33.653652 11.839068 25.328350
v 33.656712 11.839341 25.331390
v 36.009304 12.376752 26.767200
v 36.156677 12.457762 26.726658
v 36.128052 12.384620 26.892748
v 35.978748 12.414572 26.625082
v 36.098080 12.493255 26.556185
v 35.935505 12.304079 26.875986
v 36.019871 12.293427 27.009947
v 35.861732 12.395385 26.532879
v 35.800579 12.239124 26.887709
v 35.512989 11.962692 27.292984
v 35.523708 11.966273 27.296406
v 35.519974 11.964277 27.297276
v 35.516048 11.962968 27.296022
v 35.504616 11.981591 27.230515
v 35.503941 11.979871 27.234425
v 35.501400 11.977725 27.237183
v 35.503239 11.982428 27.226507
v 35.488567 11.965775 27.254204
v 35.490406 11.970478 27.243528
v 35.487186 11.966612 27.250193
v 35.487862 11.968332 27.246286
v 35.434410 11.991117 27.117220
v 35.683563 12.219937 26.795509
v 35.431351 11.990843 27.114180
v 35.338432 11.844109 27.403376
v 35.341652 11.847975 27.396711
v 35.340981 11.846254 27.400618
v 35.340275 11.848809 27.392700
v 35.305130 11.848312 27.350498
v 35.308865 11.850308 27.349628
v 35.312790 11.851620 27.350883
v 35.315849 11.851893 27.353920
v 35.294140 11.841065 27.356842
v 35.290405 11.839070 27.357710
v 35.241085 11.779920 27.459579
v 35.230362 11.776339 27.456158
v 35.237350 11.777925 27.460449
v 35.233425 11.776614 27.459196
v 35.282745 11.935593 27.082199
v 35.423691 11.987536 27.113794
v 35.282074 11.933871 27.086109
v 35.281368 11.936428 27.078192
v 35.427425 11.989532 27.112926
v 35.279530 11.931726 27.088867
v 35.221317 11.793518 27.397598
v 35.221992 11.795238 27.393688
v 35.286480 11.837760 27.356457
v 35.220612 11.796074 27.389677
v 35.283417 11.837486 27.353418
v 35.218773 11.791372 27.400356
v 35.205944 11.779423 27.417377
v 35.207783 11.784125 27.406702
v 35.204563 11.780257 27.413366
v 35.205238 11.781980 27.409460
v 35.328548 12.123970 26.619816
v 35.653008 12.257757 26.653389
v 35.353413 12.195248 26.454206
v 35.726810 12.330430 26.544605
v 35.216431 11.850878 27.233456
v 35.268360 12.042104 26.770815
v 35.341774 12.252549 26.281849
v 35.151787 11.804764 27.280394
v 35.214592 11.846175 27.244133
v 35.148727 11.804489 27.277353
v 35.213215 11.847011 27.240120
v 35.144802 11.803178 27.276100
v 35.213886 11.848732 27.236214
v 35.175713 11.953536 26.900040
v 35.175518 11.949793 26.910116
v 35.055809 11.657756 27.566549
v 35.059029 11.661622 27.559885
v 35.058353 11.659901 27.563791
v 35.057652 11.662457 27.555874
v 35.294186 12.293155 26.110935
v 35.022507 11.661960 27.513670
v 35.026241 11.663955 27.512802
v 35.030167 11.665266 27.514053
v 35.033226 11.665541 27.517094
v 35.011517 11.654713 27.520016
v 35.007778 11.652717 27.520884
v 35.003853 11.651407 27.519630
v 35.212906 12.315135 25.949579
v 34.978062 11.732949 27.262918
v 34.967342 11.729368 27.259493
v 34.970406 11.729643 27.262533
v 34.974327 11.730954 27.263786
v 34.852093 11.740151 27.086882
v 34.861477 11.742736 27.091394
v 35.065693 12.623605 24.916906
v 34.559643 11.330602 27.853008
v 34.656376 11.645848 27.104118
v 34.976917 12.507102 25.127924
v 35.101833 12.317449 25.805490
v 34.549080 11.413926 27.610264
v 35.000793 11.651132 27.516592
v 34.946362 12.544922 24.985804
v 34.903118 12.434429 25.236708
v 34.966225 12.299996 25.685452
v 34.518524 11.451746 27.468143
v 34.475277 11.341253 27.719048
v 34.812515 12.263606 25.595160
v 34.935574 12.611939 24.787727
v 34.400902 11.245793 27.889917
v 34.768192 12.369474 25.248430
v 34.829346 12.525735 24.893600
v 34.401508 11.432559 27.375940
v 34.340351 11.276299 27.730770
v 34.454723 11.568542 27.067152
v 34.647995 12.210007 25.538902
v 34.768799 12.556239 24.734453
v 34.234127 11.190095 27.836645
v 34.651176 12.350286 25.156227
v 34.694424 12.460779 24.905327
v 34.223339 11.257112 27.638571
v 34.262638 11.514278 26.978548
v 34.266582 11.367605 27.387667
v 34.610054 12.471432 24.771362
v 34.620621 12.388106 25.014111
v 34.104008 11.178430 27.707464
v 34.192780 11.294932 27.496450
v 34.480484 12.141740 25.519348
v 34.239109 12.141376 25.221077
v 34.238438 12.139656 25.224987
v 34.237732 12.142212 25.217068
v 34.202358 12.072665 25.364878
v 34.317924 12.062047 25.537428
v 34.308224 12.059298 25.532978
v 34.235893 12.137510 25.227743
v 33.932774 11.383848 26.929022
v 34.082489 11.482565 26.842581
v 34.093109 11.486544 26.844786
v 34.199295 12.072391 25.361841
v 33.929039 11.381852 26.929888
v 34.195374 12.071081 25.360586
v 33.925114 11.380541 26.928637
v 34.191639 12.069085 25.361454
v 33.922054 11.380267 26.925596
v 34.168903 12.150902 25.107782
v 34.165844 12.150628 25.104742
v 34.136475 12.136493 25.107277
v 34.158184 12.147321 25.104357
v 34.147194 12.140074 25.110703
v 34.143459 12.138079 25.111572
v 34.139534 12.136768 25.110317
v 34.112049 12.139577 25.068501
v 34.113892 12.144279 25.057821
v 34.161919 12.149317 25.103487
v 34.111343 12.142134 25.060579
v 34.110672 12.140413 25.064489
v 34.028633 12.000851 25.347403
v 33.956486 11.955023 25.384251
v 34.017914 11.997270 25.343981
v 34.020973 11.997545 25.347017
v 34.024899 11.998856 25.348272
v 33.955811 11.953302 25.388161
v 33.955109 11.955859 25.380239
v 33.953266 11.951157 25.390917
v 33.963757 12.022611 25.206995
v 33.965137 12.021776 25.211008
v 33.964462 12.020055 25.214914
v 33.961918 12.017910 25.217672
v 33.950928 12.010663 25.224018
v 33.888329 11.865605 25.546183
v 33.994179 11.852241 25.714258
v 33.993523 11.848047 25.725000
v 33.886425 11.742688 25.882582
v 33.710754 11.411880 26.576488
v 33.819038 11.570086 26.274727
v 33.863586 11.515317 26.480906
v 33.860477 11.510603 26.490044
v 33.708916 11.407178 26.587164
v 33.939335 12.025695 25.168217
v 33.932350 12.024109 25.163921
v 33.936275 12.025420 25.165176
v 33.928616 12.022114 25.164791
v 33.948383 12.008517 25.226776
v 33.886280 11.964548 25.270956
v 33.949085 12.005961 25.234694
v 33.883221 11.964274 25.267916
v 33.947708 12.006795 25.230682
v 33.879295 11.962963 25.266661
v 33.853848 11.950140 25.270451
v 33.875561 11.960968 25.267530
v 33.864571 11.953721 25.273876
v 33.860832 11.951725 25.274746
v 33.856911 11.950416 25.273491
v 33.829426 11.953224 25.231670
v 33.831268 11.957926 25.220995
v 33.828049 11.954059 25.227663
v 33.828720 11.955780 25.223753
v 33.746010 11.814498 25.510576
v 33.890171 11.870308 25.535507
v 33.887627 11.868162 25.538265
v 33.886951 11.866442 25.542171
v 33.742271 11.812502 25.511446
v 33.738350 11.811192 25.510191
v 33.681133 11.836257 25.370167
v 33.682514 11.835423 25.374178
v 33.681839 11.833701 25.378088
v 33.679295 11.831556 25.380846
v 33.668301 11.824308 25.387192
v 33.665756 11.822164 25.389950
v 33.665085 11.820442 25.393856
v 33.516693 11.544278 25.970985
v 33.826759 11.647834 26.070026
v 33.486137 11.582098 25.828865
v 33.735287 11.810917 25.507154
v 33.442890 11.471604 26.079769
v 33.708206 11.409734 26.579245
v 33.307964 11.406650 26.091494
v 33.707535 11.408013 26.583153
v 33.369122 11.562911 25.736662
v 33.666462 11.819608 25.397867
v 33.071621 11.308779 26.068186
v 33.190952 11.387462 25.999290
v 33.149826 11.508608 25.614424
v 33.234196 11.497954 25.748388
v 33.041649 11.417416 25.731625
v 33.160393 11.425282 25.857172
v 33.013023 11.344274 25.897713
v 24.440155 36.125877 35.950417
v 24.455050 36.115398 35.940201
v 24.424454 36.115524 35.959480
v 24.454243 36.094566 35.939053
v 24.423647 36.094692 35.958332
v 24.438540 36.084217 35.948120
v 35.240112 12.074294 27.236309
v 35.255814 12.084646 27.227243
v 35.270706 12.074169 27.217031
v 35.269897 12.053338 27.215883
v 35.239304 12.053463 27.235161
v 35.254196 12.042984 27.224949
v 34.082100 12.203311 25.329830
v 34.082909 12.224142 25.330980
v 34.066399 12.192959 25.338896
v 34.068012 12.234620 25.341192
v 34.051502 12.203436 25.349108
v 34.052311 12.224267 25.350258
v 23.250740 36.234188 34.062069
v 23.266441 36.244541 34.053001
v 23.267250 36.265373 34.054150
v 23.252356 36.275848 34.064362
v 23.236654 36.265495 34.073425
v 23.235846 36.244663 34.072281
v 33.799473 12.016958 25.493004
v 33.800285 12.037788 25.494150
v 33.783775 12.006605 25.502069
v 33.785389 12.048267 25.504366
v 33.768879 12.017082 25.512281
v 33.769688 12.037913 25.513432
v 22.983818 36.058186 34.216175
v 22.968117 36.047836 34.225243
v 22.984627 36.079018 34.217323
v 22.969732 36.089497 34.227535
v 22.954031 36.079144 34.236599
v 22.953222 36.058311 34.235455
v 33.850235 12.031483 25.573471
v 33.851624 12.016623 25.571417
v 33.844116 12.004111 25.575150
v 33.831619 12.000456 25.582729
v 33.825794 12.003334 25.589525
v 33.823273 12.010216 25.598654
v 33.818153 12.020314 25.595686
v 33.818607 12.029378 25.593222
v 33.827923 12.040102 25.588209
v 33.840679 12.040950 25.580244
v 23.007618 36.051445 34.321823
v 23.010136 36.044563 34.312698
v 23.015965 36.041683 34.305901
v 23.002497 36.061543 34.318855
v 23.002951 36.070606 34.316395
v 23.012266 36.081329 34.311382
v 23.025021 36.082180 34.303413
v 23.034578 36.072712 34.296642
v 23.035965 36.057854 34.294590
v 23.028458 36.045338 34.298325
v 23.291924 36.265728 34.149921
v 23.304419 36.269382 34.142345
v 23.284414 36.253216 34.153656
v 23.285830 36.238377 34.151585
v 23.295359 36.228889 34.144829
v 23.308115 36.229736 34.136860
v 34.120075 12.228154 25.419170
v 23.317429 36.240463 34.131847
v 34.107582 12.224500 25.426748
v 34.123772 12.188509 25.413692
v 34.133087 12.199233 25.408678
v 34.111015 12.187660 25.421656
v 34.100071 12.211987 25.430483
v 34.101486 12.197147 25.428413
v 34.128498 12.224951 25.416506
v 34.137302 12.217275 25.417349
v 34.136139 12.207963 25.410343
v 23.321644 36.258503 34.140522
v 24.400656 36.122265 35.853832
v 35.216312 12.081037 27.130659
v 24.398134 36.129147 35.862961
v 24.392309 36.132023 35.869755
v 24.372307 36.115856 35.881065
v 24.373722 36.101017 35.878998
v 24.379816 36.128368 35.877331
v 24.405775 36.112167 35.856796
v 24.405319 36.103104 35.859261
v 24.396008 36.092381 35.864273
v 24.383251 36.091530 35.872238
v 35.211662 12.051150 27.141104
v 35.220978 12.061874 27.136089
v 35.198910 12.050302 27.149067
v 34.939514 11.879265 27.298830
v 34.932003 11.866753 27.302565
v 35.189381 12.059789 27.155823
v 34.919510 11.863097 27.310141
v 35.187965 12.074628 27.157896
v 35.195473 12.087140 27.154161
v 35.207966 12.090796 27.146585
v 24.123856 35.920494 36.021999
v 24.116346 35.907982 36.025734
v 24.122471 35.935352 36.024055
v 24.103853 35.904327 36.033314
v 24.112911 35.944820 36.030827
v 24.100155 35.943974 36.038792
v 24.090843 35.933250 36.043804
v 35.221432 12.070937 27.133629
v 35.213791 12.087917 27.139788
v 24.087790 35.924519 36.042141
v 24.086628 35.915207 36.035137
v 24.095430 35.907532 36.035976
v 34.911087 11.866301 27.312807
v 23.320482 36.249191 34.133514
v 23.312841 36.266182 34.139679
v 23.041561 36.117821 34.446812
v 23.132858 36.186584 34.370499
v 23.009035 36.190128 34.473045
v 23.100330 36.258888 34.396732
v 23.236210 36.254730 34.310825
v 23.203684 36.327034 34.337063
v 23.349310 36.320740 34.269135
v 23.316782 36.393044 34.295368
v 23.269163 36.318523 34.175869
v 23.278502 36.323513 34.173698
v 23.288311 36.326790 34.176834
v 23.295967 36.327477 34.184433
v 22.988220 36.124557 34.362110
v 22.992821 36.136311 34.335419
v 22.986456 36.130951 34.342312
v 22.984774 36.126644 34.352081
v 22.955692 36.196861 34.388344
v 22.952244 36.198952 34.378319
v 22.953928 36.203255 34.368546
v 22.960293 36.208618 34.361652
v 23.236637 36.390831 34.202106
v 23.245974 36.395817 34.199936
v 23.255783 36.399094 34.203068
v 23.263437 36.399780 34.210667
v 25.093861 36.717327 35.605000
v 25.058100 36.761585 35.438686
v 25.007496 36.632282 35.732300
v 24.849604 36.556274 35.746021
v 24.921169 36.739132 35.330795
v 24.504869 36.721230 34.863964
v 24.325912 36.263977 35.902279
v 24.712671 36.533817 35.638123
v 24.503187 36.716930 34.873737
v 24.763277 36.663120 35.344513
v 24.324230 36.259678 35.912048
v 24.501425 36.723320 34.853939
v 24.322468 36.266064 35.892250
v 24.317867 36.254311 35.918941
v 24.496824 36.711563 34.880630
v 24.421375 36.661816 34.924191
v 24.676912 36.578075 35.471813
v 24.269125 36.272800 35.807549
v 24.196682 36.450470 35.228073
v 24.167166 36.375053 35.399323
v 24.041523 36.072098 36.078491
v 24.171614 36.504444 35.048237
v 24.085958 36.285583 35.545216
v 24.094419 36.531700 34.877407
v 24.203796 36.689289 34.578709
v 24.291468 36.690331 34.684532
v 24.364540 36.681107 34.800560
v 23.961004 36.190819 35.651470
v 24.177830 36.204041 35.883862
v 24.074476 36.135891 35.943535
v 23.961378 36.069881 35.985226
v 23.972652 36.529568 34.732311
v 23.804543 36.100029 35.707691
v 24.032185 36.067112 36.080662
v 24.306046 36.747986 34.543709
v 24.298393 36.747299 34.536110
v 23.633633 35.754501 36.448063
v 24.022375 36.063835 36.077526
v 24.061474 36.847679 33.965721
v 24.288584 36.744026 34.532978
v 23.547270 35.669456 36.575359
v 23.597874 35.798759 36.281750
v 24.014719 36.063148 36.069927
v 24.025715 36.891933 33.799412
v 23.975109 36.762634 34.093021
v 24.279245 36.739037 34.535149
v 23.818233 36.498253 34.627155
v 23.631882 36.022106 35.708366
v 23.460943 35.776306 36.173855
v 23.389376 35.593449 36.589081
v 23.817217 36.686623 34.106739
v 23.888783 36.869480 33.691513
v 23.646276 36.440823 34.572227
v 23.459927 35.964676 35.653439
v 23.252445 35.570992 36.481186
v 23.730890 36.793468 33.705235
v 23.644526 36.708427 33.832535
v 23.147886 35.510181 36.519142
v 23.125134 35.511673 36.486824
v 23.099174 35.510818 36.456993
v 23.216686 35.615253 36.314877
v 23.070379 35.507633 36.430069
v 23.680285 36.664169 33.998844
v 23.473618 36.362900 34.572906
v 23.317152 36.272110 34.629124
v 23.074362 35.773640 35.701885
v 23.303051 35.700294 36.187576
v 23.183741 35.931229 35.403191
v 23.305508 35.933361 35.548283
v 22.998913 35.723892 35.745445
v 22.989576 35.718903 35.747620
v 22.979767 35.715630 35.744488
v 22.972111 35.714939 35.736885
v 22.986691 35.772598 35.596062
v 22.913620 35.781822 35.480034
v 23.192202 36.177345 34.735382
v 23.110992 36.087872 34.881271
v 22.856783 35.801113 35.356403
v 23.081478 36.012459 35.052521
v 23.106546 35.958485 35.232361
v 22.601246 35.884853 34.808784
v 22.514883 35.799809 34.936081
v 22.781336 35.751366 35.399963
v 22.774971 35.745998 35.406860
v 22.565487 35.929108 34.642471
v 22.356989 35.723797 34.949802
v 22.773289 35.741699 35.416630
v 22.428556 35.906654 34.534576
v 22.182304 35.619762 35.019936
v 22.776735 35.739609 35.426659
v 22.170870 35.628029 34.982983
v 22.220058 35.701344 34.841908
v 22.155432 35.634109 34.947079
v 22.136200 35.637920 34.912731
v 22.270664 35.830643 34.548298
v 22.184299 35.745602 34.675594
v 21.572868 36.868404 35.342297
v 21.514271 36.903893 35.171822
v 21.542898 36.977036 35.005733
v 21.651075 37.068230 34.888535
v 24.657927 38.017384 36.000767
v 24.603104 37.938301 36.150757
v 24.629299 37.944244 36.166859
v 24.629204 38.004986 35.999325
v 24.599329 38.052876 35.830296
v 24.504469 37.855152 36.257618
v 24.521120 37.853050 36.284058
v 24.575775 38.037350 35.843891
v 24.359730 37.777828 36.291267
v 24.457138 38.026714 35.726112
v 24.035608 37.748768 35.969482
v 23.869339 37.755230 35.745522
v 23.839621 37.679295 35.917957
v 24.061708 37.815456 35.818050
v 23.772116 37.592388 36.073769
v 24.089033 37.716408 36.124912
v 23.859785 37.816399 35.565098
v 24.160341 37.898602 35.711189
v 23.670210 37.498882 36.205128
v 24.207670 37.727043 36.242695
v 23.811436 37.859722 35.385738
v 24.305079 37.975925 35.677536
v 23.539017 37.403454 36.305462
v 23.726713 37.883041 35.216434
v 23.168976 37.042160 36.842388
v 23.385109 37.310894 36.369732
v 23.570717 38.068645 34.511478
v 23.596817 38.135338 34.360046
v 23.609867 37.885174 35.065678
v 23.142876 36.975475 36.993820
v 23.060892 36.890224 37.127117
v 23.566942 38.183228 34.191017
v 23.044243 36.892326 37.100681
v 23.472082 37.985500 34.618336
v 23.466759 37.866020 34.941029
v 23.115551 37.074524 36.686954
v 23.216209 37.225845 36.394718
v 23.543390 38.167698 34.204613
v 22.899506 36.815002 37.134331
v 22.902149 36.805416 37.164028
v 23.327343 37.908176 34.651989
v 23.304562 37.826542 34.848736
v 22.996910 37.063889 36.569172
v 23.040787 37.152569 36.379166
v 23.436823 38.171562 34.061836
v 23.424751 38.157059 34.086834
v 23.175283 37.857391 34.603416
v 23.272692 38.106277 34.038258
v 23.270046 38.115864 34.008564
v 22.747444 36.764217 37.085758
v 22.735374 36.749718 37.110756
v 22.867634 37.094738 36.323856
v 22.844851 37.013100 36.520603
v 23.131411 37.768711 34.793423
v 22.628807 36.753582 36.967976
v 22.605255 36.738052 36.981575
v 23.111301 38.031055 34.045471
v 23.127954 38.028954 34.071911
v 22.594906 36.739357 36.965141
v 22.705439 37.055256 36.231560
v 22.700113 36.935776 36.554253
v 22.955986 37.695435 34.777870
v 23.056646 37.846756 34.485634
v 22.572151 36.740849 36.932823
v 22.575380 36.785942 36.812542
v 23.029322 37.945805 34.178772
v 22.546194 36.739994 36.902992
v 22.517397 36.736809 36.876064
v 22.601480 36.852631 36.661110
v 23.003222 37.879120 34.330204
v 22.787085 37.610386 34.802856
v 22.562326 37.036106 36.106911
v 22.445482 37.038239 35.956154
v 22.633181 37.517826 34.867126
v 22.400082 37.328892 35.098824
v 22.136589 37.172512 35.203106
v 22.332577 37.241985 35.254631
v 22.110489 37.105824 35.354542
v 22.302855 37.166046 35.427071
v 22.312408 37.104881 35.607491
v 22.083164 37.204872 35.047676
v 22.501986 37.422398 34.967461
v 22.011856 37.022678 35.461399
v 22.360762 37.061554 35.786850
v 21.964525 37.194237 34.929893
v 21.867117 36.945351 35.495049
v 21.812464 37.143452 34.881321
v 21.715059 36.894566 35.446480
v 21.629322 36.848938 35.465931
v 21.617891 36.857201 35.428982
v 21.602449 36.863281 35.393078
v 21.596420 36.883930 35.328697
v 21.583218 36.867096 35.358727
v 21.667727 37.066128 34.914974
v 21.569094 36.982979 35.021832
v 21.542994 36.916294 35.173264
v 22.645931 36.078724 36.347122
v 22.682806 36.130730 36.470387
v 22.555002 36.146866 36.267452
v 22.500950 36.267017 36.311050
v 22.537823 36.319027 36.434315
v 22.628754 36.250885 36.513985
v 22.149961 36.198009 35.624306
v 22.113087 36.146000 35.501041
v 22.095909 36.318161 35.667904
v 22.022158 36.214146 35.421371
v 21.968103 36.334297 35.464970
v 22.004978 36.386307 35.588234
v 23.116972 36.389313 36.075165
v 23.153849 36.441319 36.198433
v 23.099792 36.561474 36.242027
v 23.008863 36.629616 36.162357
v 22.971989 36.577606 36.039089
v 23.026043 36.457458 35.995495
v 23.125628 36.550812 36.082554
v 22.584127 36.456589 35.229088
v 22.621004 36.508598 35.352352
v 22.566948 36.628750 35.395947
v 22.476019 36.696892 35.316280
v 22.439144 36.644886 35.193012
v 22.493198 36.524734 35.149414
v 22.592783 36.618092 35.236477
v 21.702137 36.648941 35.243431
v 21.711016 36.648060 35.256878
v 21.720480 36.647575 35.269939
v 21.730501 36.647495 35.282585
v 21.741056 36.647820 35.294781
v 21.752121 36.648544 35.306507
v 21.763666 36.649666 35.317722
v 21.775663 36.651188 35.328403
v 21.788084 36.653103 35.338528
v 21.800896 36.655407 35.348061
v 21.814066 36.658092 35.356987
v 21.827562 36.661156 35.365280
v 21.841352 36.664585 35.372925
v 21.855404 36.668377 35.379894
v 21.869677 36.672520 35.386177
v 21.884138 36.677002 35.391754
v 21.898754 36.681812 35.396618
v 21.913485 36.686943 35.400749
v 21.928295 36.692375 35.404137
v 21.943148 36.698101 35.406776
v 21.958008 36.704102 35.408661
v 21.972836 36.710361 35.409786
v 21.987595 36.716869 35.410149
v 22.002251 36.723610 35.409748
v 22.016766 36.730560 35.408585
v 22.031103 36.737709 35.406658
v 22.045227 36.745037 35.403980
v 22.059105 36.752522 35.400551
v 22.072699 36.760151 35.396385
v 22.085978 36.767902 35.391487
v 22.098904 36.775757 35.385872
v 22.111452 36.783691 35.379555
v 22.123587 36.791695 35.372547
v 22.135279 36.799740 35.364872
v 22.146498 36.807808 35.356544
v 22.157221 36.815884 35.347588
v 22.167416 36.823940 35.338020
v 22.177055 36.831963 35.327869
v 22.186125 36.839928 35.317158
v 22.194593 36.847816 35.305916
v 22.202442 36.855610 35.294167
v 22.209652 36.863289 35.281944
v 22.216206 36.870834 35.269276
v 22.222088 36.878223 35.256195
v 22.227282 36.885448 35.242733
v 22.231775 36.892479 35.228920
v 22.235554 36.899303 35.214798
v 22.238615 36.905907 35.200397
v 22.240946 36.912270 35.185753
v 22.242542 36.918377 35.170902
v 22.243401 36.924213 35.155884
v 22.243519 36.929764 35.140736
v 22.242897 36.935013 35.125488
v 22.241533 36.939953 35.110188
v 22.239435 36.944565 35.094872
v 22.236605 36.948845 35.079571
v 22.233051 36.952778 35.064331
v 22.228785 36.956348 35.049187
v 22.223812 36.959560 35.034176
v 22.218147 36.962399 35.019337
v 22.211805 36.964855 35.004700
v 22.204803 36.966923 34.990314
v 22.197155 36.968601 34.976204
v 22.188879 36.969883 34.962414
v 22.180000 36.970768 34.948967
v 22.170540 36.971249 34.935905
v 22.160515 36.971329 34.923260
v 22.149960 36.971004 34.911064
v 22.138895 36.970284 34.899338
v 22.127352 36.969158 34.888123
v 22.115353 36.967636 34.877441
v 22.102932 36.965721 34.867317
v 22.090124 36.963417 34.857784
v 22.076952 36.960732 34.848858
v 22.063456 36.957668 34.840565
v 22.049665 36.954239 34.832920
v 22.035614 36.950447 34.825951
v 22.021339 36.946304 34.819668
v 22.006878 36.941822 34.814091
v 21.992264 36.937012 34.809231
v 21.977533 36.931885 34.805099
v 21.962723 36.926449 34.801708
v 21.947868 36.920727 34.799068
v 21.933010 36.914726 34.797180
v 21.918182 36.908463 34.796059
v 21.903421 36.901951 34.795696
v 21.888765 36.895214 34.796097
v 21.874250 36.888260 34.797260
v 21.859915 36.881115 34.799187
v 21.845789 36.873787 34.801865
v 21.831913 36.866299 34.805294
v 21.818319 36.858673 34.809460
v 21.805042 36.850922 34.814358
v 21.792112 36.843071 34.819973
v 21.779564 36.835129 34.826290
v 21.767429 36.827129 34.833298
v 21.755737 36.819084 34.840973
v 21.744518 36.811016 34.849300
v 21.733797 36.802940 34.858257
v 21.723602 36.794888 34.867825
v 21.713961 36.786861 34.877975
v 21.704893 36.778900 34.888687
v 21.696424 36.771008 34.899929
v 21.688576 36.763214 34.911678
v 21.681364 36.755535 34.923901
v 21.674810 36.747993 34.936565
v 21.668930 36.740597 34.949650
v 21.663736 36.733379 34.963112
v 21.659245 36.726345 34.976921
v 21.655462 36.719521 34.991047
v 21.652403 36.712917 35.005447
v 21.650072 36.706558 35.020092
v 21.648474 36.700451 35.034943
v 21.647617 36.694614 35.049961
v 21.647499 36.689064 35.065109
v 21.648123 36.683811 35.080357
v 21.649485 36.678875 35.095654
v 21.651583 36.674259 35.110973
v 21.654411 36.669983 35.126274
v 21.657965 36.666050 35.141514
v 21.662233 36.662472 35.156658
v 21.667206 36.659264 35.171669
v 21.672869 36.656429 35.186508
v 21.679211 36.653973 35.201145
v 21.686214 36.651901 35.215530
v 21.693863 36.650227 35.229641
v 21.893173 36.683563 35.384876
v 21.907377 36.688374 35.389229
v 21.879101 36.679066 35.379826
v 21.921675 36.693485 35.392868
v 21.865191 36.674889 35.374084
v 21.936035 36.698887 35.395786
v 21.851482 36.671051 35.367668
v 21.950417 36.704559 35.397980
v 21.838007 36.667557 35.360596
v 21.964785 36.710495 35.399433
v 21.824799 36.664410 35.352882
v 21.979105 36.716679 35.400158
v 21.811892 36.661629 35.344547
v 21.993345 36.723091 35.400135
v 21.799314 36.659214 35.335609
v 22.007462 36.729717 35.399380
v 21.787104 36.657173 35.326096
v 22.021429 36.736542 35.397884
v 21.775284 36.655510 35.316029
v 22.035204 36.743549 35.395657
v 21.763889 36.654228 35.305428
v 22.048758 36.750717 35.392700
v 21.752947 36.653336 35.294327
v 22.062054 36.758034 35.389023
v 21.742481 36.652828 35.282749
v 22.075062 36.765476 35.384636
v 21.732521 36.652710 35.270721
v 22.087746 36.773033 35.379547
v 21.723091 36.652981 35.258278
v 22.100077 36.780674 35.373772
v 21.714212 36.653645 35.245449
v 22.112024 36.788391 35.367321
v 21.705910 36.654690 35.232269
v 22.123556 36.796154 35.360214
v 21.698204 36.656124 35.218761
v 22.134645 36.803955 35.352470
v 21.691111 36.657936 35.204971
v 22.145266 36.811768 35.344101
v 21.684650 36.660130 35.190922
v 22.155388 36.819576 35.335136
v 21.678841 36.662689 35.176659
v 22.164991 36.827358 35.325592
v 21.673693 36.665615 35.162205
v 22.174046 36.835094 35.315495
v 21.669220 36.668900 35.147610
v 22.182533 36.842770 35.304871
v 21.665436 36.672531 35.132904
v 22.190432 36.850361 35.293743
v 21.662344 36.676510 35.118122
v 22.197720 36.857849 35.282143
v 21.659960 36.680809 35.103302
v 22.204382 36.865219 35.270092
v 21.658285 36.685436 35.088482
v 22.210402 36.872448 35.257629
v 21.657324 36.690369 35.073700
v 22.215761 36.879520 35.244781
v 21.657080 36.695595 35.058987
v 22.220451 36.886421 35.231579
v 21.657553 36.701107 35.044384
v 22.224455 36.893127 35.218060
v 21.658739 36.706886 35.029926
v 22.227766 36.899628 35.204254
v 21.660641 36.712921 35.015648
v 22.230375 36.905903 35.190197
v 21.663250 36.719196 35.001591
v 22.232277 36.911938 35.175919
v 21.666561 36.725697 34.987785
v 22.233467 36.917717 35.161461
v 21.670567 36.732403 34.974266
v 22.233938 36.923229 35.146858
v 21.675255 36.739304 34.961063
v 22.233694 36.928459 35.132145
v 21.680616 36.746376 34.948215
v 22.232733 36.933388 35.117363
v 21.686634 36.753605 34.935753
v 22.231056 36.938011 35.102543
v 21.693296 36.760975 34.923706
v 22.228672 36.942318 35.087723
v 21.700584 36.768463 34.912102
v 22.225584 36.946289 35.072941
v 21.708485 36.776054 34.900974
v 22.221796 36.949924 35.058235
v 21.716970 36.783730 34.890347
v 22.217323 36.953209 35.043636
v 21.726028 36.791466 34.880253
v 22.212175 36.956135 35.029186
v 21.735628 36.799248 34.870708
v 22.206366 36.958698 35.014923
v 21.745750 36.807056 34.861744
v 22.199907 36.960888 35.000877
v 21.756371 36.814869 34.853374
v 22.192814 36.962700 34.987083
v 21.767462 36.822670 34.845627
v 22.185106 36.964134 34.973579
v 21.778996 36.830437 34.838524
v 22.176804 36.965183 34.960396
v 21.790941 36.838150 34.832073
v 22.167927 36.965843 34.947567
v 21.803272 36.845795 34.826298
v 22.158497 36.966114 34.935123
v 21.815958 36.853348 34.821209
v 22.148535 36.966000 34.923096
v 21.828964 36.860790 34.816822
v 22.138071 36.965492 34.911518
v 21.842260 36.868107 34.813145
v 22.127127 36.964596 34.900417
v 21.855814 36.875275 34.810188
v 22.115732 36.963318 34.889816
v 21.869589 36.882282 34.807961
v 22.103914 36.961655 34.879749
v 21.883554 36.889107 34.806465
v 22.091702 36.959610 34.870235
v 21.897673 36.895733 34.805706
v 22.079126 36.957195 34.861298
v 21.911911 36.902145 34.805691
v 22.066217 36.954411 34.852962
v 21.926233 36.908329 34.806408
v 22.053011 36.951271 34.845249
v 21.940601 36.914265 34.807865
v 22.039534 36.947777 34.838177
v 21.954983 36.919941 34.810059
v 22.025826 36.943935 34.831760
v 21.969341 36.925339 34.812977
v 22.011917 36.939762 34.826019
v 21.983639 36.930450 34.816616
v 21.997845 36.935261 34.820969
v 22.022570 36.987225 35.439468
v 21.852333 36.899963 35.468899
v 21.683519 36.854057 35.386097
v 21.580606 36.867050 35.222687
v 21.582907 36.933979 35.041088
v 21.689543 37.029274 34.910667
v 21.859777 37.116539 34.881241
v 22.028593 37.162441 34.964043
v 22.131506 37.149445 35.127453
v 22.129204 37.082520 35.309048
v 21.692511 37.045948 34.934853
v 21.851398 37.127396 34.907387
v 22.008959 37.170238 34.984669
v 22.105009 37.158108 35.137184
v 22.102861 37.095646 35.306675
v 22.003336 37.006702 35.428402
v 21.844450 36.925255 35.455868
v 21.686890 36.882416 35.378586
v 21.590837 36.894543 35.226070
v 21.592985 36.957008 35.056580
v 21.878828 37.105286 35.002327
v 21.997086 37.124680 35.095509
v 21.742464 37.039639 35.014175
v 22.027969 37.086456 35.239140
v 21.667879 36.966194 35.124115
v 21.953382 37.013008 35.349083
v 21.698761 36.927975 35.267746
v 21.817020 36.947365 35.360931
v 21.688728 36.984978 35.080765
v 21.771313 37.010426 35.030777
v 21.705015 36.925949 35.263649
v 21.866343 36.962551 35.362793
v 21.948929 36.987999 35.312801
v 22.011387 37.058189 35.279049
v 22.074310 36.918324 35.228298
v 21.929266 36.822685 35.312042
v 21.767937 36.786079 35.212898
v 21.751652 36.845112 35.030014
v 21.896694 36.940746 34.946274
v 21.833773 37.080612 34.997021
v 21.995100 37.117218 35.096165
v 22.058023 36.977352 35.045418
v 21.802332 36.808762 35.193039
v 21.789907 36.853790 35.053524
v 21.900557 36.926750 34.989643
v 21.925404 36.836685 35.268673
v 22.023628 36.954674 35.065277
v 22.036053 36.909641 35.204788
v 21.927952 36.832012 35.258129
v 21.811865 36.805672 35.186790
v 22.032318 36.900826 35.197876
v 22.020601 36.943302 35.066277
v 21.904514 36.916962 34.994938
v 21.800148 36.848145 35.055195
v 22.423950 36.046730 34.740963
v 22.307865 36.020390 34.669621
v 22.203497 35.951572 34.729877
v 22.215216 35.909096 34.861477
v 22.331303 35.935432 34.932812
v 22.435669 36.004250 34.872555
v 22.352062 35.905716 34.775024
v 23.162363 37.611767 34.400372
v 23.171242 37.610886 34.413815
v 23.180704 37.610401 34.426876
v 23.190725 37.610321 34.439522
v 23.201283 37.610645 34.451721
v 23.212349 37.611370 34.463444
v 23.223894 37.612492 34.474659
v 23.235889 37.614014 34.485340
v 23.248308 37.615929 34.495461
v 23.261120 37.618233 34.504997
v 23.274292 37.620918 34.513924
v 23.287788 37.623981 34.522221
v 23.301580 37.627411 34.529861
v 23.315630 37.631203 34.536831
v 23.329903 37.635345 34.543114
v 23.344366 37.639828 34.548695
v 23.358978 37.644638 34.553555
v 23.373711 37.649769 34.557682
v 23.388519 37.655201 34.561073
v 23.403376 37.660927 34.563717
v 23.418234 37.666924 34.565598
v 23.433062 37.673187 34.566727
v 23.447823 37.679695 34.567085
v 23.462477 37.686436 34.566685
v 23.476992 37.693386 34.565521
v 23.491329 37.700535 34.563599
v 23.505455 37.707863 34.560917
v 23.519331 37.715347 34.557487
v 23.532925 37.722977 34.553322
v 23.546202 37.730728 34.548424
v 23.559130 37.738583 34.542809
v 23.571680 37.746517 34.536491
v 23.583813 37.754520 34.529484
v 23.595507 37.762566 34.521809
v 23.606726 37.770634 34.513481
v 23.617447 37.778709 34.504524
v 23.627642 37.786766 34.494957
v 23.637283 37.794788 34.484806
v 23.646351 37.802753 34.474098
v 23.654819 37.810642 34.462852
v 23.662670 37.818436 34.451107
v 23.669880 37.826115 34.438881
v 23.676432 37.833660 34.426212
v 23.682314 37.841049 34.413136
v 23.687508 37.848274 34.399670
v 23.691999 37.855305 34.385860
v 23.695780 37.862129 34.371738
v 23.698841 37.868732 34.357334
v 23.701172 37.875095 34.342690
v 23.702768 37.881199 34.327839
v 23.703629 37.887035 34.312820
v 23.703745 37.892590 34.297672
v 23.703121 37.897839 34.282429
v 23.701759 37.902779 34.267124
v 23.699659 37.907391 34.251808
v 23.696831 37.911671 34.236507
v 23.693277 37.915600 34.221268
v 23.689013 37.919174 34.206123
v 23.684040 37.922386 34.191113
v 23.678373 37.925224 34.176273
v 23.672033 37.927681 34.161640
v 23.665030 37.929749 34.147251
v 23.657381 37.931427 34.133144
v 23.649105 37.932709 34.119350
v 23.640226 37.933594 34.105907
v 23.630764 37.934074 34.092846
v 23.620743 37.934155 34.080200
v 23.610186 37.933830 34.067997
v 23.599123 37.933109 34.056278
v 23.587578 37.931984 34.045063
v 23.575579 37.930462 34.034382
v 23.563160 37.928547 34.024258
v 23.550348 37.926243 34.014725
v 23.537180 37.923557 34.005795
v 23.523682 37.920494 33.997501
v 23.509892 37.917065 33.989861
v 23.495840 37.913273 33.982887
v 23.481565 37.909130 33.976604
v 23.467106 37.904648 33.971027
v 23.452490 37.899837 33.966167
v 23.437759 37.894707 33.962036
v 23.422949 37.889275 33.958645
v 23.408096 37.883549 33.956005
v 23.393238 37.877552 33.954121
v 23.378410 37.871288 33.952995
v 23.363647 37.864780 33.952633
v 23.348993 37.858040 33.953033
v 23.334480 37.851086 33.954201
v 23.320141 37.843941 33.956123
v 23.306017 37.836613 33.958801
v 23.292139 37.829124 33.962231
v 23.278545 37.821499 33.966400
v 23.265266 37.813747 33.971294
v 23.252338 37.805897 33.976913
v 23.239792 37.797955 33.983231
v 23.227657 37.789955 33.990234
v 23.215965 37.781910 33.997913
v 23.204742 37.773842 34.006237
v 23.194023 37.765766 34.015198
v 23.183830 37.757710 34.024765
v 23.174189 37.749687 34.034916
v 23.165121 37.741722 34.045624
v 23.156651 37.733833 34.056866
v 23.148802 37.726040 34.068615
v 23.141592 37.718361 34.080837
v 23.135036 37.710815 34.093506
v 23.129156 37.703423 34.106586
v 23.123962 37.696205 34.120052
v 23.119471 37.689171 34.133858
v 23.115690 37.682346 34.147984
v 23.112629 37.675743 34.162384
v 23.110298 37.669380 34.177029
v 23.108702 37.663277 34.191879
v 23.107843 37.657440 34.206898
v 23.107725 37.651890 34.222050
v 23.108347 37.646637 34.237293
v 23.109711 37.641701 34.252594
v 23.111809 37.637085 34.267914
v 23.114637 37.632809 34.283211
v 23.118191 37.628876 34.298454
v 23.122459 37.625298 34.313595
v 23.127432 37.622089 34.328609
v 23.133095 37.619255 34.343449
v 23.139439 37.616798 34.358082
v 23.146442 37.614727 34.372467
v 23.154089 37.613052 34.386578
v 23.353399 37.646389 34.541817
v 23.367603 37.651199 34.546169
v 23.339327 37.641891 34.536762
v 23.381903 37.656311 34.549809
v 23.325417 37.637714 34.531021
v 23.396259 37.661713 34.552727
v 23.311708 37.633877 34.524609
v 23.410641 37.667385 34.554916
v 23.298233 37.630383 34.517536
v 23.425011 37.673321 34.556374
v 23.285027 37.627235 34.509819
v 23.439333 37.679504 34.557095
v 23.272118 37.624454 34.501484
v 23.453569 37.685913 34.557076
v 23.259542 37.622040 34.492550
v 23.467690 37.692543 34.556316
v 23.247330 37.619999 34.483036
v 23.481653 37.699368 34.554821
v 23.235512 37.618332 34.472965
v 23.495430 37.706375 34.552593
v 23.224115 37.617054 34.462364
v 23.508984 37.713543 34.549637
v 23.213171 37.616161 34.451263
v 23.522280 37.720860 34.545963
v 23.202707 37.615654 34.439686
v 23.535286 37.728302 34.541573
v 23.192747 37.615536 34.427658
v 23.547972 37.735859 34.536488
v 23.183317 37.615807 34.415218
v 23.560303 37.743500 34.530708
v 23.174438 37.616467 34.402386
v 23.572248 37.751213 34.524261
v 23.166138 37.617516 34.389202
v 23.583782 37.758980 34.517151
v 23.158430 37.618946 34.375698
v 23.594872 37.766781 34.509407
v 23.151337 37.620762 34.361908
v 23.605492 37.774593 34.501041
v 23.144876 37.622955 34.347858
v 23.615614 37.782402 34.492073
v 23.139067 37.625515 34.333595
v 23.625216 37.790184 34.482529
v 23.133917 37.628441 34.319145
v 23.634274 37.797920 34.472431
v 23.129444 37.631725 34.304550
v 23.642759 37.805595 34.461807
v 23.125660 37.635357 34.289845
v 23.650658 37.813187 34.450680
v 23.122572 37.639336 34.275063
v 23.657948 37.820675 34.439079
v 23.120186 37.643635 34.260242
v 23.664608 37.828045 34.427029
v 23.118511 37.648262 34.245422
v 23.670630 37.835274 34.414566
v 23.117550 37.653194 34.230637
v 23.675989 37.842346 34.401718
v 23.117306 37.658421 34.215923
v 23.680677 37.849247 34.388519
v 23.117777 37.663933 34.201321
v 23.684681 37.855953 34.374996
v 23.118965 37.669712 34.186867
v 23.687992 37.862453 34.361191
v 23.120867 37.675747 34.172588
v 23.690601 37.868729 34.347130
v 23.123476 37.682022 34.158531
v 23.692503 37.874763 34.332855
v 23.126789 37.688522 34.144726
v 23.693691 37.880543 34.318398
v 23.130793 37.695229 34.131203
v 23.694164 37.886055 34.303799
v 23.135481 37.702129 34.118004
v 23.693920 37.891281 34.289085
v 23.140842 37.709202 34.105156
v 23.692959 37.896214 34.274300
v 23.146860 37.716431 34.092690
v 23.691282 37.900837 34.259480
v 23.153522 37.723801 34.080643
v 23.688900 37.905144 34.244659
v 23.160812 37.731289 34.069042
v 23.685808 37.909115 34.229877
v 23.168711 37.738880 34.057915
v 23.682024 37.912750 34.215172
v 23.177198 37.746555 34.047287
v 23.677551 37.916035 34.200573
v 23.186253 37.754292 34.037189
v 23.672403 37.918961 34.186127
v 23.195856 37.762074 34.027645
v 23.666592 37.921520 34.171860
v 23.205978 37.769882 34.018681
v 23.660133 37.923714 34.157814
v 23.216599 37.777695 34.010315
v 23.653040 37.925526 34.144020
v 23.227688 37.785496 34.002567
v 23.645334 37.926960 34.130516
v 23.239220 37.793262 33.995461
v 23.637030 37.928009 34.117332
v 23.251169 37.800976 33.989010
v 23.628153 37.928669 34.104504
v 23.263498 37.808620 33.983234
v 23.618721 37.928940 34.092064
v 23.276182 37.816174 33.978149
v 23.608761 37.928825 34.080036
v 23.289190 37.823616 33.973759
v 23.598297 37.928318 34.068459
v 23.302486 37.830933 33.970081
v 23.587353 37.927422 34.057354
v 23.316040 37.838100 33.967129
v 23.575958 37.926144 34.046757
v 23.329815 37.845108 33.964897
v 23.564140 37.924477 34.036686
v 23.343782 37.851933 33.963406
v 23.551928 37.922436 34.027172
v 23.357899 37.858559 33.962646
v 23.539352 37.920021 34.018234
v 23.372137 37.864971 33.962627
v 23.526445 37.917236 34.009899
v 23.386457 37.871155 33.963345
v 23.513237 37.914097 34.002186
v 23.400827 37.877090 33.964802
v 23.499762 37.910603 33.995113
v 23.415209 37.882767 33.966995
v 23.486052 37.906761 33.988701
v 23.429567 37.888165 33.969913
v 23.472145 37.902588 33.982956
v 23.443865 37.893276 33.973553
v 23.458071 37.898087 33.977901
v 23.482798 37.950050 34.596405
v 23.312559 37.862785 34.625835
v 23.143745 37.816883 34.543034
v 23.040833 37.829876 34.379627
v 23.043135 37.896805 34.198029
v 23.149767 37.992100 34.067608
v 23.320005 38.079365 34.038177
v 23.488819 38.125267 34.120983
v 23.591732 38.112270 34.284389
v 23.589430 38.045345 34.465984
v 23.152737 38.008774 34.091793
v 23.311623 38.090221 34.064323
v 23.469185 38.133064 34.141605
v 23.565237 38.120934 34.294121
v 23.563087 38.058472 34.463612
v 23.463564 37.969528 34.585339
v 23.304676 37.888081 34.612808
v 23.147114 37.845242 34.535522
v 23.051065 37.857365 34.383011
v 23.053211 37.919834 34.213520
v 23.339054 38.068111 34.159264
v 23.202692 38.002464 34.171112
v 23.457314 38.087505 34.252445
v 23.128105 37.929020 34.281052
v 23.488195 38.049282 34.396076
v 23.158989 37.890800 34.424683
v 23.413609 37.975834 34.506020
v 23.277246 37.910187 34.517868
v 23.148954 37.947803 34.237701
v 23.231543 37.973251 34.187714
v 23.165239 37.888771 34.420586
v 23.326571 37.925377 34.519730
v 23.409155 37.950825 34.469742
v 23.471611 38.021015 34.435989
v 23.534536 37.881145 34.385239
v 23.389494 37.785511 34.468979
v 23.228165 37.748905 34.369835
v 23.211876 37.807938 34.186951
v 23.356920 37.903572 34.103214
v 23.293997 38.043438 34.153961
v 23.455326 38.080044 34.253101
v 23.518251 37.940178 34.202354
v 23.262558 37.771587 34.349979
v 23.250135 37.816616 34.210461
v 23.360783 37.889576 34.146584
v 23.385630 37.799511 34.425610
v 23.483854 37.917500 34.222214
v 23.496277 37.872467 34.361725
v 23.272093 37.768497 34.343727
v 23.388178 37.794838 34.415066
v 23.492546 37.863651 34.354813
v 23.480827 37.906128 34.223217
v 23.364742 37.879787 34.151875
v 23.260374 37.810970 34.212132
v 23.884178 37.009552 33.897900
v 23.768091 36.983215 33.826561
v 23.663725 36.914398 33.886818
v 23.675444 36.871918 34.018414
v 23.791529 36.898258 34.089752
v 23.895897 36.967075 34.029495
v 23.812290 36.868542 33.931961
v 24.194750 37.481419 36.039650
v 24.203629 37.480534 36.053093
v 24.213091 37.480053 36.066154
v 24.223112 37.479969 36.078800
v 24.233669 37.480293 36.091000
v 24.244736 37.481018 36.102722
v 24.256281 37.482143 36.113937
v 24.268276 37.483662 36.124619
v 24.280695 37.485580 36.134743
v 24.293507 37.487881 36.144276
v 24.306679 37.490566 36.153206
v 24.320175 37.493629 36.161499
v 24.333967 37.497063 36.169140
v 24.348017 37.500854 36.176109
v 24.362289 37.504993 36.182392
v 24.376753 37.509480 36.187973
v 24.391365 37.514290 36.192833
v 24.406097 37.519417 36.196964
v 24.420906 37.524853 36.200352
v 24.435760 37.530575 36.202995
v 24.450621 37.536575 36.204880
v 24.465448 37.542839 36.206005
v 24.480207 37.549347 36.206364
v 24.494864 37.556087 36.205967
v 24.509378 37.563038 36.204800
v 24.523716 37.570187 36.202877
v 24.537842 37.577515 36.200199
v 24.551716 37.584999 36.196770
v 24.565310 37.592628 36.192600
v 24.578588 37.600380 36.187706
v 24.591516 37.608231 36.182087
v 24.604067 37.616169 36.175770
v 24.616199 37.624168 36.168762
v 24.627893 37.632217 36.161087
v 24.639112 37.640285 36.152760
v 24.649834 37.648357 36.143803
v 24.660028 37.656414 36.134235
v 24.669670 37.664436 36.124084
v 24.678738 37.672401 36.113377
v 24.687206 37.680290 36.102135
v 24.695053 37.688087 36.090385
v 24.702267 37.695766 36.078159
v 24.708818 37.703308 36.065495
v 24.714701 37.710701 36.052414
v 24.719894 37.717922 36.038948
v 24.724386 37.724953 36.025139
v 24.728167 37.731781 36.011017
v 24.731228 37.738384 35.996613
v 24.733557 37.744743 35.981968
v 24.735155 37.750851 35.967117
v 24.736015 37.756687 35.952099
v 24.736132 37.762238 35.936951
v 24.735508 37.767487 35.921707
v 24.734146 37.772427 35.906406
v 24.732046 37.777042 35.891087
v 24.729218 37.781319 35.875786
v 24.725664 37.785252 35.860546
v 24.721397 37.788826 35.845402
v 24.716427 37.792034 35.830391
v 24.710760 37.794872 35.815552
v 24.704420 37.797329 35.800919
v 24.697416 37.799400 35.786530
v 24.689768 37.801075 35.772423
v 24.681492 37.802361 35.758629
v 24.672613 37.803242 35.745186
v 24.663151 37.803722 35.732124
v 24.653130 37.803806 35.719479
v 24.642572 37.803482 35.707279
v 24.631510 37.802757 35.695557
v 24.619965 37.801632 35.684338
v 24.607965 37.800114 35.673656
v 24.595547 37.798195 35.663536
v 24.582735 37.795895 35.653999
v 24.569567 37.793209 35.645073
v 24.556068 37.790146 35.636780
v 24.542276 37.786713 35.629135
v 24.528227 37.782921 35.622166
v 24.513952 37.778782 35.615883
v 24.499493 37.774296 35.610306
v 24.484877 37.769485 35.605446
v 24.470146 37.764359 35.601318
v 24.455336 37.758923 35.597927
v 24.440483 37.753201 35.595284
v 24.425625 37.747200 35.593399
v 24.410793 37.740940 35.592274
v 24.396034 37.734428 35.591911
v 24.381380 37.727688 35.592312
v 24.366863 37.720737 35.593475
v 24.352528 37.713589 35.595402
v 24.338404 37.706264 35.598083
v 24.324526 37.698776 35.601509
v 24.310932 37.691151 35.605679
v 24.297653 37.683395 35.610577
v 24.284725 37.675545 35.616192
v 24.272179 37.667606 35.622509
v 24.260044 37.659607 35.629513
v 24.248352 37.651558 35.637192
v 24.237129 37.643490 35.645515
v 24.226410 37.635418 35.654476
v 24.216217 37.627361 35.664043
v 24.206572 37.619339 35.674194
v 24.197508 37.611374 35.684902
v 24.189037 37.603485 35.696148
v 24.181189 37.595692 35.707893
v 24.173979 37.588013 35.720116
v 24.167423 37.580467 35.732784
v 24.161543 37.573074 35.745865
v 24.156349 37.565853 35.759331
v 24.151857 37.558823 35.773140
v 24.148075 37.551998 35.787262
v 24.145016 37.545395 35.801662
v 24.142685 37.539032 35.816307
v 24.141088 37.532925 35.831158
v 24.140230 37.527088 35.846176
v 24.140112 37.521538 35.861328
v 24.140734 37.516289 35.876572
v 24.142097 37.511349 35.891872
v 24.144196 37.506737 35.907192
v 24.147024 37.502457 35.922489
v 24.150578 37.498524 35.937733
v 24.154846 37.494949 35.952877
v 24.159819 37.491741 35.967884
v 24.165482 37.488903 35.982727
v 24.171825 37.486446 35.997360
v 24.178829 37.484379 36.011745
v 24.186476 37.482700 36.025856
v 24.385786 37.516037 36.181095
v 24.399990 37.520851 36.185448
v 24.371714 37.511539 36.176041
v 24.414288 37.525959 36.189087
v 24.357803 37.507366 36.170300
v 24.428646 37.531361 36.192005
v 24.344095 37.503525 36.163887
v 24.443027 37.537037 36.194195
v 24.330620 37.500031 36.156815
v 24.457397 37.542973 36.195652
v 24.317411 37.496887 36.149097
v 24.471720 37.549156 36.196373
v 24.304504 37.494106 36.140766
v 24.485956 37.555569 36.196354
v 24.291927 37.491688 36.131828
v 24.500076 37.562195 36.195595
v 24.279716 37.489647 36.122314
v 24.514040 37.569019 36.194103
v 24.267897 37.487984 36.112244
v 24.527817 37.576023 36.191872
v 24.256502 37.486706 36.101643
v 24.541370 37.583195 36.188919
v 24.245558 37.485809 36.090542
v 24.554667 37.590511 36.185242
v 24.235094 37.485302 36.078964
v 24.567673 37.597954 36.180851
v 24.225134 37.485184 36.066936
v 24.580357 37.605507 36.175766
v 24.215704 37.485458 36.054493
v 24.592690 37.613152 36.169991
v 24.206825 37.486118 36.041664
v 24.604635 37.620865 36.163540
v 24.198524 37.487164 36.028484
v 24.616167 37.628632 36.156433
v 24.190817 37.488602 36.014980
v 24.627258 37.636433 36.148685
v 24.183723 37.490414 36.001186
v 24.637878 37.644241 36.140320
v 24.177263 37.492603 35.987137
v 24.648001 37.652050 36.131351
v 24.171453 37.495167 35.972874
v 24.657602 37.659836 36.121807
v 24.166304 37.498093 35.958424
v 24.666660 37.667572 36.111713
v 24.161831 37.501377 35.943829
v 24.675146 37.675247 36.101086
v 24.158047 37.505009 35.929123
v 24.683044 37.682835 36.089958
v 24.154959 37.508984 35.914341
v 24.690334 37.690327 36.078358
v 24.152573 37.513287 35.899521
v 24.696995 37.697693 36.066311
v 24.150898 37.517910 35.884701
v 24.703016 37.704926 36.053844
v 24.149937 37.522842 35.869915
v 24.708376 37.711998 36.040997
v 24.149693 37.528069 35.855202
v 24.713064 37.718895 36.027794
v 24.150164 37.533585 35.840603
v 24.717068 37.725605 36.014275
v 24.151352 37.539364 35.826141
v 24.720379 37.732101 36.000469
v 24.153254 37.545399 35.811867
v 24.722988 37.738377 35.986412
v 24.155863 37.551674 35.797810
v 24.724890 37.744411 35.972134
v 24.159174 37.558170 35.784000
v 24.726078 37.750195 35.957680
v 24.163179 37.564880 35.770481
v 24.726551 37.755707 35.943077
v 24.167868 37.571777 35.757278
v 24.726307 37.760933 35.928364
v 24.173229 37.578850 35.744434
v 24.725346 37.765865 35.913578
v 24.179247 37.586082 35.731972
v 24.723669 37.770489 35.898758
v 24.185907 37.593449 35.719921
v 24.721283 37.774792 35.883938
v 24.193197 37.600941 35.708321
v 24.718195 37.778767 35.869156
v 24.201097 37.608528 35.697193
v 24.714411 37.782398 35.854450
v 24.209585 37.616203 35.686565
v 24.709938 37.785686 35.839855
v 24.218639 37.623943 35.676468
v 24.704790 37.788609 35.825405
v 24.228241 37.631725 35.666924
v 24.698978 37.791172 35.811138
v 24.238365 37.639534 35.657959
v 24.692520 37.793362 35.797092
v 24.248985 37.647343 35.649593
v 24.685427 37.795177 35.783302
v 24.260075 37.655148 35.641846
v 24.677721 37.796612 35.769794
v 24.271606 37.662910 35.634739
v 24.669416 37.797657 35.756611
v 24.283556 37.670628 35.628292
v 24.660540 37.798321 35.743782
v 24.295885 37.678268 35.622513
v 24.651108 37.798592 35.731342
v 24.308569 37.685822 35.617428
v 24.641148 37.798473 35.719315
v 24.321577 37.693268 35.613037
v 24.630684 37.797966 35.707737
v 24.334873 37.700581 35.609364
v 24.619740 37.797073 35.696632
v 24.348427 37.707752 35.606407
v 24.608345 37.795792 35.686035
v 24.362202 37.714756 35.604179
v 24.596527 37.794128 35.675964
v 24.376165 37.721581 35.602684
v 24.584314 37.792088 35.666451
v 24.390285 37.728210 35.601925
v 24.571739 37.789669 35.657513
v 24.404524 37.734619 35.601906
v 24.558832 37.786892 35.649178
v 24.418844 37.740803 35.602627
v 24.545624 37.783745 35.641464
v 24.433214 37.746738 35.604080
v 24.532148 37.780251 35.634392
v 24.447596 37.752415 35.606274
v 24.518438 37.776409 35.627975
v 24.461954 37.757816 35.609192
v 24.504530 37.772236 35.622234
v 24.476252 37.762924 35.612831
v 24.490458 37.767738 35.617184
v 24.515181 37.819702 36.235683
v 24.344946 37.732437 36.265114
v 24.176132 37.686535 36.182312
v 24.073219 37.699528 36.018902
v 24.075521 37.766457 35.837307
v 24.182154 37.861752 35.706886
v 24.352392 37.949013 35.677456
v 24.521206 37.994915 35.760258
v 24.624119 37.981922 35.923668
v 24.621817 37.914993 36.105263
v 24.185123 37.878422 35.731071
v 24.344009 37.959869 35.703606
v 24.501572 38.002712 35.780884
v 24.597624 37.990585 35.933399
v 24.595474 37.928120 36.102890
v 24.495951 37.839180 36.224617
v 24.337063 37.757732 36.252083
v 24.179501 37.714890 36.174805
v 24.083450 37.727020 36.022289
v 24.085598 37.789482 35.852798
v 24.371441 37.937763 35.798542
v 24.235079 37.872116 35.810390
v 24.489700 37.957153 35.891727
v 24.520582 37.918934 36.035358
v 24.160492 37.798668 35.920330
v 24.191372 37.760448 36.063961
v 24.445995 37.845486 36.145298
v 24.309633 37.779842 36.157146
v 24.181341 37.817451 35.876980
v 24.263927 37.842899 35.826992
v 24.197626 37.758423 36.059864
v 24.358955 37.795029 36.159008
v 24.441542 37.820477 36.109020
v 24.503998 37.890663 36.075264
v 24.566923 37.750797 36.024517
v 24.421881 37.655163 36.108257
v 24.260550 37.618557 36.009113
v 24.244263 37.677586 35.826233
v 24.389307 37.773224 35.742489
v 24.326384 37.913090 35.793240
v 24.487713 37.949696 35.892384
v 24.550634 37.809830 35.841633
v 24.294945 37.641235 35.989254
v 24.282522 37.686268 35.849743
v 24.393169 37.759224 35.785862
v 24.418016 37.669159 36.064888
v 24.516241 37.787151 35.861492
v 24.528664 37.742115 36.001007
v 24.420565 37.664486 36.054348
v 24.304480 37.638145 35.983006
v 24.524933 37.733299 35.994091
v 24.513214 37.775780 35.862495
v 24.397127 37.749439 35.791157
v 24.292761 37.680622 35.851414
v 24.916565 36.879204 35.537178
v 24.800478 36.852863 35.465839
v 24.696112 36.784046 35.526096
v 24.707830 36.741573 35.657692
v 24.823915 36.767910 35.729031
v 24.928284 36.836727 35.668774
v 24.844677 36.738194 35.571239
v 22.734526 36.518593 36.882710
v 22.743402 36.517708 36.896156
v 22.752865 36.517227 36.909218
v 22.762886 36.517147 36.921864
v 22.773441 36.517467 36.934063
v 22.784508 36.518192 36.945782
v 22.796053 36.519318 36.957001
v 22.808050 36.520840 36.967682
v 22.820471 36.522755 36.977802
v 22.833281 36.525055 36.987339
v 22.846451 36.527740 36.996265
v 22.859949 36.530807 37.004559
v 22.873739 36.534237 37.012203
v 22.887791 36.538029 37.019173
v 22.902061 36.542171 37.025455
v 22.916525 36.546654 37.031033
v 22.931139 36.551464 37.035892
v 22.945869 36.556591 37.040024
v 22.960682 36.562027 37.043415
v 22.975536 36.567749 37.046055
v 22.990395 36.573750 37.047943
v 23.005222 36.580013 37.049065
v 23.019983 36.586521 37.049427
v 23.034637 36.593262 37.049026
v 23.049152 36.600212 37.047863
v 23.063490 36.607361 37.045937
v 23.077614 36.614689 37.043259
v 23.091492 36.622177 37.039833
v 23.105085 36.629803 37.035664
v 23.118361 36.637554 37.030766
v 23.131290 36.645405 37.025150
v 23.143839 36.653343 37.018833
v 23.155973 36.661346 37.011826
v 23.167665 36.669392 37.004150
v 23.178885 36.677460 36.995823
v 23.189608 36.685532 36.986866
v 23.199802 36.693588 36.977299
v 23.209442 36.701611 36.967144
v 23.218512 36.709576 36.956436
v 23.226980 36.717464 36.945194
v 23.234829 36.725262 36.933445
v 23.242039 36.732941 36.921223
v 23.248592 36.740482 36.908558
v 23.254475 36.747875 36.895473
v 23.259668 36.755096 36.882011
v 23.264158 36.762127 36.868202
v 23.267941 36.768955 36.854076
v 23.271002 36.775558 36.839676
v 23.273331 36.781918 36.825031
v 23.274929 36.788025 36.810184
v 23.275787 36.793861 36.795166
v 23.275906 36.799412 36.780014
v 23.275280 36.804661 36.764767
v 23.273920 36.809601 36.749470
v 23.271820 36.814217 36.734150
v 23.268991 36.818493 36.718849
v 23.265438 36.822426 36.703609
v 23.261171 36.826000 36.688465
v 23.256199 36.829208 36.673454
v 23.250534 36.832047 36.658611
v 23.244192 36.834503 36.643982
v 23.237190 36.836575 36.629593
v 23.229542 36.838249 36.615482
v 23.221266 36.839535 36.601692
v 23.212387 36.840416 36.588245
v 23.202923 36.840897 36.575184
v 23.192902 36.840981 36.562538
v 23.182346 36.840656 36.550343
v 23.171282 36.839931 36.538616
v 23.159739 36.838810 36.527401
v 23.147739 36.837288 36.516720
v 23.135319 36.835369 36.506599
v 23.122507 36.833069 36.497063
v 23.109339 36.830383 36.488136
v 23.095842 36.827320 36.479843
v 23.082052 36.823891 36.472198
v 23.068001 36.820095 36.465229
v 23.053726 36.815956 36.458946
v 23.039265 36.811474 36.453369
v 23.024649 36.806660 36.448505
v 23.009918 36.801533 36.444378
v 22.995110 36.796101 36.440990
v 22.980255 36.790375 36.438347
v 22.965397 36.784374 36.436462
v 22.950569 36.778114 36.435337
v 22.935808 36.771603 36.434975
v 22.921154 36.764862 36.435375
v 22.906639 36.757912 36.436539
v 22.892302 36.750763 36.438461
v 22.878176 36.743439 36.441143
v 22.864300 36.735950 36.444572
v 22.850706 36.728325 36.448738
v 22.837427 36.720570 36.453636
v 22.824497 36.712719 36.459251
v 22.811951 36.704781 36.465569
v 22.799818 36.696781 36.472576
v 22.788124 36.688736 36.480251
v 22.776903 36.680664 36.488579
v 22.766184 36.672592 36.497536
v 22.755989 36.664536 36.507103
v 22.746347 36.656513 36.517254
v 22.737280 36.648548 36.527966
v 22.728811 36.640659 36.539207
v 22.720961 36.632866 36.550957
v 22.713751 36.625187 36.563179
v 22.707197 36.617641 36.575848
v 22.701317 36.610249 36.588928
v 22.696123 36.603027 36.602390
v 22.691629 36.595997 36.616203
v 22.687851 36.589172 36.630325
v 22.684790 36.582569 36.644726
v 22.682457 36.576206 36.659370
v 22.680862 36.570099 36.674221
v 22.680002 36.564262 36.689240
v 22.679886 36.558712 36.704391
v 22.680508 36.553463 36.719635
v 22.681871 36.548523 36.734936
v 22.683969 36.543911 36.750252
v 22.686798 36.539631 36.765553
v 22.690350 36.535698 36.780792
v 22.694620 36.532124 36.795940
v 22.699591 36.528915 36.810951
v 22.705256 36.526077 36.825787
v 22.711597 36.523621 36.840424
v 22.718601 36.521553 36.854809
v 22.726250 36.519875 36.868919
v 22.932648 36.555580 37.026421
v 22.918505 36.550922 37.021717
v 22.946905 36.560543 37.030418
v 22.904509 36.546585 37.016319
v 22.961235 36.565800 37.033699
v 22.890696 36.542576 37.010239
v 22.975609 36.571342 37.036255
v 22.877098 36.538906 37.003494
v 22.989990 36.577148 37.038078
v 22.863754 36.535591 36.996098
v 23.004339 36.583206 37.039165
v 22.850693 36.532627 36.988071
v 23.018625 36.589508 37.039516
v 22.837948 36.530025 36.979431
v 23.032808 36.596027 37.039127
v 22.825548 36.527794 36.970203
v 23.046852 36.602757 37.038002
v 22.813530 36.525944 36.960407
v 23.060728 36.609673 37.036140
v 22.801920 36.524471 36.950069
v 23.074398 36.616764 37.033546
v 22.790747 36.523380 36.939217
v 23.087826 36.624012 37.030228
v 22.780039 36.522682 36.927872
v 23.100983 36.631390 37.026196
v 22.769823 36.522369 36.916065
v 23.113832 36.638893 37.021458
v 22.760122 36.522446 36.903828
v 23.126343 36.646492 37.016022
v 22.750969 36.522911 36.891190
v 23.138485 36.654171 37.009911
v 22.742374 36.523769 36.878181
v 23.150229 36.661915 37.003128
v 22.734367 36.525009 36.864830
v 23.161545 36.669701 36.995701
v 22.726967 36.526634 36.851177
v 23.172401 36.677509 36.987640
v 22.720186 36.528637 36.837254
v 23.182777 36.685326 36.978970
v 22.714050 36.531013 36.823093
v 23.192642 36.693119 36.969715
v 22.708569 36.533756 36.808731
v 23.201973 36.700882 36.959888
v 22.703758 36.536865 36.794205
v 23.210747 36.708591 36.949524
v 22.699627 36.540325 36.779549
v 23.218945 36.716225 36.938644
v 22.696190 36.544128 36.764801
v 23.226540 36.723770 36.927277
v 22.693453 36.548267 36.749992
v 23.233517 36.731201 36.915447
v 22.691422 36.552734 36.735172
v 23.239861 36.738503 36.903191
v 22.690100 36.557514 36.720364
v 23.245552 36.745659 36.890530
v 22.689499 36.562595 36.705608
v 23.250578 36.752644 36.877502
v 22.689611 36.567966 36.690948
v 23.254925 36.759449 36.864136
v 22.690443 36.573616 36.676411
v 23.258585 36.766056 36.850468
v 22.691990 36.579525 36.662045
v 23.261547 36.772446 36.836529
v 22.694244 36.585682 36.647869
v 23.263802 36.778599 36.822361
v 22.697206 36.592068 36.633934
v 23.265347 36.784512 36.807987
v 22.700863 36.598675 36.620266
v 23.266176 36.790157 36.793453
v 22.705212 36.605480 36.606903
v 23.266293 36.795532 36.778793
v 22.710238 36.612469 36.593872
v 23.265688 36.800610 36.764042
v 22.715931 36.619621 36.581211
v 23.264370 36.805389 36.749233
v 22.722271 36.626923 36.568954
v 23.262339 36.809856 36.734409
v 22.729250 36.634354 36.557125
v 23.259602 36.813995 36.719604
v 22.736847 36.641899 36.545757
v 23.256165 36.817799 36.704853
v 22.745041 36.649532 36.534878
v 23.252033 36.821262 36.690197
v 22.753815 36.657242 36.524509
v 23.247221 36.824368 36.675671
v 22.763149 36.665005 36.514690
v 23.241739 36.827114 36.661308
v 22.773014 36.672802 36.505428
v 23.235601 36.829487 36.647148
v 23.228825 36.831490 36.633224
v 22.783386 36.680614 36.496761
v 22.794247 36.688423 36.488701
v 23.221424 36.833115 36.619572
v 22.805563 36.696209 36.481274
v 23.213415 36.834354 36.606224
v 23.204823 36.835213 36.593212
v 22.817303 36.703953 36.474491
v 22.829447 36.711632 36.468380
v 23.195665 36.835678 36.580574
v 23.185968 36.835754 36.568333
v 22.841959 36.719234 36.462944
v 22.854809 36.726734 36.458206
v 23.175751 36.835445 36.556530
v 22.867964 36.734116 36.454174
v 22.881393 36.741360 36.450855
v 23.153872 36.833656 36.534332
v 23.165043 36.834743 36.545185
v 22.895061 36.748451 36.448261
v 23.130243 36.830330 36.514198
v 23.142262 36.832180 36.523994
v 22.908936 36.755371 36.446400
v 22.922983 36.762096 36.445274
v 23.117844 36.828098 36.504971
v 22.937166 36.768616 36.444885
v 23.105099 36.825500 36.496330
v 22.951448 36.774918 36.445236
v 22.965799 36.780979 36.446323
v 23.092037 36.822536 36.488304
v 23.065092 36.815548 36.474163
v 23.078690 36.819218 36.480911
v 22.980179 36.786785 36.448147
v 22.994553 36.792324 36.450703
v 23.037285 36.807201 36.462685
v 23.051283 36.811539 36.468082
v 23.008886 36.797581 36.453983
v 23.023144 36.802544 36.457981
v 23.123962 37.033195 36.678371
v 23.176857 36.991177 36.859749
v 23.119587 36.905891 37.023788
v 22.974028 36.809914 37.107826
v 22.795776 36.739906 37.079765
v 22.652922 36.722607 36.950325
v 22.600029 36.764622 36.768948
v 22.657297 36.849907 36.604908
v 22.802858 36.945881 36.520870
v 22.981106 37.015892 36.548931
v 22.660492 36.751034 36.947819
v 22.611122 36.790249 36.778534
v 22.664576 36.869846 36.625431
v 22.800432 36.959427 36.546993
v 22.966799 37.024769 36.573181
v 23.100128 37.040916 36.693993
v 23.149498 37.001701 36.863281
v 23.096046 36.922104 37.016384
v 22.960188 36.832523 37.094822
v 22.793823 36.767181 37.068630
v 22.700264 36.835846 36.763393
v 22.774851 36.909290 36.653454
v 22.731148 36.797623 36.907024
v 22.911215 36.974937 36.641605
v 22.849405 36.817017 37.000210
v 23.029474 36.994328 36.734787
v 22.985767 36.882660 36.988361
v 23.060356 36.956108 36.878418
v 22.808105 36.801937 36.973122
v 22.766897 36.786037 36.883591
v 22.984991 36.878284 36.982014
v 23.059328 36.967583 36.828075
v 23.018120 36.951687 36.738548
v 22.956783 36.980530 36.665249
v 23.019705 36.840664 36.614498
v 23.122250 36.827717 36.777328
v 23.047913 36.738419 36.931263
v 22.871027 36.662067 36.922371
v 22.768482 36.675018 36.759544
v 22.705561 36.814880 36.810291
v 22.779898 36.904179 36.656357
v 22.842819 36.764317 36.605606
v 23.023594 36.741489 36.892651
v 22.888657 36.683243 36.885868
v 22.810431 36.693123 36.761654
v 23.080305 36.809612 36.775219
v 22.867138 36.761246 36.644222
v 23.002077 36.819489 36.651005
v 23.075899 36.799076 36.772213
v 23.022408 36.734821 36.882977
v 23.002110 36.808392 36.655048
v 22.874832 36.753452 36.648647
v 22.821341 36.689198 36.759415
v 22.895130 36.679882 36.876579
v 23.278183 35.856880 36.323334
v 23.224693 35.792622 36.434097
v 23.298481 35.783306 36.551266
v 23.425760 35.838245 36.557659
v 23.479250 35.902500 36.446896
v 23.405460 35.911816 36.329731
v 23.384449 35.775368 36.414303
v 23.719563 37.880836 35.220764
v 23.603861 37.882950 35.071487
v 23.715925 37.881420 35.223099
v 23.600700 37.883526 35.074432
v 23.606987 37.883511 35.068501
v 23.723242 37.881390 35.218491
v 23.462156 37.863983 34.948055
v 23.459574 37.864639 34.951511
v 23.464605 37.864456 34.944481
v 23.301550 37.824890 34.856670
v 23.299627 37.825703 34.860497
v 23.303230 37.825176 34.852654
v 23.130095 37.767628 34.801899
v 23.128876 37.768677 34.805954
v 22.955883 37.696415 34.790615
v 23.130959 37.767639 34.797626
v 22.956390 37.695068 34.786499
v 22.956423 37.694736 34.782154
v 22.789146 37.610855 34.811241
v 22.789326 37.612545 34.815258
v 22.788382 37.610119 34.807011
v 22.636749 37.519199 34.874882
v 22.637554 37.521267 34.878635
v 22.635258 37.518028 34.870956
v 22.506842 37.424713 34.974232
v 22.508179 37.427162 34.977577
v 22.407686 37.334949 35.107121
v 22.504728 37.423084 34.970779
v 22.405935 37.332119 35.104305
v 22.341116 37.249252 35.260765
v 22.403341 37.330051 35.101475
v 22.339090 37.246067 35.258583
v 22.336178 37.243587 35.256493
v 22.309662 37.170876 35.429333
v 22.311808 37.174370 35.430813
v 22.306608 37.168037 35.428055
v 22.319122 37.110306 35.607986
v 22.321230 37.114048 35.608734
v 22.316114 37.107182 35.607563
v 22.367001 37.067406 35.785587
v 22.368912 37.071323 35.785606
v 22.452459 37.048332 35.952564
v 22.450891 37.044315 35.953232
v 22.364220 37.064072 35.786015
v 22.448511 37.040874 35.954456
v 22.566591 37.042202 36.102509
v 22.567684 37.046227 36.101231
v 22.564764 37.038750 36.104446
v 22.708298 37.061169 36.225937
v 22.708811 37.065113 36.224152
v 22.707148 37.057808 36.228466
v 22.868904 37.100262 36.317329
v 22.868757 37.104050 36.315166
v 22.868523 37.097088 36.320293
v 23.040359 37.157524 36.372097
v 23.039511 37.161076 36.369709
v 23.212502 37.233337 36.385048
v 23.040794 37.154621 36.375320
v 23.214064 37.230083 36.387497
v 23.215328 37.227528 36.390793
v 23.381308 37.314301 36.362755
v 23.379059 37.317207 36.360409
v 23.530830 37.408482 36.297028
v 23.383371 37.312149 36.365936
v 23.533703 37.405952 36.299114
v 23.536495 37.404236 36.301991
v 23.663612 37.500443 36.199768
v 23.660208 37.502586 36.198086
v 23.760698 37.594799 36.068546
v 23.667025 37.499180 36.202168
v 23.764519 37.593037 36.069691
v 23.827269 37.680496 35.914898
v 23.768414 37.592213 36.071472
v 23.831360 37.679089 35.915409
v 23.835577 37.678677 35.916454
v 23.860790 37.754280 35.744663
v 23.856577 37.755383 35.744850
v 23.865145 37.754230 35.744892
v 23.851330 37.814850 35.566010
v 23.847155 37.815701 35.566929
v 23.799473 37.858425 35.390057
v 23.855639 37.815086 35.565384
v 23.803453 37.857750 35.388409
v 23.807533 37.858192 35.386932
v 22.576054 37.059597 36.112347
v 22.729834 37.082363 36.240273
v 22.903938 37.127953 36.330502
v 23.842062 37.815731 35.598129
v 23.844149 37.747894 35.787674
v 23.795662 37.863770 35.408203
v 23.707647 37.889217 35.228935
v 23.709759 37.885757 35.227329
v 23.712584 37.883099 35.225342
v 22.451536 37.060982 35.954147
v 22.567970 37.050545 36.100693
v 22.452793 37.056957 35.953037
v 22.453108 37.052643 35.952496
v 22.708649 37.069370 36.223228
v 22.868092 37.108181 36.313953
v 23.038301 37.165028 36.368324
v 23.088253 37.193714 36.377785
v 23.089941 37.189781 36.376965
v 23.091528 37.185730 36.377270
v 23.210747 37.237061 36.383614
v 23.272064 37.275829 36.379372
v 23.273878 37.271954 36.378551
v 23.275831 37.268066 36.378860
v 23.376781 37.320667 36.359051
v 23.444689 37.369526 36.335175
v 23.446621 37.365715 36.334324
v 23.448919 37.362015 36.334545
v 23.528072 37.411655 36.295876
v 23.596094 37.469360 36.247761
v 23.598131 37.465614 36.246849
v 23.600733 37.462116 36.246895
v 23.657040 37.505463 36.197243
v 23.717485 37.569527 36.122208
v 23.719604 37.565849 36.121212
v 23.722446 37.562550 36.121006
v 23.757214 37.597385 36.068111
v 23.801802 37.664207 35.965816
v 23.803978 37.660591 35.964714
v 23.806992 37.657482 35.964195
v 23.823572 37.682812 35.914951
v 23.846354 37.744339 35.786446
v 23.849451 37.741394 35.785576
v 23.844265 37.812218 35.596775
v 23.847359 37.809410 35.595524
v 23.797834 37.860291 35.406723
v 23.800833 37.857582 35.405090
v 23.457178 38.445965 35.430946
v 23.545195 38.420513 35.610218
v 23.591595 38.372471 35.800140
v 23.593681 38.304638 35.989681
v 23.551334 38.220951 36.167824
v 23.467016 38.126270 36.324219
v 23.345627 38.026108 36.449772
v 23.194220 37.926273 36.537186
v 23.021597 37.832577 36.581383
v 22.837784 37.750458 36.579796
v 22.653469 37.684692 36.532513
v 22.479364 37.639107 36.442287
v 22.325586 37.616344 36.314358
v 22.201069 37.617725 36.156162
v 22.113056 37.643177 35.976891
v 22.363523 37.086433 35.774879
v 22.066656 37.691216 35.786964
v 22.317123 37.134472 35.584953
v 22.064569 37.759048 35.597424
v 22.315037 37.202305 35.395412
v 22.106915 37.842739 35.419277
v 22.357382 37.285995 35.217270
v 22.441700 37.380672 35.060879
v 22.191231 37.937416 35.262886
v 22.312620 38.037586 35.137337
v 22.563089 37.480839 34.935322
v 22.464027 38.137417 35.049919
v 22.714497 37.580673 34.847908
v 22.887123 37.674370 34.803711
v 22.636654 38.231113 35.005722
v 23.070932 37.756489 34.805298
v 22.820463 38.313232 35.007309
v 23.255245 37.822250 34.852581
v 23.004778 38.378994 35.054592
v 23.429354 37.867840 34.942810
v 23.178885 38.424583 35.144821
v 23.332663 38.447350 35.272751
v 23.583130 37.890602 35.070736
v 22.204096 37.629101 36.155155
v 22.116962 37.654293 35.977680
v 22.071028 37.701851 35.789654
v 22.068960 37.769009 35.602009
v 22.110882 37.851860 35.425644
v 22.194355 37.945591 35.270817
v 22.314533 38.044758 35.146519
v 22.464426 38.143593 35.059978
v 22.635326 38.236351 35.016224
v 22.817299 38.317646 35.017796
v 22.999769 38.382755 35.064606
v 23.172134 38.427887 35.153931
v 23.324373 38.450420 35.280579
v 23.447645 38.449055 35.437195
v 23.582783 38.309143 35.990345
v 23.580717 38.376297 35.802700
v 23.559847 38.300957 35.984459
v 23.519194 38.220619 36.155479
v 23.540859 38.226292 36.166706
v 23.557840 38.366077 35.802502
v 23.438248 38.129723 36.305614
v 23.457386 38.132557 36.321537
v 23.534781 38.423859 35.614670
v 23.513298 38.412193 35.620171
v 23.321712 38.033566 36.426147
v 23.337210 38.033394 36.445831
v 23.428802 38.436630 35.448071
v 23.176365 37.937725 36.510063
v 23.187315 37.934559 36.532372
v 23.309269 38.437958 35.296204
v 23.010643 37.847775 36.552494
v 23.016417 37.841797 36.576126
v 23.161642 38.416103 35.173393
v 22.834185 37.768944 36.550968
v 22.834446 37.760502 36.574554
v 22.994499 38.372341 35.086773
v 22.657244 37.705811 36.505577
v 22.651974 37.695396 36.527748
v 22.817558 38.309208 35.041382
v 22.490103 37.662048 36.418961
v 22.479610 37.650265 36.438423
v 22.641098 38.230373 35.039860
v 22.327368 37.627728 36.311771
v 22.342472 37.640194 36.296146
v 22.475380 38.140423 35.082287
v 22.222939 37.641521 36.144279
v 22.330029 38.044586 35.166206
v 22.138445 37.665955 35.972179
v 22.213493 37.948425 35.286736
v 22.093901 37.712070 35.789852
v 22.132549 37.857536 35.436874
v 22.091898 37.777191 35.607891
v 22.350763 37.637115 36.288315
v 22.232473 37.638432 36.138031
v 22.496851 37.658745 36.409851
v 22.662252 37.702053 36.495564
v 22.837351 37.764530 36.540482
v 23.011972 37.842537 36.541992
v 23.175964 37.931549 36.500004
v 23.319801 38.026390 36.416958
v 23.435123 38.121552 36.297684
v 23.515226 38.211494 36.149113
v 23.555452 38.291000 35.979877
v 23.553471 38.355442 35.799812
v 23.509390 38.401077 35.619381
v 23.425776 38.425255 35.449078
v 23.307487 38.426571 35.298790
v 23.161396 38.404945 35.177258
v 22.995996 38.361637 35.091537
v 22.820896 38.299164 35.046623
v 22.646278 38.221149 35.045113
v 22.482283 38.132137 35.087101
v 22.338446 38.037296 35.170147
v 22.223127 37.942139 35.289421
v 22.143024 37.852196 35.437992
v 22.102795 37.772690 35.607231
v 22.104778 37.708248 35.787296
v 22.148859 37.662609 35.967724
v 22.164600 37.635616 35.971443
v 22.243507 37.613899 36.129128
v 22.119568 37.675972 35.804394
v 22.110670 37.732941 35.636353
v 22.138351 37.803665 35.475746
v 22.201221 37.884602 35.330631
v 22.296135 37.971695 35.208286
v 22.418325 38.060574 35.114838
v 22.561670 38.146782 35.054981
v 22.718979 38.225994 35.031708
v 22.882362 38.294243 35.046192
v 23.043631 38.348103 35.097706
v 23.194696 38.384872 35.183670
v 23.327986 38.402714 35.299763
v 23.436813 38.400726 35.440174
v 23.515720 38.379009 35.597858
v 23.560753 38.338654 35.764908
v 23.569651 38.281685 35.932949
v 23.541971 38.210960 36.093555
v 23.479099 38.130024 36.238670
v 23.384188 38.042931 36.361015
v 23.261995 37.954052 36.454464
v 23.118652 37.867844 36.514324
v 22.961346 37.788631 36.537598
v 22.797960 37.720383 36.523109
v 22.636690 37.666523 36.471596
v 22.485624 37.629753 36.385635
v 22.352335 37.611912 36.269539
v 23.248957 37.968609 36.448502
v 23.096441 37.877514 36.510448
v 22.928673 37.794762 36.530506
v 22.755404 37.725159 36.507504
v 22.586702 37.672745 36.442780
v 22.432371 37.640575 36.340099
v 22.301384 37.630512 36.205421
v 22.201349 37.643143 36.046585
v 22.138083 37.677731 35.872810
v 22.115261 37.732269 35.694202
v 22.134209 37.803593 35.521137
v 22.193829 37.887543 35.363678
v 22.290649 37.979256 35.230972
v 22.419050 38.073391 35.130730
v 22.571568 38.164482 35.068787
v 22.739334 38.247234 35.048729
v 22.912605 38.316841 35.071732
v 23.081306 38.369251 35.136456
v 23.235634 38.401421 35.239136
v 23.366625 38.411488 35.373810
v 23.466658 38.398857 35.532650
v 23.529922 38.364265 35.706425
v 23.552746 38.309727 35.885033
v 23.533796 38.238407 36.058094
v 23.474180 38.154453 36.215557
v 23.377357 38.062740 36.348259
v 22.678173 37.724640 36.413174
v 22.862816 37.791283 36.458447
v 22.506159 37.682011 36.317383
v 23.045122 37.876534 36.449535
v 22.360701 37.666843 36.178837
v 23.210325 37.973484 36.387161
v 22.253588 37.680370 36.008759
v 23.345041 38.074287 36.276379
v 22.193501 37.721489 35.820927
v 23.438354 38.170776 36.126160
v 22.185299 37.786873 35.630558
v 23.482708 38.255127 35.948673
v 22.229650 37.871227 35.453075
v 23.474510 38.320511 35.758308
v 22.322966 37.967709 35.302860
v 23.414419 38.361629 35.570473
v 22.457682 38.068516 35.192074
v 23.307306 38.375153 35.400394
v 22.622885 38.165470 35.129700
v 23.161850 38.359985 35.261848
v 22.805193 38.250717 35.120789
v 22.989834 38.317356 35.166061
v 23.136658 38.048790 36.345573
v 22.974260 37.954559 36.403923
v 22.795050 37.873680 36.404629
v 22.616571 37.814072 36.347614
v 22.456295 37.781570 36.238468
v 22.329910 37.779358 36.087872
v 22.249788 37.807644 35.910564
v 22.223770 37.863670 35.723900
v 22.254404 37.941940 35.546162
v 22.338694 38.034805 35.394733
v 22.468384 38.133167 35.284447
v 23.109980 38.059223 36.311272
v 22.958908 37.971565 36.365555
v 22.792202 37.896328 36.366207
v 22.626177 37.840881 36.313175
v 22.477081 37.810646 36.211643
v 22.359512 37.808586 36.071552
v 22.284981 37.834900 35.906616
v 22.260777 37.887016 35.732975
v 22.289276 37.959831 35.567635
v 22.367683 38.046215 35.426769
v 22.488325 38.137714 35.324181
v 23.009228 37.867706 36.348652
v 23.165585 37.958431 36.292473
v 22.836685 37.789837 36.349331
v 22.664848 37.732449 36.294441
v 22.510534 37.701153 36.189358
v 22.388851 37.699020 36.044361
v 22.311710 37.726257 35.873653
v 22.286661 37.780193 35.693935
v 22.316156 37.855560 35.522808
v 22.397308 37.944965 35.377014
v 22.522173 38.039669 35.270832
v 22.678530 38.130394 35.214653
v 22.639395 38.225372 35.269901
v 22.851070 38.208263 35.213974
v 22.806099 38.300606 35.269245
v 23.022909 38.265652 35.268864
v 22.972128 38.356056 35.322277
v 23.177221 38.296944 35.373947
v 23.121222 38.386292 35.423809
v 23.298904 38.299080 35.518944
v 23.238791 38.388351 35.563900
v 23.313324 38.362038 35.728836
v 23.376045 38.271843 35.689651
v 23.401094 38.217903 35.869370
v 23.337524 38.309921 35.902477
v 23.309029 38.237106 36.067818
v 23.371599 38.142540 36.040497
v 23.230621 38.150723 36.208679
v 23.290447 38.053135 36.186291
v 23.237028 37.799622 36.234852
v 23.361895 37.894321 36.128666
v 23.443047 37.983727 35.982876
v 23.472542 38.059090 35.811745
v 23.447491 38.113029 35.632030
v 23.370350 38.140266 35.461319
v 23.248665 38.138134 35.316326
v 23.094353 38.106842 35.211243
v 22.922518 38.049450 35.156349
v 22.749975 37.971581 35.157028
v 22.593618 37.880856 35.213207
v 23.512819 38.023293 35.960346
v 23.447176 37.937065 36.116604
v 23.530058 38.094692 35.784943
v 23.497496 38.145477 35.604607
v 23.338442 37.842991 36.241058
v 23.417767 38.171535 35.433941
v 23.195433 37.748695 36.323624
v 23.297337 38.170750 35.286781
v 23.080673 37.708893 36.291031
v 23.029732 37.661816 36.357616
v 23.145954 38.143188 35.175045
v 22.908133 37.631023 36.291706
v 22.854757 37.589390 36.340279
v 22.975889 38.091087 35.107780
v 22.736294 37.573635 36.236820
v 22.684692 37.537285 36.273018
v 22.800919 38.018661 35.090443
v 22.581982 37.542343 36.131733
v 22.533314 37.509727 36.161274
v 22.635214 37.931782 35.124435
v 22.460299 37.540211 35.986736
v 22.412880 37.508942 36.014114
v 22.492205 37.837486 35.207001
v 22.468756 37.786152 35.319389
v 22.333153 37.535000 35.843452
v 22.383158 37.567448 35.816029
v 22.383474 37.743412 35.331455
v 22.387604 37.696747 35.465183
v 22.300589 37.585785 35.663116
v 22.358109 37.621384 35.636314
v 22.317831 37.657181 35.487713
v 23.425898 38.153454 35.427387
v 23.297419 38.151794 35.272667
v 23.135050 38.120258 35.158257
v 22.953505 38.061714 35.094517
v 22.769238 37.981457 35.087234
v 22.598946 37.886768 35.137062
v 22.458061 37.786224 35.239483
v 22.359350 37.688934 35.385220
v 22.311756 37.603722 35.561066
v 22.319597 37.538300 35.751083
v 22.342142 37.516346 35.839554
v 22.376173 37.500427 35.925610
v 22.421013 37.490868 36.007557
v 22.541447 37.491650 36.154716
v 22.692825 37.519211 36.266457
v 22.862890 37.571312 36.333717
v 23.037861 37.643738 36.351055
v 23.203566 37.730621 36.317066
v 23.346575 37.824917 36.234501
v 23.455309 37.918987 36.110043
v 23.520952 38.005219 35.953789
v 23.538191 38.076618 35.778385
v 23.505627 38.127399 35.598045
v 22.691933 37.545563 36.192726
v 22.549261 37.524372 36.074230
v 22.857267 37.593826 36.264702
v 22.443216 37.532333 35.920811
v 23.029081 37.664444 36.283108
v 22.384182 37.568661 35.747490
v 23.190557 37.750500 36.246147
v 22.377935 37.629807 35.571228
v 23.325886 37.843567 36.157436
v 22.425091 37.709782 35.409283
v 23.421822 37.934544 36.025661
v 22.521027 37.800755 35.277504
v 23.468977 38.014519 35.863716
v 22.656355 37.893826 35.188789
v 23.462730 38.075661 35.687450
v 22.817831 37.979881 35.151833
v 23.403696 38.111992 35.514130
v 22.989645 38.050495 35.170238
v 23.297651 38.119953 35.360710
v 23.154980 38.098763 35.242214
v 23.459967 38.052464 35.681499
v 23.402126 38.088058 35.511681
v 23.298225 38.095860 35.361359
v 23.158436 38.075096 35.245258
v 22.996439 38.027809 35.174740
v 22.828096 37.958618 35.156700
v 22.669886 37.874302 35.192913
v 22.537289 37.783112 35.279831
v 22.443291 37.693977 35.408947
v 22.397089 37.615616 35.567623
v 22.403210 37.555706 35.740326
v 22.461050 37.520111 35.910145
v 22.564953 37.512314 36.060463
v 22.704742 37.533073 36.176563
v 22.866735 37.580360 36.247086
v 23.035080 37.649555 36.265121
v 23.193293 37.733868 36.228909
v 23.325888 37.825062 36.141991
v 23.419888 37.914196 36.012875
v 23.466085 37.992554 35.854202
v 23.939760 36.985973 35.294533
v 23.945879 36.926064 35.467232
v 23.899679 36.847706 35.625904
v 23.805681 36.758568 35.755024
v 23.673086 36.667381 35.841942
v 23.514874 36.583061 35.878155
v 23.346529 36.513874 35.860119
v 23.184536 36.466583 35.789597
v 23.044744 36.445820 35.673496
v 22.940844 36.453617 35.523178
v 22.883003 36.489216 35.353355
v 22.876883 36.549126 35.180656
v 22.923082 36.627483 35.021980
v 23.017082 36.716621 34.892868
v 23.149675 36.807812 34.805946
v 23.307890 36.892128 34.769733
v 23.476233 36.961315 34.787769
v 23.638227 37.008610 34.858288
v 23.778019 37.029369 34.974392
v 23.881918 37.021572 35.124710
v 23.077808 36.439495 35.731930
v 23.232227 36.470806 35.837086
v 22.956041 36.437359 35.586834
v 23.404182 36.528236 35.892014
v 22.878847 36.464615 35.416004
v 23.576845 36.606159 35.891335
v 22.853779 36.518589 35.236168
v 23.733309 36.696949 35.835117
v 22.883295 36.594006 35.064919
v 23.858259 36.791714 35.728863
v 22.964502 36.683475 34.919029
v 23.939466 36.881187 35.582970
v 23.089455 36.778240 34.812771
v 23.968983 36.956600 35.411720
v 23.245918 36.869030 34.756554
v 23.943916 37.010574 35.231880
v 23.418577 36.946953 34.755875
v 23.866720 37.037830 35.061054
v 23.590534 37.004383 34.810802
v 23.744953 37.035698 34.915958
v 22.630783 38.227398 35.226093
v 22.809992 38.308277 35.225391
v 22.988470 38.367886 35.282402
v 23.148745 38.400387 35.391548
v 23.275133 38.402603 35.542145
v 23.355255 38.374317 35.719456
v 23.381271 38.318291 35.906116
v 23.350637 38.240017 36.083858
v 23.266350 38.147156 36.235283
v 23.597721 37.885197 35.077141
v 23.457041 37.866367 34.954609
v 23.297598 37.827557 34.863880
v 23.127388 37.770710 34.809513
v 23.072611 37.752934 34.803406
v 23.074162 37.750008 34.800568
v 22.954943 37.698677 34.794224
v 22.888674 37.670765 34.801815
v 22.889860 37.667675 34.798977
v 22.788910 37.615070 34.818783
v 22.715931 37.577000 34.846043
v 22.716772 37.573727 34.843292
v 22.637617 37.524086 34.881962
v 22.564423 37.477100 34.933517
v 22.564957 37.473625 34.930943
v 22.508652 37.430279 34.980591
v 22.442947 37.376865 35.059158
v 22.443243 37.373188 35.056831
v 22.408476 37.338360 35.109722
v 22.358572 37.282124 35.215656
v 22.358700 37.278255 35.213642
v 22.342119 37.252930 35.262886
v 22.316198 37.198376 35.393921
v 22.316240 37.194344 35.392262
v 22.318287 37.130497 35.583591
v 22.318333 37.126328 35.582314
v 22.364719 37.082424 35.773647
v 22.364857 37.078163 35.772747
v 22.809263 35.667305 35.400425
v 23.004641 35.642635 35.710651
v 23.022104 35.646599 35.721382
v 23.031441 35.651588 35.719212
v 23.012295 35.643322 35.718250
v 22.805817 35.669392 35.390396
v 22.807499 35.673695 35.380623
v 22.813864 35.679058 35.373730
v 22.946148 35.709518 35.453800
v 22.889311 35.728806 35.330170
v 23.019218 35.700294 35.569824
v 23.106890 35.701336 35.675655
v 24.350395 36.182007 35.892708
v 24.074051 35.999798 36.052254
v 24.358442 36.191673 35.876041
v 24.354994 36.193764 35.866016
v 24.356758 36.187374 35.885815
v 24.064713 35.994804 36.054424
v 24.054903 35.991531 36.051292
v 24.047249 35.990845 36.043694
v 24.107004 36.063587 35.917297
v 23.993904 35.997578 35.958992
v 24.210358 36.131733 35.857628
v 24.301653 36.200497 35.781315
v 24.338577 36.675682 34.517475
v 24.533953 36.651016 34.827705
v 24.321112 36.671719 34.506741
v 24.311773 36.666733 34.508911
v 24.330921 36.674999 34.509872
v 24.537399 36.648930 34.837730
v 24.535715 36.644623 34.847500
v 24.529352 36.639259 34.854397
v 24.397066 36.608799 34.774326
v 24.453903 36.589512 34.897957
v 24.323996 36.618027 34.658298
v 24.236324 36.616985 34.552475
v 24.265406 37.528004 35.998856
v 24.229650 37.572262 35.832546
v 24.316011 37.657303 35.705246
v 24.473904 37.733315 35.691525
v 24.610838 37.755768 35.799419
v 24.473911 37.728855 35.696167
v 24.608086 37.752739 35.800911
v 24.607283 37.750725 35.801258
v 24.269003 37.529160 35.996681
v 24.233900 37.572601 35.833431
v 24.270836 37.528881 35.995506
v 24.236008 37.571987 35.833523
v 24.231731 37.572697 35.833096
v 24.267149 37.528862 35.997826
v 24.318678 37.656082 35.708466
v 24.320126 37.654819 35.709530
v 24.317272 37.656933 35.707005
v 24.473669 37.730698 35.694996
v 24.473667 37.732220 35.693417
v 24.609299 37.754463 35.800289
v 24.648754 37.732803 35.909729
v 24.646854 37.731712 35.909546
v 24.642111 37.707615 35.963242
v 24.643187 37.709297 35.964169
v 24.630230 37.685478 36.017197
v 24.644716 37.710625 35.965015
v 24.628508 37.684834 36.015991
v 24.557995 37.624783 36.087234
v 24.558411 37.625813 36.089130
v 24.560230 37.626469 36.093033
v 24.559175 37.626389 36.091106
v 24.457514 37.571594 36.116917
v 24.457430 37.572033 36.114765
v 24.404207 37.550751 36.100597
v 24.403418 37.551197 36.102596
v 24.349602 37.535553 36.082443
v 24.402781 37.551098 36.104698
v 24.350544 37.536335 36.080620
v 24.356073 37.532330 36.073105
v 24.273911 37.526760 35.993401
v 24.274977 37.525059 35.992596
v 24.607086 37.746445 35.801041
v 24.643658 37.724293 35.907433
v 24.607691 37.744438 35.800503
v 24.644211 37.722317 35.906746
v 24.643658 37.726353 35.908100
v 24.606949 37.748589 35.801300
v 24.641569 37.705734 35.962322
v 24.626369 37.676731 36.010262
v 24.625793 37.678642 36.011089
v 24.625725 37.680527 36.012150
v 24.558949 37.619900 36.083305
v 24.558279 37.621731 36.084232
v 24.460012 37.567043 36.106308
v 24.557953 37.623398 36.085575
v 24.459204 37.568802 36.107269
v 24.458500 37.570267 36.108700
v 24.405079 37.549801 36.098862
v 24.355120 37.534039 36.074020
v 24.272499 37.528061 35.994392
v 24.354019 37.535374 36.075321
v 24.539339 36.925125 35.600937
v 24.717453 36.788250 35.408051
v 24.638941 36.710941 35.523777
v 24.572330 36.884293 35.754375
v 24.671448 36.670704 35.674969
v 24.439737 37.139313 35.678093
v 24.323719 37.649597 35.709793
v 24.698666 36.905006 35.853924
v 24.795933 36.691116 35.773060
v 24.939472 36.760216 35.760582
v 24.473211 37.097881 35.833782
v 24.340136 37.353500 35.755249
v 24.238459 37.547180 35.886349
v 24.256298 37.592762 35.782837
v 24.601400 37.118900 35.934788
v 24.374094 37.311470 35.913189
v 24.504133 37.332790 36.015656
v 24.675022 36.722916 35.480450
v 24.733385 36.772114 35.417217
v 24.659580 36.683456 35.570057
v 24.691193 36.664307 35.662025
v 24.761391 36.670601 35.731720
v 24.851370 36.700653 35.760460
v 24.937012 36.746403 35.740547
v 25.010817 36.835064 35.587711
v 25.007412 36.825104 35.584801
v 24.979204 36.854214 35.495743
v 24.975960 36.832657 35.496071
v 24.976143 36.821777 35.495090
v 24.976986 36.843533 35.496288
v 24.990786 36.768711 35.659500
v 24.991009 36.778111 35.665062
v 24.995375 36.795605 35.677319
v 24.992548 36.787125 35.671036
v 24.936380 36.739777 35.731888
v 24.860392 36.682735 35.734783
v 24.856983 36.689739 35.742443
v 24.853958 36.695747 35.751053
v 24.767366 36.666824 35.723389
v 24.715361 36.649826 35.645653
v 24.707909 36.655914 35.650829
v 24.699806 36.660770 35.656319
v 25.017982 36.837532 35.644855
v 24.985476 36.877762 35.493668
v 24.909006 36.847919 35.426048
v 24.860992 36.857353 35.395580
v 24.819031 36.817867 35.397308
v 24.924019 37.053600 35.723816
v 24.891027 37.094433 35.570374
v 24.830057 37.269672 35.802773
v 24.764694 37.073719 35.470829
v 24.796581 37.311100 35.647083
v 24.736094 37.485741 35.881729
v 24.668396 37.290081 35.546078
v 24.702137 37.527771 35.723793
v 24.526596 37.737167 35.719994
v 24.572096 37.506447 35.621326
v 24.422655 37.702454 35.686790
v 24.237341 37.548908 35.887005
v 24.235790 37.550301 35.887596
v 24.237879 37.570911 35.833370
v 24.255207 37.594559 35.783352
v 24.253723 37.596119 35.783543
v 24.322721 37.651474 35.710205
v 24.321497 37.653252 35.710117
v 24.421797 37.704403 35.687172
v 24.420948 37.706383 35.686996
v 24.474371 37.726849 35.696835
v 24.525881 37.739162 35.720421
v 24.525433 37.741280 35.720367
v 24.669384 36.679199 35.567806
v 24.700720 36.702896 35.481243
v 24.692862 36.710461 35.481838
v 24.684248 36.717171 35.481575
v 24.740414 36.764519 35.420719
v 24.831110 36.788872 35.405960
v 24.826887 36.798832 35.404457
v 24.822834 36.808556 35.401558
v 24.909428 36.837471 35.429218
v 24.727806 36.634392 35.636589
v 24.700113 36.651165 35.556023
v 24.732590 36.625309 35.632854
v 24.705013 36.642010 35.552631
v 24.693985 36.659599 35.559292
v 24.722031 36.642612 35.640881
v 24.713640 36.685734 35.477528
v 24.718485 36.676434 35.474472
v 24.707684 36.694607 35.479801
v 24.764765 36.728832 35.422142
v 24.769390 36.719345 35.419319
v 24.759459 36.738251 35.423706
v 24.839788 36.768909 35.404697
v 24.844095 36.759258 35.401951
v 24.835436 36.778839 35.406044
v 24.918608 36.795235 35.429874
v 24.922577 36.785465 35.427021
v 24.983809 36.790955 35.487812
v 24.980101 36.800747 35.490925
v 24.915255 36.805500 35.431538
v 24.977531 36.811081 35.493366
v 25.325163 35.483967 34.971073
v 25.478348 35.550091 34.978775
v 25.567156 35.538876 35.119785
v 25.011385 36.774254 35.568035
v 24.997913 36.739834 35.646191
v 25.502779 35.461540 35.253101
v 24.947008 36.696922 35.701347
v 25.496841 35.428192 35.204727
v 25.545124 35.486195 35.104744
v 25.478519 35.494602 34.998985
v 25.363628 35.445015 34.993206
v 25.315346 35.387012 35.093189
v 25.381950 35.378601 35.198952
v 25.260786 35.406635 35.104385
v 25.349594 35.395420 35.245399
v 24.872303 36.657009 35.718716
v 24.793821 36.630798 35.693645
v 25.007793 36.783974 35.571491
v 25.005577 36.794094 35.574955
v 24.994267 36.749405 35.649986
v 24.991875 36.759087 35.654446
v 24.943142 36.706310 35.705372
v 24.940102 36.715443 35.710541
v 24.868118 36.666229 35.722816
v 24.864124 36.674850 35.728203
v 24.789301 36.639904 35.697639
v 24.784306 36.648197 35.702705
v 22.805180 36.565178 36.841919
v 22.767265 36.588146 36.731613
v 22.785788 36.635475 36.624142
v 22.855785 36.694477 36.548309
v 22.958504 36.749355 36.524426
v 23.066416 36.785397 36.558895
v 23.150612 36.792942 36.642483
v 22.997288 36.608768 36.959976
v 22.997206 36.609211 36.957825
v 23.100006 36.663643 36.936092
v 23.098185 36.662987 36.932194
v 23.097769 36.661961 36.930294
v 23.098949 36.663563 36.934170
v 22.943981 36.587925 36.943661
v 22.943192 36.588375 36.945660
v 22.889376 36.572727 36.925503
v 22.942554 36.588272 36.947762
v 22.890318 36.573509 36.923683
v 22.810612 36.566055 36.838570
v 22.808775 36.566334 36.839748
v 22.806923 36.566036 36.840889
v 22.769367 36.588783 36.731632
v 22.775782 36.609161 36.676582
v 22.773674 36.609776 36.676491
v 22.771505 36.609871 36.676159
v 22.787714 36.635658 36.625183
v 22.859898 36.691994 36.552593
v 22.858450 36.693256 36.551529
v 22.857046 36.694107 36.550068
v 23.188526 36.769978 36.752789
v 23.170004 36.722652 36.860256
v 22.958788 36.748459 36.526413
v 23.013685 36.766029 36.539230
v 23.013443 36.767872 36.538059
v 23.013441 36.769394 36.536476
v 23.065676 36.784161 36.560555
v 23.147058 36.787899 36.644321
v 23.147858 36.789913 36.643978
v 23.149073 36.791637 36.643349
v 23.186628 36.768887 36.752609
v 23.181885 36.744789 36.806305
v 23.182961 36.746471 36.807228
v 23.184490 36.747799 36.808079
v 23.168280 36.722012 36.859055
v 23.166142 36.713905 36.853325
v 23.098051 36.658905 36.927299
v 23.098722 36.657074 36.926365
v 22.862495 36.688648 36.553268
v 22.961569 36.741577 36.530231
v 22.863491 36.686771 36.552853
v 22.962427 36.739628 36.529854
v 22.960720 36.743557 36.530056
v 22.861269 36.690426 36.553177
v 23.014145 36.764023 36.539894
v 23.066370 36.774342 36.563053
v 23.065653 36.776337 36.563480
v 23.065205 36.778454 36.563431
v 23.147463 36.781612 36.643562
v 23.146862 36.783619 36.644104
v 23.183985 36.759491 36.749809
v 23.146723 36.785763 36.644360
v 23.183432 36.761467 36.750496
v 23.183432 36.763527 36.751160
v 23.181345 36.742908 36.805386
v 23.165565 36.715816 36.854153
v 23.165501 36.717701 36.855213
v 23.097725 36.660572 36.928638
v 23.238438 35.942184 36.696983
v 23.211222 35.707882 36.518032
v 23.335705 35.728291 36.616119
v 23.384113 36.012314 36.684326
v 23.479244 35.797390 36.603645
v 23.141174 36.156075 36.777851
v 22.814751 36.562233 36.835655
v 23.463793 36.090775 36.566875
v 23.557756 35.874706 36.487919
v 23.525249 35.914940 36.336727
v 23.288984 36.227234 36.765007
v 23.043907 36.369965 36.858715
v 22.999784 36.604218 36.949371
v 22.895845 36.569504 36.916168
v 23.369831 36.306847 36.645836
v 23.193853 36.442154 36.845684
v 23.275869 36.522915 36.724792
v 23.301165 35.707775 36.574783
v 23.230967 35.701481 36.505089
v 23.391142 35.737827 36.603523
v 23.476786 35.783577 36.583611
v 23.535149 35.832779 36.520382
v 23.550592 35.872238 36.430775
v 23.518976 35.891388 36.338802
v 23.358803 35.855045 36.240372
v 23.362608 35.845730 36.244621
v 23.273157 35.809288 36.260281
v 23.286953 35.793423 36.266052
v 23.293337 35.784615 36.267056
v 23.280188 35.801693 36.263783
v 23.452354 35.853256 36.275051
v 23.450399 35.863976 36.274269
v 23.448778 35.885094 36.269112
v 23.449202 35.874649 36.272278
v 23.516760 35.880707 36.339352
v 23.544542 35.841614 36.421429
v 23.545156 35.852013 36.424728
v 23.547184 35.862278 36.427864
v 23.532322 35.824299 36.514099
v 23.477713 35.761337 36.559814
v 23.476463 35.769493 36.566971
v 23.476152 35.776951 36.574951
v 23.400766 35.894527 36.238640
v 23.257227 35.825428 36.251114
v 23.214794 35.760090 36.323513
v 23.178715 35.748116 36.366840
v 23.199352 35.720631 36.413116
v 23.304466 36.110893 36.313892
v 23.158792 36.040764 36.326550
v 23.208168 36.327259 36.389141
v 23.079113 35.962299 36.444000
v 23.060358 36.256100 36.401985
v 23.111870 36.543621 36.464390
v 22.979511 36.176487 36.521156
v 22.961926 36.471436 36.477417
v 22.796072 36.629940 36.625900
v 22.879910 36.390675 36.598312
v 22.778231 36.584354 36.729412
v 22.998978 36.605976 36.950333
v 22.998274 36.607441 36.951759
v 22.944853 36.586975 36.941921
v 22.894894 36.571213 36.917084
v 22.893791 36.572548 36.918385
v 22.813684 36.563934 36.836460
v 22.812275 36.565239 36.837456
v 22.777115 36.586086 36.730072
v 22.775562 36.587475 36.730656
v 22.777653 36.608086 36.676434
v 22.794981 36.631733 36.626415
v 22.793497 36.633293 36.626602
v 23.393732 35.732922 36.594112
v 23.318695 35.692699 36.551823
v 23.313017 35.698944 36.558754
v 23.307140 35.703999 36.566452
v 23.239582 35.697945 36.499378
v 23.226509 35.704342 36.405441
v 23.218262 35.710911 36.408295
v 23.209158 35.716373 36.410870
v 23.224020 35.754345 36.324635
v 23.482914 35.743484 36.548435
v 23.407892 35.703403 36.565876
v 23.486780 35.734097 36.544407
v 23.412077 35.694183 36.561775
v 23.403898 35.712029 36.571266
v 23.479874 35.752617 36.553600
v 23.329073 35.677082 36.540703
v 23.333595 35.667973 36.536705
v 23.324078 35.685371 36.545769
v 23.267578 35.671566 36.479652
v 23.272362 35.662483 36.475918
v 23.261805 35.679787 36.483944
v 23.239885 35.688339 36.399086
v 23.244787 35.679184 36.395695
v 23.233759 35.696774 36.402351
v 23.253414 35.722908 36.320591
v 23.258259 35.713608 36.317535
v 23.309164 35.756519 36.262383
v 23.304539 35.766006 36.265202
v 23.247458 35.731781 36.322861
v 23.299232 35.775425 36.266769
v 23.828135 34.427105 36.027668
v 23.814030 34.478226 35.869289
v 23.939640 34.561050 35.796764
v 23.383869 35.796432 36.245010
v 23.462353 35.822639 36.270084
v 24.079357 34.592754 35.882626
v 23.523582 35.828129 36.330875
v 24.064219 34.535892 35.887638
v 23.959431 34.512119 35.823242
v 23.865221 34.450001 35.877636
v 23.875801 34.411659 35.996418
v 24.074795 34.497555 36.006424
v 23.980585 34.435436 36.060814
v 23.967848 34.458805 36.113529
v 24.093460 34.541630 36.041008
v 23.551159 35.811428 36.411095
v 23.537689 35.777008 36.489258
v 23.379560 35.806084 36.247761
v 23.375208 35.816013 36.249104
v 23.458382 35.832409 36.272938
v 23.455029 35.842674 36.274601
v 23.519875 35.837921 36.333988
v 23.517305 35.848255 36.336426
v 23.547567 35.821152 36.414555
v 23.545349 35.831268 36.418018
v 23.534039 35.786579 36.493046
v 23.531649 35.796265 36.497509
v 23.233021 37.658356 34.359577
v 23.197264 37.702614 34.193268
v 23.283625 37.787655 34.065968
v 23.441517 37.863667 34.052246
v 23.578451 37.886120 34.160145
v 23.441525 37.859203 34.056889
v 23.575699 37.883091 34.161633
v 23.574898 37.881073 34.161980
v 23.236616 37.659508 34.357403
v 23.201513 37.702953 34.194153
v 23.238449 37.659229 34.356228
v 23.203621 37.702339 34.194244
v 23.199345 37.703045 34.193817
v 23.234762 37.659210 34.358547
v 23.286291 37.786434 34.069187
v 23.287739 37.785172 34.070251
v 23.284885 37.787281 34.067726
v 23.441284 37.861050 34.055721
v 23.441280 37.862572 34.054138
v 23.576912 37.884811 34.161007
v 23.616367 37.863155 34.270451
v 23.614468 37.862064 34.270267
v 23.609724 37.837967 34.323963
v 23.610800 37.839645 34.324890
v 23.597843 37.815826 34.377918
v 23.612329 37.840973 34.325737
v 23.596121 37.815186 34.376717
v 23.525608 37.755135 34.447956
v 23.526024 37.756165 34.449852
v 23.527843 37.756821 34.453754
v 23.526789 37.756741 34.451828
v 23.425127 37.701942 34.477634
v 23.425047 37.702385 34.475483
v 23.371820 37.681099 34.461319
v 23.371031 37.681549 34.463318
v 23.317215 37.665905 34.443165
v 23.370394 37.681450 34.465420
v 23.318159 37.666687 34.441341
v 23.323687 37.662678 34.433826
v 23.241524 37.657108 34.354122
v 23.242590 37.655407 34.353317
v 23.574701 37.876793 34.161762
v 23.611273 37.854641 34.268154
v 23.575304 37.874790 34.161224
v 23.611824 37.852665 34.267471
v 23.611273 37.856701 34.268822
v 23.574562 37.878937 34.162022
v 23.609184 37.836086 34.323044
v 23.593983 37.807083 34.370979
v 23.593407 37.808994 34.371811
v 23.593340 37.810879 34.372871
v 23.525892 37.752083 34.444958
v 23.526562 37.750248 34.444027
v 23.525566 37.753750 34.446297
v 23.426817 37.699154 34.467991
v 23.427626 37.697392 34.467026
v 23.426113 37.700615 34.469421
v 23.372692 37.680153 34.459579
v 23.322733 37.664391 34.434742
v 23.321632 37.665722 34.436043
v 23.240112 37.658413 34.355114
v 23.506952 37.055477 33.961655
v 23.685066 36.918598 33.768772
v 23.606554 36.841290 33.884499
v 23.539944 37.014645 34.115097
v 23.639061 36.801056 34.035690
v 23.407351 37.269665 34.038815
v 23.291332 37.779949 34.070515
v 23.666279 37.035358 34.214645
v 23.763546 36.821468 34.133778
v 23.907085 36.890568 34.121304
v 23.440825 37.228230 34.194504
v 23.307749 37.483849 34.115971
v 23.206072 37.677528 34.247070
v 23.223911 37.723114 34.143559
v 23.569014 37.249252 34.295509
v 23.341707 37.441818 34.273911
v 23.471746 37.463142 34.376377
v 23.642635 36.853268 33.841171
v 23.700998 36.902466 33.777939
v 23.627193 36.813808 33.930779
v 23.658806 36.794655 34.022747
v 23.729004 36.800953 34.092442
v 23.818983 36.831001 34.121181
v 23.904625 36.876755 34.101269
v 23.978430 36.965416 33.948433
v 23.975025 36.955452 33.945522
v 23.946817 36.984562 33.856464
v 23.943573 36.963005 33.856792
v 23.943756 36.952129 33.855812
v 23.944599 36.973881 33.857010
v 23.958399 36.899059 34.020222
v 23.958622 36.908459 34.025784
v 23.962988 36.925957 34.038040
v 23.960161 36.917477 34.031757
v 23.903994 36.870129 34.092609
v 23.828005 36.813084 34.095505
v 23.824596 36.820087 34.103165
v 23.821571 36.826092 34.111771
v 23.734982 36.797173 34.084110
v 23.682974 36.780178 34.006374
v 23.675524 36.786263 34.011551
v 23.667423 36.791119 34.017040
v 23.985596 36.967880 34.005577
v 23.953089 37.008114 33.854385
v 23.876619 36.978271 33.786770
v 23.828606 36.987701 33.756298
v 23.786644 36.948219 33.758030
v 23.891632 37.183949 34.084538
v 23.858643 37.224781 33.931095
v 23.797670 37.400021 34.163494
v 23.732307 37.204067 33.831547
v 23.764194 37.441452 34.007805
v 23.703709 37.616093 34.242451
v 23.636009 37.420429 33.906799
v 23.669750 37.658119 34.084515
v 23.494209 37.867516 34.080715
v 23.539709 37.636795 33.982048
v 23.390268 37.832802 34.047512
v 23.204954 37.679260 34.247726
v 23.203403 37.680649 34.248314
v 23.205492 37.701263 34.194092
v 23.222820 37.724907 34.144073
v 23.221336 37.726471 34.144264
v 23.290335 37.781822 34.070927
v 23.289110 37.783604 34.070839
v 23.389410 37.834751 34.047894
v 23.388561 37.836735 34.047718
v 23.441984 37.857197 34.057556
v 23.493494 37.869514 34.081142
v 23.493046 37.871628 34.081089
v 23.636997 36.809544 33.928528
v 23.668333 36.833244 33.841965
v 23.660475 36.840813 33.842560
v 23.651861 36.847523 33.842293
v 23.708027 36.894871 33.781441
v 23.798723 36.919220 33.766682
v 23.794500 36.929180 33.765179
v 23.790447 36.938904 33.762280
v 23.877041 36.967823 33.789940
v 23.695419 36.764744 33.997311
v 23.667727 36.781517 33.916744
v 23.700203 36.755661 33.993576
v 23.672626 36.772362 33.913353
v 23.661598 36.789948 33.920013
v 23.689644 36.772964 34.001602
v 23.681253 36.816086 33.838249
v 23.686098 36.806782 33.835194
v 23.675297 36.824955 33.840523
v 23.732378 36.859180 33.782864
v 23.737003 36.849697 33.780041
v 23.727072 36.868603 33.784428
v 23.807402 36.899261 33.765419
v 23.811708 36.889603 33.762672
v 23.803049 36.909191 33.766766
v 23.886221 36.925587 33.790596
v 23.890190 36.915817 33.787743
v 23.951422 36.921307 33.848530
v 23.947714 36.931099 33.851646
v 23.882868 36.935848 33.792263
v 23.945145 36.941433 33.854088
v 24.292776 35.614319 33.331795
v 24.445965 35.680439 33.339493
v 24.534769 35.669224 33.480507
v 23.978998 36.904602 33.928757
v 23.965527 36.870186 34.006912
v 24.470392 35.591892 33.613819
v 23.914621 36.827271 34.062069
v 24.464455 35.558544 33.565449
v 24.512737 35.616543 33.465466
v 24.446133 35.624954 33.359703
v 24.331244 35.575359 33.353928
v 24.282959 35.517365 33.453911
v 24.349564 35.508953 33.559673
v 24.228399 35.536983 33.465107
v 24.317207 35.525772 33.606121
v 23.839916 36.787361 34.079437
v 23.761435 36.761150 34.054367
v 23.975407 36.914326 33.932213
v 23.973190 36.924442 33.935677
v 23.961880 36.879757 34.010708
v 23.959488 36.889439 34.015167
v 23.910755 36.836658 34.066093
v 23.907715 36.845795 34.071262
v 23.835732 36.796581 34.083538
v 23.831738 36.805202 34.088924
v 23.756914 36.770256 34.058361
v 23.751919 36.778545 34.063427
v 21.772795 36.695530 35.202641
v 21.737036 36.739788 35.036327
v 21.823399 36.824829 34.909031
v 21.981293 36.900841 34.895309
v 22.118225 36.923294 35.003204
v 21.981300 36.896378 34.899952
v 22.115473 36.920265 35.004696
v 22.114672 36.918247 35.005043
v 21.776390 36.696682 35.200466
v 21.741287 36.740128 35.037212
v 21.778223 36.696407 35.199287
v 21.743395 36.739513 35.037304
v 21.739119 36.740223 35.036880
v 21.774536 36.696384 35.201611
v 21.826063 36.823608 34.912251
v 21.827511 36.822346 34.913315
v 21.824661 36.824455 34.910789
v 21.981056 36.898224 34.898781
v 21.981054 36.899746 34.897198
v 22.116686 36.921986 35.004070
v 22.156139 36.900330 35.113510
v 22.154242 36.899239 35.113331
v 22.149498 36.875141 35.167027
v 22.150574 36.876820 35.167950
v 22.137617 36.853001 35.220982
v 22.152103 36.878147 35.168800
v 22.135893 36.852360 35.219776
v 22.065382 36.792309 35.291019
v 22.065798 36.793339 35.292915
v 22.067617 36.793995 35.296814
v 22.066563 36.793915 35.294891
v 21.964901 36.739117 35.320698
v 21.964819 36.739559 35.318546
v 21.911594 36.718277 35.304379
v 21.910807 36.718723 35.306381
v 21.856989 36.703079 35.286224
v 21.910168 36.718624 35.308479
v 21.857929 36.703861 35.284401
v 21.863459 36.699852 35.276890
v 21.781300 36.694283 35.197182
v 21.782364 36.692581 35.196377
v 22.114475 36.913967 35.004826
v 22.151045 36.891815 35.111217
v 22.115076 36.911964 35.004284
v 22.151598 36.889843 35.110531
v 22.151045 36.893875 35.111881
v 22.114336 36.916111 35.005085
v 22.148958 36.873260 35.166107
v 22.133759 36.844257 35.214043
v 22.133179 36.846169 35.214874
v 22.133114 36.848053 35.215935
v 22.066336 36.787422 35.287086
v 22.065664 36.789257 35.288017
v 21.967400 36.734566 35.310089
v 22.065338 36.790924 35.289360
v 21.966593 36.736328 35.311050
v 21.965889 36.737789 35.312481
v 21.912466 36.717327 35.302643
v 21.862507 36.701565 35.277805
v 21.861404 36.702896 35.279106
v 21.779886 36.695587 35.198177
v 22.046726 36.092651 34.804722
v 22.224840 35.955772 34.611835
v 22.146328 35.878464 34.727562
v 22.079718 36.051819 34.958160
v 22.178835 35.838230 34.878754
v 21.947124 36.306839 34.881878
v 21.831106 36.817123 34.913574
v 22.206051 36.072533 35.057705
v 22.303318 35.858643 34.976841
v 22.446857 35.927742 34.964367
v 21.980598 36.265404 35.037563
v 21.847523 36.521023 34.959034
v 21.745844 36.714703 35.090134
v 21.763685 36.760288 34.986618
v 22.108788 36.286427 35.138573
v 21.881481 36.478992 35.116970
v 22.011520 36.500317 35.219437
v 22.182411 35.890442 34.684235
v 22.240774 35.939640 34.621002
v 22.166965 35.850983 34.773838
v 22.198580 35.831833 34.865810
v 22.268780 35.838127 34.935501
v 22.358755 35.868176 34.964245
v 22.444399 35.913929 34.944332
v 22.518206 36.002590 34.791496
v 22.514799 35.992626 34.788586
v 22.486589 36.021736 34.699524
v 22.483347 36.000179 34.699852
v 22.483530 35.989304 34.698875
v 22.484373 36.011055 34.700073
v 22.498171 35.936234 34.863285
v 22.498396 35.945633 34.868847
v 22.499935 35.954651 34.874821
v 22.502762 35.963131 34.881104
v 22.443766 35.907303 34.935669
v 22.367781 35.850262 34.938564
v 22.364370 35.857262 34.946224
v 22.361345 35.863270 34.954834
v 22.274754 35.834351 34.927174
v 22.222748 35.817352 34.849438
v 22.215298 35.823437 34.854614
v 22.207195 35.828293 34.860100
v 22.525370 36.005054 34.848640
v 22.492863 36.045288 34.697449
v 22.416391 36.015446 34.629833
v 22.368380 36.024876 34.599361
v 22.326416 35.985394 34.601089
v 22.431406 36.221123 34.927597
v 22.398417 36.261955 34.774158
v 22.337444 36.437195 35.006557
v 22.272079 36.241241 34.674610
v 22.303970 36.478626 34.850868
v 22.243483 36.653267 35.085514
v 22.175781 36.457603 34.749863
v 22.209522 36.695293 34.927574
v 22.033983 36.904694 34.923775
v 22.079483 36.673969 34.825111
v 21.930040 36.869976 34.890572
v 21.744728 36.716434 35.090790
v 21.743177 36.717823 35.091377
v 21.745266 36.738438 35.037155
v 21.762594 36.762081 34.987133
v 21.761110 36.763645 34.987324
v 21.830109 36.818996 34.913990
v 21.828884 36.820778 34.913898
v 21.929182 36.871925 34.890953
v 21.928335 36.873909 34.890778
v 21.981758 36.894371 34.900616
v 22.033266 36.906689 34.924202
v 22.032818 36.908802 34.924152
v 22.176771 35.846722 34.771591
v 22.208105 35.870419 34.685028
v 22.200249 35.877987 34.685623
v 22.191633 35.884697 34.685356
v 22.247801 35.932045 34.624504
v 22.338497 35.956394 34.609745
v 22.334274 35.966354 34.608242
v 22.330223 35.976078 34.605343
v 22.416815 36.004997 34.633003
v 22.235191 35.801918 34.840374
v 22.207499 35.818691 34.759808
v 22.239975 35.792835 34.836639
v 22.212400 35.809536 34.756416
v 22.201372 35.827126 34.763073
v 22.229418 35.810139 34.844666
v 22.221027 35.853260 34.681313
v 22.225872 35.843956 34.678257
v 22.215071 35.862133 34.683582
v 22.272154 35.896355 34.625923
v 22.276779 35.886871 34.623104
v 22.266846 35.905777 34.627491
v 22.347178 35.936436 34.608482
v 22.351482 35.926781 34.605736
v 22.342821 35.946365 34.609829
v 22.425995 35.962761 34.633659
v 22.429966 35.952991 34.630806
v 22.491198 35.958481 34.691597
v 22.487488 35.968273 34.694710
v 22.422644 35.973022 34.635323
v 22.484919 35.978607 34.697151
v 22.832552 34.651493 34.174854
v 22.985737 34.717613 34.182556
v 23.074543 34.706402 34.323570
v 22.518772 35.941776 34.771820
v 22.505302 35.907360 34.849976
v 23.010166 34.629066 34.456882
v 22.454393 35.864445 34.905128
v 23.004227 34.595718 34.408512
v 23.052511 34.653717 34.308529
v 22.985907 34.662128 34.202766
v 22.871017 34.612537 34.196991
v 22.889339 34.546127 34.402737
v 22.822733 34.554539 34.296974
v 22.768171 34.574158 34.308167
v 22.856979 34.562946 34.449181
v 22.379690 35.824535 34.922497
v 22.301208 35.798325 34.897427
v 22.515181 35.951500 34.775272
v 22.512962 35.961617 34.778740
v 22.501652 35.916931 34.853767
v 22.499262 35.926613 34.858231
v 22.450527 35.873833 34.909157
v 22.447487 35.882969 34.914322
v 22.375505 35.833755 34.926598
v 22.371511 35.842377 34.931988
v 22.296686 35.807430 34.901421
v 22.291693 35.815720 34.906490
v 22.438829 37.457432 36.216087
v 22.321842 37.458733 36.067455
v 22.328341 37.457691 36.063282
v 22.583309 37.478821 36.336281
v 22.465761 37.461266 36.211082
v 22.746885 37.521652 36.421051
v 22.621035 37.486729 36.333431
v 22.920055 37.583439 36.465473
v 22.796362 37.536278 36.414253
v 23.615574 38.142494 35.759232
v 23.630241 38.104107 35.911049
v 23.608402 38.071712 35.945419
v 23.575027 38.192680 35.570648
v 23.628281 38.167843 35.732967
v 23.489523 38.218845 35.392517
v 23.584684 38.212975 35.554523
v 23.494938 38.223557 35.389481
v 23.499193 38.229710 35.387291
v 23.501993 38.236885 35.386097
v 22.444407 37.456402 36.210743
v 22.341124 37.461632 36.055542
v 22.334919 37.458679 36.059216
v 22.587746 37.477619 36.329987
v 22.750032 37.520115 36.414089
v 22.921839 37.581413 36.458160
v 22.979797 37.606544 36.448032
v 22.980055 37.605061 36.455677
v 22.979502 37.605438 36.463444
v 23.092751 37.660591 36.466965
v 23.093174 37.657955 36.459641
v 23.158838 37.692738 36.432472
v 23.160908 37.692127 36.439964
v 23.162041 37.693317 36.447582
v 23.254938 37.748619 36.425442
v 23.254082 37.745293 36.418446
v 23.321285 37.788979 36.368637
v 23.324999 37.789341 36.375481
v 23.327665 37.791443 36.382496
v 23.397188 37.842415 36.343311
v 23.395212 37.838352 36.336964
v 23.456064 37.888718 36.260868
v 23.461142 37.890091 36.266621
v 23.465080 37.893127 36.272621
v 23.511236 37.936527 36.225353
v 23.508362 37.931721 36.219933
v 23.553995 37.985153 36.116516
v 23.560062 37.987499 36.120808
v 23.564926 37.991447 36.125446
v 23.590458 38.025478 36.078419
v 23.586958 38.019970 36.074154
v 23.615021 38.074932 35.947979
v 23.620396 38.079697 35.951004
v 23.622267 38.146435 35.759911
v 23.627708 38.151867 35.761177
v 23.581308 38.197128 35.569416
v 23.586370 38.203033 35.568905
v 23.641653 38.099392 35.910355
v 23.601423 38.019886 36.079590
v 23.639671 38.163834 35.730289
v 23.521322 37.929943 36.228161
v 23.595591 38.209473 35.549858
v 23.406004 37.834785 36.347435
v 23.511976 38.233650 35.379555
v 23.262165 37.739944 36.430481
v 23.393686 38.234966 35.229263
v 23.364887 38.219212 35.236973
v 23.098171 37.650932 36.472469
v 23.247595 38.213337 35.107735
v 23.209614 38.193748 35.114628
v 22.923552 37.572922 36.470959
v 23.082197 38.170029 35.022015
v 23.034286 38.144199 35.033810
v 22.748453 37.510448 36.426041
v 22.907099 38.107555 34.977100
v 22.850851 38.073929 35.000027
v 22.583052 37.467136 36.340328
v 22.732475 38.029545 34.975590
v 22.671810 37.987740 35.015587
v 22.436962 37.445511 36.218792
v 22.568481 37.940533 35.017578
v 22.509365 37.891495 35.079422
v 22.318674 37.446827 36.068508
v 22.424646 37.845692 35.100624
v 22.374582 37.791759 35.187191
v 22.235060 37.471004 35.898201
v 22.255621 37.487797 35.877411
v 22.309326 37.750530 35.219898
v 22.276653 37.695324 35.331539
v 22.190979 37.516640 35.717773
v 22.215073 37.537983 35.688824
v 22.229223 37.660587 35.368469
v 22.222248 37.608765 35.502640
v 22.188995 37.581085 35.537704
v 22.307045 37.472675 36.077885
v 22.228134 37.494392 35.920200
v 22.183104 37.534744 35.753151
v 22.174204 37.591713 35.585110
v 22.201885 37.662441 35.424507
v 22.264759 37.743378 35.279392
v 22.359669 37.830471 35.157043
v 22.481861 37.919350 35.063595
v 22.625204 38.005554 35.003735
v 22.782513 38.084770 34.980465
v 22.945898 38.153015 34.994949
v 23.107164 38.206879 35.046463
v 23.258234 38.243649 35.132423
v 23.391520 38.261486 35.248520
v 23.500347 38.259499 35.388931
v 23.385008 38.238186 35.237465
v 23.240528 38.216797 35.117271
v 23.076952 38.173965 35.032501
v 22.195557 37.527779 35.720589
v 22.193594 37.591511 35.542507
v 22.239149 37.482643 35.899029
v 22.315865 37.461735 36.071457
v 22.310820 37.466488 36.075016
v 23.393906 38.254288 35.246716
v 23.503153 38.244591 35.385979
v 23.502592 38.252304 35.386948
v 23.260786 38.236473 35.130768
v 23.109915 38.199749 35.044918
v 22.948854 38.145958 34.993469
v 22.903782 38.112179 34.988079
v 22.901325 38.119133 34.985554
v 22.898489 38.126369 34.985008
v 22.785679 38.077801 34.979004
v 22.731087 38.035030 34.986584
v 22.727585 38.041515 34.984051
v 22.724091 38.048458 34.983501
v 22.628571 37.998684 35.002243
v 22.568899 37.946999 35.028111
v 22.564417 37.952950 35.025829
v 22.560308 37.959564 35.025436
v 22.485411 37.912590 35.062027
v 22.426647 37.853203 35.110241
v 22.421305 37.858585 35.108456
v 22.416656 37.864841 35.108372
v 22.363377 37.823826 35.155354
v 22.312597 37.759094 35.228199
v 22.306566 37.763908 35.227127
v 22.301483 37.769806 35.227493
v 22.268587 37.736847 35.277546
v 22.233379 37.670139 35.375137
v 22.226868 37.674419 35.374950
v 22.221485 37.679977 35.375877
v 22.205793 37.656010 35.422474
v 22.186842 37.595314 35.543335
v 22.181307 37.600574 35.544895
v 22.188816 37.531197 35.722492
v 22.183287 37.536213 35.724731
v 22.232674 37.485790 35.902012
v 22.227312 37.490635 35.904926
v 23.583961 38.235321 35.559238
v 22.433559 37.460426 36.220989
v 22.428957 37.465176 36.225109
v 22.425333 37.471359 36.228172
v 22.578913 37.481945 36.341908
v 22.574858 37.486774 36.346485
v 22.571423 37.492985 36.349705
v 22.743479 37.525032 36.427193
v 22.740047 37.530029 36.432095
v 22.736824 37.536293 36.435421
v 22.911922 37.598770 36.480339
v 22.917696 37.587193 36.471882
v 22.914923 37.592422 36.476955
v 23.091434 37.664810 36.473385
v 23.089317 37.670334 36.478462
v 23.086542 37.676781 36.481850
v 23.254601 37.753372 36.431606
v 23.253103 37.759232 36.436527
v 23.250536 37.765793 36.439861
v 23.397715 37.847736 36.348984
v 23.396753 37.853951 36.353588
v 23.394373 37.860634 36.356815
v 23.512453 37.942417 36.230309
v 23.511929 37.948990 36.234467
v 23.509695 37.955791 36.237541
v 23.592152 38.031906 36.082485
v 23.591925 38.038815 36.086086
v 23.589794 38.045738 36.088970
v 23.632175 38.111012 35.914104
v 23.632101 38.118221 35.917065
v 23.630024 38.125240 35.919731
v 23.630203 38.175129 35.734943
v 23.630121 38.182579 35.737232
v 23.628042 38.189686 35.739666
v 23.586346 38.220535 35.555428
v 23.586100 38.228157 35.557034
v 23.383127 38.230999 35.239830
v 23.239786 38.209782 35.120586
v 23.077497 38.167290 35.036484
v 22.905693 38.105988 34.992409
v 22.849804 38.077179 34.993019
v 22.848032 38.081963 34.987129
v 22.734360 38.029446 34.990929
v 22.668949 37.990112 35.008736
v 22.665491 37.994087 35.002991
v 22.573452 37.942108 35.032127
v 22.504858 37.892895 35.073215
v 22.499868 37.895958 35.068077
v 22.432322 37.849049 35.113609
v 22.368713 37.792149 35.182076
v 22.362452 37.794273 35.177948
v 22.319170 37.755684 35.230640
v 22.269793 37.694736 35.327888
v 22.262608 37.695953 35.325123
v 22.240574 37.667431 35.376415
v 22.214836 37.607304 35.500717
v 22.207138 37.607704 35.499565
v 22.207590 37.535805 35.688789
v 22.199825 37.535534 35.689392
v 22.248547 37.485111 35.879280
v 22.241163 37.484371 35.881668
v 23.913826 37.068890 35.033855
v 23.900812 37.097813 35.044353
v 23.793392 37.068104 34.886696
v 23.772333 37.096149 34.889633
v 23.642014 37.040546 34.774960
v 23.609962 37.064617 34.775223
v 23.471949 36.988445 34.707695
v 23.428417 37.006069 34.711487
v 23.296974 36.916019 34.690357
v 23.244152 36.925816 34.704201
v 23.131273 36.829140 34.724350
v 23.073860 36.831123 34.754028
v 22.988264 36.734840 34.806915
v 22.932974 36.730579 34.856453
v 22.879530 36.640770 34.931370
v 22.834261 36.633293 35.002190
v 22.813887 36.554543 35.087627
v 22.786669 36.548077 35.178032
v 22.796648 36.483143 35.263027
v 22.794508 36.482655 35.368050
v 22.829210 36.432358 35.443367
v 22.817057 36.460697 35.456520
v 22.851086 36.444782 35.542576
v 22.908937 36.406300 35.614029
v 22.895927 36.435223 35.624523
v 22.824951 36.461926 35.356586
v 22.881067 36.424774 35.528557
v 22.980143 36.412964 35.683952
v 23.024406 36.436886 35.779240
v 23.114159 36.427452 35.810181
v 23.186779 36.468418 35.893654
v 23.272253 36.467068 35.897018
v 23.368322 36.526966 35.957390
v 23.441618 36.528599 35.937428
v 23.552588 36.607220 35.964672
v 23.608532 36.607063 35.928139
v 23.722879 36.701912 35.914848
v 23.759476 36.696098 35.869896
v 23.863766 36.802456 35.812424
v 23.882217 36.788498 35.767429
v 23.962475 36.899742 35.666687
v 23.966816 36.876774 35.629028
v 24.010071 36.984959 35.490841
v 24.006416 36.953773 35.465916
v 24.002232 37.050377 35.300823
v 23.997808 37.013264 35.291302
v 23.029369 36.407085 35.761192
v 23.180750 36.434643 35.872929
v 23.350817 36.486744 35.940193
v 23.525787 36.559170 35.957531
v 23.691488 36.646053 35.923538
v 23.834501 36.740349 35.840969
v 23.943232 36.834423 35.716518
v 24.008875 36.920650 35.560261
v 24.026114 36.992050 35.384857
v 23.993553 37.042835 35.204521
v 23.979683 37.072334 35.212357
v 23.945656 37.088253 35.126297
v 22.816345 36.521416 35.181973
v 22.855946 36.598415 35.018856
v 22.940546 36.686691 34.880459
v 23.941694 37.050415 35.119328
v 23.063288 36.779091 34.777988
v 23.842617 37.062225 34.963932
v 23.214231 36.868126 34.719749
v 23.708603 37.047737 34.837704
v 23.381147 36.946590 34.710457
v 23.550510 37.008121 34.750870
v 23.456251 38.014481 35.990444
v 23.597555 38.159386 35.766289
v 23.590469 38.089485 35.950153
v 23.536743 38.004005 36.119122
v 23.440035 37.908772 36.261673
v 23.450808 38.148598 35.614071
v 23.557514 38.208946 35.580055
v 23.473074 38.234783 35.404140
v 23.239504 37.818790 36.261028
v 23.306932 37.810280 36.368099
v 23.146511 37.715233 36.431141
v 23.225971 38.166195 35.286800
v 23.349991 38.235146 35.250542
v 23.025389 37.699043 36.325577
v 22.969700 37.630116 36.446507
v 23.196653 38.210003 35.129719
v 23.020643 38.116123 35.170223
v 23.023510 38.161068 35.049904
v 22.791418 37.605671 36.292828
v 22.788549 37.560722 36.413147
v 22.615406 37.511791 36.333332
v 22.842361 38.091679 35.016544
v 22.786673 38.022747 35.137474
v 22.586092 37.555599 36.176250
v 22.462070 37.486645 36.212509
v 22.665550 38.006557 35.031910
v 22.572559 37.903000 35.202023
v 22.338985 37.487007 36.058910
v 22.505129 37.911514 35.094952
v 22.361254 37.573196 35.848980
v 22.254549 37.512848 35.882996
v 22.372026 37.813023 35.201374
v 22.355812 37.707310 35.472607
v 22.214504 37.562408 35.696758
v 22.275316 37.717789 35.343925
v 22.221590 37.632309 35.512894
v 22.338270 37.486614 36.059326
v 23.350502 38.235661 35.249977
v 23.473734 38.235302 35.403767
v 23.350948 38.236290 35.249474
v 23.351313 38.237011 35.249039
v 23.474831 38.236649 35.403183
v 23.474325 38.235928 35.403442
v 23.196978 38.210487 35.129009
v 23.197243 38.211086 35.128361
v 23.197433 38.211781 35.127789
v 23.023682 38.162670 35.047695
v 23.023624 38.161495 35.049099
v 23.023684 38.162033 35.048355
v 22.841892 38.093037 35.014217
v 22.842257 38.092022 35.015697
v 22.842098 38.092476 35.014915
v 22.665232 38.006798 35.031082
v 22.664864 38.007153 35.030315
v 22.664457 38.007618 35.029636
v 22.504614 37.911636 35.094200
v 22.504055 37.911880 35.093513
v 22.503469 37.912235 35.092899
v 22.369898 37.813393 35.199703
v 22.371351 37.813023 35.200752
v 22.370634 37.813148 35.200191
v 22.274525 37.717674 35.343479
v 22.273693 37.717690 35.343086
v 22.272848 37.717827 35.342758
v 22.220732 37.632095 35.512650
v 22.219837 37.632004 35.512459
v 22.218929 37.632046 35.512321
v 22.211821 37.561893 35.696835
v 22.213638 37.562107 35.696739
v 22.212736 37.561932 35.696762
v 22.253729 37.512486 35.883202
v 22.252874 37.512257 35.883446
v 22.337515 37.486351 36.059784
v 22.336740 37.486229 36.060261
v 22.252005 37.512161 35.883728
v 22.461502 37.486252 36.213116
v 22.460896 37.485989 36.213753
v 22.460258 37.485867 36.214405
v 22.615026 37.511425 36.334087
v 22.614601 37.511192 36.334866
v 22.614138 37.511101 36.335655
v 22.787893 37.560207 36.415749
v 22.788380 37.560421 36.413998
v 22.788160 37.560246 36.414871
v 22.969681 37.629845 36.449226
v 22.969749 37.629898 36.447395
v 22.969742 37.629807 36.448311
v 23.146776 37.715118 36.432014
v 23.146978 37.715126 36.432911
v 23.147114 37.715263 36.433807
v 23.307392 37.810280 36.368893
v 23.307785 37.810402 36.369717
v 23.308104 37.810642 36.370544
v 23.440653 37.908890 36.262344
v 23.441206 37.909130 36.263035
v 23.441675 37.909485 36.263744
v 23.537483 38.004238 36.119617
v 23.538147 38.004589 36.120140
v 23.538727 38.005051 36.120686
v 23.592642 38.090832 35.951122
v 23.591276 38.089825 35.950443
v 23.592005 38.090279 35.950771
v 23.599752 38.160980 35.766609
v 23.598368 38.159809 35.766357
v 23.599106 38.160347 35.766464
v 23.558277 38.209431 35.579891
v 23.558968 38.210026 35.579781
v 23.559568 38.210716 35.579716
v 23.475241 38.237450 35.402988
v 22.459612 37.485882 36.215057
v 22.335966 37.486248 36.060753
v 22.458965 37.486042 36.215691
v 22.335207 37.486404 36.061241
v 22.334480 37.486698 36.061722
v 22.458340 37.486336 36.216293
v 22.613651 37.511143 36.336433
v 22.613148 37.511322 36.337181
v 22.612646 37.511639 36.337879
v 22.786884 37.560883 36.418198
v 22.787586 37.560303 36.416611
v 22.787249 37.560528 36.417431
v 22.969564 37.630009 36.450119
v 22.969397 37.630302 36.450977
v 22.969177 37.630711 36.451771
v 23.147182 37.715515 36.434685
v 23.147181 37.715889 36.435528
v 23.147104 37.716370 36.436306
v 23.308540 37.812016 36.372868
v 23.308338 37.810997 36.371357
v 23.308487 37.811459 36.372135
v 23.442047 37.909943 36.264446
v 23.442320 37.910496 36.265125
v 23.442484 37.911133 36.265770
v 23.539804 38.006962 36.122318
v 23.539200 38.005611 36.121239
v 23.539562 38.006252 36.121788
v 23.593870 38.092983 35.952282
v 23.593174 38.091480 35.951500
v 23.593588 38.092205 35.951889
v 23.600998 38.163326 35.767254
v 23.600290 38.161701 35.766792
v 23.600710 38.162491 35.767010
v 23.560066 38.211487 35.579708
v 23.475542 38.238308 35.402866
v 23.560448 38.212322 35.579750
v 23.475731 38.239204 35.402821
v 23.560705 38.213200 35.579845
v 22.249508 37.512703 35.884697
v 23.351593 38.237812 35.248684
v 23.351782 38.238670 35.248417
v 23.351871 38.239567 35.248245
v 23.197556 38.212551 35.127308
v 23.197599 38.213387 35.126930
v 23.197563 38.214264 35.126663
v 23.023621 38.163395 35.047134
v 23.023500 38.164181 35.046680
v 23.023327 38.165020 35.046345
v 22.841034 38.095192 35.012772
v 22.841642 38.093685 35.013618
v 22.841354 38.094410 35.013134
v 22.664024 38.008175 35.029053
v 22.663567 38.008823 35.028584
v 22.663105 38.009537 35.028236
v 22.502865 37.912697 35.092384
v 22.502262 37.913254 35.091972
v 22.501671 37.913891 35.091675
v 22.369156 37.813751 35.199295
v 22.368427 37.814217 35.198982
v 22.367729 37.814774 35.198772
v 22.272003 37.718082 35.342499
v 22.271185 37.718456 35.342319
v 22.270409 37.718941 35.342224
v 22.216341 37.632919 35.512257
v 22.218029 37.632214 35.512238
v 22.217161 37.632507 35.512218
v 22.210915 37.561993 35.696945
v 22.210037 37.562222 35.697098
v 22.209211 37.562576 35.697285
v 22.251139 37.512207 35.884033
v 22.250299 37.512390 35.884357
v 22.424280 38.050224 35.113331
v 22.577377 38.151569 35.064102
v 22.424858 38.060478 35.126049
v 22.578819 38.142525 35.050564
v 22.745142 38.234325 35.044044
v 22.748812 38.226376 35.030239
v 22.918413 38.303928 35.067047
v 22.924383 38.296906 35.053547
v 23.087116 38.356339 35.131767
v 23.095322 38.350014 35.119129
v 23.251698 38.382610 35.223175
v 23.241446 38.388512 35.234451
v 23.384426 38.392807 35.359634
v 23.372433 38.398575 35.369125
v 23.472467 38.385944 35.527966
v 23.485786 38.380009 35.520584
v 23.549894 38.344959 35.696663
v 23.535734 38.351357 35.701740
v 23.573017 38.289696 35.877640
v 23.558554 38.296814 35.880348
v 23.553820 38.217430 36.053001
v 23.539606 38.225494 36.053410
v 23.479988 38.141541 36.210873
v 23.493410 38.132362 36.212551
v 23.395302 38.039436 36.347015
v 23.383165 38.049831 36.343578
v 23.254765 37.955696 36.443817
v 23.265196 37.944050 36.448586
v 22.424908 38.060375 35.126011
v 22.577423 38.151470 35.064064
v 22.745192 38.234219 35.044006
v 22.918459 38.303825 35.067009
v 23.087162 38.356236 35.131733
v 23.241491 38.388409 35.234417
v 23.372478 38.398472 35.369087
v 23.472513 38.385841 35.527931
v 23.535780 38.351250 35.701702
v 23.558603 38.296711 35.880310
v 23.539654 38.225395 36.053371
v 23.480034 38.141438 36.210835
v 23.383211 38.049728 36.343536
v 23.254810 37.955593 36.443779
v 22.644327 37.681362 36.442642
v 22.592556 37.659733 36.438057
v 22.761257 37.712147 36.502781
v 22.955746 37.798424 36.506130
v 22.934526 37.781746 36.525784
v 22.438225 37.627560 36.335377
v 23.102295 37.864498 36.505726
v 22.371346 37.629154 36.248062
v 22.307238 37.617496 36.200699
v 23.243933 37.956966 36.426506
v 22.250053 37.633938 36.084492
v 22.207203 37.630127 36.041862
v 22.161083 37.674877 35.861351
v 22.143936 37.664719 35.868088
v 23.437241 38.110390 36.243340
v 22.121115 37.719257 35.689480
v 22.146816 37.768776 35.584873
v 23.532900 38.247192 35.984917
v 22.140062 37.790577 35.516415
v 22.242476 37.905575 35.326450
v 22.199682 37.874531 35.358955
v 23.518633 38.341091 35.708439
v 22.296507 37.966240 35.226250
v 23.429665 38.382034 35.485298
v 22.435783 38.059002 35.143284
v 23.308372 38.386818 35.321728
v 22.723972 38.217545 35.063660
v 23.035389 38.334610 35.127144
v 23.110657 37.851753 36.511356
v 22.940662 37.767902 36.531677
v 22.765093 37.697372 36.508369
v 22.594154 37.644264 36.442787
v 22.437777 37.611668 36.338745
v 22.305050 37.601471 36.202282
v 22.203690 37.614269 36.041336
v 22.139582 37.649319 35.865257
v 22.116459 37.704582 35.684277
v 22.135656 37.776848 35.508919
v 22.196066 37.861912 35.349369
v 22.294174 37.954842 35.214901
v 23.102249 37.864605 36.505764
v 22.934481 37.781853 36.525818
v 22.761211 37.712246 36.502819
v 22.592510 37.659836 36.438095
v 22.438179 37.627663 36.335415
v 22.307192 37.617599 36.200737
v 22.207157 37.630230 36.041901
v 22.143890 37.664822 35.868126
v 22.121069 37.719360 35.689514
v 22.140017 37.790680 35.516453
v 22.199636 37.874634 35.358994
v 22.296457 37.966343 35.226288
v 23.538630 38.271168 35.926327
v 23.451931 38.125729 36.219669
v 23.486294 38.364449 35.604359
v 23.243887 37.957069 36.426544
v 23.391813 38.386909 35.425304
v 23.227219 38.377987 35.245827
v 22.984478 37.811989 36.504753
v 22.978497 38.317291 35.104717
v 22.701128 37.698883 36.465149
v 22.695147 38.204185 35.065113
v 22.452404 37.638191 36.324036
v 22.287813 37.629269 36.144558
v 22.435738 38.059105 35.143322
v 22.193329 37.651730 35.965508
v 22.227692 37.890446 35.350197
v 22.140993 37.745010 35.643536
v 23.474821 38.236591 35.403187
v 23.351311 38.236954 35.249050
v 23.474306 38.235855 35.403450
v 23.473703 38.235214 35.403782
v 23.350485 38.235577 35.250004
v 23.473032 38.234692 35.404163
v 23.349962 38.235050 35.250580
v 23.350935 38.236217 35.249493
v 23.196976 38.210403 35.129047
v 23.196642 38.209911 35.129768
v 23.197439 38.211723 35.127804
v 23.197243 38.211014 35.128387
v 23.023691 38.162621 35.047714
v 23.023638 38.161415 35.049145
v 23.023520 38.160984 35.049965
v 23.023693 38.161968 35.048389
v 22.842285 38.091946 35.015747
v 22.842392 38.091599 35.016609
v 22.841913 38.092987 35.014236
v 22.842125 38.092411 35.014950
v 22.665276 38.006733 35.031132
v 22.665602 38.006489 35.031975
v 22.664488 38.007568 35.029655
v 22.664900 38.007095 35.030350
v 22.504675 37.911583 35.094242
v 22.505199 37.911457 35.095009
v 22.503506 37.912193 35.092918
v 22.504105 37.911831 35.093540
v 22.371424 37.812977 35.200783
v 22.372112 37.812977 35.201420
v 22.369942 37.813358 35.199711
v 22.370693 37.813107 35.200211
v 22.274607 37.717640 35.343494
v 22.275417 37.717754 35.343956
v 22.273758 37.717651 35.343094
v 22.272894 37.717796 35.342762
v 22.220818 37.632065 35.512653
v 22.221695 37.632286 35.512901
v 22.219906 37.631973 35.512459
v 22.218981 37.632019 35.512314
v 22.213726 37.562084 35.696724
v 22.214609 37.562393 35.696747
v 22.254648 37.512836 35.882957
v 22.212805 37.561909 35.696751
v 22.211870 37.561871 35.696823
v 22.253813 37.512466 35.883167
v 22.339077 37.487000 36.058849
v 22.338346 37.486599 36.059277
v 22.252941 37.512234 35.883419
v 22.337576 37.486336 36.059742
v 22.336786 37.486210 36.060230
v 22.252054 37.512142 35.883705
v 22.888430 37.640011 36.318272
v 22.615465 37.511780 36.333244
v 22.788588 37.560707 36.413048
v 22.969717 37.630089 36.446404
v 23.146505 37.715199 36.431038
v 22.543314 37.550159 36.138008
v 22.462147 37.486637 36.212433
v 23.239527 37.818741 36.261009
v 23.306910 37.810234 36.368004
v 23.439993 37.908714 36.261593
v 22.345943 37.585869 35.794876
v 23.399076 37.945377 36.109825
v 23.536692 38.003937 36.119057
v 22.334089 37.663364 35.566601
v 23.478016 38.058327 35.896412
v 23.590414 38.089405 35.950111
v 23.597496 38.159298 35.766266
v 22.413031 37.776314 35.353188
v 23.466162 38.135822 35.668137
v 23.557459 38.208855 35.580055
v 22.572582 37.902946 35.202000
v 23.268795 38.171532 35.325005
v 22.923679 38.081676 35.144741
v 22.460297 37.485847 36.214367
v 22.461569 37.486237 36.213055
v 22.460947 37.485973 36.213703
v 22.615078 37.511410 36.334011
v 22.614168 37.511078 36.335613
v 22.614641 37.511173 36.334808
v 22.787916 37.560181 36.415703
v 22.788416 37.560398 36.413914
v 22.788189 37.560223 36.414806
v 22.969765 37.629868 36.447311
v 22.969694 37.629814 36.449177
v 22.969761 37.629776 36.448246
v 23.146776 37.715080 36.431927
v 23.147120 37.715233 36.433762
v 23.146982 37.715092 36.432842
v 23.307377 37.810234 36.368816
v 23.308102 37.810608 36.370499
v 23.307777 37.810356 36.369652
v 23.440628 37.908836 36.262276
v 23.441666 37.909443 36.263702
v 23.441189 37.909081 36.262981
v 23.537445 38.004177 36.119560
v 23.538124 38.004536 36.120098
v 23.538713 38.005005 36.120655
v 23.591232 38.089752 35.950405
v 23.591976 38.090214 35.950737
v 23.592627 38.090786 35.951099
v 23.598326 38.159733 35.766335
v 23.599077 38.160278 35.766441
v 23.599737 38.160931 35.766594
v 23.558239 38.209347 35.579891
v 23.558941 38.209953 35.579773
v 23.559553 38.210663 35.579712
v 22.335995 37.486229 36.060730
v 22.459637 37.485867 36.215031
v 22.458979 37.486031 36.215679
v 22.335218 37.486397 36.061234
v 22.613670 37.511124 36.336403
v 22.613159 37.511314 36.337166
v 22.787601 37.560284 36.416580
v 22.787256 37.560520 36.417416
v 22.969574 37.629990 36.450089
v 22.969400 37.630291 36.450962
v 23.147188 37.715492 36.434654
v 23.147182 37.715878 36.435513
v 23.308338 37.810970 36.371326
v 23.308487 37.811443 36.372124
v 23.442045 37.909912 36.264420
v 23.442320 37.910480 36.265114
v 23.539196 38.005581 36.121220
v 23.539562 38.006237 36.121777
v 23.593166 38.091446 35.951485
v 23.593584 38.092186 35.951881
v 23.600285 38.161667 35.766785
v 23.600708 38.162472 35.767006
v 23.560061 38.211449 35.579700
v 23.475235 38.237411 35.402988
v 23.560446 38.212303 35.579746
v 23.475542 38.238285 35.402866
v 23.351593 38.237770 35.248688
v 23.351782 38.238647 35.248421
v 23.197559 38.212517 35.127316
v 23.197601 38.213367 35.126930
v 23.023628 38.163357 35.047142
v 23.023504 38.164162 35.046680
v 22.841656 38.093651 35.013630
v 22.841360 38.094391 35.013138
v 22.664042 38.008144 35.029064
v 22.663578 38.008808 35.028587
v 22.502892 37.912670 35.092392
v 22.502274 37.913235 35.091976
v 22.369184 37.813728 35.199299
v 22.368441 37.814201 35.198982
v 22.272034 37.718060 35.342499
v 22.271198 37.718445 35.342319
v 22.218063 37.632195 35.512234
v 22.217176 37.632496 35.512215
v 22.210947 37.561974 35.696938
v 22.210052 37.562210 35.697094
v 22.251169 37.512192 35.884018
v 22.250315 37.512379 35.884354
v 24.438429 36.102695 35.954605
v 24.436209 36.102978 35.951080
v 24.438044 36.104267 35.954971
v 24.436369 36.107140 35.951309
v 24.438213 36.105919 35.954994
v 24.438917 36.107391 35.954670
v 24.440865 36.108810 35.953556
v 24.439508 36.109211 35.949493
v 24.443094 36.108597 35.952137
v 24.444708 36.106838 35.950977
v 24.441742 36.107212 35.946270
v 24.444548 36.102669 35.950748
v 24.431725 36.103542 35.943962
v 24.441408 36.100597 35.952564
v 24.448658 36.298691 35.958801
v 24.299925 36.200619 36.044674
v 35.255165 12.067983 27.226326
v 35.257397 12.065980 27.223097
v 35.252026 12.065911 27.228138
v 35.394428 11.968242 27.130690
v 35.251865 12.061746 27.227907
v 35.245697 11.870172 27.216562
v 24.519304 36.304291 36.030964
v 24.490381 36.306793 35.988205
v 24.530504 36.291607 36.079796
v 24.565165 36.293400 36.117836
v 24.549458 36.295383 36.092892
v 24.541605 36.290207 36.097424
v 24.562475 36.286526 36.133446
v 24.307611 36.186279 36.093727
v 24.333609 36.181847 36.138176
v 24.373489 36.188080 36.170452
v 24.384592 36.186676 36.188076
v 24.392452 36.179520 36.217552
v 24.376741 36.181499 36.192608
v 24.408125 36.184753 36.222561
v 35.508247 11.956078 27.305334
v 35.510937 11.962953 27.289724
v 35.495224 11.964935 27.264782
v 35.487377 11.959759 27.269312
v 35.476273 11.961161 27.251686
v 35.465076 11.973841 27.202850
v 35.436153 11.976344 27.160093
v 35.253384 11.855831 27.265614
v 35.279381 11.851399 27.310062
v 35.319260 11.857631 27.342337
v 35.330360 11.856230 27.359966
v 35.353897 11.854305 27.394449
v 35.338223 11.849070 27.389442
v 35.322514 11.851052 27.364498
v 35.254086 12.061465 27.231436
v 35.253700 12.063038 27.231802
v 35.253872 12.064691 27.231825
v 35.254574 12.066158 27.231499
v 35.256523 12.067579 27.230385
v 35.258751 12.067367 27.228966
v 35.260365 12.065606 27.227808
v 35.260204 12.061441 27.227579
v 35.247383 12.062311 27.220789
v 35.257065 12.059369 27.229391
v 24.155804 35.916344 36.117779
v 24.153585 35.916622 36.114254
v 24.155416 35.917915 36.118145
v 24.153746 35.920788 36.114483
v 24.155590 35.919567 36.118168
v 24.156294 35.921036 36.117844
v 24.158237 35.922455 36.116730
v 24.156885 35.922859 36.112667
v 24.160471 35.922241 36.115311
v 24.162085 35.920483 36.114151
v 24.159117 35.920860 36.109440
v 24.161924 35.916317 36.113922
v 24.149101 35.917187 36.107136
v 24.158781 35.914246 36.115734
v 24.166035 36.112335 36.121975
v 24.017302 36.014267 36.207848
v 34.972542 11.881629 27.389500
v 34.974773 11.879627 27.386271
v 34.969402 11.879559 27.391312
v 35.111805 11.781889 27.293863
v 34.969238 11.875391 27.391081
v 34.963070 11.683819 27.379736
v 24.236681 36.117935 36.194138
v 24.207758 36.120438 36.151379
v 24.247879 36.105255 36.242970
v 24.282541 36.107044 36.281010
v 24.266830 36.109028 36.256065
v 24.258982 36.103851 36.260597
v 24.279850 36.100174 36.296619
v 24.024988 35.999928 36.256901
v 24.050985 35.995495 36.301350
v 24.090866 36.001724 36.333622
v 24.101969 36.000324 36.351250
v 24.109825 35.993164 36.380726
v 24.094118 35.995148 36.355782
v 24.125502 35.998398 36.385735
v 35.225620 11.769724 27.468508
v 35.228310 11.776599 27.452898
v 35.212601 11.778582 27.427956
v 35.204754 11.773406 27.432486
v 35.193649 11.774807 27.414860
v 35.182453 11.787488 27.366024
v 35.153526 11.789990 27.323267
v 34.970757 11.669478 27.428787
v 34.996754 11.665046 27.473236
v 35.036636 11.671277 27.505510
v 35.047737 11.669875 27.523136
v 35.071274 11.667952 27.557623
v 35.055599 11.662717 27.552616
v 35.039886 11.664700 27.527672
v 34.971462 11.875111 27.394606
v 34.971073 11.876685 27.394976
v 34.971249 11.878336 27.394999
v 34.971951 11.879806 27.394672
v 34.973896 11.881227 27.393559
v 34.976128 11.881014 27.392138
v 34.977741 11.879251 27.390982
v 34.977577 11.875087 27.390753
v 34.964760 11.875957 27.383963
v 34.974438 11.873016 27.392565
v 23.252468 36.257370 34.057877
v 23.254688 36.257088 34.061401
v 23.251587 36.258617 34.058529
v 23.251711 36.259186 34.063446
v 23.250345 36.259335 34.059368
v 23.248945 36.259418 34.060257
v 23.246904 36.258209 34.061447
v 23.248569 36.257114 34.065258
v 23.245842 36.255825 34.061928
v 23.246189 36.253227 34.061501
v 23.249155 36.252853 34.066216
v 23.249168 36.251133 34.059460
v 23.259171 36.256523 34.068520
v 23.252308 36.253204 34.057648
v 23.112125 36.350594 34.158623
v 23.260859 36.448662 34.072750
v 34.064224 12.215884 25.342087
v 34.064812 12.211624 25.343042
v 34.067368 12.217956 25.340275
v 34.057896 12.020146 25.330509
v 34.070347 12.215860 25.338230
v 34.206627 12.118216 25.244638
v 23.041477 36.344994 34.086456
v 23.070402 36.342491 34.129219
v 23.030279 36.357674 34.037624
v 22.995619 36.355885 33.999588
v 23.011328 36.353897 34.024529
v 23.019178 36.359077 34.019997
v 22.998306 36.362755 33.983974
v 23.253172 36.463001 34.023693
v 23.227173 36.467434 33.979248
v 23.187292 36.461205 33.946972
v 23.176191 36.462605 33.929344
v 23.168333 36.469765 33.899872
v 23.184040 36.467781 33.924812
v 23.152658 36.464531 33.894859
v 33.944077 12.032310 25.155863
v 33.941387 12.025434 25.171474
v 33.957100 12.023452 25.196419
v 33.964947 12.028629 25.191885
v 33.976051 12.027227 25.209515
v 33.987247 12.014544 25.258347
v 34.016171 12.012044 25.301105
v 34.198944 12.132556 25.195583
v 34.172943 12.136988 25.151136
v 34.133064 12.130756 25.118860
v 34.121964 12.132158 25.101234
v 34.098427 12.134082 25.066751
v 34.114101 12.139319 25.071756
v 34.129810 12.137334 25.096703
v 34.068127 12.216141 25.334705
v 34.067245 12.217385 25.335361
v 34.066002 12.218107 25.336199
v 34.064602 12.218188 25.337086
v 34.062561 12.216980 25.338276
v 34.061501 12.214596 25.338755
v 34.061844 12.211999 25.338333
v 34.064823 12.209903 25.336288
v 34.074829 12.215295 25.345348
v 34.067966 12.211973 25.334476
v 22.969845 36.071018 34.221050
v 22.972065 36.070736 34.224575
v 22.968962 36.072262 34.221703
v 22.969086 36.072830 34.226620
v 22.967722 36.072983 34.222542
v 22.966320 36.073063 34.223431
v 22.964281 36.071854 34.224621
v 22.965944 36.070763 34.228432
v 22.963219 36.069473 34.225098
v 22.963564 36.066875 34.224674
v 22.966532 36.066502 34.229389
v 22.966541 36.064781 34.222633
v 22.976547 36.070171 34.231693
v 22.969681 36.066849 34.220821
v 22.829500 36.164238 34.321796
v 22.978235 36.262310 34.235924
v 33.781601 12.029531 25.505260
v 33.782188 12.025271 25.506216
v 33.784740 12.031602 25.503447
v 33.775272 11.833792 25.493683
v 33.787720 12.029507 25.501404
v 33.924004 11.931862 25.407812
v 22.758854 36.158638 34.249630
v 22.787779 36.156136 34.292389
v 22.747652 36.171322 34.200798
v 22.712992 36.169529 34.162762
v 22.728703 36.167545 34.187702
v 22.736553 36.172722 34.183170
v 22.715683 36.176403 34.147148
v 22.970549 36.276649 34.186867
v 22.944550 36.281082 34.142422
v 22.904667 36.274849 34.110146
v 22.893568 36.276253 34.092518
v 22.885708 36.283413 34.063046
v 22.901417 36.281429 34.087986
v 22.870033 36.278175 34.058033
v 33.661453 11.845958 25.319036
v 33.658764 11.839083 25.334648
v 33.674473 11.837098 25.359592
v 33.682323 11.842275 25.355059
v 33.693424 11.840875 25.372688
v 33.704624 11.828193 25.421520
v 33.733547 11.825689 25.464279
v 33.916317 11.946202 25.358757
v 33.890320 11.950635 25.314310
v 33.850437 11.944404 25.282034
v 33.839336 11.945805 25.264408
v 33.815804 11.947729 25.229923
v 33.831478 11.952965 25.234928
v 33.847187 11.950981 25.259874
v 33.785503 12.029787 25.497879
v 33.784618 12.031033 25.498535
v 33.783379 12.031754 25.499372
v 33.781979 12.031836 25.500259
v 33.779934 12.030626 25.501450
v 33.778877 12.028242 25.501928
v 33.779221 12.025646 25.501507
v 33.782200 12.023550 25.499462
v 33.792206 12.028940 25.508522
v 33.785339 12.025621 25.497650
v 33.689980 11.481466 26.624781
v 33.722507 11.409163 26.598545
v 33.917881 11.384494 26.908775
v 33.885353 11.456799 26.935011
v 33.688213 11.487857 26.604984
v 33.694576 11.493222 26.598089
v 33.727104 11.420917 26.571854
v 33.720741 11.415552 26.578749
v 33.686531 11.483555 26.614756
v 33.719059 11.411250 26.588520
v 33.893005 11.457484 26.942608
v 33.902817 11.460762 26.945744
v 33.912155 11.465750 26.943571
v 33.899933 11.514454 26.794186
v 33.987606 11.515498 26.900011
v 33.826859 11.523682 26.678158
v 33.770027 11.542971 26.554529
v 33.802555 11.470666 26.528294
v 36.039627 12.386880 26.776886
v 36.003872 12.431136 26.610577
v 35.953266 12.301836 26.904188
v 35.795372 12.225825 26.917908
v 35.866940 12.408683 26.502680
v 35.271683 11.933531 27.074167
v 35.658440 12.203371 26.810013
v 35.448956 12.386481 26.045624
v 35.709045 12.332671 26.516401
v 35.450642 12.390783 26.035854
v 35.270000 11.929228 27.083935
v 35.447193 12.392872 26.025826
v 35.268238 11.935618 27.064138
v 35.442596 12.381117 26.052517
v 35.263638 11.923864 27.090832
v 35.214897 11.942353 26.979439
v 35.622684 12.247629 26.643702
v 35.367146 12.331367 26.096077
v 35.251816 12.417540 25.715599
v 35.001797 12.040266 26.445374
v 34.997444 12.099644 26.276333
v 34.942669 11.959690 26.594133
v 34.829071 11.870181 26.699972
v 34.907146 11.739435 27.157116
v 35.020248 11.805444 27.115421
v 35.123600 11.873592 27.055750
v 34.930279 12.128781 26.112753
v 35.310310 12.350658 25.972448
v 35.237240 12.359884 25.856422
v 35.149567 12.358840 25.750595
v 34.987293 11.741652 27.250380
v 34.977955 11.736664 27.252548
v 35.244164 12.416854 25.707998
v 35.007240 12.517229 25.137608
v 35.234356 12.413578 25.704863
v 34.579403 11.424053 27.619951
v 34.968147 11.733386 27.249416
v 34.678288 11.785366 26.746775
v 34.810524 12.123244 25.979532
v 34.971485 12.561487 24.971300
v 34.493038 11.339010 27.747250
v 34.920879 12.432186 25.264910
v 35.225018 12.408589 25.707035
v 34.543644 11.468311 27.453640
v 34.960491 11.732700 27.241816
v 34.762985 12.356175 25.278629
v 34.656414 12.083876 25.896959
v 34.513283 11.718159 26.727413
v 34.834553 12.539034 24.863401
v 34.335148 11.263000 27.760969
v 34.406715 11.445858 27.345741
v 34.676659 12.463022 24.877123
v 34.198215 11.240547 27.653074
v 34.590298 12.377979 25.004423
v 34.093658 11.179736 27.691032
v 34.070904 11.181226 27.658714
v 34.044945 11.180372 27.628883
v 34.162457 11.284805 27.486763
v 34.016148 11.177187 27.601957
v 34.020134 11.443194 26.873775
v 34.248821 11.369847 27.359465
v 34.359173 11.678789 26.644838
v 34.239418 11.673252 26.511621
v 34.262554 12.062598 25.467257
v 34.340630 11.931851 25.924398
v 34.491409 12.016666 25.877598
v 34.626057 12.333721 25.170732
v 34.209209 12.069334 25.382555
v 33.944683 11.393446 26.917336
v 34.201553 12.068647 25.374958
v 33.935345 11.388457 26.919508
v 33.925537 11.385181 26.916372
v 34.191746 12.065371 25.371824
v 34.182407 12.060382 25.373995
v 33.932461 11.442151 26.767950
v 34.149452 11.996590 25.508951
v 33.859390 11.451377 26.651924
v 34.046101 11.928441 25.568621
v 34.172256 11.702390 26.348040
v 34.167904 11.761767 26.179001
v 33.954803 11.859680 25.644934
v 34.227032 11.842343 26.030237
v 33.547016 11.554404 25.980669
v 33.460651 11.469362 26.107971
v 33.511257 11.598662 25.814362
v 33.901463 11.866415 25.560234
v 33.898014 11.868504 25.550205
v 33.302761 11.393351 26.121691
v 33.374329 11.576209 25.706465
v 33.899700 11.872806 25.540436
v 33.128075 11.289316 26.191824
v 33.116642 11.297581 26.154873
v 33.165829 11.370897 26.013794
v 33.101200 11.303661 26.118969
v 33.081966 11.307473 26.084620
v 33.216434 11.500197 25.720186
v 33.906063 11.878170 25.533543
v 33.130070 11.415155 25.847485
v 34.966007 9.262361 27.012234
v 35.096127 9.274027 27.141415
v 35.262901 9.329726 27.194687
v 35.421646 9.414534 27.157778
v 36.990051 10.468552 26.197517
v 36.963856 10.462608 26.181417
v 37.018677 10.541694 26.031427
v 36.989956 10.529296 26.029985
v 36.960079 10.577187 25.860954
v 36.881870 10.377359 26.314716
v 36.865219 10.379462 26.288273
v 36.936527 10.561658 25.874554
v 36.732258 10.307305 26.322279
v 36.817890 10.551022 25.756771
v 36.471985 10.239271 26.187080
v 36.343769 10.177819 26.197468
v 36.404430 10.259011 26.048916
v 36.590317 10.256703 26.285751
v 36.492859 10.403297 25.760899
v 36.439827 10.423261 25.640131
v 36.521091 10.422912 25.741852
v 36.467575 10.383651 25.783699
v 36.445621 10.364264 25.809914
v 36.665829 10.500237 25.708200
v 36.258499 10.091336 26.330095
v 36.406788 10.470231 25.469715
v 36.150959 10.001933 26.443153
v 36.347408 10.503886 25.303337
v 36.024101 9.912066 26.533541
v 36.263321 10.523303 25.145567
v 35.881401 9.824196 26.598780
v 35.530960 9.558200 26.897371
v 35.726780 9.740739 26.637083
v 36.030861 10.517695 24.872799
v 35.931469 10.592957 24.542139
v 36.156830 10.527948 25.000729
v 35.957569 10.659646 24.390707
v 35.498459 9.493779 27.034613
v 35.564480 9.663980 26.647392
v 35.888866 10.492825 24.765285
v 35.495041 9.595108 26.751118
v 35.927692 10.707537 24.221676
v 35.832832 10.509811 24.648996
v 35.404991 9.416637 27.131334
v 35.904140 10.692007 24.235275
v 35.802059 10.490517 24.664019
v 35.769203 10.471829 24.674786
v 35.734741 10.454020 24.681143
v 35.398949 9.596030 26.629429
v 35.797577 10.695871 24.092497
v 35.260258 9.339312 27.164991
v 35.785503 10.681371 24.117493
v 35.108196 9.288527 27.116417
v 35.633442 10.630587 24.068922
v 35.630798 10.640172 24.039223
v 35.472054 10.555364 24.076132
v 35.488705 10.553262 24.102573
v 34.989559 9.277890 26.998636
v 34.955658 9.263667 26.995802
v 34.932903 9.265157 26.963484
v 35.124500 9.498070 26.559126
v 35.004837 9.477073 26.468626
v 35.158958 9.515879 26.552771
v 35.091640 9.479381 26.569895
v 35.060867 9.460086 26.584913
v 35.494751 10.373867 24.604481
v 35.329224 10.305917 24.586517
v 35.398659 10.374790 24.482796
v 35.395245 10.476118 24.199297
v 34.962234 9.376941 26.691771
v 34.936134 9.310252 26.843206
v 35.362740 10.411698 24.336542
v 34.906948 9.264303 26.933653
v 34.878151 9.261118 26.906727
v 34.862839 9.452202 26.361115
v 35.166920 10.229159 24.596830
v 34.736870 9.441949 26.233185
v 35.012299 10.145701 24.635130
v 34.630379 9.446594 26.088345
v 34.869602 10.057833 24.700369
v 34.453873 9.546638 25.593779
v 34.426125 9.586246 25.450211
v 34.448078 9.605635 25.423998
v 34.400845 9.566601 25.473011
v 34.372604 9.546987 25.492056
v 34.489269 9.710887 25.184994
v 34.421719 9.730627 25.046831
v 34.549931 9.792078 25.036442
v 34.486912 9.499667 25.764196
v 34.227871 9.469663 25.525713
v 34.303387 9.713195 24.948160
v 34.635204 9.878562 24.903818
v 34.742744 9.967964 24.790760
v 34.161446 9.662593 24.911633
v 34.546291 9.466012 25.930573
v 33.990074 9.373248 25.496592
v 34.075809 9.418878 25.477139
v 33.978642 9.381513 25.459642
v 33.963203 9.387593 25.423738
v 33.957172 9.408241 25.359358
v 33.943970 9.391405 25.389389
v 33.933620 9.392712 25.372955
v 34.011826 9.592540 24.919193
v 34.028481 9.590437 24.945635
v 33.929848 9.507291 25.052492
v 33.875023 9.428205 25.202482
v 33.903748 9.440602 25.203928
v 33.903648 9.501348 25.036392
v 34.140022 10.684165 27.253450
v 34.149937 10.584768 27.157110
v 34.076153 10.594085 27.039948
v 33.982525 10.802195 27.115459
v 34.056316 10.792878 27.232622
v 33.617092 10.652046 26.311031
v 33.607178 10.751442 26.407370
v 33.992443 10.702798 27.019119
v 33.543308 10.661363 26.193867
v 33.523472 10.860156 26.386543
v 33.459599 10.770076 26.173040
v 33.449680 10.869473 26.269379
v 34.078217 11.062032 26.135412
v 33.994511 11.170745 26.114588
v 33.920723 11.180061 25.997421
v 33.930641 11.080665 25.901085
v 34.014347 10.971951 25.921911
v 34.088135 10.962635 26.039076
v 34.067139 11.112698 25.982044
v 34.611061 10.994753 26.981493
v 34.527355 11.103466 26.960669
v 34.453568 11.112782 26.843502
v 34.463486 11.013387 26.747164
v 34.547192 10.904673 26.767992
v 34.620979 10.895356 26.885155
v 34.599983 11.045419 26.828123
v 35.594810 11.341654 27.201962
v 35.544292 11.246232 27.226189
v 35.551708 11.437456 27.236723
v 35.450672 11.246614 27.285177
v 35.458092 11.437839 27.295712
v 35.407574 11.342418 27.319941
v 35.499889 11.251839 27.155684
v 35.503983 11.254692 27.153332
v 35.507961 11.257778 27.151070
v 35.511810 11.261087 27.148909
v 35.515522 11.264610 27.146852
v 35.519089 11.268341 27.144903
v 35.522503 11.272268 27.143064
v 35.525753 11.276381 27.141346
v 35.528828 11.280675 27.139750
v 35.531727 11.285133 27.138279
v 35.534439 11.289747 27.136938
v 35.536961 11.294504 27.135731
v 35.539280 11.299396 27.134657
v 35.541393 11.304404 27.133724
v 35.543297 11.309522 27.132933
v 35.544987 11.314735 27.132282
v 35.546455 11.320028 27.131777
v 35.547703 11.325391 27.131418
v 35.548721 11.330810 27.131207
v 35.549515 11.336268 27.131144
v 35.550076 11.341757 27.131224
v 35.550407 11.347260 27.131454
v 35.550503 11.352763 27.131830
v 35.550369 11.358253 27.132353
v 35.549999 11.363718 27.133018
v 35.549400 11.369143 27.133829
v 35.548569 11.374514 27.134779
v 35.547508 11.379819 27.135868
v 35.546227 11.385043 27.137091
v 35.544720 11.390174 27.138451
v 35.542995 11.395200 27.139936
v 35.541054 11.400106 27.141546
v 35.538906 11.404884 27.143280
v 35.536552 11.409519 27.145130
v 35.534004 11.414000 27.147095
v 35.531258 11.418315 27.149164
v 35.528328 11.422456 27.151339
v 35.525223 11.426410 27.153608
v 35.521946 11.430167 27.155972
v 35.518505 11.433721 27.158421
v 35.514915 11.437057 27.160946
v 35.511181 11.440176 27.163548
v 35.507309 11.443064 27.166216
v 35.503311 11.445713 27.168943
v 35.499195 11.448118 27.171726
v 35.494980 11.450274 27.174553
v 35.490665 11.452174 27.177420
v 35.486267 11.453816 27.180321
v 35.481796 11.455192 27.183247
v 35.477264 11.456302 27.186190
v 35.472679 11.457141 27.189144
v 35.468056 11.457707 27.192101
v 35.463406 11.458002 27.195055
v 35.458736 11.458021 27.197994
v 35.454063 11.457765 27.200916
v 35.449398 11.457236 27.203814
v 35.444752 11.456434 27.206676
v 35.440132 11.455363 27.209499
v 35.435555 11.454022 27.212275
v 35.431030 11.452418 27.214996
v 35.426575 11.450554 27.217657
v 35.422188 11.448432 27.220249
v 35.417892 11.446062 27.222767
v 35.413689 11.443445 27.225206
v 35.409595 11.440591 27.227556
v 35.405617 11.437506 27.229816
v 35.401768 11.434197 27.231977
v 35.398056 11.430674 27.234037
v 35.394485 11.426944 27.235987
v 35.391075 11.423015 27.237822
v 35.387825 11.418900 27.239542
v 35.384750 11.414608 27.241138
v 35.381851 11.410150 27.242609
v 35.379139 11.405537 27.243948
v 35.376617 11.400779 27.245157
v 35.374298 11.395889 27.246229
v 35.372185 11.390879 27.247162
v 35.370281 11.385760 27.247955
v 35.368595 11.380548 27.248606
v 35.367123 11.375256 27.249109
v 35.365875 11.369892 27.249470
v 35.364857 11.364475 27.249681
v 35.364063 11.359015 27.249744
v 35.363503 11.353526 27.249662
v 35.363171 11.348023 27.249434
v 35.363075 11.342520 27.249056
v 35.363209 11.337030 27.248533
v 35.363579 11.331565 27.247869
v 35.364178 11.326140 27.247059
v 35.365009 11.320769 27.246107
v 35.366070 11.315466 27.245020
v 35.367352 11.310241 27.243795
v 35.368858 11.305109 27.242437
v 35.370583 11.300083 27.240952
v 35.372524 11.295177 27.239342
v 35.374672 11.290401 27.237608
v 35.377026 11.285766 27.235758
v 35.379578 11.281284 27.233795
v 35.382320 11.276968 27.231724
v 35.385250 11.272829 27.229549
v 35.388355 11.268874 27.227278
v 35.391632 11.265116 27.224916
v 35.395069 11.261563 27.222469
v 35.398663 11.258224 27.219940
v 35.402397 11.255107 27.217339
v 35.406273 11.252221 27.214670
v 35.410267 11.249571 27.211943
v 35.414383 11.247166 27.209164
v 35.418598 11.245009 27.206335
v 35.422913 11.243109 27.203466
v 35.427311 11.241468 27.200567
v 35.431782 11.240091 27.197641
v 35.436314 11.238982 27.194696
v 35.440899 11.238142 27.191744
v 35.445522 11.237576 27.188787
v 35.450172 11.237282 27.185835
v 35.454842 11.237263 27.182892
v 35.459515 11.237518 27.179972
v 35.464180 11.238048 27.177074
v 35.468826 11.238849 27.174212
v 35.473446 11.239922 27.171389
v 35.478024 11.241261 27.168612
v 35.482548 11.242866 27.165890
v 35.487003 11.244731 27.163233
v 35.491390 11.246851 27.160639
v 35.495686 11.249223 27.158119
v 35.540714 11.319086 27.135321
v 35.541996 11.324114 27.134912
v 35.539223 11.314129 27.135862
v 35.543064 11.329200 27.134642
v 35.537529 11.309255 27.136543
v 35.543922 11.334333 27.134512
v 35.535629 11.304476 27.137360
v 35.544559 11.339499 27.134520
v 35.533539 11.299805 27.138304
v 35.544979 11.344685 27.134668
v 35.531254 11.295253 27.139380
v 35.545181 11.349878 27.134953
v 35.528790 11.290831 27.140583
v 35.545162 11.355065 27.135378
v 35.526138 11.286550 27.141911
v 35.544926 11.360235 27.135939
v 35.523323 11.282420 27.143358
v 35.544468 11.365374 27.136635
v 35.520336 11.278454 27.144920
v 35.543793 11.370466 27.137466
v 35.517193 11.274659 27.146601
v 35.542904 11.375504 27.138428
v 35.513901 11.271046 27.148386
v 35.541798 11.380471 27.139517
v 35.510464 11.267623 27.150278
v 35.540478 11.385358 27.140736
v 35.506897 11.264400 27.152267
v 35.538956 11.390151 27.142078
v 35.503204 11.261382 27.154356
v 35.537228 11.394837 27.143539
v 35.499393 11.258579 27.156530
v 35.535297 11.399405 27.145117
v 35.495480 11.255999 27.158791
v 35.533173 11.403847 27.146809
v 35.491470 11.253646 27.161129
v 35.530857 11.408149 27.148609
v 35.487373 11.251526 27.163540
v 35.528358 11.412299 27.150513
v 35.483200 11.249645 27.166018
v 35.525684 11.416289 27.152515
v 35.478962 11.248009 27.168558
v 35.522835 11.420108 27.154610
v 35.474667 11.246619 27.171150
v 35.519821 11.423747 27.156797
v 35.470329 11.245481 27.173794
v 35.516655 11.427198 27.159067
v 35.465958 11.244596 27.176477
v 35.513340 11.430449 27.161415
v 35.461563 11.243969 27.179193
v 35.509880 11.433495 27.163836
v 35.457157 11.243599 27.181938
v 35.506290 11.436327 27.166321
v 35.452747 11.243487 27.184708
v 35.502575 11.438940 27.168867
v 35.448353 11.243634 27.187487
v 35.498749 11.441325 27.171467
v 35.443977 11.244040 27.190275
v 35.494820 11.443478 27.174114
v 35.439632 11.244704 27.193064
v 35.490795 11.445392 27.176802
v 35.435329 11.245624 27.195847
v 35.486683 11.447062 27.179523
v 35.431080 11.246798 27.198618
v 35.482498 11.448486 27.182272
v 35.426895 11.248219 27.201365
v 35.478249 11.449659 27.185041
v 35.422783 11.249892 27.204086
v 35.473946 11.450579 27.187824
v 35.418758 11.251806 27.206772
v 35.469601 11.451243 27.190613
v 35.414829 11.253959 27.209421
v 35.465225 11.451649 27.193399
v 35.411003 11.256344 27.212021
v 35.460831 11.451797 27.196180
v 35.407288 11.258956 27.214565
v 35.456425 11.451684 27.198948
v 35.403698 11.261789 27.217054
v 35.452015 11.451314 27.201693
v 35.400242 11.264834 27.219473
v 35.447620 11.450687 27.204412
v 35.396923 11.268085 27.221819
v 35.443249 11.449800 27.207094
v 35.393757 11.271537 27.224091
v 35.438911 11.448664 27.209736
v 35.390743 11.275175 27.226276
v 35.434616 11.447275 27.212328
v 35.387897 11.278995 27.228373
v 35.430378 11.445639 27.214869
v 35.385220 11.282985 27.230375
v 35.426208 11.443758 27.217346
v 35.382721 11.287135 27.232279
v 35.422108 11.441637 27.219757
v 35.380405 11.291436 27.234077
v 35.418098 11.439285 27.222097
v 35.378284 11.295877 27.235771
v 35.414185 11.436704 27.224358
v 35.376354 11.300447 27.237349
v 35.410374 11.433901 27.226534
v 35.374622 11.305134 27.238811
v 35.406681 11.430885 27.228619
v 35.373100 11.309926 27.240152
v 35.403114 11.427661 27.230610
v 35.371780 11.314812 27.241369
v 35.399677 11.424238 27.232500
v 35.370674 11.319780 27.242460
v 35.396385 11.420624 27.234287
v 35.369785 11.324817 27.243422
v 35.393242 11.416829 27.235966
v 35.369110 11.329911 27.244251
v 35.390255 11.412863 27.237532
v 35.368652 11.335049 27.244947
v 35.387440 11.408733 27.238977
v 35.368416 11.340218 27.245508
v 35.384789 11.404453 27.240305
v 35.368397 11.345405 27.245934
v 35.382324 11.400032 27.241507
v 35.368599 11.350599 27.246220
v 35.380039 11.395478 27.242582
v 35.369019 11.355784 27.246368
v 35.377949 11.390808 27.243528
v 35.369659 11.360951 27.246376
v 35.376049 11.386029 27.244345
v 35.370514 11.366083 27.246244
v 35.374355 11.381155 27.245024
v 35.371582 11.371170 27.245975
v 35.372864 11.376199 27.245567
v 35.411587 11.291672 27.288649
v 35.415627 11.395826 27.294388
v 35.494133 11.447591 27.249062
v 35.568600 11.395202 27.197998
v 35.564556 11.291047 27.192261
v 35.486050 11.239283 27.237587
v 35.549667 11.301526 27.202473
v 35.552898 11.384849 27.207064
v 35.486858 11.260113 27.238735
v 35.493324 11.426760 27.247915
v 35.427288 11.302026 27.279583
v 35.430519 11.385348 27.284174
v 35.478992 11.344838 27.225698
v 36.407242 10.675977 25.833675
v 36.551983 10.753302 25.800022
v 36.704041 10.804087 25.848595
v 36.822678 10.814723 25.966377
v 36.876106 10.782362 26.121809
v 36.850006 10.715672 26.273241
v 36.751369 10.632527 26.380100
v 36.606632 10.555202 26.413752
v 36.454575 10.504417 26.365179
v 36.335938 10.493781 26.247398
v 36.282509 10.526142 26.091967
v 36.428825 10.204782 26.029242
v 36.429176 10.199789 25.976976
v 36.428570 10.219520 25.921848
v 36.437695 10.242832 25.868908
v 36.308609 10.592831 25.940533
v 36.456249 10.268963 25.819899
v 36.470020 10.310035 25.790236
v 36.456306 10.332797 25.644041
v 36.464222 10.369032 25.620457
v 36.426205 10.383661 25.466539
v 36.431183 10.416002 25.450037
v 36.366875 10.419985 25.292871
v 36.371803 10.449658 25.283663
v 36.280148 10.440645 25.128397
v 36.287720 10.469074 25.125889
v 36.181229 10.473721 24.981050
v 36.168697 10.445006 24.978193
v 36.055256 10.463467 24.853121
v 36.035973 10.432933 24.846903
v 35.913261 10.438597 24.745609
v 35.886059 10.404798 24.738571
v 35.759140 10.399791 24.661465
v 35.723591 10.361468 24.656548
v 35.718983 10.762877 24.740820
v 35.574245 10.685553 24.774471
v 35.669662 10.339806 24.649387
v 35.616505 10.322052 24.632408
v 35.422188 10.634768 24.725901
v 35.565865 10.308791 24.606165
v 35.303551 10.624131 24.608118
v 35.519146 10.319639 24.584805
v 35.250122 10.656493 24.452686
v 35.276222 10.723182 24.301254
v 35.374855 10.806327 24.194393
v 35.393555 10.240313 24.581249
v 35.353619 10.251688 24.566843
v 35.223896 10.161718 24.587500
v 35.191315 10.174932 24.577152
v 35.062122 10.075436 24.624720
v 35.036694 10.091473 24.615452
v 34.913231 9.984127 24.691763
v 34.893997 10.003605 24.680693
v 34.767139 9.913736 24.771082
v 34.781818 9.890612 24.786554
v 34.659599 9.824334 24.884140
v 34.671940 9.797776 24.906172
v 34.574326 9.737850 25.016766
v 34.586987 9.708487 25.046925
v 34.513668 9.656659 25.165319
v 34.529583 9.625501 25.204462
v 33.914631 9.843503 25.037457
v 34.059368 9.920828 25.003807
v 34.211430 9.971612 25.052378
v 34.330067 9.982248 25.170160
v 34.383495 9.949885 25.325592
v 34.530186 9.605769 25.259594
v 34.521061 9.582457 25.312531
v 34.357395 9.883198 25.477024
v 34.502506 9.556326 25.361542
v 34.472477 9.551406 25.404320
v 34.258759 9.800053 25.583885
v 34.502449 9.492492 25.537397
v 34.478268 9.492410 25.574102
v 34.532551 9.441628 25.714899
v 34.511307 9.445439 25.744520
v 34.591881 9.405304 25.888571
v 34.570686 9.411783 25.910896
v 34.678612 9.384644 26.053045
v 34.654778 9.392366 26.068668
v 34.761265 9.387721 26.213507
v 34.790058 9.380282 26.203245
v 34.887238 9.397974 26.341436
v 34.922787 9.392356 26.334539
v 35.029232 9.422844 26.448948
v 35.072701 9.420491 26.442869
v 35.183353 9.461650 26.533092
v 35.235165 9.463821 26.524891
v 34.947014 9.713151 26.676737
v 35.091755 9.790477 26.643085
v 35.289097 9.485484 26.532055
v 35.342251 9.503237 26.549034
v 35.243816 9.841261 26.691656
v 35.392891 9.516499 26.575274
v 35.362450 9.851897 26.809439
v 35.423344 9.541800 26.609755
v 35.415878 9.819536 26.964870
v 35.389782 9.752848 27.116302
v 35.291145 9.669702 27.223162
v 35.565201 9.584976 26.600189
v 35.588875 9.609753 26.627716
v 35.734863 9.663570 26.593941
v 35.751175 9.686510 26.617405
v 35.896633 9.749854 26.556721
v 35.905796 9.769968 26.579105
v 36.045525 9.841162 26.489679
v 36.048496 9.857837 26.513866
v 36.175354 9.947705 26.423475
v 36.176937 9.934678 26.394888
v 36.282894 10.037108 26.310417
v 36.286819 10.027513 26.275267
v 36.368164 10.123591 26.177794
v 36.371773 10.116802 26.134516
v 36.307701 10.205689 25.810108
v 36.269249 10.127416 25.978149
v 36.309952 10.271152 25.632475
v 36.196278 10.039758 26.129261
v 36.275902 10.320949 25.453020
v 36.091972 9.946544 26.256832
v 36.207043 10.352900 25.279583
v 35.960892 9.851849 26.355295
v 36.106377 10.365609 25.119741
v 35.808769 9.759809 26.420340
v 35.978310 10.358522 24.980488
v 35.642250 9.674451 26.449127
v 35.828438 10.331948 24.867903
v 35.468613 9.599503 26.440397
v 35.663311 10.287049 24.786909
v 35.295448 9.538239 26.394533
v 35.490143 10.225786 24.741045
v 35.130318 9.493340 26.313540
v 35.316505 10.150838 24.732315
v 34.980446 9.466766 26.200953
v 35.149986 10.065479 24.761101
v 34.852379 9.459680 26.061697
v 34.997864 9.973440 24.826147
v 34.751713 9.472389 25.901857
v 34.682854 9.504341 25.728420
v 34.866787 9.878746 24.924606
v 34.648804 9.554136 25.548964
v 34.762478 9.785531 25.052181
v 34.689507 9.697873 25.203291
v 34.651054 9.619601 25.371334
v 34.851486 10.298811 24.944204
v 35.003609 10.390849 24.879160
v 35.170128 10.476208 24.850370
v 35.343765 10.551156 24.859102
v 35.516933 10.612419 24.904964
v 35.682060 10.657319 24.985962
v 35.831932 10.683893 25.098545
v 35.959999 10.690979 25.237801
v 36.060665 10.678269 25.397640
v 36.129524 10.646317 25.571077
v 36.163578 10.596522 25.750534
v 36.161324 10.531058 25.928165
v 36.122871 10.452785 26.096209
v 36.049900 10.365128 26.247318
v 35.945591 10.271914 26.374891
v 35.814514 10.177217 26.473351
v 35.662392 10.085180 26.538399
v 35.495872 9.999821 26.567184
v 35.322235 9.924872 26.558456
v 35.149067 9.863609 26.512592
v 34.983944 9.818710 26.431597
v 34.834068 9.792136 26.319012
v 34.706001 9.785048 26.179756
v 34.605339 9.797760 26.019915
v 34.536476 9.829711 25.846479
v 34.502426 9.879506 25.667023
v 34.504677 9.944971 25.489393
v 34.543129 10.023243 25.321348
v 34.616104 10.110902 25.170240
v 34.720406 10.204115 25.042665
v 35.435680 10.600608 24.836775
v 35.614086 10.656595 24.903675
v 35.252785 10.528774 24.807983
v 35.780209 10.694288 25.005764
v 35.073395 10.444232 24.818560
v 35.926788 10.712040 25.138578
v 34.905350 10.350677 24.868046
v 36.047413 10.709074 25.296310
v 34.755997 10.252199 24.954275
v 36.136818 10.685521 25.472073
v 34.631863 10.153101 25.073477
v 36.191090 10.642410 25.658180
v 34.538372 10.057714 25.220448
v 36.207859 10.581625 25.846497
v 34.479610 9.970207 25.388762
v 36.186394 10.505822 26.028797
v 34.458145 9.894404 25.571060
v 36.127632 10.418315 26.197109
v 34.474915 9.833619 25.759378
v 36.034138 10.322928 26.344078
v 34.529186 9.790507 25.945484
v 35.910004 10.223829 26.463284
v 34.618587 9.766954 26.121244
v 35.760651 10.125351 26.549513
v 34.739216 9.763988 26.278978
v 35.592606 10.031797 26.598997
v 34.885792 9.781741 26.411793
v 35.413216 9.947255 26.609575
v 35.051914 9.819434 26.513882
v 35.230324 9.875421 26.580784
v 34.586060 9.839259 26.147480
v 34.706688 9.836294 26.305212
v 34.853264 9.854045 26.438028
v 35.019386 9.891738 26.540117
v 35.197796 9.947725 26.607019
v 35.380688 10.019560 26.635809
v 35.560081 10.104101 26.625233
v 35.728123 10.197656 26.575747
v 35.877472 10.296134 26.489519
v 36.001610 10.395232 26.370314
v 36.095100 10.490620 26.223345
v 36.153862 10.578127 26.055033
v 36.175331 10.653929 25.872732
v 36.158562 10.714714 25.684416
v 36.104290 10.757826 25.498308
v 36.014885 10.781379 25.322546
v 35.894260 10.784345 25.164814
v 35.747681 10.766592 25.032000
v 35.581558 10.728899 24.929911
v 35.403149 10.672913 24.863010
v 35.220257 10.601078 24.834219
v 35.040867 10.516537 24.844795
v 34.872822 10.422982 24.894281
v 34.723473 10.324504 24.980511
v 34.599335 10.225406 25.099712
v 34.505844 10.130018 25.246683
v 34.447083 10.042511 25.414997
v 34.425617 9.966708 25.597296
v 34.442387 9.905923 25.785614
v 34.496658 9.862812 25.971720
vn 0.8303 -0.0017 -0.5573
vn 0.8240 0.2715 -0.4974
vn 0.8209 -0.1842 -0.5405
vn 0.3741 -0.8635 -0.3384
vn 0.5832 -0.6993 -0.4133
vn -0.4695 -0.8604 0.1981
vn 0.0197 -0.9970 -0.0744
vn -0.5610 -0.7747 0.2917
vn 0.5318 -0.0671 0.8442
vn 0.5314 -0.0669 0.8445
vn 0.5321 -0.0675 0.8440
vn 0.5316 -0.0668 0.8444
vn 0.5317 -0.0671 0.8443
vn 0.5319 -0.0676 0.8441
vn 0.5318 -0.0676 0.8442
vn 0.5312 -0.0671 0.8446
vn 0.5328 -0.0670 0.8436
vn 0.5328 -0.0674 0.8436
vn 0.5328 -0.0683 0.8435
vn 0.5317 -0.0671 0.8442
vn 0.5312 -0.0663 0.8446
vn 0.5317 -0.0655 0.8444
vn 0.5313 -0.0675 0.8445
vn 0.5317 -0.0667 0.8443
vn 0.5318 -0.0673 0.8442
vn 0.5315 -0.0668 0.8444
vn 0.5316 -0.0676 0.8443
vn 0.5314 -0.0671 0.8445
vn 0.5314 -0.0667 0.8445
vn 0.5311 -0.0667 0.8447
vn 0.5317 -0.0672 0.8443
vn 0.5321 -0.0669 0.8440
vn 0.5322 -0.0673 0.8439
vn 0.5326 -0.0671 0.8437
vn 0.5329 -0.0672 0.8435
vn 0.5323 -0.0671 0.8439
vn 0.5318 -0.0680 0.8441
vn 0.5321 -0.0670 0.8440
vn 0.5316 -0.0671 0.8443
vn 0.5319 -0.0673 0.8441
vn 0.5319 -0.0665 0.8442
vn 0.5315 -0.0667 0.8444
vn 0.5317 -0.0664 0.8443
vn 0.5320 -0.0677 0.8440
vn 0.5322 -0.0670 0.8439
vn 0.5322 -0.0668 0.8440
vn 0.8642 0.4616 -0.2003
vn 0.8637 0.4624 -0.2006
vn 0.8640 0.4616 -0.2009
vn 0.9077 0.3034 0.2899
vn 0.8643 0.4615 -0.1999
vn 0.8640 0.4617 -0.2006
vn 0.8646 0.4609 -0.2001
vn 0.9077 0.3034 0.2897
vn 0.7082 0.0635 0.7032
vn 0.7075 0.0640 0.7038
vn 0.7077 0.0632 0.7037
vn 0.7085 0.0637 0.7028
vn 0.7078 0.0636 0.7035
vn 0.7086 0.0630 0.7028
vn -0.3895 0.8658 0.3141
vn -0.3895 0.8658 0.3142
vn -0.3925 0.8647 0.3136
vn -0.3909 0.8656 0.3130
vn -0.3912 0.8652 0.3138
vn -0.3892 0.8659 0.3143
vn -0.3892 0.8662 0.3134
vn -0.3902 0.8657 0.3136
vn -0.3894 0.8657 0.3145
vn -0.3896 0.8658 0.3139
vn -0.3893 0.8659 0.3140
vn -0.3895 0.8659 0.3140
vn -0.3901 0.8656 0.3139
vn -0.3894 0.8656 0.3148
vn -0.3892 0.8659 0.3144
vn -0.3893 0.8658 0.3145
vn -0.3896 0.8657 0.3143
vn -0.3892 0.8658 0.3144
vn -0.3900 0.8654 0.3145
vn -0.3857 0.8674 0.3145
vn -0.3888 0.8661 0.3143
vn -0.3890 0.8658 0.3146
vn -0.3895 0.8647 0.3170
vn -0.3850 0.8674 0.3154
vn -0.3888 0.8664 0.3134
vn -0.3827 0.8683 0.3156
vn -0.3815 0.8701 0.3120
vn -0.3842 0.8666 0.3184
vn -0.3898 0.8657 0.3141
vn -0.3898 0.8656 0.3143
vn -0.3888 0.8659 0.3147
vn -0.3884 0.8662 0.3143
vn -0.3900 0.8659 0.3133
vn -0.3870 0.8673 0.3130
vn -0.3881 0.8672 0.3120
vn -0.3881 0.8667 0.3135
vn -0.3868 0.8662 0.3163
vn -0.3866 0.8662 0.3166
vn -0.3904 0.8659 0.3126
vn -0.3906 0.8653 0.3140
vn -0.3893 0.8665 0.3123
vn -0.3899 0.8661 0.3128
vn -0.3879 0.8668 0.3134
vn -0.3877 0.8669 0.3134
vn -0.3890 0.8656 0.3152
vn -0.3882 0.8663 0.3143
vn -0.3896 0.8655 0.3149
vn -0.3891 0.8660 0.3139
vn -0.3899 0.8660 0.3132
vn -0.3896 0.8657 0.3144
vn -0.3904 0.8653 0.3145
vn -0.3897 0.8657 0.3142
vn -0.3888 0.8659 0.3148
vn -0.3885 0.8664 0.3136
vn -0.3897 0.8655 0.3147
vn -0.3894 0.8657 0.3147
vn -0.3897 0.8657 0.3141
vn -0.3893 0.8659 0.3142
vn -0.3896 0.8657 0.3142
vn -0.3887 0.8660 0.3146
vn -0.3895 0.8657 0.3145
vn -0.3886 0.8659 0.3150
vn -0.3882 0.8660 0.3151
vn -0.3885 0.8660 0.3148
vn -0.3891 0.8658 0.3145
vn -0.3907 0.8657 0.3129
vn -0.3896 0.8660 0.3135
vn -0.3900 0.8657 0.3139
vn -0.3896 0.8655 0.3147
vn -0.3887 0.8662 0.3141
vn -0.3888 0.8666 0.3129
vn -0.3898 0.8661 0.3128
vn -0.3892 0.8657 0.3148
vn -0.3896 0.8659 0.3137
vn -0.3891 0.8659 0.3144
vn -0.3887 0.8663 0.3139
vn -0.3887 0.8660 0.3145
vn -0.3899 0.8654 0.3146
vn -0.3906 0.8650 0.3149
vn -0.3906 0.8652 0.3143
vn -0.3898 0.8657 0.3139
vn -0.3904 0.8656 0.3134
vn -0.3895 0.8658 0.3140
vn -0.3893 0.8658 0.3144
vn -0.3894 0.8657 0.3144
vn -0.3897 0.8656 0.3143
vn -0.3895 0.8657 0.3144
vn -0.3892 0.8657 0.3147
vn -0.3878 0.8667 0.3138
vn -0.3893 0.8662 0.3132
vn -0.3894 0.8658 0.3142
vn -0.3898 0.8656 0.3144
vn -0.3891 0.8658 0.3146
vn -0.3868 0.8674 0.3130
vn -0.3864 0.8683 0.3111
vn -0.3877 0.8665 0.3145
vn -0.3887 0.8651 0.3170
vn -0.3871 0.8669 0.3140
vn -0.3903 0.8657 0.3133
vn -0.3885 0.8662 0.3143
vn -0.3901 0.8658 0.3135
vn -0.3898 0.8657 0.3142
vn -0.3894 0.8661 0.3134
vn -0.3898 0.8659 0.3135
vn -0.3908 0.8653 0.3141
vn -0.3900 0.8654 0.3147
vn -0.3899 0.8657 0.3139
vn -0.3893 0.8658 0.3142
vn -0.3890 0.8661 0.3140
vn -0.3887 0.8663 0.3138
vn -0.3903 0.8652 0.3146
vn -0.3889 0.8662 0.3136
vn -0.3892 0.8660 0.3138
vn -0.3912 0.8648 0.3149
vn -0.3899 0.8662 0.3125
vn -0.3897 0.8659 0.3136
vn -0.3900 0.8646 0.3169
vn -0.3889 0.8658 0.3148
vn -0.3885 0.8664 0.3137
vn -0.3897 0.8654 0.3151
vn -0.3898 0.8657 0.3140
vn -0.3898 0.8659 0.3136
vn -0.3894 0.8660 0.3137
vn -0.3890 0.8660 0.3142
vn -0.3885 0.8666 0.3132
vn -0.3908 0.8656 0.3130
vn -0.3895 0.8659 0.3138
vn -0.3874 0.8670 0.3133
vn -0.3884 0.8668 0.3126
vn -0.3857 0.8675 0.3142
vn -0.3902 0.8658 0.3133
vn -0.3895 0.8660 0.3136
vn -0.3875 0.8667 0.3141
vn -0.3884 0.8662 0.3144
vn -0.3886 0.8662 0.3142
vn -0.3887 0.8664 0.3133
vn -0.3892 0.8660 0.3140
vn -0.3888 0.8662 0.3138
vn -0.3899 0.8653 0.3149
vn -0.3891 0.8658 0.3148
vn -0.3898 0.8658 0.3136
vn -0.3892 0.8660 0.3139
vn -0.3880 0.8667 0.3134
vn -0.3886 0.8668 0.3124
vn -0.3887 0.8658 0.3152
vn -0.3879 0.8672 0.3123
vn -0.3886 0.8662 0.3143
vn -0.3905 0.8655 0.3138
vn -0.3900 0.8664 0.3119
vn -0.3915 0.8651 0.3136
vn -0.3890 0.8662 0.3135
vn -0.3891 0.8666 0.3125
vn -0.3872 0.8665 0.3151
vn -0.3863 0.8669 0.3150
vn -0.3889 0.8660 0.3144
vn -0.3900 0.8656 0.3141
vn -0.3904 0.8651 0.3151
vn -0.3891 0.8660 0.3141
vn -0.3897 0.8659 0.3137
vn -0.3895 0.8654 0.3153
vn -0.3884 0.8661 0.3146
vn -0.3885 0.8661 0.3146
vn -0.3877 0.8670 0.3130
vn -0.3879 0.8665 0.3142
vn -0.3882 0.8665 0.3139
vn -0.3899 0.8654 0.3148
vn -0.3893 0.8657 0.3147
vn -0.3893 0.8657 0.3146
vn -0.3903 0.8656 0.3138
vn -0.3891 0.8659 0.3142
vn -0.3892 0.8661 0.3137
vn -0.3900 0.8662 0.3124
vn -0.3898 0.8661 0.3130
vn -0.3894 0.8659 0.3140
vn -0.3892 0.8661 0.3138
vn -0.3893 0.8651 0.3163
vn -0.3890 0.8657 0.3150
vn -0.3901 0.8655 0.3142
vn -0.3900 0.8655 0.3142
vn -0.3903 0.8652 0.3147
vn -0.3904 0.8652 0.3146
vn -0.3901 0.8654 0.3146
vn -0.3888 0.8657 0.3153
vn -0.3875 0.8667 0.3143
vn -0.3884 0.8663 0.3140
vn -0.3906 0.8649 0.3152
vn -0.3902 0.8655 0.3140
vn -0.3901 0.8659 0.3130
vn -0.3894 0.8656 0.3149
vn -0.3890 0.8663 0.3134
vn -0.3890 0.8658 0.3148
vn -0.3902 0.8659 0.3129
vn -0.3896 0.8656 0.3146
vn -0.3897 0.8657 0.3143
vn -0.3904 0.8655 0.3138
vn -0.3902 0.8656 0.3138
vn -0.3899 0.8656 0.3140
vn -0.3901 0.8653 0.3149
vn -0.3903 0.8653 0.3145
vn -0.3899 0.8656 0.3142
vn -0.3898 0.8649 0.3161
vn -0.3906 0.8651 0.3146
vn -0.3893 0.8659 0.3141
vn -0.3912 0.8649 0.3144
vn -0.3909 0.8655 0.3131
vn -0.3905 0.8648 0.3156
vn -0.3923 0.8637 0.3164
vn -0.3927 0.8633 0.3169
vn -0.3904 0.8651 0.3148
vn -0.3913 0.8651 0.3137
vn -0.3920 0.8652 0.3127
vn -0.3937 0.8645 0.3124
vn -0.3960 0.8629 0.3139
vn -0.3955 0.8641 0.3113
vn -0.3903 0.8651 0.3152
vn -0.3892 0.8659 0.3141
vn -0.3894 0.8659 0.3141
vn -0.3891 0.8657 0.3150
vn -0.3884 0.8663 0.3141
vn -0.3880 0.8665 0.3141
vn -0.3893 0.8660 0.3137
vn -0.3902 0.8653 0.3145
vn -0.3894 0.8662 0.3131
vn -0.3905 0.8654 0.3139
vn -0.3896 0.8654 0.3151
vn -0.3897 0.8660 0.3135
vn -0.3902 0.8658 0.3132
vn -0.3890 0.8660 0.3143
vn -0.3922 0.8641 0.3155
vn -0.3912 0.8654 0.3131
vn -0.3918 0.8648 0.3141
vn -0.3891 0.8664 0.3128
vn -0.3910 0.8652 0.3139
vn -0.3894 0.8657 0.3146
vn -0.3907 0.8652 0.3143
vn -0.3896 0.8658 0.3141
vn -0.3889 0.8662 0.3137
vn -0.3900 0.8654 0.3146
vn -0.3889 0.8657 0.3152
vn -0.3902 0.8651 0.3151
vn -0.3895 0.8657 0.3143
vn -0.3878 0.8666 0.3139
vn -0.3884 0.8661 0.3147
vn -0.3889 0.8658 0.3150
vn -0.3894 0.8658 0.3144
vn -0.3901 0.8657 0.3137
vn -0.3890 0.8655 0.3157
vn -0.3893 0.8655 0.3153
vn -0.3901 0.8655 0.3141
vn -0.3898 0.8658 0.3137
vn -0.3895 0.8655 0.3151
vn -0.3892 0.8658 0.3146
vn -0.3889 0.8659 0.3147
vn -0.3898 0.8660 0.3132
vn -0.3894 0.8663 0.3130
vn -0.3904 0.8656 0.3137
vn -0.3899 0.8653 0.3151
vn -0.3890 0.8659 0.3145
vn -0.3896 0.8656 0.3145
vn -0.3895 0.8653 0.3155
vn -0.3899 0.8654 0.3147
vn -0.3893 0.8661 0.3136
vn -0.3897 0.8663 0.3126
vn -0.3894 0.8652 0.3159
vn -0.3895 0.8659 0.3137
vn -0.3900 0.8650 0.3157
vn -0.3894 0.8656 0.3147
vn -0.3885 0.8658 0.3154
vn -0.3894 0.8659 0.3138
vn -0.3905 0.8651 0.3148
vn -0.3908 0.8653 0.3139
vn -0.3871 0.8667 0.3145
vn -0.3861 0.8683 0.3114
vn -0.3886 0.8661 0.3145
vn -0.3939 0.8638 0.3142
vn -0.3932 0.8637 0.3154
vn -0.3889 0.8660 0.3142
vn -0.3902 0.8651 0.3152
vn -0.3904 0.8654 0.3142
vn -0.3899 0.8655 0.3144
vn -0.3889 0.8665 0.3131
vn -0.3895 0.8662 0.3131
vn -0.3897 0.8662 0.3128
vn -0.3891 0.8661 0.3137
vn -0.3888 0.8661 0.3142
vn -0.3891 0.8659 0.3143
vn -0.3893 0.8664 0.3127
vn -0.3863 0.8678 0.3127
vn -0.3882 0.8662 0.3146
vn -0.3866 0.8669 0.3146
vn -0.3880 0.8668 0.3132
vn -0.3897 0.8658 0.3140
vn -0.3887 0.8662 0.3139
vn -0.3883 0.8662 0.3144
vn -0.3885 0.8659 0.3150
vn -0.3896 0.8660 0.3134
vn -0.3901 0.8661 0.3126
vn -0.3899 0.8658 0.3137
vn -0.3893 0.8660 0.3139
vn -0.3884 0.8660 0.3149
vn -0.3901 0.8657 0.3136
vn -0.3887 0.8662 0.3142
vn -0.3886 0.8664 0.3136
vn -0.3888 0.8659 0.3146
vn -0.3882 0.8661 0.3149
vn -0.3874 0.8663 0.3153
vn -0.3899 0.8658 0.3136
vn -0.3888 0.8657 0.3152
vn -0.3890 0.8659 0.3144
vn -0.3898 0.8658 0.3138
vn -0.3898 0.8656 0.3141
vn -0.3901 0.8656 0.3138
vn -0.3903 0.8656 0.3136
vn -0.3903 0.8651 0.3150
vn -0.3913 0.8651 0.3139
vn -0.3891 0.8656 0.3152
vn -0.3190 0.1935 -0.9278
vn -0.3187 0.1930 -0.9280
vn -0.3180 0.1929 -0.9283
vn -0.3197 0.1938 -0.9275
vn -0.3187 0.1931 -0.9280
vn -0.3192 0.1937 -0.9277
vn 0.1554 0.3978 -0.9042
vn 0.1557 0.3978 -0.9042
vn 0.1556 0.3980 -0.9041
vn 0.1558 0.3976 -0.9042
vn 0.5893 0.4973 -0.6368
vn 0.5893 0.4965 -0.6374
vn 0.5896 0.4966 -0.6370
vn 0.5894 0.4966 -0.6372
vn 0.5889 0.4965 -0.6377
vn 0.5891 0.4960 -0.6379
vn 0.3895 -0.8658 -0.3141
vn 0.3895 -0.8658 -0.3142
vn 0.3902 -0.8654 -0.3143
vn 0.3898 -0.8655 -0.3147
vn 0.3895 -0.8659 -0.3139
vn 0.3899 -0.8661 -0.3130
vn 0.3902 -0.8660 -0.3127
vn 0.3896 -0.8660 -0.3134
vn 0.3894 -0.8659 -0.3139
vn 0.3890 -0.8661 -0.3140
vn 0.3893 -0.8659 -0.3142
vn 0.3897 -0.8657 -0.3143
vn 0.3899 -0.8657 -0.3140
vn 0.3900 -0.8658 -0.3134
vn 0.3891 -0.8659 -0.3144
vn 0.3890 -0.8660 -0.3141
vn 0.3898 -0.8656 -0.3143
vn 0.3894 -0.8659 -0.3140
vn 0.3900 -0.8651 -0.3155
vn 0.3898 -0.8657 -0.3139
vn 0.3899 -0.8654 -0.3148
vn 0.3895 -0.8659 -0.3138
vn 0.3883 -0.8664 -0.3139
vn 0.3885 -0.8658 -0.3153
vn 0.3906 -0.8653 -0.3143
vn 0.3902 -0.8658 -0.3133
vn 0.3895 -0.8663 -0.3127
vn 0.3897 -0.8657 -0.3141
vn 0.3888 -0.8659 -0.3147
vn 0.3884 -0.8662 -0.3145
vn 0.3888 -0.8662 -0.3138
vn 0.3888 -0.8661 -0.3142
vn 0.3894 -0.8657 -0.3146
vn 0.3887 -0.8661 -0.3143
vn 0.3896 -0.8655 -0.3148
vn 0.3896 -0.8657 -0.3143
vn 0.3897 -0.8657 -0.3142
vn 0.3896 -0.8658 -0.3141
vn 0.3895 -0.8657 -0.3143
vn 0.3898 -0.8657 -0.3142
vn 0.3897 -0.8661 -0.3132
vn 0.3891 -0.8662 -0.3136
vn 0.3895 -0.8655 -0.3149
vn 0.3900 -0.8651 -0.3153
vn 0.3882 -0.8656 -0.3164
vn 0.3895 -0.8652 -0.3157
vn 0.3892 -0.8660 -0.3139
vn 0.3884 -0.8663 -0.3141
vn 0.3890 -0.8658 -0.3149
vn 0.3896 -0.8661 -0.3131
vn 0.3889 -0.8666 -0.3127
vn 0.3896 -0.8658 -0.3140
vn 0.3898 -0.8658 -0.3138
vn 0.3890 -0.8661 -0.3138
vn 0.3906 -0.8653 -0.3141
vn 0.3902 -0.8654 -0.3145
vn 0.3904 -0.8656 -0.3137
vn 0.3901 -0.8654 -0.3144
vn 0.3890 -0.8659 -0.3146
vn 0.3883 -0.8663 -0.3143
vn 0.3894 -0.8660 -0.3138
vn 0.3897 -0.8660 -0.3133
vn 0.3897 -0.8658 -0.3138
vn 0.3892 -0.8659 -0.3143
vn 0.3893 -0.8658 -0.3143
vn 0.3895 -0.8656 -0.3148
vn 0.3892 -0.8658 -0.3145
vn 0.3897 -0.8656 -0.3143
vn 0.3896 -0.8656 -0.3145
vn 0.3892 -0.8656 -0.3149
vn 0.3887 -0.8661 -0.3142
vn 0.3894 -0.8656 -0.3148
vn 0.3891 -0.8657 -0.3148
vn 0.3903 -0.8651 -0.3150
vn 0.3899 -0.8661 -0.3127
vn 0.3891 -0.8661 -0.3138
vn 0.3896 -0.8660 -0.3135
vn 0.3898 -0.8657 -0.3141
vn 0.3894 -0.8657 -0.3144
vn 0.3892 -0.8660 -0.3140
vn 0.3890 -0.8663 -0.3133
vn 0.3893 -0.8661 -0.3135
vn 0.3905 -0.8662 -0.3117
vn 0.3898 -0.8657 -0.3140
vn 0.3919 -0.8652 -0.3127
vn 0.3877 -0.8675 -0.3117
vn 0.3898 -0.8655 -0.3145
vn 0.3888 -0.8646 -0.3182
vn 0.3901 -0.8640 -0.3183
vn 0.3892 -0.8649 -0.3170
vn 0.3910 -0.8647 -0.3154
vn 0.3918 -0.8647 -0.3142
vn 0.3899 -0.8648 -0.3163
vn 0.3900 -0.8656 -0.3141
vn 0.3900 -0.8655 -0.3144
vn 0.3887 -0.8665 -0.3133
vn 0.3886 -0.8669 -0.3123
vn 0.3891 -0.8658 -0.3146
vn 0.3900 -0.8659 -0.3132
vn 0.3894 -0.8662 -0.3133
vn 0.3886 -0.8665 -0.3133
vn 0.3894 -0.8658 -0.3143
vn 0.3891 -0.8661 -0.3137
vn 0.3888 -0.8660 -0.3145
vn 0.3896 -0.8657 -0.3142
vn 0.3892 -0.8659 -0.3142
vn 0.3896 -0.8659 -0.3139
vn 0.3900 -0.8654 -0.3146
vn 0.3871 -0.8669 -0.3140
vn 0.3898 -0.8652 -0.3154
vn 0.3896 -0.8655 -0.3147
vn 0.3899 -0.8655 -0.3145
vn 0.3895 -0.8657 -0.3144
vn 0.3894 -0.8660 -0.3136
vn 0.3890 -0.8662 -0.3135
vn 0.3891 -0.8661 -0.3139
vn 0.3893 -0.8659 -0.3140
vn 0.3891 -0.8658 -0.3145
vn 0.3890 -0.8659 -0.3144
vn 0.3897 -0.8654 -0.3149
vn 0.3894 -0.8656 -0.3149
vn 0.3897 -0.8656 -0.3144
vn 0.3894 -0.8657 -0.3145
vn 0.3895 -0.8660 -0.3137
vn 0.3893 -0.8658 -0.3144
vn 0.3901 -0.8657 -0.3137
vn 0.3894 -0.8658 -0.3144
vn 0.3893 -0.8662 -0.3133
vn 0.3894 -0.8659 -0.3141
vn 0.3893 -0.8660 -0.3137
vn 0.3890 -0.8668 -0.3120
vn 0.3899 -0.8659 -0.3133
vn 0.3895 -0.8660 -0.3135
vn 0.3893 -0.8662 -0.3134
vn 0.3899 -0.8656 -0.3142
vn 0.3893 -0.8660 -0.3139
vn 0.3904 -0.8655 -0.3139
vn 0.3898 -0.8659 -0.3134
vn 0.3909 -0.8656 -0.3130
vn 0.3900 -0.8653 -0.3148
vn 0.3901 -0.8655 -0.3144
vn 0.3895 -0.8658 -0.3143
vn 0.3897 -0.8655 -0.3148
vn 0.3893 -0.8657 -0.3147
vn 0.3892 -0.8661 -0.3137
vn 0.3887 -0.8664 -0.3136
vn 0.3901 -0.8657 -0.3138
vn 0.3897 -0.8656 -0.3146
vn 0.3896 -0.8654 -0.3150
vn 0.3895 -0.8659 -0.3140
vn 0.3885 -0.8663 -0.3139
vn 0.3891 -0.8657 -0.3151
vn 0.3885 -0.8661 -0.3146
vn 0.3880 -0.8662 -0.3149
vn 0.3888 -0.8656 -0.3155
vn 0.3893 -0.8655 -0.3153
vn 0.3904 -0.8656 -0.3135
vn 0.3901 -0.8660 -0.3128
vn 0.3894 -0.8661 -0.3133
vn 0.3893 -0.8661 -0.3137
vn 0.3909 -0.8644 -0.3163
vn 0.3887 -0.8662 -0.3139
vn 0.3902 -0.8657 -0.3136
vn 0.3891 -0.8659 -0.3143
vn 0.3894 -0.8663 -0.3128
vn 0.3905 -0.8659 -0.3126
vn 0.3884 -0.8665 -0.3136
vn 0.3899 -0.8653 -0.3151
vn 0.3901 -0.8653 -0.3147
vn 0.3905 -0.8650 -0.3151
vn 0.3896 -0.8657 -0.3144
vn 0.3903 -0.8653 -0.3144
vn 0.3896 -0.8659 -0.3138
vn 0.3901 -0.8656 -0.3141
vn 0.3903 -0.8656 -0.3137
vn 0.3896 -0.8657 -0.3141
vn 0.3903 -0.8652 -0.3147
vn 0.3901 -0.8655 -0.3143
vn 0.3907 -0.8652 -0.3144
vn 0.3900 -0.8655 -0.3143
vn 0.3895 -0.8657 -0.3145
vn 0.3890 -0.8663 -0.3135
vn 0.3895 -0.8661 -0.3134
vn 0.3902 -0.8653 -0.3147
vn 0.3900 -0.8655 -0.3145
vn 0.3900 -0.8657 -0.3137
vn 0.3898 -0.8658 -0.3137
vn 0.3901 -0.8657 -0.3136
vn 0.3893 -0.8657 -0.3146
vn 0.3888 -0.8658 -0.3149
vn 0.3880 -0.8661 -0.3152
vn 0.3894 -0.8661 -0.3134
vn 0.3888 -0.8662 -0.3140
vn 0.3893 -0.8659 -0.3141
vn 0.3887 -0.8662 -0.3140
vn 0.3892 -0.8656 -0.3150
vn 0.3889 -0.8664 -0.3131
vn 0.3885 -0.8664 -0.3138
vn 0.3882 -0.8663 -0.3144
vn 0.3909 -0.8654 -0.3136
vn 0.3902 -0.8657 -0.3137
vn 0.3893 -0.8659 -0.3143
vn 0.3911 -0.8651 -0.3140
vn 0.3902 -0.8654 -0.3144
vn 0.3898 -0.8655 -0.3148
vn 0.3904 -0.8653 -0.3144
vn 0.3892 -0.8658 -0.3146
vn 0.3892 -0.8661 -0.3138
vn 0.3898 -0.8659 -0.3135
vn 0.3899 -0.8656 -0.3141
vn 0.3891 -0.8658 -0.3147
vn 0.3898 -0.8663 -0.3125
vn 0.3891 -0.8664 -0.3130
vn 0.3906 -0.8656 -0.3134
vn 0.3910 -0.8654 -0.3133
vn 0.3896 -0.8661 -0.3133
vn 0.3901 -0.8655 -0.3142
vn 0.3894 -0.8658 -0.3142
vn 0.3904 -0.8658 -0.3129
vn 0.3896 -0.8661 -0.3132
vn 0.3893 -0.8660 -0.3140
vn 0.3907 -0.8654 -0.3138
vn 0.3900 -0.8657 -0.3139
vn 0.3906 -0.8654 -0.3139
vn 0.3894 -0.8658 -0.3141
vn 0.3897 -0.8658 -0.3137
vn 0.3897 -0.8658 -0.3139
vn 0.3898 -0.8656 -0.3142
vn 0.3897 -0.8655 -0.3147
vn 0.3899 -0.8658 -0.3136
vn 0.3896 -0.8659 -0.3137
vn 0.3907 -0.8654 -0.3137
vn 0.3896 -0.8653 -0.3155
vn 0.3904 -0.8646 -0.3164
vn -0.5317 0.0671 -0.8443
vn -0.8640 -0.4616 0.2009
vn -0.8641 -0.4616 0.2009
vn -0.9078 -0.3032 -0.2900
vn -0.9077 -0.3032 -0.2900
vn -0.7082 -0.0635 -0.7031
vn -0.7520 -0.4959 0.4342
vn -0.7521 -0.4959 0.4342
vn 0.3190 -0.1932 0.9279
vn 0.3189 -0.1932 0.9279
vn -0.1558 -0.3981 0.9040
vn -0.5888 -0.4964 0.6379
vn 0.7078 0.0636 0.7036
vn 0.7091 0.0632 0.7023
vn 0.7084 0.0648 0.7028
vn 0.7081 0.0623 0.7034
vn 0.7084 0.0634 0.7030
vn 0.7074 0.0637 0.7039
vn 0.9079 0.3028 0.2898
vn 0.9079 0.3029 0.2898
vn 0.8646 0.4610 -0.1999
vn 0.8641 0.4616 -0.2006
vn 0.8643 0.4617 -0.1996
vn 0.8642 0.4616 -0.2001
vn 0.7520 0.4959 -0.4342
vn 0.7520 0.4959 -0.4343
vn -0.3189 0.1933 -0.9279
vn -0.3187 0.1936 -0.9279
vn -0.3186 0.1934 -0.9280
vn -0.3192 0.1935 -0.9277
vn -0.3189 0.1935 -0.9278
vn -0.3190 0.1932 -0.9279
vn 0.1559 0.3984 -0.9039
vn 0.1555 0.3982 -0.9040
vn 0.5885 0.4963 -0.6382
vn 0.5887 0.4961 -0.6382
vn 0.5890 0.4961 -0.6379
vn 0.5892 0.4957 -0.6381
vn -0.5320 0.0671 -0.8441
vn -0.5318 0.0672 -0.8442
vn -0.3189 0.1934 -0.9278
vn -0.3182 0.1942 -0.9279
vn -0.3176 0.1929 -0.9284
vn 0.1558 0.3978 -0.9041
vn 0.1557 0.3981 -0.9040
vn -0.3195 0.1935 -0.9276
vn -0.3182 0.1931 -0.9282
vn -0.3188 0.1923 -0.9281
vn 0.1558 0.3981 -0.9040
vn 0.1558 0.3984 -0.9039
vn 0.5884 0.4960 -0.6386
vn 0.5881 0.4961 -0.6388
vn 0.5887 0.4962 -0.6381
vn 0.5885 0.4961 -0.6384
vn 0.7521 0.4959 -0.4342
vn 0.3187 -0.1931 0.9280
vn 0.3188 -0.1930 0.9280
vn 0.3192 -0.1940 0.9276
vn -0.1552 -0.3972 0.9045
vn -0.1547 -0.3982 0.9042
vn -0.1556 -0.3981 0.9040
vn 0.3185 -0.1926 0.9282
vn 0.3193 -0.1938 0.9276
vn 0.3190 -0.1936 0.9278
vn -0.1553 -0.3976 0.9043
vn -0.1557 -0.3985 0.9038
vn -0.1562 -0.3976 0.9042
vn -0.5888 -0.4963 0.6380
vn -0.5897 -0.4958 0.6375
vn -0.5894 -0.4967 0.6371
vn -0.5888 -0.4958 0.6384
vn -0.5892 -0.4964 0.6375
vn -0.5884 -0.4967 0.6380
vn -0.8642 -0.4614 0.2005
vn -0.8641 -0.4609 0.2022
vn -0.8636 -0.4621 0.2017
vn -0.9079 -0.3028 -0.2898
vn -0.8644 -0.4612 0.2001
vn -0.8639 -0.4616 0.2016
vn -0.8639 -0.4624 0.1996
vn -0.9079 -0.3031 -0.2896
vn -0.7079 -0.0633 -0.7035
vn -0.7083 -0.0637 -0.7030
vn -0.7080 -0.0639 -0.7033
vn -0.5318 0.0671 -0.8442
vn -0.5318 0.0670 -0.8442
vn -0.8641 -0.4615 0.2008
vn -0.8644 -0.4617 0.1992
vn -0.8638 -0.4623 0.2004
vn -0.8646 -0.4609 0.2001
vn -0.8643 -0.4616 0.1999
vn -0.8640 -0.4615 0.2013
vn -0.9080 -0.3026 -0.2899
vn -0.9080 -0.3035 -0.2888
vn -0.9079 -0.3034 -0.2894
vn -0.9074 -0.3033 -0.2907
vn -0.9075 -0.3041 -0.2896
vn -0.7080 -0.0627 -0.7034
vn -0.7076 -0.0634 -0.7038
vn -0.7079 -0.0636 -0.7035
vn -0.7086 -0.0637 -0.7027
vn -0.7082 -0.0646 -0.7031
vn -0.7521 -0.4959 0.4341
vn -0.7521 -0.4958 0.4341
vn 0.3183 -0.1931 0.9281
vn 0.3190 -0.1934 0.9278
vn 0.3196 -0.1943 0.9274
vn 0.3174 -0.1921 0.9286
vn 0.3187 -0.1932 0.9280
vn 0.3178 -0.1931 0.9283
vn -0.1562 -0.3983 0.9039
vn -0.1559 -0.3985 0.9038
vn -0.5886 -0.4959 0.6384
vn -0.5884 -0.4964 0.6383
vn -0.5884 -0.4964 0.6382
vn -0.5881 -0.4964 0.6385
vn 0.7082 0.0636 0.7032
vn 0.7073 0.0640 0.7040
vn 0.7089 0.0629 0.7025
vn 0.7079 0.0634 0.7034
vn 0.7087 0.0637 0.7027
vn 0.9087 0.3018 0.2884
vn 0.9075 0.3032 0.2907
vn 0.9080 0.3034 0.2890
vn 0.9078 0.3033 0.2897
vn 0.9073 0.3031 0.2913
vn 0.9066 0.3047 0.2920
vn 0.8646 0.4607 -0.2004
vn 0.8640 0.4615 -0.2013
vn 0.8641 0.4618 -0.2002
vn 0.8641 0.4617 -0.2005
vn 0.8640 0.4614 -0.2018
vn 0.8636 0.4623 -0.2014
vn 0.7521 0.4958 -0.4342
vn -0.3193 0.1928 -0.9278
vn -0.3193 0.1932 -0.9277
vn -0.3193 0.1931 -0.9278
vn -0.3195 0.1932 -0.9277
vn -0.3194 0.1929 -0.9278
vn -0.3194 0.1927 -0.9278
vn 0.1561 0.3984 -0.9038
vn 0.1559 0.3981 -0.9040
vn 0.5886 0.4963 -0.6382
vn 0.5888 0.4963 -0.6380
vn -0.5314 0.0671 -0.8445
vn -0.5314 0.0671 -0.8444
vn -0.5313 0.0674 -0.8445
vn -0.5317 0.0673 -0.8443
vn -0.3194 0.1935 -0.9276
vn -0.3186 0.1944 -0.9277
vn -0.3180 0.1931 -0.9282
vn 0.1555 0.3979 -0.9042
vn -0.3199 0.1937 -0.9274
vn -0.3185 0.1934 -0.9280
vn -0.3194 0.1924 -0.9279
vn 0.1557 0.3980 -0.9041
vn 0.1558 0.3982 -0.9040
vn 0.1560 0.3978 -0.9041
vn 0.5893 0.4967 -0.6372
vn 0.5892 0.4972 -0.6369
vn 0.5890 0.4968 -0.6374
vn 0.5893 0.4966 -0.6373
vn 0.8642 0.4614 -0.2005
vn 0.8636 0.4621 -0.2015
vn 0.8641 0.4610 -0.2020
vn 0.9073 0.3034 0.2913
vn 0.9066 0.3049 0.2918
vn 0.9079 0.3030 0.2896
vn 0.8642 0.4616 -0.2000
vn 0.8642 0.4611 -0.2014
vn 0.8649 0.4602 -0.2005
vn 0.9082 0.3029 0.2890
vn 0.9089 0.3013 0.2884
vn 0.7084 0.0633 0.7030
vn 0.7082 0.0638 0.7032
vn 0.7086 0.0637 0.7027
vn 0.7082 0.0632 0.7032
vn 0.7083 0.0634 0.7030
vn 0.7083 0.0628 0.7031
vn 0.5317 -0.0673 0.8443
vn 0.5321 -0.0674 0.8440
vn 0.5319 -0.0671 0.8441
vn 0.5322 -0.0671 0.8440
vn 0.5319 -0.0671 0.8442
vn 0.5322 -0.0676 0.8439
vn 0.5313 -0.0677 0.8445
vn 0.5308 -0.0687 0.8447
vn 0.5310 -0.0683 0.8446
vn 0.5313 -0.0674 0.8445
vn 0.5325 -0.0677 0.8437
vn 0.5314 -0.0666 0.8445
vn 0.5311 -0.0676 0.8446
vn 0.5318 -0.0667 0.8442
vn 0.5317 -0.0672 0.8442
vn 0.5317 -0.0679 0.8442
vn 0.3193 -0.1932 0.9277
vn -0.1558 -0.3978 0.9041
vn -0.1559 -0.3976 0.9042
vn -0.1556 -0.3980 0.9041
vn 0.3194 -0.1934 0.9277
vn -0.1557 -0.3982 0.9040
vn -0.1555 -0.3984 0.9039
vn -0.1557 -0.3989 0.9037
vn -0.5889 -0.4965 0.6377
vn -0.5893 -0.4965 0.6373
vn -0.5891 -0.4968 0.6373
vn -0.5891 -0.4961 0.6378
vn -0.5890 -0.4965 0.6376
vn -0.8641 -0.4616 0.2007
vn -0.8644 -0.4613 0.2001
vn -0.9080 -0.3033 -0.2891
vn -0.9082 -0.3024 -0.2894
vn -0.9078 -0.3031 -0.2900
vn -0.8638 -0.4620 0.2010
vn -0.8642 -0.4615 0.2004
vn -0.9079 -0.3032 -0.2895
vn -0.9076 -0.3032 -0.2904
vn -0.9075 -0.3038 -0.2901
vn -0.7082 -0.0639 -0.7031
vn -0.7085 -0.0634 -0.7029
vn -0.7080 -0.0637 -0.7033
vn -0.7083 -0.0637 -0.7031
vn -0.7079 -0.0640 -0.7034
vn -0.5315 0.0671 -0.8444
vn -0.5317 0.0672 -0.8443
vn -0.8640 -0.4617 0.2006
vn -0.8642 -0.4616 0.2002
vn -0.8640 -0.4620 0.2000
vn -0.8643 -0.4613 0.2006
vn -0.8642 -0.4615 0.2005
vn -0.8641 -0.4615 0.2007
vn -0.9076 -0.3042 -0.2894
vn -0.9077 -0.3034 -0.2899
vn -0.9081 -0.3030 -0.2890
vn -0.9079 -0.3032 -0.2894
vn -0.9073 -0.3038 -0.2908
vn -0.9079 -0.3025 -0.2902
vn -0.7083 -0.0630 -0.7031
vn -0.7080 -0.0632 -0.7034
vn 0.3189 -0.1933 0.9279
vn 0.3197 -0.1931 0.9276
vn 0.3200 -0.1939 0.9274
vn 0.3178 -0.1925 0.9284
vn 0.3193 -0.1931 0.9278
vn 0.3184 -0.1933 0.9280
vn -0.1556 -0.3975 0.9043
vn -0.1560 -0.3979 0.9041
vn -0.1553 -0.3979 0.9042
vn -0.1557 -0.3981 0.9040
vn -0.1558 -0.3984 0.9039
vn -0.5890 -0.4964 0.6377
vn -0.5887 -0.4961 0.6382
vn -0.5890 -0.4962 0.6379
vn -0.5890 -0.4966 0.6375
vn -0.5889 -0.4961 0.6380
vn 0.9078 0.3032 0.2900
vn 0.9077 0.3032 0.2900
vn 0.7082 0.0635 0.7031
vn -0.3189 0.1932 -0.9279
vn 0.5888 0.4964 -0.6379
vn -0.7084 -0.0638 -0.7029
vn -0.7087 -0.0628 -0.7027
vn -0.7094 -0.0621 -0.7021
vn -0.7074 -0.0649 -0.7039
vn -0.7084 -0.0632 -0.7029
vn -0.7080 -0.0642 -0.7033
vn -0.9074 -0.3046 -0.2894
vn -0.9079 -0.3026 -0.2902
vn -0.9080 -0.3034 -0.2890
vn -0.9079 -0.3031 -0.2895
vn -0.9078 -0.3023 -0.2906
vn -0.9084 -0.3010 -0.2902
vn -0.8641 -0.4616 0.2005
vn -0.8641 -0.4618 0.2004
vn -0.8642 -0.4612 0.2010
vn -0.7522 -0.4959 0.4340
vn 0.3196 -0.1930 0.9277
vn 0.3191 -0.1931 0.9279
vn 0.3198 -0.1929 0.9277
vn 0.3194 -0.1932 0.9277
vn 0.3191 -0.1929 0.9279
vn -0.1562 -0.3979 0.9040
vn -0.1556 -0.3982 0.9040
vn -0.1557 -0.3985 0.9039
vn -0.1563 -0.3978 0.9041
vn -0.5883 -0.4968 0.6380
vn -0.5888 -0.4966 0.6377
vn -0.5885 -0.4959 0.6385
vn -0.5891 -0.4971 0.6370
vn -0.5894 -0.4958 0.6378
vn 0.3191 -0.1933 0.9278
vn 0.3192 -0.1931 0.9278
vn 0.3191 -0.1934 0.9278
vn -0.1557 -0.3977 0.9042
vn -0.1553 -0.3978 0.9042
vn -0.1558 -0.3980 0.9041
vn 0.3187 -0.1932 0.9279
vn 0.3190 -0.1933 0.9278
vn 0.3189 -0.1935 0.9278
vn -0.1558 -0.3979 0.9041
vn -0.1565 -0.3982 0.9038
vn -0.5886 -0.4960 0.6383
vn -0.5900 -0.4955 0.6375
vn -0.5893 -0.4972 0.6369
vn -0.5883 -0.4956 0.6390
vn -0.5890 -0.4968 0.6374
vn -0.5875 -0.4973 0.6383
vn -0.8639 -0.4618 0.2009
vn -0.8647 -0.4598 0.2023
vn -0.8641 -0.4611 0.2018
vn -0.8640 -0.4621 0.2001
vn -0.8641 -0.4614 0.2013
vn -0.8634 -0.4633 0.1996
vn -0.9078 -0.3036 -0.2895
vn -0.7079 -0.0635 -0.7034
vn -0.7081 -0.0635 -0.7032
vn -0.7082 -0.0637 -0.7031
vn -0.5317 0.0670 -0.8443
vn -0.5313 0.0663 -0.8446
vn -0.5317 0.0674 -0.8443
vn -0.5321 0.0670 -0.8440
vn -0.5323 0.0674 -0.8439
vn -0.5323 0.0664 -0.8439
vn -0.5330 0.0668 -0.8435
vn -0.5321 0.0676 -0.8440
vn -0.5310 0.0670 -0.8447
vn -0.5316 0.0671 -0.8443
vn -0.5327 0.0682 -0.8435
vn -0.5328 0.0670 -0.8436
vn -0.5326 0.0670 -0.8437
vn -0.5316 0.0679 -0.8443
vn -0.5315 0.0666 -0.8444
vn -0.5319 0.0671 -0.8442
vn -0.5319 0.0677 -0.8441
vn -0.5324 0.0676 -0.8438
vn -0.5322 0.0673 -0.8439
vn -0.5323 0.0667 -0.8439
vn -0.5329 0.0663 -0.8436
vn -0.5323 0.0672 -0.8439
vn -0.5319 0.0667 -0.8441
vn -0.5319 0.0676 -0.8441
vn -0.5319 0.0678 -0.8441
vn -0.5315 0.0667 -0.8444
vn -0.5322 0.0674 -0.8439
vn -0.5317 0.0665 -0.8443
vn -0.5318 0.0668 -0.8442
vn -0.5308 0.0684 -0.8447
vn -0.5310 0.0688 -0.8446
vn -0.5312 0.0678 -0.8445
vn -0.5324 0.0677 -0.8438
vn -0.5313 0.0673 -0.8445
vn -0.5320 0.0670 -0.8441
vn -0.5317 0.0677 -0.8442
vn -0.5321 0.0673 -0.8440
vn -0.5322 0.0669 -0.8440
vn -0.5314 0.0668 -0.8445
vn -0.5315 0.0673 -0.8444
vn -0.5312 0.0676 -0.8446
vn -0.3193 0.1935 -0.9277
vn -0.3184 0.1943 -0.9278
vn -0.3177 0.1931 -0.9283
vn -0.3196 0.1935 -0.9276
vn -0.3183 0.1933 -0.9281
vn -0.3191 0.1924 -0.9280
vn 0.5885 0.4962 -0.6383
vn 0.5887 0.4959 -0.6384
vn 0.5886 0.4966 -0.6379
vn 0.5887 0.4962 -0.6382
vn 0.5888 0.4961 -0.6381
vn 0.8641 0.4614 -0.2010
vn 0.8641 0.4619 -0.2001
vn 0.9078 0.3032 0.2898
vn 0.9076 0.3036 0.2901
vn 0.9077 0.3028 0.2905
vn 0.8641 0.4619 -0.2000
vn 0.9077 0.3030 0.2902
vn 0.9076 0.3030 0.2905
vn 0.9078 0.3026 0.2903
vn 0.7083 0.0635 0.7030
vn 0.7079 0.0647 0.7034
vn 0.7081 0.0641 0.7032
vn 0.7079 0.0636 0.7034
vn 0.7087 0.0627 0.7027
vn 0.5319 -0.0672 0.8442
vn 0.8640 0.4616 -0.2012
vn 0.8642 0.4614 -0.2007
vn 0.8640 0.4617 -0.2010
vn 0.9076 0.3047 0.2888
vn 0.9078 0.3033 0.2898
vn 0.9083 0.3032 0.2882
vn 0.9081 0.3032 0.2889
vn 0.9082 0.3017 0.2901
vn 0.7071 0.0639 0.7042
vn 0.7077 0.0634 0.7037
vn 0.7074 0.0633 0.7040
vn 0.7078 0.0635 0.7036
vn 0.7082 0.0637 0.7031
vn 0.7084 0.0636 0.7029
vn -0.3192 0.1928 -0.9279
vn -0.3186 0.1927 -0.9281
vn -0.3179 0.1930 -0.9283
vn -0.3205 0.1922 -0.9275
vn -0.3189 0.1925 -0.9280
vn -0.3198 0.1931 -0.9276
vn 0.1557 0.3992 -0.9035
vn 0.1558 0.3979 -0.9041
vn 0.1562 0.3984 -0.9038
vn 0.1556 0.3976 -0.9043
vn 0.1558 0.3970 -0.9045
vn 0.5889 0.4966 -0.6376
vn 0.5888 0.4965 -0.6378
vn -0.5317 0.0671 -0.8442
vn -0.7084 -0.0634 -0.7030
vn -0.7082 -0.0630 -0.7031
vn -0.7080 -0.0638 -0.7033
vn -0.7087 -0.0630 -0.7027
vn -0.9076 -0.3035 -0.2900
vn -0.9077 -0.3033 -0.2899
vn -0.9076 -0.3033 -0.2903
vn -0.9078 -0.3033 -0.2897
vn -0.9077 -0.3028 -0.2905
vn -0.8635 -0.4622 0.2017
vn -0.8639 -0.4615 0.2018
vn -0.8642 -0.4619 0.1996
vn -0.8641 -0.4617 0.2006
vn -0.8638 -0.4614 0.2026
vn -0.8644 -0.4611 0.2006
vn -0.7521 -0.4958 0.4342
vn 0.3191 -0.1930 0.9279
vn 0.3194 -0.1931 0.9278
vn -0.1561 -0.3981 0.9040
vn -0.1557 -0.3984 0.9039
vn -0.1557 -0.3983 0.9039
vn -0.1562 -0.3978 0.9041
vn -0.1561 -0.3982 0.9039
vn -0.5885 -0.4964 0.6381
vn -0.5884 -0.4963 0.6383
vn 0.5314 -0.0672 0.8445
vn 0.5318 -0.0672 0.8442
vn 0.3189 -0.1927 0.9280
vn 0.3193 -0.1935 0.9277
vn -0.1551 -0.3976 0.9044
vn -0.1557 -0.3980 0.9041
vn 0.3188 -0.1923 0.9281
vn 0.3192 -0.1930 0.9278
vn -0.1554 -0.3978 0.9042
vn -0.1560 -0.3985 0.9038
vn -0.1554 -0.3979 0.9042
vn -0.5891 -0.4963 0.6377
vn -0.5907 -0.4955 0.6368
vn -0.5899 -0.4973 0.6362
vn -0.5887 -0.4959 0.6384
vn -0.5895 -0.4969 0.6368
vn -0.5879 -0.4976 0.6378
vn -0.8643 -0.4614 0.2004
vn -0.8642 -0.4612 0.2011
vn -0.9081 -0.3018 -0.2903
vn -0.9079 -0.3031 -0.2897
vn -0.8644 -0.4612 0.2002
vn -0.8643 -0.4613 0.2005
vn -0.8642 -0.4617 0.1999
vn -0.9077 -0.3031 -0.2903
vn -0.9080 -0.3033 -0.2889
vn -0.9075 -0.3045 -0.2894
vn -0.7082 -0.0636 -0.7031
vn -0.7080 -0.0637 -0.7034
vn -0.7083 -0.0634 -0.7030
vn -0.7077 -0.0641 -0.7036
vn -0.5318 0.0662 -0.8443
vn -0.5320 0.0675 -0.8440
vn -0.5321 0.0677 -0.8440
vn -0.5310 0.0685 -0.8446
vn -0.5312 0.0685 -0.8445
vn -0.5322 0.0691 -0.8438
vn -0.5316 0.0671 -0.8444
vn -0.5311 0.0673 -0.8447
vn -0.5311 0.0670 -0.8447
vn -0.5313 0.0671 -0.8445
vn -0.5313 0.0676 -0.8445
vn -0.5317 0.0678 -0.8442
vn -0.5314 0.0673 -0.8445
vn -0.5325 0.0673 -0.8437
vn -0.5312 0.0666 -0.8446
vn -0.5318 0.0676 -0.8442
vn -0.5320 0.0677 -0.8440
vn -0.5331 0.0670 -0.8434
vn -0.5323 0.0664 -0.8440
vn -0.5327 0.0671 -0.8436
vn -0.5316 0.0670 -0.8443
vn -0.5320 0.0668 -0.8441
vn -0.5322 0.0671 -0.8440
vn -0.5323 0.0670 -0.8439
vn -0.3190 0.1929 -0.9279
vn -0.3187 0.1935 -0.9279
vn -0.3182 0.1928 -0.9282
vn 0.1554 0.3985 -0.9039
vn 0.1562 0.3978 -0.9041
vn -0.3191 0.1932 -0.9278
vn -0.3188 0.1929 -0.9280
vn 0.1561 0.3978 -0.9041
vn 0.1565 0.3975 -0.9041
vn 0.5886 0.4963 -0.6381
vn 0.5887 0.4966 -0.6379
vn 0.9079 0.3035 0.2892
vn 0.8639 0.4618 -0.2010
vn 0.9079 0.3031 0.2896
vn 0.9079 0.3037 0.2889
vn 0.9083 0.3029 0.2886
vn 0.7079 0.0635 0.7035
vn 0.7080 0.0638 0.7033
vn 0.7084 0.0632 0.7030
vn 0.7075 0.0637 0.7038
vn 0.7080 0.0634 0.7033
vn 0.7078 0.0630 0.7036
vn 0.5314 -0.0672 0.8444
vn 0.8637 0.4620 -0.2016
vn 0.8641 0.4610 -0.2018
vn 0.8645 0.4603 -0.2021
vn 0.8634 0.4629 -0.2007
vn 0.8640 0.4615 -0.2011
vn 0.9078 0.3030 0.2900
vn 0.9075 0.3032 0.2906
vn 0.7079 0.0642 0.7034
vn 0.7088 0.0639 0.7025
vn 0.7082 0.0633 0.7031
vn 0.7084 0.0638 0.7029
vn 0.7090 0.0642 0.7023
vn 0.7093 0.0634 0.7020
vn -0.8419 -0.1506 0.5182
vn -0.6926 0.5535 0.4626
vn -0.8327 0.0019 0.5537
vn -0.1754 0.9683 0.1778
vn 0.3233 0.9386 -0.1203
vn -0.3741 0.8635 0.3383
vn 0.6354 0.6907 -0.3452
vn 0.4717 0.8600 -0.1945
vn 0.8240 0.2716 -0.4973
vn 0.8289 -0.1846 -0.5280
vn 0.5744 -0.6985 -0.4269
vn 0.8611 -0.0052 -0.5085
vn 0.0043 -0.9951 -0.0990
vn 0.4046 -0.8674 -0.2897
vn -0.5609 -0.7748 0.2917
vn -0.4432 -0.8638 0.2397
vn 0.8983 0.4325 -0.0781
vn 0.8985 0.4319 -0.0781
vn 0.8983 0.4324 -0.0778
vn 0.8983 0.4326 -0.0771
vn 0.8982 0.4327 -0.0776
vn 0.7793 0.1274 0.6136
vn 0.7792 0.1277 0.6136
vn 0.8645 0.4611 -0.1999
vn 0.9084 0.3019 0.2894
vn 0.8979 0.4341 -0.0725
vn 0.7081 0.0642 0.7032
vn 0.7757 0.1287 0.6178
vn 0.8238 0.2719 -0.4974
vn 0.8290 -0.1847 -0.5279
vn 0.5746 -0.6984 -0.4268
vn 0.8610 -0.0056 -0.5085
vn 0.0044 -0.9951 -0.0992
vn 0.4044 -0.8674 -0.2898
vn -0.5609 -0.7749 0.2913
vn -0.4433 -0.8637 0.2399
vn -0.8419 -0.1501 0.5184
vn -0.6924 0.5534 0.4630
vn -0.8328 0.0018 0.5536
vn -0.1758 0.9682 0.1779
vn 0.3233 0.9386 -0.1204
vn -0.3738 0.8636 0.3383
vn 0.6356 0.6905 -0.3453
vn 0.4717 0.8601 -0.1944
vn 0.5316 -0.0673 0.8443
vn 0.5318 -0.0668 0.8442
vn 0.5313 -0.0673 0.8445
vn 0.5315 -0.0671 0.8444
vn 0.5320 -0.0668 0.8441
vn 0.5319 -0.0667 0.8442
vn 0.5317 -0.0674 0.8442
vn 0.5322 -0.0672 0.8439
vn 0.5314 -0.0677 0.8444
vn 0.5321 -0.0678 0.8440
vn 0.5315 -0.0680 0.8443
vn 0.5316 -0.0672 0.8444
vn 0.5320 -0.0666 0.8441
vn 0.5316 -0.0660 0.8444
vn 0.5315 -0.0674 0.8444
vn 0.5320 -0.0673 0.8441
vn 0.5317 -0.0674 0.8443
vn 0.5314 -0.0676 0.8444
vn 0.5316 -0.0667 0.8444
vn 0.5316 -0.0672 0.8443
vn 0.5316 -0.0670 0.8443
vn 0.5322 -0.0670 0.8440
vn 0.8415 0.1528 -0.5182
vn 0.6770 -0.5513 -0.4875
vn 0.8589 -0.0051 -0.5121
vn 0.1667 -0.9672 -0.1914
vn -0.3155 -0.9396 0.1327
vn -0.6352 -0.6910 0.3451
vn -0.4410 -0.8639 0.2432
vn -0.8240 -0.2713 0.4974
vn -0.8210 0.1843 0.5404
vn -0.5831 0.6994 0.4134
vn -0.8304 0.0013 0.5572
vn -0.0198 0.9970 0.0745
vn -0.3740 0.8636 0.3382
vn 0.5622 0.7733 -0.2930
vn 0.4694 0.8605 -0.1980
vn 0.3185 -0.1930 0.9281
vn 0.2087 -0.2532 0.9446
vn -0.4855 -0.4862 0.7266
vn -0.1566 -0.3966 0.9046
vn -0.5885 -0.4961 0.6384
vn -0.2712 -0.4338 0.8592
vn -0.2901 -0.4390 0.8504
vn 0.2240 -0.2418 0.9441
vn 0.0251 -0.3310 0.9433
vn 0.2236 -0.2420 0.9442
vn -0.1749 -0.4044 0.8977
vn 0.0248 -0.3311 0.9433
vn -0.3667 -0.4587 0.8094
vn -0.1751 -0.4045 0.8976
vn -0.5410 -0.4911 0.6827
vn -0.3668 -0.4587 0.8093
vn -0.6896 -0.5003 0.5236
vn -0.5411 -0.4911 0.6827
vn -0.8055 -0.4856 0.3396
vn -0.6897 -0.5002 0.5236
vn -0.8831 -0.4479 0.1396
vn -0.9188 -0.3890 -0.0671
vn -0.8831 -0.4479 0.1395
vn -0.9109 -0.3116 -0.2706
vn -0.9188 -0.3890 -0.0673
vn -0.8597 -0.2194 -0.4612
vn -0.9108 -0.3115 -0.2708
vn -0.7677 -0.1168 -0.6300
vn -0.8596 -0.2193 -0.4615
vn -0.7676 -0.1166 -0.6303
vn -0.9203 -0.3518 -0.1712
vn -0.9208 -0.3593 -0.1515
vn -0.8639 -0.4615 0.2016
vn -0.9070 -0.3052 -0.2902
vn -0.9007 -0.4282 0.0735
vn -0.7081 -0.0642 -0.7032
vn -0.7788 -0.1220 -0.6152
vn 0.8326 -0.0017 -0.5538
vn 0.8419 0.1526 -0.5177
vn 0.3742 -0.8635 -0.3383
vn 0.6923 -0.5538 -0.4627
vn 0.1755 -0.9683 -0.1779
vn -0.4717 -0.8600 0.1944
vn -0.3231 -0.9387 0.1204
vn -0.6356 -0.6905 0.3453
vn -0.8610 0.0052 0.5086
vn -0.8239 -0.2717 0.4974
vn -0.8289 0.1849 0.5280
vn -0.4045 0.8675 0.2896
vn -0.5744 0.6986 0.4266
vn 0.4428 0.8639 -0.2400
vn -0.0044 0.9951 0.0991
vn 0.5626 0.7732 -0.2926
vn -0.5316 0.0673 -0.8443
vn -0.5317 0.0673 -0.8442
vn -0.5318 0.0675 -0.8442
vn -0.5313 0.0672 -0.8445
vn -0.5319 0.0673 -0.8441
vn -0.5315 0.0670 -0.8444
vn -0.5314 0.0672 -0.8444
vn -0.5319 0.0673 -0.8442
vn -0.5319 0.0671 -0.8441
vn -0.5316 0.0672 -0.8443
vn -0.5315 0.0674 -0.8444
vn -0.5320 0.0674 -0.8441
vn -0.5314 0.0673 -0.8444
vn -0.5315 0.0669 -0.8444
vn -0.5317 0.0672 -0.8442
vn -0.8611 0.0054 0.5085
vn -0.8241 -0.2711 0.4974
vn -0.8288 0.1853 0.5279
vn -0.4047 0.8673 0.2898
vn -0.5744 0.6985 0.4269
vn 0.4431 0.8639 -0.2397
vn 0.5627 0.7732 -0.2925
vn 0.8327 -0.0019 -0.5537
vn 0.8419 0.1528 -0.5176
vn 0.3740 -0.8636 -0.3382
vn 0.6924 -0.5536 -0.4628
vn 0.1754 -0.9683 -0.1778
vn -0.4718 -0.8600 0.1945
vn -0.3235 -0.9386 0.1202
vn -0.6351 -0.6910 0.3451
vn -0.8983 -0.4326 0.0774
vn -0.8982 -0.4325 0.0782
vn -0.8981 -0.4329 0.0774
vn -0.8983 -0.4324 0.0780
vn -0.8986 -0.4317 0.0790
vn -0.8983 -0.4323 0.0785
vn -0.7791 -0.1273 -0.6139
vn -0.7785 -0.1280 -0.6145
vn -0.7788 -0.1276 -0.6141
vn -0.8638 -0.4622 0.2006
vn -0.8979 -0.4342 0.0730
vn -0.7759 -0.1292 -0.6175
vn -0.9086 -0.3013 -0.2892
vn -0.7081 -0.0629 -0.7033
vn -0.3195 0.1931 -0.9277
vn 0.1559 0.3965 -0.9047
vn -0.2084 0.2533 -0.9447
vn 0.5882 0.4958 -0.6389
vn 0.4859 0.4862 -0.7263
vn 0.8304 -0.0017 -0.5572
vn 0.8240 0.2712 -0.4975
vn 0.8208 -0.1841 -0.5407
vn 0.3742 -0.8634 -0.3384
vn 0.5830 -0.6996 -0.4131
vn 0.0195 -0.9970 -0.0745
vn -0.5609 -0.7749 0.2915
vn -0.8589 0.0051 0.5121
vn -0.8419 -0.1503 0.5183
vn -0.4047 0.8674 0.2896
vn -0.6771 0.5513 0.4874
vn -0.1670 0.9671 0.1917
vn 0.4410 0.8639 -0.2433
vn 0.3156 0.9396 -0.1324
vn 0.6355 0.6906 -0.3453
vn -0.2031 0.2521 -0.9461
vn -0.2033 0.2525 -0.9460
vn -0.2032 0.2518 -0.9462
vn 0.4914 0.4840 -0.7240
vn -0.2035 0.2518 -0.9462
vn -0.2033 0.2516 -0.9462
vn -0.2033 0.2512 -0.9463
vn 0.4912 0.4841 -0.7241
vn -0.3191 0.1936 -0.9278
vn -0.2058 0.2466 -0.9470
vn 0.4887 0.4799 -0.7287
vn 0.1552 0.3998 -0.9034
vn 0.5888 0.4967 -0.6376
vn -0.8589 0.0053 0.5121
vn -0.8419 -0.1499 0.5183
vn -0.4044 0.8675 0.2897
vn -0.6768 0.5518 0.4874
vn -0.1669 0.9672 0.1916
vn 0.4410 0.8639 -0.2432
vn 0.3155 0.9396 -0.1328
vn 0.6354 0.6906 -0.3453
vn 0.2528 0.4285 -0.8675
vn 0.2886 0.4386 -0.8511
vn -0.2044 0.2513 -0.9461
vn -0.2041 0.2515 -0.9461
vn 0.0357 0.3550 -0.9342
vn 0.0355 0.3554 -0.9340
vn 0.0352 0.3548 -0.9343
vn 0.0354 0.3546 -0.9344
vn 0.2730 0.4343 -0.8584
vn 0.2735 0.4349 -0.8579
vn 0.2737 0.4345 -0.8581
vn 0.2732 0.4343 -0.8583
vn 0.2735 0.4344 -0.8582
vn 0.2735 0.4338 -0.8585
vn 0.4918 0.4839 -0.7239
vn 0.4922 0.4840 -0.7236
vn 0.4919 0.4839 -0.7238
vn 0.0567 0.3631 -0.9300
vn 0.0198 0.3488 -0.9370
vn -0.3188 0.1932 -0.9279
vn 0.1556 0.3979 -0.9042
vn 0.1554 0.3980 -0.9041
vn -0.3186 0.1934 -0.9279
vn 0.1553 0.3979 -0.9042
vn 0.1554 0.3975 -0.9043
vn 0.5889 0.4964 -0.6377
vn 0.5894 0.4967 -0.6371
vn 0.5896 0.4963 -0.6373
vn 0.5893 0.4964 -0.6374
vn 0.5891 0.4959 -0.6380
vn 0.8636 0.4625 -0.2007
vn 0.9080 0.3027 0.2897
vn 0.9077 0.3034 0.2898
vn 0.9081 0.3030 0.2890
vn 0.8643 0.4615 -0.2000
vn 0.8640 0.4618 -0.2007
vn 0.8646 0.4609 -0.2003
vn 0.9079 0.3032 0.2894
vn 0.9079 0.3037 0.2891
vn 0.9082 0.3029 0.2886
vn 0.7083 0.0632 0.7030
vn 0.7081 0.0632 0.7033
vn 0.8744 0.2403 0.4214
vn 0.8744 0.2406 0.4212
vn 0.8924 0.4391 -0.1037
vn 0.9203 0.3794 0.0950
vn 0.8980 0.4329 -0.0790
vn 0.9078 0.3031 0.2897
vn 0.9203 0.3530 0.1688
vn 0.8555 0.2136 0.4717
vn 0.8795 0.2487 0.4058
vn 0.7656 0.1147 0.6330
vn 0.7786 0.1275 0.6144
vn 0.9194 0.3444 0.1901
vn 0.9203 0.3518 0.1712
vn 0.2039 -0.2519 0.9460
vn 0.2037 -0.2516 0.9461
vn 0.2037 -0.2515 0.9462
vn -0.4911 -0.4839 0.7243
vn -0.4915 -0.4837 0.7241
vn 0.2035 -0.2517 0.9462
vn 0.2036 -0.2515 0.9462
vn 0.2038 -0.2517 0.9461
vn -0.4910 -0.4838 0.7244
vn -0.4915 -0.4836 0.7242
vn -0.8240 -0.2714 0.4973
vn -0.8210 0.1839 0.5404
vn -0.5831 0.6994 0.4133
vn -0.8303 0.0014 0.5573
vn -0.0197 0.9970 0.0750
vn -0.3741 0.8636 0.3380
vn 0.5623 0.7734 -0.2928
vn 0.4694 0.8605 -0.1983
vn 0.8415 0.1526 -0.5183
vn 0.6768 -0.5517 -0.4875
vn 0.8590 -0.0052 -0.5119
vn 0.1668 -0.9673 -0.1912
vn -0.3156 -0.9396 0.1326
vn 0.4046 -0.8674 -0.2898
vn -0.6356 -0.6906 0.3452
vn -0.4409 -0.8640 0.2431
vn 0.3188 -0.1926 0.9280
vn -0.1560 -0.3999 0.9032
vn 0.2061 -0.2468 0.9469
vn -0.5889 -0.4964 0.6378
vn -0.4881 -0.4802 0.7289
vn 0.8639 0.4616 -0.2016
vn 0.9007 0.4281 -0.0737
vn 0.7784 0.1226 0.6156
vn 0.9067 0.3044 0.2918
vn 0.7081 0.0633 0.7033
vn 0.8983 0.4324 -0.0781
vn 0.7790 0.1277 0.6138
vn 0.2034 -0.2518 0.9462
vn 0.2035 -0.2518 0.9462
vn -0.4913 -0.4838 0.7243
vn -0.4913 -0.4838 0.7242
vn -0.8983 -0.4324 0.0781
vn -0.7790 -0.1277 -0.6138
vn -0.2034 0.2518 -0.9462
vn 0.4914 0.4838 -0.7242
vn 0.4913 0.4838 -0.7243
vn 0.7790 0.1277 0.6139
vn -0.4914 -0.4838 0.7242
vn -0.8983 -0.4325 0.0781
vn -0.7790 -0.1277 -0.6139
vn 0.4913 0.4838 -0.7242
vn -0.7790 -0.1278 -0.6138
vn 0.6380 0.0076 0.7700
vn 0.6379 0.0076 0.7701
vn 0.4136 -0.1403 0.8996
vn 0.4136 -0.1404 0.8996
vn 0.3902 -0.8653 -0.3145
vn 0.3915 -0.8654 -0.3127
vn 0.3912 -0.8648 -0.3148
vn 0.3914 -0.8650 -0.3141
vn 0.3907 -0.8653 -0.3141
vn 0.3895 -0.8655 -0.3150
vn -0.8641 -0.4614 0.2011
vn -0.8640 -0.4617 0.2008
vn -0.9079 -0.3029 -0.2899
vn -0.7078 -0.0636 -0.7035
vn -0.7080 -0.0634 -0.7033
vn -0.7083 -0.0633 -0.7030
vn -0.7085 -0.0628 -0.7029
vn -0.3190 0.1931 -0.9279
vn 0.1556 0.3981 -0.9040
vn 0.5887 0.4964 -0.6380
vn 0.5886 0.4964 -0.6380
vn 0.5890 0.4963 -0.6378
vn 0.3896 -0.8658 -0.3139
vn 0.3905 -0.8655 -0.3137
vn 0.3899 -0.8656 -0.3140
vn 0.3891 -0.8660 -0.3141
vn 0.3890 -0.8659 -0.3145
vn 0.3895 -0.8656 -0.3146
vn 0.3899 -0.8657 -0.3139
vn 0.3897 -0.8659 -0.3136
vn 0.3892 -0.8659 -0.3141
vn 0.3893 -0.8658 -0.3145
vn 0.3892 -0.8658 -0.3144
vn 0.3895 -0.8656 -0.3147
vn -0.3894 0.8658 0.3141
vn -0.3895 0.8659 0.3139
vn -0.3895 0.8658 0.3143
vn -0.3896 0.8658 0.3140
vn -0.3894 0.8659 0.3139
vn -0.3894 0.8658 0.3143
vn -0.3896 0.8658 0.3142
vn -0.7520 -0.4959 0.4344
vn -0.5640 -0.4939 0.6617
vn -0.6462 -0.5000 0.5766
vn -0.5641 -0.4939 0.6617
vn -0.7192 -0.4990 0.4834
vn -0.6463 -0.4999 0.5766
vn -0.7193 -0.4990 0.4834
vn -0.7520 -0.4959 0.4343
vn -0.8745 -0.4547 0.1689
vn -0.8342 -0.4762 0.2781
vn -0.8745 -0.4547 0.1688
vn -0.7822 -0.4911 0.3835
vn -0.7823 -0.4910 0.3834
vn -0.7522 -0.4957 0.4341
vn -0.6032 0.7834 -0.1501
vn 0.0715 -0.7163 -0.6941
vn 0.0714 -0.7163 -0.6942
vn 0.6032 -0.7834 0.1500
vn 0.6032 -0.7834 0.1501
vn -0.0715 0.7162 0.6942
vn -0.2741 -0.8539 0.4423
vn -0.3148 -0.4457 0.8380
vn -0.6586 0.0009 0.7525
vn -0.9617 0.0391 0.2712
vn -0.9210 -0.3692 -0.1245
vn -0.5771 -0.8157 -0.0390
vn -0.6032 0.7834 -0.1502
vn 0.0715 -0.7162 -0.6942
vn 0.6031 -0.7834 0.1501
vn -0.2741 -0.8540 0.4423
vn 0.7386 0.4974 -0.4551
vn 0.7112 0.4970 -0.4972
vn 0.6837 0.4927 -0.5383
vn 0.6550 0.4845 -0.5799
vn 0.6261 0.4727 -0.6201
vn 0.5993 0.4619 -0.6538
vn 0.5922 0.4571 -0.6636
vn 0.5938 0.4635 -0.6577
vn 0.5526 0.4712 -0.6875
vn 0.5108 0.4749 -0.7167
vn 0.4690 0.4748 -0.7447
vn 0.4272 0.4709 -0.7718
vn 0.3850 0.4633 -0.7982
vn 0.3439 0.4519 -0.8231
vn 0.3022 0.4369 -0.8472
vn 0.2617 0.4182 -0.8698
vn 0.2210 0.3961 -0.8912
vn 0.1814 0.3698 -0.9113
vn 0.1891 0.3655 -0.9114
vn 0.1763 0.3659 -0.9138
vn 0.6041 0.4609 -0.6501
vn 0.5971 0.4627 -0.6553
vn 0.6053 0.4659 -0.6454
vn 0.1332 0.3608 -0.9231
vn 0.0827 0.3547 -0.9313
vn 0.0335 0.3452 -0.9379
vn -0.0148 0.3322 -0.9431
vn -0.0614 0.3161 -0.9467
vn -0.1072 0.2961 -0.9491
vn -0.1514 0.2733 -0.9499
vn -0.1946 0.2467 -0.9493
vn -0.2354 0.2171 -0.9473
vn -0.2749 0.1846 -0.9436
vn 0.1782 0.3676 -0.9128
vn 0.1714 0.3627 -0.9160
vn 0.1653 0.3661 -0.9158
vn -0.3087 0.1567 -0.9382
vn -0.3175 0.1472 -0.9368
vn -0.3151 0.1557 -0.9362
vn -0.3627 0.1439 -0.9207
vn -0.4085 0.1291 -0.9036
vn -0.4521 0.1114 -0.8850
vn -0.4931 0.0909 -0.8652
vn -0.5680 0.0415 -0.8220
vn -0.6016 0.0125 -0.7987
vn -0.6327 -0.0188 -0.7742
vn -0.6610 -0.0525 -0.7486
vn -0.6862 -0.0894 -0.7219
vn -0.6801 -0.0922 -0.7273
vn -0.6891 -0.0943 -0.7185
vn -0.3029 0.1580 -0.9398
vn -0.3113 0.1565 -0.9373
vn -0.3010 0.1646 -0.9393
vn -0.7178 -0.1075 -0.6879
vn -0.7499 -0.1219 -0.6502
vn -0.6880 -0.0922 -0.7198
vn -0.6919 -0.0985 -0.7153
vn -0.6966 -0.0962 -0.7110
vn -0.7787 -0.1385 -0.6120
vn -0.8043 -0.1572 -0.5731
vn -0.8268 -0.1782 -0.5335
vn -0.8458 -0.2012 -0.4941
vn -0.8618 -0.2267 -0.4538
vn -0.8744 -0.2536 -0.4137
vn -0.8837 -0.2824 -0.3731
vn -0.8893 -0.3136 -0.3329
vn -0.8912 -0.3380 -0.3024
vn -0.8937 -0.3389 -0.2940
vn -0.8927 -0.3318 -0.3050
vn -0.8928 -0.3389 -0.2966
vn -0.8928 -0.3473 -0.2868
vn -0.8949 -0.3393 -0.2899
vn -0.9063 -0.3475 -0.2405
vn -0.9143 -0.3571 -0.1910
vn -0.9188 -0.3683 -0.1418
vn -0.9196 -0.3814 -0.0940
vn -0.9172 -0.3957 -0.0462
vn -0.9113 -0.4117 0.0009
vn -0.9019 -0.4294 0.0470
vn -0.8891 -0.4485 0.0916
vn -0.8731 -0.4684 0.1354
vn -0.8531 -0.4906 0.1777
vn -0.8520 -0.4952 0.1700
vn -0.8501 -0.4938 0.1829
vn -0.8514 -0.4923 0.1809
vn -0.8476 -0.4963 0.1880
vn -0.8484 -0.4926 0.1939
vn -0.8396 -0.4939 0.2262
vn -0.8259 -0.4920 0.2754
vn -0.8089 -0.4912 0.3232
vn -0.7885 -0.4920 0.3690
vn -0.7650 -0.4941 0.4132
vn -0.7386 -0.4974 0.4550
vn -0.7090 -0.5021 0.4952
vn -0.6767 -0.5080 0.5330
vn -0.6411 -0.5153 0.5687
vn -0.6033 -0.5237 0.6014
vn -0.5690 -0.5293 0.6293
vn -0.5586 -0.5320 0.6363
vn -0.5654 -0.5267 0.6348
vn -0.5343 -0.5115 0.6730
vn -0.5008 -0.4973 0.7085
vn -0.4647 -0.4843 0.7413
vn -0.4263 -0.4728 0.7712
vn -0.3854 -0.4626 0.7985
vn -0.3428 -0.4540 0.8224
vn -0.2979 -0.4465 0.8437
vn -0.2517 -0.4406 0.8617
vn -0.2030 -0.4362 0.8767
vn -0.1527 -0.4331 0.8883
vn -0.1552 -0.4405 0.8842
vn -0.1459 -0.4333 0.8894
vn -0.5725 -0.5310 0.6247
vn -0.5678 -0.5281 0.6314
vn -0.5779 -0.5270 0.6232
vn -0.1106 -0.4120 0.9044
vn -0.0690 -0.3855 0.9201
vn -0.0270 -0.3606 0.9323
vn 0.0165 -0.3375 0.9412
vn 0.0616 -0.3158 0.9468
vn 0.1071 -0.2962 0.9491
vn 0.1537 -0.2782 0.9481
vn 0.2016 -0.2621 0.9437
vn 0.2493 -0.2479 0.9362
vn 0.2978 -0.2358 0.9250
vn -0.1486 -0.4330 0.8891
vn -0.1399 -0.4328 0.8906
vn -0.1378 -0.4271 0.8936
vn 0.3391 -0.2239 0.9137
vn 0.3514 -0.2219 0.9095
vn 0.3434 -0.2188 0.9133
vn 0.3811 -0.1844 0.9060
vn 0.4185 -0.1516 0.8955
vn 0.4563 -0.1209 0.8816
vn 0.4940 -0.0927 0.8645
vn 0.5688 -0.0433 0.8213
vn 0.6060 -0.0223 0.7952
vn 0.6431 -0.0035 0.7658
vn 0.6790 0.0123 0.7341
vn 0.7146 0.0257 0.6991
vn 0.7135 0.0170 0.7005
vn 0.7193 0.0269 0.6942
vn 0.3345 -0.2281 0.9144
vn 0.3408 -0.2217 0.9136
vn 0.3285 -0.2256 0.9172
vn 0.7411 0.0565 0.6690
vn 0.7634 0.0911 0.6395
vn 0.7174 0.0266 0.6961
vn 0.7234 0.0284 0.6898
vn 0.7242 0.0352 0.6886
vn 0.7855 0.1230 0.6065
vn 0.8065 0.1520 0.5713
vn 0.8266 0.1782 0.5339
vn 0.8459 0.2013 0.4939
vn 0.8640 0.2213 0.4522
vn 0.8814 0.2382 0.4079
vn 0.8976 0.2519 0.3618
vn 0.9124 0.2624 0.3142
vn 0.9228 0.2679 0.2770
vn 0.9231 0.2736 0.2702
vn 0.9202 0.2707 0.2828
vn 0.9231 0.2716 0.2721
vn 0.9265 0.2725 0.2595
vn 0.9232 0.2764 0.2670
vn 0.9245 0.3072 0.2258
vn 0.9245 0.3346 0.1827
vn 0.9231 0.3587 0.1385
vn 0.9206 0.3792 0.0932
vn 0.9171 0.3960 0.0465
vn 0.9123 0.4095 -0.0018
vn 0.9064 0.4195 -0.0505
vn 0.8993 0.4259 -0.0997
vn 0.8910 0.4284 -0.1500
vn 0.8815 0.4273 -0.2009
vn 0.8857 0.4201 -0.1975
vn 0.8804 0.4264 -0.2074
vn 0.8808 0.4269 -0.2048
vn 0.8791 0.4261 -0.2134
vn 0.8758 0.4316 -0.2160
vn 0.8627 0.4426 -0.2447
vn 0.8398 0.4612 -0.2865
vn 0.8157 0.4761 -0.3286
vn 0.7907 0.4870 -0.3710
vn 0.7652 0.4940 -0.4129
vn -0.3899 0.8656 0.3141
vn -0.3895 0.8660 0.3137
vn -0.3897 0.8659 0.3138
vn -0.3897 0.8658 0.3138
vn -0.3892 0.8659 0.3142
vn -0.3898 0.8656 0.3142
vn -0.3890 0.8660 0.3141
vn -0.3894 0.8660 0.3139
vn -0.3892 0.8660 0.3141
vn -0.3893 0.8659 0.3139
vn -0.3897 0.8658 0.3139
vn -0.3896 0.8659 0.3138
vn -0.3893 0.8658 0.3143
vn -0.3890 0.8661 0.3139
vn -0.3901 0.8655 0.3143
vn -0.3901 0.8657 0.3138
vn -0.3899 0.8657 0.3141
vn -0.3894 0.8659 0.3142
vn -0.3901 0.8656 0.3141
vn -0.3893 0.8659 0.3143
vn -0.3889 0.8661 0.3140
vn -0.3897 0.8656 0.3144
vn -0.3893 0.8660 0.3140
vn -0.3900 0.8655 0.3144
vn -0.3897 0.8657 0.3140
vn -0.3896 0.8656 0.3144
vn -0.3896 0.8656 0.3147
vn -0.3895 0.8657 0.3142
vn 0.5126 -0.0794 0.8549
vn 0.4726 -0.1010 0.8755
vn 0.4300 -0.1195 0.8949
vn 0.3853 -0.1345 0.9130
vn 0.3376 -0.1465 0.9298
vn 0.2510 -0.1557 0.9554
vn 0.2468 -0.1591 0.9559
vn 0.2424 -0.1648 0.9561
vn 0.2884 -0.1549 0.9449
vn 0.2399 -0.1672 0.9563
vn 0.2403 -0.1620 0.9571
vn 0.2338 -0.1710 0.9571
vn 0.2030 -0.2059 0.9573
vn 0.1645 -0.2406 0.9566
vn 0.1238 -0.2723 0.9542
vn 0.0819 -0.3001 0.9504
vn 0.0381 -0.3240 0.9453
vn -0.0071 -0.3443 0.9388
vn -0.0532 -0.3608 0.9311
vn -0.1011 -0.3735 0.9221
vn -0.1500 -0.3822 0.9118
vn -0.1995 -0.3871 0.9002
vn -0.2498 -0.3879 0.8872
vn -0.3211 -0.3820 0.8666
vn -0.3004 -0.3848 0.8728
vn -0.3428 -0.3999 0.8500
vn -0.3785 -0.4262 0.8217
vn -0.4151 -0.4479 0.7919
vn -0.4516 -0.4656 0.7611
vn -0.4882 -0.4791 0.7295
vn -0.5247 -0.4886 0.6971
vn -0.5617 -0.4940 0.6637
vn -0.5986 -0.4949 0.6299
vn -0.6350 -0.4920 0.5955
vn -0.6713 -0.4846 0.5608
vn -0.7068 -0.4734 0.5257
vn -0.7421 -0.4574 0.4900
vn -0.7762 -0.4375 0.4540
vn -0.7761 -0.4374 0.4543
vn -0.7950 -0.4508 0.4059
vn -0.8128 -0.4597 0.3578
vn -0.8299 -0.4646 0.3089
vn -0.8457 -0.4654 0.2610
vn -0.8610 -0.4618 0.2131
vn -0.8753 -0.4543 0.1657
vn -0.8887 -0.4427 0.1194
vn -0.9013 -0.4270 0.0735
vn -0.9129 -0.4072 0.0290
vn -0.9234 -0.3835 -0.0154
vn -0.9327 -0.3560 -0.0581
vn -0.9448 -0.3033 -0.1237
vn -0.9406 -0.3247 -0.0994
vn -0.9416 -0.3039 -0.1451
vn -0.9327 -0.3018 -0.1973
vn -0.9225 -0.2958 -0.2480
vn -0.9110 -0.2862 -0.2970
vn -0.8985 -0.2728 -0.3439
vn -0.8849 -0.2559 -0.3891
vn -0.8708 -0.2352 -0.4317
vn -0.8552 -0.2111 -0.4733
vn -0.8392 -0.1836 -0.5119
vn -0.8222 -0.1530 -0.5482
vn -0.8046 -0.1183 -0.5820
vn -0.7859 -0.0811 -0.6130
vn -0.7597 -0.0281 -0.6497
vn -0.7649 -0.0376 -0.6431
vn -0.7623 -0.0317 -0.6464
vn -0.7665 -0.0348 -0.6413
vn -0.7663 -0.0406 -0.6412
vn -0.7701 -0.0442 -0.6364
vn -0.7341 -0.0259 -0.6785
vn -0.6988 -0.0157 -0.7152
vn -0.6621 -0.0025 -0.7494
vn -0.6249 0.0138 -0.7806
vn -0.5878 0.0328 -0.8084
vn -0.5500 0.0549 -0.8334
vn -0.5131 0.0794 -0.8546
vn -0.4753 0.1068 -0.8733
vn -0.4383 0.1370 -0.8883
vn -0.4008 0.1698 -0.9003
vn -0.3637 0.2047 -0.9088
vn -0.3036 0.2727 -0.9129
vn -0.2985 0.2741 -0.9142
vn -0.2917 0.2744 -0.9163
vn -0.3275 0.2423 -0.9132
vn -0.2883 0.2749 -0.9173
vn -0.2924 0.2778 -0.9151
vn -0.2818 0.2777 -0.9184
vn -0.2365 0.2809 -0.9301
vn -0.1864 0.2892 -0.9389
vn -0.1361 0.2996 -0.9443
vn -0.0875 0.3121 -0.9460
vn -0.0393 0.3268 -0.9443
vn 0.0074 0.3436 -0.9391
vn 0.0527 0.3625 -0.9305
vn 0.0971 0.3833 -0.9185
vn 0.1390 0.4062 -0.9032
vn 0.1795 0.4309 -0.8844
vn 0.2187 0.4575 -0.8619
vn 0.2693 0.4973 -0.8247
vn 0.2554 0.4855 -0.8361
vn 0.3000 0.4939 -0.8161
vn 0.3498 0.4897 -0.7986
vn 0.3974 0.4871 -0.7777
vn 0.4423 0.4862 -0.7537
vn 0.4849 0.4868 -0.7266
vn 0.5245 0.4893 -0.6968
vn 0.5620 0.4935 -0.6638
vn 0.5964 0.4994 -0.6284
vn 0.6282 0.5067 -0.5904
vn 0.6571 0.5156 -0.5499
vn 0.6828 0.5267 -0.5063
vn 0.7056 0.5385 -0.4605
vn 0.7246 0.5521 -0.4125
vn 0.7246 0.5520 -0.4127
vn 0.7584 0.5321 -0.3765
vn 0.7888 0.5131 -0.3383
vn 0.8159 0.4959 -0.2974
vn 0.8391 0.4802 -0.2557
vn 0.8591 0.4660 -0.2118
vn 0.8754 0.4539 -0.1661
vn 0.8884 0.4433 -0.1193
vn 0.8978 0.4346 -0.0707
vn 0.9036 0.4279 -0.0212
vn 0.9056 0.4230 0.0295
vn 0.9040 0.4197 0.0815
vn 0.8930 0.4185 0.1656
vn 0.8983 0.4185 0.1337
vn 0.8963 0.4045 0.1817
vn 0.9015 0.3710 0.2227
vn 0.9029 0.3396 0.2636
vn 0.9002 0.3102 0.3057
vn 0.8940 0.2829 0.3474
vn 0.8841 0.2574 0.3899
vn 0.8709 0.2346 0.4319
vn 0.8541 0.2139 0.4740
vn 0.8336 0.1959 0.5165
vn 0.8100 0.1803 0.5580
vn 0.7827 0.1669 0.5996
vn 0.7521 0.1561 0.6403
vn 0.7072 0.1450 0.6920
vn 0.7155 0.1473 0.6829
vn 0.7106 0.1467 0.6882
vn 0.7143 0.1507 0.6834
vn 0.7178 0.1478 0.6804
vn 0.7218 0.1511 0.6754
vn 0.6949 0.1134 0.7101
vn 0.6721 0.0741 0.7367
vn 0.6463 0.0375 0.7622
vn 0.6172 0.0040 0.7868
vn 0.5850 -0.0271 0.8106
vn 0.5505 -0.0548 0.8330
vn -0.4664 0.7539 -0.4627
vn -0.4664 0.7540 -0.4625
vn -0.0541 0.9160 -0.3976
vn -0.0540 0.9158 -0.3979
vn 0.2765 0.9560 -0.0979
vn 0.2765 0.9560 -0.0982
vn 0.3991 0.8587 0.3216
vn 0.3986 0.8589 0.3216
vn 0.3993 0.8586 0.3216
vn 0.3988 0.8588 0.3216
vn 0.2664 0.6614 0.7011
vn 0.2664 0.6615 0.7011
vn -0.0703 0.4392 0.8956
vn -0.0704 0.4394 0.8955
vn -0.4828 0.2773 0.8306
vn -0.4828 0.2774 0.8306
vn -0.8133 0.2373 0.5312
vn -0.8133 0.2374 0.5311
vn -0.9357 0.3346 0.1114
vn -0.9358 0.3345 0.1114
vn -0.8032 0.5318 -0.2683
vn -0.8033 0.5319 -0.2680
vn 0.2388 0.6473 0.7238
vn 0.7622 -0.6412 0.0889
vn 0.3954 0.9052 0.1561
vn 0.0966 0.9429 -0.3187
vn -0.5000 0.7405 -0.4490
vn 0.2057 -0.5708 -0.7949
vn -0.1806 0.9312 0.3167
vn -0.2962 0.9458 0.1331
vn 0.3855 0.4630 -0.7981
vn 0.3854 0.4630 -0.7982
vn 0.9171 0.3959 0.0461
vn 0.9172 0.3959 0.0461
vn -0.7801 0.5557 -0.2874
vn -0.1201 -0.7859 -0.6066
vn -0.9242 0.2696 0.2704
vn -0.6256 0.2317 0.7450
vn -0.0412 0.4625 0.8856
vn 0.4362 -0.8561 0.2772
vn -0.4641 0.7442 0.4803
vn -0.5799 0.7588 0.2966
vn -0.3855 -0.4630 0.7982
vn -0.3854 -0.4630 0.7982
vn -0.9171 -0.3959 -0.0461
vn 0.0364 0.9168 -0.3976
vn 0.0361 0.9167 -0.3979
vn -0.6570 0.6173 -0.4328
vn -0.6569 0.6171 -0.4331
vn -0.6570 0.6177 -0.4322
vn -0.6570 0.6174 -0.4326
vn -0.9483 0.2675 0.1708
vn -0.9483 0.2676 0.1708
vn -0.5460 0.2172 0.8092
vn -0.5462 0.2167 0.8091
vn 0.1470 0.5157 0.8441
vn 0.1475 0.5162 0.8437
vn 0.1471 0.5160 0.8439
vn 0.1465 0.5154 0.8443
vn 0.1469 0.5157 0.8441
vn 0.4388 0.8659 0.2400
vn 0.4383 0.8660 0.2407
vn 0.4382 0.8661 0.2404
vn -0.3857 -0.4630 0.7980
vn -0.3855 -0.4630 0.7981
vn -0.9172 -0.3959 -0.0461
vn -0.1003 0.9753 -0.1969
vn -0.6231 0.7496 -0.2232
vn -0.8428 0.4857 0.2318
vn -0.5398 0.4474 0.7131
vn -0.0169 0.6731 0.7394
vn 0.2028 0.9370 0.2844
vn 0.7386 0.4973 -0.4551
vn 0.7114 0.4971 -0.4968
vn 0.6836 0.4926 -0.5386
vn 0.6552 0.4845 -0.5797
vn 0.6262 0.4724 -0.6203
vn 0.5920 0.4571 -0.6638
vn 0.5940 0.4636 -0.6574
vn 0.5525 0.4711 -0.6876
vn 0.5110 0.4748 -0.7166
vn 0.4693 0.4748 -0.7445
vn 0.4268 0.4709 -0.7721
vn 0.3855 0.4633 -0.7980
vn 0.3434 0.4521 -0.8232
vn 0.3024 0.4370 -0.8471
vn 0.2615 0.4183 -0.8699
vn 0.2212 0.3960 -0.8912
vn 0.1809 0.3701 -0.9112
vn 0.1890 0.3659 -0.9113
vn 0.1762 0.3659 -0.9138
vn 0.5970 0.4628 -0.6553
vn 0.6054 0.4659 -0.6453
vn 0.1328 0.3608 -0.9232
vn 0.0832 0.3546 -0.9313
vn 0.0341 0.3452 -0.9379
vn -0.0144 0.3322 -0.9431
vn -0.0610 0.3159 -0.9468
vn -0.1073 0.2962 -0.9491
vn -0.1514 0.2732 -0.9500
vn -0.1940 0.2467 -0.9495
vn -0.2357 0.2173 -0.9472
vn -0.2750 0.1845 -0.9436
vn 0.1780 0.3678 -0.9127
vn 0.1715 0.3627 -0.9160
vn 0.1652 0.3659 -0.9159
vn -0.3087 0.1566 -0.9382
vn -0.3176 0.1471 -0.9367
vn -0.3628 0.1439 -0.9207
vn -0.4085 0.1290 -0.9036
vn -0.4522 0.1114 -0.8850
vn -0.4930 0.0909 -0.8653
vn -0.5682 0.0415 -0.8219
vn -0.6327 -0.0187 -0.7742
vn -0.6610 -0.0526 -0.7485
vn -0.6862 -0.0890 -0.7219
vn -0.6801 -0.0918 -0.7273
vn -0.6891 -0.0942 -0.7185
vn -0.3010 0.1647 -0.9393
vn -0.7181 -0.1076 -0.6876
vn -0.7498 -0.1218 -0.6504
vn -0.6881 -0.0920 -0.7197
vn -0.6966 -0.0963 -0.7109
vn -0.7786 -0.1384 -0.6121
vn -0.8043 -0.1573 -0.5731
vn -0.8264 -0.1782 -0.5341
vn -0.8619 -0.2265 -0.4537
vn -0.8744 -0.2537 -0.4136
vn -0.8835 -0.2826 -0.3735
vn -0.8893 -0.3135 -0.3329
vn -0.8912 -0.3380 -0.3025
vn -0.8937 -0.3391 -0.2938
vn -0.8928 -0.3315 -0.3050
vn -0.8928 -0.3390 -0.2965
vn -0.8927 -0.3479 -0.2865
vn -0.8948 -0.3395 -0.2899
vn -0.9064 -0.3472 -0.2408
vn -0.9144 -0.3570 -0.1907
vn -0.9188 -0.3682 -0.1419
vn -0.9198 -0.3810 -0.0936
vn -0.9173 -0.3956 -0.0462
vn -0.9113 -0.4118 0.0011
vn -0.9020 -0.4292 0.0468
vn -0.8892 -0.4482 0.0914
vn -0.8729 -0.4687 0.1352
vn -0.8396 -0.4937 0.2264
vn -0.8259 -0.4922 0.2751
vn -0.8087 -0.4914 0.3232
vn -0.7886 -0.4923 0.3685
vn -0.7651 -0.4940 0.4130
vn -0.7385 -0.4974 0.4552
vn -0.7091 -0.5021 0.4951
vn -0.6765 -0.5080 0.5332
vn -0.6412 -0.5151 0.5688
vn -0.6030 -0.5237 0.6017
vn -0.5586 -0.5322 0.6362
vn -0.5654 -0.5268 0.6346
vn -0.5342 -0.5114 0.6731
vn -0.5007 -0.4974 0.7084
vn -0.4645 -0.4845 0.7413
vn -0.4265 -0.4728 0.7711
vn -0.3855 -0.4628 0.7982
vn -0.2982 -0.4466 0.8436
vn -0.2513 -0.4407 0.8618
vn -0.2029 -0.4362 0.8767
vn -0.1528 -0.4332 0.8882
vn -0.1554 -0.4407 0.8841
vn -0.1460 -0.4333 0.8894
vn -0.5677 -0.5282 0.6314
vn -0.5778 -0.5269 0.6233
vn -0.1103 -0.4122 0.9044
vn -0.0268 -0.3605 0.9324
vn 0.0168 -0.3375 0.9412
vn 0.1536 -0.2782 0.9482
vn 0.2014 -0.2622 0.9438
vn 0.2490 -0.2481 0.9362
vn 0.2977 -0.2359 0.9251
vn -0.1487 -0.4331 0.8890
vn -0.1399 -0.4329 0.8905
vn -0.1379 -0.4269 0.8937
vn 0.3390 -0.2239 0.9138
vn 0.3512 -0.2218 0.9096
vn 0.3436 -0.2188 0.9133
vn 0.3813 -0.1841 0.9059
vn 0.4187 -0.1514 0.8954
vn 0.4564 -0.1209 0.8815
vn 0.4939 -0.0926 0.8646
vn 0.5315 -0.0669 0.8444
vn 0.5689 -0.0435 0.8213
vn 0.6059 -0.0223 0.7952
vn 0.6432 -0.0036 0.7657
vn 0.6792 0.0124 0.7338
vn 0.7135 0.0169 0.7004
vn 0.7193 0.0268 0.6942
vn 0.3407 -0.2217 0.9137
vn 0.3285 -0.2257 0.9171
vn 0.7410 0.0559 0.6692
vn 0.7637 0.0909 0.6392
vn 0.7242 0.0352 0.6887
vn 0.7854 0.1232 0.6066
vn 0.8064 0.1522 0.5714
vn 0.8267 0.1782 0.5337
vn 0.8460 0.2013 0.4936
vn 0.8813 0.2382 0.4081
vn 0.8977 0.2522 0.3614
vn 0.9123 0.2625 0.3143
vn 0.9228 0.2678 0.2770
vn 0.9231 0.2737 0.2702
vn 0.9202 0.2707 0.2829
vn 0.9231 0.2717 0.2721
vn 0.9265 0.2727 0.2594
vn 0.9232 0.2764 0.2672
vn 0.9245 0.3072 0.2256
vn 0.9245 0.3344 0.1828
vn 0.9231 0.3587 0.1387
vn 0.9207 0.3791 0.0930
vn 0.9169 0.3965 0.0462
vn 0.9122 0.4097 -0.0018
vn 0.9064 0.4195 -0.0500
vn 0.8993 0.4257 -0.1001
vn 0.8911 0.4284 -0.1498
vn 0.8816 0.4273 -0.2006
vn 0.8857 0.4203 -0.1973
vn 0.8804 0.4265 -0.2075
vn 0.8808 0.4270 -0.2048
vn 0.8791 0.4262 -0.2134
vn 0.8758 0.4316 -0.2161
vn 0.8628 0.4425 -0.2446
vn 0.8396 0.4614 -0.2866
vn 0.8159 0.4759 -0.3285
vn 0.7907 0.4869 -0.3712
vn 0.7651 0.4940 -0.4129
vn -0.3898 0.8658 0.3139
vn -0.3900 0.8656 0.3140
vn -0.3893 0.8657 0.3145
vn -0.3902 0.8655 0.3139
vn -0.3888 0.8662 0.3139
vn -0.3899 0.8655 0.3145
vn -0.3888 0.8660 0.3144
vn -0.3889 0.8662 0.3139
vn -0.3896 0.8657 0.3141
vn -0.3893 0.8660 0.3138
vn -0.3896 0.8659 0.3139
vn -0.3899 0.8657 0.3140
vn -0.3897 0.8660 0.3134
vn -0.3894 0.8660 0.3138
vn -0.3891 0.8660 0.3142
vn -0.3891 0.8660 0.3140
vn -0.3899 0.8656 0.3144
vn -0.3892 0.8658 0.3145
vn 0.5127 -0.0795 0.8549
vn 0.4728 -0.1010 0.8753
vn 0.4299 -0.1195 0.8949
vn 0.3850 -0.1346 0.9130
vn 0.3375 -0.1464 0.9299
vn 0.2512 -0.1553 0.9554
vn 0.2423 -0.1652 0.9560
vn 0.2397 -0.1679 0.9562
vn 0.2399 -0.1623 0.9571
vn 0.2333 -0.1721 0.9571
vn 0.2032 -0.2058 0.9572
vn 0.1642 -0.2409 0.9566
vn 0.1239 -0.2723 0.9542
vn 0.0814 -0.3000 0.9505
vn 0.0382 -0.3240 0.9453
vn -0.0072 -0.3444 0.9388
vn -0.0532 -0.3609 0.9311
vn -0.1013 -0.3735 0.9221
vn -0.1502 -0.3823 0.9117
vn -0.1994 -0.3872 0.9002
vn -0.2497 -0.3880 0.8872
vn -0.3212 -0.3820 0.8666
vn -0.3008 -0.3847 0.8727
vn -0.3423 -0.3999 0.8503
vn -0.3784 -0.4261 0.8217
vn -0.4150 -0.4478 0.7920
vn -0.4514 -0.4657 0.7612
vn -0.4883 -0.4792 0.7293
vn -0.5249 -0.4886 0.6970
vn -0.5988 -0.4950 0.6296
vn -0.6350 -0.4920 0.5956
vn -0.6714 -0.4847 0.5607
vn -0.7072 -0.4732 0.5253
vn -0.7762 -0.4375 0.4541
vn -0.8127 -0.4602 0.3574
vn -0.8298 -0.4647 0.3089
vn -0.8458 -0.4653 0.2609
vn -0.8609 -0.4619 0.2134
vn -0.8752 -0.4543 0.1662
vn -0.8888 -0.4427 0.1189
vn -0.9013 -0.4270 0.0734
vn -0.9129 -0.4072 0.0287
vn -0.9234 -0.3836 -0.0158
vn -0.9327 -0.3559 -0.0582
vn -0.9448 -0.3033 -0.1238
vn -0.9406 -0.3245 -0.0997
vn -0.9415 -0.3041 -0.1455
vn -0.9327 -0.3019 -0.1975
vn -0.9224 -0.2960 -0.2482
vn -0.9111 -0.2861 -0.2966
vn -0.8985 -0.2730 -0.3438
vn -0.8851 -0.2558 -0.3888
vn -0.8705 -0.2353 -0.4322
vn -0.8554 -0.2112 -0.4730
vn -0.8392 -0.1839 -0.5118
vn -0.8223 -0.1530 -0.5481
vn -0.8045 -0.1186 -0.5820
vn -0.7858 -0.0808 -0.6132
vn -0.7596 -0.0279 -0.6498
vn -0.7649 -0.0379 -0.6430
vn -0.7623 -0.0317 -0.6465
vn -0.7667 -0.0350 -0.6411
vn -0.7664 -0.0405 -0.6411
vn -0.7704 -0.0449 -0.6360
vn -0.6984 -0.0156 -0.7155
vn -0.6620 -0.0024 -0.7495
vn -0.6248 0.0137 -0.7807
vn -0.5879 0.0327 -0.8082
vn -0.5504 0.0548 -0.8331
vn -0.5127 0.0794 -0.8549
vn -0.4752 0.1070 -0.8733
vn -0.4381 0.1372 -0.8884
vn -0.4008 0.1697 -0.9003
vn -0.3642 0.2049 -0.9085
vn -0.2917 0.2743 -0.9163
vn -0.3272 0.2426 -0.9133
vn -0.2885 0.2748 -0.9172
vn -0.2924 0.2777 -0.9151
vn -0.2818 0.2776 -0.9184
vn -0.2367 0.2811 -0.9300
vn -0.1862 0.2892 -0.9390
vn -0.1359 0.2996 -0.9443
vn -0.0875 0.3122 -0.9460
vn 0.0077 0.3437 -0.9391
vn 0.0529 0.3626 -0.9305
vn 0.0968 0.3833 -0.9185
vn 0.1393 0.4060 -0.9032
vn 0.1794 0.4309 -0.8844
vn 0.2186 0.4574 -0.8620
vn 0.2554 0.4852 -0.8363
vn 0.3001 0.4938 -0.8162
vn 0.3500 0.4896 -0.7986
vn 0.3974 0.4872 -0.7776
vn 0.4420 0.4863 -0.7538
vn 0.4847 0.4868 -0.7267
vn 0.5247 0.4891 -0.6968
vn 0.5619 0.4934 -0.6639
vn 0.5964 0.4993 -0.6285
vn 0.6287 0.5067 -0.5899
vn 0.6572 0.5159 -0.5495
vn 0.6831 0.5264 -0.5063
vn 0.7055 0.5388 -0.4605
vn 0.7246 0.5521 -0.4124
vn 0.7245 0.5521 -0.4127
vn 0.7586 0.5319 -0.3764
vn 0.7889 0.5131 -0.3383
vn 0.8160 0.4956 -0.2977
vn 0.8392 0.4801 -0.2557
vn 0.8590 0.4662 -0.2116
vn 0.8754 0.4539 -0.1663
vn 0.8884 0.4434 -0.1189
vn 0.8978 0.4347 -0.0713
vn 0.9036 0.4278 -0.0206
vn 0.9057 0.4230 0.0294
vn 0.9040 0.4197 0.0812
vn 0.8930 0.4186 0.1656
vn 0.8984 0.4182 0.1339
vn 0.8964 0.4043 0.1816
vn 0.9016 0.3710 0.2225
vn 0.9029 0.3395 0.2638
vn 0.9003 0.3101 0.3055
vn 0.8940 0.2828 0.3475
vn 0.8843 0.2575 0.3895
vn 0.8710 0.2346 0.4318
vn 0.8541 0.2140 0.4741
vn 0.8337 0.1959 0.5163
vn 0.8101 0.1803 0.5579
vn 0.7828 0.1669 0.5994
vn 0.7071 0.1451 0.6920
vn 0.7155 0.1471 0.6830
vn 0.7143 0.1506 0.6834
vn 0.7179 0.1478 0.6803
vn 0.7219 0.1507 0.6754
vn 0.6952 0.1130 0.7098
vn 0.6461 0.0378 0.7623
vn 0.6172 0.0039 0.7868
vn 0.5850 -0.0271 0.8105
vn 0.5503 -0.0547 0.8331
vn -0.4665 0.7541 -0.4624
vn -0.4665 0.7539 -0.4626
vn -0.0541 0.9159 -0.3977
vn -0.0539 0.9160 -0.3975
vn 0.2765 0.9560 -0.0981
vn 0.2766 0.9560 -0.0982
vn 0.3989 0.8588 0.3215
vn 0.3989 0.8588 0.3216
vn 0.2665 0.6614 0.7011
vn 0.2663 0.6614 0.7012
vn -0.0704 0.4393 0.8956
vn -0.4830 0.2775 0.8305
vn -0.4830 0.2774 0.8305
vn -0.8134 0.2373 0.5311
vn -0.9358 0.3344 0.1114
vn -0.9357 0.3348 0.1115
vn -0.8033 0.5318 -0.2680
vn -0.8032 0.5320 -0.2682
vn 0.2388 0.6472 0.7240
vn 0.7620 -0.6414 0.0886
vn 0.3954 0.9052 0.1557
vn 0.0964 0.9429 -0.3189
vn -0.5000 0.7405 -0.4491
vn 0.2058 -0.5710 -0.7947
vn -0.1806 0.9312 0.3166
vn -0.2963 0.9458 0.1330
vn -0.7800 0.5559 -0.2874
vn -0.1205 -0.7859 -0.6065
vn -0.9240 0.2702 0.2706
vn -0.6251 0.2324 0.7452
vn -0.0413 0.4626 0.8856
vn 0.4365 -0.8560 0.2770
vn -0.4641 0.7443 0.4803
vn -0.5797 0.7589 0.2965
vn 0.0363 0.9169 -0.3975
vn 0.0362 0.9169 -0.3975
vn -0.6571 0.6176 -0.4322
vn -0.6569 0.6176 -0.4325
vn -0.9483 0.2673 0.1709
vn -0.9484 0.2673 0.1707
vn -0.5465 0.2171 0.8088
vn -0.5463 0.2173 0.8089
vn -0.5464 0.2164 0.8091
vn -0.5464 0.2167 0.8090
vn 0.1474 0.5157 0.8440
vn 0.1470 0.5154 0.8443
vn 0.1469 0.5162 0.8438
vn 0.1472 0.5158 0.8440
vn 0.4382 0.8661 0.2405
vn 0.4387 0.8658 0.2407
vn 0.4386 0.8659 0.2406
vn 0.4377 0.8664 0.2402
vn 0.4385 0.8660 0.2405
vn -0.1003 0.9753 -0.1968
vn -0.6231 0.7496 -0.2231
vn -0.5397 0.4474 0.7131
vn 0.7387 0.4974 -0.4549
vn 0.7113 0.4970 -0.4970
vn 0.6834 0.4927 -0.5388
vn 0.6264 0.4725 -0.6200
vn 0.5993 0.4620 -0.6538
vn 0.5921 0.4574 -0.6635
vn 0.5937 0.4637 -0.6577
vn 0.5526 0.4711 -0.6875
vn 0.5110 0.4749 -0.7165
vn 0.4688 0.4749 -0.7448
vn 0.4271 0.4710 -0.7719
vn 0.3851 0.4632 -0.7982
vn 0.3436 0.4519 -0.8232
vn 0.3023 0.4370 -0.8472
vn 0.2617 0.4183 -0.8698
vn 0.2211 0.3958 -0.8913
vn 0.1811 0.3701 -0.9112
vn 0.1891 0.3658 -0.9113
vn 0.1762 0.3660 -0.9138
vn 0.5971 0.4628 -0.6552
vn 0.6054 0.4658 -0.6454
vn 0.1333 0.3608 -0.9231
vn 0.0831 0.3547 -0.9313
vn 0.0335 0.3453 -0.9379
vn -0.0144 0.3323 -0.9431
vn -0.0617 0.3159 -0.9468
vn -0.1072 0.2959 -0.9492
vn -0.1516 0.2733 -0.9499
vn -0.1943 0.2469 -0.9494
vn -0.2354 0.2174 -0.9473
vn -0.2744 0.1848 -0.9437
vn 0.1781 0.3677 -0.9127
vn 0.1652 0.3660 -0.9158
vn -0.3174 0.1471 -0.9368
vn -0.3151 0.1558 -0.9362
vn -0.3631 0.1438 -0.9206
vn -0.4081 0.1292 -0.9037
vn -0.4522 0.1113 -0.8850
vn -0.4933 0.0911 -0.8651
vn -0.5319 0.0675 -0.8441
vn -0.5683 0.0414 -0.8218
vn -0.6016 0.0126 -0.7987
vn -0.6328 -0.0187 -0.7741
vn -0.6609 -0.0526 -0.7486
vn -0.6800 -0.0923 -0.7274
vn -0.6890 -0.0943 -0.7186
vn -0.3011 0.1647 -0.9393
vn -0.7179 -0.1075 -0.6878
vn -0.7498 -0.1219 -0.6503
vn -0.6967 -0.0961 -0.7109
vn -0.8042 -0.1572 -0.5731
vn -0.8266 -0.1786 -0.5337
vn -0.8457 -0.2013 -0.4943
vn -0.8745 -0.2538 -0.4134
vn -0.8837 -0.2826 -0.3731
vn -0.8894 -0.3135 -0.3327
vn -0.8937 -0.3389 -0.2939
vn -0.8927 -0.3317 -0.3050
vn -0.8929 -0.3389 -0.2965
vn -0.8928 -0.3474 -0.2866
vn -0.8949 -0.3394 -0.2899
vn -0.9064 -0.3473 -0.2405
vn -0.9144 -0.3570 -0.1909
vn -0.9198 -0.3810 -0.0937
vn -0.9173 -0.3956 -0.0457
vn -0.9021 -0.4290 0.0469
vn -0.8891 -0.4484 0.0916
vn -0.8729 -0.4687 0.1354
vn -0.8530 -0.4906 0.1779
vn -0.8519 -0.4951 0.1706
vn -0.8500 -0.4939 0.1831
vn -0.8513 -0.4924 0.1812
vn -0.8475 -0.4963 0.1880
vn -0.8483 -0.4928 0.1938
vn -0.8260 -0.4919 0.2752
vn -0.7883 -0.4922 0.3691
vn -0.7384 -0.4975 0.4552
vn -0.7093 -0.5019 0.4950
vn -0.6768 -0.5080 0.5328
vn -0.6414 -0.5152 0.5685
vn -0.6033 -0.5236 0.6016
vn -0.5689 -0.5292 0.6295
vn -0.5581 -0.5320 0.6368
vn -0.5653 -0.5267 0.6348
vn -0.5345 -0.5113 0.6729
vn -0.5007 -0.4975 0.7084
vn -0.4647 -0.4844 0.7412
vn -0.4263 -0.4729 0.7711
vn -0.3855 -0.4626 0.7984
vn -0.3431 -0.4540 0.8223
vn -0.2979 -0.4466 0.8437
vn -0.2514 -0.4407 0.8617
vn -0.2033 -0.4363 0.8765
vn -0.1553 -0.4403 0.8843
vn -0.1459 -0.4332 0.8894
vn -0.5676 -0.5280 0.6317
vn -0.5781 -0.5268 0.6231
vn -0.1102 -0.4118 0.9046
vn -0.0692 -0.3856 0.9201
vn -0.0270 -0.3607 0.9323
vn 0.0170 -0.3374 0.9412
vn 0.0614 -0.3159 0.9468
vn 0.1076 -0.2960 0.9491
vn 0.1539 -0.2783 0.9481
vn 0.2012 -0.2622 0.9438
vn 0.2494 -0.2478 0.9362
vn 0.2979 -0.2357 0.9250
vn -0.1486 -0.4329 0.8891
vn 0.3390 -0.2241 0.9137
vn 0.3510 -0.2224 0.9096
vn 0.3438 -0.2189 0.9132
vn 0.3808 -0.1842 0.9061
vn 0.4563 -0.1211 0.8815
vn 0.5318 -0.0666 0.8442
vn 0.5689 -0.0434 0.8213
vn 0.6059 -0.0224 0.7952
vn 0.6429 -0.0036 0.7659
vn 0.6792 0.0121 0.7338
vn 0.7146 0.0256 0.6991
vn 0.7134 0.0169 0.7006
vn 0.3407 -0.2220 0.9136
vn 0.3287 -0.2256 0.9171
vn 0.7409 0.0565 0.6693
vn 0.7637 0.0910 0.6392
vn 0.7173 0.0266 0.6962
vn 0.7242 0.0353 0.6886
vn 0.7853 0.1230 0.6067
vn 0.8066 0.1521 0.5712
vn 0.8265 0.1782 0.5340
vn 0.8459 0.2013 0.4940
vn 0.8642 0.2213 0.4519
vn 0.8813 0.2383 0.4080
vn 0.8976 0.2518 0.3619
vn 0.9124 0.2625 0.3142
vn 0.9231 0.2736 0.2703
vn 0.9202 0.2706 0.2828
vn 0.9231 0.2716 0.2722
vn 0.9264 0.2727 0.2598
vn 0.9231 0.2765 0.2672
vn 0.9246 0.3070 0.2254
vn 0.9244 0.3346 0.1829
vn 0.9232 0.3586 0.1385
vn 0.9206 0.3793 0.0930
vn 0.9170 0.3961 0.0464
vn 0.9123 0.4096 -0.0013
vn 0.9063 0.4197 -0.0501
vn 0.8910 0.4284 -0.1501
vn 0.8856 0.4203 -0.1977
vn 0.8804 0.4264 -0.2076
vn 0.8808 0.4269 -0.2049
vn 0.8626 0.4428 -0.2446
vn 0.8157 0.4760 -0.3288
vn 0.7911 0.4866 -0.3706
vn 0.7651 0.4939 -0.4130
vn -0.3897 0.8656 0.3145
vn -0.3891 0.8661 0.3139
vn -0.3889 0.8659 0.3145
vn -0.3891 0.8659 0.3145
vn -0.3900 0.8655 0.3143
vn -0.3899 0.8656 0.3143
vn -0.3899 0.8655 0.3143
vn -0.3900 0.8656 0.3142
vn 0.5127 -0.0794 0.8549
vn 0.4729 -0.1010 0.8753
vn 0.4298 -0.1196 0.8950
vn 0.3851 -0.1346 0.9130
vn 0.3380 -0.1464 0.9297
vn 0.2511 -0.1557 0.9554
vn 0.2423 -0.1648 0.9561
vn 0.2877 -0.1550 0.9451
vn 0.2397 -0.1672 0.9563
vn 0.2402 -0.1619 0.9571
vn 0.2335 -0.1709 0.9572
vn 0.2030 -0.2060 0.9573
vn 0.1643 -0.2410 0.9565
vn 0.0819 -0.3000 0.9504
vn 0.0378 -0.3241 0.9453
vn -0.0535 -0.3607 0.9311
vn -0.1011 -0.3736 0.9221
vn -0.1497 -0.3823 0.9118
vn -0.2503 -0.3880 0.8870
vn -0.3005 -0.3847 0.8727
vn -0.3426 -0.4000 0.8501
vn -0.3785 -0.4260 0.8218
vn -0.4146 -0.4478 0.7922
vn -0.4513 -0.4656 0.7613
vn -0.4882 -0.4791 0.7294
vn -0.5250 -0.4883 0.6971
vn -0.5619 -0.4938 0.6637
vn -0.5987 -0.4951 0.6296
vn -0.6351 -0.4918 0.5956
vn -0.6714 -0.4844 0.5609
vn -0.7069 -0.4733 0.5255
vn -0.7418 -0.4577 0.4901
vn -0.7760 -0.4376 0.4542
vn -0.7951 -0.4506 0.4058
vn -0.8128 -0.4599 0.3575
vn -0.8297 -0.4647 0.3092
vn -0.8458 -0.4654 0.2609
vn -0.8609 -0.4618 0.2134
vn -0.8753 -0.4542 0.1658
vn -0.8886 -0.4428 0.1195
vn -0.9013 -0.4269 0.0737
vn -0.9130 -0.4069 0.0286
vn -0.9234 -0.3834 -0.0153
vn -0.9327 -0.3559 -0.0581
vn -0.9406 -0.3244 -0.0998
vn -0.9416 -0.3038 -0.1451
vn -0.9328 -0.3015 -0.1974
vn -0.9225 -0.2959 -0.2478
vn -0.9111 -0.2863 -0.2965
vn -0.8984 -0.2728 -0.3442
vn -0.8849 -0.2558 -0.3892
vn -0.8707 -0.2353 -0.4318
vn -0.8552 -0.2112 -0.4734
vn -0.8393 -0.1837 -0.5117
vn -0.8224 -0.1529 -0.5479
vn -0.8047 -0.1183 -0.5818
vn -0.7858 -0.0805 -0.6132
vn -0.7598 -0.0279 -0.6495
vn -0.7647 -0.0378 -0.6433
vn -0.7664 -0.0350 -0.6414
vn -0.7661 -0.0405 -0.6414
vn -0.7697 -0.0448 -0.6368
vn -0.7344 -0.0260 -0.6782
vn -0.6985 -0.0157 -0.7154
vn -0.6251 0.0138 -0.7805
vn -0.5877 0.0327 -0.8084
vn -0.5127 0.0795 -0.8548
vn -0.4381 0.1370 -0.8884
vn -0.4007 0.1698 -0.9003
vn -0.3639 0.2051 -0.9086
vn -0.3037 0.2727 -0.9129
vn -0.2986 0.2741 -0.9142
vn -0.2916 0.2743 -0.9164
vn -0.3274 0.2425 -0.9132
vn -0.2881 0.2745 -0.9174
vn -0.2923 0.2778 -0.9151
vn -0.2816 0.2776 -0.9185
vn -0.2370 0.2810 -0.9300
vn -0.1861 0.2893 -0.9390
vn -0.1364 0.2999 -0.9442
vn -0.0870 0.3121 -0.9460
vn -0.0391 0.3267 -0.9443
vn 0.0072 0.3437 -0.9391
vn 0.0529 0.3625 -0.9305
vn 0.0968 0.3835 -0.9185
vn 0.1393 0.4063 -0.9031
vn 0.1797 0.4308 -0.8844
vn 0.2188 0.4575 -0.8619
vn 0.2556 0.4855 -0.8360
vn 0.3003 0.4938 -0.8161
vn 0.3972 0.4873 -0.7777
vn 0.4421 0.4862 -0.7538
vn 0.4845 0.4869 -0.7268
vn 0.5247 0.4893 -0.6966
vn 0.5622 0.4933 -0.6638
vn 0.5967 0.4990 -0.6285
vn 0.6575 0.5158 -0.5493
vn 0.7054 0.5387 -0.4607
vn 0.7246 0.5520 -0.4126
vn 0.7585 0.5320 -0.3763
vn 0.7890 0.5130 -0.3382
vn 0.8158 0.4957 -0.2979
vn 0.8392 0.4801 -0.2555
vn 0.8590 0.4661 -0.2118
vn 0.8755 0.4538 -0.1658
vn 0.8883 0.4435 -0.1192
vn 0.8977 0.4348 -0.0706
vn 0.9036 0.4279 -0.0211
vn 0.9056 0.4230 0.0299
vn 0.9040 0.4198 0.0810
vn 0.8983 0.4185 0.1340
vn 0.8964 0.4043 0.1819
vn 0.9016 0.3712 0.2222
vn 0.9028 0.3395 0.2640
vn 0.9003 0.3100 0.3056
vn 0.8941 0.2826 0.3474
vn 0.8843 0.2574 0.3896
vn 0.8708 0.2347 0.4320
vn 0.8540 0.2141 0.4741
vn 0.8337 0.1958 0.5163
vn 0.8101 0.1802 0.5579
vn 0.7520 0.1562 0.6404
vn 0.7070 0.1449 0.6922
vn 0.7158 0.1473 0.6826
vn 0.7105 0.1467 0.6882
vn 0.7145 0.1509 0.6832
vn 0.7182 0.1480 0.6799
vn 0.7225 0.1514 0.6746
vn 0.6948 0.1135 0.7102
vn 0.6723 0.0741 0.7366
vn 0.6463 0.0376 0.7622
vn 0.6174 0.0038 0.7867
vn 0.5853 -0.0269 0.8103
vn 0.5502 -0.0547 0.8332
vn -0.4664 0.7540 -0.4626
vn -0.0540 0.9159 -0.3978
vn -0.0540 0.9159 -0.3977
vn 0.3989 0.8587 0.3216
vn 0.2666 0.6614 0.7010
vn -0.0703 0.4393 0.8956
vn -0.0705 0.4394 0.8955
vn -0.4828 0.2773 0.8307
vn -0.4829 0.2775 0.8305
vn -0.8134 0.2372 0.5312
vn -0.8134 0.2376 0.5309
vn -0.9358 0.3346 0.1114
vn -0.8031 0.5320 -0.2682
vn -0.8033 0.5319 -0.2681
vn 0.2388 0.6472 0.7239
vn 0.7623 -0.6411 0.0889
vn 0.3956 0.9051 0.1559
vn 0.0970 0.9429 -0.3187
vn 0.2059 -0.5708 -0.7949
vn -0.2962 0.9459 0.1327
vn -0.7800 0.5558 -0.2874
vn -0.1205 -0.7856 -0.6069
vn -0.9240 0.2702 0.2707
vn -0.6249 0.2331 0.7451
vn -0.0412 0.4626 0.8856
vn 0.4362 -0.8561 0.2771
vn -0.4640 0.7442 0.4805
vn -0.5798 0.7589 0.2965
vn -0.3854 -0.4630 0.7981
vn -0.9172 -0.3958 -0.0461
vn 0.0367 0.9168 -0.3978
vn 0.0364 0.9168 -0.3978
vn 0.0370 0.9168 -0.3975
vn 0.0367 0.9168 -0.3977
vn -0.6567 0.6178 -0.4324
vn -0.6568 0.6176 -0.4326
vn -0.9483 0.2675 0.1707
vn -0.5463 0.2166 0.8091
vn -0.5467 0.2163 0.8089
vn -0.5462 0.2165 0.8092
vn 0.1468 0.5158 0.8440
vn 0.1472 0.5164 0.8436
vn 0.1469 0.5161 0.8438
vn 0.4383 0.8660 0.2405
vn 0.4383 0.8660 0.2406
vn 0.7388 0.4973 -0.4548
vn 0.7113 0.4969 -0.4972
vn 0.6834 0.4928 -0.5386
vn 0.6553 0.4845 -0.5795
vn 0.6262 0.4727 -0.6201
vn 0.5993 0.4620 -0.6537
vn 0.5921 0.4577 -0.6633
vn 0.5939 0.4636 -0.6575
vn 0.5522 0.4711 -0.6878
vn 0.4691 0.4749 -0.7446
vn 0.4272 0.4707 -0.7720
vn 0.3435 0.4521 -0.8232
vn 0.2613 0.4184 -0.8699
vn 0.2212 0.3959 -0.8913
vn 0.1814 0.3702 -0.9111
vn 0.1892 0.3657 -0.9113
vn 0.1763 0.3660 -0.9138
vn 0.5972 0.4629 -0.6551
vn 0.6055 0.4656 -0.6454
vn 0.0832 0.3548 -0.9313
vn 0.0335 0.3451 -0.9380
vn -0.1071 0.2962 -0.9491
vn -0.1520 0.2730 -0.9499
vn -0.1944 0.2465 -0.9495
vn -0.2354 0.2172 -0.9473
vn -0.2750 0.1848 -0.9435
vn 0.1653 0.3660 -0.9158
vn -0.3174 0.1472 -0.9368
vn -0.3150 0.1557 -0.9362
vn -0.3635 0.1438 -0.9204
vn -0.4086 0.1290 -0.9036
vn -0.4520 0.1114 -0.8850
vn -0.4934 0.0906 -0.8651
vn -0.5322 0.0673 -0.8440
vn -0.5682 0.0416 -0.8218
vn -0.6018 0.0128 -0.7986
vn -0.6329 -0.0189 -0.7740
vn -0.6610 -0.0527 -0.7485
vn -0.6861 -0.0888 -0.7220
vn -0.6798 -0.0918 -0.7276
vn -0.6890 -0.0941 -0.7186
vn -0.3112 0.1565 -0.9374
vn -0.3011 0.1646 -0.9393
vn -0.7180 -0.1074 -0.6877
vn -0.6880 -0.0919 -0.7199
vn -0.6968 -0.0962 -0.7108
vn -0.7786 -0.1384 -0.6120
vn -0.8266 -0.1782 -0.5339
vn -0.8459 -0.2014 -0.4939
vn -0.8617 -0.2262 -0.4542
vn -0.8745 -0.2537 -0.4134
vn -0.8836 -0.2826 -0.3734
vn -0.8893 -0.3134 -0.3332
vn -0.8949 -0.3394 -0.2898
vn -0.9063 -0.3475 -0.2404
vn -0.9143 -0.3568 -0.1915
vn -0.9188 -0.3684 -0.1420
vn -0.9198 -0.3810 -0.0935
vn -0.9173 -0.3955 -0.0460
vn -0.9113 -0.4117 0.0010
vn -0.9021 -0.4291 0.0467
vn -0.8891 -0.4484 0.0918
vn -0.8532 -0.4904 0.1778
vn -0.8523 -0.4946 0.1703
vn -0.8501 -0.4937 0.1831
vn -0.8514 -0.4922 0.1812
vn -0.8482 -0.4928 0.1940
vn -0.8396 -0.4939 0.2260
vn -0.8259 -0.4921 0.2752
vn -0.8088 -0.4914 0.3230
vn -0.7884 -0.4921 0.3691
vn -0.7652 -0.4940 0.4129
vn -0.7093 -0.5021 0.4949
vn -0.6767 -0.5080 0.5329
vn -0.6413 -0.5155 0.5683
vn -0.6033 -0.5237 0.6015
vn -0.5689 -0.5293 0.6294
vn -0.5582 -0.5323 0.6364
vn -0.5653 -0.5266 0.6349
vn -0.5008 -0.4975 0.7083
vn -0.4646 -0.4844 0.7413
vn -0.4265 -0.4729 0.7710
vn -0.3858 -0.4626 0.7982
vn -0.3429 -0.4539 0.8224
vn -0.2979 -0.4465 0.8438
vn -0.2029 -0.4363 0.8766
vn -0.1527 -0.4332 0.8883
vn -0.1553 -0.4404 0.8843
vn -0.5726 -0.5310 0.6247
vn -0.5676 -0.5282 0.6316
vn -0.5780 -0.5268 0.6233
vn -0.1099 -0.4117 0.9047
vn -0.0693 -0.3855 0.9201
vn -0.0266 -0.3606 0.9323
vn 0.0166 -0.3374 0.9412
vn 0.0615 -0.3158 0.9468
vn 0.1076 -0.2961 0.9491
vn 0.1538 -0.2783 0.9481
vn 0.2008 -0.2622 0.9439
vn 0.2491 -0.2480 0.9362
vn 0.2979 -0.2357 0.9251
vn -0.1399 -0.4328 0.8905
vn 0.3512 -0.2225 0.9095
vn 0.3811 -0.1842 0.9060
vn 0.4188 -0.1514 0.8954
vn 0.4562 -0.1210 0.8816
vn 0.4939 -0.0927 0.8646
vn 0.5314 -0.0668 0.8445
vn 0.6062 -0.0223 0.7950
vn 0.6428 -0.0037 0.7660
vn 0.6789 0.0124 0.7341
vn 0.7144 0.0257 0.6992
vn 0.7136 0.0172 0.7003
vn 0.7194 0.0269 0.6941
vn 0.3344 -0.2281 0.9144
vn 0.3408 -0.2220 0.9135
vn 0.3286 -0.2254 0.9172
vn 0.7409 0.0564 0.6693
vn 0.7637 0.0908 0.6392
vn 0.7175 0.0267 0.6961
vn 0.7242 0.0351 0.6887
vn 0.7856 0.1231 0.6064
vn 0.8063 0.1522 0.5715
vn 0.8264 0.1785 0.5340
vn 0.8457 0.2013 0.4942
vn 0.8643 0.2212 0.4518
vn 0.8812 0.2382 0.4083
vn 0.8974 0.2519 0.3622
vn 0.9124 0.2623 0.3143
vn 0.9230 0.2737 0.2703
vn 0.9202 0.2705 0.2829
vn 0.9231 0.2717 0.2722
vn 0.9264 0.2729 0.2596
vn 0.9231 0.2763 0.2673
vn 0.9246 0.3071 0.2255
vn 0.9244 0.3348 0.1828
vn 0.9232 0.3586 0.1383
vn 0.9207 0.3792 0.0927
vn 0.9170 0.3961 0.0462
vn 0.9122 0.4097 -0.0015
vn 0.9063 0.4195 -0.0506
vn 0.8993 0.4258 -0.0995
vn 0.8911 0.4283 -0.1502
vn 0.8814 0.4275 -0.2010
vn 0.8854 0.4207 -0.1976
vn 0.8803 0.4265 -0.2076
vn 0.8807 0.4271 -0.2050
vn 0.8791 0.4261 -0.2135
vn 0.8759 0.4314 -0.2161
vn 0.8627 0.4427 -0.2445
vn 0.8158 0.4760 -0.3285
vn 0.7909 0.4869 -0.3707
vn 0.7650 0.4941 -0.4131
vn -0.3889 0.8661 0.3141
vn -0.3898 0.8655 0.3144
vn -0.3902 0.8655 0.3142
vn -0.3906 0.8654 0.3139
vn -0.3897 0.8655 0.3146
vn -0.3888 0.8661 0.3140
vn -0.3899 0.8658 0.3138
vn -0.3904 0.8655 0.3139
vn -0.3901 0.8654 0.3143
vn -0.3886 0.8660 0.3145
vn -0.3890 0.8659 0.3143
vn -0.3891 0.8658 0.3144
vn -0.3894 0.8660 0.3136
vn -0.3895 0.8656 0.3145
vn -0.3893 0.8661 0.3137
vn 0.7651 0.4941 -0.4130
vn 0.7885 0.4923 -0.3687
vn 0.8082 0.4926 -0.3228
vn 0.8249 0.4942 -0.2744
vn 0.8379 0.4974 -0.2246
vn 0.8497 0.5095 -0.1355
vn 0.8517 0.5074 -0.1308
vn 0.8549 0.5033 -0.1258
vn 0.8472 0.5022 -0.1734
vn 0.8564 0.5014 -0.1228
vn 0.8535 0.5062 -0.1239
vn 0.8584 0.4996 -0.1164
vn 0.8765 0.4743 -0.0821
vn 0.8930 0.4484 -0.0396
vn 0.9054 0.4245 0.0035
vn 0.9144 0.4020 0.0483
vn 0.9196 0.3816 0.0935
vn 0.9211 0.3631 0.1402
vn 0.9191 0.3466 0.1875
vn 0.9135 0.3324 0.2344
vn 0.9041 0.3199 0.2834
vn 0.8913 0.3096 0.3312
vn 0.8743 0.3018 0.3802
vn 0.8443 0.2943 0.4478
vn 0.8540 0.2957 0.4281
vn 0.8405 0.2703 0.4695
vn 0.8308 0.2331 0.5053
vn 0.8173 0.1979 0.5411
vn 0.8008 0.1650 0.5757
vn 0.7803 0.1345 0.6107
vn 0.7568 0.1068 0.6448
vn 0.7297 0.0818 0.6788
vn 0.7000 0.0595 0.7117
vn 0.6669 0.0398 0.7441
vn 0.6307 0.0231 0.7757
vn 0.5917 0.0093 0.8061
vn 0.5494 -0.0017 0.8356
vn 0.5048 -0.0097 0.8632
vn 0.5047 -0.0097 0.8632
vn 0.4746 -0.0514 0.8787
vn 0.4420 -0.0892 0.8925
vn 0.4064 -0.1248 0.9051
vn 0.3689 -0.1567 0.9162
vn 0.3290 -0.1852 0.9260
vn 0.2863 -0.2106 0.9347
vn 0.2420 -0.2324 0.9420
vn 0.1958 -0.2505 0.9481
vn 0.1482 -0.2653 0.9527
vn 0.0984 -0.2764 0.9560
vn 0.0473 -0.2838 0.9577
vn -0.0378 -0.2874 0.9571
vn -0.0056 -0.2875 0.9578
vn -0.0528 -0.3020 0.9518
vn -0.0916 -0.3354 0.9376
vn -0.1316 -0.3645 0.9219
vn -0.1723 -0.3898 0.9046
vn -0.2143 -0.4113 0.8860
vn -0.2572 -0.4287 0.8661
vn -0.3002 -0.4421 0.8452
vn -0.3440 -0.4516 0.8232
vn -0.3883 -0.4569 0.8003
vn -0.4328 -0.4580 0.7765
vn -0.4772 -0.4553 0.7517
vn -0.5224 -0.4481 0.7255
vn -0.5799 -0.4332 0.6900
vn -0.5697 -0.4360 0.6967
vn -0.5756 -0.4338 0.6932
vn -0.5704 -0.4327 0.6981
vn -0.5670 -0.4366 0.6984
vn -0.5613 -0.4365 0.7032
vn -0.5986 -0.4513 0.6618
vn -0.6275 -0.4687 0.6217
vn -0.6561 -0.4825 0.5803
vn -0.6842 -0.4915 0.5389
vn -0.7116 -0.4965 0.4971
vn -0.7387 -0.4972 0.4551
vn -0.7650 -0.4942 0.4130
vn -0.7911 -0.4864 0.3709
vn -0.8160 -0.4750 0.3293
vn -0.8406 -0.4592 0.2872
vn -0.8642 -0.4390 0.2458
vn -0.9024 -0.3925 0.1780
vn -0.9035 -0.3923 0.1726
vn -0.9042 -0.3938 0.1654
vn -0.8864 -0.4151 0.2049
vn -0.9048 -0.3940 0.1617
vn -0.9056 -0.3903 0.1658
vn -0.9065 -0.3929 0.1548
vn -0.9104 -0.3992 0.1091
vn -0.9147 -0.3999 0.0577
vn -0.9178 -0.3971 0.0063
vn -0.9199 -0.3897 -0.0439
vn -0.9208 -0.3787 -0.0928
vn -0.9209 -0.3638 -0.1402
vn -0.9199 -0.3448 -0.1867
vn -0.9179 -0.3224 -0.2313
vn -0.9149 -0.2962 -0.2741
vn -0.9109 -0.2660 -0.3156
vn -0.9056 -0.2325 -0.3546
vn -0.8962 -0.1790 -0.4059
vn -0.8990 -0.1952 -0.3920
vn -0.8827 -0.1767 -0.4354
vn -0.8595 -0.1693 -0.4823
vn -0.8353 -0.1585 -0.5264
vn -0.8100 -0.1442 -0.5684
vn -0.7835 -0.1271 -0.6082
vn -0.7572 -0.1062 -0.6445
vn -0.7296 -0.0824 -0.6789
vn -0.7018 -0.0550 -0.7103
vn -0.6735 -0.0251 -0.7388
vn -0.6447 0.0081 -0.7644
vn -0.6156 0.0440 -0.7868
vn -0.5862 0.0830 -0.8059
vn -0.5563 0.1243 -0.8216
vn -0.5562 0.1244 -0.8217
vn -0.5111 0.1324 -0.8493
vn -0.4661 0.1428 -0.8731
vn -0.4207 0.1558 -0.8937
vn -0.3755 0.1715 -0.9108
vn -0.3305 0.1895 -0.9246
vn -0.2864 0.2099 -0.9348
vn -0.2426 0.2331 -0.9417
vn -0.1997 0.2583 -0.9452
vn -0.1572 0.2861 -0.9452
vn -0.1163 0.3159 -0.9416
vn -0.0760 0.3475 -0.9346
vn -0.0141 0.4027 -0.9152
vn -0.0366 0.3812 -0.9238
vn 0.0074 0.4026 -0.9153
vn 0.0606 0.4046 -0.9125
vn 0.1119 0.4083 -0.9060
vn 0.1619 0.4138 -0.8959
vn 0.2100 0.4211 -0.8824
vn 0.2562 0.4304 -0.8655
vn 0.3004 0.4414 -0.8455
vn 0.3423 0.4544 -0.8224
vn 0.3825 0.4692 -0.7959
vn 0.4204 0.4855 -0.7665
vn 0.4556 0.5037 -0.7340
vn 0.4885 0.5234 -0.6981
vn 0.5273 0.5502 -0.6475
vn 0.5204 0.5455 -0.6570
vn 0.5238 0.5488 -0.6515
vn 0.5183 0.5485 -0.6561
vn 0.5185 0.5441 -0.6596
vn 0.5132 0.5431 -0.6646
vn 0.5595 0.5385 -0.6300
vn 0.6014 0.5273 -0.6002
vn 0.6402 0.5174 -0.5678
vn 0.6760 0.5093 -0.5326
vn 0.7090 0.5023 -0.4950
vn -0.9058 0.2700 0.3266
vn -0.9058 0.2699 0.3267
vn -0.9004 0.4249 -0.0935
vn -0.9004 0.4248 -0.0935
vn -0.6538 0.6453 -0.3952
vn -0.6537 0.6454 -0.3951
vn -0.2598 0.8473 -0.4633
vn 0.1308 0.9534 -0.2718
vn 0.1308 0.9534 -0.2719
vn 0.3689 0.9234 0.1063
vn 0.3637 0.7685 0.5265
vn 0.3636 0.7685 0.5265
vn 0.1169 0.5482 0.8282
vn 0.1169 0.5478 0.8284
vn -0.2772 0.3462 0.8963
vn -0.2770 0.3463 0.8963
vn -0.6676 0.2400 0.7048
vn -0.6678 0.2399 0.7047
vn 0.1529 0.9585 -0.2406
vn 0.5994 -0.4391 -0.6693
vn -0.4137 0.7725 -0.4817
vn -0.8365 0.4938 -0.2375
vn -0.8920 0.2695 0.3628
vn -0.1880 -0.9584 -0.2146
vn -0.3985 0.9117 0.1001
vn -0.5625 0.8035 0.1948
vn -0.8365 -0.1898 -0.5141
vn -0.0845 0.3061 -0.9482
vn -0.0844 0.3061 -0.9483
vn -0.6942 0.2445 0.6770
vn 0.0426 -0.9876 0.1512
vn -0.1149 0.4027 0.9081
vn 0.3076 0.6813 0.6642
vn 0.3509 0.9335 0.0738
vn 0.8299 -0.4683 -0.3031
vn -0.1982 0.8863 0.4186
vn -0.3617 0.7785 0.5130
vn 0.8365 0.1898 0.5141
vn 0.0845 -0.3061 0.9483
vn 0.0845 -0.3061 0.9482
vn -0.8872 0.4236 -0.1828
vn -0.8874 0.4234 -0.1824
vn -0.8874 0.4231 -0.1830
vn -0.8872 0.4235 -0.1831
vn -0.8232 0.1922 0.5342
vn -0.8234 0.1920 0.5340
vn -0.1911 0.3355 0.9225
vn -0.1912 0.3355 0.9224
vn 0.3771 0.7104 0.5943
vn 0.3777 0.7101 0.5942
vn 0.3133 0.9417 -0.1226
vn 0.3134 0.9417 -0.1225
vn -0.3189 0.7982 -0.5110
vn -0.3189 0.7982 -0.5111
vn -0.0845 0.3061 -0.9483
vn 0.0844 -0.3061 0.9483
vn -0.7968 0.6032 -0.0349
vn -0.7487 0.4287 0.5056
vn -0.2719 0.5369 0.7987
vn 0.1568 0.8195 0.5512
vn 0.1087 0.9940 0.0106
vn -0.3682 0.8858 -0.2825
vn 0.1131 0.9909 -0.0729
vn 0.1135 0.9909 -0.0727
vn 0.1123 0.9910 -0.0733
vn 0.1123 0.9910 -0.0734
vn 0.1127 0.9909 -0.0731
vn -0.2966 0.9237 0.2423
vn -0.2963 0.9239 0.2423
vn -0.2967 0.9238 0.2420
vn -0.0950 0.9916 0.0881
vn -0.2960 0.9239 0.2424
vn -0.0956 0.9916 0.0876
vn 0.0178 0.9850 -0.1718
vn 0.0192 0.9848 -0.1724
vn 0.0185 0.9849 -0.1722
vn 0.0197 0.9848 -0.1725
vn 0.0204 0.9847 -0.1729
vn 0.0189 0.9848 -0.1725
vn -0.3152 0.9229 0.2212
vn -0.3158 0.9227 0.2212
vn -0.3147 0.9229 0.2217
vn -0.1539 0.9878 0.0251
vn -0.1534 0.9878 0.0253
vn -0.1545 0.9877 0.0249
vn -0.1552 0.9876 0.0247
vn -0.1541 0.9877 0.0252
vn -0.3158 0.9227 0.2213
vn -0.3165 0.9226 0.2207
vn -0.0918 0.9637 -0.2509
vn -0.0917 0.9638 -0.2504
vn -0.2235 0.9744 -0.0235
vn -0.2237 0.9743 -0.0244
vn -0.2236 0.9744 -0.0239
vn -0.3397 0.9181 0.2041
vn -0.3395 0.9181 0.2045
vn -0.3397 0.9182 0.2037
vn -0.3396 0.9181 0.2041
vn -0.3394 0.9180 0.2049
vn -0.3395 0.9181 0.2043
vn -0.2237 0.9743 -0.0245
vn -0.2238 0.9743 -0.0248
vn -0.2236 0.9744 -0.0241
vn -0.2130 0.9285 -0.3041
vn -0.3392 0.8810 -0.3297
vn -0.3390 0.8811 -0.3298
vn -0.3395 0.8809 -0.3298
vn -0.2130 0.9285 -0.3042
vn -0.3931 0.9001 0.1880
vn -0.3931 0.9002 0.1875
vn -0.3656 0.9106 0.1926
vn -0.3658 0.9107 0.1922
vn -0.3661 0.9104 0.1927
vn -0.2995 0.9524 -0.0573
vn -0.3657 0.9106 0.1925
vn -0.3654 0.9108 0.1923
vn -0.3657 0.9107 0.1922
vn -0.2996 0.9523 -0.0574
vn -0.3385 0.8812 -0.3300
vn -0.3388 0.8811 -0.3299
vn -0.3391 0.8811 -0.3298
vn -0.3930 0.9002 0.1876
vn -0.3927 0.9004 0.1875
vn -0.3785 0.9226 -0.0742
vn -0.3782 0.9228 -0.0743
vn -0.3786 0.9226 -0.0737
vn -0.3788 0.9226 -0.0731
vn -0.3784 0.9227 -0.0739
vn -0.3788 0.9226 -0.0733
vn -0.4645 0.8235 -0.3257
vn -0.4631 0.8242 -0.3260
vn -0.4638 0.8238 -0.3259
vn -0.4626 0.8244 -0.3261
vn -0.4619 0.8247 -0.3263
vn -0.4633 0.8241 -0.3259
vn -0.4193 0.8883 0.1872
vn -0.4195 0.8881 0.1882
vn -0.4185 0.8888 0.1869
vn -0.4567 0.8868 -0.0713
vn -0.4559 0.8872 -0.0713
vn -0.4573 0.8864 -0.0719
vn -0.4581 0.8860 -0.0720
vn -0.4569 0.8866 -0.0715
vn -0.4574 0.8863 -0.0720
vn -0.4191 0.8883 0.1876
vn -0.4203 0.8875 0.1889
vn -0.4196 0.8879 0.1886
vn -0.5805 0.7594 -0.2939
vn -0.5800 0.7600 -0.2933
vn -0.5798 0.7599 -0.2939
vn -0.5798 0.7603 -0.2930
vn -0.5792 0.7607 -0.2930
vn -0.5798 0.7599 -0.2940
vn -0.4440 0.8745 0.1949
vn -0.4443 0.8744 0.1949
vn -0.4439 0.8744 0.1959
vn -0.4443 0.8744 0.1950
vn -0.4447 0.8744 0.1941
vn -0.4449 0.8742 0.1947
vn -0.5302 0.8463 -0.0513
vn -0.5303 0.8462 -0.0517
vn -0.5307 0.8460 -0.0516
vn -0.5304 0.8462 -0.0518
vn -0.6834 0.6913 -0.2346
vn -0.6841 0.6909 -0.2336
vn -0.6827 0.6920 -0.2347
vn -0.6816 0.6927 -0.2358
vn -0.6830 0.6917 -0.2347
vn -0.6821 0.6925 -0.2348
vn -0.7669 0.6239 -0.1502
vn -0.7666 0.6241 -0.1511
vn -0.7674 0.6233 -0.1501
vn -0.5956 0.8032 -0.0135
vn -0.5954 0.8033 -0.0124
vn -0.5950 0.8036 -0.0141
vn -0.4676 0.8592 0.2076
vn -0.4665 0.8599 0.2073
vn -0.4690 0.8584 0.2078
vn -0.5950 0.8036 -0.0154
vn -0.5956 0.8032 -0.0136
vn -0.5947 0.8038 -0.0145
vn -0.4672 0.8595 0.2075
vn -0.4645 0.8611 0.2068
vn -0.4659 0.8603 0.2070
vn -0.7660 0.6247 -0.1519
vn -0.7665 0.6241 -0.1515
vn -0.7668 0.6240 -0.1506
vn -0.8279 0.5589 -0.0469
vn -0.8279 0.5589 -0.0466
vn -0.4850 0.8449 0.2255
vn -0.4842 0.8454 0.2254
vn -0.4858 0.8445 0.2254
vn -0.6486 0.7602 0.0383
vn -0.6491 0.7598 0.0376
vn -0.6485 0.7602 0.0388
vn -0.6477 0.7608 0.0399
vn -0.6485 0.7602 0.0384
vn -0.6482 0.7604 0.0393
vn -0.4847 0.8451 0.2255
vn -0.4833 0.8459 0.2255
vn -0.4839 0.8456 0.2254
vn -0.8280 0.5587 -0.0474
vn -0.8280 0.5588 -0.0470
vn -0.4978 0.8310 0.2481
vn -0.6867 0.7194 0.1040
vn -0.6869 0.7192 0.1043
vn -0.6865 0.7197 0.1038
vn -0.4978 0.8311 0.2480
vn -0.6864 0.7198 0.1033
vn -0.6867 0.7195 0.1038
vn -0.6865 0.7197 0.1037
vn -0.8634 0.4994 0.0715
vn -0.8631 0.4999 0.0714
vn -0.8628 0.5005 0.0713
vn -0.8629 0.5002 0.0715
vn -0.5068 0.8080 0.3005
vn -0.5065 0.8081 0.3007
vn -0.5053 0.8185 0.2733
vn -0.7087 0.6826 0.1782
vn -0.7086 0.6829 0.1776
vn -0.7090 0.6822 0.1785
vn -0.5052 0.8185 0.2736
vn -0.7092 0.6819 0.1792
vn -0.7092 0.6820 0.1787
vn -0.8701 0.4510 0.1991
vn -0.8700 0.4513 0.1987
vn -0.8703 0.4506 0.1988
vn -0.8705 0.4501 0.1990
vn -0.8703 0.4505 0.1988
vn -0.5022 0.8001 0.3281
vn -0.5023 0.7997 0.3288
vn -0.5021 0.8000 0.3285
vn -0.5064 0.8082 0.3008
vn -0.5060 0.8083 0.3009
vn -0.7141 0.6506 0.2584
vn -0.7136 0.6512 0.2584
vn -0.8494 0.4127 0.3290
vn -0.8016 0.3881 0.4548
vn -0.8013 0.3889 0.4547
vn -0.8018 0.3883 0.4542
vn -0.8014 0.3886 0.4547
vn -0.8008 0.3892 0.4552
vn -0.8012 0.3892 0.4546
vn -0.8494 0.4128 0.3287
vn -0.4922 0.7943 0.3560
vn -0.6700 0.6125 0.4195
vn -0.4918 0.7947 0.3559
vn -0.4916 0.7949 0.3557
vn -0.7003 0.6276 0.3401
vn -0.7002 0.6276 0.3404
vn -0.6696 0.6129 0.4196
vn -0.7001 0.6275 0.3408
vn -0.7003 0.6275 0.3403
vn -0.5021 0.7999 0.3286
vn -0.5023 0.7997 0.3290
vn -0.5021 0.7995 0.3296
vn -0.7285 0.3798 0.5701
vn -0.7290 0.3798 0.5694
vn -0.7288 0.3791 0.5703
vn -0.7283 0.3789 0.5710
vn -0.7286 0.3794 0.5703
vn -0.7289 0.3787 0.5704
vn -0.4778 0.7919 0.3802
vn -0.4766 0.7925 0.3805
vn -0.4787 0.7919 0.3792
vn -0.6242 0.6066 0.4923
vn -0.4772 0.7922 0.3803
vn -0.4753 0.7927 0.3818
vn -0.4761 0.7928 0.3806
vn -0.6243 0.6066 0.4923
vn -0.6351 0.3864 0.6689
vn -0.6346 0.3854 0.6699
vn -0.6347 0.3861 0.6694
vn -0.6346 0.3853 0.6699
vn -0.6342 0.3849 0.6706
vn -0.6347 0.3859 0.6695
vn -0.4562 0.7938 0.4021
vn -0.4558 0.7942 0.4018
vn -0.4566 0.7937 0.4019
vn -0.5649 0.6105 0.5552
vn -0.5646 0.6108 0.5551
vn -0.5652 0.6104 0.5549
vn -0.5655 0.6102 0.5549
vn -0.5646 0.6104 0.5555
vn -0.5653 0.6104 0.5548
vn -0.4560 0.7941 0.4019
vn -0.4553 0.7945 0.4019
vn -0.4557 0.7943 0.4017
vn -0.5239 0.4071 0.7482
vn -0.5246 0.4076 0.7474
vn -0.5245 0.4071 0.7478
vn -0.5246 0.4078 0.7473
vn -0.5252 0.4077 0.7469
vn -0.5245 0.4074 0.7476
vn -0.4949 0.6240 0.6047
vn -0.4958 0.6235 0.6045
vn -0.4955 0.6237 0.6046
vn -0.4327 0.7985 0.4186
vn -0.4323 0.7988 0.4184
vn -0.4327 0.7985 0.4185
vn -0.4331 0.7981 0.4189
vn -0.4328 0.7983 0.4189
vn -0.4963 0.6231 0.6045
vn -0.4969 0.6227 0.6044
vn -0.4957 0.6235 0.6046
vn -0.4039 0.4414 0.8013
vn -0.4033 0.4420 0.8013
vn -0.4037 0.4419 0.8011
vn -0.2778 0.4889 0.8269
vn -0.2777 0.4897 0.8265
vn -0.2784 0.4887 0.8269
vn -0.4196 0.6458 0.6379
vn -0.4208 0.6446 0.6383
vn -0.4197 0.6450 0.6387
vn -0.4031 0.4420 0.8014
vn -0.4029 0.4425 0.8012
vn -0.4036 0.4419 0.8012
vn -0.4062 0.8061 0.4304
vn -0.4058 0.8063 0.4303
vn -0.4065 0.8062 0.4298
vn -0.4075 0.8057 0.4300
vn -0.4069 0.8059 0.4301
vn -0.4181 0.6466 0.6380
vn -0.4191 0.6463 0.6377
vn -0.4195 0.6453 0.6384
vn -0.2771 0.4900 0.8265
vn -0.2777 0.4898 0.8264
vn -0.2777 0.4893 0.8267
vn -0.3795 0.8164 0.4353
vn -0.3402 0.6755 0.6542
vn -0.3401 0.6757 0.6540
vn -0.3799 0.8164 0.4350
vn -0.1525 0.5463 0.8236
vn -0.1532 0.5465 0.8234
vn -0.1533 0.5461 0.8236
vn -0.0367 0.6096 0.7918
vn -0.0365 0.6106 0.7911
vn -0.0381 0.6088 0.7924
vn -0.1533 0.5469 0.8231
vn -0.1538 0.5469 0.8230
vn -0.1532 0.5465 0.8233
vn -0.3528 0.8286 0.4347
vn -0.3534 0.8286 0.4341
vn -0.3532 0.8285 0.4345
vn -0.3527 0.8285 0.4350
vn -0.3529 0.8285 0.4347
vn -0.3523 0.8286 0.4352
vn -0.2617 0.7112 0.6524
vn -0.2619 0.7116 0.6519
vn -0.2621 0.7113 0.6522
vn -0.2619 0.7118 0.6518
vn -0.2622 0.7119 0.6515
vn -0.2620 0.7114 0.6521
vn -0.0350 0.6119 0.7902
vn -0.0363 0.6111 0.7908
vn -0.0367 0.6100 0.7915
vn -0.3058 0.8569 0.4150
vn -0.3053 0.8569 0.4152
vn -0.3278 0.8421 0.4283
vn -0.1887 0.7523 0.6312
vn -0.1892 0.7521 0.6312
vn -0.3276 0.8424 0.4279
vn -0.1887 0.7520 0.6316
vn -0.1892 0.7521 0.6313
vn -0.1236 0.7947 0.5942
vn 0.0667 0.6785 0.7316
vn 0.0660 0.6782 0.7319
vn 0.1512 0.7461 0.6485
vn 0.1500 0.7468 0.6479
vn 0.1504 0.7453 0.6496
vn 0.0657 0.6786 0.7315
vn 0.0650 0.6783 0.7319
vn 0.0659 0.6784 0.7317
vn -0.3053 0.8570 0.4151
vn -0.3051 0.8573 0.4147
vn -0.1243 0.7946 0.5943
vn 0.1502 0.7480 0.6465
vn 0.1494 0.7471 0.6476
vn 0.1506 0.7464 0.6482
vn 0.2115 0.8115 0.5448
vn 0.2112 0.8119 0.5443
vn 0.2113 0.8113 0.5451
vn -0.2726 0.8858 0.3757
vn -0.2740 0.8856 0.3750
vn -0.2734 0.8856 0.3755
vn -0.2875 0.8714 0.3976
vn -0.2877 0.8715 0.3972
vn -0.2874 0.8712 0.3980
vn -0.2875 0.8715 0.3974
vn -0.2877 0.8718 0.3965
vn -0.2881 0.8714 0.3971
vn -0.0703 0.8375 0.5418
vn -0.0699 0.8377 0.5416
vn -0.0706 0.8375 0.5418
vn -0.0710 0.8375 0.5419
vn -0.0705 0.8375 0.5418
vn 0.2113 0.8123 0.5437
vn 0.2111 0.8121 0.5440
vn 0.2114 0.8116 0.5446
vn -0.0326 0.8786 0.4764
vn -0.0323 0.8787 0.4762
vn -0.2737 0.8856 0.3753
vn -0.2745 0.8855 0.3749
vn -0.2751 0.8854 0.3746
vn -0.0328 0.8786 0.4765
vn -0.0324 0.8786 0.4765
vn 0.2479 0.8700 0.4262
vn 0.2492 0.8697 0.4261
vn 0.2470 0.8705 0.4258
vn 0.2454 0.8709 0.4259
vn 0.2475 0.8702 0.4261
vn 0.2465 0.8705 0.4259
vn -0.2641 0.9089 0.3227
vn -0.2655 0.9087 0.3221
vn -0.2650 0.9087 0.3225
vn -0.2659 0.8982 0.3501
vn -0.2674 0.8980 0.3494
vn -0.2648 0.8979 0.3516
vn -0.2665 0.8981 0.3498
vn -0.2689 0.8982 0.3476
vn -0.2681 0.8979 0.3491
vn -0.0103 0.9158 0.4015
vn -0.0098 0.9157 0.4017
vn -0.0107 0.9159 0.4013
vn -0.0117 0.9160 0.4011
vn -0.0104 0.9159 0.4013
vn -0.0110 0.9160 0.4011
vn 0.2533 0.9201 0.2988
vn 0.2539 0.9199 0.2990
vn 0.2528 0.9203 0.2984
vn 0.2519 0.9207 0.2980
vn 0.2531 0.9202 0.2986
vn 0.2526 0.9205 0.2983
vn 0.2319 0.9580 0.1689
vn 0.2335 0.9577 0.1684
vn 0.2296 0.9586 0.1684
vn -0.0052 0.9469 0.3216
vn -0.2657 0.9086 0.3222
vn -0.2660 0.9086 0.3219
vn -0.2671 0.9084 0.3216
vn -0.0051 0.9469 0.3215
vn 0.1843 0.9820 0.0425
vn 0.1853 0.9818 0.0427
vn 0.1839 0.9820 0.0419
vn 0.1848 0.9818 0.0427
vn 0.1864 0.9815 0.0436
vn 0.1858 0.9817 0.0428
vn 0.2365 0.9569 0.1686
vn 0.2345 0.9574 0.1682
vn 0.2325 0.9578 0.1688
vn -0.0190 0.9707 0.2394
vn -0.0185 0.9706 0.2398
vn -0.0186 0.9707 0.2395
vn -0.2793 0.9223 0.2670
vn -0.2799 0.9221 0.2672
vn -0.2796 0.9222 0.2672
vn -0.0197 0.9708 0.2390
vn -0.0196 0.9707 0.2394
vn -0.0192 0.9707 0.2395
vn -0.2689 0.9171 0.2944
vn -0.2697 0.9169 0.2941
vn -0.2683 0.9170 0.2952
vn -0.0496 0.9858 0.1602
vn -0.0458 0.9858 0.1617
vn -0.0477 0.9859 0.1604
vn -0.2807 0.9219 0.2672
vn -0.2808 0.9218 0.2674
vn -0.2802 0.9220 0.2673
vn -0.2692 0.9170 0.2943
vn -0.2708 0.9169 0.2932
vn -0.2703 0.9168 0.2940
vn -0.0509 0.9858 0.1602
vn -0.0487 0.9859 0.1600
vn -0.0525 0.9859 0.1586
vn -0.6208 -0.2337 0.7483
vn -0.4173 -0.2944 0.8597
vn -0.1920 -0.3134 0.9300
vn 0.4974 0.8185 0.2874
vn 0.5266 0.8458 0.0852
vn 0.5236 0.8408 -0.1376
vn 0.7412 0.5960 -0.3089
vn 0.5953 0.7789 -0.1973
vn 0.4057 0.9107 -0.0774
vn -0.7829 -0.0928 0.6152
vn -0.7827 0.1291 0.6089
vn -0.7830 0.1272 0.6089
vn -0.7815 0.1292 0.6103
vn -0.7360 -0.3838 0.5577
vn -0.7846 -0.1323 0.6058
vn -0.7828 0.1280 0.6090
vn -0.7841 0.1263 0.6076
vn -0.7830 0.1263 0.6091
vn -0.8569 0.1189 0.5015
vn -0.6428 0.0452 0.7647
vn -0.6412 0.1385 0.7548
vn -0.6695 0.1328 0.7308
vn -0.4881 0.1705 0.8560
vn -0.4864 0.1700 0.8570
vn -0.4888 0.1700 0.8557
vn -0.4885 0.1732 0.8552
vn -0.4906 0.1716 0.8543
vn -0.4887 0.1762 0.8545
vn -0.4915 0.1744 0.8532
vn -0.4885 0.1700 0.8559
vn -0.4899 0.1722 0.8546
vn -0.3307 0.2783 0.9018
vn -0.3206 0.2242 0.9203
vn -0.0542 -0.2260 0.9726
vn 0.2277 -0.6904 0.6866
vn -0.2542 0.2501 0.9342
vn -0.1687 0.0081 0.9856
vn -0.1778 0.3806 0.9075
vn 0.0223 -0.1939 0.9808
vn -0.1719 0.2814 0.9441
vn -0.0729 0.0467 0.9962
vn 0.1533 -0.1368 0.9787
vn 0.4285 -0.6743 0.6014
vn 0.0282 0.0934 0.9952
vn -0.0848 0.3230 0.9426
vn 0.2296 -0.0964 0.9685
vn -0.0331 0.4754 0.8792
vn -0.0053 0.3620 0.9322
vn 0.1206 0.1386 0.9830
vn 0.3513 -0.0322 0.9357
vn 0.5889 -0.6179 0.5209
vn 0.0761 0.4070 0.9103
vn 0.2152 0.1922 0.9575
vn 0.1010 0.5639 0.8196
vn 0.2996 0.2422 0.9228
vn 0.1484 0.4486 0.8813
vn 0.4218 0.0117 0.9066
vn 0.5285 0.0824 0.8449
vn 0.3831 0.2960 0.8750
vn 0.7236 -0.5288 0.4436
vn 0.2211 0.4973 0.8389
vn 0.5874 0.1263 0.7994
vn 0.4550 0.3481 0.8196
vn 0.2804 0.5428 0.7917
vn 0.2805 0.5428 0.7917
vn 0.2242 0.6448 0.7307
vn 0.6749 0.1964 0.7113
vn 0.3390 0.5902 0.7326
vn 0.5230 0.4032 0.7509
vn 0.8397 -0.4025 0.3646
vn 0.3324 0.7169 0.6128
vn 0.7204 0.2379 0.6515
vn 0.5760 0.4550 0.6791
vn 0.3864 0.6330 0.6708
vn 0.7825 0.3064 0.5420
vn 0.4299 0.6772 0.5971
vn 0.9336 -0.2250 0.2789
vn 0.6252 0.5077 0.5928
vn 0.4242 0.7766 0.4659
vn 0.8105 0.3448 0.4736
vn 0.6599 0.5542 0.5073
vn 0.4577 0.7186 0.5236
vn 0.8465 0.4058 0.3445
vn 0.8508 0.4171 0.3197
vn 0.9831 0.0266 0.1811
vn 0.4810 0.7585 0.4397
vn 0.6962 0.6326 0.3393
vn 0.6863 0.6013 0.4092
vn 0.8609 0.4948 0.1182
vn 0.8623 0.4866 0.1404
vn 0.9311 0.3576 0.0721
vn 0.6966 0.7018 0.1491
vn 0.7020 0.6824 0.2040
vn 0.8248 0.5567 -0.0990
vn 0.8534 0.5207 0.0252
vn 0.7188 0.6947 -0.0261
vn 0.6632 0.7482 -0.0183
vn 0.6705 0.7419 0.0002
vn 0.8107 0.4842 -0.3293
vn 0.8917 0.4398 -0.1066
vn 0.8106 0.4842 -0.3293
vn 0.9210 0.3699 0.1223
vn 0.8967 0.2786 0.3440
vn 0.9210 0.3700 0.1223
vn 0.8203 0.1710 0.5458
vn 0.6962 0.0535 0.7158
vn 0.3363 -0.1839 0.9236
vn 0.1213 -0.2899 0.9493
vn -0.1007 -0.3791 0.9199
vn -0.3169 -0.4462 0.8369
vn -0.5147 -0.4875 0.7053
vn -0.5146 -0.4875 0.7054
vn -0.6825 -0.5003 0.5328
vn -0.6825 -0.5004 0.5328
vn -0.8107 -0.4842 0.3293
vn -0.8917 -0.4398 0.1066
vn -0.9210 -0.3699 -0.1223
vn -0.8917 -0.4399 0.1066
vn -0.8967 -0.2786 -0.3440
vn -0.9210 -0.3700 -0.1223
vn -0.8203 -0.1710 -0.5458
vn -0.6962 -0.0535 -0.7158
vn -0.3363 0.1838 -0.9237
vn -0.3363 0.1839 -0.9236
vn -0.1213 0.2899 -0.9493
vn 0.1007 0.3791 -0.9199
vn 0.3169 0.4462 -0.8369
vn 0.5146 0.4875 -0.7054
vn 0.5146 0.4874 -0.7054
vn 0.6825 0.5003 -0.5328
vn 0.6825 0.5004 -0.5328
vn -0.8498 0.2662 0.4550
vn -0.8497 0.2664 0.4551
vn -0.9073 0.2977 0.2969
vn -0.9074 0.2973 0.2971
vn -0.9071 0.2979 0.2973
vn -0.9073 0.2977 0.2968
vn -0.9281 0.3472 0.1345
vn -0.9279 0.3477 0.1344
vn -0.9108 0.4122 -0.0229
vn -0.9108 0.4123 -0.0228
vn -0.8567 0.4885 -0.1658
vn -0.8566 0.4885 -0.1662
vn -0.8568 0.4883 -0.1656
vn -0.8567 0.4885 -0.1659
vn -0.7684 0.5721 -0.2868
vn -0.7685 0.5721 -0.2865
vn -0.6517 0.6576 -0.3780
vn -0.6519 0.6571 -0.3784
vn -0.6520 0.6573 -0.3780
vn -0.6515 0.6581 -0.3775
vn -0.6516 0.6577 -0.3778
vn -0.6519 0.6576 -0.3777
vn -0.5129 0.7405 -0.4343
vn -0.5131 0.7403 -0.4345
vn -0.3606 0.8157 -0.4523
vn -0.3605 0.8156 -0.4527
vn -0.2030 0.8790 -0.4315
vn -0.2029 0.8790 -0.4315
vn -0.0495 0.9267 -0.3726
vn -0.0493 0.9266 -0.3727
vn 0.0906 0.9560 -0.2791
vn 0.0909 0.9559 -0.2794
vn 0.2100 0.9650 -0.1569
vn 0.2097 0.9651 -0.1569
vn -0.3890 0.8658 0.3147
vn 0.3005 0.9537 -0.0127
vn 0.3009 0.9536 -0.0124
vn 0.3008 0.9536 -0.0124
vn 0.3015 0.9534 -0.0118
vn 0.3011 0.9535 -0.0122
vn 0.3585 0.9221 0.1455
vn 0.3583 0.9222 0.1457
vn 0.3793 0.8725 0.3081
vn 0.3791 0.8726 0.3080
vn 0.3621 0.8076 0.4655
vn 0.3077 0.7313 0.6087
vn 0.3080 0.7310 0.6089
vn 0.3080 0.7312 0.6086
vn 0.3076 0.7316 0.6084
vn 0.2197 0.6479 0.7294
vn 0.2191 0.6486 0.7289
vn 0.2193 0.6481 0.7293
vn 0.2202 0.6473 0.7297
vn 0.2199 0.6478 0.7294
vn 0.2195 0.6480 0.7293
vn 0.1026 0.5625 0.8204
vn 0.1030 0.5627 0.8202
vn -0.0358 0.4798 0.8766
vn -0.0356 0.4793 0.8769
vn -0.0361 0.4799 0.8766
vn -0.1883 0.4044 0.8950
vn -0.1884 0.4045 0.8949
vn -0.3459 0.3407 0.8742
vn -0.3457 0.3416 0.8739
vn -0.3458 0.3413 0.8740
vn -0.4989 0.2925 0.8158
vn -0.4990 0.2931 0.8155
vn -0.4994 0.2925 0.8155
vn -0.4992 0.2937 0.8152
vn -0.4997 0.2938 0.8149
vn -0.4995 0.2929 0.8153
vn -0.6398 0.2637 0.7219
vn -0.6398 0.2636 0.7219
vn -0.7586 0.2549 0.5997
vn -0.7591 0.2548 0.5990
vn -0.7588 0.2547 0.5995
vn -0.7583 0.2549 0.6000
vn -0.7586 0.2549 0.5996
vn -0.7588 0.2552 0.5992
vn 0.2098 0.9651 -0.1569
vn 0.2097 0.9651 -0.1570
vn 0.2101 0.9650 -0.1568
vn 0.0910 0.9559 -0.2792
vn 0.0917 0.9559 -0.2791
vn 0.0913 0.9558 -0.2795
vn 0.0905 0.9559 -0.2795
vn 0.0909 0.9558 -0.2797
vn 0.0911 0.9558 -0.2794
vn -0.0495 0.9265 -0.3729
vn -0.0497 0.9267 -0.3725
vn -0.2030 0.8790 -0.4314
vn -0.3602 0.8156 -0.4529
vn -0.3605 0.8157 -0.4524
vn -0.3604 0.8156 -0.4527
vn -0.3607 0.8157 -0.4523
vn -0.3608 0.8158 -0.4520
vn -0.3605 0.8157 -0.4525
vn -0.5131 0.7404 -0.4342
vn -0.5131 0.7403 -0.4344
vn -0.6518 0.6576 -0.3778
vn -0.6517 0.6575 -0.3780
vn -0.7686 0.5720 -0.2865
vn -0.7685 0.5721 -0.2867
vn -0.8567 0.4884 -0.1660
vn -0.8565 0.4887 -0.1659
vn -0.9110 0.4118 -0.0229
vn -0.9106 0.4127 -0.0228
vn -0.9280 0.3474 0.1345
vn -0.9279 0.3476 0.1345
vn -0.9073 0.2978 0.2970
vn -0.9071 0.2981 0.2971
vn -0.8497 0.2666 0.4549
vn -0.8498 0.2660 0.4551
vn -0.8496 0.2663 0.4552
vn -0.8497 0.2665 0.4549
vn -0.7586 0.2547 0.5997
vn -0.7589 0.2549 0.5992
vn -0.6396 0.2640 0.7220
vn -0.6397 0.2639 0.7219
vn -0.4994 0.2932 0.8153
vn -0.4993 0.2931 0.8153
vn -0.3457 0.3405 0.8744
vn -0.3458 0.3412 0.8740
vn -0.1883 0.4043 0.8950
vn -0.1885 0.4042 0.8950
vn -0.0357 0.4796 0.8768
vn 0.1028 0.5624 0.8204
vn 0.1026 0.5622 0.8206
vn 0.1031 0.5622 0.8206
vn 0.2199 0.6477 0.7295
vn 0.2195 0.6481 0.7292
vn 0.3078 0.7314 0.6086
vn 0.3626 0.8075 0.4652
vn 0.3618 0.8077 0.4656
vn 0.3791 0.8726 0.3081
vn 0.3586 0.9221 0.1456
vn 0.3581 0.9222 0.1458
vn 0.3011 0.9535 -0.0123
vn 0.3006 0.9537 -0.0126
vn 0.3007 0.9537 -0.0123
vn 0.8305 0.4367 -0.3457
vn 0.8069 0.4852 -0.3370
vn 0.9260 0.3517 -0.1373
vn 0.8650 0.4884 -0.1152
vn 0.9654 0.2487 0.0784
vn 0.8803 0.4615 0.1099
vn 0.9485 0.1325 0.2877
vn 0.8525 0.4082 0.3267
vn 0.8780 0.0084 0.4785
vn 0.7831 0.3330 0.5252
vn 0.7591 -0.1174 0.6403
vn 0.6761 0.2413 0.6962
vn 0.5989 -0.2389 0.7644
vn 0.5363 0.1381 0.8326
vn 0.4061 -0.3500 0.8442
vn 0.3704 0.0289 0.9284
vn 0.1910 -0.4445 0.8752
vn 0.1861 -0.0816 0.9791
vn -0.0353 -0.5163 0.8557
vn -0.0083 -0.1890 0.9819
vn -0.2608 -0.5599 0.7864
vn -0.2030 -0.2876 0.9360
vn -0.4734 -0.5712 0.6705
vn -0.3880 -0.3746 0.8421
vn -0.6605 -0.5464 0.5149
vn -0.5529 -0.4463 0.7036
vn -0.6878 -0.5005 0.5258
vn -0.7883 -0.5304 0.3117
vn -0.8068 -0.4855 0.3368
vn -0.8486 -0.5237 0.0748
vn -0.9038 -0.4021 0.1464
vn -0.8594 -0.4843 -0.1639
vn -0.9513 -0.3037 -0.0525
vn -0.8205 -0.4171 -0.3910
vn -0.9491 -0.1933 -0.2487
vn -0.7344 -0.3276 -0.5944
vn -0.8988 -0.0764 -0.4317
vn -0.6063 -0.2222 -0.7636
vn -0.8041 0.0433 -0.5929
vn -0.4431 -0.1075 -0.8900
vn -0.6705 0.1603 -0.7244
vn -0.2534 0.0105 -0.9673
vn -0.5046 0.2697 -0.8202
vn -0.0476 0.1256 -0.9909
vn -0.3141 0.3664 -0.8758
vn 0.1635 0.2316 -0.9590
vn -0.1073 0.4455 -0.8888
vn 0.3670 0.3242 -0.8719
vn 0.1063 0.5023 -0.8581
vn 0.5508 0.3990 -0.7331
vn 0.3168 0.5331 -0.7846
vn 0.7026 0.4528 -0.5489
vn 0.5142 0.5329 -0.6720
vn 0.6879 0.5003 -0.5259
vn 0.0987 0.4516 0.8867
vn 0.0612 0.4893 0.8700
vn -0.0236 0.3247 0.9455
vn -0.1108 0.4405 0.8909
vn -0.1708 0.2045 0.9639
vn -0.2762 0.3982 0.8747
vn -0.3328 0.0994 0.9377
vn -0.4301 0.3656 0.8254
vn -0.4978 0.0175 0.8671
vn -0.5689 0.3443 0.7469
vn -0.6535 -0.0358 0.7561
vn -0.6878 0.3353 0.6438
vn -0.7894 -0.0566 0.6113
vn -0.7835 0.3395 0.5204
vn -0.8957 -0.0428 0.4425
vn -0.8530 0.3562 0.3815
vn -0.9653 0.0039 0.2611
vn -0.8931 0.3855 0.2318
vn -0.9936 0.0800 0.0796
vn -0.9018 0.4253 0.0765
vn -0.9794 0.1811 -0.0891
vn -0.8769 0.4741 -0.0793
vn -0.9250 0.2997 -0.2337
vn -0.8166 0.5295 -0.2297
vn -0.8359 0.4271 -0.3448
vn -0.7196 0.5877 -0.3698
vn -0.7212 0.5550 -0.4146
vn -0.5905 0.6412 -0.4901
vn -0.5854 0.6762 -0.4472
vn -0.4340 0.6923 -0.5765
vn -0.4379 0.7792 -0.4485
vn -0.2547 0.7417 -0.6204
vn -0.2904 0.8609 -0.4178
vn -0.0647 0.7842 -0.6171
vn -0.1489 0.9216 -0.3583
vn 0.1227 0.8162 -0.5646
vn -0.0189 0.9618 -0.2730
vn 0.2943 0.8342 -0.4663
vn 0.0950 0.9816 -0.1659
vn 0.4383 0.8369 -0.3278
vn 0.1895 0.9810 -0.0415
vn 0.5446 0.8235 -0.1590
vn 0.2605 0.9607 0.0963
vn 0.6060 0.7949 0.0288
vn 0.3057 0.9208 0.2421
vn 0.6185 0.7536 0.2227
vn 0.3229 0.8620 0.3907
vn 0.5819 0.7026 0.4097
vn 0.3104 0.7851 0.5360
vn 0.4997 0.6463 0.5767
vn 0.2678 0.6901 0.6723
vn 0.3782 0.5897 0.7136
vn 0.1952 0.5776 0.7926
vn 0.2294 0.5377 0.8113
vn 0.0293 0.5050 0.8626
vn 0.0113 0.5123 0.8587
vn -0.1879 0.4241 0.8859
vn -0.1427 0.3997 0.9055
vn -0.3899 0.3545 0.8499
vn -0.3305 0.3103 0.8913
vn -0.5773 0.3097 0.7555
vn -0.5173 0.2448 0.8200
vn -0.7343 0.2938 0.6119
vn -0.6858 0.2091 0.6971
vn -0.8204 0.2065 0.5331
vn -0.8475 0.3081 0.4321
vn -0.9090 0.2373 0.3427
vn -0.9071 0.3514 0.2319
vn -0.9436 0.2986 0.1432
vn -0.9072 0.4198 0.0285
vn -0.9217 0.3850 -0.0474
vn -0.8467 0.5073 -0.1602
vn -0.8464 0.4886 -0.2119
vn -0.7295 0.6058 -0.3175
vn -0.7257 0.6003 -0.3361
vn -0.3022 0.8208 0.4847
vn -0.3021 0.8208 0.4848
vn -0.3561 0.7932 0.4940
vn -0.3560 0.7932 0.4940
vn -0.4125 0.7711 0.4851
vn -0.4125 0.7711 0.4850
vn -0.4660 0.7565 0.4589
vn -0.4659 0.7565 0.4589
vn -0.5112 0.7510 0.4179
vn -0.5111 0.7510 0.4180
vn -0.5438 0.7551 0.3662
vn -0.5438 0.7552 0.3661
vn -0.5605 0.7685 0.3088
vn -0.5606 0.7684 0.3088
vn -0.5598 0.7896 0.2512
vn -0.5416 0.8166 0.1993
vn -0.5417 0.8166 0.1993
vn -0.5078 0.8468 0.1580
vn -0.5079 0.8468 0.1580
vn -0.3338 -0.0083 -0.9426
vn -0.3339 -0.0084 -0.9426
vn -0.0628 0.1306 -0.9894
vn -0.0629 0.1306 -0.9894
vn 0.2209 0.2420 -0.9448
vn 0.2210 0.2420 -0.9448
vn 0.4897 0.3151 -0.8129
vn 0.4897 0.3151 -0.8130
vn 0.7172 0.3426 -0.6069
vn 0.7171 0.3426 -0.6069
vn 0.8810 0.3219 -0.3467
vn 0.8810 0.3220 -0.3467
vn 0.9652 0.2551 -0.0580
vn 0.9652 0.2550 -0.0580
vn 0.9615 0.1485 0.2311
vn 0.8704 0.0128 0.4923
vn 0.8703 0.0127 0.4923
vn 0.7006 -0.1390 0.6999
vn 0.4688 -0.2918 0.8337
vn 0.4689 -0.2918 0.8337
vn 0.1979 -0.4307 0.8805
vn 0.1978 -0.4307 0.8805
vn -0.0859 -0.5421 0.8359
vn -0.3547 -0.6152 0.7041
vn -0.5821 -0.6428 0.4980
vn -0.7459 -0.6221 0.2378
vn -0.7460 -0.6221 0.2378
vn -0.8302 -0.5552 -0.0510
vn -0.8302 -0.5552 -0.0509
vn -0.8265 -0.4487 -0.3400
vn -0.8265 -0.4486 -0.3400
vn -0.7353 -0.3129 -0.6012
vn -0.7354 -0.3129 -0.6011
vn -0.5656 -0.1612 -0.8088
vn -0.5655 -0.1612 -0.8088
vn -0.6428 -0.0113 -0.7659
vn -0.8152 -0.1653 -0.5551
vn -0.9078 -0.3032 -0.2899
vn -0.9115 -0.4113 0.0036
vn -0.9115 -0.4114 0.0036
vn -0.8260 -0.4793 0.2968
vn -0.6596 -0.5003 0.5609
vn -0.6596 -0.5003 0.5610
vn -0.4287 -0.4723 0.7701
vn -0.4287 -0.4723 0.7702
vn 0.1323 -0.2849 0.9494
vn 0.4075 -0.1439 0.9018
vn 0.3896 -0.8658 -0.3142
vn -0.6689 -0.5001 0.5500
vn -0.6911 -0.4333 0.5784
vn -0.4936 -0.3486 0.7967
vn -0.4344 -0.5392 0.7215
vn -0.2559 -0.2291 0.9392
vn -0.1667 -0.5298 0.8316
vn -0.0031 -0.0833 0.9965
vn 0.1118 -0.4784 0.8710
vn 0.2396 0.0785 0.9677
vn 0.3786 -0.3946 0.8372
vn 0.4499 0.2445 0.8590
vn 0.6147 -0.2892 0.7338
vn 0.6099 0.4033 0.6822
vn 0.8027 -0.1732 0.5707
vn 0.7061 0.5431 0.4543
vn 0.9314 -0.0576 0.3594
vn 0.7312 0.6537 0.1949
vn 0.9920 0.0477 0.1173
vn 0.8856 0.4503 -0.1139
vn 0.8505 0.4623 -0.2509
vn 0.9811 0.1348 -0.1391
vn 0.7874 0.4900 -0.3740
vn 0.9005 0.1896 -0.3914
vn 0.6687 0.5003 -0.5500
vn 0.6687 0.5003 -0.5501
vn 0.4632 0.4792 -0.7455
vn 0.4633 0.4790 -0.7456
vn 0.2202 0.4188 -0.8810
vn 0.2200 0.4188 -0.8810
vn -0.0412 0.3238 -0.9452
vn -0.0408 0.3243 -0.9451
vn -0.0407 0.3248 -0.9449
vn -0.0407 0.3242 -0.9451
vn -0.2983 0.2041 -0.9324
vn -0.2984 0.2042 -0.9323
vn -0.7221 -0.0753 -0.6877
vn -0.7220 -0.0753 -0.6878
vn -0.7222 -0.0749 -0.6876
vn -0.8539 -0.2117 -0.4754
vn -0.8539 -0.2115 -0.4755
vn -0.9165 -0.3310 -0.2248
vn -0.9165 -0.3308 -0.2248
vn -0.9049 -0.4233 0.0442
vn -0.9050 -0.4231 0.0443
vn -0.8203 -0.4810 0.3095
vn -0.8200 -0.4813 0.3097
vn -0.9444 0.0285 0.3275
vn -0.9444 0.0284 0.3277
vn -0.8227 -0.0043 0.5685
vn -0.8229 -0.0042 0.5681
vn -0.6393 0.0055 0.7689
vn -0.6394 0.0054 0.7688
vn -0.4124 0.0569 0.9092
vn -0.4124 0.0567 0.9092
vn -0.1639 0.1443 0.9759
vn -0.1639 0.1445 0.9758
vn 0.0817 0.2600 0.9622
vn 0.0818 0.2600 0.9621
vn 0.3004 0.3918 0.8696
vn 0.3006 0.3919 0.8695
vn 0.4709 0.5275 0.7071
vn 0.4711 0.5275 0.7070
vn 0.5764 0.6536 0.4905
vn 0.5766 0.6534 0.4905
vn 0.6067 0.7575 0.2413
vn 0.6066 0.7575 0.2413
vn 0.5585 0.8294 -0.0164
vn 0.5587 0.8292 -0.0162
vn 0.4367 0.8621 -0.2571
vn 0.4369 0.8619 -0.2572
vn 0.2535 0.8523 -0.4576
vn 0.2535 0.8522 -0.4578
vn 0.0264 0.8010 -0.5981
vn 0.0266 0.8011 -0.5979
vn -0.2221 0.7135 -0.6646
vn -0.2218 0.7134 -0.6647
vn -0.4679 0.5979 -0.6508
vn -0.4676 0.5979 -0.6511
vn -0.6865 0.4658 -0.5584
vn -0.6863 0.4659 -0.5585
vn -0.8569 0.3302 -0.3958
vn -0.8570 0.3302 -0.3957
vn -0.9624 0.2040 -0.1793
vn -0.9623 0.2044 -0.1794
vn -0.9925 0.1004 0.0700
vn -0.9925 0.1003 0.0700
vn -0.9204 -0.3783 -0.0986
vn -0.7643 -0.1135 -0.6348
vn -0.8857 -0.2586 -0.3856
vn -0.5681 0.0426 -0.8219
vn -0.3163 0.1946 -0.9285
vn -0.0335 0.3276 -0.9442
vn -0.0335 0.3275 -0.9442
vn 0.5139 0.4874 -0.7060
vn 0.2526 0.4284 -0.8675
vn 0.7250 0.4986 -0.4752
vn 0.8650 0.4610 -0.1980
vn 0.9204 0.3783 0.0986
vn 0.8857 0.2586 0.3856
vn 0.5681 -0.0426 0.8219
vn 0.7643 0.1135 0.6348
vn 0.5681 -0.0426 0.8218
vn 0.3162 -0.1946 0.9285
vn -0.2526 -0.4284 0.8675
vn 0.0335 -0.3276 0.9442
vn -0.5139 -0.4873 0.7059
vn -0.2526 -0.4284 0.8676
vn -0.5139 -0.4874 0.7059
vn -0.7250 -0.4986 0.4752
vn -0.8650 -0.4610 0.1980
vn 0.3895 -0.8658 -0.3140
vn 0.3898 -0.8655 -0.3144
vn 0.6428 0.0113 0.7659
vn 0.8152 0.1653 0.5551
vn 0.9115 0.4114 -0.0036
vn 0.9078 0.3032 0.2899
vn 0.8260 0.4792 -0.2968
vn 0.8260 0.4793 -0.2968
vn 0.6596 0.5003 -0.5609
vn 0.4287 0.4723 -0.7702
vn -0.1323 0.2849 -0.9494
vn -0.4076 0.1439 -0.9018
vn -0.4075 0.1439 -0.9018
vn -0.1324 0.2849 -0.9494
vn -0.4618 0.8772 0.1314
vn -0.4616 0.8773 0.1313
vn -0.4079 0.9048 0.1221
vn -0.4079 0.9049 0.1221
vn -0.3514 0.9270 0.1310
vn -0.3514 0.9270 0.1311
vn -0.2980 0.9415 0.1572
vn -0.2979 0.9416 0.1571
vn -0.2528 0.9470 0.1981
vn -0.2527 0.9470 0.1982
vn -0.2202 0.9429 0.2499
vn -0.2201 0.9429 0.2500
vn -0.2035 0.9296 0.3074
vn -0.2034 0.9296 0.3074
vn -0.2042 0.9084 0.3649
vn -0.2041 0.9084 0.3648
vn -0.2223 0.8814 0.4168
vn -0.2561 0.8512 0.4581
vn -0.2561 0.8513 0.4580
vn -0.5721 0.7016 -0.4248
vn -0.5636 0.7152 -0.4133
vn -0.3720 0.8204 -0.4343
vn -0.3918 0.7883 -0.4744
vn -0.1755 0.9022 -0.3939
vn -0.1972 0.8627 -0.4657
vn 0.0084 0.9550 -0.2966
vn -0.0054 0.9172 -0.3985
vn 0.1636 0.9748 -0.1516
vn 0.1661 0.9461 -0.2780
vn 0.3018 0.9464 -0.1148
vn 0.2768 0.9605 0.0282
vn 0.3893 0.9179 0.0765
vn 0.3381 0.9133 0.2270
vn 0.4208 0.8634 0.2784
vn 0.3418 0.8369 0.4275
vn 0.3940 0.7881 0.4730
vn 0.2869 0.7372 0.6118
vn 0.3119 0.6995 0.6430
vn 0.1773 0.6217 0.7629
vn 0.1828 0.6063 0.7739
vn 0.4068 0.7093 -0.5757
vn 0.2792 0.6016 -0.7484
vn 0.1179 0.4791 -0.8698
vn -0.9689 0.2296 0.0929
vn -0.9582 0.1132 0.2627
vn -0.8982 -0.0081 0.4396
vn -0.8428 -0.3710 0.3899
vn -0.8916 -0.1194 0.4368
vn -0.8781 0.1384 0.4580
vn 0.4570 0.8165 -0.3528
vn 0.3102 0.9229 -0.2279
vn 0.6357 0.6076 -0.4761
vn 0.4878 0.7921 -0.3669
vn 0.3102 0.9230 -0.2277
vn 0.3942 0.9099 -0.1289
vn 0.2307 0.8718 -0.4321
vn 0.1678 0.9128 -0.3722
vn 0.1982 0.9155 -0.3501
vn 0.1982 0.9155 -0.3502
vn 0.0159 0.8797 -0.4753
vn 0.0151 0.8791 -0.4764
vn 0.0164 0.8798 -0.4751
vn 0.0149 0.8805 -0.4738
vn 0.0170 0.8808 -0.4732
vn 0.0135 0.8815 -0.4719
vn 0.0155 0.8819 -0.4712
vn 0.0160 0.8797 -0.4753
vn 0.0158 0.8807 -0.4733
vn -0.1782 0.8525 -0.4914
vn -0.1529 0.8289 -0.5381
vn -0.0474 0.4526 -0.8905
vn 0.1389 -0.1253 -0.9823
vn -0.2200 0.8041 -0.5523
vn -0.1291 0.6537 -0.7457
vn -0.3548 0.8038 -0.4775
vn -0.1236 0.4194 -0.8993
vn -0.3018 0.7704 -0.5615
vn -0.2242 0.6144 -0.7565
vn -0.2553 0.3620 -0.8966
vn 0.0085 -0.2978 -0.9546
vn -0.3266 0.5677 -0.7557
vn -0.3890 0.7312 -0.5604
vn -0.3890 0.7311 -0.5604
vn -0.3313 0.3240 -0.8862
vn -0.5128 0.7378 -0.4390
vn -0.4680 0.6917 -0.5500
vn -0.4180 0.5224 -0.7432
vn -0.4527 0.2570 -0.8538
vn -0.1216 -0.4221 -0.8984
vn -0.5508 0.6462 -0.5283
vn -0.5129 0.4706 -0.7180
vn -0.6514 0.6589 -0.3762
vn -0.5976 0.4195 -0.6833
vn -0.6219 0.6040 -0.4984
vn -0.5233 0.2145 -0.8247
vn -0.6301 0.1442 -0.7630
vn -0.6814 0.3646 -0.6346
vn -0.2565 -0.5109 -0.8205
vn -0.6941 0.5561 -0.4571
vn -0.6892 0.1013 -0.7174
vn -0.7524 0.3142 -0.5789
vn -0.7553 0.5106 -0.4109
vn -0.7697 0.5685 -0.2904
vn -0.7767 0.0294 -0.6292
vn -0.8138 0.4632 -0.3509
vn -0.8200 0.2574 -0.5112
vn -0.4028 -0.5689 -0.7170
vn -0.8647 0.4677 -0.1831
vn -0.8221 -0.0128 -0.5692
vn -0.8740 0.2077 -0.4394
vn -0.8607 0.4195 -0.2885
vn -0.8845 -0.0806 -0.4595
vn -0.9023 0.3732 -0.2158
vn -0.5669 -0.5901 -0.5748
vn -0.5670 -0.5901 -0.5748
vn -0.9229 0.1540 -0.3530
vn -0.9334 0.3545 -0.0552
vn -0.9128 -0.1179 -0.3909
vn -0.9576 0.1072 -0.2673
vn -0.9317 0.3348 -0.1409
vn -0.9478 -0.1805 -0.2626
vn -0.9523 -0.1913 -0.2377
vn -0.7476 -0.5506 -0.3714
vn -0.9541 0.2938 -0.0579
vn -0.9947 0.0302 -0.0985
vn -0.9837 0.0598 -0.1696
vn -0.9625 -0.2688 -0.0364
vn -0.9635 -0.2614 -0.0582
vn -0.9077 -0.4097 -0.0909
vn -0.9951 -0.0387 0.0913
vn -0.9991 -0.0221 0.0357
vn -0.9259 -0.3317 0.1807
vn -0.9523 -0.3002 0.0543
vn -0.9630 -0.1516 0.2229
vn -0.9622 -0.0856 0.2586
vn -0.9675 -0.0817 0.2392
vn -0.7522 -0.4956 0.4343
vn 0.3190 -0.1932 0.9278
vn -0.1557 -0.3979 0.9041
vn -0.1559 -0.3981 0.9040
vn -0.5887 -0.4963 0.6380
vn -0.5890 -0.4963 0.6378
vn 0.3908 -0.8650 -0.3148
vn 0.3908 -0.8652 -0.3141
vn 0.3908 -0.8655 -0.3133
vn 0.3903 -0.8654 -0.3142
vn 0.3902 -0.8656 -0.3138
vn 0.3900 -0.8658 -0.3135
vn 0.6643 0.5003 -0.5553
vn 0.6643 0.5004 -0.5553
vn 0.8230 0.4803 -0.3034
vn 0.8229 0.4803 -0.3034
vn -0.8641 -0.4614 0.2010
vn -0.8642 -0.4613 0.2007
vn -0.9077 -0.3031 -0.2900
vn -0.9076 -0.3036 -0.2899
vn -0.7081 -0.0635 -0.7033
vn 0.8641 0.4615 -0.2010
vn 0.8639 0.4618 -0.2009
vn 0.9078 0.3035 0.2895
vn 0.9077 0.3032 0.2902
vn 0.7081 0.0635 0.7033
vn 0.7084 0.0640 0.7029
vn 0.3888 -0.8657 -0.3153
vn 0.3894 -0.8654 -0.3152
vn 0.3903 -0.8651 -0.3151
vn 0.3897 -0.8656 -0.3145
vn 0.3900 -0.8657 -0.3138
vn -0.6379 -0.0076 -0.7701
vn -0.4135 0.1404 -0.8996
vn -0.4136 0.1404 -0.8996
vn 0.3188 -0.1932 0.9279
vn -0.1563 -0.3981 0.9039
vn -0.5885 -0.4966 0.6380
vn -0.3191 0.1931 -0.9278
vn -0.3186 0.1933 -0.9280
vn 0.5891 0.4965 -0.6376
vn 0.3898 -0.8659 -0.3136
vn 0.3877 -0.8667 -0.3137
vn 0.3888 -0.8663 -0.3135
vn 0.3898 -0.8654 -0.3147
vn -0.6644 -0.5004 0.5552
vn -0.6643 -0.5003 0.5554
vn -0.7521 -0.4958 0.4343
vn -0.8229 -0.4803 0.3034
vn -0.8230 -0.4803 0.3034
vn 0.8640 0.4616 -0.2013
vn 0.8638 0.4618 -0.2014
vn 0.8636 0.4620 -0.2017
vn 0.8643 0.4612 -0.2005
vn 0.8639 0.4617 -0.2011
vn 0.8642 0.4614 -0.2008
vn 0.9079 0.3032 0.2895
vn 0.9078 0.3030 0.2899
vn 0.7080 0.0637 0.7034
vn -0.7520 -0.4958 0.4342
vn 0.8983 0.4324 -0.0780
vn 0.6137 -0.3652 -0.7000
vn 0.6128 -0.3653 -0.7007
vn 0.6132 -0.3652 -0.7004
vn -0.2669 -0.9440 -0.1942
vn -0.2665 -0.9441 -0.1942
vn 0.2693 -0.9146 -0.3015
vn -0.0048 -0.9667 -0.2558
vn -0.0041 -0.9675 -0.2530
vn -0.0019 -0.9666 -0.2564
vn 0.2696 -0.9144 -0.3020
vn -0.0013 -0.9658 -0.2594
vn -0.0035 -0.9667 -0.2559
vn -0.0007 -0.9665 -0.2567
vn -0.1920 -0.7503 -0.6326
vn -0.1928 -0.7511 -0.6314
vn -0.1926 -0.7506 -0.6321
vn -0.1931 -0.7512 -0.6311
vn -0.1934 -0.7517 -0.6305
vn -0.1925 -0.7510 -0.6317
vn 0.2859 -0.8755 -0.3895
vn 0.2861 -0.8750 -0.3905
vn 0.2864 -0.8750 -0.3903
vn 0.3594 -0.8262 -0.4338
vn 0.3601 -0.8253 -0.4349
vn 0.3605 -0.8257 -0.4339
vn 0.0452 -0.8454 -0.5322
vn 0.0435 -0.8452 -0.5327
vn 0.0445 -0.8445 -0.5337
vn 0.0431 -0.8450 -0.5331
vn 0.0449 -0.8450 -0.5329
vn 0.0441 -0.8441 -0.5344
vn 0.2861 -0.8752 -0.3901
vn 0.2858 -0.8752 -0.3902
vn 0.2864 -0.8747 -0.3909
vn 0.1750 -0.5116 -0.8412
vn 0.1727 -0.5107 -0.8423
vn 0.1728 -0.5127 -0.8410
vn 0.1727 -0.5099 -0.8427
vn 0.1706 -0.5109 -0.8425
vn 0.1730 -0.5117 -0.8415
vn 0.2753 -0.6934 -0.6659
vn 0.2753 -0.6934 -0.6658
vn 0.6129 -0.3652 -0.7007
vn 0.6125 -0.3651 -0.7011
vn 0.6120 -0.3652 -0.7015
vn 0.4485 -0.7961 -0.4063
vn 0.4492 -0.7968 -0.4042
vn 0.4497 -0.7959 -0.4054
vn 0.5535 -0.5991 -0.5786
vn 0.5540 -0.5985 -0.5787
vn 0.5533 -0.5986 -0.5792
vn 0.4490 -0.7971 -0.4037
vn 0.4502 -0.7969 -0.4027
vn 0.4495 -0.7962 -0.4049
vn 0.3604 -0.8255 -0.4343
vn 0.3599 -0.8252 -0.4354
vn 0.3608 -0.8252 -0.4346
vn 0.2755 -0.6934 -0.6658
vn 0.5536 -0.5993 -0.5783
vn 0.5534 -0.5988 -0.5789
vn 0.5529 -0.5994 -0.5788
vn 0.4929 -0.8023 -0.3367
vn 0.4934 -0.8021 -0.3364
vn 0.4924 -0.8028 -0.3362
vn 0.8375 -0.3969 -0.3755
vn 0.6915 -0.6220 -0.3674
vn 0.4932 -0.8022 -0.3365
vn 0.4938 -0.8017 -0.3369
vn 0.4938 -0.8019 -0.3363
vn 0.4885 -0.8114 -0.3209
vn 0.8673 -0.4785 -0.1371
vn -0.3462 0.8791 0.3275
vn 0.7068 -0.6697 -0.2280
vn 0.4968 -0.8172 -0.2922
vn 0.4751 -0.8458 -0.2427
vn 0.8444 -0.5356 -0.0131
vn 0.4931 -0.8293 -0.2630
vn 0.6932 -0.7072 -0.1388
vn 0.7403 -0.6452 0.1886
vn 0.4744 -0.8509 -0.2254
vn 0.4739 -0.8515 -0.2247
vn 0.4746 -0.8506 -0.2262
vn 0.4741 -0.8512 -0.2252
vn 0.4738 -0.8517 -0.2240
vn 0.4736 -0.8516 -0.2248
vn 0.6324 -0.7744 -0.0186
vn 0.4255 -0.8830 -0.1980
vn 0.4253 -0.8832 -0.1975
vn 0.4251 -0.8831 -0.1986
vn 0.4099 -0.8887 -0.2054
vn 0.4831 -0.8728 0.0688
vn 0.5066 -0.7998 0.3218
vn 0.4254 -0.8832 -0.1976
vn 0.4255 -0.8833 -0.1967
vn 0.4251 -0.8834 -0.1971
vn 0.2793 -0.9070 0.3152
vn -0.3966 0.8465 0.3551
vn 0.3831 -0.9020 -0.1992
vn 0.3458 -0.9364 0.0602
vn 0.3112 -0.9212 -0.2333
vn 0.3140 -0.9204 -0.2331
vn 0.3126 -0.9209 -0.2328
vn 0.3315 -0.9149 -0.2302
vn -0.0589 -0.9882 0.1416
vn 0.1325 -0.9902 -0.0441
vn 0.3146 -0.9201 -0.2332
vn 0.3158 -0.9199 -0.2323
vn 0.3133 -0.9206 -0.2329
vn 0.3556 -0.9109 -0.2092
vn 0.1536 -0.9495 0.2735
vn 0.2563 -0.9661 0.0323
vn -0.9051 -0.3091 -0.2921
vn -0.9035 -0.4207 0.0823
vn -0.7842 -0.1160 -0.6095
vn 0.1585 0.3922 -0.9061
vn -0.2087 0.2635 -0.9418
vn 0.4860 0.4955 -0.7199
vn -0.5307 -0.6105 0.5879
vn -0.5298 -0.6105 0.5887
vn -0.5303 -0.6105 0.5883
vn 0.9087 0.3399 -0.2422
vn 0.9084 0.3412 -0.2415
vn 0.9092 0.3385 -0.2424
vn 0.9097 0.3366 -0.2433
vn 0.9089 0.3394 -0.2424
vn 0.9094 0.3379 -0.2425
vn -0.2765 0.9123 0.3021
vn 0.9469 0.0981 -0.3063
vn 0.9465 0.0984 -0.3074
vn 0.9474 0.0981 -0.3047
vn 0.9251 -0.1510 -0.3483
vn 0.9480 0.0978 -0.3030
vn 0.9471 0.0984 -0.3054
vn 0.9475 0.0982 -0.3043
vn 0.7414 -0.6518 -0.1593
vn 0.9666 0.2296 0.1137
vn 0.9661 -0.2515 -0.0580
vn 0.9993 -0.0110 0.0348
vn 0.9233 0.1194 0.3650
vn -0.2909 0.8750 0.3870
vn 0.9620 -0.1070 0.2513
vn 0.9339 -0.3332 0.1295
vn 0.3690 -0.3114 0.8757
vn 0.3692 -0.3083 0.8767
vn 0.3669 -0.3138 0.8757
vn 0.7538 -0.0558 0.6548
vn 0.7550 -0.0562 0.6533
vn 0.7546 -0.0551 0.6539
vn 0.7552 -0.0566 0.6531
vn 0.7560 -0.0560 0.6522
vn 0.7547 -0.0555 0.6537
vn 0.8001 -0.4710 0.3715
vn 0.8036 -0.2696 0.5306
vn 0.8044 -0.2690 0.5298
vn 0.8029 -0.2697 0.5317
vn 0.8018 -0.2702 0.5331
vn 0.8032 -0.2696 0.5312
vn 0.8025 -0.2697 0.5322
vn 0.3715 -0.3046 0.8771
vn 0.3695 -0.3070 0.8771
vn 0.3692 -0.3101 0.8761
vn -0.3616 0.8283 0.4279
vn 0.4893 -0.6749 0.5523
vn 0.4406 -0.5078 0.7402
vn 0.4425 -0.5099 0.7377
vn 0.4428 -0.5077 0.7391
vn 0.4423 -0.5109 0.7372
vn 0.4444 -0.5113 0.7356
vn 0.4427 -0.5087 0.7384
vn 0.2850 -0.9529 0.1041
vn 0.2098 -0.8102 0.5473
vn 0.0284 -0.4716 0.8813
vn 0.1176 -0.6625 0.7398
vn -0.3968 -0.7884 0.4702
vn -0.3962 -0.7890 0.4696
vn -0.3970 -0.7877 0.4711
vn -0.5300 -0.6104 0.5886
vn -0.5297 -0.6105 0.5889
vn -0.5291 -0.6104 0.5894
vn -0.2223 -0.5559 0.8010
vn -0.2367 -0.9174 0.3200
vn -0.4466 0.8001 0.4006
vn -0.3969 -0.7881 0.4705
vn -0.3971 -0.7874 0.4715
vn -0.3977 -0.7867 0.4722
vn 0.0212 -0.8726 0.4879
vn 0.0213 -0.8726 0.4879
vn -0.1023 -0.7349 0.6704
vn -0.7745 -0.1377 -0.6174
vn -0.8937 -0.4424 0.0744
vn 0.2079 -0.2618 0.9425
vn -0.4868 -0.4938 0.7206
vn -0.9146 -0.2877 -0.2843
vn -0.6660 -0.1491 -0.7309
vn 0.2080 -0.2618 0.9425
vn 0.2079 -0.2617 0.9425
vn -0.5841 -0.5068 0.6341
vn -0.8593 -0.4720 0.1971
vn -0.8681 -0.4933 0.0554
vn 0.3560 -0.2782 0.8921
vn -0.1627 -0.3826 0.9095
vn -0.4622 -0.5445 0.6999
vn -0.4868 -0.4938 0.7205
vn -0.2388 -0.6470 -0.7241
vn -0.6997 -0.2757 -0.6591
vn -0.2182 -0.8787 -0.4245
vn -0.3507 -0.9336 -0.0739
vn -0.8172 -0.5758 0.0225
vn -0.1529 -0.9585 0.2407
vn -0.4168 -0.6261 0.6590
vn 0.2237 -0.9345 0.2768
vn 0.4999 -0.7404 0.4493
vn 0.2680 -0.3980 0.8774
vn 0.9111 -0.2071 -0.3563
vn 0.9428 0.0456 -0.3302
vn 0.9372 -0.0818 -0.3391
vn 0.9111 -0.2071 -0.3564
vn 0.7849 -0.5659 -0.2526
vn 0.9846 -0.1060 0.1393
vn 0.9445 -0.3279 0.0181
vn 0.9739 -0.2146 0.0733
vn 0.9443 -0.3285 0.0184
vn 0.7921 -0.5112 0.3336
vn 0.5982 -0.7901 0.1338
vn 0.7921 -0.5111 0.3337
vn 0.8062 -0.4163 0.4204
vn 0.8155 -0.3087 0.4895
vn 0.4433 -0.5546 0.7042
vn 0.4951 -0.7070 0.5050
vn 0.4952 -0.7071 0.5048
vn 0.4952 -0.7067 0.5053
vn 0.4950 -0.7070 0.5050
vn 0.4950 -0.7074 0.5045
vn 0.4952 -0.7073 0.5045
vn 0.4792 -0.6316 0.6094
vn -0.1975 -0.9384 0.2835
vn 0.1329 -0.8634 0.4866
vn 0.1543 -0.9817 0.1115
vn -0.3729 -0.8225 0.4295
vn -0.2834 -0.8866 0.3657
vn -0.1978 -0.9383 0.2836
vn -0.1979 -0.9383 0.2835
vn 0.0406 -0.7282 0.6841
vn 0.1329 -0.8633 0.4868
vn 0.0805 -0.8042 0.5889
vn 0.7800 -0.5559 0.2873
vn 0.8347 -0.0238 0.5502
vn 0.8485 -0.5224 -0.0839
vn 0.8921 -0.2695 -0.3628
vn 0.9522 0.2757 -0.1313
vn 0.6942 -0.2445 -0.6770
vn 0.5512 0.3266 -0.7678
vn 0.4067 -0.4667 -0.7854
vn 0.0412 -0.4625 -0.8857
vn -0.1328 0.0979 -0.9863
vn 0.7835 0.1177 0.6102
vn 0.9027 0.4224 -0.0817
vn 0.7835 0.1177 0.6101
vn -0.1989 0.2418 -0.9497
vn 0.4958 0.4738 -0.7278
vn 0.9007 0.3185 0.2955
vn 0.7434 -0.0228 0.6685
vn -0.1990 0.2418 -0.9497
vn 0.5934 0.4859 -0.6417
vn 0.8687 0.4511 -0.2047
vn 0.9238 0.3694 -0.1003
vn -0.2786 0.1063 -0.9545
vn 0.1489 0.4135 -0.8983
vn 0.5179 0.4207 -0.7449
vn 0.6382 0.3724 -0.6738
vn 0.6374 0.3726 -0.6745
vn 0.6377 0.3725 -0.6742
vn -0.8033 -0.5750 0.1553
vn -0.8042 -0.5741 0.1538
vn -0.8021 -0.5766 0.1557
vn -0.8008 -0.5779 0.1575
vn -0.8028 -0.5756 0.1555
vn -0.8014 -0.5775 0.1559
vn -0.4966 0.8063 0.3214
vn -0.6518 -0.7555 0.0660
vn -0.6521 -0.7554 0.0650
vn -0.6509 -0.7562 0.0666
vn -0.4543 -0.8904 -0.0290
vn -0.6504 -0.7566 0.0681
vn -0.6513 -0.7559 0.0664
vn -0.6506 -0.7565 0.0669
vn -0.0378 -0.9120 -0.4084
vn -0.8564 -0.4751 -0.2023
vn -0.4901 -0.8085 -0.3259
vn -0.6978 -0.6599 -0.2786
vn -0.8127 -0.3647 -0.4544
vn -0.4822 0.8436 0.2363
vn -0.6602 -0.5656 -0.4942
vn -0.4556 -0.7267 -0.5142
vn -0.6462 -0.1787 -0.7420
vn -0.6486 -0.1826 -0.7389
vn -0.6479 -0.1801 -0.7401
vn -0.6490 -0.1837 -0.7383
vn -0.6507 -0.1852 -0.7364
vn -0.6483 -0.1812 -0.7395
vn -0.5079 -0.3879 -0.7691
vn -0.5062 -0.3833 -0.7725
vn -0.5056 -0.3865 -0.7713
vn -0.3307 -0.5716 -0.7510
vn -0.5088 -0.3918 -0.7666
vn -0.5089 -0.3886 -0.7681
vn -0.5066 -0.3872 -0.7704
vn -0.2621 0.0722 -0.9623
vn -0.2618 0.0722 -0.9624
vn -0.4115 0.8902 0.1956
vn -0.0208 -0.3653 -0.9306
vn -0.1473 -0.1495 -0.9777
vn -0.1468 -0.1483 -0.9780
vn -0.1472 -0.1507 -0.9776
vn -0.1478 -0.1523 -0.9772
vn -0.1474 -0.1500 -0.9776
vn -0.1471 -0.1513 -0.9775
vn 0.4186 -0.6111 -0.6718
vn 0.2668 -0.2485 -0.9312
vn 0.1836 -0.0068 -0.9830
vn 0.0824 0.2243 -0.9710
vn 0.3327 0.3116 -0.8901
vn 0.6375 0.3726 -0.6744
vn 0.6371 0.3726 -0.6747
vn 0.6367 0.3727 -0.6751
vn 0.6918 0.1299 -0.7103
vn 0.6934 0.1315 -0.7085
vn 0.6926 0.1305 -0.7094
vn 0.7041 -0.1248 -0.6991
vn -0.3264 0.9186 0.2229
vn 0.6914 0.1296 -0.7107
vn 0.6923 0.1303 -0.7097
vn 0.6907 0.1287 -0.7116
vn 0.4550 -0.1837 -0.8713
vn 0.4026 0.0630 -0.9132
vn -0.4072 -0.9120 -0.0497
vn -0.4075 -0.9118 -0.0497
vn -0.4070 -0.9120 -0.0499
vn -0.6065 -0.7929 0.0588
vn -0.5146 -0.8574 -0.0016
vn -0.4074 -0.9119 -0.0499
vn -0.4077 -0.9118 -0.0495
vn -0.1032 -0.9492 -0.2973
vn -0.6485 -0.6412 -0.4104
vn -0.4410 -0.7908 -0.4243
vn -0.4407 -0.7910 -0.4244
vn -0.5519 -0.7240 -0.4138
vn -0.2888 -0.6082 -0.7394
vn 0.0836 -0.7251 -0.6836
vn -0.2883 -0.6082 -0.7396
vn -0.3838 -0.5230 -0.7610
vn -0.4793 -0.4385 -0.7602
vn -0.1070 -0.1922 -0.9755
vn 0.0083 -0.4123 -0.9110
vn 0.0086 -0.4123 -0.9110
vn -0.0568 -0.3076 -0.9498
vn 0.5274 -0.5334 -0.6613
vn 0.7094 0.0751 -0.7008
vn 0.7060 -0.0528 -0.7062
vn 0.7011 -0.1807 -0.6898
vn 0.7009 -0.1812 -0.6898
vn 0.3706 -0.2558 -0.8929
vn 0.2951 -0.0193 -0.9553
vn 0.3709 -0.2560 -0.8927
vn 0.3421 -0.1341 -0.9300
vn -0.8376 -0.5155 0.1807
vn -0.8378 -0.5153 0.1807
vn -0.7710 0.5828 0.2568
vn -0.7750 -0.6166 0.1380
vn -0.6999 -0.7081 0.0930
vn -0.7750 -0.6167 0.1379
vn -0.8813 -0.3572 -0.3093
vn -0.8814 -0.3572 -0.3092
vn -0.7412 -0.5579 -0.3733
vn -0.8180 -0.4610 -0.3440
vn -0.8180 -0.4611 -0.3440
vn -0.6824 -0.1180 -0.7214
vn -0.6820 -0.1182 -0.7217
vn -0.6818 -0.1184 -0.7219
vn -0.6818 -0.1189 -0.7218
vn -0.6821 -0.1182 -0.7216
vn -0.5920 0.7978 -0.1139
vn -0.6221 -0.2258 -0.7497
vn -0.6221 -0.2257 -0.7498
vn -0.5515 -0.3300 -0.7661
vn -0.2936 0.1387 -0.9458
vn -0.2936 0.1381 -0.9459
vn -0.2398 0.0262 -0.9705
vn -0.1815 -0.0864 -0.9796
vn -0.2394 0.0265 -0.9706
vn 0.1803 0.3426 -0.9220
vn 0.6121 0.4410 -0.6564
vn 0.6124 0.4406 -0.6564
vn 0.6121 0.4409 -0.6565
vn 0.6119 0.4412 -0.6565
vn 0.1802 0.3422 -0.9222
vn 0.6518 0.3236 -0.6859
vn 0.6513 0.3240 -0.6862
vn 0.6515 0.3240 -0.6860
vn 0.6809 0.2019 -0.7040
vn -0.1659 0.9818 -0.0927
vn 0.6519 0.3236 -0.6858
vn 0.6517 0.3239 -0.6859
vn 0.6523 0.3235 -0.6854
vn 0.2694 0.1089 -0.9568
vn 0.2265 0.2273 -0.9471
vn 0.2261 0.2272 -0.9472
vn 0.2264 0.2278 -0.9470
vn 0.2269 0.2284 -0.9468
vn 0.2266 0.2275 -0.9470
vn 0.2265 0.2281 -0.9469
vn -0.0784 0.2925 -0.9531
vn 0.7581 0.4822 -0.4391
vn 0.7083 0.0635 0.7031
vn 0.8425 0.1762 0.5091
vn 0.8873 -0.4233 0.1829
vn 0.8873 -0.4234 0.1830
vn 0.8235 -0.1919 -0.5338
vn 0.8235 -0.1920 -0.5339
vn 0.1911 -0.3354 -0.9225
vn 0.1912 -0.3354 -0.9225
vn -0.3773 -0.7103 -0.5942
vn -0.3774 -0.7102 -0.5943
vn -0.3135 -0.9416 0.1226
vn 0.3189 -0.7981 0.5111
vn 0.3188 -0.7981 0.5112
vn 0.0905 -0.3196 0.9432
vn -0.7458 -0.5094 0.4292
vn -0.8303 -0.2034 -0.5189
vn 0.8870 0.4058 -0.2203
vn 0.8871 0.4054 -0.2205
vn 0.8867 0.4066 -0.2202
vn 0.8869 0.4060 -0.2204
vn 0.8867 0.4063 -0.2205
vn 0.0812 0.9506 0.2996
vn 0.9221 0.2898 -0.2566
vn 0.9424 0.1689 -0.2887
vn 0.9218 0.2904 -0.2567
vn 0.9307 0.2479 0.2689
vn 0.9306 0.2476 0.2695
vn 0.9305 0.2479 0.2696
vn 0.9304 0.2478 0.2699
vn 0.9839 0.0179 0.1777
vn 0.9649 0.1344 0.2255
vn 0.9650 0.1342 0.2253
vn 0.7314 0.0088 0.6818
vn 0.7314 0.0085 0.6819
vn -0.0979 0.7356 0.6703
vn 0.7690 -0.1011 0.6312
vn 0.7691 -0.1010 0.6312
vn 0.7942 -0.2100 0.5703
vn 0.3428 -0.2475 0.9062
vn 0.3427 -0.2473 0.9063
vn 0.3867 -0.3529 0.8520
vn 0.3865 -0.3527 0.8522
vn 0.4243 -0.4535 0.7838
vn 0.3866 -0.3529 0.8520
vn -0.1309 -0.4522 0.8823
vn -0.5632 -0.5500 0.6167
vn -0.5629 -0.5501 0.6169
vn -0.1306 -0.4520 0.8824
vn -0.5049 -0.6508 0.5671
vn -0.4383 -0.7416 0.5079
vn -0.5238 0.5518 0.6489
vn -0.5047 -0.6505 0.5675
vn -0.0269 -0.6482 0.7610
vn -0.0794 -0.5543 0.8285
vn -0.0789 -0.5543 0.8286
vn -0.0796 -0.5546 0.8283
vn -0.0793 -0.5544 0.8284
vn 0.9104 0.2972 0.2878
vn 0.8929 0.4441 -0.0738
vn 0.7737 0.1394 0.6180
vn -0.1531 -0.4040 0.9019
vn 0.1982 -0.2401 0.9503
vn -0.4966 -0.4721 0.7284
vn 0.4256 -0.8832 -0.1972
vn 0.4249 -0.8834 -0.1978
vn 0.4264 -0.8828 -0.1971
vn 0.5071 -0.7993 0.3224
vn 0.4254 -0.8832 -0.1974
vn 0.4240 -0.8838 -0.1977
vn 0.4247 -0.8834 -0.1979
vn 0.4101 -0.8887 -0.2051
vn 0.2793 -0.9075 0.3136
vn -0.3962 0.8463 0.3560
vn 0.3481 -0.9355 0.0607
vn 0.3812 -0.9027 -0.1994
vn 0.3316 -0.9149 -0.2301
vn 0.1528 -0.9496 0.2736
vn 0.3531 -0.9120 -0.2087
vn 0.2586 -0.9654 0.0324
vn -0.0570 -0.9883 0.1417
vn 0.3136 -0.9204 -0.2333
vn 0.3147 -0.9201 -0.2331
vn 0.3124 -0.9208 -0.2335
vn 0.3140 -0.9203 -0.2332
vn 0.3164 -0.9196 -0.2330
vn 0.3153 -0.9200 -0.2330
vn 0.1311 -0.9904 -0.0440
vn 0.2767 -0.9171 -0.2869
vn 0.2807 -0.9159 -0.2870
vn 0.2732 -0.9187 -0.2853
vn 0.2853 -0.9092 -0.3033
vn 0.0271 -0.9768 -0.2126
vn -0.2222 -0.9677 -0.1195
vn 0.2784 -0.9166 -0.2870
vn 0.2855 -0.9137 -0.2893
vn 0.2823 -0.9153 -0.2872
vn -0.2472 -0.8992 -0.3610
vn -0.4314 0.8507 0.3003
vn 0.2763 -0.9015 -0.3331
vn 0.0168 -0.9349 -0.3546
vn 0.3003 -0.8658 -0.4002
vn 0.2985 -0.8676 -0.3978
vn 0.2990 -0.8667 -0.3993
vn 0.2990 -0.8746 -0.3818
vn -0.1260 -0.7193 -0.6832
vn 0.0881 -0.8237 -0.5601
vn 0.2984 -0.8678 -0.3973
vn 0.2968 -0.8685 -0.3971
vn 0.2987 -0.8670 -0.3988
vn 0.2826 -0.8889 -0.3606
vn -0.2232 -0.8442 -0.4873
vn 0.0296 -0.8958 -0.4434
vn -0.7842 -0.1160 -0.6096
vn 0.3460 -0.8365 -0.4250
vn 0.3466 -0.8356 -0.4263
vn 0.3471 -0.8368 -0.4235
vn 0.1069 -0.5658 -0.8176
vn 0.2363 -0.7249 -0.6470
vn 0.3462 -0.8361 -0.4255
vn 0.3452 -0.8354 -0.4276
vn 0.3468 -0.8352 -0.4269
vn 0.3640 -0.8318 -0.4190
vn 0.3407 -0.4716 -0.8133
vn -0.3817 0.8834 0.2719
vn 0.3747 -0.6684 -0.6425
vn 0.3910 -0.8165 -0.4247
vn 0.4425 -0.8055 -0.3942
vn 0.4672 -0.4269 -0.7742
vn 0.4200 -0.8071 -0.4151
vn 0.4630 -0.6403 -0.6128
vn 0.6740 -0.3747 -0.6367
vn 0.4582 -0.7989 -0.3895
vn 0.4582 -0.7988 -0.3898
vn 0.4585 -0.7988 -0.3895
vn 0.4582 -0.7987 -0.3900
vn 0.4578 -0.7987 -0.3905
vn 0.4581 -0.7987 -0.3903
vn 0.5862 -0.6081 -0.5353
vn 0.4950 -0.8014 -0.3359
vn 0.4925 -0.8025 -0.3368
vn 0.4975 -0.7997 -0.3360
vn 0.4885 -0.8113 -0.3211
vn 0.8378 -0.3963 -0.3755
vn 0.4938 -0.8020 -0.3361
vn 0.4888 -0.8050 -0.3362
vn 0.4912 -0.8033 -0.3368
vn 0.8674 -0.4784 -0.1373
vn 0.8674 -0.4784 -0.1372
vn -0.3469 0.8790 0.3272
vn 0.4968 -0.8172 -0.2920
vn 0.7068 -0.6698 -0.2276
vn 0.4745 -0.8509 -0.2256
vn 0.4730 -0.8517 -0.2255
vn 0.4737 -0.8514 -0.2254
vn 0.7398 -0.6457 0.1892
vn 0.6332 -0.7737 -0.0195
vn 0.4727 -0.8519 -0.2253
vn 0.4720 -0.8523 -0.2253
vn 0.4735 -0.8514 -0.2255
vn 0.4906 -0.8306 -0.2634
vn 0.8448 -0.5350 -0.0131
vn 0.6929 -0.7077 -0.1379
vn 0.7585 -0.0551 0.6494
vn 0.7543 -0.0555 0.6542
vn 0.7564 -0.0566 0.6517
vn -0.2628 0.0720 -0.9622
vn -0.2640 0.0714 -0.9619
vn -0.2626 0.0734 -0.9621
vn -0.2612 0.0747 -0.9624
vn -0.2627 0.0727 -0.9621
vn -0.2624 0.0740 -0.9621
vn -0.4117 0.8902 0.1951
vn -0.1456 -0.1512 -0.9777
vn -0.1472 -0.1528 -0.9772
vn -0.1470 -0.1494 -0.9778
vn -0.0217 -0.3641 -0.9311
vn -0.1457 -0.1473 -0.9783
vn -0.1462 -0.1504 -0.9778
vn -0.1476 -0.1485 -0.9778
vn 0.4186 -0.6111 -0.6719
vn 0.0824 0.2241 -0.9711
vn 0.2660 -0.2483 -0.9314
vn 0.1842 -0.0068 -0.9829
vn 0.3340 0.3106 -0.8899
vn -0.3259 0.9188 0.2227
vn 0.4033 0.0621 -0.9130
vn 0.4532 -0.1871 -0.8716
vn 0.9099 0.3373 -0.2416
vn 0.9091 0.3388 -0.2423
vn 0.9105 0.3368 -0.2400
vn 0.6377 0.3699 -0.6757
vn 0.6361 0.3737 -0.6751
vn 0.6372 0.3719 -0.6751
vn 0.6356 0.3745 -0.6751
vn 0.6352 0.3765 -0.6744
vn 0.6367 0.3727 -0.6750
vn 0.7051 -0.1229 -0.6984
vn 0.6926 0.1306 -0.7094
vn 0.6927 0.1319 -0.7090
vn 0.6929 0.1294 -0.7093
vn 0.6928 0.1277 -0.7098
vn 0.6927 0.1301 -0.7094
vn 0.6930 0.1289 -0.7093
vn 0.9082 0.3400 -0.2442
vn 0.9089 0.3393 -0.2426
vn 0.9095 0.3381 -0.2420
vn -0.2765 0.9123 0.3022
vn 0.9241 -0.1528 -0.3504
vn 0.9240 -0.1528 -0.3504
vn 0.9471 0.0984 -0.3055
vn 0.9473 0.0987 -0.3047
vn 0.9472 0.0982 -0.3051
vn 0.9474 0.0987 -0.3046
vn 0.9475 0.0986 -0.3042
vn 0.9473 0.0984 -0.3050
vn 0.7417 -0.6516 -0.1592
vn 0.9669 -0.2487 -0.0577
vn 0.9662 0.2309 0.1148
vn 0.9993 -0.0114 0.0343
vn 0.7554 -0.0562 0.6528
vn 0.7535 -0.0549 0.6552
vn 0.7512 -0.0564 0.6577
vn 0.9237 0.1201 0.3639
vn 0.8034 -0.2710 0.5303
vn 0.8012 -0.2717 0.5332
vn 0.8023 -0.2714 0.5317
vn 0.7996 -0.4700 0.3738
vn -0.2905 0.8751 0.3872
vn 0.8039 -0.2708 0.5296
vn 0.8028 -0.2713 0.5310
vn 0.8049 -0.2706 0.5281
vn 0.9346 -0.3314 0.1291
vn 0.9616 -0.1084 0.2521
vn 0.7834 0.1177 0.6102
vn -0.5473 -0.5798 0.6035
vn -0.4867 -0.4938 0.7206
vn 0.7129 0.0530 0.6993
vn 0.3237 -0.2036 0.9240
vn 0.2308 -0.3131 0.9213
vn 0.8984 0.3734 -0.2311
vn 0.9006 0.3186 0.2956
vn 0.8049 0.0655 0.5898
vn 0.7835 0.1178 0.6102
vn -0.1530 -0.9585 0.2406
vn -0.4164 -0.6264 0.6589
vn 0.2236 -0.9345 0.2770
vn 0.5000 -0.7404 0.4492
vn 0.2679 -0.3980 0.8774
vn 0.7800 -0.5558 0.2876
vn 0.8348 -0.0240 0.5500
vn 0.8486 -0.5224 -0.0838
vn 0.8920 -0.2696 -0.3628
vn 0.9521 0.2761 -0.1312
vn 0.0085 -0.4119 -0.9112
vn 0.0084 -0.4124 -0.9110
vn 0.0081 -0.4114 -0.9114
vn -0.1322 -0.2061 -0.9696
vn -0.0569 -0.3069 -0.9500
vn 0.0085 -0.4122 -0.9111
vn 0.0088 -0.4132 -0.9106
vn 0.0088 -0.4124 -0.9109
vn 0.3000 -0.6094 -0.7339
vn 0.3219 -0.0104 -0.9467
vn 0.3704 -0.2556 -0.8930
vn 0.3420 -0.1351 -0.9299
vn 0.3707 -0.2558 -0.8928
vn 0.7011 -0.1810 -0.6897
vn 0.7013 -0.1802 -0.6897
vn 0.7049 -0.5175 -0.4851
vn 0.7007 -0.1815 -0.6900
vn 0.7008 -0.1812 -0.6900
vn 0.7059 -0.0520 -0.7064
vn 0.6890 0.0730 -0.7211
vn 0.9521 0.0398 -0.3032
vn 0.9109 -0.2078 -0.3564
vn 0.9111 -0.2073 -0.3563
vn 0.9110 -0.2080 -0.3561
vn 0.9110 -0.2077 -0.3564
vn 0.9109 -0.2071 -0.3568
vn 0.9111 -0.2072 -0.3563
vn 0.9372 -0.0817 -0.3390
vn 0.7921 -0.5111 0.3336
vn 0.7458 -0.6657 -0.0261
vn 0.7980 -0.3235 0.5084
vn 0.8064 -0.4161 0.4203
vn 0.7920 -0.5114 0.3335
vn 0.9891 -0.0947 0.1130
vn 0.9444 -0.3284 0.0180
vn 0.9740 -0.2146 0.0732
vn 0.5515 0.3265 -0.7677
vn 0.4068 -0.4668 -0.7853
vn 0.0410 -0.4627 -0.8856
vn -0.1328 0.0980 -0.9863
vn -0.2390 -0.6471 -0.7240
vn -0.6997 -0.2756 -0.6591
vn -0.2182 -0.8787 -0.4246
vn -0.3510 -0.9335 -0.0737
vn -0.8173 -0.5758 0.0224
vn 0.4957 0.4738 -0.7278
vn 0.1488 0.4135 -0.8983
vn 0.6246 0.4079 -0.6659
vn -0.7035 -0.0740 -0.7068
vn -0.3142 0.1827 -0.9316
vn -0.1988 0.2418 -0.9497
vn -0.1750 0.1892 -0.9662
vn -0.8211 -0.5453 0.1687
vn -0.7492 -0.1893 -0.6347
vn -0.6486 -0.1816 -0.7391
vn 0.3690 -0.3124 0.8754
vn 0.3711 -0.3135 0.8741
vn 0.3698 -0.3098 0.8759
vn 0.3679 -0.3077 0.8775
vn 0.3693 -0.3112 0.8756
vn 0.3701 -0.3087 0.8762
vn -0.3617 0.8284 0.4278
vn 0.4442 -0.5061 0.7393
vn 0.4453 -0.5040 0.7401
vn 0.4426 -0.5080 0.7389
vn 0.4885 -0.6749 0.5530
vn 0.4410 -0.5109 0.7379
vn 0.4436 -0.5069 0.7391
vn 0.4421 -0.5088 0.7387
vn 0.0280 -0.4716 0.8813
vn 0.2102 -0.8102 0.5472
vn 0.1175 -0.6625 0.7398
vn -0.2242 -0.5546 0.8014
vn -0.4469 0.8000 0.4002
vn -0.0993 -0.7365 0.6691
vn 0.0229 -0.8734 0.4865
vn -0.8031 -0.5749 0.1566
vn -0.8021 -0.5766 0.1556
vn -0.8024 -0.5753 0.1586
vn -0.5315 -0.6099 0.5878
vn -0.5295 -0.6111 0.5884
vn -0.5304 -0.6098 0.5889
vn -0.5290 -0.6115 0.5884
vn -0.5279 -0.6114 0.5895
vn -0.5300 -0.6103 0.5887
vn -0.2352 -0.9177 0.3201
vn -0.3972 -0.7874 0.4714
vn -0.3984 -0.7868 0.4714
vn -0.3962 -0.7883 0.4707
vn -0.3944 -0.7893 0.4705
vn -0.3967 -0.7878 0.4711
vn -0.3958 -0.7887 0.4705
vn -0.8023 -0.5769 0.1532
vn -0.8017 -0.5772 0.1552
vn -0.8028 -0.5754 0.1563
vn -0.4965 0.8064 0.3212
vn -0.4567 -0.8892 -0.0281
vn -0.6525 -0.7549 0.0660
vn -0.6519 -0.7554 0.0667
vn -0.6523 -0.7551 0.0666
vn -0.6516 -0.7557 0.0668
vn -0.6514 -0.7558 0.0673
vn -0.6519 -0.7553 0.0667
vn -0.0379 -0.9121 -0.4083
vn -0.4899 -0.8086 -0.3258
vn -0.8564 -0.4751 -0.2022
vn -0.6977 -0.6600 -0.2786
vn -0.5053 -0.3897 -0.7700
vn -0.5042 -0.3910 -0.7700
vn -0.5066 -0.3889 -0.7695
vn -0.6488 -0.1819 -0.7389
vn -0.8129 -0.3648 -0.4541
vn -0.3337 -0.5705 -0.7504
vn -0.4823 0.8435 0.2364
vn -0.5058 -0.3893 -0.7698
vn -0.5071 -0.3885 -0.7693
vn -0.5082 -0.3873 -0.7692
vn -0.4587 -0.7255 -0.5130
vn -0.6577 -0.5666 -0.4964
vn 0.4951 -0.7071 0.5049
vn 0.4683 -0.5409 0.6986
vn 0.4791 -0.6319 0.6092
vn 0.4948 -0.7072 0.5050
vn 0.3818 -0.9057 0.1841
vn 0.0143 -0.7369 0.6758
vn -0.1976 -0.9384 0.2836
vn 0.1327 -0.8635 0.4866
vn 0.1333 -0.8635 0.4865
vn 0.1328 -0.8634 0.4868
vn 0.0804 -0.8043 0.5888
vn -0.0232 -0.9976 -0.0647
vn -0.2835 -0.8866 0.3655
vn -0.1974 -0.9384 0.2836
vn -0.3528 -0.8204 0.4499
vn -0.6157 -0.7873 0.0322
vn -0.4076 -0.9118 -0.0498
vn -0.5145 -0.8575 -0.0015
vn -0.0640 -0.8495 -0.5237
vn -0.4620 -0.4242 -0.7789
vn -0.3838 -0.5227 -0.7612
vn -0.2886 -0.6084 -0.7393
vn -0.2891 -0.6078 -0.7396
vn -0.2881 -0.6084 -0.7395
vn -0.2886 -0.6079 -0.7397
vn -0.4407 -0.7910 -0.4243
vn -0.4406 -0.7910 -0.4244
vn -0.6528 -0.6530 -0.3840
vn -0.5518 -0.7240 -0.4138
vn 0.3428 -0.2477 0.9062
vn 0.3430 -0.2479 0.9060
vn 0.3428 -0.2476 0.9062
vn -0.3057 0.6244 0.7188
vn 0.3866 -0.3535 0.8518
vn 0.4246 -0.4530 0.7839
vn 0.3866 -0.3532 0.8519
vn -0.1305 -0.4526 0.8821
vn -0.1309 -0.4517 0.8825
vn -0.1312 -0.4515 0.8826
vn -0.1315 -0.4512 0.8827
vn -0.1311 -0.4519 0.8824
vn -0.0266 -0.6481 0.7611
vn -0.0795 -0.5543 0.8285
vn -0.0796 -0.5544 0.8285
vn -0.5630 -0.5503 0.6166
vn -0.5628 -0.5500 0.6170
vn -0.6943 0.5362 0.4800
vn -0.5049 -0.6510 0.5668
vn -0.5046 -0.6508 0.5673
vn -0.4381 -0.7414 0.5082
vn -0.8378 -0.5152 0.1808
vn -0.8376 -0.5155 0.1805
vn -0.7751 -0.6166 0.1379
vn -0.6995 -0.7085 0.0930
vn -0.8810 -0.3575 -0.3099
vn -0.8813 -0.3574 -0.3093
vn -0.6822 -0.1181 -0.7215
vn -0.8813 -0.3574 -0.3092
vn -0.8814 -0.3573 -0.3090
vn -0.6223 -0.2259 -0.7495
vn -0.5518 -0.3302 -0.7658
vn -0.7335 0.6786 0.0395
vn -0.6221 -0.2256 -0.7497
vn -0.7413 -0.5577 -0.3734
vn -0.8180 -0.4610 -0.3441
vn -0.7083 -0.0635 -0.7030
vn -0.9109 -0.4094 -0.0510
vn -0.5255 0.0535 -0.8491
vn 0.3915 0.4494 -0.8030
vn 0.5463 -0.2167 -0.8091
vn 0.5464 -0.2168 -0.8090
vn -0.1470 -0.5161 -0.8438
vn -0.1469 -0.5160 -0.8439
vn -0.4383 -0.8660 -0.2405
vn -0.4383 -0.8661 -0.2405
vn -0.0363 -0.9168 0.3976
vn -0.0364 -0.9168 0.3977
vn 0.6569 -0.6176 0.4325
vn 0.9483 -0.2676 -0.1708
vn 0.9231 0.3822 0.0412
vn 0.5377 -0.0807 0.8392
vn -0.5888 -0.4963 0.6379
vn -0.3793 -0.4765 0.7931
vn -0.2934 0.1380 -0.9460
vn -0.2941 0.1375 -0.9458
vn -0.2938 0.1377 -0.9459
vn -0.3842 0.9089 -0.1624
vn -0.2398 0.0266 -0.9704
vn -0.1817 -0.0867 -0.9795
vn -0.2398 0.0266 -0.9705
vn 0.1798 0.3417 -0.9225
vn 0.1800 0.3428 -0.9220
vn 0.1802 0.3424 -0.9221
vn 0.6123 0.4404 -0.6566
vn 0.1802 0.3436 -0.9217
vn 0.1802 0.3438 -0.9216
vn 0.1801 0.3426 -0.9221
vn 0.2693 0.1083 -0.9569
vn 0.2265 0.2272 -0.9472
vn 0.2264 0.2277 -0.9470
vn 0.2267 0.2276 -0.9470
vn 0.2267 0.2283 -0.9468
vn 0.6126 0.4406 -0.6562
vn 0.0045 0.9971 0.0763
vn 0.6515 0.3241 -0.6860
vn 0.6516 0.3240 -0.6859
vn 0.6810 0.2022 -0.7038
vn 0.8869 0.4061 -0.2203
vn 0.9304 0.2480 0.2698
vn 0.8869 0.4060 -0.2205
vn 0.9424 0.1687 -0.2890
vn 0.9220 0.2900 -0.2566
vn 0.9221 0.2896 -0.2566
vn 0.7315 0.0091 0.6818
vn 0.7314 0.0087 0.6819
vn 0.7318 0.0092 0.6814
vn 0.7310 0.0084 0.6824
vn 0.7311 0.0085 0.6822
vn 0.9305 0.2478 0.2696
vn 0.7689 -0.1012 0.6313
vn 0.7945 -0.2092 0.5701
vn 0.0436 0.8549 0.5170
vn 0.9839 0.0184 0.1776
vn 0.7689 -0.1011 0.6313
vn 0.9649 0.1343 0.2256
vn 0.9649 0.1345 0.2255
vn 0.6133 -0.3641 -0.7009
vn 0.6125 -0.3645 -0.7015
vn 0.6126 -0.3629 -0.7022
vn -0.2666 -0.9442 -0.1935
vn -0.2666 -0.9442 -0.1932
vn -0.2664 -0.9442 -0.1936
vn -0.2666 -0.9442 -0.1936
vn 0.2695 -0.9147 -0.3012
vn 0.2710 -0.9143 -0.3011
vn 0.2691 -0.9143 -0.3025
vn 0.2859 -0.8752 -0.3903
vn 0.2864 -0.8749 -0.3906
vn 0.2861 -0.8749 -0.3907
vn -0.0048 -0.9665 -0.2565
vn -0.0041 -0.9674 -0.2534
vn -0.0015 -0.9664 -0.2571
vn 0.2702 -0.9145 -0.3011
vn 0.2720 -0.9145 -0.2996
vn 0.2717 -0.9142 -0.3007
vn -0.0008 -0.9655 -0.2604
vn -0.0034 -0.9665 -0.2567
vn -0.0001 -0.9664 -0.2572
vn -0.1904 -0.7506 -0.6327
vn -0.1927 -0.7513 -0.6312
vn -0.1912 -0.7514 -0.6316
vn -0.1934 -0.7513 -0.6310
vn -0.1942 -0.7521 -0.6298
vn -0.1919 -0.7513 -0.6315
vn 0.3602 -0.8264 -0.4329
vn 0.3599 -0.8264 -0.4331
vn 0.3609 -0.8260 -0.4330
vn 0.0476 -0.8439 -0.5344
vn 0.0462 -0.8453 -0.5323
vn 0.0452 -0.8448 -0.5332
vn 0.0454 -0.8438 -0.5348
vn 0.0465 -0.8443 -0.5339
vn 0.0440 -0.8451 -0.5327
vn 0.2863 -0.8749 -0.3906
vn 0.2868 -0.8748 -0.3904
vn 0.2870 -0.8747 -0.3907
vn 0.1742 -0.5108 -0.8419
vn 0.1725 -0.5103 -0.8425
vn 0.1729 -0.5114 -0.8418
vn 0.1723 -0.5099 -0.8428
vn 0.1711 -0.5105 -0.8427
vn 0.1728 -0.5110 -0.8420
vn 0.6125 -0.3635 -0.7019
vn 0.6123 -0.3651 -0.7013
vn 0.6110 -0.3653 -0.7023
vn 0.4493 -0.7960 -0.4056
vn 0.4496 -0.7967 -0.4040
vn 0.4507 -0.7956 -0.4048
vn 0.5534 -0.6000 -0.5777
vn 0.5570 -0.5975 -0.5768
vn 0.5550 -0.5978 -0.5785
vn 0.4504 -0.7969 -0.4026
vn 0.4503 -0.7960 -0.4045
vn 0.5528 -0.6009 -0.5774
vn 0.5543 -0.5988 -0.5781
vn 0.5507 -0.6012 -0.5791
vn 0.3604 -0.8262 -0.4330
vn 0.3594 -0.8264 -0.4335
vn 0.3605 -0.8261 -0.4332
vn 0.2758 -0.6924 -0.6668
vn 0.2760 -0.6924 -0.6666
vn 0.4924 -0.8026 -0.3368
vn 0.4935 -0.8020 -0.3364
vn 0.4918 -0.8032 -0.3361
vn 0.8366 -0.3981 -0.3763
vn 0.6919 -0.6215 -0.3675
vn 0.4928 -0.8024 -0.3366
vn 0.4938 -0.8015 -0.3374
vn 0.4885 -0.8115 -0.3208
vn 0.8667 -0.4790 -0.1392
vn -0.3467 0.8790 0.3274
vn 0.7070 -0.6697 -0.2273
vn 0.4970 -0.8174 -0.2913
vn 0.8452 -0.5344 -0.0123
vn 0.4931 -0.8293 -0.2631
vn 0.6928 -0.7076 -0.1387
vn 0.7408 -0.6450 0.1877
vn 0.4751 -0.8509 -0.2241
vn 0.4740 -0.8514 -0.2246
vn 0.4763 -0.8502 -0.2243
vn 0.4746 -0.8511 -0.2243
vn 0.4725 -0.8523 -0.2243
vn 0.4736 -0.8515 -0.2249
vn 0.6320 -0.7747 -0.0188
vn 0.4262 -0.8828 -0.1975
vn 0.4260 -0.8830 -0.1970
vn 0.4256 -0.8830 -0.1981
vn 0.4101 -0.8887 -0.2052
vn 0.4824 -0.8733 0.0678
vn 0.5086 -0.7983 0.3225
vn 0.4261 -0.8829 -0.1973
vn 0.4264 -0.8830 -0.1963
vn 0.4259 -0.8832 -0.1965
vn 0.2800 -0.9074 0.3135
vn -0.3961 0.8465 0.3557
vn 0.3823 -0.9021 -0.2000
vn 0.3460 -0.9362 0.0615
vn 0.3098 -0.9218 -0.2329
vn 0.3138 -0.9204 -0.2331
vn 0.3118 -0.9213 -0.2324
vn 0.3314 -0.9149 -0.2303
vn -0.0589 -0.9882 0.1415
vn 0.1321 -0.9903 -0.0436
vn 0.3145 -0.9202 -0.2332
vn 0.3165 -0.9197 -0.2322
vn 0.3127 -0.9209 -0.2327
vn 0.3533 -0.9120 -0.2083
vn 0.1531 -0.9500 0.2723
vn 0.2575 -0.9657 0.0331
vn 0.1584 0.3922 -0.9061
vn -0.5322 -0.6097 0.5874
vn -0.5306 -0.6105 0.5880
vn -0.5314 -0.6096 0.5882
vn 0.9097 0.3373 -0.2424
vn 0.9092 0.3375 -0.2439
vn 0.9093 0.3386 -0.2420
vn 0.9096 0.3391 -0.2402
vn 0.9094 0.3381 -0.2421
vn 0.9091 0.3393 -0.2417
vn -0.2762 0.9124 0.3021
vn 0.9473 0.0978 -0.3050
vn 0.9472 0.0979 -0.3054
vn 0.9473 0.0981 -0.3049
vn 0.9244 -0.1533 -0.3492
vn 0.9475 0.0982 -0.3044
vn 0.9473 0.0980 -0.3049
vn 0.9474 0.0982 -0.3047
vn 0.7416 -0.6517 -0.1591
vn 0.9664 0.2303 0.1144
vn 0.9664 -0.2504 -0.0580
vn 0.9225 0.1197 0.3669
vn -0.2910 0.8749 0.3872
vn 0.9625 -0.1068 0.2494
vn 0.9342 -0.3324 0.1296
vn 0.7547 -0.0593 0.6534
vn 0.7555 -0.0558 0.6528
vn 0.7549 -0.0576 0.6533
vn 0.7559 -0.0549 0.6524
vn 0.7559 -0.0532 0.6525
vn 0.7551 -0.0567 0.6531
vn 0.8005 -0.4695 0.3725
vn 0.8032 -0.2695 0.5312
vn 0.8038 -0.2688 0.5308
vn 0.8027 -0.2701 0.5317
vn 0.8019 -0.2712 0.5323
vn 0.8030 -0.2698 0.5314
vn 0.8025 -0.2705 0.5318
vn 0.3659 -0.3075 0.8784
vn 0.3691 -0.3110 0.8758
vn 0.3692 -0.3076 0.8770
vn 0.3722 -0.3127 0.8739
vn 0.3691 -0.3090 0.8765
vn -0.3617 0.8284 0.4277
vn 0.4432 -0.5104 0.7369
vn 0.4436 -0.5066 0.7393
vn 0.4430 -0.5086 0.7383
vn 0.4886 -0.6769 0.5505
vn 0.4438 -0.5059 0.7397
vn 0.4438 -0.5038 0.7411
vn 0.4433 -0.5078 0.7387
vn 0.2848 -0.9529 0.1046
vn 0.0280 -0.4688 0.8829
vn 0.2097 -0.8099 0.5479
vn 0.1183 -0.6647 0.7377
vn -0.2242 -0.5547 0.8013
vn -0.5310 -0.6100 0.5881
vn -0.5303 -0.6108 0.5880
vn -0.5294 -0.6109 0.5887
vn -0.3966 -0.7877 0.4714
vn -0.3955 -0.7894 0.4695
vn -0.3952 -0.7887 0.4710
vn -0.2371 -0.9171 0.3206
vn -0.4467 0.8001 0.4004
vn -0.3958 -0.7883 0.4712
vn -0.3965 -0.7868 0.4729
vn 0.0229 -0.8735 0.4863
vn -0.1007 -0.7355 0.6700
vn -0.7745 -0.1377 -0.6175
vn 0.2076 -0.2616 0.9426
vn -0.5840 -0.5068 0.6341
vn -0.8681 -0.4932 0.0554
vn 0.2075 -0.2619 0.9425
vn -0.2388 -0.6473 -0.7239
vn -0.6999 -0.2757 -0.6589
vn -0.2181 -0.8787 -0.4245
vn -0.8172 -0.5759 0.0224
vn -0.4167 -0.6265 0.6587
vn 0.2679 -0.3979 0.8774
vn 0.9112 -0.2071 -0.3561
vn 0.9428 0.0459 -0.3303
vn 0.9109 -0.2074 -0.3566
vn 0.7848 -0.5659 -0.2526
vn 0.9846 -0.1061 0.1390
vn 0.9444 -0.3283 0.0182
vn 0.9739 -0.2147 0.0732
vn 0.9444 -0.3283 0.0183
vn 0.7923 -0.5112 0.3330
vn 0.7922 -0.5111 0.3335
vn 0.8061 -0.4162 0.4206
vn 0.8154 -0.3086 0.4897
vn 0.4432 -0.5545 0.7043
vn 0.4951 -0.7072 0.5047
vn 0.4957 -0.7067 0.5049
vn 0.4791 -0.6323 0.6089
vn -0.1978 -0.9383 0.2838
vn 0.1327 -0.8633 0.4869
vn 0.1542 -0.9817 0.1114
vn -0.3737 -0.8221 0.4294
vn -0.2831 -0.8866 0.3658
vn -0.1973 -0.9384 0.2838
vn 0.0408 -0.7283 0.6841
vn 0.1330 -0.8633 0.4869
vn 0.0803 -0.8040 0.5892
vn 0.7799 -0.5559 0.2875
vn 0.8348 -0.0241 0.5500
vn 0.8485 -0.5225 -0.0839
vn 0.8921 -0.2695 -0.3626
vn 0.9522 0.2758 -0.1313
vn 0.6943 -0.2444 -0.6769
vn 0.5514 0.3265 -0.7677
vn 0.4068 -0.4667 -0.7853
vn 0.0411 -0.4624 -0.8857
vn -0.1329 0.0980 -0.9863
vn 0.7434 -0.0227 0.6684
vn 0.5935 0.4859 -0.6417
vn 0.9238 0.3695 -0.1003
vn -0.2787 0.1063 -0.9545
vn 0.5179 0.4207 -0.7448
vn 0.6385 0.3698 -0.6749
vn 0.6373 0.3732 -0.6742
vn 0.6381 0.3717 -0.6743
vn -0.8016 -0.5771 0.1561
vn -0.8013 -0.5773 0.1569
vn -0.8022 -0.5764 0.1559
vn -0.8027 -0.5759 0.1550
vn -0.8018 -0.5768 0.1561
vn -0.8024 -0.5761 0.1558
vn -0.4966 0.8063 0.3213
vn -0.6522 -0.7551 0.0665
vn -0.6531 -0.7544 0.0661
vn -0.6513 -0.7559 0.0662
vn -0.4544 -0.8903 -0.0283
vn -0.6501 -0.7569 0.0666
vn -0.6518 -0.7555 0.0663
vn -0.6509 -0.7563 0.0662
vn -0.0382 -0.9122 -0.4080
vn -0.8570 -0.4736 -0.2032
vn -0.4926 -0.8071 -0.3253
vn -0.6945 -0.6632 -0.2791
vn -0.8132 -0.3645 -0.4536
vn -0.6597 -0.5645 -0.4961
vn -0.4565 -0.7265 -0.5136
vn -0.6460 -0.1818 -0.7414
vn -0.6482 -0.1817 -0.7395
vn -0.6471 -0.1817 -0.7404
vn -0.6490 -0.1819 -0.7387
vn -0.6499 -0.1819 -0.7379
vn -0.6476 -0.1818 -0.7399
vn -0.5081 -0.3872 -0.7693
vn -0.5065 -0.3894 -0.7693
vn -0.5076 -0.3884 -0.7691
vn -0.3312 -0.5704 -0.7516
vn -0.5094 -0.3856 -0.7693
vn -0.5082 -0.3867 -0.7695
vn -0.5078 -0.3878 -0.7693
vn -0.2614 0.0744 -0.9624
vn -0.2626 0.0726 -0.9622
vn -0.2625 0.0739 -0.9621
vn -0.2626 0.0721 -0.9622
vn -0.2637 0.0715 -0.9620
vn -0.2625 0.0733 -0.9621
vn -0.4116 0.8902 0.1955
vn -0.0207 -0.3668 -0.9301
vn -0.1474 -0.1512 -0.9774
vn -0.1492 -0.1523 -0.9770
vn -0.1471 -0.1495 -0.9777
vn -0.1453 -0.1476 -0.9783
vn -0.1473 -0.1504 -0.9776
vn -0.1470 -0.1486 -0.9779
vn 0.4184 -0.6107 -0.6723
vn 0.2666 -0.2483 -0.9313
vn 0.1847 -0.0085 -0.9828
vn 0.0815 0.2241 -0.9711
vn 0.0815 0.2241 -0.9712
vn 0.3327 0.3105 -0.8904
vn 0.6377 0.3724 -0.6743
vn 0.6367 0.3740 -0.6743
vn 0.6362 0.3759 -0.6737
vn 0.6920 0.1294 -0.7102
vn 0.6951 0.1289 -0.7073
vn 0.6935 0.1288 -0.7088
vn 0.7040 -0.1248 -0.6992
vn -0.3263 0.9186 0.2230
vn 0.6914 0.1296 -0.7108
vn 0.6930 0.1289 -0.7094
vn 0.6898 0.1295 -0.7123
vn 0.4549 -0.1853 -0.8711
vn 0.4027 0.0622 -0.9132
vn -0.6063 -0.7930 0.0592
vn -0.5150 -0.8572 -0.0016
vn -0.4074 -0.9119 -0.0497
vn -0.1031 -0.9492 -0.2972
vn -0.6482 -0.6415 -0.4103
vn -0.2886 -0.6080 -0.7397
vn -0.4414 -0.7907 -0.4242
vn -0.4411 -0.7909 -0.4242
vn -0.4417 -0.7906 -0.4240
vn -0.4409 -0.7910 -0.4241
vn -0.4403 -0.7912 -0.4245
vn -0.4408 -0.7910 -0.4242
vn -0.5514 -0.7243 -0.4139
vn 0.0833 -0.7251 -0.6836
vn -0.2887 -0.6082 -0.7394
vn -0.4793 -0.4381 -0.7605
vn -0.1069 -0.1930 -0.9754
vn 0.0087 -0.4121 -0.9111
vn -0.0569 -0.3067 -0.9501
vn 0.0081 -0.4123 -0.9110
vn 0.5275 -0.5335 -0.6612
vn 0.7013 -0.1810 -0.6895
vn 0.3708 -0.2560 -0.8927
vn 0.3709 -0.2555 -0.8928
vn 0.3704 -0.2560 -0.8929
vn 0.2957 -0.0189 -0.9551
vn 0.3420 -0.1352 -0.9299
vn -0.8376 -0.5154 0.1808
vn -0.8378 -0.5152 0.1807
vn -0.7709 0.5829 0.2567
vn -0.6995 -0.7085 0.0931
vn -0.7751 -0.6166 0.1380
vn -0.8812 -0.3577 -0.3091
vn -0.8812 -0.3575 -0.3093
vn -0.8178 -0.4614 -0.3441
vn -0.8181 -0.4610 -0.3439
vn -0.6817 -0.1183 -0.7220
vn -0.6824 -0.1184 -0.7213
vn -0.5918 0.7980 -0.1139
vn -0.6222 -0.2255 -0.7497
vn -0.5514 -0.3304 -0.7660
vn -0.2937 0.1376 -0.9459
vn -0.2940 0.1383 -0.9458
vn -0.2398 0.0270 -0.9704
vn -0.2402 0.0271 -0.9703
vn -0.2936 0.1382 -0.9459
vn -0.2935 0.1386 -0.9459
vn -0.1816 -0.0863 -0.9796
vn 0.1802 0.3426 -0.9221
vn 0.6123 0.4406 -0.6565
vn 0.6128 0.4403 -0.6562
vn 0.6122 0.4406 -0.6565
vn 0.6117 0.4409 -0.6568
vn 0.1802 0.3426 -0.9220
vn 0.6517 0.3240 -0.6858
vn 0.6522 0.3243 -0.6852
vn 0.6519 0.3242 -0.6855
vn 0.6808 0.2017 -0.7041
vn -0.1657 0.9818 -0.0925
vn 0.2695 0.1082 -0.9569
vn 0.6517 0.3241 -0.6858
vn 0.6519 0.3241 -0.6855
vn 0.6515 0.3239 -0.6860
vn 0.2267 0.2275 -0.9470
vn -0.0783 0.2925 -0.9531
vn 0.7581 0.4822 -0.4390
vn 0.8235 -0.1920 -0.5338
vn 0.8235 -0.1919 -0.5339
vn 0.1911 -0.3355 -0.9225
vn -0.3774 -0.7103 -0.5942
vn -0.3136 -0.9416 0.1225
vn -0.3135 -0.9417 0.1226
vn 0.3188 -0.7982 0.5111
vn 0.3189 -0.7982 0.5110
vn 0.0906 -0.3196 0.9432
vn -0.7459 -0.5094 0.4292
vn -0.7083 -0.0635 -0.7031
vn 0.8871 0.4055 -0.2206
vn 0.8868 0.4062 -0.2205
vn 0.8868 0.4064 -0.2200
vn 0.8871 0.4056 -0.2203
vn 0.0812 0.9506 0.2997
vn 0.9220 0.2901 -0.2566
vn 0.9306 0.2478 0.2695
vn 0.9840 0.0182 0.1774
vn 0.9648 0.1342 0.2261
vn 0.9649 0.1343 0.2255
vn 0.9651 0.1344 0.2250
vn 0.9649 0.1344 0.2258
vn 0.7312 0.0087 0.6821
vn 0.7688 -0.1009 0.6314
vn 0.7690 -0.1009 0.6312
vn -0.0981 0.7355 0.6703
vn 0.7688 -0.1007 0.6315
vn 0.7690 -0.1010 0.6312
vn 0.7943 -0.2097 0.5702
vn 0.3430 -0.2475 0.9061
vn -0.1307 -0.4519 0.8824
vn 0.3429 -0.2478 0.9061
vn 0.4244 -0.4528 0.7841
vn 0.3864 -0.3529 0.8522
vn 0.3868 -0.3530 0.8519
vn 0.3867 -0.3536 0.8517
vn 0.3867 -0.3532 0.8519
vn -0.5629 -0.5502 0.6168
vn -0.5630 -0.5500 0.6169
vn -0.1310 -0.4525 0.8821
vn -0.1309 -0.4521 0.8823
vn -0.4378 -0.7417 0.5082
vn -0.5240 0.5516 0.6490
vn -0.5047 -0.6507 0.5673
vn -0.0795 -0.5542 0.8285
vn -0.0795 -0.5544 0.8285
vn 0.6125 -0.3647 -0.7013
vn 0.6123 -0.3650 -0.7013
vn 0.6122 -0.3647 -0.7016
vn -0.2711 -0.9429 -0.1933
vn -0.2702 -0.9440 -0.1893
vn -0.2670 -0.9440 -0.1938
vn -0.2661 -0.9434 -0.1980
vn -0.2693 -0.9434 -0.1935
vn -0.2652 -0.9445 -0.1940
vn 0.2696 -0.9145 -0.3016
vn 0.2712 -0.9143 -0.3010
vn 0.2691 -0.9141 -0.3033
vn 0.2857 -0.8753 -0.3901
vn 0.2861 -0.8753 -0.3898
vn 0.2865 -0.8745 -0.3913
vn -0.0000 -0.9664 -0.2569
vn 0.0004 -0.9669 -0.2550
vn -0.0021 -0.9664 -0.2569
vn 0.2702 -0.9144 -0.3014
vn 0.2722 -0.9146 -0.2990
vn 0.2718 -0.9142 -0.3007
vn -0.0008 -0.9664 -0.2569
vn -0.0009 -0.9664 -0.2569
vn -0.0029 -0.9665 -0.2568
vn -0.1917 -0.7491 -0.6341
vn -0.1901 -0.7512 -0.6321
vn -0.1932 -0.7506 -0.6318
vn -0.1887 -0.7514 -0.6323
vn -0.1903 -0.7530 -0.6299
vn -0.1919 -0.7509 -0.6320
vn 0.0426 -0.8444 -0.5341
vn 0.0415 -0.8457 -0.5321
vn 0.0456 -0.8444 -0.5338
vn 0.0481 -0.8431 -0.5356
vn 0.0440 -0.8444 -0.5339
vn 0.0468 -0.8443 -0.5338
vn 0.2863 -0.8749 -0.3907
vn 0.2860 -0.8756 -0.3892
vn 0.2867 -0.8748 -0.3904
vn 0.1752 -0.5102 -0.8420
vn 0.1728 -0.5091 -0.8432
vn 0.1728 -0.5114 -0.8418
vn 0.1728 -0.5081 -0.8438
vn 0.1704 -0.5093 -0.8435
vn 0.1729 -0.5104 -0.8424
vn 0.6121 -0.3648 -0.7016
vn 0.6121 -0.3651 -0.7015
vn 0.3598 -0.8263 -0.4334
vn 0.3601 -0.8260 -0.4337
vn 0.3604 -0.8260 -0.4334
vn 0.4480 -0.7965 -0.4060
vn 0.4501 -0.7960 -0.4047
vn 0.4486 -0.7971 -0.4042
vn 0.5536 -0.5998 -0.5778
vn 0.5547 -0.6008 -0.5756
vn 0.5535 -0.6010 -0.5766
vn 0.4508 -0.7955 -0.4050
vn 0.4490 -0.7960 -0.4060
vn 0.4493 -0.7966 -0.4044
vn 0.5535 -0.6005 -0.5771
vn 0.5539 -0.6003 -0.5769
vn 0.3600 -0.8261 -0.4336
vn 0.3598 -0.8260 -0.4339
vn 0.3602 -0.8258 -0.4340
vn 0.2751 -0.6939 -0.6654
vn 0.2754 -0.6937 -0.6656
vn 0.4926 -0.8022 -0.3374
vn 0.4917 -0.8026 -0.3377
vn 0.8368 -0.3973 -0.3767
vn 0.6912 -0.6225 -0.3672
vn 0.4929 -0.8022 -0.3370
vn 0.4943 -0.8016 -0.3363
vn 0.4933 -0.8023 -0.3362
vn 0.4886 -0.8113 -0.3210
vn 0.8667 -0.4790 -0.1394
vn 0.7075 -0.6692 -0.2272
vn 0.4971 -0.8176 -0.2905
vn 0.4750 -0.8458 -0.2428
vn 0.8456 -0.5337 -0.0129
vn 0.4959 -0.8277 -0.2627
vn 0.6911 -0.7092 -0.1390
vn 0.7401 -0.6458 0.1877
vn 0.4724 -0.8521 -0.2253
vn 0.4746 -0.8509 -0.2250
vn 0.4710 -0.8533 -0.2237
vn 0.4734 -0.8516 -0.2252
vn 0.4770 -0.8492 -0.2265
vn 0.4755 -0.8505 -0.2250
vn 0.6320 -0.7747 -0.0186
vn 0.4272 -0.8824 -0.1970
vn 0.4258 -0.8830 -0.1974
vn 0.4285 -0.8816 -0.1977
vn 0.4100 -0.8886 -0.2054
vn 0.4824 -0.8733 0.0677
vn 0.5065 -0.7994 0.3231
vn 0.4266 -0.8827 -0.1971
vn 0.4243 -0.8840 -0.1961
vn 0.4251 -0.8834 -0.1974
vn 0.2791 -0.9074 0.3143
vn -0.3966 0.8463 0.3558
vn 0.3821 -0.9023 -0.1995
vn 0.3474 -0.9357 0.0610
vn 0.3137 -0.9205 -0.2329
vn 0.3143 -0.9203 -0.2330
vn 0.3142 -0.9204 -0.2328
vn 0.3315 -0.9149 -0.2306
vn -0.0575 -0.9883 0.1416
vn 0.1304 -0.9905 -0.0439
vn 0.3146 -0.9202 -0.2332
vn 0.3150 -0.9200 -0.2332
vn 0.3143 -0.9203 -0.2329
vn 0.3539 -0.9118 -0.2082
vn 0.1528 -0.9495 0.2739
vn 0.1529 -0.9495 0.2739
vn 0.2586 -0.9655 0.0321
vn -0.9051 -0.3090 -0.2921
vn 0.5888 0.4964 -0.6380
vn -0.5288 -0.6105 0.5896
vn -0.5289 -0.6114 0.5886
vn -0.5285 -0.6111 0.5893
vn 0.9090 0.3391 -0.2425
vn 0.9083 0.3406 -0.2428
vn 0.9096 0.3379 -0.2418
vn 0.9105 0.3358 -0.2413
vn 0.9093 0.3385 -0.2422
vn -0.2766 0.9123 0.3021
vn 0.9469 0.0990 -0.3060
vn 0.9466 0.0992 -0.3069
vn 0.9472 0.0990 -0.3051
vn 0.9248 -0.1515 -0.3491
vn 0.9476 0.0988 -0.3037
vn 0.9470 0.0990 -0.3055
vn 0.9473 0.0989 -0.3046
vn 0.7414 -0.6519 -0.1593
vn 0.9661 0.2310 0.1148
vn 0.9669 -0.2488 -0.0572
vn 0.9994 -0.0112 0.0341
vn 0.9228 0.1208 0.3659
vn 0.9621 -0.1081 0.2502
vn 0.9345 -0.3313 0.1300
vn 0.3691 -0.3105 0.8760
vn 0.3688 -0.3116 0.8757
vn 0.7550 -0.0536 0.6535
vn 0.7551 -0.0547 0.6533
vn 0.7553 -0.0541 0.6531
vn 0.7547 -0.0548 0.6538
vn 0.7552 -0.0555 0.6531
vn 0.7552 -0.0544 0.6532
vn 0.8021 -0.2702 0.5326
vn 0.8009 -0.2710 0.5340
vn 0.8028 -0.2705 0.5314
vn 0.8045 -0.2698 0.5292
vn 0.8024 -0.2705 0.5319
vn 0.8032 -0.2710 0.5305
vn 0.3694 -0.3098 0.8761
vn 0.3691 -0.3103 0.8761
vn -0.3618 0.8282 0.4280
vn 0.4898 -0.6750 0.5518
vn 0.4417 -0.5068 0.7403
vn 0.4426 -0.5089 0.7383
vn 0.4433 -0.5071 0.7391
vn 0.4423 -0.5097 0.7380
vn 0.4437 -0.5104 0.7366
vn 0.4429 -0.5078 0.7389
vn 0.2852 -0.9527 0.1045
vn 0.2092 -0.8099 0.5480
vn 0.0276 -0.4715 0.8814
vn 0.1190 -0.6630 0.7391
vn -0.5287 -0.6113 0.5889
vn -0.5291 -0.6115 0.5883
vn -0.5288 -0.6121 0.5880
vn -0.2242 -0.5543 0.8015
vn -0.3980 -0.7872 0.4711
vn -0.3970 -0.7886 0.4695
vn -0.3966 -0.7881 0.4708
vn -0.2358 -0.9172 0.3211
vn -0.4469 0.7998 0.4007
vn -0.3986 -0.7868 0.4713
vn -0.3973 -0.7877 0.4709
vn -0.3979 -0.7863 0.4727
vn 0.0222 -0.8725 0.4882
vn -0.1002 -0.7362 0.6693
vn -0.6661 -0.1491 -0.7308
vn -0.7744 -0.1377 -0.6175
vn -0.2390 -0.6472 -0.7238
vn -0.6997 -0.2760 -0.6590
vn -0.3511 -0.9334 -0.0737
vn -0.8171 -0.5761 0.0227
vn -0.4164 -0.6268 0.6586
vn 0.2235 -0.9345 0.2771
vn 0.5001 -0.7405 0.4490
vn 0.9110 -0.2074 -0.3564
vn 0.9428 0.0453 -0.3301
vn 0.9371 -0.0817 -0.3393
vn 0.9111 -0.2076 -0.3560
vn 0.7848 -0.5660 -0.2526
vn 0.9846 -0.1058 0.1392
vn 0.7921 -0.5113 0.3333
vn 0.9443 -0.3286 0.0182
vn 0.9739 -0.2149 0.0733
vn 0.9445 -0.3280 0.0182
vn 0.8062 -0.4159 0.4208
vn 0.8154 -0.3092 0.4894
vn 0.4430 -0.5547 0.7044
vn 0.4948 -0.7071 0.5051
vn 0.4793 -0.6318 0.6092
vn 0.4954 -0.7070 0.5047
vn -0.1976 -0.9383 0.2839
vn 0.1331 -0.8633 0.4869
vn 0.1331 -0.8632 0.4869
vn 0.1543 -0.9817 0.1114
vn -0.3735 -0.8221 0.4296
vn -0.2837 -0.8865 0.3654
vn -0.1975 -0.9384 0.2836
vn 0.0408 -0.7285 0.6838
vn 0.0801 -0.8043 0.5888
vn 0.1330 -0.8632 0.4871
vn 0.7801 -0.5558 0.2872
vn 0.8347 -0.0240 0.5502
vn 0.8485 -0.5225 -0.0838
vn 0.8921 -0.2693 -0.3629
vn 0.9521 0.2762 -0.1314
vn 0.5516 0.3268 -0.7675
vn 0.4068 -0.4667 -0.7854
vn 0.0413 -0.4627 -0.8856
vn -0.1329 0.0981 -0.9863
vn 0.9007 0.3186 0.2955
vn 0.5179 0.4206 -0.7449
vn 0.6361 0.3730 -0.6755
vn -0.8016 -0.5772 0.1557
vn -0.8010 -0.5776 0.1575
vn -0.8028 -0.5755 0.1559
vn -0.8040 -0.5743 0.1539
vn -0.8022 -0.5764 0.1557
vn -0.8034 -0.5747 0.1558
vn -0.4969 0.8062 0.3213
vn -0.6502 -0.7568 0.0667
vn -0.6496 -0.7572 0.0683
vn -0.6515 -0.7557 0.0668
vn -0.4570 -0.8890 -0.0281
vn -0.6527 -0.7548 0.0653
vn -0.6509 -0.7562 0.0668
vn -0.6521 -0.7552 0.0669
vn -0.0380 -0.9121 -0.4083
vn -0.8561 -0.4750 -0.2038
vn -0.4900 -0.8084 -0.3261
vn -0.6982 -0.6598 -0.2779
vn -0.8135 -0.3631 -0.4542
vn -0.4824 0.8435 0.2362
vn -0.6585 -0.5662 -0.4957
vn -0.4592 -0.7253 -0.5129
vn -0.6505 -0.1817 -0.7375
vn -0.6475 -0.1812 -0.7402
vn -0.6488 -0.1826 -0.7388
vn -0.6470 -0.1807 -0.7408
vn -0.6453 -0.1814 -0.7421
vn -0.6482 -0.1820 -0.7394
vn -0.3339 -0.5709 -0.7500
vn -0.5063 -0.3875 -0.7704
vn -0.5047 -0.3878 -0.7713
vn -0.5070 -0.3882 -0.7696
vn -0.5089 -0.3881 -0.7684
vn -0.5066 -0.3878 -0.7701
vn -0.5075 -0.3888 -0.7690
vn -0.2627 0.0725 -0.9621
vn -0.2623 0.0721 -0.9623
vn -0.4113 0.8902 0.1959
vn -0.1501 -0.1520 -0.9769
vn -0.1471 -0.1489 -0.9778
vn -0.1479 -0.1512 -0.9774
vn -0.0207 -0.3665 -0.9302
vn -0.1467 -0.1480 -0.9780
vn -0.1445 -0.1469 -0.9785
vn -0.1475 -0.1502 -0.9776
vn 0.0815 0.2275 -0.9704
vn 0.2661 -0.2517 -0.9305
vn 0.1846 -0.0068 -0.9828
vn 0.6929 0.1309 -0.7091
vn 0.6941 0.1311 -0.7079
vn 0.6928 0.1298 -0.7094
vn 0.3340 0.3111 -0.8898
vn 0.7049 -0.1246 -0.6983
vn -0.3263 0.9186 0.2228
vn 0.6929 0.1302 -0.7092
vn 0.6927 0.1288 -0.7096
vn 0.6917 0.1288 -0.7106
vn 0.4538 -0.1839 -0.8719
vn 0.4030 0.0629 -0.9130
vn -0.4077 -0.9117 -0.0498
vn -0.6067 -0.7928 0.0590
vn -0.4075 -0.9118 -0.0499
vn -0.6488 -0.6410 -0.4101
vn -0.4409 -0.7909 -0.4243
vn -0.4413 -0.7908 -0.4241
vn -0.5515 -0.7242 -0.4140
vn 0.0834 -0.7251 -0.6835
vn -0.2887 -0.6081 -0.7395
vn -0.3837 -0.5226 -0.7614
vn -0.4790 -0.4382 -0.7606
vn -0.1070 -0.1923 -0.9755
vn 0.0086 -0.4122 -0.9111
vn 0.0084 -0.4122 -0.9111
vn -0.0568 -0.3073 -0.9499
vn 0.5273 -0.5334 -0.6613
vn 0.7093 0.0752 -0.7009
vn 0.7060 -0.0527 -0.7062
vn 0.7009 -0.1809 -0.6900
vn 0.7013 -0.1803 -0.6897
vn 0.7010 -0.1809 -0.6898
vn 0.3706 -0.2560 -0.8928
vn 0.2954 -0.0193 -0.9552
vn 0.3707 -0.2562 -0.8927
vn 0.3422 -0.1346 -0.9300
vn -0.8377 -0.5155 0.1805
vn -0.8378 -0.5151 0.1807
vn -0.7711 0.5827 0.2568
vn -0.7751 -0.6165 0.1382
vn -0.6996 -0.7085 0.0929
vn -0.8812 -0.3574 -0.3093
vn -0.7413 -0.5578 -0.3733
vn -0.8180 -0.4609 -0.3441
vn -0.6826 -0.1174 -0.7213
vn -0.6823 -0.1180 -0.7215
vn -0.6819 -0.1182 -0.7219
vn -0.6822 -0.1180 -0.7216
vn -0.5918 0.7980 -0.1140
vn -0.6218 -0.2258 -0.7499
vn -0.6215 -0.2262 -0.7500
vn -0.6220 -0.2259 -0.7497
vn -0.6225 -0.2256 -0.7494
vn -0.6219 -0.2259 -0.7498
vn -0.6223 -0.2258 -0.7495
vn -0.5517 -0.3300 -0.7660
vn -0.2931 0.1392 -0.9459
vn -0.2937 0.1381 -0.9459
vn -0.2937 0.1388 -0.9458
vn -0.2936 0.1378 -0.9459
vn -0.2941 0.1376 -0.9458
vn -0.2938 0.1387 -0.9457
vn -0.2399 0.0264 -0.9704
vn -0.1817 -0.0862 -0.9796
vn -0.2398 0.0265 -0.9705
vn 0.1806 0.3430 -0.9218
vn 0.1802 0.3423 -0.9222
vn 0.1801 0.3427 -0.9220
vn 0.6121 0.4409 -0.6564
vn 0.6124 0.4408 -0.6563
vn 0.1799 0.3424 -0.9222
vn 0.1796 0.3418 -0.9224
vn 0.6517 0.3238 -0.6858
vn 0.6809 0.2018 -0.7040
vn -0.1657 0.9818 -0.0930
vn 0.6519 0.3239 -0.6856
vn 0.6521 0.3242 -0.6854
vn 0.2694 0.1085 -0.9569
vn 0.2265 0.2277 -0.9470
vn 0.2269 0.2282 -0.9468
vn 0.8640 0.4616 -0.2008
vn 0.1913 -0.3357 -0.9223
vn -0.3773 -0.7103 -0.5943
vn -0.3134 -0.9417 0.1225
vn -0.8303 -0.2033 -0.5190
vn 0.8869 0.4062 -0.2201
vn 0.0813 0.9506 0.2996
vn 0.9220 0.2899 -0.2566
vn 0.9305 0.2481 0.2696
vn 0.9306 0.2476 0.2696
vn 0.9839 0.0184 0.1775
vn 0.9650 0.1342 0.2255
vn 0.3429 -0.2477 0.9061
vn 0.7313 0.0087 0.6820
vn 0.7315 0.0090 0.6818
vn -0.0979 0.7355 0.6704
vn 0.7689 -0.1008 0.6314
vn 0.7691 -0.1010 0.6311
vn 0.7944 -0.2095 0.5702
vn 0.3429 -0.2473 0.9062
vn 0.3869 -0.3531 0.8519
vn 0.4244 -0.4535 0.7837
vn 0.3865 -0.3534 0.8519
vn -0.1305 -0.4523 0.8823
vn -0.1311 -0.4520 0.8823
vn -0.5629 -0.5499 0.6171
vn -0.5631 -0.5502 0.6166
vn -0.1309 -0.4519 0.8824
vn -0.1311 -0.4515 0.8826
vn -0.5044 -0.6511 0.5672
vn -0.5048 -0.6507 0.5672
vn -0.4382 -0.7414 0.5082
vn -0.5041 -0.6513 0.5672
vn -0.5045 -0.6510 0.5672
vn -0.5041 -0.6515 0.5669
vn -0.0269 -0.6477 0.7615
vn -0.0792 -0.5548 0.8282
vn -0.0795 -0.5546 0.8283
vn -0.1098 -0.9909 0.0775
vn -0.1096 -0.9910 0.0773
vn -0.1092 -0.9910 0.0776
vn 0.1418 -0.9899 0.0058
vn 0.2107 -0.9738 0.0856
vn 0.2988 -0.9431 0.1462
vn 0.6652 -0.7061 -0.2428
vn 0.6695 -0.6693 -0.3221
vn 0.6552 -0.6359 -0.4079
vn 0.5086 -0.7961 -0.3278
vn 0.6771 -0.6129 -0.4073
vn 0.8041 -0.3887 -0.4498
vn 0.2212 -0.9586 -0.1795
vn 0.3025 -0.9244 -0.2322
vn 0.0966 -0.9917 -0.0847
vn 0.1995 -0.9022 0.3824
vn -0.1089 -0.9911 0.0771
vn -0.1091 -0.9910 0.0772
vn -0.1085 -0.9911 0.0771
vn 0.2755 -0.9492 -0.1518
vn -0.0304 -0.9856 0.1666
vn 0.2174 -0.9191 0.3285
vn 0.3269 -0.9353 -0.1354
vn 0.0900 -0.9631 0.2537
vn 0.3092 -0.8896 0.3362
vn 0.3753 -0.9179 -0.1292
vn 0.2243 -0.9238 0.3104
vn 0.3628 -0.9125 -0.1890
vn 0.2057 -0.4761 0.8550
vn 0.3376 -0.8830 0.3261
vn 0.3782 -0.9229 0.0719
vn 0.4206 -0.8975 -0.1327
vn 0.4217 -0.8874 -0.1861
vn 0.4049 -0.8527 0.3301
vn 0.4204 -0.9043 0.0739
vn 0.3998 -0.8980 -0.1839
vn 0.3839 -0.2945 0.8751
vn 0.4648 -0.8827 0.0687
vn 0.4768 -0.8180 0.3218
vn 0.4618 -0.8751 -0.1449
vn 0.4515 -0.8706 -0.1955
vn 0.5398 -0.7839 0.3068
vn 0.5051 -0.8610 0.0594
vn 0.4336 -0.8812 -0.1883
vn 0.5675 -0.1492 0.8097
vn 0.6048 -0.7454 0.2804
vn 0.5456 -0.8370 0.0431
vn 0.4978 -0.8514 -0.1656
vn 0.6599 -0.7091 0.2483
vn 0.4775 -0.8523 -0.2137
vn 0.5808 -0.8137 0.0228
vn 0.4620 -0.8636 -0.2021
vn 0.7408 -0.0591 0.6691
vn 0.7141 -0.6691 0.2061
vn 0.6148 -0.7887 -0.0039
vn 0.4973 -0.8337 -0.2399
vn 0.6421 -0.7659 -0.0336
vn 0.5276 -0.8270 -0.1944
vn 0.7578 -0.6328 0.1591
vn 0.4850 -0.8457 -0.2228
vn 0.7985 -0.5931 0.1028
vn 0.8869 -0.0285 0.4611
vn 0.6673 -0.7416 -0.0691
vn 0.5509 -0.8021 -0.2306
vn 0.5088 -0.8161 -0.2742
vn 0.6858 -0.7200 -0.1059
vn 0.8273 -0.5600 0.0441
vn 0.5000 -0.8291 -0.2502
vn 0.5203 -0.7612 -0.3872
vn 0.8518 -0.5234 -0.0228
vn 0.7147 -0.6612 -0.2278
vn 0.9771 -0.0602 0.2041
vn 0.7013 -0.6974 -0.1478
vn 0.5105 -0.8207 -0.2568
vn 0.4818 -0.7352 -0.4769
vn 0.7031 -0.6250 -0.3393
vn 0.7141 -0.6634 -0.2235
vn 0.9869 -0.1482 -0.0644
vn 0.5135 -0.8069 -0.2921
vn 0.3552 -0.6793 -0.6422
vn 0.9186 -0.2663 -0.2920
vn 0.6429 -0.5925 -0.4854
vn 0.7069 -0.6326 -0.3163
vn -0.3897 0.8658 0.3141
vn 0.9029 0.4044 -0.1456
vn 0.7896 0.5279 -0.3128
vn 0.9499 0.3077 0.0540
vn 0.8510 0.5195 -0.0766
vn 0.9473 0.1992 0.2509
vn 0.8629 0.4788 0.1619
vn 0.8967 0.0829 0.4347
vn 0.8249 0.4102 0.3889
vn 0.8019 -0.0361 0.5964
vn 0.7394 0.3199 0.5924
vn 0.6682 -0.1528 0.7281
vn 0.6112 0.2141 0.7619
vn 0.5019 -0.2625 0.8242
vn 0.4479 0.0988 0.8886
vn 0.3113 -0.3597 0.8796
vn 0.2579 -0.0191 0.9660
vn 0.1045 -0.4395 0.8922
vn 0.0511 -0.1337 0.9897
vn -0.1089 -0.4973 0.8607
vn -0.1603 -0.2392 0.9576
vn -0.3188 -0.5286 0.7867
vn -0.3646 -0.3305 0.8705
vn -0.5152 -0.5307 0.6730
vn -0.5491 -0.4034 0.7319
vn -0.6878 -0.5003 0.5260
vn -0.7016 -0.4554 0.5481
vn 0.6323 0.1806 -0.7534
vn 0.4484 0.1963 -0.8720
vn 0.2441 0.1803 -0.9528
vn -0.5920 -0.7608 -0.2658
vn -0.5964 -0.8007 -0.0568
vn -0.5602 -0.8128 0.1597
vn -0.4214 -0.9056 0.0491
vn -0.6031 -0.7765 0.1823
vn -0.7496 -0.5934 0.2932
vn 0.7326 0.3840 -0.5620
vn 0.7327 0.3832 -0.5624
vn 0.7763 -0.1266 -0.6175
vn 0.7845 0.1330 -0.6057
vn 0.7322 0.3847 -0.5620
vn 0.7324 0.3835 -0.5626
vn 0.7322 0.3840 -0.5625
vn 0.7830 -0.0782 -0.6171
vn 0.3244 0.3299 -0.8865
vn 0.6456 -0.1506 -0.7487
vn 0.6011 0.3766 -0.7049
vn 0.2968 0.3140 -0.9018
vn 0.4943 -0.2282 -0.8388
vn 0.4203 0.3444 -0.8395
vn 0.1515 0.2652 -0.9522
vn 0.3386 -0.3099 -0.8884
vn 0.2208 0.2884 -0.9317
vn 0.2877 -0.2353 -0.9284
vn -0.1967 0.6298 -0.7515
vn 0.0722 0.2335 -0.9697
vn 0.1686 -0.0084 -0.9856
vn 0.1839 -0.3944 -0.9004
vn 0.1565 -0.2878 -0.9448
vn -0.0304 0.1920 -0.9809
vn 0.0730 -0.0465 -0.9962
vn 0.1109 -0.3093 -0.9445
vn -0.3971 0.5791 -0.7121
vn -0.0284 -0.0928 -0.9953
vn -0.1394 0.1423 -0.9800
vn -0.0110 -0.3690 -0.9294
vn 0.0366 -0.4807 -0.8761
vn -0.2382 0.0929 -0.9668
vn -0.1208 -0.1385 -0.9830
vn -0.0562 -0.3940 -0.9174
vn -0.5727 0.5023 -0.6479
vn -0.3403 0.0369 -0.9396
vn -0.2159 -0.1911 -0.9575
vn -0.0990 -0.5664 -0.8181
vn -0.1655 -0.4592 -0.8728
vn -0.4304 -0.0170 -0.9025
vn -0.2998 -0.2401 -0.9233
vn -0.2061 -0.4861 -0.8492
vn -0.3839 -0.2963 -0.8745
vn -0.7225 0.4039 -0.5612
vn -0.5207 -0.0758 -0.8503
vn -0.2974 -0.5531 -0.7782
vn -0.4546 -0.3483 -0.8197
vn -0.5968 -0.1317 -0.7915
vn -0.2184 -0.6490 -0.7288
vn -0.3299 -0.5794 -0.7453
vn -0.3300 -0.5794 -0.7453
vn -0.6695 -0.1910 -0.7179
vn -0.5229 -0.4037 -0.7508
vn -0.8449 0.2836 -0.4536
vn -0.4013 -0.6465 -0.6488
vn -0.5766 -0.4546 -0.6788
vn -0.7278 -0.2460 -0.6402
vn -0.3178 -0.7255 -0.6105
vn -0.4228 -0.6696 -0.6106
vn -0.7798 -0.3020 -0.5483
vn -0.6257 -0.5072 -0.5926
vn -0.9348 0.1435 -0.3248
vn -0.3933 -0.7927 -0.4659
vn -0.4687 -0.7338 -0.4917
vn -0.6595 -0.5546 -0.5074
vn -0.8170 -0.3524 -0.4565
vn -0.4790 -0.7519 -0.4529
vn -0.4989 -0.8374 -0.2233
vn -0.8451 -0.4029 -0.3514
vn -0.9838 -0.0195 -0.1780
vn -0.7022 -0.6590 -0.2693
vn -0.6865 -0.6009 -0.4095
vn -0.4980 -0.8118 -0.3050
vn -0.4473 -0.8942 0.0201
vn -0.9791 -0.2025 -0.0168
vn -0.6812 -0.7309 -0.0422
vn -0.7032 -0.6752 -0.2228
vn -0.4798 -0.8683 -0.1259
vn -0.2712 -0.8945 0.3553
vn -0.9046 -0.4001 0.1470
vn -0.5835 -0.7808 0.2235
vn -0.6760 -0.7367 -0.0172
vn 0.8809 -0.1394 -0.4524
vn 0.8808 -0.1402 -0.4523
vn 0.8809 -0.1398 -0.4521
vn 0.8544 0.3674 -0.3674
vn -0.3061 -0.9230 0.2331
vn -0.3062 -0.9229 0.2334
vn -0.3065 -0.9228 0.2334
vn -0.3066 -0.9228 0.2334
vn -0.3070 -0.9226 0.2335
vn -0.6262 -0.6085 0.4875
vn -0.6267 -0.6079 0.4876
vn -0.6274 -0.6075 0.4871
vn -0.4836 -0.7918 0.3731
vn -0.6252 -0.6090 0.4882
vn -0.6265 -0.6081 0.4875
vn -0.6259 -0.6087 0.4877
vn -0.4835 -0.7917 0.3735
vn -0.1734 -0.9124 0.3708
vn -0.1731 -0.9125 0.3708
vn -0.1740 -0.9123 0.3707
vn -0.1735 -0.9125 0.3705
vn -0.4597 -0.5958 0.6585
vn -0.4595 -0.5956 0.6589
vn -0.3279 -0.7803 0.5325
vn -0.3275 -0.7804 0.5327
vn -0.4601 -0.5953 0.6587
vn -0.4597 -0.5957 0.6586
vn -0.0160 -0.8797 0.4753
vn -0.0157 -0.8795 0.4756
vn -0.2637 -0.5546 0.7892
vn -0.0493 -0.4882 0.8714
vn -0.0498 -0.4884 0.8712
vn -0.1449 -0.7421 0.6544
vn -0.1450 -0.7414 0.6552
vn -0.1452 -0.7417 0.6549
vn -0.2638 -0.5542 0.7895
vn -0.2637 -0.5544 0.7894
vn -0.1455 -0.7424 0.6540
vn -0.1450 -0.7423 0.6541
vn -0.1451 -0.7420 0.6545
vn 0.1560 -0.8261 0.5414
vn 0.1553 -0.8265 0.5411
vn 0.1557 -0.8264 0.5412
vn 0.1568 -0.8258 0.5418
vn 0.1562 -0.8259 0.5417
vn 0.1561 -0.8261 0.5415
vn 0.0555 -0.6794 0.7317
vn 0.0550 -0.6797 0.7314
vn 0.0549 -0.6802 0.7310
vn 0.0550 -0.6800 0.7311
vn 0.0544 -0.6807 0.7306
vn 0.0547 -0.6804 0.7308
vn -0.0497 -0.4881 0.8714
vn 0.3325 -0.7552 0.5649
vn 0.2604 -0.5983 0.7578
vn 0.2603 -0.5980 0.7581
vn 0.3329 -0.7551 0.5648
vn 0.1707 -0.3995 0.9007
vn 0.1707 -0.3992 0.9008
vn 0.1706 -0.3990 0.9009
vn 0.1708 -0.4001 0.9004
vn 0.1709 -0.3993 0.9008
vn 0.1708 -0.3996 0.9007
vn 0.2605 -0.5975 0.7584
vn 0.2601 -0.5977 0.7583
vn 0.5034 -0.6711 0.5443
vn 0.6588 -0.5781 0.4813
vn 0.6590 -0.5777 0.4815
vn 0.6585 -0.5781 0.4818
vn 0.5036 -0.6709 0.5444
vn 0.3836 -0.2945 0.8753
vn 0.3838 -0.2946 0.8751
vn 0.3837 -0.2944 0.8753
vn 0.3839 -0.2942 0.8753
vn 0.4592 -0.4993 0.7348
vn 0.4591 -0.4993 0.7348
vn 0.6589 -0.5783 0.4811
vn 0.6591 -0.5782 0.4810
vn 0.6588 -0.5781 0.4815
vn 0.5777 -0.1784 0.7965
vn 0.5776 -0.1780 0.7967
vn 0.5775 -0.1786 0.7966
vn 0.6392 -0.3926 0.6613
vn 0.6399 -0.3921 0.6609
vn 0.6401 -0.3915 0.6611
vn 0.6399 -0.3916 0.6612
vn 0.6405 -0.3904 0.6613
vn 0.6397 -0.3911 0.6616
vn 0.7897 -0.4823 0.3791
vn 0.7903 -0.4816 0.3787
vn 0.7900 -0.4819 0.3790
vn 0.8885 -0.3887 0.2440
vn 0.8887 -0.3882 0.2441
vn 0.8885 -0.3882 0.2445
vn 0.7893 -0.4827 0.3794
vn 0.7896 -0.4826 0.3791
vn 0.7897 -0.4823 0.3792
vn 0.7920 -0.2797 0.5427
vn 0.7409 -0.0587 0.6690
vn 0.7920 -0.2799 0.5425
vn 0.7918 -0.2800 0.5428
vn 0.7406 -0.0592 0.6693
vn 0.8885 -0.3886 0.2438
vn 0.8885 -0.3889 0.2435
vn 0.9068 -0.1715 0.3851
vn 0.9069 -0.1712 0.3850
vn 0.9068 -0.1709 0.3854
vn 0.8638 0.0575 0.5005
vn 0.8639 0.0577 0.5004
vn 0.8641 0.0572 0.5001
vn 0.9066 -0.1712 0.3856
vn 0.9068 -0.1706 0.3855
vn 0.9067 -0.1709 0.3856
vn 0.9494 -0.3028 0.0833
vn 0.9687 -0.2303 -0.0930
vn 0.9493 -0.3030 0.0833
vn 0.9396 0.1639 0.3005
vn 0.9396 0.1638 0.3006
vn 0.9776 -0.0716 0.1982
vn 0.9775 -0.0714 0.1984
vn 0.9775 -0.0714 0.1987
vn 0.9775 -0.0715 0.1985
vn 0.9774 -0.0718 0.1990
vn 0.9687 -0.2302 -0.0931
vn 0.9637 0.2546 0.0804
vn 0.9638 0.2544 0.0805
vn 0.9999 0.0130 -0.0064
vn 0.9999 0.0129 -0.0064
vn 0.9454 -0.1750 -0.2749
vn 0.9453 -0.1751 -0.2753
vn 0.9453 -0.1753 -0.2751
vn 0.8809 -0.1393 -0.4523
vn 0.8809 -0.1396 -0.4523
vn 0.8809 -0.1390 -0.4524
vn 0.9346 0.3241 -0.1464
vn 0.9729 0.0772 -0.2180
vn 0.9729 0.0775 -0.2178
vn 0.8979 0.1185 -0.4240
vn 0.8979 0.1185 -0.4239
vn 0.8980 0.1183 -0.4238
vn 0.9347 0.3238 -0.1465
vn 0.9729 0.0775 -0.2179
vn 0.9728 0.0777 -0.2181
vn 0.8543 0.3679 -0.3672
vn 0.8545 0.3675 -0.3671
vn -0.8107 -0.4840 0.3294
vn -0.8108 -0.4842 0.3289
vn -0.8917 -0.4399 0.1069
vn -0.8916 -0.4401 0.1065
vn -0.8967 -0.2786 -0.3441
vn -0.9209 -0.3700 -0.1223
vn -0.9210 -0.3699 -0.1222
vn -0.8967 -0.2785 -0.3440
vn -0.8204 -0.1709 -0.5457
vn -0.6963 -0.0535 -0.7158
vn -0.6963 -0.0534 -0.7158
vn -0.3362 0.1839 -0.9236
vn -0.3362 0.1839 -0.9237
vn -0.1214 0.2899 -0.9493
vn 0.1007 0.3792 -0.9198
vn 0.3170 0.4462 -0.8369
vn 0.3171 0.4463 -0.8368
vn 0.5146 0.4875 -0.7053
vn 0.7256 -0.3788 -0.5744
vn 0.5673 -0.5867 -0.5779
vn 0.4892 -0.5815 -0.6500
vn 0.3920 -0.5927 -0.7036
vn 0.0722 -0.9332 -0.3520
vn 0.0639 -0.9609 -0.2695
vn 0.0723 -0.9812 -0.1789
vn 0.2627 -0.9189 -0.2944
vn 0.0415 -0.9842 -0.1720
vn -0.1879 -0.9810 -0.0473
vn 0.5364 -0.7254 -0.4314
vn 0.4703 -0.7914 -0.3904
vn 0.6223 -0.6063 -0.4952
vn 0.3763 -0.3772 -0.8462
vn 0.7255 -0.3795 -0.5742
vn 0.4856 -0.7422 -0.4620
vn 0.6448 -0.3812 -0.6625
vn 0.3883 -0.4274 -0.8165
vn 0.4364 -0.7610 -0.4801
vn 0.5243 -0.4036 -0.7498
vn 0.3028 -0.4701 -0.8290
vn 0.3892 -0.7817 -0.4873
vn 0.3910 -0.4432 -0.8067
vn 0.4090 -0.8030 -0.4334
vn -0.0306 0.0870 -0.9957
vn 0.2800 -0.4910 -0.8249
vn 0.3414 -0.6766 -0.6525
vn 0.3448 -0.8038 -0.4849
vn 0.3507 -0.8285 -0.4365
vn 0.2123 -0.5195 -0.8277
vn 0.2990 -0.6946 -0.6543
vn 0.3723 -0.8179 -0.4387
vn -0.2829 0.0705 -0.9566
vn 0.2545 -0.7170 -0.6489
vn 0.1413 -0.5548 -0.8199
vn 0.3041 -0.8270 -0.4729
vn 0.3205 -0.8457 -0.4267
vn 0.0777 -0.5885 -0.8047
vn 0.2143 -0.7381 -0.6398
vn 0.3388 -0.8345 -0.4345
vn -0.4913 -0.0171 -0.8708
vn 0.0127 -0.6274 -0.7786
vn 0.1735 -0.7625 -0.6233
vn 0.2684 -0.8508 -0.4517
vn -0.0427 -0.6637 -0.7468
vn 0.2945 -0.8638 -0.4088
vn 0.1391 -0.7852 -0.6034
vn 0.3104 -0.8525 -0.4207
vn -0.6396 -0.1656 -0.7506
vn -0.0965 -0.7036 -0.7041
vn 0.1043 -0.8105 -0.5764
vn 0.2745 -0.8822 -0.3826
vn 0.0770 -0.8338 -0.5466
vn 0.2376 -0.8745 -0.4229
vn -0.1402 -0.7402 -0.6577
vn 0.2867 -0.8708 -0.3995
vn -0.1813 -0.7787 -0.6006
vn -0.7121 -0.3609 -0.6022
vn 0.0516 -0.8577 -0.5115
vn 0.2625 -0.8999 -0.3481
vn 0.2135 -0.8974 -0.3860
vn 0.0339 -0.8795 -0.4748
vn -0.2101 -0.8134 -0.5425
vn 0.2714 -0.8874 -0.3727
vn 0.2465 -0.9412 -0.2310
vn -0.2346 -0.8480 -0.4753
vn 0.0035 -0.9360 -0.3519
vn -0.6902 -0.5782 -0.4351
vn 0.0178 -0.9016 -0.4323
vn 0.2614 -0.8934 -0.3654
vn 0.2777 -0.9511 -0.1351
vn 0.0152 -0.9709 -0.2390
vn 0.0056 -0.9343 -0.3564
vn -0.5715 -0.7746 -0.2708
vn 0.2582 -0.9079 -0.3301
vn 0.3680 -0.9280 0.0589
vn -0.3880 -0.9116 -0.1360
vn 0.0710 -0.9934 -0.0905
vn 0.0115 -0.9646 -0.2635
vn -0.6687 -0.5005 0.5499
vn -0.4801 -0.4400 0.7589
vn -0.6444 -0.5405 0.5410
vn -0.2518 -0.3453 0.9041
vn -0.4070 -0.5499 0.7293
vn -0.0047 -0.2220 0.9750
vn -0.1331 -0.5114 0.8489
vn 0.2393 -0.0773 0.9679
vn 0.1529 -0.4318 0.8889
vn 0.4601 0.0766 0.8846
vn 0.4260 -0.3212 0.8458
vn 0.6393 0.2313 0.7334
vn 0.6630 -0.1920 0.7236
vn 0.7628 0.3746 0.5271
vn 0.8439 -0.0573 0.5334
vn 0.8209 0.4962 0.2826
vn 0.9538 0.0702 0.2922
vn 0.8092 0.5872 0.0192
vn 0.9837 0.1785 0.0209
vn 0.8914 0.4373 -0.1187
vn 0.7259 0.6443 -0.2408
vn 0.8443 0.4761 -0.2458
vn 0.7877 0.4898 -0.3737
vn -0.5764 -0.8153 -0.0556
vn -0.4486 -0.8925 -0.0465
vn -0.5359 -0.8424 0.0561
vn -0.4911 -0.8545 0.1691
vn -0.3533 -0.9226 0.1549
vn -0.4978 -0.7580 0.4214
vn -0.2101 -0.9208 0.3287
vn -0.2884 -0.7362 0.6123
vn -0.0322 -0.8858 0.4629
vn -0.0396 -0.6771 0.7348
vn 0.1674 -0.8200 0.5474
vn 0.2249 -0.5870 0.7778
vn 0.3739 -0.7273 0.5756
vn 0.4801 -0.4755 0.7372
vn 0.5719 -0.6132 0.5449
vn 0.7460 -0.4850 0.4564
vn 0.7021 -0.3547 0.6174
vn 0.8818 -0.3506 0.3155
vn 0.8706 -0.2379 0.4307
vn 0.9669 -0.2185 0.1316
vn 0.9709 -0.1378 0.1960
vn 0.9919 -0.0972 -0.0820
vn 0.9958 -0.0658 -0.0637
vn 0.4455 0.5169 -0.7310
vn 0.6810 0.4588 -0.5707
vn 0.1870 0.4893 -0.8518
vn 0.4761 0.3967 -0.7849
vn -0.0857 0.4230 -0.9021
vn 0.2299 0.2963 -0.9270
vn -0.3511 0.3263 -0.8776
vn -0.0328 0.1648 -0.9858
vn -0.5887 0.2094 -0.7808
vn -0.2871 0.0123 -0.9578
vn -0.7808 0.0833 -0.6192
vn -0.5093 -0.1492 -0.8475
vn -0.9129 -0.0409 -0.4060
vn -0.6798 -0.3076 -0.6658
vn -0.9757 -0.1523 -0.1578
vn -0.7832 -0.4494 -0.4297
vn -0.9644 -0.2423 0.1059
vn -0.8107 -0.5631 -0.1604
vn -0.8869 -0.4475 0.1149
vn -0.8812 -0.2990 0.3661
vn -0.8490 -0.4655 0.2499
vn -0.7876 -0.4899 0.3738
vn 0.9649 -0.0488 -0.2580
vn 0.9258 -0.1682 -0.3385
vn 0.9278 -0.0288 -0.3721
vn 0.8770 -0.0034 -0.4805
vn 0.8304 -0.1377 -0.5399
vn 0.7550 0.1866 -0.6287
vn 0.6869 -0.1391 -0.7133
vn 0.5476 0.1601 -0.8213
vn 0.5067 -0.1688 -0.8454
vn 0.3045 0.0885 -0.9484
vn 0.3026 -0.2244 -0.9263
vn 0.0488 -0.0215 -0.9986
vn 0.0892 -0.3020 -0.9491
vn -0.1941 -0.1601 -0.9678
vn -0.1182 -0.3954 -0.9109
vn -0.3043 -0.4970 -0.8127
vn -0.4009 -0.3148 -0.8604
vn -0.4550 -0.5981 -0.6597
vn -0.5513 -0.4715 -0.6882
vn -0.5583 -0.6897 -0.4611
vn -0.6313 -0.6170 -0.4698
vn -0.6054 -0.7621 -0.2298
vn -0.6337 -0.7391 -0.2283
vn 0.3241 -0.9011 -0.2882
vn 0.3293 -0.9003 -0.2845
vn 0.3277 -0.8999 -0.2879
vn 0.4460 -0.8224 -0.3532
vn 0.4441 -0.8224 -0.3556
vn 0.4419 -0.8241 -0.3544
vn 0.4431 -0.8232 -0.3550
vn 0.4390 -0.8249 -0.3562
vn 0.4409 -0.8249 -0.3539
vn 0.6150 -0.6127 -0.4963
vn 0.6143 -0.6143 -0.4952
vn 0.6130 -0.6143 -0.4968
vn 0.5382 -0.7266 -0.4270
vn 0.5362 -0.7266 -0.4296
vn 0.5337 -0.7273 -0.4316
vn 0.6166 -0.6120 -0.4952
vn 0.6146 -0.6136 -0.4957
vn 0.6154 -0.6120 -0.4967
vn 0.5351 -0.7269 -0.4304
vn 0.5305 -0.7275 -0.4350
vn 0.5326 -0.7276 -0.4324
vn 0.4266 -0.8264 -0.3674
vn 0.4270 -0.8263 -0.3673
vn 0.4268 -0.8252 -0.3699
vn 0.4282 -0.8254 -0.3680
vn 0.4266 -0.8270 -0.3663
vn 0.4268 -0.8257 -0.3688
vn 0.5466 -0.6158 -0.5674
vn 0.5487 -0.6149 -0.5664
vn 0.5468 -0.6152 -0.5679
vn 0.4617 -0.6383 -0.6159
vn 0.4644 -0.6375 -0.6148
vn 0.4630 -0.6379 -0.6154
vn 0.4931 -0.7309 -0.4719
vn 0.4862 -0.7324 -0.4767
vn 0.4895 -0.7319 -0.4741
vn 0.4979 -0.7299 -0.4684
vn 0.4946 -0.7305 -0.4709
vn 0.4910 -0.7314 -0.4732
vn 0.5477 -0.6158 -0.5664
vn 0.5478 -0.6153 -0.5669
vn 0.5458 -0.6162 -0.5679
vn 0.4093 -0.8285 -0.3821
vn 0.4094 -0.8282 -0.3827
vn 0.4114 -0.8277 -0.3817
vn 0.4105 -0.8283 -0.3814
vn 0.4085 -0.8288 -0.3823
vn 0.4106 -0.8280 -0.3819
vn 0.3737 -0.6689 -0.6425
vn 0.3802 -0.6629 -0.6450
vn 0.3752 -0.6649 -0.6459
vn 0.4519 -0.7386 -0.5003
vn 0.4461 -0.7402 -0.5030
vn 0.4412 -0.7443 -0.5013
vn 0.4612 -0.6386 -0.6161
vn 0.4625 -0.6381 -0.6156
vn 0.4599 -0.6389 -0.6167
vn 0.4440 -0.7420 -0.5023
vn 0.4333 -0.7477 -0.5032
vn 0.4391 -0.7461 -0.5005
vn 0.3908 -0.8356 -0.3860
vn 0.3907 -0.8354 -0.3867
vn 0.3943 -0.8340 -0.3859
vn 0.3929 -0.8350 -0.3853
vn 0.3893 -0.8363 -0.3860
vn 0.3929 -0.8347 -0.3860
vn 0.3887 -0.7603 -0.5204
vn 0.3874 -0.7603 -0.5214
vn 0.3878 -0.7607 -0.5206
vn 0.3872 -0.7602 -0.5217
vn 0.3863 -0.7605 -0.5219
vn 0.3876 -0.7605 -0.5209
vn 0.3731 -0.6706 -0.6411
vn 0.3746 -0.6666 -0.6444
vn 0.3681 -0.6725 -0.6420
vn 0.3730 -0.8435 -0.3866
vn 0.3721 -0.8433 -0.3878
vn 0.3737 -0.8425 -0.3879
vn 0.3744 -0.8430 -0.3862
vn 0.3728 -0.8438 -0.3860
vn 0.3734 -0.8429 -0.3874
vn 0.2832 -0.7043 -0.6510
vn 0.2823 -0.7072 -0.6482
vn 0.2829 -0.7043 -0.6511
vn 0.3347 -0.7853 -0.5208
vn 0.3310 -0.7871 -0.5205
vn 0.3325 -0.7845 -0.5235
vn 0.3316 -0.7860 -0.5218
vn 0.3293 -0.7853 -0.5244
vn 0.3330 -0.7835 -0.5247
vn 0.2809 -0.7057 -0.6505
vn 0.2827 -0.7060 -0.6494
vn 0.2836 -0.7030 -0.6522
vn 0.3381 -0.8638 -0.3734
vn 0.3411 -0.8623 -0.3743
vn 0.3433 -0.8606 -0.3761
vn 0.3559 -0.8522 -0.3835
vn 0.3517 -0.8564 -0.3779
vn 0.3555 -0.8542 -0.3794
vn 0.2810 -0.8118 -0.5119
vn 0.2810 -0.8118 -0.5118
vn 0.2781 -0.8135 -0.5108
vn 0.3599 -0.8491 -0.3867
vn 0.3561 -0.8513 -0.3853
vn 0.3557 -0.8534 -0.3811
vn 0.1965 -0.7526 -0.6284
vn 0.1998 -0.7523 -0.6277
vn 0.1971 -0.7540 -0.6266
vn 0.1245 -0.8003 -0.5865
vn 0.1267 -0.7988 -0.5881
vn 0.1279 -0.8008 -0.5852
vn 0.2822 -0.8111 -0.5123
vn 0.2794 -0.8128 -0.5112
vn 0.1979 -0.7511 -0.6298
vn 0.1985 -0.7525 -0.6280
vn 0.1952 -0.7527 -0.6287
vn 0.3372 -0.8644 -0.3729
vn 0.3350 -0.8661 -0.3710
vn 0.3400 -0.8629 -0.3739
vn 0.2347 -0.8409 -0.4877
vn 0.2350 -0.8416 -0.4863
vn 0.2336 -0.8416 -0.4870
vn 0.1231 -0.8001 -0.5871
vn 0.1265 -0.8006 -0.5857
vn 0.1264 -0.8008 -0.5855
vn 0.2344 -0.8416 -0.4866
vn 0.2342 -0.8417 -0.4865
vn 0.2330 -0.8416 -0.4873
vn 0.3305 -0.8720 -0.3611
vn 0.3256 -0.8745 -0.3594
vn 0.3284 -0.8735 -0.3594
vn 0.3343 -0.8705 -0.3614
vn 0.3314 -0.8714 -0.3618
vn 0.3293 -0.8729 -0.3601
vn 0.1984 -0.8724 -0.4467
vn 0.1985 -0.8724 -0.4467
vn 0.1969 -0.8716 -0.4489
vn 0.1992 -0.8727 -0.4458
vn 0.1965 -0.8729 -0.4466
vn 0.1977 -0.8719 -0.4480
vn 0.0660 -0.8490 -0.5242
vn 0.0663 -0.8497 -0.5231
vn 0.0671 -0.8491 -0.5240
vn 0.0648 -0.8492 -0.5241
vn 0.0662 -0.8495 -0.5235
vn 0.0659 -0.8488 -0.5246
vn 0.3202 -0.8827 -0.3441
vn 0.3124 -0.8864 -0.3417
vn 0.3143 -0.8834 -0.3476
vn 0.3246 -0.8793 -0.3485
vn 0.3227 -0.8823 -0.3426
vn 0.3168 -0.8831 -0.3462
vn 0.1742 -0.8998 -0.3999
vn 0.1785 -0.9010 -0.3953
vn 0.1801 -0.8984 -0.4006
vn 0.0284 -0.8955 -0.4442
vn 0.0142 -0.9347 -0.3551
vn 0.0142 -0.9344 -0.3560
vn 0.0142 -0.9346 -0.3555
vn 0.1734 -0.8978 -0.4049
vn 0.1718 -0.9005 -0.3996
vn 0.1777 -0.8990 -0.4003
vn 0.0284 -0.8955 -0.4441
vn 0.3142 -0.8910 -0.3277
vn 0.3137 -0.8921 -0.3251
vn 0.3097 -0.8926 -0.3276
vn 0.3154 -0.8889 -0.3322
vn 0.3160 -0.8903 -0.3278
vn 0.3116 -0.8919 -0.3277
vn 0.1681 -0.9233 -0.3453
vn 0.1696 -0.9233 -0.3446
vn 0.1680 -0.9242 -0.3430
vn 0.0142 -0.9348 -0.3550
vn 0.0142 -0.9346 -0.3554
vn 0.0142 -0.9349 -0.3545
vn 0.1703 -0.9229 -0.3453
vn 0.1702 -0.9238 -0.3430
vn 0.1687 -0.9238 -0.3437
vn 0.3159 -0.8977 -0.3071
vn 0.3176 -0.8978 -0.3052
vn 0.3173 -0.8974 -0.3066
vn 0.3150 -0.8975 -0.3087
vn 0.3153 -0.8979 -0.3073
vn 0.3167 -0.8976 -0.3068
vn 0.3227 -0.9015 -0.2883
vn 0.3262 -0.9004 -0.2880
vn 0.3211 -0.9010 -0.2916
vn 0.1896 -0.9541 -0.2317
vn 0.1897 -0.9541 -0.2317
vn 0.1892 -0.9540 -0.2325
vn 0.0525 -0.9850 -0.1645
vn 0.0505 -0.9844 -0.1687
vn 0.0550 -0.9839 -0.1701
vn 0.0224 -0.9653 -0.2602
vn 0.0226 -0.9652 -0.2605
vn 0.0203 -0.9651 -0.2611
vn 0.1706 -0.9414 -0.2908
vn 0.1712 -0.9422 -0.2879
vn 0.1742 -0.9416 -0.2880
vn 0.1725 -0.9420 -0.2880
vn 0.1761 -0.9422 -0.2852
vn 0.1755 -0.9414 -0.2881
vn 0.0213 -0.9651 -0.2609
vn 0.0237 -0.9653 -0.2602
vn 0.0213 -0.9655 -0.2596
vn 0.0524 -0.9842 -0.1693
vn 0.0548 -0.9831 -0.1749
vn 0.0569 -0.9837 -0.1707
vn 0.1894 -0.9540 -0.2322
vn 0.1899 -0.9541 -0.2314
vn 0.1895 -0.9540 -0.2322
vn 0.3353 -0.9025 -0.2702
vn 0.3362 -0.9019 -0.2712
vn 0.3358 -0.9025 -0.2699
vn 0.3360 -0.9022 -0.2706
vn 0.3356 -0.9023 -0.2708
vn 0.3356 -0.9027 -0.2693
vn 0.1017 -0.9911 -0.0853
vn 0.1043 -0.9909 -0.0854
vn 0.1017 -0.9912 -0.0853
vn 0.2235 -0.9569 -0.1855
vn 0.2270 -0.9569 -0.1812
vn 0.2216 -0.9580 -0.1821
vn 0.1028 -0.9911 -0.0840
vn 0.1032 -0.9910 -0.0854
vn 0.1006 -0.9913 -0.0853
vn 0.2247 -0.9574 -0.1815
vn 0.2228 -0.9585 -0.1781
vn 0.2193 -0.9585 -0.1824
vn 0.3519 -0.9002 -0.2566
vn 0.3511 -0.9011 -0.2545
vn 0.3465 -0.9018 -0.2581
vn 0.3496 -0.9002 -0.2596
vn 0.3542 -0.8995 -0.2560
vn 0.3488 -0.9011 -0.2575
vn 0.1738 -0.9847 -0.0152
vn 0.1743 -0.9846 -0.0159
vn 0.1750 -0.9845 -0.0154
vn 0.2554 -0.9662 0.0358
vn 0.2536 -0.9666 0.0361
vn 0.2546 -0.9664 0.0365
vn 0.1732 -0.9848 -0.0157
vn 0.1741 -0.9846 -0.0156
vn 0.1735 -0.9847 -0.0149
vn 0.2645 -0.9543 -0.1393
vn 0.2670 -0.9539 -0.1371
vn 0.2658 -0.9541 -0.1382
vn 0.2629 -0.9545 -0.1409
vn 0.2640 -0.9543 -0.1397
vn 0.2653 -0.9541 -0.1387
vn 0.3683 -0.8961 -0.2478
vn 0.3689 -0.8963 -0.2461
vn 0.3677 -0.8966 -0.2467
vn 0.3673 -0.8962 -0.2489
vn 0.3686 -0.8958 -0.2484
vn 0.3679 -0.8964 -0.2473
vn 0.3474 -0.9356 0.0624
vn 0.3445 -0.9366 0.0635
vn 0.3463 -0.9360 0.0638
vn 0.3149 -0.9428 -0.1090
vn 0.3172 -0.9422 -0.1080
vn 0.3147 -0.9430 -0.1083
vn 0.2557 -0.9661 0.0355
vn 0.2549 -0.9663 0.0362
vn 0.2567 -0.9658 0.0360
vn 0.3161 -0.9425 -0.1081
vn 0.3159 -0.9427 -0.1074
vn 0.3137 -0.9433 -0.1085
vn 0.3854 -0.8910 -0.2400
vn 0.3923 -0.8875 -0.2418
vn 0.3883 -0.8890 -0.2426
vn 0.3801 -0.8933 -0.2397
vn 0.3842 -0.8918 -0.2390
vn 0.3871 -0.8899 -0.2415
vn 0.3695 -0.9248 -0.0906
vn 0.3707 -0.9243 -0.0903
vn 0.3720 -0.9238 -0.0904
vn 0.3710 -0.9242 -0.0901
vn 0.3738 -0.9231 -0.0902
vn 0.3726 -0.9236 -0.0905
vn 0.3478 -0.9355 0.0617
vn 0.3467 -0.9358 0.0632
vn 0.3496 -0.9348 0.0621
vn 0.4043 -0.8822 -0.2412
vn 0.4054 -0.8821 -0.2398
vn 0.4040 -0.8828 -0.2397
vn 0.4030 -0.8827 -0.2417
vn 0.4044 -0.8820 -0.2418
vn 0.4042 -0.8825 -0.2404
vn 0.4382 -0.8962 0.0687
vn 0.4362 -0.8972 0.0685
vn 0.4382 -0.8963 0.0683
vn 0.4261 -0.9004 -0.0875
vn 0.4232 -0.9017 -0.0885
vn 0.4255 -0.9008 -0.0862
vn 0.4242 -0.9013 -0.0875
vn 0.4236 -0.9019 -0.0845
vn 0.4266 -0.9004 -0.0853
vn 0.4370 -0.8968 0.0689
vn 0.4370 -0.8968 0.0686
vn 0.4390 -0.8959 0.0687
vn 0.4228 -0.8725 -0.2451
vn 0.4238 -0.8724 -0.2436
vn 0.4205 -0.8743 -0.2424
vn 0.4204 -0.8736 -0.2450
vn 0.4237 -0.8717 -0.2463
vn 0.4215 -0.8735 -0.2435
vn 0.5245 -0.8501 0.0481
vn 0.5264 -0.8488 0.0498
vn 0.5287 -0.8474 0.0489
vn 0.5214 -0.8520 0.0482
vn 0.5256 -0.8493 0.0490
vn 0.5237 -0.8506 0.0473
vn 0.4782 -0.8727 -0.0988
vn 0.4767 -0.8736 -0.0983
vn 0.4782 -0.8728 -0.0975
vn 0.4774 -0.8732 -0.0980
vn 0.4778 -0.8732 -0.0959
vn 0.4789 -0.8725 -0.0972
vn 0.4354 -0.8640 -0.2529
vn 0.4365 -0.8631 -0.2540
vn 0.4387 -0.8632 -0.2500
vn 0.4327 -0.8662 -0.2501
vn 0.4339 -0.8644 -0.2541
vn 0.4373 -0.8635 -0.2512
vn 0.5222 -0.8441 -0.1215
vn 0.5210 -0.8444 -0.1243
vn 0.5276 -0.8401 -0.1259
vn 0.5988 -0.8009 0.0033
vn 0.6007 -0.7994 0.0047
vn 0.6026 -0.7980 0.0032
vn 0.5961 -0.8029 0.0041
vn 0.5999 -0.8001 0.0041
vn 0.5980 -0.8015 0.0026
vn 0.5182 -0.8463 -0.1236
vn 0.5237 -0.8423 -0.1280
vn 0.5249 -0.8419 -0.1252
vn 0.4579 -0.8427 -0.2831
vn 0.4548 -0.8432 -0.2866
vn 0.4535 -0.8453 -0.2826
vn 0.4498 -0.8527 -0.2657
vn 0.4482 -0.8526 -0.2687
vn 0.4462 -0.8545 -0.2658
vn 0.4493 -0.8539 -0.2628
vn 0.4512 -0.8519 -0.2657
vn 0.4477 -0.8538 -0.2658
vn 0.5590 -0.8131 -0.1627
vn 0.5597 -0.8124 -0.1636
vn 0.5605 -0.8123 -0.1615
vn 0.6567 -0.7519 -0.0580
vn 0.6558 -0.7525 -0.0613
vn 0.6576 -0.7510 -0.0588
vn 0.6943 -0.7065 -0.1372
vn 0.6942 -0.7069 -0.1356
vn 0.6909 -0.7098 -0.1372
vn 0.6568 -0.7517 -0.0601
vn 0.6562 -0.7522 -0.0599
vn 0.6571 -0.7517 -0.0566
vn 0.5574 -0.8144 -0.1613
vn 0.5581 -0.8135 -0.1632
vn 0.5598 -0.8126 -0.1620
vn 0.4591 -0.8426 -0.2816
vn 0.4604 -0.8405 -0.2857
vn 0.4561 -0.8430 -0.2851
vn 0.6957 -0.7051 -0.1372
vn 0.6923 -0.7084 -0.1372
vn 0.6926 -0.7084 -0.1359
vn 0.5820 -0.7851 -0.2119
vn 0.5855 -0.7824 -0.2124
vn 0.5845 -0.7840 -0.2091
vn 0.7082 -0.6685 -0.2270
vn 0.7070 -0.6700 -0.2264
vn 0.7071 -0.6694 -0.2278
vn 0.5800 -0.7871 -0.2099
vn 0.5809 -0.7856 -0.2130
vn 0.5834 -0.7845 -0.2103
vn 0.4610 -0.8378 -0.2924
vn 0.4613 -0.8354 -0.2988
vn 0.4552 -0.8381 -0.3006
vn 0.4587 -0.8366 -0.2995
vn 0.4529 -0.8368 -0.3078
vn 0.4527 -0.8392 -0.3014
vn 0.5946 -0.7588 -0.2659
vn 0.5931 -0.7590 -0.2687
vn 0.5929 -0.7598 -0.2668
vn 0.7086 -0.6682 -0.2268
vn 0.7076 -0.6690 -0.2275
vn 0.7087 -0.6676 -0.2283
vn 0.5952 -0.7591 -0.2637
vn 0.5952 -0.7584 -0.2656
vn 0.5937 -0.7593 -0.2664
vn 0.4545 -0.8239 -0.3385
vn 0.4519 -0.8250 -0.3394
vn 0.5665 -0.7315 -0.3795
vn 0.5669 -0.7316 -0.3785
vn 0.5673 -0.7310 -0.3792
vn 0.4575 -0.8308 -0.3168
vn 0.4575 -0.8305 -0.3177
vn 0.4574 -0.8302 -0.3188
vn 0.4530 -0.8245 -0.3391
vn 0.4556 -0.8234 -0.3382
vn 0.4537 -0.8235 -0.3405
vn 0.4575 -0.8303 -0.3183
vn 0.4573 -0.8296 -0.3204
vn 0.4573 -0.8301 -0.3192
vn 0.6684 -0.6177 -0.4143
vn 0.6690 -0.6179 -0.4130
vn 0.6697 -0.6181 -0.4116
vn 0.6985 -0.6400 -0.3202
vn 0.6984 -0.6397 -0.3210
vn 0.7005 -0.6379 -0.3200
vn 0.6996 -0.6386 -0.3204
vn 0.6974 -0.6405 -0.3214
vn 0.6985 -0.6384 -0.3234
vn 0.6693 -0.6180 -0.4124
vn 0.6707 -0.6183 -0.4097
vn 0.6700 -0.6181 -0.4111
vn 0.5889 -0.7414 -0.3217
vn 0.5885 -0.7410 -0.3235
vn 0.5877 -0.7410 -0.3250
vn 0.5675 -0.7307 -0.3795
vn 0.5671 -0.7314 -0.3788
vn 0.5680 -0.7308 -0.3786
vn 0.5881 -0.7410 -0.3240
vn 0.5868 -0.7406 -0.3273
vn 0.5872 -0.7411 -0.3256
vn 0.7538 -0.4926 -0.4348
vn 0.7527 -0.4925 -0.4370
vn 0.7532 -0.4927 -0.4358
vn -0.0141 -0.9999 0.0097
vn -0.0134 -0.9999 0.0106
vn -0.0139 -0.9999 0.0096
vn -0.0136 -0.9999 0.0101
vn -0.0134 -0.9999 0.0100
vn -0.0141 -0.9999 0.0092
vn -0.1364 -0.9855 0.1008
vn -0.1319 -0.9855 0.1064
vn -0.1390 -0.9845 0.1070
vn -0.2542 -0.9464 0.1994
vn -0.2533 -0.9465 0.2001
vn -0.2537 -0.9464 0.1997
vn -0.2535 -0.9465 0.1999
vn -0.2529 -0.9465 0.2003
vn -0.2523 -0.9467 0.2004
vn -0.1349 -0.9851 0.1066
vn -0.1375 -0.9840 0.1129
vn -0.1419 -0.9840 0.1073
vn 0.0833 -0.9910 0.1045
vn 0.0829 -0.9908 0.1073
vn 0.0805 -0.9912 0.1055
vn 0.0822 -0.9913 0.1024
vn 0.0845 -0.9910 0.1041
vn 0.0818 -0.9911 0.1051
vn -0.1165 -0.9332 0.3401
vn -0.1121 -0.9346 0.3376
vn -0.1130 -0.9328 0.3423
vn 0.0483 -0.8968 0.4398
vn 0.0487 -0.8978 0.4377
vn 0.0517 -0.8970 0.4391
vn -0.0160 -0.9745 0.2238
vn -0.0166 -0.9741 0.2255
vn -0.0188 -0.9745 0.2236
vn -0.1150 -0.9343 0.3375
vn -0.1140 -0.9340 0.3386
vn -0.1183 -0.9326 0.3410
vn -0.0169 -0.9749 0.2220
vn -0.0147 -0.9745 0.2237
vn -0.0176 -0.9745 0.2238
vn 0.1949 -0.9651 0.1747
vn 0.1948 -0.9651 0.1751
vn 0.1931 -0.9656 0.1743
vn 0.1941 -0.9654 0.1741
vn 0.1957 -0.9649 0.1749
vn 0.1939 -0.9654 0.1745
vn 0.0469 -0.8967 0.4401
vn 0.0503 -0.8969 0.4394
vn 0.0499 -0.8959 0.4415
vn 0.1226 -0.9426 0.3108
vn 0.1244 -0.9420 0.3116
vn 0.1227 -0.9427 0.3103
vn 0.1238 -0.9423 0.3111
vn 0.1241 -0.9424 0.3106
vn 0.1220 -0.9430 0.3097
vn 0.3159 -0.9243 0.2140
vn 0.3159 -0.9242 0.2148
vn 0.3149 -0.9246 0.2146
vn 0.4381 -0.8722 0.2177
vn 0.4396 -0.8708 0.2201
vn 0.4371 -0.8720 0.2203
vn 0.3152 -0.9247 0.2135
vn 0.3163 -0.9243 0.2137
vn 0.3153 -0.9245 0.2143
vn 0.2740 -0.8923 0.3589
vn 0.2748 -0.8923 0.3581
vn 0.2751 -0.8919 0.3591
vn 0.2287 -0.8377 0.4960
vn 0.2291 -0.8371 0.4968
vn 0.2302 -0.8367 0.4970
vn 0.2275 -0.8383 0.4955
vn 0.2290 -0.8373 0.4965
vn 0.2285 -0.8379 0.4956
vn 0.2746 -0.8926 0.3575
vn 0.2757 -0.8923 0.3575
vn 0.2750 -0.8921 0.3584
vn 0.5546 -0.8096 0.1923
vn 0.5523 -0.8120 0.1888
vn 0.5483 -0.8143 0.1904
vn 0.4380 -0.8724 0.2169
vn 0.4404 -0.8712 0.2167
vn 0.4391 -0.8713 0.2192
vn 0.4091 -0.7591 0.5063
vn 0.4114 -0.7555 0.5099
vn 0.4164 -0.7530 0.5095
vn 0.5812 -0.6671 0.4661
vn 0.5808 -0.6672 0.4664
vn 0.5799 -0.6694 0.4644
vn 0.4287 -0.8257 0.3666
vn 0.4280 -0.8256 0.3676
vn 0.4295 -0.8248 0.3677
vn 0.4031 -0.7630 0.5052
vn 0.4104 -0.7570 0.5084
vn 0.4082 -0.7606 0.5048
vn 0.4295 -0.8252 0.3668
vn 0.4283 -0.8261 0.3661
vn 0.4292 -0.8252 0.3672
vn 0.5556 -0.8085 0.1939
vn 0.5595 -0.8062 0.1923
vn 0.5533 -0.8110 0.1903
vn 0.5737 -0.7482 0.3333
vn 0.5743 -0.7477 0.3335
vn 0.5738 -0.7478 0.3339
vn 0.5817 -0.6661 0.4668
vn 0.5804 -0.6684 0.4651
vn 0.5798 -0.6685 0.4657
vn 0.5731 -0.7487 0.3332
vn 0.5737 -0.7483 0.3330
vn 0.5738 -0.7480 0.3336
vn 0.6533 -0.7450 0.1348
vn 0.6559 -0.7425 0.1359
vn 0.6539 -0.7440 0.1374
vn 0.7372 -0.6739 0.0498
vn 0.7363 -0.6749 0.0496
vn 0.7357 -0.6755 0.0504
vn 0.6510 -0.7469 0.1353
vn 0.6530 -0.7455 0.1337
vn 0.6537 -0.7444 0.1363
vn 0.7279 -0.5713 0.3791
vn 0.7269 -0.5721 0.3799
vn 0.7279 -0.5714 0.3791
vn 0.8430 -0.4754 0.2517
vn 0.8411 -0.4765 0.2560
vn 0.8424 -0.4753 0.2541
vn 0.6955 -0.6698 0.2602
vn 0.6984 -0.6659 0.2623
vn 0.7022 -0.6626 0.2605
vn 0.7274 -0.5717 0.3796
vn 0.7273 -0.5718 0.3795
vn 0.7284 -0.5709 0.3788
vn 0.7000 -0.6646 0.2616
vn 0.7069 -0.6573 0.2613
vn 0.7038 -0.6612 0.2598
vn 0.7374 -0.6736 0.0496
vn 0.7381 -0.6730 0.0487
vn 0.7366 -0.6745 0.0496
vn 0.7982 -0.5822 0.1549
vn 0.9180 -0.3839 0.0994
vn 0.9175 -0.3851 0.0991
vn 0.9183 -0.3838 0.0965
vn 0.8433 -0.4755 0.2506
vn 0.8426 -0.4754 0.2531
vn 0.8445 -0.4743 0.2488
vn 0.7981 -0.5823 0.1548
vn 0.7882 -0.6127 -0.0585
vn 0.7880 -0.6127 -0.0597
vn 0.7877 -0.6132 -0.0590
vn 0.8109 -0.5566 -0.1808
vn 0.8083 -0.5604 -0.1808
vn 0.8081 -0.5621 -0.1763
vn 0.7882 -0.6128 -0.0574
vn 0.7884 -0.6124 -0.0582
vn 0.7879 -0.6130 -0.0588
vn 0.8639 -0.5033 0.0196
vn 0.8648 -0.5018 0.0189
vn 0.8643 -0.5026 0.0188
vn 0.9494 -0.3042 -0.0788
vn 0.9501 -0.3028 -0.0756
vn 0.9501 -0.3019 -0.0780
vn 0.9178 -0.3840 0.1007
vn 0.9182 -0.3839 0.0978
vn 0.9186 -0.3827 0.0982
vn 0.8631 -0.5046 0.0196
vn 0.8637 -0.5036 0.0199
vn 0.8641 -0.5030 0.0192
vn 0.8121 -0.5548 -0.1807
vn 0.8123 -0.5531 -0.1852
vn 0.8094 -0.5587 -0.1808
vn 0.8896 -0.4375 -0.1311
vn 0.8896 -0.4368 -0.1334
vn 0.8887 -0.4389 -0.1326
vn 0.9490 -0.3053 -0.0791
vn 0.9498 -0.3028 -0.0783
vn 0.9491 -0.3042 -0.0815
vn 0.8892 -0.4377 -0.1331
vn 0.8884 -0.4389 -0.1346
vn 0.8884 -0.4397 -0.1323
vn 0.7996 -0.5157 -0.3077
vn 0.7976 -0.5165 -0.3117
vn 0.7981 -0.5171 -0.3093
vn 0.8225 -0.3514 -0.4471
vn 0.8229 -0.3514 -0.4465
vn 0.8226 -0.3521 -0.4465
vn 0.8008 -0.5158 -0.3046
vn 0.8002 -0.5151 -0.3070
vn 0.7988 -0.5165 -0.3086
vn 0.7543 -0.4925 -0.4342
vn 0.7536 -0.4926 -0.4353
vn 0.7547 -0.4927 -0.4332
vn 0.8775 -0.3858 -0.2849
vn 0.8767 -0.3848 -0.2886
vn 0.8749 -0.3867 -0.2917
vn 0.8759 -0.3856 -0.2899
vn 0.8733 -0.3864 -0.2967
vn 0.8741 -0.3874 -0.2929
vn 0.9326 -0.2451 -0.2650
vn 0.9327 -0.2441 -0.2653
vn 0.9322 -0.2449 -0.2665
vn 0.8692 -0.2049 -0.4501
vn 0.8704 -0.2053 -0.4476
vn 0.8695 -0.2080 -0.4480
vn 0.8224 -0.3525 -0.4465
vn 0.8227 -0.3518 -0.4465
vn 0.8229 -0.3527 -0.4456
vn 0.9325 -0.2444 -0.2660
vn 0.9330 -0.2438 -0.2649
vn 0.9327 -0.2433 -0.2662
vn 0.8700 -0.2064 -0.4477
vn 0.8704 -0.2094 -0.4456
vn 0.8692 -0.2091 -0.4481
vn -0.0862 -0.9909 -0.1038
vn -0.0883 -0.9911 -0.0995
vn -0.0898 -0.9906 -0.1028
vn -0.3525 -0.9352 0.0341
vn -0.3555 -0.9340 0.0357
vn -0.3558 -0.9339 0.0342
vn 0.6835 -0.4824 -0.5478
vn 0.6826 -0.4824 -0.5490
vn 0.6835 -0.4816 -0.5485
vn 0.6830 -0.4821 -0.5488
vn 0.6832 -0.4812 -0.5493
vn 0.6840 -0.4812 -0.5483
vn 0.7659 -0.1941 -0.6129
vn 0.7666 -0.1881 -0.6140
vn 0.7628 -0.1881 -0.6187
vn 0.7367 -0.3416 -0.5836
vn 0.7351 -0.3406 -0.5861
vn 0.7332 -0.3403 -0.5887
vn 0.7695 -0.1966 -0.6077
vn 0.7662 -0.1907 -0.6136
vn 0.7656 -0.1966 -0.6125
vn 0.7343 -0.3405 -0.5872
vn 0.7307 -0.3393 -0.5924
vn 0.7324 -0.3402 -0.5898
vn 0.5882 -0.4911 -0.6426
vn 0.5809 -0.4962 -0.6452
vn 0.5852 -0.4955 -0.6418
vn 0.5936 -0.4884 -0.6396
vn 0.5894 -0.4891 -0.6429
vn 0.5864 -0.4937 -0.6422
vn 0.6244 -0.2051 -0.7537
vn 0.6260 -0.2024 -0.7531
vn 0.6236 -0.2028 -0.7550
vn 0.6263 -0.2058 -0.7520
vn 0.6253 -0.2035 -0.7533
vn 0.6238 -0.2062 -0.7539
vn 0.6151 -0.3553 -0.7038
vn 0.6127 -0.3558 -0.7057
vn 0.6147 -0.3534 -0.7051
vn 0.6134 -0.3548 -0.7056
vn 0.6130 -0.3529 -0.7069
vn 0.6156 -0.3524 -0.7049
vn 0.4766 -0.5144 -0.7129
vn 0.4735 -0.5117 -0.7169
vn 0.4775 -0.5106 -0.7151
vn 0.4801 -0.5149 -0.7102
vn 0.4762 -0.5160 -0.7120
vn 0.4771 -0.5122 -0.7142
vn 0.4614 -0.2417 -0.8536
vn 0.4634 -0.2481 -0.8507
vn 0.4569 -0.2499 -0.8537
vn 0.2845 -0.3055 -0.9087
vn 0.2846 -0.3046 -0.9090
vn 0.2838 -0.3048 -0.9092
vn 0.4821 -0.3794 -0.7897
vn 0.4755 -0.3813 -0.7928
vn 0.4722 -0.3879 -0.7915
vn 0.4670 -0.2371 -0.8519
vn 0.4626 -0.2454 -0.8519
vn 0.4606 -0.2390 -0.8548
vn 0.4741 -0.3841 -0.7923
vn 0.4641 -0.3926 -0.7940
vn 0.4708 -0.3908 -0.7910
vn 0.3515 -0.5560 -0.7532
vn 0.3512 -0.5571 -0.7525
vn 0.3526 -0.5566 -0.7523
vn 0.3524 -0.5552 -0.7534
vn 0.3510 -0.5557 -0.7536
vn 0.3521 -0.5563 -0.7527
vn 0.3246 -0.4371 -0.8388
vn 0.3209 -0.4353 -0.8412
vn 0.3213 -0.4384 -0.8394
vn 0.2848 -0.3060 -0.9084
vn 0.2842 -0.3053 -0.9089
vn 0.2839 -0.3063 -0.9086
vn 0.3207 -0.4339 -0.8419
vn 0.3174 -0.4352 -0.8425
vn 0.3212 -0.4371 -0.8401
vn 0.2283 -0.6108 -0.7582
vn 0.2279 -0.6104 -0.7586
vn 0.2308 -0.6090 -0.7589
vn 0.1114 -0.6752 -0.7291
vn 0.1136 -0.6723 -0.7315
vn 0.1112 -0.6698 -0.7341
vn 0.2300 -0.6103 -0.7581
vn 0.2272 -0.6115 -0.7579
vn 0.2297 -0.6097 -0.7586
vn 0.1043 -0.3829 -0.9179
vn 0.1036 -0.3838 -0.9176
vn 0.1045 -0.3848 -0.9171
vn 0.1043 -0.3813 -0.9186
vn 0.1040 -0.3834 -0.9177
vn 0.1049 -0.3824 -0.9180
vn 0.1672 -0.4990 -0.8503
vn 0.1659 -0.4996 -0.8502
vn 0.1666 -0.4993 -0.8502
vn 0.1681 -0.4985 -0.8504
vn 0.1675 -0.4988 -0.8504
vn 0.1669 -0.4992 -0.8502
vn 0.1104 -0.6765 -0.7281
vn 0.1136 -0.6784 -0.7259
vn 0.1126 -0.6736 -0.7305
vn -0.0656 -0.4693 -0.8806
vn -0.0657 -0.4742 -0.8780
vn -0.0649 -0.4694 -0.8806
vn -0.0685 -0.4713 -0.8793
vn -0.0657 -0.4721 -0.8791
vn -0.0655 -0.4673 -0.8817
vn 0.0293 -0.5771 -0.8161
vn 0.0229 -0.5810 -0.8136
vn 0.0217 -0.5746 -0.8182
vn 0.0224 -0.5783 -0.8155
vn 0.0148 -0.5757 -0.8175
vn 0.0213 -0.5719 -0.8200
vn 0.0081 -0.7403 -0.6722
vn 0.0073 -0.7399 -0.6727
vn 0.0095 -0.7383 -0.6744
vn 0.0097 -0.7395 -0.6731
vn 0.0075 -0.7411 -0.6714
vn 0.0089 -0.7391 -0.6735
vn -0.2130 -0.5684 -0.7947
vn -0.2161 -0.5684 -0.7939
vn -0.2182 -0.5700 -0.7921
vn -0.2095 -0.5669 -0.7967
vn -0.2148 -0.5684 -0.7942
vn -0.2117 -0.5685 -0.7950
vn -0.1048 -0.6598 -0.7441
vn -0.1065 -0.6610 -0.7428
vn -0.1042 -0.6619 -0.7423
vn -0.1055 -0.6614 -0.7426
vn -0.1050 -0.6635 -0.7408
vn -0.1033 -0.6623 -0.7421
vn -0.0702 -0.8070 -0.5864
vn -0.0690 -0.8125 -0.5788
vn -0.0661 -0.8097 -0.5831
vn -0.1244 -0.8699 -0.4773
vn -0.1184 -0.8705 -0.4777
vn -0.1166 -0.8678 -0.4831
vn -0.0690 -0.8030 -0.5920
vn -0.0719 -0.8059 -0.5877
vn -0.0679 -0.8086 -0.5845
vn -0.2057 -0.7435 -0.6363
vn -0.2024 -0.7516 -0.6278
vn -0.1980 -0.7474 -0.6342
vn -0.3298 -0.6669 -0.6682
vn -0.3318 -0.6659 -0.6682
vn -0.3329 -0.6670 -0.6666
vn -0.4057 -0.7567 -0.5126
vn -0.4043 -0.7545 -0.5170
vn -0.3994 -0.7588 -0.5145
vn -0.3279 -0.6662 -0.6698
vn -0.3310 -0.6663 -0.6682
vn -0.3290 -0.6673 -0.6682
vn -0.2046 -0.7376 -0.6435
vn -0.2090 -0.7419 -0.6371
vn -0.2013 -0.7458 -0.6351
vn -0.1269 -0.8696 -0.4771
vn -0.1286 -0.8723 -0.4718
vn -0.1208 -0.8702 -0.4776
vn -0.4084 -0.7559 -0.5117
vn -0.4020 -0.7580 -0.5137
vn -0.4022 -0.7588 -0.5124
vn -0.2653 -0.8236 -0.5014
vn -0.2704 -0.8235 -0.4988
vn -0.2691 -0.8215 -0.5028
vn -0.2624 -0.8224 -0.5047
vn -0.2636 -0.8244 -0.5008
vn -0.2671 -0.8224 -0.5023
vn -0.1508 -0.9223 -0.3558
vn -0.1333 -0.9249 -0.3561
vn -0.4323 -0.8354 -0.3395
vn -0.4354 -0.8356 -0.3350
vn -0.4324 -0.8366 -0.3363
vn -0.2979 -0.8886 -0.3488
vn -0.3007 -0.8887 -0.3461
vn -0.3007 -0.8876 -0.3488
vn -0.4337 -0.8362 -0.3358
vn -0.4366 -0.8352 -0.3345
vn -0.4367 -0.8364 -0.3313
vn -0.4200 -0.8955 -0.1473
vn -0.4236 -0.8931 -0.1512
vn -0.4229 -0.8940 -0.1480
vn -0.2966 -0.8880 -0.3515
vn -0.2967 -0.8890 -0.3488
vn -0.2995 -0.8881 -0.3488
vn -0.1260 -0.9652 -0.2293
vn -0.1305 -0.9661 -0.2229
vn -0.1319 -0.9646 -0.2285
vn -0.1248 -0.9639 -0.2352
vn -0.1236 -0.9654 -0.2296
vn -0.1295 -0.9648 -0.2288
vn -0.0847 -0.9909 -0.1042
vn -0.0885 -0.9907 -0.1030
vn -0.0863 -0.9905 -0.1075
vn -0.2843 -0.9392 -0.1923
vn -0.2840 -0.9396 -0.1908
vn -0.2829 -0.9402 -0.1899
vn -0.2836 -0.9399 -0.1904
vn -0.2821 -0.9408 -0.1880
vn -0.2825 -0.9404 -0.1895
vn -0.4187 -0.8962 -0.1470
vn -0.4216 -0.8947 -0.1477
vn -0.4180 -0.8970 -0.1438
vn -0.2289 -0.9728 -0.0344
vn -0.2262 -0.9735 -0.0343
vn -0.2275 -0.9731 -0.0367
vn -0.2289 -0.9729 -0.0320
vn -0.2274 -0.9732 -0.0343
vn -0.2302 -0.9725 -0.0345
vn -0.3574 -0.9333 0.0341
vn -0.3539 -0.9347 0.0342
vn -0.3540 -0.9346 0.0341
vn 0.5848 -0.6444 0.4927
vn 0.5847 -0.6443 0.4929
vn 0.4247 -0.7313 0.5337
vn 0.4244 -0.7313 0.5340
vn 0.2536 -0.8076 0.5324
vn 0.2537 -0.8076 0.5324
vn 0.0824 -0.8688 0.4883
vn 0.0824 -0.8685 0.4887
vn -0.0796 -0.9111 0.4045
vn -0.0793 -0.9111 0.4046
vn -0.0792 -0.9109 0.4049
vn -0.2222 -0.9322 0.2857
vn -0.2218 -0.9323 0.2858
vn -0.3379 -0.9309 0.1387
vn -0.3379 -0.9309 0.1388
vn -0.4198 -0.9072 -0.0275
vn -0.4198 -0.9072 -0.0278
vn -0.4628 -0.8626 -0.2042
vn -0.4629 -0.8625 -0.2044
vn -0.4647 -0.7996 -0.3804
vn -0.4650 -0.7994 -0.3804
vn -0.4252 -0.7219 -0.5459
vn -0.4254 -0.7218 -0.5460
vn -0.3471 -0.6339 -0.6911
vn -0.3467 -0.6338 -0.6914
vn -0.2344 -0.5408 -0.8078
vn -0.5850 0.6471 -0.4889
vn -0.5851 0.6468 -0.4891
vn -0.4253 0.7337 -0.5299
vn -0.4251 0.7336 -0.5302
vn -0.2552 0.8097 -0.5285
vn -0.2549 0.8096 -0.5287
vn -0.2551 0.8098 -0.5284
vn -0.0845 0.8706 -0.4847
vn -0.0845 0.8709 -0.4841
vn -0.0846 0.8706 -0.4847
vn 0.0767 0.9128 -0.4011
vn 0.0771 0.9128 -0.4010
vn 0.0760 0.9127 -0.4014
vn 0.0762 0.9129 -0.4011
vn 0.0768 0.9128 -0.4010
vn 0.2190 0.9339 -0.2825
vn 0.2186 0.9339 -0.2828
vn 0.3342 0.9326 -0.1364
vn 0.3343 0.9325 -0.1366
vn 0.4157 0.9090 0.0297
vn 0.4158 0.9090 0.0295
vn 0.4586 0.8646 0.2052
vn 0.4587 0.8645 0.2055
vn 0.4605 0.8019 0.3807
vn 0.4608 0.8016 0.3808
vn 0.4219 0.7240 0.5457
vn 0.4215 0.7243 0.5457
vn 0.3433 0.6368 0.6904
vn 0.3431 0.6367 0.6906
vn 0.2304 0.5441 0.8068
vn 0.2309 0.5439 0.8068
vn 0.2313 0.5440 0.8066
vn 0.2317 0.5437 0.8067
vn 0.2308 0.5441 0.8067
vn -0.3896 0.8657 0.3145
vn 0.0910 0.4515 0.8876
vn 0.0907 0.4516 0.8876
vn -0.0687 0.3648 0.9285
vn -0.0689 0.3644 0.9287
vn -0.0687 0.3651 0.9284
vn -0.0690 0.3650 0.9284
vn -0.2391 0.2890 0.9270
vn -0.2392 0.2886 0.9271
vn -0.4099 0.2278 0.8832
vn -0.4095 0.2278 0.8834
vn -0.5709 0.1857 0.7998
vn -0.5709 0.1856 0.7998
vn -0.7129 0.1653 0.6815
vn -0.7135 0.1644 0.6811
vn -0.7133 0.1646 0.6813
vn -0.7132 0.1647 0.6814
vn -0.7135 0.1642 0.6812
vn -0.8285 0.1657 0.5350
vn -0.8285 0.1661 0.5348
vn -0.9099 0.1896 0.3690
vn -0.9100 0.1892 0.3690
vn -0.9529 0.2337 0.1932
vn -0.9529 0.2338 0.1931
vn -0.9548 0.2968 0.0177
vn -0.9548 0.2969 0.0178
vn -0.9156 0.3741 -0.1472
vn -0.9156 0.3742 -0.1471
vn -0.8376 0.4618 -0.2917
vn -0.8375 0.4619 -0.2920
vn -0.7251 0.5546 -0.4083
vn -0.7247 0.5549 -0.4086
vn -0.7252 0.5545 -0.4081
vn -0.7250 0.5546 -0.4084
vn -0.0939 -0.4480 -0.8891
vn -0.0937 -0.4481 -0.8891
vn 0.0667 -0.3611 -0.9301
vn 0.0669 -0.3611 -0.9301
vn 0.2376 -0.2854 -0.9285
vn 0.2381 -0.2849 -0.9285
vn 0.2375 -0.2845 -0.9288
vn 0.2376 -0.2850 -0.9286
vn 0.4087 -0.2235 -0.8849
vn 0.4090 -0.2235 -0.8847
vn 0.5707 -0.1810 -0.8010
vn 0.5708 -0.1812 -0.8009
vn 0.7137 -0.1596 -0.6820
vn 0.7135 -0.1601 -0.6821
vn 0.8293 -0.1611 -0.5351
vn 0.8292 -0.1615 -0.5351
vn 0.9111 -0.1851 -0.3684
vn 0.9111 -0.1847 -0.3686
vn 0.9542 -0.2294 -0.1921
vn 0.9542 -0.2296 -0.1920
vn 0.9561 -0.2927 -0.0159
vn 0.9561 -0.2926 -0.0159
vn 0.9167 -0.3704 0.1497
vn 0.9168 -0.3704 0.1495
vn 0.8381 -0.4588 0.2951
vn 0.8385 -0.4582 0.2949
vn 0.7257 -0.5513 0.4116
vn 0.7258 -0.5512 0.4116
vn 0.3897 -0.8658 -0.3140
vn 0.3894 -0.8659 -0.3142
vn -0.6134 0.6134 0.4975
vn -0.6100 0.6133 0.5018
vn -0.6176 0.6111 0.4951
vn -0.4421 0.8237 0.3550
vn -0.4402 0.8237 0.3574
vn -0.4394 0.8250 0.3555
vn -0.4404 0.8252 0.3537
vn -0.4409 0.8243 0.3552
vn -0.4382 0.8255 0.3557
vn -0.5332 0.7280 0.4310
vn -0.5301 0.7279 0.4348
vn -0.5370 0.7248 0.4316
vn -0.6151 0.6124 0.4966
vn -0.6194 0.6101 0.4941
vn -0.6227 0.6101 0.4898
vn -0.5416 0.7235 0.4280
vn -0.5348 0.7266 0.4313
vn -0.5384 0.7236 0.4320
vn -0.4280 0.8266 0.3655
vn -0.4273 0.8248 0.3702
vn -0.4250 0.8270 0.3680
vn -0.4282 0.8239 0.3712
vn -0.4252 0.8244 0.3736
vn -0.4260 0.8261 0.3689
vn -0.5501 0.6148 0.5651
vn -0.5458 0.6173 0.5666
vn -0.5493 0.6118 0.5692
vn -0.4643 0.6372 0.6152
vn -0.4645 0.6367 0.6155
vn -0.4661 0.6367 0.6143
vn -0.5483 0.6159 0.5658
vn -0.5434 0.6221 0.5637
vn -0.5440 0.6184 0.5672
vn -0.4961 0.7278 0.4735
vn -0.4929 0.7284 0.4760
vn -0.4934 0.7306 0.4720
vn -0.4955 0.7312 0.4689
vn -0.4950 0.7290 0.4728
vn -0.4923 0.7317 0.4714
vn -0.4098 0.8299 0.3786
vn -0.4094 0.8294 0.3802
vn -0.4085 0.8302 0.3792
vn -0.4098 0.8290 0.3805
vn -0.4084 0.8294 0.3812
vn -0.4089 0.8299 0.3796
vn -0.4655 0.6367 0.6148
vn -0.4637 0.6368 0.6160
vn -0.4655 0.6363 0.6152
vn -0.4460 0.7395 0.5041
vn -0.4401 0.7423 0.5052
vn -0.4430 0.7404 0.5055
vn -0.4389 0.7431 0.5051
vn -0.4358 0.7440 0.5065
vn -0.4418 0.7412 0.5054
vn -0.3920 0.8361 0.3837
vn -0.3910 0.8361 0.3848
vn -0.3909 0.8366 0.3838
vn -0.3911 0.8359 0.3852
vn -0.3900 0.8363 0.3854
vn -0.3910 0.8364 0.3842
vn -0.3736 0.6662 0.6454
vn -0.3871 0.7603 0.5216
vn -0.3863 0.7606 0.5217
vn -0.3872 0.7598 0.5223
vn -0.3880 0.7592 0.5225
vn -0.3871 0.7601 0.5219
vn -0.3872 0.7596 0.5226
vn -0.3729 0.8428 0.3881
vn -0.3729 0.8433 0.3870
vn -0.3708 0.8438 0.3879
vn -0.3738 0.8431 0.3866
vn -0.3717 0.8441 0.3864
vn -0.3717 0.8436 0.3875
vn -0.2823 0.7066 0.6489
vn -0.2822 0.7051 0.6505
vn -0.2843 0.7056 0.6490
vn -0.3343 0.7836 0.5236
vn -0.3330 0.7830 0.5254
vn -0.3316 0.7849 0.5234
vn -0.2823 0.7059 0.6496
vn -0.2801 0.7055 0.6510
vn -0.2821 0.7045 0.6512
vn -0.3335 0.7823 0.5262
vn -0.3308 0.7836 0.5259
vn -0.3322 0.7841 0.5242
vn -0.3541 0.8545 0.3800
vn -0.3537 0.8536 0.3824
vn -0.3562 0.8531 0.3812
vn -0.3527 0.8538 0.3828
vn -0.3552 0.8528 0.3827
vn -0.3552 0.8533 0.3817
vn -0.2782 0.8122 0.5128
vn -0.2781 0.8121 0.5130
vn -0.2816 0.8100 0.5144
vn -0.1970 0.7509 0.6304
vn -0.1977 0.7502 0.6309
vn -0.1979 0.7504 0.6307
vn -0.1973 0.7506 0.6306
vn -0.1971 0.7505 0.6308
vn -0.1979 0.7500 0.6311
vn -0.2804 0.8110 0.5135
vn -0.2768 0.8131 0.5121
vn -0.2802 0.8109 0.5137
vn -0.3417 0.8615 0.3756
vn -0.3396 0.8627 0.3747
vn -0.3421 0.8627 0.3724
vn -0.3386 0.8627 0.3757
vn -0.3362 0.8644 0.3738
vn -0.3411 0.8627 0.3733
vn -0.1206 0.8024 0.5844
vn -0.1237 0.8013 0.5853
vn -0.1229 0.8007 0.5863
vn -0.1219 0.8020 0.5848
vn -0.1227 0.8026 0.5838
vn -0.1250 0.8009 0.5856
vn -0.2324 0.8413 0.4881
vn -0.2321 0.8415 0.4878
vn -0.2324 0.8415 0.4877
vn -0.3321 0.8686 0.3678
vn -0.3304 0.8730 0.3587
vn -0.3294 0.8713 0.3638
vn -0.3309 0.8738 0.3564
vn -0.3281 0.8764 0.3525
vn -0.3298 0.8720 0.3617
vn -0.1968 0.8723 0.4477
vn -0.1964 0.8718 0.4488
vn -0.1987 0.8713 0.4487
vn -0.0647 0.8487 0.5249
vn -0.0649 0.8489 0.5245
vn -0.0650 0.8490 0.5243
vn -0.0653 0.8488 0.5246
vn -0.0650 0.8491 0.5243
vn -0.1953 0.8720 0.4488
vn -0.1976 0.8716 0.4486
vn -0.1977 0.8715 0.4488
vn -0.3183 0.8809 0.3504
vn -0.3222 0.8814 0.3453
vn -0.3167 0.8834 0.3455
vn -0.3245 0.8806 0.3453
vn -0.3228 0.8832 0.3403
vn -0.3190 0.8826 0.3454
vn -0.1727 0.8995 0.4013
vn -0.1748 0.8997 0.3999
vn -0.1714 0.9014 0.3977
vn -0.0277 0.8946 0.4461
vn -0.0246 0.8956 0.4442
vn -0.0288 0.8929 0.4494
vn -0.0264 0.8950 0.4453
vn -0.0222 0.8977 0.4401
vn -0.0232 0.8960 0.4434
vn -0.1761 0.8990 0.4009
vn -0.1749 0.9009 0.3972
vn -0.1729 0.9006 0.3987
vn -0.3168 0.8902 0.3273
vn -0.3168 0.8905 0.3266
vn -0.3184 0.8898 0.3268
vn -0.3254 0.8948 0.3056
vn -0.3171 0.8972 0.3075
vn -0.3171 0.8978 0.3057
vn -0.3161 0.8908 0.3266
vn -0.3169 0.8910 0.3250
vn -0.3177 0.8901 0.3267
vn -0.0139 0.9348 0.3550
vn -0.1640 0.9242 0.3448
vn -0.1630 0.9246 0.3443
vn -0.1641 0.9247 0.3436
vn -0.1625 0.9246 0.3446
vn -0.1624 0.9250 0.3435
vn -0.1635 0.9246 0.3439
vn -0.3264 0.8999 0.2891
vn -0.3283 0.8995 0.2883
vn -0.3273 0.9002 0.2871
vn -0.3272 0.8997 0.2888
vn -0.3282 0.8990 0.2899
vn -0.3291 0.8993 0.2880
vn -0.3186 0.8943 0.3143
vn -0.3136 0.8981 0.3082
vn -0.3220 0.8958 0.3064
vn -0.1872 0.9548 0.2310
vn -0.1889 0.9534 0.2351
vn -0.1903 0.9539 0.2321
vn -0.0557 0.9842 0.1683
vn -0.0532 0.9834 0.1736
vn -0.0497 0.9846 0.1679
vn -0.1671 0.9434 0.2866
vn -0.1682 0.9447 0.2814
vn -0.1723 0.9420 0.2880
vn -0.0199 0.9653 0.2604
vn -0.0238 0.9658 0.2583
vn -0.0231 0.9649 0.2615
vn -0.1696 0.9415 0.2913
vn -0.1691 0.9428 0.2873
vn -0.1744 0.9414 0.2886
vn -0.0186 0.9654 0.2599
vn -0.0218 0.9651 0.2610
vn -0.0179 0.9646 0.2632
vn -0.0498 0.9855 0.1623
vn -0.0532 0.9843 0.1681
vn -0.0473 0.9847 0.1677
vn -0.1859 0.9551 0.2306
vn -0.1890 0.9543 0.2316
vn -0.1873 0.9556 0.2276
vn -0.1019 0.9911 0.0855
vn -0.1021 0.9911 0.0852
vn -0.1022 0.9911 0.0855
vn -0.3349 0.9025 0.2708
vn -0.3359 0.9025 0.2696
vn -0.3337 0.9031 0.2704
vn -0.3322 0.9034 0.2713
vn -0.3344 0.9028 0.2706
vn -0.3331 0.9034 0.2701
vn -0.2222 0.9584 0.1793
vn -0.2223 0.9584 0.1789
vn -0.2219 0.9583 0.1798
vn -0.1020 0.9911 0.0854
vn -0.1024 0.9911 0.0855
vn -0.1022 0.9911 0.0858
vn -0.2216 0.9583 0.1806
vn -0.2220 0.9584 0.1796
vn -0.2218 0.9583 0.1801
vn -0.3496 0.9008 0.2575
vn -0.3494 0.9014 0.2558
vn -0.3512 0.9006 0.2562
vn -0.3487 0.9017 0.2556
vn -0.3501 0.9015 0.2545
vn -0.3504 0.9010 0.2559
vn -0.1756 0.9844 0.0133
vn -0.1762 0.9842 0.0150
vn -0.1742 0.9846 0.0144
vn -0.2559 0.9660 -0.0365
vn -0.2568 0.9658 -0.0354
vn -0.2576 0.9655 -0.0371
vn -0.1759 0.9843 0.0140
vn -0.1778 0.9840 0.0146
vn -0.1764 0.9842 0.0157
vn -0.2599 0.9560 0.1363
vn -0.2633 0.9554 0.1336
vn -0.2637 0.9547 0.1382
vn -0.2618 0.9547 0.1417
vn -0.2615 0.9554 0.1371
vn -0.2653 0.9541 0.1390
vn -0.3662 0.8972 0.2470
vn -0.3697 0.8955 0.2477
vn -0.3682 0.8966 0.2461
vn -0.3151 0.9431 0.1063
vn -0.3137 0.9435 0.1069
vn -0.3702 0.8951 0.2484
vn -0.3723 0.8945 0.2474
vn -0.3688 0.8961 0.2468
vn -0.2573 0.9657 -0.0363
vn -0.2565 0.9659 -0.0346
vn -0.2583 0.9655 -0.0344
vn -0.3143 0.9433 0.1066
vn -0.3156 0.9429 0.1060
vn -0.3858 0.8908 0.2401
vn -0.3861 0.8904 0.2409
vn -0.3869 0.8904 0.2399
vn -0.3858 0.8905 0.2413
vn -0.3870 0.8900 0.2410
vn -0.3866 0.8904 0.2403
vn -0.3448 0.9363 -0.0669
vn -0.3459 0.9361 -0.0638
vn -0.3420 0.9374 -0.0655
vn -0.3452 0.9362 -0.0656
vn -0.3471 0.9355 -0.0657
vn -0.3464 0.9360 -0.0626
vn -0.3633 0.9273 0.0904
vn -0.3714 0.9242 0.0887
vn -0.3673 0.9258 0.0896
vn -0.3731 0.9235 0.0886
vn -0.3772 0.9220 0.0879
vn -0.3691 0.9251 0.0893
vn -0.4033 0.8834 0.2387
vn -0.4034 0.8830 0.2400
vn -0.4059 0.8822 0.2389
vn -0.4024 0.8833 0.2405
vn -0.4049 0.8821 0.2407
vn -0.4048 0.8825 0.2394
vn -0.4392 0.8957 -0.0696
vn -0.4391 0.8956 -0.0715
vn -0.4375 0.8965 -0.0698
vn -0.4229 0.9023 0.0842
vn -0.4251 0.9008 0.0885
vn -0.4267 0.9004 0.0846
vn -0.4245 0.9009 0.0901
vn -0.4283 0.8991 0.0904
vn -0.4260 0.9006 0.0862
vn -0.4391 0.8957 -0.0704
vn -0.4407 0.8947 -0.0722
vn -0.4390 0.8956 -0.0723
vn -0.4221 0.8731 0.2440
vn -0.4223 0.8730 0.2440
vn -0.4217 0.8731 0.2448
vn -0.4784 0.8728 0.0973
vn -0.4772 0.8729 0.1019
vn -0.4800 0.8715 0.1002
vn -0.4225 0.8730 0.2438
vn -0.4227 0.8726 0.2447
vn -0.4220 0.8730 0.2445
vn -0.5246 0.8497 -0.0534
vn -0.5232 0.8507 -0.0516
vn -0.5227 0.8508 -0.0542
vn -0.4808 0.8716 0.0957
vn -0.4776 0.8733 0.0960
vn -0.4793 0.8721 0.0989
vn -0.5240 0.8501 -0.0526
vn -0.5246 0.8499 -0.0501
vn -0.5226 0.8510 -0.0509
vn -0.4374 0.8629 0.2529
vn -0.4371 0.8630 0.2534
vn -0.4389 0.8618 0.2542
vn -0.4364 0.8635 0.2530
vn -0.4380 0.8623 0.2543
vn -0.4382 0.8623 0.2539
vn -0.5948 0.8038 -0.0070
vn -0.5995 0.8003 -0.0085
vn -0.5906 0.8069 -0.0103
vn -0.5967 0.8024 -0.0076
vn -0.6055 0.7958 -0.0059
vn -0.6014 0.7989 -0.0092
vn -0.5252 0.8413 0.1278
vn -0.5281 0.8392 0.1301
vn -0.5237 0.8428 0.1242
vn -0.5202 0.8455 0.1204
vn -0.5247 0.8419 0.1262
vn -0.5231 0.8434 0.1226
vn -0.4493 0.8551 0.2588
vn -0.4483 0.8534 0.2660
vn -0.4519 0.8526 0.2625
vn -0.4467 0.8538 0.2675
vn -0.4492 0.8513 0.2712
vn -0.4503 0.8529 0.2640
vn -0.5613 0.8118 0.1611
vn -0.5603 0.8127 0.1598
vn -0.5608 0.8123 0.1602
vn -0.5617 0.8114 0.1617
vn -0.5608 0.8123 0.1604
vn -0.6530 0.7549 0.0602
vn -0.6547 0.7536 0.0587
vn -0.6518 0.7562 0.0583
vn -0.6537 0.7544 0.0596
vn -0.6567 0.7518 0.0600
vn -0.6554 0.7530 0.0581
vn -0.4581 0.8441 0.2788
vn -0.4573 0.8436 0.2814
vn -0.4586 0.8433 0.2803
vn -0.4568 0.8437 0.2820
vn -0.4573 0.8429 0.2835
vn -0.4581 0.8434 0.2808
vn -0.6947 0.7062 0.1366
vn -0.5796 0.7884 0.2059
vn -0.5851 0.7834 0.2098
vn -0.5792 0.7867 0.2135
vn -0.5876 0.7819 0.2082
vn -0.5897 0.7785 0.2148
vn -0.5817 0.7853 0.2119
vn -0.4623 0.8347 0.2994
vn -0.4614 0.8348 0.3004
vn -0.4623 0.8342 0.3005
vn -0.4609 0.8351 0.3003
vn -0.4609 0.8347 0.3013
vn -0.4619 0.8345 0.3004
vn -0.5903 0.7616 0.2673
vn -0.5905 0.7595 0.2729
vn -0.5951 0.7587 0.2650
vn -0.7106 0.6664 0.2259
vn -0.7101 0.6668 0.2261
vn -0.7101 0.6672 0.2251
vn -0.7108 0.6660 0.2262
vn -0.7105 0.6665 0.2257
vn -0.7107 0.6665 0.2250
vn -0.5969 0.7596 0.2584
vn -0.5923 0.7604 0.2664
vn -0.5971 0.7574 0.2641
vn -0.4584 0.8302 0.3173
vn -0.4600 0.8289 0.3183
vn -0.4579 0.8295 0.3198
vn -0.4548 0.8237 0.3388
vn -0.4537 0.8243 0.3387
vn -0.4542 0.8235 0.3399
vn -0.4543 0.8240 0.3387
vn -0.4537 0.8247 0.3376
vn -0.4532 0.8246 0.3387
vn -0.4609 0.8286 0.3177
vn -0.4604 0.8280 0.3202
vn -0.4587 0.8293 0.3191
vn -0.5644 0.7328 0.3801
vn -0.5663 0.7325 0.3779
vn -0.5664 0.7312 0.3801
vn -0.6753 0.6128 0.4105
vn -0.6770 0.6133 0.4069
vn -0.6722 0.6150 0.4122
vn -0.5889 0.7407 0.3234
vn -0.5882 0.7399 0.3264
vn -0.5864 0.7425 0.3238
vn -0.7032 0.6345 0.3207
vn -0.7031 0.6344 0.3211
vn -0.7023 0.6353 0.3211
vn -0.5859 0.7441 0.3210
vn -0.5878 0.7415 0.3236
vn -0.5853 0.7433 0.3239
vn -0.7036 0.6342 0.3206
vn -0.7028 0.6349 0.3209
vn -0.7033 0.6350 0.3197
vn -0.6693 0.6153 0.4165
vn -0.6740 0.6137 0.4112
vn -0.6710 0.6159 0.4128
vn -0.5635 0.7335 0.3801
vn -0.5655 0.7319 0.3801
vn -0.5652 0.7317 0.3810
vn 0.0139 0.9998 -0.0122
vn 0.0109 0.9998 -0.0159
vn 0.0186 0.9998 -0.0123
vn 0.0236 0.9997 -0.0087
vn 0.0159 0.9998 -0.0122
vn 0.0207 0.9997 -0.0124
vn 0.2569 0.9449 -0.2028
vn 0.2547 0.9456 -0.2021
vn 0.2554 0.9458 -0.2005
vn 0.1386 0.9843 -0.1097
vn 0.1371 0.9842 -0.1117
vn 0.1367 0.9847 -0.1083
vn 0.2559 0.9452 -0.2026
vn 0.2559 0.9452 -0.2030
vn 0.2538 0.9459 -0.2020
vn 0.1378 0.9848 -0.1062
vn 0.1378 0.9844 -0.1091
vn 0.1359 0.9849 -0.1077
vn -0.0757 0.9916 -0.1048
vn -0.0752 0.9914 -0.1069
vn -0.0776 0.9913 -0.1065
vn -0.0741 0.9915 -0.1071
vn -0.0760 0.9912 -0.1087
vn -0.0765 0.9914 -0.1066
vn 0.1194 0.9322 -0.3416
vn 0.1130 0.9330 -0.3418
vn 0.1158 0.9308 -0.3467
vn 0.0186 0.9738 -0.2267
vn 0.0176 0.9736 -0.2275
vn 0.0192 0.9735 -0.2277
vn 0.1167 0.9325 -0.3417
vn 0.1122 0.9351 -0.3361
vn 0.1103 0.9332 -0.3419
vn 0.0205 0.9736 -0.2275
vn 0.0188 0.9737 -0.2271
vn 0.0196 0.9734 -0.2281
vn -0.1892 0.9659 -0.1766
vn -0.1912 0.9655 -0.1768
vn -0.1902 0.9656 -0.1771
vn -0.1206 0.9413 -0.3153
vn -0.1916 0.9654 -0.1767
vn -0.1926 0.9652 -0.1771
vn -0.1906 0.9656 -0.1770
vn -0.0460 0.8962 -0.4412
vn -0.0477 0.8949 -0.4438
vn -0.0431 0.8970 -0.4399
vn -0.1207 0.9412 -0.3154
vn -0.0467 0.8956 -0.4423
vn -0.0514 0.8935 -0.4462
vn -0.0484 0.8943 -0.4448
vn -0.3151 0.9239 -0.2171
vn -0.3158 0.9238 -0.2163
vn -0.3161 0.9235 -0.2173
vn -0.3157 0.9240 -0.2159
vn -0.3167 0.9236 -0.2161
vn -0.3160 0.9236 -0.2169
vn -0.2274 0.8366 -0.4983
vn -0.2287 0.8347 -0.5010
vn -0.2242 0.8379 -0.4977
vn -0.2733 0.8902 -0.3644
vn -0.2734 0.8913 -0.3616
vn -0.2727 0.8915 -0.3618
vn -0.2280 0.8358 -0.4995
vn -0.2325 0.8326 -0.5027
vn -0.2292 0.8338 -0.5022
vn -0.2737 0.8907 -0.3630
vn -0.2730 0.8908 -0.3633
vn -0.2723 0.8921 -0.3607
vn -0.4348 0.8726 -0.2227
vn -0.4384 0.8712 -0.2208
vn -0.4369 0.8716 -0.2225
vn -0.4390 0.8711 -0.2201
vn -0.4411 0.8701 -0.2199
vn -0.4375 0.8714 -0.2218
vn -0.4284 0.8233 -0.3724
vn -0.4321 0.8229 -0.3690
vn -0.4286 0.8248 -0.3687
vn -0.5826 0.6655 -0.4666
vn -0.5817 0.6644 -0.4692
vn -0.5793 0.6675 -0.4679
vn -0.4099 0.7564 -0.5097
vn -0.4096 0.7558 -0.5109
vn -0.4087 0.7570 -0.5098
vn -0.4098 0.7562 -0.5102
vn -0.4107 0.7549 -0.5113
vn -0.4094 0.7555 -0.5114
vn -0.4246 0.8244 -0.3743
vn -0.4283 0.8226 -0.3740
vn -0.4285 0.8242 -0.3702
vn -0.5557 0.8080 -0.1958
vn -0.5556 0.8082 -0.1952
vn -0.5567 0.8074 -0.1954
vn -0.6626 0.7368 -0.1344
vn -0.6576 0.7413 -0.1346
vn -0.6671 0.7334 -0.1307
vn -0.5552 0.8085 -0.1950
vn -0.5563 0.8079 -0.1946
vn -0.5562 0.8078 -0.1953
vn -0.7315 0.5672 -0.3785
vn -0.7294 0.5657 -0.3846
vn -0.7276 0.5701 -0.3815
vn -0.5803 0.6662 -0.4684
vn -0.5826 0.6632 -0.4698
vn -0.5793 0.6652 -0.4711
vn -0.5718 0.7471 -0.3390
vn -0.5749 0.7453 -0.3378
vn -0.5742 0.7466 -0.3361
vn -0.5721 0.7482 -0.3360
vn -0.5728 0.7469 -0.3377
vn -0.5751 0.7464 -0.3348
vn -0.7378 0.6729 -0.0534
vn -0.7385 0.6722 -0.0528
vn -0.7384 0.6723 -0.0525
vn -0.6508 0.7465 -0.1383
vn -0.6554 0.7432 -0.1347
vn -0.6605 0.7387 -0.1344
vn -0.7284 0.5682 -0.3828
vn -0.7302 0.5638 -0.3859
vn -0.7263 0.5667 -0.3890
vn -0.7000 0.6632 -0.2648
vn -0.7012 0.6623 -0.2639
vn -0.6995 0.6642 -0.2635
vn -0.6987 0.6646 -0.2646
vn -0.6998 0.6637 -0.2642
vn -0.6993 0.6647 -0.2630
vn -0.7383 0.6724 -0.0533
vn -0.7388 0.6719 -0.0525
vn -0.7381 0.6726 -0.0531
vn -0.7999 0.5791 -0.1572
vn -0.8014 0.5775 -0.1561
vn -0.8007 0.5781 -0.1569
vn -0.8439 0.4727 -0.2537
vn -0.8436 0.4725 -0.2551
vn -0.8432 0.4735 -0.2548
vn -0.8438 0.4726 -0.2543
vn -0.8442 0.4717 -0.2547
vn -0.8434 0.4724 -0.2558
vn -0.8016 0.5772 -0.1557
vn -0.8024 0.5762 -0.1555
vn -0.8009 0.5779 -0.1565
vn -0.7898 0.6106 0.0582
vn -0.7899 0.6105 0.0578
vn -0.7890 0.6117 0.0578
vn -0.7903 0.6100 0.0578
vn -0.7894 0.6111 0.0583
vn -0.7894 0.6112 0.0577
vn -0.9205 0.3774 -0.1013
vn -0.9191 0.3811 -0.1002
vn -0.9194 0.3792 -0.1048
vn -0.8641 0.5028 -0.0227
vn -0.8657 0.5001 -0.0212
vn -0.8650 0.5013 -0.0225
vn -0.8659 0.4997 -0.0207
vn -0.8668 0.4982 -0.0208
vn -0.8653 0.5008 -0.0219
vn -0.9199 0.3790 -0.1008
vn -0.9196 0.3809 -0.0962
vn -0.9185 0.3827 -0.0997
vn -0.8091 0.5594 0.1799
vn -0.8110 0.5564 0.1807
vn -0.8095 0.5580 0.1827
vn -0.8117 0.5557 0.1799
vn -0.8118 0.5546 0.1827
vn -0.8101 0.5573 0.1820
vn -0.9507 0.2997 0.0792
vn -0.9508 0.2999 0.0776
vn -0.9507 0.3002 0.0777
vn -0.8920 0.4341 0.1261
vn -0.8921 0.4330 0.1293
vn -0.8921 0.4335 0.1277
vn -0.8921 0.4328 0.1299
vn -0.8921 0.4322 0.1314
vn -0.8921 0.4333 0.1283
vn -0.9508 0.2998 0.0786
vn -0.9509 0.2994 0.0785
vn -0.9508 0.3000 0.0769
vn -0.8012 0.5134 0.3074
vn -0.8000 0.5118 0.3132
vn -0.7976 0.5183 0.3085
vn -0.7976 0.5215 0.3031
vn -0.7997 0.5154 0.3078
vn -0.7961 0.5203 0.3090
vn -0.7549 0.4910 0.4348
vn -0.7558 0.4894 0.4350
vn -0.7545 0.4903 0.4364
vn -0.7553 0.4903 0.4349
vn -0.7569 0.4890 0.4336
vn -0.7562 0.4887 0.4351
vn -0.8705 0.2014 0.4492
vn -0.8706 0.2039 0.4478
vn -0.8715 0.2017 0.4469
vn -0.9343 0.2404 0.2633
vn -0.9342 0.2397 0.2642
vn -0.9345 0.2407 0.2622
vn -0.9342 0.2401 0.2637
vn -0.9340 0.2390 0.2657
vn -0.9342 0.2393 0.2646
vn -0.8772 0.3820 0.2909
vn -0.8770 0.3818 0.2918
vn -0.8775 0.3812 0.2911
vn -0.8777 0.3810 0.2905
vn -0.8772 0.3817 0.2911
vn -0.8776 0.3808 0.2912
vn -0.8233 0.3492 0.4475
vn -0.8701 0.2049 0.4483
vn -0.8712 0.2052 0.4459
vn -0.8711 0.2026 0.4473
vn -0.6845 0.4824 0.5466
vn -0.6815 0.4823 0.5504
vn -0.6833 0.4797 0.5505
vn -0.6858 0.4786 0.5483
vn -0.6840 0.4813 0.5482
vn -0.6827 0.4786 0.5521
vn -0.7671 0.1883 0.6133
vn -0.7658 0.1888 0.6147
vn -0.7679 0.1866 0.6128
vn -0.7343 0.3371 0.5892
vn -0.7332 0.3378 0.5901
vn -0.7341 0.3385 0.5886
vn -0.7666 0.1885 0.6138
vn -0.7644 0.1906 0.6159
vn -0.7653 0.1890 0.6153
vn -0.7348 0.3379 0.5882
vn -0.7342 0.3378 0.5889
vn -0.7340 0.3393 0.5883
vn -0.5896 0.4869 0.6444
vn -0.5897 0.4854 0.6455
vn -0.5870 0.4873 0.6465
vn -0.4729 0.5100 0.7185
vn -0.4733 0.5151 0.7146
vn -0.4671 0.5116 0.7212
vn -0.5908 0.4846 0.6450
vn -0.5881 0.4851 0.6472
vn -0.5881 0.4865 0.6461
vn -0.6262 0.2026 0.7529
vn -0.6258 0.2057 0.7524
vn -0.6286 0.2028 0.7508
vn -0.6150 0.3468 0.7081
vn -0.6122 0.3473 0.7104
vn -0.6137 0.3502 0.7076
vn -0.6261 0.2039 0.7526
vn -0.6240 0.2050 0.7540
vn -0.6257 0.2070 0.7521
vn -0.6160 0.3512 0.7051
vn -0.6145 0.3483 0.7079
vn -0.6131 0.3517 0.7074
vn -0.4793 0.5157 0.7102
vn -0.4735 0.5173 0.7129
vn -0.4730 0.5121 0.7169
vn -0.4625 0.2393 0.8537
vn -0.4606 0.2400 0.8545
vn -0.4643 0.2382 0.8531
vn -0.4769 0.3778 0.7936
vn -0.4744 0.3785 0.7948
vn -0.4746 0.3794 0.7943
vn -0.4761 0.3793 0.7934
vn -0.4759 0.3785 0.7939
vn -0.4736 0.3800 0.7945
vn -0.4617 0.2396 0.8541
vn -0.4580 0.2414 0.8556
vn -0.4598 0.2403 0.8549
vn -0.3553 0.5514 0.7548
vn -0.3498 0.5561 0.7539
vn -0.3516 0.5529 0.7555
vn -0.3490 0.5574 0.7533
vn -0.3453 0.5589 0.7540
vn -0.3508 0.5542 0.7548
vn -0.2812 0.3076 0.9090
vn -0.2824 0.2992 0.9114
vn -0.2893 0.3045 0.9075
vn -0.3211 0.4341 0.8417
vn -0.3174 0.4355 0.8424
vn -0.3218 0.4306 0.8432
vn -0.3256 0.4278 0.8432
vn -0.3213 0.4327 0.8424
vn -0.3221 0.4292 0.8438
vn -0.2818 0.3041 0.9100
vn -0.2748 0.2988 0.9139
vn -0.2830 0.2957 0.9124
vn -0.2276 0.6068 0.7616
vn -0.2265 0.6081 0.7609
vn -0.2266 0.6072 0.7615
vn -0.2264 0.6085 0.7606
vn -0.2255 0.6089 0.7605
vn -0.2265 0.6076 0.7613
vn -0.1666 0.4999 0.8499
vn -0.1654 0.4996 0.8503
vn -0.1664 0.4991 0.8504
vn -0.1018 0.3774 0.9204
vn -0.1023 0.3772 0.9205
vn -0.1017 0.3774 0.9205
vn -0.1013 0.3774 0.9205
vn -0.1675 0.4999 0.8498
vn -0.1667 0.5003 0.8496
vn -0.1665 0.4994 0.8502
vn -0.1136 0.6660 0.7373
vn -0.1104 0.6719 0.7324
vn -0.1096 0.6683 0.7357
vn -0.1107 0.6733 0.7310
vn -0.1067 0.6757 0.7294
vn -0.1100 0.6698 0.7343
vn 0.0667 0.4691 0.8806
vn 0.0699 0.4690 0.8804
vn 0.0641 0.4675 0.8817
vn 0.0681 0.4690 0.8806
vn 0.0739 0.4705 0.8793
vn 0.0713 0.4689 0.8804
vn -0.0218 0.5755 0.8175
vn -0.0225 0.5769 0.8165
vn -0.0202 0.5765 0.8168
vn -0.0231 0.5767 0.8166
vn -0.0214 0.5777 0.8160
vn -0.0213 0.5766 0.8167
vn -0.0127 0.7299 0.6835
vn -0.0087 0.7386 0.6741
vn -0.0076 0.7336 0.6795
vn -0.0092 0.7407 0.6717
vn -0.0042 0.7444 0.6677
vn -0.0081 0.7358 0.6772
vn 0.2162 0.5658 0.7957
vn 0.2166 0.5635 0.7972
vn 0.2144 0.5644 0.7972
vn 0.2163 0.5648 0.7963
vn 0.2186 0.5639 0.7964
vn 0.2167 0.5626 0.7978
vn 0.1016 0.6606 0.7438
vn 0.1047 0.6629 0.7414
vn 0.1052 0.6623 0.7418
vn 0.1037 0.6608 0.7433
vn 0.1031 0.6614 0.7429
vn 0.1068 0.6631 0.7409
vn 0.0706 0.8067 0.5867
vn 0.0732 0.8068 0.5863
vn 0.0717 0.8078 0.5850
vn 0.0739 0.8063 0.5868
vn 0.0750 0.8074 0.5852
vn 0.0724 0.8074 0.5856
vn 0.2031 0.7451 0.6352
vn 0.2062 0.7436 0.6360
vn 0.2037 0.7433 0.6372
vn 0.3394 0.6628 0.6674
vn 0.3344 0.6625 0.6703
vn 0.3366 0.6600 0.6716
vn 0.3373 0.6627 0.6686
vn 0.3352 0.6651 0.6673
vn 0.3323 0.6623 0.6715
vn 0.2072 0.7438 0.6355
vn 0.2070 0.7420 0.6377
vn 0.2047 0.7434 0.6367
vn 0.1286 0.8661 0.4831
vn 0.1263 0.8687 0.4790
vn 0.1297 0.8677 0.4799
vn 0.1480 0.9222 0.3572
vn 0.1465 0.9228 0.3564
vn 0.1480 0.9229 0.3556
vn 0.1248 0.8692 0.4785
vn 0.1258 0.8708 0.4753
vn 0.1282 0.8681 0.4795
vn 0.4056 0.7559 0.5139
vn 0.4083 0.7549 0.5132
vn 0.4048 0.7546 0.5164
vn 0.2662 0.8219 0.5036
vn 0.2707 0.8216 0.5018
vn 0.2674 0.8237 0.5000
vn 0.2720 0.8207 0.5025
vn 0.2732 0.8225 0.4988
vn 0.2688 0.8229 0.5006
vn 0.4067 0.7555 0.5136
vn 0.4103 0.7558 0.5104
vn 0.4094 0.7545 0.5130
vn 0.1458 0.9224 0.3577
vn 0.1458 0.9230 0.3560
vn 0.1473 0.9225 0.3568
vn 0.4413 0.8327 0.3344
vn 0.4389 0.8341 0.3342
vn 0.4399 0.8325 0.3368
vn 0.3004 0.8866 0.3517
vn 0.2967 0.8887 0.3496
vn 0.3006 0.8881 0.3476
vn 0.2951 0.8889 0.3504
vn 0.2952 0.8905 0.3463
vn 0.2989 0.8884 0.3485
vn 0.4403 0.8333 0.3343
vn 0.4401 0.8340 0.3327
vn 0.4378 0.8347 0.3341
vn 0.1341 0.9644 0.2278
vn 0.1336 0.9651 0.2251
vn 0.1371 0.9640 0.2278
vn 0.1387 0.9632 0.2304
vn 0.1356 0.9643 0.2276
vn 0.1382 0.9639 0.2277
vn 0.0926 0.9904 0.1024
vn 0.0924 0.9905 0.1022
vn 0.3599 0.9321 -0.0411
vn 0.3577 0.9332 -0.0362
vn 0.3618 0.9315 -0.0371
vn 0.4236 0.8938 0.1472
vn 0.4236 0.8939 0.1466
vn 0.4242 0.8934 0.1481
vn 0.2852 0.9397 0.1886
vn 0.2862 0.9394 0.1888
vn 0.2850 0.9396 0.1897
vn 0.2838 0.9399 0.1901
vn 0.2851 0.9397 0.1891
vn 0.2849 0.9395 0.1901
vn 0.2265 0.9734 0.0337
vn 0.2324 0.9721 0.0330
vn 0.2322 0.9721 0.0322
vn 0.2290 0.9729 0.0333
vn 0.2309 0.9723 0.0372
vn 0.2348 0.9715 0.0328
vn 0.3560 0.9338 -0.0358
vn 0.3579 0.9332 -0.0318
vn 0.3601 0.9322 -0.0367
vn 0.4237 0.8938 0.1469
vn 0.4231 0.8943 0.1454
vn 0.4234 0.8941 0.1461
vn 0.8143 0.3130 -0.4888
vn 0.8801 -0.0861 -0.4669
vn 0.7224 -0.4611 -0.5154
vn 0.7224 -0.4610 -0.5154
vn 0.4547 -0.8447 -0.2824
vn 0.9056 -0.0106 -0.4240
vn -0.1306 -0.9899 -0.0548
vn -0.4749 -0.7447 0.4690
vn 0.4389 -0.8679 -0.2327
vn -0.4570 -0.8620 0.2192
vn -0.8459 0.0032 0.5333
vn -0.2276 0.8131 0.5358
vn 0.4568 0.8621 -0.2195
vn -0.3691 0.5281 0.7648
vn -0.8004 0.0680 -0.5956
vn -0.5314 0.0672 -0.8445
vn -0.5321 0.0687 -0.8439
vn -0.5316 0.0678 -0.8443
vn -0.6491 -0.0161 -0.7605
vn -0.8603 -0.2204 -0.4596
vn -0.5205 0.0745 -0.8506
vn -0.5310 0.0678 -0.8447
vn -0.5324 0.0673 -0.8438
vn -0.5319 0.0672 -0.8441
vn -0.6061 -0.1042 -0.7885
vn -0.5313 0.0662 -0.8446
vn -0.5321 0.0664 -0.8440
vn -0.5325 0.0669 -0.8438
vn -0.5336 0.0671 -0.8431
vn -0.5342 0.0666 -0.8427
vn -0.5339 0.0670 -0.8429
vn 0.9077 0.3033 0.2900
vn 0.9078 0.3032 0.2896
vn 0.7520 0.4958 -0.4342
vn 0.7521 0.4959 -0.4341
vn -0.5315 0.0675 -0.8443
vn -0.5318 0.0674 -0.8442
vn 0.7518 0.4960 -0.4345
vn 0.7520 0.4960 -0.4341
vn 0.8952 0.4361 -0.0920
vn 0.7315 0.4981 -0.4657
vn 0.7315 0.4980 -0.4657
vn 0.4433 0.4752 -0.7601
vn 0.4434 0.4752 -0.7600
vn 0.3898 -0.8656 -0.3144
vn -0.9089 -0.4164 0.0207
vn -0.7716 -0.4930 0.4021
vn -0.5028 -0.4857 0.7151
vn -0.5314 0.0675 -0.8445
vn -0.5320 0.0672 -0.8441
vn -0.1555 -0.3981 0.9041
vn -0.1560 -0.3980 0.9040
vn 0.8156 0.3119 -0.4874
vn 0.8798 -0.0831 -0.4681
vn 0.7236 -0.4601 -0.5145
vn 0.4542 -0.8449 -0.2824
vn 0.9057 -0.0114 -0.4239
vn -0.1290 -0.9901 -0.0551
vn -0.4749 -0.7434 0.4710
vn 0.4382 -0.8683 -0.2323
vn -0.4571 -0.8621 0.2187
vn -0.8465 0.0039 0.5323
vn -0.2282 0.8136 0.5348
vn 0.4565 0.8625 -0.2185
vn -0.3696 0.5271 0.7652
vn 0.8142 0.3149 -0.4878
vn 0.8785 -0.0863 -0.4699
vn 0.7220 -0.4609 -0.5160
vn 0.4547 -0.8447 -0.2825
vn 0.9067 -0.0121 -0.4216
vn -0.4736 -0.7460 0.4683
vn 0.4393 -0.8679 -0.2320
vn -0.4560 -0.8626 0.2192
vn -0.8464 0.0027 0.5326
vn -0.2273 0.8137 0.5349
vn 0.4560 0.8625 -0.2194
vn -0.3695 0.5274 0.7651
vn -0.8006 0.0679 -0.5953
vn -0.5321 0.0672 -0.8440
vn -0.5323 0.0671 -0.8439
vn -0.5316 0.0667 -0.8443
vn -0.6495 -0.0161 -0.7602
vn -0.8602 -0.2212 -0.4595
vn -0.5326 0.0681 -0.8436
vn -0.6059 -0.1039 -0.7887
vn -0.5318 0.0664 -0.8443
vn -0.5310 0.0668 -0.8447
vn -0.5320 0.0677 -0.8441
vn -0.5315 0.0694 -0.8442
vn -0.5310 0.0683 -0.8446
vn -0.5318 0.0679 -0.8441
vn -0.3902 0.8656 0.3137
vn 0.7518 0.4959 -0.4346
vn -0.5315 0.0674 -0.8443
vn -0.5320 0.0673 -0.8441
vn -0.5317 0.0674 -0.8442
vn 0.7520 0.4958 -0.4344
vn 0.7315 0.4980 -0.4656
vn 0.4433 0.4752 -0.7600
vn -0.7715 -0.4930 0.4021
vn -0.5027 -0.4857 0.7151
vn -0.5316 0.0675 -0.8443
vn -0.5315 0.0672 -0.8444
vn -0.7520 -0.4958 0.4344
vn -0.1560 -0.3982 0.9039
vn 0.8136 0.3159 -0.4882
vn 0.8787 -0.0870 -0.4694
vn 0.7241 -0.4596 -0.5143
vn 0.4551 -0.8443 -0.2829
vn 0.9063 -0.0122 -0.4225
vn -0.4741 -0.7435 0.4717
vn 0.4386 -0.8681 -0.2326
vn -0.4569 -0.8622 0.2189
vn -0.8466 0.0029 0.5323
vn -0.2279 0.8137 0.5348
vn 0.4567 0.8623 -0.2190
vn -0.3693 0.5275 0.7651
vn -0.6608 -0.6569 0.3630
vn -0.4362 -0.8926 0.1143
vn -0.0691 -0.9975 -0.0138
vn 0.3215 -0.8823 -0.3437
vn -0.5209 -0.8463 0.1120
vn 0.7718 -0.4362 -0.4626
vn 0.7175 0.2047 -0.6658
vn 0.3363 -0.8559 -0.3929
vn 0.8462 -0.0034 -0.5329
vn 0.4552 0.8631 -0.2188
vn -0.5212 0.8506 0.0688
vn -0.2854 0.9286 -0.2373
vn 0.6573 0.2491 0.7112
vn 0.6491 0.0159 0.7606
vn 0.8627 0.2211 0.4548
vn 0.5205 -0.0745 0.8506
vn 0.5304 -0.0676 0.8451
vn 0.5310 -0.0673 0.8447
vn 0.6854 -0.0722 0.7246
vn 0.5322 -0.0665 0.8440
vn 0.5324 -0.0667 0.8439
vn 0.5322 -0.0661 0.8441
vn -0.3903 0.8654 0.3144
vn -0.9077 -0.3033 -0.2898
vn -0.9076 -0.3037 -0.2900
vn -0.9078 -0.3031 -0.2898
vn -0.8952 -0.4361 0.0920
vn -0.7315 -0.4980 0.4657
vn -0.7315 -0.4981 0.4657
vn -0.4436 -0.4752 0.7599
vn -0.4434 -0.4752 0.7600
vn 0.9089 0.4164 -0.0207
vn 0.9089 0.4164 -0.0206
vn 0.7715 0.4930 -0.4022
vn 0.5029 0.4857 -0.7150
vn 0.7519 0.4960 -0.4343
vn 0.5315 -0.0670 0.8444
vn 0.1560 0.3982 -0.9039
vn -0.6597 -0.6578 0.3634
vn -0.4386 -0.8914 0.1137
vn -0.4386 -0.8915 0.1137
vn -0.0682 -0.9976 -0.0144
vn 0.3220 -0.8820 -0.3441
vn -0.5198 -0.8470 0.1114
vn 0.7720 -0.4364 -0.4621
vn 0.7168 0.2038 -0.6668
vn 0.3370 -0.8553 -0.3936
vn 0.8459 -0.0030 -0.5333
vn 0.4564 0.8623 -0.2193
vn -0.5209 0.8508 0.0688
vn -0.8462 0.0030 0.5329
vn -0.2855 0.9286 -0.2369
vn -0.6602 -0.6582 0.3618
vn -0.4362 -0.8925 0.1148
vn -0.0689 -0.9975 -0.0141
vn 0.3213 -0.8823 -0.3440
vn -0.5194 -0.8472 0.1119
vn 0.7714 -0.4372 -0.4624
vn 0.3360 -0.8561 -0.3927
vn 0.8461 -0.0038 -0.5329
vn 0.4565 0.8622 -0.2193
vn -0.5207 0.8510 0.0687
vn -0.8458 0.0042 0.5334
vn -0.2862 0.9285 -0.2368
vn 0.6572 0.2503 0.7110
vn 0.5314 -0.0674 0.8444
vn 0.6492 0.0162 0.7605
vn 0.8618 0.2218 0.4562
vn 0.6851 -0.0721 0.7249
vn 0.5317 -0.0668 0.8443
vn -0.9078 -0.3031 -0.2899
vn -0.8952 -0.4361 0.0921
vn -0.7315 -0.4981 0.4656
vn -0.4433 -0.4752 0.7600
vn 0.7716 0.4930 -0.4021
vn 0.5028 0.4856 -0.7151
vn 0.5028 0.4857 -0.7151
vn 0.1555 0.3981 -0.9041
vn -0.6591 -0.6591 0.3621
vn -0.4401 -0.8906 0.1143
vn -0.0681 -0.9976 -0.0149
vn 0.3210 -0.8827 -0.3433
vn -0.5196 -0.8470 0.1119
vn 0.7716 -0.4361 -0.4631
vn 0.7157 0.2035 -0.6681
vn 0.3369 -0.8555 -0.3933
vn 0.4560 0.8626 -0.2192
vn -0.5213 0.8506 0.0695
vn -0.8459 0.0035 0.5334
vn -0.2856 0.9285 -0.2374
vn -0.7085 -0.0635 -0.7029
vn -0.9076 -0.3033 -0.2904
vn -0.9077 -0.3031 -0.2901
vn -0.9076 -0.3031 -0.2904
vn -0.8639 -0.4618 0.2010
vn -0.8640 -0.4616 0.2011
vn 0.3895 -0.8657 -0.3142
vn -0.7522 -0.4958 0.4340
vn -0.8342 -0.4762 0.2780
vn -0.7822 -0.4910 0.3835
vn -0.7822 -0.4909 0.3838
vn -0.6462 -0.4999 0.5766
vn -0.7522 -0.4957 0.4342
vn -0.2657 -0.3747 -0.8882
vn 0.6552 -0.4910 0.5741
vn 0.2657 0.3748 0.8882
vn -0.6552 0.4910 -0.5741
vn -0.4664 -0.1938 0.8631
vn -0.8399 0.0861 0.5358
vn -0.9914 -0.1275 0.0295
vn -0.7694 -0.6210 -0.1496
vn -0.3958 -0.9010 0.1776
vn -0.2444 -0.6873 0.6840
vn -0.2657 -0.3748 -0.8882
vn -0.6552 0.4911 -0.5741
vn -0.3958 -0.9010 0.1777
vn 0.5888 0.4963 -0.6379
vn -0.4082 0.8531 0.3248
vn -0.4463 0.8266 0.3429
vn -0.4853 0.7981 0.3571
vn -0.5244 0.7677 0.3683
vn -0.5645 0.7353 0.3750
vn -0.6040 0.7017 0.3779
vn -0.6437 0.6660 0.3769
vn -0.6831 0.6281 0.3726
vn -0.7216 0.5890 0.3639
vn -0.7593 0.5480 0.3509
vn -0.7954 0.5055 0.3344
vn -0.8040 0.4637 0.3723
vn -0.8119 0.4180 0.4075
vn -0.8183 0.3729 0.4373
vn -0.8243 0.3247 0.4639
vn -0.8290 0.2763 0.4862
vn -0.8334 0.2270 0.5040
vn -0.8367 0.1779 0.5180
vn -0.8399 0.1283 0.5273
vn -0.8426 0.0783 0.5328
vn -0.8447 0.0286 0.5345
vn -0.8467 -0.0210 0.5316
vn -0.8483 -0.0714 0.5247
vn -0.8496 -0.1201 0.5136
vn -0.8504 -0.1676 0.4987
vn -0.8505 -0.2166 0.4793
vn -0.8500 -0.2635 0.4560
vn -0.8487 -0.3093 0.4290
vn -0.8465 -0.3543 0.3974
vn -0.8436 -0.3962 0.3625
vn -0.8389 -0.4375 0.3237
vn -0.8333 -0.4766 0.2801
vn -0.7951 0.5059 0.3344
vn -0.8333 -0.4766 0.2803
vn -0.8003 -0.5233 0.2927
vn -0.7665 -0.5679 0.2997
vn -0.7310 -0.6108 0.3042
vn -0.6949 -0.6514 0.3045
vn -0.6582 -0.6899 0.3013
vn -0.6205 -0.7268 0.2946
vn -0.5839 -0.7605 0.2839
vn -0.5471 -0.7924 0.2698
vn -0.5103 -0.8222 0.2520
vn -0.4743 -0.8495 0.2310
vn -0.4385 -0.8747 0.2063
vn -0.4036 -0.8972 0.1791
vn -0.3695 -0.9173 0.1483
vn -0.3363 -0.9348 0.1141
vn -0.3037 -0.9497 0.0767
vn -0.2720 -0.9616 0.0366
vn -0.2413 -0.9704 -0.0063
vn -0.2124 -0.9758 -0.0518
vn -0.1832 -0.9780 -0.1000
vn -0.1566 -0.9763 -0.1493
vn -0.1309 -0.9707 -0.2013
vn -0.1306 -0.9709 -0.2009
vn -0.0727 -0.9766 -0.2024
vn -0.0169 -0.9786 -0.2049
vn 0.0392 -0.9770 -0.2098
vn 0.0928 -0.9718 -0.2170
vn 0.1454 -0.9632 -0.2263
vn 0.1948 -0.9517 -0.2373
vn 0.2422 -0.9373 -0.2505
vn 0.2879 -0.9199 -0.2661
vn 0.3305 -0.9002 -0.2837
vn 0.3705 -0.8780 -0.3030
vn 0.4083 -0.8530 -0.3250
vn 0.4430 -0.8261 -0.3483
vn 0.4751 -0.7965 -0.3741
vn 0.5035 -0.7653 -0.4011
vn 0.5292 -0.7313 -0.4303
vn 0.5521 -0.6946 -0.4613
vn 0.5710 -0.6567 -0.4928
vn 0.5861 -0.6165 -0.5257
vn 0.5979 -0.5734 -0.5601
vn 0.6059 -0.5287 -0.5944
vn 0.6092 -0.4829 -0.6290
vn 0.6506 -0.4440 -0.6161
vn 0.6887 -0.4027 -0.6029
vn 0.7220 -0.3597 -0.5911
vn 0.7520 -0.3163 -0.5784
vn 0.7768 -0.2694 -0.5692
vn 0.7981 -0.2234 -0.5596
vn 0.8159 -0.1749 -0.5512
vn 0.8295 -0.1273 -0.5438
vn 0.8390 -0.0781 -0.5385
vn 0.8450 -0.0277 -0.5341
vn 0.8467 0.0213 -0.5317
vn 0.8449 0.0709 -0.5302
vn 0.8390 0.1211 -0.5305
vn 0.8291 0.1718 -0.5321
vn 0.8157 0.2207 -0.5348
vn 0.7980 0.2698 -0.5389
vn 0.7761 0.3184 -0.5443
vn 0.7501 0.3656 -0.5510
vn 0.7202 0.4123 -0.5580
vn 0.6861 0.4573 -0.5658
vn 0.6478 0.4996 -0.5750
vn 0.6097 -0.4825 -0.6289
vn 0.6479 0.4999 -0.5748
vn 0.6474 0.5421 -0.5357
vn 0.6429 0.5838 -0.4959
vn 0.6343 0.6229 -0.4579
vn 0.6221 0.6602 -0.4208
vn 0.6060 0.6967 -0.3840
vn 0.5859 0.7310 -0.3498
vn 0.5626 0.7635 -0.3171
vn 0.5363 0.7939 -0.2864
vn 0.5067 0.8227 -0.2576
vn 0.4736 0.8499 -0.2308
vn 0.4388 0.8745 -0.2068
vn 0.3999 0.8979 -0.1841
vn 0.3591 0.9186 -0.1649
vn 0.3152 0.9375 -0.1473
vn 0.2686 0.9542 -0.1321
vn 0.2199 0.9682 -0.1195
vn 0.1686 0.9796 -0.1093
vn 0.1154 0.9881 -0.1013
vn 0.0601 0.9935 -0.0963
vn 0.0035 0.9956 -0.0936
vn -0.0546 0.9942 -0.0931
vn -0.0547 0.9942 -0.0929
vn -0.0801 0.9959 -0.0410
vn -0.1071 0.9942 0.0090
vn -0.1355 0.9892 0.0565
vn -0.1658 0.9809 0.1014
vn -0.1971 0.9699 0.1431
vn -0.2295 0.9562 0.1819
vn -0.2640 0.9398 0.2172
vn -0.2982 0.9214 0.2492
vn -0.3341 0.9005 0.2782
vn -0.3709 0.8778 0.3033
vn 0.5320 -0.0675 0.8441
vn 0.5320 -0.0669 0.8441
vn 0.5316 -0.0677 0.8443
vn 0.5316 -0.0681 0.8443
vn 0.5310 -0.0682 0.8446
vn 0.5312 -0.0665 0.8447
vn 0.5307 -0.0663 0.8450
vn 0.5321 -0.0664 0.8441
vn 0.5320 -0.0674 0.8441
vn 0.5317 -0.0675 0.8442
vn 0.5311 -0.0678 0.8446
vn 0.5312 -0.0673 0.8446
vn 0.5313 -0.0663 0.8446
vn 0.5313 -0.0658 0.8446
vn 0.5306 -0.0654 0.8451
vn 0.5319 -0.0666 0.8442
vn 0.5315 -0.0676 0.8444
vn 0.5310 -0.0665 0.8448
vn 0.5316 -0.0674 0.8443
vn 0.5311 -0.0671 0.8447
vn 0.5315 -0.0673 0.8444
vn 0.5328 -0.0660 0.8437
vn 0.5314 -0.0661 0.8445
vn 0.5321 -0.0663 0.8441
vn 0.5320 -0.0684 0.8440
vn 0.5315 -0.0681 0.8443
vn 0.5309 -0.0685 0.8447
vn 0.5318 -0.0674 0.8442
vn 0.5317 -0.0669 0.8443
vn 0.5319 -0.0674 0.8441
vn 0.5317 -0.0670 0.8443
vn 0.5313 -0.0680 0.8444
vn 0.5309 -0.0684 0.8447
vn 0.5311 -0.0666 0.8447
vn 0.5318 -0.0670 0.8442
vn 0.5316 -0.0681 0.8442
vn 0.5316 -0.0665 0.8444
vn 0.5320 -0.0661 0.8441
vn 0.5316 -0.0682 0.8442
vn 0.5318 -0.0663 0.8443
vn 0.5319 -0.0675 0.8441
vn 0.5319 -0.0668 0.8441
vn 0.5321 -0.0666 0.8441
vn 0.5317 -0.0677 0.8442
vn 0.5322 -0.0666 0.8440
vn 0.5313 -0.0670 0.8446
vn 0.5316 -0.0666 0.8444
vn 0.5324 -0.0678 0.8438
vn 0.5317 -0.0684 0.8442
vn 0.5320 -0.0682 0.8440
vn 0.5311 -0.0669 0.8447
vn 0.5316 -0.0663 0.8444
vn 0.5306 -0.0660 0.8451
vn 0.5318 -0.0665 0.8442
vn 0.5316 -0.0675 0.8443
vn 0.5308 -0.0662 0.8449
vn 0.5319 -0.0692 0.8440
vn 0.5322 -0.0662 0.8440
vn 0.5319 -0.0668 0.8442
vn 0.5319 -0.0672 0.8441
vn 0.5318 -0.0678 0.8442
vn 0.5315 -0.0672 0.8444
vn 0.5318 -0.0667 0.8443
vn 0.5316 -0.0669 0.8443
vn 0.5325 -0.0671 0.8438
vn 0.5323 -0.0675 0.8439
vn 0.5319 -0.0670 0.8442
vn 0.5314 -0.0681 0.8444
vn 0.5316 -0.0669 0.8444
vn 0.5321 -0.0667 0.8441
vn 0.5309 -0.0669 0.8448
vn 0.5317 -0.0664 0.8444
vn 0.5324 -0.0671 0.8438
vn 0.5309 -0.0674 0.8448
vn 0.5323 -0.0674 0.8439
vn 0.5312 -0.0665 0.8446
vn 0.5319 -0.0663 0.8442
vn 0.5315 -0.0676 0.8443
vn 0.5326 -0.0665 0.8437
vn 0.5320 -0.0678 0.8440
vn 0.5325 -0.0679 0.8437
vn 0.5323 -0.0670 0.8439
vn 0.5312 -0.0669 0.8446
vn 0.5326 -0.0672 0.8437
vn 0.5325 -0.0664 0.8438
vn 0.5309 -0.0667 0.8448
vn 0.5305 -0.0675 0.8450
vn 0.5321 -0.0671 0.8440
vn 0.5321 -0.0673 0.8440
vn 0.5313 -0.0667 0.8446
vn 0.5324 -0.0675 0.8438
vn 0.5318 -0.0681 0.8441
vn 0.5320 -0.0670 0.8441
vn 0.5312 -0.0674 0.8446
vn 0.5315 -0.0665 0.8445
vn 0.5316 -0.0670 0.8444
vn 0.5325 -0.0673 0.8438
vn 0.5320 -0.0667 0.8441
vn 0.5326 -0.0678 0.8437
vn 0.5324 -0.0688 0.8437
vn 0.5307 -0.0666 0.8449
vn 0.5322 -0.0675 0.8439
vn 0.5320 -0.0665 0.8441
vn 0.5315 -0.0678 0.8443
vn 0.5313 -0.0666 0.8446
vn 0.5311 -0.0677 0.8446
vn 0.5318 -0.0678 0.8441
vn 0.5322 -0.0674 0.8439
vn 0.5320 -0.0671 0.8441
vn 0.5312 -0.0667 0.8446
vn 0.5316 -0.0678 0.8443
vn 0.5325 -0.0672 0.8437
vn 0.5319 -0.0677 0.8441
vn 0.5334 -0.0672 0.8432
vn 0.5328 -0.0666 0.8436
vn 0.5311 -0.0672 0.8446
vn 0.5312 -0.0681 0.8445
vn 0.5315 -0.0666 0.8444
vn 0.5315 -0.0666 0.8445
vn 0.5317 -0.0678 0.8442
vn 0.5315 -0.0677 0.8444
vn 0.5313 -0.0678 0.8444
vn 0.5318 -0.0677 0.8442
vn 0.5315 -0.0665 0.8444
vn 0.5318 -0.0679 0.8441
vn 0.5319 -0.0659 0.8442
vn 0.5313 -0.0654 0.8447
vn 0.5322 -0.0689 0.8438
vn 0.5319 -0.0673 0.8442
vn 0.5316 -0.0664 0.8444
vn 0.5313 -0.0670 0.8445
vn 0.5321 -0.0665 0.8441
vn 0.5329 -0.0666 0.8435
vn 0.5313 -0.0672 0.8445
vn 0.5317 -0.0665 0.8443
vn 0.5329 -0.0661 0.8436
vn 0.5322 -0.0663 0.8440
vn 0.5319 -0.0686 0.8440
vn 0.5321 -0.0672 0.8440
vn -0.7616 -0.4739 0.4420
vn -0.7764 -0.4308 0.4600
vn -0.7881 -0.3849 0.4804
vn -0.7946 -0.3406 0.5026
vn -0.7972 -0.2936 0.5275
vn -0.7950 -0.2460 0.5545
vn -0.7879 -0.1991 0.5827
vn -0.7766 -0.1531 0.6111
vn -0.7590 -0.1045 0.6427
vn -0.7376 -0.0571 0.6728
vn -0.7102 -0.0113 0.7040
vn -0.7102 -0.0113 0.7039
vn -0.7333 0.0404 0.6787
vn -0.7518 0.0917 0.6530
vn -0.7651 0.1431 0.6278
vn -0.7727 0.1951 0.6040
vn -0.7760 0.2448 0.5812
vn -0.7742 0.2952 0.5599
vn -0.7685 0.3423 0.5407
vn -0.7580 0.3902 0.5227
vn -0.7434 0.4353 0.5078
vn -0.7243 0.4808 0.4942
vn -0.7019 0.5230 0.4835
vn -0.6750 0.5646 0.4750
vn -0.6446 0.6042 0.4685
vn -0.6098 0.6421 0.4646
vn -0.5713 0.6776 0.4631
vn -0.5294 0.7112 0.4626
vn -0.4829 0.7421 0.4650
vn -0.4337 0.7692 0.4693
vn -0.3799 0.7938 0.4749
vn -0.3235 0.8142 0.4820
vn -0.2646 0.8305 0.4902
vn -0.2648 0.8304 0.4903
vn -0.2495 0.8633 0.4387
vn -0.2325 0.8911 0.3898
vn -0.2108 0.9162 0.3408
vn -0.1860 0.9377 0.2934
vn -0.1587 0.9555 0.2486
vn -0.1282 0.9700 0.2066
vn -0.0960 0.9811 0.1678
vn -0.0600 0.9895 0.1313
vn -0.0224 0.9949 0.0981
vn 0.0174 0.9975 0.0683
vn 0.0599 0.9973 0.0417
vn 0.1042 0.9944 0.0186
vn 0.1498 0.9887 -0.0013
vn 0.1989 0.9799 -0.0175
vn 0.2476 0.9684 -0.0301
vn 0.2987 0.9535 -0.0392
vn 0.3507 0.9354 -0.0446
vn 0.4039 0.9136 -0.0465
vn 0.4568 0.8884 -0.0447
vn 0.5094 0.8596 -0.0390
vn 0.5612 0.8271 -0.0301
vn 0.5609 0.8273 -0.0302
vn 0.5607 0.8275 -0.0301
vn 0.5602 0.8278 -0.0299
vn 0.5789 0.8108 -0.0867
vn 0.5968 0.7899 -0.1408
vn 0.6145 0.7653 -0.1913
vn 0.6326 0.7372 -0.2375
vn 0.6500 0.7062 -0.2808
vn 0.6679 0.6727 -0.3184
vn 0.6861 0.6366 -0.3522
vn 0.7043 0.5990 -0.3812
vn 0.7231 0.5587 -0.4062
vn 0.7420 0.5176 -0.4260
vn 0.7611 0.4748 -0.4419
vn 0.7816 0.4288 -0.4531
vn 0.8010 0.3839 -0.4593
vn 0.8211 0.3366 -0.4610
vn 0.8410 0.2876 -0.4583
vn 0.8606 0.2385 -0.4500
vn 0.8797 0.1872 -0.4371
vn 0.8974 0.1368 -0.4195
vn 0.9141 0.0848 -0.3966
vn 0.9289 0.0333 -0.3689
vn 0.9414 -0.0180 -0.3368
vn 0.9413 -0.0182 -0.3371
vn 0.9253 -0.0643 -0.3738
vn 0.9063 -0.1114 -0.4076
vn 0.8859 -0.1591 -0.4358
vn 0.8643 -0.2062 -0.4587
vn 0.8415 -0.2533 -0.4772
vn 0.8185 -0.2996 -0.4902
vn 0.7948 -0.3462 -0.4984
vn 0.7711 -0.3914 -0.5021
vn 0.7711 -0.3915 -0.5021
vn 0.7477 -0.4365 -0.5005
vn 0.7244 -0.4801 -0.4946
vn 0.7019 -0.5229 -0.4836
vn 0.6790 -0.5658 -0.4679
vn 0.6579 -0.6056 -0.4476
vn 0.6361 -0.6457 -0.4225
vn 0.6152 -0.6835 -0.3929
vn 0.5949 -0.7194 -0.3586
vn 0.5747 -0.7532 -0.3202
vn 0.5546 -0.7847 -0.2770
vn 0.5355 -0.8128 -0.2293
vn 0.5149 -0.8385 -0.1785
vn 0.4961 -0.8595 -0.1231
vn 0.4958 -0.8597 -0.1230
vn 0.4417 -0.8869 -0.1355
vn 0.3868 -0.9109 -0.1438
vn 0.3319 -0.9316 -0.1480
vn 0.2776 -0.9492 -0.1486
vn 0.2245 -0.9637 -0.1448
vn 0.1723 -0.9754 -0.1374
vn 0.1216 -0.9846 -0.1257
vn 0.0736 -0.9912 -0.1103
vn 0.0269 -0.9955 -0.0913
vn -0.0176 -0.9975 -0.0680
vn -0.0598 -0.9973 -0.0416
vn -0.0998 -0.9949 -0.0112
vn -0.1367 -0.9904 0.0223
vn -0.1718 -0.9833 0.0596
vn -0.2038 -0.9739 0.0998
vn -0.2328 -0.9619 0.1431
vn -0.2592 -0.9470 0.1897
vn -0.2822 -0.9291 0.2392
vn -0.3019 -0.9081 0.2903
vn -0.3179 -0.8839 0.3431
vn -0.3300 -0.8563 0.3973
vn -0.3298 -0.8565 0.3971
vn -0.3295 -0.8567 0.3968
vn -0.3291 -0.8569 0.3967
vn -0.3878 -0.8346 0.3912
vn -0.4426 -0.8092 0.3864
vn -0.4931 -0.7804 0.3845
vn -0.5410 -0.7489 0.3828
vn -0.5843 -0.7147 0.3845
vn -0.6243 -0.6782 0.3878
vn -0.6596 -0.6400 0.3941
vn -0.6910 -0.6006 0.4022
vn -0.7186 -0.5594 0.4132
vn -0.7422 -0.5172 0.4263
vn 0.3842 -0.3037 0.8719
vn 0.6189 -0.3046 0.7240
vn 0.7455 -0.0655 0.6633
vn 0.6374 0.1747 0.7505
vn 0.4029 0.1756 0.8982
vn 0.2762 -0.0635 0.9590
vn -0.3361 0.1840 -0.9237
vn -0.3148 0.1841 -0.9311
vn 0.1633 0.3813 -0.9099
vn 0.0976 0.3877 -0.9166
vn 0.5989 0.4732 -0.6460
vn 0.5087 0.5028 -0.6989
vn 0.8760 0.4338 -0.2108
vn 0.8019 0.5045 -0.3200
vn 0.9068 0.4202 -0.0341
vn 0.9116 0.4086 0.0462
vn 0.9536 0.2866 0.0921
vn 0.9175 0.2807 0.2818
vn 0.8977 0.1438 0.4165
vn 0.8296 0.1992 0.5216
vn 0.8010 0.1500 0.5796
vn 0.7223 0.0310 0.6908
vn 0.7417 0.0631 0.6678
vn 0.6654 0.0098 0.7464
vn 0.5764 -0.0369 0.8163
vn 0.9005 -0.4088 -0.1481
vn 0.9462 -0.2944 -0.1346
vn 0.8963 -0.3622 -0.2558
vn 0.9276 -0.2731 -0.2551
vn 0.8737 -0.3209 -0.3656
vn 0.8906 -0.2630 -0.3711
vn 0.8324 -0.2857 -0.4748
vn 0.8370 -0.2650 -0.4787
vn 0.7677 -0.2774 -0.5776
vn 0.7746 -0.2574 -0.5778
vn 0.6850 -0.2971 -0.6652
vn 0.7014 -0.2390 -0.6715
vn 0.6126 -0.2330 -0.7552
vn 0.5933 -0.3240 -0.7369
vn 0.5110 -0.2394 -0.8256
vn 0.4951 -0.3577 -0.7918
vn -0.4851 0.0971 -0.8691
vn -0.3041 0.1606 -0.9390
vn -0.3802 0.1418 -0.9140
vn -0.2727 0.1911 -0.9429
vn -0.1615 0.2716 -0.9488
vn 0.0264 0.2538 -0.9669
vn -0.0935 0.3158 -0.9442
vn 0.1658 0.3756 -0.9118
vn 0.3522 0.3625 -0.8629
vn 0.6009 0.4685 -0.6476
vn 0.3839 0.4752 -0.7917
vn 0.4547 0.4774 -0.7519
vn 0.8741 0.4385 -0.2092
vn 0.6718 0.5209 -0.5266
vn 0.9151 0.2864 0.2838
vn 0.8844 0.4554 -0.1023
vn 0.7123 0.0544 0.6997
vn 0.8930 0.2873 0.3464
vn 0.6964 0.0536 0.7157
vn 0.2928 -0.4252 -0.8564
vn 0.2353 -0.3314 -0.9137
vn 0.1818 -0.4615 -0.8683
vn 0.1289 -0.3947 -0.9097
vn 0.0698 -0.5026 -0.8617
vn 0.0307 -0.4633 -0.8857
vn -0.0407 -0.5474 -0.8359
vn -0.0562 -0.5348 -0.8431
vn -0.1323 -0.6078 -0.7830
vn -0.1445 -0.5928 -0.7923
vn -0.1970 -0.6786 -0.7076
vn -0.2370 -0.6397 -0.7312
vn -0.3167 -0.6884 -0.6526
vn -0.2467 -0.7440 -0.6209
vn -0.3803 -0.7374 -0.5582
vn -0.2806 -0.8033 -0.5254
vn -0.0322 0.3281 -0.9441
vn -0.1837 0.2612 -0.9477
vn -0.0323 0.3280 -0.9441
vn -0.3303 0.1872 -0.9251
vn -0.1837 0.2612 -0.9476
vn -0.4676 0.1080 -0.8773
vn -0.3302 0.1872 -0.9252
vn -0.5922 0.0258 -0.8054
vn -0.4675 0.1080 -0.8773
vn -0.7005 -0.0570 -0.7114
vn -0.5922 0.0259 -0.8054
vn -0.7896 -0.1384 -0.5979
vn -0.7005 -0.0569 -0.7113
vn -0.8571 -0.2157 -0.4679
vn -0.7896 -0.1383 -0.5979
vn -0.8570 -0.2159 -0.4679
vn 0.3360 -0.1840 0.9237
vn 0.3230 -0.2023 0.9245
vn -0.1482 -0.4148 0.8978
vn -0.1052 -0.3709 0.9227
vn -0.5783 -0.5191 0.6294
vn -0.5224 -0.4722 0.7100
vn -0.8512 -0.4889 0.1908
vn -0.8205 -0.4631 0.3350
vn -0.9067 -0.4204 0.0341
vn -0.9218 -0.3857 -0.0379
vn -0.8801 -0.4501 -0.1514
vn -0.8974 -0.3254 -0.2980
vn -0.8242 -0.3071 -0.4758
vn -0.8399 -0.1764 -0.5133
vn -0.8011 -0.1500 -0.5795
vn -0.6931 -0.0959 -0.7144
vn -0.7226 -0.1055 -0.6832
vn -0.6528 -0.0380 -0.7566
vn -0.5762 0.0370 -0.8165
vn -0.3153 -0.8920 -0.3239
vn -0.4276 -0.8583 -0.2836
vn -0.3173 -0.9245 -0.2111
vn -0.3997 -0.9006 -0.1708
vn -0.3026 -0.9484 -0.0950
vn -0.3521 -0.9338 -0.0633
vn -0.2710 -0.9623 0.0220
vn -0.2871 -0.9573 0.0352
vn -0.2063 -0.9705 0.1248
vn -0.2247 -0.9651 0.1343
vn -0.1140 -0.9722 0.2046
vn -0.1629 -0.9577 0.2372
vn -0.0847 -0.9404 0.3294
vn -0.0144 -0.9628 0.2699
vn 0.0075 -0.9132 0.4074
vn 0.0901 -0.9432 0.3196
vn 0.4850 -0.0972 0.8691
vn 0.3333 -0.2255 0.9154
vn 0.3929 -0.1699 0.9038
vn 0.2918 -0.2336 0.9275
vn 0.1616 -0.2716 0.9487
vn 0.0470 -0.4172 0.9076
vn 0.0833 -0.2929 0.9525
vn -0.1457 -0.4203 0.8956
vn -0.2786 -0.5260 0.8036
vn -0.5761 -0.5237 0.6276
vn -0.3941 -0.4523 0.8000
vn -0.4547 -0.4773 0.7519
vn -0.8534 -0.4844 0.1925
vn -0.6905 -0.4795 0.5416
vn -0.9000 -0.3199 -0.2960
vn -0.8982 -0.4248 0.1134
vn -0.7041 -0.0726 -0.7064
vn -0.9006 -0.2705 -0.3403
vn -0.6964 -0.0536 -0.7157
vn 0.2924 -0.8757 0.3843
vn 0.2833 -0.8211 0.4954
vn 0.3971 -0.8254 0.4014
vn 0.3991 -0.7788 0.4840
vn 0.5012 -0.7667 0.4012
vn 0.5079 -0.7337 0.4514
vn 0.6021 -0.7005 0.3831
vn 0.6062 -0.6877 0.3996
vn 0.6937 -0.6401 0.3301
vn 0.6944 -0.6295 0.3487
vn 0.7680 -0.5910 0.2470
vn 0.7755 -0.5572 0.2969
vn 0.8446 -0.4850 0.2268
vn 0.8256 -0.5429 0.1540
vn 0.8989 -0.4152 0.1401
vn 0.8658 -0.4975 0.0534
vn 0.4502 -0.1186 0.8850
vn 0.2733 -0.2171 0.9371
vn -0.1081 -0.3817 0.9180
vn -0.2959 -0.4406 0.8475
vn -0.4708 -0.4803 0.7401
vn -0.4708 -0.4803 0.7400
vn -0.6251 -0.4990 0.6002
vn -0.8462 -0.4711 0.2492
vn -0.9033 -0.4257 0.0533
vn -0.9210 -0.3617 -0.1450
vn -0.8984 -0.2819 -0.3369
vn -0.8983 -0.2819 -0.3369
vn -0.8365 -0.1898 -0.5140
vn -0.7381 -0.0894 -0.6688
vn -0.6074 0.0149 -0.7943
vn -0.4502 0.1186 -0.8850
vn -0.2733 0.2171 -0.9371
vn 0.1081 0.3817 -0.9179
vn 0.2959 0.4406 -0.8475
vn 0.4708 0.4803 -0.7401
vn 0.4708 0.4803 -0.7400
vn 0.6251 0.4990 -0.6002
vn 0.6251 0.4990 -0.6003
vn 0.8462 0.4711 -0.2492
vn 0.9033 0.4257 -0.0533
vn 0.9209 0.3617 0.1450
vn 0.8984 0.2819 0.3369
vn 0.9210 0.3617 0.1450
vn 0.8365 0.1898 0.5140
vn 0.7381 0.0894 0.6688
vn 0.6074 -0.0149 0.7943
vn 0.6924 0.5002 -0.5201
vn 0.5510 0.4923 -0.6738
vn 0.6923 0.5002 -0.5201
vn 0.5509 0.4924 -0.6738
vn 0.3855 0.4630 -0.7982
vn 0.2031 0.4134 -0.8876
vn 0.0119 0.3458 -0.9382
vn -0.1798 0.2630 -0.9479
vn -0.1799 0.2630 -0.9479
vn -0.3637 0.1688 -0.9161
vn -0.3638 0.1688 -0.9161
vn -0.6765 -0.0374 -0.7355
vn -0.6764 -0.0374 -0.7356
vn -0.7916 -0.1404 -0.5947
vn -0.8722 -0.2372 -0.4278
vn -0.7916 -0.1403 -0.5947
vn -0.9146 -0.3237 -0.2423
vn -0.9147 -0.3235 -0.2423
vn -0.9171 -0.3960 -0.0461
vn -0.8796 -0.4508 0.1521
vn -0.8035 -0.4861 0.3436
vn -0.6923 -0.5002 0.5201
vn -0.5510 -0.4923 0.6739
vn -0.5509 -0.4924 0.6738
vn -0.3856 -0.4627 0.7983
vn -0.2031 -0.4134 0.8876
vn -0.0119 -0.3458 0.9382
vn 0.1798 -0.2630 0.9479
vn 0.3637 -0.1688 0.9161
vn 0.6764 0.0374 0.7355
vn 0.7916 0.1404 0.5947
vn 0.7916 0.1403 0.5947
vn 0.8722 0.2372 0.4278
vn 0.8722 0.2371 0.4278
vn 0.9147 0.3235 0.2423
vn 0.9172 0.3958 0.0461
vn 0.9147 0.3236 0.2423
vn 0.8796 0.4508 -0.1521
vn 0.8035 0.4862 -0.3435
vn 0.8035 0.4861 -0.3436
s 0
usemtl mat8.001
f 1//1 2//1 3//1
f 4//2 2//2 1//2
f 2//3 5//3 3//3
f 3//4 6//4 7//4
f 5//5 6//5 3//5
f 7//6 8//6 9//6
f 6//7 8//7 7//7
f 8//8 10//8 9//8
f 11//9 12//10 13//11
f 14//12 15//13 13//14
f 13//15 15//16 11//16
f 12//17 16//18 13//19
f 14//20 17//20 15//20
f 14//21 18//22 17//21
f 18//23 3//24 16//25
f 16//26 3//27 7//28
f 9//29 19//30 7//10
f 20//31 19//31 9//15
f 21//24 19//24 20//24
f 7//13 19//13 16//13
f 16//32 19//13 13//33
f 3//34 22//35 1//36
f 1//37 22//38 21//39
f 21//13 22//40 19//13
f 14//41 22//42 18//43
f 18//44 22//45 3//46
f 23//47 24//48 25//49
f 25//50 24//50 26//50
f 27//51 24//52 23//53
f 24//54 28//54 26//54
f 26//55 22//56 14//57
f 28//58 22//59 26//60
f 29//61 30//61 31//61
f 29//62 32//62 30//62
f 33//61 32//61 29//61
f 30//61 34//61 31//61
f 31//61 34//61 35//61
f 33//61 36//61 32//61
f 34//61 37//61 35//61
f 38//63 39//64 40//65
f 41//66 39//67 38//68
f 37//69 42//62 35//62
f 35//61 42//61 41//61
f 42//70 43//71 41//70
f 41//72 44//72 39//73
f 43//74 44//75 41//75
f 37//76 45//74 42//74
f 44//77 46//78 39//79
f 47//80 46//81 44//82
f 47//83 48//84 46//85
f 49//86 48//87 47//88
f 50//61 51//61 37//89
f 37//90 51//62 45//62
f 50//91 52//92 51//91
f 53//93 54//94 55//95
f 53//96 56//97 54//98
f 57//99 58//100 59//101
f 58//102 60//103 59//104
f 56//105 61//61 54//106
f 60//91 61//107 59//108
f 59//109 61//110 56//111
f 61//112 62//113 54//114
f 63//115 64//116 65//116
f 63//117 66//118 64//118
f 67//119 68//119 69//120
f 68//121 70//121 69//122
f 69//123 71//124 67//125
f 72//126 71//127 69//128
f 62//129 73//130 54//131
f 54//132 73//133 63//134
f 74//135 73//136 75//137
f 75//138 73//69 62//139
f 73//140 76//141 63//142
f 63//143 76//144 66//118
f 75//145 77//146 74//146
f 78//147 77//147 75//148
f 79//149 80//150 76//151
f 76//152 80//153 66//119
f 81//154 82//155 79//156
f 79//157 82//158 80//106
f 83//62 84//62 50//62
f 85//61 86//61 83//61
f 83//62 86//62 84//62
f 70//61 87//159 69//160
f 84//61 88//61 50//61
f 72//161 88//162 71//163
f 50//62 88//146 52//164
f 52//165 88//166 72//70
f 85//62 89//62 86//62
f 78//61 90//61 77//61
f 91//62 90//62 78//62
f 91//167 92//168 90//167
f 93//169 92//170 91//169
f 94//171 92//172 93//173
f 94//174 95//175 92//176
f 87//177 95//178 94//166
f 87//146 13//179 95//180
f 88//181 96//62 71//182
f 71//183 96//184 97//184
f 98//185 99//186 100//187
f 101//188 99//189 98//190
f 36//62 102//62 85//62
f 85//61 102//61 89//61
f 103//191 104//111 105//191
f 104//192 106//193 105//194
f 105//119 107//119 99//195
f 99//196 107//197 100//198
f 106//105 107//199 105//199
f 107//89 108//200 100//201
f 108//202 109//203 100//185
f 33//61 110//61 36//61
f 36//62 110//62 102//62
f 111//61 14//204 13//61
f 112//205 14//206 111//207
f 113//208 14//209 112//210
f 114//211 14//212 113//147
f 114//213 26//214 14//215
f 115//216 116//216 114//217
f 33//62 117//62 110//62
f 109//218 118//62 100//219
f 116//62 119//62 114//220
f 114//221 119//61 26//222
f 26//223 119//224 25//225
f 117//61 120//61 110//61
f 110//62 120//62 121//62
f 23//62 122//62 123//62
f 123//77 122//77 109//226
f 109//227 122//62 118//62
f 120//61 124//61 121//61
f 121//61 124//61 125//61
f 117//61 126//61 120//61
f 119//144 127//61 25//61
f 23//61 127//61 122//61
f 25//228 127//228 23//228
f 122//62 128//62 118//62
f 124//61 129//61 125//61
f 117//62 130//62 126//62
f 128//61 131//61 118//61
f 124//61 132//61 129//61
f 130//61 133//61 126//61
f 119//62 134//62 127//62
f 135//61 134//61 119//61
f 128//62 136//62 131//62
f 132//61 137//61 129//61
f 130//61 138//61 133//61
f 136//61 139//61 131//61
f 132//62 140//62 137//62
f 138//61 141//61 133//61
f 136//62 142//62 139//62
f 134//61 143//61 144//61
f 135//61 143//61 134//61
f 141//62 145//62 146//62
f 138//62 145//62 141//62
f 147//121 148//62 142//62
f 142//62 148//62 139//62
f 140//62 149//62 137//62
f 140//61 150//61 149//61
f 150//77 151//229 149//119
f 146//66 152//61 140//61
f 140//230 152//230 150//230
f 153//231 154//232 151//233
f 149//61 154//120 155//61
f 155//234 154//178 156//234
f 151//235 154//67 149//62
f 157//118 158//118 159//118
f 143//62 158//62 144//62
f 159//61 158//61 143//61
f 153//236 160//237 154//77
f 144//62 161//144 147//192
f 158//238 161//117 144//238
f 147//239 162//116 148//61
f 161//240 162//241 147//242
f 153//243 163//244 160//245
f 162//112 164//69 148//69
f 153//246 165//247 163//248
f 146//145 166//61 152//61
f 146//249 167//250 166//251
f 145//62 167//252 146//253
f 168//144 169//254 170//146
f 171//255 169//256 172//257
f 170//258 169//259 171//260
f 168//72 173//72 169//72
f 145//62 174//261 167//262
f 168//263 174//264 173//263
f 175//265 174//266 168//119
f 167//267 174//268 175//269
f 174//270 176//271 173//62
f 177//272 176//273 174//274
f 153//275 178//276 165//62
f 179//277 180//277 181//277
f 182//121 183//121 184//121
f 185//278 186//279 187//280
f 188//90 186//281 185//282
f 186//61 189//283 187//284
f 187//90 189//285 178//220
f 190//286 191//150 185//287
f 185//138 191//288 188//145
f 192//289 193//290 194//291
f 195//61 193//292 192//293
f 195//294 196//118 193//295
f 190//61 197//61 191//183
f 182//61 198//61 183//61
f 180//61 199//61 181//61
f 164//61 200//148 148//61
f 195//296 201//297 196//183
f 202//298 203//299 201//300
f 203//301 204//302 201//303
f 196//121 204//304 205//135
f 201//296 204//305 196//306
f 206//307 207//308 197//69
f 197//309 207//152 191//310
f 206//311 208//312 207//313
f 205//314 209//315 206//316
f 206//317 209//318 208//69
f 210//319 211//319 212//151
f 213//320 211//321 214//321
f 212//164 211//322 213//90
f 210//305 215//323 211//305
f 205//62 216//324 209//325
f 209//247 216//326 210//89
f 204//327 216//328 205//62
f 210//329 216//330 215//331
f 217//332 218//333 216//334
f 216//335 218//251 215//336
f 189//146 219//260 220//61
f 221//337 219//72 198//337
f 222//338 219//339 221//340
f 220//341 219//342 222//343
f 198//62 223//66 183//62
f 219//344 223//345 198//346
f 223//340 224//216 183//216
f 225//347 226//348 227//206
f 228//349 226//350 225//351
f 228//352 229//134 226//131
f 228//62 230//353 229//235
f 231//197 232//354 230//355
f 233//356 232//356 231//357
f 234//358 232//339 235//255
f 229//359 232//359 234//360
f 230//296 232//296 229//361
f 236//61 237//61 238//61
f 180//61 239//61 199//61
f 238//61 239//61 180//61
f 199//346 239//362 240//363
f 237//62 239//62 238//62
f 241//253 242//253 224//253
f 224//61 242//61 183//61
f 183//62 242//62 236//62
f 236//61 242//61 237//61
f 240//364 243//365 244//366
f 239//62 243//218 240//367
f 235//368 245//369 246//369
f 246//62 245//62 241//62
f 241//61 245//61 242//61
f 245//61 247//61 248//61
f 232//62 247//62 235//167
f 235//62 247//62 245//62
f 200//340 249//370 148//61
f 250//62 249//371 243//62
f 243//148 249//372 244//354
f 244//373 249//374 200//375
f 248//62 251//62 252//62
f 247//61 251//61 248//61
f 252//61 253//61 250//61
f 251//61 253//61 252//61
f 250//62 253//62 249//115
f 70//61 111//61 87//317
f 87//376 111//151 13//151
f 220//61 165//61 189//76
f 189//197 165//234 178//294
f 254//377 255//378 232//379
f 254//380 232//381 233//382
f 256//383 233//384 231//383
f 256//385 254//385 233//386
f 257//387 231//388 230//389
f 257//390 256//391 231//392
f 258//393 259//393 260//393
f 261//393 259//393 258//393
f 261//394 262//394 259//394
f 263//393 258//393 260//393
f 263//394 260//394 264//394
f 265//393 262//393 261//393
f 266//393 263//393 264//393
f 267//395 268//396 269//397
f 267//398 269//399 270//400
f 271//393 266//401 264//393
f 271//393 264//393 268//393
f 272//394 271//402 268//402
f 273//403 268//403 267//404
f 273//405 272//406 268//405
f 274//407 266//408 271//407
f 275//409 273//410 267//410
f 275//411 276//412 273//413
f 277//414 276//415 275//416
f 277//417 278//418 276//419
f 279//394 266//394 274//394
f 279//393 280//393 266//407
f 281//420 280//420 279//420
f 282//421 283//422 284//421
f 285//423 283//424 282//423
f 286//425 287//425 288//426
f 286//427 288//428 289//427
f 290//429 286//429 289//429
f 290//430 285//430 282//430
f 290//431 289//431 285//431
f 291//432 290//432 282//432
f 292//393 291//393 282//393
f 293//433 292//434 294//435
f 293//436 294//437 295//438
f 296//439 297//440 298//439
f 299//420 297//441 296//396
f 299//442 300//443 297//444
f 301//445 298//445 297//446
f 302//394 291//394 292//394
f 302//447 303//448 304//449
f 302//450 304//420 291//420
f 305//451 304//451 303//452
f 305//410 306//410 304//410
f 307//453 302//454 292//455
f 307//456 292//457 293//458
f 308//393 309//459 307//393
f 308//460 307//461 293//462
f 310//463 311//421 309//464
f 310//465 309//466 308//396
f 312//393 313//393 280//393
f 314//393 315//393 313//393
f 314//394 313//394 312//394
f 316//467 301//393 297//463
f 317//393 300//468 299//469
f 317//393 312//393 280//393
f 317//394 280//394 281//394
f 317//470 281//470 300//471
f 318//393 315//393 314//393
f 319//394 306//394 305//394
f 319//393 320//393 306//393
f 321//472 320//455 319//455
f 321//473 322//474 320//474
f 323//475 322//428 321//476
f 323//477 324//478 322//479
f 19//480 324//481 323//482
f 19//483 316//484 324//485
f 325//393 317//393 299//486
f 325//393 299//487 326//393
f 327//488 328//489 329//488
f 330//490 328//423 327//490
f 331//394 265//394 315//394
f 331//394 315//394 318//394
f 332//491 333//492 334//493
f 332//494 334//495 335//496
f 336//428 335//428 330//428
f 336//497 330//497 327//497
f 336//498 332//498 335//498
f 337//453 336//453 327//453
f 338//499 337//499 327//499
f 339//393 265//393 331//393
f 339//393 262//393 265//393
f 22//500 340//394 19//501
f 22//502 341//404 342//503
f 22//504 342//455 343//455
f 22//505 343//401 340//401
f 28//506 341//507 22//508
f 344//509 345//509 341//510
f 346//393 262//393 339//393
f 347//393 338//393 327//393
f 348//394 344//394 341//511
f 348//393 341//393 28//393
f 348//471 28//397 24//471
f 349//393 346//393 339//393
f 349//393 339//393 350//393
f 351//409 27//394 352//394
f 351//512 352//513 338//513
f 351//393 338//393 347//393
f 353//394 346//394 349//394
f 354//393 349//393 350//393
f 354//394 350//394 355//394
f 356//514 24//413 27//413
f 356//393 27//393 351//515
f 356//394 348//394 24//394
f 357//393 351//516 347//393
f 358//393 354//393 355//393
f 359//393 346//393 353//393
f 360//394 357//394 347//394
f 361//394 354//394 358//394
f 362//393 359//393 353//393
f 363//393 348//393 356//517
f 364//393 357//393 360//393
f 365//394 348//394 363//394
f 366//393 361//393 358//393
f 367//393 359//393 362//393
f 368//394 364//394 360//394
f 369//393 361//393 366//393
f 370//393 367//393 362//393
f 371//393 364//393 368//393
f 372//393 363//393 373//393
f 372//394 365//394 363//394
f 374//393 370//393 375//393
f 374//394 367//394 370//394
f 376//394 377//394 371//394
f 376//393 371//393 368//393
f 378//393 369//393 366//393
f 379//393 369//393 378//393
f 379//414 378//414 380//518
f 381//393 375//393 369//393
f 381//519 369//519 379//519
f 382//520 383//521 384//521
f 382//400 385//522 380//523
f 382//524 380//525 378//394
f 382//526 378//394 383//394
f 386//430 387//430 388//430
f 386//470 388//393 372//393
f 386//394 372//394 373//394
f 389//519 385//527 382//503
f 390//393 373//393 377//393
f 390//504 386//428 373//504
f 391//528 385//529 389//528
f 392//429 390//429 377//429
f 392//393 377//393 376//393
f 393//530 385//531 391//530
f 394//532 392//533 376//533
f 395//394 375//394 381//394
f 396//534 375//534 395//534
f 396//394 374//394 375//394
f 397//535 398//536 399//536
f 397//537 399//538 400//537
f 397//539 400//540 401//539
f 402//428 398//407 397//509
f 403//393 374//393 396//393
f 403//393 398//393 402//425
f 403//532 396//532 404//541
f 403//542 404//543 398//431
f 405//544 403//545 402//546
f 405//515 402//547 406//548
f 407//394 385//549 393//394
f 408//550 409//551 410//552
f 408//445 410//470 411//452
f 412//553 408//514 411//393
f 413//521 409//554 408//530
f 414//461 411//555 407//556
f 414//557 412//558 411//559
f 415//560 416//561 417//562
f 415//563 417//564 418//476
f 419//505 415//435 418//505
f 420//445 421//428 422//428
f 420//565 422//394 423//394
f 424//394 425//394 426//394
f 424//521 426//521 427//521
f 428//393 394//393 376//393
f 429//428 415//428 419//428
f 430//529 431//566 429//567
f 432//568 419//568 433//568
f 432//569 430//570 429//571
f 432//470 429//572 419//470
f 434//394 435//573 409//517
f 434//393 409//511 413//393
f 436//574 433//575 437//575
f 436//440 437//439 435//521
f 436//513 435//576 434//577
f 438//429 433//429 436//578
f 439//514 440//515 441//470
f 439//579 441//580 442//581
f 439//582 442//583 443//582
f 444//393 440//459 439//393
f 445//584 432//393 433//393
f 445//509 433//394 438//394
f 445//585 438//446 440//586
f 445//556 440//460 444//393
f 446//587 445//588 444//540
f 446//589 447//590 445//591
f 448//592 449//455 450//455
f 448//593 450//594 451//594
f 448//595 451//596 420//597
f 448//598 414//508 449//393
f 452//599 448//600 420//426
f 452//601 420//393 423//393
f 453//602 452//603 423//602
f 454//604 455//605 456//408
f 457//606 454//607 456//608
f 458//394 454//580 457//609
f 257//610 454//526 458//610
f 254//611 256//612 257//612
f 255//522 458//613 459//581
f 255//614 459//615 460//616
f 255//429 257//617 458//617
f 255//494 254//586 257//586
f 461//393 423//393 462//393
f 461//394 462//394 425//394
f 463//517 464//517 453//517
f 463//393 453//393 423//393
f 463//393 423//393 461//393
f 465//393 461//393 425//393
f 465//617 424//617 466//617
f 465//394 425//394 424//394
f 467//527 466//527 468//527
f 467//393 465//393 466//393
f 469//618 460//619 470//618
f 469//394 470//394 464//394
f 469//393 464//393 463//393
f 471//620 472//393 467//393
f 471//621 468//561 428//561
f 471//622 428//393 376//393
f 471//470 467//394 468//394
f 473//394 469//394 474//394
f 473//393 255//623 460//470
f 473//393 460//393 469//393
f 475//393 474//393 476//393
f 475//394 473//394 474//394
f 477//394 476//394 472//394
f 477//394 472//394 471//394
f 477//393 475//393 476//393
f 393//393 449//393 414//584
f 393//499 414//609 407//499
f 340//393 301//393 316//624
f 340//393 316//625 19//626
f 255//627 247//627 232//627
f 473//627 247//627 255//627
f 477//628 471//628 249//628
f 477//629 249//629 253//629
f 475//630 253//630 251//630
f 475//631 477//631 253//631
f 473//632 251//632 247//632
f 473//632 475//632 251//632
f 249//633 471//633 376//633
f 249//634 376//634 148//634
f 360//635 347//635 118//635
f 360//636 118//636 131//636
f 368//637 131//637 139//637
f 368//637 360//637 131//637
f 376//638 139//638 148//638
f 376//638 368//638 139//638
f 118//13 347//13 327//13
f 118//13 327//13 100//13
f 98//639 100//640 327//641
f 98//642 327//643 329//644
f 101//645 329//645 328//645
f 101//646 98//646 329//646
f 99//647 328//648 330//649
f 99//650 101//49 328//48
f 330//651 105//651 99//651
f 335//652 105//652 330//652
f 333//653 332//654 106//655
f 333//656 106//657 104//658
f 334//659 104//659 103//659
f 334//660 333//660 104//660
f 335//661 103//661 105//661
f 335//662 334//663 103//664
f 332//665 107//665 106//665
f 336//666 107//666 332//666
f 107//667 337//668 108//669
f 108//670 337//671 109//670
f 336//672 337//673 107//674
f 337//675 338//676 109//676
f 109//677 352//678 123//677
f 338//679 352//680 109//679
f 27//681 23//681 352//681
f 352//681 23//681 123//681
f 13//682 323//683 95//684
f 95//685 323//686 92//687
f 19//688 323//689 13//690
f 323//691 321//692 92//693
f 92//694 319//695 90//696
f 321//697 319//698 92//699
f 90//634 319//634 77//634
f 77//633 319//633 305//633
f 77//700 303//701 74//702
f 74//703 303//703 73//703
f 305//704 303//705 77//706
f 303//707 302//707 73//707
f 73//632 307//708 76//708
f 302//709 307//709 73//710
f 307//711 79//711 76//711
f 309//712 79//712 307//712
f 310//713 308//714 80//715
f 310//716 80//717 82//718
f 311//719 82//631 81//720
f 311//721 310//722 82//723
f 309//724 81//632 79//725
f 309//726 311//727 81//728
f 66//729 308//729 293//729
f 80//730 308//730 66//730
f 294//731 292//732 63//733
f 294//734 63//735 65//736
f 295//737 65//737 64//737
f 295//738 294//738 65//738
f 293//739 64//740 66//740
f 293//741 295//742 64//742
f 63//13 292//13 282//13
f 63//13 282//13 54//13
f 55//743 54//57 282//744
f 55//745 282//746 284//747
f 53//748 284//749 283//750
f 53//751 55//752 284//753
f 56//754 283//755 285//756
f 56//757 53//758 283//759
f 285//652 59//652 56//652
f 289//760 59//760 285//760
f 287//761 286//762 60//763
f 287//764 60//765 58//766
f 288//767 58//767 57//767
f 288//768 287//768 58//768
f 289//769 57//769 59//769
f 289//770 288//770 57//770
f 286//666 61//771 60//666
f 290//772 61//773 286//774
f 61//775 291//776 62//777
f 62//778 291//676 75//676
f 290//779 291//780 61//781
f 291//782 304//783 75//784
f 75//785 306//786 78//785
f 304//787 306//788 75//787
f 306//651 91//651 78//651
f 320//681 91//681 306//681
f 91//789 322//790 93//791
f 93//792 322//793 94//794
f 320//795 322//796 91//797
f 322//749 324//798 94//799
f 94//800 316//801 87//802
f 324//803 316//804 94//805
f 478//31 479//31 69//31
f 87//13 480//13 69//13
f 69//9 480//9 478//9
f 479//806 481//806 69//806
f 87//807 482//13 480//13
f 87//808 483//809 482//809
f 483//810 484//810 481//810
f 481//39 484//39 485//811
f 486//812 297//813 485//814
f 487//13 297//815 486//816
f 481//13 297//817 69//13
f 485//818 297//23 481//13
f 484//819 316//819 488//819
f 489//820 316//820 487//820
f 488//39 316//39 489//39
f 487//13 316//13 297//821
f 87//13 316//13 483//13
f 483//31 316//31 484//31
f 69//822 300//732 72//732
f 72//823 300//824 52//825
f 297//826 300//826 69//826
f 300//827 281//828 52//829
f 52//830 279//831 51//832
f 281//833 279//833 52//834
f 51//633 279//633 45//633
f 45//634 279//634 274//634
f 45//835 271//835 42//836
f 42//837 271//838 43//839
f 274//840 271//841 45//841
f 271//842 272//843 43//844
f 43//845 273//846 44//845
f 272//847 273//848 43//849
f 276//850 47//850 273//850
f 273//851 47//851 44//851
f 277//852 275//853 46//854
f 277//855 46//856 48//857
f 278//858 48//859 49//860
f 278//861 277//862 48//863
f 276//864 49//864 47//864
f 276//865 278//865 49//865
f 39//633 275//633 267//633
f 46//633 275//633 39//633
f 269//866 268//867 41//868
f 269//869 41//870 38//871
f 270//872 38//873 40//874
f 270//875 269//876 38//876
f 267//638 40//877 39//878
f 267//879 270//880 40//881
f 35//13 268//13 264//13
f 41//13 268//13 35//13
f 259//49 262//49 33//49
f 259//49 33//49 29//49
f 260//882 29//882 31//882
f 260//883 259//883 29//883
f 264//884 31//884 35//884
f 264//884 260//884 31//884
f 346//651 117//651 33//651
f 346//681 33//681 262//681
f 367//885 374//885 145//885
f 367//885 145//885 138//885
f 359//675 138//675 130//675
f 359//675 367//675 138//675
f 346//886 130//886 117//886
f 346//886 359//886 130//886
f 374//627 174//627 145//627
f 403//627 174//627 374//627
f 177//887 174//888 403//889
f 177//890 403//891 405//892
f 176//893 405//894 406//895
f 176//896 177//897 405//898
f 173//899 406//900 402//900
f 173//857 176//901 406//901
f 169//902 402//902 397//902
f 173//634 402//634 169//634
f 400//903 399//903 170//904
f 400//905 170//906 171//907
f 401//823 171//908 172//909
f 401//910 400//911 171//910
f 397//912 172//913 169//914
f 397//878 401//915 172//916
f 168//31 399//31 398//31
f 170//27 399//27 168//27
f 168//917 404//918 175//919
f 175//920 404//921 167//922
f 398//923 404//924 168//925
f 404//926 396//738 167//927
f 167//928 395//929 166//930
f 396//931 395//932 167//933
f 166//633 395//633 152//633
f 152//633 395//633 381//633
f 152//934 379//935 150//936
f 150//631 379//631 151//631
f 381//937 379//938 152//939
f 379//940 380//940 151//940
f 151//941 385//941 153//941
f 380//864 385//942 151//943
f 490//944 491//945 385//946
f 407//627 492//627 385//627
f 385//947 492//627 490//627
f 491//948 493//949 385//950
f 407//951 494//952 492//953
f 407//954 495//955 494//956
f 495//957 496//958 493//959
f 493//960 496//961 497//962
f 498//963 153//964 497//965
f 499//627 153//966 498//967
f 500//711 153//711 499//711
f 493//968 153//969 385//970
f 497//971 153//972 493//967
f 496//973 178//974 501//975
f 501//976 178//977 500//978
f 500//851 178//979 153//947
f 407//980 178//958 495//981
f 495//982 178//983 496//984
f 178//985 411//986 187//987
f 187//676 411//676 185//676
f 407//988 411//989 178//990
f 411//783 410//783 185//783
f 185//662 409//991 190//992
f 410//993 409//994 185//995
f 435//651 197//651 409//651
f 409//681 197//681 190//681
f 197//996 437//996 206//997
f 206//998 437//999 205//1000
f 435//49 437//1001 197//1001
f 437//1002 433//1003 205//1004
f 205//1005 419//1006 196//1007
f 433//643 419//1008 205//1009
f 193//1010 419//1010 418//1010
f 196//25 419//25 193//25
f 416//1011 415//1012 195//1012
f 416//1013 195//1011 192//1011
f 417//1014 192//1015 194//1016
f 417//1017 416//749 192//1018
f 418//1019 194//1020 193//1021
f 418//1022 417//1023 194//1024
f 429//760 201//760 415//760
f 415//652 201//652 195//652
f 430//1025 432//1026 204//1027
f 430//1028 204//1029 203//1030
f 431//1031 203//1032 202//1033
f 431//783 430//1034 203//1035
f 429//787 202//1036 201//787
f 429//1037 431//1037 202//663
f 445//627 216//627 204//627
f 445//1038 204//1038 432//1038
f 217//1039 216//849 445//1040
f 217//845 445//1041 447//1042
f 218//1043 447//1044 446//843
f 218//1045 217//1046 447//1047
f 215//1048 446//1049 444//1050
f 215//1051 218//1052 446//1053
f 215//634 444//634 211//634
f 211//1054 444//1054 439//1054
f 442//907 441//1055 212//1055
f 442//1056 212//1056 213//1056
f 443//873 213//1057 214//1058
f 443//1059 442//1060 213//1061
f 439//1062 214//1062 211//1062
f 439//1063 443//1063 214//1063
f 212//1064 441//1064 210//1065
f 210//1065 441//1065 440//1065
f 210//1066 438//1066 209//1067
f 209//1068 438//1069 208//1069
f 440//1070 438//1071 210//870
f 438//1072 436//1073 208//1074
f 208//1075 434//1076 207//1077
f 436//1078 434//1079 208//1080
f 207//633 434//633 191//633
f 191//633 434//633 413//633
f 191//1081 408//1082 188//934
f 188//1047 408//1083 186//1084
f 413//1085 408//1086 191//1087
f 408//1088 412//1089 186//1090
f 186//1091 414//888 189//887
f 412//1092 414//1093 186//1094
f 502//627 503//1095 414//951
f 448//627 504//627 414//1096
f 414//1097 504//627 502//627
f 503//1098 505//1099 414//1100
f 448//1101 506//1101 504//1101
f 448//1102 507//1103 506//1104
f 505//1105 508//627 414//1106
f 507//711 509//1107 505//1108
f 505//958 509//1109 508//850
f 510//1110 189//1110 508//1110
f 511//1101 189//1101 510//1101
f 512//850 189//850 511//850
f 508//627 189//627 414//1111
f 509//1112 219//1113 513//1114
f 513//982 219//1115 512//1115
f 512//1038 219//1116 189//1038
f 448//627 219//627 507//627
f 507//627 219//1117 509//1118
f 219//1119 452//1120 223//1121
f 223//768 452//1122 224//1123
f 448//1124 452//1125 219//990
f 452//783 453//1126 224//1127
f 224//1128 464//1128 241//1128
f 453//1129 464//1129 224//1129
f 470//651 246//651 464//651
f 464//681 246//681 241//681
f 246//49 460//49 235//49
f 235//645 460//999 234//1130
f 470//1131 460//1131 246//1131
f 460//1132 459//1133 234//1134
f 234//1135 458//1136 229//1137
f 459//1138 458//1139 234//1140
f 226//9 458//9 457//9
f 229//1141 458//1141 226//1141
f 455//1142 454//1143 228//1144
f 455//1145 228//1146 225//1131
f 456//1147 225//1000 227//1000
f 456//1148 455//1000 225//1000
f 457//1149 227//1150 226//1151
f 457//1152 456//1153 227//1154
f 257//760 230//760 454//760
f 454//681 230//681 228//681
f 514//1155 503//1155 515//1155
f 515//1156 502//1156 516//1156
f 503//1157 502//1157 515//1157
f 516//1158 504//1158 517//1158
f 517//1159 504//1159 518//1159
f 502//1160 504//1160 516//1160
f 518//1161 506//1161 519//1161
f 504//1162 506//1162 518//1162
f 519//1163 506//1163 520//1163
f 520//1164 507//1164 521//1164
f 521//1165 507//1165 522//1165
f 506//1166 507//1166 520//1166
f 522//1167 505//1167 523//1167
f 507//1168 505//1168 522//1168
f 523//1169 503//1169 514//1169
f 505//1170 503//1170 523//1170
f 519//1171 520//1171 524//1172
f 524//1173 520//1174 525//1175
f 525//1176 521//1176 526//1176
f 520//1177 521//1177 525//1177
f 420//681 519//681 421//681
f 519//651 182//651 421//651
f 519//681 524//681 182//681
f 524//681 198//681 182//681
f 198//1178 524//1178 221//1178
f 221//1179 527//1179 222//1179
f 524//1180 527//1180 221//1180
f 222//1181 528//1181 220//1181
f 527//1182 528//1182 222//1182
f 524//1183 513//1183 527//1183
f 527//1184 512//1184 528//1184
f 528//1185 512//1185 529//1185
f 513//1186 512//1186 527//1186
f 529//1187 511//1187 530//1187
f 512//1188 511//1188 529//1188
f 530//1189 510//1189 531//1189
f 511//1190 510//1190 530//1190
f 531//1191 510//1191 532//1191
f 532//1192 508//1192 533//1192
f 510//1193 508//1193 532//1193
f 533//1194 509//1194 526//1194
f 526//1195 509//1195 525//1195
f 508//1196 509//1196 533//1196
f 525//1197 513//1197 524//1197
f 509//1198 513//1198 525//1198
f 165//1199 534//1199 535//1199
f 165//31 536//31 534//31
f 165//13 220//13 536//13
f 220//13 530//13 536//13
f 220//31 529//31 530//31
f 536//28 531//28 537//28
f 530//1200 531//1200 536//1200
f 220//1201 528//1201 529//1201
f 537//1202 532//1203 538//1204
f 531//1205 532//1206 537//1205
f 538//1207 533//1208 539//1209
f 532//1210 533//1211 538//1212
f 539//9 540//9 541//9
f 539//13 542//13 540//13
f 543//1065 393//1065 544//1065
f 545//1213 393//1213 543//1213
f 542//806 523//806 546//806
f 533//1214 522//13 539//13
f 539//13 522//13 542//13
f 542//1199 522//1199 523//1199
f 546//39 514//39 547//39
f 523//1215 514//1215 546//1216
f 526//1217 521//1217 533//1218
f 533//39 521//39 522//39
f 547//806 515//806 545//806
f 545//13 515//13 393//13
f 514//1219 515//1219 547//1219
f 516//28 449//28 515//28
f 517//1220 449//1220 516//1220
f 515//13 449//13 393//13
f 547//1221 494//1221 546//1221
f 546//1222 495//1222 542//1222
f 494//1223 495//1223 546//1223
f 542//1224 493//1224 540//1224
f 540//1225 493//1225 548//1225
f 495//1168 493//1168 542//1168
f 548//1226 491//1226 549//1226
f 493//1227 491//1227 548//1227
f 549//1228 491//1228 550//1228
f 550//1229 490//1229 544//1229
f 544//1230 490//1230 543//1230
f 491//1231 490//1231 550//1231
f 543//1232 492//1232 545//1232
f 490//1233 492//1233 543//1233
f 545//1234 494//1234 547//1234
f 492//1235 494//1235 545//1235
f 393//1236 391//1236 544//1236
f 544//1237 391//1237 550//1237
f 550//1238 389//1238 549//1238
f 391//1239 389//1239 550//1239
f 389//1240 382//1240 549//1240
f 154//633 551//633 156//633
f 551//633 384//633 156//633
f 551//634 549//634 384//634
f 549//634 382//634 384//634
f 384//1241 383//1241 155//1241
f 384//1242 155//1242 156//1242
f 155//1243 383//1243 149//1243
f 149//1244 378//1244 137//1244
f 383//1245 378//1245 149//1245
f 137//1246 366//1246 129//1246
f 378//1247 366//1247 137//1247
f 129//1248 358//1248 125//1248
f 366//1249 358//1249 129//1249
f 125//1250 355//1250 121//1250
f 358//1251 355//1251 125//1251
f 121//1252 350//1252 110//1252
f 355//1253 350//1253 121//1253
f 110//1254 339//1254 102//1254
f 350//1255 339//1255 110//1255
f 102//1256 331//1256 89//1256
f 339//1254 331//1254 102//1254
f 89//1257 318//1257 86//1257
f 331//1258 318//1258 89//1258
f 86//1259 314//1259 84//1259
f 318//1260 314//1260 86//1260
f 84//1261 312//1261 88//1261
f 314//1262 312//1262 84//1262
f 88//1263 317//1263 96//1263
f 312//1264 317//1264 88//1264
f 317//1265 325//1265 96//1265
f 97//1266 96//1266 325//1266
f 97//1267 325//1267 326//1267
f 71//634 97//634 552//634
f 553//634 326//634 299//634
f 97//633 326//633 553//633
f 97//634 553//634 552//634
f 71//1268 552//1268 67//1268
f 67//1269 554//1269 68//1269
f 552//1270 554//1270 67//1270
f 68//1271 555//1271 70//1271
f 554//1272 555//1272 68//1272
f 482//1273 556//1273 480//1273
f 557//1274 556//1274 482//1274
f 480//1275 558//1275 478//1275
f 556//1276 558//1276 480//1276
f 558//1277 555//1277 478//1277
f 478//1278 554//1278 479//1278
f 555//1279 554//1279 478//1279
f 554//1280 552//1280 479//1280
f 479//1281 559//1281 481//1281
f 552//1282 559//1282 479//1282
f 559//1283 560//1283 481//1283
f 481//1284 561//1284 483//1284
f 560//1285 561//1285 481//1285
f 483//1286 562//1286 482//1286
f 561//1287 562//1287 483//1287
f 562//1288 557//1288 482//1288
f 301//1289 563//1289 564//1289
f 301//983 565//983 563//983
f 301//627 340//627 565//627
f 340//627 566//627 565//627
f 340//1290 567//1290 566//1290
f 565//1038 10//1038 568//1038
f 566//1291 10//1291 565//1291
f 340//1292 569//1292 567//1292
f 568//1293 8//1293 570//1293
f 10//1294 8//1294 568//1294
f 570//1295 6//1295 571//1295
f 8//1296 6//1296 570//1296
f 571//944 560//1297 572//944
f 571//1298 561//1298 560//1298
f 558//851 70//851 555//851
f 556//627 70//627 558//627
f 561//1299 573//1105 562//1299
f 6//627 574//627 571//627
f 571//627 574//627 561//627
f 561//665 574//665 573//665
f 562//1300 575//1300 557//1300
f 573//1106 575//1301 562//1301
f 5//1297 576//1297 6//1297
f 6//712 576//712 574//712
f 557//944 577//944 556//944
f 556//627 577//627 70//627
f 575//1302 577//1302 557//1302
f 578//1303 111//1303 577//1303
f 579//627 111//627 578//627
f 577//1038 111//1038 70//1038
f 486//1304 580//1304 487//1304
f 553//1305 580//1305 486//1305
f 580//1306 564//1306 487//1306
f 487//1307 563//1307 489//1307
f 564//1308 563//1308 487//1308
f 489//1309 565//1309 488//1309
f 563//1287 565//1287 489//1287
f 565//1310 568//1310 488//1310
f 488//1311 570//1311 484//1311
f 568//1312 570//1312 488//1312
f 484//1313 571//1313 485//1313
f 570//1314 571//1314 484//1314
f 571//1315 572//1315 485//1315
f 485//1316 581//1316 486//1316
f 572//1317 581//1317 485//1317
f 581//1318 553//1318 486//1318
f 553//1319 581//1320 552//1321
f 552//1322 581//1323 559//1324
f 559//1325 572//1325 560//1325
f 581//1326 572//1327 559//1326
f 299//1328 296//1328 553//1328
f 553//1329 296//1329 580//1329
f 580//1330 298//1330 564//1330
f 296//1331 298//1331 580//1331
f 298//1332 301//1332 564//1332
f 111//1333 579//1333 112//1333
f 112//1334 582//1334 113//1334
f 579//1335 582//1335 112//1335
f 113//1336 583//1336 114//1336
f 582//1337 583//1337 113//1337
f 17//1338 582//1338 15//1338
f 583//1339 582//1339 17//1339
f 582//1340 579//1340 15//1340
f 15//1341 578//1341 11//1341
f 579//1342 578//1342 15//1342
f 11//6 577//6 12//6
f 578//1343 577//1343 11//1343
f 577//1344 575//1344 12//1344
f 12//1345 573//1345 16//1345
f 575//1346 573//1346 12//1346
f 16//1347 574//1347 18//1347
f 573//1348 574//1348 16//1348
f 574//1349 576//1349 18//1349
f 18//1350 584//1350 17//1350
f 576//1351 584//1351 18//1351
f 584//1352 583//1352 17//1352
f 576//1353 5//1354 584//1355
f 584//1356 2//1356 583//1356
f 5//1357 2//1358 584//1359
f 2//1360 4//1360 583//1360
f 341//681 345//681 4//681
f 583//681 115//681 114//681
f 345//681 115//681 583//681
f 345//651 583//651 4//651
f 340//1361 343//1361 569//1361
f 569//1362 343//1362 585//1362
f 585//1363 342//1363 4//1363
f 343//1364 342//1364 585//1364
f 342//1365 341//1365 4//1365
f 9//1366 566//1366 20//1366
f 10//1367 566//1367 9//1367
f 20//1368 567//1368 21//1368
f 566//1369 567//1369 20//1369
f 567//1370 569//1370 21//1370
f 21//1371 585//1371 1//1371
f 569//1372 585//1372 21//1372
f 585//1373 4//1373 1//1373
f 344//1374 116//1374 115//1374
f 345//1375 344//1375 115//1375
f 344//1376 348//1376 116//1376
f 116//1377 348//1377 119//1377
f 119//1378 365//1379 135//1378
f 348//1380 365//1378 119//1381
f 135//1382 372//1383 143//1384
f 365//1385 372//1386 135//1387
f 143//1388 388//1389 159//1389
f 372//1390 388//1390 143//1390
f 159//1391 388//1391 387//1391
f 157//1392 159//1392 387//1392
f 386//627 158//627 387//627
f 387//627 158//627 157//627
f 158//1393 390//1393 161//1393
f 161//1394 390//1394 162//1395
f 386//1396 390//1396 158//1396
f 390//1397 392//1397 162//1398
f 162//1399 394//1400 164//1401
f 392//391 394//1402 162//1403
f 428//651 164//651 394//651
f 428//681 200//681 164//681
f 200//47 468//1404 244//1011
f 244//1405 468//1406 240//1407
f 428//1408 468//1409 200//1410
f 468//1411 466//1412 240//1413
f 240//1414 424//1414 199//1414
f 466//1415 424//1415 240//1415
f 199//13 424//13 181//13
f 181//13 424//13 427//13
f 427//1416 426//1416 179//1416
f 427//1417 179//1417 181//1417
f 179//1418 426//1418 180//1418
f 180//1419 425//1419 238//1419
f 426//1420 425//1420 180//1420
f 238//1421 462//1421 236//1421
f 425//1422 462//1422 238//1422
f 236//1423 423//1423 183//1423
f 462//1424 423//1424 236//1424
f 183//1425 422//1425 184//1425
f 423//1426 422//1426 183//1426
f 184//1427 422//1427 421//1427
f 182//1428 184//1428 421//1428
f 541//1429 540//1430 586//1431
f 586//1432 548//1433 551//1432
f 540//1434 548//1435 586//1436
f 548//1437 549//1438 551//1438
f 551//1439 498//1439 586//1439
f 586//1440 497//1440 541//1440
f 541//1441 497//1441 539//1441
f 498//1442 497//1442 586//1442
f 539//1443 496//1443 538//1443
f 497//1444 496//1444 539//1444
f 538//1445 501//1445 537//1445
f 496//1446 501//1446 538//1446
f 537//1447 501//1447 536//1447
f 536//1448 500//1448 534//1448
f 501//1449 500//1449 536//1449
f 534//1450 499//1450 535//1450
f 535//1451 499//1451 587//1451
f 500//1452 499//1452 534//1452
f 587//1453 498//1453 551//1453
f 499//1454 498//1454 587//1454
f 165//1455 535//1455 163//1455
f 163//1456 587//1456 160//1456
f 535//1457 587//1457 163//1457
f 160//1458 551//1458 154//1458
f 587//1459 551//1459 160//1459
f 420//1460 451//1460 519//1460
f 519//1461 451//1461 518//1461
f 518//1462 450//1462 517//1462
f 451//1463 450//1463 518//1463
f 450//1464 449//1464 517//1464
f 50//1465 313//1465 83//1465
f 280//1465 313//1465 50//1465
f 83//1466 315//1466 85//1466
f 313//1466 315//1466 83//1466
f 85//1467 265//1467 36//1467
f 315//1468 265//1468 85//1468
f 36//1469 261//1469 32//1469
f 265//1470 261//1470 36//1470
f 32//1322 258//1322 30//1322
f 261//1471 258//1471 32//1471
f 30//1472 263//1472 34//1472
f 258//1472 263//1472 30//1472
f 34//1473 266//1473 37//1473
f 263//1473 266//1473 34//1473
f 37//1474 280//1474 50//1474
f 266//1475 280//1475 37//1475
f 142//1465 377//1465 147//1465
f 371//1465 377//1465 142//1465
f 147//1476 373//1476 144//1476
f 377//1466 373//1466 147//1466
f 144//1467 363//1467 134//1467
f 373//1468 363//1468 144//1468
f 134//1477 356//1477 127//1477
f 363//1470 356//1470 134//1470
f 127//1478 351//1478 122//1478
f 356//1471 351//1471 127//1471
f 122//1479 357//1479 128//1479
f 351//1479 357//1479 122//1479
f 128//1473 364//1473 136//1473
f 357//1473 364//1473 128//1473
f 136//1480 371//1480 142//1480
f 364//1480 371//1480 136//1480
f 140//1465 375//1465 146//1465
f 369//1465 375//1465 140//1465
f 146//1466 370//1466 141//1466
f 375//1476 370//1476 146//1476
f 141//1467 362//1467 133//1467
f 370//1468 362//1468 141//1468
f 133//1470 353//1470 126//1470
f 362//1470 353//1470 133//1470
f 126//1471 349//1471 120//1471
f 353//1322 349//1322 126//1322
f 120//1472 354//1472 124//1472
f 349//1481 354//1481 120//1481
f 124//1473 361//1473 132//1473
f 354//1473 361//1473 124//1473
f 132//1480 369//1480 140//1480
f 361//1480 369//1480 132//1480
f 250//1465 476//1465 252//1465
f 472//1465 476//1465 250//1465
f 252//1476 474//1476 248//1476
f 476//1476 474//1476 252//1476
f 248//1468 469//1468 245//1468
f 474//1467 469//1467 248//1467
f 245//1470 463//1470 242//1470
f 469//1470 463//1470 245//1470
f 242//1478 461//1478 237//1478
f 463//1471 461//1471 242//1471
f 237//1472 465//1472 239//1472
f 461//1472 465//1472 237//1472
f 239//1473 467//1473 243//1473
f 465//1473 467//1473 239//1473
f 243//1480 472//1480 250//1480
f 467//1480 472//1480 243//1480
f 588//1482 589//1482 590//1482
f 590//1483 589//1483 591//1483
f 591//31 592//31 593//31
f 589//13 592//13 591//13
f 593//1484 594//1484 595//1484
f 592//1485 594//1485 593//1485
f 596//456 597//456 598//456
f 596//497 598//497 599//497
f 592//394 599//394 594//394
f 592//602 596//602 599//602
f 600//580 589//393 588//393
f 601//394 592//394 589//394
f 601//394 596//394 592//394
f 601//394 589//394 600//1486
f 602//1487 600//1488 603//1489
f 602//1490 601//393 600//1491
f 603//1492 600//1492 604//1492
f 603//1493 604//1493 605//1493
f 602//1044 605//1044 606//1044
f 602//1494 603//1494 605//1494
f 601//849 606//632 607//1495
f 601//1496 602//1497 606//1498
f 601//627 607//627 608//627
f 601//851 608//851 596//851
f 597//1124 596//1124 608//1124
f 597//1499 608//1499 609//1499
f 598//1500 609//1500 610//1500
f 598//768 597//768 609//768
f 599//1501 610//1501 611//1501
f 599//1502 598//1502 610//1503
f 599//681 611//681 595//681
f 599//760 595//760 594//760
f 612//394 29//394 31//394
f 613//394 33//394 29//394
f 613//393 29//393 612//393
f 614//393 31//393 35//393
f 614//393 612//393 31//393
f 615//393 614//393 35//393
f 616//394 33//394 613//394
f 617//394 33//394 616//394
f 618//393 619//393 615//393
f 620//404 617//404 616//404
f 620//394 616//394 621//394
f 622//393 615//393 35//393
f 622//521 618//521 615//521
f 623//457 33//457 617//457
f 624//505 619//505 618//505
f 625//1504 622//1504 35//1504
f 626//432 620//432 621//432
f 627//393 626//393 621//393
f 627//394 621//394 628//394
f 629//394 619//394 624//394
f 629//394 628//394 619//394
f 630//393 627//393 628//393
f 631//393 628//393 629//393
f 631//394 630//394 628//394
f 632//394 625//394 35//394
f 633//393 627//393 630//393
f 634//394 631//394 629//394
f 635//394 636//394 637//394
f 635//393 637//393 638//393
f 635//394 638//394 627//394
f 635//393 627//393 633//393
f 639//394 629//394 640//394
f 639//393 640//393 641//393
f 639//394 641//394 642//394
f 639//393 634//393 629//393
f 643//393 636//393 635//393
f 644//394 639//394 642//394
f 118//393 632//393 35//393
f 118//460 645//460 632//460
f 117//394 33//394 623//394
f 117//1505 646//448 647//448
f 117//393 623//393 646//1506
f 648//393 645//393 118//393
f 648//394 649//394 645//394
f 650//410 647//1507 651//410
f 650//393 117//393 647//1508
f 652//394 648//394 118//394
f 653//393 649//393 648//393
f 653//1509 642//393 654//393
f 653//510 654//498 649//498
f 655//394 117//1510 650//394
f 656//394 650//394 651//394
f 656//498 651//498 657//498
f 656//394 657//394 636//394
f 658//394 636//394 643//394
f 659//393 644//393 642//393
f 131//393 652//393 118//393
f 130//394 117//1511 655//394
f 660//393 642//393 653//1512
f 660//393 659//393 642//393
f 661//393 652//393 131//393
f 662//393 636//393 658//393
f 662//393 656//393 636//393
f 663//394 130//394 655//394
f 139//393 661//393 131//393
f 138//394 130//394 663//394
f 664//393 662//393 658//393
f 665//393 659//393 660//393
f 666//393 661//393 139//393
f 667//393 138//393 663//393
f 145//394 667//394 668//394
f 145//394 138//394 667//394
f 148//393 666//393 139//393
f 669//494 666//494 148//494
f 670//393 666//393 669//393
f 671//394 672//394 666//394
f 671//1510 666//1510 670//1510
f 673//494 672//494 671//494
f 595//394 674//394 662//394
f 595//393 662//393 664//393
f 595//393 664//393 675//393
f 595//393 675//393 676//393
f 677//393 660//393 678//393
f 677//393 665//393 660//393
f 677//394 679//394 680//394
f 677//394 680//394 665//394
f 611//393 674//393 595//393
f 681//394 677//394 678//394
f 610//393 668//393 674//393
f 610//1513 674//1513 611//1513
f 682//393 678//393 672//393
f 682//429 681//429 678//429
f 609//393 145//393 668//393
f 609//1513 668//1513 610//1513
f 683//410 682//410 672//410
f 683//393 672//393 673//393
f 608//505 145//505 609//505
f 684//586 683//586 673//586
f 593//393 595//393 676//393
f 685//394 679//394 677//394
f 591//393 593//393 676//393
f 686//393 679//393 685//393
f 590//394 591//394 676//394
f 590//393 676//393 687//393
f 590//394 687//394 688//394
f 689//394 679//394 686//394
f 689//393 690//393 691//393
f 689//393 691//393 679//393
f 692//394 590//394 688//394
f 692//393 690//393 689//393
f 692//394 688//394 690//394
f 693//394 692//394 689//394
f 693//394 689//394 694//394
f 693//542 694//542 695//542
f 696//393 590//393 692//393
f 696//519 605//519 604//519
f 696//394 604//394 590//394
f 697//552 695//552 698//552
f 697//394 693//394 695//394
f 699//394 605//394 696//394
f 699//497 606//497 605//497
f 700//393 684//393 673//393
f 700//613 698//613 701//472
f 700//394 701//394 684//394
f 700//393 697//393 698//393
f 702//393 697//393 700//393
f 702//393 703//393 697//393
f 704//444 703//444 702//444
f 705//393 703//393 704//393
f 247//534 699//534 706//534
f 247//394 606//394 699//394
f 247//573 607//1514 606//573
f 249//393 703//393 705//393
f 251//393 706//393 707//393
f 251//394 247//394 706//394
f 253//393 707//393 703//393
f 253//394 703//394 249//394
f 253//394 251//394 707//394
f 247//393 145//393 608//393
f 247//397 608//397 607//1515
f 253//628 249//628 708//628
f 253//628 708//628 709//628
f 251//631 709//631 710//631
f 251//631 253//631 709//631
f 247//632 710//632 711//632
f 247//632 251//632 710//632
f 712//61 713//61 714//61
f 715//1516 713//1516 712//1516
f 712//61 716//61 715//61
f 714//62 717//62 718//62
f 713//62 717//62 714//62
f 716//1516 719//1516 715//1516
f 717//61 720//61 718//61
f 716//1516 721//1516 719//1516
f 722//62 723//62 724//62
f 725//61 723//61 722//61
f 724//62 726//62 722//62
f 722//62 726//62 727//62
f 725//61 728//61 723//61
f 729//62 728//62 725//62
f 726//62 730//62 727//62
f 727//61 730//61 731//61
f 729//61 732//61 728//61
f 733//62 732//62 729//62
f 730//62 734//62 731//62
f 733//61 735//61 732//61
f 734//61 736//61 731//61
f 737//62 736//62 734//62
f 733//61 738//61 735//61
f 739//62 738//62 721//62
f 721//62 738//62 733//62
f 735//62 738//62 740//62
f 731//61 741//61 720//61
f 736//61 741//61 731//61
f 720//1517 742//1517 718//1517
f 741//151 742//151 720//151
f 716//61 743//61 721//61
f 721//62 743//62 739//62
f 741//263 744//263 742//263
f 738//61 745//61 740//61
f 740//61 745//61 746//61
f 737//61 747//61 736//61
f 748//61 747//61 737//61
f 743//296 749//296 739//296
f 742//62 750//62 751//62
f 744//151 750//151 742//151
f 745//61 752//61 746//61
f 746//61 752//61 753//61
f 748//61 754//61 747//61
f 755//1517 754//1517 748//1517
f 756//301 757//301 743//301
f 743//301 757//301 749//301
f 752//61 758//61 753//61
f 756//1516 759//1516 757//1516
f 756//301 760//301 759//301
f 761//277 762//277 750//277
f 750//1517 762//1517 751//1517
f 754//62 763//62 764//62
f 755//61 763//61 754//61
f 758//61 765//61 753//61
f 761//61 766//61 762//61
f 766//62 767//62 762//62
f 760//61 768//61 759//61
f 759//1517 768//1517 769//1517
f 766//61 770//61 767//61
f 763//61 771//61 764//61
f 764//61 771//61 772//61
f 758//62 773//62 765//62
f 774//62 773//62 758//62
f 766//1518 775//1518 770//1518
f 766//61 776//61 775//61
f 768//296 777//296 769//296
f 776//61 778//61 775//61
f 776//61 779//61 778//61
f 780//61 779//61 776//61
f 781//62 782//62 774//62
f 774//61 782//61 773//61
f 771//61 783//61 772//61
f 772//62 783//62 780//62
f 780//61 784//61 779//61
f 783//61 784//61 780//61
f 781//61 785//61 782//61
f 786//62 787//62 788//62
f 787//61 789//61 788//61
f 790//61 789//61 791//61
f 788//61 789//61 790//61
f 786//62 792//62 787//62
f 793//61 792//61 786//61
f 789//62 794//62 791//62
f 791//62 794//62 795//62
f 781//61 796//61 785//61
f 777//61 796//61 781//61
f 793//61 796//61 792//61
f 785//62 796//62 793//62
f 794//62 797//62 795//62
f 795//61 797//61 784//61
f 777//61 798//61 796//61
f 799//62 800//62 797//62
f 784//61 800//61 779//61
f 797//62 800//62 784//62
f 799//143 801//143 800//143
f 799//1517 802//1517 801//1517
f 799//62 803//62 802//62
f 803//263 804//263 802//263
f 803//1519 708//1519 804//1519
f 798//1520 711//1520 805//1520
f 711//62 806//62 805//62
f 711//1521 710//1521 806//1521
f 807//1522 709//1522 803//1522
f 806//352 709//352 807//352
f 803//181 709//181 708//181
f 710//62 709//62 806//62
f 768//62 711//62 798//62
f 768//62 798//62 777//62
f 247//627 768//627 145//627
f 247//627 711//627 768//627
f 138//885 145//885 768//885
f 138//885 768//885 760//885
f 130//675 760//675 756//675
f 130//675 138//675 760//675
f 117//886 756//886 743//886
f 117//886 130//886 756//886
f 117//681 716//681 33//681
f 117//681 743//681 716//681
f 29//49 33//49 716//49
f 29//49 716//49 712//49
f 31//882 712//882 714//882
f 31//883 29//883 712//883
f 35//884 714//884 718//884
f 35//884 31//884 714//884
f 118//13 35//13 718//13
f 742//13 118//13 718//13
f 131//636 118//636 742//636
f 131//635 742//635 751//635
f 139//637 751//637 762//637
f 139//637 131//637 751//637
f 148//638 762//638 767//638
f 148//638 139//638 762//638
f 770//729 669//729 148//729
f 770//1523 148//1523 767//1523
f 779//1524 673//1524 778//1524
f 778//1525 671//1525 775//1525
f 673//1526 671//1526 778//1526
f 775//1527 670//1527 770//1527
f 671//1528 670//1528 775//1528
f 670//1529 669//1529 770//1529
f 808//633 673//633 809//633
f 810//1530 673//1530 808//1530
f 779//633 811//633 812//633
f 779//633 812//633 813//633
f 779//730 813//730 809//730
f 779//634 809//634 673//634
f 814//634 700//634 673//634
f 814//634 810//634 811//634
f 814//634 673//634 810//634
f 815//633 700//633 814//633
f 816//634 811//634 779//634
f 816//634 814//634 811//634
f 817//634 700//634 815//634
f 800//633 818//633 819//633
f 800//634 819//634 816//634
f 800//633 816//633 779//633
f 800//633 700//633 817//633
f 800//1054 817//1054 818//1054
f 700//1531 800//1531 702//1531
f 702//1532 801//1532 704//1532
f 800//1533 801//1533 702//1533
f 704//1534 802//1534 705//1534
f 801//1532 802//1532 704//1532
f 802//1535 804//1535 705//1535
f 708//1530 249//1530 705//1530
f 708//1536 705//1536 804//1536
f 808//1537 809//1537 820//1537
f 820//1537 809//1537 821//1537
f 821//627 813//627 822//627
f 809//851 813//851 821//851
f 822//1538 812//1538 823//1538
f 813//1539 812//1539 822//1539
f 823//1540 812//1540 824//1540
f 812//1541 811//1541 824//1541
f 825//1542 810//1542 820//1542
f 824//13 810//13 825//13
f 811//20 810//20 824//20
f 810//1542 808//1542 820//1542
f 823//1543 824//1543 826//1543
f 824//1544 825//1544 826//1544
f 825//1545 820//1545 826//1545
f 820//1546 821//1546 826//1546
f 821//1547 822//1547 826//1547
f 822//1548 823//1548 826//1548
f 815//1549 814//1549 827//1549
f 828//627 814//627 829//627
f 827//1537 814//1537 828//1537
f 829//1550 816//1550 830//1550
f 814//851 816//851 829//851
f 816//1550 819//1550 830//1550
f 819//1551 818//1551 830//1551
f 830//1540 818//1540 831//1540
f 832//1542 817//1542 827//1542
f 831//13 817//13 832//13
f 818//13 817//13 831//13
f 817//1542 815//1542 827//1542
f 830//1552 831//1552 833//1552
f 831//1544 832//1544 833//1544
f 832//1545 827//1545 833//1545
f 827//1546 828//1546 833//1546
f 828//1547 829//1547 833//1547
f 829//1548 830//1548 833//1548
f 834//1553 803//1553 835//1553
f 835//1554 803//1554 836//1554
f 836//1555 803//1555 837//1555
f 837//1556 803//1556 838//1556
f 838//1557 803//1557 839//1557
f 839//1558 799//1559 840//1560
f 840//1561 799//1561 841//1561
f 841//1562 799//1562 842//1562
f 842//1563 799//1563 843//1563
f 843//1564 799//1564 844//1564
f 844//1565 799//1565 845//1565
f 845//1566 799//1566 846//1566
f 846//1567 799//1567 847//1567
f 847//1568 799//1568 848//1568
f 848//1569 799//1569 849//1569
f 849//1570 799//1571 850//1572
f 803//1573 799//1574 839//1575
f 850//1576 797//1576 851//1576
f 851//1577 797//1577 852//1577
f 852//1578 797//1578 853//1578
f 853//1579 797//1579 854//1579
f 854//1580 797//1580 855//1580
f 855//1581 797//1581 856//1581
f 856//1582 797//1582 857//1582
f 857//1583 797//1583 858//1583
f 858//1584 797//1584 859//1584
f 859//1585 797//1585 860//1585
f 799//1586 797//1587 850//1588
f 860//1589 794//1590 861//1591
f 861//1592 794//1592 862//1592
f 862//1593 794//1593 863//1593
f 863//1594 794//1594 864//1594
f 864//1595 794//1595 865//1595
f 865//979 794//979 866//979
f 866//1596 794//1596 867//1596
f 867//1597 794//1597 868//1597
f 868//1598 794//1598 869//1598
f 869//1599 794//1599 870//1599
f 870//1600 794//1601 871//1602
f 797//1603 794//1604 860//1605
f 871//1606 789//1606 872//1606
f 872//1607 789//1607 873//1607
f 794//1608 789//1609 871//1610
f 873//1611 789//1611 874//1611
f 874//1612 789//1612 875//1612
f 875//1613 789//1613 876//1613
f 876//1614 789//1614 877//1614
f 877//1615 789//1615 878//1615
f 878//1616 789//1616 879//1616
f 879//1617 789//1617 880//1617
f 880//1618 789//1618 881//1618
f 789//1619 787//1620 881//1621
f 881//1622 787//1623 882//1624
f 882//1625 787//1625 883//1625
f 883//1626 787//1626 884//1626
f 884//1627 787//1627 885//1627
f 885//1628 787//1628 886//1628
f 886//1629 787//1629 887//1629
f 887//1630 787//1630 888//1630
f 888//1631 787//1631 889//1631
f 889//1632 787//1632 890//1632
f 890//1633 787//1633 891//1633
f 891//1634 787//1635 892//1636
f 787//1637 792//1638 892//1639
f 892//1640 792//1640 893//1640
f 893//1641 792//1641 894//1641
f 894//1642 792//1642 895//1642
f 895//1643 792//1643 896//1643
f 896//1644 792//1644 897//1644
f 897//1645 792//1645 898//1645
f 898//1646 792//1646 899//1646
f 899//1647 792//1647 900//1647
f 900//1648 792//1648 901//1648
f 901//1649 792//1649 902//1649
f 902//1650 796//1651 903//1652
f 903//1653 796//1653 904//1653
f 904//1654 796//1654 905//1654
f 905//1655 796//1655 906//1655
f 906//1656 796//1656 907//1656
f 907//1657 796//1657 908//1657
f 908//1658 796//1658 909//1658
f 909//1659 796//1659 910//1659
f 910//1660 796//1660 911//1660
f 911//1661 796//1661 912//1661
f 912//1662 796//1663 913//1664
f 792//1665 796//1666 902//1667
f 913//1668 798//1668 914//1668
f 914//1669 798//1669 915//1669
f 915//1670 798//1670 916//1670
f 916//1671 798//1671 917//1671
f 917//1672 798//1672 918//1672
f 918//1673 798//1673 919//1673
f 919//1674 798//1674 920//1674
f 920//1675 798//1675 921//1675
f 921//1676 798//1676 922//1676
f 922//1677 798//1677 923//1677
f 796//1678 798//1679 913//1680
f 923//1681 805//1682 924//1683
f 924//1684 805//1684 925//1684
f 925//1685 805//1685 926//1685
f 926//1686 805//1686 927//1686
f 927//1687 805//1687 928//1687
f 928//1203 805//1203 929//1203
f 929//1688 805//1688 930//1688
f 930//1689 805//1689 931//1689
f 931//1690 805//1690 932//1690
f 932//1691 805//1691 933//1691
f 933//1692 805//1693 934//1694
f 798//1695 805//1696 923//1697
f 934//1698 806//1698 935//1698
f 935//1699 806//1699 936//1699
f 805//1700 806//1701 934//1702
f 936//1703 806//1703 937//1703
f 937//1704 806//1704 938//1704
f 938//1705 806//1705 939//1705
f 939//1706 806//1706 940//1706
f 940//1707 806//1707 941//1707
f 941//1708 806//1708 942//1708
f 942//1709 806//1709 943//1709
f 943//1710 806//1710 944//1710
f 806//1711 807//1712 944//1713
f 944//1714 807//1715 945//1716
f 945//1717 807//1717 946//1717
f 946//1718 807//1718 947//1718
f 947//1719 807//1719 948//1719
f 948//1720 807//1720 949//1720
f 949//1721 807//1721 950//1721
f 950//1722 807//1722 951//1722
f 951//1723 807//1723 952//1723
f 952//1724 807//1724 953//1724
f 953//1725 807//1725 954//1725
f 954//1726 807//1727 955//1728
f 807//1729 803//1730 955//1731
f 955//1732 803//1732 956//1732
f 956//1733 803//1733 957//1733
f 957//1734 803//1734 958//1734
f 958//1735 803//1735 959//1735
f 959//1736 803//1736 834//1736
f 960//90 849//90 850//90
f 961//277 850//277 851//277
f 961//1521 960//1521 850//1521
f 962//78 848//78 849//78
f 962//1517 849//1517 960//1517
f 963//1521 851//1521 852//1521
f 963//1737 961//1737 851//1737
f 964//62 847//62 848//62
f 964//119 848//119 962//119
f 965//1738 852//1738 853//1738
f 965//71 963//71 852//71
f 966//1739 846//1739 847//1739
f 966//143 847//143 964//143
f 967//135 853//135 854//135
f 967//1740 965//1740 853//1740
f 968//110 845//110 846//110
f 968//197 846//197 966//197
f 969//89 854//89 855//89
f 969//277 967//277 854//277
f 970//1741 844//1741 845//1741
f 970//309 845//309 968//309
f 971//254 855//254 856//254
f 971//61 969//61 855//61
f 972//1742 843//1742 844//1742
f 972//263 844//263 970//263
f 973//184 971//184 856//184
f 973//234 856//234 857//234
f 974//181 843//181 972//181
f 974//71 842//71 843//71
f 975//1742 973//1742 857//1742
f 975//263 857//263 858//263
f 976//263 841//263 842//263
f 976//77 842//77 974//77
f 977//145 858//145 859//145
f 977//1743 975//1743 858//1743
f 978//1741 840//1741 841//1741
f 978//143 841//143 976//143
f 979//70 977//70 859//70
f 979//77 859//77 860//77
f 980//62 839//62 840//62
f 980//1521 840//1521 978//1521
f 981//66 860//66 861//66
f 981//118 979//118 860//118
f 982//1744 838//1744 839//1744
f 982//1521 839//1521 980//1521
f 983//62 861//62 862//62
f 983//144 981//144 861//144
f 984//1737 837//1737 838//1737
f 984//1745 838//1745 982//1745
f 985//1522 862//1522 863//1522
f 985//369 983//369 862//369
f 986//89 836//89 837//89
f 986//146 837//146 984//146
f 987//319 863//319 864//319
f 987//218 985//218 863//218
f 988//61 835//61 836//61
f 988//1746 836//1746 986//1746
f 989//147 864//147 865//147
f 989//277 987//277 864//277
f 990//263 834//263 835//263
f 990//1747 835//1747 988//1747
f 991//1521 865//1521 866//1521
f 991//77 989//77 865//77
f 992//77 959//77 834//77
f 992//112 834//112 990//112
f 993//1748 866//1748 867//1748
f 993//1749 991//1749 866//1749
f 994//1750 958//1750 959//1750
f 994//143 959//143 992//143
f 995//145 867//145 868//145
f 995//1751 993//1751 867//1751
f 996//89 958//89 994//89
f 957//119 958//119 996//119
f 997//234 995//234 868//234
f 869//117 997//117 868//117
f 998//77 957//77 996//77
f 956//1742 957//1742 998//1742
f 999//143 997//143 869//143
f 870//62 999//62 869//62
f 1000//89 956//89 998//89
f 955//1519 956//1519 1000//1519
f 1001//1517 999//1517 870//1517
f 871//1521 1001//1521 870//1521
f 1002//143 955//143 1000//143
f 954//110 955//110 1002//110
f 1003//1740 1001//1740 871//1740
f 872//1747 1003//1747 871//1747
f 1004//184 954//184 1002//184
f 953//216 954//216 1004//216
f 1005//112 1003//112 872//112
f 873//151 1005//151 872//151
f 1006//1519 953//1519 1004//1519
f 952//1743 953//1743 1006//1743
f 1007//1519 1005//1519 873//1519
f 874//218 1007//218 873//218
f 1008//82 952//82 1006//82
f 951//1752 952//1752 1008//1752
f 1009//168 1007//168 874//168
f 875//1516 1009//1516 874//1516
f 1010//352 951//352 1008//352
f 950//119 951//119 1010//119
f 1011//301 1009//301 875//301
f 876//1747 1011//1747 875//1747
f 1012//69 950//69 1010//69
f 949//72 950//72 1012//72
f 1013//296 1011//296 876//296
f 877//1749 1013//1749 876//1749
f 1014//1753 949//1753 1012//1753
f 948//146 949//146 1014//146
f 1015//1754 1013//1754 877//1754
f 878//119 1015//119 877//119
f 1016//352 948//352 1014//352
f 947//147 948//147 1016//147
f 1017//1737 1015//1737 878//1737
f 879//301 1017//301 878//301
f 1018//77 947//77 1016//77
f 946//61 947//61 1018//61
f 1019//145 1017//145 879//145
f 880//61 1019//61 879//61
f 1020//184 946//184 1018//184
f 945//1755 946//1755 1020//1755
f 1021//276 1019//276 880//276
f 881//1756 1021//1756 880//1756
f 1022//1757 945//1757 1020//1757
f 1023//1519 1021//1519 881//1519
f 944//89 945//89 1022//89
f 1024//1742 944//1742 1022//1742
f 882//1516 1023//1516 881//1516
f 1025//151 1023//151 882//151
f 943//263 944//263 1024//263
f 1026//305 943//305 1024//305
f 883//218 1025//218 882//218
f 1027//61 1025//61 883//61
f 942//1738 943//1738 1026//1738
f 1028//359 942//359 1026//359
f 884//1758 1027//1758 883//1758
f 1029//296 1027//296 884//296
f 941//216 942//216 1028//216
f 1030//1521 941//1521 1028//1521
f 885//147 1029//147 884//147
f 1031//216 1029//216 885//216
f 940//329 941//329 1030//329
f 1032//234 940//234 1030//234
f 886//219 1031//219 885//219
f 1033//184 1031//184 886//184
f 939//294 940//294 1032//294
f 1034//1518 939//1518 1032//1518
f 887//61 1033//61 886//61
f 1035//147 1033//147 887//147
f 938//128 939//128 1034//128
f 1036//169 938//169 1034//169
f 888//72 1035//72 887//72
f 1037//1759 1035//1759 888//1759
f 937//89 938//89 1036//89
f 1038//1521 937//1521 1036//1521
f 889//1760 1037//1760 888//1760
f 1039//112 1037//112 889//112
f 936//1761 937//1761 1038//1761
f 1040//234 936//234 1038//234
f 890//118 1039//118 889//118
f 1041//121 1039//121 890//121
f 935//296 936//296 1040//296
f 1042//147 935//147 1040//147
f 891//296 1041//296 890//296
f 1043//234 1041//234 891//234
f 934//61 935//61 1042//61
f 1044//263 934//263 1042//263
f 892//359 1043//359 891//359
f 1045//112 1043//112 892//112
f 933//301 934//301 1044//301
f 1046//305 933//305 1044//305
f 893//168 1045//168 892//168
f 1047//1762 1045//1762 893//1762
f 932//112 933//112 1046//112
f 1048//1519 932//1519 1046//1519
f 894//296 1047//296 893//296
f 1049//1748 1047//1748 894//1748
f 931//110 932//110 1048//110
f 931//146 1048//146 1050//146
f 895//301 1049//301 894//301
f 895//238 1051//238 1049//238
f 930//1519 931//1519 1050//1519
f 930//277 1050//277 1052//277
f 896//352 1051//352 895//352
f 896//1521 1053//1521 1051//1521
f 929//218 930//218 1052//218
f 929//152 1052//152 1054//152
f 897//77 1053//77 896//77
f 897//1747 1055//1747 1053//1747
f 928//1516 1054//1516 1056//1516
f 928//168 929//168 1054//168
f 898//277 1055//277 897//277
f 898//234 1057//234 1055//234
f 927//254 1056//254 1058//254
f 927//146 928//146 1056//146
f 899//70 1057//70 898//70
f 899//151 1059//151 1057//151
f 926//112 1058//112 1060//112
f 926//277 927//277 1058//277
f 900//1763 1059//1763 899//1763
f 900//197 1061//197 1059//197
f 925//62 1060//62 1062//62
f 925//352 926//352 1060//352
f 901//121 1063//121 1061//121
f 901//301 1061//301 900//301
f 924//152 1062//152 1064//152
f 924//234 925//234 1062//234
f 902//147 1065//147 1063//147
f 902//359 1063//359 901//359
f 923//1758 1064//1758 1066//1758
f 923//151 924//151 1064//151
f 903//72 1067//72 1065//72
f 903//277 1065//277 902//277
f 922//319 1066//319 1068//319
f 922//187 923//187 1066//187
f 904//202 1069//202 1067//202
f 904//1764 1067//1764 903//1764
f 921//1519 1068//1519 1070//1519
f 921//69 922//69 1068//69
f 905//1519 1071//1519 1069//1519
f 905//234 1069//234 904//234
f 920//234 1070//234 1072//234
f 920//89 921//89 1070//89
f 906//70 1073//70 1071//70
f 906//61 1071//61 905//61
f 919//76 920//76 1072//76
f 919//1758 1072//1758 1074//1758
f 907//1762 1075//1762 1073//1762
f 907//305 1073//305 906//305
f 918//296 919//296 1074//296
f 918//147 1074//147 1076//147
f 908//1739 1075//1739 907//1739
f 908//187 1077//187 1075//187
f 917//1762 918//1762 1076//1762
f 917//61 1076//61 1078//61
f 909//144 1077//144 908//144
f 909//118 1079//118 1077//118
f 916//1749 917//1749 1078//1749
f 916//162 1078//162 1080//162
f 910//234 1079//234 909//234
f 910//90 1081//90 1079//90
f 915//89 916//89 1080//89
f 915//1749 1080//1749 1082//1749
f 911//62 1081//62 910//62
f 911//90 1083//90 1081//90
f 914//1762 1082//1762 1084//1762
f 914//151 915//151 1082//151
f 912//89 1085//89 1083//89
f 912//296 1083//296 911//296
f 913//234 1085//234 912//234
f 913//61 1084//61 1085//61
f 913//71 914//71 1084//71
f 989//1765 991//1765 1086//1765
f 987//1766 989//1766 1086//1766
f 985//1767 987//1767 1086//1767
f 983//1768 985//1768 1086//1768
f 981//1769 983//1769 1086//1769
f 979//1770 1086//1771 1087//1772
f 979//1773 981//1773 1086//1773
f 977//1774 979//1775 1087//1776
f 975//1777 977//1777 1087//1777
f 973//1778 975//1778 1087//1778
f 971//1779 973//1779 1087//1779
f 969//1780 971//1780 1087//1780
f 967//1781 969//1781 1087//1781
f 965//1782 967//1782 1087//1782
f 963//1783 965//1783 1087//1783
f 961//1784 963//1784 1087//1784
f 960//1785 961//1785 1087//1785
f 962//1786 960//1786 1087//1786
f 964//1787 962//1787 1087//1787
f 966//1788 1087//1788 1088//1788
f 966//1789 964//1789 1087//1789
f 968//1790 966//1790 1088//1790
f 970//1791 968//1791 1088//1791
f 972//1792 970//1792 1088//1792
f 974//1793 972//1793 1088//1793
f 976//1794 974//1794 1088//1794
f 978//1795 976//1795 1088//1795
f 980//1796 978//1796 1088//1796
f 982//1797 980//1797 1088//1797
f 984//1798 982//1798 1088//1798
f 986//1799 984//1799 1088//1799
f 988//1800 986//1800 1088//1800
f 990//1801 988//1801 1088//1801
f 992//1802 1088//1802 1089//1802
f 992//1803 990//1803 1088//1803
f 994//1804 992//1804 1089//1804
f 996//1805 994//1805 1089//1805
f 998//1806 996//1806 1089//1806
f 1000//1807 998//1807 1089//1807
f 1002//1808 1000//1808 1089//1808
f 1004//1809 1002//1809 1089//1809
f 1006//1810 1004//1810 1089//1810
f 1008//1811 1006//1811 1089//1811
f 1010//1812 1008//1812 1089//1812
f 1012//1813 1010//1813 1089//1813
f 1014//1814 1012//1814 1089//1814
f 1016//1815 1089//1815 1090//1815
f 1016//1816 1014//1816 1089//1816
f 1018//1817 1016//1817 1090//1817
f 1020//1818 1018//1818 1090//1818
f 1022//1819 1020//1819 1090//1819
f 1024//1820 1022//1820 1090//1820
f 1026//1821 1024//1821 1090//1821
f 1028//1822 1026//1822 1090//1822
f 1030//1823 1028//1823 1090//1823
f 1032//1824 1030//1824 1090//1824
f 1034//1825 1032//1825 1090//1825
f 1036//1826 1034//1826 1090//1826
f 1038//1827 1036//1827 1090//1827
f 1040//1828 1038//1828 1090//1828
f 1042//1829 1090//1830 1091//1831
f 1042//1832 1040//1833 1090//1834
f 1044//1835 1042//1835 1091//1835
f 1046//1836 1044//1836 1091//1836
f 1048//1837 1046//1837 1091//1837
f 1050//1838 1048//1838 1091//1838
f 1052//1839 1050//1839 1091//1839
f 1054//1840 1052//1840 1091//1840
f 1056//1841 1054//1841 1091//1841
f 1058//1842 1056//1842 1091//1842
f 1060//1843 1058//1843 1091//1843
f 1062//1844 1060//1844 1091//1844
f 1064//1845 1062//1845 1091//1845
f 1066//1846 1091//1847 1092//1848
f 1066//1849 1064//1849 1091//1849
f 1068//1850 1066//1851 1092//1852
f 1070//1853 1068//1853 1092//1853
f 1072//1854 1070//1854 1092//1854
f 1074//1855 1072//1855 1092//1855
f 1076//1856 1074//1856 1092//1856
f 1078//1857 1076//1857 1092//1857
f 1080//1858 1078//1858 1092//1858
f 1082//1859 1080//1859 1092//1859
f 1084//1860 1082//1860 1092//1860
f 1085//1861 1084//1861 1092//1861
f 1083//1862 1085//1862 1092//1862
f 1081//1863 1083//1863 1092//1863
f 1079//1864 1092//1864 1093//1864
f 1079//1865 1081//1865 1092//1865
f 1077//1866 1079//1866 1093//1866
f 1075//1867 1077//1867 1093//1867
f 1073//1868 1075//1868 1093//1868
f 1071//1869 1073//1869 1093//1869
f 1069//1870 1071//1870 1093//1870
f 1067//1871 1069//1871 1093//1871
f 1065//1872 1067//1872 1093//1872
f 1063//1873 1065//1873 1093//1873
f 1061//1874 1063//1874 1093//1874
f 1059//1875 1061//1875 1093//1875
f 1057//1876 1059//1876 1093//1876
f 1055//1877 1057//1877 1093//1877
f 1053//1878 1093//1878 1094//1878
f 1053//1879 1055//1879 1093//1879
f 1051//1880 1053//1880 1094//1880
f 1049//1881 1051//1881 1094//1881
f 1047//1882 1049//1882 1094//1882
f 1045//1883 1047//1883 1094//1883
f 1043//1884 1045//1884 1094//1884
f 1041//1885 1043//1885 1094//1885
f 1039//1886 1041//1886 1094//1886
f 1037//1887 1039//1887 1094//1887
f 1035//1888 1037//1888 1094//1888
f 1033//1889 1035//1889 1094//1889
f 1031//1890 1033//1890 1094//1890
f 1029//1891 1094//1891 1095//1891
f 1029//1892 1031//1892 1094//1892
f 1027//1893 1029//1893 1095//1893
f 1025//1894 1027//1894 1095//1894
f 1023//1895 1025//1895 1095//1895
f 1021//1896 1023//1896 1095//1896
f 1019//1897 1021//1897 1095//1897
f 1017//1898 1019//1898 1095//1898
f 1015//1899 1017//1899 1095//1899
f 1013//1900 1015//1900 1095//1900
f 1011//1901 1013//1901 1095//1901
f 1009//1902 1011//1902 1095//1902
f 1007//1903 1009//1903 1095//1903
f 1005//1904 1007//1904 1095//1904
f 1003//1905 1095//1906 1086//1907
f 1003//1908 1005//1909 1095//1910
f 1001//1911 1003//1911 1086//1911
f 999//1912 1001//1912 1086//1912
f 997//1913 999//1913 1086//1913
f 995//1914 997//1914 1086//1914
f 993//1915 995//1915 1086//1915
f 991//1916 993//1916 1086//1916
f 1092//1917 1091//1917 1096//1917
f 1092//1918 1096//1918 1097//1918
f 1093//1919 1097//1919 1098//1919
f 1093//1920 1092//1920 1097//1920
f 1094//1921 1098//1921 1099//1921
f 1094//1922 1093//1922 1098//1922
f 1095//1923 1099//1924 1100//1924
f 1095//1925 1094//1926 1099//1926
f 1101//1927 1095//1927 1100//1927
f 1086//1928 1095//1928 1101//1928
f 1087//1929 1086//1929 1101//1929
f 1087//1930 1101//1930 1102//1930
f 1088//1931 1102//1931 1103//1931
f 1088//1932 1087//1932 1102//1932
f 1089//1933 1103//1933 1104//1933
f 1089//1934 1088//1934 1103//1934
f 1090//1935 1104//1935 1105//1935
f 1090//1936 1089//1936 1104//1936
f 1091//1937 1105//1937 1096//1937
f 1091//1938 1090//1938 1105//1938
f 1106//62 1098//62 1097//62
f 1107//61 1098//61 1106//61
f 1108//61 1097//61 1096//61
f 1108//61 1106//61 1097//61
f 1099//61 1098//61 1107//61
f 1105//62 1108//62 1096//62
f 1109//62 1099//62 1107//62
f 1110//61 1108//61 1105//61
f 1100//62 1099//62 1109//62
f 1104//62 1110//62 1105//62
f 1111//61 1100//61 1109//61
f 1112//61 1110//61 1104//61
f 1101//61 1100//61 1111//61
f 1103//61 1113//61 1112//61
f 1103//61 1112//61 1104//61
f 1102//62 1111//62 1113//62
f 1102//61 1101//61 1111//61
f 1102//62 1113//62 1103//62
f 1108//1939 1114//1939 1115//1939
f 1108//1940 1110//1940 1114//1940
f 1110//1941 1112//1941 1116//1941
f 1112//1942 1113//1942 1116//1942
f 1117//1943 1111//1943 1118//1943
f 1113//1944 1111//1944 1117//1944
f 1116//1945 1114//1945 1110//1945
f 1117//1946 1116//1946 1113//1946
f 1119//851 1120//851 1118//851
f 1118//627 1121//627 1117//627
f 1120//627 1121//627 1118//627
f 1117//1947 1121//1947 1116//1947
f 1116//1948 1121//1948 1122//1948
f 1116//1949 1122//1949 1114//1949
f 1114//1950 1122//1950 1123//1950
f 1114//13 1123//13 1115//13
f 1115//13 1124//13 1125//13
f 1123//13 1124//13 1115//13
f 1111//1951 1119//1951 1118//1951
f 1111//1952 1109//1952 1119//1952
f 1109//1953 1107//1953 1126//1953
f 1107//1954 1106//1954 1126//1954
f 1125//1955 1108//1955 1115//1955
f 1106//1956 1108//1956 1125//1956
f 1125//1957 1126//1957 1106//1957
f 1126//1958 1119//1958 1109//1958
f 1127//1959 1126//1959 1124//1959
f 1124//1960 1126//1960 1125//1960
f 1120//1961 1119//1961 1127//1961
f 1127//1961 1119//1961 1126//1961
f 1122//296 1128//296 1123//296
f 1123//1516 1128//1516 1129//1516
f 1123//143 1130//143 1124//143
f 1129//277 1130//277 1123//277
f 1128//61 1121//61 1131//61
f 1122//301 1121//301 1128//301
f 1130//61 1132//61 1124//61
f 1132//352 1127//352 1124//352
f 1121//254 1133//254 1131//254
f 1133//1522 1120//1522 1132//1522
f 1121//296 1120//296 1133//296
f 1132//1516 1120//1516 1127//1516
f 1128//1962 1134//1962 1135//1962
f 1128//1963 1131//1963 1134//1963
f 1131//1964 1136//1965 1134//1964
f 1131//1966 1133//1966 1136//1967
f 1133//1968 1137//1968 1136//1968
f 1133//1969 1132//1969 1137//1969
f 1132//1970 1138//1970 1137//1970
f 1132//1971 1130//1971 1138//1971
f 1130//1972 1139//1973 1138//1974
f 1130//1975 1129//1976 1139//1974
f 1139//1977 1128//1978 1135//1978
f 1129//1979 1128//1979 1139//1979
f 1137//1980 1138//1980 1140//1980
f 1140//1981 1138//1981 1141//1981
f 1141//13 1139//13 1142//13
f 1138//13 1139//13 1141//13
f 1142//1949 1135//1949 1143//1949
f 1139//1949 1135//1949 1142//1949
f 1135//1948 1134//1948 1143//1948
f 1143//1948 1134//1948 1144//1948
f 1144//627 1136//627 1145//627
f 1134//627 1136//627 1144//627
f 1145//1982 1137//1982 1140//1982
f 1136//1982 1137//1982 1145//1982
f 1143//1983 1144//1983 1146//1983
f 1144//1984 1145//1984 1146//1984
f 1145//1985 1140//1985 1146//1985
f 1140//1986 1141//1986 1146//1986
f 1141//1987 1142//1987 1146//1987
f 1142//1988 1143//1988 1146//1988
f 1147//1989 774//1989 1148//1989
f 1148//1990 774//1990 1149//1990
f 1149//1991 774//1991 1150//1991
f 1150//1992 774//1992 1151//1992
f 1151//1993 774//1993 1152//1993
f 1152//1558 758//1994 1153//1995
f 1153//1996 758//1996 1154//1996
f 1154//1997 758//1997 1155//1997
f 1155//1998 758//1998 1156//1998
f 1156//1999 758//1999 1157//1999
f 1157//2000 758//2000 1158//2000
f 1158//2001 758//2001 1159//2001
f 1159//2002 758//2002 1160//2002
f 1160//2003 758//2003 1161//2003
f 1161//2004 758//2004 1162//2004
f 1162//2005 758//2006 1163//2007
f 774//1573 758//2008 1152//2009
f 1163//2010 752//2010 1164//2010
f 1164//2011 752//2011 1165//2011
f 1165//2012 752//2012 1166//2012
f 1166//2013 752//2013 1167//2013
f 1167//2014 752//2014 1168//2014
f 1168//2015 752//2015 1169//2015
f 1169//2016 752//2016 1170//2016
f 1170//2017 752//2017 1171//2017
f 1171//2018 752//2018 1172//2018
f 1172//2019 752//2019 1173//2019
f 758//2020 752//2021 1163//2022
f 1173//2023 745//2024 1174//1591
f 1174//2025 745//2025 1175//2025
f 1175//2026 745//2026 1176//2026
f 1176//2027 745//2027 1177//2027
f 1177//2028 745//2028 1178//2028
f 1178//851 745//851 1179//851
f 1179//2029 745//2029 1180//2029
f 1180//1597 745//1597 1181//1597
f 1181//2030 745//2030 1182//2030
f 1182//2031 745//2031 1183//2031
f 1183//2032 745//2033 1184//2034
f 752//1603 745//1604 1173//2035
f 1184//2036 738//2036 1185//2036
f 1185//2037 738//2037 1186//2037
f 745//2038 738//1609 1184//2039
f 1186//2040 738//2040 1187//2040
f 1187//2041 738//2041 1188//2041
f 1188//2042 738//2042 1189//2042
f 1189//1614 738//1614 1190//1614
f 1190//2043 738//2043 1191//2043
f 1191//2044 738//2044 1192//2044
f 1192//2045 738//2045 1193//2045
f 1193//2046 738//2046 1194//2046
f 738//2047 739//2048 1194//2049
f 1194//2050 739//2051 1195//2052
f 1195//2053 739//2053 1196//2053
f 1196//2054 739//2054 1197//2054
f 1197//2055 739//2055 1198//2055
f 1198//2056 739//2056 1199//2056
f 1199//2057 739//2057 1200//2057
f 1200//2058 739//2058 1201//2058
f 1201//2059 739//2059 1202//2059
f 1202//2060 739//2060 1203//2060
f 1203//2061 739//2061 1204//2061
f 1204//1634 739//1635 1205//1636
f 739//1637 749//1638 1205//1639
f 1205//2062 749//2062 1206//2062
f 1206//2063 749//2063 1207//2063
f 1207//2064 749//2064 1208//2064
f 1208//2065 749//2065 1209//2065
f 1209//2066 749//2066 1210//2066
f 1210//2067 749//2067 1211//2067
f 1211//2068 749//2068 1212//2068
f 1212//2069 749//2069 1213//2069
f 1213//2070 749//2070 1214//2070
f 1214//2071 749//2071 1215//2071
f 1215//1650 757//2072 1216//2073
f 1216//2074 757//2074 1217//2074
f 1217//2075 757//2075 1218//2075
f 1218//2076 757//2076 1219//2076
f 1219//2077 757//2077 1220//2077
f 1220//2078 757//2078 1221//2078
f 1221//1658 757//1658 1222//1658
f 1222//2079 757//2079 1223//2079
f 1223//2080 757//2080 1224//2080
f 1224//2081 757//2081 1225//2081
f 1225//2082 757//2083 1226//2084
f 749//1665 757//2085 1215//2086
f 1226//2087 759//2087 1227//2087
f 1227//1669 759//1669 1228//1669
f 1228//2088 759//2088 1229//2088
f 1229//2089 759//2089 1230//2089
f 1230//1672 759//1672 1231//1672
f 1231//1673 759//1673 1232//1673
f 1232//2090 759//2090 1233//2090
f 1233//2091 759//2091 1234//2091
f 1234//2092 759//2092 1235//2092
f 1235//2093 759//2093 1236//2093
f 757//2094 759//2095 1226//2096
f 1236//2097 769//2098 1237//2099
f 1237//2100 769//2100 1238//2100
f 1238//2101 769//2101 1239//2101
f 1239//2102 769//2102 1240//2102
f 1240//2103 769//2103 1241//2103
f 1241//2104 769//2104 1242//2104
f 1242//2105 769//2105 1243//2105
f 1243//2106 769//2106 1244//2106
f 1244//2107 769//2107 1245//2107
f 1245//2108 769//2108 1246//2108
f 1246//1692 769//2109 1247//2110
f 759//1695 769//2111 1236//2112
f 1247//2113 777//2113 1248//2113
f 1248//2114 777//2114 1249//2114
f 769//1700 777//1701 1247//2115
f 1249//2116 777//2116 1250//2116
f 1250//2117 777//2117 1251//2117
f 1251//2118 777//2118 1252//2118
f 1252//2119 777//2119 1253//2119
f 1253//1707 777//1707 1254//1707
f 1254//2120 777//2120 1255//2120
f 1255//2121 777//2121 1256//2121
f 1256//2122 777//2122 1257//2122
f 777//2123 781//2124 1257//2125
f 1257//2126 781//2127 1258//2128
f 1258//2129 781//2129 1259//2129
f 1259//2130 781//2130 1260//2130
f 1260//2131 781//2131 1261//2131
f 1261//2132 781//2132 1262//2132
f 1262//2133 781//2133 1263//2133
f 1263//2134 781//2134 1264//2134
f 1264//2135 781//2135 1265//2135
f 1265//2136 781//2136 1266//2136
f 1266//2137 781//2137 1267//2137
f 1267//2138 781//2139 1268//2140
f 781//2141 774//2142 1268//2143
f 1268//2144 774//2144 1269//2144
f 1269//2145 774//2145 1270//2145
f 1270//2146 774//2146 1271//2146
f 1271//2147 774//2147 1272//2147
f 1272//2148 774//2148 1147//2148
f 1273//168 1162//168 1163//168
f 1274//117 1163//117 1164//117
f 1274//151 1273//151 1163//151
f 1275//134 1161//134 1162//134
f 1275//117 1162//117 1273//117
f 1276//1747 1164//1747 1165//1747
f 1276//71 1274//71 1164//71
f 1277//340 1160//340 1161//340
f 1277//1747 1161//1747 1275//1747
f 1278//151 1165//151 1166//151
f 1278//2149 1276//2149 1165//2149
f 1279//62 1159//62 1160//62
f 1279//61 1160//61 1277//61
f 1280//89 1166//89 1167//89
f 1280//263 1278//263 1166//263
f 1281//181 1158//181 1159//181
f 1281//1761 1159//1761 1279//1761
f 1282//296 1167//296 1168//296
f 1282//319 1280//319 1167//319
f 1283//2150 1157//2150 1158//2150
f 1283//359 1158//359 1281//359
f 1284//215 1168//215 1169//215
f 1284//181 1282//181 1168//181
f 1285//1749 1156//1749 1157//1749
f 1285//118 1157//118 1283//118
f 1286//370 1169//370 1170//370
f 1286//2151 1284//2151 1169//2151
f 1287//71 1156//71 1285//71
f 1287//143 1155//143 1156//143
f 1288//277 1286//277 1170//277
f 1288//66 1170//66 1171//66
f 1289//352 1154//352 1155//352
f 1289//1518 1155//1518 1287//1518
f 1290//1760 1288//1760 1171//1760
f 1290//147 1171//147 1172//147
f 1291//61 1153//61 1154//61
f 1291//296 1154//296 1289//296
f 1292//77 1290//77 1172//77
f 1292//1521 1172//1521 1173//1521
f 1293//301 1153//301 1291//301
f 1293//144 1152//144 1153//144
f 1294//276 1292//276 1173//276
f 1294//145 1173//145 1174//145
f 1295//147 1151//147 1152//147
f 1295//352 1152//352 1293//352
f 1296//1521 1174//1521 1175//1521
f 1296//1521 1294//1521 1174//1521
f 1297//61 1150//61 1151//61
f 1297//1761 1151//1761 1295//1761
f 1298//310 1175//310 1176//310
f 1298//151 1296//151 1175//151
f 1299//119 1149//119 1150//119
f 1299//71 1150//71 1297//71
f 1300//144 1176//144 1177//144
f 1300//143 1298//143 1176//143
f 1301//197 1148//197 1149//197
f 1301//219 1149//219 1299//219
f 1302//276 1177//276 1178//276
f 1302//263 1300//263 1177//263
f 1303//254 1147//2152 1148//2152
f 1303//2153 1148//118 1301//118
f 1304//2154 1178//2154 1179//2154
f 1304//2155 1302//2155 1178//2155
f 1305//62 1272//62 1147//62
f 1305//2156 1147//2156 1303//313
f 1306//2157 1179//2157 1180//2157
f 1306//187 1304//187 1179//187
f 1307//2158 1271//2158 1272//2158
f 1307//344 1272//344 1305//344
f 1308//173 1180//173 1181//173
f 1308//143 1306//143 1180//143
f 1309//1741 1271//1741 1307//1741
f 1270//162 1271//162 1309//162
f 1310//151 1308//151 1181//151
f 1182//89 1310//89 1181//181
f 1311//1521 1270//1521 1309//1521
f 1269//117 1270//117 1311//117
f 1312//301 1310//301 1182//301
f 1183//62 1312//62 1182//62
f 1313//151 1269//151 1311//151
f 1268//2159 1269//2159 1313//2159
f 1314//1520 1312//1520 1183//1520
f 1184//151 1314//151 1183//151
f 1315//1745 1268//1745 1313//1745
f 1267//2160 1268//2160 1315//2160
f 1316//2161 1314//2161 1184//2161
f 1185//89 1316//89 1184//89
f 1317//1760 1267//1760 1315//1760
f 1266//1745 1267//1745 1317//1745
f 1318//352 1316//352 1185//352
f 1186//310 1318//310 1185//310
f 1319//62 1266//62 1317//62
f 1265//62 1266//62 1319//62
f 1320//90 1318//90 1186//90
f 1187//1756 1320//1756 1186//1756
f 1321//216 1265//216 1319//216
f 1264//152 1265//152 1321//152
f 1322//66 1320//66 1187//66
f 1188//119 1322//119 1187//119
f 1323//66 1264//66 1321//66
f 1263//2162 1264//2162 1323//2162
f 1324//2163 1322//2163 1188//2163
f 1189//119 1324//119 1188//119
f 1325//135 1263//135 1323//135
f 1262//1764 1263//1764 1325//1764
f 1326//89 1324//89 1189//89
f 1190//234 1326//234 1189//234
f 1327//146 1262//146 1325//146
f 1261//2164 1262//2164 1327//2164
f 1328//340 1326//340 1190//340
f 1191//117 1328//117 1190//117
f 1329//301 1261//301 1327//301
f 1260//263 1261//263 1329//263
f 1330//151 1328//151 1191//151
f 1192//2162 1330//2162 1191//2162
f 1331//62 1260//62 1329//62
f 1259//61 1260//61 1331//61
f 1332//61 1330//61 1192//61
f 1193//276 1332//276 1192//276
f 1333//151 1259//151 1331//151
f 1258//1516 1259//1516 1333//1516
f 1334//69 1332//69 1193//69
f 1194//77 1334//77 1193//77
f 1335//234 1258//234 1333//234
f 1336//187 1334//187 1194//187
f 1257//1740 1258//1740 1335//1740
f 1337//234 1257//234 1335//234
f 1195//1521 1336//1521 1194//1521
f 1338//1516 1336//1516 1195//1516
f 1256//117 1257//117 1337//117
f 1339//117 1256//117 1337//117
f 1196//2150 1338//2150 1195//2150
f 1340//1746 1338//1746 1196//1746
f 1255//145 1256//145 1339//145
f 1341//296 1255//296 1339//296
f 1197//78 1340//78 1196//78
f 1342//1754 1340//1754 1197//1754
f 1254//66 1255//66 1341//66
f 1343//168 1254//168 1341//168
f 1198//61 1342//61 1197//61
f 1344//151 1342//151 1198//151
f 1253//234 1254//234 1343//234
f 1345//352 1253//352 1343//352
f 1199//234 1344//234 1198//234
f 1346//216 1344//216 1199//216
f 1252//216 1253//216 1345//216
f 1347//147 1252//147 1345//147
f 1200//1519 1346//1519 1199//1519
f 1348//305 1346//305 1200//305
f 1251//1738 1252//1738 1347//1738
f 1349//77 1251//77 1347//77
f 1201//117 1348//117 1200//117
f 1350//370 1348//370 1201//370
f 1250//346 1251//346 1349//346
f 1351//277 1250//277 1349//277
f 1202//1520 1350//1520 1201//1520
f 1352//219 1350//219 1202//219
f 1249//134 1250//134 1351//134
f 1353//1520 1249//1520 1351//1520
f 1203//152 1352//152 1202//152
f 1354//1754 1352//1754 1203//1754
f 1248//234 1249//234 1353//234
f 1355//2165 1248//2165 1353//2165
f 1204//187 1354//187 1203//187
f 1356//71 1354//71 1204//71
f 1247//62 1248//62 1355//62
f 1357//352 1247//352 1355//352
f 1205//2151 1356//2151 1204//2151
f 1358//1754 1356//1754 1205//1754
f 1246//305 1247//305 1357//305
f 1359//216 1246//216 1357//216
f 1206//77 1358//77 1205//77
f 1360//234 1358//234 1206//234
f 1245//147 1246//147 1359//147
f 1361//197 1245//197 1359//197
f 1207//1521 1360//1521 1206//1521
f 1362//234 1360//234 1207//234
f 1244//119 1361//119 1363//119
f 1244//230 1245//230 1361//230
f 1208//234 1362//234 1207//234
f 1208//263 1364//263 1362//263
f 1243//147 1244//147 1363//147
f 1243//1521 1363//1521 1365//1521
f 1209//112 1364//112 1208//112
f 1209//260 1366//260 1364//260
f 1242//277 1243//277 1365//277
f 1242//152 1365//152 1367//152
f 1210//1741 1366//1741 1209//1741
f 1210//144 1368//144 1366//144
f 1241//144 1367//144 1369//144
f 1241//277 1242//277 1367//277
f 1211//277 1368//277 1210//277
f 1211//119 1370//119 1368//119
f 1240//118 1369//118 1371//118
f 1240//147 1241//147 1369//147
f 1212//77 1370//77 1211//77
f 1212//305 1372//305 1370//305
f 1239//1738 1371//1738 1373//1738
f 1239//263 1240//263 1371//263
f 1213//61 1372//61 1212//61
f 1213//1742 1374//1742 1372//1742
f 1238//296 1373//296 1375//296
f 1238//234 1239//234 1373//234
f 1214//118 1376//118 1374//118
f 1214//1747 1374//1747 1213//1747
f 1237//187 1375//187 1377//187
f 1237//1741 1238//1741 1375//1741
f 1215//117 1378//117 1376//117
f 1215//2166 1376//2166 1214//2166
f 1236//77 1377//77 1379//77
f 1236//143 1237//143 1377//143
f 1216//263 1380//263 1378//263
f 1216//1519 1378//1519 1215//1519
f 1235//276 1379//276 1381//276
f 1235//277 1236//277 1379//277
f 1217//1519 1382//1519 1380//1519
f 1217//61 1380//61 1216//61
f 1234//305 1381//305 1383//305
f 1234//2162 1235//2162 1381//2162
f 1218//71 1384//71 1382//71
f 1218//71 1382//71 1217//71
f 1233//2158 1383//2158 1385//2158
f 1233//89 1234//89 1383//89
f 1219//112 1386//112 1384//112
f 1219//263 1384//263 1218//263
f 1232//1519 1233//1519 1385//1519
f 1232//69 1385//69 1387//69
f 1220//62 1388//62 1386//62
f 1220//296 1386//296 1219//296
f 1231//66 1232//66 1387//66
f 1231//1740 1387//1740 1389//1740
f 1221//1742 1388//1742 1220//1742
f 1221//69 1390//69 1388//69
f 1230//1517 1231//1517 1389//1517
f 1230//218 1389//218 1391//218
f 1222//147 1390//147 1221//147
f 1222//118 1392//118 1390//118
f 1229//141 1230//141 1391//141
f 1229//277 1391//277 1393//277
f 1223//310 1392//310 1222//310
f 1223//218 1394//218 1392//218
f 1228//277 1229//277 1393//277
f 1228//202 1393//202 1395//202
f 1224//276 1394//276 1223//276
f 1224//119 1396//119 1394//119
f 1227//296 1395//296 1397//296
f 1227//117 1228//117 1395//117
f 1225//1742 1396//1742 1224//1742
f 1225//263 1398//263 1396//263
f 1226//121 1398//121 1225//121
f 1226//70 1397//70 1398//70
f 1226//77 1227//77 1397//77
f 1302//2167 1304//2167 1399//2167
f 1300//2168 1302//2168 1399//2168
f 1298//2169 1300//2169 1399//2169
f 1296//2170 1298//2170 1399//2170
f 1294//2171 1296//2171 1399//2171
f 1292//2172 1399//1771 1400//2173
f 1292//1773 1294//1773 1399//1773
f 1290//2174 1292//2175 1400//2176
f 1288//2177 1290//2177 1400//2177
f 1286//2178 1288//2178 1400//2178
f 1284//2179 1286//2179 1400//2179
f 1282//2180 1284//2180 1400//2180
f 1280//2181 1282//2181 1400//2181
f 1278//2182 1280//2182 1400//2182
f 1276//2183 1278//2183 1400//2183
f 1274//2184 1276//2184 1400//2184
f 1273//2185 1274//2185 1400//2185
f 1275//2186 1273//2186 1400//2186
f 1277//2187 1275//2187 1400//2187
f 1279//2188 1400//2188 1401//2188
f 1279//2189 1277//2189 1400//2189
f 1281//2190 1279//2190 1401//2190
f 1283//2191 1281//2191 1401//2191
f 1285//2192 1283//2192 1401//2192
f 1287//2193 1285//2193 1401//2193
f 1289//2194 1287//2194 1401//2194
f 1291//2195 1289//2195 1401//2195
f 1293//1796 1291//1796 1401//1796
f 1295//2196 1293//2196 1401//2196
f 1297//2197 1295//2197 1401//2197
f 1299//2198 1297//2198 1401//2198
f 1301//2199 1299//2199 1401//2199
f 1303//1801 1301//1801 1401//1801
f 1305//2200 1401//2200 1402//2200
f 1305//1802 1303//1802 1401//1802
f 1307//1804 1305//1804 1402//1804
f 1309//2201 1307//2201 1402//2201
f 1311//2202 1309//2202 1402//2202
f 1313//2203 1311//2203 1402//2203
f 1315//2204 1313//2204 1402//2204
f 1317//2205 1315//2205 1402//2205
f 1319//2206 1317//2206 1402//2206
f 1321//2207 1319//2207 1402//2207
f 1323//2208 1321//2208 1402//2208
f 1325//2209 1323//2209 1402//2209
f 1327//2210 1325//2210 1402//2210
f 1329//2211 1402//2211 1403//2211
f 1329//2212 1327//2212 1402//2212
f 1331//2213 1329//2213 1403//2213
f 1333//2214 1331//2214 1403//2214
f 1335//2215 1333//2215 1403//2215
f 1337//2216 1335//2216 1403//2216
f 1339//2217 1337//2217 1403//2217
f 1341//2218 1339//2218 1403//2218
f 1343//2219 1341//2219 1403//2219
f 1345//2220 1343//2220 1403//2220
f 1347//2221 1345//2221 1403//2221
f 1349//2222 1347//2222 1403//2222
f 1351//2223 1349//2223 1403//2223
f 1353//2224 1351//2224 1403//2224
f 1355//2225 1403//2226 1404//2227
f 1355//2228 1353//2229 1403//2230
f 1357//1835 1355//1835 1404//1835
f 1359//2231 1357//2231 1404//2231
f 1361//2232 1359//2232 1404//2232
f 1363//2233 1361//2233 1404//2233
f 1365//2234 1363//2234 1404//2234
f 1367//2235 1365//2235 1404//2235
f 1369//2236 1367//2236 1404//2236
f 1371//2237 1369//2237 1404//2237
f 1373//2238 1371//2238 1404//2238
f 1375//2239 1373//2239 1404//2239
f 1377//2240 1375//2240 1404//2240
f 1379//1846 1404//1847 1405//2241
f 1379//2242 1377//2242 1404//2242
f 1381//2243 1379//2244 1405//2245
f 1383//2246 1381//2246 1405//2246
f 1385//2247 1383//2247 1405//2247
f 1387//2248 1385//2248 1405//2248
f 1389//2249 1387//2249 1405//2249
f 1391//1857 1389//1857 1405//1857
f 1393//2250 1391//2250 1405//2250
f 1395//2251 1393//2251 1405//2251
f 1397//2252 1395//2252 1405//2252
f 1398//2253 1397//2253 1405//2253
f 1396//2254 1398//2254 1405//2254
f 1394//2255 1396//2255 1405//2255
f 1392//1864 1405//1864 1406//1864
f 1392//2256 1394//2256 1405//2256
f 1390//2257 1392//2257 1406//2257
f 1388//2258 1390//2258 1406//2258
f 1386//2259 1388//2259 1406//2259
f 1384//2260 1386//2260 1406//2260
f 1382//2261 1384//2261 1406//2261
f 1380//2262 1382//2262 1406//2262
f 1378//2263 1380//2263 1406//2263
f 1376//2264 1378//2264 1406//2264
f 1374//2265 1376//2265 1406//2265
f 1372//2266 1374//2266 1406//2266
f 1370//2267 1372//2267 1406//2267
f 1368//2268 1370//2268 1406//2268
f 1366//2269 1406//2269 1407//2269
f 1366//2270 1368//2270 1406//2270
f 1364//2271 1366//2271 1407//2271
f 1362//2272 1364//2272 1407//2272
f 1360//2273 1362//2273 1407//2273
f 1358//2274 1360//2274 1407//2274
f 1356//2275 1358//2275 1407//2275
f 1354//2276 1356//2276 1407//2276
f 1352//2277 1354//2277 1407//2277
f 1350//2278 1352//2278 1407//2278
f 1348//2279 1350//2279 1407//2279
f 1346//2280 1348//2280 1407//2280
f 1344//2281 1346//2281 1407//2281
f 1342//2282 1407//2282 1408//2282
f 1342//2283 1344//2283 1407//2283
f 1340//2284 1342//2284 1408//2284
f 1338//2285 1340//2285 1408//2285
f 1336//2286 1338//2286 1408//2286
f 1334//2287 1336//2287 1408//2287
f 1332//2288 1334//2288 1408//2288
f 1330//2289 1332//2289 1408//2289
f 1328//2290 1330//2290 1408//2290
f 1326//2291 1328//2291 1408//2291
f 1324//2292 1326//2292 1408//2292
f 1322//2293 1324//2293 1408//2293
f 1320//2294 1322//2294 1408//2294
f 1318//1904 1320//1904 1408//1904
f 1316//2295 1408//2296 1399//1907
f 1316//2297 1318//2298 1408//2299
f 1314//2300 1316//2300 1399//2300
f 1312//1912 1314//1912 1399//1912
f 1310//2301 1312//2301 1399//2301
f 1308//2302 1310//2302 1399//2302
f 1306//2303 1308//2303 1399//2303
f 1304//2304 1306//2304 1399//2304
f 1405//2305 1404//2305 1409//2305
f 1405//2306 1409//2306 1410//2306
f 1406//2307 1410//2307 1411//2307
f 1406//2308 1405//2308 1410//2308
f 1412//2309 1406//2309 1411//2309
f 1407//2310 1406//2310 1412//2310
f 1408//2311 1412//2311 1413//2311
f 1408//2312 1407//2312 1412//2312
f 1399//2313 1413//2313 1414//2313
f 1399//2314 1408//2314 1413//2314
f 1400//2315 1399//2315 1414//2315
f 1400//1930 1414//1930 1415//1930
f 1401//2316 1415//2316 1416//2316
f 1401//2317 1400//2317 1415//2317
f 1402//2318 1416//2318 1417//2318
f 1402//1933 1401//1933 1416//1933
f 1403//2319 1417//2319 1418//2319
f 1403//2320 1402//2320 1417//2320
f 1409//2321 1403//2321 1418//2321
f 1404//2322 1403//2322 1409//2322
f 1419//62 1411//62 1410//62
f 1420//62 1410//62 1409//62
f 1420//61 1419//61 1410//61
f 1421//61 1411//61 1419//61
f 1412//62 1411//62 1421//62
f 1418//61 1420//61 1409//61
f 1422//61 1420//61 1418//61
f 1423//61 1412//61 1421//61
f 1413//61 1412//61 1423//61
f 1417//62 1422//62 1418//62
f 1424//296 1422//296 1417//296
f 1425//62 1413//62 1423//62
f 1414//61 1413//61 1425//61
f 1416//61 1426//61 1424//61
f 1416//61 1424//61 1417//61
f 1415//61 1425//61 1426//61
f 1415//62 1426//62 1416//62
f 1415//62 1414//62 1425//62
f 1420//2323 1427//2323 1428//2323
f 1420//2324 1422//2324 1427//2324
f 1422//2325 1424//2325 1429//2325
f 1424//2326 1426//2326 1429//2326
f 1430//2327 1425//2327 1431//2327
f 1426//2328 1425//2328 1430//2328
f 1429//2329 1427//2329 1422//2329
f 1430//2330 1429//2330 1426//2330
f 1432//627 1433//627 1431//627
f 1431//627 1434//627 1430//627
f 1433//627 1434//627 1431//627
f 1430//1948 1434//1948 1429//1948
f 1429//1947 1434//1947 1435//1947
f 1429//1949 1435//1949 1427//1949
f 1427//1949 1435//1949 1436//1949
f 1427//31 1436//31 1428//31
f 1428//13 1437//13 1438//13
f 1436//13 1437//13 1428//13
f 1425//2331 1432//2331 1431//2331
f 1425//2332 1423//2332 1432//2332
f 1423//2333 1421//2333 1439//2333
f 1421//2334 1419//2334 1439//2334
f 1438//2335 1420//2335 1428//2335
f 1419//2336 1420//2336 1438//2336
f 1438//2337 1439//2337 1419//2337
f 1439//2338 1432//2338 1423//2338
f 1440//1981 1439//1981 1437//1981
f 1437//1960 1439//1960 1438//1960
f 1433//1982 1432//1982 1440//1982
f 1440//1961 1432//1961 1439//1961
f 1435//1522 1441//1522 1436//1522
f 1436//61 1441//61 1442//61
f 1436//1740 1443//1740 1437//1740
f 1442//112 1443//112 1436//112
f 1441//61 1434//61 1444//61
f 1435//1764 1434//1764 1441//1764
f 1443//70 1445//70 1437//70
f 1445//61 1440//61 1437//61
f 1434//61 1446//61 1444//61
f 1446//1516 1433//1516 1445//1516
f 1445//1516 1433//1516 1440//1516
f 1434//61 1433//61 1446//61
f 1441//2339 1444//2339 1447//2339
f 1447//2340 1444//2340 1448//2340
f 1444//2341 1449//2341 1448//2341
f 1444//2342 1446//2342 1449//2342
f 1449//2343 1445//2343 1450//2343
f 1446//2344 1445//2344 1449//2344
f 1445//2345 1451//2346 1450//2345
f 1445//2347 1443//2347 1451//2348
f 1443//2349 1452//2350 1451//2349
f 1443//2351 1442//2351 1452//2352
f 1442//2353 1447//2354 1452//2355
f 1442//2356 1441//2357 1447//2357
f 1450//1981 1451//1981 1453//1981
f 1453//1960 1451//1960 1454//1960
f 1454//13 1452//13 1455//13
f 1451//13 1452//13 1454//13
f 1455//1949 1447//1949 1456//1949
f 1452//1949 1447//1949 1455//1949
f 1447//1948 1448//1948 1456//1948
f 1456//1948 1448//1948 1457//1948
f 1457//627 1449//627 1458//627
f 1448//627 1449//627 1457//627
f 1458//1961 1450//1961 1453//1961
f 1449//1961 1450//1961 1458//1961
f 1456//2358 1457//2358 1459//2358
f 1457//2359 1458//2359 1459//2359
f 1458//1985 1453//1985 1459//1985
f 1453//2360 1454//2360 1459//2360
f 1454//1987 1455//1987 1459//1987
f 1455//1988 1456//1988 1459//1988
f 1460//2361 727//2361 1461//2361
f 1461//2362 727//2362 1462//2362
f 1462//2363 727//2363 1463//2363
f 1463//1556 727//1556 1464//1556
f 1464//2364 727//2364 1465//2364
f 1465//2365 731//2366 1466//2367
f 1466//2368 731//2368 1467//2368
f 1467//2369 731//2369 1468//2369
f 1468//2370 731//2370 1469//2370
f 1469//2371 731//2371 1470//2371
f 1470//2372 731//2372 1471//2372
f 1471//2373 731//2373 1472//2373
f 1472//2374 731//2374 1473//2374
f 1473//2375 731//2375 1474//2375
f 1474//2376 731//2376 1475//2376
f 1475//2377 731//2378 1476//2379
f 727//1573 731//2380 1465//2381
f 1476//2382 720//2382 1477//2382
f 1477//2383 720//2383 1478//2383
f 1478//2384 720//2384 1479//2384
f 1479//2385 720//2385 1480//2385
f 1480//2386 720//2386 1481//2386
f 1481//2387 720//2387 1482//2387
f 1482//2388 720//2388 1483//2388
f 1483//2389 720//2389 1484//2389
f 1484//2390 720//2390 1485//2390
f 1485//2391 720//2391 1486//2391
f 731//2392 720//1587 1476//2393
f 1486//2023 717//2394 1487//2395
f 1487//2396 717//2396 1488//2396
f 1488//2397 717//2397 1489//2397
f 1489//2398 717//2398 1490//2398
f 1490//2399 717//2399 1491//2399
f 1491//2400 717//2400 1492//2400
f 1492//2401 717//2401 1493//2401
f 1493//2402 717//2402 1494//2402
f 1494//2403 717//2403 1495//2403
f 1495//2404 717//2404 1496//2404
f 1496//2032 717//2405 1497//2406
f 720//1603 717//1604 1486//2407
f 1497//2408 713//2408 1498//2408
f 1498//2409 713//2409 1499//2409
f 717//1608 713//1609 1497//2410
f 1499//1611 713//1611 1500//1611
f 1500//2411 713//2411 1501//2411
f 1501//2412 713//2412 1502//2412
f 1502//2413 713//2413 1503//2413
f 1503//2043 713//2043 1504//2043
f 1504//2414 713//2414 1505//2414
f 1505//2415 713//2415 1506//2415
f 1506//2416 713//2416 1507//2416
f 713//2047 715//2417 1507//2418
f 1507//2419 715//2420 1508//2421
f 1508//2422 715//2422 1509//2422
f 1509//2423 715//2423 1510//2423
f 1510//2055 715//2055 1511//2055
f 1511//2424 715//2424 1512//2424
f 1512//2425 715//2425 1513//2425
f 1513//1630 715//1630 1514//1630
f 1514//2426 715//2426 1515//2426
f 1515//2427 715//2427 1516//2427
f 1516//2428 715//2428 1517//2428
f 1517//2429 715//2430 1518//2431
f 715//2432 719//2433 1518//2434
f 1518//1640 719//1640 1519//1640
f 1519//2435 719//2435 1520//2435
f 1520//2064 719//2064 1521//2064
f 1521//2436 719//2436 1522//2436
f 1522//2066 719//2066 1523//2066
f 1523//2437 719//2437 1524//2437
f 1524//2438 719//2438 1525//2438
f 1525//2439 719//2439 1526//2439
f 1526//2440 719//2440 1527//2440
f 1527//2441 719//2441 1528//2441
f 1528//2442 721//2443 1529//2444
f 1529//2445 721//2445 1530//2445
f 1530//2446 721//2446 1531//2446
f 1531//2447 721//2447 1532//2447
f 1532//2448 721//2448 1533//2448
f 1533//2449 721//2449 1534//2449
f 1534//2450 721//2450 1535//2450
f 1535//2451 721//2451 1536//2451
f 1536//2452 721//2452 1537//2452
f 1537//2453 721//2453 1538//2453
f 1538//2082 721//2454 1539//2455
f 719//1665 721//2456 1528//2457
f 1539//2458 733//2458 1540//2458
f 1540//2459 733//2459 1541//2459
f 1541//2460 733//2460 1542//2460
f 1542//2461 733//2461 1543//2461
f 1543//2462 733//2462 1544//2462
f 1544//2463 733//2463 1545//2463
f 1545//2464 733//2464 1546//2464
f 1546//2465 733//2465 1547//2465
f 1547//2466 733//2466 1548//2466
f 1548//2467 733//2467 1549//2467
f 721//2468 733//1679 1539//1680
f 1549//2469 729//2470 1550//2471
f 1550//2472 729//2472 1551//2472
f 1551//2101 729//2101 1552//2101
f 1552//2473 729//2473 1553//2473
f 1553//1687 729//1687 1554//1687
f 1554//2474 729//2474 1555//2474
f 1555//2475 729//2475 1556//2475
f 1556//2476 729//2476 1557//2476
f 1557//2477 729//2477 1558//2477
f 1558//2478 729//2478 1559//2478
f 1559//2479 729//2480 1560//2110
f 733//1695 729//2481 1549//2482
f 1560//2483 725//2483 1561//2483
f 1561//2484 725//2484 1562//2484
f 729//2485 725//1701 1560//2486
f 1562//2487 725//2487 1563//2487
f 1563//2488 725//2488 1564//2488
f 1564//2489 725//2489 1565//2489
f 1565//2490 725//2490 1566//2490
f 1566//2491 725//2491 1567//2491
f 1567//2492 725//2492 1568//2492
f 1568//2493 725//2493 1569//2493
f 1569//2494 725//2494 1570//2494
f 725//2123 722//2495 1570//2496
f 1570//2497 722//2498 1571//2499
f 1571//2500 722//2500 1572//2500
f 1572//2501 722//2501 1573//2501
f 1573//2502 722//2502 1574//2502
f 1574//2503 722//2503 1575//2503
f 1575//2504 722//2504 1576//2504
f 1576//2505 722//2505 1577//2505
f 1577//2506 722//2506 1578//2506
f 1578//1724 722//1724 1579//1724
f 1579//2507 722//2507 1580//2507
f 1580//1726 722//2508 1581//2509
f 722//2510 727//2142 1581//1731
f 1581//2511 727//2511 1582//2511
f 1582//1733 727//1733 1583//1733
f 1583//2512 727//2512 1584//2512
f 1584//2513 727//2513 1585//2513
f 1585//2514 727//2514 1460//2514
f 1586//61 1475//61 1476//61
f 1587//152 1476//152 1477//152
f 1587//1749 1586//1749 1476//1749
f 1588//77 1474//77 1475//77
f 1588//1754 1475//1754 1586//1754
f 1589//2160 1477//2160 1478//2160
f 1589//153 1587//153 1477//153
f 1590//2515 1473//2515 1474//2515
f 1590//144 1474//144 1588//144
f 1591//187 1478//187 1479//187
f 1591//359 1589//359 1478//359
f 1592//277 1472//277 1473//277
f 1592//1516 1473//1516 1590//1516
f 1593//61 1479//61 1480//61
f 1593//183 1591//183 1479//183
f 1594//239 1471//239 1472//239
f 1594//263 1472//263 1592//263
f 1595//119 1480//119 1481//119
f 1595//62 1593//62 1480//62
f 1596//90 1470//90 1471//90
f 1596//77 1471//77 1594//77
f 1597//2516 1481//2516 1482//2516
f 1597//61 1595//61 1481//61
f 1598//1762 1470//1762 1596//1762
f 1598//90 1469//90 1470//90
f 1599//90 1597//90 1482//90
f 1599//1762 1482//1762 1483//1762
f 1600//263 1468//263 1469//263
f 1600//117 1469//117 1598//117
f 1601//1749 1599//1749 1483//1749
f 1601//277 1483//277 1484//277
f 1602//218 1467//218 1468//218
f 1602//2159 1468//2159 1600//2159
f 1603//2149 1601//2149 1484//2149
f 1603//121 1484//121 1485//121
f 1604//61 1466//61 1467//61
f 1604//117 1467//117 1602//117
f 1605//70 1485//70 1486//70
f 1605//263 1603//263 1485//263
f 1606//117 1465//117 1466//117
f 1606//112 1466//112 1604//112
f 1607//61 1605//61 1486//61
f 1607//152 1486//152 1487//152
f 1608//61 1464//61 1465//61
f 1608//121 1465//121 1606//121
f 1609//1520 1487//1520 1488//1520
f 1609//1516 1607//1516 1487//1516
f 1610//276 1463//276 1464//276
f 1610//234 1464//234 1608//234
f 1611//1753 1488//1753 1489//1753
f 1611//72 1609//72 1488//72
f 1612//218 1462//218 1463//218
f 1612//110 1463//110 1610//110
f 1613//1516 1489//1516 1490//1516
f 1613//219 1611//219 1489//219
f 1614//71 1461//71 1462//71
f 1614//346 1462//346 1612//346
f 1615//1518 1490//1518 1491//1518
f 1615//145 1613//145 1490//145
f 1616//141 1460//141 1461//141
f 1616//234 1461//234 1614//234
f 1617//147 1491//147 1492//147
f 1617//121 1615//121 1491//121
f 1618//276 1585//276 1460//276
f 1618//61 1460//61 1616//61
f 1619//61 1492//61 1493//61
f 1619//145 1617//145 1492//145
f 1620//89 1584//89 1585//89
f 1620//78 1585//78 1618//78
f 1621//296 1493//296 1494//296
f 1621//352 1619//352 1493//352
f 1622//277 1584//277 1620//277
f 1583//61 1584//61 1622//61
f 1623//2158 1621//2158 1494//2158
f 1495//277 1623//277 1494//277
f 1624//2160 1583//2160 1622//2160
f 1582//61 1583//61 1624//61
f 1625//1519 1623//1519 1495//1519
f 1496//1519 1625//1519 1495//1519
f 1626//121 1582//121 1624//121
f 1581//1519 1582//1519 1626//1519
f 1627//294 1625//294 1496//294
f 1497//2517 1627//2517 1496//2517
f 1628//1519 1581//1519 1626//1519
f 1580//117 1581//117 1628//117
f 1629//1742 1627//1742 1497//1742
f 1498//69 1629//69 1497//69
f 1630//216 1580//216 1628//216
f 1579//117 1580//117 1630//117
f 1631//71 1629//71 1498//71
f 1499//152 1631//152 1498//152
f 1632//61 1579//61 1630//61
f 1578//1742 1579//1742 1632//1742
f 1633//2518 1631//2518 1499//2518
f 1500//2519 1633//2519 1499//2519
f 1634//90 1578//90 1632//90
f 1577//173 1578//173 1634//173
f 1635//90 1633//90 1500//90
f 1501//218 1635//218 1500//218
f 1636//257 1577//257 1634//257
f 1576//145 1577//145 1636//145
f 1637//90 1635//90 1501//90
f 1502//1519 1637//1519 1501//1519
f 1638//234 1576//234 1636//234
f 1575//296 1576//296 1638//296
f 1639//296 1637//296 1502//296
f 1503//2520 1639//2520 1502//2520
f 1640//1522 1575//1522 1638//1522
f 1574//202 1575//202 1640//202
f 1641//128 1639//128 1503//128
f 1504//71 1641//71 1503//71
f 1642//218 1574//218 1640//218
f 1573//90 1574//90 1642//90
f 1643//197 1641//197 1504//197
f 1505//110 1643//110 1504//110
f 1644//151 1573//151 1642//151
f 1572//152 1573//152 1644//152
f 1645//260 1643//260 1505//260
f 1506//277 1645//277 1505//277
f 1646//352 1572//352 1644//352
f 1571//238 1572//238 1646//238
f 1647//61 1645//61 1506//61
f 1507//234 1647//234 1506//234
f 1648//118 1571//118 1646//118
f 1649//61 1647//61 1507//61
f 1570//276 1571//276 1648//276
f 1650//112 1570//112 1648//112
f 1508//184 1649//184 1507//184
f 1651//141 1649//141 1508//141
f 1569//119 1570//119 1650//119
f 1652//117 1569//117 1650//117
f 1509//118 1651//118 1508//118
f 1653//319 1651//319 1509//319
f 1568//318 1569//318 1652//318
f 1654//296 1568//296 1652//296
f 1510//147 1653//147 1509//147
f 1655//218 1653//218 1510//218
f 1567//1522 1568//1522 1654//1522
f 1656//125 1567//125 1654//125
f 1511//147 1655//147 1510//147
f 1657//1754 1655//1754 1511//1754
f 1566//263 1567//263 1656//263
f 1658//62 1566//62 1656//62
f 1512//62 1657//62 1511//62
f 1659//121 1657//121 1512//121
f 1565//2166 1566//2166 1658//2166
f 1660//72 1565//72 1658//72
f 1513//277 1659//277 1512//277
f 1661//296 1659//296 1513//296
f 1564//352 1565//352 1660//352
f 1662//151 1564//151 1660//151
f 1514//151 1661//151 1513//151
f 1663//276 1661//276 1514//276
f 1563//2521 1564//2521 1662//2521
f 1664//1743 1563//1743 1662//1743
f 1515//119 1663//119 1514//119
f 1665//146 1663//146 1515//146
f 1562//1742 1563//1742 1664//1742
f 1666//337 1562//337 1664//337
f 1516//1747 1665//1747 1515//1747
f 1667//277 1665//277 1516//277
f 1561//78 1562//78 1666//78
f 1668//181 1561//181 1666//181
f 1517//346 1667//346 1516//346
f 1669//77 1667//77 1517//77
f 1560//340 1561//340 1668//340
f 1670//145 1560//145 1668//145
f 1518//71 1669//71 1517//71
f 1671//143 1669//143 1518//143
f 1559//263 1560//263 1670//263
f 1672//112 1559//112 1670//112
f 1519//296 1671//296 1518//296
f 1673//296 1671//296 1519//296
f 1558//89 1559//89 1672//89
f 1674//151 1558//151 1672//151
f 1520//1519 1673//1519 1519//1519
f 1675//118 1673//118 1520//118
f 1557//239 1674//239 1676//239
f 1557//77 1558//77 1674//77
f 1521//62 1677//62 1675//62
f 1521//146 1675//146 1520//146
f 1556//1743 1557//1743 1676//1743
f 1556//167 1676//167 1678//167
f 1522//1521 1677//1521 1521//1521
f 1522//263 1679//263 1677//263
f 1555//352 1556//352 1678//352
f 1555//70 1678//70 1680//70
f 1523//263 1679//263 1522//263
f 1523//118 1681//118 1679//118
f 1554//1516 1680//1516 1682//1516
f 1554//62 1555//62 1680//62
f 1524//1519 1681//1519 1523//1519
f 1524//187 1683//187 1681//187
f 1553//288 1682//288 1684//288
f 1553//1758 1554//1758 1682//1758
f 1525//263 1683//263 1524//263
f 1525//1741 1685//1741 1683//1741
f 1552//2154 1684//2154 1686//2154
f 1552//78 1553//78 1684//78
f 1526//1749 1685//1749 1525//1749
f 1526//118 1687//118 1685//118
f 1551//1761 1686//1761 1688//1761
f 1551//277 1552//277 1686//277
f 1527//260 1689//260 1687//260
f 1527//121 1687//121 1526//121
f 1550//77 1688//77 1690//77
f 1550//277 1551//277 1688//277
f 1528//61 1691//61 1689//61
f 1528//1762 1689//1762 1527//1762
f 1549//1521 1690//1521 1692//1521
f 1549//277 1550//277 1690//277
f 1529//2164 1693//2164 1691//2164
f 1529//1753 1691//1753 1528//1753
f 1548//2158 1692//2158 1694//2158
f 1548//296 1549//296 1692//296
f 1530//72 1695//72 1693//72
f 1530//263 1693//263 1529//263
f 1547//253 1694//253 1696//253
f 1547//1519 1548//1519 1694//1519
f 1531//118 1697//118 1695//118
f 1531//254 1695//254 1530//254
f 1546//234 1696//234 1698//234
f 1546//276 1547//276 1696//276
f 1532//152 1699//152 1697//152
f 1532//66 1697//66 1531//66
f 1545//1519 1546//1519 1698//1519
f 1545//76 1698//76 1700//76
f 1533//2166 1701//2166 1699//2166
f 1533//145 1699//145 1532//145
f 1544//312 1545//312 1700//312
f 1544//2522 1700//2522 1702//2522
f 1534//1747 1701//1747 1533//1747
f 1534//301 1703//301 1701//301
f 1543//1518 1544//1518 1702//1518
f 1543//121 1702//121 1704//121
f 1535//1761 1703//1761 1534//1761
f 1535//305 1705//305 1703//305
f 1542//62 1543//62 1704//62
f 1542//301 1704//301 1706//301
f 1536//112 1705//112 1535//112
f 1536//1759 1707//1759 1705//1759
f 1541//187 1542//187 1706//187
f 1541//1740 1706//1740 1708//1740
f 1537//135 1707//135 1536//135
f 1537//152 1709//152 1707//152
f 1540//263 1708//263 1710//263
f 1540//234 1541//234 1708//234
f 1538//277 1711//277 1709//277
f 1538//1746 1709//1746 1537//1746
f 1539//110 1710//110 1711//110
f 1539//1742 1540//1742 1710//1742
f 1539//263 1711//263 1538//263
f 1615//2523 1617//2523 1712//2523
f 1613//2524 1615//2524 1712//2524
f 1611//2525 1613//2525 1712//2525
f 1609//2526 1611//2526 1712//2526
f 1607//2527 1609//2527 1712//2527
f 1605//2528 1712//1771 1713//2529
f 1605//2530 1607//2530 1712//2530
f 1603//2531 1605//2532 1713//2533
f 1601//2534 1603//2534 1713//2534
f 1599//2535 1601//2535 1713//2535
f 1597//2179 1599//2179 1713//2179
f 1595//2536 1597//2536 1713//2536
f 1593//2537 1595//2537 1713//2537
f 1591//1782 1593//1782 1713//1782
f 1589//2538 1591//2538 1713//2538
f 1587//2539 1589//2539 1713//2539
f 1586//2540 1587//2540 1713//2540
f 1588//2186 1586//2186 1713//2186
f 1590//2541 1588//2541 1713//2541
f 1592//2188 1713//2188 1714//2188
f 1592//2542 1590//2542 1713//2542
f 1594//2543 1592//2543 1714//2543
f 1596//2544 1594//2544 1714//2544
f 1598//2545 1596//2545 1714//2545
f 1600//2546 1598//2546 1714//2546
f 1602//2547 1600//2547 1714//2547
f 1604//2548 1602//2548 1714//2548
f 1606//2549 1604//2549 1714//2549
f 1608//2550 1606//2550 1714//2550
f 1610//2551 1608//2551 1714//2551
f 1612//2552 1610//2552 1714//2552
f 1614//2553 1612//2553 1714//2553
f 1616//2554 1614//2554 1714//2554
f 1618//1802 1714//1802 1715//1802
f 1618//2555 1616//2555 1714//2555
f 1620//2556 1618//2556 1715//2556
f 1622//2557 1620//2557 1715//2557
f 1624//2558 1622//2558 1715//2558
f 1626//2559 1624//2559 1715//2559
f 1628//2560 1626//2560 1715//2560
f 1630//2561 1628//2561 1715//2561
f 1632//2562 1630//2562 1715//2562
f 1634//2563 1632//2563 1715//2563
f 1636//2564 1634//2564 1715//2564
f 1638//2565 1636//2565 1715//2565
f 1640//2566 1638//2566 1715//2566
f 1642//1815 1715//1815 1716//1815
f 1642//2567 1640//2567 1715//2567
f 1644//2568 1642//2568 1716//2568
f 1646//2569 1644//2569 1716//2569
f 1648//2570 1646//2570 1716//2570
f 1650//2571 1648//2571 1716//2571
f 1652//2572 1650//2572 1716//2572
f 1654//2573 1652//2573 1716//2573
f 1656//2574 1654//2574 1716//2574
f 1658//2575 1656//2575 1716//2575
f 1660//2576 1658//2576 1716//2576
f 1662//2577 1660//2577 1716//2577
f 1664//2578 1662//2578 1716//2578
f 1666//2579 1664//2579 1716//2579
f 1668//2580 1716//2581 1717//1831
f 1668//2582 1666//2583 1716//2584
f 1670//2585 1668//2585 1717//2585
f 1672//2586 1670//2586 1717//2586
f 1674//2232 1672//2232 1717//2232
f 1676//2587 1674//2587 1717//2587
f 1678//2588 1676//2588 1717//2588
f 1680//2235 1678//2235 1717//2235
f 1682//2589 1680//2589 1717//2589
f 1684//1842 1682//1842 1717//1842
f 1686//2590 1684//2590 1717//2590
f 1688//2591 1686//2591 1717//2591
f 1690//2592 1688//2592 1717//2592
f 1692//2593 1717//2594 1718//2595
f 1692//2596 1690//2596 1717//2596
f 1694//2597 1692//2598 1718//2599
f 1696//2600 1694//2600 1718//2600
f 1698//2601 1696//2601 1718//2601
f 1700//2602 1698//2602 1718//2602
f 1702//2603 1700//2603 1718//2603
f 1704//2604 1702//2604 1718//2604
f 1706//2605 1704//2605 1718//2605
f 1708//2606 1706//2606 1718//2606
f 1710//2607 1708//2607 1718//2607
f 1711//2608 1710//2608 1718//2608
f 1709//2609 1711//2609 1718//2609
f 1707//2610 1709//2610 1718//2610
f 1705//1864 1718//1864 1719//1864
f 1705//2611 1707//2611 1718//2611
f 1703//2612 1705//2612 1719//2612
f 1701//2258 1703//2258 1719//2258
f 1699//2613 1701//2613 1719//2613
f 1697//2614 1699//2614 1719//2614
f 1695//2615 1697//2615 1719//2615
f 1693//2616 1695//2616 1719//2616
f 1691//2617 1693//2617 1719//2617
f 1689//2618 1691//2618 1719//2618
f 1687//1874 1689//1874 1719//1874
f 1685//2619 1687//2619 1719//2619
f 1683//2267 1685//2267 1719//2267
f 1681//2620 1683//2620 1719//2620
f 1679//1878 1719//1878 1720//1878
f 1679//2621 1681//2621 1719//2621
f 1677//2622 1679//2622 1720//2622
f 1675//2623 1677//2623 1720//2623
f 1673//2624 1675//2624 1720//2624
f 1671//2625 1673//2625 1720//2625
f 1669//2626 1671//2626 1720//2626
f 1667//2627 1669//2627 1720//2627
f 1665//2628 1667//2628 1720//2628
f 1663//2629 1665//2629 1720//2629
f 1661//2630 1663//2630 1720//2630
f 1659//2631 1661//2631 1720//2631
f 1657//2632 1659//2632 1720//2632
f 1655//2282 1720//2282 1721//2282
f 1655//2633 1657//2633 1720//2633
f 1653//2634 1655//2634 1721//2634
f 1651//2635 1653//2635 1721//2635
f 1649//2636 1651//2636 1721//2636
f 1647//2637 1649//2637 1721//2637
f 1645//2638 1647//2638 1721//2638
f 1643//2639 1645//2639 1721//2639
f 1641//2640 1643//2640 1721//2640
f 1639//2641 1641//2641 1721//2641
f 1637//2642 1639//2642 1721//2642
f 1635//2643 1637//2643 1721//2643
f 1633//1903 1635//1903 1721//1903
f 1631//2644 1633//2644 1721//2644
f 1629//2645 1721//2646 1712//2647
f 1629//2648 1631//2649 1721//2650
f 1627//2651 1629//2651 1712//2651
f 1625//2652 1627//2652 1712//2652
f 1623//2653 1625//2653 1712//2653
f 1621//2654 1623//2654 1712//2654
f 1619//2655 1621//2655 1712//2655
f 1617//2656 1619//2656 1712//2656
f 1718//1917 1717//1917 1722//1917
f 1718//2657 1722//2657 1723//2657
f 1719//2658 1723//2658 1724//2658
f 1719//2659 1718//2659 1723//2659
f 1720//2309 1724//2309 1725//2309
f 1720//1922 1719//1922 1724//1922
f 1726//2312 1720//2312 1725//2312
f 1721//2660 1720//2660 1726//2660
f 1712//2314 1726//2314 1727//2314
f 1712//2661 1721//2661 1726//2661
f 1713//2662 1712//2662 1727//2662
f 1713//2663 1727//2663 1728//2663
f 1714//2664 1728//2664 1729//2664
f 1714//2665 1713//2665 1728//2665
f 1715//2666 1729//2666 1730//2666
f 1715//2667 1714//2667 1729//2667
f 1716//2668 1730//2668 1731//2668
f 1716//1936 1715//1936 1730//1936
f 1717//2669 1731//2669 1722//2669
f 1717//2670 1716//2670 1731//2670
f 1732//62 1724//62 1723//62
f 1733//61 1723//61 1722//61
f 1733//62 1732//62 1723//62
f 1734//62 1724//62 1732//62
f 1725//62 1724//62 1734//62
f 1731//62 1733//62 1722//62
f 1735//61 1725//61 1734//61
f 1736//62 1733//62 1731//62
f 1726//1516 1725//1516 1735//1516
f 1730//61 1736//61 1731//61
f 1737//61 1736//61 1730//61
f 1738//62 1726//62 1735//62
f 1727//61 1726//61 1738//61
f 1729//61 1739//61 1737//61
f 1729//61 1737//61 1730//61
f 1728//61 1738//61 1739//61
f 1728//62 1739//62 1729//62
f 1728//61 1727//61 1738//61
f 1733//2671 1740//2671 1741//2671
f 1733//2672 1736//2672 1740//2672
f 1736//2673 1737//2673 1742//2673
f 1737//2674 1739//2674 1742//2674
f 1743//2327 1738//2327 1744//2327
f 1739//2675 1738//2675 1743//2675
f 1742//2329 1740//2329 1736//2329
f 1743//2676 1742//2676 1739//2676
f 1745//627 1746//627 1744//627
f 1744//627 1747//627 1743//627
f 1746//627 1747//627 1744//627
f 1743//1948 1747//1948 1742//1948
f 1742//1947 1747//1947 1748//1947
f 1742//1949 1748//1949 1740//1949
f 1740//1950 1748//1950 1749//1950
f 1740//13 1749//13 1741//13
f 1741//820 1750//820 1751//820
f 1749//13 1750//13 1741//13
f 1738//2677 1745//2677 1744//2677
f 1738//2678 1735//2678 1745//2678
f 1735//2679 1734//2679 1752//2679
f 1734//2680 1732//2680 1752//2680
f 1751//2681 1733//2681 1741//2681
f 1732//2682 1733//2682 1751//2682
f 1751//2683 1752//2683 1732//2683
f 1752//2684 1745//2684 1735//2684
f 1753//2685 1752//2685 1750//2685
f 1750//1960 1752//1960 1751//1960
f 1746//1961 1745//1961 1753//1961
f 1753//2686 1745//2686 1752//2686
f 1748//61 1754//61 1749//61
f 1749//62 1754//62 1755//62
f 1749//234 1756//234 1750//234
f 1755//62 1756//62 1749//62
f 1754//1517 1747//1517 1757//1517
f 1748//62 1747//62 1754//62
f 1756//1518 1758//1518 1750//1518
f 1758//61 1753//61 1750//61
f 1747//1519 1759//1519 1757//1519
f 1759//61 1746//61 1758//61
f 1747//61 1746//61 1759//61
f 1758//62 1746//62 1753//62
f 1754//2687 1760//2688 1761//2688
f 1754//2689 1757//2690 1760//2690
f 1757//2691 1762//2691 1760//2691
f 1757//2692 1759//2692 1762//2692
f 1762//1968 1758//1968 1763//1968
f 1759//2693 1758//2693 1762//2693
f 1758//2694 1764//2695 1763//2695
f 1758//2696 1756//2348 1764//2348
f 1756//2697 1765//2697 1764//2697
f 1756//2698 1755//2698 1765//2699
f 1755//2700 1761//2700 1765//2700
f 1755//2701 1754//2701 1761//2701
f 1763//1960 1764//1960 1766//1960
f 1766//1960 1764//1960 1767//1960
f 1767//13 1765//13 1768//13
f 1764//13 1765//13 1767//13
f 1768//1949 1761//1949 1769//1949
f 1765//1949 1761//1949 1768//1949
f 1761//1948 1760//1948 1769//1948
f 1769//1947 1760//1947 1770//1947
f 1770//627 1762//627 1771//627
f 1760//627 1762//627 1770//627
f 1771//1961 1763//1961 1766//1961
f 1762//1982 1763//1982 1771//1982
f 1769//2358 1770//2358 1772//2358
f 1770//1984 1771//1984 1772//1984
f 1771//1985 1766//1985 1772//1985
f 1766//2360 1767//2360 1772//2360
f 1767//1987 1768//1987 1772//1987
f 1768//1988 1769//1988 1772//1988
f 1773//2702 766//2702 1774//2702
f 1774//2703 766//2703 1775//2703
f 1775//2704 766//2704 1776//2704
f 1776//2705 766//2705 1777//2705
f 1777//2706 766//2706 1778//2706
f 1778//2707 761//2708 1779//2709
f 1779//2710 761//2710 1780//2710
f 1780//1562 761//1562 1781//1562
f 1781//2711 761//2711 1782//2711
f 1782//2712 761//2712 1783//2712
f 1783//1565 761//1565 1784//1565
f 1784//2713 761//2713 1785//2713
f 1785//1567 761//1567 1786//1567
f 1786//2714 761//2714 1787//2714
f 1787//2715 761//2715 1788//2715
f 1788//2716 761//2717 1789//2718
f 766//1573 761//2719 1778//2720
f 1789//1576 750//1576 1790//1576
f 1790//2721 750//2721 1791//2721
f 1791//2722 750//2722 1792//2722
f 1792//2385 750//2385 1793//2385
f 1793//2386 750//2386 1794//2386
f 1794//2723 750//2723 1795//2723
f 1795//2724 750//2724 1796//2724
f 1796//2725 750//2725 1797//2725
f 1797//2726 750//2726 1798//2726
f 1798//2727 750//2727 1799//2727
f 761//2392 750//1587 1789//2728
f 1799//2023 744//2729 1800//2730
f 1800//2731 744//2731 1801//2731
f 1801//2732 744//2732 1802//2732
f 1802//2733 744//2733 1803//2733
f 1803//2734 744//2734 1804//2734
f 1804//2735 744//2735 1805//2735
f 1805//2736 744//2736 1806//2736
f 1806//2737 744//2737 1807//2737
f 1807//2738 744//2738 1808//2738
f 1808//2739 744//2739 1809//2739
f 1809//2740 744//2741 1810//2742
f 750//1603 744//2743 1799//2744
f 1810//2745 741//2745 1811//2745
f 1811//2409 741//2409 1812//2409
f 744//2746 741//1609 1810//2747
f 1812//2748 741//2748 1813//2748
f 1813//2411 741//2411 1814//2411
f 1814//2749 741//2749 1815//2749
f 1815//2750 741//2750 1816//2750
f 1816//2751 741//2751 1817//2751
f 1817//2752 741//2752 1818//2752
f 1818//2753 741//2753 1819//2753
f 1819//2754 741//2754 1820//2754
f 741//1619 736//2417 1820//2418
f 1820//2419 736//2420 1821//2755
f 1821//2756 736//2756 1822//2756
f 1822//2757 736//2757 1823//2757
f 1823//2758 736//2758 1824//2758
f 1824//2759 736//2759 1825//2759
f 1825//2760 736//2760 1826//2760
f 1826//2761 736//2761 1827//2761
f 1827//2762 736//2762 1828//2762
f 1828//2763 736//2763 1829//2763
f 1829//2061 736//2061 1830//2061
f 1830//2764 736//2765 1831//2766
f 736//2767 747//2433 1831//2768
f 1831//2769 747//2769 1832//2769
f 1832//2770 747//2770 1833//2770
f 1833//2771 747//2771 1834//2771
f 1834//2772 747//2772 1835//2772
f 1835//2773 747//2773 1836//2773
f 1836//2067 747//2067 1837//2067
f 1837//2774 747//2774 1838//2774
f 1838//2775 747//2775 1839//2775
f 1839//2776 747//2776 1840//2776
f 1840//2777 747//2777 1841//2777
f 1841//2778 754//2779 1842//2780
f 1842//1653 754//1653 1843//1653
f 1843//2781 754//2781 1844//2781
f 1844//2782 754//2782 1845//2782
f 1845//2783 754//2783 1846//2783
f 1846//2784 754//2784 1847//2784
f 1847//2785 754//2785 1848//2785
f 1848//2786 754//2786 1849//2786
f 1849//2080 754//2080 1850//2080
f 1850//2787 754//2787 1851//2787
f 1851//2788 754//2789 1852//2455
f 747//2790 754//2791 1841//2792
f 1852//2793 764//2793 1853//2793
f 1853//2794 764//2794 1854//2794
f 1854//2795 764//2795 1855//2795
f 1855//2796 764//2796 1856//2796
f 1856//2797 764//2797 1857//2797
f 1857//2798 764//2798 1858//2798
f 1858//2799 764//2799 1859//2799
f 1859//2800 764//2800 1860//2800
f 1860//2801 764//2801 1861//2801
f 1861//2802 764//2802 1862//2802
f 754//1678 764//2803 1852//1680
f 1862//2469 772//2804 1863//2471
f 1863//2805 772//2805 1864//2805
f 1864//2806 772//2806 1865//2806
f 1865//2807 772//2807 1866//2807
f 1866//2808 772//2808 1867//2808
f 1867//2809 772//2809 1868//2809
f 1868//1688 772//1688 1869//1688
f 1869//2810 772//2810 1870//2810
f 1870//2811 772//2811 1871//2811
f 1871//2812 772//2812 1872//2812
f 1872//2813 772//2814 1873//2815
f 764//2816 772//2817 1862//2818
f 1873//2819 780//2819 1874//2819
f 1874//2820 780//2820 1875//2820
f 772//2821 780//1701 1873//2822
f 1875//2823 780//2823 1876//2823
f 1876//2824 780//2824 1877//2824
f 1877//2825 780//2825 1878//2825
f 1878//2826 780//2826 1879//2826
f 1879//2827 780//2827 1880//2827
f 1880//2828 780//2828 1881//2828
f 1881//2829 780//2829 1882//2829
f 1882//2830 780//2830 1883//2830
f 780//1711 776//2831 1883//2832
f 1883//2833 776//2834 1884//2835
f 1884//2836 776//2836 1885//2836
f 1885//2837 776//2837 1886//2837
f 1886//2838 776//2838 1887//2838
f 1887//2839 776//2839 1888//2839
f 1888//2840 776//2840 1889//2840
f 1889//2841 776//2841 1890//2841
f 1890//2842 776//2842 1891//2842
f 1891//2843 776//2843 1892//2843
f 1892//2844 776//2844 1893//2844
f 1893//2845 776//2846 1894//2847
f 776//2848 766//2849 1894//2850
f 1894//2851 766//2851 1895//2851
f 1895//1733 766//1733 1896//1733
f 1896//2852 766//2852 1897//2852
f 1897//2853 766//2853 1898//2853
f 1898//2854 766//2854 1773//2854
f 1899//2162 1789//2162 1790//2162
f 1900//1522 1787//1522 1788//1522
f 1900//1521 1788//1521 1789//1521
f 1900//143 1789//143 1899//143
f 1901//1521 1899//1521 1790//1521
f 1902//162 1786//162 1787//162
f 1902//69 1787//69 1900//69
f 1903//1518 1790//1518 1791//1518
f 1903//238 1791//238 1792//238
f 1903//1754 1901//151 1790//1754
f 1904//90 1785//90 1786//90
f 1904//1748 1786//1748 1902//1748
f 1905//117 1792//117 1793//117
f 1905//1743 1903//1743 1792//1743
f 1906//263 1784//263 1785//263
f 1906//277 1785//277 1904//277
f 1907//119 1793//119 1794//119
f 1907//2855 1905//2855 1793//2855
f 1908//118 1783//118 1784//118
f 1908//90 1784//90 1906//90
f 1909//310 1794//310 1795//310
f 1909//2162 1907//2162 1794//2162
f 1910//146 1782//146 1783//146
f 1910//77 1783//77 1908//77
f 1911//121 1795//147 1796//147
f 1911//319 1909//319 1795//319
f 1912//152 1782//152 1910//152
f 1912//2856 1781//238 1782//2856
f 1913//61 1911//61 1796//61
f 1913//118 1796//118 1797//118
f 1914//1521 1781//70 1912//70
f 1914//61 1780//218 1781//151
f 1915//66 1913//66 1797//66
f 1915//61 1797//61 1798//61
f 1916//117 1779//117 1780//117
f 1916//2857 1780//2857 1914//2858
f 1917//62 1915//62 1798//62
f 1917//90 1798//90 1799//90
f 1918//90 1779//90 1916//90
f 1918//2859 1778//2859 1779//2859
f 1919//202 1917//202 1799//202
f 1920//71 1777//71 1778//71
f 1920//218 1778//218 1918//218
f 1921//62 1799//62 1800//62
f 1921//117 1919//117 1799//117
f 1801//263 1921//263 1800//263
f 1922//62 1777//62 1920//62
f 1776//72 1777//72 1922//72
f 1923//146 1921//146 1801//146
f 1924//62 1776//62 1922//62
f 1925//62 1801//62 1802//62
f 1925//71 1923//71 1801//71
f 1803//143 1925//143 1802//143
f 1926//162 1775//162 1776//162
f 1926//71 1776//234 1924//234
f 1774//2860 1775//2860 1926//2860
f 1927//1747 1925//1747 1803//1747
f 1928//310 1774//247 1926//247
f 1773//1741 1774//1741 1928//76
f 1929//325 1803//325 1804//325
f 1929//1517 1927//1517 1803//1517
f 1805//66 1929//66 1804//66
f 1930//234 1773//234 1928//228
f 1898//1745 1773//1745 1930//1745
f 1931//254 1929//254 1805//254
f 1932//305 1898//305 1930//305
f 1933//71 1805//71 1806//71
f 1933//77 1931//77 1805//77
f 1807//1745 1933//1745 1806//1745
f 1934//1519 1897//1519 1898//1519
f 1934//135 1898//135 1932//135
f 1935//2861 1933//2861 1807//2861
f 1896//61 1897//61 1934//61
f 1936//1762 1896//1762 1934//1762
f 1808//301 1935//301 1807//301
f 1937//234 1935//234 1808//234
f 1895//2159 1896//2159 1936//2159
f 1938//1740 1895//1740 1936//1740
f 1809//1749 1937//1749 1808//1749
f 1939//112 1937//112 1809//112
f 1894//2515 1895//2515 1938//2515
f 1940//143 1894//143 1938//143
f 1810//71 1939//71 1809//71
f 1941//121 1939//121 1810//121
f 1893//61 1894//61 1940//61
f 1942//197 1893//197 1940//197
f 1943//2862 1941//2863 1810//2863
f 1943//1521 1810//1521 1811//1521
f 1944//147 1893//147 1942//147
f 1944//1742 1892//1742 1893//1742
f 1812//125 1943//294 1811//125
f 1945//70 1943//110 1812//70
f 1891//119 1892//119 1944//119
f 1946//370 1891//370 1944//370
f 1947//260 1945//260 1812//260
f 1947//121 1812//121 1813//121
f 1890//238 1891//238 1946//238
f 1948//230 1890//230 1946//230
f 1814//296 1947//296 1813//296
f 1949//62 1947//62 1814//62
f 1950//1741 1889//1741 1890//1741
f 1950//263 1890//263 1948//263
f 1815//143 1949//143 1814//143
f 1951//121 1949//121 1815//121
f 1888//352 1889//352 1950//352
f 1952//151 1888//151 1950//151
f 1816//167 1951//167 1815//167
f 1953//125 1951//125 1816//125
f 1954//2159 1887//2159 1888//2159
f 1954//1521 1888//1521 1952//1521
f 1955//181 1816//181 1817//181
f 1955//143 1953//143 1816//143
f 1956//152 1886//152 1887//152
f 1956//234 1887//234 1954//234
f 1957//1521 1817//1521 1818//1521
f 1957//301 1955//301 1817//301
f 1885//370 1886//370 1956//370
f 1958//305 1885//305 1956//305
f 1959//263 1818//263 1819//263
f 1959//1521 1957//1521 1818//1521
f 1884//152 1885//152 1958//152
f 1960//2864 1884//2864 1958//2864
f 1961//305 1819//305 1820//305
f 1961//263 1959//263 1819//263
f 1962//143 1884//143 1960//143
f 1883//62 1884//62 1962//62
f 1963//184 1961//184 1820//184
f 1821//1521 1963//1521 1820//1521
f 1882//2865 1883//2865 1962//2865
f 1882//118 1962//118 1964//118
f 1822//263 1965//263 1963//263
f 1822//134 1963//134 1821//134
f 1881//312 1882//118 1964//118
f 1881//2866 1964//151 1966//151
f 1967//276 1965//276 1822//276
f 1823//254 1967//254 1822//254
f 1880//1737 1881//70 1966//1737
f 1880//1764 1966//1764 1968//1764
f 1969//117 1967//117 1823//117
f 1824//234 1969//234 1823//234
f 1970//1748 1880//1748 1968//1748
f 1879//71 1880//71 1970//71
f 1971//352 1969//352 1824//352
f 1825//151 1971//151 1824//151
f 1972//1756 1879//1756 1970//1756
f 1878//69 1879//69 1972//69
f 1973//2158 1971//2158 1825//2158
f 1826//118 1973//118 1825//118
f 1877//1519 1972//1519 1974//1519
f 1877//305 1878//305 1972//305
f 1827//62 1973//62 1826//62
f 1827//234 1975//234 1973//234
f 1976//277 1877//277 1974//277
f 1876//260 1877//260 1976//260
f 1828//117 1975//117 1827//117
f 1828//70 1977//70 1975//70
f 1875//112 1976//112 1978//112
f 1875//77 1876//77 1976//77
f 1979//187 1977//187 1828//187
f 1829//1741 1979//1741 1828//1741
f 1980//2157 1875//2157 1978//2157
f 1874//1521 1875//1521 1980//1521
f 1830//2522 1979//2522 1829//2522
f 1830//305 1981//305 1979//305
f 1873//306 1980//306 1982//306
f 1873//1756 1874//1756 1980//1756
f 1983//89 1981//89 1830//89
f 1831//1518 1983//1518 1830//1518
f 1872//1518 1982//1518 1984//1518
f 1872//89 1873//89 1982//89
f 1832//2516 1983//2516 1831//2516
f 1832//112 1985//112 1983//112
f 1986//61 1872//61 1984//61
f 1871//234 1872//234 1986//234
f 1833//89 1987//89 1985//89
f 1833//1516 1985//1516 1832//1516
f 1988//260 1987//260 1833//260
f 1870//61 1871//61 1986//61
f 1870//371 1986//371 1989//371
f 1990//119 1870//119 1989//119
f 1834//152 1988//152 1833//152
f 1991//118 1988//118 1834//118
f 1869//254 1870//254 1990//254
f 1835//2867 1991//2867 1834//2867
f 1868//202 1869//202 1990//202
f 1868//147 1990//147 1992//147
f 1836//145 1991//145 1835//145
f 1836//152 1993//152 1991//152
f 1994//112 1993//112 1836//112
f 1867//305 1868//305 1992//305
f 1867//370 1992//370 1995//370
f 1996//119 1867//119 1995//119
f 1837//1521 1994//1521 1836//1521
f 1997//151 1994//151 1837//151
f 1866//1521 1867//1521 1996//1521
f 1838//1521 1997//1521 1837//1521
f 1998//187 1997//187 1838//187
f 1865//118 1866//118 1996//118
f 1865//72 1996//72 1999//72
f 2000//1761 1865//1761 1999//1761
f 1839//1762 1998//1762 1838//1762
f 2001//119 1998//112 1839//119
f 1864//277 1865//277 2000//277
f 2002//296 1864//296 2000//296
f 1840//296 2001//296 1839//296
f 1863//1521 1864//1521 2002//1521
f 1863//312 2002//312 2003//312
f 1841//119 2001//119 1840//119
f 1841//218 2004//218 2005//218
f 1841//337 2005//337 2001//337
f 1862//121 2003//121 2006//121
f 1862//119 1863//119 2003//119
f 1842//118 2004//118 1841//118
f 1861//117 1862//117 2006//117
f 1843//151 2007//151 2008//151
f 1843//62 2004//62 1842//62
f 1843//1518 2008//1518 2004//1518
f 1860//89 2006//89 2009//89
f 1860//61 2009//61 2010//61
f 1860//329 1861//329 2006//329
f 1844//90 2007//90 1843//90
f 1859//71 1860//71 2010//71
f 1845//151 2007//151 1844//151
f 1845//162 2011//162 2007//162
f 1858//181 1859//181 2010//181
f 1858//1521 2010//1521 2012//1521
f 1846//2868 2011//2868 1845//2868
f 1846//143 2013//143 2011//143
f 1857//118 1858//118 2012//118
f 1857//1516 2012//1516 2014//1516
f 1857//143 2014//143 2015//143
f 1847//118 2013//118 1846//118
f 1847//2519 2016//121 2013//2519
f 1856//62 1857//62 2015//62
f 1848//2154 2016//181 1847//2154
f 1848//216 2017//216 2018//216
f 1848//81 2018//81 2016//2869
f 1855//69 1856//69 2015//69
f 1855//71 2015//71 2019//71
f 1855//62 2019//62 2020//62
f 1849//359 2017//359 1848//359
f 1854//216 1855//216 2020//216
f 1850//234 2017//234 1849//234
f 1850//263 2021//263 2022//263
f 1850//1519 2022//1519 2017//1519
f 1853//1521 2020//1521 2023//1521
f 1853//345 2023//345 2024//345
f 1853//2157 1854//2157 2020//2157
f 1851//152 2021//152 1850//152
f 1852//181 1853//181 2024//181
f 1852//2149 2021//2149 1851//2149
f 1852//2859 2024//2859 2021//2859
f 1991//2870 1993//2870 2025//2870
f 1988//2871 1991//2871 2025//2871
f 1987//2872 1988//2872 2025//2872
f 1985//2873 1987//2873 2025//2873
f 1983//2874 1985//2874 2025//2874
f 1981//2875 2025//2876 2026//2877
f 1981//2878 1983//2878 2025//2878
f 1979//2879 1981//2880 2026//2881
f 1977//2882 1979//2882 2026//2882
f 1975//2883 1977//2883 2026//2883
f 1973//2884 1975//2884 2026//2884
f 1971//2885 1973//2885 2026//2885
f 1969//2886 1971//2886 2026//2886
f 1967//2887 1969//2887 2026//2887
f 1965//2888 1967//2888 2026//2888
f 1963//2889 1965//2889 2026//2889
f 1961//2890 1963//2890 2026//2890
f 1959//2891 1961//2891 2026//2891
f 1957//2892 1959//2892 2026//2892
f 1955//2893 2026//2893 2027//2893
f 1955//2894 1957//2894 2026//2894
f 1953//2895 1955//2895 2027//2895
f 1951//2896 1953//2896 2027//2896
f 1949//2897 1951//2897 2027//2897
f 1947//2898 1949//2898 2027//2898
f 1945//2899 1947//2899 2027//2899
f 1943//2900 1945//2900 2027//2900
f 1941//2901 1943//2901 2027//2901
f 1939//2902 1941//2902 2027//2902
f 1937//2903 1939//2903 2027//2903
f 1935//2904 1937//2904 2027//2904
f 1933//2905 1935//2905 2027//2905
f 1931//2906 1933//2906 2027//2906
f 1929//2907 2027//2907 2028//2907
f 1929//2908 1931//2908 2027//2908
f 1927//2909 1929//2909 2028//2909
f 1925//2910 1927//2910 2028//2910
f 1923//2911 1925//2911 2028//2911
f 1921//2912 1923//2912 2028//2912
f 1919//2913 1921//2913 2028//2913
f 1917//2914 1919//2914 2028//2914
f 1915//2915 1917//2915 2028//2915
f 1913//2916 1915//2916 2028//2916
f 1911//2917 1913//2917 2028//2917
f 1909//2918 1911//2918 2028//2918
f 1907//2919 1909//2919 2028//2919
f 1905//2920 2028//2920 2029//2920
f 1905//2921 1907//2921 2028//2921
f 1903//2922 1905//2922 2029//2922
f 1901//2923 1903//2923 2029//2923
f 1899//2924 1901//2924 2029//2924
f 1900//2925 1899//2925 2029//2925
f 1902//2926 1900//2926 2029//2926
f 1904//2927 1902//2927 2029//2927
f 1906//2928 1904//2928 2029//2928
f 1908//2929 1906//2929 2029//2929
f 1910//2930 1908//2930 2029//2930
f 1912//2931 1910//2931 2029//2931
f 1914//2932 1912//2932 2029//2932
f 1916//2933 1914//2933 2029//2933
f 1918//2934 2029//2935 2030//2936
f 1918//2937 1916//2938 2029//2939
f 1920//2940 1918//2940 2030//2940
f 1922//2941 1920//2941 2030//2941
f 1924//2942 1922//2942 2030//2942
f 1926//2943 1924//2943 2030//2943
f 1928//2944 1926//2944 2030//2944
f 1930//2945 1928//2945 2030//2945
f 1932//2946 1930//2946 2030//2946
f 1934//2947 1932//2947 2030//2947
f 1936//2948 1934//2948 2030//2948
f 1938//2949 1936//2949 2030//2949
f 1940//2950 1938//2950 2030//2950
f 1942//2951 2030//2952 2031//2953
f 1942//2954 1940//2954 2030//2954
f 1944//2955 1942//2956 2031//2957
f 1946//2958 1944//2958 2031//2958
f 1948//2959 1946//2959 2031//2959
f 1950//2960 1948//2960 2031//2960
f 1952//2961 1950//2961 2031//2961
f 1954//2962 1952//2962 2031//2962
f 1956//2963 1954//2963 2031//2963
f 1958//2964 1956//2964 2031//2964
f 1960//2965 1958//2965 2031//2965
f 1962//2966 1960//2966 2031//2966
f 1964//2967 1962//2967 2031//2967
f 1966//2968 1964//2968 2031//2968
f 1968//2969 2031//2969 2032//2969
f 1968//2970 1966//2970 2031//2970
f 1970//2971 1968//2971 2032//2971
f 1972//2972 1970//2972 2032//2972
f 1974//2973 1972//2973 2032//2973
f 1976//2974 1974//2974 2032//2974
f 1978//2975 1976//2975 2032//2975
f 1980//2976 1978//2976 2032//2976
f 1982//2977 1980//2977 2032//2977
f 1984//2978 1982//2978 2032//2978
f 1986//2979 1984//2979 2032//2979
f 1989//2980 1986//2980 2032//2980
f 1990//2981 1989//2981 2032//2981
f 1992//2982 1990//2982 2032//2982
f 1995//2983 2032//2983 2033//2983
f 1995//2984 1992//2984 2032//2984
f 1996//2985 1995//2985 2033//2985
f 1999//2986 1996//2986 2033//2986
f 2000//2987 1999//2987 2033//2987
f 2002//2988 2000//2988 2033//2988
f 2003//2989 2002//2989 2033//2989
f 2006//2990 2003//2990 2033//2990
f 2009//2991 2006//2991 2033//2991
f 2010//2992 2009//2992 2033//2992
f 2012//2993 2010//2993 2033//2993
f 2014//2994 2012//2994 2033//2994
f 2015//2995 2014//2995 2033//2995
f 2019//2996 2033//2996 2034//2996
f 2019//2997 2015//2997 2033//2997
f 2020//2998 2019//2998 2034//2998
f 2023//2999 2020//2999 2034//2999
f 2024//3000 2023//3000 2034//3000
f 2021//3001 2024//3001 2034//3001
f 2022//3002 2021//3002 2034//3002
f 2017//3003 2022//3003 2034//3003
f 2018//3004 2017//3004 2034//3004
f 2016//3005 2018//3005 2034//3005
f 2013//3006 2016//3006 2034//3006
f 2011//3007 2013//3007 2034//3007
f 2007//3008 2011//3008 2034//3008
f 2008//3009 2007//3009 2034//3009
f 2004//3010 2034//3011 2025//3012
f 2004//3013 2008//3014 2034//3015
f 2005//3016 2004//3016 2025//3016
f 2001//3017 2005//3017 2025//3017
f 1998//3018 2001//3018 2025//3018
f 1997//3019 1998//3019 2025//3019
f 1994//3020 1997//3020 2025//3020
f 1993//1989 1994//1989 2025//1989
f 2031//3021 2030//3021 2035//3021
f 2031//3022 2035//3022 2036//3022
f 2032//3023 2036//3023 2037//3023
f 2032//3024 2031//3024 2036//3024
f 2033//3025 2037//3025 2038//3025
f 2033//3026 2032//3026 2037//3026
f 2034//3027 2038//3027 2039//3027
f 2034//3027 2033//3027 2038//3027
f 2025//3028 2039//3028 2040//3028
f 2025//3029 2034//3029 2039//3029
f 2026//3030 2025//3030 2040//3030
f 2026//3030 2040//3030 2041//3030
f 2027//3031 2041//3031 2042//3031
f 2027//3032 2026//3032 2041//3032
f 2043//3033 2027//3033 2042//3033
f 2028//3034 2027//3034 2043//3034
f 2029//3035 2043//3035 2044//3035
f 2029//3036 2028//3036 2043//3036
f 2030//3037 2044//3037 2035//3037
f 2030//3038 2029//3038 2044//3038
f 2045//61 2037//61 2036//61
f 2046//61 2037//61 2045//61
f 2047//62 2036//62 2035//62
f 2047//61 2045//61 2036//61
f 2038//61 2037//61 2046//61
f 2044//61 2047//61 2035//61
f 2048//61 2038//61 2046//61
f 2049//62 2047//62 2044//62
f 2039//61 2038//61 2048//61
f 2043//1517 2049//1517 2044//1517
f 2050//61 2039//61 2048//61
f 2051//62 2049//62 2043//62
f 2040//62 2039//62 2050//62
f 2042//61 2052//61 2051//61
f 2042//62 2051//62 2043//62
f 2041//61 2050//61 2052//61
f 2041//61 2040//61 2050//61
f 2041//61 2052//61 2042//61
f 2047//3039 2053//3039 2054//3039
f 2047//3040 2049//3040 2053//3040
f 2049//3041 2051//3041 2055//3041
f 2051//3042 2052//3042 2055//3042
f 2056//3043 2050//3043 2057//3043
f 2052//3044 2050//3044 2056//3044
f 2055//3045 2053//3045 2049//3045
f 2056//3046 2055//3046 2052//3046
f 2058//634 2059//634 2057//634
f 2057//634 2060//634 2056//634
f 2059//633 2060//633 2057//633
f 2056//3047 2060//3047 2055//3047
f 2055//3047 2060//3047 2061//3047
f 2055//3048 2061//3048 2053//3048
f 2053//3049 2061//3049 2062//3049
f 2053//651 2062//651 2054//651
f 2054//651 2063//651 2064//651
f 2062//681 2063//681 2054//681
f 2050//3050 2058//3050 2057//3050
f 2050//3051 2048//3051 2058//3051
f 2048//3052 2046//3052 2065//3052
f 2046//3053 2045//3053 2065//3053
f 2064//3054 2047//3054 2054//3054
f 2045//3055 2047//3055 2064//3055
f 2064//3056 2065//3056 2045//3056
f 2065//3057 2058//3057 2048//3057
f 2066//3058 2065//3058 2063//3058
f 2063//3058 2065//3058 2064//3058
f 2059//3059 2058//3059 2066//3059
f 2066//3060 2058//3060 2065//3060
f 2061//296 2067//296 2062//296
f 2062//61 2067//61 2068//61
f 2062//62 2069//62 2063//62
f 2068//61 2069//61 2062//61
f 2067//62 2060//62 2070//62
f 2061//151 2060//151 2067//151
f 2069//151 2071//151 2063//151
f 2071//61 2066//61 2063//61
f 2060//61 2072//61 2070//61
f 2072//1521 2059//1521 2071//1521
f 2060//151 2059//151 2072//151
f 2071//61 2059//61 2066//61
f 2067//3061 2073//3062 2074//3061
f 2067//3063 2070//3063 2073//3064
f 2070//3065 2075//3065 2073//3065
f 2070//3066 2072//3066 2075//3066
f 2075//3067 2071//3067 2076//3067
f 2072//3068 2071//3068 2075//3068
f 2071//3069 2077//3069 2076//3069
f 2071//3070 2069//3070 2077//3070
f 2069//3071 2078//3071 2077//3071
f 2069//3072 2068//3072 2078//3072
f 2078//3073 2067//3073 2074//3073
f 2068//3074 2067//3074 2078//3074
f 2076//3058 2077//3058 2079//3058
f 2079//3058 2077//3058 2080//3058
f 2080//651 2078//651 2081//651
f 2077//651 2078//651 2080//651
f 2081//3049 2074//3049 2082//3049
f 2078//3075 2074//3075 2081//3075
f 2074//3047 2073//3047 2082//3047
f 2082//3047 2073//3047 2083//3047
f 2083//633 2075//633 2084//633
f 2073//634 2075//634 2083//634
f 2084//3059 2076//3059 2079//3059
f 2075//3076 2076//3076 2084//3076
f 2082//3077 2083//3077 2085//3077
f 2083//3078 2084//3078 2085//3078
f 2084//3079 2079//3079 2085//3079
f 2079//3080 2080//3080 2085//3080
f 2080//3081 2081//3081 2085//3081
f 2081//3082 2082//3082 2085//3082
f 2086//3083 2087//3084 2088//3085
f 2088//3086 2087//3083 2089//3087
f 740//3088 2090//3089 735//3090
f 2091//3091 2090//3091 2086//3091
f 735//3092 2090//3092 2091//3092
f 2086//3093 2090//3093 2087//3093
f 2089//3094 2092//3095 2093//3096
f 2087//3097 2092//3098 2089//3099
f 746//3100 2094//3101 740//3102
f 2090//3103 2094//3104 2087//3105
f 2087//3106 2094//3107 2092//3105
f 740//3108 2094//3109 2090//3108
f 2093//3110 2095//3110 2096//3110
f 2092//3111 2095//3111 2093//3111
f 2092//3112 2097//3113 2095//3114
f 753//3115 2097//3116 746//3117
f 746//3118 2097//3119 2094//3120
f 2094//3121 2097//3122 2092//3123
f 2096//3124 2098//3124 2099//3124
f 2099//3125 2098//3126 2100//3127
f 2095//3128 2098//3128 2096//3128
f 773//3129 2101//3130 765//3130
f 765//3131 2101//3132 753//3133
f 2097//3134 2101//3134 2095//3134
f 753//3135 2101//3136 2097//3137
f 2095//3138 2101//3138 2098//3138
f 2098//3139 2102//3140 2100//3141
f 773//3142 2103//3143 2101//3143
f 2101//3144 2103//3145 2098//3146
f 2098//3147 2103//3148 2102//3149
f 2100//3150 2104//3151 2105//3152
f 2102//3153 2104//3154 2100//3155
f 782//3156 2106//3157 773//3158
f 2103//3159 2106//3160 2102//3161
f 2102//3162 2106//3163 2104//3164
f 773//3165 2106//3166 2103//3167
f 2105//3168 2107//3169 2108//3170
f 2104//3171 2107//3172 2105//3173
f 785//3174 2109//3175 782//3176
f 782//3177 2109//3178 2106//3179
f 2106//3180 2109//3180 2104//3181
f 2104//3182 2109//3183 2107//3183
f 2107//3184 2110//3185 2108//3186
f 2108//3187 2110//3188 2111//3189
f 2111//3190 2110//3191 2112//3192
f 2109//3193 2113//3194 2107//3195
f 793//3196 2113//3197 785//3198
f 2107//3199 2113//3200 2110//3201
f 785//3202 2113//3203 2109//3204
f 2110//3205 2114//3206 2112//3207
f 2112//3208 2114//3208 2115//3209
f 786//3210 2116//3211 793//3212
f 2113//3213 2116//3214 2110//3215
f 2110//3216 2116//3217 2114//3218
f 793//3219 2116//3220 2113//3221
f 2114//3222 2117//3222 2115//3223
f 788//3224 2118//3224 786//3224
f 2116//3225 2118//3226 2114//3227
f 786//3228 2118//3228 2116//3228
f 2114//3229 2118//3230 2117//3231
f 2117//3232 2119//3232 2115//3233
f 2115//3234 2119//3235 2120//3235
f 791//3236 2121//3237 790//3236
f 790//3238 2121//3238 788//3238
f 2118//3239 2121//3240 2117//3241
f 788//3242 2121//3242 2118//3242
f 2117//3243 2121//3239 2119//3244
f 2119//3245 2122//3246 2120//3247
f 2120//3248 2122//3249 2123//3248
f 795//3250 2124//3251 791//3252
f 791//3253 2124//3253 2121//3254
f 2121//3255 2124//3255 2119//3255
f 2119//3256 2124//3256 2122//3256
f 2123//3257 2125//3257 2126//3257
f 2126//3258 2125//3259 2127//3260
f 2127//3261 2125//3262 2128//3263
f 2122//3264 2125//3264 2123//3264
f 784//3265 2129//3265 795//3265
f 2128//3266 2129//3266 2130//3266
f 2130//3267 2129//3268 784//3267
f 2124//3269 2129//3269 2122//3270
f 2125//3271 2129//3271 2128//3271
f 2122//3272 2129//3273 2125//3273
f 795//3274 2129//3275 2124//3276
f 2128//3277 2131//3278 2127//3279
f 2127//3280 2131//3281 2132//3282
f 783//3283 2133//3284 784//3285
f 2130//3286 2133//3286 2128//3286
f 784//3287 2133//3288 2130//3289
f 2128//3290 2133//3290 2131//3290
f 2132//3291 2134//3292 2135//3293
f 2131//3294 2134//3295 2132//3296
f 771//3297 2136//3298 783//3299
f 2133//3300 2136//3301 2131//3302
f 2131//3303 2136//3304 2134//3305
f 783//3306 2136//3307 2133//3308
f 2135//3309 2137//3310 2138//3311
f 2134//3312 2137//3313 2135//3314
f 2134//3315 2139//3316 2137//3317
f 763//3318 2139//3318 771//3319
f 771//3320 2139//3321 2136//3322
f 2136//3323 2139//3324 2134//3325
f 2138//3326 2140//3327 2141//3328
f 2141//3329 2140//3330 2142//3331
f 2139//3332 2140//3333 2137//3334
f 2137//3335 2140//3336 2138//3337
f 755//3338 2143//3338 763//3339
f 763//3340 2143//3341 2139//3342
f 2139//3343 2143//3344 2140//3345
f 2140//3346 2144//3347 2142//3348
f 748//3349 2145//3349 755//3349
f 2140//3350 2145//3350 2144//3350
f 2143//3351 2145//3351 2140//3351
f 755//3352 2145//3352 2143//3352
f 2142//3353 2146//3354 2147//3355
f 2147//3356 2146//3357 2148//3358
f 2144//3359 2146//3360 2142//3361
f 748//3362 2149//3363 2145//3364
f 737//3365 2149//3366 748//3367
f 2144//3368 2149//3369 2146//3370
f 2145//3371 2149//3372 2144//3373
f 2146//3374 2150//3375 2148//3376
f 730//3377 2151//3378 734//3377
f 734//3379 2151//3379 737//3379
f 2149//3380 2151//3381 2146//3380
f 737//3382 2151//3382 2149//3382
f 2146//3383 2151//3384 2150//3383
f 2151//3385 2152//3385 2150//3385
f 2148//3386 2152//3387 2153//3387
f 2153//3388 2152//3389 2154//3390
f 2150//3391 2152//3392 2148//3393
f 730//3394 2155//3394 2151//3395
f 2151//3396 2155//3396 2152//3396
f 2152//3397 2156//3398 2154//3399
f 2154//3400 2156//3401 2157//3402
f 724//3403 2158//3404 726//3405
f 726//3406 2158//3407 730//3408
f 730//3409 2158//3410 2155//3411
f 2155//3412 2158//3413 2152//3414
f 2152//3415 2158//3416 2156//3415
f 2156//3417 2159//3418 2157//3419
f 2158//3420 2159//3421 2156//3421
f 724//3422 2160//3423 2158//3424
f 2158//3425 2160//3426 2159//3426
f 2159//3427 2161//3428 2157//3429
f 2157//3430 2161//3431 2162//3432
f 728//3433 2163//3434 723//3435
f 723//3436 2163//3437 724//3438
f 724//3439 2163//3440 2160//3441
f 2160//3442 2163//3443 2159//3444
f 2159//3445 2163//3446 2161//3447
f 2161//3448 2164//3449 2162//3450
f 2162//3451 2164//3452 2165//3453
f 2165//3454 2164//3455 2166//3456
f 2163//3457 2164//3457 2161//3457
f 728//3458 2167//3459 2163//3460
f 2163//3461 2167//3461 2164//3461
f 2166//3462 2168//3463 2088//3464
f 2088//3465 2168//3466 2086//3467
f 2164//3468 2168//3469 2166//3470
f 2167//3471 2168//3472 2164//3473
f 735//3474 2169//3475 732//3476
f 2167//3477 2169//3478 2168//3479
f 732//3480 2169//3481 728//3482
f 2086//3483 2169//3484 2091//3485
f 2091//3486 2169//3487 735//3488
f 728//3489 2169//3490 2167//3491
f 2168//3492 2169//3493 2086//3494
f 2132//3495 2135//3495 2170//3495
f 2135//3496 2138//3496 2171//3496
f 2138//3497 2141//3497 2172//3497
f 2162//3498 2173//3498 2174//3498
f 2165//3499 2175//3499 2173//3499
f 2166//3500 2176//3500 2175//3500
f 2166//3501 2177//3501 2176//3501
f 2166//3502 2178//3502 2177//3502
f 2166//3503 2088//3503 2178//3503
f 2179//3504 2180//3504 2170//3504
f 2132//3505 2180//3506 2127//3507
f 2181//3508 2180//3508 2179//3508
f 2182//3509 2180//3509 2181//3509
f 2127//3510 2180//3511 2182//3512
f 2170//3513 2180//3513 2132//3513
f 2170//3514 2183//3514 2171//3514
f 2135//3515 2183//3515 2170//3515
f 2171//3516 2183//3516 2135//3516
f 2171//3517 2184//3518 2172//3519
f 2138//3520 2184//3521 2171//3522
f 2172//3523 2184//3524 2138//3525
f 2172//3526 2185//3526 2186//3526
f 2141//3527 2185//3527 2172//3527
f 2185//3528 2187//3528 2186//3528
f 2142//3529 2188//3529 2141//3529
f 2141//3530 2188//3530 2185//3530
f 2185//3531 2188//3531 2187//3531
f 2186//3532 2189//3532 2190//3532
f 2187//3533 2189//3533 2186//3533
f 2142//3534 2189//3534 2188//3534
f 2188//3535 2189//3535 2187//3535
f 2189//3536 2191//3536 2190//3536
f 2147//3537 2192//3537 2142//3537
f 2189//3538 2192//3538 2191//3538
f 2142//3539 2192//3539 2189//3539
f 2191//3540 2193//3540 2190//3540
f 2190//3541 2193//3541 2194//3541
f 2147//3542 2193//3542 2192//3542
f 2192//3543 2193//3543 2191//3543
f 2193//3544 2195//3544 2194//3544
f 2148//3545 2196//3545 2147//3545
f 2147//3546 2196//3546 2193//3546
f 2193//3547 2196//3547 2195//3547
f 2194//3548 2197//3548 2198//3548
f 2196//3549 2197//3549 2195//3549
f 2148//3550 2197//3550 2196//3550
f 2195//3551 2197//3551 2194//3551
f 2197//3552 2199//3552 2198//3552
f 2197//3553 2200//3553 2199//3553
f 2153//3554 2200//3554 2148//3554
f 2148//3555 2200//3555 2197//3555
f 2199//3556 2201//3556 2198//3556
f 2200//3557 2201//3557 2199//3557
f 2153//3558 2201//3558 2200//3559
f 2198//3560 2201//3560 2202//3560
f 2201//3561 2203//3561 2202//3561
f 2153//3562 2204//3562 2201//3562
f 2201//3563 2204//3563 2203//3563
f 2154//3564 2204//3564 2153//3564
f 2202//3565 2205//3565 2206//3565
f 2203//3566 2205//3566 2202//3566
f 2204//3567 2205//3567 2203//3567
f 2154//3568 2205//3568 2204//3568
f 2205//3569 2207//3569 2206//3569
f 2154//3570 2208//3570 2205//3570
f 2157//3571 2208//3571 2154//3571
f 2205//3572 2208//3572 2207//3572
f 2206//3573 2209//3573 2174//3573
f 2207//3574 2209//3574 2206//3574
f 2208//3575 2209//3575 2207//3575
f 2157//3576 2209//3576 2208//3576
f 2209//3577 2210//3577 2174//3577
f 2174//3578 2210//3578 2162//3578
f 2162//3579 2211//3579 2157//3579
f 2157//3580 2211//3580 2209//3580
f 2210//3581 2211//3581 2162//3581
f 2209//3582 2211//3582 2210//3582
f 2162//3583 2212//3583 2173//3583
f 2173//3584 2212//3584 2165//3584
f 2165//3585 2213//3585 2162//3585
f 2212//3586 2213//3586 2165//3586
f 2162//3587 2213//3587 2212//3587
f 2165//3588 2214//3588 2175//3588
f 2175//3589 2214//3589 2166//3589
f 2166//3590 2215//3590 2165//3590
f 2214//3591 2215//3591 2166//3591
f 2165//3592 2215//3592 2214//3592
f 2176//3593 2216//3593 2217//3593
f 2175//3594 2217//3594 2218//3594
f 2175//3595 2176//3595 2217//3595
f 2173//3596 2218//3596 2219//3596
f 2173//3594 2175//3594 2218//3594
f 2174//3597 2219//3597 2220//3597
f 2174//3598 2173//3598 2219//3598
f 2206//3597 2174//3597 2220//3597
f 2202//3599 2220//3599 2221//3599
f 2202//3600 2221//3600 2222//3600
f 2202//3599 2206//3599 2220//3599
f 2198//13 2222//13 2223//13
f 2198//3600 2202//3600 2222//3600
f 2194//13 2198//13 2223//13
f 2190//3601 2223//3601 2224//3601
f 2190//3601 2194//3601 2223//3601
f 2186//3602 2224//3602 2225//3602
f 2186//3602 2190//3602 2224//3602
f 2172//3603 2225//3603 2226//3603
f 2172//3604 2226//3604 2227//3604
f 2172//3603 2186//3603 2225//3603
f 2171//3604 2172//3604 2227//3604
f 2170//3605 2227//3605 2228//3605
f 2170//3606 2171//3606 2227//3606
f 2179//3607 2228//3607 2229//3607
f 2179//3608 2170//3608 2228//3608
f 2179//3609 2229//3609 2230//3609
f 2231//3610 2230//3610 2232//3610
f 2231//3609 2179//3609 2230//3609
f 2233//3611 2232//3611 2234//3611
f 2233//3612 2231//3612 2232//3612
f 2235//3613 2234//3613 2236//3613
f 2235//3614 2233//3614 2234//3614
f 2237//3613 2235//3613 2236//3613
f 2238//3615 2236//3615 2239//3615
f 2238//3616 2239//3616 2240//3616
f 2238//3615 2237//3615 2236//3615
f 2241//627 2240//627 2242//627
f 2241//3616 2238//3616 2240//3616
f 2243//627 2241//627 2242//627
f 2244//3617 2242//3617 2245//3617
f 2244//3618 2243//3618 2242//3618
f 2246//3619 2245//3619 2247//3619
f 2246//3619 2244//3619 2245//3619
f 2248//3620 2247//3620 2249//3620
f 2248//3620 2246//3620 2247//3620
f 2250//3621 2249//3621 2251//3621
f 2250//3622 2251//3622 2252//3622
f 2250//3621 2248//3621 2249//3621
f 2253//3623 2250//3623 2252//3623
f 2176//3624 2252//3624 2216//3624
f 2176//3625 2253//3625 2252//3625
f 2230//3626 2229//3626 2254//3626
f 2230//3627 2254//3627 2255//3627
f 2232//3628 2255//3628 2256//3629
f 2232//3630 2230//3631 2255//3631
f 2234//3632 2256//3632 2257//3632
f 2234//3633 2232//3633 2256//3633
f 2236//3634 2257//3634 2258//3634
f 2236//3635 2234//3635 2257//3635
f 2239//3636 2258//3637 2259//3637
f 2239//3638 2236//3639 2258//3639
f 2240//3640 2259//3640 2260//3640
f 2240//3641 2239//3641 2259//3641
f 2242//3642 2260//3643 2261//3644
f 2242//3645 2240//3646 2260//3647
f 2245//3648 2261//3648 2262//3648
f 2245//3649 2242//3649 2261//3649
f 2263//3650 2245//3650 2262//3650
f 2247//3651 2245//3651 2263//3651
f 2249//3652 2263//3652 2264//3652
f 2249//3653 2247//3653 2263//3653
f 2251//3654 2264//3654 2265//3654
f 2251//3655 2249//3655 2264//3655
f 2252//3656 2265//3656 2266//3656
f 2252//3657 2251//3657 2265//3657
f 2216//3658 2266//3658 2267//3658
f 2216//3659 2252//3659 2266//3659
f 2268//117 2269//117 2270//117
f 2268//151 2271//151 2272//151
f 2270//352 2271//352 2268//352
f 2269//61 2273//61 2270//61
f 2272//2157 2274//2157 2275//2157
f 2271//62 2274//62 2272//62
f 2269//62 2276//62 2273//62
f 2276//117 2277//117 2273//117
f 2275//234 2278//234 2279//234
f 2274//234 2278//234 2275//234
f 2276//117 2267//117 2277//117
f 2267//1764 2280//1764 2277//1764
f 2279//62 2281//62 2282//62
f 2278//1518 2281//1518 2279//1518
f 2266//62 2283//62 2267//62
f 2267//61 2283//61 2280//61
f 2282//62 2284//62 2285//62
f 2281//301 2284//301 2282//301
f 2266//151 2265//151 2283//151
f 2265//296 2286//296 2283//296
f 2285//301 2287//301 2288//301
f 2284//61 2287//61 2285//61
f 2264//1519 2289//1519 2265//1519
f 2265//234 2289//234 2286//234
f 2287//70 2290//70 2288//70
f 2290//72 2291//72 2288//72
f 2264//62 2263//62 2289//62
f 2289//143 2263//143 2292//143
f 2290//234 2293//234 2291//234
f 2293//301 2294//301 2291//301
f 2263//168 2262//168 2292//168
f 2292//61 2262//61 2295//61
f 2293//143 2296//143 2294//143
f 2297//296 2296//296 2293//296
f 2262//1520 2261//1520 2295//1520
f 2295//61 2261//61 2298//61
f 2297//61 2254//61 2296//61
f 2299//277 2254//277 2297//277
f 2261//62 2260//62 2298//62
f 2298//1516 2260//1516 2300//1516
f 2299//1516 2255//1516 2254//1516
f 2301//151 2255//151 2299//151
f 2260//143 2259//143 2300//143
f 2300//61 2259//61 2302//61
f 2303//296 2256//296 2301//296
f 2301//218 2256//3660 2255//218
f 2302//1519 2258//1519 2304//1519
f 2259//296 2258//296 2302//296
f 2258//296 2257//296 2304//296
f 2305//62 2257//62 2303//62
f 2304//118 2257//118 2305//118
f 2303//61 2257//61 2256//202
f 2217//3661 2216//3662 2267//3662
f 2217//3663 2267//3664 2276//3665
f 2218//3666 2276//3666 2269//3666
f 2218//3667 2217//3667 2276//3667
f 2219//3668 2269//3668 2268//3668
f 2219//3669 2218//3669 2269//3669
f 2220//3670 2268//3670 2272//3670
f 2220//3670 2219//3670 2268//3670
f 2221//3671 2272//3672 2275//3673
f 2221//3674 2220//3671 2272//3671
f 2222//3675 2275//3676 2279//3677
f 2222//3678 2221//3679 2275//3680
f 2223//3681 2279//3681 2282//3681
f 2223//3682 2222//3682 2279//3682
f 2224//3683 2282//3683 2285//3683
f 2224//3684 2223//3684 2282//3685
f 2225//3686 2285//3686 2288//3686
f 2225//3687 2224//3687 2285//3687
f 2226//3688 2288//3688 2291//3688
f 2226//3689 2225//3690 2288//3690
f 2294//3691 2226//3692 2291//3693
f 2227//3694 2226//3695 2294//3696
f 2228//3697 2294//3697 2296//3697
f 2228//3698 2227//3698 2294//3698
f 2229//3699 2296//3700 2254//3701
f 2229//3702 2228//3703 2296//3704
f 2299//3705 2306//3706 2307//3706
f 2299//3707 2297//3707 2306//3707
f 2297//3708 2308//3709 2306//3710
f 2297//3711 2293//3712 2308//3713
f 2293//3714 2309//3714 2308//3714
f 2293//3715 2290//3715 2309//3715
f 2290//3716 2310//3716 2309//3716
f 2290//3652 2287//3652 2310//3652
f 2310//3717 2284//3718 2311//3719
f 2287//3720 2284//3721 2310//3722
f 2284//3723 2312//3723 2311//3723
f 2284//3724 2281//3724 2312//3724
f 2312//3725 2278//3725 2313//3725
f 2281//3726 2278//3726 2312//3726
f 2313//3727 2274//3727 2314//3727
f 2278//3728 2274//3728 2313//3728
f 2314//3729 2271//3729 2315//3729
f 2274//3730 2271//3730 2314//3730
f 2271//3731 2316//3731 2315//3731
f 2271//3732 2270//3732 2316//3732
f 2270//3733 2317//3733 2316//3733
f 2270//3734 2273//3734 2317//3734
f 2273//3735 2318//3735 2317//3735
f 2273//3736 2277//3736 2318//3736
f 2277//3737 2319//3737 2318//3737
f 2277//3738 2280//3739 2319//3740
f 2280//3741 2320//3741 2319//3741
f 2280//3742 2283//3742 2320//3742
f 2283//3743 2321//3743 2320//3743
f 2283//3744 2286//3744 2321//3744
f 2286//3745 2322//3745 2321//3745
f 2286//3746 2289//3746 2322//3746
f 2289//3747 2323//3747 2322//3747
f 2289//3748 2292//3748 2323//3748
f 2323//3749 2295//3749 2324//3749
f 2292//3750 2295//3750 2323//3750
f 2324//3683 2298//3683 2325//3683
f 2295//3751 2298//3751 2324//3751
f 2298//3752 2326//3752 2325//3752
f 2298//3753 2300//3754 2326//3754
f 2300//3755 2327//3755 2326//3755
f 2300//3756 2302//3756 2327//3756
f 2327//3757 2304//3757 2328//3757
f 2302//3671 2304//3671 2327//3671
f 2328//3758 2305//3670 2329//3670
f 2304//3759 2305//3759 2328//3670
f 2329//3669 2303//3669 2330//3669
f 2305//3760 2303//3760 2329//3760
f 2330//3761 2301//3761 2331//3761
f 2303//3762 2301//3762 2330//3762
f 2301//3763 2307//3763 2331//3763
f 2301//3764 2299//3765 2307//3765
f 2307//3766 2332//3766 2331//3766
f 2333//3767 2332//3767 2307//3767
f 2331//3768 2334//3768 2330//3768
f 2332//3769 2334//3769 2331//3769
f 2330//3770 2335//3770 2329//3770
f 2334//3771 2335//3771 2330//3771
f 2329//3772 2336//3772 2328//3772
f 2335//3773 2336//3773 2329//3773
f 2328//3774 2337//3774 2327//3774
f 2336//3775 2337//3775 2328//3775
f 2327//3776 2338//3776 2326//3776
f 2337//3777 2338//3777 2327//3777
f 2326//3778 2339//3778 2325//3778
f 2338//3779 2339//3779 2326//3779
f 2325//3780 2340//3780 2324//3780
f 2339//3781 2340//3781 2325//3781
f 2324//3782 2341//3782 2323//3782
f 2340//3783 2341//3783 2324//3783
f 2323//3784 2342//3784 2322//3784
f 2341//3785 2342//3785 2323//3785
f 2322//3786 2343//3786 2321//3786
f 2342//3787 2343//3787 2322//3787
f 2321//3788 2344//3788 2320//3788
f 2343//3789 2344//3789 2321//3789
f 2320//3790 2345//3790 2319//3790
f 2344//3791 2345//3791 2320//3791
f 2345//3792 2346//3792 2319//3792
f 2319//3793 2347//3793 2318//3793
f 2346//3794 2347//3794 2319//3794
f 2318//3795 2348//3795 2317//3795
f 2347//3796 2348//3796 2318//3796
f 2317//3797 2349//3797 2316//3797
f 2348//3798 2349//3798 2317//3798
f 2316//3799 2350//3799 2315//3799
f 2349//3800 2350//3800 2316//3800
f 2315//3801 2351//3801 2314//3801
f 2350//3802 2351//3802 2315//3802
f 2314//3803 2352//3803 2313//3803
f 2351//3804 2352//3804 2314//3804
f 2313//3805 2353//3805 2312//3805
f 2352//3806 2353//3806 2313//3806
f 2312//3807 2354//3807 2311//3807
f 2353//3808 2354//3808 2312//3808
f 2311//3809 2355//3809 2310//3809
f 2354//3810 2355//3810 2311//3810
f 2310//3811 2356//3811 2309//3811
f 2355//3812 2356//3812 2310//3812
f 2309//3813 2357//3813 2308//3813
f 2356//3814 2357//3814 2309//3814
f 2308//3815 2358//3815 2306//3815
f 2357//3816 2358//3816 2308//3816
f 2306//3817 2359//3817 2307//3817
f 2358//3818 2359//3818 2306//3818
f 2359//3819 2333//3819 2307//3819
f 2354//3820 2353//3820 2360//3820
f 2354//3821 2360//3821 2361//3821
f 2355//3822 2354//3822 2361//3822
f 2362//3823 2355//3823 2361//3823
f 2356//3824 2355//3824 2362//3824
f 2363//3825 2356//3825 2362//3825
f 2357//3826 2356//3826 2363//3826
f 2364//3827 2357//3827 2363//3827
f 2358//3828 2357//3828 2364//3828
f 2365//3829 2358//3829 2364//3829
f 2359//3830 2358//3830 2365//3830
f 2366//3831 2359//3831 2365//3831
f 2333//3832 2359//3832 2366//3832
f 2367//3833 2333//3833 2366//3833
f 2332//3834 2333//3834 2367//3834
f 2368//3835 2332//3835 2367//3835
f 2334//3836 2332//3836 2368//3836
f 2369//3837 2334//3837 2368//3837
f 2335//3838 2334//3838 2369//3838
f 2370//3839 2335//3839 2369//3839
f 2336//3840 2335//3840 2370//3840
f 2371//3841 2336//3841 2370//3841
f 2337//3842 2336//3842 2371//3842
f 2372//3843 2337//3843 2371//3843
f 2338//3844 2337//3844 2372//3844
f 2373//3845 2338//3845 2372//3845
f 2339//3846 2338//3846 2373//3846
f 2340//3847 2339//3847 2373//3847
f 2340//3848 2373//3848 2374//3848
f 2341//3849 2340//3849 2374//3849
f 2375//3850 2341//3850 2374//3850
f 2342//3851 2341//3851 2375//3851
f 2376//3852 2342//3852 2375//3852
f 2343//3853 2342//3853 2376//3853
f 2377//3854 2343//3854 2376//3854
f 2344//3855 2343//3855 2377//3855
f 2378//3856 2344//3856 2377//3856
f 2345//3857 2344//3857 2378//3857
f 2379//3858 2345//3858 2378//3858
f 2346//3859 2345//3859 2379//3859
f 2380//3860 2346//3860 2379//3860
f 2347//3861 2346//3861 2380//3861
f 2381//3862 2347//3862 2380//3862
f 2348//3863 2347//3863 2381//3863
f 2382//3864 2348//3864 2381//3864
f 2349//3865 2348//3865 2382//3865
f 2383//3866 2349//3866 2382//3866
f 2350//3867 2349//3867 2383//3867
f 2384//3868 2350//3868 2383//3868
f 2351//3869 2350//3869 2384//3869
f 2385//3870 2351//3870 2384//3870
f 2352//3871 2351//3871 2385//3871
f 2360//3872 2352//3872 2385//3872
f 2353//3873 2352//3873 2360//3873
f 2386//61 2364//61 2363//61
f 2387//62 2363//62 2362//62
f 2387//61 2386//61 2363//61
f 2388//61 2365//61 2364//61
f 2388//61 2364//61 2386//61
f 2389//62 2362//62 2361//62
f 2389//62 2387//62 2362//62
f 2390//61 2366//61 2365//61
f 2390//62 2365//62 2388//62
f 2391//61 2361//61 2360//61
f 2391//1518 2389//1518 2361//1518
f 2392//62 2367//62 2366//62
f 2392//62 2366//62 2390//62
f 2385//61 2391//61 2360//61
f 2393//62 2391//62 2385//62
f 2368//61 2367//61 2392//61
f 2394//61 2368//61 2392//61
f 2384//62 2393//62 2385//62
f 2395//61 2393//61 2384//61
f 2369//62 2368//62 2394//62
f 2396//61 2369//61 2394//61
f 2383//61 2395//61 2384//61
f 2370//62 2369//62 2396//62
f 2397//62 2395//62 2383//62
f 2382//61 2397//61 2383//61
f 2398//61 2370//61 2396//61
f 2371//296 2370//296 2398//296
f 2399//62 2397//62 2382//62
f 2381//61 2399//61 2382//61
f 2400//296 2371//296 2398//296
f 2372//62 2371//62 2400//62
f 2401//61 2399//61 2381//61
f 2380//61 2401//61 2381//61
f 2402//1517 2372//1517 2400//1517
f 2373//143 2372//143 2402//143
f 2379//62 2401//62 2380//62
f 2379//61 2403//61 2401//61
f 2374//1519 2373//1519 2402//1519
f 2374//62 2402//62 2404//62
f 2378//62 2403//62 2379//62
f 2378//61 2405//61 2403//61
f 2375//62 2404//62 2406//62
f 2375//143 2374//143 2404//143
f 2377//61 2407//61 2405//61
f 2377//62 2405//62 2378//62
f 2376//62 2407//62 2377//62
f 2376//62 2406//62 2407//62
f 2376//61 2375//61 2406//61
f 2389//3874 2391//3874 2408//3874
f 2389//3875 2408//3875 2409//3875
f 2387//3876 2409//3876 2410//3876
f 2387//3877 2389//3877 2409//3877
f 2386//3878 2410//3878 2411//3878
f 2386//3879 2387//3879 2410//3879
f 2388//3880 2411//3880 2412//3880
f 2388//3881 2386//3881 2411//3881
f 2390//3882 2412//3882 2413//3882
f 2390//3883 2388//3883 2412//3883
f 2392//3884 2390//3884 2413//3884
f 2414//3885 2392//3885 2413//3885
f 2394//3886 2392//3886 2414//3886
f 2415//3887 2394//3887 2414//3887
f 2396//3888 2394//3888 2415//3888
f 2416//3889 2396//3889 2415//3889
f 2398//3890 2396//3890 2416//3890
f 2417//3891 2398//3891 2416//3891
f 2400//3892 2398//3892 2417//3892
f 2418//3893 2400//3893 2417//3893
f 2402//3894 2400//3894 2418//3894
f 2409//3895 2408//3895 2419//3895
f 2409//3896 2419//3896 2420//3896
f 2410//3897 2420//3897 2421//3897
f 2410//3898 2409//3898 2420//3898
f 2422//3899 2410//3899 2421//3899
f 2411//3900 2410//3900 2422//3900
f 2412//3901 2422//3901 2423//3901
f 2412//3902 2411//3902 2422//3902
f 2424//3903 2412//3903 2423//3903
f 2413//3904 2412//3904 2424//3904
f 2414//3905 2424//3905 2425//3905
f 2414//3906 2413//3906 2424//3906
f 2415//3907 2425//3907 2426//3907
f 2415//3908 2414//3908 2425//3908
f 2416//3909 2426//3909 2427//3909
f 2416//3909 2415//3909 2426//3909
f 2417//3910 2427//3910 2428//3910
f 2417//3911 2416//3911 2427//3911
f 2429//3912 2417//3912 2428//3912
f 2418//3913 2417//3913 2429//3913
f 2419//3914 2430//3914 2420//3914
f 2431//3915 2430//3915 2419//3915
f 2420//3916 2432//3916 2421//3916
f 2430//3917 2432//3917 2420//3917
f 2421//3918 2433//3918 2422//3918
f 2432//3919 2433//3919 2421//3919
f 2422//3920 2434//3920 2423//3920
f 2433//3921 2434//3921 2422//3921
f 2423//3922 2435//3922 2424//3922
f 2434//3923 2435//3923 2423//3923
f 2435//3924 2425//3924 2424//3924
f 2435//3925 2436//3925 2425//3925
f 2425//3926 2437//3926 2426//3926
f 2436//3927 2437//3927 2425//3927
f 2426//3928 2438//3928 2427//3928
f 2437//3928 2438//3928 2426//3928
f 2427//3929 2439//3929 2428//3929
f 2438//3930 2439//3930 2427//3930
f 2428//3931 2440//3931 2429//3931
f 2439//3931 2440//3931 2428//3931
f 2440//3932 2441//3932 2429//3932
f 2429//3933 2441//3933 2442//3933
f 2442//3934 2443//3934 2444//3934
f 2441//3935 2443//3935 2442//3935
f 2444//3936 2445//3936 2446//3936
f 2443//3936 2445//3936 2444//3936
f 2446//3937 2447//3937 2448//3937
f 2445//3937 2447//3937 2446//3937
f 2448//3938 2449//3938 2450//3938
f 2447//3938 2449//3938 2448//3938
f 2449//3939 2451//3939 2450//3939
f 2449//3940 2452//3940 2451//3940
f 2451//3941 2453//3941 2454//3941
f 2452//3942 2453//3942 2451//3942
f 2453//3943 2455//3943 2454//3943
f 2453//3944 2456//3944 2455//3944
f 2456//3945 2457//3945 2455//3945
f 2456//3946 2458//3946 2457//3946
f 2457//3947 2431//3947 2419//3947
f 2458//3948 2431//3948 2457//3948
f 2459//3949 2458//3949 2460//3949
f 2431//3949 2458//3949 2459//3949
f 2460//3950 2456//3950 2461//3950
f 2458//3950 2456//3950 2460//3950
f 2461//3951 2453//3951 2462//3951
f 2456//631 2453//631 2461//631
f 2462//3952 2452//3952 2463//3952
f 2453//3953 2452//3953 2462//3953
f 2463//3954 2449//3954 2464//3954
f 2464//3955 2449//3955 2465//3955
f 2452//3954 2449//3954 2463//3954
f 2449//3956 2447//3956 2465//3956
f 2465//3957 2445//3957 2466//3957
f 2466//637 2445//637 2467//637
f 2447//3958 2445//3958 2465//3958
f 2445//637 2443//637 2467//637
f 2467//3959 2441//3959 2468//3959
f 2443//3959 2441//3959 2467//3959
f 2468//3960 2440//3960 2469//3960
f 2441//3960 2440//3960 2468//3960
f 2461//430 2470//430 2471//430
f 2462//394 2472//394 2470//394
f 2462//430 2470//430 2461//430
f 2460//393 2461//393 2471//393
f 2463//394 2473//394 2472//394
f 2463//394 2472//394 2462//394
f 2474//394 2460//394 2471//394
f 2459//394 2460//394 2474//394
f 2464//393 2475//393 2473//393
f 2464//394 2473//394 2463//394
f 2476//393 2459//393 2474//393
f 2477//3961 2475//3961 2464//3961
f 2465//394 2477//394 2464//394
f 2478//394 2459//394 2476//394
f 2479//394 2478//394 2476//394
f 2480//393 2477//393 2465//393
f 2466//393 2480//393 2465//393
f 2481//393 2478//393 2479//393
f 2482//393 2481//393 2479//393
f 2483//393 2480//393 2466//393
f 2467//430 2483//430 2466//430
f 2484//393 2481//393 2482//393
f 2485//394 2484//394 2482//394
f 2486//394 2483//394 2467//394
f 2468//534 2486//534 2467//534
f 2487//394 2484//394 2485//394
f 2488//394 2487//394 2485//394
f 2489//394 2486//394 2468//394
f 2469//394 2489//394 2468//394
f 2490//393 2487//393 2488//393
f 2491//394 2490//394 2488//394
f 2492//414 2489//414 2469//414
f 2493//610 2492//610 2469//610
f 2494//393 2490//393 2491//393
f 2494//394 2495//394 2490//394
f 2496//534 2492//534 2493//534
f 2496//394 2493//394 2497//394
f 2498//393 2495//393 2494//393
f 2498//393 2499//393 2495//393
f 2500//394 2496//394 2497//394
f 2500//394 2499//394 2498//394
f 2500//393 2497//393 2499//393
f 2475//3962 2477//3962 2501//3962
f 2501//3963 2477//3963 2502//3963
f 2502//3964 2480//3964 2503//3964
f 2477//3965 2480//3965 2502//3965
f 2503//3966 2483//3966 2504//3966
f 2480//3967 2483//3967 2503//3967
f 2504//3968 2486//3968 2505//3968
f 2483//3969 2486//3969 2504//3969
f 2505//3970 2489//3970 2506//3970
f 2486//3971 2489//3971 2505//3971
f 2506//3972 2492//3972 2507//3972
f 2489//3973 2492//3973 2506//3973
f 2507//3974 2496//3974 2508//3974
f 2492//3975 2496//3975 2507//3975
f 2508//3976 2500//3976 2509//3976
f 2496//3977 2500//3977 2508//3977
f 2509//3978 2498//3978 2510//3978
f 2500//3979 2498//3979 2509//3979
f 2510//3980 2494//3980 2511//3980
f 2511//3981 2494//3981 2512//3981
f 2498//3982 2494//3982 2510//3982
f 2512//3983 2491//3983 2513//3983
f 2494//3984 2491//3984 2512//3984
f 2513//3985 2488//3985 2514//3985
f 2491//3986 2488//3986 2513//3986
f 2514//3987 2485//3987 2515//3987
f 2488//3988 2485//3988 2514//3988
f 2515//3989 2482//3989 2516//3989
f 2485//3990 2482//3990 2515//3990
f 2516//3991 2479//3992 2517//3992
f 2482//3993 2479//3993 2516//3994
f 2517//3995 2476//3995 2518//3995
f 2479//3996 2476//3996 2517//3996
f 2518//627 2474//627 2519//627
f 2476//711 2474//711 2518//711
f 2519//3997 2471//3997 2520//3997
f 2474//3998 2471//3998 2519//3999
f 2520//4000 2470//4000 2521//4000
f 2471//4001 2470//4001 2520//4001
f 2521//4002 2472//4002 2522//4002
f 2470//4003 2472//4003 2521//4003
f 2522//4004 2473//4004 2523//4004
f 2472//4005 2473//4005 2522//4005
f 2523//4006 2475//4006 2501//4006
f 2473//4007 2475//4007 2523//4007
f 2524//62 2514//62 2515//62
f 2525//62 2513//62 2514//62
f 2525//296 2514//296 2524//296
f 2526//62 2515//62 2516//62
f 2526//61 2524//61 2515//61
f 2527//62 2511//62 2512//62
f 2527//61 2512//61 2513//61
f 2527//61 2513//61 2525//61
f 2528//62 2516//62 2517//62
f 2528//62 2526//62 2516//62
f 2529//62 2510//62 2511//62
f 2529//61 2511//61 2527//61
f 2518//62 2528//62 2517//62
f 2509//61 2510//61 2529//61
f 2530//62 2528//62 2518//62
f 2531//62 2509//62 2529//62
f 2519//61 2530//61 2518//61
f 2508//61 2509//61 2531//61
f 2532//296 2530//296 2519//296
f 2533//61 2508//61 2531//61
f 2520//61 2532//61 2519//61
f 2507//61 2508//61 2533//61
f 2534//62 2532//62 2520//62
f 2535//61 2507//61 2533//61
f 2521//61 2534//61 2520//61
f 2536//62 2534//62 2521//62
f 2506//62 2535//62 2537//62
f 2506//61 2507//61 2535//61
f 2522//61 2536//61 2521//61
f 2538//296 2536//296 2522//296
f 2505//62 2506//62 2537//62
f 2505//1517 2537//1517 2539//1517
f 2523//296 2538//296 2522//296
f 2523//62 2540//62 2538//62
f 2504//296 2505//296 2539//296
f 2504//151 2539//151 2541//151
f 2501//61 2540//61 2523//61
f 2501//62 2542//62 2540//62
f 2503//1518 2504//1518 2541//1518
f 2503//61 2541//61 2543//61
f 2502//62 2542//62 2501//62
f 2502//61 2503//61 2543//61
f 2502//61 2543//61 2542//61
f 2538//4008 2540//4008 2544//4008
f 2544//4009 2540//4009 2545//4009
f 2545//4010 2542//4010 2546//4010
f 2540//4011 2542//4011 2545//4011
f 2546//4012 2543//4012 2547//4012
f 2542//4013 2543//4013 2546//4013
f 2547//4014 2541//4014 2548//4014
f 2543//4015 2541//4015 2547//4015
f 2548//4016 2539//4016 2549//4016
f 2541//4017 2539//4017 2548//4017
f 2539//4018 2550//4018 2549//4018
f 2539//4019 2537//4019 2550//4019
f 2537//4020 2551//4020 2550//4020
f 2537//4021 2535//4021 2551//4021
f 2535//4022 2552//4022 2551//4022
f 2535//4023 2533//4023 2552//4023
f 2533//4024 2553//4024 2552//4024
f 2533//4025 2531//4025 2553//4025
f 2531//4026 2554//4026 2553//4026
f 2531//4027 2529//4027 2554//4027
f 2529//4028 2527//4028 2554//4028
f 2554//4029 2527//4029 2555//4029
f 2555//4030 2525//4030 2556//4030
f 2527//4031 2525//4031 2555//4031
f 2556//4032 2524//4032 2557//4032
f 2525//4033 2524//4033 2556//4033
f 2557//4034 2526//4034 2558//4034
f 2524//4035 2526//4035 2557//4035
f 2558//4036 2528//4036 2559//4036
f 2526//4037 2528//4037 2558//4037
f 2528//4038 2560//4038 2559//4038
f 2528//4039 2530//4039 2560//4039
f 2530//4040 2561//4040 2560//4040
f 2530//4041 2532//4041 2561//4041
f 2532//4042 2562//4042 2561//4042
f 2532//4043 2534//4043 2562//4043
f 2534//4044 2563//4044 2562//4044
f 2534//4045 2536//4045 2563//4045
f 2536//4046 2544//4046 2563//4046
f 2536//4047 2538//4047 2544//4047
f 2544//4048 2564//4048 2563//4048
f 2564//4048 2565//4048 2563//4048
f 2562//4049 2566//4049 2561//4049
f 2563//4050 2566//4050 2562//4050
f 2565//4050 2566//4050 2563//4050
f 2566//4049 2567//4049 2561//4049
f 2561//4051 2568//4051 2560//4051
f 2567//4051 2568//4051 2561//4051
f 2560//4052 2569//4052 2559//4052
f 2568//4052 2569//4052 2560//4052
f 2559//4053 2570//4053 2558//4053
f 2569//4054 2570//4054 2559//4054
f 2557//4055 2571//4055 2556//4055
f 2558//4056 2571//4056 2557//4056
f 2570//4056 2571//4056 2558//4056
f 2571//4055 2572//4055 2556//4055
f 2556//4057 2573//4057 2555//4057
f 2572//4057 2573//4057 2556//4057
f 2555//4058 2574//4058 2554//4058
f 2573//4058 2574//4058 2555//4058
f 2554//4059 2575//4059 2553//4059
f 2574//4059 2575//4059 2554//4059
f 2553//4060 2576//4060 2552//4060
f 2575//4060 2576//4060 2553//4060
f 2551//4061 2577//4061 2550//4061
f 2552//4062 2577//4062 2551//4062
f 2576//4062 2577//4062 2552//4062
f 2577//4063 2578//4063 2550//4063
f 2550//4064 2579//4064 2549//4064
f 2578//4064 2579//4064 2550//4064
f 2548//4065 2580//4065 2547//4065
f 2549//4066 2580//4066 2548//4066
f 2579//4066 2580//4066 2549//4066
f 2547//4067 2581//4067 2546//4067
f 2580//4068 2581//4068 2547//4068
f 2581//4069 2582//4069 2546//4069
f 2546//4070 2583//4070 2545//4070
f 2582//4070 2583//4070 2546//4070
f 2545//4071 2564//4071 2544//4071
f 2583//4071 2564//4071 2545//4071
f 2584//471 2571//471 2585//471
f 2584//394 2572//394 2571//394
f 2584//610 2586//610 2572//610
f 2571//1512 2570//1512 2585//1512
f 2586//394 2573//394 2572//394
f 2570//534 2587//534 2585//534
f 2586//430 2588//430 2573//430
f 2570//431 2569//431 2587//431
f 2588//494 2574//494 2573//494
f 2569//401 2589//401 2587//401
f 2588//617 2590//617 2574//617
f 2569//393 2568//613 2589//393
f 2590//394 2575//394 2574//394
f 2568//431 2591//515 2589//515
f 2590//4072 2592//4072 2575//4072
f 2568//4073 2567//410 2591//410
f 2592//610 2576//610 2575//610
f 2567//497 2593//497 2591//497
f 2592//610 2594//610 2576//610
f 2567//394 2566//394 2593//394
f 2594//476 2577//476 2576//476
f 2566//393 2595//393 2593//393
f 2594//568 2596//568 2577//568
f 2566//430 2565//430 2595//430
f 2596//486 2578//393 2577//393
f 2565//444 2597//444 2595//444
f 2596//4072 2598//4072 2578//4072
f 2565//393 2564//393 2597//393
f 2598//431 2579//431 2578//431
f 2564//610 2599//610 2597//610
f 2598//397 2600//397 2579//397
f 2564//394 2583//394 2599//394
f 2600//401 2580//401 2579//401
f 2583//410 2601//410 2599//410
f 2583//4072 2582//4072 2601//4072
f 2600//394 2602//394 2580//394
f 2580//534 2602//534 2581//534
f 2602//534 2603//534 2581//534
f 2581//431 2603//431 2582//431
f 2582//573 2603//573 2601//573
f 635//3955 2603//3955 643//3955
f 2601//3955 2603//3955 635//3955
f 643//3958 2602//3958 658//3958
f 2603//3958 2602//3958 643//3958
f 658//637 2600//637 664//637
f 2602//637 2600//637 658//637
f 664//3959 2598//3959 675//3959
f 675//3960 2598//3960 676//3960
f 2600//3959 2598//3959 664//3959
f 2598//3960 2596//3960 676//3960
f 676//4074 2594//4074 687//4074
f 687//4075 2594//4075 688//4075
f 2596//4074 2594//4074 676//4074
f 2594//4075 2592//4075 688//4075
f 688//883 2590//883 690//883
f 690//4076 2590//4076 691//4076
f 2592//4077 2590//4077 688//4077
f 691//4078 2588//4078 679//4078
f 2590//4076 2588//4076 691//4076
f 2588//4079 2586//4079 679//4079
f 679//4080 2586//4080 680//4080
f 2586//4080 2584//4080 680//4080
f 680//4081 2585//4081 665//4081
f 2584//4081 2585//4081 680//4081
f 665//675 2587//675 659//675
f 659//4082 2587//4082 644//4082
f 2585//675 2587//675 665//675
f 2587//4082 2589//4082 644//4082
f 644//4083 2591//4083 639//4083
f 2589//4084 2591//4084 644//4084
f 639//3949 2593//3949 634//3949
f 634//3950 2593//3950 631//3950
f 2591//3949 2593//3949 639//3949
f 2593//3950 2595//3950 631//3950
f 631//631 2597//631 630//631
f 2595//630 2597//630 631//630
f 630//3953 2599//3953 633//3953
f 2597//3952 2599//3952 630//3952
f 633//3954 2601//3954 635//3954
f 2599//3954 2601//3954 633//3954
f 2440//4074 2439//4074 2469//4074
f 2469//4074 2439//4074 2493//4074
f 2493//4075 2438//4075 2497//4075
f 2439//4075 2438//4075 2493//4075
f 2497//883 2437//883 2499//883
f 2438//882 2437//882 2497//882
f 2499//4076 2436//4076 2495//4076
f 2437//4076 2436//4076 2499//4076
f 2495//4079 2435//4079 2490//4079
f 2490//4080 2435//4080 2487//4080
f 2436//4079 2435//4079 2495//4079
f 2435//4080 2434//4080 2487//4080
f 2487//4081 2433//4081 2484//4081
f 2484//675 2433//675 2481//675
f 2434//4081 2433//4081 2487//4081
f 2433//675 2432//675 2481//675
f 2481//4085 2430//4085 2478//4085
f 2432//4082 2430//4082 2481//4082
f 2478//4084 2431//4084 2459//4084
f 2430//4084 2431//4084 2478//4084
f 2604//4086 2418//4086 2429//4086
f 2604//4087 2429//4087 2442//4087
f 2605//4088 2442//4088 2444//4088
f 2605//4089 2604//4089 2442//4089
f 2606//4090 2444//4090 2446//4090
f 2606//4091 2605//4091 2444//4091
f 2448//4092 2606//4092 2446//4092
f 2607//4093 2606//4093 2448//4093
f 2608//4094 2448//4094 2450//4094
f 2608//4095 2607//4095 2448//4095
f 2609//4096 2450//4096 2451//4096
f 2609//4097 2608//4097 2450//4097
f 2454//4098 2609//4098 2451//4098
f 2610//4099 2609//4099 2454//4099
f 2611//4100 2454//4100 2455//4100
f 2611//4101 2610//4101 2454//4101
f 2612//4102 2455//4102 2457//4102
f 2612//4102 2611//4102 2455//4102
f 2408//4103 2457//4103 2419//4103
f 2408//4104 2612//4104 2457//4104
f 2404//4105 2402//4105 2418//4105
f 2404//4106 2418//4106 2604//4106
f 2406//4107 2604//4107 2605//4107
f 2406//4108 2404//4108 2604//4108
f 2407//4109 2605//4109 2606//4109
f 2407//4110 2406//4110 2605//4110
f 2405//4111 2606//4111 2607//4111
f 2405//4112 2407//4112 2606//4112
f 2403//4113 2607//4113 2608//4113
f 2403//4114 2405//4114 2607//4114
f 2401//4115 2403//4115 2608//4115
f 2609//4116 2401//4116 2608//4116
f 2399//4117 2401//4117 2609//4117
f 2610//4118 2399//4118 2609//4118
f 2397//4119 2399//4119 2610//4119
f 2611//4120 2397//4120 2610//4120
f 2395//4121 2397//4121 2611//4121
f 2612//4122 2395//4122 2611//4122
f 2393//4123 2395//4123 2612//4123
f 2408//4124 2393//4124 2612//4124
f 2391//4125 2393//4125 2408//4125
f 2089//4126 2093//4126 2253//4126
f 2093//4127 2096//4127 2250//4127
f 2096//4128 2099//4128 2248//4128
f 2120//4129 2233//4129 2235//4129
f 2123//4130 2231//4130 2233//4130
f 2126//4131 2179//4131 2231//4131
f 2126//4132 2181//4132 2179//4132
f 2126//4133 2182//4133 2181//4133
f 2126//4134 2127//4134 2182//4134
f 2176//4135 2613//4135 2253//4135
f 2089//4136 2613//4136 2088//4136
f 2177//4137 2613//4137 2176//4137
f 2178//4138 2613//4138 2177//4138
f 2088//4139 2613//4139 2178//4139
f 2253//4140 2613//4140 2089//4140
f 2253//4141 2614//4141 2250//4141
f 2093//4142 2614//4142 2253//4142
f 2250//4143 2614//4144 2093//4143
f 2250//4145 2615//4146 2248//4147
f 2096//4148 2615//4149 2250//4150
f 2248//4151 2615//4152 2096//4153
f 2248//4154 2616//4154 2246//4154
f 2099//4155 2616//4155 2248//4155
f 2616//4156 2617//4156 2246//4156
f 2100//4157 2618//4157 2099//4157
f 2099//4158 2618//4158 2616//4158
f 2616//4159 2618//4159 2617//4159
f 2246//4160 2619//4160 2244//4160
f 2617//4161 2619//4161 2246//4161
f 2100//4162 2619//4162 2618//4162
f 2618//4163 2619//4163 2617//4163
f 2619//4164 2620//4164 2244//4164
f 2105//4165 2621//4165 2100//4165
f 2619//4166 2621//4166 2620//4166
f 2100//4167 2621//4167 2619//4168
f 2620//4169 2622//4169 2244//4169
f 2244//4170 2622//4170 2243//4170
f 2105//4171 2622//4171 2621//4171
f 2621//4172 2622//4172 2620//4172
f 2622//4173 2623//4173 2243//4173
f 2108//4174 2624//4174 2105//4174
f 2105//4175 2624//4175 2622//4175
f 2622//4176 2624//4176 2623//4176
f 2243//4177 2625//4177 2241//4177
f 2624//4178 2625//4178 2623//4178
f 2108//4179 2625//4179 2624//4179
f 2623//4180 2625//4180 2243//4180
f 2625//4181 2626//4181 2241//4181
f 2625//4182 2627//4182 2626//4182
f 2111//4183 2627//4183 2108//4183
f 2108//4184 2627//4184 2625//4184
f 2626//4185 2628//4185 2241//4185
f 2627//4186 2628//4186 2626//4186
f 2111//4187 2628//4187 2627//4187
f 2241//4188 2628//4188 2238//4188
f 2628//4189 2629//4189 2238//4189
f 2111//4190 2630//4190 2628//4190
f 2628//4191 2630//4191 2629//4191
f 2112//4192 2630//4192 2111//4192
f 2238//4193 2631//4193 2237//4193
f 2629//4194 2631//4194 2238//4194
f 2630//4195 2631//4195 2629//4195
f 2112//4196 2631//4196 2630//4196
f 2631//4197 2632//4197 2237//4197
f 2112//4198 2633//4198 2631//4198
f 2115//4199 2633//4199 2112//4200
f 2631//4201 2633//4201 2632//4201
f 2237//4202 2634//4202 2235//4202
f 2632//4203 2634//4203 2237//4203
f 2633//4204 2634//4204 2632//4204
f 2115//4205 2634//4205 2633//4205
f 2634//4206 2635//4206 2235//4206
f 2235//4207 2635//4207 2120//4207
f 2120//4208 2636//4208 2115//4208
f 2115//4209 2636//4209 2634//4209
f 2635//4210 2636//4210 2120//4210
f 2634//4211 2636//4211 2635//4211
f 2120//4212 2637//4212 2233//4212
f 2233//4213 2637//4213 2123//4213
f 2123//4214 2638//4214 2120//4214
f 2637//4215 2638//4215 2123//4215
f 2120//4216 2638//4216 2637//4216
f 2123//4217 2639//4217 2231//4217
f 2231//4218 2639//4218 2126//4218
f 2126//4219 2640//4219 2123//4219
f 2639//4220 2640//4220 2126//4220
f 2123//4221 2640//4221 2639//4221
f 684//4222 701//4222 2641//4222
f 2642//633 684//633 2641//633
f 2643//4223 2644//4223 681//4223
f 2643//866 681//866 682//866
f 2645//4224 682//4224 683//4224
f 2645//4225 2643//4225 682//4225
f 2642//4226 683//4226 684//4226
f 2642//4227 2645//4227 683//4227
f 2641//4228 2646//4229 2647//4230
f 2641//503 2647//4231 2648//514
f 2649//393 2648//393 2650//393
f 2649//394 2641//395 2648//394
f 2642//393 2649//393 2651//393
f 2642//394 2641//1510 2649//394
f 2644//393 2651//393 2652//393
f 2644//429 2642//429 2651//429
f 2643//4232 2645//4233 2642//4233
f 2643//619 2642//586 2644//586
f 681//13 2644//13 2652//13
f 681//13 2652//13 677//13
f 2652//4234 2651//4234 677//4234
f 677//4235 2651//4235 685//4235
f 685//681 2649//681 686//681
f 2651//651 2649//651 685//651
f 686//4236 2650//4236 689//4236
f 2649//4237 2650//4237 686//4237
f 2648//1038 694//1038 689//1038
f 2648//627 689//627 2650//627
f 2646//4238 2641//4238 701//4238
f 2646//4239 701//4239 698//4239
f 2647//4240 698//4240 695//4240
f 2647//4241 2646//4241 698//4241
f 2648//1093 695//1093 694//1093
f 2648//4242 2647//4242 695//4242
f 2653//13 625//13 632//13
f 2653//820 632//820 2654//820
f 2655//4243 2656//4243 624//4243
f 2655//4244 624//4244 618//4244
f 2657//4245 618//883 622//883
f 2657//998 2655//4246 618//4246
f 2653//4247 622//4247 625//4247
f 2653//4248 2657//4248 622//4248
f 2654//4249 2658//4250 2659//4251
f 2654//410 2659//4252 2660//4253
f 2661//394 2660//394 2662//394
f 2661//430 2654//505 2660//430
f 2656//430 2663//430 2664//430
f 2653//393 2661//393 2663//393
f 2653//393 2654//577 2661//393
f 2653//505 2663//505 2656//505
f 2655//472 2657//472 2653//472
f 2655//617 2653//617 2656//617
f 624//681 2656//681 2664//681
f 624//760 2664//760 629//760
f 2664//4254 2663//4254 629//4254
f 629//4254 2663//4254 640//4254
f 640//851 2661//851 641//851
f 2663//711 2661//711 640//711
f 641//4255 2662//4255 642//4255
f 2661//4256 2662//4256 641//4256
f 2660//634 654//634 642//634
f 2660//633 642//633 2662//633
f 2658//917 2654//917 632//917
f 2658//4257 632//4257 645//4257
f 2659//4258 645//4258 649//4258
f 2659//637 2658//637 645//637
f 2660//4259 649//4259 654//4259
f 2660//4226 2659//4226 649//4226
f 2665//651 646//651 623//651
f 2665//651 623//651 2666//651
f 2667//4260 2668//4260 657//4260
f 2667//4261 657//4261 651//4261
f 2669//385 651//385 647//385
f 2669//1397 2667//1397 651//1397
f 2665//1501 647//1501 646//1501
f 2665//4262 2669//4262 647//4262
f 2666//579 2670//579 2671//528
f 2666//470 2671//4263 2672//470
f 2673//393 2672//393 2674//393
f 2673//444 2666//444 2672//444
f 2668//394 2675//394 2676//394
f 2665//617 2673//617 2675//617
f 2665//394 2666//394 2673//394
f 2665//394 2675//394 2668//394
f 2669//4264 2668//4265 2667//4265
f 2669//453 2665//4266 2668//4266
f 657//711 2668//711 2676//711
f 657//953 2676//953 636//953
f 2676//4267 2675//4267 636//4267
f 636//4268 2675//4268 637//4268
f 637//1054 2673//1054 638//1054
f 2675//4269 2673//4269 637//4269
f 638//4270 2674//4270 627//4270
f 2673//4271 2674//4271 638//4271
f 2672//1218 626//1218 627//1218
f 2672//20 627//20 2674//20
f 2670//4272 2666//4273 623//4274
f 2670//4275 623//4276 617//4277
f 2671//4278 617//4278 620//4278
f 2671//4279 2670//4279 617//4279
f 2672//643 620//643 626//643
f 2672//4280 2671//4280 620//4280
f 604//634 600//634 588//634
f 604//4281 588//4281 590//4281
f 2677//4282 628//4282 2678//4282
f 619//1465 628//1465 2677//1465
f 2678//1466 621//1466 2679//1466
f 628//1476 621//1476 2678//1476
f 2679//1467 616//1467 2680//1467
f 621//1467 616//1467 2679//1467
f 2680//1470 613//1470 2681//1470
f 616//1470 613//1470 2680//1470
f 2682//4283 2683//4284 2684//4285
f 2685//4286 2686//4286 2687//4286
f 2687//4287 2686//4287 2688//4287
f 2678//4288 2689//4288 2677//4288
f 2690//4289 2689//4290 2685//4291
f 2677//4292 2689//4292 2690//4292
f 2685//4293 2689//4294 2686//4295
f 2688//4296 2691//4297 2692//4298
f 2686//4299 2691//4300 2688//4301
f 2679//4302 2693//4303 2678//4304
f 2680//4305 2693//4306 2679//4307
f 2689//4308 2693//4309 2686//4310
f 2686//4311 2693//4312 2691//4313
f 2678//4314 2693//4315 2689//4316
f 2692//4317 2694//4318 2682//4319
f 2691//4320 2694//4321 2692//4322
f 2693//4323 2694//4324 2691//4324
f 2682//4325 2694//4326 2683//4327
f 2681//4328 2695//4329 2680//4330
f 2683//4331 2695//4332 2696//4333
f 2696//4334 2695//4335 2681//4336
f 2680//4337 2695//4338 2693//4339
f 2693//4340 2695//4340 2694//4340
f 2694//4341 2695//4342 2683//4343
f 2697//4344 2698//4345 2681//4346
f 2683//4347 2698//4347 2684//4347
f 2696//4348 2698//4348 2683//4348
f 2681//4349 2698//4350 2696//4351
f 2684//4352 2698//4352 2699//4352
f 2698//4353 2700//4353 2699//4353
f 2701//4354 2702//4354 2697//4354
f 2698//4355 2702//4355 2700//4355
f 2697//4356 2702//4356 2698//4356
f 2699//4357 2703//4357 2704//4357
f 2700//4358 2703//4358 2699//4358
f 2701//4359 2703//4359 2702//4359
f 2702//4360 2703//4360 2700//4360
f 2703//4361 2705//4361 2704//4361
f 2706//4362 2707//4363 2701//4364
f 2701//4365 2707//4366 2703//4367
f 2703//4368 2707//4368 2705//4368
f 2708//4369 2709//4370 2706//4371
f 2704//4372 2709//4372 2710//4372
f 2707//4373 2709//4373 2705//4373
f 2705//4374 2709//4374 2704//4374
f 2706//4375 2709//4376 2707//4377
f 2709//4378 2711//4378 2710//4378
f 2712//4379 2713//4379 2708//4379
f 2708//4380 2713//4380 2709//4380
f 2709//4381 2713//4381 2711//4381
f 2677//4382 2714//4383 2712//4384
f 2710//4385 2714//4385 2687//4385
f 2687//4386 2714//4386 2685//4386
f 2685//4387 2714//4387 2690//4387
f 2690//4388 2714//4389 2677//4390
f 2712//4391 2714//4391 2713//4391
f 2711//4392 2714//4392 2710//4392
f 2713//4393 2714//4393 2711//4393
f 2681//629 613//629 2697//629
f 2697//4394 612//4394 2701//4394
f 613//4395 612//4395 2697//4395
f 2701//632 614//632 2706//632
f 2706//885 614//885 2708//885
f 612//4396 614//4396 2701//4396
f 2708//4397 615//4397 2712//4397
f 614//4398 615//4398 2708//4398
f 2712//886 619//886 2677//886
f 615//4399 619//4399 2712//4399
f 2715//4400 2716//4401 2717//4402
f 2718//4403 2719//4404 2720//4405
f 2720//4406 2719//4407 2721//4408
f 2699//4409 2722//4409 2684//4409
f 2723//4410 2722//4411 2718//4412
f 2684//4413 2722//4413 2723//4413
f 2718//4414 2722//4415 2719//4416
f 2721//4417 2724//4417 2725//4417
f 2719//4418 2724//4418 2721//4418
f 2699//4419 2724//4419 2722//4419
f 2722//4420 2724//4420 2719//4420
f 2724//4421 2726//4421 2725//4421
f 2704//4422 2727//4422 2699//4422
f 2724//4423 2727//4423 2726//4423
f 2699//4424 2727//4424 2724//4424
f 2728//4425 2729//4426 2730//4427
f 2725//4428 2729//4429 2728//4430
f 2726//4431 2729//4432 2725//4433
f 2704//4434 2731//4434 2727//4434
f 2727//4435 2731//4436 2726//4437
f 2726//4438 2731//4439 2729//4440
f 2729//4441 2732//4442 2730//4443
f 2710//4444 2733//4444 2704//4444
f 2704//4445 2733//4445 2731//4445
f 2729//4446 2733//4447 2732//4448
f 2731//4449 2733//4450 2729//4451
f 2730//4452 2734//4452 2715//4452
f 2710//4453 2734//4453 2733//4453
f 2732//4454 2734//4454 2730//4454
f 2733//4455 2734//4455 2732//4455
f 2716//4456 2735//4457 2736//4458
f 2715//4459 2735//4460 2716//4461
f 2734//4462 2735//4462 2715//4462
f 2736//4463 2737//4463 2687//4463
f 2687//4464 2737//4464 2710//4464
f 2735//4465 2737//4466 2736//4467
f 2710//4468 2737//4469 2734//4468
f 2734//4470 2737//4470 2735//4470
f 2738//4471 2739//4471 2740//4471
f 2741//4472 2740//4472 2742//4472
f 2741//4472 2738//4472 2740//4472
f 2743//4471 2744//4471 2739//4471
f 2743//4471 2739//4471 2738//4471
f 2745//4473 2746//4473 2747//4473
f 2745//4474 2742//4474 2746//4474
f 2745//4474 2741//4474 2742//4474
f 2748//4472 2738//4472 2741//4472
f 2748//4472 2743//4472 2738//4472
f 2749//4475 2750//4475 2751//4475
f 2749//4476 2751//4476 2744//4476
f 2749//4472 2743//4472 2748//4472
f 2749//4471 2744//4471 2743//4471
f 2752//4477 2747//4477 2728//4477
f 2752//4474 2741//4474 2745//4474
f 2752//4474 2748//4474 2741//4474
f 2752//4478 2745//4478 2747//4478
f 2753//4479 2715//4479 2717//4479
f 2753//4480 2717//4480 2750//4480
f 2753//4472 2749//4472 2748//4472
f 2753//4481 2750//4481 2749//4481
f 2754//4482 2728//4482 2730//4482
f 2754//4483 2730//4483 2715//4483
f 2754//4484 2715//4484 2753//4484
f 2754//4473 2752//4473 2728//4473
f 2754//4474 2748//4474 2752//4474
f 2754//4485 2753//4485 2748//4485
f 2755//4486 2739//4486 2756//4486
f 2740//4487 2739//4487 2755//4487
f 2757//4488 2740//4488 2755//4488
f 2742//4489 2757//4489 2758//4489
f 2742//4490 2740//4490 2757//4490
f 2759//4491 2742//4491 2758//4491
f 2746//4492 2742//4492 2759//4492
f 2760//4493 2746//4493 2759//4493
f 2747//4494 2760//4494 2761//4494
f 2747//4495 2746//4495 2760//4495
f 2762//4496 2763//4496 2764//4496
f 2765//4497 2763//4497 2766//4497
f 2767//4498 2763//4498 2765//4498
f 2764//4499 2763//4499 2767//4499
f 2766//4500 2763//4500 2768//4500
f 2763//4501 2769//4501 2768//4501
f 2770//4502 2771//4502 2762//4502
f 2763//4503 2771//4503 2769//4503
f 2762//4504 2771//4504 2763//4504
f 2761//4505 2772//4505 2770//4505
f 2768//4506 2772//4506 2773//4506
f 2770//4507 2772//4507 2771//4507
f 2771//4508 2772//4508 2769//4508
f 2769//4509 2772//4509 2768//4509
f 2772//4510 2774//4510 2773//4510
f 2760//4511 2775//4512 2761//4513
f 2761//4514 2775//4515 2772//4516
f 2772//4517 2775//4517 2774//4517
f 2758//4518 2776//4518 2759//4518
f 2759//4519 2776//4519 2760//4519
f 2773//4520 2776//4520 2777//4520
f 2777//4521 2776//4521 2778//4521
f 2778//4522 2776//4522 2779//4522
f 2779//4523 2776//4524 2758//4523
f 2774//4525 2776//4525 2773//4525
f 2760//4526 2776//4526 2775//4526
f 2775//4527 2776//4527 2774//4527
f 2770//4528 2747//4528 2761//4528
f 2780//4529 2747//4529 2770//4529
f 2762//4530 2780//4530 2770//4530
f 2781//4531 2762//4531 2764//4531
f 2781//4532 2780//4532 2762//4532
f 2782//4533 2781//4533 2764//4533
f 2783//4534 2781//4534 2782//4534
f 2784//4535 2783//4535 2782//4535
f 2739//4536 2784//4536 2756//4536
f 2739//4537 2783//4537 2784//4537
f 2785//4538 2747//4538 2780//4538
f 2786//4539 2780//4539 2781//4539
f 2786//4539 2785//4539 2780//4539
f 2787//4538 2728//4538 2747//4538
f 2787//4540 2747//4540 2785//4540
f 2788//4541 2783//4541 2739//4541
f 2788//4542 2781//4542 2783//4542
f 2788//4542 2786//4542 2781//4542
f 2789//4539 2785//4539 2786//4539
f 2789//4539 2787//4539 2785//4539
f 2790//4543 2721//4543 2725//4543
f 2790//4544 2725//4544 2728//4544
f 2790//4538 2728//4538 2787//4538
f 2791//4541 2739//4541 2744//4541
f 2791//4542 2786//4542 2788//4542
f 2791//4542 2789//4542 2786//4542
f 2791//4545 2788//4545 2739//4545
f 2792//4546 2793//4546 2720//4546
f 2792//4547 2720//4547 2721//4547
f 2792//4539 2787//4539 2789//4539
f 2792//4548 2721//4548 2790//4548
f 2792//4539 2790//4539 2787//4539
f 2794//4549 2744//4549 2795//4549
f 2794//4550 2795//4550 2793//4550
f 2794//4551 2793//4551 2792//4551
f 2794//4545 2791//4545 2744//4545
f 2794//4542 2789//4542 2791//4542
f 2794//4542 2792//4542 2789//4542
f 2793//4552 2718//4553 2720//4554
f 2716//4555 2796//4556 2717//4557
f 2717//4558 2796//4559 2750//4560
f 2688//4561 2797//4561 2687//4561
f 2736//4562 2797//4563 2716//4564
f 2687//4565 2797//4565 2736//4565
f 2716//4566 2797//4567 2796//4568
f 2750//4569 2798//4569 2751//4569
f 2796//4570 2798//4570 2750//4570
f 2688//4571 2798//4571 2797//4571
f 2797//4572 2798//4572 2796//4572
f 2798//4573 2799//4573 2751//4573
f 2692//4574 2800//4574 2688//4574
f 2798//4575 2800//4575 2799//4575
f 2688//4576 2800//4576 2798//4576
f 2751//4577 2801//4578 2744//4579
f 2799//4580 2801//4581 2751//4582
f 2800//4583 2801//4584 2799//4585
f 2692//4586 2802//4586 2800//4586
f 2800//4587 2802//4588 2801//4589
f 2744//4590 2803//4590 2795//4590
f 2801//4591 2803//4591 2744//4591
f 2682//4592 2804//4592 2692//4592
f 2692//4593 2804//4593 2802//4593
f 2802//4594 2804//4595 2801//4596
f 2801//4597 2804//4598 2803//4599
f 2795//4600 2805//4600 2793//4600
f 2682//4601 2805//4601 2804//4601
f 2804//4602 2805//4602 2803//4602
f 2803//4603 2805//4603 2795//4603
f 2805//4604 2806//4604 2793//4604
f 2793//4605 2806//4606 2718//4607
f 2718//4608 2807//4609 2723//4610
f 2723//4611 2807//4611 2684//4611
f 2684//4612 2807//4612 2682//4612
f 2806//4613 2807//4614 2718//4615
f 2682//4616 2807//4616 2805//4616
f 2805//4617 2807//4617 2806//4617
f 2757//4618 2808//4619 2758//4620
f 2778//4621 2808//4621 2777//4621
f 2779//4622 2808//4622 2778//4622
f 2758//4623 2808//4624 2779//4623
f 2777//4625 2808//4625 2809//4625
f 2808//4626 2810//4626 2809//4626
f 2755//4627 2811//4627 2757//4627
f 2757//4628 2811//4628 2808//4628
f 2808//4629 2811//4629 2810//4629
f 2756//4630 2812//4630 2755//4630
f 2809//4631 2812//4631 2813//4631
f 2755//4632 2812//4632 2811//4632
f 2811//4633 2812//4633 2810//4633
f 2810//4634 2812//4634 2809//4634
f 2812//4635 2814//4635 2813//4635
f 2784//4636 2815//4636 2756//4636
f 2756//4637 2815//4637 2812//4637
f 2812//4638 2815//4638 2814//4638
f 2813//4639 2816//4639 2766//4639
f 2766//4640 2816//4640 2765//4640
f 2765//4641 2816//4641 2767//4641
f 2767//4642 2816//4642 2764//4642
f 2764//4643 2816//4643 2782//4643
f 2782//4644 2816//4644 2784//4644
f 2814//4645 2816//4645 2813//4645
f 2784//4646 2816//4646 2815//4646
f 2815//4647 2816//4647 2814//4647
f 2817//4648 2818//4648 2819//4648
f 2819//4649 2818//4649 2820//4649
f 2809//4650 2821//4650 2777//4650
f 2822//4651 2821//4651 2817//4651
f 2777//4652 2821//4652 2822//4652
f 2817//4653 2821//4653 2818//4653
f 2820//4654 2823//4654 2824//4654
f 2818//4655 2823//4655 2820//4655
f 2809//4656 2825//4656 2821//4656
f 2818//4657 2825//4657 2823//4657
f 2821//4658 2825//4658 2818//4658
f 2824//4659 2826//4660 2827//4659
f 2823//4661 2826//4662 2824//4663
f 2813//4664 2828//4664 2809//4664
f 2825//4665 2828//4665 2823//4665
f 2823//4666 2828//4666 2826//4666
f 2809//4667 2828//4667 2825//4667
f 2827//4668 2829//4668 2830//4668
f 2826//4669 2829//4669 2827//4669
f 2828//4670 2831//4670 2826//4670
f 2813//4671 2831//4671 2828//4671
f 2826//4672 2831//4672 2829//4672
f 2830//4673 2832//4673 2833//4673
f 2833//4674 2832//4674 2834//4675
f 2834//4676 2832//4677 2835//4677
f 2829//4678 2832//4678 2830//4678
f 2835//4679 2836//4680 2837//4681
f 2837//4682 2836//4682 2766//4682
f 2766//4683 2836//4683 2813//4683
f 2832//4684 2836//4685 2835//4686
f 2813//4687 2836//4687 2831//4687
f 2831//4688 2836//4689 2829//4690
f 2829//4691 2836//4692 2832//4693
f 2838//658 2827//658 2830//658
f 2839//768 2830//768 2833//768
f 2839//886 2833//886 2834//886
f 2839//4694 2838//4694 2830//4694
f 2840//49 2834//49 2841//49
f 2840//883 2841//883 2842//883
f 2840//4695 2839//4695 2834//4695
f 2843//4696 2842//4696 2844//4696
f 2843//4697 2840//4697 2842//4697
f 2840//4698 2843//4698 2845//4698
f 2840//4699 2845//4699 2846//4699
f 2839//4700 2846//4700 2847//4700
f 2839//4701 2840//4701 2846//4701
f 2838//4702 2847//4702 2848//4702
f 2838//4703 2839//4703 2847//4703
f 2847//394 2849//394 2848//394
f 2846//393 2845//393 2850//393
f 2846//394 2850//394 2849//394
f 2846//393 2849//393 2847//393
f 2851//4704 2838//4704 2848//4704
f 2851//4705 2848//4705 2849//4705
f 2852//4706 2849//4706 2850//4706
f 2852//4706 2851//4706 2849//4706
f 2843//4707 2850//4707 2845//4707
f 2843//4708 2852//4708 2850//4708
f 2843//636 2844//636 2853//636
f 2852//637 2853//637 2854//637
f 2852//638 2854//638 2819//638
f 2852//4709 2843//4709 2853//4709
f 2851//629 2819//629 2820//629
f 2851//631 2820//631 2824//631
f 2851//4710 2852//4710 2819//4710
f 2838//632 2824//632 2827//632
f 2838//4711 2851//4711 2824//4711
f 2835//4712 2855//4713 2834//4712
f 2834//4714 2855//4715 2841//4716
f 2768//4717 2856//4717 2766//4717
f 2837//4718 2856//4718 2835//4718
f 2766//4719 2856//4719 2837//4719
f 2835//4720 2856//4720 2855//4720
f 2841//4721 2857//4722 2842//4722
f 2855//4723 2857//4724 2841//4723
f 2768//4725 2858//4725 2856//4725
f 2855//4726 2858//4726 2857//4726
f 2856//4727 2858//4727 2855//4727
f 2842//4728 2859//4728 2844//4728
f 2857//4729 2859//4729 2842//4729
f 2773//4730 2860//4730 2768//4730
f 2858//4731 2860//4731 2857//4731
f 2857//4732 2860//4732 2859//4732
f 2768//4733 2860//4733 2858//4733
f 2844//4734 2861//4734 2853//4734
f 2859//4735 2861//4735 2844//4735
f 2860//4736 2862//4737 2859//4736
f 2773//4738 2862//4738 2860//4738
f 2859//4739 2862//4739 2861//4739
f 2853//4740 2863//4740 2854//4740
f 2854//4741 2863//4741 2819//4741
f 2819//4742 2863//4742 2817//4742
f 2861//4743 2863//4743 2853//4743
f 2817//4744 2864//4744 2822//4744
f 2822//4745 2864//4745 2777//4745
f 2777//4746 2864//4746 2773//4746
f 2863//4747 2864//4747 2817//4747
f 2773//4748 2864//4748 2862//4748
f 2862//4749 2864//4750 2861//4749
f 2861//4751 2864//4752 2863//4751
f 2865//49 666//49 2866//49
f 2866//4753 672//4753 2867//4753
f 666//4754 672//4754 2866//4754
f 2867//884 678//884 2868//884
f 2868//636 678//636 2869//636
f 672//4755 678//4755 2867//4755
f 2869//4756 660//4756 2870//4756
f 678//4757 660//4757 2869//4757
f 2870//638 653//638 2871//638
f 660//4758 653//4758 2870//4758
f 2872//4759 2873//4760 2874//4761
f 2875//4762 2873//4762 2876//4762
f 2877//4373 2873//4373 2875//4373
f 2874//4763 2873//4764 2877//4765
f 2876//4766 2873//4766 2878//4766
f 2873//4767 2879//4767 2878//4767
f 2880//4768 2881//4768 2872//4768
f 2873//4769 2881//4769 2879//4769
f 2872//4770 2881//4770 2873//4770
f 2878//4771 2882//4771 2883//4771
f 2879//4772 2882//4772 2878//4772
f 2880//4773 2882//4773 2881//4773
f 2881//4774 2882//4774 2879//4774
f 2882//4775 2884//4775 2883//4775
f 2865//4776 2885//4777 2880//4778
f 2880//4779 2885//4780 2882//4781
f 2882//4782 2885//4782 2884//4782
f 2866//4783 2886//4784 2865//4785
f 2883//4786 2886//4786 2887//4786
f 2885//4787 2886//4787 2884//4787
f 2884//4788 2886//4788 2883//4788
f 2865//4789 2886//4790 2885//4791
f 2886//4792 2888//4792 2887//4792
f 2867//4793 2889//4793 2866//4793
f 2866//4794 2889//4794 2886//4794
f 2886//4795 2889//4795 2888//4795
f 2868//4796 2890//4797 2867//4798
f 2887//4799 2890//4799 2891//4799
f 2891//4800 2890//4800 2892//4800
f 2892//4801 2890//4801 2893//4801
f 2893//4802 2890//4803 2868//4804
f 2867//4805 2890//4805 2889//4805
f 2888//4806 2890//4806 2887//4806
f 2889//4807 2890//4807 2888//4807
f 2871//628 653//628 2894//628
f 2894//4394 648//4394 2895//4394
f 653//4395 648//4395 2894//4395
f 2895//632 652//632 2874//632
f 2874//4261 652//4261 2872//4261
f 648//4808 652//4808 2895//4808
f 2872//4397 661//4397 2880//4397
f 652//4398 661//4398 2872//4398
f 2880//886 666//886 2865//886
f 661//4399 666//4399 2880//4399
f 2869//4809 2896//4810 2868//4811
f 2892//4812 2896//4812 2891//4812
f 2893//4813 2896//4813 2892//4813
f 2868//4814 2896//4815 2893//4816
f 2891//4817 2896//4817 2897//4817
f 2896//4818 2898//4818 2897//4818
f 2870//4819 2899//4819 2869//4819
f 2896//4820 2899//4820 2898//4820
f 2869//4821 2899//4821 2896//4821
f 2897//4822 2900//4822 2901//4822
f 2898//4823 2900//4823 2897//4823
f 2870//4824 2900//4824 2899//4824
f 2899//4825 2900//4825 2898//4825
f 2900//4826 2902//4826 2901//4826
f 2871//4827 2903//4828 2870//4829
f 2870//4830 2903//4831 2900//4832
f 2900//4833 2903//4833 2902//4833
f 2894//4834 2904//4835 2871//4836
f 2901//4837 2904//4837 2905//4837
f 2903//4348 2904//4348 2902//4348
f 2902//4838 2904//4838 2901//4838
f 2871//4839 2904//4840 2903//4841
f 2904//4842 2906//4843 2905//4843
f 2895//4844 2907//4844 2894//4844
f 2894//4845 2907//4845 2904//4845
f 2904//4846 2907//4846 2906//4846
f 2874//4847 2908//4848 2895//4849
f 2905//4357 2908//4357 2876//4357
f 2876//4850 2908//4850 2875//4850
f 2875//4851 2908//4851 2877//4851
f 2877//4852 2908//4853 2874//4854
f 2895//4855 2908//4855 2907//4855
f 2906//4856 2908//4856 2905//4856
f 2907//4857 2908//4857 2906//4857
f 2909//4858 2910//4859 2911//4860
f 2912//4861 2913//4862 2914//4863
f 2914//4864 2913//4865 2915//4866
f 2897//4867 2916//4867 2891//4867
f 2917//4868 2916//4869 2912//4870
f 2891//4871 2916//4871 2917//4871
f 2912//4872 2916//4873 2913//4874
f 2915//4875 2918//4875 2919//4875
f 2913//4876 2918//4876 2915//4876
f 2897//4877 2918//4877 2916//4877
f 2916//4878 2918//4878 2913//4878
f 2918//4879 2920//4879 2919//4879
f 2901//4880 2921//4880 2897//4880
f 2918//4881 2921//4881 2920//4881
f 2897//4882 2921//4882 2918//4882
f 2922//4883 2923//4884 2924//4885
f 2919//4886 2923//4887 2922//4888
f 2920//4889 2923//4890 2919//4891
f 2901//4892 2925//4892 2921//4892
f 2921//4893 2925//4894 2920//4895
f 2920//4896 2925//4897 2923//4898
f 2923//4899 2926//4900 2924//4901
f 2905//4902 2927//4902 2901//4902
f 2901//4903 2927//4904 2925//4903
f 2923//4905 2927//4906 2926//4907
f 2925//4908 2927//4909 2923//4910
f 2924//4911 2928//4911 2909//4911
f 2905//4912 2928//4912 2927//4912
f 2926//4913 2928//4913 2924//4913
f 2927//4914 2928//4914 2926//4914
f 2909//4915 2929//4916 2910//4917
f 2928//4918 2929//4918 2909//4918
f 2910//4919 2930//4920 2931//4921
f 2931//4922 2930//4922 2876//4922
f 2876//4923 2930//4923 2905//4923
f 2929//4924 2930//4925 2910//4926
f 2905//4927 2930//4927 2928//4927
f 2928//4928 2930//4928 2929//4928
f 2932//4485 2933//4485 2934//4485
f 2935//4473 2934//4473 2936//4473
f 2935//4473 2932//4473 2934//4473
f 2937//4485 2938//4485 2933//4485
f 2937//4474 2933//4474 2932//4474
f 2939//4539 2940//4539 2941//4539
f 2939//4929 2936//4929 2940//4929
f 2939//4540 2935//4540 2936//4540
f 2942//4473 2932//4473 2935//4473
f 2942//4538 2935//4538 2939//4538
f 2942//4477 2937//4477 2932//4477
f 2943//4483 2944//4483 2945//4483
f 2943//4930 2945//4930 2938//4930
f 2943//4931 2938//4931 2937//4931
f 2946//4539 2941//4539 2922//4539
f 2946//4538 2942//4538 2939//4538
f 2946//4539 2939//4539 2941//4539
f 2947//4932 2909//4932 2911//4932
f 2947//4933 2911//4933 2944//4933
f 2947//4473 2937//4473 2942//4473
f 2947//4934 2944//4934 2943//4934
f 2947//4473 2943//4473 2937//4473
f 2948//4935 2922//4935 2924//4935
f 2948//4936 2924//4936 2909//4936
f 2948//4539 2946//4539 2922//4539
f 2948//4937 2909//4937 2947//4937
f 2948//4938 2942//4938 2946//4938
f 2948//4538 2947//4538 2942//4538
f 2949//4939 2933//4939 2950//4939
f 2934//4940 2933//4940 2949//4940
f 2951//4941 2934//4941 2949//4941
f 2936//4942 2951//4942 2952//4942
f 2936//4943 2934//4943 2951//4943
f 2953//4944 2936//4944 2952//4944
f 2940//4945 2936//4945 2953//4945
f 2954//4946 2940//4946 2953//4946
f 2941//4947 2954//4947 2955//4947
f 2941//4948 2940//4948 2954//4948
f 2956//4949 2957//4950 2958//4951
f 2959//4952 2957//4952 2960//4952
f 2961//4953 2957//4953 2959//4953
f 2958//4954 2957//4955 2961//4956
f 2960//4957 2957//4957 2962//4957
f 2957//4958 2963//4958 2962//4958
f 2964//4959 2965//4959 2956//4959
f 2957//4960 2965//4960 2963//4960
f 2956//4961 2965//4961 2957//4961
f 2955//4642 2966//4962 2964//4963
f 2962//4964 2966//4964 2967//4964
f 2964//4642 2966//4965 2965//4966
f 2965//4967 2966//4967 2963//4967
f 2963//4968 2966//4968 2962//4968
f 2966//4969 2968//4969 2967//4969
f 2954//4970 2969//4971 2955//4972
f 2955//4973 2969//4974 2966//4975
f 2966//4976 2969//4976 2968//4976
f 2952//4977 2970//4977 2953//4977
f 2953//4504 2970//4504 2954//4504
f 2967//4978 2970//4978 2971//4978
f 2971//4979 2970//4979 2972//4979
f 2972//4980 2970//4980 2973//4980
f 2973//4981 2970//4981 2952//4981
f 2968//4982 2970//4982 2967//4982
f 2954//4983 2970//4983 2969//4983
f 2969//4984 2970//4984 2968//4984
f 2964//4533 2941//4533 2955//4533
f 2974//4985 2941//4985 2964//4985
f 2956//4986 2974//4986 2964//4986
f 2975//4987 2956//4987 2958//4987
f 2975//4988 2974//4988 2956//4988
f 2976//4989 2975//4989 2958//4989
f 2977//4990 2975//4990 2976//4990
f 2978//4991 2977//4991 2976//4991
f 2933//4992 2978//4992 2950//4992
f 2933//4993 2977//4993 2978//4993
f 2979//4994 2941//4994 2974//4994
f 2980//4545 2974//4545 2975//4545
f 2980//4541 2979//4541 2974//4541
f 2981//4542 2922//4542 2941//4542
f 2981//4542 2941//4542 2979//4542
f 2982//4472 2977//4472 2933//4472
f 2982//4471 2975//4471 2977//4471
f 2982//4471 2980//4471 2975//4471
f 2983//4541 2979//4541 2980//4541
f 2983//4541 2981//4541 2979//4541
f 2984//4995 2915//4995 2919//4995
f 2984//4996 2919//4996 2922//4996
f 2984//4545 2981//4545 2983//4545
f 2984//4994 2922//4994 2981//4994
f 2985//4472 2933//4472 2938//4472
f 2985//4471 2980//4471 2982//4471
f 2985//4471 2983//4471 2980//4471
f 2985//4472 2982//4472 2933//4472
f 2986//4997 2987//4997 2914//4997
f 2986//4998 2914//4998 2915//4998
f 2986//4999 2984//4999 2983//4999
f 2986//5000 2915//5000 2984//5000
f 2988//5001 2938//5001 2989//5001
f 2988//4475 2989//4475 2987//4475
f 2988//5002 2987//5002 2986//5002
f 2988//4472 2985//4472 2938//4472
f 2988//4471 2983//4471 2985//4471
f 2988//4471 2986//4471 2983//4471
f 2987//5003 2912//5003 2914//5003
f 2910//5004 2990//5005 2911//5006
f 2911//5007 2990//5008 2944//5009
f 2878//5010 2991//5010 2876//5010
f 2931//5011 2991//5012 2910//5013
f 2876//5014 2991//5014 2931//5014
f 2910//5015 2991//5016 2990//5017
f 2944//4452 2992//4452 2945//4452
f 2990//5018 2992//5018 2944//5018
f 2878//5019 2992//5019 2991//5019
f 2991//5020 2992//5020 2990//5020
f 2992//5021 2993//5021 2945//5021
f 2883//5022 2994//5022 2878//5022
f 2992//5023 2994//5023 2993//5023
f 2878//5024 2994//5024 2992//5024
f 2938//5025 2995//5026 2989//5027
f 2945//5028 2995//5029 2938//5030
f 2993//5031 2995//5032 2945//5033
f 2883//5034 2996//5034 2994//5034
f 2994//5035 2996//5036 2993//5037
f 2993//5038 2996//5039 2995//5040
f 2995//5041 2997//5042 2989//5043
f 2887//5044 2998//5044 2883//5044
f 2883//5045 2998//5045 2996//5045
f 2995//5046 2998//5047 2997//5048
f 2996//5049 2998//5050 2995//5051
f 2989//5052 2999//5052 2987//5052
f 2887//5053 2999//5053 2998//5053
f 2997//5054 2999//5054 2989//5054
f 2998//5055 2999//5055 2997//5055
f 2912//5056 3000//5057 2917//5058
f 2987//5059 3000//5059 2912//5059
f 2999//5060 3000//5060 2987//5060
f 2917//5061 3001//5061 2891//5061
f 2891//5062 3001//5062 2887//5062
f 3000//5063 3001//5064 2917//5065
f 2887//5066 3001//5066 2999//5066
f 2999//5067 3001//5067 3000//5067
f 2951//5068 3002//5068 2952//5068
f 2972//5069 3002//5069 2971//5069
f 2973//5070 3002//5070 2972//5070
f 2952//5071 3002//5071 2973//5071
f 2971//5072 3002//5072 3003//5072
f 3002//5073 3004//5073 3003//5073
f 2950//5074 3005//5074 2949//5074
f 2949//5075 3005//5075 2951//5076
f 2951//5077 3005//5077 3002//5077
f 3002//5078 3005//5078 3004//5078
f 3003//5079 3006//5079 3007//5079
f 3005//5080 3006//5080 3004//5080
f 2950//5081 3006//5081 3005//5081
f 3004//5082 3006//5082 3003//5082
f 3006//5083 3008//5083 3007//5083
f 2978//5084 3009//5084 2950//5084
f 3006//5085 3009//5085 3008//5085
f 2950//4623 3009//4623 3006//4623
f 3007//5086 3010//5086 2960//5086
f 2960//5087 3010//5087 2959//5087
f 2959//5088 3010//5088 2961//5088
f 2961//5089 3010//5090 2958//5089
f 2958//5091 3010//5092 2976//5092
f 2976//5093 3010//5093 2978//5093
f 2978//5094 3010//5094 3009//5094
f 3008//5095 3010//5095 3007//5095
f 3009//5096 3010//5096 3008//5096
f 3011//5097 3012//5098 3013//5097
f 3013//5099 3012//5099 3014//5099
f 3003//5100 3015//5100 2971//5100
f 3016//5101 3015//5101 3011//5101
f 2971//5102 3015//5102 3016//5102
f 3011//5103 3015//5103 3012//5103
f 3014//5104 3017//5105 3018//5104
f 3012//5106 3017//5107 3014//5108
f 3003//5109 3019//5109 3015//5109
f 3012//5110 3019//5110 3017//5110
f 3015//5111 3019//5111 3012//5111
f 3018//5112 3020//5112 3021//5112
f 3017//5113 3020//5113 3018//5113
f 3007//5114 3022//5114 3003//5114
f 3019//5115 3022//5115 3017//5115
f 3017//5116 3022//5116 3020//5116
f 3003//5117 3022//5117 3019//5117
f 3021//5118 3023//5118 3024//5118
f 3020//5119 3023//5119 3021//5119
f 3022//5120 3025//5120 3020//5120
f 3007//5121 3025//5121 3022//5121
f 3020//5120 3025//5120 3023//5120
f 3024//5122 3026//5123 3027//5123
f 3027//5124 3026//5124 3028//5124
f 3028//4663 3026//4663 3029//4663
f 3023//5125 3026//5126 3024//5125
f 3029//5127 3030//5127 3031//5127
f 3031//5128 3030//5128 2960//5128
f 2960//5129 3030//5129 3007//5129
f 3026//5130 3030//5130 3029//5130
f 3007//5131 3030//5131 3025//5131
f 3025//4657 3030//4657 3023//4657
f 3023//5132 3030//5132 3026//5132
f 3032//628 3021//628 3024//628
f 3033//631 3024//631 3027//631
f 3033//5133 3027//5133 3028//5133
f 3033//5134 3032//5134 3024//5134
f 3034//885 3028//885 3035//885
f 3034//768 3035//768 3036//768
f 3034//5135 3033//5135 3028//5135
f 3037//886 3036//886 3038//886
f 3037//5136 3034//5136 3036//5136
f 3034//5137 3037//5137 3039//5137
f 3034//5138 3039//5138 3040//5138
f 3033//5139 3040//5139 3041//5139
f 3033//5140 3034//5140 3040//5140
f 3032//5141 3041//5141 3042//5141
f 3032//5142 3033//5142 3041//5142
f 3040//393 3042//393 3041//393
f 3040//393 3039//393 3043//393
f 3040//394 3043//394 3044//394
f 3040//394 3044//394 3042//394
f 3045//5143 3032//5143 3042//5143
f 3045//5144 3042//5144 3044//5144
f 3046//5145 3044//5145 3043//5145
f 3046//5145 3045//5145 3044//5145
f 3037//5146 3043//5146 3039//5146
f 3037//5146 3046//5146 3043//5146
f 3037//49 3038//49 3047//49
f 3046//883 3047//883 3048//883
f 3046//884 3048//884 3013//884
f 3046//5147 3037//5147 3047//5147
f 3045//635 3013//635 3014//635
f 3045//4225 3014//4225 3018//4225
f 3045//5148 3046//5148 3013//5148
f 3032//5149 3018//5149 3021//5149
f 3032//5150 3045//5150 3018//5150
f 3029//5151 3049//5151 3028//5151
f 3028//5152 3049//5153 3035//5153
f 2962//5154 3050//5154 2960//5154
f 3031//5155 3050//5155 3029//5155
f 2960//5156 3050//5156 3031//5156
f 3029//5157 3050//5157 3049//5157
f 3035//5158 3051//5159 3036//5160
f 3036//5161 3051//5161 3038//5161
f 3049//5162 3051//5163 3035//5164
f 2962//5165 3052//5165 3050//5165
f 3049//5166 3052//5167 3051//5166
f 3050//5168 3052//5169 3049//5168
f 3051//5170 3053//5170 3038//5170
f 2967//5171 3054//5171 2962//5171
f 3052//5172 3054//5172 3051//5172
f 3051//5173 3054//5173 3053//5173
f 2962//5174 3054//5174 3052//5174
f 3038//5175 3055//5175 3047//5175
f 3047//5176 3055//5176 3048//5176
f 3053//5177 3055//5177 3038//5177
f 2967//5178 3056//5178 3054//5178
f 3053//5179 3056//5179 3055//5179
f 3054//5180 3056//5180 3053//5180
f 3048//5181 3057//5182 3013//5183
f 3013//4729 3057//5184 3011//5185
f 3055//5186 3057//5186 3048//5186
f 3011//5187 3058//5187 3016//5187
f 3016//5188 3058//5188 2971//5188
f 2971//5189 3058//5189 2967//5189
f 2967//5190 3058//5190 3056//5190
f 3057//5191 3058//5191 3011//5191
f 3056//5192 3058//5192 3055//5192
f 3055//5193 3058//5193 3057//5193
f 3059//1465 668//1465 3060//1465
f 674//1465 668//1465 3059//1465
f 3060//1476 667//1476 3061//1476
f 668//1466 667//1466 3060//1466
f 3061//1467 663//1467 3062//1467
f 667//1467 663//1467 3061//1467
f 3062//1470 655//1470 3063//1470
f 663//1470 655//1470 3062//1470
f 3064//5194 3065//5195 3066//5196
f 3067//5197 3068//5198 3069//5197
f 3069//5199 3068//5200 3070//5199
f 3060//5201 3071//5202 3059//5203
f 3061//5204 3071//5205 3060//5206
f 3072//5207 3071//5208 3067//5209
f 3059//5210 3071//5211 3072//5212
f 3067//5213 3071//5214 3068//5215
f 3070//5216 3073//5217 3074//5218
f 3068//5219 3073//5220 3070//5221
f 3062//5222 3075//5223 3061//5224
f 3071//5225 3075//5226 3068//5227
f 3068//5228 3075//5229 3073//5230
f 3061//5231 3075//5232 3071//5233
f 3074//5234 3076//5235 3064//5236
f 3073//5237 3076//5238 3074//5239
f 3064//5240 3076//5241 3065//5242
f 3063//5243 3077//5244 3062//5245
f 3065//5246 3077//5247 3078//5248
f 3078//4334 3077//5249 3063//5250
f 3076//5251 3077//5252 3065//5253
f 3062//5254 3077//5255 3075//5256
f 3075//5257 3077//5257 3073//5257
f 3073//5258 3077//5258 3076//5258
f 3079//5259 3080//5260 3063//5261
f 3065//5262 3080//5262 3066//5262
f 3078//5263 3080//5263 3065//5263
f 3063//5264 3080//5265 3078//4351
f 3066//5266 3080//5266 3081//5266
f 3080//5267 3082//5267 3081//5267
f 3083//5268 3084//5268 3079//5268
f 3080//5269 3084//5269 3082//5269
f 3079//5270 3084//5270 3080//5270
f 3081//4357 3085//4357 3086//4357
f 3082//5271 3085//5271 3081//5271
f 3083//5272 3085//5272 3084//5272
f 3084//5273 3085//5273 3082//5273
f 3085//5274 3087//5274 3086//5274
f 3088//5275 3089//5276 3083//5277
f 3083//5278 3089//5279 3085//5280
f 3085//5281 3089//5281 3087//5281
f 3090//5282 3091//5283 3088//5284
f 3086//5285 3091//5285 3092//5285
f 3089//5286 3091//5286 3087//5286
f 3087//5287 3091//5287 3086//5287
f 3088//5288 3091//5289 3089//5290
f 3091//5291 3093//5291 3092//5291
f 3094//5292 3095//5292 3090//5292
f 3090//5293 3095//5293 3091//5293
f 3091//5294 3095//5294 3093//5294
f 3059//5295 3096//5296 3094//5297
f 3092//5298 3096//5298 3069//5298
f 3069//5299 3096//5299 3067//5299
f 3067//5300 3096//5300 3072//5300
f 3072//5301 3096//5302 3059//5303
f 3094//5304 3096//5304 3095//5304
f 3093//5305 3096//5305 3092//5305
f 3095//5306 3096//5306 3093//5306
f 3063//628 655//628 3079//628
f 3079//4394 650//4394 3083//4394
f 655//4395 650//4395 3079//4395
f 3083//632 656//632 3088//632
f 3088//658 656//658 3090//658
f 650//4808 656//4808 3083//4808
f 3090//5307 662//5307 3094//5307
f 656//4398 662//4398 3090//4398
f 3094//886 674//886 3059//886
f 662//4399 674//4399 3094//4399
f 3097//5308 3098//5309 3099//5310
f 3100//5311 3101//5312 3102//5313
f 3102//5314 3101//5315 3103//5316
f 3081//5317 3104//5317 3066//5317
f 3105//5318 3104//5319 3100//5320
f 3066//5321 3104//5321 3105//5321
f 3100//5322 3104//5323 3101//5324
f 3103//5325 3106//5325 3107//5325
f 3101//5326 3106//5326 3103//5326
f 3081//5327 3106//5327 3104//5327
f 3104//4914 3106//4914 3101//4914
f 3106//5328 3108//5328 3107//5328
f 3086//5329 3109//5329 3081//5329
f 3106//5330 3109//5330 3108//5330
f 3081//5331 3109//5331 3106//5331
f 3107//5332 3110//5333 3111//5334
f 3108//5335 3110//5336 3107//5337
f 3086//5338 3112//5338 3109//5338
f 3109//5339 3112//5340 3108//5341
f 3108//5342 3112//5343 3110//5344
f 3111//5345 3113//5346 3114//5347
f 3110//5004 3113//5348 3111//5349
f 3092//5350 3115//5350 3086//5350
f 3110//5351 3115//5352 3113//5353
f 3086//5354 3115//5354 3112//5354
f 3112//5355 3115//5356 3110//5357
f 3114//5358 3116//5358 3097//5358
f 3113//5359 3116//5359 3114//5359
f 3092//5360 3116//5360 3115//5360
f 3115//5361 3116//5361 3113//5361
f 3116//5362 3117//5362 3097//5362
f 3097//5363 3117//5364 3098//5365
f 3098//5366 3118//5367 3119//5368
f 3119//5369 3118//5369 3069//5369
f 3069//5370 3118//5370 3092//5370
f 3117//4466 3118//5371 3098//5372
f 3092//5373 3118//5373 3116//5373
f 3116//5374 3118//5374 3117//5374
f 3120//4471 3121//4471 3122//4471
f 3123//4472 3122//4472 3124//4472
f 3123//4472 3120//4472 3122//4472
f 3125//4471 3126//4471 3121//4471
f 3125//4471 3121//4471 3120//4471
f 3127//4473 3128//4473 3129//4473
f 3127//4474 3124//4474 3128//4474
f 3127//4485 3123//4485 3124//4485
f 3130//4472 3120//4472 3123//4472
f 3130//4472 3125//4472 3120//4472
f 3131//4475 3132//4475 3133//4475
f 3131//4476 3133//4476 3126//4476
f 3131//5375 3126//5375 3125//5375
f 3134//4473 3129//4473 3111//4473
f 3134//4485 3123//4485 3127//4485
f 3134//4474 3130//4474 3123//4474
f 3134//5376 3127//5376 3129//5376
f 3135//5377 3097//5377 3099//5377
f 3135//4480 3099//4480 3132//4480
f 3135//4472 3125//4472 3130//4472
f 3135//5378 3132//5378 3131//5378
f 3135//4472 3131//4472 3125//4472
f 3135//4474 3130//4474 3134//4474
f 3136//4482 3111//4482 3114//4482
f 3136//4483 3114//4483 3097//4483
f 3136//4484 3097//4484 3135//4484
f 3136//5379 3134//5379 3111//5379
f 3136//4485 3135//4485 3134//4485
f 3137//5380 3121//5380 3138//5380
f 3122//5381 3121//5381 3137//5381
f 3139//5382 3122//5382 3137//5382
f 3124//4992 3139//4992 3140//4992
f 3124//5383 3122//5383 3139//5383
f 3141//4491 3124//4491 3140//4491
f 3128//5384 3124//5384 3141//5384
f 3142//4493 3128//4493 3141//4493
f 3129//4494 3142//4494 3143//4494
f 3129//5385 3128//5385 3142//5385
f 3144//5386 3145//4971 3146//5386
f 3147//5387 3145//5387 3148//5387
f 3149//4498 3145//4498 3147//4498
f 3146//4975 3145//5388 3149//4975
f 3148//5389 3145//5389 3150//5389
f 3145//5390 3151//5390 3150//5390
f 3152//5391 3153//5391 3144//5391
f 3145//5392 3153//5392 3151//5392
f 3144//5393 3153//5393 3145//5393
f 3143//5394 3154//5394 3152//5394
f 3150//4506 3154//4506 3155//4506
f 3152//5395 3154//5395 3153//5395
f 3153//5396 3154//5396 3151//5396
f 3151//5397 3154//5397 3150//5397
f 3154//5398 3156//5398 3155//5398
f 3142//5399 3157//4511 3143//5399
f 3143//4512 3157//5400 3154//4512
f 3154//5401 3157//5401 3156//5401
f 3140//5402 3158//5402 3141//5402
f 3141//5403 3158//5403 3142//5403
f 3155//5404 3158//5404 3159//5404
f 3159//5405 3158//5405 3160//5405
f 3160//5406 3158//5406 3161//5406
f 3161//5407 3158//5407 3140//5407
f 3156//5408 3158//5408 3155//5408
f 3142//5409 3158//5409 3157//5409
f 3157//5410 3158//5410 3156//5410
f 3152//5411 3129//5411 3143//5411
f 3162//5412 3129//5412 3152//5412
f 3144//5413 3162//5413 3152//5413
f 3163//5414 3144//5414 3146//5414
f 3163//5415 3162//5415 3144//5415
f 3164//5416 3163//5416 3146//5416
f 3165//5417 3163//5417 3164//5417
f 3166//5418 3165//5418 3164//5418
f 3121//5419 3166//5419 3138//5419
f 3121//5420 3165//5420 3166//5420
f 3167//4538 3129//4538 3162//4538
f 3168//4539 3162//4539 3163//4539
f 3168//4539 3167//4539 3162//4539
f 3169//4538 3111//4538 3129//4538
f 3169//4538 3129//4538 3167//4538
f 3170//4541 3165//4541 3121//4541
f 3170//4542 3163//4542 3165//4542
f 3170//4542 3168//4542 3163//4542
f 3171//4539 3167//4539 3168//4539
f 3171//4539 3169//4539 3167//4539
f 3172//4543 3103//4543 3107//4543
f 3172//5421 3107//5421 3111//5421
f 3172//4539 3169//4539 3171//4539
f 3172//4538 3111//4538 3169//4538
f 3173//4541 3121//4541 3126//4541
f 3173//4542 3168//4542 3170//4542
f 3173//4542 3171//4542 3168//4542
f 3173//4541 3170//4541 3121//4541
f 3174//5422 3175//5422 3102//5422
f 3174//4547 3102//4547 3103//4547
f 3174//4539 3172//4539 3171//4539
f 3174//5423 3103//5423 3172//5423
f 3176//5424 3126//5424 3177//5424
f 3176//4995 3177//4995 3175//4995
f 3176//5425 3175//5425 3174//5425
f 3176//4541 3173//4541 3126//4541
f 3176//4542 3171//4542 3173//4542
f 3176//4542 3174//4542 3171//4542
f 3175//5426 3100//5427 3102//5428
f 3098//5429 3178//5430 3099//5431
f 3099//5432 3178//5433 3132//5434
f 3070//5435 3179//5435 3069//5435
f 3119//5436 3179//5437 3098//5438
f 3069//5439 3179//5439 3119//5439
f 3098//5440 3179//5441 3178//5442
f 3132//5443 3180//5443 3133//5443
f 3178//5444 3180//5444 3132//5444
f 3070//5445 3180//5445 3179//5445
f 3179//5446 3180//5446 3178//5446
f 3180//5447 3181//5447 3133//5447
f 3074//4574 3182//4574 3070//4574
f 3180//5448 3182//5448 3181//5448
f 3070//5449 3182//5449 3180//5449
f 3133//5450 3183//5451 3126//5452
f 3181//5453 3183//5454 3133//5455
f 3182//5456 3183//5457 3181//5458
f 3074//5459 3184//5459 3182//5459
f 3182//5460 3184//5461 3183//5462
f 3126//5463 3185//5464 3177//5465
f 3183//5466 3185//5467 3126//5468
f 3064//5469 3186//5469 3074//5469
f 3074//5470 3186//5470 3184//5470
f 3184//5471 3186//5472 3183//5473
f 3183//5474 3186//5475 3185//5476
f 3177//5477 3187//5477 3175//5477
f 3064//5478 3187//5478 3186//5478
f 3186//5479 3187//5479 3185//5479
f 3185//5480 3187//5481 3177//5480
f 3187//5482 3188//5482 3175//5482
f 3175//5483 3188//5484 3100//5485
f 3100//5486 3189//5487 3105//5488
f 3105//5489 3189//5489 3066//5489
f 3066//5490 3189//5490 3064//5490
f 3188//5491 3189//5492 3100//5493
f 3064//5494 3189//5494 3187//5494
f 3187//5495 3189//5495 3188//5495
f 3139//5084 3190//5084 3140//5084
f 3160//5496 3190//5496 3159//5496
f 3161//5497 3190//5497 3160//5497
f 3140//5498 3190//5498 3161//5498
f 3159//5499 3190//5499 3191//5499
f 3190//5500 3192//5500 3191//5500
f 3138//5501 3193//5501 3137//5501
f 3137//5502 3193//5503 3139//5504
f 3139//5505 3193//5506 3190//5507
f 3190//5508 3193//5508 3192//5508
f 3191//5509 3194//5509 3195//5509
f 3193//4633 3194//4633 3192//4633
f 3138//5510 3194//5510 3193//5510
f 3192//5511 3194//5511 3191//5511
f 3194//5512 3196//5512 3195//5512
f 3166//5513 3197//5513 3138//5513
f 3194//5514 3197//5514 3196//5514
f 3138//5515 3197//5515 3194//5515
f 3195//5516 3198//5516 3148//5516
f 3148//4640 3198//4640 3147//4640
f 3147//4967 3198//4967 3149//4967
f 3149//5517 3198//5517 3146//5517
f 3146//4962 3198//4962 3164//4962
f 3164//5518 3198//5518 3166//5519
f 3166//5520 3198//5520 3197//5520
f 3196//5521 3198//5521 3195//5521
f 3197//5522 3198//5522 3196//5522
f 3199//5523 3200//5523 3201//5523
f 3201//5524 3200//5524 3202//5524
f 3191//5525 3203//5525 3159//5525
f 3204//5120 3203//5120 3199//5120
f 3159//5526 3203//5526 3204//5526
f 3199//5527 3203//5527 3200//5527
f 3202//5528 3205//5528 3206//5528
f 3200//5529 3205//5529 3202//5529
f 3191//4656 3207//4656 3203//4656
f 3200//5530 3207//5530 3205//5530
f 3203//5531 3207//5531 3200//5531
f 3206//5532 3208//4660 3209//4660
f 3205//5533 3208//5533 3206//4660
f 3195//5534 3210//5534 3191//5534
f 3207//5535 3210//5535 3205//5535
f 3205//5130 3210//5130 3208//5130
f 3191//5536 3210//5536 3207//5536
f 3209//5537 3211//5538 3212//5537
f 3210//5539 3211//5540 3208//5539
f 3208//5541 3211//5542 3209//5541
f 3195//5543 3213//5543 3210//5543
f 3210//5157 3213//5157 3211//5157
f 3212//5544 3214//5544 3215//5544
f 3215//5545 3214//5545 3216//5546
f 3216//5547 3214//5548 3217//5547
f 3211//5549 3214//5549 3212//5549
f 3217//5550 3218//5551 3219//5552
f 3219//5553 3218//5553 3148//5553
f 3148//5554 3218//5554 3195//5554
f 3195//5555 3218//5555 3213//5555
f 3214//5556 3218//5557 3217//5558
f 3213//5167 3218//5167 3211//5167
f 3211//5559 3218//5559 3214//5559
f 3220//885 3209//885 3212//885
f 3221//675 3212//675 3215//675
f 3221//886 3215//886 3216//886
f 3221//5560 3220//5560 3212//5560
f 3222//49 3216//49 3223//49
f 3222//4077 3223//4077 3224//4077
f 3222//5561 3221//5561 3216//5561
f 3225//4696 3224//4696 3226//4696
f 3225//4697 3222//4697 3224//4697
f 3222//4698 3225//4698 3227//4698
f 3222//4699 3227//4699 3228//4699
f 3221//5562 3228//5562 3229//5562
f 3221//5563 3222//5563 3228//5563
f 3220//4702 3229//4702 3230//4702
f 3220//5564 3221//5564 3229//5564
f 3229//393 3231//393 3230//393
f 3228//393 3227//393 3232//393
f 3228//394 3232//394 3231//394
f 3228//393 3231//393 3229//393
f 3233//4705 3220//4705 3230//4705
f 3233//5565 3230//5565 3231//5565
f 3234//5566 3231//5566 3232//5566
f 3234//5567 3233//5567 3231//5567
f 3225//5568 3232//5568 3227//5568
f 3225//5569 3234//5569 3232//5569
f 3225//636 3226//636 3235//636
f 3234//637 3235//637 3236//637
f 3234//638 3236//638 3201//638
f 3234//5570 3225//5570 3235//5570
f 3233//628 3201//628 3202//628
f 3233//630 3202//630 3206//630
f 3233//5571 3234//5571 3201//5571
f 3220//5572 3206//5572 3209//5572
f 3220//4711 3233//4711 3206//4711
f 3217//4712 3237//5573 3216//5574
f 3216//5575 3237//5576 3223//4715
f 3150//5577 3238//5577 3148//5577
f 3219//4718 3238//4718 3217//4718
f 3148//4719 3238//4719 3219//4719
f 3217//5578 3238//5578 3237//5578
f 3223//4722 3239//4722 3224//4722
f 3237//5579 3239//5579 3223//5579
f 3150//5580 3240//5580 3238//5580
f 3237//5581 3240//5193 3239//5193
f 3238//5582 3240//5583 3237//5584
f 3224//5585 3241//5585 3226//5585
f 3239//4729 3241//4729 3224//4729
f 3240//5586 3241//5587 3239//5587
f 3155//5588 3242//5588 3150//5588
f 3240//5589 3242//5590 3241//5590
f 3150//5591 3242//5591 3240//5591
f 3226//5592 3243//5592 3235//5592
f 3235//5593 3243//5593 3236//5105
f 3241//5594 3243//5594 3226//5594
f 3155//5595 3244//5595 3242//5595
f 3241//5596 3244//5597 3243//5597
f 3242//5598 3244//5598 3241//5599
f 3236//5600 3245//5600 3201//5600
f 3201//5601 3245//5601 3199//5601
f 3243//5602 3245//5603 3236//5108
f 3199//4744 3246//4744 3204//4744
f 3204//5604 3246//5604 3159//5604
f 3159//5605 3246//5605 3155//5605
f 3155//5109 3246//5109 3244//5109
f 3245//5606 3246//5606 3199//5606
f 3244//5607 3246//5607 3243//5607
f 3243//5608 3246//5608 3245//5608
f 3247//1171 707//1171 3248//1171
f 703//1465 707//1465 3247//1465
f 3248//1466 706//1466 3249//1466
f 707//1476 706//1476 3248//1476
f 3249//1467 699//1467 3250//1467
f 706//1468 699//1468 3249//1468
f 3250//1470 696//1470 3251//1470
f 699//1470 696//1470 3250//1470
f 3252//5609 3253//5610 3254//5611
f 3255//5612 3256//5613 3257//5614
f 3257//5615 3256//5616 3258//5617
f 3248//5618 3259//5619 3247//5620
f 3249//5621 3259//5622 3248//5623
f 3260//5624 3259//5625 3255//5626
f 3247//5627 3259//5628 3260//5629
f 3255//5630 3259//5631 3256//5632
f 3258//5633 3261//5634 3262//5635
f 3256//5636 3261//5637 3258//5638
f 3259//5639 3263//5640 3256//5641
f 3256//5642 3263//5643 3261//5644
f 3249//5645 3263//5646 3259//5647
f 3262//5648 3264//5649 3252//5650
f 3261//5651 3264//5652 3262//5653
f 3252//5654 3264//5241 3253//5655
f 3250//5656 3265//5657 3249//5658
f 3251//5659 3265//5660 3250//5661
f 3253//5662 3265//5663 3266//5664
f 3266//5665 3265//5666 3251//5667
f 3264//4341 3265//5668 3253//5669
f 3249//5670 3265//5671 3263//5672
f 3263//5673 3265//5673 3261//5673
f 3261//5674 3265//5674 3264//5674
f 3267//5675 3268//4349 3251//5676
f 3253//5677 3268//5677 3254//5677
f 3266//5678 3268//5678 3253//5678
f 3251//5679 3268//5680 3266//5681
f 3254//5682 3268//5682 3269//5682
f 3268//5683 3270//5683 3269//5683
f 3271//4844 3272//4844 3267//4844
f 3268//5684 3272//5684 3270//5684
f 3267//5685 3272//5685 3268//5685
f 3269//5686 3273//5686 3274//5686
f 3270//5687 3273//5687 3269//5687
f 3271//5688 3273//5688 3272//5688
f 3272//5689 3273//5689 3270//5689
f 3273//5690 3275//5690 3274//5690
f 3276//5691 3277//5692 3271//5693
f 3271//5694 3277//5695 3273//5696
f 3273//5697 3277//5697 3275//5697
f 3278//5698 3279//5699 3276//5700
f 3274//5701 3279//5701 3280//5701
f 3277//5702 3279//5702 3275//5702
f 3275//5703 3279//5703 3274//5703
f 3276//5704 3279//5705 3277//5706
f 3279//5707 3281//5707 3280//5707
f 3282//5708 3283//5708 3278//5708
f 3278//5709 3283//5709 3279//5709
f 3279//5710 3283//5710 3281//5710
f 3247//5711 3284//5712 3282//5713
f 3280//5714 3284//5714 3257//5714
f 3257//5715 3284//5715 3255//5715
f 3255//5716 3284//5716 3260//5716
f 3260//5717 3284//5718 3247//5719
f 3282//5720 3284//5720 3283//5720
f 3281//5721 3284//5722 3280//5722
f 3283//5723 3284//5723 3281//5723
f 3251//628 696//628 3267//628
f 3267//5724 692//5724 3271//5724
f 696//4395 692//4395 3267//4395
f 3271//632 693//632 3276//632
f 3276//885 693//885 3278//885
f 692//4808 693//4808 3271//4808
f 3278//4397 697//4397 3282//4397
f 693//4398 697//4398 3278//4398
f 3282//5725 703//5725 3247//5725
f 697//4399 703//4399 3282//4399
f 3285//5726 3286//5727 3287//5728
f 3288//5729 3289//5730 3290//5731
f 3290//5732 3289//5733 3291//4883
f 3269//5734 3292//5734 3254//5734
f 3293//5735 3292//5736 3288//5737
f 3254//5738 3292//5738 3293//5738
f 3288//5739 3292//5740 3289//5741
f 3291//5742 3294//5742 3295//5742
f 3289//5743 3294//5743 3291//5743
f 3269//5744 3294//5744 3292//5744
f 3292//5745 3294//5745 3289//5745
f 3294//5746 3296//5746 3295//5746
f 3274//4422 3297//4422 3269//4422
f 3294//5747 3297//5747 3296//5747
f 3269//5748 3297//5748 3294//5748
f 3298//5346 3299//5749 3300//5750
f 3295//5751 3299//5752 3298//5753
f 3296//5754 3299//5755 3295//5756
f 3274//4434 3301//4434 3297//4434
f 3297//5757 3301//5758 3296//5759
f 3296//5760 3301//5761 3299//5762
f 3299//5763 3302//5764 3300//5346
f 3280//5765 3303//5765 3274//5765
f 3274//5766 3303//5766 3301//5766
f 3299//5767 3303//5768 3302//5769
f 3301//5770 3303//5771 3299//5772
f 3300//5773 3304//5773 3285//5773
f 3280//5774 3304//5774 3303//5774
f 3302//5775 3304//5775 3300//5775
f 3303//5776 3304//5776 3302//5776
f 3285//5777 3305//5778 3286//5779
f 3304//5780 3305//5780 3285//5780
f 3286//5781 3306//5782 3307//5783
f 3307//5784 3306//5784 3257//5784
f 3257//5785 3306//5785 3280//5785
f 3305//5786 3306//5787 3286//5788
f 3280//5789 3306//5789 3304//5789
f 3304//5790 3306//5790 3305//5790
f 3308//4471 3309//4471 3310//4471
f 3311//4472 3310//4472 3312//4472
f 3311//4472 3308//4472 3310//4472
f 3313//4471 3314//4471 3309//4471
f 3313//4471 3309//4471 3308//4471
f 3315//4473 3316//4473 3317//4473
f 3315//4474 3312//4474 3316//4474
f 3315//4474 3311//4474 3312//4474
f 3318//4472 3308//4472 3311//4472
f 3318//4472 3313//4472 3308//4472
f 3319//4475 3320//4475 3321//4475
f 3319//5791 3321//5791 3314//5791
f 3319//5792 3314//5792 3313//5792
f 3322//4473 3317//4473 3298//4473
f 3322//4474 3311//4474 3315//4474
f 3322//4474 3318//4474 3311//4474
f 3322//4473 3315//4473 3317//4473
f 3323//4479 3285//4479 3287//4479
f 3323//4480 3287//4480 3320//4480
f 3323//4472 3313//4472 3318//4472
f 3323//5378 3320//5378 3319//5378
f 3323//4472 3319//4472 3313//4472
f 3324//4482 3298//4482 3300//4482
f 3324//4483 3300//4483 3285//4483
f 3324//4484 3285//4484 3323//4484
f 3324//4473 3322//4473 3298//4473
f 3324//4474 3318//4474 3322//4474
f 3324//4485 3323//4485 3318//4485
f 3325//5793 3309//5793 3326//5793
f 3310//5794 3309//5794 3325//5794
f 3327//4488 3310//4488 3325//4488
f 3312//5795 3327//5795 3328//5795
f 3312//5796 3310//5796 3327//5796
f 3329//4491 3312//4491 3328//4491
f 3316//5797 3312//5797 3329//5797
f 3330//5798 3316//5798 3329//5798
f 3317//5799 3330//5799 3331//5799
f 3317//5385 3316//5385 3330//5385
f 3332//5800 3333//5800 3334//5800
f 3335//5801 3333//5801 3336//5801
f 3337//5802 3333//5802 3335//5802
f 3334//5803 3333//5803 3337//5803
f 3336//5804 3333//5804 3338//5804
f 3333//5805 3339//5805 3338//5805
f 3331//5806 3340//5806 3341//5806
f 3341//5807 3340//5807 3332//5807
f 3333//5808 3340//5808 3339//5808
f 3332//5809 3340//5809 3333//5809
f 3338//4506 3342//4506 3343//4506
f 3340//5810 3342//5810 3339//5810
f 3339//5811 3342//5811 3338//5811
f 3331//5806 3342//5806 3340//5806
f 3342//5812 3344//5812 3343//5812
f 3330//5813 3345//5813 3331//5813
f 3342//5814 3345//5814 3344//5814
f 3331//5815 3345//5815 3342//5815
f 3328//5816 3346//5816 3329//5816
f 3329//5817 3346//5818 3330//5817
f 3343//5819 3346//5819 3347//5819
f 3347//5820 3346//5820 3348//5820
f 3348//5821 3346//5821 3349//5821
f 3349//5822 3346//5822 3328//5822
f 3344//5823 3346//5823 3343//5823
f 3345//5824 3346//5824 3344//5824
f 3330//5825 3346//5825 3345//5825
f 3341//5826 3317//5826 3331//5826
f 3350//5827 3317//5827 3341//5827
f 3332//5828 3350//5828 3341//5828
f 3351//5829 3332//5829 3334//5829
f 3351//5830 3350//5830 3332//5830
f 3352//4533 3351//4533 3334//4533
f 3353//5831 3351//5831 3352//5831
f 3354//5832 3353//5832 3352//5832
f 3309//5833 3354//5833 3326//5833
f 3309//5834 3353//5834 3354//5834
f 3355//4538 3317//4538 3350//4538
f 3356//4542 3351//4542 3353//4542
f 3356//4539 3350//4539 3351//4539
f 3356//4539 3355//4539 3350//4539
f 3357//4538 3298//4538 3317//4538
f 3357//4538 3317//4538 3355//4538
f 3358//4541 3353//4541 3309//4541
f 3358//4542 3356//4542 3353//4542
f 3359//4539 3355//4539 3356//4539
f 3359//4542 3356//4542 3358//4542
f 3359//4539 3357//4539 3355//4539
f 3360//5835 3291//5835 3295//5835
f 3360//4544 3295//4544 3298//4544
f 3360//4538 3298//4538 3357//4538
f 3361//4541 3309//4541 3314//4541
f 3361//4542 3359//4542 3358//4542
f 3361//4545 3358//4545 3309//4545
f 3362//5422 3363//5422 3290//5422
f 3362//4547 3290//4547 3291//4547
f 3362//4539 3357//4539 3359//4539
f 3362//4539 3360//4539 3357//4539
f 3362//4548 3291//4548 3360//4548
f 3364//5424 3314//5424 3365//5424
f 3364//4550 3365//4550 3363//4550
f 3364//4541 3361//4541 3314//4541
f 3364//5836 3363//5836 3362//5836
f 3364//4542 3359//4542 3361//4542
f 3364//4542 3362//4542 3359//4542
f 3363//5837 3288//5837 3290//5837
f 3286//5838 3366//5839 3287//5840
f 3287//5841 3366//5842 3320//5843
f 3258//5844 3367//5844 3257//5844
f 3307//5845 3367//5846 3286//5847
f 3257//5848 3367//5848 3307//5848
f 3286//5849 3367//5850 3366//5851
f 3320//5852 3368//5852 3321//5852
f 3366//5853 3368//5853 3320//5853
f 3258//5854 3368//5854 3367//5854
f 3367//5855 3368//5855 3366//5855
f 3368//5856 3369//5856 3321//5856
f 3262//5857 3370//5857 3258//5857
f 3368//5858 3370//5858 3369//5858
f 3258//5859 3370//5859 3368//5859
f 3321//5860 3371//5861 3314//5862
f 3369//5863 3371//5864 3321//5865
f 3262//5866 3372//5866 3370//5866
f 3370//5867 3372//5868 3369//5869
f 3369//5870 3372//5871 3371//5872
f 3314//5873 3373//5873 3365//5873
f 3371//5874 3373//5874 3314//5874
f 3252//5875 3374//5875 3262//5875
f 3371//5876 3374//5877 3373//5878
f 3262//5879 3374//5879 3372//5879
f 3372//5880 3374//5881 3371//5882
f 3365//4600 3375//4600 3363//4600
f 3373//5883 3375//5883 3365//5883
f 3252//5884 3375//5884 3374//5884
f 3374//5885 3375//5885 3373//5885
f 3288//5886 3376//5887 3293//5888
f 3375//5889 3376//5889 3363//5889
f 3363//5837 3376//5837 3288//5837
f 3293//5890 3377//5890 3254//5890
f 3254//5891 3377//5891 3252//5891
f 3376//5892 3377//5893 3293//5894
f 3252//5895 3377//5895 3375//5895
f 3375//5896 3377//5896 3376//5896
f 3327//5897 3378//5897 3328//5897
f 3348//5898 3378//5898 3347//5898
f 3349//5085 3378//5085 3348//5085
f 3328//5899 3378//5899 3349//5899
f 3347//5499 3378//5499 3379//5499
f 3378//5900 3380//5900 3379//5900
f 3325//5901 3381//5901 3327//5901
f 3327//5902 3381//5902 3378//5902
f 3378//5903 3381//5903 3380//5903
f 3326//4630 3382//4630 3325//4630
f 3379//5904 3382//5904 3383//5904
f 3325//5905 3382//5905 3381//5905
f 3381//5906 3382//5906 3380//5906
f 3380//5907 3382//5907 3379//5907
f 3382//5908 3384//5908 3383//5908
f 3354//5909 3385//5909 3326//5909
f 3326//5910 3385//5910 3382//5910
f 3382//5911 3385//5911 3384//5911
f 3383//5912 3386//5912 3336//5912
f 3336//5913 3386//5913 3335//5913
f 3335//5914 3386//5914 3337//5914
f 3337//5915 3386//5915 3334//5915
f 3334//5916 3386//5917 3352//5917
f 3352//5918 3386//5918 3354//5918
f 3384//5919 3386//5919 3383//5919
f 3354//5920 3386//5920 3385//5920
f 3385//5921 3386//5921 3384//5921
f 3387//5922 3388//5922 3389//5922
f 3389//5923 3388//5923 3390//5923
f 3379//5924 3391//5924 3347//5924
f 3392//5925 3391//5925 3387//5925
f 3347//5926 3391//5926 3392//5926
f 3387//5120 3391//5120 3388//5120
f 3390//5927 3393//5927 3394//5927
f 3388//4655 3393//4655 3390//4655
f 3379//5928 3395//5928 3391//5928
f 3388//5929 3395//5929 3393//5929
f 3391//5531 3395//5531 3388//5531
f 3394//5930 3396//5931 3397//5931
f 3393//5932 3396//5932 3394//5933
f 3383//5934 3398//5934 3379//5934
f 3395//5935 3398//5936 3393//5937
f 3393//5938 3398//5939 3396//5940
f 3379//5941 3398//5941 3395//5941
f 3397//5942 3399//5943 3400//5944
f 3396//5945 3399//5946 3397//5947
f 3398//5948 3401//5948 3396//5948
f 3383//5949 3401//5949 3398//5949
f 3396//5950 3401//5950 3399//5950
f 3400//5951 3402//5952 3403//5953
f 3403//5954 3402//5954 3404//5954
f 3404//5955 3402//5955 3405//5955
f 3399//5956 3402//5957 3400//5956
f 3405//5958 3406//4681 3407//4681
f 3407//5959 3406//5959 3336//5959
f 3336//5960 3406//5960 3383//5960
f 3402//5961 3406//5961 3405//5962
f 3383//5963 3406//5963 3401//5963
f 3401//5964 3406//5964 3399//5964
f 3399//5965 3406//5168 3402//5168
f 3408//885 3397//885 3400//885
f 3409//675 3400//675 3403//675
f 3409//886 3403//886 3404//886
f 3409//5560 3408//5560 3400//5560
f 3410//5966 3404//5966 3411//5966
f 3410//4077 3411//4077 3412//4077
f 3410//4695 3409//4695 3404//4695
f 3413//4696 3412//4696 3414//4696
f 3413//4697 3410//4697 3412//4697
f 3410//4698 3413//4698 3415//4698
f 3410//4698 3415//4698 3416//4698
f 3409//4701 3416//4701 3417//4701
f 3409//4701 3410//4701 3416//4701
f 3408//4703 3417//4703 3418//4703
f 3408//5967 3409//5967 3417//5967
f 3415//393 3419//393 3420//393
f 3415//394 3420//394 3418//394
f 3416//394 3418//394 3417//394
f 3416//393 3415//393 3418//393
f 3421//5968 3408//5968 3418//5968
f 3421//4704 3418//4704 3420//4704
f 3422//4706 3420//4706 3419//4706
f 3422//5969 3421//5969 3420//5969
f 3413//5568 3419//5568 3415//5568
f 3413//4708 3422//4708 3419//4708
f 3413//636 3414//636 3423//636
f 3422//637 3423//637 3424//637
f 3422//638 3424//638 3389//638
f 3422//4709 3413//4709 3423//4709
f 3421//628 3389//628 3390//628
f 3421//3951 3390//3951 3394//3951
f 3421//5571 3422//5571 3389//5571
f 3408//632 3394//632 3397//632
f 3408//5970 3421//5970 3394//5970
f 3405//5971 3425//5971 3404//5971
f 3404//4712 3425//4712 3411//4712
f 3338//5972 3426//5972 3336//5972
f 3407//5578 3426//5578 3405//5578
f 3336//4719 3426//4719 3407//4719
f 3405//5973 3426//5973 3425//5973
f 3411//5974 3427//5974 3412//5974
f 3425//5975 3427//5975 3411//5975
f 3338//5976 3428//5976 3426//5976
f 3425//4726 3428//4726 3427//4726
f 3426//5977 3428//5977 3425//5977
f 3414//5978 3429//5978 3423//5978
f 3412//5979 3429//5979 3414//5979
f 3427//5980 3429//5980 3412//5980
f 3343//5981 3430//5981 3338//5981
f 3428//5982 3430//5982 3427//5982
f 3427//5983 3430//5983 3429//5983
f 3338//5984 3430//5984 3428//5984
f 3429//5985 3431//5985 3423//5985
f 3430//5986 3432//5986 3429//5986
f 3343//5987 3432//5987 3430//5987
f 3429//5988 3432//5988 3431//5988
f 3423//5989 3433//5990 3424//5990
f 3424//5991 3433//5991 3389//5991
f 3389//5992 3433//5992 3387//5992
f 3431//5993 3433//5994 3423//5993
f 3387//5995 3434//5996 3392//5996
f 3392//5997 3434//5997 3347//5997
f 3347//5605 3434//5605 3343//5605
f 3433//5998 3434//5999 3387//6000
f 3343//6001 3434//6001 3432//6001
f 3432//6002 3434//6002 3431//6002
f 3431//6003 3434//6003 3433//6003
f 3435//6004 3436//6005 3437//6006
f 3438//6007 3435//6007 3439//6007
f 3440//6008 3438//6008 3441//6008
f 3442//6009 3440//6009 3443//6009
f 3444//6010 3445//6010 3446//6010
f 3447//6011 3448//6011 3444//6011
f 3449//6012 3450//6012 3447//6012
f 3451//6013 3450//6013 3449//6013
f 3452//6014 3450//6014 3451//6014
f 3453//6015 3450//6015 3452//6015
f 3454//6016 3455//6016 3439//6016
f 3454//6017 3456//6017 3455//6017
f 3454//6018 3437//6018 3456//6018
f 3454//6019 3439//6019 3435//6019
f 3454//6020 3435//6021 3437//6022
f 3457//6023 3439//6023 3441//6023
f 3457//6024 3438//6024 3439//6024
f 3457//6025 3441//6025 3438//6025
f 3458//6026 3441//6026 3443//6026
f 3458//6027 3440//6027 3441//6027
f 3458//6028 3443//6028 3440//6028
f 3459//6029 3443//6029 3460//6029
f 3459//6030 3442//6030 3443//6030
f 3461//6031 3459//6031 3460//6031
f 3462//6032 3463//6032 3442//6032
f 3462//6033 3442//6033 3459//6033
f 3462//6034 3459//6034 3461//6034
f 3464//6035 3460//6035 3465//6035
f 3464//6036 3461//6036 3460//6036
f 3464//6037 3463//6037 3462//6037
f 3464//6038 3462//6038 3461//6038
f 3466//6039 3464//6039 3465//6039
f 3467//6040 3468//6040 3463//6040
f 3467//6041 3464//6041 3466//6041
f 3467//6042 3463//6042 3464//6042
f 3469//6043 3465//6043 3470//6043
f 3469//6044 3466//6044 3465//6044
f 3469//6045 3468//6045 3467//6045
f 3469//6046 3467//6046 3466//6046
f 3471//6047 3469//6047 3470//6047
f 3472//6048 3473//6048 3468//6048
f 3472//6049 3468//6049 3469//6049
f 3472//6050 3469//6050 3471//6050
f 3474//6051 3470//6051 3475//6051
f 3474//6052 3473//6052 3472//6052
f 3474//6053 3471//6053 3470//6053
f 3474//6054 3472//6054 3471//6054
f 3476//6055 3474//6055 3475//6055
f 3477//6056 3478//6056 3473//6056
f 3477//6057 3473//6057 3474//6057
f 3477//6058 3474//6058 3476//6058
f 3479//6059 3476//6059 3475//6059
f 3479//6060 3477//6060 3476//6060
f 3479//6061 3475//6061 3480//6061
f 3479//6062 3478//6062 3477//6062
f 3481//6063 3479//6063 3480//6063
f 3482//6064 3478//6064 3479//6064
f 3482//6065 3483//6065 3478//6065
f 3482//6066 3479//6066 3481//6066
f 3484//6067 3480//6067 3446//6067
f 3484//6068 3481//6068 3480//6068
f 3484//6069 3482//6069 3481//6069
f 3484//6070 3483//6070 3482//6070
f 3485//6071 3484//6071 3446//6071
f 3485//6072 3446//6072 3445//6072
f 3486//6073 3483//6073 3484//6073
f 3486//6074 3485//6074 3445//6074
f 3486//6075 3445//6075 3483//6075
f 3486//6076 3484//6076 3485//6076
f 3487//6077 3445//6077 3444//6077
f 3487//6078 3444//6078 3448//6078
f 3488//6079 3487//6079 3448//6079
f 3488//6080 3445//6080 3487//6080
f 3488//6081 3448//6081 3445//6081
f 3489//6082 3448//6082 3447//6082
f 3489//6083 3447//6083 3450//6083
f 3490//6084 3450//6084 3448//6084
f 3490//6085 3489//6085 3450//6085
f 3490//6086 3448//6086 3489//6086
f 3491//151 3446//151 3492//151
f 3446//151 3480//151 3492//151
f 3493//151 3444//151 3491//151
f 3491//1516 3444//1516 3446//1516
f 3480//151 3494//151 3492//151
f 3480//1749 3475//1749 3494//1749
f 3495//61 3447//61 3493//61
f 3493//6087 3447//6087 3444//6087
f 3475//1521 3496//1521 3494//1521
f 3497//352 3449//352 3495//352
f 3495//234 3449//234 3447//234
f 3475//61 3470//61 3496//61
f 3470//143 3498//143 3496//143
f 3497//89 3499//89 3449//89
f 3499//1522 3500//1522 3449//1522
f 3470//62 3465//62 3498//62
f 3465//119 3501//119 3498//119
f 3499//301 3502//301 3500//301
f 3502//61 3503//61 3500//61
f 3465//61 3460//61 3501//61
f 3460//62 3504//62 3501//62
f 3502//70 3505//70 3503//70
f 3460//254 3443//254 3504//254
f 3505//234 3506//234 3503//234
f 3443//70 3507//70 3504//70
f 3505//61 3508//61 3506//61
f 3443//1517 3441//1517 3507//1517
f 3508//147 3509//147 3506//147
f 3441//147 3510//147 3507//147
f 3508//145 3511//145 3509//145
f 3441//296 3439//296 3510//296
f 3511//234 3512//234 3509//234
f 3439//296 3513//296 3510//296
f 3511//301 3514//301 3512//301
f 3439//61 3455//61 3513//61
f 3514//62 3515//62 3512//62
f 3455//352 3516//352 3513//352
f 3514//151 3517//151 3515//151
f 3517//296 3518//296 3515//296
f 3455//1519 3519//1519 3516//1519
f 3520//62 3519//62 3455//62
f 3517//77 3521//77 3518//77
f 3521//296 3522//296 3518//296
f 3520//1741 3523//1741 3519//1741
f 3524//61 3523//61 3520//61
f 3521//296 3525//296 3522//296
f 3522//61 3525//61 3526//61
f 3526//62 3527//62 3524//62
f 3524//296 3527//296 3523//296
f 3525//277 3527//277 3526//277
f 3528//3767 3516//3767 3529//3767
f 3529//6088 3519//6088 3530//6088
f 3516//6089 3519//6089 3529//6089
f 3530//6090 3523//6090 3531//6090
f 3519//6091 3523//6091 3530//6091
f 3531//6092 3527//6092 3532//6092
f 3523//6093 3527//6093 3531//6093
f 3532//6094 3525//6094 3533//6094
f 3527//6095 3525//6095 3532//6095
f 3533//6096 3521//6096 3534//6096
f 3525//6097 3521//6097 3533//6097
f 3534//6098 3517//6098 3535//6098
f 3521//6099 3517//6099 3534//6099
f 3535//6100 3514//6100 3536//6100
f 3517//6101 3514//6101 3535//6101
f 3536//6102 3511//6102 3537//6102
f 3514//6103 3511//6103 3536//6103
f 3537//6104 3508//6104 3538//6104
f 3511//6105 3508//6105 3537//6105
f 3538//6106 3505//6106 3539//6106
f 3508//6107 3505//6107 3538//6107
f 3539//6108 3502//6108 3540//6108
f 3505//6109 3502//6109 3539//6109
f 3540//6110 3499//6110 3541//6110
f 3502//6111 3499//6111 3540//6111
f 3541//6112 3497//6112 3542//6112
f 3499//6113 3497//6113 3541//6113
f 3540//6114 3541//6114 3543//6114
f 3539//6115 3540//6115 3544//6115
f 3538//6116 3539//6116 3545//6116
f 3546//6117 3531//6117 3547//6117
f 3548//6118 3530//6118 3546//6118
f 3436//6119 3529//6119 3548//6119
f 3549//6120 3529//6120 3436//6120
f 3550//6121 3529//6121 3549//6121
f 3528//6122 3529//6122 3550//6122
f 3551//6123 3541//6123 3542//6124
f 3551//6125 3552//6125 3453//6125
f 3551//6126 3553//6126 3552//6126
f 3551//6127 3542//6128 3553//6129
f 3551//6130 3453//6130 3543//6130
f 3551//6131 3543//6131 3541//6131
f 3554//6132 3543//6132 3544//6132
f 3554//6133 3540//6133 3543//6133
f 3554//6134 3544//6134 3540//6134
f 3555//6135 3544//6135 3545//6135
f 3555//6136 3539//6136 3544//6136
f 3555//6137 3545//6137 3539//6137
f 3556//6138 3545//6138 3557//6138
f 3556//6139 3538//6139 3545//6139
f 3558//6140 3556//6140 3557//6140
f 3559//6141 3537//6141 3538//6141
f 3559//6142 3538//6142 3556//6142
f 3559//6143 3556//6143 3558//6143
f 3560//6144 3557//6144 3561//6144
f 3560//6145 3558//6145 3557//6145
f 3560//6146 3537//6146 3559//6146
f 3560//6147 3559//6147 3558//6147
f 3562//6148 3560//6148 3561//6148
f 3563//6149 3536//6149 3537//6149
f 3563//6150 3560//6150 3562//6150
f 3563//6151 3537//6151 3560//6151
f 3564//6152 3562//6152 3561//6152
f 3564//6153 3561//6153 3565//6153
f 3564//6154 3536//6154 3563//6154
f 3564//6155 3563//6155 3562//6155
f 3566//6156 3564//6156 3565//6156
f 3567//6157 3535//6157 3536//6157
f 3567//6158 3536//6158 3564//6158
f 3567//6159 3564//6159 3566//6159
f 3568//6160 3565//6160 3569//6160
f 3568//6161 3566//6161 3565//6161
f 3568//6162 3535//6162 3567//6162
f 3568//6163 3567//6163 3566//6163
f 3570//6164 3568//6164 3569//6164
f 3571//6165 3568//6165 3570//6165
f 3571//6166 3534//6166 3535//6166
f 3571//6167 3535//6167 3568//6167
f 3572//6168 3570//6168 3569//6168
f 3572//6169 3571//6169 3570//6169
f 3572//6170 3534//6170 3571//6170
f 3572//6171 3569//6171 3573//6171
f 3574//6172 3572//6173 3573//6173
f 3575//6174 3534//6174 3572//6174
f 3575//6175 3572//6175 3574//6175
f 3575//6176 3533//6176 3534//6176
f 3576//6177 3574//6177 3573//6177
f 3576//6178 3575//6178 3574//6178
f 3576//6179 3533//6179 3575//6179
f 3576//6180 3573//6180 3577//6180
f 3578//6181 3576//6181 3577//6181
f 3579//6182 3533//6182 3576//6182
f 3579//6183 3576//6183 3578//6183
f 3579//6184 3532//6184 3533//6184
f 3580//6185 3577//6185 3547//6185
f 3580//6186 3578//6186 3577//6186
f 3580//6187 3579//6187 3578//6187
f 3580//6188 3532//6188 3579//6188
f 3581//6189 3580//6189 3547//6189
f 3581//6190 3547//6190 3531//6190
f 3582//6191 3532//6191 3580//6191
f 3582//6192 3531//6192 3532//6192
f 3582//6193 3581//6193 3531//6193
f 3582//6194 3580//6194 3581//6194
f 3583//6195 3531//6195 3546//6195
f 3583//6196 3546//6196 3530//6196
f 3584//6197 3530//6197 3531//6197
f 3584//6198 3583//6198 3530//6198
f 3584//6199 3531//6199 3583//6199
f 3585//6200 3530//6200 3548//6200
f 3585//6201 3548//6201 3529//6201
f 3586//6202 3529//6202 3530//6202
f 3586//6203 3585//6203 3529//6203
f 3586//6204 3530//6204 3585//6204
f 3552//6205 3450//6206 3453//6207
f 3542//6208 3587//6208 3553//6208
f 3588//6209 3549//6210 3436//6211
f 3588//6212 3436//6213 3435//6213
f 3589//6214 3590//6215 3528//6216
f 3589//6217 3550//6217 3549//6217
f 3589//6218 3528//6219 3550//6220
f 3589//6221 3549//6221 3588//6221
f 3591//6222 3435//6223 3438//6223
f 3591//6224 3588//6225 3435//6225
f 3592//6226 3593//6226 3590//6227
f 3592//6228 3589//6228 3588//6228
f 3592//6229 3588//6229 3591//6229
f 3592//6230 3590//6231 3589//6230
f 3594//6232 3438//6232 3440//6232
f 3594//6233 3591//6233 3438//6233
f 3595//6234 3596//6234 3593//6234
f 3595//6235 3597//6236 3596//6235
f 3595//6237 3591//6238 3594//6239
f 3595//6240 3593//6241 3592//6241
f 3595//6242 3592//6243 3591//6244
f 3598//6245 3440//6246 3442//6247
f 3598//6248 3594//6249 3440//6250
f 3599//6251 3595//6252 3594//6253
f 3599//6254 3594//6255 3598//6256
f 3599//6257 3597//6257 3595//6257
f 3600//6258 3442//6258 3463//6258
f 3600//6259 3599//6260 3598//6260
f 3600//6261 3598//6261 3442//6261
f 3601//6262 3602//6263 3597//6264
f 3601//6265 3597//6266 3599//6267
f 3601//6268 3599//6268 3600//6269
f 3603//6270 3463//6270 3468//6270
f 3603//6271 3468//6272 3473//6273
f 3603//6274 3600//6274 3463//6274
f 3604//6275 3605//6276 3602//6276
f 3604//6277 3602//6278 3601//6278
f 3604//6279 3600//6279 3603//6279
f 3604//6280 3601//6280 3600//6280
f 3606//6281 3603//6282 3473//6283
f 3607//6284 3608//6284 3605//6285
f 3607//6286 3605//6286 3604//6286
f 3607//6287 3604//6288 3603//6289
f 3607//6290 3603//6291 3606//6292
f 3609//6293 3473//6294 3478//6295
f 3609//6296 3478//6297 3483//6298
f 3609//6299 3606//6300 3473//6301
f 3610//6302 3607//6302 3606//6302
f 3610//6303 3611//6303 3608//6303
f 3610//6304 3606//6305 3609//6304
f 3610//6306 3608//6306 3607//6306
f 3612//6307 3609//6308 3483//6307
f 3613//6309 3610//6310 3609//6311
f 3613//6312 3611//6312 3610//6312
f 3613//6313 3614//6314 3611//6314
f 3613//6315 3609//6316 3612//6317
f 3615//6318 3483//6318 3445//6318
f 3615//6319 3445//6319 3448//6319
f 3615//6320 3612//6320 3483//6320
f 3616//6321 3614//6321 3613//6321
f 3616//6322 3617//6322 3614//6322
f 3616//6323 3613//6324 3612//6325
f 3616//6326 3612//6327 3615//6327
f 3618//6328 3615//6328 3448//6328
f 3619//6329 3620//6329 3617//6329
f 3619//6330 3617//6330 3616//6330
f 3619//6331 3616//6331 3615//6331
f 3619//6332 3615//6332 3618//6332
f 3621//6333 3618//6333 3448//6333
f 3621//6334 3448//6335 3450//6334
f 3621//6336 3450//6337 3552//6338
f 3622//6339 3587//6339 3620//6339
f 3622//6340 3619//6340 3618//6341
f 3622//6342 3621//6342 3552//6342
f 3622//6343 3552//6344 3553//6343
f 3622//6345 3620//6345 3619//6345
f 3622//6346 3618//6347 3621//6346
f 3622//6348 3553//6348 3587//6349
f 3497//6350 3495//6350 3542//6350
f 3542//6351 3495//6351 3587//6351
f 3587//6352 3493//6352 3620//6352
f 3495//6353 3493//6353 3587//6353
f 3617//6354 3491//6354 3614//6354
f 3620//6355 3491//6355 3617//6355
f 3493//6356 3491//6356 3620//6356
f 3491//6357 3492//6357 3614//6357
f 3614//3615 3494//3615 3611//3615
f 3492//6358 3494//6358 3614//6358
f 3608//711 3496//711 3605//711
f 3611//6359 3496//6359 3608//6359
f 3494//6360 3496//6360 3611//6360
f 3496//627 3498//627 3605//627
f 3605//6361 3501//6361 3602//6361
f 3498//6362 3501//6362 3605//6362
f 3602//6363 3504//6363 3597//6363
f 3501//3619 3504//3619 3602//3619
f 3597//6364 3507//6364 3596//6364
f 3504//3620 3507//3620 3597//3620
f 3596//6365 3510//6365 3593//6365
f 3507//6366 3510//6366 3596//6366
f 3593//6367 3513//6367 3590//6367
f 3510//3622 3513//3622 3593//3622
f 3590//3624 3516//3624 3528//3624
f 3513//3624 3516//3624 3590//3624
f 3543//6368 3453//6368 3452//6368
f 3544//6369 3543//6369 3500//6369
f 3545//6370 3544//6370 3503//6370
f 3557//6371 3545//6371 3506//6371
f 3524//6372 3547//6372 3526//6372
f 3520//6373 3546//6373 3524//6373
f 3455//6374 3548//6374 3520//6374
f 3456//6375 3548//6375 3455//6375
f 3437//6376 3548//6376 3456//6376
f 3436//6377 3548//6377 3437//6377
f 3623//6378 3449//6378 3500//6378
f 3623//6379 3451//6379 3449//6379
f 3623//6380 3452//6380 3451//6380
f 3623//6381 3500//6381 3543//6381
f 3623//6382 3543//6382 3452//6382
f 3624//6383 3500//6383 3503//6383
f 3624//6384 3544//6384 3500//6384
f 3624//6385 3503//6385 3544//6385
f 3625//6386 3503//6386 3506//6386
f 3625//6387 3545//6387 3503//6387
f 3625//6388 3506//6388 3545//6388
f 3626//6389 3506//6389 3509//6389
f 3626//6390 3557//6390 3506//6390
f 3627//6391 3626//6391 3509//6391
f 3628//6392 3561//6392 3557//6392
f 3628//6393 3557//6393 3626//6393
f 3628//6394 3626//6394 3627//6394
f 3629//6395 3509//6395 3512//6395
f 3629//6396 3627//6396 3509//6396
f 3629//6397 3561//6397 3628//6397
f 3629//6398 3628//6398 3627//6398
f 3630//6399 3629//6399 3512//6399
f 3631//6400 3565//6400 3561//6400
f 3631//6401 3629//6401 3630//6401
f 3631//6402 3561//6402 3629//6402
f 3632//6403 3512//6403 3515//6403
f 3632//6404 3630//6404 3512//6404
f 3632//6405 3565//6405 3631//6405
f 3632//6406 3631//6406 3630//6406
f 3633//6407 3632//6407 3515//6407
f 3634//6408 3569//6408 3565//6408
f 3634//6409 3565//6409 3632//6409
f 3634//6410 3632//6410 3633//6410
f 3635//6411 3515//6411 3518//6411
f 3635//6412 3569//6412 3634//6412
f 3635//6413 3633//6413 3515//6413
f 3635//6414 3634//6414 3633//6414
f 3636//6415 3635//6415 3518//6415
f 3637//6416 3573//6416 3569//6416
f 3637//6417 3569//6417 3635//6417
f 3637//6418 3635//6418 3636//6418
f 3638//6419 3636//6419 3518//6419
f 3638//6420 3637//6420 3636//6420
f 3638//6421 3518//6421 3522//6421
f 3638//6422 3573//6422 3637//6422
f 3639//6423 3638//6423 3522//6423
f 3640//6424 3573//6424 3638//6424
f 3640//6425 3577//6425 3573//6425
f 3640//6426 3638//6426 3639//6426
f 3641//6427 3639//6427 3522//6427
f 3641//6428 3522//6428 3526//6428
f 3641//6429 3640//6429 3639//6429
f 3641//6430 3577//6430 3640//6430
f 3642//6431 3641//6431 3526//6431
f 3642//6432 3526//6432 3547//6432
f 3643//6433 3577//6433 3641//6433
f 3643//6434 3642//6434 3547//6434
f 3643//6435 3547//6435 3577//6435
f 3643//6436 3641//6436 3642//6436
f 3644//6437 3547//6437 3524//6437
f 3644//6438 3524//6438 3546//6438
f 3645//6439 3644//6439 3546//6439
f 3645//6440 3547//6440 3644//6440
f 3645//6441 3546//6441 3547//6441
f 3646//6442 3546//6442 3520//6442
f 3646//6443 3520//6443 3548//6443
f 3647//6444 3548//6444 3546//6444
f 3647//6445 3646//6445 3548//6445
f 3647//6446 3546//6446 3646//6446
f 3648//6447 3649//6447 3650//6447
f 3650//6448 3651//6448 3652//6448
f 3649//6449 3651//6449 3650//6449
f 3652//6450 3653//6450 3654//6450
f 3651//6451 3653//6451 3652//6451
f 3654//6452 3655//6452 3656//6452
f 3653//6453 3655//6453 3654//6453
f 3656//6454 3657//6454 3658//6454
f 3655//6455 3657//6455 3656//6455
f 3658//6456 3659//6456 3660//6456
f 3657//6457 3659//6457 3658//6457
f 3660//6458 3661//6458 3662//6458
f 3659//6459 3661//6459 3660//6459
f 3662//6460 3663//6460 3664//6460
f 3661//6461 3663//6461 3662//6461
f 3664//6462 3665//6462 3666//6462
f 3663//6463 3665//6463 3664//6463
f 3666//6464 3667//6464 3668//6464
f 3665//6465 3667//6465 3666//6465
f 3667//6466 3669//6466 3668//6466
f 3668//6467 3670//6467 3671//6467
f 3669//6468 3670//6468 3668//6468
f 3670//6469 3672//6469 3671//6469
f 3669//6470 3667//6470 3673//6470
f 3674//6471 3669//6471 3673//6471
f 3670//6472 3669//6472 3674//6472
f 3672//6473 3670//6473 3674//6473
f 3675//6474 3672//6474 3674//6474
f 3676//6475 3672//6475 3675//6475
f 3677//6476 3676//6476 3675//6476
f 3678//6477 3676//6477 3677//6477
f 3679//6478 3678//6478 3677//6478
f 3680//6479 3678//6479 3679//6479
f 3681//6480 3680//6480 3679//6480
f 3682//6481 3680//6481 3681//6481
f 3683//6482 3682//6482 3681//6482
f 3684//6483 3682//6483 3683//6483
f 3685//6484 3684//6484 3683//6484
f 3686//6485 3685//6485 3687//6485
f 3686//6486 3684//6486 3685//6486
f 3688//6487 3687//6487 3689//6487
f 3688//6488 3686//6488 3687//6488
f 3690//6489 3689//6489 3691//6489
f 3690//6490 3688//6490 3689//6490
f 3692//6491 3691//6491 3693//6491
f 3692//6492 3690//6492 3691//6492
f 3671//3985 3672//3985 3694//3985
f 3694//6493 3676//6493 3695//6493
f 3672//6494 3676//6494 3694//6494
f 3695//6495 3678//6495 3696//6495
f 3676//6496 3678//6496 3695//6496
f 3696//6497 3680//6497 3697//6497
f 3678//6498 3680//6498 3696//6498
f 3697//6499 3682//6499 3698//6499
f 3680//6500 3682//6500 3697//6500
f 3698//6501 3684//6501 3699//6501
f 3682//6502 3684//6502 3698//6502
f 3699//6503 3686//6503 3700//6503
f 3684//6504 3686//6504 3699//6504
f 3700//6505 3688//6505 3701//6505
f 3686//6506 3688//6506 3700//6506
f 3701//6507 3690//6507 3702//6507
f 3688//6508 3690//6508 3701//6508
f 3702//6509 3692//6509 3703//6509
f 3690//6510 3692//6510 3702//6510
f 3692//6511 3704//6511 3703//6511
f 3703//6512 3705//6512 3648//6512
f 3704//6513 3705//6513 3703//6513
f 3705//6514 3649//6514 3648//6514
f 3679//117 3695//117 3696//117
f 3681//296 3679//296 3696//296
f 3697//1749 3681//1749 3696//1749
f 3677//301 3695//301 3679//301
f 3694//183 3695//183 3677//183
f 3683//143 3681//143 3697//143
f 3698//1521 3683//1521 3697//1521
f 3675//1516 3694//1516 3677//1516
f 3671//143 3694//143 3675//143
f 3685//61 3683//61 3698//61
f 3699//61 3685//61 3698//61
f 3674//301 3671//301 3675//301
f 3668//1519 3671//1519 3674//1519
f 3687//61 3685//61 3699//61
f 3700//112 3687//112 3699//112
f 3673//1516 3668//1516 3674//1516
f 3666//151 3668//151 3673//151
f 3689//1758 3687//1758 3700//1758
f 3706//327 3666//119 3673//119
f 3701//296 3689//296 3700//296
f 3664//2166 3666//277 3706//277
f 3691//310 3689//276 3701//276
f 3707//61 3664//66 3706//1738
f 3702//263 3691//117 3701//263
f 3693//296 3691//147 3702//296
f 3662//144 3664//144 3707//144
f 3708//1745 3662//1745 3707//1745
f 3703//1517 3693//1517 3702//1517
f 3709//62 3693//62 3703//62
f 3660//117 3662//117 3708//117
f 3710//296 3660//296 3708//296
f 3648//234 3709//234 3703//234
f 3711//301 3709//301 3648//301
f 3658//277 3660//277 3710//277
f 3712//61 3658//61 3710//61
f 3650//143 3711//143 3648//143
f 3713//62 3711//62 3650//62
f 3656//253 3658//253 3712//253
f 3714//69 3656//69 3712//69
f 3652//1516 3713//1516 3650//1516
f 3652//61 3715//61 3713//61
f 3654//294 3656//294 3714//294
f 3654//77 3714//77 3715//77
f 3654//119 3715//119 3652//119
f 3704//6515 3692//6515 3693//6515
f 3709//6516 3704//6516 3693//6516
f 3705//6517 3704//6517 3709//6517
f 3649//6518 3705//6518 3709//6518
f 3711//6519 3649//6519 3709//6519
f 3651//6520 3649//6520 3711//6520
f 3713//6521 3651//6521 3711//6521
f 3653//6522 3651//6522 3713//6522
f 3715//6523 3653//6523 3713//6523
f 3655//6524 3653//6524 3715//6524
f 3714//6525 3655//6525 3715//6525
f 3657//6526 3655//6526 3714//6526
f 3712//6527 3657//6527 3714//6527
f 3659//6528 3657//6528 3712//6528
f 3710//6529 3659//6529 3712//6529
f 3661//6530 3710//6530 3708//6530
f 3661//6531 3659//6531 3710//6531
f 3663//6532 3708//6532 3707//6532
f 3663//6533 3661//6533 3708//6533
f 3665//6534 3707//6534 3706//6534
f 3665//6535 3663//6535 3707//6535
f 3667//6536 3706//6536 3673//6536
f 3667//6537 3665//6537 3706//6537
f 3716//393 3717//393 3718//393
f 3716//393 3718//393 3719//393
f 3716//393 3719//393 3720//393
f 3721//394 3722//394 3717//394
f 3721//394 3717//394 3716//394
f 3723//393 3722//393 3721//393
f 3724//393 3720//393 3725//393
f 3724//393 3716//393 3720//393
f 3726//393 3724//393 3725//393
f 3727//393 3728//393 3723//393
f 3727//393 3723//393 3721//393
f 3729//393 3724//393 3726//393
f 3730//393 3729//393 3726//393
f 3731//394 3728//394 3727//394
f 3732//393 3731//393 3727//393
f 3733//393 3731//393 3732//393
f 3734//393 3730//393 3735//393
f 3734//394 3729//394 3730//394
f 3736//394 3734//394 3735//394
f 3737//393 3733//393 3732//393
f 3738//394 3737//394 3732//394
f 3739//393 3734//393 3736//393
f 3740//393 3739//393 3736//393
f 3741//393 3737//393 3738//393
f 3742//393 3741//393 3738//393
f 3743//393 3739//393 3740//393
f 3744//394 3741//394 3742//394
f 3745//394 3739//394 3743//394
f 3746//393 3745//393 3743//393
f 3747//394 3742//394 3748//394
f 3747//394 3744//394 3742//394
f 3749//394 3745//394 3746//394
f 3749//393 3748//393 3745//393
f 3750//393 3747//393 3748//393
f 3751//394 3748//394 3749//394
f 3751//394 3750//394 3748//394
f 3752//6538 3746//6539 3743//6540
f 3753//6541 3754//6542 3723//6543
f 3753//6544 3723//6545 3728//6546
f 3755//6547 3756//6548 3757//6549
f 3755//6550 3758//6551 3754//6552
f 3755//6553 3757//6554 3758//6555
f 3755//6556 3754//6557 3753//6558
f 3759//6559 3728//6560 3731//6561
f 3759//6562 3753//6563 3728//6564
f 3760//6565 3761//6566 3756//6567
f 3760//6568 3762//6569 3761//6570
f 3760//6571 3753//6572 3759//6573
f 3760//6574 3755//6575 3753//6576
f 3760//6577 3756//6578 3755//6579
f 3763//6580 3731//6581 3733//6582
f 3763//6583 3759//6584 3731//6585
f 3764//6586 3765//6587 3762//6588
f 3764//6589 3760//6590 3759//6591
f 3764//6592 3762//6593 3760//6594
f 3764//6595 3759//6596 3763//6597
f 3766//6598 3733//6599 3737//6600
f 3766//6601 3763//6602 3733//6603
f 3766//6604 3764//6605 3763//6606
f 3767//6607 3764//6608 3766//6609
f 3767//6610 3765//6611 3764//6612
f 3768//6613 3737//6614 3741//6615
f 3768//6616 3766//6617 3737//6618
f 3769//6619 3770//6620 3765//6621
f 3769//6622 3767//6623 3766//6624
f 3769//6625 3766//6626 3768//6627
f 3769//6628 3765//6629 3767//6630
f 3771//6631 3744//6632 3747//6633
f 3771//6634 3741//6635 3744//6636
f 3771//6637 3769//6638 3768//6639
f 3771//6640 3768//6641 3741//6642
f 3772//6643 3773//6644 3770//6645
f 3772//6646 3774//6647 3773//6648
f 3772//6649 3769//6650 3771//6650
f 3772//6651 3770//6652 3769//6653
f 3775//6654 3771//6655 3747//6656
f 3776//6657 3772//6658 3771//6659
f 3776//6660 3774//6661 3772//6662
f 3776//6663 3771//6664 3775//6665
f 3777//6666 3747//6667 3750//6668
f 3777//6669 3775//6670 3747//6671
f 3777//6672 3776//6673 3775//6674
f 3778//6675 3776//6676 3777//6677
f 3778//6678 3779//6679 3774//6680
f 3778//6681 3774//6682 3776//6683
f 3780//6684 3750//6685 3751//6686
f 3780//6687 3777//6688 3750//6689
f 3781//6690 3777//6691 3780//6692
f 3781//6693 3782//6693 3779//6693
f 3781//6694 3783//6695 3782//6696
f 3781//6697 3778//6698 3777//6699
f 3781//6700 3779//6700 3778//6700
f 3784//6701 3751//6702 3749//6703
f 3784//6704 3780//6705 3751//6706
f 3784//6707 3781//6708 3780//6709
f 3785//6710 3783//6711 3781//6712
f 3785//6713 3781//6714 3784//6715
f 3786//6716 3749//6717 3746//6718
f 3786//6719 3784//6720 3749//6721
f 3786//6722 3746//6723 3752//6724
f 3787//6725 3752//6726 3788//6727
f 3787//6728 3788//6729 3789//6730
f 3787//6731 3783//6732 3785//6733
f 3787//6734 3785//6735 3784//6736
f 3787//6737 3784//6738 3786//6739
f 3787//6740 3790//6741 3783//6742
f 3787//6743 3789//6744 3790//6745
f 3787//6746 3786//6747 3752//6748
f 3791//6749 3752//6750 3743//6751
f 3791//6752 3743//6753 3740//6754
f 3792//6755 3793//6756 3789//6757
f 3792//6758 3788//6759 3752//6760
f 3792//6761 3789//6762 3788//6763
f 3792//6764 3752//6765 3791//6766
f 3794//6767 3740//6768 3736//6769
f 3794//6770 3791//6771 3740//6772
f 3795//6773 3796//6774 3793//6775
f 3795//6776 3797//6777 3796//6778
f 3795//6779 3793//6780 3792//6781
f 3795//6782 3791//6783 3794//6784
f 3795//6785 3792//6786 3791//6787
f 3798//6788 3736//6789 3735//6790
f 3798//6791 3794//6792 3736//6793
f 3799//6794 3800//6795 3797//6796
f 3799//6797 3795//6798 3794//6799
f 3799//6800 3797//6801 3795//6802
f 3799//6803 3794//6804 3798//6805
f 3801//6806 3735//6807 3730//6808
f 3801//6809 3798//6810 3735//6811
f 3802//6812 3799//6813 3798//6814
f 3802//6815 3798//6816 3801//6817
f 3802//6818 3800//6819 3799//6820
f 3803//6821 3730//6822 3726//6823
f 3803//6824 3801//6825 3730//6826
f 3804//6827 3805//6828 3800//6829
f 3804//6830 3802//6831 3801//6832
f 3804//6833 3801//6834 3803//6835
f 3804//6836 3800//6837 3802//6838
f 3806//6839 3726//6840 3725//6841
f 3806//6842 3803//6843 3726//6844
f 3807//6845 3808//6846 3805//6847
f 3807//6848 3805//6849 3804//6850
f 3807//6851 3804//6852 3803//6853
f 3807//6854 3803//6855 3806//6856
f 3809//6857 3725//6858 3720//6859
f 3809//6860 3806//6861 3725//6862
f 3809//6863 3807//6864 3806//6865
f 3810//6866 3811//6867 3808//6868
f 3810//6869 3808//6870 3807//6871
f 3810//6872 3807//6873 3809//6874
f 3812//6875 3719//6876 3718//6877
f 3812//6878 3720//6879 3719//6880
f 3812//6881 3809//6882 3720//6883
f 3813//6884 3809//6885 3812//6886
f 3813//6887 3814//6888 3811//6889
f 3813//6890 3815//6891 3814//6892
f 3813//6893 3811//6894 3810//6895
f 3813//6896 3810//6897 3809//6898
f 3816//6899 3812//6900 3718//6901
f 3817//6902 3815//6903 3813//6904
f 3817//6905 3812//6906 3816//6907
f 3817//6908 3818//6909 3815//6910
f 3817//6911 3813//6912 3812//6913
f 3819//6914 3816//6915 3718//6916
f 3819//6917 3718//6918 3717//6919
f 3820//6920 3816//6921 3819//6922
f 3820//6923 3818//6924 3817//6925
f 3820//6926 3817//6927 3816//6928
f 3821//6929 3723//6929 3754//6930
f 3821//6931 3754//6932 3758//6933
f 3821//6934 3819//6935 3717//6936
f 3821//6937 3722//6938 3723//6939
f 3821//6940 3717//6941 3722//6942
f 3822//6943 3758//6944 3757//6945
f 3822//6946 3818//6947 3820//6948
f 3822//6949 3823//6950 3818//6951
f 3822//6952 3757//6953 3823//6954
f 3822//6955 3820//6956 3819//6957
f 3822//6958 3821//6959 3758//6960
f 3822//6961 3819//6962 3821//6963
f 3824//6964 3823//6965 3757//6966
f 3825//6967 3826//6968 3789//6969
f 3825//6970 3789//6971 3793//6972
f 3827//6973 3828//6974 3826//6975
f 3827//6976 3829//6977 3828//6978
f 3827//6979 3830//6980 3829//6981
f 3827//6982 3826//6983 3825//6984
f 3831//6985 3793//6986 3796//6987
f 3831//6988 3825//6989 3793//6990
f 3832//6991 3833//6992 3830//6993
f 3832//6994 3834//6995 3833//6996
f 3832//6997 3825//6998 3831//6999
f 3832//7000 3830//7001 3827//7002
f 3832//7003 3827//7004 3825//7005
f 3835//7006 3796//7007 3797//7008
f 3835//7009 3831//7010 3796//7011
f 3836//7012 3834//7013 3832//7014
f 3836//7015 3832//7016 3831//7017
f 3836//7018 3831//7019 3835//7020
f 3837//7021 3797//7022 3800//7023
f 3837//7024 3800//7025 3805//7026
f 3837//7027 3835//7028 3797//7029
f 3837//7030 3836//7031 3835//7032
f 3838//7033 3839//7034 3834//7035
f 3838//7036 3834//7037 3836//7038
f 3838//7039 3836//7040 3837//7041
f 3840//7042 3805//7043 3808//7044
f 3840//7045 3837//7046 3805//7047
f 3841//7048 3842//7049 3839//7050
f 3841//7051 3843//7052 3842//7053
f 3841//7054 3837//7055 3840//7056
f 3841//7057 3839//7058 3838//7059
f 3841//7060 3838//7061 3837//7062
f 3844//7063 3840//7064 3808//7065
f 3845//7066 3840//7067 3844//7068
f 3845//7069 3843//7070 3841//7071
f 3845//7072 3841//7073 3840//7074
f 3846//7075 3808//7076 3811//7077
f 3846//7078 3811//7079 3814//7080
f 3846//7081 3844//7082 3808//7083
f 3847//7084 3848//7085 3843//7086
f 3847//7087 3849//7088 3848//7089
f 3847//7090 3845//7091 3844//7092
f 3847//7093 3843//7094 3845//7095
f 3847//7096 3844//7097 3846//7098
f 3850//7099 3846//7100 3814//7101
f 3851//7102 3846//7102 3850//7102
f 3851//7103 3852//7104 3849//7105
f 3851//7106 3849//7107 3847//7108
f 3851//7109 3847//7109 3846//7109
f 3853//7110 3814//7111 3815//7112
f 3853//7113 3815//7114 3818//7115
f 3853//7116 3850//7117 3814//7118
f 3854//7119 3850//7120 3853//7121
f 3854//7122 3855//7123 3852//7124
f 3854//7125 3852//7126 3851//7127
f 3854//7128 3851//7129 3850//7130
f 3856//7131 3853//7132 3818//7133
f 3857//7134 3854//7135 3853//7136
f 3857//7137 3855//7138 3854//7139
f 3857//7140 3853//7141 3856//7142
f 3858//7143 3818//7144 3823//7145
f 3858//7146 3824//7147 3859//7148
f 3858//7149 3856//7150 3818//7151
f 3858//7152 3823//7153 3824//7154
f 3860//7155 3857//7156 3856//7157
f 3860//7158 3856//7159 3858//7160
f 3860//7161 3855//7162 3857//7163
f 3860//7164 3859//7165 3861//7166
f 3860//7167 3858//7168 3859//7169
f 3860//7170 3862//7171 3855//7172
f 3860//7173 3861//7174 3862//7175
f 3826//7176 3790//7177 3789//7178
f 3829//7179 3863//7180 3828//7181
f 3864//7182 3824//7183 3757//7184
f 3864//7185 3757//7186 3756//7187
f 3865//7188 3866//7189 3861//7190
f 3865//7191 3859//7192 3824//7193
f 3865//7194 3861//7195 3859//7196
f 3865//7197 3824//7198 3864//7199
f 3867//7200 3756//7201 3761//7202
f 3867//7203 3864//7204 3756//7205
f 3868//7206 3869//7207 3866//7208
f 3868//7209 3866//7210 3865//7211
f 3868//7212 3865//7213 3864//7214
f 3868//7215 3864//7216 3867//7217
f 3870//7218 3761//7219 3762//7220
f 3870//7221 3867//7222 3761//7223
f 3871//7224 3872//7225 3869//7226
f 3871//7227 3873//7228 3872//7229
f 3871//7230 3868//7231 3867//7232
f 3871//7233 3869//7234 3868//7235
f 3871//7236 3867//7237 3870//7238
f 3874//7239 3762//7240 3765//7241
f 3874//7242 3870//7243 3762//7244
f 3874//7245 3871//7246 3870//7247
f 3875//7248 3873//7249 3871//7250
f 3875//7251 3871//7252 3874//7253
f 3876//7254 3765//7255 3770//7256
f 3876//7257 3770//7258 3773//7259
f 3876//7260 3874//7261 3765//7262
f 3877//7263 3878//7264 3873//7265
f 3877//7266 3873//7267 3875//7268
f 3877//7269 3874//7270 3876//7271
f 3877//7272 3875//7273 3874//7274
f 3879//7275 3876//7276 3773//7277
f 3880//7278 3881//7279 3878//7280
f 3880//7281 3878//7282 3877//7283
f 3880//7284 3877//7285 3876//7286
f 3880//7287 3876//7288 3879//7289
f 3882//7290 3773//7291 3774//7292
f 3882//7293 3879//7294 3773//7295
f 3883//7296 3884//7297 3881//7298
f 3883//7299 3881//7300 3880//7301
f 3883//7302 3880//7303 3879//7304
f 3883//7305 3879//7306 3882//7307
f 3885//7308 3774//7309 3779//7310
f 3885//7311 3779//7312 3782//7313
f 3885//7314 3882//7315 3774//7316
f 3886//7317 3882//7318 3885//7319
f 3886//7320 3887//7321 3884//7322
f 3886//7323 3888//7324 3887//7325
f 3886//7326 3884//7327 3883//7328
f 3886//7329 3883//7330 3882//7331
f 3889//7332 3885//7333 3782//7334
f 3890//7335 3888//7336 3886//7337
f 3890//7338 3885//7339 3889//7340
f 3890//7341 3886//7342 3885//7343
f 3891//7344 3782//7344 3783//7344
f 3891//7345 3889//7345 3782//7345
f 3892//7346 3888//7347 3890//7348
f 3892//7349 3889//7350 3891//7351
f 3892//7352 3893//7353 3888//7354
f 3892//7355 3863//7356 3893//7357
f 3892//7358 3890//7359 3889//7360
f 3894//7361 3783//7362 3790//7363
f 3894//7364 3891//7365 3783//7366
f 3894//7367 3790//7368 3826//7369
f 3895//7370 3892//7371 3891//7372
f 3895//7373 3891//7374 3894//7375
f 3895//7376 3863//7377 3892//7378
f 3895//7379 3894//7380 3826//7381
f 3895//7382 3826//7383 3828//7384
f 3895//7385 3828//7386 3863//7387
f 3896//7388 3897//7388 3898//7388
f 3896//7389 3899//7389 3897//7389
f 3899//7390 3900//7390 3897//7390
f 3899//7391 3901//7391 3900//7391
f 3901//7392 3902//7392 3900//7392
f 3901//7393 3903//7393 3902//7393
f 3903//7394 3904//7394 3902//7394
f 3903//7395 3905//7395 3904//7395
f 3904//7396 3906//7397 3907//7397
f 3905//7398 3906//7398 3904//7398
f 3907//7399 3908//7399 3909//7399
f 3906//7400 3908//7400 3907//7400
f 3908//7401 3910//7401 3909//7401
f 3908//7402 3911//7402 3910//7402
f 3910//7403 3912//7403 3913//7403
f 3911//7404 3912//7404 3910//7404
f 3913//7405 3914//7405 3915//7405
f 3912//7406 3914//7406 3913//7406
f 3915//7407 3916//7407 3917//7407
f 3914//7408 3916//7408 3915//7408
f 3916//7409 3918//7409 3917//7409
f 3916//7410 3919//7410 3918//7410
f 3918//7411 3920//7411 3921//7411
f 3919//7412 3920//7412 3918//7412
f 3920//7413 3922//7413 3921//7413
f 3920//7413 3923//7413 3922//7413
f 3899//7414 3896//7414 3924//7414
f 3899//7415 3924//7415 3925//7415
f 3901//7416 3925//7416 3926//7416
f 3901//7417 3899//7417 3925//7417
f 3903//7418 3926//7419 3927//7418
f 3903//7420 3901//7420 3926//7420
f 3905//7421 3927//7422 3928//7421
f 3905//7423 3903//7423 3927//7423
f 3906//7424 3928//7425 3929//7424
f 3906//7426 3905//7427 3928//7428
f 3908//7429 3929//7429 3930//7429
f 3908//7430 3906//7430 3929//7430
f 3911//7431 3930//7431 3931//7431
f 3911//7432 3908//7432 3930//7432
f 3912//7433 3931//7433 3932//7433
f 3912//7434 3911//7434 3931//7434
f 3914//7435 3932//7435 3933//7435
f 3914//7436 3912//7436 3932//7436
f 3916//7437 3933//7437 3934//7437
f 3916//7438 3914//7438 3933//7438
f 3935//7439 3916//7439 3934//7439
f 3919//7440 3916//7440 3935//7440
f 3920//7441 3935//7441 3936//7441
f 3920//7442 3919//7442 3935//7442
f 3937//7443 3920//7444 3936//7444
f 3923//7445 3920//7446 3937//7447
f 3938//72 3939//72 3940//72
f 3941//61 3940//61 3942//61
f 3941//301 3938//301 3940//301
f 3943//296 3939//296 3938//296
f 3944//62 3941//62 3942//62
f 3945//61 3943//61 3938//61
f 3946//7448 3943//7448 3945//7448
f 3947//151 3944//151 3937//151
f 3947//77 3941//77 3944//77
f 3948//1522 3946//1522 3945//1522
f 3949//70 3946//62 3948//62
f 3936//61 3947//61 3937//61
f 3950//216 3951//216 3949//90
f 3950//296 3949//1737 3948//296
f 3952//72 3947//72 3936//72
f 3935//1521 3952//1521 3936//1521
f 3953//277 3951//277 3950//277
f 3934//117 3952//117 3935//117
f 3954//296 3953//296 3950//296
f 3955//61 3952//61 3934//61
f 3956//277 3953//277 3954//277
f 3933//66 3955//66 3934//66
f 3957//62 3958//62 3956//62
f 3957//62 3956//62 3954//62
f 3959//62 3955//62 3933//62
f 3932//1522 3959//1522 3933//1522
f 3960//119 3958//119 3957//119
f 3931//62 3959//62 3932//62
f 3961//61 3959//61 3931//61
f 3962//61 3960//61 3957//61
f 3924//143 3960//143 3962//143
f 3930//234 3961//234 3931//234
f 3963//61 3961//61 3930//61
f 3925//71 3924//71 3962//71
f 3929//119 3963//119 3930//119
f 3964//1516 3925//1516 3962//1516
f 3926//72 3925//72 3964//72
f 3965//62 3963//62 3929//62
f 3928//1516 3965//1516 3929//1516
f 3927//62 3965//62 3928//62
f 3927//62 3926//62 3964//62
f 3927//62 3964//62 3965//62
f 3966//7449 3923//7449 3937//7449
f 3966//7450 3937//7450 3944//7450
f 3967//7451 3944//7452 3942//7452
f 3967//7453 3966//7454 3944//7454
f 3968//7455 3942//7455 3940//7455
f 3968//7456 3967//7456 3942//7456
f 3969//7457 3940//7457 3939//7457
f 3969//7458 3968//7458 3940//7458
f 3970//7459 3939//7459 3943//7459
f 3970//7460 3969//7460 3939//7460
f 3946//7461 3970//7462 3943//7463
f 3971//7464 3970//7465 3946//7464
f 3972//7466 3946//7466 3949//7466
f 3972//7467 3971//7467 3946//7467
f 3973//7468 3949//7468 3951//7468
f 3973//7469 3972//7469 3949//7469
f 3974//7470 3951//7470 3953//7470
f 3974//7471 3973//7471 3951//7471
f 3956//7472 3974//7472 3953//7472
f 3975//7473 3974//7473 3956//7473
f 3958//7474 3975//7474 3956//7474
f 3976//7475 3975//7475 3958//7475
f 3977//7476 3958//7476 3960//7476
f 3977//7477 3976//7477 3958//7477
f 3896//7478 3960//7479 3924//7478
f 3896//7480 3977//7480 3960//7481
f 3923//7482 3978//7482 3922//7482
f 3923//7483 3966//7483 3978//7483
f 3966//7484 3979//7484 3978//7484
f 3966//7485 3967//7485 3979//7485
f 3967//7486 3980//7487 3979//7486
f 3967//7488 3968//7488 3980//7489
f 3980//7490 3969//7490 3981//7490
f 3968//7491 3969//7491 3980//7491
f 3969//7492 3982//7492 3981//7492
f 3969//7493 3970//7493 3982//7493
f 3970//7494 3983//7494 3982//7494
f 3970//7495 3971//7495 3983//7495
f 3983//7496 3972//7496 3984//7496
f 3971//7497 3972//7497 3983//7497
f 3984//7498 3973//7498 3985//7498
f 3972//7499 3973//7499 3984//7499
f 3985//7500 3974//7500 3986//7500
f 3973//7501 3974//7501 3985//7501
f 3986//7502 3975//7502 3987//7502
f 3974//7503 3975//7503 3986//7503
f 3987//7504 3976//7504 3988//7504
f 3975//7505 3976//7505 3987//7505
f 3976//7506 3989//7506 3988//7506
f 3976//7507 3977//7507 3989//7507
f 3989//7508 3896//7508 3898//7508
f 3977//7509 3896//7509 3989//7509
f 3990//430 3915//430 3917//430
f 3991//521 3917//521 3918//521
f 3991//393 3990//393 3917//393
f 3913//393 3915//393 3990//393
f 3921//521 3991//521 3918//521
f 3992//393 3913//393 3990//393
f 3910//431 3913//431 3992//431
f 3993//4072 3921//4072 3922//4072
f 3993//497 3991//497 3921//497
f 3994//394 3910//394 3992//394
f 3909//430 3910//430 3994//430
f 3978//394 3993//394 3922//394
f 3995//498 3907//498 3909//498
f 3995//534 3909//534 3994//534
f 3996//431 3993//431 3978//431
f 3979//430 3996//430 3978//430
f 3904//393 3907//393 3995//393
f 3980//444 3996//444 3979//444
f 3997//617 3904//617 3995//617
f 3998//505 3996//505 3980//505
f 3902//410 3904//410 3997//410
f 3981//586 3998//586 3980//586
f 3999//428 3900//428 3902//428
f 3999//394 3902//394 3997//394
f 4000//4072 3998//4072 3981//4072
f 3982//509 4000//509 3981//509
f 3897//4072 3900//4072 3999//4072
f 3983//430 4000//430 3982//430
f 4001//430 4000//430 3983//430
f 4002//394 3897//394 3999//394
f 3898//394 3897//394 4002//394
f 3984//453 4001//453 3983//453
f 4003//393 4001//393 3984//393
f 3989//7510 3898//7510 4002//7510
f 3985//497 4003//497 3984//497
f 4004//393 3989//393 4002//393
f 3988//7511 3989//7511 4004//7511
f 4005//394 4003//394 3985//394
f 3986//393 4005//393 3985//393
f 3987//470 4005//470 3986//470
f 3987//394 3988//394 4004//394
f 3987//393 4004//393 4005//393
f 4006//7512 4007//7513 4008//7514
f 4009//7515 4010//7516 4011//7517
f 4011//7518 4010//7519 4012//7520
f 4008//7521 4013//7522 4009//7523
f 4007//7524 4013//7525 4008//7526
f 4009//7527 4013//7528 4010//7529
f 4012//7530 4014//7531 4015//7532
f 4010//7533 4014//7534 4012//7535
f 4016//7536 4017//7537 4007//7538
f 4018//7539 4017//7540 4016//7541
f 4007//7542 4017//7543 4013//7544
f 4013//7545 4017//7546 4010//7547
f 4010//7548 4017//7549 4014//7550
f 4015//7551 4019//7552 4020//7553
f 4014//7554 4019//7555 4015//7556
f 4018//7557 4021//7558 4017//7559
f 4014//7560 4021//7561 4019//7562
f 4017//7563 4021//7564 4014//7565
f 4020//7566 4022//7567 4023//7568
f 4019//7569 4022//7570 4020//7571
f 4024//7572 4025//7572 4018//7572
f 4021//7573 4025//7574 4019//7575
f 4018//7572 4025//7572 4021//7572
f 4019//7576 4025//7577 4022//7578
f 4023//7579 4026//7580 4027//7581
f 4022//7582 4026//7583 4023//7584
f 4028//7585 4029//7586 4024//7587
f 4022//7588 4029//7589 4026//7590
f 4024//7591 4029//7592 4025//7593
f 4025//7594 4029//7595 4022//7596
f 4027//7597 4030//7598 4031//7599
f 4026//7600 4030//7601 4027//7602
f 4029//7603 4030//7604 4026//7605
f 4032//7606 4033//7607 4028//7608
f 4028//7609 4033//7610 4029//7611
f 4029//7612 4033//7613 4030//7614
f 4031//7615 4034//7616 4035//7617
f 4030//7618 4034//7619 4031//7620
f 4036//7621 4037//7622 4032//7623
f 4032//7624 4037//7625 4033//7626
f 4033//7627 4037//7628 4030//7627
f 4030//7629 4037//7627 4034//7629
f 4035//7630 4038//7631 4039//7632
f 4034//7633 4038//7634 4035//7635
f 4034//7636 4040//7637 4038//7638
f 4041//7639 4040//7640 4036//7639
f 4036//7641 4040//7642 4037//7643
f 4037//7644 4040//7645 4034//7646
f 4039//7647 4042//7648 4043//7649
f 4038//7650 4042//7651 4039//7652
f 4038//7653 4044//7654 4042//7655
f 4045//7656 4044//7657 4041//7658
f 4041//7659 4044//7660 4040//7661
f 4040//7662 4044//7663 4038//7664
f 4043//7665 4046//7666 4047//7667
f 4047//7668 4046//7669 4048//7670
f 4042//7671 4046//7672 4043//7673
f 4045//7674 4049//7674 4044//7674
f 4042//7675 4049//7676 4046//7677
f 4050//7674 4049//7674 4045//7674
f 4044//7678 4049//7679 4042//7680
f 4048//7681 4051//7682 4052//7683
f 4052//7684 4051//7685 4053//7686
f 4046//7687 4051//7688 4048//7689
f 4053//7690 4054//7691 4055//7692
f 4055//7693 4054//7694 4056//7695
f 4049//7696 4054//7697 4046//7698
f 4050//7699 4054//7700 4049//7701
f 4046//7702 4054//7703 4051//7704
f 4057//7705 4054//7706 4050//7707
f 4056//7708 4054//7709 4057//7710
f 4051//7711 4054//7712 4053//7713
f 4058//62 4059//62 4060//62
f 4058//61 4060//61 4061//61
f 4058//61 4061//61 4062//61
f 4063//62 4064//62 4059//62
f 4063//61 4059//61 4058//61
f 4052//62 4064//62 4063//62
f 4065//61 4062//61 4066//61
f 4065//62 4058//62 4062//62
f 4067//61 4065//61 4066//61
f 4068//62 4048//62 4052//62
f 4068//62 4052//62 4063//62
f 4069//61 4065//61 4067//61
f 4047//62 4048//62 4068//62
f 4070//61 4069//61 4067//61
f 4071//61 4047//61 4068//61
f 4043//62 4047//62 4071//62
f 4072//62 4070//62 4073//62
f 4072//62 4069//62 4070//62
f 4039//61 4043//61 4071//61
f 4074//61 4072//61 4073//61
f 4075//61 4039//61 4071//61
f 4076//62 4072//62 4074//62
f 4035//62 4039//62 4075//62
f 4077//61 4076//61 4074//61
f 4078//62 4035//62 4075//62
f 4031//61 4035//61 4078//61
f 4011//61 4076//61 4077//61
f 4079//61 4076//61 4011//61
f 4027//62 4078//62 4080//62
f 4027//61 4031//61 4078//61
f 4012//62 4079//62 4011//62
f 4015//62 4079//62 4012//62
f 4015//61 4080//61 4079//61
f 4023//62 4027//62 4080//62
f 4020//61 4023//61 4080//61
f 4020//61 4080//61 4015//61
f 4056//7714 4081//7715 4055//7716
f 4053//7717 4082//7718 4052//7719
f 4052//7720 4082//7721 4064//7722
f 4055//7723 4083//7724 4053//7725
f 4081//7726 4083//7727 4055//7728
f 4053//7729 4083//7730 4082//7731
f 4064//7732 4084//7733 4059//7734
f 4082//7735 4084//7736 4064//7737
f 4085//7738 4086//7739 4081//7740
f 4087//7741 4086//7742 4085//7743
f 4081//7744 4086//7745 4083//7746
f 4083//7747 4086//7748 4082//7749
f 4082//7750 4086//7751 4084//7752
f 4059//7753 4088//7754 4060//7755
f 4086//7756 4088//7756 4084//7757
f 4084//7758 4088//7759 4059//7760
f 4087//7761 4089//7762 4086//7763
f 4086//7764 4089//7765 4088//7764
f 4060//7766 4090//7767 4061//7768
f 4088//7769 4090//7770 4060//7771
f 4091//7772 4092//7773 4087//7774
f 4087//7775 4092//7776 4089//7777
f 4088//7778 4092//7779 4090//7780
f 4089//7781 4092//7782 4088//7783
f 4061//7784 4093//7785 4062//7786
f 4090//7787 4093//7788 4061//7789
f 4094//7790 4095//7791 4091//7792
f 4090//7793 4095//7794 4093//7795
f 4092//7796 4095//7797 4090//7798
f 4091//7799 4095//7800 4092//7801
f 4062//7802 4096//7803 4066//7804
f 4095//7805 4096//7806 4093//7807
f 4093//7808 4096//7809 4062//7810
f 4097//7811 4098//7812 4094//7813
f 4095//7814 4098//7815 4096//7816
f 4094//7817 4098//7818 4095//7819
f 4066//7820 4099//7821 4067//7822
f 4096//7823 4099//7824 4066//7825
f 4100//7826 4101//7827 4097//7828
f 4097//7829 4101//7830 4098//7831
f 4098//7832 4101//7833 4096//7834
f 4096//7835 4101//7836 4099//7837
f 4067//7838 4102//7839 4070//7840
f 4099//7841 4102//7842 4067//7843
f 4101//7844 4102//7844 4099//7845
f 4101//7846 4103//7847 4102//7848
f 4104//7849 4103//7850 4100//7851
f 4100//7852 4103//7853 4101//7854
f 4070//7855 4105//7856 4073//7857
f 4102//7858 4105//7859 4070//7860
f 4104//7861 4106//7861 4103//7861
f 4102//7862 4106//7863 4105//7864
f 4107//7861 4106//7861 4104//7861
f 4103//7865 4106//7866 4102//7867
f 4073//7868 4108//7869 4074//7870
f 4105//7871 4108//7872 4073//7873
f 4106//7874 4109//7875 4105//7876
f 4107//7877 4109//7878 4106//7879
f 4110//7880 4109//7881 4107//7882
f 4105//7883 4109//7884 4108//7885
f 4074//7886 4111//7887 4077//7888
f 4077//7889 4111//7890 4011//7891
f 4011//7892 4111//7893 4009//7894
f 4108//7895 4111//7896 4074//7897
f 4009//7898 4112//7899 4008//7900
f 4008//7901 4112//7902 4006//7903
f 4109//7904 4112//7905 4108//7906
f 4110//7907 4112//7908 4109//7909
f 4108//7910 4112//7911 4111//7912
f 4113//7913 4112//7914 4110//7915
f 4006//7916 4112//7917 4113//7918
f 4111//7919 4112//7920 4009//7921
f 4114//7922 4115//7923 4056//7924
f 4056//7925 4115//7926 4081//7927
f 3830//7928 4116//7929 3829//7930
f 4117//7931 4116//7932 4114//7933
f 3829//7934 4116//7935 4117//7936
f 4114//7937 4116//7938 4115//7939
f 4081//7940 4118//7941 4085//7942
f 4115//7943 4118//7944 4081//7945
f 3833//7946 4119//7947 3830//7948
f 4116//7949 4119//7950 4115//7951
f 3830//7952 4119//7953 4116//7954
f 4115//7955 4119//7956 4118//7957
f 4085//7958 4120//7959 4087//7960
f 4119//7961 4120//7961 4118//7961
f 4118//7962 4120//7963 4085//7964
f 3834//7965 4121//7966 3833//7967
f 4119//7968 4121//7968 4120//7968
f 3833//7969 4121//7970 4119//7971
f 4087//7972 4122//7973 4091//7974
f 4120//7975 4122//7976 4087//7977
f 3839//7978 4123//7979 3834//7980
f 4121//7981 4123//7982 4120//7983
f 3834//7984 4123//7985 4121//7986
f 4120//7987 4123//7988 4122//7989
f 4091//7990 4124//7991 4094//7992
f 4122//7993 4124//7994 4091//7995
f 4123//7996 4124//7997 4122//7998
f 3843//7999 4125//8000 3842//8001
f 3842//8002 4125//8003 3839//8004
f 3839//8005 4125//8006 4123//8007
f 4123//8008 4125//8009 4124//8010
f 4094//8011 4126//8012 4097//8013
f 4097//8014 4126//8015 4100//8016
f 4124//8017 4126//8018 4094//8019
f 3848//8020 4127//8021 3843//8022
f 3843//8023 4127//8024 4125//8025
f 4125//8026 4127//8027 4124//8028
f 4124//8029 4127//8030 4126//8031
f 4100//8032 4128//8033 4104//8034
f 4126//8035 4128//8036 4100//8037
f 3848//8038 4129//8039 4127//8040
f 4127//8041 4129//8042 4126//8043
f 4126//8044 4129//8045 4128//8046
f 4128//8047 4130//8048 4104//8049
f 4128//8050 4131//8051 4130//8052
f 3849//8053 4131//8054 3848//8055
f 3848//8056 4131//8057 4129//8058
f 4129//8059 4131//8060 4128//8061
f 4104//8062 4132//8063 4107//8064
f 4130//8065 4132//8066 4104//8067
f 3852//8068 4133//8069 3849//8070
f 4130//8071 4133//8072 4132//8073
f 4131//8074 4133//8075 4130//8076
f 3849//8077 4133//8078 4131//8079
f 4107//8080 4134//8081 4110//8082
f 4132//8083 4134//8084 4107//8085
f 3855//8086 4135//8087 3852//8088
f 4132//8089 4135//8090 4134//8091
f 4133//8092 4135//8093 4132//8094
f 3852//8095 4135//8096 4133//8097
f 4134//8098 4136//8099 4110//8100
f 4110//8101 4136//8102 4113//8103
f 4113//8104 4136//8105 4006//8106
f 4006//8107 4136//8108 4137//8109
f 3861//8110 4138//8111 3862//8112
f 3862//8113 4138//8114 3855//8115
f 3855//8116 4138//8117 4135//8118
f 4135//8119 4138//8120 4134//8121
f 4134//8122 4138//8123 4136//8124
f 4136//8125 4138//8125 4137//8125
f 4137//8125 4138//8125 4139//8125
f 4139//8126 4138//8127 3861//8128
f 4137//8129 4140//8130 4006//8131
f 4006//8132 4140//8133 4007//8134
f 3866//8135 4141//8136 3861//8137
f 4139//8138 4141//8139 4137//8140
f 3861//8141 4141//8142 4139//8143
f 4137//8144 4141//8145 4140//8146
f 4007//8147 4142//8148 4016//8149
f 4016//8150 4142//8151 4018//8152
f 4140//8153 4142//8154 4007//8155
f 3869//8156 4143//8157 3866//8158
f 4141//8159 4143//8160 4140//8161
f 3866//8162 4143//8163 4141//8164
f 4140//8165 4143//8166 4142//8167
f 4142//8168 4144//8169 4018//8170
f 3872//8171 4145//8172 3869//8173
f 4143//8174 4145//8175 4142//8176
f 4142//8177 4145//8178 4144//8179
f 3869//8180 4145//8181 4143//8182
f 4018//8183 4146//8184 4024//8185
f 4144//8186 4146//8187 4018//8188
f 3873//8189 4147//8190 3872//8191
f 4145//8192 4147//8193 4144//8194
f 4144//8195 4147//8196 4146//8197
f 3872//8198 4147//8199 4145//8200
f 4024//8201 4148//8202 4028//8203
f 4146//8204 4148//8205 4024//8206
f 4147//8207 4148//8208 4146//8209
f 3878//8210 4149//8210 3873//8211
f 3873//8212 4149//8213 4147//8213
f 4147//8214 4149//8215 4148//8216
f 4028//8217 4150//8218 4032//8219
f 4148//8220 4150//8221 4028//8222
f 3881//8223 4151//8224 3878//8225
f 3878//8226 4151//8227 4149//8228
f 4148//8229 4151//8230 4150//8231
f 4149//8232 4151//8233 4148//8234
f 4032//8235 4152//8236 4036//8237
f 4150//8238 4152//8239 4032//8240
f 3884//8241 4153//8242 3881//8243
f 3881//8244 4153//8245 4151//8246
f 4151//8247 4153//8248 4150//8249
f 4150//8250 4153//8251 4152//8252
f 4036//8253 4154//8254 4041//8255
f 4152//8256 4154//8257 4036//8258
f 4152//8259 4155//8260 4154//8261
f 3887//8262 4155//8263 3884//8264
f 3884//8265 4155//8266 4153//8267
f 4153//8268 4155//8269 4152//8270
f 4041//8271 4156//8272 4045//8273
f 4045//8274 4156//8275 4050//8276
f 4154//8277 4156//8278 4041//8279
f 3888//8280 4157//8281 3887//8282
f 4154//8283 4157//8284 4156//8285
f 4155//8286 4157//8287 4154//8288
f 3887//8289 4157//8290 4155//8291
f 4156//8292 4158//8293 4050//8294
f 3893//8295 4159//8296 3888//8297
f 4156//8298 4159//8299 4158//8300
f 4157//8301 4159//8302 4156//8303
f 3888//8304 4159//8305 4157//8306
f 4158//8307 4160//8308 4050//8309
f 4050//8310 4160//8311 4057//8312
f 4057//8313 4160//8313 4056//8313
f 4056//8314 4160//8314 4114//8314
f 3829//8315 4161//8316 3863//8317
f 3863//8318 4161//8319 3893//8320
f 4159//8321 4161//8322 4158//8323
f 4158//8324 4161//8325 4160//8326
f 4160//8327 4161//8328 4114//8329
f 4114//8330 4161//8331 4117//8332
f 4117//8333 4161//8334 3829//8335
f 3893//8336 4161//8337 4159//8338
f 4162//8339 4163//8339 4164//8339
f 4164//8340 4165//8340 4166//8340
f 4166//8341 4165//8342 4167//8341
f 4167//8343 4165//8343 4168//8343
f 4163//8344 4165//8344 4164//8344
f 4168//8345 4169//8345 4170//8345
f 4170//8346 4169//8346 4171//8346
f 4165//8347 4169//8347 4168//8347
f 4169//8348 4172//8348 4171//8348
f 4172//8349 4173//8349 4171//8349
f 4173//8350 4174//8350 4175//8350
f 4175//8351 4174//8351 4162//8351
f 4172//8352 4174//8352 4173//8352
f 4172//8353 4169//8353 4176//8353
f 4165//627 4177//627 4176//627
f 4165//8354 4176//8354 4169//8354
f 4163//8355 4177//8356 4165//8356
f 4178//8357 4163//8357 4172//8357
f 4179//8358 4178//8358 4172//8358
f 4179//8359 4172//8359 4176//8359
f 4180//8360 4163//8361 4178//8362
f 4181//8363 4182//8363 4179//8363
f 4181//8359 4179//8359 4176//8359
f 4183//627 4182//8364 4181//627
f 4183//627 4177//627 4163//8365
f 4183//627 4163//976 4182//8366
f 4182//8367 4163//8368 4180//8369
f 4184//117 4185//117 4176//117
f 4186//1519 4184//1519 4176//1519
f 4187//151 4188//151 4189//151
f 4190//296 4187//296 4189//296
f 4191//1518 4176//1518 4177//1518
f 4192//61 4176//61 4191//61
f 4192//62 4186//62 4176//62
f 4193//301 4186//301 4192//301
f 4194//71 4189//71 4186//71
f 4194//61 4190//61 4189//61
f 4194//151 4186//151 4193//151
f 4195//2158 4194//263 4196//263
f 4197//61 4190//61 4194//61
f 4197//1742 4194//1742 4195//72
f 4187//8370 4190//8370 4198//8370
f 4187//8371 4198//8371 4199//8371
f 4188//8372 4199//8372 4200//8372
f 4187//8373 4199//8373 4188//8373
f 4201//1115 4188//1115 4200//665
f 4201//8374 4189//1301 4188//8375
f 4189//8376 4201//8376 4202//8376
f 4189//8377 4202//8377 4186//8377
f 4184//8378 4186//8378 4202//8378
f 4184//8378 4202//8378 4203//8378
f 4185//8379 4203//8379 4204//8379
f 4185//8380 4184//8380 4203//8380
f 4176//8381 4204//8381 4181//8381
f 4176//8382 4185//8382 4204//8382
f 4204//394 4203//394 4181//394
f 4203//393 4202//393 4181//393
f 4200//8383 4199//8383 4201//8383
f 4199//3961 4198//3961 4201//3961
f 4181//3961 4205//3961 4183//3961
f 4181//393 4206//393 4205//393
f 4202//393 4206//393 4181//393
f 4202//393 4207//393 4206//393
f 4201//444 4208//444 4202//444
f 4202//430 4208//430 4207//430
f 4198//393 4209//393 4201//393
f 4201//394 4209//394 4208//394
f 4208//4072 4210//4072 4211//4072
f 4209//404 4210//404 4208//404
f 4191//8384 4177//8384 4183//8384
f 4191//8384 4183//8384 4205//8384
f 4192//8385 4205//8385 4206//8385
f 4192//8385 4191//8385 4205//8385
f 4193//8386 4206//8386 4207//8386
f 4193//8386 4192//8386 4206//8386
f 4208//634 4193//634 4207//634
f 4208//730 4194//730 4193//730
f 4208//8387 4196//953 4194//8388
f 4211//1115 4196//1115 4208//8388
f 4211//633 4195//633 4196//633
f 4210//729 4195//729 4211//729
f 4210//8389 4209//8389 4197//8389
f 4210//8390 4197//8390 4195//8390
f 4190//13 4209//13 4198//13
f 4197//13 4209//13 4190//13
f 4212//8391 4182//8391 4213//8391
f 4213//8392 4180//8392 4214//8392
f 4214//8393 4180//8393 4215//8393
f 4215//8394 4180//8394 4216//8394
f 4182//8395 4180//8395 4213//8395
f 4216//8396 4178//8396 4217//8396
f 4217//8397 4178//8397 4218//8397
f 4180//8398 4178//8398 4216//8398
f 4178//8399 4179//8399 4218//8399
f 4179//8400 4219//8400 4218//8400
f 4219//8401 4220//8401 4221//8401
f 4221//8402 4220//8402 4212//8402
f 4179//8403 4220//8403 4219//8403
f 4222//8404 4223//8404 4224//8404
f 4224//8405 4225//8405 4226//8405
f 4226//8406 4225//8406 4227//8406
f 4227//8343 4225//8407 4228//8343
f 4223//8408 4225//8408 4224//8408
f 4228//8345 4229//8345 4230//8345
f 4230//8409 4229//8409 4231//8409
f 4225//8410 4229//8410 4228//8410
f 4229//8411 4232//8411 4231//8411
f 4232//8412 4233//8412 4231//8412
f 4233//8413 4234//8413 4235//8413
f 4235//8414 4234//8414 4222//8414
f 4232//8415 4234//8415 4233//8415
f 4232//8416 4229//8416 4236//8416
f 4225//627 4237//627 4236//8417
f 4225//8418 4236//8418 4229//8418
f 4223//1110 4237//8419 4225//8419
f 4238//8420 4223//8420 4232//8420
f 4239//8421 4238//8421 4232//8421
f 4239//8359 4232//8359 4236//8359
f 4240//8422 4223//944 4238//8361
f 4241//8423 4242//8423 4239//8423
f 4241//8359 4239//8359 4236//8359
f 4243//627 4242//8424 4241//627
f 4243//627 4237//627 4223//8361
f 4243//627 4223//8425 4242//8426
f 4242//8427 4223//8428 4240//8429
f 4244//8430 4245//181 4236//181
f 4246//61 4244//1742 4236//61
f 4247//147 4248//147 4249//147
f 4250//117 4247//117 4249//117
f 4251//1520 4236//1520 4237//1520
f 4252//61 4236//61 4251//61
f 4252//61 4246//61 4236//61
f 4253//2159 4246//2159 4252//2159
f 4254//1521 4249//1521 4246//1521
f 4254//1520 4250//1520 4249//1520
f 4254//296 4246//296 4253//296
f 4255//329 4254//263 4256//263
f 4257//61 4250//61 4254//61
f 4257//61 4254//61 4255//61
f 4247//883 4250//883 4258//883
f 4247//883 4258//883 4259//883
f 4248//651 4259//651 4260//651
f 4247//8431 4259//8431 4248//8431
f 4261//8432 4248//712 4260//8433
f 4261//8434 4249//953 4248//978
f 4249//8435 4261//8435 4262//8435
f 4249//8373 4262//8373 4246//8373
f 4244//8378 4246//8378 4262//8378
f 4244//8378 4262//8378 4263//8378
f 4245//8380 4263//8380 4264//8380
f 4245//8436 4244//8436 4263//8436
f 4236//8437 4264//8437 4241//8437
f 4236//8437 4245//8437 4264//8437
f 4264//617 4263//617 4241//617
f 4263//394 4262//394 4241//394
f 4260//409 4259//409 4261//409
f 4259//429 4258//429 4261//429
f 4241//394 4265//394 4243//394
f 4241//393 4266//393 4265//393
f 4262//393 4266//393 4241//393
f 4262//393 4267//393 4266//393
f 4261//430 4268//430 4262//430
f 4262//394 4268//394 4267//394
f 4258//393 4269//393 4261//393
f 4261//393 4269//393 4268//393
f 4268//410 4270//410 4271//410
f 4269//394 4270//394 4268//394
f 4251//8384 4237//8384 4243//8384
f 4251//8384 4243//8384 4265//8384
f 4252//8385 4265//8385 4266//8385
f 4252//8438 4251//8438 4265//8438
f 4253//8386 4266//8386 4267//8386
f 4253//8439 4252//8439 4266//8439
f 4268//1530 4253//1530 4267//1530
f 4268//902 4254//902 4253//902
f 4268//8440 4256//8440 4254//8440
f 4271//8441 4256//8441 4268//8441
f 4271//729 4255//729 4256//729
f 4270//8442 4255//8442 4271//8442
f 4270//827 4269//827 4257//827
f 4270//8443 4257//8443 4255//8443
f 4250//13 4269//13 4258//13
f 4257//13 4269//13 4250//13
f 4272//8444 4242//8444 4273//8444
f 4273//8445 4240//8445 4274//8445
f 4274//8446 4240//8446 4275//8446
f 4275//8447 4240//8447 4276//8447
f 4242//8448 4240//8448 4273//8448
f 4276//8396 4238//8396 4277//8396
f 4277//8449 4238//8449 4278//8449
f 4240//8450 4238//8450 4276//8450
f 4238//8451 4239//8451 4278//8451
f 4239//8452 4279//8452 4278//8452
f 4279//8453 4280//8453 4281//8453
f 4281//8454 4280//8454 4272//8454
f 4239//8455 4280//8455 4279//8455
f 4282//8456 4283//8456 4284//8456
f 4284//8457 4285//8457 4286//8457
f 4286//8458 4285//8458 4287//8458
f 4287//8459 4285//8459 4288//8459
f 4283//8460 4285//8460 4284//8460
f 4288//8461 4289//8461 4290//8461
f 4290//8462 4289//8462 4291//8462
f 4285//8463 4289//8463 4288//8463
f 4289//8464 4292//8464 4291//8464
f 4292//8465 4293//8465 4291//8465
f 4293//8466 4294//8466 4295//8466
f 4295//8349 4294//8349 4282//8349
f 4292//8467 4294//8467 4293//8467
f 4292//8468 4289//8468 4296//8468
f 4285//13 4297//13 4296//13
f 4285//1205 4296//1205 4289//1205
f 4283//20 4297//20 4285//20
f 4298//8469 4283//8469 4292//8469
f 4299//8470 4298//8470 4292//8470
f 4299//8471 4292//8471 4296//8471
f 4300//8472 4283//8473 4298//8473
f 4301//8474 4302//8474 4299//8474
f 4301//8471 4299//8471 4296//8471
f 4303//13 4302//13 4301//13
f 4303//13 4297//13 4283//13
f 4303//13 4283//13 4302//13
f 4302//8475 4283//8476 4300//8477
f 4304//1519 4305//1519 4296//1519
f 4306//62 4304//62 4296//62
f 4307//8478 4308//2515 4309//2515
f 4310//359 4307//1521 4309//359
f 4311//62 4296//62 4297//62
f 4312//77 4296//77 4311//77
f 4312//61 4306//61 4296//61
f 4313//301 4306//301 4312//301
f 4314//151 4309//151 4306//151
f 4314//296 4310//296 4309//296
f 4314//2157 4306//2157 4313//2157
f 4315//1517 4314//1517 4316//1517
f 4317//61 4310//61 4314//61
f 4317//2157 4314//2157 4315//2157
f 4307//8479 4310//8479 4318//703
f 4307//8480 4318//8481 4319//8481
f 4308//729 4319//729 4320//729
f 4307//730 4319//730 4308//730
f 4321//1065 4308//1065 4320//1065
f 4321//39 4309//39 4308//39
f 4309//730 4321//730 4322//730
f 4309//729 4322//729 4306//729
f 4304//8482 4306//8482 4322//8482
f 4304//8482 4322//8482 4323//8482
f 4305//8483 4323//8483 4324//8483
f 4305//8484 4304//8484 4323//8484
f 4296//8485 4324//8485 4301//8485
f 4296//8486 4305//8486 4324//8486
f 4324//586 4323//586 4301//586
f 4323//404 4322//404 4301//404
f 4320//472 4319//472 4321//472
f 4319//430 4318//430 4321//430
f 4301//393 4325//393 4303//393
f 4301//394 4326//394 4325//394
f 4322//393 4326//393 4301//393
f 4322//393 4327//393 4326//393
f 4321//393 4328//393 4322//393
f 4322//394 4328//394 4327//394
f 4318//393 4329//393 4321//393
f 4321//394 4329//394 4328//394
f 4328//610 4330//610 4331//610
f 4329//430 4330//430 4328//430
f 4311//8487 4297//8487 4303//8487
f 4311//8488 4303//8488 4325//8488
f 4312//8489 4325//8489 4326//8489
f 4312//8489 4311//8489 4325//8489
f 4313//8490 4326//8490 4327//8490
f 4313//8490 4312//8490 4326//8490
f 4328//8491 4313//8491 4327//8491
f 4328//760 4314//760 4313//760
f 4328//20 4316//20 4314//20
f 4331//8492 4316//8492 4328//8492
f 4331//760 4315//760 4316//760
f 4330//8373 4315//8373 4331//8373
f 4330//671 4329//671 4317//671
f 4330//8493 4317//8493 4315//8493
f 4310//627 4329//627 4318//627
f 4317//627 4329//627 4310//627
f 4332//8494 4302//8494 4333//8494
f 4333//8495 4300//8496 4334//8496
f 4334//8497 4300//8497 4335//8497
f 4335//8498 4300//8498 4336//8498
f 4302//8499 4300//8499 4333//8499
f 4336//8500 4298//8500 4337//8500
f 4337//8501 4298//8501 4338//8501
f 4300//8502 4298//8502 4336//8502
f 4298//8503 4299//8503 4338//8503
f 4299//8504 4339//8504 4338//8504
f 4339//8505 4340//8505 4341//8505
f 4341//8506 4340//8506 4332//8506
f 4299//8507 4340//8507 4339//8507
f 4342//8508 4343//8508 4344//8508
f 4344//8509 4345//8509 4346//8509
f 4346//8510 4345//8510 4347//8510
f 4347//8511 4345//8511 4348//8511
f 4343//8512 4345//8512 4344//8512
f 4348//8513 4349//8513 4350//8513
f 4350//8462 4349//8462 4351//8462
f 4345//8514 4349//8514 4348//8514
f 4349//8515 4352//8515 4351//8515
f 4352//8516 4353//8516 4351//8516
f 4353//8517 4354//8517 4355//8517
f 4355//8518 4354//8518 4342//8518
f 4352//8519 4354//8519 4353//8519
f 4352//8520 4349//8520 4356//8520
f 4345//20 4357//20 4356//20
f 4345//8521 4356//8521 4349//8521
f 4343//31 4357//31 4345//31
f 4358//8522 4343//8522 4352//8522
f 4359//8523 4358//8523 4352//8523
f 4359//8471 4352//8471 4356//8471
f 4360//1218 4343//1218 4358//1218
f 4361//8524 4362//8524 4359//8524
f 4361//8471 4359//8471 4356//8471
f 4363//13 4362//13 4361//13
f 4363//13 4357//13 4343//13
f 4363//20 4343//20 4362//20
f 4362//8525 4343//8525 4360//8525
f 4364//77 4365//77 4356//77
f 4366//119 4364//119 4356//119
f 4367//218 4368//218 4369//218
f 4370//325 4367//325 4369//325
f 4371//61 4356//61 4357//61
f 4372//72 4356//72 4371//72
f 4372//62 4366//62 4356//62
f 4373//72 4366//72 4372//72
f 4374//119 4369//119 4366//119
f 4374//61 4370//61 4369//61
f 4374//62 4366//62 4373//62
f 4375//2857 4374//2857 4376//2857
f 4377//61 4370//61 4374//61
f 4377//119 4374//119 4375//119
f 4367//8526 4370//8526 4378//8526
f 4367//3951 4378//3951 4379//3951
f 4368//902 4379//902 4380//902
f 4367//633 4379//633 4368//633
f 4381//1202 4368//1202 4380//1202
f 4381//1218 4369//27 4368//1218
f 4369//729 4381//729 4382//729
f 4369//633 4382//633 4366//633
f 4364//8527 4366//8527 4382//8527
f 4364//8527 4382//8527 4383//8527
f 4365//8528 4383//8528 4384//8528
f 4365//8483 4364//8483 4383//8483
f 4356//8529 4384//8529 4361//8529
f 4356//8486 4365//8486 4384//8486
f 4384//394 4383//394 4361//394
f 4383//497 4382//497 4361//497
f 4380//610 4379//610 4381//610
f 4379//394 4378//394 4381//394
f 4361//393 4385//393 4363//393
f 4361//394 4386//394 4385//394
f 4382//393 4386//393 4361//393
f 4382//394 4387//394 4386//394
f 4381//393 4388//393 4382//393
f 4382//393 4388//393 4387//393
f 4378//610 4389//610 4381//610
f 4381//393 4389//393 4388//393
f 4388//393 4390//393 4391//393
f 4389//393 4390//393 4388//393
f 4371//8487 4357//8487 4363//8487
f 4371//8487 4363//8487 4385//8487
f 4372//8530 4385//8530 4386//8530
f 4372//8489 4371//8489 4385//8489
f 4373//8531 4386//8531 4387//8531
f 4373//8532 4372//8532 4386//8532
f 4388//760 4373//760 4387//760
f 4388//652 4374//652 4373//652
f 4388//31 4376//31 4374//31
f 4391//25 4376//25 4388//25
f 4391//651 4375//651 4376//651
f 4390//760 4375//760 4391//760
f 4390//8533 4389//8533 4377//8533
f 4390//8493 4377//8493 4375//8493
f 4370//627 4389//627 4378//627
f 4377//627 4389//627 4370//627
f 4392//8534 4362//8534 4393//8534
f 4393//8535 4360//8535 4394//8535
f 4394//8536 4360//8536 4395//8536
f 4395//8537 4360//8537 4396//8537
f 4362//8538 4360//8538 4393//8538
f 4396//8539 4358//8539 4397//8539
f 4397//8540 4358//8540 4398//8540
f 4360//8541 4358//8541 4396//8541
f 4358//8464 4359//8464 4398//8464
f 4359//8542 4399//8542 4398//8542
f 4399//8543 4400//8543 4401//8543
f 4401//8544 4400//8544 4392//8544
f 4359//8545 4400//8545 4399//8545
f 4402//634 4403//634 4404//634
f 4402//634 4404//634 4405//634
f 4406//8546 4407//8546 4408//8546
f 4406//5133 4408//5133 4409//5133
f 4410//8547 4409//8548 4411//8548
f 4410//8549 4406//1045 4409//1045
f 4402//8550 4411//8550 4403//8550
f 4402//8551 4410//8551 4411//8551
f 4405//2855 4412//2855 4413//2855
f 4405//62 4413//62 4414//62
f 4415//61 4414//61 4416//61
f 4415//62 4405//62 4414//62
f 4407//61 4417//61 4418//61
f 4402//62 4415//62 4417//62
f 4402//61 4405//61 4415//61
f 4402//301 4417//301 4407//301
f 4406//130 4410//130 4402//130
f 4406//1522 4402//1522 4407//1522
f 4408//851 4407//851 4418//851
f 4408//627 4418//627 4419//627
f 4420//61 260//61 259//61
f 4421//61 259//61 262//61
f 4421//61 4420//61 259//61
f 4422//62 264//62 260//62
f 4422//62 260//62 4420//62
f 4423//61 264//61 4422//61
f 4424//62 4421//62 262//62
f 4425//61 4423//61 4426//61
f 4427//61 4428//61 4424//61
f 4429//61 4424//61 262//61
f 4429//263 4427//263 4424//263
f 4430//1743 264//62 4423//62
f 4430//1756 4423//327 4425//327
f 4431//197 4429//197 262//197
f 4432//89 4425//89 4426//89
f 4433//301 4428//301 4427//301
f 4434//358 264//358 4430//112
f 4435//61 4432//61 4426//61
f 4435//61 4426//61 4436//61
f 4437//62 4428//62 4433//62
f 4437//61 4436//61 4428//61
f 4438//62 4431//62 262//62
f 4439//62 4435//62 4436//62
f 4439//61 4436//61 4437//61
f 4440//61 4439//61 4437//61
f 4441//61 4435//61 4439//61
f 4442//61 4435//61 4441//61
f 4442//61 4443//61 4444//61
f 4442//61 4444//61 4445//61
f 4442//62 4445//62 4435//62
f 4446//62 4437//62 4447//62
f 4446//61 4447//61 4448//61
f 4446//61 4448//61 4449//61
f 4446//61 4440//61 4437//61
f 347//61 264//61 4434//61
f 347//62 4434//62 4450//62
f 347//254 4450//254 4451//254
f 346//1737 4452//1737 4438//1737
f 346//61 4438//61 262//61
f 4453//61 4452//61 346//61
f 4453//352 4454//352 4452//352
f 4455//62 4451//62 4456//62
f 4455//61 347//61 4451//61
f 4457//62 4443//62 4442//62
f 4458//62 4446//62 4449//62
f 4459//61 4453//61 346//61
f 4460//61 347//61 4455//61
f 4461//61 4454//61 4453//61
f 4461//62 4449//62 4462//62
f 4461//1516 4462//1516 4454//1516
f 4463//62 4455//62 4456//62
f 4463//147 4456//147 4464//147
f 4463//61 4464//61 4443//61
f 359//62 4459//62 346//62
f 360//61 347//61 4460//61
f 4465//61 4449//61 4461//61
f 4466//62 4458//62 4449//62
f 4466//61 4449//61 4465//61
f 4467//61 4443//61 4457//61
f 4468//61 4459//61 359//61
f 4469//61 360//61 4460//61
f 4470//62 4443//62 4467//62
f 4470//61 4463//61 4443//61
f 367//61 4468//61 359//61
f 368//62 360//62 4469//62
f 4471//61 4468//61 367//61
f 4472//61 368//61 4469//61
f 374//61 4471//61 367//61
f 374//1522 4473//1522 4471//1522
f 376//62 368//62 4472//62
f 4474//296 376//296 4472//296
f 4475//62 4474//62 4472//62
f 4476//61 4472//61 4477//61
f 4476//61 4475//61 4472//61
f 4478//62 4476//62 4477//62
f 4479//61 4480//61 4470//61
f 4479//61 4470//61 4467//61
f 4479//62 4467//62 4481//62
f 4479//61 4481//61 4482//61
f 4483//61 4466//61 4465//61
f 4483//62 4484//62 4485//62
f 4483//62 4485//62 4466//62
f 4483//61 4465//61 4486//61
f 4487//62 4483//62 4486//62
f 4488//61 4480//61 4479//61
f 4489//119 4487//119 4486//119
f 4489//61 4486//61 4473//61
f 4490//71 4480//71 4488//71
f 4490//61 4477//61 4480//61
f 4491//62 4478//62 4477//62
f 4491//61 4477//61 4490//61
f 4492//181 4489//181 4473//181
f 4492//61 4473//61 374//61
f 4404//234 4478//234 4491//234
f 4493//1754 4492//1754 374//1754
f 4494//62 4479//62 4482//62
f 4495//61 4484//61 4483//61
f 4496//61 4494//61 4482//61
f 4497//62 4484//62 4495//62
f 4419//61 4496//61 4482//61
f 4419//61 4482//61 4498//61
f 4419//62 4498//62 4499//62
f 4500//61 4484//61 4497//61
f 4500//61 4499//61 4501//61
f 4500//61 4501//61 4484//61
f 4403//62 4478//62 4404//62
f 4502//61 4499//61 4500//61
f 4502//61 4419//61 4499//61
f 4503//61 4419//61 4502//61
f 4503//61 4409//61 4408//61
f 4503//61 4408//61 4419//61
f 4504//62 4500//62 4505//62
f 4504//61 4505//61 4506//61
f 4504//61 4502//61 4500//61
f 4507//62 4409//62 4503//62
f 4507//359 4411//359 4409//359
f 4508//319 4506//319 4509//298
f 4508//61 4504//61 4506//61
f 4510//61 4478//61 4403//61
f 4510//61 4411//61 4507//61
f 4510//1745 4403//1745 4411//1745
f 4511//61 4507//61 4512//61
f 4511//62 4510//62 4507//62
f 4513//62 4511//62 4512//62
f 4514//61 4513//61 4512//61
f 473//62 4515//62 4508//62
f 473//319 4509//61 4516//319
f 473//62 4516//62 4493//62
f 473//62 4508//62 4509//1742
f 473//61 4493//61 374//61
f 471//61 4514//61 4512//61
f 477//62 4512//62 4517//62
f 477//62 471//62 4512//62
f 475//61 4517//61 4515//61
f 475//62 4515//62 473//62
f 475//62 477//62 4517//62
f 368//638 376//638 4518//638
f 368//638 4518//638 4519//638
f 360//637 4519//637 4520//637
f 360//637 368//637 4519//637
f 347//635 4520//635 4521//635
f 347//636 360//636 4520//636
f 4522//497 4523//497 4524//497
f 4523//393 4525//393 4524//393
f 4525//430 4526//430 4524//430
f 4527//617 4528//617 4522//617
f 4522//394 4528//394 4523//394
f 4525//394 4529//394 4526//394
f 4527//393 4530//393 4528//393
f 4529//393 4531//393 4526//393
f 4532//394 4533//394 4534//394
f 4535//394 4533//394 4532//394
f 4536//3961 4537//3961 4538//3961
f 4539//610 4537//610 4536//610
f 4540//617 4537//617 4539//617
f 4538//393 4537//393 4541//393
f 4535//393 4542//393 4533//393
f 4537//393 4543//393 4541//393
f 4530//394 4544//394 4535//394
f 4535//394 4544//394 4542//394
f 4543//393 4545//393 4541//393
f 4541//394 4545//394 4531//394
f 4530//394 4546//394 4544//394
f 4545//393 4547//393 4531//393
f 4548//394 4549//394 4550//394
f 4551//394 4552//394 4553//394
f 4553//394 4554//394 4547//394
f 4531//393 4554//393 4526//393
f 4547//394 4554//394 4531//394
f 4552//393 4554//393 4553//393
f 4527//393 4555//393 4530//393
f 4546//394 4555//394 4548//394
f 4548//394 4555//394 4549//394
f 4530//393 4555//393 4546//393
f 4549//393 4556//393 4550//393
f 4551//393 4557//393 4552//393
f 4549//394 4558//394 4556//394
f 4527//393 4521//393 4555//393
f 4554//393 4559//393 4526//393
f 4557//394 4560//394 4552//394
f 4521//610 4561//610 4555//610
f 4554//393 4562//393 4559//393
f 4557//393 4563//393 4560//393
f 4557//394 4564//394 4563//394
f 4557//521 4565//521 4564//521
f 4558//393 4566//393 4556//393
f 4521//393 4520//393 4561//393
f 4562//521 4567//521 4559//521
f 4520//3961 4568//3961 4561//3961
f 4562//410 4569//410 4567//410
f 4520//393 4519//393 4568//393
f 4568//394 4519//394 4570//394
f 4571//393 4572//393 4569//393
f 4569//393 4572//393 4567//393
f 4571//393 4573//393 4572//393
f 4574//393 4573//393 4571//393
f 4519//394 4518//394 4570//394
f 4570//393 4518//393 4575//393
f 4518//393 4576//393 4575//393
f 4576//394 4577//394 4575//394
f 4578//8552 4579//8552 4580//8552
f 4581//410 4579//410 4578//410
f 4582//497 4579//497 4581//497
f 4583//394 4584//394 4585//394
f 4574//393 4586//393 4573//393
f 4582//393 4587//393 4579//393
f 4577//393 4588//393 4575//393
f 4584//393 4589//393 4585//393
f 4577//497 4590//497 4588//497
f 4588//393 4591//393 4587//393
f 4590//394 4591//394 4588//394
f 4587//393 4592//393 4579//393
f 4591//394 4592//394 4587//394
f 4584//393 4593//393 4589//393
f 4591//393 4594//393 4592//393
f 4593//394 4595//394 4589//394
f 4589//393 4595//393 4586//393
f 4591//394 4596//394 4594//394
f 4595//393 4597//393 4586//393
f 4598//393 4599//393 4600//393
f 4598//617 4601//617 4599//617
f 4598//393 4602//393 4601//393
f 4603//393 4604//393 4605//393
f 4606//393 4607//393 4598//393
f 4598//393 4607//393 4602//393
f 4604//394 4608//394 4605//394
f 4609//394 4608//394 4610//394
f 4605//393 4608//393 4609//393
f 4586//393 4611//393 4573//393
f 4597//394 4611//394 4586//394
f 4610//394 4611//394 4597//394
f 4608//393 4611//393 4610//393
f 4612//393 4613//393 4606//393
f 4596//394 4613//394 4612//394
f 4591//393 4613//393 4596//393
f 4607//394 4613//394 4614//394
f 4606//394 4613//394 4607//394
f 4613//394 4615//394 4614//394
f 4615//393 4616//393 4614//393
f 4616//394 4617//394 4614//394
f 4616//394 4618//394 4617//394
f 4618//393 4619//393 4617//393
f 4611//394 4620//394 4573//394
f 4621//610 4620//610 4611//610
f 4621//497 4622//497 4620//497
f 4619//497 4623//497 4617//497
f 4617//497 4623//497 4624//497
f 4622//610 4625//610 4620//610
f 4623//394 4625//394 4624//394
f 4624//394 4625//394 4622//394
f 471//1054 4619//1054 4618//1054
f 471//8553 4618//8553 4514//8553
f 4613//1531 4510//1531 4615//1531
f 4615//8554 4511//8554 4616//8554
f 4510//1533 4511//1533 4615//1533
f 4616//8555 4513//8555 4618//8555
f 4511//1532 4513//1532 4616//1532
f 4513//8556 4514//8556 4618//8556
f 4626//633 4627//633 4591//633
f 4628//634 4591//634 4627//634
f 4478//633 4629//633 4630//633
f 4478//633 4630//633 4626//633
f 4478//634 4626//634 4591//634
f 4631//633 4613//633 4591//633
f 4631//633 4591//633 4628//633
f 4632//633 4628//633 4633//633
f 4632//633 4631//633 4628//633
f 4634//634 4613//634 4631//634
f 4635//634 4633//634 4629//634
f 4635//633 4629//633 4478//633
f 4635//634 4632//634 4633//634
f 4636//633 4613//633 4634//633
f 4510//633 4636//633 4637//633
f 4510//633 4637//633 4635//633
f 4510//633 4635//633 4478//633
f 4510//634 4613//634 4636//634
f 4478//1524 4591//1524 4476//1524
f 4476//8557 4590//8557 4475//8557
f 4591//1526 4590//1526 4476//1526
f 4475//1529 4577//1529 4474//1529
f 4590//1525 4577//1525 4475//1525
f 4577//1527 4576//1527 4474//1527
f 4474//633 4576//633 4518//633
f 4474//8558 4518//8558 376//8558
f 4632//8559 4635//8559 4638//8559
f 4639//393 4635//393 4640//393
f 4638//8559 4635//8559 4639//8559
f 4640//8560 4637//8560 4641//8560
f 4635//394 4637//394 4640//394
f 4637//8560 4636//8560 4641//8560
f 4641//8561 4634//8561 4642//8561
f 4636//8561 4634//8561 4641//8561
f 4643//8562 4631//8562 4638//8562
f 4642//62 4631//62 4643//62
f 4634//61 4631//61 4642//61
f 4631//8562 4632//8562 4638//8562
f 4641//8563 4642//8563 4644//8563
f 4642//8564 4643//8564 4644//8564
f 4643//8565 4638//8565 4644//8565
f 4638//8566 4639//8566 4644//8566
f 4639//8567 4640//8567 4644//8567
f 4640//8568 4641//8568 4644//8568
f 4626//8569 4630//8569 4645//8569
f 4645//8559 4630//8559 4646//8559
f 4646//393 4629//393 4647//393
f 4630//394 4629//394 4646//394
f 4647//8560 4633//8560 4648//8560
f 4629//8560 4633//8560 4647//8560
f 4648//8561 4633//8561 4649//8561
f 4649//61 4628//61 4650//61
f 4633//8561 4628//8561 4649//8561
f 4628//62 4627//62 4650//62
f 4650//8562 4626//8562 4645//8562
f 4627//8570 4626//8570 4650//8570
f 4648//8563 4649//8563 4651//8563
f 4649//8564 4650//8564 4651//8564
f 4650//8565 4645//8565 4651//8565
f 4645//8566 4646//8566 4651//8566
f 4646//8571 4647//8571 4651//8571
f 4647//8568 4648//8568 4651//8568
f 475//632 473//632 4620//632
f 475//632 4620//632 4625//632
f 477//631 4625//631 4623//631
f 477//630 475//630 4625//630
f 471//628 4623//628 4619//628
f 471//628 477//628 4623//628
f 4620//627 473//627 374//627
f 4620//627 374//627 4573//627
f 359//8572 346//8572 4559//8572
f 359//886 4559//886 4567//886
f 367//675 4567//675 4572//675
f 367//675 359//675 4567//675
f 374//885 4572//885 4573//885
f 374//885 367//885 4572//885
f 4559//651 346//651 262//651
f 4559//681 262//681 4526//681
f 260//884 264//884 4527//884
f 260//884 4527//884 4522//884
f 259//882 4522//882 4524//882
f 259//882 260//882 4522//882
f 262//49 4524//49 4526//49
f 262//49 259//49 4524//49
f 4652//13 4527//13 264//13
f 4653//13 4521//13 4527//13
f 4653//13 4527//13 4652//13
f 4654//13 4652//13 264//13
f 4655//13 4521//13 4653//13
f 4656//20 4654//20 264//20
f 347//13 4655//13 4657//13
f 347//31 4657//31 4656//31
f 347//13 4521//13 4655//13
f 347//13 4656//13 264//13
f 4658//8573 4653//8573 4659//8573
f 4659//8574 4653//8574 4660//8574
f 4660//8575 4653//8575 4661//8575
f 4661//8576 4653//8576 4662//8576
f 4662//8577 4653//8577 4663//8577
f 4663//8578 4653//8578 4664//8578
f 4664//8579 4653//8579 4665//8579
f 4665//8580 4653//8580 4666//8580
f 4666//8581 4653//8581 4667//8581
f 4667//8582 4653//8582 4668//8582
f 4668//8583 4652//8583 4669//8583
f 4669//8584 4652//8584 4670//8584
f 4670//8585 4652//8585 4671//8585
f 4671//8586 4652//8586 4672//8586
f 4672//8587 4652//8587 4673//8587
f 4673//8588 4652//8588 4674//8588
f 4674//8589 4652//8589 4675//8589
f 4675//8590 4652//8590 4676//8590
f 4676//8591 4652//8591 4677//8591
f 4677//8592 4652//8592 4678//8592
f 4678//8593 4652//8593 4679//8593
f 4679//8594 4652//8594 4680//8594
f 4680//8595 4652//8595 4681//8595
f 4681//8596 4652//8596 4682//8596
f 4682//8597 4652//8597 4683//8597
f 4683//8598 4652//8598 4684//8598
f 4684//8599 4652//8599 4685//8599
f 4685//8600 4652//8600 4686//8600
f 4686//8601 4652//8601 4687//8601
f 4687//8602 4652//8602 4688//8602
f 4688//8603 4652//8603 4689//8603
f 4689//8604 4652//8604 4690//8604
f 4653//8605 4652//8605 4668//8605
f 4652//8606 4654//8606 4690//8606
f 4690//8607 4654//8607 4691//8607
f 4691//8608 4654//8608 4692//8608
f 4692//8609 4654//8609 4693//8609
f 4693//8610 4654//8610 4694//8610
f 4694//8611 4654//8611 4695//8611
f 4695//8612 4654//8612 4696//8612
f 4696//8613 4654//8613 4697//8613
f 4697//8614 4654//8614 4698//8614
f 4698//8615 4654//8615 4699//8615
f 4699//8616 4654//8616 4700//8616
f 4700//8617 4654//8617 4701//8617
f 4701//8618 4654//8618 4702//8618
f 4702//8619 4654//8619 4703//8619
f 4703//8620 4654//8620 4704//8620
f 4704//8621 4654//8621 4705//8621
f 4705//8622 4654//8622 4706//8622
f 4706//8623 4654//8623 4707//8623
f 4707//8624 4654//8624 4708//8624
f 4708//8625 4654//8625 4709//8625
f 4709//8626 4654//8626 4710//8626
f 4654//8627 4656//8627 4710//8627
f 4710//8628 4656//8628 4711//8628
f 4711//8629 4656//8629 4712//8629
f 4712//8630 4656//8630 4713//8630
f 4713//8631 4656//8631 4714//8631
f 4714//8632 4656//8632 4715//8632
f 4715//8633 4656//8633 4716//8633
f 4716//8634 4656//8634 4717//8634
f 4717//8635 4656//8635 4718//8635
f 4718//8636 4656//8636 4719//8636
f 4719//8637 4656//8637 4720//8637
f 4720//8638 4656//8638 4721//8638
f 4721//8639 4656//8639 4722//8639
f 4722//8640 4656//8640 4723//8640
f 4723//8641 4656//8641 4724//8641
f 4724//8642 4656//8642 4725//8642
f 4725//8643 4656//8643 4726//8643
f 4726//8644 4656//8644 4727//8644
f 4727//8645 4656//8645 4728//8645
f 4728//8646 4656//8646 4729//8646
f 4729//8647 4656//8647 4730//8647
f 4730//8648 4656//8648 4731//8648
f 4731//8649 4657//8649 4732//8649
f 4732//8650 4657//8650 4733//8650
f 4733//8651 4657//8651 4734//8651
f 4734//8652 4657//8652 4735//8652
f 4735//8653 4657//8653 4736//8653
f 4736//8654 4657//8654 4737//8654
f 4737//8655 4657//8655 4738//8655
f 4738//8656 4657//8656 4739//8656
f 4739//8657 4657//8657 4740//8657
f 4740//8658 4657//8658 4741//8658
f 4741//8659 4657//8659 4742//8659
f 4742//8660 4657//8660 4743//8660
f 4743//8661 4657//8661 4744//8661
f 4744//8662 4657//8662 4745//8662
f 4745//8663 4657//8663 4746//8663
f 4746//8664 4657//8664 4747//8664
f 4747//8665 4657//8665 4748//8665
f 4748//8666 4657//8666 4749//8666
f 4749//8667 4657//8667 4750//8667
f 4750//8668 4657//8668 4751//8668
f 4751//8669 4657//8669 4752//8669
f 4752//8670 4657//8670 4753//8670
f 4656//8671 4657//8671 4731//8671
f 4657//8672 4655//8672 4753//8672
f 4753//8673 4655//8673 4754//8673
f 4754//8674 4655//8674 4755//8674
f 4755//8675 4655//8675 4756//8675
f 4756//8676 4655//8676 4757//8676
f 4757//8677 4655//8677 4758//8677
f 4758//8678 4655//8678 4759//8678
f 4759//8679 4655//8679 4760//8679
f 4760//8680 4655//8680 4761//8680
f 4761//8681 4655//8681 4762//8681
f 4762//8682 4655//8682 4763//8682
f 4763//8683 4655//8683 4764//8683
f 4764//8684 4655//8684 4765//8684
f 4765//8685 4655//8685 4766//8685
f 4766//8686 4655//8686 4767//8686
f 4767//8687 4655//8687 4768//8687
f 4768//8688 4655//8688 4769//8688
f 4769//8689 4655//8689 4770//8689
f 4770//8690 4655//8690 4771//8690
f 4771//8691 4655//8691 4772//8691
f 4772//8692 4655//8692 4773//8692
f 4655//8693 4653//8693 4773//8693
f 4773//8694 4653//8694 4774//8694
f 4774//8695 4653//8695 4775//8695
f 4775//8696 4653//8696 4776//8696
f 4776//8697 4653//8697 4777//8697
f 4777//8698 4653//8698 4778//8698
f 4778//8699 4653//8699 4779//8699
f 4779//8700 4653//8700 4780//8700
f 4780//8701 4653//8701 4781//8701
f 4781//8702 4653//8702 4782//8702
f 4782//8703 4653//8703 4783//8703
f 4783//8704 4653//8704 4658//8704
f 4784//8705 4673//8706 4674//8705
f 4785//8707 4674//8707 4675//8707
f 4785//1214 4784//1214 4674//1214
f 4786//8708 4672//8708 4673//8709
f 4786//8710 4673//8711 4784//8710
f 4787//1199 4675//1199 4676//1199
f 4787//8712 4785//8712 4675//8712
f 4788//817 4671//817 4672//817
f 4788//8713 4672//8713 4786//8713
f 4789//8714 4676//8714 4677//8715
f 4789//25 4787//25 4676//25
f 4790//26 4670//26 4671//26
f 4790//13 4671//13 4788//13
f 4791//8716 4677//8717 4678//8716
f 4791//8718 4789//8718 4677//8719
f 4792//8720 4669//8720 4670//8720
f 4792//8721 4670//8721 4790//8721
f 4793//31 4678//31 4679//31
f 4793//1205 4791//1205 4678//1205
f 4794//8722 4668//8722 4669//8722
f 4794//8723 4669//8723 4792//8723
f 4795//8716 4793//8716 4679//8716
f 4795//8724 4679//8724 4680//8715
f 4796//8725 4667//8725 4668//8725
f 4796//1203 4668//1203 4794//1203
f 4797//8726 4680//8727 4681//8728
f 4797//8729 4795//8730 4680//8731
f 4798//8732 4666//8732 4667//8732
f 4798//8733 4667//8733 4796//8733
f 4799//1219 4681//1219 4682//8723
f 4799//1215 4797//24 4681//1215
f 4800//8734 4665//8734 4666//8734
f 4800//8735 4666//8735 4798//8735
f 4801//8736 4799//8736 4682//8737
f 4801//2809 4682//8738 4683//2809
f 4802//24 4664//24 4665//24
f 4802//8730 4665//8730 4800//8730
f 4803//8723 4801//8723 4683//8723
f 4803//8739 4683//8739 4684//8739
f 4804//8740 4663//8740 4664//8740
f 4804//2474 4664//2474 4802//2474
f 4805//8741 4803//8741 4684//8741
f 4805//12 4684//12 4685//12
f 4806//8742 4662//8742 4663//8742
f 4806//8743 4663//8743 4804//8743
f 4807//8744 4685//8744 4686//8744
f 4807//8745 4805//8745 4685//8745
f 4808//8725 4661//8725 4662//8725
f 4808//8746 4662//8746 4806//8746
f 4809//14 4686//14 4687//14
f 4809//1205 4807//1205 4686//1205
f 4810//2104 4660//2104 4661//2104
f 4810//8473 4661//8473 4808//8473
f 4811//1214 4687//1214 4688//1214
f 4811//8747 4809//8747 4687//8747
f 4812//8748 4659//8748 4660//8748
f 4812//8706 4660//8706 4810//8706
f 4813//26 4688//26 4689//26
f 4813//8521 4811//8521 4688//8521
f 4814//8713 4658//8713 4659//8713
f 4814//8749 4659//8749 4812//8749
f 4815//8750 4689//8750 4690//8750
f 4815//817 4813//817 4689//817
f 4816//8732 4783//8732 4658//8732
f 4816//8751 4658//8751 4814//8751
f 4817//8752 4690//8752 4691//8753
f 4817//40 4815//40 4690//40
f 4818//8754 4782//8754 4783//8754
f 4818//8755 4783//8755 4816//8755
f 4819//8730 4691//1141 4692//8730
f 4819//8756 4817//8756 4691//8757
f 4820//8758 4781//8758 4782//8758
f 4820//15 4782//15 4818//15
f 4821//1065 4692//1065 4693//1065
f 4821//8759 4819//8759 4692//8759
f 4822//8741 4781//8760 4820//8760
f 4822//8761 4780//8740 4781//8740
f 4823//8762 4821//8762 4693//8762
f 4823//27 4693//27 4694//27
f 4824//8763 4780//8763 4822//23
f 4824//8764 4779//8764 4780//8764
f 4825//8746 4823//8746 4694//8746
f 4825//8765 4694//8765 4695//8765
f 4826//8766 4779//8766 4824//8766
f 4826//8767 4778//8767 4779//8767
f 4827//8768 4825//8768 4695//8768
f 4827//8521 4695//8521 4696//8521
f 4828//8769 4778//8769 4826//8769
f 4828//25 4777//25 4778//25
f 4829//8770 4827//8770 4696//8770
f 4829//820 4696//820 4697//820
f 4830//8771 4777//8771 4828//8771
f 4776//8772 4777//8772 4830//8772
f 4831//8773 4829//8773 4697//8773
f 4698//8774 4831//8774 4697//8774
f 4832//8521 4776//8521 4830//8521
f 4775//8752 4776//8752 4832//8752
f 4833//8734 4831//8734 4698//8734
f 4699//8525 4833//8525 4698//8525
f 4834//8775 4775//8775 4832//8775
f 4774//8733 4775//8733 4834//8733
f 4835//8776 4833//8776 4699//8776
f 4700//8777 4835//8777 4699//8777
f 4836//1213 4774//1213 4834//1213
f 4773//38 4774//38 4836//38
f 4837//8778 4835//8778 4700//8778
f 4701//8732 4837//8732 4700//8732
f 4838//8492 4773//8492 4836//8492
f 4772//8759 4773//8759 4838//8759
f 4839//8734 4837//8734 4701//8734
f 4702//8779 4839//8779 4701//8779
f 4840//8771 4772//8771 4838//8771
f 4771//16 4772//16 4840//16
f 4841//21 4839//21 4702//21
f 4703//1217 4841//1217 4702//1217
f 4842//8780 4771//8780 4840//8780
f 4770//8781 4771//8781 4842//8781
f 4843//28 4841//28 4703//28
f 4704//8782 4843//8782 4703//8782
f 4844//25 4770//25 4842//25
f 4769//1205 4770//1205 4844//1205
f 4845//8783 4843//8783 4704//8783
f 4705//8784 4845//8784 4704//8784
f 4846//8785 4769//8785 4844//8785
f 4847//815 4845//815 4705//815
f 4768//23 4769//23 4846//23
f 4848//8786 4768//8786 4846//8786
f 4706//41 4847//41 4705//41
f 4849//8787 4847//8787 4706//8787
f 4767//8716 4768//8716 4848//8716
f 4850//8749 4767//8749 4848//8749
f 4707//8748 4849//8748 4706//8748
f 4851//1205 4849//1205 4707//1205
f 4766//8734 4767//8734 4850//8734
f 4852//26 4766//26 4850//26
f 4708//8788 4851//8789 4707//8789
f 4853//8790 4851//8790 4708//8791
f 4765//8792 4766//8792 4852//8792
f 4854//8793 4765//8793 4852//8793
f 4709//8732 4853//8732 4708//8473
f 4855//1199 4853//1199 4709//1199
f 4764//8794 4765//8794 4854//8794
f 4856//8795 4764//8795 4854//8795
f 4710//8796 4855//8796 4709//8796
f 4857//8797 4855//8797 4710//8797
f 4763//8798 4764//8798 4856//8798
f 4858//8713 4763//8713 4856//8713
f 4711//1213 4857//1213 4710//1213
f 4859//40 4857//40 4711//40
f 4762//8799 4763//8799 4858//8799
f 4860//1201 4762//1201 4858//1201
f 4712//8725 4859//8725 4711//8725
f 4861//8800 4859//8800 4712//8800
f 4761//8705 4762//8705 4860//8705
f 4862//8801 4761//8802 4860//8802
f 4713//8770 4861//8770 4712//8770
f 4863//1211 4861//1211 4713//1211
f 4760//8803 4761//8803 4862//8804
f 4760//8727 4862//8805 4864//8727
f 4714//8806 4865//8806 4863//8806
f 4714//13 4863//13 4713//13
f 4759//8807 4760//8807 4864//8807
f 4759//8808 4864//8808 4866//8808
f 4715//8732 4867//8732 4865//8732
f 4715//1201 4865//1201 4714//1201
f 4758//8734 4759//8734 4866//8734
f 4758//8809 4866//8809 4868//8809
f 4716//25 4869//25 4867//25
f 4716//8810 4867//8810 4715//8810
f 4757//1201 4868//1201 4870//1201
f 4757//8811 4758//8811 4868//8811
f 4717//8749 4871//8749 4869//8749
f 4717//23 4869//23 4716//23
f 4756//26 4870//26 4872//26
f 4756//807 4757//807 4870//807
f 4718//8732 4873//8732 4871//8732
f 4718//1214 4871//1214 4717//1214
f 4755//8812 4756//8812 4872//8812
f 4755//8813 4872//8813 4874//8813
f 4719//8814 4873//8814 4718//8814
f 4719//8815 4875//8815 4873//8815
f 4754//1220 4755//1220 4874//1220
f 4754//809 4874//809 4876//809
f 4720//808 4877//808 4875//808
f 4720//815 4875//815 4719//815
f 4753//8810 4754//8810 4876//8810
f 4753//36 4876//36 4878//36
f 4721//8816 4877//8817 4720//8817
f 4721//8818 4879//8819 4877//8819
f 4752//40 4753//40 4878//40
f 4752//8780 4878//8780 4880//8780
f 4722//8820 4879//8820 4721//8821
f 4722//8720 4881//8720 4879//8720
f 4751//8734 4752//8734 4880//8734
f 4751//8492 4880//8492 4882//8492
f 4723//1207 4881//1207 4722//1207
f 4723//8733 4883//8733 4881//8733
f 4750//8473 4751//8473 4882//8473
f 4750//8822 4882//8822 4884//8822
f 4724//808 4885//808 4883//808
f 4724//8716 4883//8716 4723//8716
f 4749//8766 4750//8766 4884//8766
f 4749//1202 4884//1202 4886//1202
f 4725//25 4887//25 4885//25
f 4725//8725 4885//8725 4724//8725
f 4748//8823 4749//8823 4886//8823
f 4748//8725 4886//8725 4888//8725
f 4726//8824 4889//8824 4887//8824
f 4726//1213 4887//1213 4725//1213
f 4747//8793 4748//8793 4888//8793
f 4747//1204 4888//1204 4890//1204
f 4727//8735 4891//8735 4889//8735
f 4727//8725 4889//8725 4726//8725
f 4746//1218 4747//1218 4890//1218
f 4746//8825 4890//8825 4892//8825
f 4728//1213 4893//1213 4891//1213
f 4728//1220 4891//1220 4727//1220
f 4745//8758 4746//8758 4892//8758
f 4745//8792 4892//8792 4894//8792
f 4729//8826 4895//8826 4893//8826
f 4729//817 4893//817 4728//817
f 4744//25 4745//25 4894//25
f 4744//8759 4894//8759 4896//8759
f 4730//8714 4897//8714 4895//8714
f 4730//31 4895//31 4729//31
f 4743//8758 4744//8758 4896//8758
f 4743//8827 4896//8827 4898//8827
f 4731//8828 4899//8828 4897//8828
f 4731//8748 4897//8748 4730//8748
f 4742//8759 4743//8759 4898//8759
f 4742//8829 4898//8829 4900//8829
f 4732//8725 4901//8725 4899//8725
f 4732//8739 4899//8739 4731//9
f 4741//8525 4742//8830 4900//8831
f 4741//8832 4900//8833 4902//8743
f 4733//8723 4903//8723 4901//8723
f 4733//8834 4901//8834 4732//8834
f 4740//8835 4902//8835 4904//8835
f 4740//8836 4741//8837 4902//8836
f 4734//8738 4905//8738 4903//8738
f 4734//807 4903//807 4733//807
f 4739//1199 4904//1199 4906//1199
f 4739//1215 4740//1215 4904//1215
f 4735//8838 4907//8838 4905//8838
f 4735//8839 4905//8839 4734//8839
f 4738//8840 4906//8841 4908//8728
f 4738//8842 4739//8736 4906//8736
f 4736//8812 4909//8812 4907//8812
f 4736//8725 4907//8725 4735//8725
f 4737//8843 4908//8843 4909//8843
f 4737//1211 4909//1211 4736//1211
f 4737//8713 4738//8728 4908//8713
f 4880//8844 4878//8844 4910//8844
f 4882//8845 4880//8845 4910//8845
f 4884//8846 4882//8846 4910//8846
f 4886//8847 4884//8847 4910//8847
f 4888//8848 4886//8848 4910//8848
f 4890//8849 4888//8849 4910//8849
f 4892//8850 4890//8850 4910//8850
f 4894//8851 4892//8851 4910//8851
f 4896//8852 4894//8852 4910//8852
f 4898//8853 4896//8853 4910//8853
f 4900//8854 4910//8854 4911//8854
f 4900//8855 4898//8855 4910//8855
f 4902//8856 4900//8856 4911//8856
f 4904//8857 4902//8857 4911//8857
f 4906//8858 4904//8858 4911//8858
f 4908//8859 4906//8859 4911//8859
f 4909//8860 4908//8860 4911//8860
f 4907//8861 4909//8861 4911//8861
f 4905//8862 4907//8862 4911//8862
f 4903//8863 4905//8863 4911//8863
f 4901//8864 4903//8864 4911//8864
f 4899//8865 4901//8865 4911//8865
f 4897//8866 4899//8866 4911//8866
f 4895//8867 4897//8867 4911//8867
f 4893//8868 4895//8868 4911//8868
f 4891//8869 4893//8869 4911//8869
f 4889//8870 4891//8870 4911//8870
f 4887//8871 4889//8871 4911//8871
f 4885//8872 4887//8872 4911//8872
f 4883//8873 4885//8873 4911//8873
f 4881//8874 4883//8874 4911//8874
f 4879//8875 4881//8875 4911//8875
f 4877//8876 4911//8876 4912//8876
f 4877//8877 4879//8877 4911//8877
f 4875//8878 4877//8878 4912//8878
f 4873//8879 4875//8879 4912//8879
f 4871//8880 4873//8880 4912//8880
f 4869//8881 4871//8881 4912//8881
f 4867//8882 4869//8882 4912//8882
f 4865//8883 4867//8883 4912//8883
f 4863//8884 4865//8884 4912//8884
f 4861//8885 4863//8885 4912//8885
f 4859//8886 4861//8886 4912//8886
f 4857//8887 4859//8887 4912//8887
f 4855//8888 4857//8888 4912//8888
f 4853//8889 4855//8889 4912//8889
f 4851//8890 4853//8890 4912//8890
f 4849//8891 4851//8891 4912//8891
f 4847//8892 4849//8892 4912//8892
f 4845//8893 4847//8893 4912//8893
f 4843//8894 4845//8894 4912//8894
f 4841//8895 4843//8895 4912//8895
f 4839//8896 4841//8896 4912//8896
f 4837//8897 4839//8897 4912//8897
f 4835//8898 4912//8899 4913//8898
f 4835//8900 4837//8900 4912//8901
f 4833//8902 4835//8902 4913//8902
f 4831//8903 4833//8903 4913//8903
f 4829//8904 4831//8904 4913//8904
f 4827//8905 4829//8905 4913//8905
f 4825//8906 4827//8906 4913//8906
f 4823//8907 4825//8907 4913//8907
f 4821//8908 4823//8908 4913//8908
f 4819//8909 4821//8909 4913//8909
f 4817//8910 4819//8910 4913//8910
f 4815//8911 4817//8911 4913//8911
f 4813//8912 4815//8912 4913//8912
f 4811//8913 4813//8913 4913//8913
f 4809//8914 4811//8914 4913//8914
f 4807//8915 4809//8915 4913//8915
f 4805//8916 4807//8916 4913//8916
f 4803//8917 4805//8917 4913//8917
f 4801//8918 4803//8918 4913//8918
f 4799//8919 4801//8919 4913//8919
f 4797//8920 4799//8920 4913//8920
f 4795//8921 4797//8921 4913//8921
f 4793//8922 4913//8922 4914//8922
f 4793//8923 4795//8923 4913//8923
f 4791//8924 4793//8924 4914//8924
f 4789//8925 4791//8925 4914//8925
f 4787//8926 4789//8926 4914//8926
f 4785//8927 4787//8927 4914//8927
f 4784//8928 4785//8928 4914//8928
f 4786//8929 4784//8929 4914//8929
f 4788//8930 4786//8930 4914//8930
f 4790//8931 4788//8932 4914//8932
f 4792//8933 4790//8933 4914//8933
f 4794//8934 4792//8934 4914//8934
f 4796//8935 4794//8935 4914//8935
f 4798//8936 4796//8936 4914//8936
f 4800//8937 4798//8937 4914//8937
f 4802//8938 4800//8938 4914//8938
f 4804//8939 4802//8939 4914//8939
f 4806//8940 4804//8940 4914//8940
f 4808//8941 4806//8941 4914//8941
f 4810//8942 4808//8942 4914//8942
f 4812//8943 4810//8943 4914//8943
f 4814//8944 4812//8944 4914//8944
f 4816//8945 4814//8945 4914//8945
f 4816//8946 4914//8946 4915//8946
f 4818//8947 4816//8947 4915//8947
f 4820//8948 4818//8948 4915//8948
f 4822//8949 4820//8949 4915//8949
f 4824//8950 4822//8950 4915//8950
f 4826//8951 4824//8951 4915//8951
f 4828//8952 4826//8952 4915//8952
f 4830//8953 4828//8953 4915//8953
f 4832//8954 4830//8954 4915//8954
f 4834//8955 4832//8955 4915//8955
f 4836//8956 4834//8956 4915//8956
f 4838//8957 4836//8957 4915//8957
f 4840//8958 4838//8958 4915//8958
f 4842//8959 4840//8959 4915//8959
f 4844//8960 4842//8960 4915//8960
f 4846//8961 4844//8961 4915//8961
f 4848//8962 4846//8962 4915//8962
f 4850//8963 4848//8963 4915//8963
f 4852//8964 4850//8964 4915//8964
f 4854//8965 4852//8965 4915//8965
f 4856//8966 4854//8966 4915//8966
f 4858//8967 4915//8968 4910//8967
f 4858//8969 4856//8969 4915//8970
f 4860//8971 4858//8971 4910//8971
f 4862//8972 4860//8972 4910//8972
f 4864//8973 4862//8973 4910//8973
f 4866//8974 4864//8974 4910//8974
f 4868//8975 4866//8975 4910//8975
f 4870//8976 4868//8976 4910//8976
f 4872//8977 4870//8977 4910//8977
f 4874//8978 4872//8978 4910//8978
f 4876//8979 4874//8979 4910//8979
f 4878//8980 4876//8980 4910//8980
f 4913//1065 4916//1065 4914//1065
f 4917//1065 4916//1065 4913//1065
f 4918//31 4915//31 4914//31
f 4918//8714 4914//8714 4916//8714
f 4912//9 4919//9 4917//9
f 4912//8735 4917//8735 4913//8735
f 4910//13 4918//13 4920//13
f 4910//1218 4915//1218 4918//1218
f 4911//8813 4920//8813 4921//8813
f 4911//25 4921//25 4919//25
f 4911//24 4919//24 4912//24
f 4911//1218 4910//1218 4920//1218
f 4917//8981 4919//8981 4922//8981
f 4919//8982 4921//8982 4922//8982
f 4921//8983 4920//8983 4922//8983
f 4920//8984 4918//8984 4922//8984
f 4918//8985 4916//8985 4922//8985
f 4916//8986 4917//8986 4922//8986
f 4538//636 4541//636 4923//636
f 4923//635 4541//635 4924//635
f 4924//637 4531//637 4925//637
f 4541//637 4531//637 4924//637
f 4925//638 4529//638 4926//638
f 4531//638 4529//638 4925//638
f 4926//628 4525//628 4927//628
f 4529//628 4525//628 4926//628
f 4927//630 4523//630 4928//630
f 4525//631 4523//631 4927//631
f 4928//632 4528//632 4929//632
f 4523//632 4528//632 4928//632
f 4528//8987 4530//8987 4929//8987
f 4929//8988 4530//8988 4930//8988
f 4930//8989 4535//8989 4931//8989
f 4530//8990 4535//8990 4930//8990
f 4931//8991 4532//8991 4932//8991
f 4535//8992 4532//8992 4931//8992
f 4932//8993 4534//8993 4933//8993
f 4532//8994 4534//8994 4932//8994
f 4934//8995 4935//8995 4534//8995
f 4534//8996 4936//8996 4933//8996
f 4935//8997 4936//8997 4534//8997
f 4933//8998 4937//8998 4938//8998
f 4936//8998 4937//8998 4933//8998
f 4939//8999 4540//8999 4937//8999
f 4937//9000 4540//9000 4938//9000
f 4939//9001 4940//9001 4540//9001
f 4938//9002 4539//9002 4923//9002
f 4540//9003 4539//9003 4938//9003
f 4539//9004 4536//9004 4923//9004
f 4536//9005 4538//9005 4923//9005
f 4941//9006 4940//9006 4939//9006
f 4942//9007 4940//9007 4941//9007
f 4943//9008 4942//9008 4941//9008
f 4944//9009 4942//9009 4943//9009
f 4945//9010 4944//9010 4943//9010
f 4946//9011 4944//9011 4945//9011
f 4947//9012 4946//9012 4945//9012
f 4948//9013 4946//9013 4947//9013
f 4949//9014 4947//9014 4950//9014
f 4949//9015 4948//9015 4947//9015
f 4951//9016 4950//9016 4952//9016
f 4951//9017 4949//9017 4950//9017
f 4953//9018 4951//9018 4952//9018
f 4954//9019 4953//9019 4952//9019
f 4955//9020 4953//9020 4954//9020
f 4956//9021 4955//9021 4954//9021
f 4560//9022 4563//9022 4957//9022
f 4957//9023 4564//9023 4958//9023
f 4563//9024 4564//9024 4957//9024
f 4564//9025 4565//9025 4958//9025
f 4955//9026 4956//9026 4565//9026
f 4956//9027 4959//9027 4565//9027
f 4565//9028 4959//9028 4958//9028
f 4958//9029 4960//9029 4961//9029
f 4959//9029 4960//9029 4958//9029
f 4962//9030 4583//9030 4960//9030
f 4961//9031 4583//9031 4963//9031
f 4960//9032 4583//9032 4961//9032
f 4962//9033 4964//9033 4583//9033
f 4963//9034 4585//9034 4965//9034
f 4583//9035 4585//9035 4963//9035
f 4965//9036 4589//9036 4966//9036
f 4585//9037 4589//9037 4965//9037
f 4966//9038 4586//9038 4967//9038
f 4589//9039 4586//9039 4966//9039
f 4586//9040 4574//9040 4967//9040
f 4968//9041 4964//9041 4962//9041
f 4969//9042 4964//9042 4968//9042
f 4970//9043 4969//9043 4968//9043
f 4971//9044 4969//9044 4970//9044
f 4972//9045 4971//9045 4970//9045
f 4973//9046 4971//9046 4972//9046
f 4974//9047 4973//9047 4972//9047
f 4975//9048 4973//9048 4974//9048
f 4976//9049 4974//9049 4977//9049
f 4976//9050 4975//9050 4974//9050
f 4978//9051 4977//9051 4979//9051
f 4978//9052 4976//9052 4977//9052
f 4980//9053 4978//9053 4979//9053
f 4981//9054 4980//9054 4979//9054
f 4982//9055 4980//9055 4981//9055
f 4983//9056 4982//9056 4981//9056
f 4583//9057 4964//9057 4969//9057
f 4584//9058 4969//9058 4971//9058
f 4584//9059 4583//9059 4969//9059
f 4593//9060 4971//9060 4973//9060
f 4593//9061 4584//9061 4971//9061
f 4595//9062 4973//9062 4975//9062
f 4595//9063 4593//9063 4973//9063
f 4597//9064 4975//9064 4976//9064
f 4597//9065 4595//9065 4975//9065
f 4610//9066 4976//9066 4978//9066
f 4610//9067 4597//9067 4976//9067
f 4609//9068 4978//9068 4980//9068
f 4609//9069 4610//9069 4978//9069
f 4605//9070 4980//9070 4982//9070
f 4605//9071 4609//9071 4980//9071
f 4603//9072 4605//9072 4982//9072
f 4621//9073 4611//9073 4984//9073
f 4984//9074 4611//9074 4985//9074
f 4985//9075 4608//9075 4986//9075
f 4611//9076 4608//9076 4985//9076
f 4986//9077 4604//9077 4987//9077
f 4608//9078 4604//9078 4986//9078
f 4987//9079 4603//9079 4988//9079
f 4604//9080 4603//9080 4987//9080
f 4982//9081 4983//9081 4603//9081
f 4603//9082 4989//9082 4988//9082
f 4983//9083 4989//9083 4603//9083
f 4988//9084 4990//9084 4991//9084
f 4989//9084 4990//9084 4988//9084
f 4992//9085 4600//9085 4990//9085
f 4990//9086 4600//9086 4991//9086
f 4992//9087 4993//9087 4600//9087
f 4991//9088 4599//9088 4994//9088
f 4600//9089 4599//9089 4991//9089
f 4599//9090 4601//9090 4994//9090
f 4601//9091 4602//9091 4994//9091
f 4995//9092 4993//9092 4992//9092
f 4996//9093 4993//9093 4995//9093
f 4997//9094 4996//9094 4995//9094
f 4998//9095 4996//9095 4997//9095
f 4999//9096 4998//9096 4997//9096
f 5000//9097 4998//9097 4999//9097
f 5001//9098 5000//9098 4999//9098
f 5002//9099 5000//9099 5001//9099
f 5003//9100 5001//9100 5004//9100
f 5003//9101 5002//9101 5001//9101
f 5005//9102 5004//9102 5006//9102
f 5005//9103 5003//9103 5004//9103
f 5007//9104 5005//9104 5006//9104
f 5008//9105 5007//9105 5006//9105
f 5009//9106 5007//9106 5008//9106
f 5010//9107 5009//9107 5008//9107
f 4582//9108 4581//9108 5011//9108
f 5011//9109 4578//9109 5012//9109
f 4581//9110 4578//9110 5011//9110
f 4578//9111 4580//9111 5012//9111
f 5009//9112 5010//9112 4580//9112
f 5010//9113 5013//9113 4580//9113
f 4580//9114 5013//9114 5012//9114
f 5012//9115 5014//9115 5015//9115
f 5013//9115 5014//9115 5012//9115
f 5016//9116 4566//9116 5014//9116
f 5015//9117 4566//9117 5017//9117
f 5014//9118 4566//9118 5015//9118
f 5016//9119 5018//9119 4566//9119
f 5017//9120 4558//9120 5019//9120
f 4566//9121 4558//9121 5017//9121
f 5019//9122 4549//9122 5020//9122
f 4558//9123 4549//9123 5019//9123
f 5020//9124 4555//9124 5021//9124
f 4549//9125 4555//9125 5020//9125
f 4555//9126 4561//9126 5021//9126
f 5022//9127 5018//9127 5016//9127
f 5023//9128 5018//9128 5022//9128
f 5024//9129 5023//9129 5022//9129
f 5025//9130 5023//9130 5024//9130
f 5026//9131 5025//9131 5024//9131
f 5027//9132 5025//9132 5026//9132
f 5028//9133 5027//9133 5026//9133
f 5029//9134 5027//9134 5028//9134
f 5030//9135 5028//9135 5031//9135
f 5030//9136 5029//9136 5028//9136
f 5032//9137 5031//9137 5033//9137
f 5032//9138 5030//9138 5031//9138
f 5034//9139 5032//9139 5033//9139
f 5035//9140 5034//9140 5033//9140
f 4934//9141 5034//9141 5035//9141
f 4935//9142 4934//9142 5035//9142
f 4937//394 5036//394 4939//394
f 4936//394 5036//394 4937//394
f 5035//393 5037//393 4935//393
f 4935//394 5037//394 4936//394
f 4936//393 5037//393 5036//393
f 4941//393 5038//393 4943//393
f 4939//393 5038//393 4941//393
f 5036//393 5038//393 4939//393
f 5033//394 5039//394 5035//394
f 5035//393 5039//393 5037//393
f 4943//393 5040//393 4945//393
f 5038//394 5040//394 4943//394
f 5031//393 5041//393 5033//393
f 5033//393 5041//393 5039//393
f 5040//393 5042//393 4945//393
f 4945//393 5042//393 4947//393
f 5031//393 5043//393 5041//393
f 5028//394 5043//394 5031//394
f 5028//393 5026//393 5043//393
f 5042//394 5044//394 4947//394
f 4947//394 5044//394 4950//394
f 5026//393 5045//393 5043//393
f 5026//394 5024//394 5045//394
f 5044//394 5046//394 4950//394
f 4950//393 5046//393 4952//393
f 5024//393 5047//393 5045//393
f 5024//394 5022//394 5047//394
f 5046//393 5048//393 4952//393
f 4952//393 5048//393 4954//393
f 5022//393 5049//393 5047//393
f 5022//394 5016//394 5049//394
f 5048//393 4956//393 4954//393
f 5048//394 5050//394 4956//394
f 5050//393 4959//393 4956//393
f 5016//393 5014//393 5049//393
f 5050//394 4960//394 4959//394
f 5014//394 5051//394 5049//394
f 5013//393 5051//393 5014//393
f 5013//394 5010//394 5051//394
f 4960//393 5052//393 4962//393
f 5050//394 5052//394 4960//394
f 5010//393 5053//393 5051//393
f 5010//393 5008//393 5053//393
f 5052//394 4968//394 4962//394
f 5052//393 5054//393 4968//393
f 5008//394 5006//394 5053//394
f 5053//393 5006//393 5055//393
f 5054//393 4970//393 4968//393
f 5054//393 5056//393 4970//393
f 5055//394 5004//394 5057//394
f 5006//393 5004//393 5055//393
f 5056//393 4972//393 4970//393
f 5056//394 5058//394 4972//394
f 5057//393 5001//393 5059//393
f 5004//393 5001//393 5057//393
f 5058//393 4974//393 4972//393
f 5059//394 4999//394 5060//394
f 5001//394 4999//394 5059//394
f 5061//394 4977//394 5058//394
f 5058//393 4977//393 4974//393
f 5060//393 4997//393 5062//393
f 4999//394 4997//394 5060//394
f 5063//393 4979//393 5061//393
f 5061//393 4979//393 4977//393
f 4997//393 4995//393 5062//393
f 5064//393 4981//393 5063//393
f 5063//393 4981//393 4979//393
f 4990//394 4989//394 5065//394
f 5065//393 4989//393 5064//393
f 4995//393 4992//393 5062//393
f 5065//393 4992//393 4990//393
f 5062//394 4992//394 5065//394
f 5064//393 4983//393 4981//393
f 4989//393 4983//393 5064//393
f 5066//9143 5058//9143 5067//9143
f 5067//9144 5056//9144 5068//9144
f 5058//9143 5056//9143 5067//9143
f 5056//9144 5054//9144 5068//9144
f 5068//3076 5052//3076 5069//3076
f 5054//3076 5052//3076 5068//3076
f 5069//9145 5050//9145 5070//9145
f 5052//9145 5050//9145 5069//9145
f 5070//9146 5048//9146 5071//9146
f 5050//9146 5048//9146 5070//9146
f 5071//9147 5046//9147 5072//9147
f 5048//9148 5046//9148 5071//9148
f 5072//9149 5044//9149 5073//9149
f 5046//9149 5044//9149 5072//9149
f 5073//633 5042//633 5074//633
f 5044//633 5042//633 5073//633
f 5074//9150 5040//9150 5075//9150
f 5042//9150 5040//9150 5074//9150
f 5075//9151 5038//9151 5076//9151
f 5040//9151 5038//9151 5075//9151
f 5076//9152 5036//9152 5077//9152
f 5038//9152 5036//9152 5076//9152
f 5077//9153 5037//9153 5078//9153
f 5036//9154 5037//9154 5077//9154
f 5078//9155 5039//9155 5079//9155
f 5037//3047 5039//3047 5078//3047
f 5079//9156 5041//9156 5080//9156
f 5080//9157 5041//9157 5081//9157
f 5039//9156 5041//9156 5079//9156
f 5041//9157 5043//9157 5081//9157
f 5081//9158 5043//9158 5082//9158
f 5082//9159 5045//9159 5083//9159
f 5043//9158 5045//9158 5082//9158
f 5083//3049 5047//3049 5084//3049
f 5045//9159 5047//9159 5083//9159
f 5047//3049 5049//3049 5084//3049
f 5084//9160 5051//9160 5085//9160
f 5049//9160 5051//9160 5084//9160
f 5085//9161 5053//9161 5086//9161
f 5051//9161 5053//9161 5085//9161
f 5086//9162 5055//9162 5087//9162
f 5053//9163 5055//9163 5086//9163
f 5087//9164 5057//9164 5088//9164
f 5055//9165 5057//9165 5087//9165
f 5088//681 5059//681 5089//681
f 5057//651 5059//651 5088//651
f 5089//9166 5060//9166 5090//9166
f 5059//9166 5060//9166 5089//9166
f 5090//9167 5062//9167 5091//9167
f 5060//9167 5062//9167 5090//9167
f 5091//9168 5065//9168 5092//9168
f 5092//9169 5065//9169 5093//9169
f 5062//9170 5065//9170 5091//9170
f 5065//9169 5064//9169 5093//9169
f 5093//3058 5063//3058 5094//3058
f 5064//9171 5063//9171 5093//9171
f 5094//9172 5061//9172 5095//9172
f 5095//9173 5061//9173 5066//9173
f 5063//9172 5061//9172 5094//9172
f 5061//9173 5058//9173 5066//9173
f 5096//62 5070//62 5097//62
f 5098//61 5069//61 5096//61
f 5096//61 5069//61 5070//61
f 5097//62 5071//62 5099//62
f 5070//61 5071//61 5097//61
f 5100//62 5068//62 5098//62
f 5098//62 5068//62 5069//62
f 5071//61 5072//61 5099//61
f 5072//61 5101//61 5099//61
f 5100//61 5067//61 5068//61
f 5100//61 5102//61 5067//61
f 5072//62 5073//62 5101//62
f 5073//61 5103//61 5101//61
f 5102//61 5066//61 5067//61
f 5102//62 5104//62 5066//62
f 5073//61 5074//61 5103//61
f 5074//1522 5105//1522 5103//1522
f 5104//62 5095//62 5066//62
f 5104//61 5106//61 5095//61
f 5074//61 5075//61 5105//61
f 5075//62 5107//62 5105//62
f 5106//61 5094//61 5095//61
f 5106//296 5108//296 5094//296
f 5075//61 5076//61 5107//61
f 5076//62 5109//62 5107//62
f 5108//62 5093//62 5094//62
f 5108//61 5110//61 5093//61
f 5076//61 5077//61 5109//61
f 5110//62 5092//62 5093//62
f 5077//62 5111//62 5109//62
f 5077//61 5078//61 5111//61
f 5110//61 5112//61 5092//61
f 5112//62 5091//62 5092//62
f 5078//62 5113//62 5111//62
f 5078//61 5079//61 5113//61
f 5112//61 5114//61 5091//61
f 5114//62 5090//62 5091//62
f 5079//61 5115//61 5113//61
f 5079//62 5080//62 5115//62
f 5114//61 5116//61 5090//61
f 5116//62 5089//62 5090//62
f 5080//62 5117//62 5115//62
f 5080//62 5081//62 5117//62
f 5116//61 5118//61 5089//61
f 5118//61 5088//61 5089//61
f 5081//62 5119//62 5117//62
f 5081//151 5082//151 5119//151
f 5118//62 5120//62 5088//62
f 5120//62 5087//62 5088//62
f 5083//61 5121//61 5082//61
f 5082//61 5121//61 5119//61
f 5087//61 5122//61 5086//61
f 5120//62 5122//62 5087//62
f 5084//61 5123//61 5083//61
f 5083//61 5123//61 5121//61
f 5086//61 5124//61 5085//61
f 5122//61 5124//61 5086//61
f 5085//61 5125//61 5084//61
f 5124//62 5125//62 5085//62
f 5084//62 5125//62 5123//62
f 5118//9174 5126//9174 5120//9174
f 5120//9175 5127//9175 5122//9175
f 5126//9176 5127//9176 5120//9176
f 5122//1948 5128//1948 5124//1948
f 5127//9177 5128//9177 5122//9177
f 5128//9178 5129//9178 5124//9178
f 5124//9179 5130//9179 5125//9179
f 5129//9179 5130//9179 5124//9179
f 5125//9180 5131//9180 5123//9180
f 5130//9180 5131//9180 5125//9180
f 5123//9181 5132//9181 5121//9181
f 5131//9182 5132//9182 5123//9182
f 5121//9183 5133//9183 5119//9183
f 5132//9184 5133//9184 5121//9184
f 5119//627 5134//627 5117//627
f 5133//627 5134//627 5119//627
f 5117//9185 5135//9185 5115//9185
f 5134//9186 5135//9186 5117//9186
f 5115//9187 5136//9187 5113//9187
f 5113//9188 5136//9188 5111//9188
f 5135//9189 5136//9189 5115//9189
f 5111//9190 5137//9190 5109//9190
f 5136//9188 5137//9188 5111//9188
f 5137//9191 5138//9191 5109//9191
f 5109//9192 5139//9192 5107//9192
f 5138//2686 5139//2686 5109//2686
f 5107//9193 5140//9193 5105//9193
f 5139//9193 5140//9193 5107//9193
f 5105//9194 5141//9194 5103//9194
f 5140//9194 5141//9194 5105//9194
f 5103//9195 5141//9195 5101//9195
f 5101//9196 5142//9196 5099//9196
f 5141//9195 5142//9195 5101//9195
f 5142//9197 5143//9197 5099//9197
f 5099//9198 5144//9198 5097//9198
f 5143//1960 5144//1960 5099//1960
f 5097//9199 5145//9199 5096//9199
f 5144//9199 5145//9199 5097//9199
f 5096//9200 5146//9200 5098//9200
f 5145//9200 5146//9200 5096//9200
f 5098//9201 5147//9201 5100//9201
f 5146//9201 5147//9201 5098//9201
f 5100//9202 5148//9202 5102//9202
f 5147//9202 5148//9202 5100//9202
f 5102//13 5149//13 5104//13
f 5148//13 5149//13 5102//13
f 5104//9203 5150//9203 5106//9203
f 5106//9204 5150//9204 5108//9204
f 5149//9203 5150//9203 5104//9203
f 5150//9205 5151//9205 5108//9205
f 5108//9206 5152//9206 5110//9206
f 5151//9207 5152//9207 5108//9207
f 5110//9208 5153//9208 5112//9208
f 5112//9209 5153//9209 5114//9209
f 5152//9210 5153//9210 5110//9210
f 5153//1949 5154//1949 5114//1949
f 5114//9211 5155//9211 5116//9211
f 5154//9211 5155//9211 5114//9211
f 5116//9212 5126//9212 5118//9212
f 5155//9213 5126//9213 5116//9213
o rod6
v 22.687740 38.643383 35.431103
v 22.722570 38.635498 35.495987
v 22.858246 38.694557 35.501480
v 22.512177 38.567604 35.422279
v 22.545565 38.563400 35.475220
v 22.887888 38.677731 35.584568
v 23.003128 38.714947 35.624920
v 22.352728 38.476353 35.476067
v 22.383821 38.472420 35.525425
v 23.016350 38.683670 35.727470
v 23.104910 38.702095 35.786533
v 22.228630 38.380642 35.585983
v 22.261959 38.376400 35.638958
v 23.088400 38.652412 35.902946
v 23.151314 38.657555 35.966827
v 22.154844 38.292011 35.738770
v 22.198534 38.289963 35.798538
v 23.093063 38.588718 36.084282
v 23.136744 38.586693 36.144054
v 22.140278 38.221149 35.916000
v 22.203201 38.226269 35.979870
v 23.029640 38.502281 36.243858
v 23.062960 38.498062 36.296844
v 22.186686 38.176609 36.096294
v 22.275251 38.195015 36.155346
v 22.907778 38.406265 36.357395
v 22.938862 38.402351 36.406757
v 22.288465 38.163757 36.257904
v 22.403713 38.200954 36.298252
v 22.746035 38.315281 36.407600
v 22.779413 38.311100 36.460548
v 22.433346 38.184151 36.381348
v 22.569029 38.243187 36.386829
v 22.603849 38.235321 36.451725
v 22.903025 38.379597 36.318707
v 23.016626 38.469109 36.212868
v 23.075750 38.549683 36.064106
v 23.071402 38.609062 35.895069
v 23.004234 38.638199 35.731487
v 22.884481 38.632660 35.598267
v 22.730371 38.593292 35.515694
v 22.565365 38.526085 35.496334
v 22.414585 38.441269 35.543133
v 22.300983 38.351761 35.648972
v 22.241859 38.271183 35.797733
v 22.246210 38.211807 35.966774
v 22.313375 38.182671 36.130352
v 22.433128 38.188206 36.263573
v 22.587240 38.227573 36.346149
v 22.752245 38.294785 36.365505
v 35.392746 10.197264 26.170542
v 35.543526 10.282079 26.123743
v 35.227741 10.130056 26.151184
v 35.073631 10.090686 26.068607
v 34.953876 10.085149 25.935389
v 34.886711 10.114286 25.771811
v 34.882359 10.173664 25.602770
v 34.941486 10.254240 25.454008
v 35.055084 10.343749 25.348169
v 35.205868 10.428564 25.301367
v 35.370872 10.495772 25.320726
v 35.524982 10.535142 25.403303
v 35.644737 10.540679 25.536522
v 35.711899 10.511541 25.700102
v 35.716251 10.452165 25.869141
v 35.657124 10.371588 26.017902
v 36.075573 9.598745 25.848818
v 35.954929 9.507246 25.951412
v 36.153980 9.685130 25.707958
v 36.182476 9.757943 25.542616
v 36.158276 9.810060 25.368977
v 36.083740 9.836374 25.204039
v 35.966171 9.834314 25.063948
v 35.817081 9.804079 24.962418
v 35.651051 9.748631 24.909382
v 35.484344 9.673394 24.910038
v 35.333279 9.585736 24.964319
v 35.212635 9.494237 25.066910
v 35.134228 9.407852 25.207771
v 35.105728 9.335039 25.373114
v 35.129932 9.282924 25.546751
v 35.204464 9.256609 25.711689
v 35.322033 9.258669 25.851780
v 35.471130 9.288903 25.953314
v 35.637154 9.344352 26.006348
v 35.803860 9.419588 26.005692
v 22.969639 38.371174 36.424461
v 22.818571 38.283516 36.478741
v 22.651861 38.208279 36.479397
v 22.485836 38.152828 36.426361
v 22.336740 38.122597 36.324833
v 22.219173 38.120537 36.184742
v 22.144640 38.146851 36.019802
v 22.120436 38.198967 35.846165
v 22.148935 38.271782 35.680824
v 22.227343 38.358166 35.539963
v 22.347984 38.449665 35.437366
v 22.499052 38.537319 35.383087
v 22.665762 38.612556 35.382435
v 22.831789 38.668007 35.435467
v 22.980885 38.698242 35.536999
v 23.098452 38.700302 35.677090
v 23.172985 38.673988 35.842026
v 23.197184 38.621872 36.015663
v 23.168688 38.549057 36.181007
v 23.090281 38.462673 36.321869
v 22.796524 38.204723 36.376156
v 22.961014 38.297249 36.325096
v 22.922548 38.336205 36.302963
v 22.771765 38.251389 36.349766
v 22.616518 38.131405 36.355034
v 22.606762 38.184181 36.330402
v 22.448397 38.088459 36.264954
v 22.452650 38.144814 36.247829
v 22.317759 38.082417 36.119621
v 22.332897 38.139275 36.114613
v 22.244486 38.114204 35.941170
v 22.265732 38.168411 35.951031
v 22.239740 38.178978 35.756767
v 22.261381 38.227791 35.781990
v 22.304241 38.266880 35.594479
v 22.320507 38.308365 35.633228
v 22.428169 38.364525 35.479015
v 22.434107 38.397873 35.527390
v 23.056751 37.626289 36.166275
v 23.221241 37.718815 36.115219
v 22.876745 37.552971 36.145153
v 22.708624 37.510021 36.055069
v 22.577986 37.503983 35.909740
v 22.504713 37.535767 35.731289
v 22.499968 37.600540 35.546883
v 22.564468 37.688446 35.384598
v 22.688396 37.786091 35.269138
v 22.726862 37.747139 35.291271
v 22.613260 37.657627 35.397110
v 22.554136 37.577049 35.545876
v 22.558487 37.517673 35.714912
v 22.625652 37.488537 35.878494
v 22.745405 37.494072 36.011711
v 22.899515 37.533443 36.094284
v 23.064522 37.600651 36.113647
v 23.215302 37.685463 36.066845
v 23.042648 37.899158 35.263832
v 23.196758 37.938530 35.346405
v 23.316511 37.944065 35.479626
v 23.383675 37.914928 35.643204
v 23.388027 37.855553 35.812244
v 23.328903 37.774971 35.961006
v 22.877642 37.831951 35.244473
v 23.345169 37.816460 35.999756
v 23.409668 37.904362 35.837471
v 23.404921 37.969139 35.653065
v 23.331650 38.000923 35.474613
v 23.201010 37.994884 35.329281
v 23.032888 37.951935 35.239201
v 22.852882 37.878616 35.218082
v 22.592655 38.457054 35.427959
v 22.772663 38.530373 35.449081
v 22.940783 38.573318 35.539165
v 23.071424 38.579361 35.684494
v 23.144693 38.547573 35.862946
v 23.149441 38.482800 36.047352
v 23.084942 38.394894 36.209637
v 22.584887 38.482693 35.480587
v 22.749893 38.549896 35.499950
v 22.904003 38.589268 35.582523
v 23.023758 38.594803 35.715740
v 23.090921 38.565670 35.879322
v 23.095274 38.506290 36.048359
v 23.036146 38.425713 36.197124
v 22.401577 38.470181 35.553623
v 22.552359 38.554996 35.506821
v 22.717363 38.622204 35.526184
v 22.871475 38.661572 35.608757
v 22.991228 38.667110 35.741978
v 23.058393 38.637974 35.905556
v 23.062744 38.578594 36.074596
v 23.003618 38.498020 36.223358
v 22.890017 38.408508 36.329197
v 22.739237 38.323696 36.375999
v 22.574232 38.256485 36.356640
v 22.420120 38.217117 36.274063
v 22.300367 38.211578 36.140842
v 22.233204 38.240719 35.977264
v 22.228851 38.300095 35.808228
v 22.287979 38.380672 35.659462
v 23.162804 38.662502 35.967403
v 23.147902 38.590034 36.148659
v 23.115343 38.708057 35.783012
v 23.072443 38.499386 36.304916
v 22.945522 38.401501 36.417332
v 23.011248 38.721199 35.617725
v 22.782452 38.308178 36.472343
v 22.863079 38.700348 35.491482
v 22.602901 38.230675 36.463314
v 22.688698 38.648014 35.419506
v 22.428520 38.178345 36.391338
v 22.509144 38.570511 35.410480
v 22.280348 38.157490 36.265095
v 22.346073 38.477188 35.465492
v 22.176256 38.170631 36.099808
v 22.219154 38.379299 35.577904
v 22.128796 38.216187 35.915421
v 22.143696 38.288658 35.734165
v 22.302158 38.574799 35.500908
v 22.465233 38.668121 35.445900
v 22.644787 38.745625 35.454922
v 22.819164 38.797958 35.526901
v 22.967337 38.818810 35.653145
v 23.071430 38.805668 35.818428
v 23.118889 38.760113 36.002819
v 23.103992 38.687645 36.184074
v 23.028528 38.597000 36.340336
v 22.901611 38.499111 36.452747
v 22.738539 38.405792 36.507759
v 22.558987 38.328289 36.498734
v 22.384609 38.275955 36.426758
v 22.236435 38.255100 36.300514
v 22.132341 38.268242 36.135227
v 22.084881 38.313797 35.950836
v 22.099781 38.386269 35.769581
v 22.175241 38.476910 35.613323
v 22.843445 38.574654 36.438274
v 22.674225 38.479465 36.490803
v 22.489037 38.404041 36.469074
v 22.316080 38.359856 36.376400
v 22.181683 38.353638 36.226891
v 22.106302 38.386341 36.043301
v 22.101419 38.452980 35.853588
v 22.167774 38.543411 35.686634
v 22.295267 38.643867 35.567852
v 22.449080 38.731533 35.516941
v 22.618250 38.803589 35.528111
v 22.781174 38.850822 35.599934
v 22.917051 38.867214 35.723240
v 23.008526 38.850658 35.882275
v 23.043919 38.803280 36.056736
v 23.018707 38.731125 36.224346
v 22.977156 38.681332 36.310047
v 22.917873 38.628410 36.382408
v 22.439003 38.423447 36.353546
v 22.592648 38.476360 36.398224
v 22.306593 38.400803 36.251778
v 22.216988 38.412117 36.109497
v 22.923498 38.694508 36.207211
v 22.184778 38.455547 35.949875
v 22.953936 38.762978 36.056252
v 22.215216 38.524014 35.798916
v 22.921728 38.806400 35.896633
v 22.546066 38.742165 35.607903
v 22.832121 38.817719 35.754345
v 22.699711 38.795074 35.652580
v 22.486935 38.711346 36.483490
v 22.333290 38.658436 36.438812
v 22.200878 38.635792 36.337044
v 22.111271 38.647106 36.194759
v 22.079065 38.690536 36.035137
v 22.109503 38.759003 35.884182
v 22.817781 38.929497 36.292473
v 22.440351 38.977154 35.693169
v 22.593996 39.030064 35.737843
v 22.726404 39.052704 35.839611
v 22.816011 39.041393 35.981895
v 22.848219 38.997963 36.141518
v 22.460165 38.743179 36.362568
v 22.302607 38.700340 36.285286
v 22.619055 38.824627 36.335098
v 22.206556 38.712463 36.132771
v 22.718580 38.913570 36.213375
v 22.208704 38.774933 35.963280
v 22.720726 38.976032 36.043880
v 22.308229 38.863873 35.841553
v 22.624678 38.988163 35.891369
v 22.467115 38.945320 35.814087
v 22.275702 38.936176 35.867790
v 22.434587 39.017624 35.840321
v 22.592148 39.060467 35.917606
v 22.688198 39.048336 36.070118
v 22.686050 38.985874 36.239609
v 22.586525 38.896931 36.361336
v 22.427639 38.815483 36.388805
v 22.270079 38.772644 36.311520
v 22.174028 38.784771 36.159008
v 22.176176 38.847237 35.989517
v 22.135420 38.889305 35.955959
v 22.237232 38.975132 35.845654
v 22.108479 38.820465 36.112278
v 22.163628 38.787060 36.272724
v 22.286093 38.798038 36.394302
v 22.443058 38.850460 36.444447
v 22.592463 38.930283 36.409706
v 22.137068 39.942543 36.776997
v 21.987661 39.862724 36.811737
v 21.830696 39.810299 36.761597
v 21.708231 39.799320 36.640015
v 21.653082 39.832729 36.479568
v 21.680023 39.901566 36.323250
v 21.781837 39.987392 36.212944
v 21.931246 40.067215 36.178207
v 22.386642 39.054951 35.810917
v 22.088209 40.119637 36.228348
v 22.543608 39.107376 35.861057
v 22.210674 40.130615 36.349926
v 22.666071 39.118355 35.982635
v 22.721220 39.084946 36.143082
v 22.265825 40.097210 36.510376
v 22.238882 40.028370 36.666691
v 22.694281 39.016109 36.299400
v 21.787775 40.020741 36.261314
v 21.946663 40.102192 36.233849
v 22.104225 40.145031 36.311131
v 22.200274 40.132904 36.463646
v 22.198128 40.070438 36.633137
v 22.098602 39.981499 36.754864
v 21.939714 39.900051 36.782330
v 21.782154 39.857208 36.705048
v 21.686104 39.869339 36.552532
v 21.688250 39.931801 36.383045
v 22.330351 39.041061 36.444000
v 22.433340 39.009933 36.657486
v 22.257084 38.938141 36.636806
v 22.186296 39.001892 36.373344
v 22.092464 38.896088 36.548599
v 21.964546 38.890175 36.406300
v 22.475620 39.115528 36.418888
v 22.594400 39.100529 36.607494
v 22.715746 39.196144 36.494442
v 22.098476 39.012981 36.233902
v 21.892801 38.921295 36.231567
v 22.566616 39.196846 36.307594
v 22.778904 39.282211 36.335533
v 21.888155 38.984722 36.051003
v 22.100443 39.070087 36.078941
v 22.568579 39.253956 36.152634
v 22.774254 39.345638 36.154972
v 21.951311 39.070793 35.892097
v 22.191437 39.151405 35.967648
v 22.702509 39.376762 35.980236
v 22.480761 39.265045 36.013191
v 22.072657 39.166405 35.779041
v 22.233719 39.257004 35.729050
v 22.336704 39.225876 35.942532
v 22.574593 39.370846 35.837936
v 22.409973 39.328793 35.749729
v 22.261677 39.171432 36.378513
v 22.320427 39.195362 36.385406
v 22.263973 39.288078 36.249367
v 22.376883 39.102646 36.521446
v 22.206802 39.157413 36.349113
v 22.259380 39.054787 36.507660
v 22.164165 39.155445 36.301678
v 22.149633 39.026749 36.448856
v 22.140249 39.165817 36.243435
v 22.064354 39.022808 36.353989
v 22.138699 39.186958 36.183243
v 22.016525 39.043560 36.237499
v 22.159750 39.215649 36.130276
v 22.013428 39.085842 36.117123
v 22.055531 39.143219 36.011185
v 22.312637 39.301647 36.082821
v 22.253887 39.277721 36.075928
v 22.243803 39.267361 35.902489
v 22.367512 39.315666 36.112225
v 22.361305 39.315220 35.916275
v 22.410152 39.317638 36.159657
v 22.471050 39.343258 35.975079
v 22.434065 39.307262 36.217899
v 22.556332 39.347198 36.069946
v 22.435616 39.286121 36.278091
v 22.604162 39.326450 36.186436
v 22.414564 39.257435 36.331059
v 22.607258 39.284168 36.306812
v 22.565155 39.226788 36.412746
v 22.460464 38.751842 36.339062
v 22.605734 38.826309 36.313950
v 22.316410 38.712673 36.268402
v 22.228590 38.723763 36.128963
v 22.230555 38.780872 35.973999
v 22.321550 38.862190 35.862705
v 22.563454 38.720715 36.552547
v 22.387197 38.648922 36.531868
v 22.222576 38.606869 36.443661
v 22.094658 38.600956 36.301357
v 22.724514 38.811314 36.502552
v 22.845860 38.906921 36.389500
v 22.022913 38.632080 36.126625
v 22.696730 38.907627 36.202656
v 22.909016 38.992992 36.230591
v 22.018269 38.695503 35.946064
v 22.698690 38.964737 36.047691
v 22.904367 39.056419 36.050030
v 22.081425 38.781574 35.787155
v 22.832623 39.087543 35.875294
v 22.610874 38.975826 35.908253
v 22.202770 38.877190 35.674103
v 22.704706 39.081631 35.732994
v 22.466818 38.936653 35.837593
v 22.363832 38.967785 35.624107
v 22.540087 39.039574 35.644787
v 22.232016 38.750931 35.868847
v 22.533199 38.689640 36.032227
v 22.361553 38.691593 36.003506
v 22.363102 38.670452 36.063694
v 22.189911 38.693550 35.974785
v 22.387018 38.660080 36.121937
v 22.193010 38.651264 36.095161
v 22.429657 38.662048 36.169373
v 22.240837 38.630516 36.211647
v 22.484531 38.676067 36.198772
v 22.326117 38.634460 36.306519
v 22.543283 38.699997 36.205666
v 22.435862 38.662495 36.365322
v 22.553368 38.710354 36.379105
v 22.637419 38.762070 36.151318
v 22.658470 38.790756 36.098351
v 22.741638 38.834496 36.270409
v 22.656919 38.811897 36.038162
v 22.783743 38.891876 36.164471
v 22.633007 38.822273 35.979919
v 22.780643 38.934158 36.044098
v 22.590366 38.820301 35.932484
v 22.732815 38.954910 35.927605
v 22.535494 38.806286 35.903084
v 22.647535 38.950966 35.832741
v 22.476742 38.782356 35.896191
v 22.537790 38.922932 35.773933
v 22.420286 38.875072 35.760147
v 22.508919 38.973991 36.734940
v 22.661428 39.062485 36.680141
v 22.653635 39.066910 36.671696
v 22.377266 38.976791 36.667217
v 22.340622 38.898037 36.735600
v 22.173014 38.842060 36.682064
v 22.122984 38.837860 36.645016
v 22.022495 38.811535 36.579559
v 21.958143 38.881714 36.409592
v 21.903807 38.809456 36.438133
v 21.828562 38.836025 36.271626
v 21.815346 38.876701 36.156532
v 21.804129 38.888634 36.096329
v 21.915884 39.035103 35.934448
v 21.832899 38.962143 35.929409
v 21.912054 39.049351 35.787205
v 22.038359 39.144592 35.694729
v 22.033848 39.141724 35.683632
v 22.042997 38.752403 35.831985
v 21.920519 38.642918 36.071705
v 22.143534 38.910809 35.609901
v 22.013948 38.822861 35.705025
v 22.135740 38.915230 35.601456
v 21.934792 38.735653 35.847229
v 21.906023 38.662144 36.014149
v 21.930454 38.609531 36.189442
v 22.085360 38.599060 36.307133
v 22.005699 38.582966 36.355953
v 22.124388 38.585045 36.497383
v 22.228157 38.604073 36.560192
v 22.274904 38.615566 36.599880
v 22.504530 38.694191 36.564667
v 22.442516 38.671547 36.653423
v 22.610813 38.747498 36.652760
v 22.758810 38.833122 36.586868
v 22.763323 38.835995 36.597961
v 22.885117 38.928368 36.494389
v 22.881330 38.942665 36.347054
v 22.964270 39.015575 36.352184
v 22.993042 39.089081 36.185265
v 22.981825 39.101017 36.125061
v 22.968607 39.141693 36.009972
v 22.838966 39.096012 35.871906
v 22.893364 39.168262 35.843460
v 22.774673 39.166180 35.702034
v 22.674187 39.139858 35.636578
v 22.624157 39.135658 35.599533
v 22.419798 39.000881 35.614372
v 22.456547 39.079678 35.545994
v 22.288250 39.003727 35.546654
v 22.292749 39.283573 35.716934
v 22.569012 39.373642 35.721405
v 22.186357 39.230217 35.628838
v 22.354654 39.306171 35.628174
v 22.522263 39.362148 35.681713
v 22.672779 39.392673 35.784214
v 22.711870 39.378647 35.974560
v 22.791470 39.394753 35.925644
v 22.866713 39.368187 36.092152
v 22.876650 39.334801 36.209888
v 22.891146 39.315575 36.267448
v 22.754128 39.225258 36.449703
v 22.862377 39.242065 36.434364
v 22.783222 39.154858 36.576572
v 22.903025 38.379597 36.318707
v 23.016626 38.469109 36.212868
v 23.075750 38.549683 36.064106
v 23.004234 38.638199 35.731487
v 22.884481 38.632660 35.598267
v 22.730371 38.593292 35.515694
v 22.565365 38.526085 35.496334
v 22.414585 38.441269 35.543133
v 22.300983 38.351761 35.648972
v 22.241859 38.271183 35.797733
v 22.246210 38.211807 35.966774
v 22.313375 38.182671 36.130352
v 22.433128 38.188206 36.263573
v 22.587240 38.227573 36.346149
v 22.752245 38.294785 36.365505
v 35.392746 10.197264 26.170542
v 35.543526 10.282079 26.123743
v 35.227741 10.130056 26.151184
v 35.073631 10.090686 26.068607
v 34.953876 10.085149 25.935389
v 34.886711 10.114286 25.771811
v 34.882359 10.173664 25.602770
v 34.941486 10.254240 25.454008
v 35.055084 10.343749 25.348169
v 35.205868 10.428564 25.301367
v 35.370872 10.495772 25.320726
v 35.524982 10.535142 25.403303
v 35.644737 10.540679 25.536522
v 35.711899 10.511541 25.700102
v 35.716251 10.452165 25.869141
v 35.657124 10.371588 26.017902
v 36.075573 9.598745 25.848818
v 35.954929 9.507246 25.951412
v 36.153980 9.685130 25.707958
v 36.182476 9.757943 25.542616
v 36.158276 9.810060 25.368977
v 36.083740 9.836374 25.204039
v 35.966171 9.834314 25.063948
v 35.817081 9.804079 24.962418
v 35.651051 9.748631 24.909382
v 35.484344 9.673394 24.910038
v 35.333279 9.585736 24.964319
v 35.212635 9.494237 25.066910
v 35.134228 9.407852 25.207771
v 35.105728 9.335039 25.373114
v 35.129932 9.282924 25.546751
v 35.204464 9.256609 25.711689
v 35.322033 9.258669 25.851780
v 35.471130 9.288903 25.953314
v 35.637154 9.344352 26.006348
v 35.803860 9.419588 26.005692
v 22.969639 38.371174 36.424461
v 22.818571 38.283516 36.478741
v 22.651861 38.208279 36.479397
v 22.336740 38.122597 36.324833
v 22.219173 38.120537 36.184742
v 22.144640 38.146851 36.019802
v 22.120436 38.198967 35.846165
v 22.148935 38.271782 35.680824
v 22.347984 38.449665 35.437366
v 22.499052 38.537319 35.383087
v 22.665762 38.612556 35.382435
v 22.980885 38.698242 35.536999
v 23.098452 38.700302 35.677090
v 23.172985 38.673988 35.842026
v 23.197184 38.621872 36.015663
v 23.168688 38.549057 36.181007
vn -0.3895 0.8657 0.3143
vn -0.3895 0.8657 0.3144
vn -0.3896 0.8657 0.3143
vn -0.3895 0.8659 0.3140
vn -0.3896 0.8657 0.3142
vn -0.3897 0.8657 0.3142
vn -0.3893 0.8658 0.3143
vn -0.3894 0.8658 0.3143
vn -0.3893 0.8659 0.3142
vn -0.3897 0.8657 0.3141
vn -0.3898 0.8657 0.3141
vn -0.3893 0.8659 0.3141
vn -0.3896 0.8657 0.3141
vn -0.3898 0.8657 0.3140
vn -0.3894 0.8659 0.3140
vn -0.3896 0.8658 0.3140
vn -0.3896 0.8659 0.3139
vn -0.3894 0.8659 0.3139
vn -0.3895 0.8658 0.3141
vn -0.3895 0.8659 0.3139
vn -0.7498 0.5842 -0.3106
vn -0.7497 0.5843 -0.3106
vn -0.8866 0.4495 -0.1089
vn -0.9300 0.3387 0.1429
vn -0.8733 0.2686 0.4064
vn -0.8733 0.2685 0.4064
vn -0.7253 0.2499 0.6415
vn -0.7252 0.2499 0.6416
vn -0.5083 0.2854 0.8125
vn -0.2554 0.3699 0.8933
vn -0.2555 0.3699 0.8933
vn -0.0053 0.4903 0.8715
vn -0.0054 0.4903 0.8715
vn 0.2043 0.6284 0.7506
vn 0.2042 0.6284 0.7506
vn 0.3410 0.7631 0.5489
vn 0.3410 0.7632 0.5489
vn 0.3843 0.8741 0.2971
vn 0.3844 0.8740 0.2971
vn 0.3277 0.9442 0.0337
vn 0.3277 0.9442 0.0336
vn 0.1797 0.9629 -0.2015
vn -0.0372 0.9272 -0.3726
vn -0.0373 0.9273 -0.3724
vn -0.2902 0.8428 -0.4533
vn -0.2901 0.8428 -0.4534
vn -0.5403 0.7224 -0.4316
vn -0.5403 0.7225 -0.4314
vn -0.3748 0.1626 -0.9127
vn -0.0243 0.3313 -0.9432
vn 0.3299 0.4496 -0.8301
vn 0.6339 0.4994 -0.5905
vn 0.8413 0.4733 -0.2612
vn 0.9207 0.3750 0.1080
vn 0.8599 0.2197 0.4608
vn 0.6682 0.0309 0.7433
vn 0.3748 -0.1626 0.9128
vn 0.0243 -0.3313 0.9432
vn -0.3299 -0.4496 0.8301
vn -0.6339 -0.4994 0.5906
vn -0.8413 -0.4732 0.2612
vn -0.9207 -0.3750 -0.1080
vn -0.8599 -0.2197 -0.4607
vn -0.6682 -0.0309 -0.7433
vn 0.4075 -0.1439 0.9018
vn 0.1323 -0.2849 0.9494
vn -0.4287 -0.4723 0.7702
vn -0.1558 -0.3981 0.9040
vn -0.6596 -0.5003 0.5609
vn -0.8260 -0.4793 0.2968
vn -0.9115 -0.4113 0.0036
vn -0.9077 -0.3032 -0.2900
vn -0.6428 -0.0113 -0.7659
vn -0.8152 -0.1653 -0.5551
vn -0.4075 0.1439 -0.9018
vn -0.1323 0.2849 -0.9494
vn 0.4287 0.4723 -0.7702
vn 0.1558 0.3981 -0.9040
vn 0.6596 0.5003 -0.5609
vn 0.8260 0.4793 -0.2968
vn 0.9115 0.4113 -0.0036
vn 0.9078 0.3032 0.2900
vn 0.6428 0.0113 0.7659
vn 0.8152 0.1653 0.5551
vn -0.5637 0.7107 -0.4210
vn -0.5528 0.7387 -0.3857
vn -0.3496 0.8548 -0.3835
vn -0.3597 0.7927 -0.4921
vn -0.1328 0.8633 -0.4868
vn -0.1505 0.9366 -0.3164
vn 0.0891 0.9112 -0.4021
vn 0.0264 0.9808 -0.1930
vn 0.2777 0.9285 -0.2467
vn 0.1656 0.9858 -0.0259
vn 0.4083 0.9120 -0.0390
vn 0.2548 0.9520 0.1696
vn 0.4649 0.8637 0.1945
vn 0.2856 0.8816 0.3759
vn 0.4409 0.7909 0.4243
vn 0.2534 0.7787 0.5740
vn 0.3421 0.7041 0.6222
vn 0.1587 0.6488 0.7442
vn 0.1838 0.6163 0.7658
vn 0.0164 0.5059 0.8624
vn -0.0187 0.5318 0.8467
vn -0.2390 0.4540 0.8584
vn -0.1638 0.3709 0.9141
vn -0.3705 0.2559 0.8929
vn -0.4494 0.3969 0.8003
vn -0.5782 0.1760 0.7967
vn -0.6327 0.3669 0.6820
vn -0.7593 0.1418 0.6351
vn -0.7740 0.3664 0.5165
vn -0.8900 0.1587 0.4275
vn -0.8611 0.3956 0.3194
vn -0.9540 0.2235 0.2000
vn -0.8854 0.4520 0.1080
vn -0.9444 0.3283 -0.0183
vn -0.8421 0.5301 -0.0992
vn -0.8655 0.4592 -0.2001
vn -0.7303 0.6216 -0.2832
vn -0.7311 0.6002 -0.3244
vn -0.0051 0.4901 0.8716
vn -0.0052 0.4902 0.8716
vn -0.2551 0.3695 0.8935
vn -0.2553 0.3697 0.8934
vn -0.5082 0.2853 0.8126
vn -0.5083 0.2852 0.8126
vn -0.7253 0.2497 0.6416
vn -0.8734 0.2684 0.4064
vn -0.8734 0.2683 0.4064
vn -0.9301 0.3385 0.1429
vn -0.9300 0.3386 0.1429
vn -0.8867 0.4494 -0.1090
vn -0.8866 0.4494 -0.1090
vn -0.7497 0.5842 -0.3107
vn -0.7498 0.5842 -0.3107
vn 0.3748 -0.1626 0.9127
vn -0.6339 -0.4995 0.5906
vn -0.6339 -0.4994 0.5905
vn -0.8413 -0.4732 0.2611
vn -0.8413 -0.4733 0.2611
vn -0.6682 -0.0309 -0.7434
vn -0.8599 -0.2197 -0.4608
vn -0.2043 -0.6283 -0.7507
vn -0.2044 -0.6283 -0.7507
vn -0.3412 -0.7631 -0.5489
vn -0.3845 -0.8740 -0.2971
vn -0.3279 -0.9441 -0.0335
vn -0.1798 -0.9628 0.2016
vn -0.1798 -0.9628 0.2017
vn 0.0372 -0.9272 0.3727
vn 0.0372 -0.9273 0.3725
vn 0.2900 -0.8428 0.4534
vn 0.2901 -0.8428 0.4534
vn 0.5403 -0.7224 0.4316
vn 0.5403 -0.7223 0.4317
vn 0.3895 -0.8658 -0.3142
vn 0.3895 -0.8658 -0.3141
vn 0.3895 -0.8657 -0.3143
vn 0.7498 -0.5842 0.3107
vn 0.7498 -0.5841 0.3107
vn 0.8866 -0.4495 0.1090
vn 0.8867 -0.4494 0.1090
vn 0.9301 -0.3385 -0.1428
vn 0.9301 -0.3384 -0.1428
vn 0.8734 -0.2684 -0.4064
vn 0.8734 -0.2683 -0.4064
vn 0.7253 -0.2496 -0.6416
vn 0.7253 -0.2497 -0.6416
vn 0.5083 -0.2853 -0.8126
vn 0.5083 -0.2852 -0.8126
vn 0.2554 -0.3697 -0.8934
vn 0.0052 -0.4901 -0.8716
vn 0.0052 -0.4902 -0.8716
vn -0.3748 0.1626 -0.9128
vn 0.6339 0.4994 -0.5906
vn 0.8413 0.4733 -0.2611
vn 0.8413 0.4732 -0.2612
vn 0.8599 0.2197 0.4607
vn -0.5403 0.7223 -0.4316
vn -0.5403 0.7223 -0.4317
vn -0.2900 0.8428 -0.4534
vn -0.2901 0.8428 -0.4533
vn -0.0372 0.9273 -0.3726
vn 0.1798 0.9628 -0.2016
vn 0.3279 0.9441 0.0335
vn 0.3279 0.9441 0.0336
vn 0.3846 0.8740 0.2971
vn 0.3411 0.7631 0.5490
vn 0.3412 0.7630 0.5489
vn 0.2043 0.6282 0.7507
vn 0.2044 0.6283 0.7506
vn -0.3747 0.1626 -0.9128
vn -0.0242 0.3313 -0.9432
vn 0.6338 0.4995 -0.5906
vn 0.9207 0.3751 0.1080
vn 0.8599 0.2196 0.4607
vn 0.6682 0.0309 0.7434
vn 0.3748 -0.1625 0.9127
vn 0.0242 -0.3313 0.9432
vn -0.6339 -0.4995 0.5905
vn -0.8414 -0.4732 0.2612
vn 0.3895 -0.8659 -0.3139
vn -0.3930 0.1522 -0.9068
vn -0.3930 0.1523 -0.9068
vn -0.0845 0.3061 -0.9482
vn -0.0844 0.3061 -0.9483
vn 0.2343 0.4230 -0.8753
vn 0.5249 0.4889 -0.6967
vn 0.5248 0.4889 -0.6968
vn 0.7521 0.4958 -0.4342
vn 0.7520 0.4959 -0.4342
vn 0.8886 0.4430 -0.1192
vn 0.8885 0.4430 -0.1193
vn 0.9179 0.3367 0.2100
vn 0.9179 0.3367 0.2101
vn 0.8365 0.1898 0.5141
vn 0.6542 0.0200 0.7560
vn 0.3930 -0.1522 0.9068
vn 0.0844 -0.3060 0.9483
vn 0.0845 -0.3061 0.9483
vn -0.2343 -0.4230 0.8753
vn -0.5248 -0.4889 0.6968
vn -0.7520 -0.4959 0.4342
vn -0.7521 -0.4958 0.4342
vn -0.8885 -0.4430 0.1193
vn -0.8885 -0.4430 0.1192
vn -0.9179 -0.3367 -0.2101
vn -0.8365 -0.1898 -0.5141
vn -0.8365 -0.1898 -0.5140
vn -0.6542 -0.0200 -0.7560
vn -0.6542 -0.0200 -0.7561
vn 0.1143 0.3165 0.9417
vn 0.1491 0.2956 0.9436
vn -0.1933 0.1978 0.9610
vn -0.1071 0.1333 0.9853
vn -0.4919 0.1160 0.8629
vn -0.3835 0.0075 0.9235
vn -0.7428 0.0835 0.6643
vn -0.6418 -0.0656 0.7641
vn -0.8464 -0.0766 0.5270
vn -0.9132 0.1051 0.3936
vn -0.9696 -0.0242 0.2436
vn -0.9802 0.1777 0.0877
vn -0.9953 0.0847 -0.0479
vn -0.9327 0.2911 -0.2130
vn -0.9216 0.2362 -0.3081
vn -0.7732 0.4285 -0.4675
vn -0.7613 0.4106 -0.5019
vn -0.5345 0.5562 -0.6364
vn -0.5344 0.5599 -0.6332
vn -0.5314 0.5645 -0.6316
vn -0.5345 0.5640 -0.6295
vn -0.5316 0.5722 -0.6245
vn -0.5317 0.5682 -0.6280
vn -0.2588 0.7093 -0.6557
vn -0.2636 0.6891 -0.6750
vn 0.0193 0.8146 -0.5796
vn 0.0184 0.7870 -0.6167
vn 0.2672 0.8719 -0.4103
vn 0.2774 0.8410 -0.4645
vn 0.4535 0.8750 -0.1698
vn 0.4822 0.8435 -0.2366
vn 0.5548 0.8245 0.1114
vn 0.6076 0.7933 0.0396
vn 0.5587 0.7279 0.3974
vn 0.6381 0.6954 0.3305
vn 0.4286 0.5251 0.7352
vn 0.5676 0.5619 0.6017
vn 0.5667 0.5627 0.6019
vn 0.5696 0.5611 0.6006
vn 0.5686 0.5611 0.6015
vn 0.3325 0.4181 0.8454
vn 0.4221 0.3917 0.8176
vn -0.3895 0.8658 0.3142
vn -0.3895 0.8658 0.3140
vn -0.1309 -0.3897 0.9116
vn -0.4806 -0.4820 0.7326
vn -0.7521 -0.4959 0.4342
vn -0.9010 -0.4289 0.0651
vn -0.9010 -0.4290 0.0651
vn -0.9032 -0.2921 -0.3146
vn 0.5317 -0.0671 0.8443
vn 0.1309 0.3897 -0.9116
vn 0.1309 0.3896 -0.9116
vn 0.4806 0.4820 -0.7326
vn 0.7521 0.4959 -0.4342
vn 0.9010 0.4290 -0.0651
vn 0.9010 0.4289 -0.0651
vn 0.9031 0.2922 0.3146
vn -0.5317 0.0671 -0.8443
vn -0.2732 0.2171 -0.9371
vn -0.2733 0.2171 -0.9371
vn 0.2959 0.4406 -0.8475
vn 0.9209 0.3617 0.1450
vn 0.9210 0.3617 0.1450
vn 0.7381 0.0894 0.6688
vn 0.2734 -0.2171 0.9371
vn 0.2732 -0.2171 0.9371
vn -0.2959 -0.4406 0.8475
vn -0.2960 -0.4406 0.8475
vn -0.9210 -0.3617 -0.1450
vn -0.9209 -0.3617 -0.1450
vn -0.7380 -0.0894 -0.6688
vn -0.7381 -0.0894 -0.6687
vn -0.2386 -0.6474 -0.7239
vn -0.1842 -0.7158 -0.6736
vn -0.4583 -0.7816 -0.4232
vn -0.2532 -0.9067 -0.3373
vn -0.4645 -0.8852 -0.0247
vn -0.1368 -0.9906 0.0074
vn -0.2426 -0.9133 0.3272
vn 0.1281 -0.9548 0.2682
vn 0.1249 -0.8553 0.5029
vn 0.4737 -0.7988 0.3708
vn 0.5000 -0.7404 0.4492
vn 0.3189 -0.1932 0.9279
vn -0.5888 -0.4964 0.6379
vn -0.5888 -0.4963 0.6379
vn -0.8641 -0.4616 0.2009
vn -0.8640 -0.4616 0.2009
vn -0.9078 -0.3032 -0.2900
vn -0.7082 -0.0635 -0.7031
vn -0.7083 -0.0635 -0.7031
vn -0.3189 0.1932 -0.9279
vn -0.3190 0.1932 -0.9279
vn 0.5888 0.4964 -0.6379
vn 0.8640 0.4616 -0.2009
vn 0.9077 0.3032 0.2900
vn 0.7082 0.0635 0.7031
vn 0.9076 0.3033 0.2902
vn 0.7800 -0.5558 0.2876
vn 0.7759 -0.5995 0.1963
vn 0.9499 -0.3113 0.0267
vn 0.8705 -0.4653 -0.1605
vn 0.9266 -0.1421 -0.3481
vn 0.7616 -0.3982 -0.5113
vn 0.7050 -0.1141 -0.6999
vn 0.4891 -0.4172 -0.7660
vn 0.3667 -0.2376 -0.8995
vn 0.1181 -0.5164 -0.8482
vn 0.0412 -0.4626 -0.8856
vn -0.5001 0.7405 -0.4490
vn -0.4736 0.7988 -0.3709
vn -0.1249 0.8552 -0.5030
vn -0.1281 0.9549 -0.2680
vn 0.2429 0.9132 -0.3271
vn 0.1369 0.9906 -0.0074
vn 0.4645 0.8852 0.0247
vn 0.2532 0.9067 0.3374
vn 0.4581 0.7817 0.4232
vn 0.1843 0.7158 0.6736
vn 0.2388 0.6472 0.7240
vn -0.0414 0.4625 0.8857
vn -0.1181 0.5164 0.8481
vn -0.3666 0.2376 0.8995
vn -0.4891 0.4172 0.7660
vn -0.7051 0.1141 0.6999
vn -0.7616 0.3982 0.5113
vn -0.9266 0.1421 0.3481
vn -0.8705 0.4654 0.1605
vn -0.9499 0.3113 -0.0267
vn -0.7760 0.5994 -0.1964
vn -0.7800 0.5559 -0.2873
vn -0.3566 0.6964 0.6227
vn -0.2348 0.7551 0.6121
vn -0.3568 0.6964 0.6227
vn 0.7072 -0.0000 0.7070
vn 0.7071 -0.0001 0.7071
vn 0.7072 -0.0001 0.7070
vn -0.4800 0.6552 0.5833
vn -0.3568 0.6964 0.6226
vn -0.3567 0.6965 0.6227
vn -0.3567 0.6964 0.6227
vn -0.5857 0.6379 0.5000
vn -0.4800 0.6553 0.5833
vn -0.4799 0.6554 0.5833
vn -0.4799 0.6553 0.5833
vn -0.6579 0.6471 0.3854
vn -0.5857 0.6380 0.5000
vn -0.6855 0.6812 0.2569
vn -0.6579 0.6470 0.3854
vn -0.6644 0.7353 0.1342
vn -0.6856 0.6811 0.2571
vn -0.5977 0.8009 0.0359
vn -0.5976 0.8010 0.0359
vn -0.0000 -0.0001 1.0000
vn -0.0001 -0.0000 1.0000
vn -0.6643 0.7353 0.1342
vn -0.6643 0.7353 0.1343
vn -0.3736 0.9270 -0.0336
vn -0.4955 0.8683 -0.0231
vn -0.4956 0.8682 -0.0230
vn -0.0000 -1.0000 -0.0000
vn -0.2504 0.9681 0.0057
vn -0.2504 0.9681 0.0058
vn -0.3736 0.9270 -0.0337
vn -0.1447 0.9855 0.0890
vn -0.0724 0.9763 0.2037
vn -0.1446 0.9855 0.0891
vn -0.1446 0.9855 0.0890
vn -0.0448 0.9422 0.3320
vn -0.0725 0.9764 0.2037
vn -0.0660 0.8881 0.4549
vn -0.0660 0.8882 0.4548
vn -0.0448 0.9422 0.3321
vn -0.0449 0.9422 0.3321
vn -0.0449 0.9422 0.3320
vn -0.0660 0.8881 0.4548
vn -0.1327 0.8225 0.5531
vn -0.1327 0.8224 0.5531
vn -0.0000 -0.0000 1.0000
vn 0.2733 -0.2171 0.9371
vn -0.7381 -0.0894 -0.6688
vn 0.1327 -0.8224 -0.5532
vn 0.0660 -0.8881 -0.4548
vn 0.0448 -0.9422 -0.3321
vn 0.0660 -0.8882 -0.4548
vn 0.0725 -0.9763 -0.2037
vn 0.0449 -0.9422 -0.3321
vn 0.0448 -0.9422 -0.3322
vn 0.0725 -0.9764 -0.2036
vn 0.1446 -0.9855 -0.0891
vn 0.0724 -0.9764 -0.2037
vn 0.0725 -0.9764 -0.2037
vn 0.2504 -0.9681 -0.0057
vn 0.1446 -0.9855 -0.0890
vn 0.3736 -0.9270 0.0337
vn 0.2504 -0.9681 -0.0058
vn 0.4956 -0.8683 0.0230
vn 0.4956 -0.8683 0.0231
vn 0.3736 -0.9270 0.0336
vn -0.0000 0.7071 -0.7071
vn 0.5976 -0.8010 -0.0359
vn 0.6644 -0.7352 -0.1342
vn 0.6855 -0.6812 -0.2571
vn 0.6643 -0.7353 -0.1342
vn 0.6855 -0.6812 -0.2570
vn 0.6579 -0.6470 -0.3853
vn 0.6855 -0.6812 -0.2569
vn 0.5857 -0.6379 -0.5000
vn 0.6579 -0.6471 -0.3854
vn 0.6579 -0.6470 -0.3854
vn 0.5856 -0.6378 -0.5002
vn 0.4799 -0.6553 -0.5833
vn 0.4800 -0.6553 -0.5833
vn 0.3568 -0.6964 -0.6227
vn 0.3567 -0.6965 -0.6226
vn 0.2348 -0.7552 -0.6121
vn 0.2348 -0.7551 -0.6121
vn -0.0000 0.7071 -0.7072
vn 0.3567 -0.6965 -0.6227
vn 0.3566 -0.6964 -0.6227
vn 0.3567 -0.6964 -0.6227
vn 0.9210 0.3617 0.1449
vn -0.2245 0.7627 0.6065
vn -0.2667 0.7906 0.5512
vn -0.3141 0.7016 0.6397
vn -0.4187 0.6986 0.5802
vn -0.4446 0.7310 0.5176
vn -0.5733 0.3670 0.7326
vn -0.5036 0.7145 0.4857
vn -0.5935 0.6394 0.4888
vn -0.6511 0.6466 0.3975
vn -0.6039 0.7272 0.3264
vn -0.8806 0.4058 0.2447
vn -0.6057 0.7514 0.2618
vn -0.6529 0.7283 0.2082
vn -0.6607 0.7453 0.0893
vn -0.5544 0.8269 0.0944
vn -0.5878 0.8085 0.0296
vn 0.1439 -0.8163 -0.5595
vn 0.1947 -0.8381 -0.5097
vn 0.0643 -0.8662 -0.4955
vn 0.0872 -0.9172 -0.3888
vn 0.1490 -0.9260 -0.3468
vn -0.2798 -0.9296 -0.2399
vn 0.1497 -0.9478 -0.2814
vn 0.0799 -0.9781 -0.1921
vn 0.1373 -0.9854 -0.1007
vn 0.2500 -0.9605 -0.1220
vn 0.0272 -0.9682 0.2486
vn 0.3100 -0.9463 -0.0913
vn 0.3216 -0.9467 -0.0168
vn 0.4109 -0.9100 0.0550
vn 0.4823 -0.8744 -0.0528
vn 0.5064 -0.8621 0.0171
vn 0.5877 -0.8085 -0.0300
vn 0.5544 -0.8269 -0.0945
vn 0.6607 -0.7453 -0.0893
vn 0.6530 -0.7282 -0.2081
vn 0.6057 -0.7514 -0.2618
vn 0.8807 -0.4057 -0.2445
vn 0.6038 -0.7273 -0.3263
vn 0.6511 -0.6467 -0.3973
vn 0.5936 -0.6394 -0.4887
vn 0.5036 -0.7145 -0.4857
vn 0.5731 -0.3671 -0.7326
vn 0.4446 -0.7311 -0.5175
vn 0.4187 -0.6987 -0.5801
vn 0.3141 -0.7016 -0.6397
vn 0.2667 -0.7906 -0.5513
vn 0.2245 -0.7625 -0.6068
vn 0.0844 -0.3061 0.9483
vn -0.5066 0.8620 -0.0174
vn -0.4824 0.8744 0.0529
vn -0.4109 0.9100 -0.0549
vn -0.3216 0.9467 0.0168
vn -0.3100 0.9464 0.0911
vn -0.0273 0.9683 -0.2481
vn -0.2501 0.9605 0.1221
vn -0.1374 0.9854 0.1008
vn -0.0798 0.9781 0.1921
vn -0.1497 0.9478 0.2814
vn 0.2796 0.9296 0.2401
vn -0.1490 0.9260 0.3468
vn -0.0873 0.9171 0.3889
vn -0.0643 0.8663 0.4954
vn -0.1946 0.8381 0.5097
vn -0.1433 0.8160 0.5600
vn 0.3300 0.4496 -0.8301
vn 0.6339 0.4995 -0.5906
vn 0.3747 -0.1626 0.9128
vn -0.9115 -0.4114 0.0036
vn -0.6428 -0.0113 -0.7660
vn 0.9115 0.4114 -0.0036
s 0
usemtl mat3.001
f 5156//9214 5157//9214 5158//9214
f 5159//9214 5160//9214 5156//9214
f 5156//9215 5160//9215 5157//9215
f 5157//9214 5161//9214 5158//9214
f 5161//9216 5162//9216 5158//9216
f 5163//9214 5164//9214 5159//9214
f 5159//9217 5164//9217 5160//9217
f 5161//9218 5165//9218 5162//9218
f 5165//9219 5166//9219 5162//9219
f 5163//9220 5167//9220 5164//9220
f 5167//9221 5168//9221 5164//9221
f 5165//9219 5169//9219 5166//9219
f 5169//9219 5170//9219 5166//9219
f 5167//9222 5171//9222 5168//9222
f 5171//9220 5172//9220 5168//9220
f 5169//9223 5173//9223 5170//9223
f 5173//9224 5174//9224 5170//9224
f 5171//9222 5175//9222 5172//9222
f 5175//9225 5176//9225 5172//9225
f 5173//9226 5177//9226 5174//9226
f 5177//9227 5178//9227 5174//9227
f 5175//9225 5179//9225 5176//9225
f 5179//9228 5180//9228 5176//9228
f 5177//9229 5181//9229 5178//9229
f 5181//9229 5182//9229 5178//9229
f 5179//9225 5183//9225 5180//9225
f 5183//9228 5184//9228 5180//9228
f 5185//9229 5186//9229 5181//9229
f 5181//9230 5186//9230 5182//9230
f 5184//9231 5187//9231 5188//9231
f 5183//9228 5187//9228 5184//9228
f 5187//9231 5189//9231 5188//9231
f 5188//9232 5189//9232 5185//9232
f 5185//9233 5189//9233 5186//9233
f 5181//9234 5177//9234 5190//9234
f 5190//9235 5177//9235 5191//9235
f 5191//9236 5173//9236 5192//9236
f 5177//9236 5173//9236 5191//9236
f 5192//9237 5169//9237 5193//9237
f 5173//9237 5169//9237 5192//9237
f 5193//9238 5165//9238 5194//9238
f 5169//9239 5165//9239 5193//9239
f 5194//9240 5161//9240 5195//9240
f 5165//9241 5161//9241 5194//9241
f 5195//9242 5157//9242 5196//9242
f 5161//9242 5157//9242 5195//9242
f 5196//9243 5160//9243 5197//9243
f 5157//9244 5160//9244 5196//9244
f 5197//9245 5164//9245 5198//9245
f 5160//9246 5164//9246 5197//9246
f 5164//9247 5168//9247 5198//9247
f 5198//9248 5168//9248 5199//9248
f 5168//9249 5200//9249 5199//9249
f 5168//9250 5172//9250 5200//9250
f 5200//9251 5176//9251 5201//9251
f 5172//9252 5176//9252 5200//9252
f 5176//9253 5202//9253 5201//9253
f 5176//9254 5180//9254 5202//9254
f 5202//9255 5184//9255 5203//9255
f 5180//9255 5184//9255 5202//9255
f 5203//9256 5188//9256 5204//9256
f 5184//9257 5188//9257 5203//9257
f 5204//9258 5185//9258 5205//9258
f 5188//9259 5185//9259 5204//9259
f 5205//9260 5181//9260 5190//9260
f 5185//9261 5181//9261 5205//9261
f 5190//9262 5206//9262 5205//9262
f 5205//9263 5208//9263 5204//9263
f 5204//9264 5209//9264 5203//9264
f 5203//9265 5210//9265 5202//9265
f 5202//9266 5211//9266 5201//9266
f 5201//9267 5212//9267 5200//9267
f 5200//9268 5213//9268 5199//9268
f 5199//9269 5214//9269 5198//9269
f 5198//9270 5215//9270 5197//9270
f 5197//9271 5216//9271 5196//9271
f 5196//9272 5217//9272 5195//9272
f 5195//9273 5218//9273 5194//9273
f 5194//9274 5219//9274 5193//9274
f 5193//9275 5219//9275 5192//9275
f 5192//9276 5221//9276 5191//9276
f 5191//9277 5207//9277 5190//9277
f 5223//9278 5242//9278 5243//9278
f 5240//9279 5243//9279 5244//9279
f 5239//9280 5245//9280 5246//9280
f 5239//9281 5244//9281 5245//9281
f 5237//9282 5246//9282 5247//9282
f 5236//9283 5247//9283 5248//9283
f 5235//9284 5248//9284 5249//9284
f 5234//9285 5249//9285 5250//9285
f 5233//9286 5251//9286 5252//9286
f 5233//9287 5250//9287 5251//9287
f 5232//9288 5252//9288 5253//9288
f 5230//9289 5253//9289 5254//9289
f 5229//9290 5255//9290 5256//9290
f 5229//9291 5254//9291 5255//9291
f 5227//9292 5256//9292 5257//9292
f 5226//9293 5257//9293 5258//9293
f 5225//9294 5258//9294 5259//9294
f 5224//9295 5259//9295 5260//9295
f 5222//9296 5261//9296 5242//9296
f 5222//9297 5260//9297 5261//9297
f 5253//9298 5252//9298 5163//9298
f 5253//9299 5163//9299 5159//9299
f 5254//9300 5159//9300 5156//9300
f 5254//9301 5253//9301 5159//9301
f 5255//9302 5254//9302 5156//9302
f 5158//9303 5255//9303 5156//9303
f 5256//9304 5255//9304 5158//9304
f 5162//9305 5256//9305 5158//9305
f 5257//9306 5256//9306 5162//9306
f 5166//9307 5257//9307 5162//9307
f 5258//9308 5257//9308 5166//9308
f 5170//9309 5258//9309 5166//9309
f 5259//9310 5258//9310 5170//9310
f 5174//9311 5259//9311 5170//9311
f 5260//9312 5259//9312 5174//9312
f 5178//9313 5260//9313 5174//9313
f 5261//9314 5260//9314 5178//9314
f 5182//9315 5261//9315 5178//9315
f 5242//9316 5261//9316 5182//9316
f 5243//9317 5242//9317 5182//9317
f 5243//9318 5182//9318 5186//9318
f 5244//9319 5186//9319 5189//9319
f 5244//9320 5243//9320 5186//9320
f 5245//9321 5244//9321 5189//9321
f 5187//9322 5245//9322 5189//9322
f 5246//9323 5245//9323 5187//9323
f 5183//9324 5246//9324 5187//9324
f 5247//9325 5246//9325 5183//9325
f 5179//9326 5247//9326 5183//9326
f 5248//9327 5247//9327 5179//9327
f 5175//9328 5248//9328 5179//9328
f 5249//9329 5248//9329 5175//9329
f 5171//9330 5249//9330 5175//9330
f 5250//9331 5249//9331 5171//9331
f 5167//9332 5250//9332 5171//9332
f 5251//9333 5250//9333 5167//9333
f 5163//9334 5251//9334 5167//9334
f 5252//9335 5251//9335 5163//9335
f 5262//9336 5263//9336 5264//9336
f 5262//9337 5264//9337 5265//9337
f 5266//9338 5265//9338 5267//9338
f 5266//9339 5262//9339 5265//9339
f 5268//9340 5267//9340 5269//9340
f 5268//9341 5266//9341 5267//9341
f 5270//9342 5269//9342 5271//9342
f 5270//9342 5268//9342 5269//9342
f 5272//9343 5271//9343 5273//9343
f 5272//9344 5270//9344 5271//9344
f 5274//9345 5273//9345 5275//9345
f 5274//9346 5272//9346 5273//9346
f 5276//9347 5275//9347 5277//9347
f 5276//9348 5274//9348 5275//9348
f 5278//9349 5277//9349 5279//9349
f 5278//9350 5276//9350 5277//9350
f 5280//9270 5281//9270 5263//9270
f 5280//9351 5263//9351 5262//9351
f 5282//9271 5262//9271 5266//9271
f 5282//9271 5280//9271 5262//9271
f 5283//9272 5266//9272 5268//9272
f 5283//9352 5268//9352 5270//9352
f 5283//9272 5282//9272 5266//9272
f 5284//9353 5283//9353 5270//9353
f 5285//9354 5270//9354 5272//9354
f 5285//9355 5284//9355 5270//9355
f 5286//9275 5272//9275 5274//9275
f 5286//9275 5285//9275 5272//9275
f 5287//9276 5274//9276 5276//9276
f 5287//9356 5276//9356 5278//9356
f 5287//9357 5286//9357 5274//9357
f 5288//9277 5287//9277 5278//9277
f 5287//9358 5288//9358 5289//9358
f 5287//9359 5289//9359 5290//9359
f 5286//9360 5290//9360 5291//9360
f 5286//9360 5287//9360 5290//9360
f 5285//9361 5291//9361 5292//9361
f 5285//9361 5286//9361 5291//9361
f 5284//9362 5292//9362 5293//9362
f 5284//9362 5285//9362 5292//9362
f 5294//9363 5284//9363 5293//9363
f 5283//9364 5284//9364 5294//9364
f 5295//9365 5283//9365 5294//9365
f 5282//9366 5283//9366 5295//9366
f 5280//9367 5295//9367 5296//9367
f 5280//9368 5282//9368 5295//9368
f 5281//9369 5296//9369 5297//9369
f 5281//9370 5280//9370 5296//9370
f 5298//9371 5299//9371 5300//9371
f 5298//9371 5300//9371 5301//9371
f 5298//9372 5301//9372 5302//9372
f 5298//9372 5302//9372 5303//9372
f 5304//9372 5303//9372 5297//9372
f 5304//9371 5298//9371 5303//9371
f 5294//9373 5296//9373 5295//9373
f 5290//9371 5289//9371 5304//9371
f 5290//9372 5304//9372 5297//9372
f 5291//9372 5297//9372 5296//9372
f 5291//9372 5294//9372 5293//9372
f 5291//9372 5293//9372 5292//9372
f 5291//9372 5296//9372 5294//9372
f 5291//9371 5290//9371 5297//9371
f 5305//9374 5281//9374 5297//9374
f 5305//9375 5297//9375 5303//9375
f 5306//9376 5303//9376 5302//9376
f 5306//9377 5305//9377 5303//9377
f 5301//9378 5306//9378 5302//9378
f 5307//9379 5306//9379 5301//9379
f 5308//9380 5301//9380 5300//9380
f 5308//9381 5307//9381 5301//9381
f 5309//9382 5300//9382 5299//9382
f 5309//9383 5308//9383 5300//9383
f 5310//9384 5299//9384 5298//9384
f 5310//9385 5309//9385 5299//9385
f 5311//9386 5298//9386 5304//9386
f 5311//9386 5310//9386 5298//9386
f 5288//9387 5304//9387 5289//9387
f 5288//9388 5311//9388 5304//9388
f 5311//9389 5288//9389 5278//9389
f 5311//9389 5278//9389 5312//9389
f 5310//9263 5312//9263 5313//9263
f 5310//9263 5311//9263 5312//9263
f 5309//9264 5313//9264 5314//9264
f 5309//9264 5310//9264 5313//9264
f 5308//9390 5314//9390 5315//9390
f 5308//9391 5315//9391 5316//9391
f 5308//9265 5309//9265 5314//9265
f 5307//9392 5308//9392 5316//9392
f 5306//9267 5316//9267 5317//9267
f 5306//9267 5307//9267 5316//9267
f 5305//9393 5317//9393 5318//9393
f 5305//9268 5306//9268 5317//9268
f 5281//9269 5318//9269 5263//9269
f 5281//9269 5305//9269 5318//9269
f 5312//9394 5278//9394 5279//9394
f 5312//9395 5279//9395 5319//9395
f 5313//9396 5319//9396 5320//9396
f 5313//9397 5312//9397 5319//9397
f 5314//9256 5320//9256 5321//9256
f 5314//9398 5313//9398 5320//9398
f 5322//9399 5314//9399 5321//9399
f 5315//9399 5314//9399 5322//9399
f 5316//9400 5322//9400 5323//9400
f 5316//9401 5315//9401 5322//9401
f 5317//9402 5323//9402 5324//9402
f 5317//9402 5316//9402 5323//9402
f 5325//9403 5317//9403 5324//9403
f 5318//9404 5317//9404 5325//9404
f 5264//9405 5318//9405 5325//9405
f 5263//9406 5318//9406 5264//9406
f 5319//9389 5279//9389 5326//9389
f 5319//9407 5326//9407 5327//9407
f 5320//9408 5327//9408 5328//9408
f 5320//9408 5319//9408 5327//9408
f 5321//9390 5329//9390 5330//9390
f 5321//9264 5328//9264 5329//9264
f 5321//9264 5320//9264 5328//9264
f 5322//9409 5321//9409 5330//9409
f 5323//9392 5330//9392 5331//9392
f 5323//9391 5322//9391 5330//9391
f 5324//9410 5331//9410 5332//9410
f 5324//9267 5323//9267 5331//9267
f 5325//9411 5332//9411 5333//9411
f 5325//9393 5324//9393 5332//9393
f 5264//9412 5333//9412 5334//9412
f 5264//9269 5325//9269 5333//9269
f 5265//9413 5264//9413 5334//9413
f 5265//9351 5334//9351 5335//9351
f 5267//9414 5335//9414 5336//9414
f 5267//9271 5265//9271 5335//9271
f 5269//9272 5336//9272 5337//9272
f 5269//9272 5267//9272 5336//9272
f 5271//9273 5337//9273 5338//9273
f 5271//9415 5269//9415 5337//9415
f 5273//9275 5339//9275 5340//9275
f 5273//9416 5338//9416 5339//9416
f 5273//9355 5271//9355 5338//9355
f 5275//9357 5340//9357 5341//9357
f 5275//9275 5273//9275 5340//9275
f 5277//9357 5275//9357 5341//9357
f 5279//9277 5341//9277 5326//9277
f 5279//9277 5277//9277 5341//9277
f 5332//9371 5342//9371 5343//9371
f 5331//9372 5344//9372 5342//9372
f 5331//9371 5342//9371 5332//9371
f 5333//9371 5343//9371 5345//9371
f 5333//9372 5332//9372 5343//9372
f 5330//9371 5344//9371 5331//9371
f 5334//9371 5345//9371 5346//9371
f 5334//9372 5333//9372 5345//9372
f 5347//9372 5344//9372 5330//9372
f 5348//9371 5334//9371 5346//9371
f 5329//9372 5347//9372 5330//9372
f 5335//9371 5334//9371 5348//9371
f 5349//9371 5347//9371 5329//9371
f 5350//9371 5335//9371 5348//9371
f 5328//9371 5349//9371 5329//9371
f 5336//9417 5335//9417 5350//9417
f 5351//9372 5349//9372 5328//9372
f 5352//9371 5336//9371 5350//9371
f 5327//9371 5351//9371 5328//9371
f 5337//9372 5336//9372 5352//9372
f 5353//9372 5351//9372 5327//9372
f 5354//9371 5337//9371 5352//9371
f 5326//9372 5353//9372 5327//9372
f 5338//9372 5337//9372 5354//9372
f 5355//9372 5353//9372 5326//9372
f 5356//9371 5339//9371 5338//9371
f 5356//9372 5338//9372 5354//9372
f 5357//9372 5326//9372 5341//9372
f 5357//9371 5355//9371 5326//9371
f 5358//9372 5340//9372 5339//9372
f 5358//9371 5339//9371 5356//9371
f 5359//9372 5341//9372 5340//9372
f 5359//9372 5357//9372 5341//9372
f 5359//9371 5340//9371 5358//9371
f 5353//9418 5355//9418 5360//9418
f 5353//9419 5360//9419 5361//9419
f 5353//9420 5361//9420 5362//9420
f 5351//9421 5353//9421 5362//9421
f 5349//9422 5362//9422 5363//9422
f 5349//9422 5351//9422 5362//9422
f 5347//9423 5363//9423 5364//9423
f 5347//9424 5349//9424 5363//9424
f 5344//9425 5364//9425 5365//9425
f 5344//9426 5347//9426 5364//9426
f 5342//9427 5365//9427 5366//9427
f 5342//9428 5344//9428 5365//9428
f 5343//9429 5366//9429 5367//9429
f 5343//9430 5342//9430 5366//9430
f 5345//9431 5367//9431 5368//9431
f 5345//9431 5343//9431 5367//9431
f 5346//9432 5368//9432 5369//9432
f 5346//9432 5345//9432 5368//9432
f 5348//9433 5346//9433 5369//9433
f 5348//9433 5369//9433 5370//9433
f 5348//9434 5370//9434 5371//9434
f 5350//9435 5348//9435 5371//9435
f 5352//9436 5371//9436 5372//9436
f 5352//9437 5372//9437 5373//9437
f 5352//9436 5350//9436 5371//9436
f 5354//9437 5352//9437 5373//9437
f 5356//9438 5373//9438 5374//9438
f 5356//9439 5354//9439 5373//9439
f 5358//9440 5374//9440 5375//9440
f 5358//9441 5356//9441 5374//9441
f 5359//9442 5375//9442 5376//9442
f 5359//9442 5358//9442 5375//9442
f 5357//9443 5376//9443 5377//9443
f 5357//9444 5359//9444 5376//9444
f 5355//9445 5377//9445 5360//9445
f 5355//9446 5357//9446 5377//9446
f 5370//9447 5378//9447 5379//9447
f 5370//9448 5369//9448 5378//9448
f 5371//9449 5379//9449 5380//9449
f 5371//9450 5370//9450 5379//9450
f 5372//9451 5380//9451 5381//9451
f 5372//9452 5371//9452 5380//9452
f 5373//9453 5381//9453 5382//9453
f 5373//9454 5372//9454 5381//9454
f 5374//9455 5373//9455 5382//9455
f 5383//9456 5374//9456 5382//9456
f 5375//9457 5374//9457 5383//9457
f 5384//9458 5375//9458 5383//9458
f 5376//9459 5375//9459 5384//9459
f 5385//9460 5376//9460 5384//9460
f 5377//9461 5376//9461 5385//9461
f 5386//9462 5377//9462 5385//9462
f 5360//9463 5377//9463 5386//9463
f 5361//9464 5360//9465 5386//9466
f 5361//9467 5386//9468 5387//9469
f 5362//9470 5387//9470 5388//9470
f 5362//9471 5361//9471 5387//9471
f 5363//9472 5388//9472 5389//9472
f 5363//9473 5362//9473 5388//9473
f 5364//9474 5389//9474 5390//9474
f 5364//9475 5363//9475 5389//9475
f 5365//9476 5390//9476 5391//9476
f 5365//9477 5364//9477 5390//9477
f 5366//9478 5391//9478 5392//9478
f 5366//9479 5365//9479 5391//9479
f 5367//9480 5392//9480 5393//9480
f 5367//9481 5366//9481 5392//9481
f 5368//9482 5394//9482 5395//9482
f 5368//9483 5393//9484 5394//9483
f 5368//9485 5367//9485 5393//9486
f 5369//9487 5395//9487 5378//9487
f 5369//9488 5368//9488 5395//9488
f 5396//9232 5381//9232 5380//9232
f 5397//9489 5380//9489 5379//9489
f 5397//9489 5396//9489 5380//9489
f 5378//9232 5397//9232 5379//9232
f 5398//9232 5382//9232 5381//9232
f 5398//9232 5381//9232 5396//9232
f 5399//9489 5382//9489 5398//9489
f 5383//9489 5382//9489 5399//9489
f 5400//9489 5378//9489 5395//9489
f 5400//9232 5395//9232 5394//9232
f 5400//9489 5397//9489 5378//9489
f 5393//9232 5400//9232 5394//9232
f 5401//9489 5383//9489 5399//9489
f 5384//9232 5383//9232 5401//9232
f 5402//9489 5400//9489 5393//9489
f 5403//9232 5384//9232 5401//9232
f 5392//9232 5402//9232 5393//9232
f 5385//9489 5384//9489 5403//9489
f 5404//9232 5402//9232 5392//9232
f 5391//9232 5404//9232 5392//9232
f 5386//9489 5385//9489 5403//9489
f 5405//9489 5386//9489 5403//9489
f 5390//9489 5406//9489 5404//9489
f 5390//9489 5404//9489 5391//9489
f 5387//9490 5386//9490 5405//9490
f 5389//9232 5407//9232 5406//9232
f 5389//9232 5406//9232 5390//9232
f 5388//9232 5405//9232 5407//9232
f 5388//9489 5387//9489 5405//9489
f 5388//9232 5407//9232 5389//9232
f 5396//9491 5408//9491 5409//9491
f 5396//9491 5397//9491 5408//9491
f 5398//9492 5409//9492 5410//9492
f 5398//9492 5396//9492 5409//9492
f 5399//9493 5410//9493 5411//9493
f 5399//9493 5398//9493 5410//9493
f 5401//9494 5411//9494 5412//9494
f 5401//9495 5399//9495 5411//9495
f 5403//9496 5412//9496 5413//9496
f 5403//9496 5401//9496 5412//9496
f 5397//9497 5400//9497 5408//9497
f 5408//9497 5400//9497 5414//9497
f 5407//9498 5405//9498 5415//9498
f 5407//9499 5415//9499 5416//9499
f 5406//9500 5416//9500 5417//9500
f 5406//9500 5407//9500 5416//9500
f 5404//9426 5417//9426 5418//9426
f 5404//9501 5406//9501 5417//9501
f 5402//9502 5418//9502 5419//9502
f 5402//9503 5404//9503 5418//9503
f 5400//9504 5419//9504 5414//9504
f 5400//9504 5402//9504 5419//9504
f 5420//9232 5409//9232 5408//9232
f 5421//9489 5410//9489 5409//9489
f 5421//9489 5409//9489 5420//9489
f 5422//9489 5420//9489 5408//9489
f 5423//9489 5411//9489 5410//9489
f 5423//9232 5410//9232 5421//9232
f 5414//9489 5422//9489 5408//9489
f 5412//9232 5411//9232 5423//9232
f 5424//9489 5422//9489 5414//9489
f 5425//9232 5412//9232 5423//9232
f 5419//9232 5424//9232 5414//9232
f 5413//9489 5412//9489 5425//9489
f 5426//9489 5424//9489 5419//9489
f 5427//9489 5413//9489 5425//9489
f 5418//9232 5426//9232 5419//9232
f 5417//9232 5428//9232 5426//9232
f 5417//9232 5426//9232 5418//9232
f 5415//9489 5427//9489 5429//9489
f 5415//9232 5413//9232 5427//9232
f 5416//9232 5429//9232 5428//9232
f 5416//9232 5428//9232 5417//9232
f 5416//9489 5415//9489 5429//9489
f 5405//9505 5403//9505 5415//9505
f 5415//9505 5403//9505 5413//9505
f 5429//9506 5427//9506 5430//9506
f 5429//9507 5430//9507 5431//9507
f 5428//9508 5431//9508 5432//9508
f 5428//9508 5429//9508 5431//9508
f 5426//9501 5432//9501 5433//9501
f 5426//9426 5428//9426 5432//9426
f 5424//9509 5433//9509 5434//9509
f 5424//9510 5426//9510 5433//9510
f 5422//9511 5434//9511 5435//9511
f 5422//9511 5424//9511 5434//9511
f 5420//9512 5422//9512 5435//9512
f 5420//9513 5435//9513 5436//9513
f 5421//9514 5436//9514 5437//9514
f 5421//9515 5420//9515 5436//9515
f 5423//9438 5437//9438 5438//9438
f 5423//9493 5421//9493 5437//9493
f 5425//9516 5438//9516 5439//9516
f 5425//9517 5423//9517 5438//9517
f 5427//9518 5439//9518 5430//9518
f 5427//9519 5425//9519 5439//9519
f 5440//9520 5441//9520 5430//9520
f 5440//9521 5430//9521 5439//9521
f 5442//9522 5440//9522 5439//9522
f 5438//9523 5442//9523 5439//9523
f 5443//9524 5442//9524 5438//9524
f 5437//9525 5443//9525 5438//9525
f 5444//9526 5443//9526 5437//9526
f 5436//9527 5444//9527 5437//9527
f 5445//9528 5444//9528 5436//9528
f 5435//9529 5445//9529 5436//9529
f 5446//9530 5445//9530 5435//9530
f 5446//9531 5447//9531 5448//9531
f 5445//9281 5448//9281 5449//9281
f 5445//9531 5446//9531 5448//9531
f 5444//9532 5449//9532 5450//9532
f 5444//9281 5445//9281 5449//9281
f 5443//9533 5444//9533 5450//9533
f 5442//9534 5450//9534 5451//9534
f 5442//9285 5451//9285 5452//9285
f 5442//9535 5443//9535 5450//9535
f 5440//9536 5442//9536 5452//9536
f 5441//9537 5452//9537 5453//9537
f 5441//9538 5440//9538 5452//9538
f 5441//9539 5453//9539 5454//9539
f 5455//9291 5454//9291 5456//9291
f 5455//9540 5441//9540 5454//9540
f 5457//9541 5456//9541 5458//9541
f 5457//9291 5455//9291 5456//9291
f 5459//9541 5457//9541 5458//9541
f 5460//9542 5458//9542 5461//9542
f 5460//9543 5461//9543 5462//9543
f 5460//9542 5459//9542 5458//9542
f 5463//9544 5462//9544 5447//9544
f 5463//9545 5460//9545 5462//9545
f 5446//9544 5463//9544 5447//9544
f 5463//9546 5446//9546 5435//9546
f 5463//9547 5435//9547 5434//9547
f 5460//9548 5463//9548 5434//9548
f 5433//9549 5460//9549 5434//9549
f 5459//9550 5460//9550 5433//9550
f 5432//9551 5459//9551 5433//9551
f 5457//9552 5459//9552 5432//9552
f 5431//9553 5457//9553 5432//9553
f 5455//9554 5457//9554 5431//9554
f 5430//9555 5455//9555 5431//9555
f 5441//9556 5455//9556 5430//9556
f 5454//9557 5453//9557 5464//9557
f 5454//9558 5464//9558 5465//9558
f 5456//9559 5454//9559 5465//9559
f 5466//9560 5456//9560 5465//9560
f 5458//9561 5456//9561 5466//9561
f 5467//9562 5458//9562 5466//9562
f 5461//9563 5458//9563 5467//9563
f 5468//9564 5461//9564 5467//9564
f 5462//9565 5461//9565 5468//9565
f 5469//9566 5462//9566 5468//9566
f 5447//9567 5462//9567 5469//9567
f 5448//9568 5447//9568 5469//9568
f 5448//9569 5469//9569 5470//9569
f 5449//9570 5448//9570 5470//9570
f 5471//9571 5449//9571 5470//9571
f 5450//9572 5449//9572 5471//9572
f 5472//9573 5450//9573 5471//9573
f 5451//9574 5450//9574 5472//9574
f 5473//9575 5451//9575 5472//9575
f 5452//9576 5451//9576 5473//9576
f 5464//9577 5452//9577 5473//9577
f 5453//9578 5452//9578 5464//9578
f 5472//9489 5471//9489 5470//9489
f 5473//9232 5472//9232 5470//9232
f 5464//9489 5470//9489 5469//9489
f 5464//9232 5473//9232 5470//9232
f 5465//9232 5469//9232 5468//9232
f 5465//9232 5468//9232 5467//9232
f 5465//9489 5467//9489 5466//9489
f 5465//9232 5464//9232 5469//9232
f 5474//9372 5475//9372 5476//9372
f 5477//9371 5478//9371 5479//9371
f 5477//9371 5476//9371 5478//9371
f 5477//9372 5474//9372 5476//9372
f 5480//9371 5481//9371 5475//9371
f 5480//9372 5475//9372 5474//9372
f 5482//9372 5481//9372 5480//9372
f 5483//9371 5479//9371 5484//9371
f 5483//9372 5477//9372 5479//9372
f 5485//9371 5482//9371 5480//9371
f 5486//9372 5482//9372 5485//9372
f 5487//9371 5483//9371 5484//9371
f 5488//9372 5483//9372 5487//9372
f 5489//9372 5486//9372 5485//9372
f 5490//9371 5486//9371 5489//9371
f 5491//9371 5488//9371 5487//9371
f 5492//9372 5488//9372 5491//9372
f 5493//9371 5489//9371 5494//9371
f 5493//9372 5490//9372 5489//9372
f 5495//9372 5492//9372 5491//9372
f 5496//9372 5497//9372 5492//9372
f 5496//9371 5492//9371 5495//9371
f 5498//9372 5493//9372 5494//9372
f 5499//9372 5494//9372 5497//9372
f 5499//9372 5497//9372 5496//9372
f 5499//9372 5498//9372 5494//9372
f 5500//9579 5501//9579 5502//9579
f 5503//9580 5481//9580 5502//9580
f 5503//9581 5476//9581 5475//9581
f 5503//9580 5475//9580 5481//9580
f 5503//9582 5502//9583 5501//9584
f 5504//9585 5500//9585 5502//9585
f 5505//9586 5501//9586 5500//9586
f 5505//9587 5476//9587 5503//9587
f 5505//9588 5503//9588 5501//9588
f 5506//9589 5504//9589 5502//9589
f 5507//9590 5478//9590 5476//9590
f 5507//9590 5476//9590 5505//9590
f 5507//9591 5500//9591 5504//9591
f 5507//9592 5505//9592 5500//9592
f 5508//9593 5506//9593 5502//9593
f 5509//9589 5479//9589 5478//9589
f 5509//9589 5478//9589 5507//9589
f 5509//9594 5504//9594 5506//9594
f 5509//9589 5507//9589 5504//9589
f 5509//9593 5506//9593 5508//9593
f 5510//9595 5508//9595 5502//9595
f 5511//9596 5484//9596 5479//9596
f 5511//9593 5479//9593 5509//9593
f 5511//9596 5509//9596 5508//9596
f 5512//9597 5510//9597 5502//9597
f 5513//9597 5491//9597 5487//9597
f 5513//9595 5487//9595 5484//9595
f 5513//9595 5484//9595 5511//9595
f 5513//9598 5508//9598 5510//9598
f 5513//9595 5511//9595 5508//9595
f 5514//9599 5502//9599 5495//9599
f 5514//9600 5495//9600 5491//9600
f 5514//9601 5512//9602 5502//9602
f 5514//9603 5491//9603 5513//9603
f 5514//9604 5510//9604 5512//9604
f 5514//9604 5513//9604 5510//9604
f 5515//9605 5516//9605 5502//9605
f 5517//9606 5495//9606 5502//9606
f 5517//9607 5496//9607 5495//9607
f 5517//9608 5502//9608 5516//9608
f 5518//9609 5515//9609 5502//9609
f 5519//9605 5499//9605 5496//9605
f 5519//9610 5515//9610 5518//9610
f 5519//9611 5496//9611 5517//9611
f 5519//9605 5516//9605 5515//9605
f 5519//9611 5517//9611 5516//9611
f 5520//9612 5518//9612 5502//9612
f 5521//9609 5498//9609 5499//9609
f 5521//9609 5499//9609 5519//9609
f 5521//9609 5519//9609 5518//9609
f 5522//9613 5520//9613 5502//9613
f 5523//9612 5493//9612 5498//9612
f 5523//9614 5498//9614 5521//9614
f 5523//9615 5518//9615 5520//9615
f 5523//9614 5521//9614 5518//9614
f 5523//9613 5520//9613 5522//9613
f 5524//9616 5522//9616 5502//9616
f 5525//9617 5490//9617 5493//9617
f 5525//9617 5493//9617 5523//9617
f 5525//9617 5523//9617 5522//9617
f 5526//9618 5524//9618 5502//9618
f 5527//9619 5482//9619 5486//9619
f 5527//9620 5486//9620 5490//9620
f 5527//9621 5490//9621 5525//9621
f 5527//9622 5522//9622 5524//9622
f 5527//9621 5525//9621 5522//9621
f 5527//9623 5524//9623 5526//9623
f 5528//9624 5502//9624 5481//9624
f 5528//9625 5481//9625 5482//9625
f 5528//9626 5526//9626 5502//9626
f 5528//9623 5527//9623 5526//9623
f 5528//9618 5482//9618 5527//9618
f 5529//9627 5530//9627 5480//9627
f 5529//9627 5480//9627 5474//9627
f 5531//9514 5474//9514 5477//9514
f 5531//9514 5529//9514 5474//9514
f 5532//9438 5477//9438 5483//9438
f 5532//9516 5483//9516 5488//9516
f 5532//9493 5531//9493 5477//9493
f 5533//9517 5532//9517 5488//9517
f 5534//9628 5488//9628 5492//9628
f 5534//9628 5533//9628 5488//9628
f 5535//9489 5529//9489 5536//9489
f 5536//9489 5531//9489 5537//9489
f 5537//9232 5531//9232 5538//9232
f 5529//9489 5531//9489 5536//9489
f 5539//9232 5530//9232 5535//9232
f 5535//9489 5530//9489 5529//9489
f 5539//9489 5540//9489 5530//9489
f 5538//9489 5532//9489 5541//9489
f 5531//9489 5532//9489 5538//9489
f 5540//9232 5542//9232 5530//9232
f 5540//9232 5543//9232 5542//9232
f 5532//9232 5544//9232 5541//9232
f 5532//9489 5533//9489 5544//9489
f 5543//9489 5545//9489 5542//9489
f 5543//9232 5546//9232 5545//9232
f 5533//9232 5547//9232 5544//9232
f 5533//9489 5534//9489 5547//9489
f 5545//9232 5548//9232 5549//9232
f 5546//9489 5548//9489 5545//9489
f 5534//9489 5550//9489 5547//9489
f 5548//9489 5551//9489 5549//9489
f 5552//9232 5553//9232 5534//9232
f 5534//9232 5553//9232 5550//9232
f 5549//9489 5554//9489 5552//9489
f 5552//9232 5554//9232 5553//9232
f 5551//9232 5554//9232 5549//9232
f 5555//9629 5550//9629 5556//9629
f 5555//9629 5547//9629 5550//9629
f 5555//9630 5556//9630 5557//9630
f 5558//9631 5557//9631 5556//9631
f 5559//9631 5541//9631 5544//9631
f 5559//9630 5544//9630 5547//9630
f 5559//9632 5547//9632 5555//9632
f 5559//9630 5555//9630 5557//9630
f 5560//9633 5558//9633 5556//9633
f 5561//9634 5557//9634 5558//9634
f 5561//9631 5541//9631 5559//9631
f 5561//9635 5559//9635 5557//9635
f 5561//9636 5558//9636 5560//9636
f 5562//9637 5560//9637 5556//9637
f 5563//9636 5538//9636 5541//9636
f 5563//9638 5541//9638 5561//9638
f 5563//9639 5561//9639 5560//9639
f 5564//9640 5562//9640 5556//9640
f 5565//9641 5537//9641 5538//9641
f 5565//9637 5538//9637 5563//9637
f 5565//9637 5560//9637 5562//9637
f 5565//9641 5563//9641 5560//9641
f 5565//9640 5562//9640 5564//9640
f 5566//9642 5564//9642 5556//9642
f 5567//9640 5536//9640 5537//9640
f 5567//9640 5537//9640 5565//9640
f 5567//9643 5565//9643 5564//9643
f 5568//9644 5556//9644 5539//9644
f 5568//9645 5539//9645 5535//9645
f 5568//9646 5535//9646 5536//9646
f 5568//9647 5566//9647 5556//9647
f 5568//9646 5536//9646 5567//9646
f 5568//9646 5564//9646 5566//9646
f 5568//9646 5567//9646 5564//9646
f 5569//9648 5539//9648 5556//9648
f 5570//9649 5569//9649 5556//9649
f 5571//9648 5540//9648 5539//9648
f 5571//9648 5539//9648 5569//9648
f 5572//9650 5570//9650 5556//9650
f 5573//9651 5543//9651 5540//9651
f 5573//9652 5570//9652 5572//9652
f 5573//9651 5571//9651 5569//9651
f 5573//9649 5569//9649 5570//9649
f 5573//9651 5540//9651 5571//9651
f 5574//9653 5572//9653 5556//9653
f 5575//9652 5546//9652 5543//9652
f 5575//9654 5543//9654 5573//9654
f 5575//9654 5573//9654 5572//9654
f 5576//9655 5574//9655 5556//9655
f 5577//9656 5548//9656 5546//9656
f 5577//9657 5546//9657 5575//9657
f 5577//9656 5572//9656 5574//9656
f 5577//9653 5575//9653 5572//9653
f 5577//9658 5574//9658 5576//9658
f 5578//9659 5576//9659 5556//9659
f 5579//9655 5551//9655 5548//9655
f 5579//9655 5548//9655 5577//9655
f 5579//9655 5577//9655 5576//9655
f 5579//9660 5576//9660 5578//9660
f 5580//9661 5578//9661 5556//9661
f 5581//9662 5553//9662 5554//9662
f 5581//9660 5554//9660 5551//9660
f 5581//9660 5551//9660 5579//9660
f 5581//9660 5579//9660 5578//9660
f 5582//9663 5556//9663 5550//9663
f 5582//9664 5550//9664 5553//9664
f 5582//9665 5580//9647 5556//9647
f 5582//9666 5553//9666 5581//9666
f 5582//9667 5578//9667 5580//9667
f 5582//9668 5581//9668 5578//9668
f 5552//9507 5534//9507 5492//9507
f 5552//9507 5492//9507 5497//9507
f 5549//9508 5497//9508 5494//9508
f 5549//9508 5552//9508 5497//9508
f 5545//9501 5494//9501 5489//9501
f 5545//9510 5489//9510 5485//9510
f 5545//9501 5549//9501 5494//9501
f 5542//9669 5545//9669 5485//9669
f 5530//9511 5485//9511 5480//9511
f 5530//9511 5542//9511 5485//9511
f 5583//9670 5584//9670 5585//9670
f 5586//9671 5583//9671 5585//9671
f 5587//9672 5583//9672 5586//9672
f 5588//9673 5587//9673 5586//9673
f 5589//9674 5588//9674 5586//9674
f 5590//9675 5588//9675 5589//9675
f 5591//9676 5590//9676 5589//9676
f 5592//9677 5590//9677 5591//9677
f 5593//9678 5592//9678 5591//9678
f 5594//9679 5593//9679 5591//9679
f 5595//9680 5593//9680 5594//9680
f 5596//9681 5595//9681 5594//9681
f 5597//9682 5595//9682 5596//9682
f 5598//9683 5597//9683 5596//9683
f 5599//9684 5598//9684 5596//9684
f 5600//9685 5598//9685 5599//9685
f 5601//9431 5594//9431 5602//9431
f 5603//9431 5596//9431 5601//9431
f 5601//9431 5596//9431 5594//9431
f 5603//9431 5599//9431 5596//9431
f 5604//9686 5605//9686 5603//9686
f 5601//9687 5604//9687 5603//9687
f 5606//9688 5604//9688 5601//9688
f 5607//9689 5606//9689 5601//9689
f 5602//9690 5607//9690 5601//9690
f 5608//9691 5607//9691 5602//9691
f 5609//9692 5608//9692 5602//9692
f 5610//9693 5608//9693 5609//9693
f 5611//9694 5610//9694 5609//9694
f 5612//9695 5611//9695 5609//9695
f 5613//9696 5611//9696 5612//9696
f 5614//9697 5613//9697 5612//9697
f 5615//9698 5613//9698 5614//9698
f 5616//9699 5615//9699 5614//9699
f 5617//9700 5616//9700 5614//9700
f 5618//9701 5616//9701 5617//9701
f 5619//9702 5618//9702 5617//9702
f 5620//9703 5619//9703 5617//9703
f 5621//9704 5619//9704 5620//9704
f 5622//9705 5621//9705 5620//9705
f 5623//9706 5622//9706 5620//9706
f 5624//9707 5622//9707 5623//9707
f 5625//9708 5624//9708 5623//9708
f 5626//9709 5624//9709 5625//9709
f 5627//9710 5626//9710 5625//9710
f 5628//9711 5627//9711 5625//9711
f 5629//9712 5627//9712 5628//9712
f 5630//9713 5629//9713 5628//9713
f 5631//9714 5629//9714 5630//9714
f 5632//9715 5631//9715 5630//9715
f 5603//9716 5632//9716 5630//9716
f 5605//9717 5632//9717 5603//9717
f 5630//9718 5599//9718 5603//9718
f 5628//9718 5633//9718 5630//9718
f 5630//9718 5633//9718 5599//9718
f 5628//9435 5634//9435 5633//9435
f 5635//9719 5600//9719 5599//9719
f 5633//9720 5635//9720 5599//9720
f 5636//9721 5635//9721 5633//9721
f 5637//9722 5636//9722 5633//9722
f 5634//9723 5637//9723 5633//9723
f 5638//9724 5637//9724 5634//9724
f 5639//9725 5638//9725 5634//9725
f 5640//9726 5638//9726 5639//9726
f 5641//9727 5640//9727 5639//9727
f 5642//9728 5641//9728 5639//9728
f 5643//9729 5641//9729 5642//9729
f 5644//9730 5643//9730 5642//9730
f 5645//9731 5643//9731 5644//9731
f 5646//9732 5645//9732 5644//9732
f 5585//9733 5646//9733 5644//9733
f 5584//9734 5646//9734 5585//9734
f 5644//9443 5617//9443 5585//9443
f 5642//9443 5620//9443 5644//9443
f 5644//9444 5620//9444 5617//9444
f 5642//9444 5623//9444 5620//9444
f 5639//9438 5623//9438 5642//9438
f 5634//9438 5625//9438 5639//9438
f 5639//9493 5625//9493 5623//9493
f 5634//9438 5628//9438 5625//9438
f 5586//9421 5612//9421 5589//9421
f 5585//9420 5614//9420 5586//9420
f 5586//9421 5614//9421 5612//9421
f 5585//9421 5617//9421 5614//9421
f 5609//9501 5589//9501 5612//9501
f 5602//9501 5591//9501 5609//9501
f 5609//9426 5591//9426 5589//9426
f 5602//9426 5594//9426 5591//9426
f 5663//9262 5662//9262 5647//9262
f 5662//9263 5664//9263 5661//9263
f 5664//9735 5665//9735 5660//9735
f 5665//9736 5666//9736 5659//9736
f 5666//9266 5667//9266 5658//9266
f 5667//9267 5668//9267 5657//9267
f 5668//9268 5669//9268 5656//9268
f 5669//9269 5670//9269 5655//9269
f 5670//9737 5671//9737 5654//9737
f 5671//9271 5672//9271 5653//9271
f 5672//9272 5673//9272 5652//9272
f 5673//9273 5674//9273 5651//9273
f 5674//9355 5675//9355 5650//9355
f 5675//9275 5676//9275 5649//9275
f 5676//9357 5677//9357 5649//9357
f 5677//9277 5663//9277 5648//9277
f 5697//9278 5679//9278 5699//9278
f 5696//9279 5697//9279 5699//9279
f 5695//9281 5696//9281 5700//9281
f 5694//9280 5695//9280 5701//9280
f 5693//9282 5694//9282 5701//9282
f 5692//9283 5693//9283 5702//9283
f 5691//9738 5692//9738 5703//9738
f 5690//9285 5691//9285 5704//9285
f 5689//9287 5690//9287 5705//9287
f 5688//9739 5689//9739 5706//9739
f 5687//9288 5688//9288 5707//9288
f 5686//9289 5687//9289 5707//9289
f 5685//9291 5686//9291 5708//9291
f 5684//9290 5685//9290 5709//9290
f 5683//9292 5684//9292 5709//9292
f 5682//9293 5683//9293 5710//9293
f 5681//9740 5682//9740 5711//9740
f 5680//9295 5681//9295 5712//9295
f 5678//9297 5680//9297 5713//9297
f 5679//9296 5678//9296 5698//9296
l 5231 5253
l 5241 5243
l 5228 5256
l 5192 5220
l 5238 5246
