# Blender 4.2.16 LTS
# www.blender.org
mtllib leg_6.mtl
o leg1
v 21.561846 12.016684 4.368617
v 21.514225 12.019979 4.284264
v 21.561262 12.037514 4.367354
v 21.514210 12.009878 4.278337
v 21.516588 12.029037 4.285102
v 21.525587 12.039761 4.279546
v 21.576963 12.047868 4.358290
v 21.538862 12.040609 4.272478
v 21.593248 12.037389 4.350487
v 21.549501 12.031140 4.267578
v 8.623873 36.090412 9.380858
v 8.640159 36.079937 9.373055
v 8.650172 36.282528 9.352501
v 8.442915 36.145870 9.472161
v 8.608171 36.080063 9.389923
v 8.640742 36.059105 9.374317
v 8.608755 36.059231 9.391186
v 8.625040 36.048752 9.383383
v 21.759089 11.950748 4.269511
v 21.593832 12.016557 4.351748
v 21.578131 12.006204 4.360815
v 21.551832 11.814089 4.389172
v 8.440523 36.142284 9.483157
v 21.548338 11.810781 4.395997
v 8.439420 36.142563 9.478987
v 8.440295 36.143871 9.474962
v 21.549440 11.810503 4.400167
v 21.549213 11.812094 4.391972
v 9.663713 36.943295 8.803389
v 9.518899 36.857117 8.842452
v 9.626505 36.887516 8.974441
v 9.497510 36.876389 8.695031
v 9.616840 36.955070 8.626136
v 9.441300 36.792122 8.953432
v 9.515184 36.802677 9.093457
v 9.389664 36.838654 8.597527
v 9.310171 36.719486 8.962961
v 9.015361 36.473377 9.380742
v 9.008853 36.470825 9.376173
v 9.011639 36.471657 9.379373
v 9.019022 36.475525 9.379916
v 9.004343 36.481915 9.311473
v 9.003469 36.480602 9.315497
v 9.000848 36.478603 9.318298
v 9.003240 36.482189 9.307302
v 8.987465 36.467770 9.335640
v 8.989857 36.471355 9.324644
v 8.986362 36.468048 9.331469
v 8.987238 36.469360 9.327444
v 9.202325 36.681751 8.865457
v 8.942966 36.473579 9.193071
v 8.940180 36.472748 9.189873
v 8.837241 36.356667 9.480061
v 8.833746 36.353355 9.486886
v 8.836365 36.355354 9.484086
v 8.836138 36.356945 9.475890
v 8.811965 36.353058 9.432158
v 8.808243 36.351337 9.430787
v 8.814751 36.353886 9.435357
v 8.804581 36.349194 9.431613
v 8.793590 36.341946 9.437959
v 8.789929 36.339798 9.438785
v 8.736398 36.289169 9.543090
v 8.729014 36.285305 9.542545
v 8.732737 36.287025 9.543916
v 8.726228 36.284473 9.539348
v 8.798336 36.403824 9.153984
v 8.797462 36.402512 9.158010
v 8.932796 36.468884 9.189328
v 8.794842 36.400517 9.160810
v 8.797234 36.404102 9.149814
v 8.936458 36.471027 9.188502
v 8.720843 36.294247 9.478671
v 8.721719 36.295559 9.474647
v 8.786207 36.338081 9.437414
v 8.718224 36.292252 9.481472
v 8.720615 36.295837 9.470476
v 8.783422 36.337246 9.434215
v 8.707232 36.285004 9.487817
v 8.704841 36.281418 9.498812
v 8.704614 36.283009 9.490617
v 8.703738 36.281696 9.494642
v 9.180936 36.701023 8.718037
v 8.869220 36.541676 8.676916
v 9.258533 36.766014 8.607055
v 8.902715 36.595356 8.506329
v 8.725539 36.332226 9.308989
v 8.802430 36.473347 8.831751
v 8.901323 36.631844 8.328085
v 8.660341 36.287228 9.356245
v 8.723146 36.328640 9.319984
v 8.657556 36.286392 9.353046
v 8.722044 36.328915 9.315814
v 8.722919 36.330231 9.311789
v 8.653833 36.284676 9.351676
v 8.705515 36.393612 8.963484
v 8.704522 36.390858 8.974108
v 8.553741 36.168999 9.647259
v 8.553513 36.170589 9.639063
v 8.551122 36.167004 9.650059
v 8.554616 36.170311 9.643234
v 8.865113 36.649403 8.150647
v 8.529341 36.166702 9.595330
v 8.525620 36.164982 9.593961
v 8.532126 36.167534 9.598530
v 8.521956 36.162838 9.594787
v 8.510966 36.155590 9.601131
v 8.507305 36.153446 9.601957
v 8.503583 36.151730 9.600587
v 8.795803 36.647202 7.982437
v 8.493376 36.201740 9.334861
v 8.489714 36.199593 9.335686
v 8.485992 36.197876 9.334316
v 8.483206 36.197041 9.331118
v 8.390509 36.183804 9.155437
v 8.380873 36.179611 9.150636
v 8.712729 36.825920 6.912673
v 8.054959 35.839851 9.936518
v 8.190825 36.074303 9.164608
v 8.614788 36.727966 7.128991
v 8.696644 36.625332 7.831391
v 8.058673 35.894287 9.685513
v 8.500797 36.150894 9.597388
v 8.537190 36.662971 7.239971
v 8.572366 36.584835 7.704741
v 8.593399 36.747238 6.981570
v 8.037284 35.913563 9.538093
v 7.981075 35.829296 9.796494
v 8.428868 36.527626 7.608505
v 8.594335 36.790539 6.776714
v 7.899356 35.748688 9.971611
v 8.406060 36.590336 7.249499
v 8.485553 36.709507 6.884065
v 7.929439 35.875828 9.440588
v 7.998620 35.979530 9.122574
v 7.849946 35.756660 9.806023
v 8.272969 36.456432 7.547251
v 8.436142 36.717476 6.718478
v 7.741164 35.675625 9.913374
v 8.298214 36.552605 7.151995
v 8.354424 36.636868 6.893593
v 7.742099 35.718925 9.708518
v 7.817424 35.901894 9.026932
v 7.798308 35.803188 9.450117
v 8.280540 36.626312 6.753569
v 8.276825 36.571877 7.004574
v 7.720711 35.738197 9.561097
v 7.622768 35.640244 9.777413
v 8.112072 36.374626 7.523889
v 7.896079 36.323601 7.211101
v 7.895204 36.322289 7.215126
v 7.894976 36.323879 7.206930
v 7.892583 36.320293 7.217926
v 7.852293 36.269123 7.358971
v 7.953817 36.286102 7.539518
v 7.944990 36.282360 7.534650
v 7.651618 35.842548 8.883404
v 7.501880 35.743816 8.969855
v 7.661076 35.847248 8.885287
v 7.849505 36.268288 7.355771
v 7.498219 35.741669 8.970680
v 7.494496 35.739948 8.969310
v 7.845784 36.266571 7.354400
v 7.491711 35.739117 8.966111
v 7.842123 36.264423 7.355226
v 7.834702 36.315269 7.092699
v 7.831915 36.314434 7.089499
v 7.824533 36.310570 7.088956
v 7.803371 36.298630 7.091558
v 7.813541 36.303326 7.095301
v 7.809879 36.301182 7.096127
v 7.806158 36.299461 7.094757
v 7.781984 36.295574 7.051023
v 7.784377 36.299160 7.040028
v 7.828194 36.312717 7.088130
v 7.780881 36.295853 7.046853
v 7.781757 36.297165 7.042829
v 7.685326 36.183632 7.337585
v 7.460701 35.818626 8.505543
v 7.431659 35.838768 8.334226
v 7.457172 35.814762 8.514925
v 7.630977 36.075306 7.715980
v 7.536286 35.995716 7.852761
v 7.629983 36.072552 7.726603
v 7.677943 36.179771 7.337042
v 7.612578 36.135937 7.378299
v 7.681664 36.181488 7.338412
v 7.613453 36.137249 7.374274
v 7.609960 36.133938 7.381099
v 7.675157 36.178936 7.333843
v 7.612350 36.137524 7.370104
v 7.631761 36.184471 7.195445
v 7.628264 36.181160 7.202271
v 7.630885 36.183159 7.199470
v 7.630658 36.184746 7.191275
v 7.617275 36.173912 7.208616
v 7.614882 36.170326 7.219612
v 7.538265 36.062061 7.540274
v 7.307446 35.716042 8.601368
v 7.305056 35.712456 8.612365
v 7.609270 36.181690 7.150741
v 7.606483 36.180859 7.147542
v 7.602762 36.179138 7.146171
v 7.599101 36.176994 7.146996
v 7.614655 36.171917 7.211416
v 7.613780 36.170605 7.215441
v 7.552076 36.128914 7.255873
v 7.549292 36.128082 7.252673
v 7.545568 36.126366 7.251304
v 7.541907 36.124218 7.252129
v 7.520748 36.112274 7.254731
v 7.530917 36.116974 7.258475
v 7.527256 36.114826 7.259301
v 7.523533 36.113106 7.257930
v 7.499360 36.109219 7.214197
v 7.501751 36.112804 7.203202
v 7.499133 36.110809 7.206002
v 7.498258 36.109497 7.210027
v 7.402701 35.997280 7.500760
v 7.540657 36.065647 7.529278
v 7.537161 36.062340 7.536103
v 7.538037 36.063652 7.532079
v 7.399041 35.995136 7.501585
v 7.395319 35.993416 7.500215
v 7.349135 35.998116 7.358619
v 7.345641 35.994804 7.365444
v 7.348259 35.996803 7.362644
v 7.348032 35.998390 7.354448
v 7.334651 35.987560 7.371789
v 7.326644 35.995335 7.313914
v 7.323860 35.994507 7.310715
v 7.316475 35.990643 7.310171
v 7.320138 35.992786 7.309345
v 7.332030 35.985561 7.374589
v 7.331155 35.984249 7.378614
v 7.470294 35.929295 8.000515
v 7.154562 35.765141 7.972052
v 7.434901 35.876202 8.163385
v 7.076964 35.700150 8.083032
v 7.304829 35.714046 8.604169
v 7.392532 35.992584 7.497015
v 7.133173 35.784412 7.824632
v 6.945835 35.627510 8.092561
v 7.303953 35.712734 8.608193
v 7.025327 35.746677 7.727126
v 7.332259 35.983974 7.382785
v 6.820313 35.663486 7.596630
v 6.894197 35.674042 7.736655
v 6.718657 35.511093 8.063951
v 6.837987 35.589775 7.995056
v 6.708993 35.578648 7.715647
v 6.816599 35.609051 7.847636
v 6.671784 35.522869 7.886699
v 20.429054 11.661004 2.226355
v 20.425392 11.658859 2.227180
v 20.432775 11.662723 2.227725
v 20.435562 11.663555 2.230924
v 22.627815 12.525331 3.759462
v 22.772629 12.611511 3.720399
v 22.735422 12.555732 3.891450
v 22.606428 12.544604 3.612041
v 22.725758 12.623287 3.543146
v 22.550219 12.460341 3.870442
v 22.624102 12.470895 4.010467
v 22.498581 12.506872 3.514536
v 22.419088 12.387704 3.879971
v 22.117771 12.139045 4.293182
v 22.127939 12.143742 4.296926
v 22.124277 12.141596 4.297751
v 22.120556 12.139877 4.296381
v 22.113260 12.150131 4.228483
v 22.112385 12.148819 4.232508
v 22.109766 12.146823 4.235308
v 22.112156 12.150408 4.224313
v 22.096382 12.135990 4.252650
v 22.098774 12.139575 4.241653
v 22.095280 12.136267 4.248478
v 22.096155 12.137580 4.244453
v 22.051882 12.141799 4.110082
v 22.311241 12.349971 3.782467
v 22.049097 12.140965 4.106883
v 21.942663 12.021577 4.403895
v 21.946157 12.024886 4.397070
v 21.945282 12.023573 4.401094
v 21.945055 12.025163 4.392900
v 21.913498 12.017411 4.348623
v 21.917160 12.019555 4.347796
v 21.920881 12.021276 4.349166
v 21.923668 12.022108 4.352365
v 21.902508 12.010164 4.354969
v 21.898846 12.008017 4.355793
v 21.845314 11.957389 4.460100
v 21.835146 11.952692 4.456356
v 21.841654 11.955243 4.460926
v 21.837931 11.953524 4.459555
v 21.907253 12.072043 4.070993
v 22.041714 12.137102 4.106338
v 21.906378 12.070731 4.075018
v 21.906149 12.072320 4.066823
v 22.045376 12.139246 4.105513
v 21.903757 12.068734 4.077819
v 21.829760 11.962465 4.395680
v 21.830635 11.963778 4.391655
v 21.895124 12.006299 4.354424
v 21.829533 11.964055 4.387485
v 21.892338 12.005466 4.351224
v 21.827141 11.960469 4.398480
v 21.813759 11.949636 4.415822
v 21.816151 11.953222 4.404827
v 21.812654 11.949914 4.411652
v 21.813532 11.951226 4.407627
v 21.978069 12.209813 3.594142
v 22.289852 12.369243 3.635045
v 22.011614 12.263531 3.423512
v 22.367451 12.434235 3.524065
v 21.834455 12.000443 4.225997
v 21.911209 12.141442 3.748999
v 22.010254 12.300043 3.245214
v 21.769258 11.955445 4.273254
v 21.832064 11.996857 4.236994
v 21.766472 11.954612 4.270056
v 21.830961 11.997134 4.232822
v 21.762751 11.952893 4.268684
v 21.831837 11.998446 4.228798
v 21.814219 12.061667 3.880737
v 21.813452 12.059079 3.891144
v 21.660038 11.835223 4.567069
v 21.663534 11.838531 4.560244
v 21.662659 11.837219 4.564269
v 21.662430 11.838809 4.556073
v 21.974049 12.317618 3.067715
v 21.630873 11.831059 4.511796
v 21.634535 11.833202 4.510971
v 21.638256 11.834921 4.512340
v 21.641043 11.835753 4.515540
v 21.619883 11.823810 4.518142
v 21.616222 11.821665 4.518968
v 21.612499 11.819945 4.517597
v 21.904720 12.315419 2.899446
v 21.602293 11.869958 4.251871
v 21.592123 11.865261 4.248127
v 21.594910 11.866094 4.251327
v 21.598631 11.867813 4.252697
v 21.490597 11.848281 4.067580
v 21.499413 11.852017 4.072422
v 21.821646 12.494140 1.829684
v 21.163876 11.508069 4.853528
v 21.300379 11.742861 4.081637
v 21.723705 12.396184 2.046000
v 21.805599 12.293561 2.748447
v 21.167589 11.562506 4.602524
v 21.609715 11.819114 4.514398
v 21.702316 12.415457 1.898579
v 21.646107 12.331192 2.156980
v 21.681372 12.253084 2.621826
v 21.146200 11.581779 4.455102
v 21.089993 11.497516 4.713503
v 21.537933 12.195910 2.525593
v 21.703251 12.458755 1.693724
v 21.008272 11.416906 4.888619
v 21.514977 12.258554 2.166509
v 21.594469 12.377724 1.801074
v 21.038355 11.544045 4.357597
v 20.958862 11.424878 4.723032
v 21.107527 11.647749 4.039580
v 21.382097 12.124752 2.464317
v 21.545059 12.385695 1.635487
v 20.850080 11.343844 4.830382
v 21.407129 12.220821 2.069004
v 21.463339 12.305086 1.810603
v 20.851015 11.387144 4.625527
v 20.926891 11.570321 3.944358
v 20.907225 11.471408 4.367126
v 21.389456 12.294531 1.670578
v 21.385740 12.240094 1.921583
v 20.731686 11.308461 4.694423
v 20.829626 11.406418 4.478106
v 21.221254 12.042989 2.440905
v 21.004995 11.991820 2.128110
v 21.004120 11.990508 2.132135
v 21.003891 11.992097 2.123940
v 20.961208 11.937339 2.275980
v 21.063042 11.954499 2.456470
v 21.053919 11.950583 2.451686
v 21.001499 11.988511 2.134936
v 20.610796 11.412033 3.886865
v 20.760511 11.510751 3.800426
v 20.770653 11.515696 3.802906
v 20.958422 11.936507 2.272781
v 20.607134 11.409888 3.887690
v 20.954700 11.934788 2.271411
v 20.603413 11.408170 3.886320
v 20.951038 11.932643 2.272236
v 20.600626 11.407336 3.883121
v 20.943617 11.983488 2.009709
v 20.940832 11.982655 2.006510
v 20.912289 11.966846 2.008568
v 20.933449 11.978790 2.005965
v 20.922457 11.971543 2.012311
v 20.918797 11.969399 2.013137
v 20.915073 11.967680 2.011766
v 20.890902 11.963792 1.968034
v 20.893293 11.967378 1.957038
v 20.937109 11.980935 2.005140
v 20.890673 11.965382 1.959838
v 20.889797 11.964068 1.963863
v 20.794241 11.851853 2.254596
v 20.722370 11.805468 2.291284
v 20.784073 11.847156 2.250853
v 20.786858 11.847988 2.254051
v 20.790581 11.849707 2.255422
v 20.721495 11.804154 2.295309
v 20.721268 11.805744 2.287113
v 20.718876 11.802158 2.298109
v 20.739573 11.852964 2.108284
v 20.740677 11.852688 2.112455
v 20.739801 11.851375 2.116480
v 20.737181 11.849379 2.119280
v 20.726191 11.842132 2.125626
v 20.647181 11.730280 2.457283
v 20.739880 11.743521 2.632963
v 20.738626 11.740530 2.644051
v 20.626032 11.646286 2.804810
v 20.416363 11.384258 3.518378
v 20.538378 11.514693 3.208677
v 20.569618 11.486845 3.422553
v 20.566090 11.482984 3.431935
v 20.413971 11.380674 3.529374
v 20.718185 11.849910 2.067751
v 20.711678 11.847357 2.063182
v 20.715399 11.849076 2.064552
v 20.708015 11.845213 2.064007
v 20.723572 11.840136 2.128426
v 20.660994 11.797134 2.172883
v 20.723799 11.838546 2.136622
v 20.658207 11.796301 2.169683
v 20.722696 11.838823 2.132451
v 20.654486 11.794582 2.168313
v 20.629663 11.780494 2.171741
v 20.650824 11.792439 2.169139
v 20.639833 11.785191 2.175484
v 20.636171 11.783045 2.176310
v 20.632450 11.781325 2.174940
v 20.608276 11.777439 2.131207
v 20.610668 11.781024 2.120211
v 20.607174 11.777716 2.127037
v 20.608049 11.779028 2.123012
v 20.511618 11.665499 2.417769
v 20.649572 11.733866 2.446288
v 20.646954 11.731871 2.449088
v 20.646078 11.730557 2.453113
v 20.507956 11.663354 2.418595
v 20.504232 11.661634 2.417225
v 20.456949 11.666611 2.271458
v 20.458052 11.666334 2.275628
v 20.457176 11.665022 2.279653
v 20.454557 11.663025 2.282453
v 20.443567 11.655778 2.288799
v 20.440947 11.653781 2.291599
v 20.440071 11.652470 2.295624
v 20.263477 11.433357 2.889062
v 20.557589 11.569194 2.997331
v 20.242090 11.452631 2.741641
v 20.501448 11.660803 2.414026
v 20.185879 11.368367 3.000042
v 20.413744 11.382263 3.521179
v 20.054750 11.295730 3.009571
v 20.412868 11.380951 3.525203
v 20.134243 11.414897 2.644136
v 20.441174 11.652192 2.299795
v 19.827574 11.179313 2.980962
v 19.946905 11.257995 2.912066
v 19.929228 11.331705 2.513640
v 20.003113 11.342259 2.653665
v 19.817909 11.246868 2.632657
v 19.925516 11.277268 2.764646
v 19.780701 11.191088 2.803709
v 8.906497 36.276768 9.217685
v 8.922783 36.266289 9.209882
v 8.890796 36.266415 9.226750
v 8.923368 36.245457 9.211144
v 8.891379 36.245586 9.228013
v 8.907665 36.235104 9.220209
v 21.843885 12.223867 4.204182
v 21.859589 12.234221 4.195117
v 21.875872 12.223742 4.187314
v 21.876455 12.202910 4.188576
v 21.844469 12.203036 4.205443
v 21.860756 12.192557 4.197640
v 20.836243 12.054319 2.217174
v 20.835659 12.075151 2.215912
v 20.820541 12.043967 2.226239
v 20.819374 12.085630 2.223715
v 20.804256 12.054445 2.234042
v 20.803673 12.075278 2.232780
v 7.867452 36.086514 7.248806
v 7.883152 36.096867 7.239742
v 7.882569 36.117699 7.238480
v 7.866283 36.128178 7.246283
v 7.850583 36.117828 7.255348
v 7.851167 36.096992 7.256609
v 20.553617 11.867967 2.380347
v 20.553034 11.888799 2.379085
v 20.537916 11.857615 2.389412
v 20.536749 11.899277 2.386888
v 20.521631 11.868092 2.397215
v 20.521048 11.888925 2.395953
v 7.600529 35.910515 7.402915
v 7.584827 35.900162 7.411981
v 7.599946 35.931347 7.401654
v 7.583660 35.941826 7.409457
v 7.567958 35.931469 7.418520
v 7.568542 35.910641 7.419783
v 20.596781 11.895048 2.461994
v 20.599249 11.880190 2.461813
v 20.592258 11.867676 2.466444
v 20.579451 11.864021 2.473478
v 20.572931 11.867229 2.479448
v 20.569267 11.874897 2.487494
v 20.563784 11.884208 2.482995
v 20.563868 11.892944 2.479520
v 20.572868 11.903668 2.473963
v 20.586143 11.904517 2.466895
v 7.616179 35.917446 7.510063
v 7.619843 35.909775 7.502016
v 7.626361 35.906567 7.496046
v 7.610693 35.926758 7.505564
v 7.610778 35.935493 7.502088
v 7.619779 35.946217 7.496531
v 7.633052 35.947067 7.489463
v 7.643692 35.937595 7.484563
v 7.646160 35.922737 7.484381
v 7.639171 35.910225 7.489012
v 7.899436 36.130611 7.335070
v 7.912244 36.134270 7.328037
v 7.892447 36.118103 7.339702
v 7.894943 36.103260 7.339504
v 7.905553 36.093773 7.334620
v 7.918828 36.094620 7.327551
v 20.865335 12.091721 2.305468
v 7.927827 36.105347 7.321995
v 20.852526 12.088067 2.312502
v 20.871918 12.052074 2.304983
v 20.880917 12.062799 2.299426
v 20.858643 12.051226 2.312051
v 20.845535 12.075553 2.317133
v 20.848032 12.060714 2.316935
v 20.874126 12.088844 2.303815
v 20.883295 12.081957 2.306191
v 20.883280 12.071855 2.300266
v 7.930205 36.124504 7.328759
v 8.875146 36.259483 9.119603
v 21.828236 12.216938 4.097034
v 8.871483 36.267155 9.127649
v 8.864963 36.270359 9.133620
v 8.845165 36.254192 9.145285
v 8.847661 36.239353 9.145086
v 8.852155 36.266705 9.140654
v 8.880630 36.250175 9.124103
v 8.880547 36.241440 9.127578
v 8.871547 36.230713 9.133134
v 8.858272 36.229866 9.140203
v 21.824636 12.188166 4.110567
v 21.833635 12.198890 4.105010
v 21.811361 12.187318 4.117633
v 21.551968 12.016282 4.267395
v 21.544979 12.003768 4.272027
v 21.800751 12.196806 4.122518
v 21.532169 12.000113 4.279060
v 21.798256 12.211645 4.122716
v 21.805246 12.224157 4.118084
v 21.818054 12.227814 4.111052
v 8.598878 36.058830 9.289964
v 8.591888 36.046314 9.294596
v 8.596411 36.073689 9.290146
v 8.579081 36.042660 9.301629
v 8.585773 36.083157 9.295047
v 8.572497 36.082310 9.302114
v 8.563497 36.071587 9.307672
v 21.833721 12.207627 4.101533
v 21.824574 12.224607 4.105082
v 8.561135 36.062527 9.306831
v 8.561120 36.052425 9.300906
v 8.570289 36.045540 9.303282
v 21.523378 12.002991 4.280714
v 7.930190 36.114403 7.322834
v 7.921037 36.131390 7.326383
v 7.635827 35.999748 7.628471
v 7.728477 36.065769 7.551374
v 7.596869 36.072052 7.643576
v 7.689519 36.138077 7.566480
v 7.831830 36.133915 7.491704
v 7.792872 36.206226 7.506810
v 7.943573 36.202663 7.450793
v 7.904616 36.274971 7.465898
v 7.871435 36.184250 7.352901
v 7.880589 36.189613 7.350837
v 7.889894 36.193909 7.354262
v 7.896858 36.195992 7.362260
v 7.589111 35.993073 7.539937
v 7.595090 36.002037 7.512448
v 7.588542 35.997047 7.519449
v 7.586355 35.993767 7.529510
v 7.550155 36.065380 7.555043
v 7.547398 36.066074 7.544616
v 7.549586 36.069355 7.534554
v 7.556135 36.074345 7.527553
v 7.832479 36.256557 7.368006
v 7.841631 36.261921 7.365942
v 7.850936 36.266220 7.369367
v 7.857902 36.268299 7.377365
v 9.547662 36.870399 8.853042
v 9.522633 36.892952 8.680527
v 9.456855 36.794346 8.982911
v 9.303406 36.709343 8.994062
v 9.396428 36.848793 8.566425
v 9.020712 36.748798 8.076130
v 8.788100 36.400089 9.145472
v 9.177202 36.665184 8.879961
v 9.018523 36.745518 8.086192
v 9.242979 36.763794 8.577575
v 8.785913 36.396809 9.155533
v 9.017955 36.749493 8.065702
v 8.785343 36.400780 9.135045
v 8.779364 36.391819 9.162535
v 9.011975 36.740528 8.093193
v 8.936526 36.690777 8.136753
v 9.152173 36.687740 8.707447
v 8.738628 36.394108 9.046512
v 8.701838 36.499649 8.446418
v 8.663474 36.442139 8.622784
v 8.503020 36.209602 9.322082
v 8.687922 36.531067 8.260129
v 8.576585 36.364162 8.771960
v 8.623089 36.533318 8.082153
v 8.745982 36.663559 7.775637
v 8.824677 36.682766 7.886655
v 8.888668 36.691906 8.007932
v 8.449677 36.273354 8.879349
v 8.645978 36.328087 9.123606
v 8.542625 36.259937 9.183278
v 8.430882 36.191189 9.224189
v 8.513682 36.506180 7.929911
v 8.295170 36.178604 8.934436
v 8.493867 36.204243 9.324145
v 8.846854 36.725052 7.741436
v 8.839889 36.722969 7.733437
v 8.087436 35.907574 9.696103
v 8.484561 36.199944 9.320720
v 8.643551 36.741249 7.139579
v 8.830584 36.718674 7.730011
v 7.996630 35.831516 9.825974
v 8.062406 35.930126 9.523588
v 8.477597 36.197861 9.312723
v 8.618522 36.763802 6.967065
v 8.552745 36.665195 7.269450
v 8.821431 36.713306 7.732077
v 8.370414 36.452305 7.818304
v 8.128191 36.089188 8.931828
v 7.936203 35.885967 9.409487
v 7.843181 35.746517 9.837124
v 8.399295 36.580196 7.280600
v 8.492318 36.719646 6.852963
v 8.207307 36.376976 7.758259
v 7.965085 36.013855 8.871783
v 7.716978 35.702358 9.723022
v 8.338869 36.634647 6.864114
v 8.248062 36.558594 6.993985
v 7.613707 35.638947 9.760239
v 7.593561 35.635162 9.726411
v 7.570175 35.629105 9.695093
v 7.691947 35.724915 9.550508
v 7.543877 35.620865 9.666720
v 8.273091 36.536037 7.166499
v 8.040327 36.287560 7.755651
v 7.885822 36.192810 7.810739
v 7.589516 35.802605 8.914451
v 7.782753 35.800968 9.420638
v 7.712409 35.932846 8.607934
v 7.821815 35.959984 8.760177
v 7.514067 35.752853 8.958010
v 7.504913 35.747494 8.960075
v 7.495608 35.743195 8.956650
v 7.488644 35.741116 8.948652
v 7.510821 35.783398 8.803433
v 7.446828 35.774254 8.682156
v 7.758914 36.102001 7.918127
v 7.672023 36.024025 8.067305
v 7.398972 35.775383 8.553334
v 7.633659 35.966515 8.243670
v 7.647575 35.935097 8.429957
v 7.183325 35.778423 7.982641
v 7.092518 35.702370 8.112510
v 7.323524 35.725636 8.596894
v 7.316975 35.720646 8.603895
v 7.158296 35.800980 7.810127
v 6.939070 35.617371 8.123662
v 7.314785 35.717365 8.613957
v 7.032092 35.756821 7.696026
v 6.766147 35.509769 8.192775
v 7.317544 35.716671 8.624384
v 6.757214 35.512978 8.154378
v 6.812866 35.573212 8.009561
v 6.744345 35.513855 8.116987
v 6.727721 35.512386 8.081127
v 6.878644 35.671818 7.707176
v 6.787837 35.595764 7.837047
v 6.056395 36.740341 8.320745
v 6.009521 36.752117 8.143491
v 6.046731 36.807896 7.972440
v 6.158050 36.892735 7.853423
v 9.001450 38.172535 9.060183
v 8.939837 38.107189 9.214099
v 8.964242 38.116756 9.231234
v 8.973763 38.158047 9.058140
v 8.954577 38.184311 8.882929
v 8.838340 38.029839 9.322614
v 8.852922 38.031921 9.350250
v 8.931026 38.168785 8.896526
v 8.696466 37.946716 9.354609
v 8.823077 38.136520 8.772563
v 8.401546 37.858578 9.015933
v 8.253641 37.827896 8.781354
v 8.215011 37.769985 8.958945
v 8.435471 37.909435 8.859975
v 8.140800 37.696644 9.118630
v 8.444283 37.847843 9.177547
v 8.254757 37.867477 8.594761
v 8.536969 37.986786 8.751459
v 8.034734 37.611557 9.252400
v 8.552231 37.880104 9.301511
v 8.218301 37.886745 8.408522
v 8.678842 38.069908 8.719464
v 7.902129 37.518986 9.353549
v 8.146101 37.884724 8.231977
v 7.513536 37.195221 9.901201
v 7.749633 37.423569 9.417004
v 8.035728 37.978039 7.500637
v 8.069652 38.028896 7.344677
v 8.041778 37.861526 8.073978
v 7.479611 37.144363 10.057160
v 7.392696 37.069096 10.193313
v 8.050466 38.055164 7.169466
v 7.378115 37.067013 10.165676
v 7.934228 37.900688 7.609152
v 7.910563 37.818310 7.942450
v 7.470799 37.205956 9.739588
v 7.584897 37.330101 9.439582
v 8.026915 38.039635 7.183064
v 7.236240 36.983891 10.197671
v 7.237093 36.977932 10.228404
v 7.792356 37.817570 7.641147
v 7.759037 37.757244 7.843984
v 7.362853 37.173695 9.615624
v 7.416176 37.243259 9.420152
v 7.932073 38.019779 7.033507
v 7.918966 38.007374 7.059101
v 7.648120 37.750954 7.588048
v 7.774733 37.940758 7.006002
v 7.773880 37.946720 6.975271
v 7.092006 36.917278 10.144573
v 7.078900 36.904869 10.170167
v 7.251935 37.167404 9.359690
v 7.218616 37.107082 9.562528
v 7.594796 37.681393 7.783522
v 6.984057 36.885014 10.020609
v 6.960505 36.869484 10.034206
v 7.618276 37.855556 7.010362
v 7.632859 37.857639 7.037999
v 6.951443 36.868191 10.017031
v 7.100409 37.106339 9.261224
v 7.076744 37.023960 9.594522
v 7.426075 37.594551 7.764091
v 7.540174 37.718693 7.464086
v 6.931296 36.864403 9.983204
v 6.941320 36.895752 9.858995
v 7.531362 37.780285 7.146513
v 6.907911 36.858345 9.951886
v 6.881614 36.850105 9.923513
v 6.975245 36.946609 9.703036
v 7.497436 37.729431 7.302472
v 7.261339 37.501080 7.786670
v 6.969193 37.063122 9.129695
v 6.864872 37.039925 8.971696
v 7.108843 37.405666 7.850125
v 6.870172 37.228004 8.085043
v 6.609426 37.066071 8.187739
v 6.795961 37.154663 8.244727
v 6.575500 37.015213 8.343699
v 6.757330 37.096752 8.422319
v 6.756216 37.057171 8.608912
v 6.566689 37.076809 8.026127
v 6.976237 37.313095 7.951273
v 6.474002 36.937866 8.452214
v 6.792672 37.037907 8.795152
v 6.458741 37.044548 7.902163
v 6.332129 36.854748 8.484209
v 6.314507 36.977936 7.849065
v 6.187894 36.788132 8.431111
v 6.103884 36.739014 8.449569
v 6.094951 36.742222 8.411171
v 6.082081 36.743099 8.373780
v 6.079947 36.755871 8.307147
v 6.065457 36.741634 8.337921
v 6.172633 36.894817 7.881060
v 6.071136 36.817467 7.989574
v 6.037210 36.766609 8.145534
v 7.092718 36.147339 9.486556
v 7.116313 36.215412 9.605165
v 7.004387 36.199421 9.393047
v 6.939651 36.319580 9.418149
v 6.963245 36.387657 9.536758
v 7.051576 36.335571 9.630267
v 6.649673 36.148754 8.720798
v 6.626081 36.080681 8.602188
v 6.584939 36.268913 8.745900
v 6.537749 36.132767 8.508680
v 6.473013 36.252930 8.533782
v 6.496607 36.320999 8.652391
v 7.563758 36.457928 9.214601
v 7.587354 36.526001 9.333210
v 7.522616 36.646160 9.358312
v 7.434287 36.698242 9.264804
v 7.410693 36.630169 9.146194
v 7.475429 36.510014 9.121092
v 7.561732 36.619434 9.203496
v 7.097120 36.391270 8.330234
v 7.120716 36.459343 8.448843
v 7.055978 36.579502 8.473944
v 6.967649 36.631588 8.380436
v 6.944055 36.563515 8.261827
v 7.008790 36.443356 8.236724
v 7.095095 36.552776 8.319129
v 6.206555 36.520866 8.258054
v 6.214369 36.522141 8.272114
v 6.222768 36.523808 8.285789
v 6.231732 36.525867 8.299047
v 6.241240 36.528313 8.311854
v 6.251264 36.531139 8.324178
v 6.261784 36.534344 8.335987
v 6.272769 36.537907 8.347254
v 6.284197 36.541828 8.357949
v 6.296037 36.546097 8.368047
v 6.308259 36.550705 8.377522
v 6.320833 36.555634 8.386349
v 6.333727 36.560879 8.394510
v 6.346911 36.566418 8.401981
v 6.360353 36.572247 8.408747
v 6.374014 36.578346 8.414787
v 6.387866 36.584702 8.420089
v 6.401873 36.591297 8.424638
v 6.415998 36.598114 8.428424
v 6.430208 36.605141 8.431437
v 6.444467 36.612358 8.433670
v 6.458738 36.619743 8.435116
v 6.472990 36.627285 8.435773
v 6.487183 36.634956 8.435639
v 6.501283 36.642746 8.434714
v 6.515254 36.650631 8.433001
v 6.529066 36.658592 8.430503
v 6.542678 36.666611 8.427227
v 6.556062 36.674667 8.423182
v 6.569180 36.682739 8.418376
v 6.582004 36.690807 8.412823
v 6.594498 36.698853 8.406535
v 6.606633 36.706856 8.399529
v 6.618378 36.714790 8.391823
v 6.629704 36.722645 8.383433
v 6.640584 36.730400 8.374383
v 6.650990 36.738029 8.364695
v 6.660894 36.745518 8.354391
v 6.670276 36.752846 8.343500
v 6.679110 36.759998 8.332046
v 6.687373 36.766956 8.320059
v 6.695045 36.773697 8.307569
v 6.702109 36.780212 8.294605
v 6.708547 36.786480 8.281202
v 6.714341 36.792484 8.267393
v 6.719477 36.798218 8.253210
v 6.723944 36.803654 8.238690
v 6.727727 36.808792 8.223869
v 6.730823 36.813610 8.208784
v 6.733219 36.818100 8.193472
v 6.734910 36.822247 8.177971
v 6.735894 36.826046 8.162320
v 6.736166 36.829487 8.146558
v 6.735725 36.832558 8.130723
v 6.734577 36.835255 8.114856
v 6.732718 36.837566 8.098995
v 6.730157 36.839493 8.083180
v 6.726901 36.841019 8.067451
v 6.722955 36.842155 8.051847
v 6.718329 36.842888 8.036406
v 6.713037 36.843224 8.021166
v 6.707091 36.843151 8.006166
v 6.700507 36.842678 7.991444
v 6.693297 36.841805 7.977034
v 6.685484 36.840534 7.962974
v 6.677084 36.838863 7.949297
v 6.668121 36.836803 7.936041
v 6.658615 36.834358 7.923234
v 6.648590 36.831532 7.910911
v 6.638071 36.828331 7.899101
v 6.627083 36.824764 7.887834
v 6.615655 36.820843 7.877139
v 6.603817 36.816574 7.867042
v 6.591595 36.811970 7.857567
v 6.579021 36.807041 7.848739
v 6.566125 36.801796 7.840578
v 6.552941 36.796253 7.833106
v 6.539502 36.790428 7.826342
v 6.525838 36.784328 7.820301
v 6.511987 36.777973 7.814999
v 6.497982 36.771378 7.810450
v 6.483856 36.764557 7.806664
v 6.469646 36.757534 7.803651
v 6.455388 36.750320 7.801419
v 6.441114 36.742935 7.799972
v 6.426865 36.735394 7.799314
v 6.412673 36.727718 7.799448
v 6.398571 36.719929 7.800374
v 6.384599 36.712044 7.802087
v 6.370789 36.704082 7.804585
v 6.357174 36.696064 7.807861
v 6.343791 36.688007 7.811906
v 6.330673 36.679935 7.816711
v 6.317851 36.671867 7.822265
v 6.305357 36.663822 7.828553
v 6.293221 36.655819 7.835559
v 6.281476 36.647881 7.843266
v 6.270150 36.640026 7.851655
v 6.259270 36.632278 7.860705
v 6.248865 36.624645 7.870394
v 6.238958 36.617157 7.880697
v 6.229578 36.609825 7.891589
v 6.220745 36.602676 7.903043
v 6.212481 36.595718 7.915029
v 6.204809 36.588978 7.927520
v 6.197743 36.582462 7.940483
v 6.191308 36.576195 7.953886
v 6.185513 36.570187 7.967696
v 6.180377 36.564457 7.981878
v 6.175910 36.559021 7.996397
v 6.172125 36.553883 8.011218
v 6.169032 36.549065 8.026303
v 6.166636 36.544575 8.041615
v 6.164944 36.540424 8.057117
v 6.163960 36.536625 8.072767
v 6.163688 36.533188 8.088530
v 6.164127 36.530117 8.104364
v 6.165277 36.527420 8.120232
v 6.167134 36.525108 8.136092
v 6.169695 36.523186 8.151907
v 6.172953 36.521652 8.167637
v 6.176898 36.520519 8.183241
v 6.181523 36.519783 8.198682
v 6.186816 36.519451 8.213922
v 6.192761 36.519524 8.228922
v 6.199347 36.519993 8.243645
v 6.383145 36.584713 8.407854
v 6.396629 36.590981 8.412622
v 6.369829 36.578686 8.402364
v 6.410244 36.597477 8.416656
v 6.356709 36.572914 8.396167
v 6.423960 36.604176 8.419948
v 6.343822 36.567410 8.389276
v 6.437739 36.611069 8.422486
v 6.331200 36.562187 8.381710
v 6.451550 36.618137 8.424267
v 6.318872 36.557262 8.373487
v 6.465354 36.625362 8.425285
v 6.306870 36.552650 8.364628
v 6.479122 36.632729 8.425538
v 6.295225 36.548355 8.355154
v 6.492816 36.640209 8.425026
v 6.283963 36.544388 8.345090
v 6.506403 36.647797 8.423749
v 6.273114 36.540764 8.334459
v 6.519852 36.655464 8.421711
v 6.262704 36.537491 8.323290
v 6.533125 36.663200 8.418918
v 6.252760 36.534573 8.311609
v 6.546193 36.670982 8.415373
v 6.243307 36.532021 8.299446
v 6.559021 36.678787 8.411089
v 6.234366 36.529839 8.286830
v 6.571577 36.686600 8.406075
v 6.225963 36.528034 8.273794
v 6.583830 36.694401 8.400343
v 6.218114 36.526611 8.260369
v 6.595751 36.702164 8.393909
v 6.210845 36.525574 8.246590
v 6.607309 36.709881 8.386787
v 6.204167 36.524921 8.232489
v 6.618476 36.717522 8.378997
v 6.198102 36.524658 8.218102
v 6.629224 36.725079 8.370556
v 6.192663 36.524788 8.203465
v 6.639527 36.732525 8.361485
v 6.187862 36.525303 8.188615
v 6.649357 36.739841 8.351810
v 6.183713 36.526207 8.173589
v 6.658693 36.747013 8.341551
v 6.180228 36.527496 8.158422
v 6.667510 36.754025 8.330734
v 6.177412 36.529167 8.143155
v 6.675786 36.760853 8.319388
v 6.175272 36.531219 8.127823
v 6.683498 36.767483 8.307542
v 6.173818 36.533642 8.112466
v 6.690630 36.773899 8.295221
v 6.173048 36.536434 8.097121
v 6.697165 36.780087 8.282459
v 6.172967 36.539585 8.081828
v 6.703085 36.786026 8.269288
v 6.173574 36.543087 8.066623
v 6.708376 36.791706 8.255739
v 6.174870 36.546936 8.051545
v 6.713025 36.797112 8.241847
v 6.176847 36.551121 8.036631
v 6.717019 36.802231 8.227645
v 6.179505 36.555626 8.021917
v 6.720347 36.807049 8.213170
v 6.182836 36.560444 8.007442
v 6.723005 36.811558 8.198457
v 6.186830 36.565559 7.993241
v 6.724985 36.815735 8.183543
v 6.191476 36.570969 7.979349
v 6.726278 36.819584 8.168465
v 6.196767 36.576649 7.965800
v 6.726887 36.823090 8.153260
v 6.202688 36.582588 7.952628
v 6.726806 36.826237 8.137966
v 6.209222 36.588776 7.939867
v 6.726037 36.829029 8.122622
v 6.216355 36.595192 7.927547
v 6.724580 36.831451 8.107265
v 6.224069 36.601822 7.915699
v 6.722443 36.833504 8.091933
v 6.232344 36.608650 7.904353
v 6.719625 36.835178 8.076665
v 6.241159 36.615662 7.893538
v 6.716139 36.836468 8.061499
v 6.250495 36.622833 7.883279
v 6.711990 36.837372 8.046473
v 6.260325 36.630150 7.873603
v 6.707191 36.837887 8.031622
v 6.270628 36.637596 7.864532
v 6.701752 36.838017 8.016985
v 6.281376 36.645149 7.856091
v 6.695686 36.837753 8.002599
v 6.292543 36.652794 7.848300
v 6.689010 36.837101 7.988499
v 6.304102 36.660507 7.841179
v 6.681738 36.836060 7.974719
v 6.316023 36.668274 7.834744
v 6.673892 36.834641 7.961294
v 6.328278 36.676075 7.829014
v 6.665486 36.832836 7.948257
v 6.340834 36.683887 7.824000
v 6.656548 36.830654 7.935643
v 6.353662 36.691692 7.819715
v 6.647092 36.828102 7.923479
v 6.366727 36.699474 7.816172
v 6.637148 36.825184 7.911798
v 6.380002 36.707207 7.813376
v 6.626740 36.821907 7.900628
v 6.393449 36.714878 7.811338
v 6.615891 36.818283 7.889998
v 6.407038 36.722466 7.810061
v 6.604630 36.814320 7.879935
v 6.420732 36.729950 7.809550
v 6.592984 36.810024 7.870461
v 6.434500 36.737316 7.809803
v 6.580982 36.805408 7.861602
v 6.448305 36.744541 7.810821
v 6.568654 36.800484 7.853379
v 6.462113 36.751610 7.812602
v 6.556031 36.795265 7.845813
v 6.475893 36.758499 7.815141
v 6.543145 36.789761 7.838922
v 6.489608 36.765202 7.818432
v 6.530025 36.783989 7.832724
v 6.503223 36.771694 7.822466
v 6.516707 36.777962 7.827234
v 6.488621 36.901016 8.435449
v 6.322336 36.805759 8.462594
v 6.163866 36.738930 8.373808
v 6.073740 36.726059 8.203005
v 6.086386 36.772053 8.015425
v 6.196970 36.859356 7.882719
v 6.363256 36.954617 7.855575
v 6.521728 37.021439 7.944361
v 6.611851 37.034313 8.115163
v 6.599205 36.988316 8.302742
v 6.196953 36.878822 7.904920
v 6.352153 36.967731 7.879586
v 6.500059 37.030102 7.962451
v 6.584176 37.042114 8.121867
v 6.572372 36.999184 8.296941
v 6.469160 36.917706 8.420801
v 6.313961 36.828800 8.446136
v 6.166055 36.766426 8.363269
v 6.081939 36.754406 8.203854
v 6.093740 36.797340 8.028780
v 6.373226 36.958481 7.978199
v 6.482220 36.996616 8.076741
v 6.240702 36.885071 7.987830
v 6.503836 36.977135 8.225730
v 6.162278 36.819389 8.099990
v 6.425413 36.911457 8.337892
v 6.183894 36.799911 8.248980
v 6.292888 36.838047 8.347522
v 6.185318 36.834595 8.056345
v 6.269893 36.860039 8.009801
v 6.190568 36.797886 8.245610
v 6.340864 36.856812 8.351134
v 6.425438 36.882259 8.304590
v 6.485907 36.952446 8.267393
v 6.561265 36.812569 8.238173
v 6.416222 36.716938 8.321914
v 6.265927 36.658009 8.216390
v 6.260675 36.694721 8.027124
v 6.405718 36.790356 7.943385
v 6.330360 36.930229 7.972605
v 6.480656 36.989151 8.078129
v 6.556014 36.849281 8.048909
v 6.300323 36.680691 8.196531
v 6.296317 36.708694 8.052149
v 6.406963 36.781651 7.988266
v 6.414977 36.725643 8.277032
v 6.521617 36.826599 8.068767
v 6.525623 36.798595 8.213149
v 6.418644 36.720001 8.267326
v 6.310499 36.677601 8.191395
v 6.523012 36.788815 8.207069
v 6.519233 36.815228 8.070882
v 6.411087 36.772831 7.994952
v 6.306719 36.704014 8.055208
v 7.002295 35.918606 7.883574
v 6.894149 35.876202 7.807644
v 6.789783 35.807388 7.867900
v 6.793561 35.780972 8.004086
v 6.901708 35.823376 8.080018
v 7.006073 35.892189 8.019762
v 6.936826 35.777588 7.928749
v 7.666781 37.483688 7.414993
v 7.674595 37.484962 7.429053
v 7.682994 37.486629 7.442728
v 7.691958 37.488689 7.455986
v 7.701466 37.491135 7.468792
v 7.711491 37.493965 7.481116
v 7.722010 37.497162 7.492926
v 7.732996 37.500729 7.504192
v 7.744423 37.504650 7.514888
v 7.756262 37.508919 7.524985
v 7.768485 37.513527 7.534460
v 7.781058 37.518456 7.543289
v 7.793953 37.523701 7.551449
v 7.807137 37.529240 7.558919
v 7.820579 37.535069 7.565685
v 7.834240 37.541168 7.571726
v 7.848093 37.547523 7.577027
v 7.862099 37.554119 7.581577
v 7.876225 37.560936 7.585361
v 7.890433 37.567963 7.588375
v 7.904693 37.575180 7.590608
v 7.918964 37.582565 7.592054
v 7.933216 37.590107 7.592710
v 7.947409 37.597782 7.592577
v 7.961509 37.605572 7.591653
v 7.975482 37.613457 7.589939
v 7.989292 37.621422 7.587440
v 8.002904 37.629436 7.584166
v 8.016287 37.637493 7.580120
v 8.029408 37.645565 7.575314
v 8.042229 37.653633 7.569761
v 8.054723 37.661678 7.563474
v 8.066858 37.669682 7.556468
v 8.078603 37.677616 7.548759
v 8.089930 37.685471 7.540370
v 8.100809 37.693226 7.531321
v 8.111215 37.700855 7.521633
v 8.121120 37.708344 7.511330
v 8.130501 37.715672 7.500438
v 8.139335 37.722824 7.488984
v 8.147598 37.729782 7.476998
v 8.155271 37.736526 7.464507
v 8.162334 37.743038 7.451544
v 8.168772 37.749306 7.438141
v 8.174565 37.755314 7.424332
v 8.179702 37.761044 7.410148
v 8.184169 37.766479 7.395628
v 8.187953 37.771618 7.380808
v 8.191048 37.776436 7.365723
v 8.193443 37.780922 7.350410
v 8.195136 37.785076 7.334909
v 8.196119 37.788872 7.319259
v 8.196391 37.792313 7.303496
v 8.195951 37.795383 7.287661
v 8.194802 37.798080 7.271794
v 8.192944 37.800392 7.255934
v 8.190383 37.802319 7.240119
v 8.187126 37.803848 7.224390
v 8.183180 37.804981 7.208785
v 8.178555 37.805717 7.193344
v 8.173265 37.806049 7.178103
v 8.167317 37.805981 7.163104
v 8.160731 37.805504 7.148381
v 8.153523 37.804634 7.133972
v 8.145710 37.803360 7.119912
v 8.137310 37.801693 7.106236
v 8.128346 37.799629 7.092978
v 8.118840 37.797188 7.080172
v 8.108815 37.794357 7.067849
v 8.098295 37.791161 7.056039
v 8.087309 37.787594 7.044772
v 8.075881 37.783672 7.034078
v 8.064042 37.779404 7.023980
v 8.051820 37.774796 7.014504
v 8.039246 37.769867 7.005677
v 8.026351 37.764622 6.997516
v 8.013166 37.759079 6.990044
v 7.999728 37.753254 6.983280
v 7.986064 37.747154 6.977239
v 7.972212 37.740799 6.971938
v 7.958208 37.734203 6.967388
v 7.944081 37.727386 6.963602
v 7.929873 37.720360 6.960588
v 7.915614 37.713142 6.958357
v 7.901340 37.705757 6.956910
v 7.887091 37.698215 6.956253
v 7.872899 37.690540 6.956387
v 7.858798 37.682751 6.957312
v 7.844824 37.674866 6.959024
v 7.831015 37.666901 6.961523
v 7.817400 37.658886 6.964798
v 7.804018 37.650829 6.968843
v 7.790898 37.642757 6.973650
v 7.778077 37.634689 6.979204
v 7.765583 37.626644 6.985491
v 7.753447 37.618641 6.992496
v 7.741702 37.610706 7.000204
v 7.730375 37.602852 7.008593
v 7.719495 37.595097 7.017642
v 7.709091 37.587467 7.027332
v 7.699184 37.579979 7.037635
v 7.689805 37.572651 7.048527
v 7.680971 37.565498 7.059981
v 7.672708 37.558540 7.071967
v 7.665034 37.551796 7.084458
v 7.657969 37.545284 7.097421
v 7.651534 37.539017 7.110824
v 7.645740 37.533009 7.124634
v 7.640604 37.527279 7.138816
v 7.636137 37.521843 7.153336
v 7.632351 37.516705 7.168157
v 7.629258 37.511887 7.183242
v 7.626862 37.507397 7.198554
v 7.625170 37.503246 7.214055
v 7.624187 37.499451 7.229706
v 7.623913 37.496010 7.245468
v 7.624353 37.492939 7.261302
v 7.625504 37.490242 7.277171
v 7.627360 37.487930 7.293031
v 7.629921 37.486004 7.308846
v 7.633179 37.484474 7.324574
v 7.637125 37.483341 7.340178
v 7.641749 37.482605 7.355621
v 7.647041 37.482273 7.370860
v 7.652987 37.482342 7.385859
v 7.659574 37.482819 7.400583
v 7.843371 37.547535 7.564793
v 7.856855 37.553802 7.569560
v 7.830055 37.541508 7.559303
v 7.870471 37.560299 7.573595
v 7.816936 37.535732 7.553105
v 7.884185 37.566998 7.576886
v 7.804049 37.530231 7.546214
v 7.897965 37.573891 7.579425
v 7.791426 37.525013 7.538648
v 7.911776 37.580959 7.581206
v 7.779099 37.520088 7.530425
v 7.925581 37.588184 7.582224
v 7.767097 37.515472 7.521564
v 7.939348 37.595551 7.582477
v 7.755451 37.511177 7.512092
v 7.953043 37.603035 7.581964
v 7.744188 37.507214 7.502028
v 7.966630 37.610622 7.580688
v 7.733339 37.503590 7.491398
v 7.980078 37.618294 7.578649
v 7.722930 37.500313 7.480227
v 7.993351 37.626026 7.575855
v 7.712986 37.497395 7.468548
v 8.006417 37.633808 7.572310
v 7.703533 37.494843 7.456385
v 8.019245 37.641613 7.568027
v 7.694592 37.492664 7.443769
v 8.031801 37.649426 7.563013
v 7.686189 37.490860 7.430733
v 8.044056 37.657227 7.557281
v 7.678340 37.489433 7.417308
v 8.055977 37.664989 7.550847
v 7.671071 37.488396 7.403528
v 8.067534 37.672707 7.543725
v 7.664393 37.487743 7.389427
v 8.078702 37.680351 7.535934
v 7.658329 37.487480 7.375040
v 8.089450 37.687904 7.527493
v 7.652888 37.487610 7.360404
v 8.099752 37.695351 7.518424
v 7.648088 37.488125 7.345554
v 8.109584 37.702667 7.508748
v 7.643939 37.489029 7.330527
v 8.118918 37.709843 7.498488
v 7.640453 37.490318 7.315361
v 8.127735 37.716850 7.487673
v 7.637638 37.491993 7.300094
v 8.136010 37.723679 7.476326
v 7.635499 37.494041 7.284761
v 8.143723 37.730309 7.464479
v 7.634044 37.496464 7.269403
v 8.150857 37.736725 7.452160
v 7.633275 37.499256 7.254060
v 8.157393 37.742912 7.439398
v 7.633193 37.502407 7.238767
v 8.163312 37.748852 7.426227
v 7.633801 37.505913 7.223562
v 8.168602 37.754532 7.412678
v 7.635097 37.509758 7.208484
v 8.173250 37.759937 7.398785
v 7.637074 37.513943 7.193569
v 8.177243 37.765060 7.384583
v 7.639731 37.518448 7.178856
v 8.180573 37.769875 7.370108
v 7.643062 37.523262 7.164381
v 8.183230 37.774380 7.355395
v 7.647056 37.528385 7.150178
v 8.185209 37.778564 7.340482
v 7.651702 37.533791 7.136287
v 8.186504 37.782410 7.325404
v 7.656993 37.539471 7.122738
v 8.187112 37.785915 7.310199
v 7.662913 37.545410 7.109566
v 8.187031 37.789066 7.294905
v 7.669448 37.551598 7.096805
v 8.186261 37.791859 7.279560
v 7.676581 37.558014 7.084485
v 8.184806 37.794281 7.264203
v 7.684296 37.564644 7.072637
v 8.182668 37.796329 7.248872
v 7.692570 37.571472 7.061292
v 8.179851 37.798004 7.233603
v 7.701385 37.578480 7.050476
v 8.176365 37.799294 7.218438
v 7.710721 37.585655 7.040216
v 8.172216 37.800198 7.203411
v 7.720551 37.592972 7.030540
v 8.167417 37.800713 7.188560
v 7.730855 37.600418 7.021471
v 8.161978 37.800842 7.173923
v 7.741602 37.607971 7.013030
v 8.155911 37.800579 7.159538
v 7.752769 37.615616 7.005239
v 8.149235 37.799927 7.145437
v 7.764328 37.623333 6.998116
v 8.141964 37.798889 7.131657
v 7.776249 37.631096 6.991683
v 8.134117 37.797462 7.118232
v 7.788504 37.638897 6.985952
v 8.125712 37.795658 7.105196
v 7.801060 37.646709 6.980937
v 8.116773 37.793480 7.092581
v 7.813888 37.654514 6.976654
v 8.107318 37.790928 7.080417
v 7.826953 37.662296 6.973110
v 8.097375 37.788010 7.068736
v 7.840228 37.670029 6.970315
v 8.086967 37.784733 7.057567
v 7.853675 37.677700 6.968277
v 8.076118 37.781109 7.046937
v 7.867263 37.685287 6.967000
v 8.064855 37.777145 7.036873
v 7.880959 37.692772 6.966488
v 8.053208 37.772850 7.027399
v 7.894725 37.700138 6.966741
v 8.041206 37.768234 7.018539
v 7.908531 37.707363 6.967759
v 8.028879 37.763309 7.010317
v 7.922339 37.714432 6.969540
v 8.016255 37.758091 7.002751
v 7.936120 37.721325 6.972079
v 8.003369 37.752590 6.995860
v 7.949834 37.728024 6.975369
v 7.990252 37.746815 6.989662
v 7.963450 37.734520 6.979403
v 7.976934 37.740788 6.984172
v 7.948846 37.863838 7.592387
v 7.782561 37.768581 7.619532
v 7.624092 37.701752 7.530746
v 7.533967 37.688877 7.359944
v 7.546611 37.734879 7.172364
v 7.657197 37.822178 7.039657
v 7.823483 37.917439 7.012513
v 7.981954 37.984264 7.101299
v 8.072078 37.997143 7.272100
v 8.059431 37.951141 7.459680
v 7.657179 37.841644 7.061859
v 7.812380 37.930553 7.036524
v 7.960286 37.992928 7.119390
v 8.044401 38.004944 7.278806
v 8.032598 37.962009 7.453880
v 7.929386 37.880527 7.577740
v 7.774187 37.791622 7.603074
v 7.626280 37.729244 7.520208
v 7.542164 37.717232 7.360792
v 7.553967 37.760162 7.185718
v 7.833453 37.921303 7.135137
v 7.700928 37.847893 7.144768
v 7.942447 37.959438 7.233680
v 7.622504 37.782211 7.256927
v 7.964063 37.939960 7.382668
v 7.644120 37.762733 7.405918
v 7.885639 37.874279 7.494830
v 7.753115 37.800869 7.504460
v 7.645544 37.797417 7.213284
v 7.730119 37.822861 7.166739
v 7.650795 37.760704 7.402549
v 7.801091 37.819633 7.508073
v 7.885664 37.845081 7.461529
v 7.946134 37.915272 7.424332
v 8.021490 37.775398 7.395112
v 7.876448 37.679760 7.478853
v 7.726153 37.620834 7.373329
v 7.720901 37.657543 7.184062
v 7.865944 37.753178 7.100323
v 7.790586 37.893051 7.129543
v 7.940882 37.951981 7.235067
v 8.016238 37.812107 7.205848
v 7.760549 37.643513 7.353470
v 7.756543 37.671516 7.209088
v 7.867189 37.744473 7.145205
v 7.875203 37.688465 7.433969
v 7.981843 37.789425 7.225705
v 7.985849 37.761425 7.370088
v 7.770724 37.640423 7.348334
v 7.878870 37.682823 7.424264
v 7.983238 37.751640 7.364007
v 7.979458 37.778053 7.227821
v 7.871313 37.735653 7.151890
v 7.766945 37.666836 7.212147
v 8.462521 36.881432 7.040513
v 8.354375 36.839027 6.964581
v 8.250009 36.770214 7.024837
v 8.253787 36.743801 7.161025
v 8.361933 36.786201 7.236956
v 8.466300 36.855019 7.176700
v 8.397051 36.740414 7.085687
v 8.570892 37.612839 9.128454
v 8.578706 37.614109 9.142514
v 8.587105 37.615780 9.156190
v 8.596069 37.617840 9.169448
v 8.605577 37.620285 9.182254
v 8.615601 37.623112 9.194578
v 8.626122 37.626312 9.206388
v 8.637107 37.629879 9.217653
v 8.648535 37.633801 9.228349
v 8.660374 37.638069 9.238446
v 8.672596 37.642673 9.247922
v 8.685170 37.647606 9.256750
v 8.698065 37.652847 9.264910
v 8.711249 37.658390 9.272382
v 8.724689 37.664219 9.279146
v 8.738352 37.670319 9.285187
v 8.752204 37.676670 9.290488
v 8.766210 37.683266 9.295037
v 8.780334 37.690086 9.298823
v 8.794544 37.697113 9.301837
v 8.808803 37.704327 9.304070
v 8.823075 37.711716 9.305516
v 8.837325 37.719257 9.306173
v 8.851519 37.726929 9.306039
v 8.865620 37.734722 9.305114
v 8.879592 37.742607 9.303401
v 8.893402 37.750568 9.300903
v 8.907016 37.758587 9.297627
v 8.920399 37.766640 9.293582
v 8.933517 37.774712 9.288776
v 8.946342 37.782784 9.283223
v 8.958835 37.790829 9.276935
v 8.970969 37.798828 9.269929
v 8.982715 37.806767 9.262222
v 8.994041 37.814621 9.253833
v 9.004920 37.822372 9.244783
v 9.015326 37.830002 9.235095
v 9.025231 37.837494 9.224792
v 9.034613 37.844822 9.213900
v 9.043446 37.851974 9.202446
v 9.051709 37.858929 9.190459
v 9.059382 37.865673 9.177969
v 9.066446 37.872185 9.165005
v 9.072883 37.878452 9.151603
v 9.078677 37.884460 9.137793
v 9.083814 37.890190 9.123610
v 9.088280 37.895630 9.109090
v 9.092065 37.900764 9.094270
v 9.095159 37.905582 9.079185
v 9.097555 37.910072 9.063871
v 9.099247 37.914223 9.048371
v 9.100230 37.918022 9.032720
v 9.100503 37.921459 9.016957
v 9.100063 37.924534 9.001122
v 9.098913 37.927227 8.985255
v 9.097055 37.929539 8.969394
v 9.094495 37.931465 8.953580
v 9.091237 37.932995 8.937852
v 9.087292 37.934132 8.922247
v 9.082667 37.934864 8.906805
v 9.077374 37.935196 8.891566
v 9.071428 37.935127 8.876566
v 9.064843 37.934654 8.861843
v 9.057634 37.933781 8.847434
v 9.049821 37.932510 8.833373
v 9.041422 37.930840 8.819697
v 9.032458 37.928780 8.806439
v 9.022952 37.926334 8.793633
v 9.012926 37.923508 8.781310
v 9.002407 37.920307 8.769501
v 8.991421 37.916740 8.758234
v 8.979993 37.912819 8.747540
v 8.968154 37.908550 8.737441
v 8.955932 37.903946 8.727966
v 8.943357 37.899017 8.719137
v 8.930463 37.893772 8.710978
v 8.917278 37.888229 8.703506
v 8.903838 37.882401 8.696741
v 8.890175 37.876301 8.690701
v 8.876324 37.869949 8.685399
v 8.862318 37.863354 8.680850
v 8.848192 37.856533 8.677064
v 8.833983 37.849506 8.674051
v 8.819724 37.842293 8.671819
v 8.805452 37.834904 8.670372
v 8.791202 37.827366 8.669715
v 8.777009 37.819691 8.669848
v 8.762908 37.811901 8.670774
v 8.748935 37.804012 8.672487
v 8.735125 37.796051 8.674985
v 8.721512 37.788033 8.678261
v 8.708128 37.779980 8.682306
v 8.695009 37.771904 8.687111
v 8.682187 37.763840 8.692665
v 8.669692 37.755791 8.698952
v 8.657557 37.747791 8.705959
v 8.645813 37.739853 8.713666
v 8.634486 37.731998 8.722054
v 8.623607 37.724247 8.731105
v 8.613201 37.716618 8.740793
v 8.603295 37.709126 8.751097
v 8.593914 37.701797 8.761989
v 8.585081 37.694645 8.773441
v 8.576818 37.687691 8.785429
v 8.569144 37.680946 8.797919
v 8.562081 37.674435 8.810882
v 8.555644 37.668167 8.824285
v 8.549850 37.662159 8.838095
v 8.544714 37.656429 8.852278
v 8.540247 37.650990 8.866797
v 8.536463 37.645855 8.881618
v 8.533368 37.641037 8.896704
v 8.530971 37.636547 8.912016
v 8.529280 37.632397 8.927516
v 8.528296 37.628597 8.943169
v 8.528025 37.625156 8.958930
v 8.528463 37.622086 8.974765
v 8.529613 37.619392 8.990632
v 8.531471 37.617077 9.006493
v 8.534032 37.615154 9.022307
v 8.537290 37.613625 9.038036
v 8.541235 37.612492 9.053641
v 8.545860 37.611755 9.069082
v 8.551152 37.611423 9.084322
v 8.557098 37.611492 9.099321
v 8.563684 37.611965 9.114045
v 8.747482 37.676685 9.278254
v 8.760965 37.682953 9.283022
v 8.734165 37.670658 9.272764
v 8.774582 37.689445 9.287057
v 8.721046 37.664883 9.266566
v 8.788297 37.696148 9.290347
v 8.708159 37.659378 9.259676
v 8.802076 37.703037 9.292886
v 8.695537 37.654160 9.252110
v 8.815885 37.710110 9.294667
v 8.683209 37.649235 9.243887
v 8.829691 37.717335 9.295686
v 8.671207 37.644619 9.235027
v 8.843458 37.724697 9.295938
v 8.659561 37.640327 9.225554
v 8.857153 37.732182 9.295426
v 8.648299 37.636360 9.215489
v 8.870741 37.739769 9.294148
v 8.637451 37.632736 9.204860
v 8.884189 37.747440 9.292110
v 8.627041 37.629459 9.193690
v 8.897462 37.755177 9.289316
v 8.617097 37.626541 9.182011
v 8.910529 37.762955 9.285772
v 8.607643 37.623993 9.169847
v 8.923357 37.770763 9.281488
v 8.598703 37.621811 9.157230
v 8.935913 37.778576 9.276474
v 8.590299 37.620007 9.144194
v 8.948167 37.786373 9.270743
v 8.582452 37.618584 9.130769
v 8.960088 37.794140 9.264309
v 8.575181 37.617542 9.116989
v 8.971646 37.801857 9.257187
v 8.568504 37.616894 9.102889
v 8.982814 37.809498 9.249396
v 8.562438 37.616631 9.088502
v 8.993562 37.817051 9.240955
v 8.556999 37.616756 9.073866
v 9.003864 37.824497 9.231885
v 8.552198 37.617275 9.059015
v 9.013695 37.831818 9.222209
v 8.548051 37.618179 9.043988
v 9.023030 37.838989 9.211950
v 8.544564 37.619469 9.028822
v 9.031846 37.845997 9.201134
v 8.541748 37.621140 9.013555
v 9.040121 37.852829 9.189789
v 8.539609 37.623192 8.998223
v 9.047835 37.859455 9.177941
v 8.538155 37.625614 8.982866
v 9.054968 37.865875 9.165621
v 8.537384 37.628407 8.967521
v 9.061502 37.872059 9.152861
v 8.537304 37.631557 8.952229
v 9.067423 37.878002 9.139688
v 8.537911 37.635059 8.937023
v 9.072714 37.883682 9.126140
v 8.539207 37.638908 8.921946
v 9.077361 37.889088 9.112247
v 8.541185 37.643089 8.907031
v 9.081355 37.894207 9.098045
v 8.543842 37.647594 8.892318
v 9.084685 37.899025 9.083570
v 8.547174 37.652412 8.877842
v 9.087342 37.903530 9.068857
v 8.551166 37.657532 8.863641
v 9.089321 37.907711 9.053942
v 8.555814 37.662937 8.849749
v 9.090615 37.911560 9.038864
v 8.561104 37.668617 8.836200
v 9.091224 37.915062 9.023661
v 8.567024 37.674557 8.823028
v 9.091143 37.918213 9.008366
v 8.573559 37.680748 8.810266
v 9.090373 37.921005 8.993022
v 8.580691 37.687164 8.797947
v 9.088918 37.923428 8.977664
v 8.588406 37.693794 8.786098
v 9.086780 37.925480 8.962333
v 8.596681 37.700623 8.774753
v 9.083963 37.927151 8.947065
v 8.605497 37.707630 8.763937
v 9.080477 37.928440 8.931899
v 8.614832 37.714802 8.753678
v 9.076328 37.929348 8.916872
v 8.624663 37.722118 8.744002
v 9.071527 37.929863 8.902022
v 8.634965 37.729568 8.734933
v 9.066089 37.929989 8.887385
v 8.645714 37.737122 8.726492
v 9.060022 37.929726 8.872999
v 8.656880 37.744766 8.718700
v 9.053346 37.929077 8.858899
v 8.668439 37.752480 8.711579
v 9.046075 37.928036 8.845119
v 8.680360 37.760246 8.705145
v 9.038228 37.926613 8.831694
v 8.692616 37.768047 8.699413
v 9.029824 37.924809 8.818657
v 8.705171 37.775856 8.694400
v 9.020885 37.922626 8.806042
v 8.717999 37.783665 8.690116
v 9.011430 37.920074 8.793879
v 8.731065 37.791443 8.686572
v 9.001486 37.917160 8.782197
v 8.744339 37.799179 8.683777
v 8.991077 37.913883 8.771029
v 8.757787 37.806847 8.681739
v 8.980227 37.910259 8.760398
v 8.771375 37.814438 8.680462
v 8.968966 37.906296 8.750335
v 8.785069 37.821922 8.679949
v 8.957319 37.902000 8.740861
v 8.798836 37.829285 8.680202
v 8.945318 37.897385 8.732001
v 8.812642 37.836510 8.681221
v 8.932990 37.892460 8.723779
v 8.826451 37.843578 8.683002
v 8.920367 37.887238 8.716212
v 8.840230 37.850471 8.685541
v 8.907480 37.881737 8.709322
v 8.853946 37.857174 8.688831
v 8.894362 37.875965 8.703123
v 8.867561 37.863667 8.692866
v 8.881044 37.869938 8.697634
v 8.852958 37.992989 9.305849
v 8.686672 37.897732 9.332994
v 8.528202 37.830902 9.244207
v 8.438077 37.818027 9.073405
v 8.450723 37.864025 8.885826
v 8.561309 37.951328 8.753119
v 8.727593 38.046585 8.725974
v 8.886064 38.113415 8.814760
v 8.976188 38.126289 8.985563
v 8.963543 38.080288 9.173142
v 8.561291 37.970795 8.775320
v 8.716491 38.059700 8.749985
v 8.864396 38.122074 8.832851
v 8.948512 38.134090 8.992268
v 8.936709 38.091160 9.167341
v 8.833496 38.009678 9.291201
v 8.678296 37.920769 9.316536
v 8.530391 37.858395 9.233669
v 8.446275 37.846378 9.074253
v 8.458077 37.889313 8.899179
v 8.737563 38.050453 8.848599
v 8.605039 37.977043 8.858228
v 8.846557 38.088589 8.947142
v 8.868173 38.069107 9.096130
v 8.526614 37.911362 8.970390
v 8.548230 37.891880 9.119380
v 8.789749 38.003429 9.208291
v 8.657225 37.930016 9.217921
v 8.549655 37.926563 8.926745
v 8.634230 37.952011 8.880201
v 8.554906 37.889854 9.116010
v 8.705200 37.948780 9.221534
v 8.789775 37.974228 9.174991
v 8.850245 38.044422 9.137794
v 8.925602 37.904545 9.108574
v 8.780559 37.808910 9.192314
v 8.630264 37.749981 9.086790
v 8.625012 37.786690 8.897525
v 8.770056 37.882328 8.813785
v 8.694697 38.022198 8.843004
v 8.844993 38.081127 8.948529
v 8.920350 37.941257 8.919308
v 8.664660 37.772663 9.066932
v 8.660653 37.800667 8.922549
v 8.771301 37.873623 8.858666
v 8.779313 37.817612 9.147432
v 8.885955 37.918575 8.939167
v 8.889961 37.890572 9.083549
v 8.782981 37.811974 9.137726
v 8.674835 37.769569 9.061795
v 8.887348 37.880791 9.077470
v 8.883570 37.907204 8.941282
v 8.775424 37.864799 8.865351
v 8.671057 37.795986 8.925607
v 9.366632 37.010578 8.753974
v 9.258486 36.968178 8.678043
v 9.154119 36.899361 8.738300
v 9.157897 36.872948 8.874487
v 9.266043 36.915348 8.950418
v 9.370411 36.984165 8.890162
v 9.301162 36.869564 8.799149
v 7.110667 36.650013 9.971517
v 7.118481 36.651287 9.985577
v 7.126880 36.652950 9.999252
v 7.135844 36.655014 10.012510
v 7.145350 36.657459 10.025316
v 7.155375 36.660286 10.037640
v 7.165895 36.663486 10.049449
v 7.176881 36.667049 10.060715
v 7.188310 36.670975 10.071411
v 7.200149 36.675243 10.081509
v 7.212370 36.679852 10.090983
v 7.224945 36.684780 10.099812
v 7.237840 36.690022 10.107972
v 7.251023 36.695564 10.115444
v 7.264463 36.701389 10.122209
v 7.278127 36.707489 10.128249
v 7.291977 36.713844 10.133551
v 7.305984 36.720440 10.138099
v 7.320108 36.727261 10.141886
v 7.334319 36.734287 10.144898
v 7.348577 36.741505 10.147131
v 7.362851 36.748890 10.148579
v 7.377100 36.756432 10.149235
v 7.391294 36.764103 10.149101
v 7.405394 36.771896 10.148176
v 7.419366 36.779781 10.146462
v 7.433177 36.787743 10.143965
v 7.446790 36.795761 10.140690
v 7.460174 36.803818 10.136643
v 7.473291 36.811886 10.131838
v 7.486115 36.819958 10.126285
v 7.498610 36.828003 10.119997
v 7.510744 36.836002 10.112990
v 7.522489 36.843941 10.105284
v 7.533815 36.851795 10.096895
v 7.544694 36.859547 10.087845
v 7.555100 36.867176 10.078156
v 7.565005 36.874668 10.067853
v 7.574388 36.881992 10.056961
v 7.583220 36.889149 10.045507
v 7.591484 36.896103 10.033522
v 7.599156 36.902847 10.021030
v 7.606221 36.909363 10.008068
v 7.612658 36.915627 9.994664
v 7.618452 36.921635 9.980854
v 7.623588 36.927364 9.966672
v 7.628055 36.932804 9.952152
v 7.631840 36.937939 9.937331
v 7.634933 36.942757 9.922246
v 7.637330 36.947247 9.906934
v 7.639021 36.951397 9.891433
v 7.640005 36.955196 9.875782
v 7.640276 36.958637 9.860019
v 7.639838 36.961708 9.844185
v 7.638688 36.964401 9.828318
v 7.636830 36.966713 9.812457
v 7.634270 36.968639 9.796642
v 7.631011 36.970169 9.780913
v 7.627066 36.971306 9.765308
v 7.622441 36.972038 9.749867
v 7.617149 36.972370 9.734628
v 7.611203 36.972301 9.719628
v 7.604618 36.971828 9.704905
v 7.597410 36.970955 9.690495
v 7.589595 36.969681 9.676435
v 7.581196 36.968014 9.662760
v 7.572233 36.965954 9.649502
v 7.562726 36.963509 9.636696
v 7.552701 36.960682 9.624372
v 7.542181 36.957481 9.612563
v 7.531195 36.953915 9.601296
v 7.519768 36.949993 9.590601
v 7.507927 36.945724 9.580503
v 7.495706 36.941120 9.571029
v 7.483131 36.936188 9.562200
v 7.470236 36.930946 9.554040
v 7.457053 36.925404 9.546568
v 7.443613 36.919575 9.539804
v 7.429950 36.913479 9.533763
v 7.416098 36.907120 9.528461
v 7.402092 36.900524 9.523912
v 7.387968 36.893707 9.520126
v 7.373757 36.886681 9.517113
v 7.359499 36.879467 9.514880
v 7.345226 36.872078 9.513433
v 7.330976 36.864540 9.512776
v 7.316782 36.856861 9.512911
v 7.302682 36.849075 9.513836
v 7.288710 36.841190 9.515550
v 7.274899 36.833225 9.518046
v 7.261285 36.825207 9.521322
v 7.247902 36.817150 9.525368
v 7.234784 36.809078 9.530173
v 7.221961 36.801010 9.535728
v 7.209466 36.792965 9.542015
v 7.197332 36.784966 9.549021
v 7.185586 36.777027 9.556727
v 7.174261 36.769173 9.565117
v 7.163382 36.761421 9.574166
v 7.152977 36.753788 9.583856
v 7.143071 36.746304 9.594158
v 7.133688 36.738972 9.605050
v 7.124856 36.731819 9.616504
v 7.116592 36.724865 9.628491
v 7.108920 36.718121 9.640981
v 7.101856 36.711609 9.653944
v 7.095418 36.705338 9.667347
v 7.089624 36.699333 9.681157
v 7.084488 36.693604 9.695339
v 7.080021 36.688164 9.709859
v 7.076238 36.683029 9.724680
v 7.073143 36.678207 9.739766
v 7.070745 36.673721 9.755077
v 7.069055 36.669567 9.770578
v 7.068071 36.665771 9.786230
v 7.067800 36.662331 9.801992
v 7.068239 36.659260 9.817826
v 7.069388 36.656567 9.833694
v 7.071247 36.654251 9.849555
v 7.073806 36.652328 9.865370
v 7.077065 36.650799 9.881099
v 7.081009 36.649666 9.896703
v 7.085635 36.648930 9.912145
v 7.090927 36.648598 9.927383
v 7.096874 36.648666 9.942384
v 7.103458 36.649139 9.957107
v 7.293981 36.716961 10.123791
v 7.280576 36.710812 10.118660
v 7.307535 36.723347 10.128194
v 7.267354 36.704910 10.112815
v 7.321204 36.729946 10.131857
v 7.254346 36.699268 10.106268
v 7.334956 36.736744 10.134773
v 7.241589 36.693909 10.099038
v 7.348753 36.743729 10.136933
v 7.229108 36.688835 10.091141
v 7.362566 36.750877 10.138334
v 7.216939 36.684063 10.082597
v 7.376357 36.758175 10.138969
v 7.205112 36.679604 10.073427
v 7.390091 36.765598 10.138840
v 7.193655 36.675472 10.063656
v 7.403738 36.773140 10.137944
v 7.182597 36.671680 10.053306
v 7.417259 36.780769 10.136287
v 7.171964 36.668228 10.042402
v 7.430624 36.788475 10.133869
v 7.161784 36.665131 10.030973
v 7.443798 36.796238 10.130699
v 7.152081 36.662395 10.019050
v 7.456748 36.804031 10.126784
v 7.142882 36.660027 10.006655
v 7.469445 36.811840 10.122134
v 7.134208 36.658035 9.993825
v 7.481853 36.819649 10.116759
v 7.126080 36.656422 9.980590
v 7.493946 36.827435 10.110675
v 7.118517 36.655190 9.966984
v 7.505689 36.835178 10.103895
v 7.111542 36.654343 9.953039
v 7.517056 36.842861 10.096437
v 7.105168 36.653889 9.938790
v 7.528017 36.850464 10.088318
v 7.099413 36.653820 9.924275
v 7.538546 36.857964 10.079559
v 7.094293 36.654140 9.909527
v 7.548615 36.865345 10.070184
v 7.089818 36.654850 9.894585
v 7.558200 36.872597 10.060213
v 7.085999 36.655949 9.879482
v 7.567278 36.879688 10.049672
v 7.082847 36.657429 9.864260
v 7.575828 36.886608 10.038589
v 7.080369 36.659294 9.848956
v 7.583825 36.893341 10.026988
v 7.078570 36.661530 9.833607
v 7.591249 36.899868 10.014900
v 7.077457 36.664139 9.818252
v 7.598085 36.906170 10.002356
v 7.077034 36.667110 9.802928
v 7.604316 36.912235 9.989386
v 7.077297 36.670437 9.787674
v 7.609921 36.918049 9.976021
v 7.078249 36.674114 9.772529
v 7.614892 36.923595 9.962296
v 7.079885 36.678131 9.757527
v 7.619215 36.928856 9.948244
v 7.082203 36.682476 9.742709
v 7.622879 36.933826 9.933902
v 7.085197 36.687138 9.728109
v 7.625873 36.938492 9.919303
v 7.088861 36.692108 9.713767
v 7.628191 36.942837 9.904485
v 7.093184 36.697372 9.699716
v 7.629828 36.946850 9.889483
v 7.098155 36.702919 9.685991
v 7.630780 36.950527 9.874338
v 7.103762 36.708729 9.672626
v 7.631043 36.953857 9.859084
v 7.109991 36.714798 9.659656
v 7.630619 36.956829 9.843760
v 7.116827 36.721100 9.647111
v 7.629506 36.959438 9.828404
v 7.124251 36.727627 9.635024
v 7.627707 36.961678 9.813055
v 7.132248 36.734356 9.623424
v 7.625229 36.963535 9.797750
v 7.140797 36.741280 9.612339
v 7.622077 36.965019 9.782529
v 7.149876 36.748371 9.601798
v 7.618258 36.966114 9.767428
v 7.159461 36.755619 9.591828
v 7.613783 36.966827 9.752484
v 7.169531 36.763004 9.582452
v 7.608662 36.967148 9.737738
v 7.602908 36.967083 9.723221
v 7.180059 36.770508 9.573693
v 7.191020 36.778107 9.565576
v 7.596535 36.966621 9.708973
v 7.202387 36.785786 9.558117
v 7.589559 36.965778 9.695028
v 7.581996 36.964546 9.681421
v 7.214130 36.793533 9.551337
v 7.226223 36.801315 9.545252
v 7.573869 36.962933 9.668186
v 7.565194 36.960938 9.655357
v 7.238630 36.809124 9.539878
v 7.251327 36.816936 9.535227
v 7.555995 36.958572 9.642963
v 7.264277 36.824734 9.531312
v 7.277452 36.832493 9.528142
v 7.536112 36.952740 9.619609
v 7.546291 36.955837 9.631038
v 7.290818 36.840199 9.525724
v 7.514421 36.945492 9.598356
v 7.525479 36.949287 9.608706
v 7.304339 36.847828 9.524067
v 7.317985 36.855366 9.523171
v 7.502964 36.941360 9.588584
v 7.331719 36.862793 9.523042
v 7.491137 36.936905 9.579414
v 7.345510 36.870090 9.523678
v 7.359323 36.877239 9.525078
v 7.478968 36.932133 9.570871
v 7.453730 36.921696 9.555743
v 7.466487 36.927059 9.562974
v 7.373120 36.884220 9.527239
v 7.386872 36.891022 9.530154
v 7.427501 36.910152 9.543351
v 7.440722 36.916058 9.549197
v 7.400541 36.897621 9.533818
v 7.414095 36.904003 9.538220
v 7.482428 37.164627 9.736567
v 7.523160 37.147209 9.924981
v 7.458375 37.077133 10.093365
v 7.312815 36.981155 10.177403
v 7.142080 36.895939 10.144998
v 7.011386 36.854034 10.008524
v 6.970654 36.871452 9.820111
v 7.035439 36.941532 9.651727
v 7.181000 37.037510 9.567688
v 7.351734 37.122723 9.600095
v 7.017348 36.882469 10.003235
v 6.979331 36.898720 9.827383
v 7.039799 36.964130 9.670224
v 7.175654 37.053707 9.591788
v 7.335006 37.133244 9.622034
v 7.456986 37.172352 9.749409
v 7.495005 37.156094 9.925261
v 7.434537 37.090687 10.082420
v 7.298682 37.001110 10.160856
v 7.139329 36.921577 10.130610
v 7.066389 36.948532 9.813452
v 7.144813 37.014214 9.701291
v 7.088006 36.929058 9.962441
v 7.277338 37.087627 9.691661
v 7.197000 36.967190 10.060984
v 7.386331 37.125763 9.790203
v 7.329524 37.040600 10.051353
v 7.407948 37.106281 9.939193
v 7.159015 36.946259 10.032950
v 7.126165 36.917469 9.943179
v 7.329527 37.035492 10.045528
v 7.410236 37.111904 9.887909
v 7.377388 37.083115 9.798136
v 7.320432 37.099075 9.717711
v 7.395791 36.959202 9.688491
v 7.485595 36.972031 9.858688
v 7.404885 36.895618 10.016308
v 7.234374 36.806381 10.003731
v 7.144567 36.793552 9.833534
v 7.069211 36.933426 9.862755
v 7.149920 37.009838 9.705134
v 7.225276 36.869965 9.675915
v 7.383590 36.892578 9.975947
v 7.253512 36.824505 9.966352
v 7.185004 36.814716 9.836516
v 7.445158 36.950867 9.855706
v 7.246572 36.873005 9.716275
v 7.376650 36.941082 9.725869
v 7.441670 36.939774 9.853650
v 7.383596 36.884792 9.967067
v 7.377051 36.930542 9.731184
v 7.254356 36.866329 9.722135
v 7.196282 36.811348 9.835551
v 7.260902 36.820580 9.958017
v 7.737420 35.969707 9.534826
v 7.679346 35.914722 9.648243
v 7.743965 35.923954 9.770710
v 7.866660 35.988167 9.779759
v 7.924734 36.043148 9.666343
v 7.860115 36.033920 9.543877
v 7.840938 35.906738 9.642210
v 8.138776 37.882523 8.236009
v 8.035477 37.859550 8.079558
v 8.134936 37.883106 8.237989
v 8.032061 37.860229 8.082182
v 8.038791 37.859993 8.076760
v 8.142585 37.883076 8.233957
v 7.905549 37.816761 7.949319
v 7.902666 37.817612 7.952476
v 7.908243 37.816998 7.945898
v 7.755507 37.756290 7.851819
v 7.753240 37.757393 7.855377
v 7.757484 37.756241 7.847933
v 7.592876 37.681179 7.791949
v 7.591276 37.682590 7.795752
v 7.424895 37.596954 7.776592
v 7.594078 37.680771 7.787776
v 7.425811 37.595188 7.772710
v 7.426214 37.594372 7.768445
v 7.262689 37.502636 7.795067
v 7.262442 37.504780 7.798858
v 7.262312 37.501377 7.790910
v 7.111689 37.408157 7.857900
v 7.112062 37.410686 7.861432
v 7.110591 37.406445 7.854043
v 6.980383 37.316494 7.958055
v 6.981295 37.319401 7.961178
v 6.876698 37.235489 8.093093
v 6.978659 37.314342 7.954678
v 6.875356 37.232239 8.090515
v 6.803517 37.163166 8.250564
v 6.873130 37.229687 8.087769
v 6.801875 37.159618 8.248633
v 6.799296 37.156715 8.246643
v 6.763621 37.102276 8.424484
v 6.765421 37.106056 8.425694
v 6.760861 37.099102 8.423333
v 6.762516 37.063084 8.609248
v 6.764321 37.067024 8.609700
v 6.759753 37.059719 8.608980
v 6.798615 37.044006 8.793661
v 6.800272 37.048027 8.793356
v 6.871470 37.050014 8.967453
v 6.870108 37.046001 8.968474
v 6.796022 37.040554 8.794273
v 6.867857 37.042561 8.969922
v 6.973408 37.068974 9.124925
v 6.974348 37.072891 9.123261
v 6.971650 37.065639 9.127119
v 7.103335 37.111767 9.255165
v 7.103743 37.115509 9.252967
v 7.102199 37.108639 9.257981
v 7.253376 37.172234 9.352664
v 7.253169 37.175732 9.350067
v 7.252956 37.169395 9.355947
v 7.416008 37.247345 9.412535
v 7.415133 37.250534 9.409692
v 7.581512 37.336170 9.428852
v 7.416365 37.244862 9.416102
v 7.583075 37.333332 9.431773
v 7.584229 37.331264 9.435433
v 7.746197 37.425888 9.409416
v 7.743967 37.428345 9.406587
v 7.894348 37.522434 9.344011
v 7.748129 37.424259 9.412970
v 7.897196 37.520367 9.346584
v 7.899849 37.519188 9.349837
v 8.028502 37.612030 9.246427
v 8.025113 37.613724 9.244266
v 8.129710 37.697632 9.112350
v 8.031782 37.611294 9.249202
v 8.133528 37.696285 9.113968
v 8.202890 37.769955 8.954880
v 8.137311 37.695950 9.116111
v 8.207010 37.768906 8.955850
v 8.211144 37.768917 8.957236
v 8.245263 37.826252 8.779999
v 8.240986 37.827065 8.779750
v 8.249578 37.826534 8.780546
v 8.246367 37.865444 8.595235
v 8.242086 37.866096 8.595743
v 8.206136 37.885094 8.412087
v 8.250690 37.865913 8.594899
v 8.210268 37.884518 8.410822
v 8.214417 37.885082 8.409606
v 6.980953 37.087994 9.133297
v 7.122295 37.135914 9.268418
v 7.285455 37.203651 9.364977
v 8.234523 37.869282 8.626273
v 8.225665 37.823593 8.822146
v 8.200560 37.892166 8.429156
v 8.125749 37.890907 8.242250
v 8.128193 37.887444 8.241221
v 8.131327 37.884785 8.239768
v 6.869640 37.062668 8.967464
v 6.974404 37.077133 9.122242
v 6.871229 37.058643 8.966930
v 6.871853 37.054329 8.966926
v 7.103392 37.119614 9.251538
v 7.252346 37.179646 9.348331
v 7.413797 37.254211 9.407767
v 7.460949 37.287254 9.417359
v 7.462941 37.283382 9.417131
v 7.464746 37.279514 9.418026
v 7.579651 37.339577 9.426867
v 7.638579 37.381874 9.422522
v 7.640692 37.378067 9.422297
v 7.642851 37.374390 9.423202
v 7.741591 37.431458 9.404671
v 7.808022 37.482014 9.380165
v 7.810249 37.478271 9.379911
v 7.812747 37.474796 9.380732
v 7.891498 37.525253 9.342296
v 7.959427 37.581844 9.292749
v 7.961760 37.578175 9.292437
v 7.964561 37.574894 9.293083
v 8.021851 37.616253 9.242864
v 8.084001 37.675571 9.165357
v 8.086416 37.671967 9.164957
v 8.089467 37.668877 9.165348
v 8.126117 37.699898 9.111365
v 8.174500 37.757748 9.005390
v 8.176977 37.754196 9.004882
v 8.180208 37.751270 9.004952
v 8.199066 37.771992 8.954391
v 8.228178 37.820087 8.821512
v 8.231511 37.817291 8.821218
v 8.237041 37.865810 8.625506
v 8.240393 37.863106 8.624820
v 8.203055 37.888706 8.428254
v 8.206339 37.886047 8.427176
v 7.825784 38.447678 8.358562
v 7.900595 38.448940 8.545469
v 7.934557 38.426060 8.742585
v 7.925700 38.380367 8.938458
v 7.874535 38.314522 9.121702
v 7.784035 38.232349 9.281670
v 7.659461 38.138622 9.409062
v 7.508056 38.038788 9.496477
v 7.338613 37.938652 9.538834
v 7.160983 37.844028 9.533671
v 6.985487 37.760422 9.481289
v 6.822329 37.692692 9.384731
v 6.680985 37.644772 9.249610
v 6.569674 37.619442 9.083777
v 6.494864 37.618183 8.896872
v 6.794828 37.061409 8.780560
v 6.460899 37.641068 8.699755
v 6.760866 37.084290 8.583444
v 6.469759 37.686756 8.503882
v 6.769724 37.129978 8.387570
v 6.520924 37.752598 8.320639
v 6.820889 37.195824 8.204325
v 6.911388 37.278000 8.044358
v 6.611423 37.834774 8.160670
v 6.735995 37.928501 8.033278
v 7.035962 37.371727 7.916965
v 6.887403 38.028336 7.945864
v 7.187368 37.471561 7.829552
v 7.356812 37.571697 7.787195
v 7.056845 38.128471 7.903507
v 7.534441 37.666317 7.792356
v 7.234475 38.223091 7.908669
v 7.709936 37.749924 7.844738
v 7.409968 38.306698 7.961051
v 7.873096 37.817657 7.941297
v 7.573129 38.374432 8.057609
v 7.714471 38.422356 8.192730
v 8.014437 37.865578 8.076418
v 6.572060 37.630814 9.081661
v 6.497995 37.629566 8.896625
v 6.464373 37.652225 8.701479
v 6.473142 37.697456 8.507565
v 6.523796 37.762642 8.326154
v 6.613389 37.843994 8.167787
v 6.736718 37.936783 8.041667
v 6.886611 38.035618 7.955127
v 7.054358 38.134754 7.913194
v 7.230212 38.228428 7.918304
v 7.403952 38.311195 7.970163
v 7.565478 38.378254 8.065755
v 7.705409 38.425694 8.199525
v 7.815607 38.450771 8.363699
v 7.914525 38.384129 8.937796
v 7.923294 38.429363 8.743882
v 7.892685 38.373726 8.931276
v 7.843565 38.310513 9.107191
v 7.863871 38.318943 9.119207
v 7.901189 38.417591 8.743239
v 7.756688 38.231628 9.260759
v 7.774277 38.237591 9.277575
v 7.889670 38.452019 8.548737
v 7.868585 38.439556 8.554008
v 7.637096 38.141647 9.383057
v 7.650949 38.144802 9.403693
v 7.796764 38.438347 8.374578
v 7.491746 38.045811 9.466975
v 7.501057 38.045963 9.490234
v 7.689907 38.414032 8.215378
v 7.329082 37.949680 9.507638
v 7.333309 37.946831 9.532167
v 7.554216 38.368027 8.085662
v 7.158556 37.858841 9.502682
v 7.157454 37.853157 9.527058
v 7.397583 38.303001 7.992967
v 6.990081 37.778580 9.452394
v 6.983716 37.770386 9.475198
v 7.229109 38.222744 7.942680
v 6.833448 37.713558 9.359699
v 6.822186 37.703331 9.379606
v 7.058585 38.131905 7.937723
v 6.682258 37.655888 9.245835
v 6.697760 37.667553 9.229982
v 6.895921 38.035774 7.978385
v 6.590900 37.643238 9.070784
v 6.750569 37.939934 8.062304
v 6.519082 37.642029 8.891354
v 6.630979 37.849957 8.184601
v 6.486476 37.663994 8.702122
v 6.544099 37.771069 8.338169
v 6.494980 37.707859 8.514084
v 6.706822 37.664207 9.223187
v 6.601077 37.640148 9.065647
v 6.841098 37.709736 9.351553
v 6.996100 37.774082 9.443283
v 7.162819 37.853504 9.493046
v 7.331569 37.943398 9.497951
v 7.492538 38.038525 9.457711
v 7.636375 38.133366 9.374668
v 7.754720 38.222408 9.253645
v 7.840693 38.300476 9.101676
v 7.889300 38.363029 8.927593
v 7.897717 38.406437 8.741515
v 7.865450 38.428169 8.554254
v 7.794381 38.426975 8.376694
v 7.688634 38.402912 8.219151
v 7.554358 38.357388 8.090787
v 7.399357 38.293041 7.999058
v 7.232636 38.213615 7.949294
v 7.063890 38.123726 7.944390
v 6.902919 38.028595 7.984629
v 6.759082 37.933754 8.067673
v 6.640738 37.844715 8.188696
v 6.554763 37.766647 8.340665
v 6.506156 37.704094 8.514746
v 6.497741 37.660690 8.700827
v 6.530005 37.638950 8.888086
v 6.547050 37.613735 8.896092
v 6.614295 37.615616 9.060522
v 6.513095 37.631680 8.722635
v 6.514133 37.668545 8.548847
v 6.550114 37.722481 8.383444
v 6.619232 37.790787 8.234717
v 6.718019 37.870037 8.110127
v 6.841525 37.956257 8.015921
v 6.983554 38.045124 7.956820
v 7.136985 38.132179 7.935791
v 7.294127 38.213058 7.953887
v 7.447096 38.283707 8.010201
v 7.588224 38.340584 8.101910
v 7.710434 38.380836 8.224412
v 7.807598 38.402443 8.371568
v 7.874843 38.404320 8.535997
v 7.908796 38.386379 8.709455
v 7.907759 38.349514 8.883243
v 7.871778 38.295574 9.048646
v 7.802661 38.227268 9.197372
v 7.703874 38.148018 9.321962
v 7.580369 38.061798 9.416169
v 7.438339 37.972931 9.475269
v 7.284905 37.885876 9.496298
v 7.127766 37.804996 9.478202
v 6.974795 37.734348 9.421888
v 6.833668 37.677471 9.330181
v 6.711458 37.637222 9.207678
v 7.566967 38.074623 9.407605
v 7.415948 37.980503 9.468686
v 7.252587 37.888832 9.486194
v 7.086379 37.804943 9.459107
v 6.926980 37.733715 9.389004
v 6.783657 37.679276 9.279958
v 6.664737 37.644798 9.138304
v 6.577133 37.632286 8.972276
v 6.525935 37.642460 8.791524
v 6.514118 37.674736 8.606551
v 6.542369 37.727234 8.428107
v 6.609047 37.796906 8.266564
v 6.710279 37.879700 8.131309
v 6.840178 37.970806 8.030203
v 6.991197 38.064930 7.969121
v 7.154557 38.156597 7.951616
v 7.320765 38.240482 7.978701
v 7.480164 38.311718 8.048804
v 7.623487 38.366154 8.157851
v 7.742407 38.400631 8.299504
v 7.830012 38.413143 8.465532
v 7.881210 38.402966 8.646285
v 7.893026 38.370693 8.831257
v 7.864775 38.318195 9.009701
v 7.798097 38.248524 9.171243
v 7.696866 38.165730 9.306499
v 7.017123 37.788303 9.360169
v 7.193048 37.872570 9.410482
v 6.856301 37.723022 9.257904
v 7.369826 37.969006 9.404768
v 6.723616 37.682022 9.111974
v 7.533135 38.069790 9.343490
v 6.629813 37.668621 8.934198
v 7.669744 38.166763 9.231609
v 6.582490 37.683910 8.738981
v 7.768589 38.252064 9.078193
v 6.585486 37.726643 8.542137
v 7.821658 38.318787 8.895671
v 6.638556 37.793365 8.359614
v 7.824654 38.361523 8.698827
v 6.737400 37.878666 8.206200
v 7.777331 38.376808 8.503610
v 6.874010 37.975639 8.094319
v 7.683528 38.363407 8.325835
v 7.037319 38.076424 8.033040
v 7.550842 38.322407 8.179903
v 7.214097 38.172855 8.027327
v 7.390021 38.257130 8.077640
v 7.458488 38.134499 9.288096
v 7.298121 38.036156 9.345272
v 7.124810 37.943348 9.342566
v 6.955515 37.865158 9.280244
v 6.806812 37.809242 9.164404
v 6.693256 37.781075 9.006387
v 6.625964 37.783409 8.821659
v 6.611518 37.816021 8.628305
v 6.651339 37.875713 8.445250
v 6.741524 37.956646 8.290414
v 6.873247 38.050900 8.178951
v 7.434039 38.139072 9.250970
v 7.284861 38.047592 9.304157
v 7.123640 37.961258 9.301640
v 6.966156 37.888523 9.243665
v 6.827828 37.836510 9.135906
v 6.722195 37.810303 8.988914
v 6.659595 37.812477 8.817075
v 6.646160 37.842815 8.637210
v 6.683200 37.898342 8.466927
v 6.767095 37.973629 8.322893
v 6.889627 38.061306 8.219207
v 7.342731 37.946323 9.303304
v 7.497131 38.041008 9.248256
v 7.175868 37.856968 9.300699
v 7.012874 37.781693 9.240694
v 6.869703 37.727856 9.129166
v 6.760373 37.700733 8.977028
v 6.695582 37.702984 8.799174
v 6.681676 37.734383 8.613014
v 6.720015 37.791851 8.436771
v 6.806844 37.869774 8.287696
v 6.933666 37.960522 8.180382
v 7.088066 38.055202 8.125333
v 7.038805 38.152786 8.166020
v 7.254930 38.144558 8.127937
v 7.200027 38.239120 8.168537
v 7.417922 38.219837 8.187943
v 7.357510 38.311855 8.226512
v 7.561092 38.273670 8.299472
v 7.495838 38.363869 8.334270
v 7.670424 38.300793 8.451610
v 7.601470 38.390072 8.481263
v 7.664071 38.387897 8.653102
v 7.735214 38.298546 8.629463
v 7.749120 38.267147 8.815623
v 7.677505 38.357563 8.832967
v 7.640464 38.302036 9.003250
v 7.710783 38.209675 8.991866
v 7.556571 38.226746 9.147285
v 7.623952 38.131752 9.140942
v 7.582695 37.882187 9.215077
v 7.709518 37.972931 9.107763
v 7.796348 38.050854 8.958688
v 7.834685 38.108326 8.782445
v 7.820779 38.139725 8.596285
v 7.755990 38.141972 8.418431
v 7.646658 38.114853 8.266294
v 7.503489 38.061016 8.154764
v 7.340495 37.985741 8.094760
v 7.173631 37.896381 8.092155
v 7.019230 37.801701 8.147203
v 7.865102 38.092480 8.936748
v 7.792665 38.019993 9.096933
v 7.891836 38.144672 8.755855
v 7.870699 38.172340 8.568910
v 7.680396 37.933079 9.223434
v 7.803408 38.173241 8.391055
v 7.537385 37.838783 9.306001
v 7.695411 38.147301 8.236701
v 7.428297 37.787506 9.270126
v 7.375220 37.744743 9.337946
v 7.555458 38.096622 8.118354
v 7.261434 37.698151 9.267521
v 7.207042 37.658577 9.316680
v 7.394886 38.025311 8.045601
v 7.098439 37.622871 9.207516
v 7.046471 37.587265 9.243926
v 7.226707 37.939144 8.024335
v 6.955268 37.569035 9.095987
v 6.906518 37.536587 9.125579
v 7.064542 37.845104 8.056279
v 6.845939 37.541916 8.943850
v 6.798521 37.510647 8.971228
v 6.921534 37.750809 8.138846
v 6.892408 37.710957 8.254518
v 6.731227 37.511547 8.793372
v 6.781148 37.544163 8.765996
v 6.809261 37.663898 8.265347
v 6.805580 37.633034 8.403593
v 6.710093 37.539215 8.606426
v 6.767241 37.575562 8.579837
v 6.736825 37.591408 8.425532
v 7.813142 38.155159 8.387280
v 7.697801 38.126926 8.224963
v 7.547376 38.071228 8.103644
v 7.375504 37.993114 8.034315
v 7.197760 37.899662 8.023258
v 7.030252 37.799343 8.071475
v 6.888155 37.701248 8.174598
v 6.784351 37.614262 8.323279
v 6.728246 37.546268 8.504048
v 6.724919 37.503433 8.700522
v 6.741642 37.493259 8.792360
v 6.769607 37.489616 8.881926
v 6.808259 37.492573 8.967450
v 6.916256 37.518509 9.121802
v 7.056210 37.569191 9.240149
v 7.216780 37.640499 9.312903
v 7.384960 37.726665 9.334169
v 7.547123 37.820705 9.302224
v 7.690135 37.915001 9.219658
v 7.802404 38.001915 9.093157
v 7.874842 38.074402 8.932972
v 7.901575 38.126595 8.752078
v 7.880440 38.154263 8.565132
v 7.059577 37.586922 9.163957
v 6.928432 37.542412 9.038793
v 7.215304 37.654625 9.241488
v 6.834705 37.525452 8.878251
v 7.380370 37.738892 9.263799
v 6.787573 37.537708 8.698046
v 7.538616 37.831482 9.228705
v 6.791648 37.577972 8.515816
v 7.674552 37.923321 9.139643
v 6.846532 37.642307 8.349399
v 7.774872 38.005428 9.005330
v 6.946854 37.724411 8.215085
v 7.829757 38.069763 8.838913
v 7.082790 37.816254 8.126022
v 7.833833 38.110027 8.656682
v 7.241035 37.908840 8.090930
v 7.786701 38.122280 8.476476
v 7.406103 37.993111 8.113240
v 7.692975 38.105320 8.315935
v 7.561830 38.060814 8.190772
v 7.833004 38.086170 8.653324
v 7.786822 38.098171 8.476759
v 7.694991 38.081558 8.319461
v 7.566494 38.037949 8.196827
v 7.413915 37.971615 8.120861
v 7.252182 37.889050 8.099001
v 7.097134 37.798332 8.133386
v 6.963943 37.708344 8.220648
v 6.865651 37.627895 8.352248
v 6.811874 37.564861 8.515303
v 6.807881 37.525414 8.693851
v 6.854062 37.513405 8.870417
v 6.945893 37.530022 9.027715
v 7.074389 37.573627 9.150348
v 7.226971 37.639965 9.226314
v 7.388700 37.722534 9.248174
v 7.543750 37.813248 9.213790
v 7.676939 37.903236 9.126527
v 7.775234 37.983681 8.994928
v 7.829010 38.046715 8.831873
v 8.407613 37.019619 8.430518
v 8.403620 36.980167 8.609067
v 8.349844 36.917133 8.772121
v 8.251551 36.836685 8.903722
v 8.118361 36.746700 8.990985
v 7.963313 36.655983 9.025370
v 7.801581 36.573414 9.003509
v 7.649001 36.507080 8.927544
v 7.520504 36.463470 8.804911
v 7.428671 36.446857 8.647610
v 7.382493 36.458862 8.471045
v 7.386486 36.498314 8.292496
v 7.440260 36.561348 8.129442
v 7.538555 36.641796 7.997843
v 7.671744 36.731781 7.910580
v 7.826795 36.822498 7.876195
v 7.988524 36.905067 7.898056
v 8.141105 36.971401 7.974020
v 8.269601 37.015011 8.096654
v 8.361433 37.031624 8.253953
v 7.549119 36.466145 8.865915
v 7.692389 36.520016 8.977522
v 7.439713 36.439007 8.713673
v 7.855494 36.595345 9.037567
v 7.374878 36.441254 8.535696
v 8.022473 36.684765 9.040174
v 7.360963 36.472672 8.349408
v 8.176980 36.779514 8.985087
v 7.399328 36.530186 8.173042
v 8.303888 36.870319 8.877699
v 7.486217 36.608162 8.023865
v 8.390778 36.948296 8.728521
v 7.613125 36.698971 7.916477
v 8.429143 37.005806 8.552156
v 7.767632 36.793720 7.861390
v 8.415226 37.037228 8.365869
v 7.934610 36.883133 7.863997
v 8.350391 37.039478 8.187891
v 8.097717 36.958466 7.924043
v 8.240986 37.012337 8.035648
v 7.033614 38.149242 8.121776
v 7.206926 38.242050 8.124481
v 7.376220 38.320240 8.186805
v 7.524922 38.376156 8.302645
v 7.638479 38.404324 8.460662
v 7.705771 38.401989 8.645389
v 7.720217 38.369377 8.838743
v 7.680398 38.309685 9.021798
v 7.590211 38.228748 9.176635
v 8.028776 37.861980 8.084453
v 7.899789 37.819496 7.955157
v 7.750835 37.759468 7.858364
v 7.589384 37.684902 7.798928
v 7.536482 37.662704 7.791021
v 7.538435 37.659595 7.788669
v 7.423529 37.599537 7.779828
v 7.358732 37.568020 7.785855
v 7.360329 37.564720 7.783492
v 7.261590 37.507652 7.802022
v 7.189174 37.467815 7.828241
v 7.190433 37.464314 7.825963
v 7.111683 37.413860 7.864399
v 7.037663 37.367912 7.915716
v 7.038620 37.364216 7.913612
v 6.981329 37.322857 7.963830
v 6.913005 37.274120 8.043195
v 6.913713 37.270237 8.041346
v 6.877064 37.239212 8.095329
v 6.822444 37.191891 8.203270
v 6.822971 37.187840 8.201742
v 6.804114 37.167122 8.252302
v 6.771245 37.125999 8.386640
v 6.771669 37.121819 8.385477
v 6.762381 37.080276 8.582645
v 6.762786 37.076004 8.581874
v 6.796367 37.057381 8.779899
v 6.796842 37.053062 8.779519
v 7.356500 35.644363 8.609278
v 7.527600 35.668804 8.933546
v 7.543870 35.675186 8.944970
v 7.553023 35.680546 8.942906
v 7.534564 35.670883 8.941545
v 7.353743 35.645054 8.598851
v 7.355932 35.648338 8.588790
v 7.362480 35.653328 8.581789
v 7.485785 35.701950 8.667050
v 7.437929 35.703075 8.538229
v 7.549778 35.711090 8.788327
v 7.628472 35.730293 8.899345
v 8.818320 36.319508 9.147429
v 8.541977 36.137299 9.306976
v 8.827058 36.327778 9.130366
v 8.824300 36.328472 9.119940
v 8.824868 36.324501 9.140428
v 8.532825 36.131931 9.309040
v 8.523520 36.127636 9.305614
v 8.516554 36.125553 9.297617
v 8.581582 36.187630 9.168173
v 8.469838 36.118881 9.209084
v 8.684936 36.255779 9.108501
v 8.777585 36.321800 9.031406
v 8.885811 36.652744 7.726330
v 9.056911 36.677185 8.050597
v 8.869541 36.646362 7.714907
v 8.860388 36.641003 7.716970
v 8.878846 36.650661 7.718333
v 9.059668 36.676491 8.061024
v 9.057480 36.673210 8.071086
v 9.050932 36.668217 8.078087
v 8.927626 36.619598 7.992826
v 8.975483 36.618469 8.121648
v 8.863634 36.610458 7.871550
v 8.784939 36.591251 7.760531
v 8.641549 37.659428 9.087661
v 8.616520 37.681980 8.915147
v 8.707326 37.758034 8.785276
v 8.860775 37.843037 8.774125
v 8.986978 37.887192 8.888227
v 8.860690 37.839138 8.779250
v 8.984311 37.884163 8.889863
v 8.983611 37.882145 8.890384
v 8.645227 37.660580 9.085633
v 8.620658 37.682720 8.916287
v 8.647164 37.660301 9.084632
v 8.622785 37.682270 8.916604
v 8.618520 37.682621 8.915791
v 8.643312 37.660282 9.086666
v 8.709796 37.757374 8.788803
v 8.711230 37.756344 8.790111
v 8.708464 37.757950 8.787154
v 8.860427 37.840816 8.777858
v 8.860456 37.842148 8.776111
v 8.985460 37.885883 8.889127
v 9.017308 37.879574 9.002921
v 9.015502 37.878338 9.002731
v 9.007990 37.860176 9.058413
v 9.008881 37.862022 9.059207
v 8.993232 37.843479 9.113601
v 9.010252 37.863544 9.060001
v 8.991654 37.842583 9.112361
v 8.919544 37.786102 9.184906
v 8.919743 37.787365 9.186691
v 8.921201 37.788586 9.190612
v 8.920308 37.788212 9.188640
v 8.820517 37.729595 9.213318
v 8.820579 37.729782 9.211129
v 8.770085 37.703312 9.195766
v 8.769113 37.703926 9.197638
v 8.718157 37.682320 9.175634
v 8.768316 37.704021 9.199684
v 8.719193 37.682957 9.173804
v 8.725542 37.678532 9.167233
v 8.650524 37.658180 9.083018
v 8.651754 37.656479 9.082499
v 8.983700 37.877865 8.890660
v 9.012953 37.870518 9.001285
v 8.984468 37.875858 8.890407
v 9.013680 37.868523 9.000877
v 9.012774 37.872631 9.001699
v 8.983408 37.880009 8.890653
v 9.007642 37.858173 9.057682
v 8.990491 37.833755 9.107483
v 8.989732 37.835705 9.108038
v 8.989463 37.837685 9.108862
v 8.921112 37.780884 9.181659
v 8.920256 37.782757 9.182317
v 8.824134 37.724068 9.203529
v 8.919722 37.784534 9.183424
v 8.823144 37.725861 9.204218
v 8.822238 37.727425 9.205409
v 8.771151 37.702240 9.194221
v 8.724415 37.680264 9.167872
v 8.648959 37.659485 9.083746
v 8.723132 37.681652 9.168923
v 8.983393 37.036488 8.784458
v 9.184526 36.891724 8.622435
v 9.101975 36.822582 8.740499
v 9.006486 37.015678 8.943623
v 9.124729 36.802078 8.897330
v 8.864811 37.250393 8.828417
v 8.715110 37.751457 8.791245
v 9.122923 37.056419 9.048894
v 9.239460 36.842220 9.001059
v 9.378960 36.919498 8.990922
v 8.888242 37.229279 8.989914
v 8.746228 37.464298 8.872376
v 8.622540 37.663818 8.972028
v 8.645731 37.698582 8.865421
v 9.006387 37.270615 9.096729
v 8.769998 37.442879 9.036206
v 8.889849 37.484814 9.144563
v 9.140592 36.832127 8.698779
v 9.200649 36.877895 8.634569
v 9.120517 36.802032 8.791062
v 9.145805 36.795681 8.886692
v 9.209680 36.814770 8.960043
v 9.295025 36.854187 8.991462
v 9.378974 36.903370 8.972529
v 9.459105 36.979233 8.816036
v 9.456569 36.968788 8.814081
v 9.433817 36.985588 8.720407
v 9.431905 36.964027 8.723042
v 9.432841 36.953152 8.723369
v 9.432232 36.974903 8.722050
v 9.437562 36.920151 8.893515
v 9.436757 36.930111 8.897930
v 9.439032 36.949139 8.908319
v 9.437249 36.939827 8.902893
v 9.379451 36.895779 8.964688
v 9.307171 36.834175 8.968796
v 9.302732 36.841736 8.975309
v 9.298660 36.848446 8.982908
v 9.216525 36.810513 8.952671
v 9.172058 36.781200 8.873931
v 9.163854 36.787285 8.877801
v 9.155053 36.792141 8.882079
v 9.461511 36.988636 8.872857
v 9.438756 37.009140 8.716026
v 9.369943 36.966499 8.647057
v 9.324026 36.968994 8.612298
v 9.284596 36.927078 8.615638
v 9.348278 37.205009 8.918785
v 9.325185 37.225819 8.759622
v 9.235043 37.421387 8.964713
v 9.208748 37.185078 8.654350
v 9.211613 37.442497 8.803216
v 9.121810 37.637760 9.010641
v 9.093469 37.401161 8.696402
v 9.098041 37.659180 8.846811
v 8.910679 37.853806 8.805671
v 8.978189 37.617245 8.738454
v 8.812087 37.808273 8.769375
v 8.621271 37.665527 8.972395
v 8.619594 37.666862 8.972699
v 8.624725 37.681324 8.916717
v 8.644492 37.700344 8.865641
v 8.642904 37.701809 8.865538
v 8.713968 37.753288 8.791362
v 8.712645 37.754955 8.790975
v 8.811080 37.810184 8.769460
v 8.810129 37.812069 8.768991
v 8.861216 37.837254 8.780179
v 8.909809 37.855785 8.805807
v 8.909235 37.857841 8.805475
v 9.130716 36.798256 8.790048
v 9.167336 36.814198 8.703784
v 9.159001 36.821205 8.702912
v 9.150035 36.827217 8.701235
v 9.207833 36.871265 8.639441
v 9.297728 36.900177 8.628503
v 9.293027 36.909576 8.625533
v 9.288625 36.918598 8.621221
v 9.370760 36.956532 8.651458
v 9.186125 36.765762 8.867672
v 9.163973 36.771328 8.783902
v 9.191747 36.756680 8.865390
v 9.169689 36.762222 8.781978
v 9.157090 36.779621 8.785701
v 9.179524 36.773983 8.870535
v 9.181558 36.797688 8.703062
v 9.187199 36.788471 8.701482
v 9.174898 36.806316 8.703835
v 9.234167 36.837784 8.646815
v 9.239585 36.828396 8.645473
v 9.228177 36.846920 8.646873
v 9.307706 36.880867 8.630231
v 9.312810 36.871296 8.628960
v 9.302649 36.890549 8.630077
v 9.382467 36.915398 8.657754
v 9.387254 36.905674 8.656365
v 9.442968 36.922329 8.720347
v 9.438421 36.932121 8.722010
v 9.378362 36.925518 8.657949
v 9.435026 36.942451 8.723022
v 9.905190 35.592949 8.387385
v 10.052859 35.670231 8.398276
v 10.130631 35.681339 8.545671
v 9.465027 36.916786 8.803761
v 9.447516 36.890537 8.884255
v 10.060737 35.615166 8.682174
v 9.395131 36.850613 8.940263
v 10.060772 35.576237 8.637773
v 10.113194 35.625862 8.535396
v 10.054863 35.617531 8.424850
v 9.944112 35.559570 8.416680
v 9.891690 35.509941 8.519058
v 9.950020 35.518272 8.629603
v 9.835295 35.526775 8.523888
v 9.913068 35.537884 8.671282
v 9.321906 36.807713 8.956777
v 9.247462 36.773331 8.929371
v 9.460573 36.926556 8.805779
v 9.457459 36.936817 8.807856
v 9.442988 36.900192 8.886618
v 9.439651 36.910122 8.889722
v 9.390379 36.860100 8.942865
v 9.386374 36.869514 8.946684
v 9.316840 36.817017 8.959450
v 9.311901 36.825886 8.963479
v 9.242078 36.782486 8.931927
v 9.236188 36.790916 8.935606
v 7.181324 36.696598 9.930723
v 7.150993 36.704220 9.816030
v 7.175069 36.740314 9.705349
v 7.247100 36.795208 9.628338
v 7.347785 36.854195 9.605632
v 7.450146 36.901470 9.643314
v 7.526753 36.924366 9.731289
v 7.360291 36.766769 10.056379
v 7.360354 36.766960 10.054192
v 7.460977 36.825760 10.033673
v 7.459517 36.824539 10.029753
v 7.459319 36.823277 10.027967
v 7.460083 36.825386 10.031701
v 7.309860 36.740486 10.038828
v 7.308887 36.741100 10.040700
v 7.257932 36.719498 10.018697
v 7.308092 36.741192 10.042746
v 7.258966 36.720135 10.016866
v 7.186937 36.697475 9.927694
v 7.185002 36.697754 9.928695
v 7.183086 36.697456 9.929729
v 7.153045 36.705002 9.816124
v 7.162560 36.719444 9.759665
v 7.160432 36.719894 9.759350
v 7.158295 36.719795 9.758853
v 7.176891 36.740749 9.706495
v 7.251006 36.793518 9.633173
v 7.249570 36.794548 9.631866
v 7.248239 36.795124 9.630216
v 7.557083 36.916748 9.845983
v 7.533007 36.880653 9.956662
v 7.347967 36.853554 9.607725
v 7.400465 36.876312 9.622312
v 7.400200 36.877991 9.620920
v 7.400230 36.879322 9.619171
v 7.449355 36.900379 9.645050
v 7.523386 36.919319 9.733446
v 7.524086 36.921333 9.732924
v 7.525235 36.923058 9.732189
v 7.555276 36.915512 9.845793
v 7.547764 36.897350 9.901474
v 7.548656 36.899193 9.902269
v 7.550026 36.900719 9.903064
v 7.531428 36.879761 9.955421
v 7.530265 36.870930 9.950545
v 7.460031 36.819931 10.025379
v 7.460886 36.818058 10.024721
v 7.253743 36.790462 9.634423
v 7.350854 36.847359 9.612523
v 7.254883 36.788628 9.634308
v 7.351861 36.845448 9.612437
v 7.349904 36.849243 9.612053
v 7.252419 36.792130 9.634037
v 7.400990 36.874432 9.623240
v 7.450454 36.890980 9.648732
v 7.449584 36.892956 9.648869
v 7.449008 36.895016 9.648536
v 7.524241 36.913033 9.733468
v 7.523474 36.915039 9.733722
v 7.553454 36.905693 9.843939
v 7.523181 36.917183 9.733715
v 7.552728 36.907688 9.844347
v 7.552547 36.909805 9.844762
v 7.547416 36.895348 9.900743
v 7.529506 36.872879 9.951100
v 7.529236 36.874859 9.951923
v 7.459496 36.821709 10.026485
v 7.662697 36.093594 9.891955
v 7.664505 35.839252 9.740392
v 7.779234 35.879395 9.844120
v 7.804273 36.172016 9.881668
v 7.918735 35.956669 9.833983
v 7.546161 36.307793 9.939791
v 7.191527 36.693653 9.925560
v 7.888052 36.242184 9.761847
v 8.001285 36.025810 9.715919
v 7.978530 36.046314 9.559090
v 7.689809 36.387363 9.929353
v 7.429624 36.521988 9.987626
v 7.363908 36.761238 10.046592
v 7.265316 36.715706 10.010296
v 7.774817 36.458557 9.807775
v 7.575348 36.602711 9.977036
v 7.661583 36.674934 9.853703
v 7.749454 35.851944 9.803104
v 7.685579 35.832851 9.729753
v 7.834799 35.891361 9.834524
v 7.918748 35.940544 9.815592
v 7.978806 35.986313 9.751382
v 7.998880 36.016407 9.659099
v 7.973591 36.022758 9.563469
v 7.824371 35.964252 9.458700
v 7.828400 35.955772 9.464283
v 7.740424 35.915070 9.477632
v 7.754672 35.900978 9.486216
v 7.761491 35.892815 9.488707
v 7.747609 35.908440 9.482503
v 7.914781 35.973042 9.500013
v 7.912231 35.983437 9.497837
v 7.909718 36.003670 9.490118
v 7.910534 35.993706 9.494520
v 7.972006 36.012077 9.565111
v 7.995513 35.984573 9.653017
v 7.995214 35.995289 9.655105
v 7.996344 36.005962 9.657144
v 7.977025 35.977001 9.745955
v 7.922957 35.915882 9.794715
v 7.920638 35.924686 9.800751
v 7.919227 35.932953 9.807750
v 7.863801 36.006168 9.455360
v 7.724301 35.928898 9.465497
v 7.680367 35.869301 9.541842
v 7.641750 35.859756 9.583561
v 7.660292 35.839207 9.634125
v 7.748521 36.222252 9.497412
v 7.606946 36.143829 9.507700
v 7.633243 36.438335 9.539464
v 7.523168 36.073662 9.627520
v 7.489593 36.358765 9.549902
v 7.517963 36.654419 9.581515
v 7.404584 36.287567 9.671479
v 7.372239 36.573696 9.592105
v 7.185504 36.735756 9.708483
v 7.286004 36.501472 9.715438
v 7.162315 36.700993 9.815089
v 7.362918 36.763035 10.047279
v 7.362012 36.764599 10.048470
v 7.310925 36.739410 10.037282
v 7.264190 36.717438 10.010934
v 7.262907 36.718826 10.011986
v 7.190299 36.695354 9.926082
v 7.188735 36.696659 9.926808
v 7.161046 36.702702 9.815456
v 7.159369 36.704037 9.815761
v 7.164501 36.718494 9.759779
v 7.184268 36.737518 9.708702
v 7.182680 36.738979 9.708600
v 7.838435 35.885620 9.825971
v 7.769669 35.835655 9.783409
v 7.763076 35.842228 9.789130
v 7.756299 35.847687 9.795732
v 7.694829 35.829315 9.725141
v 7.688936 35.824123 9.630405
v 7.680093 35.830372 9.631863
v 7.670491 35.835430 9.633109
v 7.689809 35.864388 9.544297
v 7.930152 35.897274 9.785927
v 7.856616 35.854191 9.802511
v 7.934906 35.887787 9.783325
v 7.861681 35.844887 9.799839
v 7.851676 35.863060 9.806540
v 7.926147 35.906693 9.789745
v 7.781853 35.819660 9.774988
v 7.787237 35.810505 9.772433
v 7.775963 35.828091 9.778668
v 7.725900 35.802937 9.710734
v 7.731522 35.793854 9.708452
v 7.719298 35.811157 9.713597
v 7.703748 35.808502 9.626964
v 7.709465 35.799397 9.625039
v 7.696866 35.816795 9.628762
v 7.721333 35.834866 9.546124
v 7.726974 35.825645 9.544543
v 7.779359 35.865566 9.488536
v 7.773942 35.874958 9.489877
v 7.714674 35.843491 9.546897
v 7.767951 35.884094 9.489934
v 8.397126 34.558407 9.450363
v 8.392578 34.590199 9.286455
v 8.518188 34.673019 9.213934
v 7.852584 35.908466 9.472022
v 7.927029 35.942852 9.499428
v 8.648348 34.724052 9.305320
v 7.982744 35.959499 9.563409
v 8.636424 34.667194 9.315898
v 8.538804 34.628922 9.247357
v 8.444596 34.566799 9.301748
v 8.448007 34.542957 9.424680
v 8.639834 34.643349 9.438829
v 8.545627 34.581234 9.493220
v 8.527285 34.609440 9.541750
v 8.652896 34.692265 9.469228
v 8.004801 35.953960 9.646822
v 7.987291 35.927708 9.727317
v 7.847480 35.918041 9.473293
v 7.842423 35.927723 9.473140
v 7.922243 35.952572 9.500815
v 7.918137 35.962692 9.501012
v 7.978197 35.969296 9.565070
v 7.974801 35.979626 9.566083
v 8.000347 35.963730 9.648841
v 7.997234 35.973991 9.650917
v 7.982762 35.937366 9.729680
v 7.979426 35.947296 9.732784
v 7.737439 37.530277 7.374198
v 7.712409 37.552834 7.201684
v 7.803216 37.628883 7.071814
v 7.956665 37.713886 7.060665
v 8.082868 37.758041 7.174765
v 7.956579 37.709988 7.065789
v 8.080200 37.755013 7.176401
v 8.079499 37.752995 7.176922
v 7.741117 37.531433 7.372170
v 7.716547 37.553570 7.202826
v 7.743052 37.531155 7.371170
v 7.718675 37.553120 7.203143
v 7.714409 37.553471 7.202329
v 7.739201 37.531132 7.373205
v 7.805686 37.628227 7.075342
v 7.807119 37.627197 7.076649
v 7.804354 37.628803 7.073692
v 7.956316 37.711666 7.064395
v 7.956345 37.712997 7.062648
v 8.081348 37.756737 7.175664
v 8.113197 37.750423 7.289459
v 8.111390 37.749187 7.289268
v 8.103878 37.731030 7.344951
v 8.104770 37.732872 7.345745
v 8.089120 37.714333 7.400140
v 8.106141 37.734394 7.346539
v 8.087542 37.713436 7.398899
v 8.015433 37.656952 7.471444
v 8.015632 37.658218 7.473231
v 8.017089 37.659435 7.477149
v 8.016196 37.659065 7.475177
v 7.916406 37.600449 7.499856
v 7.916469 37.600636 7.497668
v 7.865974 37.574162 7.482305
v 7.865002 37.574780 7.484176
v 7.814045 37.553173 7.462173
v 7.864205 37.574871 7.486222
v 7.815082 37.553810 7.460343
v 7.821432 37.549381 7.453773
v 7.746414 37.529030 7.369556
v 7.747643 37.527332 7.369037
v 8.079588 37.748718 7.177199
v 8.108842 37.741367 7.287823
v 8.080356 37.746712 7.176945
v 8.109571 37.739372 7.287416
v 8.108662 37.743481 7.288238
v 8.079296 37.750862 7.177191
v 8.103530 37.729023 7.344221
v 8.086379 37.704609 7.394022
v 8.085620 37.706554 7.394577
v 8.085351 37.708538 7.395400
v 8.016144 37.653610 7.468854
v 8.017000 37.651733 7.468198
v 8.015611 37.655388 7.469963
v 7.919033 37.596714 7.490756
v 7.920022 37.594917 7.490067
v 7.918128 37.598278 7.491947
v 7.867041 37.573090 7.480759
v 7.820303 37.551113 7.454410
v 7.819022 37.552505 7.455462
v 7.744849 37.530334 7.370285
v 8.079283 36.907341 7.070997
v 8.280416 36.762573 6.908974
v 8.197864 36.693436 7.027037
v 8.102375 36.886532 7.230161
v 8.220619 36.672932 7.183869
v 7.960701 37.121243 7.114955
v 7.810998 37.622307 7.077784
v 8.218812 36.927269 7.335432
v 8.335349 36.713074 7.287597
v 8.474849 36.790348 7.277460
v 7.984131 37.100132 7.276452
v 7.842117 37.335148 7.158914
v 7.718430 37.534668 7.258565
v 7.741621 37.569435 7.151958
v 8.102275 37.141468 7.383266
v 7.865887 37.313732 7.322745
v 7.985739 37.355667 7.431103
v 8.236481 36.702980 6.985319
v 8.296538 36.748749 6.921109
v 8.216406 36.672886 7.077600
v 8.241694 36.666531 7.173230
v 8.305569 36.685619 7.246581
v 8.390915 36.725040 7.278000
v 8.474863 36.774223 7.259068
v 8.554995 36.850086 7.102576
v 8.552458 36.839642 7.100620
v 8.529707 36.856438 7.006946
v 8.527794 36.834881 7.009580
v 8.528730 36.824001 7.009906
v 8.528121 36.845757 7.008588
v 8.533452 36.791000 7.180053
v 8.532646 36.800961 7.184468
v 8.534921 36.819992 7.194858
v 8.533139 36.810680 7.189432
v 8.475341 36.766632 7.251226
v 8.403060 36.705025 7.255334
v 8.398623 36.712589 7.261847
v 8.394549 36.719296 7.269446
v 8.312414 36.681362 7.239210
v 8.267947 36.652050 7.160469
v 8.259744 36.658138 7.164339
v 8.250942 36.662991 7.168617
v 8.557400 36.859489 7.159396
v 8.534646 36.879990 7.002564
v 8.465832 36.837349 6.933596
v 8.419915 36.839848 6.898836
v 8.380486 36.797932 6.902175
v 8.444166 37.075859 7.205324
v 8.421074 37.096668 7.046160
v 8.330932 37.292236 7.251252
v 8.304636 37.055931 6.940887
v 8.307501 37.313351 7.089755
v 8.217698 37.508614 7.297180
v 8.189357 37.272015 6.982940
v 8.193929 37.530029 7.133350
v 8.006568 37.724659 7.092209
v 8.074078 37.488094 7.024992
v 7.907977 37.679123 7.055913
v 7.717160 37.536381 7.258933
v 7.715483 37.537716 7.259238
v 7.720614 37.552174 7.203255
v 7.740383 37.571194 7.152179
v 7.738793 37.572659 7.152076
v 7.809856 37.624142 7.077901
v 7.808535 37.625809 7.077513
v 7.906970 37.681038 7.056000
v 7.906017 37.682919 7.055529
v 7.957106 37.708107 7.066717
v 8.005697 37.726635 7.092346
v 8.005123 37.728691 7.092013
v 8.226605 36.669106 7.076586
v 8.263227 36.685051 6.990322
v 8.254890 36.692059 6.989452
v 8.245925 36.698067 6.987772
v 8.303723 36.742119 6.925979
v 8.393619 36.771027 6.915040
v 8.388916 36.780430 6.912072
v 8.384514 36.789448 6.907759
v 8.466649 36.827381 6.937995
v 8.282014 36.636616 7.154210
v 8.259862 36.642178 7.070440
v 8.287637 36.627533 7.151927
v 8.265578 36.633072 7.068515
v 8.252980 36.650471 7.072240
v 8.275414 36.644836 7.157073
v 8.277447 36.668541 6.989601
v 8.283089 36.659321 6.988021
v 8.270788 36.677166 6.990373
v 8.330056 36.708637 6.933353
v 8.335474 36.699245 6.932013
v 8.324066 36.717770 6.933411
v 8.403595 36.751720 6.916769
v 8.408699 36.742146 6.915499
v 8.398539 36.761402 6.916615
v 8.478357 36.786247 6.944292
v 8.483143 36.776527 6.942904
v 8.538858 36.793179 7.006886
v 8.534310 36.802971 7.008547
v 8.474251 36.796368 6.944488
v 8.530915 36.813305 7.009559
v 9.001081 35.463799 6.673923
v 9.148748 35.541080 6.684816
v 9.226520 35.552193 6.832210
v 8.560916 36.787636 7.090299
v 8.543406 36.761387 7.170793
v 9.156625 35.486019 6.968713
v 8.491020 36.721462 7.226800
v 9.156660 35.447086 6.924311
v 9.209082 35.496716 6.821935
v 9.150752 35.488384 6.711388
v 9.040001 35.430424 6.703220
v 8.987578 35.380795 6.805597
v 9.045908 35.389126 6.916142
v 8.931184 35.397629 6.810426
v 9.008956 35.408737 6.957821
v 8.417795 36.678562 7.243315
v 8.343351 36.644184 7.215909
v 8.556462 36.797405 7.092317
v 8.553348 36.807671 7.094394
v 8.538877 36.771042 7.173156
v 8.535541 36.780972 7.176260
v 8.486268 36.730949 7.229403
v 8.482263 36.740368 7.233222
v 8.412729 36.687866 7.245988
v 8.407790 36.696735 7.250017
v 8.337968 36.653336 7.218465
v 8.332078 36.661770 7.222145
v 6.277213 36.567455 8.217260
v 6.252182 36.590012 8.044746
v 6.342988 36.666065 7.914876
v 6.496439 36.751060 7.903726
v 6.622642 36.795216 8.017827
v 6.496353 36.747162 7.908851
v 6.619975 36.792187 8.019463
v 6.619275 36.790173 8.019983
v 6.280890 36.568611 8.215233
v 6.256320 36.590752 8.045888
v 6.282826 36.568333 8.214231
v 6.258449 36.590298 8.046205
v 6.254183 36.590649 8.045391
v 6.278975 36.568310 8.216265
v 6.345459 36.665405 7.918403
v 6.346893 36.664375 7.919711
v 6.344127 36.665981 7.916754
v 6.496089 36.748840 7.907458
v 6.496119 36.750172 7.905710
v 6.621123 36.793911 8.018726
v 6.652972 36.787598 8.132520
v 6.651165 36.786362 8.132331
v 6.643652 36.768204 8.188012
v 6.644545 36.770046 8.188807
v 6.628894 36.751503 8.243201
v 6.645916 36.771568 8.189602
v 6.627316 36.750610 8.241961
v 6.555208 36.694126 8.314506
v 6.555407 36.695393 8.316293
v 6.556863 36.696609 8.320212
v 6.555972 36.696236 8.318239
v 6.456180 36.637627 8.342917
v 6.456243 36.637814 8.340730
v 6.405748 36.611340 8.325367
v 6.404776 36.611954 8.327238
v 6.353819 36.590351 8.305235
v 6.403979 36.612049 8.329284
v 6.354856 36.590988 8.303405
v 6.361206 36.586559 8.296834
v 6.286188 36.566208 8.212619
v 6.287416 36.564507 8.212098
v 6.619362 36.785892 8.020260
v 6.648616 36.778542 8.130884
v 6.620131 36.783886 8.020006
v 6.649343 36.776546 8.130477
v 6.648437 36.780659 8.131300
v 6.619071 36.788036 8.020252
v 6.643304 36.766197 8.187283
v 6.626153 36.741779 8.237083
v 6.625394 36.743729 8.237638
v 6.625125 36.745712 8.238461
v 6.556776 36.688908 8.311259
v 6.555919 36.690781 8.311917
v 6.459796 36.632095 8.333130
v 6.555386 36.692562 8.313025
v 6.458807 36.633888 8.333817
v 6.457901 36.635452 8.335009
v 6.406815 36.610268 8.323820
v 6.360077 36.588291 8.297472
v 6.358796 36.589680 8.298524
v 6.284623 36.567513 8.213346
v 6.619056 35.944511 7.914059
v 6.820190 35.799747 7.752035
v 6.737638 35.730610 7.870099
v 6.642148 35.923706 8.073222
v 6.760393 35.710106 8.026930
v 6.500473 36.158417 7.958018
v 6.350772 36.659485 7.920846
v 6.758586 35.964443 8.178493
v 6.875124 35.750248 8.130658
v 7.014623 35.827522 8.120522
v 6.523904 36.137306 8.119514
v 6.381890 36.372326 8.001976
v 6.258204 36.571846 8.101627
v 6.281394 36.606613 7.995021
v 6.642048 36.178642 8.226329
v 6.405661 36.350910 8.165806
v 6.525512 36.392838 8.274164
v 6.776255 35.740154 7.828380
v 6.836312 35.785923 7.764171
v 6.756180 35.710060 7.920663
v 6.781468 35.703705 8.016292
v 6.845344 35.722794 8.089643
v 6.930688 35.762211 8.121061
v 7.014637 35.811394 8.102129
v 7.094769 35.887257 7.945638
v 7.092233 35.876812 7.943682
v 7.069480 35.893612 7.850008
v 7.067568 35.872055 7.852642
v 7.068504 35.861176 7.852968
v 7.067894 35.882927 7.851650
v 7.073225 35.828175 8.023114
v 7.072421 35.838135 8.027530
v 7.072914 35.847855 8.032494
v 7.074695 35.857162 8.037919
v 7.015114 35.803802 8.094288
v 6.942834 35.742199 8.098395
v 6.938396 35.749763 8.104909
v 6.934323 35.756474 8.112508
v 6.852189 35.718540 8.082271
v 6.807722 35.689224 8.003531
v 6.799519 35.695309 8.007401
v 6.790717 35.700165 8.011680
v 7.097175 35.896660 8.002456
v 7.074419 35.917164 7.845627
v 7.005607 35.874523 7.776657
v 6.959690 35.877022 7.741898
v 6.920260 35.835106 7.745238
v 6.983941 36.113033 8.048386
v 6.960847 36.133846 7.889222
v 6.870707 36.329411 8.094314
v 6.844410 36.093105 7.783950
v 6.847274 36.350525 7.932817
v 6.757473 36.545788 8.140240
v 6.729131 36.309189 7.826002
v 6.733704 36.567204 7.976412
v 6.546342 36.761833 7.935271
v 6.613853 36.525269 7.868053
v 6.447751 36.716301 7.898976
v 6.256934 36.573559 8.101995
v 6.255257 36.574890 8.102301
v 6.260388 36.589352 8.046316
v 6.280157 36.608372 7.995241
v 6.278567 36.609837 7.995138
v 6.349630 36.661320 7.920963
v 6.348309 36.662983 7.920575
v 6.446743 36.718212 7.899062
v 6.445792 36.720100 7.898591
v 6.496880 36.745281 7.909779
v 6.545473 36.763809 7.935407
v 6.544899 36.765869 7.935075
v 6.766379 35.706280 7.919648
v 6.803000 35.722225 7.833384
v 6.794664 35.729233 7.832514
v 6.785698 35.735241 7.830835
v 6.843498 35.779289 7.769041
v 6.933392 35.808201 7.758103
v 6.928690 35.817604 7.755134
v 6.924289 35.826622 7.750821
v 7.006423 35.864559 7.781058
v 6.821788 35.673786 7.997272
v 6.799635 35.679356 7.913502
v 6.827411 35.664703 7.994990
v 6.805353 35.670246 7.911577
v 6.792755 35.687645 7.915302
v 6.815187 35.682011 8.000135
v 6.817221 35.705715 7.832663
v 6.822863 35.696495 7.831083
v 6.810563 35.714340 7.833435
v 6.869831 35.745811 7.776416
v 6.875248 35.736420 7.775074
v 6.863841 35.754944 7.776473
v 6.943368 35.788895 7.759830
v 6.948472 35.779320 7.758561
v 6.938313 35.798576 7.759678
v 7.018132 35.823421 7.787354
v 7.022916 35.813702 7.785965
v 7.078632 35.830353 7.849947
v 7.074085 35.840145 7.851609
v 7.014025 35.833542 7.787549
v 7.070690 35.850479 7.852621
v 7.540854 34.500973 7.516986
v 7.688522 34.578255 7.527878
v 7.766295 34.589363 7.675272
v 7.100689 35.824814 7.933361
v 7.083180 35.798561 8.013855
v 7.696400 34.523193 7.811775
v 7.030795 35.758636 8.069863
v 7.696434 34.484261 7.767373
v 7.748857 34.533890 7.664996
v 7.690526 34.525558 7.554450
v 7.579775 34.467598 7.546282
v 7.585682 34.426300 7.759205
v 7.527353 34.417965 7.648659
v 7.470958 34.434803 7.653488
v 7.548730 34.445911 7.800883
v 6.957570 35.715736 8.086376
v 6.883125 35.681358 8.058971
v 7.096237 35.834579 7.935379
v 7.093122 35.844841 7.937456
v 7.078651 35.808220 8.016217
v 7.075315 35.818146 8.019321
v 7.026042 35.768124 8.072465
v 7.022037 35.777542 8.076284
v 6.952504 35.725040 8.089049
v 6.947565 35.733910 8.093079
v 6.877741 35.690510 8.061526
v 6.871852 35.698944 8.065207
v 6.811389 37.484234 9.179207
v 6.706810 37.460438 9.023402
v 6.713674 37.459396 9.019859
v 6.944186 37.529259 9.306157
v 6.838346 37.489380 9.175744
v 7.097478 37.592896 9.396876
v 6.981452 37.539452 9.305128
v 7.262362 37.671444 9.446092
v 7.146335 37.610138 9.391989
v 7.975995 38.195221 8.730930
v 7.980834 38.175350 8.886870
v 7.958375 38.145569 8.923159
v 7.947612 38.220795 8.535310
v 7.989158 38.218277 8.702843
v 7.875163 38.220551 8.349627
v 7.957248 38.239777 8.517646
v 7.880498 38.225262 8.346456
v 7.884523 38.231419 8.343868
v 7.886961 38.238594 8.342042
v 6.817429 37.483002 9.174437
v 6.726766 37.463337 9.012654
v 6.720479 37.460384 9.016193
v 6.949179 37.527676 9.300385
v 7.101264 37.590809 9.390390
v 7.264845 37.668739 9.439217
v 7.321754 37.696621 9.430406
v 7.321489 37.696030 9.438173
v 7.320294 37.697243 9.445779
v 7.429249 37.760345 9.450941
v 7.430418 37.756939 9.444029
v 7.495757 37.793007 9.417761
v 7.497252 37.793392 9.425401
v 7.497698 37.795513 9.432887
v 7.588446 37.854424 9.411146
v 7.588360 37.850277 9.404547
v 7.656484 37.892727 9.354918
v 7.659606 37.894123 9.361921
v 7.661569 37.897186 9.368814
v 7.730697 37.948219 9.329018
v 7.729492 37.943336 9.323065
v 7.792984 37.988987 9.246158
v 7.797489 37.991360 9.252060
v 7.800736 37.995327 9.257928
v 7.847736 38.036282 9.209329
v 7.845609 38.030701 9.204319
v 7.895953 38.075226 9.098892
v 7.901500 38.078468 9.103304
v 7.905720 38.083252 9.107783
v 7.932764 38.113487 9.059034
v 7.929965 38.107300 9.055210
v 7.964552 38.149525 8.925791
v 7.969361 38.154972 8.928613
v 7.982351 38.199677 8.731618
v 7.987327 38.205589 8.732627
v 7.953682 38.225510 8.534018
v 7.958390 38.231667 8.533181
v 7.992537 38.171413 8.887565
v 7.943930 38.108856 9.061646
v 8.000951 38.214817 8.701486
v 7.857955 38.030792 9.213615
v 7.968687 38.236553 8.514224
v 7.739612 37.941750 9.334638
v 7.897615 38.235355 8.336664
v 7.595774 37.846909 9.417683
v 7.791870 38.211296 8.179122
v 7.763582 38.194508 8.186536
v 7.434803 37.751778 9.457921
v 7.657595 38.165768 8.050757
v 7.620474 38.144436 8.057153
v 7.266056 37.661888 9.453016
v 7.502593 38.101425 7.959028
v 7.455594 38.073750 7.970293
v 7.099336 37.582462 9.403254
v 7.335873 38.021999 7.909264
v 7.280175 37.987267 7.931876
v 6.944335 37.518120 9.311523
v 7.167125 37.932110 7.904360
v 7.106172 37.890881 7.944520
v 6.810059 37.472591 9.183158
v 7.006155 37.836979 7.944599
v 6.945445 37.791161 8.007363
v 6.704311 37.448532 9.025618
v 6.862318 37.742138 8.027643
v 6.808945 37.694897 8.116123
v 6.633242 37.447334 8.848057
v 6.654315 37.463093 8.826972
v 6.743972 37.653095 8.148666
v 6.705976 37.608658 8.263389
v 6.600976 37.469070 8.660796
v 6.625934 37.488667 8.631351
v 6.658000 37.575031 8.300635
v 6.643554 37.538319 8.439124
v 6.609392 37.512478 8.474717
v 6.690385 37.474380 9.031018
v 6.623140 37.472504 8.866589
v 6.589187 37.490444 8.693131
v 6.590225 37.527309 8.519343
v 6.626204 37.581245 8.353939
v 6.695323 37.649555 8.205214
v 6.794109 37.728806 8.080622
v 6.917614 37.815025 7.986417
v 7.059645 37.903889 7.927317
v 7.213077 37.990944 7.906288
v 7.370217 38.071827 7.924384
v 7.523188 38.142475 7.980697
v 7.664316 38.199352 8.072405
v 7.786526 38.239601 8.194908
v 7.883688 38.261208 8.342064
v 7.782380 38.214798 8.186237
v 7.649583 38.169773 8.059287
v 7.496292 38.106136 7.968569
v 6.604612 37.480751 8.662601
v 6.612935 37.523678 8.478574
v 6.636521 37.459255 8.847799
v 6.700356 37.463440 9.026581
v 6.694755 37.468197 9.029179
v 7.789490 38.232433 8.194140
v 7.887644 38.246300 8.341102
v 7.886528 38.254013 8.341108
v 7.667437 38.192238 8.071795
v 7.526490 38.135433 7.980205
v 7.373715 38.064873 7.923963
v 7.331409 38.027584 7.919353
v 7.328732 38.034016 7.915856
v 7.325506 38.040928 7.914257
v 7.216776 37.984097 7.905890
v 7.164521 37.938686 7.914504
v 7.160836 37.944580 7.910975
v 7.156973 37.951153 7.909359
v 7.063540 37.897152 7.926893
v 7.005323 37.844604 7.954298
v 7.000677 37.849930 7.951013
v 6.996210 37.856144 7.949546
v 6.921692 37.808399 7.985917
v 6.863072 37.750809 8.036427
v 6.857564 37.755566 8.033638
v 6.852557 37.761425 8.032483
v 6.798347 37.722290 8.080003
v 6.746033 37.662750 8.156116
v 6.739818 37.666973 8.154051
v 6.734365 37.672501 8.153352
v 6.699686 37.643143 8.204433
v 6.661006 37.585545 8.306410
v 6.654276 37.589302 8.305253
v 6.648500 37.594532 8.305125
v 6.630658 37.574924 8.352968
v 6.605915 37.527065 8.478458
v 6.599957 37.532059 8.478984
v 6.597541 37.483875 8.663599
v 6.591551 37.488708 8.664824
v 6.629643 37.462246 8.849916
v 6.623775 37.466999 8.851846
v 7.954760 38.262405 8.519624
v 6.805570 37.487381 9.183327
v 6.800365 37.492226 9.186517
v 6.796131 37.498444 9.188559
v 6.939167 37.532677 9.311046
v 6.934469 37.537693 9.314717
v 6.930407 37.543968 9.316923
v 7.093389 37.596695 9.402313
v 7.089272 37.601955 9.406330
v 7.085409 37.608315 9.408654
v 7.252129 37.687740 9.458417
v 7.259267 37.675724 9.451825
v 7.255777 37.681278 9.456030
v 7.427166 37.765160 9.456705
v 7.424310 37.771053 9.460927
v 7.420877 37.777630 9.463321
v 7.587324 37.859806 9.416669
v 7.585073 37.866062 9.420740
v 7.581847 37.872761 9.423082
v 7.730435 37.954170 9.334044
v 7.728725 37.960785 9.337802
v 7.725684 37.967602 9.340038
v 7.848184 38.042763 9.213630
v 7.846919 38.049709 9.216934
v 7.844028 38.056641 9.219015
v 7.933723 38.120438 9.062428
v 7.932783 38.127674 9.065161
v 7.930002 38.134708 9.067046
v 7.982087 38.182674 8.889223
v 7.981328 38.190147 8.891302
v 7.978610 38.197262 8.892964
v 7.990458 38.225861 8.704083
v 7.989731 38.233498 8.705462
v 7.987024 38.240665 8.706885
v 7.958356 38.247490 8.517766
v 7.957509 38.255207 8.518441
v 7.780766 38.207809 8.189292
v 7.649017 38.163143 8.063342
v 7.496933 38.100006 7.973338
v 7.333350 38.022076 7.924510
v 7.279490 37.989616 7.924476
v 7.277903 37.993572 7.917950
v 7.167777 37.933876 7.919700
v 7.103725 37.892258 7.937249
v 7.100498 37.895298 7.930840
v 7.009834 37.840534 7.959181
v 6.941371 37.791527 8.000728
v 6.936626 37.793629 7.994914
v 6.868704 37.747478 8.040663
v 6.803490 37.694290 8.110589
v 6.797459 37.695488 8.105799
v 6.752586 37.660114 8.159409
v 6.699479 37.607178 8.259345
v 6.692477 37.607559 8.255944
v 6.668231 37.583519 8.308517
v 6.636425 37.536125 8.436858
v 6.628835 37.535843 8.435116
v 6.618628 37.485973 8.631031
v 6.610868 37.485222 8.631101
v 6.647295 37.460140 8.828631
v 6.639807 37.459148 8.830546
v 8.397496 37.070538 8.160696
v 8.381913 37.099457 8.166739
v 8.289498 37.044598 8.006343
v 8.266566 37.071224 8.004423
v 8.149546 36.993919 7.887997
v 8.116142 37.015526 7.883105
v 7.988976 36.922607 7.815243
v 7.944272 36.937412 7.813776
v 7.820796 36.836445 7.793977
v 7.766528 36.843960 7.802719
v 7.658633 36.742401 7.825921
v 7.599019 36.743641 7.850935
v 7.515623 36.648106 7.908489
v 7.456923 36.645542 7.954058
v 7.403350 36.561192 8.034988
v 7.353119 36.558556 8.102739
v 7.330914 36.488705 8.195174
v 7.297012 36.490566 8.283508
v 7.304182 36.436512 8.376068
v 7.293686 36.447731 8.479982
v 7.325316 36.408844 8.563014
v 7.310410 36.437553 8.571820
v 7.338374 36.433910 8.661386
v 7.392610 36.407944 8.740868
v 7.377027 36.436871 8.746910
v 7.326180 36.428055 8.473272
v 7.370566 36.414631 8.652025
v 7.457445 36.427498 8.814476
v 7.492373 36.465107 8.909225
v 7.579774 36.465622 8.947462
v 7.642797 36.520802 9.030544
v 7.727647 36.525913 9.040210
v 7.814670 36.598915 9.099874
v 7.889081 36.603489 9.085205
v 7.992414 36.692368 9.110929
v 8.050999 36.692062 9.078804
v 8.159922 36.792686 9.062712
v 8.200283 36.784458 9.021524
v 8.302016 36.890785 8.959591
v 8.324840 36.873188 8.918006
v 8.405820 36.977772 8.810908
v 8.414577 36.951065 8.776636
v 8.461927 37.045761 8.630140
v 8.462226 37.011784 8.608868
v 8.465253 37.088596 8.433666
v 8.463925 37.050423 8.428292
v 7.500607 36.433884 8.895221
v 7.640561 36.484562 9.013568
v 7.801130 36.555874 9.086321
v 7.969311 36.642040 9.107587
v 8.131473 36.736080 9.075643
v 8.274483 36.830376 8.993075
v 8.386754 36.917286 8.866575
v 8.459190 36.989777 8.706389
v 8.485924 37.041969 8.525496
v 8.464787 37.069633 8.338550
v 8.448530 37.098774 8.341828
v 8.420566 37.102417 8.252262
v 7.327879 36.466698 8.292696
v 7.375528 36.527416 8.124928
v 7.465266 36.605293 7.983558
v 8.419538 37.063850 8.249538
v 7.589821 36.694027 7.880040
v 8.332661 37.050980 8.087088
v 7.739107 36.786419 7.822760
v 8.210330 37.012856 7.954102
v 7.901024 36.874992 7.816358
v 8.062459 36.952564 7.861355
v 7.806965 38.083126 8.963511
v 7.956452 38.211479 8.734626
v 7.939052 38.162445 8.924458
v 7.877408 38.092979 9.098001
v 7.775723 38.007816 9.243432
v 7.823301 38.173183 8.574543
v 7.928424 38.236736 8.541443
v 7.856876 38.236492 8.358074
v 7.581872 37.904320 9.238923
v 7.640924 37.912754 9.350839
v 7.482199 37.814278 9.412898
v 7.624692 38.137718 8.232101
v 7.746686 38.210773 8.197016
v 7.371148 37.777714 9.301512
v 7.310365 37.719090 9.425385
v 7.605362 38.161327 8.069244
v 7.432858 38.060349 8.107724
v 7.442535 38.091522 7.983467
v 7.146808 37.664860 9.263188
v 7.137131 37.633686 9.387446
v 6.974305 37.563881 9.301668
v 7.269302 38.006115 7.945528
v 7.208519 37.947491 8.069401
v 6.954974 37.587486 9.138811
v 6.832981 37.514431 9.173897
v 7.097468 37.910931 7.958014
v 6.997796 37.820889 8.131989
v 6.722789 37.488712 9.012838
v 6.938744 37.812454 8.020075
v 6.756365 37.552025 8.796370
v 6.651243 37.488472 8.829469
v 6.803945 37.717388 8.127481
v 6.772700 37.642082 8.407403
v 6.623215 37.513729 8.636289
v 6.702260 37.632225 8.272910
v 6.640615 37.562763 8.446455
v 6.722067 37.488319 9.013249
v 7.747209 38.211258 8.196435
v 7.857533 38.237011 8.357689
v 7.747653 38.211853 8.195894
v 7.748006 38.212543 8.195405
v 7.858585 38.238354 8.357032
v 7.858107 38.237633 8.357339
v 7.605712 38.161751 8.068508
v 7.605989 38.162285 8.067816
v 7.606184 38.162922 8.067183
v 7.442782 38.092873 7.981102
v 7.442688 38.091862 7.982626
v 7.442770 38.092312 7.981832
v 7.268939 38.007164 7.943030
v 7.269245 38.006351 7.944643
v 7.269123 38.006702 7.943803
v 7.097201 37.911049 7.957144
v 7.096876 37.911289 7.956320
v 7.096498 37.911644 7.955561
v 6.938284 37.812454 8.019279
v 6.937769 37.812576 8.018528
v 6.937212 37.812817 8.017839
v 6.801938 37.717419 8.125625
v 6.803321 37.717274 8.126815
v 6.802648 37.717285 8.126192
v 6.701512 37.632008 8.272422
v 6.700716 37.631916 8.271971
v 6.699893 37.631954 8.271567
v 6.639793 37.562458 8.446177
v 6.638927 37.562286 8.445932
v 6.638031 37.562244 8.445725
v 6.620570 37.513042 8.636228
v 6.622372 37.513367 8.636240
v 6.621483 37.513134 8.636220
v 6.650434 37.488079 8.829658
v 6.649579 37.487816 8.829867
v 6.721298 37.488060 9.013677
v 6.720497 37.487934 9.014109
v 6.648696 37.487694 8.830091
v 6.832393 37.514072 9.174503
v 6.831752 37.513840 9.175120
v 6.831076 37.513748 9.175735
v 6.973887 37.563580 9.302430
v 6.973415 37.563408 9.303199
v 6.972898 37.563370 9.303957
v 7.136300 37.633423 9.390037
v 7.136912 37.633469 9.388311
v 7.136632 37.633381 9.389182
v 7.310144 37.719128 9.428109
v 7.310357 37.718979 9.426296
v 7.310283 37.718990 9.427212
v 7.482399 37.814281 9.413795
v 7.482529 37.814404 9.414695
v 7.482584 37.814648 9.415579
v 7.641316 37.912876 9.351659
v 7.641634 37.913120 9.352486
v 7.641870 37.913475 9.353299
v 7.776278 38.008053 9.244123
v 7.776756 38.008408 9.244823
v 7.777143 38.008869 9.245515
v 7.878088 38.093323 9.098516
v 7.878686 38.093777 9.099043
v 7.879189 38.094337 9.099571
v 7.941051 38.164047 8.925414
v 7.939806 38.162872 8.924761
v 7.940478 38.163410 8.925082
v 7.958512 38.213253 8.734912
v 7.957230 38.211964 8.734698
v 7.957922 38.212559 8.734795
v 7.929166 38.237251 8.541280
v 7.929825 38.237877 8.541147
v 7.930386 38.238598 8.541048
v 7.858959 38.239155 8.356774
v 6.830379 37.513794 9.176330
v 6.719684 37.487953 9.014535
v 6.829677 37.513973 9.176893
v 6.718879 37.488113 9.014948
v 6.718101 37.488407 9.015336
v 6.828987 37.514290 9.177412
v 6.972349 37.563465 9.304686
v 6.971778 37.563694 9.305369
v 6.971203 37.564049 9.305991
v 7.135058 37.634296 9.392310
v 7.135921 37.633591 9.390857
v 7.135502 37.633884 9.391621
v 7.309946 37.719387 9.428968
v 7.309690 37.719761 9.429768
v 7.309387 37.720238 9.430489
v 7.482565 37.815006 9.416425
v 7.482471 37.815472 9.417212
v 7.482306 37.816025 9.417923
v 7.642034 37.915127 9.355471
v 7.642016 37.913937 9.354080
v 7.642072 37.914490 9.354810
v 7.777431 38.009430 9.246183
v 7.777614 38.010075 9.246813
v 7.777684 38.010788 9.247387
v 7.880013 38.096493 9.101038
v 7.879583 38.094986 9.100088
v 7.879859 38.095711 9.100580
v 7.942046 38.166397 8.926397
v 7.941510 38.164768 8.925750
v 7.941844 38.165558 8.926080
v 7.959556 38.215736 8.735365
v 7.958990 38.214024 8.735049
v 7.959340 38.214859 8.735202
v 7.930833 38.239395 8.540982
v 7.859216 38.240013 8.356574
v 7.931157 38.240253 8.540954
v 7.859352 38.240913 8.356435
v 7.931351 38.241154 8.540962
v 6.646101 37.488163 8.830810
v 7.748263 38.213318 8.194979
v 7.748418 38.214153 8.194629
v 7.748466 38.215027 8.194359
v 7.606294 38.163643 8.066625
v 7.606316 38.164433 8.066153
v 7.606248 38.165268 8.065781
v 7.442722 38.093517 7.980453
v 7.442592 38.094242 7.979903
v 7.442392 38.095024 7.979462
v 7.268065 38.009079 7.941284
v 7.268696 38.007725 7.942342
v 7.268404 38.008366 7.941755
v 7.096076 37.912102 7.954885
v 7.095623 37.912655 7.954311
v 7.095147 37.913292 7.953849
v 6.936625 37.813175 8.017230
v 6.936023 37.813637 8.016712
v 6.935418 37.814190 8.016301
v 6.801209 37.717678 8.125127
v 6.800481 37.718052 8.124710
v 6.799768 37.718529 8.124385
v 6.699059 37.632122 8.271222
v 6.698235 37.632416 8.270942
v 6.697440 37.632824 8.270734
v 6.635406 37.562923 8.445374
v 6.637134 37.562340 8.445560
v 6.636250 37.562569 8.445443
v 6.619653 37.513084 8.636261
v 6.618754 37.513264 8.636321
v 6.617896 37.513580 8.636407
v 6.647810 37.487713 8.830328
v 6.646936 37.487873 8.830569
v 6.848211 37.946255 8.016080
v 6.998153 38.052013 7.966424
v 6.847135 37.957893 8.027505
v 7.001234 38.041626 7.954189
v 7.161512 38.143684 7.948918
v 7.166761 38.134510 7.936450
v 7.327723 38.227573 7.976003
v 7.335176 38.219513 7.963894
v 7.487121 38.298805 8.046106
v 7.496689 38.291691 8.034927
v 7.641915 38.346848 8.145422
v 7.630445 38.353241 8.155153
v 7.762414 38.381783 8.288955
v 7.749363 38.387718 8.296806
v 7.836968 38.400230 8.462834
v 7.851181 38.394463 8.457185
v 7.903059 38.384151 8.640336
v 7.888167 38.390057 8.643587
v 7.915031 38.351448 8.827764
v 7.899982 38.357780 8.828560
v 7.886405 38.298252 9.008575
v 7.871732 38.305283 9.007004
v 7.805053 38.235611 9.168546
v 7.818841 38.227657 9.172261
v 7.716268 38.143764 9.309312
v 7.703823 38.152817 9.303802
v 7.573924 38.061714 9.404908
v 7.584644 38.051453 9.411758
v 6.847190 37.957790 8.027484
v 6.998209 38.051914 7.966403
v 7.161569 38.143581 7.948895
v 7.327777 38.227467 7.975982
v 7.487175 38.298702 8.046084
v 7.630499 38.353138 8.155131
v 7.749420 38.387615 8.296785
v 7.837025 38.400127 8.462812
v 7.888223 38.389954 8.643565
v 7.900040 38.357677 8.828539
v 7.871787 38.305180 9.006982
v 7.805109 38.235508 9.168527
v 7.703877 38.152714 9.303781
v 7.573979 38.061607 9.404886
v 6.983788 37.746326 9.392016
v 6.933992 37.720699 9.386286
v 7.093390 37.791927 9.456389
v 7.281245 37.891636 9.463576
v 7.259601 37.875816 9.483474
v 6.790668 37.666260 9.277238
v 7.422961 37.967487 9.465968
v 6.731016 37.653233 9.185746
v 6.671750 37.631786 9.135585
v 7.564452 38.060246 9.386830
v 6.623127 37.630901 9.014422
v 6.584145 37.619270 8.969558
v 6.549911 37.639973 8.782173
v 6.532946 37.629444 8.788805
v 7.761868 38.205368 9.201289
v 6.521130 37.661720 8.603831
v 6.551981 37.700817 8.496248
v 7.869186 38.318581 8.936123
v 6.549382 37.714218 8.425388
v 6.659302 37.814034 8.231080
v 6.616061 37.783890 8.263845
v 7.871257 38.379429 8.650197
v 6.717290 37.866684 8.128590
v 7.798041 38.388496 8.417948
v 6.856718 37.959152 8.045540
v 7.690154 38.366161 8.246624
v 7.139925 38.127762 7.968795
v 7.437382 38.273071 8.040354
v 7.431623 37.956081 9.473651
v 7.266094 37.863194 9.491389
v 7.097680 37.778194 9.463944
v 6.936165 37.706017 9.392911
v 6.790941 37.650860 9.282417
v 6.670443 37.615921 9.138884
v 6.581676 37.603245 8.970654
v 6.529798 37.613556 8.787502
v 6.517825 37.646259 8.600075
v 6.546452 37.699451 8.419264
v 6.614016 37.770050 8.255577
v 6.716588 37.853943 8.118527
v 7.422905 37.967590 9.465989
v 7.259544 37.875919 9.483496
v 7.093336 37.792034 9.456410
v 6.933938 37.720798 9.386307
v 6.790614 37.666363 9.277260
v 6.671693 37.631886 9.135607
v 6.584088 37.619373 8.969579
v 6.532890 37.629551 8.788826
v 6.521073 37.661827 8.603853
v 6.549326 37.714325 8.425410
v 6.616004 37.783997 8.263866
v 6.717236 37.866787 8.128612
v 7.878079 38.336136 8.875687
v 7.777421 38.218937 9.177098
v 7.845955 38.388531 8.542025
v 7.564395 38.060352 9.386852
v 7.764877 38.383873 8.355224
v 7.616037 38.343079 8.166635
v 7.309093 37.906963 9.462687
v 7.383654 38.249336 8.016071
v 7.037405 37.770271 9.416342
v 7.111964 38.112640 7.969726
v 6.805019 37.676525 9.265779
v 6.656179 37.635735 9.077190
v 6.856661 37.959255 8.045562
v 6.575102 37.631073 8.890388
v 6.643637 37.800667 8.255315
v 6.542977 37.683472 8.556727
v 7.858580 38.238300 8.357039
v 7.748005 38.212490 8.195420
v 7.858091 38.237564 8.357352
v 7.857507 38.236923 8.357710
v 7.747192 38.211174 8.196470
v 7.856838 38.236397 8.358102
v 7.746661 38.210682 8.197062
v 7.747644 38.211784 8.195919
v 7.605711 38.161671 8.068556
v 7.605352 38.161236 8.069306
v 7.606188 38.162872 8.067204
v 7.605991 38.162220 8.067849
v 7.442796 38.092823 7.981129
v 7.442700 38.091789 7.982683
v 7.442545 38.091442 7.983539
v 7.442786 38.092251 7.981872
v 7.269274 38.006287 7.944702
v 7.269332 38.006046 7.945606
v 7.268960 38.007118 7.943058
v 7.269148 38.006649 7.943846
v 7.097247 37.910995 7.957201
v 7.097518 37.910873 7.958090
v 7.096527 37.911602 7.955588
v 7.096913 37.911240 7.956361
v 6.938344 37.812408 8.019331
v 6.938814 37.812408 8.020143
v 6.937250 37.812782 8.017864
v 6.937819 37.812534 8.018566
v 6.803394 37.717239 8.126857
v 6.804030 37.717358 8.127536
v 6.801981 37.717388 8.125644
v 6.802707 37.717251 8.126222
v 6.701594 37.631977 8.272450
v 6.702356 37.632202 8.272949
v 6.700782 37.631886 8.271991
v 6.699942 37.631927 8.271580
v 6.639882 37.562435 8.446190
v 6.640719 37.562744 8.446472
v 6.638996 37.562260 8.445940
v 6.638083 37.562222 8.445728
v 6.622461 37.513351 8.636234
v 6.623322 37.513718 8.636282
v 6.651347 37.488464 8.829443
v 6.621553 37.513115 8.636214
v 6.620622 37.513020 8.636222
v 6.650520 37.488064 8.829634
v 6.722885 37.488708 9.012789
v 6.722148 37.488304 9.013208
v 6.649648 37.487801 8.829847
v 6.721362 37.488041 9.013643
v 6.720543 37.487919 9.014084
v 6.648747 37.487675 8.830077
v 7.239149 37.708656 9.291345
v 6.974370 37.563866 9.301585
v 7.137177 37.633659 9.387352
v 7.310390 37.719055 9.425286
v 7.482203 37.814232 9.412801
v 6.915812 37.574745 9.098488
v 6.833062 37.514423 9.173828
v 7.581899 37.904266 9.238913
v 7.640910 37.912697 9.350748
v 7.775692 38.007748 9.243355
v 6.744672 37.557392 8.740188
v 7.744841 38.024048 9.085766
v 7.877366 38.092903 9.097942
v 6.746312 37.607590 8.504107
v 7.833412 38.117512 8.866783
v 7.939003 38.162357 8.924418
v 7.956400 38.211384 8.734609
v 6.834883 37.701057 8.285126
v 7.835051 38.167709 8.630705
v 7.928377 38.236637 8.541449
v 6.997824 37.820835 8.131978
v 7.663910 38.150360 8.272404
v 7.340573 38.016445 8.079546
v 6.831118 37.513725 9.175703
v 6.832462 37.514057 9.174446
v 6.831809 37.513821 9.175076
v 6.973945 37.563557 9.302361
v 6.972933 37.563347 9.303920
v 6.973463 37.563385 9.303145
v 7.136328 37.633392 9.389996
v 7.136953 37.633438 9.388235
v 7.136669 37.633350 9.389123
v 7.310380 37.718941 9.426216
v 7.310163 37.719093 9.428066
v 7.310306 37.718956 9.427150
v 7.482408 37.814236 9.413715
v 7.482595 37.814613 9.415536
v 7.482540 37.814362 9.414636
v 7.641311 37.912823 9.351585
v 7.641873 37.913437 9.353259
v 7.641634 37.913071 9.352429
v 7.776260 38.007992 9.244060
v 7.777142 38.008827 9.245481
v 7.776748 38.008354 9.244774
v 7.878059 38.093250 9.098467
v 7.878671 38.093716 9.099005
v 7.879181 38.094288 9.099544
v 7.939774 38.162792 8.924727
v 7.940457 38.163342 8.925056
v 7.941040 38.163994 8.925395
v 7.957193 38.211880 8.734683
v 7.957900 38.212490 8.734781
v 7.958501 38.213196 8.734902
v 7.929133 38.237164 8.541284
v 7.929806 38.237801 8.541148
v 7.930376 38.238541 8.541046
v 6.719715 37.487938 9.014521
v 6.830406 37.513775 9.176311
v 6.829690 37.513966 9.176885
v 6.718894 37.488102 9.014941
v 6.972372 37.563446 9.304664
v 6.971790 37.563683 9.305359
v 7.135940 37.633568 9.390831
v 7.135512 37.633873 9.391608
v 7.309959 37.719364 9.428942
v 7.309699 37.719746 9.429755
v 7.482574 37.814980 9.416398
v 7.482478 37.815456 9.417200
v 7.642022 37.913906 9.354055
v 7.642076 37.914474 9.354798
v 7.777432 38.009399 9.246161
v 7.777616 38.010059 9.246802
v 7.879580 38.094952 9.100071
v 7.879860 38.095692 9.100573
v 7.941505 38.164730 8.925736
v 7.941844 38.165539 8.926073
v 7.958984 38.213985 8.735042
v 7.959340 38.214840 8.735198
v 7.930830 38.239357 8.540980
v 7.858957 38.239117 8.356779
v 7.931158 38.240238 8.540952
v 7.859217 38.239994 8.356575
v 7.748266 38.213280 8.194988
v 7.748421 38.214134 8.194632
v 7.606299 38.163609 8.066636
v 7.606319 38.164413 8.066157
v 7.442732 38.093487 7.980468
v 7.442597 38.094227 7.979908
v 7.268713 38.007694 7.942357
v 7.268412 38.008350 7.941761
v 7.096097 37.912075 7.954901
v 7.095633 37.912640 7.954316
v 6.936649 37.813148 8.017243
v 6.936035 37.813622 8.016718
v 6.801239 37.717655 8.125136
v 6.800495 37.718037 8.124714
v 6.699090 37.632103 8.271228
v 6.698249 37.632404 8.270944
v 6.637167 37.562321 8.445561
v 6.636267 37.562557 8.445443
v 6.619687 37.513065 8.636257
v 6.618771 37.513256 8.636318
v 6.647841 37.487694 8.830318
v 6.646953 37.487862 8.830564
v 8.905885 36.254143 9.224445
v 8.903941 36.253864 9.220760
v 8.905374 36.255718 9.224596
v 8.903824 36.258034 9.220508
v 8.905441 36.257370 9.224437
v 8.906075 36.258839 9.223991
v 8.908011 36.260262 9.222862
v 8.906964 36.260105 9.218696
v 8.910357 36.260044 9.221641
v 8.912166 36.258286 9.220819
v 8.909567 36.257915 9.215894
v 8.912282 36.254116 9.221071
v 8.900015 36.253304 9.213320
v 8.909141 36.252048 9.222884
v 8.903534 36.449589 9.206223
v 8.754801 36.351521 9.292094
v 21.860054 12.217556 4.196126
v 21.862658 12.215366 4.193326
v 21.856915 12.215485 4.197939
v 22.012453 12.117807 4.123231
v 21.857031 12.211318 4.198192
v 21.863718 12.019737 4.209104
v 8.967700 36.468300 9.282132
v 8.942188 36.463902 9.237401
v 8.975726 36.462040 9.332803
v 9.007055 36.470570 9.372767
v 8.993298 36.468605 9.346694
v 8.985448 36.463428 9.351227
v 9.003558 36.465328 9.388844
v 8.759418 36.343388 9.342924
v 8.782003 36.345860 9.389344
v 8.818712 36.358509 9.423454
v 8.828434 36.359901 9.441878
v 8.834340 36.356686 9.472484
v 8.820583 36.354721 9.446411
v 8.849209 36.363556 9.477958
v 22.112474 12.133545 4.305855
v 22.115974 12.138789 4.289777
v 22.102215 12.136823 4.263703
v 22.094364 12.131646 4.268237
v 22.084644 12.130258 4.249813
v 22.076616 12.136519 4.199142
v 22.051105 12.132119 4.154410
v 21.868336 12.011606 4.259933
v 21.890921 12.014077 4.306354
v 21.927629 12.026729 4.340464
v 21.937351 12.028117 4.358889
v 21.958126 12.031775 4.394968
v 21.943258 12.024906 4.389495
v 21.929501 12.022940 4.363420
v 21.858974 12.211595 4.201877
v 21.858463 12.213169 4.202028
v 21.858532 12.214821 4.201868
v 21.859165 12.216290 4.201423
v 21.861101 12.217711 4.200294
v 21.863447 12.217499 4.199071
v 21.865255 12.215737 4.198251
v 21.865374 12.211572 4.198503
v 21.853106 12.210757 4.190752
v 21.862232 12.209501 4.200315
v 8.623260 36.067791 9.387618
v 8.621317 36.067513 9.383934
v 8.622749 36.069366 9.387771
v 8.621200 36.071678 9.383681
v 8.622817 36.071018 9.387609
v 8.623451 36.072483 9.387164
v 8.625387 36.073906 9.386035
v 8.624340 36.073750 9.381868
v 8.627733 36.073692 9.384813
v 8.629541 36.071930 9.383992
v 8.626943 36.071560 9.379067
v 8.629658 36.067764 9.384245
v 8.617391 36.066952 9.376493
v 8.626518 36.065697 9.386058
v 8.620911 36.263233 9.369396
v 8.472178 36.165165 9.455267
v 21.577431 12.031202 4.359300
v 21.580032 12.029014 4.356499
v 21.574289 12.029132 4.361113
v 21.729828 11.931455 4.286406
v 21.574408 12.024965 4.361364
v 21.581095 11.833385 4.372277
v 8.685076 36.281944 9.445306
v 8.659564 36.277546 9.400574
v 8.693102 36.275688 9.495975
v 8.724431 36.284218 9.535941
v 8.710673 36.282253 9.509867
v 8.702823 36.277077 9.514400
v 8.720934 36.278973 9.552018
v 8.476794 36.157036 9.506097
v 8.499379 36.159504 9.552518
v 8.536088 36.172153 9.586628
v 8.545810 36.173542 9.605052
v 8.551716 36.170334 9.635657
v 8.537959 36.168369 9.609584
v 8.566584 36.177200 9.641132
v 21.829851 11.947192 4.469028
v 21.833347 11.952434 4.452950
v 21.819590 11.950469 4.426877
v 21.811741 11.945293 4.431409
v 21.802019 11.943904 4.412986
v 21.793993 11.950166 4.362316
v 21.768480 11.945766 4.317584
v 21.585711 11.825253 4.423107
v 21.608297 11.827724 4.469527
v 21.645006 11.840375 4.503638
v 21.654726 11.841763 4.522061
v 21.675503 11.845420 4.558141
v 21.660635 11.838552 4.552669
v 21.646875 11.836587 4.526594
v 21.576351 12.025243 4.365049
v 21.575840 12.026816 4.365201
v 21.575907 12.028468 4.365041
v 21.576542 12.029937 4.364595
v 21.578478 12.031358 4.363467
v 21.580824 12.031144 4.362246
v 21.582630 12.029384 4.361423
v 21.582748 12.025217 4.361677
v 21.570480 12.024404 4.353925
v 21.579609 12.023147 4.363490
v 7.868064 36.109138 7.242047
v 7.870008 36.109417 7.245733
v 7.867056 36.110386 7.242485
v 7.866752 36.111515 7.247293
v 7.865711 36.111107 7.243141
v 7.864241 36.111187 7.243910
v 7.862191 36.109978 7.245083
v 7.863612 36.109440 7.249105
v 7.861244 36.107594 7.245762
v 7.861784 36.105000 7.245673
v 7.864383 36.105370 7.250597
v 7.865040 36.102901 7.244112
v 7.873935 36.109978 7.253171
v 7.868181 36.104973 7.242299
v 7.714588 36.202930 7.320691
v 7.863321 36.300999 7.234821
v 20.816700 12.066894 2.226537
v 20.817472 12.062821 2.228030
v 20.819841 12.068965 2.224724
v 20.823505 11.871147 2.237702
v 20.823097 12.066869 2.223164
v 20.972239 11.969217 2.151830
v 7.650423 36.184216 7.244781
v 7.675933 36.188618 7.289513
v 7.642396 36.190475 7.194112
v 7.611066 36.181946 7.154147
v 7.624825 36.183910 7.180220
v 7.632675 36.189087 7.175688
v 7.614563 36.187187 7.138069
v 7.858704 36.309128 7.183990
v 7.836119 36.306660 7.137569
v 7.799410 36.294006 7.103460
v 7.789689 36.292618 7.085036
v 7.783782 36.295830 7.054430
v 7.797539 36.297794 7.080503
v 7.768914 36.288963 7.048955
v 20.723480 11.855409 2.055079
v 20.719984 11.850165 2.071157
v 20.733740 11.852131 2.097230
v 20.741592 11.857308 2.092697
v 20.751312 11.858696 2.111122
v 20.759338 11.852435 2.161792
v 20.784849 11.856835 2.206523
v 20.967619 11.977348 2.101001
v 20.945034 11.974877 2.054580
v 20.908325 11.962226 2.020470
v 20.898603 11.960837 2.002045
v 20.877829 11.957181 1.965966
v 20.892698 11.964048 1.971438
v 20.906454 11.966013 1.997513
v 20.821154 12.066592 2.219479
v 20.820145 12.067838 2.219917
v 20.818800 12.068559 2.220572
v 20.817331 12.068640 2.221342
v 20.815281 12.067432 2.222515
v 20.814333 12.065048 2.223194
v 20.814873 12.062450 2.223105
v 20.818130 12.060354 2.221544
v 20.827023 12.067430 2.230604
v 20.821270 12.062426 2.219731
v 7.585440 35.922787 7.405221
v 7.587384 35.923061 7.408905
v 7.584432 35.924030 7.405659
v 7.584126 35.925159 7.410466
v 7.583086 35.924751 7.406314
v 7.581616 35.924835 7.407083
v 7.579566 35.923626 7.408256
v 7.580986 35.923088 7.412279
v 7.578619 35.921242 7.408935
v 7.579158 35.918644 7.408847
v 7.581758 35.919014 7.413771
v 7.582417 35.916550 7.407286
v 7.591310 35.923622 7.416345
v 7.585557 35.918621 7.405473
v 7.431963 36.016575 7.483865
v 7.580698 36.114647 7.397994
v 20.534077 11.880541 2.389711
v 20.534847 11.876469 2.391203
v 20.537216 11.882612 2.387898
v 20.540880 11.684793 2.400875
v 20.540474 11.880516 2.386337
v 20.689613 11.782864 2.315004
v 7.367798 35.997864 7.407956
v 7.393310 36.002262 7.452687
v 7.359773 36.004124 7.357285
v 7.328443 35.995594 7.317321
v 7.342199 35.997559 7.343393
v 7.350050 36.002735 7.338860
v 7.331940 36.000835 7.301243
v 7.576079 36.122776 7.347164
v 7.553493 36.120308 7.300744
v 7.516786 36.107655 7.266633
v 7.507064 36.106266 7.248209
v 7.501158 36.109478 7.217604
v 7.514915 36.111443 7.243677
v 7.486290 36.102608 7.212129
v 20.440857 11.669055 2.218253
v 20.437359 11.663813 2.234330
v 20.451115 11.665777 2.260403
v 20.458967 11.670954 2.255871
v 20.468689 11.672342 2.274295
v 20.476713 11.666082 2.324965
v 20.502226 11.670483 2.369696
v 20.684996 11.790994 2.264174
v 20.662411 11.788525 2.217753
v 20.625702 11.775873 2.183643
v 20.615980 11.774484 2.165219
v 20.595203 11.770828 2.129140
v 20.610073 11.777696 2.134612
v 20.623831 11.779660 2.160686
v 20.538528 11.880238 2.382652
v 20.537521 11.881484 2.383090
v 20.536177 11.882205 2.383746
v 20.534706 11.882287 2.384515
v 20.532656 11.881078 2.385688
v 20.531708 11.878694 2.386367
v 20.532249 11.876098 2.386278
v 20.535505 11.874002 2.384718
v 20.544399 11.881077 2.393777
v 20.538645 11.876072 2.382905
v 20.387503 11.457198 3.556500
v 20.426458 11.384892 3.541394
v 20.597561 11.409331 3.865662
v 20.558603 11.481639 3.880768
v 20.386934 11.461173 3.536011
v 20.393482 11.466163 3.529010
v 20.432440 11.393854 3.513905
v 20.425890 11.388865 3.520906
v 20.384745 11.457891 3.546073
v 20.423702 11.385583 3.530967
v 20.565567 11.483722 3.888765
v 20.574873 11.488018 3.892191
v 20.584026 11.493382 3.890127
v 20.580780 11.523926 3.735548
v 20.659475 11.543130 3.846566
v 20.516788 11.514784 3.614271
v 20.468931 11.515911 3.485450
v 20.507889 11.443604 3.470344
v 22.656580 12.538615 3.770051
v 22.631550 12.561170 3.597537
v 22.565773 12.462564 3.899921
v 22.412321 12.377563 3.911072
v 22.505346 12.517013 3.483436
v 21.897018 12.068308 4.062481
v 22.286121 12.333404 3.796971
v 22.127439 12.413736 3.003202
v 22.351896 12.432014 3.494586
v 22.129629 12.417018 2.993140
v 21.894829 12.065026 4.072544
v 22.126871 12.417710 2.982713
v 21.894260 12.069000 4.052054
v 22.120893 12.408746 3.010203
v 21.888281 12.060036 4.079544
v 21.847546 12.062327 3.963522
v 22.261091 12.355960 3.624457
v 22.045444 12.358997 3.053763
v 21.955772 12.393269 2.658445
v 21.672153 12.083959 3.407648
v 21.677649 12.123420 3.232916
v 21.606451 12.016688 3.560214
v 21.490541 11.931852 3.667389
v 21.539799 11.859409 4.141199
v 21.651543 11.928158 4.100287
v 21.754896 11.996305 4.040617
v 21.622095 12.129066 3.062620
v 21.997585 12.360125 2.924942
v 21.933594 12.350985 2.803665
v 21.854900 12.331779 2.692646
v 21.611937 11.877823 4.239090
v 21.602783 11.872460 4.241156
v 21.948807 12.391188 2.650448
v 21.752466 12.409468 2.056589
v 21.939501 12.386890 2.647022
v 21.196352 11.575790 4.613111
v 21.593477 11.868164 4.237730
v 21.342072 11.842364 3.712855
v 21.513954 12.100037 2.922686
v 21.727438 12.432022 1.884075
v 21.105545 11.499737 4.742982
v 21.661661 12.333415 2.186459
v 21.930349 12.381528 2.649086
v 21.171322 11.598345 4.440598
v 21.586514 11.866081 4.229732
v 21.508213 12.248414 2.197610
v 21.369688 12.040752 2.834418
v 21.183643 11.761849 3.689690
v 21.601234 12.387865 1.769974
v 20.952097 11.414736 4.754133
v 21.045120 11.554188 4.326498
v 21.447784 12.302863 1.781124
v 20.825893 11.370579 4.640031
v 21.356979 12.226810 1.910995
v 20.722622 11.307166 4.677248
v 20.702477 11.303379 4.643421
v 20.679090 11.297322 4.612102
v 20.800863 11.393133 4.467517
v 20.652794 11.289082 4.583731
v 20.698431 11.470821 3.831461
v 20.891670 11.469186 4.337647
v 21.039377 11.702564 3.601422
v 20.931236 11.673535 3.461488
v 21.013531 11.943191 2.382908
v 21.062790 11.870749 2.856719
v 21.211260 11.960238 2.811253
v 21.382008 12.204257 2.083509
v 20.966818 11.936519 2.294375
v 20.622982 11.421073 3.875021
v 20.959852 11.934438 2.286377
v 20.613829 11.415710 3.877086
v 20.604525 11.411412 3.873660
v 20.950546 11.930139 2.282951
v 20.941395 11.924777 2.285016
v 20.619738 11.451616 3.720443
v 20.901789 11.874442 2.423819
v 20.555746 11.442475 3.599166
v 20.798435 11.806295 2.483490
v 20.875683 11.679180 3.291192
v 20.881176 11.718643 3.116460
v 20.705786 11.740274 2.560586
v 20.946880 11.785913 2.963893
v 20.292242 11.446642 2.899651
v 20.201435 11.370589 3.029521
v 20.267212 11.469195 2.727137
v 20.659071 11.733601 2.472053
v 20.656313 11.734294 2.461626
v 20.047985 11.285587 3.040672
v 20.141008 11.425038 2.613036
v 20.658503 11.737574 2.451564
v 19.875063 11.177986 3.109785
v 19.866129 11.181194 3.071388
v 19.921782 11.241430 2.926571
v 19.853260 11.182073 3.033997
v 19.836637 11.180607 2.998138
v 19.987560 11.340038 2.624186
v 20.665051 11.742565 2.444563
v 19.896751 11.263984 2.754057
v 21.764038 9.392288 4.294128
v 21.882433 9.427671 4.430088
v 22.040625 9.500733 4.488325
v 22.196230 9.591897 4.453234
v 23.767773 10.639560 3.491155
v 23.743368 10.629991 3.474020
v 23.804983 10.695338 3.320104
v 23.777294 10.680848 3.318062
v 23.758108 10.707114 3.142851
v 23.656454 10.554722 3.610172
v 23.641870 10.552638 3.582531
v 23.734558 10.691585 3.156448
v 23.511362 10.475518 3.615118
v 23.626610 10.659324 3.032485
v 23.267469 10.374343 3.470445
v 23.142906 10.305505 3.478723
v 23.210083 10.373516 3.326402
v 23.376217 10.411161 3.574659
v 23.312107 10.490294 3.030523
v 23.267765 10.492682 2.904730
v 23.340502 10.509589 3.011382
v 23.286356 10.471600 3.053595
v 23.263626 10.453783 3.080256
v 23.482374 10.592709 2.979387
v 23.052849 10.228702 3.614116
v 23.245600 10.517654 2.728024
v 22.942387 10.145216 3.728865
v 23.197737 10.528016 2.554988
v 22.814543 10.057339 3.819823
v 23.125486 10.523481 2.390369
v 22.672829 9.967480 3.884494
v 22.316864 9.712659 4.186276
v 22.521132 9.878105 3.921103
v 22.916382 10.470627 2.104095
v 22.839256 10.500842 1.760558
v 23.030838 10.504175 2.238684
v 22.873184 10.551700 1.604600
v 22.277563 9.661992 4.327452
v 22.363615 9.791667 3.928647
v 22.785263 10.423759 1.990294
v 22.290529 9.730181 4.034482
v 22.853998 10.577966 1.429389
v 22.737759 10.423490 1.869071
v 22.181644 9.589813 4.425592
v 22.830446 10.562436 1.442986
v 22.707144 10.403877 1.884002
v 22.674755 10.384235 1.894497
v 22.641075 10.364855 1.900404
v 22.204603 9.710536 3.906916
v 22.735603 10.542583 1.293428
v 22.039770 9.506694 4.457592
v 22.722498 10.530175 1.319023
v 21.895536 9.440079 4.404494
v 22.578264 10.463560 1.265925
v 22.577412 10.469522 1.235192
v 22.421808 10.378359 1.270283
v 22.436390 10.380442 1.297920
v 21.787588 9.407818 4.280530
v 21.754974 9.390994 4.276953
v 21.734827 9.387206 4.243126
v 21.943279 9.586020 3.829020
v 21.832773 9.546495 3.733223
v 21.976961 9.605399 3.823113
v 21.910891 9.566378 3.839515
v 21.880276 9.546764 3.854444
v 22.413433 10.259719 1.816601
v 22.254419 10.178589 1.794871
v 22.327507 10.240074 1.689035
v 22.340475 10.308263 1.396065
v 21.778778 9.469412 3.962959
v 21.744852 9.418554 4.118917
v 22.301170 10.257596 1.537240
v 21.711443 9.381149 4.211808
v 21.685144 9.372909 4.183435
v 21.701653 9.499627 3.619422
v 22.096903 10.092150 1.802414
v 21.587198 9.466079 3.484833
v 21.945208 10.002774 1.839023
v 21.492548 9.446773 3.333148
v 21.803493 9.912915 1.903694
v 21.350269 9.477571 2.818787
v 21.331680 9.498654 2.669923
v 21.354410 9.516471 2.643261
v 21.305927 9.479960 2.692995
v 21.277533 9.460665 2.712132
v 21.407953 9.596738 2.397115
v 21.350565 9.595911 2.253072
v 21.475128 9.664750 2.244794
v 21.372437 9.452599 2.995493
v 21.135662 9.377546 2.744131
v 21.241817 9.559093 2.148859
v 21.565186 9.741552 2.109401
v 21.675650 9.825038 1.994652
v 21.106674 9.494736 2.108399
v 21.420300 9.442238 3.168529
v 20.907413 9.261813 2.709490
v 20.991425 9.310931 2.691033
v 20.898479 9.265021 2.671093
v 20.885611 9.265899 2.633702
v 20.883476 9.278669 2.567069
v 20.868988 9.264434 2.597843
v 20.859924 9.263140 2.580667
v 20.961580 9.415532 2.113345
v 20.976164 9.417616 2.140982
v 20.874664 9.340264 2.249497
v 20.813051 9.274916 2.403413
v 20.840738 9.289406 2.405456
v 20.850260 9.330695 2.232362
v 20.834564 10.769935 4.305670
v 20.858316 10.661259 4.222698
v 20.793697 10.652028 4.100232
v 20.681570 10.860148 4.143709
v 20.746191 10.869379 4.266175
v 20.391678 10.594602 3.338331
v 20.367926 10.703277 3.421303
v 20.705324 10.751472 4.060737
v 20.327059 10.585371 3.215864
v 20.279552 10.802722 3.381808
v 20.238686 10.684815 3.176370
v 20.214931 10.793491 3.259341
v 20.838966 11.013865 3.149347
v 20.750593 11.113312 3.109852
v 20.685974 11.104080 2.987386
v 20.709726 10.995405 2.904414
v 20.798100 10.895960 2.943909
v 20.862720 10.905190 3.066375
v 20.837057 11.045984 2.990675
v 21.305605 11.080523 4.033713
v 21.217232 11.179969 3.994219
v 21.152613 11.170737 3.871753
v 21.176365 11.062062 3.788781
v 21.264738 10.962617 3.828276
v 21.329359 10.971847 3.950742
v 21.303696 11.112641 3.875042
v 22.245083 11.519094 4.282196
v 22.198826 11.423669 4.313797
v 22.193466 11.614901 4.302211
v 22.100948 11.424054 4.365413
v 22.095591 11.615286 4.353827
v 22.049332 11.519863 4.385427
v 22.159937 11.418114 4.240099
v 22.164022 11.420969 4.237730
v 22.167969 11.424054 4.235415
v 22.171764 11.427363 4.233162
v 22.175406 11.430886 4.230977
v 22.178875 11.434616 4.228864
v 22.182173 11.438543 4.226828
v 22.185287 11.442659 4.224874
v 22.188210 11.446952 4.223010
v 22.190933 11.451410 4.221236
v 22.193451 11.456024 4.219560
v 22.195757 11.460781 4.217984
v 22.197847 11.465672 4.216513
v 22.199713 11.470681 4.215150
v 22.201355 11.475799 4.213900
v 22.202761 11.481012 4.212764
v 22.203934 11.486305 4.211746
v 22.204868 11.491669 4.210847
v 22.205564 11.497087 4.210072
v 22.206018 11.502546 4.209422
v 22.206230 11.508035 4.208897
v 22.206196 11.513538 4.208498
v 22.205921 11.519042 4.208230
v 22.205404 11.524533 4.208088
v 22.204645 11.529998 4.208078
v 22.203644 11.535422 4.208197
v 22.202408 11.540794 4.208445
v 22.200937 11.546098 4.208820
v 22.199236 11.551323 4.209323
v 22.197309 11.556455 4.209954
v 22.195164 11.561481 4.210709
v 22.192799 11.566387 4.211585
v 22.190226 11.571165 4.212583
v 22.187447 11.575801 4.213699
v 22.184475 11.580281 4.214931
v 22.181309 11.584598 4.216275
v 22.177965 11.588737 4.217728
v 22.174446 11.592691 4.219285
v 22.170767 11.596451 4.220945
v 22.166927 11.600003 4.222703
v 22.162945 11.603343 4.224554
v 22.158827 11.606461 4.226491
v 22.154579 11.609346 4.228514
v 22.150219 11.611996 4.230615
v 22.145758 11.614402 4.232789
v 22.141199 11.616558 4.235031
v 22.136562 11.618459 4.237335
v 22.131851 11.620100 4.239696
v 22.127083 11.621478 4.242107
v 22.122271 11.622586 4.244564
v 22.117422 11.623426 4.247058
v 22.112551 11.623993 4.249587
v 22.107668 11.624288 4.252141
v 22.102787 11.624307 4.254714
v 22.097921 11.624051 4.257300
v 22.093081 11.623522 4.259896
v 22.088278 11.622721 4.262490
v 22.083525 11.621649 4.265079
v 22.078833 11.620310 4.267654
v 22.074215 11.618705 4.270213
v 22.069683 11.616839 4.272746
v 22.065245 11.614719 4.275247
v 22.060915 11.612348 4.277709
v 22.056704 11.609732 4.280129
v 22.052618 11.606877 4.282500
v 22.048674 11.603792 4.284813
v 22.044876 11.600484 4.287066
v 22.041237 11.596959 4.289253
v 22.037766 11.593229 4.291367
v 22.034468 11.589302 4.293402
v 22.031353 11.585187 4.295354
v 22.028433 11.580894 4.297221
v 22.025707 11.576437 4.298994
v 22.023190 11.571822 4.300670
v 22.020884 11.567064 4.302246
v 22.018793 11.562175 4.303717
v 22.016928 11.557164 4.305079
v 22.015289 11.552047 4.306330
v 22.013880 11.546835 4.307466
v 22.012707 11.541540 4.308484
v 22.011772 11.536178 4.309381
v 22.011076 11.530760 4.310156
v 22.010622 11.525299 4.310809
v 22.010410 11.519811 4.311334
v 22.010445 11.514308 4.311730
v 22.010719 11.508804 4.312000
v 22.011236 11.503312 4.312140
v 22.011999 11.497849 4.312150
v 22.012999 11.492423 4.312033
v 22.014235 11.487052 4.311786
v 22.015705 11.481748 4.311409
v 22.017405 11.476522 4.310905
v 22.019331 11.471392 4.310276
v 22.021481 11.466366 4.309522
v 22.023842 11.461458 4.308643
v 22.026417 11.456680 4.307647
v 22.029194 11.452046 4.306530
v 22.032169 11.447564 4.305299
v 22.035332 11.443249 4.303955
v 22.038675 11.439108 4.302502
v 22.042194 11.435154 4.300943
v 22.045877 11.431396 4.299284
v 22.049713 11.427842 4.297526
v 22.053696 11.424503 4.295677
v 22.057817 11.421387 4.293737
v 22.062061 11.418499 4.291717
v 22.066422 11.415850 4.289616
v 22.070885 11.413445 4.287442
v 22.075441 11.411287 4.285200
v 22.080080 11.409387 4.282895
v 22.084789 11.407745 4.280534
v 22.089558 11.406369 4.278121
v 22.094372 11.405259 4.275666
v 22.099220 11.404419 4.273170
v 22.104092 11.403852 4.270643
v 22.108973 11.403559 4.268088
v 22.113853 11.403540 4.265516
v 22.118721 11.403795 4.262928
v 22.123562 11.404324 4.260334
v 22.128363 11.405126 4.257740
v 22.133116 11.406197 4.255151
v 22.137808 11.407537 4.252574
v 22.142426 11.409141 4.250017
v 22.146959 11.411006 4.247485
v 22.151398 11.413127 4.244984
v 22.155727 11.415498 4.242519
v 22.197998 11.485363 4.214950
v 22.198992 11.490391 4.214046
v 22.196779 11.480406 4.215966
v 22.199762 11.495478 4.213255
v 22.195339 11.475532 4.217092
v 22.200304 11.500611 4.212583
v 22.193686 11.470753 4.218326
v 22.200619 11.505776 4.212028
v 22.191820 11.466082 4.219663
v 22.200703 11.510963 4.211593
v 22.189745 11.461530 4.221099
v 22.200556 11.516157 4.211278
v 22.187469 11.457107 4.222635
v 22.200182 11.521345 4.211084
v 22.184996 11.452826 4.224262
v 22.199577 11.526515 4.211014
v 22.182331 11.448697 4.225978
v 22.198748 11.531652 4.211064
v 22.179485 11.444731 4.227780
v 22.197693 11.536746 4.211236
v 22.176460 11.440935 4.229662
v 22.196415 11.541783 4.211532
v 22.173265 11.437323 4.231621
v 22.194920 11.546752 4.211946
v 22.169910 11.433900 4.233649
v 22.193209 11.551639 4.212481
v 22.166401 11.430676 4.235744
v 22.191284 11.556432 4.213133
v 22.162748 11.427659 4.237898
v 22.189157 11.561118 4.213903
v 22.158958 11.424856 4.240108
v 22.186827 11.565688 4.214788
v 22.155045 11.422275 4.242369
v 22.184301 11.570128 4.215786
v 22.151014 11.419923 4.244673
v 22.181589 11.574430 4.216895
v 22.146877 11.417802 4.247015
v 22.178692 11.578581 4.218110
v 22.142645 11.415922 4.249391
v 22.175621 11.582571 4.219429
v 22.138325 11.414285 4.251792
v 22.172384 11.586390 4.220850
v 22.133934 11.412896 4.254215
v 22.168987 11.590030 4.222369
v 22.129477 11.411758 4.256651
v 22.165438 11.593480 4.223979
v 22.124968 11.410873 4.259098
v 22.161747 11.596732 4.225683
v 22.120419 11.410245 4.261546
v 22.157925 11.599778 4.227469
v 22.115839 11.409876 4.263990
v 22.153978 11.602611 4.229339
v 22.111238 11.409765 4.266426
v 22.149920 11.605225 4.231285
v 22.106634 11.409911 4.268846
v 22.145754 11.607610 4.233302
v 22.102030 11.410318 4.271243
v 22.141499 11.609762 4.235384
v 22.097446 11.410982 4.273612
v 22.137161 11.611676 4.237531
v 22.092886 11.411902 4.275949
v 22.132750 11.613347 4.239732
v 22.088366 11.413074 4.278245
v 22.128279 11.614771 4.241983
v 22.083893 11.414499 4.280498
v 22.123756 11.615945 4.244280
v 22.079483 11.416169 4.282700
v 22.119198 11.616863 4.246616
v 22.075144 11.418085 4.284844
v 22.114611 11.617528 4.248987
v 22.070887 11.420237 4.286929
v 22.110008 11.617934 4.251385
v 22.066723 11.422623 4.288946
v 22.105402 11.618082 4.253804
v 22.062662 11.425235 4.290891
v 22.100801 11.617970 4.256238
v 22.058718 11.428068 4.292759
v 22.096222 11.617600 4.258684
v 22.054893 11.431114 4.294548
v 22.091673 11.616972 4.261132
v 22.051205 11.434366 4.296248
v 22.087164 11.616089 4.263577
v 22.047657 11.437816 4.297862
v 22.082706 11.614951 4.266015
v 22.044256 11.441456 4.299379
v 22.078316 11.613561 4.268436
v 22.041019 11.445274 4.300801
v 22.073996 11.611924 4.270839
v 22.037949 11.449265 4.302120
v 22.069765 11.610043 4.273213
v 22.035053 11.453416 4.303336
v 22.065630 11.607924 4.275557
v 22.032339 11.457717 4.304442
v 22.061598 11.605571 4.277861
v 22.029814 11.462157 4.305440
v 22.057682 11.602990 4.280120
v 22.027485 11.466727 4.306325
v 22.053896 11.600187 4.282331
v 22.025356 11.471416 4.307096
v 22.050241 11.597171 4.284485
v 22.023432 11.476208 4.307749
v 22.046732 11.593946 4.286581
v 22.021723 11.481093 4.308282
v 22.043377 11.590524 4.288609
v 22.020226 11.486062 4.308699
v 22.040182 11.586910 4.290566
v 22.018950 11.491099 4.308992
v 22.037157 11.583116 4.292449
v 22.017895 11.496194 4.309165
v 22.034309 11.579148 4.294250
v 22.017063 11.501332 4.309216
v 22.031647 11.575020 4.295968
v 22.016462 11.506502 4.309144
v 22.029171 11.570739 4.297596
v 22.016085 11.511689 4.308950
v 22.026896 11.566317 4.299129
v 22.015940 11.516882 4.308637
v 22.024820 11.561765 4.300568
v 22.016024 11.522069 4.308202
v 22.022955 11.557093 4.301905
v 22.016336 11.527235 4.307647
v 22.021301 11.552314 4.303138
v 22.016880 11.532368 4.306973
v 22.019863 11.547440 4.304264
v 22.017649 11.537455 4.306183
v 22.018646 11.542483 4.305280
v 22.058979 11.466325 4.360713
v 22.056061 11.570483 4.354403
v 22.134569 11.622248 4.309077
v 22.215994 11.569854 4.270061
v 22.218912 11.465695 4.276372
v 22.140406 11.413931 4.321699
v 22.202625 11.476173 4.284175
v 22.200291 11.559502 4.279128
v 22.139822 11.434763 4.320436
v 22.135153 11.601416 4.310338
v 22.074678 11.476677 4.351649
v 22.072344 11.560004 4.346600
v 22.127764 11.516700 4.296964
v 23.204151 10.762669 3.064251
v 23.346027 10.845788 3.032256
v 23.490263 10.912403 3.085354
v 23.598211 10.944664 3.209317
v 23.640945 10.933927 3.370931
v 23.607021 10.883070 3.526890
v 23.505524 10.805718 3.635405
v 23.363651 10.722599 3.667400
v 23.219416 10.655984 3.614302
v 23.111467 10.623722 3.490338
v 23.068729 10.634458 3.328725
v 23.239300 10.319284 3.315073
v 23.244137 10.308463 3.263927
v 23.246716 10.321754 3.206956
v 23.258577 10.339532 3.152437
v 23.102654 10.685317 3.172766
v 23.279327 10.361216 3.102155
v 23.292843 10.399552 3.068927
v 23.289476 10.404639 2.920463
v 23.296984 10.438451 2.893401
v 23.270557 10.432880 2.736493
v 23.274817 10.463424 2.716695
v 23.223160 10.445065 2.555923
v 23.226954 10.473784 2.543659
v 23.148743 10.440820 2.384329
v 23.154707 10.469250 2.379040
v 23.060055 10.449943 2.227355
v 23.049608 10.420274 2.227007
v 22.945601 10.416396 2.092766
v 22.928810 10.384062 2.088814
v 22.814480 10.369528 1.978965
v 22.790083 10.333303 1.974017
v 22.670294 10.310624 1.889075
v 22.637705 10.269563 1.886158
v 22.601412 10.676569 1.921943
v 22.459539 10.593451 1.953938
v 22.585974 10.243454 1.877725
v 22.535551 10.220168 1.859164
v 22.315304 10.526836 1.900840
v 22.488094 10.200466 1.831081
v 22.207355 10.494576 1.776876
v 22.442650 10.205488 1.805272
v 22.164619 10.505311 1.615263
v 22.198544 10.556170 1.459304
v 22.300041 10.633521 1.350789
v 22.322922 10.117546 1.802038
v 22.283636 10.124357 1.783542
v 22.158525 10.028306 1.805244
v 22.126120 10.037918 1.791085
v 21.999977 9.935501 1.840599
v 21.974424 9.948545 1.827694
v 21.852171 9.841996 1.907013
v 21.832710 9.858684 1.892365
v 21.704868 9.770806 1.983323
v 21.719671 9.750676 2.002434
v 21.594402 9.687321 2.098072
v 21.606569 9.664364 2.123917
v 21.504347 9.610518 2.233465
v 21.516354 9.585720 2.267712
v 21.437170 9.542507 2.385786
v 21.451813 9.517175 2.429379
v 20.839815 9.670694 2.193851
v 20.981689 9.753814 2.161856
v 21.125923 9.820429 2.214954
v 21.233871 9.852691 2.338918
v 21.276609 9.841954 2.500531
v 21.449232 9.503883 2.486350
v 21.437372 9.486105 2.540870
v 21.242683 9.791096 2.656490
v 21.416622 9.464421 2.591151
v 21.383627 9.462239 2.631932
v 21.141186 9.713744 2.765005
v 21.406473 9.420998 2.772843
v 21.379486 9.423341 2.807458
v 21.425390 9.392757 2.956813
v 21.401653 9.398368 2.984164
v 21.472790 9.380571 3.137383
v 21.449516 9.388007 3.157200
v 21.547205 9.384818 3.308977
v 21.521765 9.392542 3.321819
v 21.616415 9.411848 3.473504
v 21.646341 9.405363 3.466299
v 21.730869 9.445395 3.608094
v 21.767139 9.441575 3.604492
v 21.861992 9.492264 3.721894
v 21.905869 9.492334 3.719290
v 22.006178 9.551167 3.811784
v 22.058243 9.556074 3.807148
v 21.743927 9.799844 3.907313
v 21.885799 9.882962 3.875318
v 22.109978 9.582184 3.815581
v 22.160398 9.605471 3.834142
v 22.030035 9.949577 3.928416
v 22.207855 9.625173 3.862225
v 22.137983 9.981839 4.052379
v 22.233820 9.656304 3.895587
v 22.180721 9.971103 4.213993
v 22.146793 9.920245 4.369951
v 22.045296 9.842893 4.478466
v 22.373026 9.708092 3.891268
v 22.392836 9.737435 3.917317
v 22.537422 9.797332 3.888062
v 22.550350 9.823874 3.909774
v 22.695972 9.890136 3.852707
v 22.702045 9.913248 3.873165
v 22.843779 9.983642 3.786293
v 22.843760 10.003107 3.808494
v 22.971603 10.090985 3.717536
v 22.976276 10.074961 3.690873
v 23.082069 10.174470 3.602786
v 23.089380 10.161274 3.569390
v 23.172123 10.251273 3.467394
v 23.179596 10.239917 3.425595
v 23.136265 10.286848 3.089191
v 23.089443 10.225508 3.262074
v 23.148634 10.331842 2.905709
v 23.010218 10.150499 3.416801
v 23.126013 10.358523 2.719645
v 22.902046 10.065104 3.546610
v 23.069386 10.365726 2.539132
v 22.769661 9.973055 3.645827
v 22.981226 10.353132 2.372060
v 22.618845 9.878371 3.710116
v 22.865395 10.321296 2.225729
v 22.456190 9.785194 3.736668
v 22.726948 10.271606 2.106535
v 22.288807 9.697594 3.724322
v 22.571939 10.206238 2.019689
v 22.124010 9.619400 3.673617
v 22.407143 10.128044 1.968984
v 21.969000 9.554031 3.586771
v 22.239759 10.040444 1.956638
v 21.830555 9.504342 3.467578
v 22.077105 9.947267 1.983190
v 21.714722 9.472507 3.321247
v 21.926291 9.852583 2.047480
v 21.626566 9.459912 3.154174
v 21.569939 9.467113 2.973661
v 21.793903 9.760532 2.146697
v 21.547316 9.493795 2.787597
v 21.685734 9.675138 2.276505
v 21.606506 9.600130 2.431232
v 21.559685 9.538789 2.604115
v 21.750984 10.177971 2.115454
v 21.901800 10.272654 2.051165
v 22.064455 10.365832 2.024613
v 22.231838 10.453432 2.036959
v 22.396635 10.531626 2.087664
v 22.551643 10.596995 2.174510
v 22.690090 10.646684 2.293704
v 22.805922 10.678520 2.440034
v 22.894079 10.691113 2.607107
v 22.950705 10.683911 2.787620
v 22.973328 10.657230 2.973684
v 22.960960 10.612236 3.157166
v 22.914137 10.550895 3.330049
v 22.834911 10.475887 3.484775
v 22.726742 10.390492 3.614584
v 22.594355 10.298442 3.713801
v 22.443539 10.203760 3.778091
v 22.280886 10.110582 3.804642
v 22.113503 10.022982 3.792296
v 21.948704 9.944788 3.741592
v 21.793695 9.879418 3.654745
v 21.655249 9.829729 3.535552
v 21.539415 9.797893 3.389221
v 21.451260 9.785300 3.222149
v 21.394632 9.792501 3.041636
v 21.372011 9.819182 2.855572
v 21.384378 9.864177 2.672090
v 21.431200 9.925518 2.499207
v 21.510427 10.000525 2.344480
v 21.618599 10.085920 2.214672
v 22.321987 10.506452 2.015651
v 22.490643 10.582163 2.088192
v 22.146801 10.419017 1.982400
v 22.645403 10.642840 2.196851
v 21.972750 10.323679 1.989892
v 22.779503 10.685836 2.336882
v 21.807434 10.224607 2.037799
v 22.887081 10.709266 2.502162
v 21.658083 10.126128 2.124028
v 22.963434 10.712111 2.685469
v 21.531219 10.032549 2.244810
v 23.005232 10.694241 2.878792
v 21.432392 9.947957 2.394866
v 23.010637 10.656442 3.073680
v 21.365917 9.876050 2.567638
v 22.979422 10.600363 3.261617
v 21.334702 9.819972 2.755575
v 22.912947 10.528457 3.434390
v 21.340109 9.782172 2.950464
v 22.814121 10.443865 3.584446
v 21.381903 9.764304 3.143786
v 22.687256 10.350285 3.705228
v 21.458258 9.767147 3.327094
v 22.537903 10.251807 3.791456
v 21.565836 9.790577 3.492374
v 22.372589 10.152735 3.839364
v 21.699936 9.833572 3.632404
v 22.198536 10.057397 3.846855
v 21.854696 9.894251 3.741064
v 22.023354 9.969962 3.813605
v 21.419300 9.839456 3.342199
v 21.526880 9.862886 3.507479
v 21.660978 9.905880 3.647510
v 21.815739 9.966559 3.756170
v 21.984396 10.042271 3.828710
v 22.159580 10.129706 3.861961
v 22.333632 10.225043 3.854469
v 22.498945 10.324116 3.806562
v 22.648302 10.422593 3.720333
v 22.775162 10.516173 3.599551
v 22.873991 10.600764 3.449495
v 22.940466 10.672671 3.276723
v 22.971682 10.728749 3.088786
v 22.966274 10.766549 2.893897
v 22.924480 10.784417 2.700575
v 22.848124 10.781574 2.517267
v 22.740547 10.758143 2.351987
v 22.606445 10.715149 2.211957
v 22.451687 10.654471 2.103297
v 22.283030 10.578760 2.030757
v 22.107847 10.491325 1.997505
v 21.933792 10.395988 2.004997
v 21.768478 10.296915 2.052905
v 21.619125 10.198437 2.139133
v 21.492264 10.104856 2.259915
v 21.393435 10.020265 2.409971
v 21.326960 9.948358 2.582744
v 21.295744 9.892281 2.770681
v 21.301151 9.854481 2.965569
v 21.342947 9.836612 3.158892
vn 0.8707 -0.0056 -0.4917
vn 0.8426 0.2715 -0.4651
vn 0.8713 -0.1853 -0.4544
vn 0.4529 -0.8674 -0.2062
vn 0.6566 -0.6985 -0.2847
vn -0.4294 -0.8637 0.2637
vn 0.0877 -0.9951 0.0453
vn -0.5331 -0.7748 0.3397
vn 0.4657 0.0665 0.8825
vn 0.4656 0.0665 0.8825
vn 0.4651 0.0666 0.8828
vn 0.4658 0.0665 0.8824
vn 0.4659 0.0663 0.8823
vn 0.4659 0.0664 0.8824
vn 0.4652 0.0666 0.8827
vn 0.4650 0.0664 0.8828
vn 0.4654 0.0663 0.8826
vn 0.4657 0.0666 0.8824
vn 0.4661 0.0665 0.8822
vn 0.4665 0.0672 0.8820
vn 0.4659 0.0667 0.8823
vn 0.4661 0.0666 0.8822
vn 0.4654 0.0669 0.8826
vn 0.4658 0.0668 0.8824
vn 0.8469 0.4962 -0.1912
vn 0.8467 0.4966 -0.1909
vn 0.8470 0.4963 -0.1906
vn 0.8611 0.3978 0.3166
vn 0.8610 0.3980 0.3168
vn 0.8469 0.4962 -0.1913
vn 0.8469 0.4962 -0.1909
vn 0.8612 0.3977 0.3165
vn 0.8613 0.3976 0.3163
vn 0.8615 0.3973 0.3162
vn 0.6441 0.1925 0.7404
vn 0.6443 0.1927 0.7401
vn 0.6444 0.1924 0.7401
vn 0.6440 0.1925 0.7404
vn 0.6446 0.1926 0.7399
vn 0.6442 0.1920 0.7403
vn -0.4665 0.8659 0.1808
vn -0.4665 0.8658 0.1809
vn -0.4665 0.8658 0.1810
vn -0.4665 0.8658 0.1808
vn -0.4651 0.8668 0.1798
vn -0.4640 0.8666 0.1836
vn -0.4643 0.8667 0.1821
vn -0.4677 0.8651 0.1812
vn -0.4670 0.8652 0.1826
vn -0.4656 0.8661 0.1819
vn -0.4667 0.8657 0.1811
vn -0.4676 0.8653 0.1804
vn -0.4665 0.8659 0.1806
vn -0.4674 0.8653 0.1808
vn -0.4667 0.8657 0.1808
vn -0.4671 0.8655 0.1811
vn -0.4655 0.8662 0.1818
vn -0.4656 0.8660 0.1822
vn -0.4658 0.8661 0.1816
vn -0.4655 0.8663 0.1811
vn -0.4667 0.8658 0.1803
vn -0.4668 0.8656 0.1809
vn -0.4672 0.8655 0.1806
vn -0.4656 0.8662 0.1814
vn -0.4662 0.8663 0.1795
vn -0.4655 0.8664 0.1809
vn -0.4660 0.8663 0.1798
vn -0.4669 0.8657 0.1805
vn -0.4647 0.8665 0.1824
vn -0.4660 0.8661 0.1810
vn -0.4643 0.8672 0.1799
vn -0.4670 0.8656 0.1808
vn -0.4676 0.8649 0.1824
vn -0.4676 0.8650 0.1819
vn -0.4666 0.8657 0.1809
vn -0.4662 0.8659 0.1813
vn -0.4718 0.8623 0.1840
vn -0.4692 0.8650 0.1780
vn -0.4702 0.8641 0.1797
vn -0.4677 0.8654 0.1798
vn -0.4626 0.8680 0.1805
vn -0.4630 0.8680 0.1794
vn -0.4669 0.8655 0.1815
vn -0.4662 0.8658 0.1820
vn -0.4675 0.8652 0.1814
vn -0.4666 0.8657 0.1813
vn -0.4659 0.8662 0.1807
vn -0.4649 0.8666 0.1815
vn -0.4662 0.8660 0.1809
vn -0.4672 0.8658 0.1790
vn -0.4664 0.8658 0.1812
vn -0.4668 0.8656 0.1814
vn -0.4663 0.8659 0.1811
vn -0.4664 0.8659 0.1808
vn -0.4668 0.8654 0.1823
vn -0.4669 0.8656 0.1811
vn -0.4683 0.8652 0.1793
vn -0.4662 0.8664 0.1792
vn -0.4651 0.8669 0.1796
vn -0.4665 0.8660 0.1800
vn -0.4667 0.8658 0.1804
vn -0.4664 0.8658 0.1811
vn -0.4666 0.8656 0.1817
vn -0.4663 0.8658 0.1814
vn -0.4683 0.8649 0.1804
vn -0.4682 0.8648 0.1816
vn -0.4663 0.8659 0.1809
vn -0.4661 0.8660 0.1812
vn -0.4668 0.8657 0.1810
vn -0.4664 0.8659 0.1807
vn -0.4663 0.8660 0.1805
vn -0.4668 0.8656 0.1810
vn -0.4653 0.8664 0.1812
vn -0.4660 0.8663 0.1799
vn -0.4666 0.8658 0.1807
vn -0.4656 0.8662 0.1813
vn -0.4670 0.8650 0.1834
vn -0.4675 0.8649 0.1825
vn -0.4647 0.8665 0.1823
vn -0.4661 0.8660 0.1810
vn -0.4643 0.8672 0.1800
vn -0.4659 0.8663 0.1803
vn -0.4662 0.8661 0.1806
vn -0.4669 0.8656 0.1810
vn -0.4661 0.8660 0.1811
vn -0.4662 0.8661 0.1803
vn -0.4659 0.8662 0.1808
vn -0.4658 0.8663 0.1805
vn -0.4664 0.8658 0.1809
vn -0.4662 0.8660 0.1807
vn -0.4661 0.8661 0.1806
vn -0.4658 0.8662 0.1808
vn -0.4670 0.8654 0.1815
vn -0.4667 0.8658 0.1807
vn -0.4667 0.8657 0.1812
vn -0.4656 0.8660 0.1823
vn -0.4666 0.8657 0.1812
vn -0.4662 0.8659 0.1811
vn -0.4647 0.8670 0.1800
vn -0.4662 0.8660 0.1806
vn -0.4668 0.8659 0.1796
vn -0.4669 0.8659 0.1793
vn -0.4663 0.8662 0.1794
vn -0.4665 0.8659 0.1807
vn -0.4648 0.8668 0.1806
vn -0.4653 0.8665 0.1810
vn -0.4666 0.8659 0.1804
vn -0.4669 0.8659 0.1798
vn -0.4646 0.8666 0.1821
vn -0.4627 0.8674 0.1828
vn -0.4657 0.8661 0.1816
vn -0.4658 0.8659 0.1822
vn -0.4672 0.8654 0.1813
vn -0.4686 0.8647 0.1807
vn -0.4658 0.8660 0.1819
vn -0.4659 0.8661 0.1811
vn -0.4665 0.8658 0.1811
vn -0.4675 0.8653 0.1811
vn -0.4655 0.8663 0.1810
vn -0.4672 0.8654 0.1810
vn -0.4670 0.8656 0.1806
vn -0.4674 0.8655 0.1803
vn -0.4662 0.8658 0.1817
vn -0.4672 0.8654 0.1811
vn -0.4655 0.8662 0.1814
vn -0.4659 0.8660 0.1816
vn -0.4670 0.8656 0.1810
vn -0.4662 0.8659 0.1812
vn -0.4656 0.8662 0.1815
vn -0.4663 0.8660 0.1809
vn -0.4667 0.8658 0.1806
vn -0.4670 0.8656 0.1805
vn -0.4662 0.8661 0.1804
vn -0.4672 0.8655 0.1807
vn -0.4666 0.8657 0.1811
vn -0.4665 0.8659 0.1809
vn -0.4668 0.8657 0.1809
vn -0.4668 0.8657 0.1805
vn -0.4665 0.8659 0.1804
vn -0.4668 0.8658 0.1802
vn -0.4662 0.8660 0.1810
vn -0.4668 0.8659 0.1799
vn -0.4666 0.8659 0.1806
vn -0.4671 0.8655 0.1810
vn -0.4664 0.8659 0.1805
vn -0.4666 0.8659 0.1805
vn -0.4677 0.8654 0.1799
vn -0.4678 0.8654 0.1797
vn -0.4666 0.8658 0.1806
vn -0.4664 0.8658 0.1813
vn -0.4661 0.8659 0.1814
vn -0.4660 0.8660 0.1813
vn -0.4671 0.8653 0.1820
vn -0.4662 0.8658 0.1819
vn -0.4663 0.8657 0.1818
vn -0.4659 0.8661 0.1810
vn -0.4649 0.8665 0.1819
vn -0.4656 0.8663 0.1807
vn -0.4657 0.8663 0.1807
vn -0.4656 0.8663 0.1810
vn -0.4647 0.8667 0.1812
vn -0.4651 0.8667 0.1803
vn -0.4672 0.8652 0.1822
vn -0.4664 0.8660 0.1803
vn -0.4662 0.8660 0.1808
vn -0.4657 0.8660 0.1822
vn -0.4652 0.8665 0.1809
vn -0.4667 0.8657 0.1809
vn -0.4651 0.8665 0.1813
vn -0.4671 0.8656 0.1805
vn -0.4646 0.8671 0.1795
vn -0.4631 0.8672 0.1831
vn -0.4641 0.8669 0.1820
vn -0.4683 0.8649 0.1809
vn -0.4664 0.8658 0.1816
vn -0.4654 0.8663 0.1817
vn -0.4659 0.8659 0.1818
vn -0.4654 0.8665 0.1804
vn -0.4656 0.8664 0.1805
vn -0.4654 0.8664 0.1809
vn -0.4661 0.8661 0.1805
vn -0.4655 0.8663 0.1812
vn -0.4645 0.8667 0.1821
vn -0.4660 0.8662 0.1804
vn -0.4642 0.8673 0.1799
vn -0.4681 0.8647 0.1821
vn -0.4676 0.8651 0.1814
vn -0.4672 0.8652 0.1820
vn -0.4664 0.8659 0.1809
vn -0.4669 0.8656 0.1808
vn -0.4665 0.8657 0.1814
vn -0.4667 0.8659 0.1802
vn -0.4678 0.8650 0.1815
vn -0.4671 0.8656 0.1803
vn -0.4667 0.8657 0.1810
vn -0.4654 0.8663 0.1816
vn -0.4656 0.8660 0.1826
vn -0.4652 0.8665 0.1808
vn -0.4658 0.8662 0.1809
vn -0.4671 0.8658 0.1794
vn -0.4664 0.8662 0.1791
vn -0.4667 0.8659 0.1803
vn -0.4651 0.8666 0.1810
vn -0.4656 0.8663 0.1809
vn -0.4658 0.8661 0.1813
vn -0.4669 0.8657 0.1807
vn -0.4667 0.8658 0.1802
vn -0.4663 0.8659 0.1812
vn -0.4662 0.8659 0.1814
vn -0.4662 0.8657 0.1821
vn -0.4689 0.8646 0.1808
vn -0.4698 0.8643 0.1798
vn -0.4678 0.8652 0.1805
vn -0.4660 0.8663 0.1801
vn -0.4668 0.8657 0.1807
vn -0.4677 0.8652 0.1808
vn -0.4666 0.8658 0.1808
vn -0.4673 0.8653 0.1813
vn -0.4669 0.8656 0.1812
vn -0.4655 0.8662 0.1815
vn -0.4660 0.8660 0.1814
vn -0.4654 0.8664 0.1810
vn -0.4669 0.8657 0.1808
vn -0.4651 0.8667 0.1804
vn -0.4637 0.8669 0.1828
vn -0.4645 0.8667 0.1819
vn -0.4669 0.8654 0.1819
vn -0.4659 0.8659 0.1820
vn -0.4654 0.8662 0.1818
vn -0.4668 0.8657 0.1808
vn -0.4658 0.8663 0.1804
vn -0.4649 0.8666 0.1813
vn -0.4663 0.8659 0.1810
vn -0.4651 0.8663 0.1823
vn -0.4654 0.8661 0.1825
vn -0.4622 0.8680 0.1815
vn -0.4613 0.8690 0.1791
vn -0.4630 0.8673 0.1829
vn -0.4664 0.8655 0.1826
vn -0.4636 0.8672 0.1816
vn -0.4660 0.8661 0.1809
vn -0.4664 0.8659 0.1804
vn -0.4663 0.8659 0.1808
vn -0.4659 0.8662 0.1806
vn -0.4665 0.8658 0.1813
vn -0.4635 0.8677 0.1793
vn -0.4620 0.8681 0.1818
vn -0.4634 0.8675 0.1807
vn -0.4647 0.8668 0.1809
vn -0.4636 0.8672 0.1819
vn -0.4640 0.8672 0.1810
vn -0.4658 0.8663 0.1807
vn -0.4650 0.8668 0.1802
vn -0.4661 0.8659 0.1813
vn -0.4664 0.8660 0.1804
vn -0.4665 0.8659 0.1803
vn -0.4655 0.8664 0.1806
vn -0.4666 0.8659 0.1803
vn -0.4673 0.8654 0.1809
vn -0.4674 0.8654 0.1804
vn -0.4660 0.8660 0.1812
vn -0.4649 0.8664 0.1821
vn -0.4667 0.8658 0.1808
vn -0.4667 0.8659 0.1801
vn -0.4664 0.8659 0.1806
vn -0.4661 0.8661 0.1809
vn -0.4659 0.8660 0.1815
vn -0.4669 0.8657 0.1806
vn -0.4668 0.8658 0.1803
vn -0.4669 0.8658 0.1801
vn -0.4671 0.8654 0.1811
vn -0.4669 0.8658 0.1802
vn -0.2553 0.0642 -0.9647
vn -0.2550 0.0641 -0.9648
vn 0.2026 0.3035 -0.9311
vn 0.2023 0.3034 -0.9311
vn 0.6062 0.4617 -0.6475
vn 0.6061 0.4619 -0.6475
vn 0.6061 0.4617 -0.6476
vn 0.4665 -0.8658 -0.1809
vn 0.4666 -0.8657 -0.1811
vn 0.4662 -0.8659 -0.1815
vn 0.4668 -0.8657 -0.1806
vn 0.4670 -0.8655 -0.1810
vn 0.4664 -0.8659 -0.1806
vn 0.4663 -0.8659 -0.1808
vn 0.4658 -0.8662 -0.1810
vn 0.4666 -0.8658 -0.1810
vn 0.4667 -0.8657 -0.1809
vn 0.4664 -0.8658 -0.1813
vn 0.4666 -0.8658 -0.1809
vn 0.4664 -0.8659 -0.1807
vn 0.4669 -0.8656 -0.1811
vn 0.4668 -0.8658 -0.1801
vn 0.4662 -0.8661 -0.1803
vn 0.4659 -0.8663 -0.1800
vn 0.4667 -0.8659 -0.1802
vn 0.4674 -0.8654 -0.1806
vn 0.4668 -0.8657 -0.1808
vn 0.4664 -0.8659 -0.1808
vn 0.4665 -0.8659 -0.1804
vn 0.4661 -0.8661 -0.1804
vn 0.4664 -0.8659 -0.1809
vn 0.4662 -0.8660 -0.1807
vn 0.4665 -0.8658 -0.1810
vn 0.4669 -0.8657 -0.1807
vn 0.4666 -0.8658 -0.1808
vn 0.4667 -0.8657 -0.1811
vn 0.4670 -0.8655 -0.1813
vn 0.4665 -0.8657 -0.1817
vn 0.4668 -0.8656 -0.1815
vn 0.4663 -0.8660 -0.1806
vn 0.4665 -0.8658 -0.1808
vn 0.4663 -0.8659 -0.1809
vn 0.4666 -0.8659 -0.1805
vn 0.4665 -0.8658 -0.1813
vn 0.4665 -0.8659 -0.1808
vn 0.4666 -0.8659 -0.1803
vn 0.4663 -0.8661 -0.1801
vn 0.4664 -0.8658 -0.1814
vn 0.4668 -0.8657 -0.1809
vn 0.4661 -0.8660 -0.1811
vn 0.4663 -0.8658 -0.1818
vn 0.4663 -0.8659 -0.1812
vn 0.4666 -0.8657 -0.1809
vn 0.4667 -0.8656 -0.1814
vn 0.4664 -0.8659 -0.1810
vn 0.4662 -0.8659 -0.1813
vn 0.4674 -0.8652 -0.1816
vn 0.4672 -0.8655 -0.1809
vn 0.4659 -0.8661 -0.1812
vn 0.4657 -0.8661 -0.1816
vn 0.4668 -0.8657 -0.1805
vn 0.4663 -0.8658 -0.1813
vn 0.4663 -0.8659 -0.1811
vn 0.4666 -0.8657 -0.1812
vn 0.4659 -0.8663 -0.1801
vn 0.4664 -0.8658 -0.1811
vn 0.4666 -0.8661 -0.1794
vn 0.4660 -0.8660 -0.1815
vn 0.4661 -0.8661 -0.1806
vn 0.4684 -0.8648 -0.1810
vn 0.4675 -0.8653 -0.1810
vn 0.4668 -0.8656 -0.1812
vn 0.4662 -0.8660 -0.1809
vn 0.4662 -0.8660 -0.1811
vn 0.4662 -0.8659 -0.1812
vn 0.4663 -0.8660 -0.1808
vn 0.4658 -0.8662 -0.1808
vn 0.4663 -0.8658 -0.1815
vn 0.4669 -0.8656 -0.1808
vn 0.4666 -0.8658 -0.1807
vn 0.4661 -0.8660 -0.1808
vn 0.4663 -0.8660 -0.1805
vn 0.4663 -0.8658 -0.1816
vn 0.4663 -0.8659 -0.1814
vn 0.4668 -0.8656 -0.1811
vn 0.4660 -0.8660 -0.1813
vn 0.4659 -0.8662 -0.1809
vn 0.4662 -0.8659 -0.1814
vn 0.4665 -0.8659 -0.1806
vn 0.4665 -0.8659 -0.1809
vn 0.4664 -0.8658 -0.1812
vn 0.4664 -0.8657 -0.1815
vn 0.4669 -0.8657 -0.1805
vn 0.4667 -0.8657 -0.1810
vn 0.4669 -0.8656 -0.1807
vn 0.4667 -0.8658 -0.1804
vn 0.4664 -0.8660 -0.1805
vn 0.4661 -0.8661 -0.1807
vn 0.4659 -0.8662 -0.1807
vn 0.4665 -0.8659 -0.1807
vn 0.4668 -0.8656 -0.1810
vn 0.4660 -0.8662 -0.1807
vn 0.4650 -0.8667 -0.1806
vn 0.4651 -0.8669 -0.1793
vn 0.4656 -0.8665 -0.1802
vn 0.4669 -0.8657 -0.1804
vn 0.4670 -0.8656 -0.1808
vn 0.4659 -0.8661 -0.1810
vn 0.4664 -0.8659 -0.1811
vn 0.4675 -0.8654 -0.1806
vn 0.4667 -0.8655 -0.1819
vn 0.4678 -0.8655 -0.1790
vn 0.4679 -0.8651 -0.1808
vn 0.4680 -0.8652 -0.1801
vn 0.4667 -0.8658 -0.1806
vn 0.4667 -0.8656 -0.1816
vn 0.4660 -0.8661 -0.1808
vn 0.4664 -0.8660 -0.1804
vn 0.4656 -0.8664 -0.1806
vn 0.4666 -0.8659 -0.1802
vn 0.4663 -0.8660 -0.1803
vn 0.4665 -0.8659 -0.1805
vn 0.4672 -0.8654 -0.1812
vn 0.4662 -0.8660 -0.1808
vn 0.4666 -0.8654 -0.1825
vn 0.4660 -0.8659 -0.1818
vn 0.4692 -0.8644 -0.1807
vn 0.4684 -0.8650 -0.1802
vn 0.4689 -0.8650 -0.1785
vn 0.4676 -0.8653 -0.1808
vn 0.4660 -0.8661 -0.1809
vn 0.4672 -0.8655 -0.1807
vn 0.4667 -0.8656 -0.1812
vn 0.4667 -0.8657 -0.1812
vn 0.4666 -0.8658 -0.1806
vn 0.4671 -0.8657 -0.1800
vn 0.4670 -0.8659 -0.1795
vn 0.4664 -0.8661 -0.1798
vn 0.4661 -0.8662 -0.1801
vn 0.4663 -0.8660 -0.1804
vn 0.4669 -0.8657 -0.1806
vn 0.4667 -0.8655 -0.1817
vn 0.4670 -0.8654 -0.1819
vn 0.4660 -0.8658 -0.1823
vn 0.4666 -0.8655 -0.1821
vn 0.4665 -0.8657 -0.1814
vn 0.4663 -0.8659 -0.1813
vn 0.4671 -0.8650 -0.1833
vn 0.4668 -0.8654 -0.1822
vn 0.4665 -0.8658 -0.1811
vn 0.4671 -0.8655 -0.1808
vn 0.4691 -0.8643 -0.1816
vn 0.4687 -0.8647 -0.1806
vn 0.4697 -0.8645 -0.1791
vn 0.4668 -0.8655 -0.1817
vn 0.4677 -0.8652 -0.1810
vn 0.4671 -0.8654 -0.1814
vn 0.4675 -0.8654 -0.1802
vn 0.4670 -0.8658 -0.1797
vn 0.4663 -0.8660 -0.1807
vn 0.4667 -0.8658 -0.1807
vn 0.4664 -0.8658 -0.1815
vn 0.4667 -0.8657 -0.1808
vn 0.4669 -0.8656 -0.1812
vn 0.4666 -0.8657 -0.1813
vn 0.4671 -0.8656 -0.1805
vn -0.4656 -0.0665 -0.8825
vn -0.8469 -0.4962 0.1910
vn -0.8610 -0.3977 -0.3170
vn -0.6444 -0.1926 -0.7400
vn -0.7521 -0.4959 0.4342
vn -0.7520 -0.4959 0.4342
vn 0.2551 -0.0641 0.9648
vn -0.2025 -0.3036 0.9310
vn -0.6059 -0.4618 0.6478
vn 0.6444 0.1926 0.7401
vn 0.6449 0.1925 0.7396
vn 0.6446 0.1930 0.7398
vn 0.6442 0.1924 0.7403
vn 0.6445 0.1925 0.7399
vn 0.8614 0.3973 0.3165
vn 0.8611 0.3977 0.3168
vn 0.8609 0.3978 0.3170
vn 0.8471 0.4957 -0.1915
vn 0.8469 0.4964 -0.1908
vn 0.8470 0.4961 -0.1912
vn 0.8469 0.4963 -0.1909
vn 0.8468 0.4965 -0.1907
vn 0.7521 0.4959 -0.4342
vn -0.2550 0.0642 -0.9648
vn -0.2549 0.0641 -0.9648
vn 0.2025 0.3030 -0.9312
vn 0.2025 0.3034 -0.9311
vn 0.2026 0.3037 -0.9310
vn 0.6059 0.4618 -0.6478
vn -0.2553 0.0639 -0.9648
vn 0.2026 0.3039 -0.9309
vn 0.2026 0.3036 -0.9310
vn 0.6057 0.4616 -0.6481
vn 0.6058 0.4620 -0.6478
vn 0.6060 0.4619 -0.6476
vn 0.6056 0.4616 -0.6482
vn 0.6058 0.4618 -0.6479
vn 0.6059 0.4614 -0.6481
vn 0.7520 0.4959 -0.4342
vn 0.2551 -0.0642 0.9648
vn -0.2028 -0.3037 0.9309
vn 0.2551 -0.0640 0.9648
vn -0.2026 -0.3036 0.9310
vn -0.6058 -0.4619 0.6478
vn -0.6056 -0.4617 0.6481
vn -0.8470 -0.4961 0.1909
vn -0.8609 -0.3978 -0.3170
vn -0.8611 -0.3974 -0.3171
vn -0.8469 -0.4961 0.1914
vn -0.8611 -0.3976 -0.3170
vn -0.6445 -0.1926 -0.7399
vn -0.6442 -0.1923 -0.7403
vn -0.4657 -0.0666 -0.8824
vn -0.8470 -0.4963 0.1906
vn -0.8468 -0.4964 0.1912
vn -0.8472 -0.4959 0.1905
vn -0.8470 -0.4963 0.1907
vn -0.8470 -0.4963 0.1904
vn -0.8612 -0.3970 -0.3173
vn -0.8611 -0.3976 -0.3169
vn -0.8610 -0.3975 -0.3172
vn -0.8612 -0.3977 -0.3165
vn -0.8610 -0.3980 -0.3168
vn -0.6444 -0.1917 -0.7402
vn -0.6444 -0.1926 -0.7401
vn -0.6447 -0.1930 -0.7397
vn -0.6444 -0.1936 -0.7398
vn 0.2552 -0.0641 0.9648
vn 0.2554 -0.0643 0.9647
vn 0.2557 -0.0642 0.9646
vn 0.2549 -0.0640 0.9648
vn -0.2025 -0.3035 0.9311
vn -0.2027 -0.3036 0.9310
vn -0.6056 -0.4620 0.6479
vn -0.6060 -0.4619 0.6476
vn -0.6061 -0.4615 0.6478
vn -0.6060 -0.4617 0.6478
vn -0.6062 -0.4619 0.6474
vn 0.6440 0.1927 0.7404
vn 0.6441 0.1925 0.7403
vn 0.8613 0.3974 0.3167
vn 0.8612 0.3977 0.3164
vn 0.8610 0.3978 0.3168
vn 0.8610 0.3979 0.3167
vn 0.8613 0.3977 0.3163
vn 0.8611 0.3981 0.3163
vn 0.8470 0.4962 -0.1907
vn 0.8471 0.4961 -0.1905
vn 0.7521 0.4959 -0.4341
vn -0.2552 0.0639 -0.9648
vn -0.2550 0.0637 -0.9648
vn -0.2553 0.0641 -0.9647
vn 0.2024 0.3037 -0.9310
vn 0.2024 0.3033 -0.9311
vn 0.6062 0.4621 -0.6473
vn -0.4657 -0.0665 -0.8824
vn -0.4657 -0.0665 -0.8825
vn 0.2023 0.3038 -0.9310
vn -0.2552 0.0642 -0.9647
vn -0.2548 0.0641 -0.9649
vn 0.2023 0.3035 -0.9311
vn 0.6058 0.4617 -0.6480
vn 0.8469 0.4961 -0.1914
vn 0.8469 0.4963 -0.1908
vn 0.8612 0.3976 0.3166
vn 0.8608 0.3984 0.3167
vn 0.8608 0.3978 0.3174
vn 0.8470 0.4960 -0.1914
vn 0.8471 0.4960 -0.1909
vn 0.8610 0.3976 0.3171
vn 0.8608 0.3975 0.3179
vn 0.8612 0.3968 0.3178
vn 0.6448 0.1926 0.7397
vn 0.6442 0.1930 0.7401
vn 0.6446 0.1923 0.7399
vn 0.6448 0.1927 0.7396
vn 0.6445 0.1925 0.7400
vn 0.6450 0.1923 0.7396
vn 0.4657 0.0666 0.8825
vn 0.4657 0.0665 0.8824
vn 0.4657 0.0668 0.8824
vn 0.4656 0.0670 0.8825
vn 0.4653 0.0666 0.8827
vn 0.4648 0.0669 0.8829
vn 0.4651 0.0662 0.8828
vn 0.4652 0.0667 0.8827
vn 0.4659 0.0660 0.8823
vn 0.4658 0.0672 0.8823
vn 0.4653 0.0668 0.8827
vn 0.4645 0.0660 0.8831
vn 0.4645 0.0664 0.8831
vn 0.4650 0.0659 0.8829
vn 0.4658 0.0669 0.8823
vn 0.4659 0.0665 0.8823
vn 0.4652 0.0663 0.8827
vn 0.2553 -0.0639 0.9648
vn -0.2026 -0.3033 0.9311
vn 0.2552 -0.0640 0.9648
vn -0.8469 -0.4962 0.1914
vn -0.8609 -0.3975 -0.3174
vn -0.8614 -0.3966 -0.3174
vn -0.8611 -0.3978 -0.3166
vn -0.8468 -0.4963 0.1915
vn -0.8610 -0.3976 -0.3172
vn -0.8606 -0.3989 -0.3165
vn -0.6444 -0.1927 -0.7400
vn -0.8470 -0.4961 0.1912
vn -0.8466 -0.4967 0.1912
vn -0.8473 -0.4959 0.1905
vn -0.8469 -0.4962 0.1911
vn -0.8470 -0.4964 0.1902
vn -0.8611 -0.3977 -0.3167
vn -0.8609 -0.3976 -0.3173
vn -0.8612 -0.3976 -0.3166
vn -0.8610 -0.3981 -0.3167
vn -0.6444 -0.1917 -0.7403
vn -0.6445 -0.1925 -0.7400
vn -0.6442 -0.1925 -0.7403
vn -0.6444 -0.1928 -0.7400
vn -0.6448 -0.1929 -0.7396
vn -0.6445 -0.1936 -0.7397
vn 0.2553 -0.0643 0.9647
vn 0.2553 -0.0642 0.9647
vn -0.2023 -0.3034 0.9311
vn -0.2023 -0.3035 0.9311
vn -0.2028 -0.3036 0.9310
vn -0.6063 -0.4619 0.6474
vn -0.6060 -0.4621 0.6474
vn -0.6062 -0.4617 0.6476
vn -0.6059 -0.4623 0.6475
vn 0.8469 0.4962 -0.1910
vn 0.8610 0.3977 0.3170
vn 0.6444 0.1926 0.7400
vn -0.2551 0.0641 -0.9648
vn 0.2025 0.3036 -0.9310
vn -0.6447 -0.1925 -0.7398
vn -0.6445 -0.1927 -0.7400
vn -0.8608 -0.3988 -0.3162
vn -0.8611 -0.3977 -0.3169
vn -0.8614 -0.3978 -0.3159
vn -0.8612 -0.3978 -0.3164
vn -0.8609 -0.3976 -0.3176
vn -0.8614 -0.3967 -0.3173
vn -0.8462 -0.4973 0.1914
vn -0.8471 -0.4962 0.1904
vn -0.8469 -0.4962 0.1909
vn -0.8472 -0.4963 0.1898
vn -0.8477 -0.4952 0.1900
vn 0.2550 -0.0641 0.9648
vn -0.2022 -0.3030 0.9313
vn -0.2024 -0.3033 0.9311
vn -0.6058 -0.4624 0.6475
vn -0.6059 -0.4621 0.6475
vn -0.6059 -0.4625 0.6473
vn 0.2551 -0.0639 0.9648
vn -0.2027 -0.3037 0.9310
vn -0.2029 -0.3034 0.9310
vn -0.2024 -0.3037 0.9310
vn -0.2026 -0.3035 0.9310
vn -0.2023 -0.3038 0.9310
vn -0.6056 -0.4618 0.6481
vn -0.8468 -0.4962 0.1915
vn -0.8473 -0.4956 0.1908
vn -0.8469 -0.4963 0.1909
vn -0.8610 -0.3976 -0.3173
vn -0.8612 -0.3969 -0.3174
vn -0.8468 -0.4961 0.1919
vn -0.8463 -0.4971 0.1917
vn -0.8609 -0.3981 -0.3168
vn -0.6444 -0.1924 -0.7401
vn -0.4656 -0.0666 -0.8825
vn -0.4654 -0.0666 -0.8826
vn -0.4655 -0.0662 -0.8826
vn -0.4663 -0.0666 -0.8821
vn -0.4664 -0.0669 -0.8821
vn -0.4661 -0.0670 -0.8822
vn -0.4657 -0.0662 -0.8825
vn -0.4653 -0.0672 -0.8826
vn -0.4654 -0.0672 -0.8825
vn -0.4660 -0.0665 -0.8823
vn -0.4666 -0.0655 -0.8820
vn -0.4662 -0.0660 -0.8822
vn -0.4656 -0.0664 -0.8825
vn -0.4659 -0.0667 -0.8823
vn -0.4660 -0.0662 -0.8823
vn -0.2551 0.0642 -0.9648
vn -0.2555 0.0643 -0.9647
vn -0.2554 0.0641 -0.9647
vn -0.2550 0.0640 -0.9648
vn 0.6055 0.4620 -0.6480
vn 0.6060 0.4617 -0.6478
vn 0.8611 0.3980 0.3165
vn 0.8470 0.4962 -0.1909
vn 0.8611 0.3976 0.3170
vn 0.6443 0.1925 0.7402
vn 0.6440 0.1929 0.7403
vn 0.6446 0.1928 0.7398
vn 0.6443 0.1926 0.7401
vn 0.6447 0.1925 0.7398
vn 0.8469 0.4961 -0.1913
vn 0.8608 0.3985 0.3166
vn 0.8610 0.3977 0.3171
vn 0.8609 0.3979 0.3170
vn 0.8609 0.3978 0.3173
vn 0.8612 0.3970 0.3174
vn 0.6444 0.1925 0.7400
vn 0.2024 0.3039 -0.9310
vn 0.2025 0.3031 -0.9312
vn 0.6053 0.4620 -0.6482
vn 0.6061 0.4617 -0.6477
vn 0.6057 0.4615 -0.6482
vn 0.6057 0.4618 -0.6480
vn -0.6439 -0.1924 -0.7405
vn -0.6442 -0.1918 -0.7404
vn -0.6445 -0.1929 -0.7399
vn -0.6441 -0.1924 -0.7404
vn -0.6447 -0.1927 -0.7397
vn -0.8608 -0.3985 -0.3166
vn -0.8611 -0.3978 -0.3165
vn -0.8468 -0.4965 0.1909
vn -0.8470 -0.4962 0.1907
vn -0.8471 -0.4961 0.1906
vn -0.8471 -0.4962 0.1903
vn -0.8473 -0.4958 0.1903
vn 0.2552 -0.0642 0.9648
vn -0.2024 -0.3036 0.9311
vn -0.2023 -0.3033 0.9312
vn -0.6060 -0.4613 0.6481
vn -0.6056 -0.4619 0.6480
vn -0.6060 -0.4618 0.6476
vn 0.4658 0.0666 0.8824
vn -0.2024 -0.3032 0.9312
vn -0.2021 -0.3032 0.9313
vn 0.2553 -0.0641 0.9647
vn -0.2022 -0.3034 0.9312
vn -0.2023 -0.3039 0.9310
vn -0.6062 -0.4619 0.6475
vn -0.8469 -0.4962 0.1913
vn -0.8608 -0.3978 -0.3176
vn -0.8610 -0.3973 -0.3175
vn -0.8610 -0.3979 -0.3168
vn -0.4656 -0.0659 -0.8825
vn -0.4653 -0.0661 -0.8827
vn -0.4655 -0.0666 -0.8825
vn -0.4654 -0.0664 -0.8826
vn -0.4657 -0.0666 -0.8825
vn -0.4660 -0.0663 -0.8823
vn -0.4653 -0.0667 -0.8826
vn 0.2026 0.3035 -0.9310
vn -0.2548 0.0640 -0.9649
vn 0.2028 0.3036 -0.9310
vn 0.6059 0.4620 -0.6476
vn 0.6060 0.4617 -0.6477
vn 0.8467 0.4964 -0.1914
vn 0.8608 0.3977 0.3176
vn 0.8606 0.3981 0.3176
vn 0.8609 0.3976 0.3173
vn 0.8470 0.4959 -0.1916
vn 0.8468 0.4962 -0.1914
vn 0.8472 0.4956 -0.1915
vn 0.6440 0.1924 0.7405
vn 0.6444 0.1929 0.7400
vn 0.8473 0.4953 -0.1917
vn 0.8465 0.4974 -0.1898
vn 0.8471 0.4963 -0.1901
vn 0.8606 0.3985 0.3173
vn 0.8612 0.3978 0.3163
vn 0.8609 0.3977 0.3172
vn 0.8611 0.3978 0.3167
vn 0.8614 0.3978 0.3158
vn 0.8617 0.3971 0.3158
vn 0.6443 0.1928 0.7400
vn 0.6445 0.1924 0.7400
vn -0.8697 -0.1501 0.4702
vn -0.7603 0.5517 0.3430
vn -0.8728 0.0053 0.4881
vn -0.2489 0.9673 0.0493
vn 0.2731 0.9396 -0.2065
vn -0.4529 0.8674 0.2062
vn 0.6168 0.6906 -0.3776
vn 0.4313 0.8640 -0.2599
vn 0.8426 0.2716 -0.4650
vn 0.8783 -0.1841 -0.4412
vn 0.6491 -0.6995 -0.2989
vn 0.8976 -0.0015 -0.4409
vn 0.0741 -0.9971 0.0196
vn 0.4797 -0.8636 -0.1555
vn -0.5330 -0.7750 0.3396
vn -0.4064 -0.8605 0.3072
vn 0.8730 0.4836 -0.0629
vn 0.8729 0.4837 -0.0637
vn 0.7180 0.2513 0.6491
vn 0.7182 0.2512 0.6489
vn 0.8620 0.3960 0.3164
vn 0.8720 0.4860 -0.0577
vn 0.6445 0.1926 0.7399
vn 0.7142 0.2527 0.6527
vn 0.8426 0.2717 -0.4649
vn 0.8782 -0.1840 -0.4415
vn 0.6490 -0.6997 -0.2987
vn 0.8976 -0.0016 -0.4408
vn 0.0743 -0.9971 0.0194
vn 0.4798 -0.8635 -0.1555
vn -0.5333 -0.7748 0.3396
vn -0.4064 -0.8605 0.3073
vn -0.8697 -0.1502 0.4702
vn -0.7602 0.5516 0.3432
vn -0.8728 0.0052 0.4881
vn -0.2488 0.9673 0.0493
vn 0.2727 0.9397 -0.2065
vn 0.6167 0.6907 -0.3776
vn 0.4314 0.8639 -0.2599
vn 0.4655 0.0665 0.8826
vn 0.4655 0.0665 0.8825
vn 0.4655 0.0666 0.8826
vn 0.4658 0.0664 0.8824
vn 0.4656 0.0666 0.8825
vn 0.4656 0.0664 0.8825
vn 0.8691 0.1524 -0.4705
vn 0.7466 -0.5538 -0.3687
vn 0.8958 -0.0017 -0.4445
vn 0.2413 -0.9684 -0.0636
vn -0.2659 -0.9386 0.2196
vn 0.4796 -0.8636 -0.1554
vn -0.6168 -0.6906 0.3776
vn -0.4044 -0.8601 0.3109
vn -0.8426 -0.2715 0.4651
vn -0.8714 0.1856 0.4542
vn -0.6566 0.6985 0.2846
vn -0.8707 0.0053 0.4917
vn -0.0877 0.9951 -0.0453
vn 0.5346 0.7733 -0.3409
vn 0.4294 0.8638 -0.2637
vn 0.2550 -0.0642 0.9648
vn 0.1476 -0.1293 0.9805
vn -0.5112 -0.4344 0.7416
vn -0.2033 -0.3021 0.9313
vn -0.6059 -0.4616 0.6479
vn -0.3116 -0.3522 0.8825
vn -0.3290 -0.3597 0.8732
vn 0.1623 -0.1172 0.9797
vn 0.1619 -0.1174 0.9798
vn -0.0298 -0.2198 0.9751
vn -0.0301 -0.2194 0.9752
vn 0.1627 -0.1171 0.9797
vn 0.1620 -0.1174 0.9798
vn 0.1623 -0.1179 0.9797
vn -0.2207 -0.3119 0.9241
vn -0.0301 -0.2199 0.9751
vn -0.4010 -0.3893 0.8293
vn -0.2209 -0.3120 0.9240
vn -0.5623 -0.4481 0.6950
vn -0.4011 -0.3893 0.8292
vn -0.6968 -0.4857 0.5278
vn -0.7983 -0.5002 0.3355
vn -0.6968 -0.4857 0.5277
vn -0.8619 -0.4909 0.1273
vn -0.7983 -0.5002 0.3354
vn -0.8845 -0.4584 -0.0869
vn -0.8619 -0.4909 0.1272
vn -0.8652 -0.4041 -0.2970
vn -0.8845 -0.4583 -0.0871
vn -0.8048 -0.3306 -0.4930
vn -0.8651 -0.4040 -0.2973
vn -0.7062 -0.2414 -0.6656
vn -0.8046 -0.3304 -0.4933
vn -0.7060 -0.2413 -0.6659
vn -0.8800 -0.4334 -0.1945
vn -0.8818 -0.4385 -0.1736
vn -0.8602 -0.3991 -0.3174
vn -0.8754 -0.4797 0.0595
vn -0.7175 -0.2463 -0.6516
vn 0.8727 -0.0051 -0.4883
vn 0.8696 0.1525 -0.4696
vn 0.4529 -0.8674 -0.2061
vn 0.7602 -0.5516 -0.3432
vn 0.2489 -0.9673 -0.0494
vn -0.4313 -0.8639 0.2601
vn -0.2728 -0.9397 0.2063
vn -0.6169 -0.6906 0.3775
vn -0.8977 0.0015 0.4405
vn -0.8425 -0.2716 0.4652
vn -0.8783 0.1841 0.4413
vn -0.4795 0.8637 0.1554
vn -0.6491 0.6995 0.2990
vn 0.4068 0.8602 -0.3074
vn -0.0740 0.9971 -0.0197
vn 0.5349 0.7734 -0.3402
vn -0.4657 -0.0664 -0.8824
vn -0.4660 -0.0667 -0.8823
vn -0.4658 -0.0669 -0.8824
vn -0.4659 -0.0665 -0.8824
vn -0.4653 -0.0668 -0.8826
vn -0.4655 -0.0665 -0.8825
vn -0.8976 0.0014 0.4408
vn -0.8426 -0.2716 0.4650
vn -0.8784 0.1838 0.4412
vn -0.4797 0.8635 0.1554
vn -0.6490 0.6996 0.2989
vn 0.4064 0.8605 -0.3073
vn -0.0741 0.9971 -0.0195
vn 0.5350 0.7733 -0.3403
vn 0.8728 -0.0050 -0.4881
vn 0.8695 0.1524 -0.4698
vn 0.7602 -0.5518 -0.3430
vn 0.2490 -0.9672 -0.0494
vn -0.4314 -0.8639 0.2600
vn -0.2731 -0.9396 0.2066
vn -0.6168 -0.6907 0.3776
vn -0.8730 -0.4836 0.0627
vn -0.8731 -0.4835 0.0632
vn -0.8730 -0.4836 0.0637
vn -0.8731 -0.4833 0.0636
vn -0.7181 -0.2513 -0.6490
vn -0.7179 -0.2512 -0.6493
vn -0.8469 -0.4962 0.1912
vn -0.8720 -0.4860 0.0578
vn -0.7142 -0.2526 -0.6527
vn -0.8619 -0.3961 -0.3165
vn -0.6441 -0.1925 -0.7403
vn 0.2034 0.3017 -0.9315
vn -0.1478 0.1295 -0.9805
vn 0.6056 0.4620 -0.6480
vn 0.5111 0.4343 -0.7418
vn 0.8708 -0.0054 -0.4917
vn 0.8427 0.2715 -0.4649
vn 0.8713 -0.1848 -0.4546
vn 0.4528 -0.8674 -0.2064
vn 0.6565 -0.6986 -0.2845
vn -0.4293 -0.8638 0.2636
vn 0.0876 -0.9951 0.0451
vn -0.5331 -0.7749 0.3397
vn -0.8957 0.0018 0.4446
vn -0.8697 -0.1502 0.4701
vn -0.4797 0.8636 0.1553
vn -0.7467 0.5535 0.3688
vn -0.2414 0.9683 0.0637
vn 0.4045 0.8601 -0.3108
vn 0.2660 0.9387 -0.2194
vn 0.6168 0.6907 -0.3775
vn -0.1425 0.1283 -0.9814
vn 0.5165 0.4325 -0.7390
vn -0.1422 0.1284 -0.9815
vn -0.1429 0.1283 -0.9814
vn -0.1427 0.1281 -0.9814
vn 0.5165 0.4324 -0.7391
vn -0.2551 0.0640 -0.9648
vn -0.1444 0.1232 -0.9818
vn 0.5143 0.4282 -0.7431
vn 0.2016 0.3051 -0.9307
vn -0.8958 0.0022 0.4444
vn -0.8697 -0.1499 0.4702
vn -0.7467 0.5535 0.3687
vn -0.2413 0.9684 0.0636
vn 0.4045 0.8600 -0.3110
vn 0.2662 0.9386 -0.2194
vn 0.6166 0.6909 -0.3775
vn 0.2942 0.3447 -0.8914
vn 0.3277 0.3591 -0.8739
vn -0.1433 0.1278 -0.9814
vn -0.1430 0.1279 -0.9814
vn 0.0882 0.2490 -0.9645
vn 0.0880 0.2493 -0.9644
vn 0.0877 0.2488 -0.9646
vn 0.0881 0.2490 -0.9645
vn 0.3139 0.3532 -0.8813
vn 0.3134 0.3530 -0.8816
vn 0.5174 0.4330 -0.7381
vn 0.5171 0.4329 -0.7384
vn 0.1084 0.2589 -0.9598
vn 0.0729 0.2413 -0.9677
vn -0.2550 0.0643 -0.9648
vn 0.2030 0.3035 -0.9310
vn -0.2547 0.0642 -0.9649
vn 0.2022 0.3036 -0.9311
vn 0.6057 0.4620 -0.6479
vn 0.6056 0.4622 -0.6478
vn 0.6060 0.4622 -0.6474
vn 0.8610 0.3979 0.3166
vn 0.8471 0.4960 -0.1906
vn 0.6445 0.1927 0.7399
vn 0.6438 0.1933 0.7403
vn 0.6439 0.1924 0.7405
vn 0.6448 0.1929 0.7396
vn 0.6449 0.1920 0.7398
vn 0.8211 0.3479 0.4525
vn 0.8213 0.3480 0.4521
vn 0.8688 0.4869 -0.0901
vn 0.8844 0.4521 0.1159
vn 0.8728 0.4839 -0.0645
vn 0.8612 0.3976 0.3167
vn 0.8801 0.4343 0.1920
vn 0.8001 0.3257 0.5037
vn 0.8270 0.3548 0.4361
vn 0.7039 0.2395 0.6687
vn 0.7175 0.2510 0.6497
vn 0.8779 0.4281 0.2147
vn 0.8799 0.4334 0.1945
vn 0.1428 -0.1281 0.9814
vn -0.5166 -0.4328 0.7388
vn 0.1426 -0.1282 0.9814
vn -0.5165 -0.4326 0.7390
vn -0.8426 -0.2714 0.4651
vn -0.8715 0.1853 0.4540
vn -0.6567 0.6984 0.2847
vn -0.8707 0.0054 0.4918
vn -0.0876 0.9951 -0.0453
vn -0.4531 0.8673 0.2061
vn 0.5346 0.7734 -0.3407
vn 0.4291 0.8639 -0.2637
vn 0.8691 0.1525 -0.4706
vn 0.7466 -0.5537 -0.3689
vn 0.8957 -0.0018 -0.4446
vn 0.2416 -0.9683 -0.0635
vn -0.2661 -0.9386 0.2196
vn 0.4798 -0.8635 -0.1554
vn -0.6166 -0.6908 0.3776
vn -0.4044 -0.8601 0.3108
vn 0.2553 -0.0640 0.9647
vn -0.2016 -0.3051 0.9307
vn 0.1441 -0.1231 0.9819
vn -0.6057 -0.4619 0.6479
vn -0.5142 -0.4283 0.7431
vn 0.8754 0.4797 -0.0587
vn 0.7178 0.2462 0.6513
vn 0.8601 0.3994 0.3174
vn 0.8730 0.4836 -0.0634
vn 0.7180 0.2512 0.6491
vn 0.1424 -0.1283 0.9815
vn -0.5166 -0.4327 0.7388
vn -0.5166 -0.4327 0.7389
vn -0.8730 -0.4836 0.0634
vn -0.7180 -0.2512 -0.6491
vn -0.1424 0.1283 -0.9815
vn 0.5166 0.4327 -0.7389
vn 0.5166 0.4327 -0.7388
vn -0.7180 -0.2512 -0.6492
vn 0.5726 0.1398 0.8078
vn 0.5726 0.1397 0.8078
vn 0.3483 -0.0082 0.9374
vn 0.3482 -0.0082 0.9374
vn 0.4668 -0.8657 -0.1807
vn -0.8469 -0.4963 0.1911
vn -0.8471 -0.4960 0.1909
vn -0.8611 -0.3976 -0.3168
vn -0.8611 -0.3978 -0.3168
vn -0.6444 -0.1925 -0.7401
vn -0.2548 0.0644 -0.9648
vn 0.2024 0.3034 -0.9311
vn 0.6060 0.4618 -0.6477
vn 0.6059 0.4617 -0.6479
vn 0.4663 -0.8659 -0.1810
vn 0.4659 -0.8661 -0.1809
vn 0.4657 -0.8663 -0.1807
vn 0.4665 -0.8658 -0.1807
vn 0.4665 -0.8658 -0.1812
vn 0.4666 -0.8657 -0.1810
vn -0.5834 -0.4549 0.6729
vn -0.6579 -0.4763 0.5834
vn -0.5834 -0.4549 0.6728
vn -0.7232 -0.4911 0.4856
vn -0.7520 -0.4958 0.4343
vn -0.8552 -0.4937 0.1577
vn -0.8225 -0.4998 0.2713
vn -0.8552 -0.4937 0.1578
vn -0.7783 -0.4989 0.3812
vn -0.8225 -0.4998 0.2715
vn -0.7783 -0.4990 0.3812
vn -0.6368 0.7166 -0.2846
vn 0.1712 -0.7831 -0.5978
vn 0.1712 -0.7831 -0.5979
vn 0.6368 -0.7166 0.2846
vn 0.6368 -0.7166 0.2847
vn -0.1712 0.7831 0.5979
vn -0.2549 -0.8159 0.5190
vn -0.3525 -0.3695 0.8598
vn -0.7155 0.0390 0.6976
vn -0.9809 0.0011 0.1945
vn -0.8833 -0.4453 -0.1463
vn -0.5203 -0.8538 0.0159
vn -0.1712 0.7831 0.5978
vn -0.2549 -0.8159 0.5189
vn -0.3524 -0.3695 0.8598
vn -0.7155 0.0390 0.6975
vn 0.7403 0.4941 -0.4558
vn 0.7165 0.4869 -0.4995
vn 0.6924 0.4761 -0.5421
vn 0.6679 0.4613 -0.5841
vn 0.6431 0.4429 -0.6247
vn 0.6197 0.4266 -0.6588
vn 0.6136 0.4202 -0.6685
vn 0.6143 0.4275 -0.6633
vn 0.5753 0.4286 -0.6967
vn 0.5360 0.4260 -0.7289
vn 0.4966 0.4198 -0.7597
vn 0.4572 0.4100 -0.7892
vn 0.4182 0.3965 -0.8173
vn 0.3798 0.3795 -0.8436
vn 0.3413 0.3590 -0.8687
vn 0.3037 0.3350 -0.8919
vn 0.2664 0.3075 -0.9135
vn 0.2301 0.2767 -0.9330
vn 0.2381 0.2732 -0.9320
vn 0.2256 0.2721 -0.9355
vn 0.6243 0.4263 -0.6546
vn 0.6176 0.4271 -0.6604
vn 0.6249 0.4319 -0.6504
vn 0.1839 0.2628 -0.9472
vn 0.1349 0.2524 -0.9582
vn 0.0871 0.2386 -0.9672
vn 0.0403 0.2218 -0.9743
vn -0.0052 0.2018 -0.9794
vn -0.0493 0.1787 -0.9827
vn -0.0918 0.1527 -0.9840
vn -0.1326 0.1238 -0.9834
vn -0.1721 0.0917 -0.9808
vn -0.2094 0.0570 -0.9762
vn 0.2272 0.2741 -0.9345
vn 0.2213 0.2683 -0.9376
vn 0.2149 0.2711 -0.9383
vn -0.2418 0.0274 -0.9699
vn -0.2501 0.0176 -0.9681
vn -0.2485 0.0263 -0.9683
vn -0.2963 0.0129 -0.9550
vn -0.3423 -0.0031 -0.9396
vn -0.3860 -0.0216 -0.9223
vn -0.4270 -0.0427 -0.9032
vn -0.4658 -0.0662 -0.8824
vn -0.5020 -0.0921 -0.8599
vn -0.5355 -0.1203 -0.8359
vn -0.5665 -0.1509 -0.8101
vn -0.5943 -0.1835 -0.7830
vn -0.6194 -0.2183 -0.7542
vn -0.6125 -0.2215 -0.7588
vn -0.6222 -0.2234 -0.7503
vn -0.2360 0.0290 -0.9713
vn -0.2445 0.0272 -0.9693
vn -0.2347 0.0358 -0.9714
vn -0.6526 -0.2352 -0.7202
vn -0.6863 -0.2474 -0.6839
vn -0.6212 -0.2213 -0.7518
vn -0.6250 -0.2275 -0.7467
vn -0.6303 -0.2250 -0.7430
vn -0.7170 -0.2616 -0.6461
vn -0.7444 -0.2777 -0.6072
vn -0.7686 -0.2955 -0.5674
vn -0.7895 -0.3153 -0.5266
vn -0.8069 -0.3368 -0.4852
vn -0.8211 -0.3601 -0.4429
vn -0.8318 -0.3850 -0.3999
vn -0.8388 -0.4114 -0.3567
vn -0.8414 -0.4324 -0.3240
vn -0.8445 -0.4326 -0.3157
vn -0.8431 -0.4266 -0.3274
vn -0.8435 -0.4328 -0.3182
vn -0.8436 -0.4402 -0.3075
vn -0.8460 -0.4327 -0.3116
vn -0.8609 -0.4359 -0.2626
vn -0.8722 -0.4403 -0.2132
vn -0.8798 -0.4462 -0.1637
vn -0.8838 -0.4536 -0.1143
vn -0.8843 -0.4624 -0.0651
vn -0.8812 -0.4725 -0.0165
vn -0.8744 -0.4842 0.0322
vn -0.8641 -0.4970 0.0794
vn -0.8500 -0.5113 0.1265
vn -0.8325 -0.5266 0.1721
vn -0.8305 -0.5319 0.1654
vn -0.8296 -0.5291 0.1781
vn -0.8308 -0.5280 0.1759
vn -0.8274 -0.5309 0.1835
vn -0.8288 -0.5267 0.1889
vn -0.8226 -0.5235 0.2218
vn -0.8131 -0.5152 0.2711
vn -0.7999 -0.5079 0.3196
vn -0.7834 -0.5021 0.3663
vn -0.7635 -0.4974 0.4120
vn -0.7403 -0.4940 0.4560
vn -0.7136 -0.4920 0.4986
vn -0.6841 -0.4915 0.5389
vn -0.6515 -0.4921 0.5774
vn -0.6155 -0.4939 0.6141
vn -0.5834 -0.4939 0.6447
vn -0.5733 -0.4952 0.6528
vn -0.5804 -0.4906 0.6500
vn -0.5536 -0.4689 0.6882
vn -0.5238 -0.4485 0.7242
vn -0.4914 -0.4294 0.7577
vn -0.4562 -0.4118 0.7888
vn -0.4188 -0.3959 0.8172
vn -0.3786 -0.3814 0.8433
vn -0.3362 -0.3686 0.8667
vn -0.2917 -0.3574 0.8872
vn -0.2446 -0.3478 0.9051
vn -0.1961 -0.3399 0.9198
vn -0.1980 -0.3480 0.9164
vn -0.1894 -0.3394 0.9214
vn -0.5865 -0.4964 0.6400
vn -0.5824 -0.4925 0.6468
vn -0.5921 -0.4928 0.6376
vn -0.1563 -0.3138 0.9365
vn -0.1184 -0.2831 0.9518
vn -0.0784 -0.2542 0.9640
vn -0.0375 -0.2270 0.9732
vn 0.0051 -0.2018 0.9794
vn 0.0493 -0.1787 0.9827
vn 0.0946 -0.1578 0.9829
vn 0.1411 -0.1390 0.9802
vn 0.1883 -0.1224 0.9745
vn 0.2369 -0.1081 0.9655
vn -0.1921 -0.3394 0.9208
vn -0.1835 -0.3384 0.9229
vn -0.1820 -0.3320 0.9256
vn 0.2781 -0.0948 0.9559
vn 0.2905 -0.0924 0.9524
vn 0.2825 -0.0895 0.9551
vn 0.3182 -0.0532 0.9465
vn 0.3544 -0.0193 0.9349
vn 0.3911 0.0120 0.9203
vn 0.4281 0.0408 0.9028
vn 0.4654 0.0668 0.8826
vn 0.5031 0.0902 0.8595
vn 0.5408 0.1108 0.8338
vn 0.5785 0.1285 0.8055
vn 0.6161 0.1433 0.7746
vn 0.6533 0.1551 0.7410
vn 0.6528 0.1464 0.7432
vn 0.6584 0.1560 0.7363
vn 0.2738 -0.0991 0.9567
vn 0.2797 -0.0925 0.9556
vn 0.2675 -0.0968 0.9587
vn 0.6801 0.1840 0.7097
vn 0.7029 0.2168 0.6774
vn 0.6564 0.1558 0.7381
vn 0.6628 0.1574 0.7321
vn 0.6632 0.1641 0.7302
vn 0.7253 0.2462 0.6429
vn 0.7471 0.2725 0.6062
vn 0.7686 0.2955 0.5674
vn 0.7896 0.3154 0.5264
vn 0.8097 0.3317 0.4840
vn 0.8294 0.3447 0.4397
vn 0.8483 0.3543 0.3935
vn 0.8662 0.3603 0.3463
vn 0.8792 0.3623 0.3094
vn 0.8797 0.3672 0.3021
vn 0.8760 0.3655 0.3146
vn 0.8797 0.3655 0.3042
vn 0.8839 0.3653 0.2920
vn 0.8799 0.3694 0.2988
vn 0.8826 0.3955 0.2543
vn 0.8843 0.4179 0.2084
vn 0.8850 0.4366 0.1616
vn 0.8849 0.4517 0.1137
vn 0.8839 0.4631 0.0651
vn 0.8822 0.4706 0.0161
vn 0.8796 0.4746 -0.0338
vn 0.8761 0.4746 -0.0843
vn 0.8719 0.4709 -0.1345
vn 0.8664 0.4635 -0.1857
vn 0.8709 0.4569 -0.1810
vn 0.8660 0.4617 -0.1922
vn 0.8661 0.4626 -0.1895
vn 0.8651 0.4607 -0.1982
vn 0.8617 0.4657 -0.2016
vn 0.8502 0.4724 -0.2322
vn 0.8297 0.4845 -0.2774
vn 0.8082 0.4926 -0.3227
vn 0.7862 0.4969 -0.3673
vn 0.7634 0.4974 -0.4122
vn -0.4663 0.8660 0.1807
vn -0.4665 0.8657 0.1812
vn -0.4666 0.8658 0.1809
vn -0.4658 0.8661 0.1810
vn -0.4669 0.8656 0.1809
vn -0.4661 0.8661 0.1808
vn -0.4664 0.8658 0.1810
vn -0.4663 0.8660 0.1808
vn -0.4665 0.8658 0.1812
vn -0.4665 0.8659 0.1805
vn -0.4664 0.8659 0.1810
vn -0.4658 0.8662 0.1810
vn -0.4661 0.8660 0.1809
vn -0.4671 0.8655 0.1808
vn -0.4660 0.8661 0.1808
vn -0.4662 0.8659 0.1810
vn -0.4666 0.8658 0.1810
vn -0.4659 0.8661 0.1809
vn -0.4664 0.8660 0.1805
vn -0.4671 0.8655 0.1807
vn -0.4663 0.8660 0.1806
vn -0.4666 0.8657 0.1810
vn 0.4468 0.0541 0.8930
vn 0.4067 0.0322 0.9130
vn 0.3639 0.0131 0.9313
vn 0.3184 -0.0030 0.9479
vn 0.2708 -0.0162 0.9625
vn 0.1831 -0.0286 0.9827
vn 0.1790 -0.0322 0.9833
vn 0.1749 -0.0383 0.9838
vn 0.2209 -0.0265 0.9749
vn 0.1726 -0.0410 0.9841
vn 0.1725 -0.0354 0.9844
vn 0.1664 -0.0450 0.9850
vn 0.1383 -0.0815 0.9870
vn 0.1019 -0.1190 0.9876
vn 0.0639 -0.1533 0.9861
vn 0.0239 -0.1842 0.9826
vn -0.0175 -0.2117 0.9772
vn -0.0608 -0.2358 0.9699
vn -0.1054 -0.2564 0.9608
vn -0.1512 -0.2733 0.9500
vn -0.1983 -0.2867 0.9373
vn -0.2464 -0.2963 0.9228
vn -0.2952 -0.3021 0.9064
vn -0.3650 -0.3036 0.8801
vn -0.3449 -0.3043 0.8880
vn -0.3838 -0.3247 0.8644
vn -0.4157 -0.3563 0.8368
vn -0.4483 -0.3839 0.8072
vn -0.4811 -0.4076 0.7762
vn -0.5140 -0.4271 0.7439
vn -0.5478 -0.4429 0.7098
vn -0.5813 -0.4545 0.6750
vn -0.6151 -0.4620 0.6389
vn -0.6488 -0.4654 0.6020
vn -0.6826 -0.4647 0.5640
vn -0.7161 -0.4599 0.5251
vn -0.7490 -0.4509 0.4855
vn -0.7813 -0.4375 0.4452
vn -0.7813 -0.4374 0.4451
vn -0.7954 -0.4574 0.3977
vn -0.8086 -0.4731 0.3498
vn -0.8213 -0.4846 0.3010
vn -0.8334 -0.4919 0.2521
vn -0.8448 -0.4948 0.2034
vn -0.8558 -0.4937 0.1548
vn -0.8661 -0.4884 0.1064
vn -0.8759 -0.4789 0.0581
vn -0.8851 -0.4653 0.0105
vn -0.8935 -0.4475 -0.0366
vn -0.9011 -0.4256 -0.0832
vn -0.9112 -0.3816 -0.1550
vn -0.9077 -0.3995 -0.1285
vn -0.9062 -0.3845 -0.1760
vn -0.8934 -0.3876 -0.2270
vn -0.8795 -0.3868 -0.2773
vn -0.8648 -0.3818 -0.3261
vn -0.8495 -0.3731 -0.3731
vn -0.8335 -0.3602 -0.4190
vn -0.8168 -0.3438 -0.4633
vn -0.8000 -0.3235 -0.5053
vn -0.7825 -0.2995 -0.5458
vn -0.7649 -0.2717 -0.5840
vn -0.7467 -0.2404 -0.6202
vn -0.7279 -0.2053 -0.6542
vn -0.7021 -0.1551 -0.6950
vn -0.7072 -0.1643 -0.6877
vn -0.7048 -0.1585 -0.6915
vn -0.7091 -0.1613 -0.6864
vn -0.7087 -0.1668 -0.6856
vn -0.7126 -0.1705 -0.6806
vn -0.6746 -0.1544 -0.7219
vn -0.6366 -0.1459 -0.7572
vn -0.5985 -0.1340 -0.7898
vn -0.5602 -0.1189 -0.8198
vn -0.5221 -0.1005 -0.8469
vn -0.4843 -0.0789 -0.8713
vn -0.4467 -0.0541 -0.8930
vn -0.4101 -0.0263 -0.9117
vn -0.3732 0.0045 -0.9277
vn -0.3375 0.0381 -0.9406
vn -0.3022 0.0747 -0.9503
vn -0.2461 0.1456 -0.9582
vn -0.2410 0.1473 -0.9593
vn -0.2339 0.1478 -0.9610
vn -0.2681 0.1139 -0.9566
vn -0.2304 0.1484 -0.9617
vn -0.2349 0.1513 -0.9602
vn -0.2239 0.1516 -0.9627
vn -0.1788 0.1567 -0.9713
vn -0.1281 0.1675 -0.9775
vn -0.0786 0.1807 -0.9804
vn -0.0305 0.1964 -0.9800
vn 0.0161 0.2145 -0.9766
vn 0.0612 0.2352 -0.9700
vn 0.1044 0.2580 -0.9605
vn 0.1458 0.2832 -0.9479
vn 0.1853 0.3106 -0.9323
vn 0.2230 0.3400 -0.9136
vn 0.2579 0.3716 -0.8919
vn 0.3030 0.4189 -0.8560
vn 0.2906 0.4047 -0.8670
vn 0.3333 0.4186 -0.8448
vn 0.3814 0.4201 -0.8234
vn 0.4271 0.4229 -0.7992
vn 0.4699 0.4281 -0.7719
vn 0.5101 0.4350 -0.7420
vn 0.5473 0.4436 -0.7097
vn 0.5815 0.4540 -0.6751
vn 0.6129 0.4659 -0.6383
vn 0.6409 0.4802 -0.5988
vn 0.6657 0.4959 -0.5576
vn 0.6873 0.5133 -0.5140
vn 0.7054 0.5321 -0.4684
vn 0.7195 0.5521 -0.4212
vn 0.7194 0.5520 -0.4216
vn 0.7515 0.5385 -0.3811
vn 0.7799 0.5264 -0.3385
vn 0.8046 0.5157 -0.2944
vn 0.8254 0.5066 -0.2491
vn 0.8425 0.4991 -0.2026
vn 0.8560 0.4932 -0.1549
vn 0.8658 0.4891 -0.1062
vn 0.8718 0.4866 -0.0566
vn 0.8740 0.4859 -0.0064
vn 0.8723 0.4869 0.0449
vn 0.8668 0.4894 0.0962
vn 0.8491 0.4969 0.1791
vn 0.8571 0.4935 0.1479
vn 0.8520 0.4850 0.1970
vn 0.8559 0.4570 0.2419
vn 0.8559 0.4304 0.2866
vn 0.8519 0.4058 0.3310
vn 0.8440 0.3829 0.3755
vn 0.8325 0.3620 0.4194
vn 0.8173 0.3431 0.4630
vn 0.7984 0.3263 0.5061
vn 0.7760 0.3116 0.5484
vn 0.7500 0.2992 0.5899
vn 0.7205 0.2887 0.6306
vn 0.6872 0.2804 0.6701
vn 0.6391 0.2720 0.7194
vn 0.6481 0.2738 0.7106
vn 0.6428 0.2735 0.7156
vn 0.6467 0.2772 0.7106
vn 0.6506 0.2743 0.7081
vn 0.6549 0.2772 0.7030
vn 0.6275 0.2418 0.7401
vn 0.6052 0.2043 0.7694
vn 0.5795 0.1691 0.7972
vn 0.5509 0.1365 0.8233
vn 0.5188 0.1063 0.8482
vn 0.4843 0.0789 0.8713
vn -0.4739 0.6618 -0.5808
vn -0.4740 0.6620 -0.5805
vn -0.0789 0.8591 -0.5057
vn -0.0792 0.8592 -0.5055
vn 0.2234 0.9560 -0.1901
vn 0.2236 0.9560 -0.1901
vn 0.3177 0.9157 0.2460
vn 0.3177 0.9157 0.2459
vn 0.1678 0.7536 0.6356
vn 0.1679 0.7536 0.6355
vn -0.1690 0.5316 0.8300
vn -0.1690 0.5315 0.8300
vn -0.5640 0.3343 0.7551
vn -0.5641 0.3343 0.7550
vn -0.8664 0.2374 0.4394
vn -0.8664 0.2373 0.4393
vn -0.9607 0.2777 0.0033
vn -0.9607 0.2777 0.0034
vn -0.8108 0.4398 -0.3862
vn -0.8107 0.4398 -0.3864
vn 0.1394 0.7401 0.6579
vn 0.7910 -0.5713 0.2188
vn 0.3246 0.9428 0.0760
vn 0.0632 0.9054 -0.4199
vn -0.5076 0.6476 -0.5683
vn 0.3037 -0.6408 -0.7051
vn -0.2629 0.9458 0.1908
vn -0.3642 0.9313 -0.0014
vn 0.4185 0.3962 -0.8173
vn 0.8841 0.4627 0.0652
vn -0.7875 0.4630 -0.4069
vn -0.0223 -0.8559 -0.5167
vn -0.9577 0.2325 0.1696
vn -0.6961 0.2696 0.6654
vn -0.1406 0.5554 0.8196
vn 0.4651 -0.7862 0.4070
vn -0.5464 0.7588 0.3544
vn -0.6478 0.7443 0.1623
vn -0.4185 -0.3962 0.8173
vn -0.8841 -0.4627 -0.0652
vn 0.0110 0.8665 -0.4990
vn 0.0107 0.8665 -0.4991
vn 0.0110 0.8663 -0.4993
vn -0.6573 0.5165 -0.5489
vn -0.6574 0.5166 -0.5486
vn -0.9737 0.2170 0.0691
vn -0.6213 0.2674 0.7365
vn -0.6219 0.2674 0.7360
vn 0.0466 0.6172 0.7854
vn 0.0467 0.6170 0.7856
vn 0.3629 0.9166 0.1677
vn 0.3631 0.9165 0.1677
vn -0.1447 0.9372 -0.3173
vn -0.6487 0.6735 -0.3545
vn -0.8872 0.4476 0.1115
vn -0.6218 0.4855 0.6145
vn -0.1178 0.7493 0.6517
vn 0.1207 0.9751 0.1858
vn 0.7402 0.4941 -0.4560
vn 0.7164 0.4870 -0.4996
vn 0.6924 0.4760 -0.5422
vn 0.6679 0.4614 -0.5839
vn 0.6198 0.4266 -0.6587
vn 0.6137 0.4203 -0.6684
vn 0.6145 0.4275 -0.6631
vn 0.5752 0.4286 -0.6967
vn 0.5360 0.4260 -0.7288
vn 0.4964 0.4197 -0.7599
vn 0.4573 0.4100 -0.7892
vn 0.4183 0.3965 -0.8172
vn 0.3796 0.3795 -0.8437
vn 0.3414 0.3590 -0.8687
vn 0.3038 0.3350 -0.8919
vn 0.2666 0.3076 -0.9134
vn 0.2300 0.2767 -0.9330
vn 0.2381 0.2731 -0.9320
vn 0.6249 0.4318 -0.6504
vn 0.1840 0.2628 -0.9471
vn 0.1352 0.2524 -0.9581
vn 0.0871 0.2387 -0.9672
vn 0.0402 0.2218 -0.9743
vn -0.0493 0.1788 -0.9827
vn -0.0918 0.1526 -0.9840
vn -0.1328 0.1237 -0.9834
vn -0.2095 0.0570 -0.9761
vn -0.2502 0.0175 -0.9680
vn -0.2484 0.0263 -0.9683
vn -0.2965 0.0129 -0.9549
vn -0.3422 -0.0031 -0.9396
vn -0.3859 -0.0216 -0.9223
vn -0.5022 -0.0922 -0.8598
vn -0.5355 -0.1204 -0.8359
vn -0.5665 -0.1509 -0.8102
vn -0.6196 -0.2183 -0.7540
vn -0.6127 -0.2213 -0.7587
vn -0.2346 0.0358 -0.9714
vn -0.6525 -0.2352 -0.7203
vn -0.6865 -0.2474 -0.6838
vn -0.6213 -0.2213 -0.7517
vn -0.6303 -0.2252 -0.7430
vn -0.7444 -0.2776 -0.6073
vn -0.7894 -0.3153 -0.5267
vn -0.8069 -0.3367 -0.4854
vn -0.8318 -0.3851 -0.3998
vn -0.8387 -0.4114 -0.3569
vn -0.8431 -0.4265 -0.3274
vn -0.8458 -0.4327 -0.3120
vn -0.8609 -0.4357 -0.2628
vn -0.8798 -0.4462 -0.1635
vn -0.8838 -0.4536 -0.1144
vn -0.8843 -0.4624 -0.0653
vn -0.8811 -0.4727 -0.0166
vn -0.8744 -0.4842 0.0318
vn -0.8641 -0.4970 0.0797
vn -0.8501 -0.5113 0.1263
vn -0.8325 -0.5266 0.1723
vn -0.8309 -0.5280 0.1759
vn -0.8274 -0.5308 0.1835
vn -0.8227 -0.5236 0.2214
vn -0.8131 -0.5151 0.2713
vn -0.8001 -0.5080 0.3190
vn -0.7834 -0.5021 0.3664
vn -0.7634 -0.4974 0.4120
vn -0.7402 -0.4940 0.4562
vn -0.7137 -0.4920 0.4986
vn -0.6840 -0.4914 0.5391
vn -0.6154 -0.4940 0.6142
vn -0.5835 -0.4940 0.6446
vn -0.5735 -0.4952 0.6527
vn -0.5805 -0.4906 0.6499
vn -0.5239 -0.4485 0.7241
vn -0.4915 -0.4295 0.7576
vn -0.4186 -0.3958 0.8174
vn -0.3789 -0.3813 0.8432
vn -0.3363 -0.3686 0.8666
vn -0.2916 -0.3574 0.8873
vn -0.2448 -0.3479 0.9050
vn -0.1978 -0.3479 0.9164
vn -0.5865 -0.4965 0.6399
vn -0.5825 -0.4925 0.6467
vn -0.5920 -0.4929 0.6376
vn -0.1565 -0.3141 0.9364
vn -0.0788 -0.2541 0.9640
vn -0.0374 -0.2269 0.9732
vn 0.0492 -0.1787 0.9827
vn 0.0947 -0.1578 0.9829
vn 0.1885 -0.1224 0.9744
vn 0.2370 -0.1081 0.9655
vn -0.1920 -0.3394 0.9208
vn -0.1820 -0.3321 0.9255
vn 0.2904 -0.0923 0.9524
vn 0.2824 -0.0894 0.9551
vn 0.3543 -0.0193 0.9349
vn 0.3912 0.0120 0.9202
vn 0.4280 0.0407 0.9029
vn 0.4655 0.0668 0.8825
vn 0.5030 0.0902 0.8596
vn 0.5408 0.1107 0.8338
vn 0.6162 0.1433 0.7745
vn 0.6529 0.1465 0.7432
vn 0.2675 -0.0969 0.9587
vn 0.6801 0.1841 0.7096
vn 0.7031 0.2168 0.6772
vn 0.6564 0.1559 0.7381
vn 0.6632 0.1641 0.7303
vn 0.7252 0.2461 0.6430
vn 0.7472 0.2725 0.6062
vn 0.7685 0.2955 0.5675
vn 0.7897 0.3153 0.5263
vn 0.8097 0.3317 0.4841
vn 0.8294 0.3447 0.4396
vn 0.8797 0.3672 0.3020
vn 0.8797 0.3654 0.3042
vn 0.8840 0.3652 0.2919
vn 0.8826 0.3956 0.2539
vn 0.8850 0.4366 0.1617
vn 0.8849 0.4517 0.1139
vn 0.8839 0.4630 0.0651
vn 0.8796 0.4746 -0.0340
vn 0.8762 0.4746 -0.0840
vn 0.8718 0.4710 -0.1348
vn 0.8666 0.4634 -0.1853
vn 0.8708 0.4570 -0.1811
vn 0.8659 0.4618 -0.1922
vn 0.8617 0.4656 -0.2016
vn 0.8296 0.4845 -0.2774
vn 0.7860 0.4968 -0.3680
vn 0.7635 0.4974 -0.4118
vn -0.4668 0.8656 0.1812
vn -0.4674 0.8654 0.1809
vn -0.4672 0.8655 0.1808
vn -0.4667 0.8657 0.1807
vn -0.4668 0.8657 0.1806
vn -0.4664 0.8659 0.1811
vn -0.4667 0.8658 0.1805
vn 0.4467 0.0541 0.8931
vn 0.4065 0.0322 0.9131
vn 0.3638 0.0131 0.9314
vn 0.3184 -0.0030 0.9480
vn 0.2709 -0.0162 0.9625
vn 0.1830 -0.0286 0.9827
vn 0.2207 -0.0265 0.9750
vn 0.1725 -0.0409 0.9842
vn 0.1726 -0.0355 0.9844
vn 0.1666 -0.0450 0.9850
vn 0.1383 -0.0816 0.9870
vn 0.1020 -0.1190 0.9876
vn 0.0240 -0.1842 0.9826
vn -0.0177 -0.2118 0.9772
vn -0.0609 -0.2360 0.9698
vn -0.1051 -0.2562 0.9609
vn -0.1510 -0.2733 0.9500
vn -0.1982 -0.2867 0.9373
vn -0.2463 -0.2963 0.9228
vn -0.2955 -0.3022 0.9063
vn -0.3651 -0.3036 0.8801
vn -0.3450 -0.3042 0.8879
vn -0.3837 -0.3247 0.8645
vn -0.4159 -0.3563 0.8368
vn -0.4483 -0.3840 0.8072
vn -0.4810 -0.4075 0.7762
vn -0.5141 -0.4272 0.7437
vn -0.5478 -0.4430 0.7097
vn -0.5812 -0.4544 0.6751
vn -0.6150 -0.4620 0.6390
vn -0.6826 -0.4647 0.5639
vn -0.7159 -0.4599 0.5253
vn -0.7487 -0.4509 0.4859
vn -0.7953 -0.4574 0.3977
vn -0.8213 -0.4846 0.3011
vn -0.8333 -0.4918 0.2526
vn -0.8448 -0.4949 0.2037
vn -0.8558 -0.4937 0.1547
vn -0.8662 -0.4884 0.1061
vn -0.8760 -0.4789 0.0579
vn -0.8851 -0.4653 0.0104
vn -0.8936 -0.4474 -0.0367
vn -0.9011 -0.4257 -0.0829
vn -0.9077 -0.3996 -0.1281
vn -0.9063 -0.3844 -0.1759
vn -0.8934 -0.3875 -0.2275
vn -0.8795 -0.3867 -0.2774
vn -0.8648 -0.3819 -0.3260
vn -0.8494 -0.3730 -0.3734
vn -0.8335 -0.3604 -0.4189
vn -0.8169 -0.3438 -0.4632
vn -0.7999 -0.3235 -0.5055
vn -0.7825 -0.2994 -0.5459
vn -0.7647 -0.2717 -0.5844
vn -0.7465 -0.2403 -0.6205
vn -0.7281 -0.2053 -0.6540
vn -0.7022 -0.1550 -0.6949
vn -0.7070 -0.1643 -0.6878
vn -0.7090 -0.1615 -0.6865
vn -0.7085 -0.1668 -0.6858
vn -0.7122 -0.1707 -0.6809
vn -0.6369 -0.1459 -0.7570
vn -0.5985 -0.1340 -0.7899
vn -0.5603 -0.1188 -0.8197
vn -0.5221 -0.1005 -0.8470
vn -0.4097 -0.0263 -0.9119
vn -0.3732 0.0044 -0.9278
vn -0.3374 0.0382 -0.9406
vn -0.3022 0.0746 -0.9503
vn -0.2679 0.1139 -0.9567
vn -0.2239 0.1516 -0.9628
vn -0.1789 0.1567 -0.9713
vn -0.1280 0.1675 -0.9775
vn -0.0788 0.1807 -0.9804
vn 0.0164 0.2147 -0.9765
vn 0.0611 0.2351 -0.9700
vn 0.1853 0.3105 -0.9323
vn 0.2228 0.3400 -0.9137
vn 0.2581 0.3718 -0.8917
vn 0.3029 0.4189 -0.8560
vn 0.2908 0.4049 -0.8669
vn 0.3815 0.4201 -0.8234
vn 0.4269 0.4232 -0.7991
vn 0.4700 0.4283 -0.7718
vn 0.5099 0.4350 -0.7421
vn 0.5815 0.4541 -0.6750
vn 0.6127 0.4662 -0.6382
vn 0.6408 0.4802 -0.5990
vn 0.6657 0.4958 -0.5576
vn 0.6872 0.5131 -0.5143
vn 0.7053 0.5321 -0.4684
vn 0.7195 0.5521 -0.4213
vn 0.7517 0.5386 -0.3806
vn 0.7799 0.5265 -0.3385
vn 0.8046 0.5157 -0.2943
vn 0.8254 0.5067 -0.2492
vn 0.8426 0.4990 -0.2026
vn 0.8559 0.4933 -0.1551
vn 0.8658 0.4891 -0.1060
vn 0.8718 0.4866 -0.0564
vn 0.8723 0.4868 0.0449
vn 0.8667 0.4894 0.0962
vn 0.8571 0.4935 0.1482
vn 0.8560 0.4571 0.2415
vn 0.8519 0.4058 0.3311
vn 0.7985 0.3264 0.5059
vn 0.7499 0.2991 0.5900
vn 0.7204 0.2887 0.6306
vn 0.6873 0.2804 0.6700
vn 0.6391 0.2721 0.7194
vn 0.6482 0.2738 0.7106
vn 0.6427 0.2735 0.7156
vn 0.6507 0.2743 0.7080
vn 0.6551 0.2771 0.7029
vn 0.6278 0.2419 0.7399
vn 0.5795 0.1692 0.7972
vn 0.5507 0.1364 0.8235
vn 0.5189 0.1063 0.8482
vn 0.4844 0.0789 0.8713
vn -0.4740 0.6619 -0.5808
vn -0.0789 0.8590 -0.5059
vn -0.0789 0.8591 -0.5058
vn 0.2234 0.9560 -0.1899
vn 0.1679 0.7535 0.6357
vn 0.1678 0.7535 0.6356
vn -0.1690 0.5314 0.8301
vn -0.9607 0.2776 0.0033
vn -0.8107 0.4398 -0.3863
vn -0.8108 0.4398 -0.3863
vn 0.7910 -0.5714 0.2187
vn 0.3239 0.9430 0.0762
vn 0.0624 0.9054 -0.4199
vn -0.5075 0.6476 -0.5684
vn 0.3037 -0.6407 -0.7052
vn -0.2628 0.9458 0.1907
vn -0.3641 0.9313 -0.0015
vn -0.7876 0.4630 -0.4066
vn -0.0222 -0.8558 -0.5168
vn -0.9578 0.2325 0.1693
vn -0.6958 0.2698 0.6656
vn 0.4651 -0.7863 0.4067
vn -0.5464 0.7588 0.3545
vn -0.6477 0.7444 0.1624
vn 0.0110 0.8662 -0.4995
vn 0.0112 0.8663 -0.4994
vn -0.6574 0.5165 -0.5486
vn -0.6574 0.5165 -0.5487
vn -0.9737 0.2172 0.0691
vn -0.9737 0.2169 0.0691
vn -0.6218 0.2675 0.7361
vn -0.6213 0.2673 0.7366
vn -0.6215 0.2674 0.7364
vn 0.0465 0.6171 0.7855
vn 0.0467 0.6171 0.7855
vn 0.3627 0.9167 0.1677
vn 0.3625 0.9168 0.1674
vn 0.3630 0.9166 0.1678
vn -0.6487 0.6735 -0.3544
vn -0.8873 0.4476 0.1114
vn -0.6218 0.4856 0.6145
vn 0.1208 0.9751 0.1858
vn 0.7403 0.4940 -0.4560
vn 0.6430 0.4428 -0.6248
vn 0.6197 0.4266 -0.6587
vn 0.6136 0.4203 -0.6684
vn 0.6143 0.4275 -0.6632
vn 0.5753 0.4285 -0.6967
vn 0.5361 0.4261 -0.7287
vn 0.4967 0.4199 -0.7596
vn 0.4575 0.4100 -0.7891
vn 0.4181 0.3964 -0.8173
vn 0.3796 0.3794 -0.8437
vn 0.2664 0.3076 -0.9135
vn 0.2302 0.2768 -0.9329
vn 0.1836 0.2628 -0.9472
vn -0.0051 0.2017 -0.9794
vn -0.1326 0.1236 -0.9834
vn -0.1723 0.0919 -0.9808
vn -0.1723 0.0919 -0.9807
vn -0.2093 0.0570 -0.9762
vn 0.2212 0.2683 -0.9376
vn -0.2964 0.0129 -0.9550
vn -0.3424 -0.0031 -0.9396
vn -0.3857 -0.0216 -0.9224
vn -0.4272 -0.0427 -0.9032
vn -0.4659 -0.0662 -0.8824
vn -0.5664 -0.1509 -0.8102
vn -0.5945 -0.1835 -0.7829
vn -0.6125 -0.2214 -0.7588
vn -0.6864 -0.2474 -0.6838
vn -0.6212 -0.2212 -0.7518
vn -0.6303 -0.2251 -0.7430
vn -0.7171 -0.2616 -0.6461
vn -0.7685 -0.2956 -0.5675
vn -0.8069 -0.3369 -0.4852
vn -0.8210 -0.3601 -0.4431
vn -0.8318 -0.3850 -0.3998
vn -0.8389 -0.4113 -0.3565
vn -0.8414 -0.4324 -0.3241
vn -0.8434 -0.4329 -0.3182
vn -0.8436 -0.4403 -0.3075
vn -0.8459 -0.4328 -0.3117
vn -0.8609 -0.4358 -0.2625
vn -0.8723 -0.4404 -0.2127
vn -0.8798 -0.4463 -0.1635
vn -0.8839 -0.4536 -0.1141
vn -0.8843 -0.4624 -0.0649
vn -0.8811 -0.4726 -0.0161
vn -0.8641 -0.4970 0.0793
vn -0.8325 -0.5267 0.1719
vn -0.8297 -0.5291 0.1781
vn -0.8130 -0.5152 0.2711
vn -0.8000 -0.5079 0.3194
vn -0.7834 -0.5020 0.3665
vn -0.7633 -0.4974 0.4123
vn -0.7402 -0.4940 0.4561
vn -0.7137 -0.4921 0.4985
vn -0.6842 -0.4914 0.5388
vn -0.6514 -0.4920 0.5776
vn -0.6154 -0.4941 0.6141
vn -0.5734 -0.4952 0.6527
vn -0.5804 -0.4907 0.6499
vn -0.5536 -0.4688 0.6883
vn -0.5240 -0.4485 0.7241
vn -0.4563 -0.4119 0.7887
vn -0.4188 -0.3959 0.8173
vn -0.3785 -0.3814 0.8434
vn -0.3361 -0.3686 0.8667
vn -0.2916 -0.3574 0.8872
vn -0.2447 -0.3479 0.9050
vn -0.1963 -0.3399 0.9197
vn -0.1979 -0.3479 0.9164
vn -0.5824 -0.4925 0.6467
vn -0.1563 -0.3140 0.9365
vn -0.0787 -0.2539 0.9640
vn -0.0376 -0.2270 0.9732
vn 0.1410 -0.1390 0.9802
vn 0.1886 -0.1224 0.9744
vn 0.2368 -0.1081 0.9655
vn 0.2781 -0.0947 0.9559
vn 0.2906 -0.0923 0.9524
vn 0.2825 -0.0894 0.9551
vn 0.3181 -0.0533 0.9466
vn 0.3544 -0.0194 0.9349
vn 0.3910 0.0120 0.9203
vn 0.4657 0.0669 0.8824
vn 0.6534 0.1551 0.7410
vn 0.6528 0.1464 0.7433
vn 0.6800 0.1840 0.7097
vn 0.7029 0.2167 0.6774
vn 0.6564 0.1559 0.7382
vn 0.7255 0.2463 0.6426
vn 0.7685 0.2956 0.5675
vn 0.7895 0.3153 0.5266
vn 0.8098 0.3317 0.4839
vn 0.8294 0.3448 0.4397
vn 0.8482 0.3543 0.3937
vn 0.8663 0.3604 0.3460
vn 0.8797 0.3673 0.3021
vn 0.8760 0.3655 0.3147
vn 0.8839 0.3654 0.2919
vn 0.8799 0.3696 0.2986
vn 0.8826 0.3955 0.2541
vn 0.8850 0.4366 0.1615
vn 0.8839 0.4630 0.0655
vn 0.8822 0.4707 0.0157
vn 0.8796 0.4745 -0.0335
vn 0.8762 0.4745 -0.0843
vn 0.8718 0.4709 -0.1347
vn 0.8665 0.4634 -0.1853
vn 0.8709 0.4570 -0.1809
vn 0.8660 0.4618 -0.1921
vn 0.8617 0.4657 -0.2017
vn 0.8502 0.4726 -0.2322
vn 0.8295 0.4846 -0.2777
vn 0.7862 0.4968 -0.3676
vn 0.7633 0.4974 -0.4122
vn -0.4666 0.8657 0.1815
vn -0.4666 0.8658 0.1805
vn -0.4672 0.8655 0.1809
vn -0.4663 0.8660 0.1804
vn -0.4670 0.8656 0.1807
vn -0.4664 0.8660 0.1806
vn -0.4665 0.8660 0.1804
vn -0.4661 0.8661 0.1807
vn -0.4666 0.8658 0.1811
vn 0.4466 0.0541 0.8931
vn 0.3637 0.0132 0.9314
vn 0.3183 -0.0030 0.9480
vn 0.2707 -0.0163 0.9625
vn 0.1790 -0.0323 0.9833
vn 0.2204 -0.0265 0.9751
vn 0.1725 -0.0410 0.9842
vn 0.1665 -0.0449 0.9850
vn 0.1021 -0.1191 0.9876
vn 0.0638 -0.1533 0.9861
vn -0.0176 -0.2118 0.9772
vn -0.1052 -0.2564 0.9608
vn -0.1982 -0.2866 0.9373
vn -0.3448 -0.3042 0.8880
vn -0.3839 -0.3248 0.8644
vn -0.4158 -0.3563 0.8367
vn -0.4481 -0.3838 0.8074
vn -0.4812 -0.4076 0.7761
vn -0.5142 -0.4273 0.7437
vn -0.5476 -0.4428 0.7100
vn -0.6485 -0.4655 0.6022
vn -0.7490 -0.4508 0.4856
vn -0.8087 -0.4732 0.3495
vn -0.8333 -0.4918 0.2523
vn -0.8449 -0.4949 0.2032
vn -0.8557 -0.4937 0.1550
vn -0.8662 -0.4884 0.1059
vn -0.8760 -0.4788 0.0581
vn -0.8851 -0.4652 0.0104
vn -0.8935 -0.4476 -0.0367
vn -0.9012 -0.4255 -0.0827
vn -0.9076 -0.3996 -0.1286
vn -0.8935 -0.3876 -0.2270
vn -0.8795 -0.3868 -0.2772
vn -0.8334 -0.3604 -0.4191
vn -0.8168 -0.3438 -0.4632
vn -0.7464 -0.2402 -0.6206
vn -0.7088 -0.1668 -0.6854
vn -0.7126 -0.1705 -0.6805
vn -0.6367 -0.1459 -0.7572
vn -0.5984 -0.1340 -0.7899
vn -0.5602 -0.1188 -0.8198
vn -0.4468 -0.0541 -0.8930
vn -0.4096 -0.0263 -0.9119
vn -0.3734 0.0045 -0.9277
vn -0.3373 0.0382 -0.9406
vn -0.2679 0.1138 -0.9567
vn -0.1283 0.1675 -0.9775
vn -0.0785 0.1808 -0.9804
vn 0.0161 0.2146 -0.9766
vn 0.0610 0.2351 -0.9700
vn 0.1045 0.2580 -0.9605
vn 0.1458 0.2831 -0.9479
vn 0.1852 0.3105 -0.9323
vn 0.2227 0.3401 -0.9136
vn 0.2580 0.3716 -0.8918
vn 0.2907 0.4048 -0.8670
vn 0.4272 0.4231 -0.7990
vn 0.4699 0.4283 -0.7719
vn 0.5100 0.4350 -0.7421
vn 0.5816 0.4540 -0.6750
vn 0.6128 0.4663 -0.6380
vn 0.6872 0.5132 -0.5141
vn 0.7052 0.5320 -0.4686
vn 0.7195 0.5520 -0.4215
vn 0.7516 0.5386 -0.3808
vn 0.7799 0.5264 -0.3386
vn 0.8046 0.5155 -0.2947
vn 0.8254 0.5066 -0.2493
vn 0.8426 0.4991 -0.2023
vn 0.8560 0.4931 -0.1551
vn 0.8658 0.4890 -0.1062
vn 0.8718 0.4867 -0.0566
vn 0.8740 0.4859 -0.0061
vn 0.8724 0.4868 0.0445
vn 0.8571 0.4934 0.1482
vn 0.8522 0.4849 0.1967
vn 0.8560 0.4570 0.2418
vn 0.8560 0.4305 0.2861
vn 0.8518 0.4058 0.3313
vn 0.7984 0.3263 0.5060
vn 0.7759 0.3116 0.5485
vn 0.7499 0.2992 0.5900
vn 0.7204 0.2887 0.6307
vn 0.6874 0.2804 0.6700
vn 0.6507 0.2743 0.7081
vn 0.6550 0.2771 0.7030
vn 0.6276 0.2418 0.7401
vn 0.6051 0.2042 0.7695
vn 0.5796 0.1692 0.7972
vn 0.5191 0.1063 0.8481
vn -0.4740 0.6619 -0.5807
vn -0.0788 0.8591 -0.5058
vn 0.2235 0.9560 -0.1898
vn 0.3178 0.9157 0.2459
vn 0.1681 0.7535 0.6356
vn -0.8666 0.2372 0.4391
vn -0.8665 0.2373 0.4392
vn 0.7912 -0.5712 0.2186
vn 0.3246 0.9428 0.0761
vn 0.0631 0.9054 -0.4198
vn 0.3037 -0.6406 -0.7053
vn -0.2627 0.9458 0.1908
vn -0.3641 0.9313 -0.0016
vn 0.4185 0.3962 -0.8172
vn -0.7876 0.4630 -0.4065
vn -0.0220 -0.8559 -0.5167
vn -0.9578 0.2323 0.1693
vn -0.6957 0.2698 0.6657
vn -0.1406 0.5555 0.8196
vn -0.5464 0.7587 0.3547
vn -0.6477 0.7444 0.1623
vn 0.0111 0.8662 -0.4995
vn 0.0108 0.8663 -0.4995
vn -0.6574 0.5168 -0.5484
vn -0.6574 0.5166 -0.5487
vn -0.9737 0.2173 0.0691
vn -0.6218 0.2672 0.7362
vn 0.0467 0.6172 0.7855
vn -0.1447 0.9372 -0.3172
vn -0.8872 0.4476 0.1114
vn -0.1178 0.7493 0.6516
vn 0.1207 0.9752 0.1858
vn 0.7401 0.4941 -0.4562
vn 0.7166 0.4870 -0.4994
vn 0.6923 0.4760 -0.5423
vn 0.6680 0.4614 -0.5838
vn 0.6430 0.4429 -0.6248
vn 0.6138 0.4204 -0.6682
vn 0.6145 0.4274 -0.6631
vn 0.5359 0.4261 -0.7289
vn 0.4965 0.4198 -0.7598
vn 0.4574 0.4099 -0.7891
vn 0.4183 0.3966 -0.8172
vn 0.3796 0.3796 -0.8437
vn 0.3413 0.3589 -0.8687
vn 0.3037 0.3351 -0.8919
vn 0.2667 0.3075 -0.9134
vn 0.2381 0.2731 -0.9321
vn 0.2256 0.2720 -0.9355
vn 0.6177 0.4271 -0.6603
vn 0.6249 0.4318 -0.6505
vn 0.1838 0.2628 -0.9472
vn 0.1347 0.2524 -0.9582
vn 0.0870 0.2387 -0.9672
vn -0.1327 0.1236 -0.9834
vn 0.2272 0.2740 -0.9345
vn -0.2965 0.0129 -0.9550
vn -0.3858 -0.0216 -0.9223
vn -0.4271 -0.0427 -0.9032
vn -0.5019 -0.0921 -0.8600
vn -0.5356 -0.1203 -0.8358
vn -0.5944 -0.1835 -0.7830
vn -0.6194 -0.2183 -0.7541
vn -0.6126 -0.2214 -0.7587
vn -0.6526 -0.2352 -0.7203
vn -0.6212 -0.2213 -0.7517
vn -0.7444 -0.2776 -0.6072
vn -0.7685 -0.2955 -0.5675
vn -0.7893 -0.3154 -0.5268
vn -0.8071 -0.3368 -0.4848
vn -0.8212 -0.3602 -0.4426
vn -0.8316 -0.3849 -0.4003
vn -0.8388 -0.4115 -0.3566
vn -0.8436 -0.4401 -0.3075
vn -0.8458 -0.4328 -0.3119
vn -0.8609 -0.4359 -0.2623
vn -0.8722 -0.4403 -0.2131
vn -0.8838 -0.4536 -0.1142
vn -0.8813 -0.4723 -0.0167
vn -0.8743 -0.4843 0.0321
vn -0.8641 -0.4971 0.0795
vn -0.8305 -0.5319 0.1652
vn -0.8297 -0.5291 0.1780
vn -0.8309 -0.5279 0.1758
vn -0.8288 -0.5267 0.1890
vn -0.8227 -0.5236 0.2216
vn -0.8130 -0.5151 0.2713
vn -0.8000 -0.5078 0.3195
vn -0.7834 -0.5020 0.3664
vn -0.7634 -0.4974 0.4121
vn -0.7401 -0.4940 0.4562
vn -0.7138 -0.4921 0.4983
vn -0.6842 -0.4914 0.5389
vn -0.6513 -0.4921 0.5776
vn -0.6156 -0.4939 0.6141
vn -0.5803 -0.4905 0.6501
vn -0.4562 -0.4119 0.7888
vn -0.3362 -0.3686 0.8666
vn -0.2917 -0.3574 0.8873
vn -0.2449 -0.3479 0.9050
vn -0.1976 -0.3478 0.9165
vn -0.1893 -0.3394 0.9214
vn -0.1186 -0.2831 0.9517
vn -0.0788 -0.2541 0.9639
vn 0.0052 -0.2018 0.9794
vn 0.1409 -0.1390 0.9802
vn 0.1887 -0.1224 0.9744
vn -0.1919 -0.3394 0.9209
vn -0.1821 -0.3322 0.9255
vn 0.2904 -0.0924 0.9524
vn 0.2826 -0.0895 0.9551
vn 0.3181 -0.0532 0.9466
vn 0.4280 0.0408 0.9029
vn 0.5407 0.1107 0.8339
vn 0.5786 0.1284 0.8055
vn 0.6161 0.1433 0.7745
vn 0.6534 0.1551 0.7409
vn 0.6528 0.1465 0.7432
vn 0.6585 0.1560 0.7363
vn 0.6802 0.1841 0.7095
vn 0.7028 0.2166 0.6776
vn 0.6632 0.1640 0.7302
vn 0.7254 0.2463 0.6428
vn 0.7686 0.2956 0.5673
vn 0.7894 0.3153 0.5267
vn 0.8663 0.3603 0.3460
vn 0.8760 0.3656 0.3146
vn 0.8841 0.3651 0.2918
vn 0.8799 0.3695 0.2987
vn 0.8826 0.3956 0.2541
vn 0.8849 0.4367 0.1618
vn 0.8839 0.4630 0.0653
vn 0.8822 0.4707 0.0156
vn 0.8761 0.4747 -0.0841
vn 0.8718 0.4709 -0.1349
vn 0.8665 0.4634 -0.1856
vn 0.8708 0.4571 -0.1811
vn 0.8661 0.4626 -0.1896
vn 0.8617 0.4656 -0.2017
vn 0.8502 0.4725 -0.2323
vn 0.8082 0.4925 -0.3229
vn 0.7861 0.4969 -0.3676
vn -0.4665 0.8660 0.1803
vn -0.4663 0.8658 0.1812
vn -0.4659 0.8661 0.1813
vn -0.4665 0.8658 0.1807
vn -0.4659 0.8661 0.1812
vn -0.4671 0.8656 0.1804
vn -0.4669 0.8657 0.1804
vn -0.4658 0.8661 0.1814
vn -0.4662 0.8661 0.1807
vn -0.4670 0.8655 0.1811
vn -0.4671 0.8655 0.1809
vn 0.7636 0.4973 -0.4119
vn 0.7831 0.5024 -0.3665
vn 0.7993 0.5091 -0.3194
vn 0.8118 0.5173 -0.2707
vn 0.8205 0.5272 -0.2209
vn 0.8244 0.5501 -0.1330
vn 0.8262 0.5486 -0.1279
vn 0.8294 0.5452 -0.1220
vn 0.8254 0.5384 -0.1697
vn 0.8306 0.5440 -0.1188
vn 0.8276 0.5482 -0.1206
vn 0.8326 0.5425 -0.1117
vn 0.8491 0.5230 -0.0741
vn 0.8636 0.5034 -0.0278
vn 0.8742 0.4852 0.0191
vn 0.8808 0.4688 0.0665
vn 0.8836 0.4540 0.1143
vn 0.8826 0.4411 0.1626
vn 0.8779 0.4300 0.2109
vn 0.8693 0.4207 0.2594
vn 0.8569 0.4133 0.3081
vn 0.8408 0.4078 0.3560
vn 0.8208 0.4041 0.4037
vn 0.7859 0.4022 0.4697
vn 0.7968 0.4022 0.4510
vn 0.7819 0.3808 0.4936
vn 0.7717 0.3469 0.5331
vn 0.7580 0.3152 0.5711
vn 0.7403 0.2854 0.6087
vn 0.7191 0.2577 0.6454
vn 0.6947 0.2325 0.6807
vn 0.6667 0.2095 0.7153
vn 0.6356 0.1889 0.7486
vn 0.6015 0.1708 0.7804
vn 0.5641 0.1552 0.8110
vn 0.5235 0.1422 0.8401
vn 0.4799 0.1316 0.8674
vn 0.4337 0.1237 0.8925
vn 0.4337 0.1236 0.8925
vn 0.4053 0.0822 0.9105
vn 0.3739 0.0435 0.9265
vn 0.3398 0.0074 0.9405
vn 0.3035 -0.0257 0.9525
vn 0.2647 -0.0558 0.9627
vn 0.2235 -0.0828 0.9712
vn 0.1802 -0.1068 0.9778
vn 0.1348 -0.1274 0.9826
vn 0.0876 -0.1449 0.9856
vn 0.0388 -0.1591 0.9865
vn -0.0122 -0.1698 0.9854
vn -0.0962 -0.1795 0.9790
vn -0.0641 -0.1771 0.9821
vn -0.1098 -0.1957 0.9745
vn -0.1453 -0.2329 0.9616
vn -0.1819 -0.2668 0.9464
vn -0.2197 -0.2966 0.9294
vn -0.2584 -0.3229 0.9105
vn -0.2980 -0.3454 0.8899
vn -0.3387 -0.3642 0.8676
vn -0.3799 -0.3790 0.8438
vn -0.4217 -0.3901 0.8185
vn -0.4640 -0.3971 0.7918
vn -0.5066 -0.4002 0.7637
vn -0.5497 -0.3993 0.7337
vn -0.6052 -0.3927 0.6925
vn -0.5952 -0.3940 0.7003
vn -0.6011 -0.3925 0.6962
vn -0.5963 -0.3905 0.7013
vn -0.5924 -0.3943 0.7026
vn -0.5872 -0.3931 0.7075
vn -0.6206 -0.4150 0.6653
vn -0.6450 -0.4391 0.6254
vn -0.6691 -0.4592 0.5844
vn -0.6931 -0.4750 0.5423
vn -0.7168 -0.4866 0.4994
vn -0.7402 -0.4941 0.4560
vn -0.7864 -0.4965 0.3675
vn -0.8087 -0.4915 0.3231
vn -0.8308 -0.4822 0.2780
vn -0.8521 -0.4687 0.2328
vn -0.8875 -0.4331 0.1573
vn -0.8882 -0.4336 0.1519
vn -0.8883 -0.4358 0.1450
vn -0.8725 -0.4510 0.1879
vn -0.8886 -0.4362 0.1417
vn -0.8899 -0.4324 0.1450
vn -0.8898 -0.4361 0.1345
vn -0.8896 -0.4478 0.0893
vn -0.8897 -0.4549 0.0380
vn -0.8889 -0.4578 -0.0134
vn -0.8874 -0.4566 -0.0640
vn -0.8851 -0.4512 -0.1137
vn -0.8822 -0.4418 -0.1628
vn -0.8788 -0.4284 -0.2105
vn -0.8746 -0.4108 -0.2574
vn -0.8699 -0.3895 -0.3026
vn -0.8644 -0.3640 -0.3469
vn -0.8582 -0.3347 -0.3893
vn -0.8480 -0.2869 -0.4456
vn -0.8510 -0.3015 -0.4301
vn -0.8326 -0.2868 -0.4739
vn -0.8060 -0.2832 -0.5197
vn -0.7790 -0.2758 -0.5630
vn -0.7513 -0.2648 -0.6045
vn -0.7234 -0.2501 -0.6436
vn -0.6950 -0.2318 -0.6806
vn -0.6664 -0.2099 -0.7154
vn -0.6379 -0.1846 -0.7477
vn -0.6094 -0.1561 -0.7773
vn -0.5807 -0.1241 -0.8046
vn -0.5523 -0.0888 -0.8289
vn -0.5240 -0.0505 -0.8502
vn -0.4955 -0.0091 -0.8686
vn -0.4953 -0.0090 -0.8687
vn -0.4490 -0.0011 -0.8935
vn -0.4026 0.0099 -0.9153
vn -0.3568 0.0237 -0.9339
vn -0.3114 0.0405 -0.9494
vn -0.2667 0.0600 -0.9619
vn -0.2231 0.0824 -0.9713
vn -0.1805 0.1075 -0.9777
vn -0.1391 0.1352 -0.9810
vn -0.0988 0.1655 -0.9813
vn -0.0598 0.1984 -0.9783
vn -0.0223 0.2336 -0.9721
vn 0.0341 0.2948 -0.9550
vn 0.0136 0.2711 -0.9625
vn 0.0555 0.2963 -0.9535
vn 0.1080 0.3022 -0.9471
vn 0.1583 0.3104 -0.9373
vn 0.2067 0.3205 -0.9244
vn 0.2531 0.3327 -0.9084
vn 0.2973 0.3471 -0.8895
vn 0.3390 0.3635 -0.8677
vn 0.3783 0.3818 -0.8433
vn 0.4154 0.4020 -0.8160
vn 0.4494 0.4246 -0.7860
vn 0.4808 0.4487 -0.7533
vn 0.5092 0.4744 -0.7181
vn 0.5422 0.5097 -0.6680
vn 0.5363 0.5034 -0.6775
vn 0.5391 0.5076 -0.6721
vn 0.5339 0.5063 -0.6771
vn 0.5345 0.5018 -0.6801
vn 0.5298 0.4997 -0.6853
vn 0.5734 0.5024 -0.6471
vn 0.6134 0.4975 -0.6133
vn 0.6503 0.4943 -0.5769
vn 0.6835 0.4926 -0.5387
vn 0.7135 0.4925 -0.4984
vn 0.7401 0.4940 -0.4563
vn -0.9440 0.2400 0.2263
vn -0.9440 0.2401 0.2263
vn -0.9148 0.3464 -0.2078
vn -0.9147 0.3465 -0.2077
vn -0.6589 0.5485 -0.5147
vn -0.6588 0.5485 -0.5149
vn -0.2741 0.7689 -0.5777
vn -0.2741 0.7689 -0.5776
vn 0.0924 0.9235 -0.3723
vn 0.0926 0.9234 -0.3724
vn 0.3011 0.9533 0.0231
vn 0.3011 0.9533 0.0229
vn 0.2717 0.8469 0.4570
vn 0.2718 0.8469 0.4570
vn 0.0159 0.6448 0.7642
vn 0.0160 0.6450 0.7640
vn -0.3688 0.4244 0.8270
vn -0.3688 0.4245 0.8269
vn -0.7355 0.2698 0.6214
vn -0.7355 0.2698 0.6215
vn 0.1118 0.9337 -0.3402
vn 0.6769 -0.4685 -0.5677
vn -0.4211 0.6819 -0.5981
vn -0.8441 0.4030 -0.3537
vn -0.9333 0.2446 0.2630
vn -0.1105 -0.9874 -0.1131
vn -0.4612 0.8865 -0.0369
vn -0.6249 0.7786 0.0574
vn -0.7793 -0.3055 -0.5471
vn -0.7793 -0.3056 -0.5471
vn -0.0272 0.1903 -0.9813
vn -0.7599 0.2694 0.5916
vn 0.0918 -0.9586 0.2696
vn -0.2119 0.4934 0.8436
vn 0.2106 0.7720 0.5997
vn 0.2847 0.9586 -0.0117
vn 0.8790 -0.4396 -0.1850
vn -0.2857 0.9116 0.2956
vn -0.4494 0.8036 0.3902
vn 0.7793 0.3055 0.5471
vn 0.0272 -0.1903 0.9813
vn -0.8944 0.3359 -0.2954
vn -0.8945 0.3359 -0.2951
vn -0.8738 0.1920 0.4467
vn -0.8739 0.1920 0.4465
vn -0.2847 0.4228 0.8603
vn -0.2850 0.4233 0.8600
vn 0.2833 0.7979 0.5321
vn 0.2838 0.7978 0.5319
vn 0.2830 0.7980 0.5320
vn 0.2838 0.7977 0.5321
vn 0.2630 0.9417 -0.2100
vn 0.2631 0.9417 -0.2097
vn -0.3259 0.7106 -0.6235
vn -0.3260 0.7108 -0.6232
vn 0.7793 0.3055 0.5472
vn -0.8275 0.5372 -0.1633
vn -0.8120 0.4287 0.3961
vn -0.3677 0.6029 0.7080
vn 0.0609 0.8856 0.4605
vn 0.0454 0.9941 -0.0989
vn -0.3988 0.8199 -0.4107
vn 0.0570 0.9818 -0.1810
vn 0.0579 0.9817 -0.1813
vn 0.0562 0.9819 -0.1811
vn 0.0548 0.9820 -0.1806
vn 0.0566 0.9819 -0.1810
vn 0.0557 0.9819 -0.1810
vn -0.3708 0.9222 0.1099
vn -0.3713 0.9220 0.1099
vn -0.3705 0.9223 0.1102
vn -0.1624 0.9860 -0.0371
vn -0.1609 0.9863 -0.0376
vn -0.1639 0.9858 -0.0370
vn -0.3712 0.9221 0.1098
vn -0.3720 0.9218 0.1093
vn -0.3717 0.9219 0.1098
vn -0.1661 0.9854 -0.0364
vn -0.1630 0.9859 -0.0370
vn -0.1647 0.9857 -0.0370
vn -0.0299 0.9581 -0.2848
vn -0.0291 0.9579 -0.2855
vn -0.0296 0.9580 -0.2852
vn -0.0287 0.9578 -0.2860
vn -0.0295 0.9580 -0.2853
vn -0.3902 0.9166 0.0874
vn -0.2162 0.9709 -0.1028
vn -0.2160 0.9710 -0.1026
vn -0.2164 0.9708 -0.1031
vn -0.2163 0.9709 -0.1028
vn -0.3901 0.9166 0.0874
vn -0.1317 0.9201 -0.3689
vn -0.1314 0.9204 -0.3683
vn -0.1315 0.9202 -0.3686
vn -0.2803 0.9472 -0.1559
vn -0.2810 0.9470 -0.1554
vn -0.2805 0.9472 -0.1554
vn -0.4105 0.9092 0.0694
vn -0.4115 0.9088 0.0695
vn -0.4098 0.9095 0.0700
vn -0.4112 0.9089 0.0696
vn -0.4127 0.9082 0.0690
vn -0.4120 0.9085 0.0697
vn -0.2813 0.9470 -0.1554
vn -0.2815 0.9470 -0.1549
vn -0.2807 0.9471 -0.1554
vn -0.2456 0.8708 -0.4258
vn -0.3657 0.8120 -0.4548
vn -0.3656 0.8119 -0.4552
vn -0.3660 0.8122 -0.4544
vn -0.2455 0.8708 -0.4259
vn -0.4617 0.8856 0.0509
vn -0.4358 0.8982 0.0572
vn -0.3523 0.9161 -0.1915
vn -0.3520 0.9161 -0.1919
vn -0.3526 0.9160 -0.1912
vn -0.4358 0.8982 0.0571
vn -0.3533 0.9159 -0.1905
vn -0.3526 0.9160 -0.1913
vn -0.3529 0.9160 -0.1910
vn -0.3653 0.8118 -0.4555
vn -0.3656 0.8122 -0.4546
vn -0.4283 0.8790 -0.2094
vn -0.4284 0.8791 -0.2087
vn -0.4860 0.7471 -0.4534
vn -0.4859 0.7469 -0.4540
vn -0.4873 0.8717 0.0512
vn -0.5040 0.8381 -0.2086
vn -0.5041 0.8380 -0.2088
vn -0.5041 0.8380 -0.2090
vn -0.4872 0.8718 0.0511
vn -0.6010 0.6786 -0.4222
vn -0.6004 0.6788 -0.4228
vn -0.6007 0.6788 -0.4224
vn -0.6005 0.6789 -0.4225
vn -0.6001 0.6791 -0.4227
vn -0.6008 0.6787 -0.4223
vn -0.5120 0.8570 0.0577
vn -0.5124 0.8568 0.0577
vn -0.5762 0.7952 -0.1889
vn -0.5762 0.7951 -0.1893
vn -0.7034 0.6110 -0.3632
vn -0.7035 0.6107 -0.3635
vn -0.7898 0.5466 -0.2783
vn -0.6411 0.7523 -0.1516
vn -0.5345 0.8422 0.0707
vn -0.5338 0.8426 0.0710
vn -0.5353 0.8417 0.0704
vn -0.6411 0.7523 -0.1518
vn -0.5340 0.8425 0.0708
vn -0.5328 0.8433 0.0711
vn -0.5334 0.8429 0.0708
vn -0.7898 0.5467 -0.2782
vn -0.8548 0.4895 -0.1722
vn -0.5521 0.8290 0.0889
vn -0.6953 0.7119 -0.0985
vn -0.6951 0.7122 -0.0986
vn -0.6959 0.7114 -0.0981
vn -0.6953 0.7120 -0.0985
vn -0.6956 0.7117 -0.0984
vn -0.5520 0.8291 0.0888
vn -0.8547 0.4897 -0.1724
vn -0.5667 0.8163 0.1119
vn -0.7368 0.6753 -0.0318
vn -0.7373 0.6748 -0.0313
vn -0.7362 0.6760 -0.0318
vn -0.5664 0.8165 0.1116
vn -0.7355 0.6768 -0.0323
vn -0.7366 0.6756 -0.0320
vn -0.7359 0.6763 -0.0319
vn -0.8954 0.4423 -0.0506
vn -0.8954 0.4423 -0.0505
vn -0.5789 0.7983 0.1659
vn -0.5759 0.8059 0.1373
vn -0.7620 0.6460 0.0452
vn -0.5755 0.8061 0.1377
vn -0.7620 0.6460 0.0450
vn -0.9098 0.4071 0.0809
vn -0.9100 0.4067 0.0809
vn -0.5761 0.7938 0.1948
vn -0.5786 0.7985 0.1660
vn -0.7705 0.6245 0.1278
vn -0.7704 0.6247 0.1272
vn -0.7710 0.6239 0.1278
vn -0.7712 0.6236 0.1283
vn -0.7707 0.6242 0.1278
vn -0.7714 0.6234 0.1276
vn -0.8972 0.3853 0.2158
vn -0.8969 0.3862 0.2154
vn -0.8973 0.3855 0.2152
vn -0.8575 0.3796 0.3473
vn -0.8577 0.3797 0.3467
vn -0.8576 0.3799 0.3467
vn -0.8581 0.3796 0.3459
vn -0.8579 0.3795 0.3465
vn -0.8969 0.3862 0.2155
vn -0.8970 0.3859 0.2154
vn -0.5693 0.7914 0.2228
vn -0.5677 0.7924 0.2231
vn -0.5685 0.7920 0.2227
vn -0.7383 0.6065 0.2949
vn -0.7376 0.6071 0.2956
vn -0.7377 0.6074 0.2948
vn -0.5674 0.7927 0.2227
vn -0.5665 0.7933 0.2230
vn -0.5681 0.7922 0.2228
vn -0.7627 0.6108 0.2126
vn -0.7385 0.6064 0.2948
vn -0.7381 0.6068 0.2949
vn -0.7388 0.6062 0.2943
vn -0.7629 0.6106 0.2125
vn -0.5763 0.7937 0.1947
vn -0.7943 0.3885 0.4672
vn -0.7947 0.3880 0.4668
vn -0.7941 0.3886 0.4674
vn -0.7933 0.3898 0.4678
vn -0.7941 0.3888 0.4672
vn -0.7937 0.3892 0.4674
vn -0.5541 0.7945 0.2487
vn -0.5535 0.7948 0.2489
vn -0.5542 0.7945 0.2481
vn -0.6981 0.6126 0.3706
vn -0.5537 0.7946 0.2489
vn -0.5531 0.7947 0.2500
vn -0.5532 0.7948 0.2493
vn -0.6979 0.6125 0.3712
vn -0.7087 0.4125 0.5724
vn -0.7089 0.4127 0.5720
vn -0.7086 0.4132 0.5720
vn -0.7087 0.4134 0.5717
vn -0.7088 0.4128 0.5720
vn -0.5356 0.7995 0.2718
vn -0.5355 0.7997 0.2714
vn -0.6447 0.6274 0.4367
vn -0.6450 0.6271 0.4368
vn -0.6446 0.6276 0.4365
vn -0.6450 0.6272 0.4365
vn -0.5353 0.7998 0.2714
vn -0.6065 0.4506 0.6550
vn -0.6068 0.4505 0.6549
vn -0.6070 0.4506 0.6546
vn -0.6072 0.4502 0.6547
vn -0.5802 0.6515 0.4887
vn -0.5141 0.8075 0.2893
vn -0.5137 0.8077 0.2895
vn -0.5140 0.8077 0.2889
vn -0.5137 0.8077 0.2894
vn -0.5133 0.8077 0.2901
vn -0.5134 0.8078 0.2897
vn -0.5804 0.6512 0.4890
vn -0.4923 0.5001 0.7124
vn -0.4926 0.4999 0.7123
vn -0.3727 0.5585 0.7410
vn -0.3728 0.5582 0.7412
vn -0.3723 0.5589 0.7410
vn -0.5085 0.6824 0.5251
vn -0.4929 0.4997 0.7123
vn -0.4926 0.4999 0.7124
vn -0.4889 0.8185 0.3017
vn -0.4890 0.8183 0.3020
vn -0.4886 0.8187 0.3016
vn -0.4890 0.8185 0.3016
vn -0.4895 0.8182 0.3017
vn -0.4891 0.8183 0.3019
vn -0.5086 0.6823 0.5251
vn -0.3730 0.5580 0.7413
vn -0.3726 0.5583 0.7413
vn -0.3727 0.5586 0.7410
vn -0.4633 0.8312 0.3074
vn -0.4328 0.7195 0.5432
vn -0.4328 0.7193 0.5434
vn -0.4328 0.7192 0.5436
vn -0.4326 0.7191 0.5439
vn -0.2523 0.6234 0.7401
vn -0.1380 0.6915 0.7091
vn -0.1383 0.6919 0.7086
vn -0.1385 0.6911 0.7093
vn -0.2524 0.6234 0.7400
vn -0.4374 0.8452 0.3072
vn -0.4375 0.8451 0.3072
vn -0.3569 0.7604 0.5426
vn -0.3571 0.7602 0.5428
vn -0.3571 0.7599 0.5431
vn -0.3574 0.7600 0.5428
vn -0.1378 0.6925 0.7082
vn -0.1385 0.6921 0.7084
vn -0.1381 0.6916 0.7090
vn -0.3913 0.8741 0.2877
vn -0.4126 0.8599 0.3005
vn -0.4130 0.8598 0.3003
vn -0.2850 0.8031 0.5232
vn -0.2851 0.8030 0.5234
vn -0.2847 0.8030 0.5236
vn -0.4133 0.8596 0.3006
vn -0.4137 0.8594 0.3004
vn -0.2841 0.8035 0.5232
vn -0.2847 0.8032 0.5232
vn -0.2844 0.8033 0.5233
vn -0.2193 0.8461 0.4858
vn -0.2213 0.8457 0.4856
vn -0.2203 0.8459 0.4858
vn -0.0350 0.7596 0.6495
vn -0.0349 0.7597 0.6493
vn 0.0511 0.8237 0.5647
vn 0.0507 0.8237 0.5647
vn 0.0512 0.8236 0.5649
vn -0.0343 0.7598 0.6493
vn -0.0340 0.7601 0.6490
vn -0.0347 0.7597 0.6493
vn -0.3912 0.8741 0.2879
vn -0.2178 0.8464 0.4860
vn -0.2188 0.8462 0.4858
vn -0.2198 0.8460 0.4858
vn 0.0502 0.8239 0.5644
vn 0.0503 0.8237 0.5648
vn 0.0508 0.8237 0.5647
vn 0.1158 0.8810 0.4587
vn 0.1154 0.8809 0.4590
vn -0.3579 0.9004 0.2473
vn -0.3718 0.8881 0.2701
vn -0.3717 0.8883 0.2698
vn -0.1655 0.8865 0.4322
vn -0.1657 0.8863 0.4324
vn 0.1161 0.8810 0.4586
vn 0.1160 0.8809 0.4588
vn -0.1252 0.9223 0.3656
vn -0.1248 0.9222 0.3661
vn -0.1248 0.9224 0.3656
vn -0.3582 0.9003 0.2473
vn -0.1257 0.9225 0.3650
vn -0.1257 0.9223 0.3656
vn -0.1249 0.9224 0.3656
vn 0.1577 0.9282 0.3369
vn 0.1587 0.9283 0.3363
vn 0.1566 0.9284 0.3369
vn 0.1552 0.9284 0.3376
vn 0.1569 0.9283 0.3370
vn 0.1563 0.9285 0.3369
vn -0.3473 0.9175 0.1941
vn -0.3456 0.9184 0.1927
vn -0.3471 0.9178 0.1927
vn -0.3484 0.9109 0.2211
vn -0.3493 0.9105 0.2212
vn -0.3472 0.9112 0.2218
vn -0.3487 0.9108 0.2211
vn -0.3508 0.9102 0.2202
vn -0.3498 0.9104 0.2209
vn -0.0994 0.9522 0.2888
vn -0.0987 0.9523 0.2889
vn -0.0998 0.9522 0.2888
vn -0.1004 0.9521 0.2888
vn -0.0994 0.9522 0.2889
vn 0.1703 0.9638 0.2054
vn 0.1700 0.9635 0.2070
vn 0.1718 0.9635 0.2054
vn 0.1726 0.9637 0.2038
vn 0.1712 0.9636 0.2055
vn 0.1725 0.9634 0.2054
vn 0.1585 0.9848 0.0709
vn 0.1580 0.9849 0.0705
vn -0.0907 0.9743 0.2061
vn -0.0903 0.9743 0.2064
vn -0.0904 0.9743 0.2062
vn -0.3464 0.9181 0.1927
vn -0.3449 0.9186 0.1928
vn -0.3449 0.9190 0.1912
vn -0.0908 0.9744 0.2058
vn -0.0903 0.9743 0.2062
vn 0.1178 0.9912 -0.0603
vn 0.1190 0.9911 -0.0603
vn 0.1169 0.9913 -0.0611
vn 0.1181 0.9912 -0.0602
vn 0.1203 0.9909 -0.0597
vn 0.1193 0.9910 -0.0601
vn 0.1598 0.9846 0.0710
vn 0.1594 0.9847 0.0707
vn 0.1588 0.9848 0.0707
vn -0.0986 0.9877 0.1214
vn -0.0990 0.9877 0.1212
vn -0.3578 0.9239 0.1356
vn -0.0988 0.9877 0.1215
vn -0.3502 0.9223 0.1637
vn -0.3494 0.9226 0.1638
vn -0.3502 0.9224 0.1629
vn -0.1232 0.9916 0.0391
vn -0.1211 0.9918 0.0396
vn -0.1221 0.9917 0.0390
vn -0.3572 0.9241 0.1356
vn -0.3570 0.9243 0.1352
vn -0.3575 0.9240 0.1355
vn -0.3494 0.9226 0.1637
vn -0.3486 0.9227 0.1647
vn -0.3489 0.9227 0.1637
vn -0.1234 0.9916 0.0390
vn -0.1227 0.9917 0.0390
vn -0.1244 0.9915 0.0383
vn -0.6629 -0.1913 0.7238
vn -0.4655 -0.2248 0.8560
vn -0.2463 -0.2196 0.9440
vn 0.4212 0.8789 0.2240
vn 0.4646 0.8852 0.0227
vn 0.4794 0.8551 -0.1976
vn 0.7256 0.6078 -0.3226
vn 0.5593 0.7921 -0.2443
vn 0.3539 0.9224 -0.1549
vn -0.8221 -0.0785 0.5640
vn -0.8358 0.1389 0.5312
vn -0.8355 0.1391 0.5315
vn -0.8359 0.1393 0.5309
vn -0.7532 -0.3696 0.5441
vn -0.8203 -0.1191 0.5593
vn -0.8356 0.1391 0.5314
vn -0.8353 0.1386 0.5320
vn -0.8355 0.1392 0.5316
vn -0.8996 0.1134 0.4218
vn -0.7032 0.0850 0.7059
vn -0.7068 0.1777 0.6847
vn -0.7330 0.1669 0.6595
vn -0.5643 0.2305 0.7927
vn -0.5633 0.2300 0.7936
vn -0.5650 0.2302 0.7924
vn -0.5643 0.2324 0.7922
vn -0.5659 0.2313 0.7913
vn -0.5640 0.2352 0.7916
vn -0.5665 0.2340 0.7901
vn -0.5645 0.2304 0.7926
vn -0.5656 0.2321 0.7914
vn -0.4183 0.3542 0.8364
vn -0.4069 0.3037 0.8615
vn -0.1177 -0.1186 0.9859
vn 0.2146 -0.5913 0.7774
vn -0.3431 0.3346 0.8777
vn -0.2473 0.1076 0.9630
vn -0.2732 0.4671 0.8410
vn -0.0441 -0.0811 0.9957
vn -0.2639 0.3740 0.8891
vn -0.1550 0.1530 0.9760
vn 0.0827 -0.0128 0.9965
vn 0.4201 -0.5698 0.7063
vn -0.0572 0.2066 0.9767
vn -0.1798 0.4200 0.8895
vn 0.1569 0.0286 0.9872
vn -0.1327 0.5679 0.8123
vn -0.1026 0.4630 0.8804
vn 0.0333 0.2570 0.9658
vn 0.2765 0.1002 0.9558
vn 0.5826 -0.5111 0.6319
vn -0.0225 0.5115 0.8590
vn 0.1265 0.3127 0.9414
vn 0.0003 0.6585 0.7526
vn 0.2094 0.3647 0.9073
vn 0.0497 0.5552 0.8302
vn 0.3460 0.1436 0.9272
vn 0.4533 0.2138 0.8653
vn 0.2927 0.4200 0.8591
vn 0.7170 -0.4230 0.5541
vn 0.1226 0.6028 0.7884
vn 0.5137 0.2559 0.8189
vn 0.3650 0.4703 0.8035
vn 0.1826 0.6463 0.7409
vn 0.1240 0.7375 0.6639
vn 0.6024 0.3227 0.7300
vn 0.2435 0.6909 0.6808
vn 0.4341 0.5221 0.7342
vn 0.8312 -0.2986 0.4691
vn 0.2367 0.8033 0.5466
vn 0.6494 0.3610 0.6693
vn 0.4917 0.5681 0.6599
vn 0.2905 0.7310 0.6174
vn 0.7174 0.4197 0.5560
vn 0.3356 0.7701 0.5426
vn 0.9206 -0.1257 0.3698
vn 0.5436 0.6136 0.5727
vn 0.3372 0.8522 0.4002
vn 0.7482 0.4516 0.4860
vn 0.5812 0.6535 0.4849
vn 0.3683 0.8039 0.4670
vn 0.7893 0.5014 0.3544
vn 0.7944 0.5106 0.3291
vn 0.9620 0.1167 0.2470
vn 0.3967 0.8352 0.3808
vn 0.6265 0.7145 0.3115
vn 0.6125 0.6908 0.3844
vn 0.8164 0.5646 0.1210
vn 0.8161 0.5597 0.1436
vn 0.8979 0.4295 0.0965
vn 0.6369 0.7622 0.1156
vn 0.6397 0.7492 0.1718
vn 0.7936 0.5995 -0.1039
vn 0.8133 0.5813 0.0253
vn 0.6738 0.7368 -0.0557
vn 0.6175 0.7845 -0.0579
vn 0.6202 0.7835 -0.0390
vn 0.8027 0.5003 -0.3247
vn 0.8683 0.4872 -0.0931
vn 0.8027 0.5003 -0.3246
vn 0.8834 0.4459 0.1440
vn 0.8683 0.4872 -0.0930
vn 0.8472 0.3786 0.3726
vn 0.7618 0.2893 0.5796
vn 0.6321 0.1833 0.7529
vn 0.2721 -0.0541 0.9607
vn 0.0628 -0.1715 0.9832
vn -0.1502 -0.2790 0.9485
vn -0.3544 -0.3703 0.8586
vn -0.5381 -0.4401 0.7189
vn -0.6904 -0.4842 0.5374
vn -0.8027 -0.5003 0.3246
vn -0.8683 -0.4872 0.0930
vn -0.8027 -0.5003 0.3247
vn -0.8834 -0.4459 -0.1440
vn -0.8472 -0.3786 -0.3726
vn -0.7618 -0.2893 -0.5796
vn -0.6321 -0.1833 -0.7529
vn -0.2721 0.0541 -0.9607
vn -0.0628 0.1716 -0.9832
vn -0.0628 0.1715 -0.9832
vn 0.1502 0.2790 -0.9485
vn 0.3544 0.3703 -0.8586
vn 0.5381 0.4401 -0.7189
vn 0.6904 0.4842 -0.5374
vn -0.8983 0.2550 0.3578
vn -0.8983 0.2549 0.3579
vn -0.9449 0.2643 0.1934
vn -0.9449 0.2642 0.1935
vn -0.9556 0.2934 0.0252
vn -0.9556 0.2936 0.0253
vn -0.9299 0.3412 -0.1371
vn -0.9299 0.3412 -0.1370
vn -0.8694 0.4046 -0.2838
vn -0.8693 0.4045 -0.2840
vn -0.7773 0.4800 -0.4067
vn -0.7772 0.4799 -0.4071
vn -0.6594 0.5626 -0.4987
vn -0.6591 0.5629 -0.4988
vn -0.5216 0.6482 -0.5548
vn -0.5216 0.6485 -0.5544
vn -0.3731 0.7316 -0.5706
vn -0.3733 0.7319 -0.5701
vn -0.2222 0.8079 -0.5458
vn -0.2221 0.8082 -0.5454
vn -0.0771 0.8730 -0.4815
vn -0.0773 0.8727 -0.4821
vn 0.0529 0.9224 -0.3826
vn 0.0523 0.9223 -0.3829
vn 0.0538 0.9224 -0.3826
vn 0.0533 0.9225 -0.3824
vn 0.0528 0.9224 -0.3827
vn 0.1616 0.9537 -0.2537
vn 0.1621 0.9536 -0.2536
vn 0.1619 0.9536 -0.2540
vn 0.1606 0.9537 -0.2543
vn 0.1610 0.9537 -0.2540
vn 0.1616 0.9536 -0.2540
vn 0.2408 0.9651 -0.1033
vn 0.2410 0.9650 -0.1031
vn 0.2413 0.9649 -0.1033
vn 0.2411 0.9650 -0.1031
vn 0.2415 0.9650 -0.1025
vn 0.2874 0.9558 0.0614
vn 0.2873 0.9559 0.0614
vn 0.2983 0.9265 0.2296
vn 0.2972 0.9269 0.2294
vn 0.2978 0.9266 0.2297
vn 0.2991 0.9261 0.2298
vn 0.2986 0.9263 0.2296
vn 0.2982 0.9265 0.2296
vn 0.2726 0.8787 0.3920
vn 0.2720 0.8789 0.3918
vn 0.2730 0.8786 0.3919
vn 0.2728 0.8787 0.3918
vn 0.2725 0.8788 0.3917
vn 0.2119 0.8153 0.5388
vn 0.2118 0.8154 0.5387
vn 0.1202 0.7400 0.6617
vn 0.1200 0.7401 0.6617
vn 0.0018 0.6570 0.7539
vn 0.0017 0.6571 0.7538
vn -0.1356 0.5716 0.8092
vn -0.1356 0.5719 0.8091
vn -0.2839 0.4881 0.8253
vn -0.2842 0.4880 0.8252
vn -0.2841 0.4882 0.8252
vn -0.4353 0.4120 0.8005
vn -0.4353 0.4119 0.8006
vn -0.5803 0.3468 0.7369
vn -0.5801 0.3472 0.7368
vn -0.5802 0.3472 0.7368
vn -0.5799 0.3478 0.7367
vn -0.7105 0.2978 0.6376
vn -0.7104 0.2980 0.6376
vn -0.8187 0.2663 0.5088
vn -0.8188 0.2665 0.5086
vn 0.1615 0.9536 -0.2541
vn 0.0531 0.9224 -0.3826
vn 0.0539 0.9224 -0.3825
vn 0.0538 0.9223 -0.3828
vn 0.0528 0.9222 -0.3831
vn 0.0532 0.9223 -0.3828
vn -0.0771 0.8727 -0.4821
vn -0.0772 0.8729 -0.4817
vn -0.2220 0.8080 -0.5458
vn -0.2220 0.8081 -0.5456
vn -0.3730 0.7316 -0.5707
vn -0.3732 0.7316 -0.5706
vn -0.5218 0.6484 -0.5543
vn -0.5221 0.6480 -0.5545
vn -0.6591 0.5628 -0.4988
vn -0.6590 0.5626 -0.4992
vn -0.7773 0.4799 -0.4069
vn -0.7773 0.4799 -0.4068
vn -0.8692 0.4047 -0.2840
vn -0.8693 0.4047 -0.2839
vn -0.9299 0.3413 -0.1370
vn -0.9298 0.3415 -0.1370
vn -0.9555 0.2938 0.0253
vn -0.9556 0.2935 0.0253
vn -0.9449 0.2641 0.1935
vn -0.9448 0.2644 0.1935
vn -0.8982 0.2549 0.3580
vn -0.8188 0.2664 0.5086
vn -0.8187 0.2662 0.5088
vn -0.7104 0.2977 0.6378
vn -0.7105 0.2977 0.6376
vn -0.5803 0.3473 0.7366
vn -0.5801 0.3472 0.7369
vn -0.4351 0.4118 0.8007
vn -0.2841 0.4884 0.8251
vn -0.2842 0.4883 0.8251
vn -0.1355 0.5715 0.8093
vn -0.1355 0.5716 0.8092
vn 0.0019 0.6572 0.7537
vn 0.0017 0.6572 0.7537
vn 0.1199 0.7400 0.6618
vn 0.1199 0.7401 0.6617
vn 0.2114 0.8153 0.5391
vn 0.2120 0.8154 0.5387
vn 0.2123 0.8153 0.5387
vn 0.2125 0.8155 0.5383
vn 0.2119 0.8153 0.5389
vn 0.2721 0.8788 0.3920
vn 0.2726 0.8787 0.3918
vn 0.2981 0.9265 0.2296
vn 0.2985 0.9264 0.2296
vn 0.2877 0.9558 0.0614
vn 0.2411 0.9650 -0.1030
vn 0.2412 0.9650 -0.1027
vn 0.8267 0.4528 -0.3339
vn 0.7994 0.5002 -0.3328
vn 0.9104 0.3987 -0.1106
vn 0.8393 0.5326 -0.1092
vn 0.9387 0.3238 0.1180
vn 0.8383 0.5323 0.1179
vn 0.9124 0.2312 0.3378
vn 0.7965 0.5020 0.3369
vn 0.8347 0.1249 0.5364
vn 0.7164 0.4450 0.5373
vn 0.7113 0.0099 0.7028
vn 0.6018 0.3658 0.7099
vn 0.5496 -0.1080 0.8284
vn 0.4583 0.2690 0.8471
vn 0.3584 -0.2229 0.9066
vn 0.2924 0.1597 0.9429
vn 0.1477 -0.3282 0.9330
vn 0.1118 0.0427 0.9928
vn -0.0714 -0.4175 0.9059
vn -0.0750 -0.0768 0.9942
vn -0.2876 -0.4847 0.8261
vn -0.2589 -0.1939 0.9462
vn -0.4890 -0.5239 0.6974
vn -0.4300 -0.3039 0.8501
vn -0.6642 -0.5304 0.5268
vn -0.5784 -0.4023 0.7096
vn -0.6952 -0.4853 0.5302
vn -0.7763 -0.5464 0.3144
vn -0.7995 -0.5002 0.3326
vn -0.8176 -0.5709 0.0746
vn -0.8858 -0.4462 0.1273
vn -0.8117 -0.5597 -0.1672
vn -0.9234 -0.3743 -0.0849
vn -0.7591 -0.5157 -0.3973
vn -0.9122 -0.2872 -0.2922
vn -0.6628 -0.4440 -0.6030
vn -0.8548 -0.1882 -0.4836
vn -0.5283 -0.3495 -0.7738
vn -0.7552 -0.0811 -0.6505
vn -0.3629 -0.2384 -0.9008
vn -0.6191 0.0295 -0.7847
vn -0.1753 -0.1167 -0.9776
vn -0.4533 0.1388 -0.8805
vn 0.0242 0.0091 -0.9997
vn -0.2652 0.2419 -0.9333
vn 0.2248 0.1330 -0.9653
vn -0.0635 0.3336 -0.9406
vn 0.4146 0.2490 -0.8753
vn 0.1431 0.4087 -0.9014
vn 0.5818 0.3518 -0.7333
vn 0.3449 0.4618 -0.8172
vn 0.7146 0.4368 -0.5465
vn 0.5320 0.4887 -0.6915
vn 0.6952 0.4853 -0.5302
vn -0.0008 0.5547 0.8321
vn -0.0390 0.5874 0.8083
vn -0.1193 0.4268 0.8965
vn -0.2088 0.5292 0.8224
vn -0.2597 0.2992 0.9182
vn -0.3694 0.4738 0.7994
vn -0.4122 0.1808 0.8930
vn -0.5167 0.4249 0.7432
vn -0.5655 0.0799 0.8209
vn -0.6468 0.3851 0.6583
vn -0.7085 0.0036 0.7057
vn -0.7565 0.3563 0.5484
vn -0.8308 -0.0428 0.5549
vn -0.8422 0.3395 0.4188
vn -0.9239 -0.0560 0.3786
vn -0.9013 0.3356 0.2741
vn -0.9815 -0.0354 0.1884
vn -0.9311 0.3446 0.1196
vn -0.9998 0.0179 -0.0022
vn -0.9298 0.3660 -0.0395
vn -0.9785 0.0998 -0.1803
vn -0.8955 0.3987 -0.1978
vn -0.9202 0.2048 -0.3335
vn -0.8269 0.4407 -0.3492
vn -0.8307 0.3251 -0.4520
vn -0.7229 0.4897 -0.4875
vn -0.7186 0.4521 -0.5283
vn -0.5880 0.5383 -0.6037
vn -0.5888 0.5781 -0.5649
vn -0.4286 0.5902 -0.6841
vn -0.4483 0.6905 -0.5677
vn -0.2500 0.6470 -0.7204
vn -0.3090 0.7854 -0.5364
vn -0.0639 0.7029 -0.7084
vn -0.1768 0.8624 -0.4744
vn 0.1164 0.7537 -0.6468
vn -0.0570 0.9211 -0.3852
vn 0.2782 0.7951 -0.5389
vn 0.0469 0.9608 -0.2732
vn 0.4101 0.8236 -0.3918
vn 0.1307 0.9811 -0.1428
vn 0.5032 0.8369 -0.2154
vn 0.1916 0.9815 0.0010
vn 0.5510 0.8342 -0.0215
vn 0.2273 0.9617 0.1532
vn 0.5509 0.8157 0.1764
vn 0.2361 0.9215 0.3085
vn 0.5025 0.7838 0.3649
vn 0.2172 0.8605 0.4608
vn 0.4106 0.7412 0.5311
vn 0.1702 0.7786 0.6040
vn 0.2828 0.6919 0.6643
vn 0.0950 0.6758 0.7309
vn 0.1297 0.6408 0.7567
vn -0.0713 0.6000 0.7969
vn -0.0893 0.6054 0.7909
vn -0.2842 0.5069 0.8138
vn -0.2392 0.4882 0.8393
vn -0.4779 0.4195 0.7718
vn -0.4194 0.3847 0.8223
vn -0.6540 0.3512 0.6700
vn -0.5955 0.2984 0.7459
vn -0.7977 0.3081 0.5184
vn -0.7510 0.2372 0.6162
vn -0.8717 0.2065 0.4444
vn -0.8969 0.2939 0.3304
vn -0.9465 0.2093 0.2458
vn -0.9428 0.3100 0.1227
vn -0.9687 0.2451 0.0385
vn -0.9309 0.3548 -0.0868
vn -0.9371 0.3107 -0.1589
vn -0.8611 0.4245 -0.2797
vn -0.8555 0.4002 -0.3286
vn -0.7380 0.5127 -0.4386
vn -0.7324 0.5055 -0.4561
vn -0.3904 0.8468 0.3613
vn -0.3905 0.8468 0.3612
vn -0.4431 0.8166 0.3699
vn -0.4430 0.8165 0.3701
vn -0.4971 0.7895 0.3599
vn -0.4971 0.7896 0.3597
vn -0.5473 0.7684 0.3317
vn -0.5469 0.7686 0.3318
vn -0.5887 0.7552 0.2884
vn -0.5886 0.7552 0.2884
vn -0.6172 0.7511 0.2344
vn -0.6172 0.7511 0.2343
vn -0.6301 0.7566 0.1747
vn -0.6261 0.7712 0.1153
vn -0.6056 0.7934 0.0619
vn -0.5706 0.8210 0.0199
vn -0.5706 0.8210 0.0202
vn -0.2562 -0.1384 -0.9567
vn 0.0085 0.0133 -0.9999
vn 0.2803 0.1489 -0.9483
vn 0.5326 0.2553 -0.8069
vn 0.5326 0.2553 -0.8070
vn 0.7407 0.3220 -0.5897
vn 0.8841 0.3425 -0.3178
vn 0.8841 0.3425 -0.3177
vn 0.9490 0.3148 -0.0178
vn 0.9289 0.2416 0.2808
vn 0.8257 0.1300 0.5489
vn 0.6497 -0.0090 0.7602
vn 0.4179 -0.1618 0.8940
vn 0.1532 -0.3134 0.9372
vn -0.1186 -0.4491 0.8856
vn -0.1186 -0.4490 0.8856
vn -0.3709 -0.5555 0.7442
vn -0.5790 -0.6222 0.5270
vn -0.7224 -0.6427 0.2550
vn -0.7873 -0.6149 -0.0449
vn -0.7873 -0.6150 -0.0449
vn -0.7671 -0.5417 -0.3435
vn -0.7672 -0.5417 -0.3435
vn -0.6640 -0.4302 -0.6116
vn -0.6640 -0.4301 -0.6116
vn -0.4879 -0.2912 -0.8229
vn -0.5775 -0.1433 -0.8037
vn -0.5776 -0.1433 -0.8037
vn -0.7563 -0.2844 -0.5892
vn -0.8815 -0.4720 -0.0138
vn -0.8815 -0.4720 -0.0137
vn -0.8156 -0.5002 0.2908
vn -0.6700 -0.4794 0.5669
vn -0.4587 -0.4116 0.7875
vn 0.0735 -0.1659 0.9834
vn 0.3423 -0.0119 0.9395
vn -0.6783 -0.4811 0.5554
vn -0.7066 -0.4136 0.5742
vn -0.5333 -0.2906 0.7945
vn -0.4563 -0.4838 0.7468
vn -0.3154 -0.1392 0.9387
vn -0.1994 -0.4429 0.8741
vn -0.0776 0.0297 0.9965
vn 0.0712 -0.3679 0.9271
vn 0.1559 0.2040 0.9665
vn 0.3343 -0.2697 0.9031
vn 0.3636 0.3714 0.8543
vn 0.5707 -0.1601 0.8054
vn 0.5270 0.5201 0.6721
vn 0.7639 -0.0503 0.6434
vn 0.6323 0.6398 0.4368
vn 0.9014 0.0495 0.4301
vn 0.6712 0.7218 0.1688
vn 0.9746 0.1310 0.1818
vn 0.8620 0.4965 -0.1022
vn 0.8374 0.4902 -0.2417
vn 0.9787 0.1876 -0.0829
vn 0.7828 0.4994 -0.3712
vn 0.9153 0.2077 -0.3452
vn 0.6782 0.4814 -0.5553
vn 0.6781 0.4814 -0.5554
vn 0.4906 0.4235 -0.7615
vn 0.4908 0.4235 -0.7614
vn 0.2635 0.3312 -0.9060
vn 0.2634 0.3313 -0.9060
vn 0.0149 0.2121 -0.9771
vn 0.0149 0.2122 -0.9771
vn -0.2349 0.0759 -0.9691
vn -0.2349 0.0759 -0.9690
vn -0.4658 -0.0665 -0.8824
vn -0.6587 -0.2035 -0.7243
vn -0.6586 -0.2035 -0.7244
vn -0.7983 -0.3241 -0.5076
vn -0.7983 -0.3240 -0.5077
vn -0.8733 -0.4183 -0.2497
vn -0.8733 -0.4183 -0.2498
vn -0.8775 -0.4787 0.0283
vn -0.8108 -0.5000 0.3043
vn -0.8106 -0.5003 0.3042
vn -0.9675 -0.0020 0.2529
vn -0.9675 -0.0019 0.2529
vn -0.8637 0.0015 0.5041
vn -0.8637 0.0016 0.5040
vn -0.6980 0.0468 0.7146
vn -0.6979 0.0468 0.7147
vn -0.4865 0.1295 0.8640
vn -0.4865 0.1296 0.8640
vn -0.2500 0.2415 0.9376
vn -0.0118 0.3719 0.9282
vn -0.0118 0.3720 0.9282
vn 0.2050 0.5078 0.8367
vn 0.2051 0.5078 0.8367
vn 0.3792 0.6360 0.6721
vn 0.4939 0.7439 0.4502
vn 0.4937 0.7439 0.4505
vn 0.5372 0.8210 0.1934
vn 0.5370 0.8211 0.1934
vn 0.5053 0.8598 -0.0737
vn 0.4015 0.8563 -0.3249
vn 0.4015 0.8563 -0.3248
vn 0.2358 0.8109 -0.5356
vn 0.2358 0.8110 -0.5355
vn 0.0244 0.7284 -0.6847
vn 0.0243 0.7282 -0.6849
vn -0.2122 0.6163 -0.7584
vn -0.2121 0.6162 -0.7585
vn -0.4504 0.4860 -0.7490
vn -0.4504 0.4859 -0.7490
vn -0.6672 0.3500 -0.6575
vn -0.6673 0.3501 -0.6574
vn -0.8414 0.2219 -0.4928
vn -0.8414 0.2218 -0.4928
vn -0.9558 0.1138 -0.2712
vn -0.9992 0.0368 -0.0142
vn -0.9992 0.0367 -0.0142
vn -0.8843 -0.4514 -0.1195
vn -0.8843 -0.4514 -0.1196
vn -0.7025 -0.2384 -0.6705
vn -0.8342 -0.3627 -0.4154
vn -0.8342 -0.3627 -0.4153
vn -0.7026 -0.2384 -0.6705
vn -0.5021 -0.0908 -0.8600
vn -0.2525 0.0656 -0.9654
vn 0.0218 0.2157 -0.9762
vn 0.5374 0.4398 -0.7195
vn 0.2940 0.3446 -0.8915
vn 0.7282 0.4920 -0.4771
vn 0.8477 0.4960 -0.1880
vn 0.8843 0.4514 0.1195
vn 0.8342 0.3627 0.4154
vn 0.8342 0.3627 0.4153
vn 0.5021 0.0908 0.8600
vn 0.7026 0.2384 0.6705
vn 0.2525 -0.0656 0.9654
vn -0.2940 -0.3446 0.8915
vn -0.0218 -0.2157 0.9762
vn -0.5374 -0.4398 0.7195
vn -0.7282 -0.4920 0.4771
vn -0.8477 -0.4960 0.1880
vn 0.4664 -0.8658 -0.1810
vn 0.4669 -0.8656 -0.1809
vn 0.4666 -0.8658 -0.1811
vn 0.4661 -0.8660 -0.1809
vn 0.4660 -0.8661 -0.1805
vn -0.6699 -0.4794 0.5669
vn 0.5776 0.1433 0.8037
vn 0.7563 0.2844 0.5892
vn 0.8815 0.4720 0.0138
vn 0.8156 0.5002 -0.2908
vn 0.8815 0.4720 0.0137
vn 0.6699 0.4794 -0.5669
vn 0.6700 0.4794 -0.5669
vn 0.4587 0.4116 -0.7875
vn -0.0735 0.1659 -0.9834
vn -0.3423 0.0119 -0.9395
vn 0.5775 0.1433 0.8037
vn -0.3422 0.0119 -0.9395
vn -0.5245 0.8514 -0.0066
vn -0.4718 0.8816 -0.0152
vn -0.4718 0.8816 -0.0153
vn -0.4178 0.9085 -0.0048
vn -0.4178 0.9085 -0.0050
vn -0.3676 0.9297 0.0229
vn -0.3676 0.9297 0.0232
vn -0.3262 0.9430 0.0662
vn -0.3262 0.9430 0.0664
vn -0.2977 0.9470 0.1206
vn -0.2977 0.9471 0.1203
vn -0.2848 0.9415 0.1801
vn -0.2888 0.9270 0.2395
vn -0.2888 0.9270 0.2394
vn -0.3093 0.9048 0.2928
vn -0.3443 0.8771 0.3349
vn -0.3443 0.8771 0.3348
vn -0.5789 0.6067 -0.5448
vn -0.5721 0.6222 -0.5344
vn -0.3863 0.7376 -0.5538
vn -0.4009 0.6999 -0.5911
vn -0.1992 0.8373 -0.5092
vn -0.2126 0.7884 -0.5772
vn -0.0274 0.9135 -0.4058
vn -0.0306 0.8636 -0.5032
vn 0.1143 0.9606 -0.2534
vn 0.1286 0.9181 -0.3749
vn 0.2505 0.9465 -0.2035
vn 0.2134 0.9748 -0.0654
vn 0.3240 0.9460 -0.0045
vn 0.2614 0.9548 0.1415
vn 0.3427 0.9170 0.2043
vn 0.2538 0.9020 0.3493
vn 0.3051 0.8624 0.4040
vn 0.1907 0.8200 0.5397
vn 0.2154 0.7880 0.5768
vn 0.0767 0.7148 0.6951
vn 0.0823 0.7012 0.7082
vn 0.4064 0.6665 -0.6250
vn 0.3002 0.5320 -0.7917
vn 0.1569 0.3846 -0.9096
vn -0.9856 0.1691 -0.0051
vn -0.9813 0.0736 0.1777
vn -0.9281 -0.0222 0.3717
vn -0.8466 -0.3832 0.3694
vn -0.9146 -0.1327 0.3820
vn -0.9187 0.1273 0.3738
vn 0.4321 0.8018 -0.4128
vn 0.2704 0.9108 -0.3121
vn 0.2699 0.9109 -0.3123
vn 0.2711 0.9108 -0.3114
vn 0.6322 0.5940 -0.4975
vn 0.4658 0.7781 -0.4214
vn 0.2699 0.9110 -0.3117
vn 0.2688 0.9110 -0.3127
vn 0.2695 0.9111 -0.3120
vn 0.3452 0.9156 -0.2063
vn 0.2098 0.8315 -0.5144
vn 0.1406 0.8743 -0.4647
vn 0.1677 0.8821 -0.4401
vn -0.0010 0.8193 -0.5733
vn -0.0016 0.8185 -0.5745
vn -0.0004 0.8196 -0.5729
vn -0.0025 0.8203 -0.5719
vn -0.0002 0.8208 -0.5712
vn -0.0043 0.8214 -0.5703
vn -0.0018 0.8223 -0.5690
vn -0.0007 0.8195 -0.5731
vn -0.0013 0.8209 -0.5711
vn -0.1909 0.7769 -0.6000
vn -0.1609 0.7499 -0.6417
vn -0.0044 0.3448 -0.9387
vn 0.2249 -0.2250 -0.9480
vn -0.2248 0.7192 -0.6575
vn -0.1096 0.5549 -0.8246
vn -0.3648 0.7173 -0.5936
vn -0.0776 0.3067 -0.9486
vn -0.3030 0.6785 -0.6692
vn -0.2009 0.5073 -0.8380
vn -0.2044 0.2386 -0.9493
vn 0.1037 -0.4025 -0.9095
vn -0.2994 0.4552 -0.8385
vn -0.3879 0.6337 -0.6693
vn -0.2787 0.1968 -0.9400
vn -0.5206 0.6455 -0.5588
vn -0.4647 0.5896 -0.6606
vn -0.3890 0.4042 -0.8278
vn -0.3985 0.1259 -0.9085
vn -0.0221 -0.5283 -0.8488
vn -0.5451 0.5423 -0.6393
vn -0.5451 0.5423 -0.6394
vn -0.4831 0.3491 -0.8029
vn -0.6591 0.5643 -0.4971
vn -0.5655 0.2975 -0.7692
vn -0.6165 0.4974 -0.6103
vn -0.4680 0.0824 -0.8799
vn -0.5746 0.0118 -0.8183
vn -0.6497 0.2420 -0.7206
vn -0.1579 -0.6169 -0.7711
vn -0.6888 0.4499 -0.5685
vn -0.6349 -0.0304 -0.7720
vn -0.7217 0.1920 -0.6650
vn -0.7499 0.4074 -0.5212
vn -0.7778 0.4761 -0.4103
vn -0.7243 -0.0968 -0.6827
vn -0.8103 0.3620 -0.4608
vn -0.7911 0.1392 -0.5956
vn -0.3070 -0.6737 -0.6722
vn -0.8747 0.3810 -0.2994
vn -0.7715 -0.1349 -0.6217
vn -0.8482 0.0938 -0.5213
vn -0.8584 0.3236 -0.3979
vn -0.8383 -0.1946 -0.5093
vn -0.9035 0.2825 -0.3224
vn -0.4809 -0.6904 -0.5405
vn -0.8992 0.0469 -0.4350
vn -0.9462 0.2789 -0.1640
vn -0.8694 -0.2260 -0.4395
vn -0.9380 0.0085 -0.3466
vn -0.9363 0.2500 -0.2469
vn -0.9107 -0.2762 -0.3071
vn -0.9161 -0.2847 -0.2823
vn -0.6801 -0.6406 -0.3566
vn -0.9630 0.2161 -0.1611
vn -0.9836 -0.0514 -0.1729
vn -0.9687 -0.0300 -0.2464
vn -0.9377 -0.3395 -0.0740
vn -0.9375 -0.3343 -0.0966
vn -0.8700 -0.4812 -0.1072
vn -0.9948 -0.0988 0.0230
vn -0.9955 -0.0885 -0.0338
vn -0.9150 -0.3741 0.1512
vn -0.9329 -0.3595 0.0207
vn -0.9663 -0.1937 0.1696
vn -0.9727 -0.1241 0.1961
vn -0.9766 -0.1227 0.1768
vn -0.6060 -0.4618 0.6477
vn 0.4665 -0.8660 -0.1803
vn 0.4652 -0.8666 -0.1806
vn 0.4661 -0.8661 -0.1809
vn 0.4651 -0.8665 -0.1812
vn 0.4669 -0.8655 -0.1816
vn 0.4672 -0.8654 -0.1813
vn 0.4674 -0.8653 -0.1810
vn 0.4668 -0.8657 -0.1810
vn 0.6742 0.4804 -0.5610
vn 0.6741 0.4804 -0.5610
vn 0.8131 0.5003 -0.2977
vn -0.8469 -0.4963 0.1908
vn -0.8470 -0.4962 0.1910
vn 0.8470 0.4962 -0.1910
vn 0.8470 0.4962 -0.1908
vn 0.8610 0.3977 0.3169
vn 0.8610 0.3976 0.3170
vn 0.6445 0.1926 0.7400
vn 0.6442 0.1927 0.7402
vn 0.4667 -0.8658 -0.1808
vn 0.4658 -0.8662 -0.1809
vn -0.5726 -0.1398 -0.8078
vn -0.3482 0.0082 -0.9374
vn -0.2026 -0.3037 0.9310
vn -0.6059 -0.4619 0.6478
vn -0.6058 -0.4616 0.6480
vn -0.2552 0.0642 -0.9648
vn -0.2552 0.0640 -0.9648
vn 0.6057 0.4617 -0.6480
vn 0.6058 0.4618 -0.6478
vn -0.6742 -0.4804 0.5610
vn -0.6742 -0.4805 0.5609
vn -0.7521 -0.4959 0.4341
vn -0.8131 -0.5003 0.2977
vn 0.8609 0.3977 0.3173
vn 0.6888 -0.3956 -0.6076
vn 0.6876 -0.3960 -0.6086
vn 0.6883 -0.3955 -0.6081
vn -0.1911 -0.9765 -0.0998
vn -0.1910 -0.9765 -0.1001
vn -0.1913 -0.9764 -0.1001
vn -0.1910 -0.9765 -0.0999
vn 0.3525 -0.9200 -0.1712
vn 0.3501 -0.9209 -0.1712
vn 0.3521 -0.9197 -0.1738
vn 0.0785 -0.9870 -0.1403
vn 0.0787 -0.9872 -0.1390
vn 0.0773 -0.9871 -0.1403
vn 0.3514 -0.9205 -0.1712
vn 0.3513 -0.9207 -0.1700
vn 0.3490 -0.9214 -0.1712
vn 0.0785 -0.9870 -0.1404
vn 0.0780 -0.9870 -0.1403
vn 0.0767 -0.9871 -0.1403
vn -0.0941 -0.8292 -0.5510
vn -0.0943 -0.8294 -0.5506
vn -0.0943 -0.8294 -0.5507
vn -0.0942 -0.8296 -0.5503
vn 0.3694 -0.8911 -0.2635
vn 0.3702 -0.8910 -0.2628
vn 0.3699 -0.8907 -0.2641
vn 0.4436 -0.8424 -0.3059
vn 0.4440 -0.8423 -0.3056
vn 0.1403 -0.8939 -0.4257
vn 0.1398 -0.8944 -0.4248
vn 0.1393 -0.8941 -0.4257
vn 0.1394 -0.8937 -0.4265
vn 0.1401 -0.8941 -0.4254
vn 0.1387 -0.8942 -0.4256
vn 0.3697 -0.8911 -0.2631
vn 0.3700 -0.8914 -0.2618
vn 0.3705 -0.8910 -0.2625
vn 0.2714 -0.5888 -0.7614
vn 0.2710 -0.5887 -0.7616
vn 0.2713 -0.5890 -0.7613
vn 0.2710 -0.5889 -0.7614
vn 0.3706 -0.7423 -0.5583
vn 0.3699 -0.7427 -0.5582
vn 0.3703 -0.7425 -0.5582
vn 0.6879 -0.3959 -0.6083
vn 0.6872 -0.3961 -0.6089
vn 0.6865 -0.3964 -0.6096
vn 0.5288 -0.8026 -0.2762
vn 0.5283 -0.8032 -0.2751
vn 0.5305 -0.8020 -0.2745
vn 0.6345 -0.6203 -0.4612
vn 0.6350 -0.6209 -0.4596
vn 0.6351 -0.6203 -0.4603
vn 0.5274 -0.8037 -0.2754
vn 0.5293 -0.8031 -0.2737
vn 0.5296 -0.8025 -0.2747
vn 0.4440 -0.8422 -0.3057
vn 0.4442 -0.8420 -0.3061
vn 0.3709 -0.7421 -0.5584
vn 0.3706 -0.7422 -0.5584
vn 0.6342 -0.6204 -0.4615
vn 0.6348 -0.6203 -0.4608
vn 0.6339 -0.6199 -0.4625
vn 0.5669 -0.7984 -0.2031
vn 0.5662 -0.7988 -0.2034
vn 0.5676 -0.7979 -0.2031
vn 0.8879 -0.3761 -0.2648
vn 0.7562 -0.6086 -0.2402
vn 0.5667 -0.7985 -0.2032
vn 0.5652 -0.7995 -0.2034
vn 0.5659 -0.7990 -0.2035
vn 0.5620 -0.8057 -0.1869
vn 0.9031 -0.4291 -0.0178
vn -0.4261 0.8833 0.1954
vn 0.7647 -0.6374 -0.0948
vn 0.5695 -0.8070 -0.1565
vn 0.5446 -0.8319 -0.1065
vn 0.8748 -0.4714 0.1120
vn 0.5626 -0.8169 -0.1272
vn 0.7448 -0.6673 -0.0033
vn 0.7616 -0.5659 0.3159
vn 0.5418 -0.8359 -0.0882
vn 0.5425 -0.8354 -0.0878
vn 0.5412 -0.8363 -0.0876
vn 0.5422 -0.8356 -0.0880
vn 0.5435 -0.8348 -0.0883
vn 0.5429 -0.8352 -0.0875
vn 0.6788 -0.7248 0.1181
vn 0.4944 -0.8671 -0.0604
vn 0.4940 -0.8674 -0.0607
vn 0.4795 -0.8748 -0.0690
vn 0.5288 -0.8237 0.2047
vn 0.5290 -0.7195 0.4500
vn 0.4945 -0.8671 -0.0605
vn 0.4951 -0.8667 -0.0601
vn 0.4947 -0.8670 -0.0600
vn 0.3092 -0.8443 0.4377
vn -0.4752 0.8509 0.2240
vn 0.4522 -0.8896 -0.0638
vn 0.3987 -0.8959 0.1962
vn 0.3916 -0.9149 -0.0977
vn 0.3878 -0.9164 -0.0993
vn 0.3901 -0.9154 -0.0994
vn 0.4049 -0.9093 -0.0963
vn -0.0084 -0.9676 0.2525
vn 0.1983 -0.9766 0.0828
vn 0.3869 -0.9168 -0.0993
vn 0.3852 -0.9173 -0.1011
vn 0.3889 -0.9159 -0.0994
vn 0.4247 -0.9024 -0.0734
vn 0.1896 -0.8995 0.3937
vn 0.3139 -0.9350 0.1651
vn -0.8578 -0.4036 -0.3182
vn -0.8792 -0.4718 0.0659
vn -0.7242 -0.2395 -0.6466
vn 0.2057 0.2977 -0.9322
vn -0.1487 0.1400 -0.9789
vn 0.5103 0.4443 -0.7363
vn -0.5360 -0.5762 0.6170
vn -0.5360 -0.5760 0.6172
vn 0.9025 0.3734 -0.2146
vn 0.9021 0.3742 -0.2148
vn 0.9028 0.3729 -0.2141
vn 0.9034 0.3718 -0.2136
vn 0.9027 0.3731 -0.2142
vn 0.9030 0.3726 -0.2139
vn -0.3559 0.9186 0.1718
vn 0.9605 0.1300 -0.2460
vn 0.9604 0.1303 -0.2464
vn 0.9607 0.1299 -0.2454
vn 0.9574 -0.1237 -0.2610
vn 0.9610 0.1293 -0.2444
vn 0.9607 0.1294 -0.2455
vn 0.9608 0.1296 -0.2450
vn 0.7910 -0.6112 -0.0272
vn 0.9378 0.3100 0.1562
vn 0.9816 -0.1860 0.0420
vn 0.9922 0.0628 0.1073
vn 0.8817 0.2260 0.4143
vn -0.3748 0.8901 0.2593
vn 0.9433 -0.0097 0.3317
vn 0.9402 -0.2480 0.2336
vn 0.3170 -0.1821 0.9308
vn 0.3175 -0.1820 0.9306
vn 0.7034 0.0721 0.7072
vn 0.7028 0.0721 0.7078
vn 0.7030 0.0718 0.7076
vn 0.7023 0.0721 0.7082
vn 0.7022 0.0720 0.7083
vn 0.7028 0.0720 0.7077
vn 0.7949 -0.3672 0.4830
vn 0.7732 -0.1512 0.6159
vn 0.7736 -0.1509 0.6155
vn 0.7728 -0.1508 0.6164
vn 0.7722 -0.1509 0.6172
vn 0.7729 -0.1510 0.6162
vn 0.7725 -0.1505 0.6169
vn 0.3166 -0.1821 0.9309
vn 0.3170 -0.1820 0.9308
vn -0.4455 0.8435 0.3001
vn 0.4841 -0.5716 0.6625
vn 0.4133 -0.3895 0.8231
vn 0.4134 -0.3882 0.8236
vn 0.4132 -0.3889 0.8234
vn 0.4134 -0.3880 0.8237
vn 0.4133 -0.3874 0.8241
vn 0.4133 -0.3886 0.8235
vn 0.3342 -0.9123 0.2366
vn 0.2155 -0.7266 0.6524
vn -0.0132 -0.3643 0.9312
vn 0.1001 -0.5660 0.8183
vn -0.3845 -0.7560 0.5297
vn -0.3849 -0.7561 0.5293
vn -0.3838 -0.7562 0.5300
vn -0.5360 -0.5759 0.6173
vn -0.5359 -0.5757 0.6175
vn -0.2515 -0.4751 0.8432
vn -0.2027 -0.8898 0.4090
vn -0.2026 -0.8898 0.4090
vn -0.5264 0.8062 0.2701
vn -0.3841 -0.7561 0.5300
vn -0.3835 -0.7562 0.5302
vn -0.3830 -0.7560 0.5308
vn 0.0391 -0.8087 0.5870
vn -0.1081 -0.6613 0.7423
vn -0.7125 -0.2612 -0.6512
vn -0.8676 -0.4935 0.0613
vn -0.8675 -0.4936 0.0614
vn -0.7126 -0.2612 -0.6512
vn 0.1478 -0.1383 0.9793
vn -0.5112 -0.4426 0.7367
vn -0.8676 -0.4936 0.0613
vn -0.8676 -0.4935 0.0614
vn -0.8692 -0.3822 -0.3137
vn -0.5949 -0.2776 -0.7543
vn -0.6002 -0.4722 0.6456
vn -0.8413 -0.5066 0.1888
vn -0.8374 -0.5443 0.0503
vn 0.3002 -0.1497 0.9421
vn -0.2108 -0.2881 0.9341
vn -0.4819 -0.4935 0.7240
vn 0.1477 -0.1383 0.9793
vn -0.5112 -0.4427 0.7367
vn -0.1390 -0.7400 -0.6581
vn -0.6264 -0.3974 -0.6706
vn -0.1284 -0.9343 -0.3326
vn -0.2850 -0.9585 0.0118
vn -0.7790 -0.6262 0.0311
vn -0.1117 -0.9337 0.3402
vn -0.4280 -0.5762 0.6962
vn 0.2585 -0.8790 0.4006
vn 0.5076 -0.6476 0.5683
vn 0.2211 -0.2764 0.9353
vn 0.9477 -0.1811 -0.2627
vn 0.9615 0.0749 -0.2643
vn 0.9646 -0.0525 -0.2584
vn 0.9477 -0.1811 -0.2628
vn 0.8361 -0.5337 -0.1267
vn 0.9750 -0.0193 0.2215
vn 0.9585 -0.2563 0.1249
vn 0.9764 -0.1354 0.1681
vn 0.9585 -0.2562 0.1249
vn 0.7931 -0.4127 0.4478
vn 0.6336 -0.7254 0.2689
vn 0.7933 -0.4128 0.4476
vn 0.7942 -0.3077 0.5239
vn 0.7913 -0.1932 0.5800
vn 0.4190 -0.4388 0.7949
vn 0.4962 -0.6084 0.6194
vn 0.4960 -0.6085 0.6195
vn 0.4672 -0.5232 0.7127
vn -0.1606 -0.9120 0.3774
vn 0.1469 -0.7913 0.5936
vn 0.1464 -0.7912 0.5938
vn 0.2056 -0.9494 0.2372
vn -0.3545 -0.7930 0.4955
vn -0.2565 -0.8576 0.4459
vn -0.1608 -0.9119 0.3775
vn 0.0314 -0.6417 0.7663
vn 0.1470 -0.7915 0.5932
vn 0.0828 -0.7246 0.6842
vn 0.7876 -0.4629 0.4067
vn 0.7880 0.0974 0.6079
vn 0.8834 -0.4669 0.0399
vn 0.9333 -0.2446 -0.2630
vn 0.9406 0.3263 -0.0939
vn 0.7598 -0.2695 -0.5916
vn 0.5897 0.2763 -0.7589
vn 0.4965 -0.5222 -0.6934
vn 0.1405 -0.5553 -0.8197
vn -0.0595 -0.0236 -0.9980
vn 0.7233 0.2412 0.6470
vn 0.8783 0.4735 -0.0655
vn 0.8783 0.4736 -0.0655
vn -0.1370 0.1183 -0.9835
vn 0.5220 0.4226 -0.7409
vn 0.5220 0.4227 -0.7409
vn 0.8526 0.4130 0.3202
vn 0.6876 0.1057 0.7184
vn 0.6115 0.4513 -0.6500
vn 0.8525 0.4857 -0.1932
vn 0.9041 0.4204 -0.0762
vn -0.2076 -0.0222 -0.9780
vn 0.1942 0.3190 -0.9276
vn 0.5486 0.3697 -0.7499
vn 0.5219 0.4226 -0.7409
vn 0.6646 0.3385 -0.6662
vn -0.7742 -0.6111 0.1648
vn -0.7742 -0.6111 0.1651
vn -0.7745 -0.6108 0.1646
vn -0.7749 -0.6105 0.1639
vn -0.7744 -0.6109 0.1644
vn -0.7747 -0.6106 0.1644
vn -0.5700 0.8000 0.1872
vn -0.6054 -0.7886 0.1078
vn -0.6051 -0.7887 0.1084
vn -0.6058 -0.7883 0.1080
vn -0.3980 -0.9163 0.0439
vn -0.6064 -0.7879 0.1077
vn -0.6056 -0.7884 0.1079
vn -0.6061 -0.7880 0.1081
vn 0.0513 -0.9527 -0.2995
vn -0.8069 -0.5532 -0.2070
vn -0.4115 -0.8727 -0.2629
vn -0.6286 -0.7370 -0.2483
vn -0.7503 -0.4697 -0.4652
vn -0.5510 0.8285 0.1000
vn -0.5817 -0.6627 -0.4717
vn -0.3704 -0.8097 -0.4551
vn -0.5735 -0.3098 -0.7584
vn -0.5737 -0.3096 -0.7583
vn -0.4189 -0.5070 -0.7533
vn -0.4219 -0.5073 -0.7515
vn -0.4206 -0.5064 -0.7527
vn -0.2372 -0.6739 -0.6997
vn -0.4169 -0.5067 -0.7546
vn -0.4182 -0.5076 -0.7533
vn -0.4199 -0.5067 -0.7529
vn -0.1884 -0.0554 -0.9805
vn -0.1885 -0.0551 -0.9805
vn -0.1880 -0.0552 -0.9806
vn -0.1883 -0.0547 -0.9806
vn -0.4804 0.8750 0.0591
vn 0.0764 -0.4694 -0.8797
vn -0.0588 -0.2696 -0.9612
vn -0.0589 -0.2692 -0.9613
vn -0.0587 -0.2698 -0.9611
vn -0.0588 -0.2701 -0.9610
vn -0.0589 -0.2695 -0.9612
vn -0.0587 -0.2699 -0.9611
vn 0.5081 -0.6515 -0.5634
vn 0.3550 -0.3320 -0.8739
vn 0.2626 -0.1067 -0.9590
vn 0.1452 0.1205 -0.9820
vn 0.3829 0.2303 -0.8946
vn 0.6642 0.3385 -0.6665
vn 0.7375 0.0980 -0.6682
vn 0.7377 0.0978 -0.6680
vn 0.7644 -0.1517 -0.6266
vn -0.3993 0.9125 0.0888
vn 0.7375 0.0985 -0.6681
vn 0.7373 0.0981 -0.6684
vn 0.5351 -0.2497 -0.8071
vn 0.4691 -0.0113 -0.8831
vn -0.3445 -0.9383 0.0286
vn -0.3448 -0.9382 0.0288
vn -0.3442 -0.9385 0.0283
vn -0.5587 -0.8223 0.1084
vn -0.4587 -0.8864 0.0627
vn -0.3444 -0.9384 0.0287
vn -0.3452 -0.9381 0.0293
vn -0.3453 -0.9381 0.0288
vn -0.0198 -0.9816 -0.1897
vn -0.5725 -0.7278 -0.3775
vn -0.3554 -0.8631 -0.3587
vn -0.3553 -0.8632 -0.3586
vn -0.4710 -0.8034 -0.3643
vn -0.1905 -0.7066 -0.6815
vn -0.1901 -0.7068 -0.6814
vn -0.1913 -0.7067 -0.6812
vn 0.1828 -0.7898 -0.5855
vn -0.1901 -0.7065 -0.6817
vn -0.1888 -0.7065 -0.6820
vn -0.1894 -0.7068 -0.6815
vn -0.2885 -0.6313 -0.7199
vn -0.3889 -0.5541 -0.7360
vn -0.0164 -0.3087 -0.9510
vn 0.1071 -0.5111 -0.8528
vn 0.1069 -0.5108 -0.8531
vn 0.0385 -0.4157 -0.9087
vn 0.6107 -0.5659 -0.5539
vn 0.7571 0.0456 -0.6517
vn 0.7619 -0.0816 -0.6425
vn 0.7641 -0.2074 -0.6108
vn 0.7638 -0.2076 -0.6112
vn 0.4563 -0.3282 -0.8271
vn 0.3715 -0.1057 -0.9224
vn 0.4560 -0.3281 -0.8273
vn 0.4230 -0.2142 -0.8805
vn -0.8158 -0.5499 0.1790
vn -0.8156 -0.5501 0.1794
vn -0.8238 0.5518 0.1299
vn -0.7438 -0.6506 0.1534
vn -0.6596 -0.7411 0.1251
vn -0.7437 -0.6507 0.1534
vn -0.8298 -0.4517 -0.3278
vn -0.8298 -0.4518 -0.3277
vn -0.6730 -0.6475 -0.3576
vn -0.7577 -0.5538 -0.3454
vn -0.7576 -0.5538 -0.3454
vn -0.6138 -0.2470 -0.7498
vn -0.6135 -0.2469 -0.7501
vn -0.6294 0.7358 -0.2499
vn -0.5449 -0.3524 -0.7609
vn -0.5450 -0.3526 -0.7607
vn -0.4669 -0.4529 -0.7595
vn -0.2251 0.0093 -0.9743
vn -0.2253 0.0093 -0.9743
vn -0.1627 -0.1005 -0.9816
vn -0.0971 -0.2087 -0.9732
vn -0.1625 -0.1004 -0.9816
vn 0.2318 0.2485 -0.9405
vn 0.6344 0.4060 -0.6578
vn 0.6337 0.4063 -0.6582
vn 0.2314 0.2484 -0.9406
vn 0.6831 0.2901 -0.6702
vn 0.7211 0.1690 -0.6719
vn -0.2186 0.9508 -0.2196
vn 0.6830 0.2901 -0.6703
vn 0.3379 0.0189 -0.9410
vn 0.2871 0.1348 -0.9484
vn 0.2867 0.1346 -0.9485
vn -0.0199 0.1767 -0.9841
vn 0.7593 0.4822 -0.4370
vn 0.7865 0.2919 0.5443
vn 0.8945 -0.3359 0.2951
vn 0.8945 -0.3358 0.2953
vn 0.8739 -0.1919 -0.4466
vn 0.8739 -0.1920 -0.4466
vn 0.2848 -0.4229 -0.8603
vn 0.2848 -0.4230 -0.8602
vn -0.2837 -0.7977 -0.5321
vn -0.2837 -0.7979 -0.5319
vn -0.2631 -0.9417 0.2098
vn -0.2631 -0.9417 0.2097
vn 0.3260 -0.7107 0.6234
vn 0.3259 -0.7107 0.6234
vn 0.0345 -0.2039 0.9784
vn -0.7446 -0.5094 0.4313
vn -0.7719 -0.3191 -0.5499
vn 0.8747 0.4406 -0.2021
vn 0.8747 0.4405 -0.2019
vn -0.0023 0.9817 0.1905
vn 0.9198 0.3239 -0.2216
vn 0.9501 0.2017 -0.2379
vn 0.9197 0.3239 -0.2220
vn 0.8888 0.3422 0.3049
vn 0.8888 0.3420 0.3049
vn 0.9635 0.1083 0.2450
vn 0.9336 0.2271 0.2773
vn 0.9336 0.2270 0.2771
vn 0.6728 0.1374 0.7269
vn 0.6723 0.1376 0.7274
vn -0.1967 0.7976 0.5702
vn 0.7208 0.0258 0.6927
vn 0.7209 0.0257 0.6925
vn 0.7577 -0.0867 0.6469
vn 0.2838 -0.1185 0.9515
vn 0.2840 -0.1187 0.9514
vn 0.3386 -0.2264 0.9133
vn 0.3876 -0.3305 0.8605
vn 0.3387 -0.2264 0.9133
vn -0.1728 -0.3574 0.9178
vn -0.5751 -0.5156 0.6351
vn -0.5752 -0.5156 0.6350
vn -0.1726 -0.3578 0.9177
vn -0.5071 -0.6169 0.6019
vn -0.4308 -0.7084 0.5592
vn -0.6075 0.5826 0.5400
vn -0.5069 -0.6167 0.6023
vn -0.0471 -0.5582 0.8283
vn -0.1109 -0.4614 0.8802
vn -0.1109 -0.4616 0.8801
vn 0.8642 0.3918 0.3158
vn 0.8666 0.4952 -0.0610
vn 0.7116 0.2629 0.6515
vn -0.1993 -0.3095 0.9298
vn 0.1361 -0.1166 0.9838
vn -0.5229 -0.4209 0.7412
vn 0.4945 -0.8671 -0.0603
vn 0.4949 -0.8669 -0.0604
vn 0.4942 -0.8673 -0.0602
vn 0.5287 -0.7198 0.4498
vn 0.5293 -0.8232 0.2052
vn 0.4949 -0.8668 -0.0606
vn 0.4948 -0.8669 -0.0605
vn 0.4796 -0.8748 -0.0688
vn 0.3091 -0.8443 0.4378
vn -0.4753 0.8509 0.2239
vn 0.3989 -0.8960 0.1953
vn 0.4526 -0.8895 -0.0634
vn 0.4051 -0.9092 -0.0962
vn 0.1897 -0.8995 0.3936
vn 0.4258 -0.9018 -0.0736
vn 0.3139 -0.9351 0.1643
vn -0.0074 -0.9676 0.2526
vn -0.0073 -0.9676 0.2526
vn 0.3894 -0.9156 -0.1001
vn 0.3885 -0.9161 -0.0995
vn 0.3893 -0.9155 -0.1010
vn 0.3889 -0.9159 -0.0998
vn 0.3886 -0.9161 -0.0984
vn 0.3880 -0.9163 -0.0993
vn 0.1966 -0.9770 0.0829
vn 0.3579 -0.9207 -0.1557
vn 0.3597 -0.9200 -0.1559
vn 0.3558 -0.9216 -0.1553
vn 0.3646 -0.9150 -0.1726
vn 0.1017 -0.9904 -0.0932
vn -0.1516 -0.9882 -0.0204
vn 0.3586 -0.9204 -0.1560
vn 0.3623 -0.9187 -0.1570
vn 0.3607 -0.9196 -0.1560
vn -0.1594 -0.9496 -0.2698
vn -0.5056 0.8467 0.1658
vn 0.3584 -0.9113 -0.2028
vn 0.1008 -0.9655 -0.2401
vn 0.3820 -0.8833 -0.2718
vn 0.3829 -0.8831 -0.2710
vn 0.3822 -0.8832 -0.2716
vn 0.3824 -0.8887 -0.2529
vn -0.0269 -0.7990 -0.6008
vn 0.1847 -0.8729 -0.4517
vn 0.3828 -0.8833 -0.2708
vn 0.3834 -0.8832 -0.2702
vn 0.3827 -0.8832 -0.2711
vn 0.3621 -0.9027 -0.2323
vn -0.1314 -0.9075 -0.3989
vn 0.1184 -0.9358 -0.3320
vn -0.7242 -0.2395 -0.6467
vn 0.4317 -0.8516 -0.2974
vn 0.4315 -0.8514 -0.2984
vn 0.4325 -0.8513 -0.2970
vn 0.2062 -0.6455 -0.7354
vn 0.3322 -0.7745 -0.5384
vn 0.4317 -0.8515 -0.2978
vn 0.4308 -0.8517 -0.2985
vn 0.4316 -0.8512 -0.2986
vn 0.4474 -0.8458 -0.2906
vn 0.4338 -0.5335 -0.7261
vn -0.4566 0.8790 0.1377
vn 0.4655 -0.7081 -0.5310
vn 0.4731 -0.8303 -0.2946
vn 0.5219 -0.8114 -0.2631
vn 0.5525 -0.4786 -0.6824
vn 0.5004 -0.8173 -0.2856
vn 0.5502 -0.6693 -0.4994
vn 0.7438 -0.3971 -0.5377
vn 0.5367 -0.8029 -0.2594
vn 0.5367 -0.8029 -0.2595
vn 0.6641 -0.6209 -0.4164
vn 0.5667 -0.7985 -0.2031
vn 0.5664 -0.7987 -0.2031
vn 0.5670 -0.7982 -0.2034
vn 0.5623 -0.8056 -0.1869
vn 0.7577 -0.6068 -0.2401
vn 0.8872 -0.3774 -0.2653
vn 0.5663 -0.7988 -0.2031
vn 0.5657 -0.7992 -0.2030
vn 0.5660 -0.7990 -0.2032
vn 0.9032 -0.4289 -0.0180
vn 0.5689 -0.8074 -0.1565
vn 0.7637 -0.6386 -0.0949
vn 0.5425 -0.8355 -0.0869
vn 0.5428 -0.8352 -0.0880
vn 0.5429 -0.8352 -0.0877
vn 0.5447 -0.8319 -0.1062
vn 0.7612 -0.5666 0.3156
vn 0.6793 -0.7242 0.1186
vn 0.5427 -0.8352 -0.0883
vn 0.5429 -0.8351 -0.0889
vn 0.5430 -0.8352 -0.0877
vn 0.5624 -0.8170 -0.1271
vn 0.8747 -0.4718 0.1114
vn 0.7448 -0.6673 -0.0030
vn 0.7023 0.0722 0.7082
vn -0.1888 -0.0549 -0.9805
vn -0.1886 -0.0548 -0.9805
vn -0.4805 0.8750 0.0591
vn -0.0593 -0.2699 -0.9611
vn -0.0596 -0.2692 -0.9612
vn -0.0588 -0.2703 -0.9610
vn 0.0765 -0.4693 -0.8797
vn -0.0585 -0.2712 -0.9607
vn -0.0591 -0.2702 -0.9610
vn -0.0585 -0.2707 -0.9609
vn 0.5082 -0.6518 -0.5630
vn 0.1448 0.1205 -0.9821
vn 0.3548 -0.3325 -0.8738
vn 0.2631 -0.1070 -0.9588
vn 0.3842 0.2303 -0.8941
vn -0.3995 0.9124 0.0887
vn 0.4700 -0.0115 -0.8826
vn 0.5313 -0.2495 -0.8096
vn 0.9031 0.3723 -0.2139
vn 0.9035 0.3716 -0.2135
vn 0.6639 0.3383 -0.6669
vn 0.6636 0.3389 -0.6669
vn 0.6638 0.3386 -0.6668
vn 0.6635 0.3391 -0.6669
vn 0.6634 0.3394 -0.6669
vn 0.6637 0.3388 -0.6669
vn 0.7643 -0.1521 -0.6267
vn 0.7375 0.0984 -0.6681
vn 0.7371 0.0988 -0.6685
vn 0.7376 0.0983 -0.6680
vn 0.7382 0.0978 -0.6674
vn 0.7376 0.0984 -0.6681
vn 0.7380 0.0980 -0.6676
vn 0.9027 0.3731 -0.2141
vn 0.9030 0.3727 -0.2139
vn 0.9032 0.3723 -0.2137
vn -0.3559 0.9186 0.1716
vn 0.9575 -0.1234 -0.2607
vn 0.9606 0.1299 -0.2455
vn 0.9606 0.1300 -0.2458
vn 0.7911 -0.6111 -0.0273
vn 0.9817 -0.1855 0.0419
vn 0.9378 0.3100 0.1560
vn 0.9922 0.0632 0.1073
vn 0.7025 0.0717 0.7081
vn 0.8820 0.2256 0.4138
vn 0.7735 -0.1507 0.6156
vn 0.7719 -0.1502 0.6178
vn 0.7727 -0.1506 0.6167
vn 0.7956 -0.3667 0.4822
vn -0.3748 0.8901 0.2592
vn 0.7739 -0.1508 0.6150
vn 0.7730 -0.1507 0.6162
vn 0.7745 -0.1511 0.6142
vn 0.9397 -0.2488 0.2346
vn 0.9434 -0.0094 0.3316
vn -0.5566 -0.5454 0.6266
vn 0.6500 0.1821 0.7378
vn 0.2607 -0.0745 0.9625
vn 0.1754 -0.1899 0.9660
vn 0.8891 0.4078 -0.2080
vn 0.8783 0.4736 -0.0656
vn 0.7495 0.1887 0.6345
vn -0.1118 -0.9335 0.3406
vn -0.4280 -0.5761 0.6964
vn 0.5075 -0.6476 0.5683
vn 0.2210 -0.2763 0.9353
vn 0.7876 -0.4631 0.4065
vn 0.7878 0.0973 0.6082
vn 0.8834 -0.4669 0.0398
vn 0.9333 -0.2446 -0.2631
vn 0.9406 0.3263 -0.0938
vn 0.1068 -0.5107 -0.8531
vn -0.0412 -0.3233 -0.9454
vn 0.0386 -0.4155 -0.9088
vn 0.1069 -0.5110 -0.8529
vn 0.3950 -0.6655 -0.6333
vn 0.3964 -0.0939 -0.9133
vn 0.4231 -0.2145 -0.8803
vn 0.4561 -0.3281 -0.8273
vn 0.7639 -0.2073 -0.6111
vn 0.7722 -0.5176 -0.3684
vn 0.7641 -0.2071 -0.6109
vn 0.7621 -0.0815 -0.6423
vn 0.7382 0.0401 -0.6734
vn 0.9690 0.0728 -0.2362
vn 0.9478 -0.1810 -0.2624
vn 0.9477 -0.1810 -0.2627
vn 0.9645 -0.0526 -0.2587
vn 0.7932 -0.4127 0.4478
vn 0.9585 -0.2563 0.1250
vn 0.7854 -0.6098 0.1065
vn 0.7737 -0.2066 0.5990
vn 0.7944 -0.3078 0.5236
vn 0.7934 -0.4125 0.4477
vn 0.9809 -0.0105 0.1944
vn 0.9585 -0.2562 0.1250
vn 0.9764 -0.1355 0.1682
vn 0.7599 -0.2693 -0.5916
vn 0.5892 0.2762 -0.7593
vn 0.4964 -0.5222 -0.6934
vn 0.1407 -0.5551 -0.8198
vn -0.0594 -0.0236 -0.9980
vn -0.1395 -0.7401 -0.6579
vn -0.6263 -0.3974 -0.6707
vn -0.2855 -0.9583 0.0117
vn 0.1942 0.3190 -0.9277
vn 0.6492 0.3735 -0.6625
vn -0.8675 -0.4936 0.0613
vn -0.8675 -0.4937 0.0611
vn -0.6387 -0.2030 -0.7422
vn -0.2495 0.0536 -0.9669
vn -0.1087 0.0661 -0.9919
vn -0.7965 -0.5797 0.1721
vn -0.6828 -0.3125 -0.6604
vn -0.5730 -0.3104 -0.7585
vn -0.5745 -0.3095 -0.7577
vn -0.5737 -0.3098 -0.7582
vn 0.3167 -0.1822 0.9309
vn 0.3166 -0.1824 0.9309
vn -0.4455 0.8435 0.2999
vn 0.4127 -0.3887 0.8238
vn 0.4127 -0.3891 0.8236
vn 0.4131 -0.3884 0.8237
vn 0.4844 -0.5714 0.6624
vn 0.4132 -0.3878 0.8239
vn 0.4129 -0.3885 0.8237
vn 0.4133 -0.3882 0.8237
vn 0.3343 -0.9123 0.2365
vn -0.0136 -0.3640 0.9313
vn 0.2147 -0.7260 0.6534
vn 0.2147 -0.7260 0.6533
vn 0.1002 -0.5654 0.8187
vn -0.2516 -0.4754 0.8430
vn -0.5263 0.8063 0.2699
vn -0.1071 -0.6613 0.7425
vn 0.0358 -0.8083 0.5876
vn -0.7761 -0.6089 0.1642
vn -0.7748 -0.6105 0.1643
vn -0.7760 -0.6084 0.1663
vn -0.5368 -0.5763 0.6163
vn -0.5356 -0.5764 0.6172
vn -0.5362 -0.5761 0.6170
vn -0.5350 -0.5768 0.6173
vn -0.5345 -0.5766 0.6180
vn -0.5358 -0.5763 0.6171
vn -0.2043 -0.8895 0.4087
vn -0.3832 -0.7557 0.5311
vn -0.3834 -0.7554 0.5313
vn -0.3832 -0.7561 0.5306
vn -0.3829 -0.7569 0.5296
vn -0.3832 -0.7565 0.5300
vn -0.7741 -0.6119 0.1625
vn -0.7744 -0.6109 0.1645
vn -0.7755 -0.6096 0.1643
vn -0.5701 0.8000 0.1873
vn -0.3979 -0.9164 0.0437
vn -0.6067 -0.7877 0.1072
vn -0.6057 -0.7883 0.1079
vn -0.6065 -0.7877 0.1081
vn -0.6054 -0.7886 0.1079
vn -0.6051 -0.7886 0.1088
vn -0.6062 -0.7879 0.1081
vn 0.0520 -0.9527 -0.2994
vn -0.4117 -0.8725 -0.2630
vn -0.8070 -0.5532 -0.2068
vn -0.6287 -0.7370 -0.2482
vn -0.4176 -0.5078 -0.7535
vn -0.4155 -0.5093 -0.7536
vn -0.4200 -0.5069 -0.7528
vn -0.5741 -0.3096 -0.7580
vn -0.5749 -0.3093 -0.7575
vn -0.5757 -0.3089 -0.7571
vn -0.7512 -0.4689 -0.4645
vn -0.2338 -0.6746 -0.7002
vn -0.5511 0.8285 0.0997
vn -0.4188 -0.5074 -0.7531
vn -0.4209 -0.5065 -0.7525
vn -0.4232 -0.5051 -0.7522
vn -0.3675 -0.8105 -0.4560
vn -0.5820 -0.6627 -0.4713
vn 0.4962 -0.6086 0.6191
vn 0.4439 -0.4244 0.7892
vn 0.4673 -0.5234 0.7125
vn 0.4962 -0.6085 0.6193
vn 0.4213 -0.8497 0.3169
vn 0.0059 -0.6530 0.7573
vn -0.1608 -0.9120 0.3774
vn 0.1470 -0.7911 0.5938
vn 0.1470 -0.7913 0.5934
vn 0.0828 -0.7248 0.6840
vn 0.0441 -0.9977 0.0519
vn -0.2565 -0.8573 0.4464
vn -0.1610 -0.9120 0.3773
vn -0.3355 -0.7874 0.5172
vn -0.5664 -0.8202 0.0802
vn -0.3446 -0.9383 0.0287
vn -0.3440 -0.9385 0.0285
vn -0.4588 -0.8864 0.0622
vn -0.3444 -0.9384 0.0289
vn 0.0310 -0.9056 -0.4231
vn -0.3715 -0.5406 -0.7548
vn -0.2886 -0.6315 -0.7197
vn -0.1900 -0.7065 -0.6817
vn -0.1903 -0.7064 -0.6817
vn -0.3551 -0.8632 -0.3589
vn -0.3558 -0.8630 -0.3587
vn -0.3557 -0.8630 -0.3587
vn -0.3558 -0.8631 -0.3584
vn -0.5783 -0.7368 -0.3503
vn -0.4706 -0.8035 -0.3645
vn 0.2841 -0.1186 0.9514
vn 0.2840 -0.1186 0.9515
vn -0.4005 0.6783 0.6160
vn 0.3877 -0.3307 0.8604
vn 0.3386 -0.2263 0.9133
vn -0.1727 -0.3576 0.9177
vn -0.1727 -0.3577 0.9177
vn -0.0471 -0.5584 0.8282
vn -0.1109 -0.4615 0.8802
vn -0.1107 -0.4613 0.8803
vn -0.5753 -0.5156 0.6350
vn -0.7624 0.5364 0.3620
vn -0.5071 -0.6168 0.6020
vn -0.5070 -0.6168 0.6021
vn -0.4303 -0.7085 0.5593
vn -0.8157 -0.5500 0.1790
vn -0.8158 -0.5499 0.1793
vn -0.7439 -0.6504 0.1534
vn -0.7441 -0.6503 0.1530
vn -0.7435 -0.6509 0.1533
vn -0.6593 -0.7414 0.1248
vn -0.7433 -0.6510 0.1539
vn -0.7438 -0.6505 0.1536
vn -0.7438 -0.6506 0.1532
vn -0.8295 -0.4521 -0.3280
vn -0.8298 -0.4516 -0.3279
vn -0.6139 -0.2470 -0.7497
vn -0.6136 -0.2468 -0.7500
vn -0.8298 -0.4517 -0.3277
vn -0.5449 -0.3525 -0.7609
vn -0.4666 -0.4529 -0.7597
vn -0.7751 0.6248 -0.0941
vn -0.5450 -0.3524 -0.7608
vn -0.6728 -0.6478 -0.3574
vn -0.7573 -0.5541 -0.3456
vn -0.7576 -0.5538 -0.3455
vn -0.8767 -0.4762 -0.0680
vn -0.4583 -0.0801 -0.8852
vn 0.4257 0.3825 -0.8200
vn 0.6218 -0.2674 -0.7362
vn 0.6217 -0.2673 -0.7363
vn -0.0466 -0.6170 -0.7856
vn -0.0466 -0.6171 -0.7855
vn -0.3630 -0.9166 -0.1677
vn -0.0110 -0.8663 0.4994
vn -0.0109 -0.8663 0.4994
vn 0.6574 -0.5165 0.5487
vn 0.6574 -0.5166 0.5486
vn 0.9737 -0.2171 -0.0691
vn 0.8913 0.4491 0.0624
vn 0.4729 0.0529 0.8795
vn -0.4111 -0.4097 0.8143
vn -0.2250 0.0092 -0.9743
vn -0.2253 0.0093 -0.9742
vn -0.4258 0.8552 -0.2957
vn -0.1624 -0.1003 -0.9816
vn -0.0971 -0.2087 -0.9731
vn 0.2316 0.2483 -0.9406
vn 0.6342 0.4061 -0.6579
vn 0.2315 0.2483 -0.9406
vn 0.3379 0.0187 -0.9410
vn 0.2869 0.1346 -0.9485
vn 0.2870 0.1348 -0.9484
vn 0.6344 0.4062 -0.6577
vn -0.0638 0.9971 -0.0415
vn 0.6835 0.2899 -0.6699
vn 0.6835 0.2896 -0.6700
vn 0.6832 0.2901 -0.6702
vn 0.6828 0.2906 -0.6703
vn 0.6832 0.2901 -0.6701
vn 0.6829 0.2902 -0.6704
vn 0.7209 0.1690 -0.6722
vn 0.8747 0.4406 -0.2020
vn 0.8888 0.3422 0.3050
vn 0.8748 0.4403 -0.2021
vn 0.9501 0.2017 -0.2377
vn 0.9197 0.3239 -0.2218
vn 0.6726 0.1375 0.7271
vn 0.6723 0.1375 0.7274
vn 0.7210 0.0258 0.6925
vn 0.7207 0.0257 0.6927
vn 0.7575 -0.0866 0.6470
vn -0.0511 0.9087 0.4144
vn 0.9635 0.1081 0.2448
vn 0.7210 0.0257 0.6924
vn 0.7213 0.0256 0.6922
vn 0.9335 0.2272 0.2773
vn 0.9337 0.2270 0.2770
vn 0.6886 -0.3953 -0.6079
vn 0.6878 -0.3966 -0.6080
vn 0.6883 -0.3961 -0.6077
vn -0.1888 -0.9769 -0.0999
vn -0.1885 -0.9771 -0.0985
vn -0.1903 -0.9766 -0.0998
vn -0.1895 -0.9767 -0.1003
vn -0.1896 -0.9768 -0.0999
vn -0.1910 -0.9765 -0.0998
vn 0.3483 -0.9216 -0.1712
vn 0.3486 -0.9215 -0.1713
vn 0.3482 -0.9216 -0.1716
vn 0.3688 -0.8916 -0.2628
vn 0.3701 -0.8909 -0.2633
vn 0.3693 -0.8912 -0.2635
vn 0.0809 -0.9868 -0.1403
vn 0.0815 -0.9873 -0.1366
vn 0.0772 -0.9871 -0.1404
vn 0.3487 -0.9214 -0.1713
vn 0.3492 -0.9213 -0.1707
vn 0.3491 -0.9213 -0.1714
vn 0.0792 -0.9869 -0.1403
vn 0.0756 -0.9872 -0.1405
vn -0.0929 -0.8289 -0.5517
vn -0.0924 -0.8292 -0.5512
vn -0.0934 -0.8293 -0.5509
vn -0.0919 -0.8292 -0.5513
vn -0.0925 -0.8297 -0.5505
vn -0.0930 -0.8293 -0.5510
vn 0.4439 -0.8424 -0.3055
vn 0.4440 -0.8421 -0.3060
vn 0.4443 -0.8421 -0.3057
vn 0.1427 -0.8939 -0.4248
vn 0.1409 -0.8955 -0.4222
vn 0.1393 -0.8942 -0.4254
vn 0.1395 -0.8927 -0.4285
vn 0.1413 -0.8941 -0.4251
vn 0.1376 -0.8943 -0.4257
vn 0.3696 -0.8911 -0.2634
vn 0.3705 -0.8908 -0.2631
vn 0.3709 -0.8904 -0.2638
vn 0.2712 -0.5893 -0.7610
vn 0.2710 -0.5892 -0.7612
vn 0.6882 -0.3963 -0.6077
vn 0.6876 -0.3968 -0.6081
vn 0.6876 -0.3974 -0.6076
vn 0.5294 -0.8027 -0.2747
vn 0.5294 -0.8028 -0.2742
vn 0.5297 -0.8025 -0.2744
vn 0.6340 -0.6205 -0.4616
vn 0.6340 -0.6204 -0.4617
vn 0.6336 -0.6205 -0.4620
vn 0.5293 -0.8030 -0.2741
vn 0.5296 -0.8029 -0.2738
vn 0.5296 -0.8027 -0.2743
vn 0.6342 -0.6204 -0.4614
vn 0.6339 -0.6205 -0.4616
vn 0.4442 -0.8421 -0.3058
vn 0.4439 -0.8421 -0.3062
vn 0.4443 -0.8419 -0.3062
vn 0.3708 -0.7422 -0.5582
vn 0.3704 -0.7421 -0.5586
vn 0.5666 -0.7985 -0.2034
vn 0.5678 -0.7978 -0.2029
vn 0.5660 -0.7991 -0.2025
vn 0.8872 -0.3775 -0.2653
vn 0.7579 -0.6065 -0.2402
vn 0.5671 -0.7982 -0.2032
vn 0.5682 -0.7972 -0.2040
vn 0.5680 -0.7976 -0.2028
vn 0.5619 -0.8058 -0.1869
vn 0.9033 -0.4286 -0.0179
vn -0.4258 0.8834 0.1956
vn 0.7636 -0.6386 -0.0950
vn 0.5689 -0.8074 -0.1563
vn 0.5446 -0.8319 -0.1063
vn 0.8754 -0.4705 0.1111
vn 0.5626 -0.8169 -0.1271
vn 0.7450 -0.6671 -0.0035
vn 0.7612 -0.5662 0.3162
vn 0.5421 -0.8356 -0.0888
vn 0.5433 -0.8349 -0.0880
vn 0.5401 -0.8370 -0.0875
vn 0.5424 -0.8354 -0.0886
vn 0.5458 -0.8332 -0.0891
vn 0.5442 -0.8344 -0.0876
vn 0.6781 -0.7253 0.1190
vn 0.4948 -0.8669 -0.0612
vn 0.4943 -0.8671 -0.0611
vn 0.4950 -0.8667 -0.0614
vn 0.5289 -0.8235 0.2053
vn 0.5284 -0.7194 0.4508
vn 0.4945 -0.8670 -0.0610
vn 0.4940 -0.8674 -0.0605
vn 0.4941 -0.8673 -0.0610
vn 0.3088 -0.8439 0.4388
vn -0.4754 0.8509 0.2236
vn 0.4527 -0.8894 -0.0637
vn 0.3987 -0.8960 0.1956
vn 0.3882 -0.9162 -0.0995
vn 0.4051 -0.9092 -0.0961
vn -0.0102 -0.9675 0.2526
vn 0.1982 -0.9767 0.0827
vn 0.3882 -0.9161 -0.1000
vn 0.4260 -0.9017 -0.0736
vn 0.4260 -0.9017 -0.0737
vn 0.1880 -0.8993 0.3949
vn 0.3146 -0.9349 0.1644
vn -0.5371 -0.5758 0.6164
vn 0.9036 0.3715 -0.2132
vn 0.9038 0.3703 -0.2144
vn 0.9029 0.3728 -0.2140
vn 0.9025 0.3744 -0.2130
vn 0.9033 0.3721 -0.2135
vn 0.9026 0.3734 -0.2142
vn -0.3557 0.9187 0.1717
vn 0.9608 0.1300 -0.2449
vn 0.9609 0.1294 -0.2448
vn 0.9607 0.1301 -0.2454
vn 0.9568 -0.1248 -0.2624
vn 0.9605 0.1306 -0.2456
vn 0.9608 0.1300 -0.2450
vn 0.9606 0.1301 -0.2456
vn 0.9374 0.3112 0.1567
vn 0.9816 -0.1862 0.0421
vn 0.9923 0.0631 0.1067
vn 0.8822 0.2255 0.4134
vn -0.3748 0.8902 0.2590
vn 0.9432 -0.0096 0.3321
vn 0.9401 -0.2480 0.2340
vn 0.7012 0.0723 0.7093
vn 0.7022 0.0721 0.7083
vn 0.7018 0.0727 0.7086
vn 0.7025 0.0718 0.7080
vn 0.7031 0.0723 0.7074
vn 0.7020 0.0723 0.7085
vn 0.7949 -0.3671 0.4831
vn 0.7738 -0.1506 0.6153
vn 0.7743 -0.1503 0.6147
vn 0.7736 -0.1507 0.6155
vn 0.7728 -0.1513 0.6163
vn 0.7732 -0.1510 0.6159
vn 0.3164 -0.1827 0.9309
vn 0.3165 -0.1823 0.9309
vn 0.3167 -0.1819 0.9309
vn 0.3166 -0.1823 0.9309
vn 0.4122 -0.3885 0.8241
vn 0.4134 -0.3881 0.8237
vn 0.4128 -0.3881 0.8240
vn 0.4837 -0.5725 0.6620
vn 0.4139 -0.3881 0.8235
vn 0.4144 -0.3878 0.8233
vn 0.4132 -0.3881 0.8238
vn 0.3344 -0.9123 0.2366
vn -0.0140 -0.3645 0.9311
vn 0.2153 -0.7263 0.6528
vn 0.0997 -0.5658 0.8185
vn -0.2516 -0.4743 0.8436
vn -0.5369 -0.5760 0.6164
vn -0.5369 -0.5760 0.6165
vn -0.3826 -0.7560 0.5311
vn -0.3869 -0.7543 0.5304
vn -0.3847 -0.7554 0.5305
vn -0.2026 -0.8898 0.4089
vn -0.5263 0.8063 0.2700
vn -0.3816 -0.7563 0.5313
vn -0.3839 -0.7556 0.5307
vn -0.3795 -0.7574 0.5313
vn 0.0391 -0.8088 0.5868
vn -0.1087 -0.6615 0.7420
vn -0.7126 -0.2612 -0.6511
vn -0.8412 -0.5066 0.1889
vn -0.1394 -0.7400 -0.6580
vn -0.6259 -0.3975 -0.6709
vn -0.1289 -0.9342 -0.3325
vn -0.2852 -0.9584 0.0118
vn -0.7790 -0.6263 0.0311
vn -0.1118 -0.9336 0.3403
vn -0.4282 -0.5760 0.6963
vn 0.2585 -0.8790 0.4007
vn 0.9615 0.0749 -0.2645
vn 0.9645 -0.0527 -0.2587
vn 0.9478 -0.1809 -0.2627
vn 0.8362 -0.5336 -0.1267
vn 0.9750 -0.0194 0.2215
vn 0.9764 -0.1353 0.1683
vn 0.7933 -0.4125 0.4478
vn 0.7933 -0.4126 0.4477
vn 0.7943 -0.3078 0.5238
vn 0.7914 -0.1930 0.5800
vn 0.4190 -0.4386 0.7951
vn 0.4962 -0.6084 0.6193
vn 0.4961 -0.6087 0.6192
vn -0.1603 -0.9120 0.3776
vn 0.1471 -0.7914 0.5933
vn -0.3546 -0.7929 0.4956
vn -0.2560 -0.8575 0.4463
vn -0.1614 -0.9119 0.3774
vn -0.1617 -0.9120 0.3770
vn 0.0312 -0.6414 0.7666
vn 0.1468 -0.7911 0.5938
vn 0.0829 -0.7247 0.6840
vn 0.7875 -0.4631 0.4067
vn 0.7880 0.0975 0.6079
vn 0.8834 -0.4670 0.0399
vn 0.9333 -0.2446 -0.2628
vn 0.9406 0.3262 -0.0938
vn 0.7599 -0.2694 -0.5916
vn 0.5894 0.2761 -0.7592
vn 0.4964 -0.5222 -0.6935
vn 0.1406 -0.5554 -0.8196
vn 0.6875 0.1057 0.7184
vn 0.6115 0.4513 -0.6499
vn 0.5486 0.3696 -0.7499
vn 0.6643 0.3383 -0.6665
vn 0.6644 0.3385 -0.6663
vn -0.7728 -0.6129 0.1649
vn -0.7719 -0.6131 0.1679
vn -0.7748 -0.6105 0.1645
vn -0.7765 -0.6092 0.1613
vn -0.7736 -0.6119 0.1647
vn -0.7757 -0.6093 0.1643
vn -0.5699 0.8001 0.1873
vn -0.6054 -0.7886 0.1081
vn -0.6052 -0.7886 0.1087
vn -0.6058 -0.7882 0.1080
vn -0.3981 -0.9163 0.0438
vn -0.6061 -0.7881 0.1077
vn -0.6055 -0.7885 0.1081
vn -0.6060 -0.7881 0.1081
vn 0.0519 -0.9527 -0.2994
vn -0.8082 -0.5516 -0.2063
vn -0.4087 -0.8738 -0.2634
vn -0.6287 -0.7370 -0.2481
vn -0.7487 -0.4711 -0.4664
vn -0.5511 0.8285 0.0996
vn -0.5828 -0.6622 -0.4711
vn -0.3707 -0.8095 -0.4553
vn -0.5752 -0.3088 -0.7575
vn -0.5745 -0.3094 -0.7578
vn -0.5749 -0.3094 -0.7575
vn -0.5740 -0.3094 -0.7581
vn -0.5738 -0.3099 -0.7581
vn -0.5746 -0.3095 -0.7577
vn -0.4186 -0.5072 -0.7534
vn -0.4196 -0.5075 -0.7526
vn -0.2354 -0.6744 -0.6998
vn -0.4175 -0.5071 -0.7541
vn -0.4181 -0.5075 -0.7534
vn -0.4187 -0.5073 -0.7532
vn -0.1888 -0.0548 -0.9805
vn -0.4804 0.8751 0.0589
vn 0.0765 -0.4696 -0.8795
vn -0.0585 -0.2695 -0.9612
vn -0.0578 -0.2693 -0.9613
vn -0.0587 -0.2700 -0.9611
vn -0.0594 -0.2706 -0.9609
vn -0.0586 -0.2698 -0.9611
vn -0.0590 -0.2704 -0.9609
vn 0.5085 -0.6515 -0.5630
vn 0.3551 -0.3322 -0.8738
vn 0.2621 -0.1070 -0.9591
vn 0.1447 0.1204 -0.9821
vn 0.3824 0.2316 -0.8945
vn 0.6645 0.3387 -0.6661
vn 0.6648 0.3387 -0.6658
vn 0.7377 0.0979 -0.6680
vn 0.7372 0.0977 -0.6686
vn -0.3997 0.9123 0.0889
vn 0.7380 0.0978 -0.6677
vn 0.7381 0.0981 -0.6675
vn 0.5338 -0.2499 -0.8079
vn 0.4703 -0.0116 -0.8825
vn -0.3452 -0.9381 0.0288
vn -0.3449 -0.9382 0.0288
vn -0.3454 -0.9380 0.0290
vn -0.5590 -0.8220 0.1084
vn -0.4585 -0.8865 0.0622
vn -0.3447 -0.9383 0.0288
vn -0.0198 -0.9816 -0.1899
vn -0.5725 -0.7278 -0.3776
vn -0.1904 -0.7065 -0.6816
vn -0.3557 -0.8630 -0.3586
vn -0.3556 -0.8631 -0.3587
vn -0.4706 -0.8036 -0.3644
vn 0.1827 -0.7898 -0.5855
vn -0.2883 -0.6317 -0.7196
vn -0.1905 -0.7065 -0.6816
vn -0.3889 -0.5539 -0.7362
vn -0.0165 -0.3087 -0.9510
vn 0.1069 -0.5107 -0.8531
vn 0.0386 -0.4157 -0.9087
vn 0.1068 -0.5105 -0.8532
vn 0.6107 -0.5658 -0.5539
vn 0.7572 0.0459 -0.6515
vn 0.7622 -0.0814 -0.6423
vn 0.7640 -0.2074 -0.6109
vn 0.7637 -0.2072 -0.6114
vn 0.4563 -0.3280 -0.8272
vn 0.4559 -0.3280 -0.8274
vn 0.3716 -0.1056 -0.9224
vn 0.4231 -0.2147 -0.8803
vn -0.8155 -0.5502 0.1793
vn -0.8157 -0.5500 0.1792
vn -0.7437 -0.6506 0.1536
vn -0.6593 -0.7414 0.1250
vn -0.7438 -0.6505 0.1534
vn -0.8300 -0.4514 -0.3276
vn -0.8299 -0.4515 -0.3278
vn -0.6729 -0.6476 -0.3575
vn -0.7575 -0.5540 -0.3454
vn -0.7574 -0.5541 -0.3456
vn -0.6136 -0.2469 -0.7500
vn -0.6138 -0.2470 -0.7499
vn -0.6295 0.7358 -0.2497
vn -0.5449 -0.3525 -0.7608
vn -0.5446 -0.3525 -0.7610
vn -0.4670 -0.4528 -0.7596
vn -0.2251 0.0092 -0.9743
vn -0.1625 -0.1005 -0.9816
vn -0.0971 -0.2089 -0.9731
vn -0.1626 -0.1005 -0.9816
vn 0.2316 0.2484 -0.9406
vn 0.6341 0.4061 -0.6580
vn 0.6343 0.4063 -0.6577
vn 0.6832 0.2902 -0.6701
vn 0.6834 0.2900 -0.6700
vn 0.7212 0.1692 -0.6717
vn -0.2187 0.9508 -0.2195
vn 0.6829 0.2900 -0.6704
vn 0.6826 0.2902 -0.6707
vn 0.2869 0.1349 -0.9484
vn 0.7865 0.2919 0.5442
vn 0.8945 -0.3358 0.2952
vn 0.2848 -0.4229 -0.8602
vn -0.2837 -0.7978 -0.5320
vn -0.2839 -0.7978 -0.5319
vn -0.2631 -0.9417 0.2099
vn 0.3260 -0.7108 0.6233
vn 0.8745 0.4408 -0.2022
vn 0.8743 0.4412 -0.2022
vn 0.8747 0.4405 -0.2020
vn 0.8750 0.4400 -0.2020
vn -0.0025 0.9817 0.1905
vn 0.9198 0.3238 -0.2218
vn 0.9502 0.2017 -0.2378
vn 0.8889 0.3421 0.3048
vn 0.9636 0.1080 0.2447
vn 0.9336 0.2273 0.2770
vn 0.6728 0.1374 0.7270
vn 0.6724 0.1376 0.7273
vn 0.7212 0.0259 0.6922
vn -0.1968 0.7976 0.5701
vn 0.7208 0.0257 0.6927
vn 0.7575 -0.0868 0.6471
vn 0.2843 -0.1188 0.9513
vn -0.1726 -0.3575 0.9178
vn 0.2839 -0.1187 0.9515
vn 0.3877 -0.3306 0.8605
vn 0.3385 -0.2262 0.9134
vn 0.3384 -0.2263 0.9134
vn -0.5748 -0.5156 0.6355
vn -0.1727 -0.3579 0.9177
vn -0.5068 -0.6169 0.6021
vn -0.4304 -0.7087 0.5591
vn -0.6074 0.5826 0.5400
vn -0.0471 -0.5582 0.8284
vn -0.1108 -0.4612 0.8803
vn -0.1108 -0.4615 0.8802
vn 0.7180 0.2512 0.6492
vn 0.6896 -0.3945 -0.6073
vn 0.6877 -0.3962 -0.6084
vn 0.6888 -0.3957 -0.6075
vn -0.1933 -0.9761 -0.0998
vn -0.1928 -0.9762 -0.0997
vn -0.1927 -0.9761 -0.1003
vn 0.3502 -0.9209 -0.1711
vn 0.3493 -0.9212 -0.1712
vn 0.3501 -0.9208 -0.1720
vn 0.3688 -0.8916 -0.2627
vn 0.3702 -0.8909 -0.2632
vn 0.3693 -0.8912 -0.2634
vn 0.0787 -0.9869 -0.1406
vn 0.0786 -0.9870 -0.1403
vn 0.0791 -0.9869 -0.1406
vn 0.3498 -0.9211 -0.1708
vn 0.3492 -0.9213 -0.1711
vn 0.0791 -0.9869 -0.1407
vn 0.0788 -0.9869 -0.1405
vn 0.0791 -0.9869 -0.1404
vn -0.0955 -0.8281 -0.5524
vn -0.0950 -0.8290 -0.5511
vn -0.0963 -0.8287 -0.5513
vn -0.0943 -0.8291 -0.5510
vn -0.0950 -0.8297 -0.5500
vn -0.0957 -0.8288 -0.5512
vn 0.1381 -0.8944 -0.4255
vn 0.1367 -0.8956 -0.4234
vn 0.1409 -0.8940 -0.4253
vn 0.1434 -0.8927 -0.4272
vn 0.1393 -0.8943 -0.4253
vn 0.1420 -0.8939 -0.4252
vn 0.3706 -0.8908 -0.2632
vn 0.3711 -0.8903 -0.2638
vn 0.2707 -0.5889 -0.7616
vn 0.2708 -0.5892 -0.7613
vn 0.2706 -0.5886 -0.7618
vn 0.2701 -0.5889 -0.7618
vn 0.2707 -0.5891 -0.7614
vn 0.6882 -0.3961 -0.6079
vn 0.6872 -0.3967 -0.6086
vn 0.6866 -0.3981 -0.6083
vn 0.4444 -0.8420 -0.3060
vn 0.5280 -0.8033 -0.2756
vn 0.5289 -0.8033 -0.2740
vn 0.5287 -0.8031 -0.2748
vn 0.6337 -0.6206 -0.4619
vn 0.5293 -0.8030 -0.2740
vn 0.5299 -0.8027 -0.2736
vn 0.5288 -0.8030 -0.2748
vn 0.6339 -0.6207 -0.4615
vn 0.3702 -0.7422 -0.5586
vn 0.3697 -0.7425 -0.5586
vn 0.3706 -0.7423 -0.5582
vn 0.3713 -0.7421 -0.5580
vn 0.3704 -0.7423 -0.5584
vn 0.3708 -0.7424 -0.5580
vn 0.5678 -0.7978 -0.2028
vn 0.5662 -0.7991 -0.2020
vn 0.8878 -0.3766 -0.2644
vn 0.7566 -0.6079 -0.2408
vn 0.5671 -0.7982 -0.2030
vn 0.5680 -0.7973 -0.2041
vn 0.5682 -0.7975 -0.2028
vn 0.5618 -0.8058 -0.1869
vn 0.9033 -0.4285 -0.0181
vn -0.4258 0.8835 0.1954
vn 0.7633 -0.6391 -0.0949
vn 0.5712 -0.8058 -0.1563
vn 0.8753 -0.4705 0.1115
vn 0.5604 -0.8183 -0.1275
vn 0.7433 -0.6690 -0.0035
vn 0.7612 -0.5662 0.3160
vn 0.5418 -0.8359 -0.0880
vn 0.5425 -0.8354 -0.0882
vn 0.5415 -0.8361 -0.0875
vn 0.5422 -0.8356 -0.0883
vn 0.5431 -0.8349 -0.0890
vn 0.5426 -0.8353 -0.0885
vn 0.6787 -0.7249 0.1180
vn 0.4943 -0.8672 -0.0605
vn 0.4796 -0.8748 -0.0687
vn 0.5290 -0.8236 0.2047
vn 0.5285 -0.7195 0.4505
vn 0.4944 -0.8671 -0.0602
vn -0.4751 0.8510 0.2238
vn 0.4524 -0.8895 -0.0639
vn 0.3986 -0.8959 0.1965
vn 0.3986 -0.8958 0.1965
vn 0.3902 -0.9154 -0.0987
vn 0.3888 -0.9160 -0.0993
vn 0.3896 -0.9156 -0.0994
vn -0.0068 -0.9676 0.2525
vn 0.1965 -0.9771 0.0822
vn 0.3881 -0.9163 -0.0992
vn 0.3879 -0.9163 -0.0997
vn 0.3892 -0.9158 -0.0993
vn 0.4259 -0.9018 -0.0734
vn 0.1889 -0.8994 0.3943
vn 0.3130 -0.9352 0.1653
vn -0.5374 -0.5759 0.6161
vn -0.5362 -0.5760 0.6170
vn -0.5369 -0.5756 0.6167
vn 0.9031 0.3724 -0.2137
vn -0.3558 0.9186 0.1718
vn 0.9605 0.1304 -0.2458
vn 0.9577 -0.1238 -0.2599
vn 0.9577 -0.1238 -0.2600
vn 0.9605 0.1305 -0.2459
vn 0.7910 -0.6112 -0.0273
vn 0.9378 0.3100 0.1564
vn 0.9378 0.3101 0.1564
vn 0.9818 -0.1854 0.0421
vn 0.9922 0.0637 0.1075
vn 0.8824 0.2252 0.4132
vn -0.3749 0.8901 0.2593
vn 0.9433 -0.0096 0.3318
vn 0.9397 -0.2489 0.2346
vn 0.3169 -0.1819 0.9308
vn 0.3167 -0.1821 0.9309
vn 0.3172 -0.1817 0.9308
vn 0.7025 0.0730 0.7079
vn 0.7023 0.0723 0.7082
vn 0.7026 0.0726 0.7079
vn 0.7021 0.0721 0.7084
vn 0.7022 0.0716 0.7084
vn 0.7024 0.0724 0.7081
vn 0.7951 -0.3668 0.4830
vn 0.7734 -0.1508 0.6157
vn 0.7742 -0.1498 0.6149
vn 0.7725 -0.1520 0.6165
vn 0.7735 -0.1508 0.6155
vn 0.7730 -0.1514 0.6160
vn 0.3162 -0.1825 0.9310
vn -0.4455 0.8435 0.3000
vn 0.4843 -0.5722 0.6619
vn 0.4135 -0.3882 0.8236
vn 0.3342 -0.9123 0.2365
vn 0.2153 -0.7262 0.6529
vn -0.0136 -0.3644 0.9311
vn 0.1001 -0.5662 0.8182
vn -0.5365 -0.5758 0.6169
vn -0.5359 -0.5761 0.6172
vn -0.5354 -0.5760 0.6177
vn -0.2527 -0.4742 0.8434
vn -0.3842 -0.7560 0.5300
vn -0.3823 -0.7567 0.5303
vn -0.3832 -0.7560 0.5307
vn -0.2044 -0.8894 0.4088
vn -0.5263 0.8062 0.2703
vn -0.3845 -0.7560 0.5298
vn -0.3836 -0.7561 0.5303
vn -0.3854 -0.7551 0.5303
vn 0.0374 -0.8089 0.5868
vn -0.1066 -0.6622 0.7417
vn -0.8676 -0.4936 0.0614
vn -0.8412 -0.5066 0.1888
vn -0.4820 -0.4935 0.7240
vn -0.1394 -0.7401 -0.6579
vn -0.7790 -0.6263 0.0312
vn -0.1118 -0.9336 0.3404
vn -0.4281 -0.5761 0.6963
vn 0.2585 -0.8791 0.4006
vn 0.9614 0.0749 -0.2647
vn 0.9645 -0.0526 -0.2589
vn 0.9477 -0.1812 -0.2626
vn 0.9749 -0.0193 0.2217
vn 0.7933 -0.4128 0.4474
vn 0.7943 -0.3077 0.5238
vn 0.7914 -0.1932 0.5800
vn 0.7931 -0.4125 0.4480
vn 0.4194 -0.4385 0.7949
vn 0.4962 -0.6086 0.6192
vn 0.4963 -0.6086 0.6191
vn -0.1606 -0.9122 0.3771
vn 0.2056 -0.9494 0.2374
vn -0.3547 -0.7929 0.4955
vn -0.2564 -0.8574 0.4463
vn -0.1605 -0.9120 0.3774
vn 0.0311 -0.6417 0.7663
vn 0.0828 -0.7245 0.6842
vn 0.1471 -0.7915 0.5932
vn 0.7875 -0.4630 0.4068
vn 0.8834 -0.4670 0.0398
vn 0.9333 -0.2447 -0.2630
vn 0.5897 0.2762 -0.7589
vn 0.4964 -0.5223 -0.6934
vn 0.1406 -0.5555 -0.8195
vn 0.5487 0.3697 -0.7499
vn 0.6629 0.3397 -0.6672
vn 0.6640 0.3390 -0.6665
vn 0.6633 0.3390 -0.6671
vn -0.7741 -0.6113 0.1647
vn -0.7737 -0.6114 0.1660
vn -0.7750 -0.6101 0.1645
vn -0.7759 -0.6095 0.1629
vn -0.7745 -0.6107 0.1646
vn -0.7755 -0.6096 0.1644
vn -0.5701 0.7999 0.1872
vn -0.6076 -0.7869 0.1080
vn -0.6090 -0.7859 0.1070
vn -0.6060 -0.7881 0.1079
vn -0.3951 -0.9176 0.0439
vn -0.6040 -0.7895 0.1090
vn -0.6068 -0.7875 0.1080
vn -0.6053 -0.7887 0.1079
vn 0.0515 -0.9527 -0.2994
vn -0.8070 -0.5531 -0.2069
vn -0.4116 -0.8725 -0.2632
vn -0.7512 -0.4687 -0.4647
vn -0.5510 0.8285 0.0997
vn -0.5804 -0.6636 -0.4720
vn -0.3678 -0.8105 -0.4558
vn -0.5745 -0.3090 -0.7579
vn -0.5742 -0.3097 -0.7579
vn -0.5747 -0.3095 -0.7576
vn -0.5741 -0.3098 -0.7579
vn -0.5742 -0.3104 -0.7576
vn -0.5746 -0.3096 -0.7576
vn -0.2356 -0.6742 -0.6999
vn -0.4179 -0.5071 -0.7538
vn -0.4170 -0.5086 -0.7533
vn -0.4194 -0.5069 -0.7531
vn -0.4205 -0.5053 -0.7536
vn -0.4185 -0.5070 -0.7535
vn -0.4200 -0.5068 -0.7528
vn -0.1878 -0.0549 -0.9807
vn -0.1884 -0.0550 -0.9806
vn -0.1890 -0.0550 -0.9804
vn -0.1883 -0.0548 -0.9806
vn -0.4804 0.8751 0.0591
vn -0.0580 -0.2704 -0.9610
vn -0.0584 -0.2701 -0.9611
vn 0.0762 -0.4693 -0.8798
vn -0.0589 -0.2699 -0.9611
vn 0.5082 -0.6517 -0.5631
vn 0.1448 0.1210 -0.9820
vn 0.3549 -0.3320 -0.8740
vn 0.2628 -0.1072 -0.9589
vn 0.7381 0.0983 -0.6675
vn 0.7384 0.0981 -0.6671
vn 0.7377 0.0977 -0.6681
vn 0.3834 0.2313 -0.8942
vn 0.6637 0.3390 -0.6668
vn 0.6643 0.3390 -0.6662
vn 0.6649 0.3383 -0.6660
vn 0.7651 -0.1515 -0.6259
vn -0.3996 0.9124 0.0891
vn 0.7378 0.0986 -0.6678
vn 0.7375 0.0977 -0.6682
vn 0.7370 0.0975 -0.6689
vn 0.5325 -0.2496 -0.8088
vn 0.4698 -0.0116 -0.8827
vn -0.3448 -0.9382 0.0287
vn -0.5588 -0.8222 0.1082
vn -0.4587 -0.8864 0.0624
vn -0.3448 -0.9382 0.0289
vn -0.5725 -0.7279 -0.3774
vn -0.3557 -0.8630 -0.3589
vn -0.3557 -0.8630 -0.3588
vn -0.4703 -0.8038 -0.3644
vn -0.1899 -0.7066 -0.6817
vn 0.1828 -0.7899 -0.5854
vn -0.1899 -0.7066 -0.6816
vn -0.2887 -0.6313 -0.7198
vn -0.3886 -0.5541 -0.7362
vn -0.0165 -0.3084 -0.9511
vn 0.0386 -0.4156 -0.9087
vn 0.6108 -0.5659 -0.5538
vn 0.7572 0.0456 -0.6516
vn 0.7622 -0.0814 -0.6422
vn 0.4561 -0.3280 -0.8273
vn 0.3712 -0.1055 -0.9225
vn 0.4560 -0.3279 -0.8274
vn 0.4232 -0.2146 -0.8802
vn -0.8157 -0.5501 0.1793
vn -0.7436 -0.6508 0.1535
vn -0.6594 -0.7413 0.1252
vn -0.7440 -0.6503 0.1534
vn -0.8296 -0.4520 -0.3279
vn -0.7575 -0.5539 -0.3455
vn -0.7576 -0.5538 -0.3453
vn -0.6137 -0.2470 -0.7499
vn -0.6135 -0.2470 -0.7501
vn -0.6294 0.7359 -0.2497
vn -0.5448 -0.3524 -0.7609
vn -0.4671 -0.4529 -0.7594
vn -0.2252 0.0092 -0.9743
vn -0.0970 -0.2088 -0.9731
vn -0.1627 -0.1004 -0.9816
vn 0.2315 0.2482 -0.9406
vn 0.6346 0.4058 -0.6577
vn 0.6343 0.4062 -0.6578
vn 0.6348 0.4059 -0.6575
vn 0.6341 0.4061 -0.6581
vn 0.6336 0.4063 -0.6584
vn 0.6338 0.4064 -0.6581
vn 0.2317 0.2483 -0.9406
vn 0.6830 0.2900 -0.6704
vn 0.6835 0.2899 -0.6700
vn 0.7212 0.1691 -0.6717
vn -0.2186 0.9508 -0.2195
vn 0.6832 0.2900 -0.6702
vn 0.3376 0.0187 -0.9411
vn 0.2869 0.1348 -0.9484
vn 0.8945 -0.3359 0.2952
vn 0.8944 -0.3359 0.2952
vn 0.8739 -0.1920 -0.4467
vn -0.2838 -0.7978 -0.5320
vn -0.2631 -0.9417 0.2096
vn -0.2632 -0.9417 0.2098
vn 0.3259 -0.7107 0.6235
vn 0.9198 0.3238 -0.2217
vn 0.9501 0.2019 -0.2378
vn 0.9197 0.3241 -0.2218
vn 0.8888 0.3421 0.3049
vn 0.9635 0.1081 0.2447
vn 0.9336 0.2271 0.2772
vn 0.9336 0.2273 0.2771
vn 0.6728 0.1375 0.7270
vn 0.6727 0.1375 0.7270
vn -0.1968 0.7977 0.5701
vn 0.7209 0.0257 0.6926
vn 0.7579 -0.0868 0.6466
vn 0.2842 -0.1187 0.9514
vn 0.3385 -0.2263 0.9133
vn 0.3878 -0.3307 0.8604
vn -0.1726 -0.3579 0.9177
vn -0.5748 -0.5157 0.6354
vn -0.5751 -0.5157 0.6350
vn -0.1726 -0.3576 0.9178
vn -0.5071 -0.6167 0.6021
vn -0.4304 -0.7086 0.5591
vn -0.6075 0.5827 0.5398
vn -0.5069 -0.6169 0.6020
vn -0.0472 -0.5585 0.8282
vn -0.1109 -0.4617 0.8801
vn -0.0531 -0.9812 0.1858
vn 0.2023 -0.9703 0.1326
vn 0.2632 -0.9405 0.2149
vn 0.3443 -0.8969 0.2776
vn 0.7252 -0.6799 -0.1092
vn 0.7334 -0.6522 -0.1917
vn 0.7240 -0.6296 -0.2817
vn 0.5823 -0.7895 -0.1940
vn 0.7439 -0.6056 -0.2826
vn 0.8600 -0.3791 -0.3415
vn 0.2944 -0.9544 -0.0487
vn 0.3764 -0.9211 -0.0992
vn 0.1645 -0.9856 0.0398
vn 0.2241 -0.8369 0.4994
vn -0.0527 -0.9812 0.1856
vn -0.0524 -0.9812 0.1857
vn 0.3451 -0.9384 -0.0187
vn 0.0180 -0.9601 0.2790
vn 0.2472 -0.8584 0.4494
vn 0.3941 -0.9190 -0.0005
vn 0.1302 -0.9193 0.3713
vn 0.3361 -0.8218 0.4602
vn 0.4409 -0.8975 0.0076
vn 0.2556 -0.8648 0.4322
vn 0.4326 -0.9000 -0.0537
vn 0.1658 -0.3623 0.9172
vn 0.3649 -0.8138 0.4524
vn 0.4276 -0.8798 0.2077
vn 0.4848 -0.8746 0.0052
vn 0.4894 -0.8706 -0.0498
vn 0.4296 -0.7793 0.4562
vn 0.4685 -0.8580 0.2105
vn 0.4681 -0.8824 -0.0477
vn 0.3304 -0.1660 0.9291
vn 0.5121 -0.8340 0.2056
vn 0.4993 -0.7409 0.4491
vn 0.5253 -0.8509 -0.0068
vn 0.5190 -0.8527 -0.0587
vn 0.5613 -0.7039 0.4353
vn 0.5511 -0.8108 0.1972
vn 0.5009 -0.8640 -0.0515
vn 0.5083 -0.0177 0.8610
vn 0.6255 -0.6642 0.4094
vn 0.5917 -0.7857 0.1806
vn 0.5614 -0.8271 -0.0274
vn 0.6807 -0.6279 0.3773
vn 0.5450 -0.8349 -0.0770
vn 0.6264 -0.7627 0.1609
vn 0.5296 -0.8458 -0.0646
vn 0.6869 0.0696 0.7234
vn 0.7357 -0.5889 0.3344
vn 0.6609 -0.7385 0.1337
vn 0.5657 -0.8180 -0.1037
vn 0.6891 -0.7173 0.1035
vn 0.5921 -0.8039 -0.0569
vn 0.7808 -0.5550 0.2868
vn 0.5523 -0.8292 -0.0861
vn 0.8229 -0.5198 0.2294
vn 0.8469 0.0874 0.5246
vn 0.7163 -0.6945 0.0674
vn 0.6165 -0.7817 -0.0939
vn 0.5794 -0.8032 -0.1384
vn 0.7356 -0.6767 0.0297
vn 0.8545 -0.4911 0.1694
vn 0.5696 -0.8141 -0.1133
vn 0.5959 -0.7613 -0.2555
vn 0.8817 -0.4610 0.1006
vn 0.7704 -0.6303 -0.0960
vn 0.9596 0.0324 0.2796
vn 0.7530 -0.6579 -0.0135
vn 0.5784 -0.8067 -0.1208
vn 0.5623 -0.7487 -0.3511
vn 0.7655 -0.6076 -0.2117
vn 0.7699 -0.6316 -0.0914
vn 0.9962 -0.0839 0.0255
vn 0.5848 -0.7958 -0.1570
vn 0.4479 -0.7201 -0.5300
vn 0.9536 -0.2322 -0.1914
vn 0.7151 -0.5968 -0.3641
vn 0.7679 -0.6125 -0.1876
vn 0.7994 0.5002 -0.3327
vn 0.8848 0.4484 -0.1267
vn 0.7777 0.5440 -0.3149
vn 0.9216 0.3785 0.0858
vn 0.8204 0.5668 -0.0756
vn 0.9100 0.2929 0.2935
vn 0.8157 0.5541 0.1662
vn 0.8522 0.1950 0.4855
vn 0.7639 0.5093 0.3963
vn 0.7523 0.0885 0.6529
vn 0.6683 0.4365 0.6023
vn 0.6159 -0.0219 0.7875
vn 0.5340 0.3415 0.7734
vn 0.4498 -0.1314 0.8834
vn 0.3684 0.2300 0.9008
vn 0.2617 -0.2351 0.9361
vn 0.1804 0.1083 0.9776
vn 0.0600 -0.3275 0.9429
vn -0.0199 -0.0172 0.9997
vn -0.1462 -0.4035 0.9032
vn -0.2211 -0.1404 0.9651
vn -0.3472 -0.4580 0.8183
vn -0.4117 -0.2552 0.8748
vn -0.5333 -0.4866 0.6919
vn -0.5797 -0.3563 0.7328
vn -0.6952 -0.4852 0.5304
vn -0.7135 -0.4392 0.5459
vn 0.6780 0.1390 -0.7218
vn 0.5036 0.1281 -0.8544
vn 0.3080 0.0882 -0.9473
vn -0.5203 -0.8262 -0.2162
vn -0.5390 -0.8423 -0.0049
vn -0.5194 -0.8274 0.2136
vn -0.3673 -0.9217 0.1249
vn -0.5664 -0.7918 0.2286
vn -0.7323 -0.6082 0.3063
vn 0.7500 0.3689 -0.5490
vn 0.8296 -0.1397 -0.5407
vn 0.8202 0.1194 -0.5595
vn 0.7499 0.3688 -0.5492
vn 0.8332 -0.0915 -0.5454
vn 0.3734 0.2499 -0.8934
vn 0.7113 -0.1882 -0.6772
vn 0.6308 0.3364 -0.6993
vn 0.3471 0.2302 -0.9091
vn 0.5731 -0.2858 -0.7680
vn 0.4641 0.2761 -0.8416
vn 0.2102 0.1659 -0.9635
vn 0.4271 -0.3833 -0.8190
vn 0.2768 0.1957 -0.9408
vn 0.3750 -0.3177 -0.8709
vn -0.1747 0.5257 -0.8325
vn 0.1346 0.1272 -0.9827
vn 0.2472 -0.1074 -0.9630
vn 0.2797 -0.4796 -0.8317
vn 0.2491 -0.3808 -0.8905
vn 0.0363 0.0774 -0.9963
vn 0.1552 -0.1536 -0.9759
vn 0.2053 -0.4053 -0.8908
vn -0.3739 0.4655 -0.8022
vn 0.0571 -0.2065 -0.9768
vn -0.0691 0.0205 -0.9974
vn 0.0863 -0.4717 -0.8775
vn 0.1364 -0.5726 -0.8084
vn -0.1655 -0.0337 -0.9856
vn -0.0328 -0.2567 -0.9659
vn 0.0417 -0.4981 -0.8661
vn -0.5491 0.3839 -0.7424
vn -0.2658 -0.0931 -0.9595
vn -0.1262 -0.3128 -0.9414
vn 0.0022 -0.6606 -0.7507
vn -0.0660 -0.5654 -0.8222
vn -0.3548 -0.1490 -0.9230
vn -0.2095 -0.3645 -0.9073
vn -0.1062 -0.5920 -0.7989
vn -0.2934 -0.4199 -0.8588
vn -0.6990 0.2851 -0.6558
vn -0.4452 -0.2082 -0.8709
vn -0.1992 -0.6575 -0.7266
vn -0.3649 -0.4702 -0.8036
vn -0.5222 -0.2624 -0.8115
vn -0.1186 -0.7410 -0.6610
vn -0.2324 -0.6820 -0.6935
vn -0.5967 -0.3182 -0.7367
vn -0.4350 -0.5219 -0.7338
vn -0.8220 0.1701 -0.5435
vn -0.3067 -0.7427 -0.5953
vn -0.4915 -0.5681 -0.6601
vn -0.6573 -0.3677 -0.6579
vn -0.2223 -0.8105 -0.5419
vn -0.3303 -0.7627 -0.5560
vn -0.7127 -0.4170 -0.5640
vn -0.5434 -0.6139 -0.5727
vn -0.9129 0.0389 -0.4064
vn -0.3050 -0.8660 -0.3963
vn -0.3810 -0.8161 -0.4346
vn -0.5812 -0.6536 -0.4848
vn -0.7541 -0.4591 -0.4697
vn -0.3941 -0.8302 -0.3943
vn -0.4265 -0.8905 -0.1584
vn -0.7875 -0.4993 -0.3614
vn -0.9634 -0.1090 -0.2447
vn -0.6361 -0.7335 -0.2396
vn -0.6129 -0.6905 -0.3842
vn -0.4205 -0.8744 -0.2420
vn -0.3908 -0.9158 0.0930
vn -0.9601 -0.2723 -0.0635
vn -0.6286 -0.7777 -0.0047
vn -0.6398 -0.7443 -0.1916
vn -0.4125 -0.9092 -0.0569
vn -0.2418 -0.8658 0.4381
vn -0.8868 -0.4441 0.1276
vn -0.5514 -0.7891 0.2707
vn -0.6251 -0.7803 0.0211
vn 0.9212 -0.1265 -0.3678
vn 0.8565 0.3837 -0.3453
vn -0.2675 -0.9096 0.3180
vn -0.2671 -0.9097 0.3178
vn -0.2667 -0.9100 0.3175
vn -0.2667 -0.9098 0.3180
vn -0.2658 -0.9102 0.3178
vn -0.2664 -0.9099 0.3179
vn -0.6241 -0.5923 0.5096
vn -0.6248 -0.5921 0.5090
vn -0.4611 -0.7770 0.4286
vn -0.6234 -0.5926 0.5101
vn -0.6242 -0.5924 0.5094
vn -0.6240 -0.5926 0.5094
vn -0.4609 -0.7772 0.4284
vn -0.1453 -0.8747 0.4624
vn -0.1453 -0.8748 0.4622
vn -0.4732 -0.5486 0.6893
vn -0.4727 -0.5487 0.6895
vn -0.4721 -0.5486 0.6901
vn -0.3201 -0.7364 0.5961
vn -0.3200 -0.7362 0.5963
vn -0.4740 -0.5485 0.6888
vn -0.4729 -0.5486 0.6895
vn -0.4734 -0.5483 0.6894
vn 0.0009 -0.8193 0.5734
vn 0.0014 -0.8193 0.5734
vn 0.0003 -0.8192 0.5735
vn 0.0011 -0.8193 0.5733
vn -0.2911 -0.4797 0.8277
vn -0.0884 -0.3888 0.9171
vn -0.1506 -0.6715 0.7255
vn -0.2909 -0.4793 0.8280
vn -0.1505 -0.6720 0.7251
vn 0.1630 -0.7465 0.6451
vn 0.1633 -0.7465 0.6450
vn 0.0384 -0.5874 0.8084
vn 0.0388 -0.5877 0.8082
vn -0.0885 -0.3887 0.9171
vn 0.3324 -0.6608 0.6729
vn 0.2357 -0.4886 0.8400
vn 0.2356 -0.4882 0.8403
vn 0.3326 -0.6610 0.6727
vn 0.1228 -0.2823 0.9514
vn 0.1226 -0.2823 0.9515
vn 0.2355 -0.4881 0.8404
vn 0.2355 -0.4884 0.8403
vn 0.4991 -0.5677 0.6547
vn 0.6533 -0.4714 0.5924
vn 0.4991 -0.5678 0.6545
vn 0.3303 -0.1659 0.9292
vn 0.3302 -0.1658 0.9292
vn 0.4289 -0.3792 0.8199
vn 0.4292 -0.3795 0.8196
vn 0.6532 -0.4718 0.5923
vn 0.5224 -0.0464 0.8514
vn 0.5221 -0.0462 0.8516
vn 0.6077 -0.2681 0.7476
vn 0.6080 -0.2678 0.7474
vn 0.6079 -0.2680 0.7474
vn 0.6082 -0.2676 0.7473
vn 0.7856 -0.3789 0.4892
vn 0.8887 -0.2944 0.3515
vn 0.7857 -0.3787 0.4891
vn 0.7619 -0.1596 0.6277
vn 0.6875 0.0696 0.7228
vn 0.7618 -0.1597 0.6278
vn 0.6869 0.0695 0.7234
vn 0.6872 0.0695 0.7231
vn 0.8886 -0.2946 0.3516
vn 0.8819 -0.0617 0.4675
vn 0.8157 0.1747 0.5514
vn 0.8158 0.1748 0.5512
vn 0.8820 -0.0617 0.4672
vn 0.9566 -0.2236 0.1868
vn 0.9854 -0.1699 0.0049
vn 0.9567 -0.2233 0.1866
vn 0.9005 0.2633 0.3460
vn 0.9005 0.2631 0.3462
vn 0.9610 0.0209 0.2756
vn 0.9609 0.0209 0.2760
vn 0.9855 -0.1699 0.0050
vn 0.9364 0.3300 0.1193
vn 0.9365 0.3298 0.1193
vn 0.9945 0.0830 0.0644
vn 0.9945 0.0829 0.0643
vn 0.9734 -0.1369 -0.1837
vn 0.9734 -0.1370 -0.1836
vn 0.9212 -0.1269 -0.3678
vn 0.9214 0.3709 -0.1158
vn 0.9804 0.1214 -0.1549
vn 0.9198 0.1334 -0.3689
vn 0.9196 0.1334 -0.3694
vn 0.9214 0.3710 -0.1158
vn 0.9805 0.1214 -0.1548
vn -0.8027 -0.5002 0.3247
vn -0.8027 -0.5002 0.3246
vn -0.8683 -0.4872 0.0931
vn -0.7618 -0.2894 -0.5796
vn -0.6321 -0.1832 -0.7529
vn -0.4658 -0.0666 -0.8824
vn -0.2720 0.0541 -0.9608
vn -0.2722 0.0541 -0.9607
vn 0.1501 0.2790 -0.9485
vn 0.3544 0.3704 -0.8586
vn 0.3544 0.3703 -0.8587
vn 0.6904 0.4843 -0.5374
vn 0.7914 -0.3888 -0.4717
vn 0.6472 -0.6064 -0.4620
vn 0.5748 -0.6149 -0.5399
vn 0.4830 -0.6388 -0.5988
vn 0.1582 -0.9594 -0.2333
vn 0.1449 -0.9782 -0.1489
vn 0.1472 -0.9875 -0.0561
vn 0.3427 -0.9250 -0.1642
vn 0.1163 -0.9919 -0.0517
vn -0.1223 -0.9909 0.0555
vn 0.6132 -0.7294 -0.3031
vn 0.5481 -0.7952 -0.2595
vn 0.6965 -0.6124 -0.3740
vn 0.4654 -0.4427 -0.7664
vn 0.7913 -0.3888 -0.4718
vn 0.5663 -0.7532 -0.3347
vn 0.7188 -0.4064 -0.5642
vn 0.4780 -0.4875 -0.7306
vn 0.5199 -0.7774 -0.3541
vn 0.6067 -0.4476 -0.6569
vn 0.3962 -0.5376 -0.7444
vn 0.4748 -0.8020 -0.3625
vn 0.4815 -0.5024 -0.7181
vn 0.4918 -0.8157 -0.3045
vn 0.0435 -0.0274 -0.9987
vn 0.3749 -0.5594 -0.7393
vn 0.4342 -0.7198 -0.5416
vn 0.4318 -0.8268 -0.3606
vn 0.4351 -0.8457 -0.3089
vn 0.3098 -0.5933 -0.7430
vn 0.3930 -0.7409 -0.5446
vn 0.4563 -0.8336 -0.3113
vn -0.2100 -0.0586 -0.9760
vn 0.3498 -0.7656 -0.5399
vn 0.2406 -0.6325 -0.7363
vn 0.3919 -0.8514 -0.3485
vn 0.4055 -0.8635 -0.2998
vn 0.1782 -0.6686 -0.7220
vn 0.3105 -0.7886 -0.5307
vn 0.4235 -0.8521 -0.3075
vn -0.4177 -0.1501 -0.8961
vn 0.1140 -0.7086 -0.6964
vn 0.2701 -0.8136 -0.5149
vn 0.3558 -0.8752 -0.3278
vn 0.0584 -0.7452 -0.6642
vn 0.3795 -0.8812 -0.2817
vn 0.2357 -0.8365 -0.4946
vn 0.3949 -0.8705 -0.2936
vn -0.5662 -0.2938 -0.7702
vn 0.0034 -0.7835 -0.6214
vn 0.2007 -0.8608 -0.4677
vn 0.3585 -0.8979 -0.2553
vn 0.1724 -0.8823 -0.4380
vn 0.3245 -0.8975 -0.2988
vn -0.0407 -0.8179 -0.5740
vn 0.3724 -0.8872 -0.2724
vn -0.0848 -0.8523 -0.5161
vn -0.6376 -0.4763 -0.6054
vn 0.1458 -0.9041 -0.4016
vn 0.3448 -0.9125 -0.2200
vn 0.2991 -0.9178 -0.2610
vn 0.1265 -0.9229 -0.3638
vn -0.1144 -0.8823 -0.4565
vn 0.3551 -0.9021 -0.2451
vn 0.3214 -0.9416 -0.0999
vn -0.1424 -0.9108 -0.3875
vn 0.0905 -0.9672 -0.2373
vn -0.6153 -0.6712 -0.4133
vn 0.1086 -0.9410 -0.3205
vn 0.3449 -0.9081 -0.2375
vn 0.3457 -0.9383 -0.0016
vn 0.0957 -0.9880 -0.1215
vn 0.0923 -0.9658 -0.2422
vn -0.4997 -0.8383 -0.2181
vn 0.3387 -0.9191 -0.2013
vn 0.4196 -0.8866 0.1947
vn -0.3185 -0.9463 -0.0549
vn 0.1389 -0.9898 0.0327
vn 0.0931 -0.9849 -0.1462
vn -0.6781 -0.4814 0.5554
vn -0.5109 -0.3845 0.7688
vn -0.6507 -0.5205 0.5529
vn -0.3013 -0.2580 0.9179
vn -0.4290 -0.4918 0.7577
vn -0.0690 -0.1101 0.9915
vn -0.1685 -0.4205 0.8915
vn 0.1655 0.0492 0.9850
vn 0.1079 -0.3168 0.9423
vn 0.3821 0.2088 0.9002
vn 0.3763 -0.1927 0.9063
vn 0.5630 0.3575 0.7452
vn 0.6137 -0.0616 0.7871
vn 0.6934 0.4849 0.5330
vn 0.8005 0.0634 0.5959
vn 0.7633 0.5819 0.2807
vn 0.9212 0.1702 0.3500
vn 0.7671 0.6415 0.0082
vn 0.9659 0.2491 0.0707
vn 0.8691 0.4833 -0.1047
vn 0.7014 0.6629 -0.2620
vn 0.8300 0.5041 -0.2387
vn 0.7829 0.4993 -0.3711
vn -0.5181 -0.8553 -0.0004
vn -0.3871 -0.9217 0.0268
vn -0.4852 -0.8667 0.1159
vn -0.4489 -0.8627 0.2328
vn -0.3067 -0.9219 0.2366
vn -0.4818 -0.7390 0.4709
vn -0.1781 -0.8903 0.4191
vn -0.2901 -0.6810 0.6724
vn -0.0140 -0.8280 0.5605
vn -0.0561 -0.5909 0.8048
vn 0.1737 -0.7391 0.6508
vn 0.1981 -0.4780 0.8558
vn 0.3712 -0.6293 0.6828
vn 0.4483 -0.3540 0.8208
vn 0.5636 -0.5056 0.6533
vn 0.7359 -0.3761 0.5630
vn 0.6711 -0.2321 0.7041
vn 0.8739 -0.2492 0.4174
vn 0.8464 -0.1254 0.5176
vn 0.9650 -0.1330 0.2259
vn 0.9588 -0.0455 0.2805
vn 0.9994 -0.0350 0.0019
vn 0.9999 -0.0016 0.0166
vn 0.6782 0.4813 -0.5553
vn 0.4695 0.4615 -0.7527
vn 0.6946 0.4388 -0.5701
vn 0.2237 0.4021 -0.8878
vn 0.5116 0.3384 -0.7898
vn -0.0395 0.3114 -0.9495
vn 0.2844 0.2054 -0.9364
vn -0.2995 0.1994 -0.9330
vn 0.0359 0.0498 -0.9981
vn -0.5364 0.0776 -0.8404
vn -0.2098 -0.1163 -0.9708
vn -0.7325 -0.0428 -0.6794
vn -0.4297 -0.2800 -0.8585
vn -0.8733 -0.1511 -0.4632
vn -0.6039 -0.4283 -0.6722
vn -0.9485 -0.2381 -0.2089
vn -0.7169 -0.5495 -0.4291
vn -0.9528 -0.2967 0.0638
vn -0.7586 -0.6338 -0.1510
vn -0.8637 -0.4934 0.1026
vn -0.8874 -0.3176 0.3341
vn -0.8358 -0.4934 0.2409
vn -0.7829 -0.4994 0.3711
vn 0.9836 -0.0088 -0.1801
vn 0.9586 -0.1391 -0.2485
vn 0.9545 -0.0044 -0.2982
vn 0.9112 0.0048 -0.4120
vn 0.8778 -0.1386 -0.4585
vn 0.7896 0.1676 -0.5902
vn 0.7491 -0.1696 -0.6404
vn 0.6005 0.1049 -0.7927
vn 0.5821 -0.2266 -0.7809
vn 0.3732 0.0023 -0.9277
vn 0.3890 -0.3055 -0.8691
vn 0.1298 -0.1306 -0.9829
vn 0.1834 -0.4001 -0.8979
vn -0.1058 -0.2817 -0.9536
vn -0.0201 -0.5031 -0.8640
vn -0.2068 -0.6060 -0.7681
vn -0.3104 -0.4375 -0.8439
vn -0.3626 -0.6997 -0.6156
vn -0.4642 -0.5842 -0.6657
vn -0.4757 -0.7752 -0.4156
vn -0.5520 -0.7094 -0.4382
vn -0.5365 -0.8242 -0.1814
vn -0.5662 -0.8033 -0.1847
vn 0.4020 -0.9023 -0.1556
vn 0.4005 -0.9034 -0.1532
vn 0.3994 -0.9034 -0.1559
vn 0.5215 -0.8239 -0.2217
vn 0.5203 -0.8242 -0.2235
vn 0.5185 -0.8254 -0.2231
vn 0.5196 -0.8247 -0.2233
vn 0.5165 -0.8262 -0.2248
vn 0.5178 -0.8260 -0.2230
vn 0.6911 -0.6186 -0.3739
vn 0.6907 -0.6191 -0.3737
vn 0.6906 -0.6188 -0.3744
vn 0.6130 -0.7312 -0.2992
vn 0.6112 -0.7316 -0.3019
vn 0.6136 -0.7296 -0.3020
vn 0.6910 -0.6189 -0.3735
vn 0.6908 -0.6189 -0.3738
vn 0.6912 -0.6184 -0.3738
vn 0.6122 -0.7308 -0.3019
vn 0.6129 -0.7291 -0.3046
vn 0.6146 -0.7287 -0.3020
vn 0.5058 -0.8293 -0.2374
vn 0.4947 -0.8348 -0.2417
vn 0.4998 -0.8330 -0.2371
vn 0.5134 -0.8259 -0.2330
vn 0.5083 -0.8278 -0.2375
vn 0.5024 -0.8314 -0.2373
vn 0.6278 -0.6374 -0.4467
vn 0.6300 -0.6359 -0.4458
vn 0.6280 -0.6366 -0.4476
vn 0.5495 -0.6677 -0.5022
vn 0.5492 -0.6681 -0.5020
vn 0.5499 -0.6679 -0.5015
vn 0.5730 -0.7424 -0.3472
vn 0.5686 -0.7451 -0.3486
vn 0.5708 -0.7444 -0.3466
vn 0.5762 -0.7408 -0.3454
vn 0.5740 -0.7415 -0.3474
vn 0.5717 -0.7435 -0.3469
vn 0.6289 -0.6373 -0.4453
vn 0.6291 -0.6365 -0.4462
vn 0.6269 -0.6380 -0.4471
vn 0.4907 -0.8352 -0.2483
vn 0.4879 -0.8367 -0.2489
vn 0.4893 -0.8360 -0.2482
vn 0.4927 -0.8342 -0.2476
vn 0.4913 -0.8348 -0.2484
vn 0.4899 -0.8357 -0.2482
vn 0.4654 -0.7072 -0.5323
vn 0.4664 -0.7062 -0.5327
vn 0.4656 -0.7066 -0.5329
vn 0.5291 -0.7602 -0.3771
vn 0.5270 -0.7611 -0.3782
vn 0.5250 -0.7620 -0.3791
vn 0.5493 -0.6677 -0.5025
vn 0.5497 -0.6678 -0.5018
vn 0.5500 -0.6672 -0.5023
vn 0.5262 -0.7615 -0.3785
vn 0.5221 -0.7633 -0.3805
vn 0.5241 -0.7624 -0.3794
vn 0.4715 -0.8441 -0.2554
vn 0.4709 -0.8440 -0.2569
vn 0.4726 -0.8431 -0.2565
vn 0.4726 -0.8437 -0.2545
vn 0.4709 -0.8446 -0.2549
vn 0.4721 -0.8435 -0.2560
vn 0.4743 -0.7849 -0.3987
vn 0.4744 -0.7849 -0.3986
vn 0.4747 -0.7845 -0.3990
vn 0.4743 -0.7850 -0.3984
vn 0.4743 -0.7848 -0.3990
vn 0.4746 -0.7847 -0.3988
vn 0.4653 -0.7074 -0.5320
vn 0.4655 -0.7068 -0.5327
vn 0.4645 -0.7078 -0.5322
vn 0.4536 -0.8532 -0.2576
vn 0.4529 -0.8539 -0.2563
vn 0.4540 -0.8533 -0.2564
vn 0.4545 -0.8525 -0.2582
vn 0.4534 -0.8531 -0.2581
vn 0.4538 -0.8533 -0.2569
vn 0.3778 -0.7526 -0.5394
vn 0.3776 -0.7525 -0.5396
vn 0.3767 -0.7528 -0.5398
vn 0.4221 -0.8127 -0.4017
vn 0.4210 -0.8133 -0.4016
vn 0.4210 -0.8127 -0.4028
vn 0.4210 -0.8130 -0.4021
vn 0.4199 -0.8131 -0.4032
vn 0.4211 -0.8125 -0.4032
vn 0.3785 -0.7524 -0.5391
vn 0.3775 -0.7525 -0.5397
vn 0.3780 -0.7527 -0.5391
vn 0.4221 -0.8733 -0.2433
vn 0.4223 -0.8731 -0.2437
vn 0.4219 -0.8731 -0.2443
vn 0.4367 -0.8635 -0.2522
vn 0.4369 -0.8639 -0.2507
vn 0.4390 -0.8626 -0.2515
vn 0.3713 -0.8421 -0.3911
vn 0.3714 -0.8421 -0.3910
vn 0.3714 -0.8418 -0.3916
vn 0.4377 -0.8626 -0.2534
vn 0.4356 -0.8640 -0.2525
vn 0.4380 -0.8630 -0.2518
vn 0.2926 -0.8023 -0.5203
vn 0.2911 -0.8022 -0.5212
vn 0.2896 -0.8032 -0.5206
vn 0.2208 -0.8507 -0.4770
vn 0.2199 -0.8500 -0.4787
vn 0.2174 -0.8518 -0.4767
vn 0.3714 -0.8422 -0.3909
vn 0.3711 -0.8420 -0.3915
vn 0.3714 -0.8419 -0.3914
vn 0.2947 -0.8014 -0.5204
vn 0.2917 -0.8023 -0.5208
vn 0.2933 -0.8023 -0.5199
vn 0.4219 -0.8735 -0.2430
vn 0.4224 -0.8734 -0.2426
vn 0.4221 -0.8732 -0.2436
vn 0.3240 -0.8727 -0.3654
vn 0.3226 -0.8736 -0.3643
vn 0.3228 -0.8728 -0.3661
vn 0.2223 -0.8502 -0.4772
vn 0.2189 -0.8513 -0.4768
vn 0.2198 -0.8520 -0.4752
vn 0.3227 -0.8733 -0.3650
vn 0.3215 -0.8734 -0.3657
vn 0.3229 -0.8725 -0.3668
vn 0.4098 -0.8827 -0.2301
vn 0.4110 -0.8827 -0.2278
vn 0.4126 -0.8814 -0.2300
vn 0.4102 -0.8819 -0.2324
vn 0.4087 -0.8832 -0.2302
vn 0.4114 -0.8820 -0.2300
vn 0.2885 -0.9004 -0.3257
vn 0.2887 -0.9002 -0.3259
vn 0.2884 -0.9001 -0.3265
vn 0.2889 -0.9003 -0.3256
vn 0.2884 -0.9003 -0.3260
vn 0.2885 -0.9002 -0.3263
vn 0.1594 -0.8965 -0.4134
vn 0.1560 -0.8968 -0.4141
vn 0.1542 -0.8982 -0.4116
vn 0.1624 -0.8949 -0.4156
vn 0.1573 -0.8967 -0.4138
vn 0.1607 -0.8964 -0.4130
vn 0.3978 -0.8921 -0.2142
vn 0.4015 -0.8919 -0.2082
vn 0.4034 -0.8898 -0.2135
vn 0.3974 -0.8909 -0.2198
vn 0.3955 -0.8931 -0.2144
vn 0.4010 -0.8908 -0.2138
vn 0.2618 -0.9246 -0.2769
vn 0.2608 -0.9250 -0.2765
vn 0.2611 -0.9246 -0.2774
vn 0.1172 -0.9358 -0.3326
vn 0.1181 -0.9358 -0.3321
vn 0.1176 -0.9362 -0.3312
vn 0.0992 -0.9656 -0.2404
vn 0.2625 -0.9243 -0.2771
vn 0.2622 -0.9246 -0.2763
vn 0.2615 -0.9246 -0.2771
vn 0.1178 -0.9356 -0.3329
vn 0.1178 -0.9358 -0.3323
vn 0.1168 -0.9357 -0.3328
vn 0.3961 -0.8972 -0.1954
vn 0.3949 -0.8980 -0.1940
vn 0.3945 -0.8978 -0.1958
vn 0.3970 -0.8964 -0.1970
vn 0.3969 -0.8969 -0.1952
vn 0.3952 -0.8975 -0.1956
vn 0.2540 -0.9414 -0.2221
vn 0.2519 -0.9423 -0.2205
vn 0.2539 -0.9419 -0.2201
vn 0.0994 -0.9656 -0.2404
vn 0.2511 -0.9425 -0.2206
vn 0.2510 -0.9430 -0.2187
vn 0.2531 -0.9420 -0.2203
vn 0.3976 -0.9007 -0.1754
vn 0.3957 -0.9021 -0.1724
vn 0.3947 -0.9019 -0.1753
vn 0.3983 -0.8997 -0.1785
vn 0.3986 -0.9002 -0.1754
vn 0.3959 -0.9014 -0.1753
vn 0.4032 -0.9018 -0.1556
vn 0.4005 -0.9029 -0.1558
vn 0.4021 -0.9018 -0.1582
vn 0.2585 -0.9605 -0.1030
vn 0.1360 -0.9898 -0.0418
vn 0.1333 -0.9899 -0.0486
vn 0.1261 -0.9909 -0.0480
vn 0.1038 -0.9831 -0.1505
vn 0.0976 -0.9848 -0.1434
vn 0.1049 -0.9841 -0.1433
vn 0.2511 -0.9544 -0.1613
vn 0.2512 -0.9543 -0.1616
vn 0.2513 -0.9544 -0.1613
vn 0.1018 -0.9844 -0.1434
vn 0.0946 -0.9851 -0.1434
vn 0.0957 -0.9860 -0.1362
vn 0.1303 -0.9903 -0.0483
vn 0.1204 -0.9912 -0.0545
vn 0.1230 -0.9913 -0.0476
vn 0.2743 -0.9561 -0.1033
vn 0.4115 -0.9008 -0.1384
vn 0.4119 -0.9007 -0.1379
vn 0.4125 -0.9005 -0.1379
vn 0.4122 -0.9006 -0.1379
vn 0.4132 -0.9002 -0.1373
vn 0.4128 -0.9003 -0.1379
vn 0.1730 -0.9842 0.0385
vn 0.1700 -0.9847 0.0393
vn 0.1718 -0.9842 0.0418
vn 0.2953 -0.9541 -0.0505
vn 0.2964 -0.9538 -0.0490
vn 0.2946 -0.9544 -0.0491
vn 0.1725 -0.9844 0.0356
vn 0.1713 -0.9844 0.0389
vn 0.1747 -0.9839 0.0380
vn 0.2955 -0.9541 -0.0491
vn 0.2948 -0.9544 -0.0476
vn 0.2937 -0.9546 -0.0492
vn 0.4237 -0.8975 -0.1228
vn 0.4235 -0.8976 -0.1220
vn 0.4228 -0.8979 -0.1226
vn 0.4234 -0.8975 -0.1235
vn 0.4241 -0.8973 -0.1229
vn 0.4231 -0.8977 -0.1226
vn 0.2349 -0.9655 0.1126
vn 0.2321 -0.9662 0.1125
vn 0.2342 -0.9654 0.1144
vn 0.3118 -0.9354 0.1665
vn 0.2340 -0.9659 0.1108
vn 0.2333 -0.9659 0.1125
vn 0.2361 -0.9652 0.1127
vn 0.3366 -0.9416 -0.0050
vn 0.3372 -0.9414 -0.0055
vn 0.3360 -0.9418 -0.0065
vn 0.3357 -0.9420 -0.0055
vn 0.3368 -0.9416 -0.0044
vn 0.3363 -0.9417 -0.0059
vn 0.4418 -0.8902 -0.1110
vn 0.4417 -0.8903 -0.1107
vn 0.4397 -0.8912 -0.1117
vn 0.4407 -0.8907 -0.1117
vn 0.4428 -0.8898 -0.1106
vn 0.4406 -0.8908 -0.1114
vn 0.3967 -0.8964 0.1980
vn 0.3967 -0.8965 0.1974
vn 0.3977 -0.8960 0.1977
vn 0.3812 -0.9241 0.0257
vn 0.3830 -0.9234 0.0267
vn 0.3814 -0.9240 0.0273
vn 0.3122 -0.9353 0.1667
vn 0.3822 -0.9237 0.0269
vn 0.3820 -0.9237 0.0283
vn 0.3802 -0.9245 0.0273
vn 0.4578 -0.8828 -0.1051
vn 0.4586 -0.8827 -0.1025
vn 0.4590 -0.8823 -0.1040
vn 0.4581 -0.8825 -0.1068
vn 0.4573 -0.8830 -0.1054
vn 0.4585 -0.8825 -0.1044
vn 0.4335 -0.8999 0.0471
vn 0.4349 -0.8992 0.0474
vn 0.4335 -0.8999 0.0478
vn 0.4343 -0.8995 0.0476
vn 0.4343 -0.8995 0.0483
vn 0.4329 -0.9002 0.0480
vn 0.3962 -0.8965 0.1981
vn 0.3972 -0.8962 0.1978
vn 0.3972 -0.8960 0.1983
vn 0.4764 -0.8731 -0.1032
vn 0.4771 -0.8726 -0.1045
vn 0.4758 -0.8733 -0.1044
vn 0.4755 -0.8737 -0.1026
vn 0.4767 -0.8730 -0.1026
vn 0.4761 -0.8732 -0.1039
vn 0.4855 -0.8499 0.2048
vn 0.4852 -0.8501 0.2048
vn 0.4867 -0.8721 0.0512
vn 0.4871 -0.8719 0.0511
vn 0.4867 -0.8721 0.0507
vn 0.4870 -0.8719 0.0512
vn 0.4871 -0.8719 0.0509
vn 0.4865 -0.8722 0.0511
vn 0.4858 -0.8498 0.2047
vn 0.4938 -0.8628 -0.1079
vn 0.4938 -0.8627 -0.1094
vn 0.4919 -0.8638 -0.1087
vn 0.4928 -0.8636 -0.1067
vn 0.4946 -0.8624 -0.1076
vn 0.4927 -0.8634 -0.1084
vn 0.5699 -0.8007 0.1849
vn 0.5696 -0.8012 0.1837
vn 0.5706 -0.8005 0.1833
vn 0.5689 -0.8011 0.1857
vn 0.5697 -0.8009 0.1842
vn 0.5700 -0.8005 0.1854
vn 0.5374 -0.8424 0.0395
vn 0.5379 -0.8421 0.0393
vn 0.5377 -0.8422 0.0399
vn 0.5379 -0.8421 0.0392
vn 0.5381 -0.8419 0.0395
vn 0.5378 -0.8422 0.0397
vn 0.5082 -0.8533 -0.1162
vn 0.5076 -0.8535 -0.1179
vn 0.5046 -0.8556 -0.1154
vn 0.5068 -0.8545 -0.1142
vn 0.5098 -0.8524 -0.1167
vn 0.5061 -0.8547 -0.1158
vn 0.5838 -0.8118 0.0146
vn 0.5835 -0.8120 0.0131
vn 0.5853 -0.8107 0.0133
vn 0.6438 -0.7521 0.1413
vn 0.6429 -0.7528 0.1412
vn 0.6437 -0.7523 0.1406
vn 0.6433 -0.7524 0.1419
vn 0.6432 -0.7526 0.1412
vn 0.6441 -0.7518 0.1413
vn 0.5828 -0.8125 0.0130
vn 0.5843 -0.8115 0.0118
vn 0.5846 -0.8112 0.0132
vn 0.5276 -0.8368 -0.1465
vn 0.5280 -0.8366 -0.1463
vn 0.5277 -0.8367 -0.1462
vn 0.5237 -0.8421 -0.1289
vn 0.5227 -0.8422 -0.1318
vn 0.5213 -0.8435 -0.1297
vn 0.5232 -0.8428 -0.1264
vn 0.5247 -0.8415 -0.1285
vn 0.5223 -0.8429 -0.1294
vn 0.6204 -0.7838 -0.0261
vn 0.6197 -0.7842 -0.0297
vn 0.6181 -0.7857 -0.0273
vn 0.7019 -0.7080 0.0783
vn 0.7049 -0.7049 0.0792
vn 0.7072 -0.7029 0.0759
vn 0.7452 -0.6668 -0.0024
vn 0.7467 -0.6651 0.0029
vn 0.7482 -0.6635 -0.0012
vn 0.6983 -0.7112 0.0811
vn 0.7036 -0.7062 0.0788
vn 0.7006 -0.7093 0.0778
vn 0.6198 -0.7844 -0.0233
vn 0.6214 -0.7831 -0.0257
vn 0.6190 -0.7849 -0.0269
vn 0.5274 -0.8368 -0.1467
vn 0.5276 -0.8367 -0.1471
vn 0.5277 -0.8367 -0.1465
vn 0.7440 -0.6682 -0.0030
vn 0.7469 -0.6649 -0.0017
vn 0.7454 -0.6665 -0.0070
vn 0.6451 -0.7604 -0.0756
vn 0.6449 -0.7605 -0.0759
vn 0.6446 -0.7608 -0.0752
vn 0.7640 -0.6383 -0.0945
vn 0.7686 -0.6341 -0.0853
vn 0.7693 -0.6320 -0.0935
vn 0.6452 -0.7603 -0.0752
vn 0.6454 -0.7601 -0.0758
vn 0.6448 -0.7606 -0.0754
vn 0.5339 -0.8295 -0.1641
vn 0.5340 -0.8291 -0.1654
vn 0.5330 -0.8298 -0.1654
vn 0.5335 -0.8295 -0.1654
vn 0.5325 -0.8299 -0.1667
vn 0.5324 -0.8302 -0.1655
vn 0.6566 -0.7427 -0.1315
vn 0.6559 -0.7431 -0.1325
vn 0.6558 -0.7434 -0.1316
vn 0.7616 -0.6411 -0.0949
vn 0.7670 -0.6348 -0.0939
vn 0.7623 -0.6390 -0.1031
vn 0.6568 -0.7427 -0.1306
vn 0.6568 -0.7424 -0.1318
vn 0.6561 -0.7431 -0.1316
vn 0.5342 -0.8202 -0.2046
vn 0.6364 -0.7287 -0.2530
vn 0.6379 -0.7287 -0.2491
vn 0.6410 -0.7261 -0.2487
vn 0.5308 -0.8286 -0.1780
vn 0.5298 -0.8276 -0.1856
vn 0.5363 -0.8236 -0.1847
vn 0.5206 -0.8287 -0.2056
vn 0.5325 -0.8259 -0.1851
vn 0.5379 -0.8208 -0.1920
vn 0.5390 -0.8218 -0.1844
vn 0.7335 -0.6144 -0.2906
vn 0.7347 -0.6144 -0.2876
vn 0.7368 -0.6121 -0.2871
vn 0.7632 -0.6176 -0.1899
vn 0.7637 -0.6167 -0.1909
vn 0.7630 -0.6176 -0.1910
vn 0.7633 -0.6172 -0.1910
vn 0.7640 -0.6163 -0.1909
vn 0.7638 -0.6162 -0.1919
vn 0.7356 -0.6135 -0.2874
vn 0.7388 -0.6112 -0.2839
vn 0.7377 -0.6112 -0.2869
vn 0.6549 -0.7312 -0.1911
vn 0.6548 -0.7313 -0.1909
vn 0.6423 -0.7250 -0.2486
vn 0.6392 -0.7276 -0.2490
vn 0.6438 -0.7250 -0.2447
vn 0.6545 -0.7316 -0.1908
vn 0.6545 -0.7315 -0.1911
vn 0.8143 -0.4850 -0.3187
vn 0.8155 -0.4810 -0.3218
vn 0.8175 -0.4810 -0.3166
vn 0.0433 -0.9911 0.1260
vn 0.0442 -0.9909 0.1271
vn 0.0463 -0.9907 0.1276
vn 0.0452 -0.9908 0.1276
vn 0.0484 -0.9904 0.1293
vn 0.0472 -0.9907 0.1277
vn -0.0909 -0.9737 0.2087
vn -0.0877 -0.9730 0.2134
vn -0.0823 -0.9738 0.2118
vn -0.2073 -0.9352 0.2871
vn -0.2091 -0.9335 0.2912
vn -0.2047 -0.9346 0.2908
vn -0.2065 -0.9342 0.2910
vn -0.2110 -0.9331 0.2913
vn -0.2085 -0.9325 0.2950
vn -0.0854 -0.9734 0.2127
vn -0.0768 -0.9734 0.2157
vn -0.0801 -0.9742 0.2109
vn 0.1327 -0.9647 0.2275
vn 0.1325 -0.9646 0.2278
vn 0.1323 -0.9647 0.2276
vn 0.1324 -0.9648 0.2272
vn 0.1324 -0.9647 0.2275
vn -0.0798 -0.8959 0.4371
vn -0.0798 -0.8967 0.4354
vn -0.0785 -0.8962 0.4366
vn 0.0705 -0.8359 0.5443
vn 0.0706 -0.8358 0.5445
vn 0.0706 -0.8363 0.5437
vn 0.0248 -0.9417 0.3354
vn 0.0311 -0.9400 0.3397
vn 0.0283 -0.9410 0.3371
vn -0.0812 -0.8960 0.4366
vn -0.0798 -0.8963 0.4361
vn -0.0798 -0.8955 0.4378
vn 0.0205 -0.9430 0.3321
vn 0.0233 -0.9420 0.3347
vn 0.0268 -0.9413 0.3364
vn 0.2362 -0.9238 0.3013
vn 0.2444 -0.9216 0.3015
vn 0.2405 -0.9233 0.2995
vn 0.2305 -0.9257 0.3000
vn 0.2344 -0.9240 0.3020
vn 0.2387 -0.9235 0.3003
vn 0.0705 -0.8356 0.5447
vn 0.0705 -0.8362 0.5439
vn 0.0702 -0.8360 0.5442
vn 0.1520 -0.8914 0.4270
vn 0.1551 -0.8901 0.4286
vn 0.1585 -0.8901 0.4273
vn 0.1566 -0.8901 0.4281
vn 0.1632 -0.8887 0.4284
vn 0.1601 -0.8901 0.4268
vn 0.3540 -0.8701 0.3429
vn 0.3557 -0.8695 0.3426
vn 0.3548 -0.8700 0.3424
vn 0.4728 -0.8081 0.3513
vn 0.4731 -0.8079 0.3514
vn 0.3529 -0.8706 0.3429
vn 0.3537 -0.8702 0.3431
vn 0.3545 -0.8700 0.3426
vn 0.3003 -0.8246 0.4795
vn 0.3003 -0.8238 0.4808
vn 0.3019 -0.8238 0.4798
vn 0.2404 -0.7572 0.6073
vn 0.2410 -0.7584 0.6056
vn 0.2430 -0.7574 0.6060
vn 0.2382 -0.7576 0.6076
vn 0.2408 -0.7579 0.6063
vn 0.2402 -0.7567 0.6081
vn 0.2997 -0.8238 0.4812
vn 0.3013 -0.8230 0.4816
vn 0.3014 -0.8237 0.4803
vn 0.5861 -0.7417 0.3262
vn 0.5880 -0.7403 0.3259
vn 0.5861 -0.7415 0.3266
vn 0.4725 -0.8083 0.3511
vn 0.4728 -0.8082 0.3511
vn 0.4146 -0.6674 0.6186
vn 0.4152 -0.6672 0.6184
vn 0.4155 -0.6675 0.6179
vn 0.5803 -0.5693 0.5823
vn 0.5782 -0.5706 0.5832
vn 0.5793 -0.5699 0.5828
vn 0.4491 -0.7452 0.4929
vn 0.4492 -0.7449 0.4933
vn 0.4486 -0.7453 0.4933
vn 0.4141 -0.6672 0.6191
vn 0.4149 -0.6673 0.6185
vn 0.4145 -0.6674 0.6186
vn 0.4488 -0.7455 0.4927
vn 0.4494 -0.7452 0.4927
vn 0.4489 -0.7452 0.4931
vn 0.5853 -0.7423 0.3263
vn 0.5872 -0.7411 0.3255
vn 0.5872 -0.7409 0.3260
vn 0.5916 -0.6619 0.4604
vn 0.5927 -0.6600 0.4616
vn 0.5927 -0.6609 0.4604
vn 0.5808 -0.5691 0.5820
vn 0.5797 -0.5697 0.5826
vn 0.5819 -0.5684 0.5816
vn 0.5913 -0.6631 0.4590
vn 0.5911 -0.6624 0.4603
vn 0.5922 -0.6614 0.4603
vn 0.6866 -0.6754 0.2690
vn 0.6898 -0.6711 0.2718
vn 0.6893 -0.6728 0.2685
vn 0.7710 -0.6107 0.1806
vn 0.7701 -0.6118 0.1807
vn 0.7694 -0.6124 0.1817
vn 0.6857 -0.6777 0.2657
vn 0.6854 -0.6765 0.2693
vn 0.6882 -0.6739 0.2688
vn 0.7275 -0.4720 0.4980
vn 0.7280 -0.4720 0.4973
vn 0.7276 -0.4727 0.4971
vn 0.8479 -0.3812 0.3685
vn 0.8458 -0.3836 0.3709
vn 0.8468 -0.3822 0.3699
vn 0.7178 -0.5791 0.3866
vn 0.7199 -0.5776 0.3849
vn 0.7179 -0.5786 0.3871
vn 0.7276 -0.4713 0.4985
vn 0.7277 -0.4720 0.4976
vn 0.7273 -0.4720 0.4982
vn 0.7191 -0.5780 0.3858
vn 0.7192 -0.5775 0.3863
vn 0.7170 -0.5791 0.3880
vn 0.7714 -0.6103 0.1805
vn 0.7721 -0.6097 0.1795
vn 0.7705 -0.6113 0.1806
vn 0.8190 -0.5015 0.2788
vn 0.8194 -0.5004 0.2797
vn 0.8197 -0.5005 0.2785
vn 0.9295 -0.3038 0.2093
vn 0.9296 -0.3033 0.2096
vn 0.9302 -0.3026 0.2080
vn 0.8483 -0.3808 0.3679
vn 0.8472 -0.3818 0.3694
vn 0.8494 -0.3795 0.3669
vn 0.8193 -0.5016 0.2778
vn 0.8188 -0.5018 0.2789
vn 0.8194 -0.5009 0.2786
vn 0.8276 -0.5569 0.0706
vn 0.8272 -0.5576 0.0695
vn 0.8268 -0.5581 0.0709
vn 0.8538 -0.5177 -0.0551
vn 0.8555 -0.5149 -0.0546
vn 0.8552 -0.5158 -0.0511
vn 0.8275 -0.5568 0.0718
vn 0.8280 -0.5563 0.0705
vn 0.8272 -0.5575 0.0707
vn 0.8889 -0.4357 0.1413
vn 0.8884 -0.4375 0.1390
vn 0.8872 -0.4389 0.1423
vn 0.9699 -0.2423 0.0259
vn 0.9695 -0.2434 0.0276
vn 0.9694 -0.2443 0.0256
vn 0.9292 -0.3041 0.2099
vn 0.9298 -0.3032 0.2087
vn 0.9298 -0.3036 0.2082
vn 0.8885 -0.4357 0.1442
vn 0.8897 -0.4343 0.1408
vn 0.8879 -0.4376 0.1419
vn 0.8528 -0.5193 -0.0553
vn 0.8531 -0.5184 -0.0589
vn 0.8547 -0.5162 -0.0548
vn 0.9229 -0.3849 -0.0114
vn 0.9223 -0.3861 -0.0150
vn 0.9238 -0.3825 -0.0149
vn 0.9701 -0.2415 0.0259
vn 0.9696 -0.2435 0.0260
vn 0.9697 -0.2430 0.0250
vn 0.9230 -0.3846 -0.0150
vn 0.9231 -0.3841 -0.0169
vn 0.9244 -0.3811 -0.0149
vn 0.8496 -0.4928 -0.1880
vn 0.8469 -0.4955 -0.1927
vn 0.8475 -0.4961 -0.1888
vn 0.8742 -0.3424 -0.3442
vn 0.8751 -0.3424 -0.3421
vn 0.8762 -0.3411 -0.3405
vn 0.8510 -0.4919 -0.1838
vn 0.8505 -0.4914 -0.1877
vn 0.8484 -0.4947 -0.1885
vn 0.8130 -0.4867 -0.3196
vn 0.8162 -0.4827 -0.3175
vn 0.8150 -0.4867 -0.3144
vn 0.9179 -0.3536 -0.1801
vn 0.9180 -0.3534 -0.1801
vn 0.9640 -0.2061 -0.1679
vn 0.9640 -0.2069 -0.1672
vn 0.9647 -0.2048 -0.1654
vn 0.9138 -0.1934 -0.3571
vn 0.9142 -0.1934 -0.3561
vn 0.9147 -0.1928 -0.3553
vn 0.8767 -0.3405 -0.3398
vn 0.8756 -0.3418 -0.3414
vn 0.8775 -0.3405 -0.3376
vn 0.9644 -0.2057 -0.1662
vn 0.9637 -0.2076 -0.1680
vn 0.9644 -0.2056 -0.1664
vn 0.9144 -0.1931 -0.3557
vn 0.9153 -0.1924 -0.3538
vn 0.9149 -0.1925 -0.3549
vn -0.0175 -0.9998 0.0082
vn -0.0130 -0.9999 0.0113
vn -0.0142 -0.9999 0.0082
vn -0.3005 -0.9465 0.1174
vn 0.7534 -0.4914 -0.4369
vn 0.7530 -0.4915 -0.4376
vn 0.7535 -0.4908 -0.4374
vn 0.7532 -0.4912 -0.4375
vn 0.7533 -0.4907 -0.4380
vn 0.7538 -0.4905 -0.4372
vn 0.8223 -0.2065 -0.5303
vn 0.8226 -0.2062 -0.5299
vn 0.8222 -0.2063 -0.5304
vn 0.7974 -0.3536 -0.4890
vn 0.7976 -0.3537 -0.4886
vn 0.8223 -0.2066 -0.5302
vn 0.8224 -0.2064 -0.5301
vn 0.8220 -0.2066 -0.5307
vn 0.7975 -0.3535 -0.4889
vn 0.7975 -0.3533 -0.4891
vn 0.6658 -0.5171 -0.5379
vn 0.6658 -0.5160 -0.5390
vn 0.6691 -0.5148 -0.5360
vn 0.6676 -0.5170 -0.5358
vn 0.6643 -0.5182 -0.5387
vn 0.6677 -0.5158 -0.5368
vn 0.6966 -0.2444 -0.6746
vn 0.6975 -0.2434 -0.6740
vn 0.6964 -0.2438 -0.6749
vn 0.6973 -0.2444 -0.6739
vn 0.6971 -0.2438 -0.6742
vn 0.6962 -0.2448 -0.6748
vn 0.6905 -0.3849 -0.6124
vn 0.6883 -0.3857 -0.6144
vn 0.6903 -0.3856 -0.6122
vn 0.6891 -0.3856 -0.6135
vn 0.6890 -0.3863 -0.6132
vn 0.6912 -0.3856 -0.6112
vn 0.5605 -0.5584 -0.6116
vn 0.5623 -0.5576 -0.6107
vn 0.5615 -0.5579 -0.6111
vn 0.5598 -0.5586 -0.6120
vn 0.5438 -0.3037 -0.7823
vn 0.5417 -0.3038 -0.7837
vn 0.5396 -0.3047 -0.7848
vn 0.3730 -0.3815 -0.8458
vn 0.3734 -0.3815 -0.8456
vn 0.3735 -0.3818 -0.8454
vn 0.5605 -0.4361 -0.7040
vn 0.5594 -0.4366 -0.7046
vn 0.5584 -0.4374 -0.7049
vn 0.5468 -0.3027 -0.7806
vn 0.5426 -0.3038 -0.7831
vn 0.5447 -0.3036 -0.7817
vn 0.5590 -0.4371 -0.7046
vn 0.5568 -0.4383 -0.7056
vn 0.5579 -0.4378 -0.7050
vn 0.4451 -0.6121 -0.6536
vn 0.4443 -0.6132 -0.6531
vn 0.4451 -0.6128 -0.6529
vn 0.4458 -0.6114 -0.6538
vn 0.4450 -0.6118 -0.6540
vn 0.4449 -0.6124 -0.6535
vn 0.4154 -0.5033 -0.7577
vn 0.4146 -0.5037 -0.7579
vn 0.4150 -0.5035 -0.7578
vn 0.3732 -0.3815 -0.8457
vn 0.3734 -0.3817 -0.8455
vn 0.4143 -0.5038 -0.7579
vn 0.4139 -0.5040 -0.7580
vn 0.4147 -0.5036 -0.7579
vn 0.3261 -0.6748 -0.6621
vn 0.3255 -0.6747 -0.6625
vn 0.3260 -0.6744 -0.6625
vn 0.2123 -0.7416 -0.6364
vn 0.2126 -0.7418 -0.6361
vn 0.2130 -0.7415 -0.6362
vn 0.3267 -0.6745 -0.6620
vn 0.3262 -0.6749 -0.6619
vn 0.3260 -0.6746 -0.6623
vn 0.1994 -0.4729 -0.8582
vn 0.1993 -0.4735 -0.8579
vn 0.1996 -0.4732 -0.8580
vn 0.1992 -0.4727 -0.8584
vn 0.1996 -0.4727 -0.8583
vn 0.2663 -0.5815 -0.7687
vn 0.2654 -0.5812 -0.7692
vn 0.2662 -0.5808 -0.7693
vn 0.2671 -0.5812 -0.7686
vn 0.2664 -0.5817 -0.7685
vn 0.2663 -0.5810 -0.7691
vn 0.2122 -0.7415 -0.6365
vn 0.2118 -0.7417 -0.6364
vn 0.2125 -0.7417 -0.6362
vn 0.0327 -0.5706 -0.8206
vn 0.0352 -0.5716 -0.8198
vn 0.0329 -0.5730 -0.8189
vn 0.0338 -0.5687 -0.8218
vn 0.0341 -0.5712 -0.8201
vn 0.0316 -0.5702 -0.8209
vn 0.1238 -0.6647 -0.7368
vn 0.1243 -0.6647 -0.7367
vn 0.1247 -0.6648 -0.7366
vn 0.1243 -0.6650 -0.7364
vn 0.1105 -0.8079 -0.5788
vn 0.1114 -0.8091 -0.5770
vn 0.1134 -0.8077 -0.5786
vn 0.1112 -0.8066 -0.5805
vn 0.1093 -0.8080 -0.5789
vn 0.1121 -0.8078 -0.5787
vn -0.1099 -0.6685 -0.7356
vn -0.1174 -0.6689 -0.7340
vn -0.1225 -0.6725 -0.7299
vn -0.1016 -0.6646 -0.7403
vn -0.1142 -0.6688 -0.7347
vn -0.1068 -0.6683 -0.7362
vn -0.0041 -0.7484 -0.6633
vn -0.0038 -0.7481 -0.6636
vn -0.0044 -0.7482 -0.6635
vn -0.0042 -0.7481 -0.6636
vn -0.0046 -0.7478 -0.6640
vn -0.0047 -0.7482 -0.6635
vn 0.0289 -0.8710 -0.4904
vn 0.0277 -0.8711 -0.4903
vn 0.0284 -0.8712 -0.4900
vn -0.0269 -0.9246 -0.3800
vn -0.0236 -0.9248 -0.3797
vn -0.0226 -0.9236 -0.3826
vn 0.0298 -0.8711 -0.4902
vn 0.0293 -0.8709 -0.4906
vn 0.0287 -0.8711 -0.4902
vn -0.1020 -0.8252 -0.5555
vn -0.1019 -0.8248 -0.5562
vn -0.1083 -0.8244 -0.5555
vn -0.2330 -0.7592 -0.6078
vn -0.2395 -0.7583 -0.6063
vn -0.2429 -0.7612 -0.6014
vn -0.3161 -0.8369 -0.4468
vn -0.3181 -0.8347 -0.4495
vn -0.3191 -0.8359 -0.4467
vn -0.2269 -0.7566 -0.6133
vn -0.2367 -0.7587 -0.6069
vn -0.2303 -0.7595 -0.6084
vn -0.1048 -0.8234 -0.5577
vn -0.0992 -0.8256 -0.5555
vn -0.1056 -0.8248 -0.5555
vn -0.0283 -0.9245 -0.3801
vn -0.0293 -0.9257 -0.3772
vn -0.0250 -0.9247 -0.3798
vn -0.3148 -0.8374 -0.4469
vn -0.3178 -0.8363 -0.4467
vn -0.3158 -0.8385 -0.4441
vn -0.1715 -0.8917 -0.4189
vn -0.1718 -0.8922 -0.4177
vn -0.1745 -0.8912 -0.4188
vn -0.1715 -0.8906 -0.4213
vn -0.1704 -0.8919 -0.4189
vn -0.1732 -0.8914 -0.4188
vn -0.0603 -0.9651 -0.2547
vn -0.0527 -0.9678 -0.2460
vn -0.0519 -0.9658 -0.2541
vn -0.0631 -0.9627 -0.2630
vn -0.0638 -0.9649 -0.2549
vn -0.0554 -0.9655 -0.2543
vn -0.3546 -0.8964 -0.2659
vn -0.3532 -0.8974 -0.2646
vn -0.3550 -0.8967 -0.2643
vn -0.2080 -0.9423 -0.2624
vn -0.2033 -0.9447 -0.2572
vn -0.2028 -0.9434 -0.2623
vn -0.3541 -0.8970 -0.2645
vn -0.3526 -0.8976 -0.2647
vn -0.3527 -0.8980 -0.2631
vn -0.3480 -0.9348 -0.0716
vn -0.3477 -0.9349 -0.0714
vn -0.2098 -0.9404 -0.2675
vn -0.2101 -0.9418 -0.2623
vn -0.2050 -0.9430 -0.2623
vn -0.0494 -0.9913 -0.1221
vn -0.0469 -0.9917 -0.1198
vn -0.0472 -0.9914 -0.1219
vn -0.0506 -0.9910 -0.1243
vn -0.0502 -0.9912 -0.1221
vn -0.0483 -0.9914 -0.1220
vn -0.0189 -0.9998 0.0083
vn -0.0156 -0.9998 0.0082
vn -0.0201 -0.9998 0.0052
vn -0.1998 -0.9743 -0.1037
vn -0.1990 -0.9751 -0.0980
vn -0.2047 -0.9739 -0.0978
vn -0.2014 -0.9746 -0.0979
vn -0.2063 -0.9742 -0.0919
vn -0.2071 -0.9734 -0.0977
vn -0.3481 -0.9347 -0.0717
vn -0.3481 -0.9347 -0.0714
vn -0.1612 -0.9848 0.0647
vn -0.1602 -0.9850 0.0640
vn -0.1607 -0.9850 0.0629
vn -0.1612 -0.9847 0.0660
vn -0.1607 -0.9849 0.0643
vn -0.1617 -0.9847 0.0650
vn -0.3008 -0.9464 0.1175
vn 0.5825 -0.5412 0.6065
vn 0.5825 -0.5413 0.6064
vn 0.4251 -0.6343 0.6457
vn 0.2601 -0.7223 0.6408
vn 0.2601 -0.7223 0.6407
vn 0.0970 -0.8001 0.5920
vn 0.0971 -0.8000 0.5921
vn -0.0546 -0.8628 0.5026
vn -0.0545 -0.8628 0.5027
vn -0.1859 -0.9074 0.3770
vn -0.2893 -0.9309 0.2228
vn -0.2889 -0.9312 0.2224
vn -0.2890 -0.9310 0.2229
vn -0.2895 -0.9309 0.2229
vn -0.2892 -0.9310 0.2227
vn -0.3589 -0.9321 0.0491
vn -0.3592 -0.9320 0.0493
vn -0.3904 -0.9108 -0.1340
vn -0.3819 -0.8686 -0.3157
vn -0.3822 -0.8684 -0.3160
vn -0.3819 -0.8685 -0.3160
vn -0.3344 -0.8073 -0.4863
vn -0.3346 -0.8071 -0.4864
vn -0.2505 -0.7308 -0.6350
vn -0.2505 -0.7310 -0.6347
vn -0.1348 -0.6439 -0.7532
vn -0.1348 -0.6436 -0.7534
vn -0.5830 0.5444 -0.6031
vn -0.5830 0.5442 -0.6032
vn -0.4263 0.6371 -0.6422
vn -0.4264 0.6372 -0.6420
vn -0.2619 0.7246 -0.6374
vn -0.2620 0.7249 -0.6370
vn -0.0995 0.8020 -0.5889
vn -0.0995 0.8020 -0.5890
vn 0.0514 0.8648 -0.4994
vn 0.0511 0.8648 -0.4996
vn 0.0517 0.8647 -0.4996
vn 0.0513 0.8648 -0.4995
vn 0.1824 0.9090 -0.3747
vn 0.1825 0.9091 -0.3744
vn 0.2854 0.9327 -0.2207
vn 0.2855 0.9326 -0.2210
vn 0.3548 0.9337 -0.0479
vn 0.3546 0.9338 -0.0477
vn 0.3861 0.9126 0.1346
vn 0.3862 0.9126 0.1345
vn 0.3780 0.8702 0.3159
vn 0.3773 0.8706 0.3158
vn 0.3780 0.8703 0.3159
vn 0.3777 0.8704 0.3159
vn 0.3306 0.8093 0.4855
vn 0.3306 0.8092 0.4856
vn 0.2468 0.7333 0.6336
vn 0.1313 0.6464 0.7516
vn 0.1315 0.6467 0.7514
vn -0.4663 0.8658 0.1813
vn -0.0088 0.5539 0.8325
vn -0.0087 0.5543 0.8323
vn -0.1656 0.4615 0.8716
vn -0.1655 0.4615 0.8716
vn -0.3300 0.3739 0.8668
vn -0.3298 0.3737 0.8669
vn -0.4926 0.2965 0.8182
vn -0.4923 0.2964 0.8184
vn -0.6435 0.2339 0.7288
vn -0.6435 0.2337 0.7289
vn -0.7743 0.1894 0.6039
vn -0.7742 0.1894 0.6039
vn -0.8773 0.1660 0.4503
vn -0.8773 0.1659 0.4503
vn -0.9465 0.1649 0.2774
vn -0.9465 0.1648 0.2773
vn -0.9780 0.1860 0.0949
vn -0.9697 0.2283 -0.0864
vn -0.9698 0.2282 -0.0864
vn -0.9223 0.2893 -0.2562
vn -0.9224 0.2892 -0.2560
vn -0.8386 0.3653 -0.4041
vn -0.8388 0.3652 -0.4038
vn -0.7234 0.4521 -0.5218
vn -0.7232 0.4520 -0.5222
vn 0.0058 -0.5510 -0.8345
vn 0.0060 -0.5509 -0.8346
vn 0.1633 -0.4579 -0.8739
vn 0.1634 -0.4580 -0.8738
vn 0.3285 -0.3701 -0.8690
vn 0.3283 -0.3700 -0.8691
vn 0.4911 -0.2923 -0.8206
vn 0.4915 -0.2924 -0.8203
vn 0.6431 -0.2296 -0.7305
vn 0.6431 -0.2295 -0.7306
vn 0.7744 -0.1851 -0.6051
vn 0.7744 -0.1849 -0.6051
vn 0.8778 -0.1613 -0.4510
vn 0.8777 -0.1612 -0.4512
vn 0.9473 -0.1602 -0.2773
vn 0.9473 -0.1602 -0.2774
vn 0.9789 -0.1814 -0.0942
vn 0.9789 -0.1815 -0.0942
vn 0.9706 -0.2239 0.0879
vn 0.9707 -0.2238 0.0878
vn 0.9231 -0.2850 0.2580
vn 0.9231 -0.2851 0.2581
vn 0.8391 -0.3614 0.4067
vn 0.8390 -0.3615 0.4066
vn 0.7233 -0.4485 0.5250
vn 0.7233 -0.4486 0.5250
vn 0.4665 -0.8657 -0.1816
vn 0.4669 -0.8656 -0.1810
vn 0.4666 -0.8658 -0.1805
vn -0.6931 0.6163 0.3739
vn -0.6924 0.6165 0.3749
vn -0.6922 0.6171 0.3742
vn -0.5200 0.8248 0.2222
vn -0.5192 0.8249 0.2235
vn -0.5188 0.8254 0.2228
vn -0.5191 0.8254 0.2217
vn -0.5195 0.8250 0.2224
vn -0.5182 0.8257 0.2229
vn -0.6124 0.7302 0.3030
vn -0.6927 0.6167 0.3740
vn -0.6917 0.6176 0.3743
vn -0.6925 0.6173 0.3733
vn -0.6124 0.7301 0.3033
vn -0.5070 0.8289 0.2364
vn -0.5069 0.8286 0.2379
vn -0.5073 0.8285 0.2371
vn -0.5067 0.8286 0.2382
vn -0.5072 0.8281 0.2389
vn -0.5071 0.8285 0.2375
vn -0.6260 0.6364 0.4507
vn -0.6290 0.6353 0.4480
vn -0.6290 0.6354 0.4479
vn -0.5501 0.6654 0.5046
vn -0.5502 0.6660 0.5037
vn -0.5519 0.6647 0.5037
vn -0.6273 0.6360 0.4495
vn -0.6273 0.6359 0.4496
vn -0.6302 0.6349 0.4469
vn -0.5713 0.7431 0.3484
vn -0.5695 0.7438 0.3500
vn -0.5733 0.7419 0.3476
vn -0.5760 0.7407 0.3457
vn -0.5721 0.7426 0.3481
vn -0.5742 0.7414 0.3474
vn -0.4917 0.8347 0.2481
vn -0.4886 0.8361 0.2495
vn -0.4902 0.8353 0.2489
vn -0.4879 0.8364 0.2498
vn -0.4864 0.8371 0.2506
vn -0.4895 0.8356 0.2492
vn -0.5511 0.6653 0.5037
vn -0.5495 0.6666 0.5037
vn -0.5513 0.6658 0.5028
vn -0.5284 0.7596 0.3792
vn -0.5261 0.7603 0.3810
vn -0.5273 0.7598 0.3803
vn -0.5256 0.7605 0.3814
vn -0.5245 0.7606 0.3825
vn -0.5268 0.7600 0.3806
vn -0.4731 0.8428 0.2566
vn -0.4724 0.8433 0.2562
vn -0.4725 0.8431 0.2568
vn -0.4723 0.8434 0.2560
vn -0.4717 0.8437 0.2561
vn -0.4725 0.8432 0.2565
vn -0.4639 0.7063 0.5347
vn -0.4644 0.7059 0.5348
vn -0.4644 0.7061 0.5346
vn -0.4753 0.7837 0.3999
vn -0.4737 0.7845 0.4003
vn -0.4744 0.7848 0.3989
vn -0.4642 0.7061 0.5347
vn -0.4641 0.7060 0.5349
vn -0.4647 0.7057 0.5348
vn -0.4756 0.7844 0.3981
vn -0.4749 0.7841 0.3995
vn -0.4740 0.7852 0.3985
vn -0.4550 0.8524 0.2577
vn -0.4540 0.8528 0.2581
vn -0.4543 0.8530 0.2569
vn -0.4539 0.8527 0.2585
vn -0.4529 0.8533 0.2584
vn -0.4542 0.8529 0.2574
vn -0.3784 0.7510 0.5412
vn -0.3779 0.7515 0.5408
vn -0.3777 0.7509 0.5418
vn -0.4210 0.8129 0.4024
vn -0.4204 0.8129 0.4030
vn -0.4208 0.8128 0.4028
vn -0.3782 0.7512 0.5410
vn -0.3781 0.7520 0.5400
vn -0.3776 0.7518 0.5406
vn -0.4201 0.8131 0.4030
vn -0.4202 0.8128 0.4035
vn -0.4206 0.8129 0.4029
vn -0.4371 0.8632 0.2528
vn -0.4372 0.8631 0.2529
vn -0.4377 0.8629 0.2525
vn -0.4368 0.8632 0.2533
vn -0.4371 0.8632 0.2527
vn -0.4373 0.8630 0.2528
vn -0.3692 0.8422 0.3929
vn -0.3684 0.8427 0.3927
vn -0.3697 0.8428 0.3912
vn -0.2945 0.8011 0.5211
vn -0.2927 0.8020 0.5206
vn -0.2962 0.8000 0.5218
vn -0.2937 0.8015 0.5209
vn -0.2901 0.8035 0.5198
vn -0.2918 0.8025 0.5205
vn -0.3707 0.8413 0.3935
vn -0.3689 0.8420 0.3937
vn -0.3695 0.8426 0.3919
vn -0.4215 0.8729 0.2458
vn -0.4218 0.8733 0.2437
vn -0.4199 0.8740 0.2446
vn -0.4226 0.8731 0.2432
vn -0.4211 0.8742 0.2420
vn -0.4207 0.8737 0.2442
vn -0.2176 0.8507 0.4786
vn -0.2178 0.8509 0.4780
vn -0.2182 0.8507 0.4782
vn -0.2177 0.8508 0.4783
vn -0.2180 0.8511 0.4777
vn -0.3288 0.8707 0.3659
vn -0.3249 0.8734 0.3628
vn -0.3235 0.8725 0.3662
vn -0.3252 0.8705 0.3694
vn -0.3266 0.8714 0.3660
vn -0.3213 0.8733 0.3663
vn -0.4077 0.8829 0.2329
vn -0.4083 0.8831 0.2313
vn -0.4070 0.8835 0.2319
vn -0.4087 0.8830 0.2310
vn -0.4079 0.8836 0.2300
vn -0.4075 0.8833 0.2317
vn -0.2869 0.9000 0.3280
vn -0.2874 0.9006 0.3261
vn -0.2861 0.9007 0.3269
vn -0.1575 0.8965 0.4141
vn -0.1578 0.8963 0.4145
vn -0.1576 0.8964 0.4143
vn -0.1578 0.8962 0.4147
vn -0.2880 0.9005 0.3257
vn -0.2872 0.9012 0.3246
vn -0.2867 0.9007 0.3266
vn -0.3980 0.8919 0.2147
vn -0.4033 0.8896 0.2145
vn -0.3958 0.8929 0.2148
vn -0.3997 0.8921 0.2107
vn -0.4010 0.8906 0.2145
vn -0.2619 0.9240 0.2788
vn -0.2615 0.9245 0.2774
vn -0.2652 0.9236 0.2769
vn -0.1158 0.9358 0.3330
vn -0.1160 0.9357 0.3333
vn -0.2599 0.9249 0.2776
vn -0.2608 0.9257 0.2740
vn -0.2635 0.9240 0.2771
vn -0.3982 0.8949 0.2016
vn -0.3946 0.8978 0.1955
vn -0.4021 0.8947 0.1944
vn -0.3920 0.9030 0.1760
vn -0.3947 0.9019 0.1755
vn -0.3924 0.9034 0.1731
vn -0.3914 0.8991 0.1960
vn -0.3906 0.9011 0.1881
vn -0.3989 0.8960 0.1949
vn -0.0973 0.9657 0.2406
vn -0.2490 0.9425 0.2231
vn -0.2472 0.9434 0.2210
vn -0.2498 0.9428 0.2206
vn -0.0975 0.9657 0.2407
vn -0.2461 0.9437 0.2212
vn -0.2460 0.9443 0.2187
vn -0.2489 0.9431 0.2206
vn -0.4044 0.9013 0.1552
vn -0.4041 0.9013 0.1560
vn -0.4049 0.9012 0.1545
vn -0.4043 0.9013 0.1556
vn -0.4035 0.9014 0.1570
vn -0.4039 0.9013 0.1563
vn -0.3954 0.9011 0.1781
vn -0.3958 0.9014 0.1754
vn -0.3931 0.9025 0.1758
vn -0.2619 0.9596 0.1027
vn -0.2636 0.9589 0.1053
vn -0.2647 0.9589 0.1026
vn -0.1253 0.9910 0.0467
vn -0.1248 0.9910 0.0479
vn -0.1242 0.9911 0.0473
vn -0.2420 0.9568 0.1614
vn -0.2432 0.9579 0.1528
vn -0.2504 0.9547 0.1610
vn -0.1019 0.9845 0.1431
vn -0.1021 0.9844 0.1432
vn -0.1020 0.9844 0.1436
vn -0.2527 0.9526 0.1694
vn -0.2455 0.9559 0.1612
vn -0.2539 0.9538 0.1608
vn -0.1019 0.9845 0.1430
vn -0.1020 0.9844 0.1435
vn -0.1018 0.9844 0.1436
vn -0.1242 0.9912 0.0465
vn -0.1248 0.9911 0.0470
vn -0.1236 0.9912 0.0476
vn -0.2608 0.9599 0.1027
vn -0.2635 0.9592 0.1027
vn -0.2618 0.9599 0.1001
vn -0.1714 0.9843 -0.0413
vn -0.1713 0.9844 -0.0407
vn -0.1715 0.9843 -0.0407
vn -0.4134 0.8999 0.1388
vn -0.4143 0.8997 0.1374
vn -0.4126 0.9005 0.1375
vn -0.4113 0.9009 0.1383
vn -0.4131 0.9001 0.1382
vn -0.4123 0.9007 0.1369
vn -0.2970 0.9536 0.0492
vn -0.2986 0.9532 0.0468
vn -0.2942 0.9545 0.0492
vn -0.1715 0.9843 -0.0409
vn -0.1716 0.9843 -0.0403
vn -0.1720 0.9843 -0.0407
vn -0.2914 0.9552 0.0516
vn -0.2958 0.9540 0.0492
vn -0.2930 0.9548 0.0492
vn -0.4242 0.8970 0.1244
vn -0.4244 0.8972 0.1223
vn -0.4253 0.8966 0.1237
vn -0.4238 0.8976 0.1217
vn -0.4250 0.8971 0.1205
vn -0.4249 0.8969 0.1228
vn -0.2361 0.9652 -0.1128
vn -0.2335 0.9657 -0.1137
vn -0.2340 0.9659 -0.1109
vn -0.3109 0.9356 -0.1676
vn -0.3105 0.9356 -0.1678
vn -0.3102 0.9359 -0.1672
vn -0.2349 0.9654 -0.1132
vn -0.2343 0.9652 -0.1160
vn -0.2322 0.9660 -0.1141
vn -0.3343 0.9425 0.0046
vn -0.3349 0.9422 0.0040
vn -0.3341 0.9425 0.0038
vn -0.3334 0.9428 0.0039
vn -0.3342 0.9425 0.0042
vn -0.3340 0.9426 0.0033
vn -0.4402 0.8906 0.1138
vn -0.4401 0.8909 0.1123
vn -0.4421 0.8898 0.1128
vn -0.3814 0.9239 -0.0296
vn -0.3815 0.9239 -0.0300
vn -0.3808 0.9242 -0.0296
vn -0.4393 0.8913 0.1121
vn -0.4412 0.8905 0.1111
vn -0.4413 0.8903 0.1126
vn -0.3103 0.9358 -0.1674
vn -0.3107 0.9355 -0.1681
vn -0.3101 0.9358 -0.1678
vn -0.3813 0.9240 -0.0293
vn -0.3819 0.9237 -0.0296
vn -0.3811 0.9241 -0.0296
vn -0.4567 0.8835 0.1046
vn -0.4581 0.8826 0.1057
vn -0.4580 0.8828 0.1043
vn -0.4581 0.8825 0.1063
vn -0.4594 0.8819 0.1061
vn -0.4580 0.8828 0.1048
vn -0.3975 0.8959 -0.1982
vn -0.3971 0.8958 -0.1996
vn -0.3962 0.8966 -0.1979
vn -0.3974 0.8959 -0.1987
vn -0.3983 0.8951 -0.2004
vn -0.3969 0.8957 -0.2002
vn -0.4336 0.8999 -0.0469
vn -0.4333 0.9000 -0.0483
vn -0.4326 0.9004 -0.0474
vn -0.4336 0.8998 -0.0487
vn -0.4324 0.9004 -0.0487
vn -0.4330 0.9002 -0.0477
vn -0.4753 0.8737 0.1033
vn -0.4758 0.8734 0.1038
vn -0.4756 0.8735 0.1034
vn -0.4759 0.8734 0.1039
vn -0.4763 0.8731 0.1040
vn -0.4758 0.8734 0.1036
vn -0.4858 0.8491 -0.2074
vn -0.4854 0.8496 -0.2064
vn -0.4849 0.8496 -0.2074
vn -0.4861 0.8724 -0.0507
vn -0.4869 0.8720 -0.0511
vn -0.4865 0.8722 -0.0510
vn -0.4870 0.8719 -0.0512
vn -0.4873 0.8717 -0.0514
vn -0.4866 0.8721 -0.0510
vn -0.4856 0.8493 -0.2070
vn -0.4863 0.8492 -0.2057
vn -0.4852 0.8498 -0.2059
vn -0.4898 0.8656 0.1042
vn -0.4938 0.8630 0.1071
vn -0.4921 0.8642 0.1051
vn -0.5370 0.8427 -0.0394
vn -0.5375 0.8423 -0.0399
vn -0.5370 0.8426 -0.0401
vn -0.4945 0.8625 0.1080
vn -0.4968 0.8610 0.1088
vn -0.4928 0.8637 0.1060
vn -0.5713 0.7991 -0.1873
vn -0.5705 0.7995 -0.1879
vn -0.5704 0.7996 -0.1877
vn -0.5364 0.8430 -0.0394
vn -0.5370 0.8427 -0.0392
vn -0.5370 0.8427 -0.0399
vn -0.5708 0.7993 -0.1876
vn -0.5710 0.7991 -0.1880
vn -0.5702 0.7996 -0.1883
vn -0.5135 0.8503 0.1151
vn -0.5133 0.8506 0.1140
vn -0.5111 0.8518 0.1150
vn -0.5142 0.8501 0.1135
vn -0.5123 0.8511 0.1151
vn -0.5120 0.8513 0.1146
vn -0.6438 0.7515 -0.1443
vn -0.6442 0.7511 -0.1443
vn -0.6435 0.7517 -0.1444
vn -0.6440 0.7513 -0.1442
vn -0.6448 0.7507 -0.1440
vn -0.6444 0.7510 -0.1443
vn -0.5848 0.8111 -0.0139
vn -0.5823 0.8128 -0.0160
vn -0.5819 0.8132 -0.0134
vn -0.5821 0.8131 -0.0100
vn -0.5832 0.8122 -0.0138
vn -0.5806 0.8141 -0.0132
vn -0.5217 0.8435 0.1280
vn -0.5213 0.8436 0.1287
vn -0.5225 0.8428 0.1292
vn -0.5208 0.8439 0.1285
vn -0.5216 0.8433 0.1296
vn -0.5220 0.8431 0.1289
vn -0.6207 0.7836 0.0262
vn -0.6224 0.7823 0.0265
vn -0.6217 0.7829 0.0255
vn -0.6196 0.7845 0.0255
vn -0.6203 0.7839 0.0265
vn -0.6213 0.7832 0.0258
vn -0.7047 0.7047 -0.0817
vn -0.7048 0.7048 -0.0801
vn -0.7055 0.7041 -0.0805
vn -0.7048 0.7048 -0.0809
vn -0.7038 0.7059 -0.0801
vn -0.7049 0.7049 -0.0794
vn -0.5308 0.8349 0.1456
vn -0.5308 0.8348 0.1463
vn -0.5253 0.8381 0.1470
vn -0.5331 0.8334 0.1460
vn -0.5299 0.8344 0.1515
vn -0.5276 0.8367 0.1467
vn -0.7471 0.6647 0.0008
vn -0.7457 0.6662 0.0036
vn -0.7444 0.6677 -0.0000
vn -0.6460 0.7601 0.0700
vn -0.6440 0.7613 0.0757
vn -0.6475 0.7584 0.0742
vn -0.7483 0.6634 0.0012
vn -0.7456 0.6664 0.0003
vn -0.7470 0.6648 -0.0025
vn -0.6425 0.7625 0.0762
vn -0.6440 0.7608 0.0804
vn -0.6462 0.7595 0.0747
vn -0.5350 0.8293 0.1616
vn -0.5323 0.8302 0.1655
vn -0.5353 0.8284 0.1650
vn -0.5310 0.8310 0.1656
vn -0.5313 0.8301 0.1691
vn -0.5340 0.8292 0.1652
vn -0.6586 0.7410 0.1313
vn -0.6586 0.7408 0.1320
vn -0.6591 0.7406 0.1310
vn -0.7664 0.6354 0.0942
vn -0.7644 0.6373 0.0975
vn -0.7641 0.6382 0.0941
vn -0.7674 0.6342 0.0942
vn -0.7651 0.6370 0.0941
vn -0.7671 0.6351 0.0907
vn -0.6591 0.7407 0.1300
vn -0.6586 0.7410 0.1310
vn -0.6590 0.7407 0.1307
vn -0.5371 0.8230 0.1849
vn -0.5300 0.8228 0.2051
vn -0.5249 0.8260 0.2052
vn -0.5278 0.8228 0.2107
vn -0.5279 0.8242 0.2052
vn -0.5250 0.8273 0.1998
vn -0.5228 0.8274 0.2053
vn -0.5373 0.8229 0.1850
vn -0.6404 0.7266 0.2488
vn -0.6390 0.7285 0.2468
vn -0.6377 0.7285 0.2501
vn -0.7399 0.6087 0.2863
vn -0.7410 0.6087 0.2836
vn -0.7380 0.6103 0.2879
vn -0.6525 0.7332 0.1915
vn -0.6521 0.7335 0.1917
vn -0.7676 0.6121 0.1902
vn -0.7664 0.6121 0.1950
vn -0.7625 0.6180 0.1916
vn -0.6520 0.7337 0.1912
vn -0.6523 0.7334 0.1914
vn -0.7697 0.6096 0.1896
vn -0.7647 0.6155 0.1909
vn -0.7696 0.6121 0.1820
vn -0.7362 0.6109 0.2912
vn -0.7391 0.6094 0.2871
vn -0.7373 0.6109 0.2885
vn -0.6415 0.7258 0.2483
vn -0.6387 0.7277 0.2499
vn -0.6402 0.7258 0.2516
vn -0.0416 0.9909 -0.1283
vn -0.0422 0.9907 -0.1292
vn -0.0407 0.9908 -0.1290
vn -0.0397 0.9909 -0.1284
vn -0.0412 0.9908 -0.1287
vn -0.0404 0.9908 -0.1293
vn 0.2117 0.9322 -0.2937
vn 0.2087 0.9330 -0.2933
vn 0.2097 0.9333 -0.2916
vn 0.0876 0.9728 -0.2145
vn 0.0869 0.9729 -0.2143
vn 0.0872 0.9729 -0.2140
vn 0.2104 0.9325 -0.2935
vn 0.2104 0.9324 -0.2940
vn 0.2074 0.9333 -0.2931
vn 0.0874 0.9729 -0.2141
vn 0.0874 0.9729 -0.2142
vn 0.0869 0.9731 -0.2136
vn -0.1283 0.9655 -0.2268
vn -0.1269 0.9650 -0.2296
vn -0.1319 0.9642 -0.2301
vn -0.1248 0.9653 -0.2295
vn -0.1285 0.9640 -0.2328
vn -0.1298 0.9645 -0.2298
vn 0.0783 0.8952 -0.4387
vn 0.0847 0.8943 -0.4394
vn 0.0830 0.8969 -0.4344
vn -0.0184 0.9409 -0.3381
vn -0.0228 0.9394 -0.3421
vn -0.0244 0.9406 -0.3388
vn 0.0810 0.8948 -0.4390
vn 0.0827 0.8922 -0.4440
vn 0.0874 0.8939 -0.4397
vn -0.0226 0.9419 -0.3351
vn -0.0209 0.9408 -0.3384
vn -0.0269 0.9404 -0.3390
vn -0.2366 0.9231 -0.3032
vn -0.2363 0.9228 -0.3042
vn -0.2380 0.9225 -0.3039
vn -0.1542 0.8890 -0.4312
vn -0.1540 0.8884 -0.4325
vn -0.1526 0.8890 -0.4318
vn -0.2356 0.9229 -0.3044
vn -0.2370 0.9224 -0.3051
vn -0.2373 0.9226 -0.3041
vn -0.0713 0.8341 -0.5470
vn -0.0682 0.8345 -0.5467
vn -0.0686 0.8352 -0.5457
vn -0.1535 0.8896 -0.4302
vn -0.1549 0.8890 -0.4310
vn -0.1533 0.8890 -0.4316
vn -0.0699 0.8343 -0.5468
vn -0.0694 0.8338 -0.5477
vn -0.0668 0.8349 -0.5464
vn -0.3523 0.8690 -0.3475
vn -0.3525 0.8690 -0.3472
vn -0.3535 0.8684 -0.3478
vn -0.3521 0.8693 -0.3469
vn -0.3532 0.8687 -0.3472
vn -0.3531 0.8687 -0.3475
vn -0.2387 0.7562 -0.6092
vn -0.2391 0.7560 -0.6093
vn -0.2382 0.7564 -0.6092
vn -0.2990 0.8219 -0.4848
vn -0.2996 0.8216 -0.4850
vn -0.2994 0.8220 -0.4844
vn -0.2392 0.7560 -0.6094
vn -0.2395 0.7559 -0.6093
vn -0.2992 0.8223 -0.4841
vn -0.2991 0.8219 -0.4847
vn -0.2997 0.8220 -0.4842
vn -0.4717 0.8070 -0.3552
vn -0.4721 0.8064 -0.3561
vn -0.4727 0.8065 -0.3551
vn -0.4719 0.8064 -0.3565
vn -0.4728 0.8058 -0.3564
vn -0.4725 0.8064 -0.3555
vn -0.4487 0.7440 -0.4951
vn -0.4495 0.7430 -0.4958
vn -0.4486 0.7436 -0.4959
vn -0.5802 0.5661 -0.5855
vn -0.5802 0.5661 -0.5856
vn -0.4136 0.6636 -0.6233
vn -0.4134 0.6647 -0.6223
vn -0.4123 0.6644 -0.6234
vn -0.4134 0.6641 -0.6230
vn -0.4146 0.6644 -0.6218
vn -0.4133 0.6651 -0.6219
vn -0.4480 0.7447 -0.4947
vn -0.4488 0.7443 -0.4946
vn -0.4486 0.7438 -0.4955
vn -0.5861 0.7402 -0.3296
vn -0.5864 0.7400 -0.3295
vn -0.6875 0.6736 -0.2712
vn -0.6884 0.6729 -0.2708
vn -0.6884 0.6730 -0.2705
vn -0.5861 0.7402 -0.3295
vn -0.7284 0.4684 -0.5001
vn -0.7282 0.4692 -0.4996
vn -0.7274 0.4691 -0.5009
vn -0.5800 0.5662 -0.5857
vn -0.5894 0.6622 -0.4628
vn -0.5914 0.6609 -0.4620
vn -0.5915 0.6607 -0.4622
vn -0.5902 0.6614 -0.4628
vn -0.5903 0.6615 -0.4626
vn -0.5923 0.6601 -0.4620
vn -0.7738 0.6069 -0.1814
vn -0.7708 0.6105 -0.1822
vn -0.7763 0.6048 -0.1778
vn -0.6879 0.6731 -0.2714
vn -0.6888 0.6726 -0.2707
vn -0.6879 0.6733 -0.2710
vn -0.7277 0.4692 -0.5004
vn -0.7285 0.4692 -0.4991
vn -0.7275 0.4699 -0.4999
vn -0.7183 0.5767 -0.3892
vn -0.7191 0.5762 -0.3885
vn -0.7189 0.5758 -0.3894
vn -0.7184 0.5760 -0.3901
vn -0.7186 0.5764 -0.3892
vn -0.7191 0.5755 -0.3895
vn -0.7670 0.6140 -0.1861
vn -0.7695 0.6120 -0.1826
vn -0.7726 0.6084 -0.1816
vn -0.8195 0.4990 -0.2818
vn -0.8197 0.4993 -0.2806
vn -0.8200 0.4986 -0.2811
vn -0.8475 0.3777 -0.3731
vn -0.8481 0.3772 -0.3721
vn -0.8468 0.3781 -0.3740
vn -0.8478 0.3774 -0.3727
vn -0.8490 0.3764 -0.3708
vn -0.8484 0.3769 -0.3717
vn -0.8196 0.4996 -0.2803
vn -0.8201 0.4992 -0.2796
vn -0.8199 0.4989 -0.2809
vn -0.8279 0.5563 -0.0710
vn -0.8279 0.5563 -0.0713
vn -0.8282 0.5558 -0.0712
vn -0.8281 0.5561 -0.0712
vn -0.9304 0.2994 -0.2113
vn -0.9310 0.2985 -0.2101
vn -0.9300 0.2999 -0.2126
vn -0.8899 0.4323 -0.1457
vn -0.8895 0.4337 -0.1438
vn -0.8908 0.4313 -0.1431
vn -0.8890 0.4347 -0.1441
vn -0.8899 0.4336 -0.1417
vn -0.8903 0.4323 -0.1435
vn -0.9307 0.2990 -0.2109
vn -0.9316 0.2976 -0.2085
vn -0.9311 0.2982 -0.2099
vn -0.8561 0.5140 0.0548
vn -0.8565 0.5132 0.0544
vn -0.8562 0.5138 0.0540
vn -0.8566 0.5130 0.0547
vn -0.8566 0.5132 0.0539
vn -0.8563 0.5136 0.0542
vn -0.9709 0.2378 -0.0270
vn -0.9706 0.2392 -0.0273
vn -0.9708 0.2382 -0.0284
vn -0.9239 0.3824 0.0137
vn -0.9239 0.3823 0.0140
vn -0.9237 0.3829 0.0139
vn -0.9241 0.3819 0.0139
vn -0.9239 0.3824 0.0146
vn -0.9238 0.3826 0.0138
vn -0.9708 0.2384 -0.0271
vn -0.9705 0.2396 -0.0258
vn -0.9704 0.2400 -0.0275
vn -0.8494 0.4927 0.1893
vn -0.8492 0.4925 0.1903
vn -0.8498 0.4922 0.1886
vn -0.8502 0.4921 0.1873
vn -0.8495 0.4925 0.1891
vn -0.8500 0.4920 0.1883
vn -0.8166 0.4814 0.3185
vn -0.8174 0.4799 0.3186
vn -0.8169 0.4802 0.3196
vn -0.8169 0.4808 0.3186
vn -0.8182 0.4796 0.3170
vn -0.8178 0.4793 0.3186
vn -0.9152 0.1880 0.3565
vn -0.9152 0.1888 0.3560
vn -0.9154 0.1881 0.3558
vn -0.9654 0.2012 0.1662
vn -0.9654 0.2011 0.1662
vn -0.9186 0.3517 0.1802
vn -0.9181 0.3513 0.1833
vn -0.9198 0.3492 0.1791
vn -0.9208 0.3483 0.1755
vn -0.9191 0.3506 0.1797
vn -0.9204 0.3479 0.1786
vn -0.8775 0.3377 0.3406
vn -0.8770 0.3383 0.3412
vn -0.8771 0.3377 0.3415
vn -0.8773 0.3380 0.3409
vn -0.8771 0.3386 0.3406
vn -0.8768 0.3386 0.3414
vn -0.9151 0.1891 0.3562
vn -0.9153 0.1891 0.3556
vn -0.9153 0.1886 0.3559
vn -0.7558 0.4873 0.4374
vn -0.7536 0.4878 0.4406
vn -0.7532 0.4896 0.4392
vn -0.7544 0.4900 0.4368
vn -0.7548 0.4883 0.4381
vn -0.7522 0.4905 0.4400
vn -0.8237 0.2019 0.5298
vn -0.8236 0.2019 0.5301
vn -0.8239 0.2019 0.5295
vn -0.7985 0.3491 0.4904
vn -0.7976 0.3493 0.4918
vn -0.7976 0.3502 0.4911
vn -0.8235 0.2019 0.5301
vn -0.8232 0.2019 0.5307
vn -0.8234 0.2018 0.5304
vn -0.7981 0.3505 0.4901
vn -0.7981 0.3495 0.4907
vn -0.7972 0.3506 0.4914
vn -0.6683 0.5148 0.5370
vn -0.6661 0.5162 0.5384
vn -0.6672 0.5152 0.5379
vn -0.5616 0.5570 0.6119
vn -0.5619 0.5566 0.6120
vn -0.5621 0.5567 0.6117
vn -0.6657 0.5166 0.5385
vn -0.6646 0.5170 0.5395
vn -0.6667 0.5157 0.5381
vn -0.6978 0.2376 0.6757
vn -0.6969 0.2392 0.6761
vn -0.6965 0.2384 0.6768
vn -0.6879 0.3831 0.6165
vn -0.6856 0.3839 0.6185
vn -0.6899 0.3823 0.6147
vn -0.6974 0.2383 0.6759
vn -0.6978 0.2397 0.6750
vn -0.6965 0.2398 0.6763
vn -0.6930 0.3811 0.6120
vn -0.6887 0.3828 0.6158
vn -0.6909 0.3819 0.6139
vn -0.5617 0.5566 0.6121
vn -0.5621 0.5563 0.6121
vn -0.5618 0.5568 0.6119
vn -0.5417 0.3008 0.7849
vn -0.5423 0.3003 0.7847
vn -0.5424 0.3005 0.7845
vn -0.5568 0.4343 0.7081
vn -0.5561 0.4336 0.7090
vn -0.5579 0.4341 0.7073
vn -0.5592 0.4346 0.7060
vn -0.5572 0.4341 0.7079
vn -0.5584 0.4340 0.7070
vn -0.5420 0.3007 0.7848
vn -0.5420 0.3003 0.7849
vn -0.5426 0.3001 0.7846
vn -0.4451 0.6099 0.6557
vn -0.4445 0.6106 0.6554
vn -0.4446 0.6102 0.6558
vn -0.4445 0.6108 0.6552
vn -0.4440 0.6110 0.6554
vn -0.4446 0.6104 0.6556
vn -0.3725 0.3783 0.8474
vn -0.3731 0.3788 0.8470
vn -0.3733 0.3779 0.8473
vn -0.4120 0.5009 0.7611
vn -0.4102 0.5018 0.7615
vn -0.4137 0.4996 0.7611
vn -0.4163 0.4982 0.7606
vn -0.4129 0.5004 0.7610
vn -0.4144 0.4992 0.7610
vn -0.3726 0.3784 0.8473
vn -0.3725 0.3794 0.8469
vn -0.3733 0.3790 0.8468
vn -0.3244 0.6734 0.6643
vn -0.3241 0.6733 0.6646
vn -0.3237 0.6737 0.6643
vn -0.3243 0.6729 0.6648
vn -0.3237 0.6733 0.6648
vn -0.3239 0.6735 0.6645
vn -0.2647 0.5788 0.7713
vn -0.2645 0.5786 0.7715
vn -0.1975 0.4707 0.8599
vn -0.1978 0.4699 0.8603
vn -0.1983 0.4702 0.8600
vn -0.1977 0.4705 0.8600
vn -0.1972 0.4701 0.8603
vn -0.1980 0.4696 0.8604
vn -0.2651 0.5788 0.7712
vn -0.2647 0.5791 0.7711
vn -0.2085 0.7401 0.6393
vn -0.2087 0.7398 0.6396
vn -0.2098 0.7400 0.6391
vn -0.2084 0.7398 0.6397
vn -0.2092 0.7401 0.6392
vn -0.2094 0.7400 0.6391
vn -0.0299 0.5684 0.8222
vn -0.0299 0.5670 0.8232
vn -0.0313 0.5674 0.8228
vn -0.0299 0.5678 0.8226
vn -0.0285 0.5672 0.8231
vn -0.0299 0.5663 0.8236
vn -0.1243 0.6614 0.7396
vn -0.1251 0.6627 0.7384
vn -0.1207 0.6637 0.7382
vn -0.1269 0.6623 0.7384
vn -0.1233 0.6645 0.7371
vn -0.1225 0.6632 0.7383
vn -0.1082 0.8103 0.5760
vn -0.1044 0.8074 0.5807
vn -0.1108 0.8066 0.5806
vn -0.1017 0.8078 0.5807
vn -0.1064 0.8048 0.5839
vn -0.1081 0.8070 0.5806
vn 0.1151 0.6661 0.7369
vn 0.1183 0.6654 0.7371
vn 0.1128 0.6645 0.7387
vn 0.1163 0.6658 0.7371
vn 0.1220 0.6668 0.7352
vn 0.1197 0.6651 0.7371
vn -0.0000 0.7469 0.6649
vn 0.0036 0.7494 0.6621
vn 0.0051 0.7462 0.6657
vn 0.0036 0.7434 0.6688
vn 0.0021 0.7466 0.6652
vn 0.0072 0.7459 0.6660
vn -0.0245 0.8697 0.4930
vn -0.0239 0.8701 0.4923
vn -0.0256 0.8704 0.4917
vn -0.0231 0.8700 0.4925
vn -0.0229 0.8709 0.4910
vn -0.0248 0.8703 0.4920
vn 0.1051 0.8240 0.5567
vn 0.1053 0.8235 0.5574
vn 0.1036 0.8236 0.5576
vn 0.2395 0.7570 0.6079
vn 0.2365 0.7573 0.6088
vn 0.2379 0.7557 0.6102
vn 0.2383 0.7571 0.6083
vn 0.2369 0.7587 0.6068
vn 0.2353 0.7574 0.6091
vn 0.1060 0.8235 0.5573
vn 0.1042 0.8236 0.5575
vn 0.0336 0.9232 0.3828
vn 0.0339 0.9240 0.3809
vn 0.0268 0.9242 0.3809
vn 0.0509 0.9656 0.2549
vn 0.0601 0.9652 0.2546
vn 0.0517 0.9679 0.2461
vn 0.0370 0.9239 0.3808
vn 0.0332 0.9263 0.3753
vn 0.0298 0.9241 0.3809
vn 0.3220 0.8344 0.4474
vn 0.3192 0.8355 0.4472
vn 0.3211 0.8333 0.4501
vn 0.1788 0.8895 0.4205
vn 0.1795 0.8897 0.4197
vn 0.1783 0.8901 0.4195
vn 0.1799 0.8897 0.4197
vn 0.1803 0.8901 0.4187
vn 0.1788 0.8899 0.4196
vn 0.3209 0.8348 0.4473
vn 0.3190 0.8371 0.4444
vn 0.3180 0.8360 0.4471
vn 0.0631 0.9627 0.2633
vn 0.0639 0.9650 0.2544
vn 0.0548 0.9654 0.2548
vn 0.3590 0.8951 0.2645
vn 0.3564 0.8961 0.2644
vn 0.3588 0.8944 0.2671
vn 0.2123 0.9413 0.2626
vn 0.2120 0.9413 0.2628
vn 0.3579 0.8955 0.2644
vn 0.3563 0.8970 0.2618
vn 0.3553 0.8965 0.2645
vn 0.0555 0.9910 0.1215
vn 0.0550 0.9915 0.1183
vn 0.0587 0.9908 0.1216
vn 0.0606 0.9903 0.1248
vn 0.0569 0.9910 0.1215
vn 0.0601 0.9908 0.1216
vn 0.0231 0.9997 -0.0091
vn 0.0199 0.9998 -0.0091
vn 0.0219 0.9997 -0.0122
vn 0.0217 0.9997 -0.0091
vn 0.0197 0.9998 -0.0060
vn 0.0185 0.9998 -0.0089
vn 0.3025 0.9456 -0.1200
vn 0.3036 0.9453 -0.1191
vn 0.3028 0.9456 -0.1193
vn 0.3505 0.9339 0.0710
vn 0.3504 0.9339 0.0707
vn 0.3504 0.9339 0.0712
vn 0.2119 0.9725 0.0972
vn 0.2115 0.9728 0.0948
vn 0.2095 0.9730 0.0970
vn 0.2089 0.9729 0.0994
vn 0.2110 0.9727 0.0971
vn 0.2085 0.9732 0.0970
vn 0.1616 0.9847 -0.0656
vn 0.1647 0.9841 -0.0657
vn 0.1647 0.9841 -0.0660
vn 0.1629 0.9845 -0.0656
vn 0.1637 0.9845 -0.0637
vn 0.1660 0.9839 -0.0656
vn 0.3039 0.9452 -0.1191
vn 0.3043 0.9452 -0.1183
vn 0.3032 0.9454 -0.1192
vn 0.3505 0.9339 0.0708
vn 0.3506 0.9339 0.0701
vn 0.3506 0.9339 0.0705
vn 0.8306 0.3129 -0.4607
vn 0.9178 -0.0750 -0.3898
vn 0.7899 -0.4626 -0.4026
vn 0.5274 -0.8366 -0.1480
vn 0.9357 0.0050 -0.3528
vn -0.0636 -0.9966 0.0531
vn -0.4620 -0.7184 0.5201
vn 0.5088 -0.8555 -0.0960
vn -0.4178 -0.8625 0.2854
vn -0.8846 0.0037 0.4663
vn -0.3197 0.8507 0.4173
vn 0.4166 0.8630 -0.2857
vn -0.4615 0.5823 0.6693
vn -0.7533 -0.0567 -0.6552
vn -0.4655 -0.0665 -0.8826
vn -0.4658 -0.0667 -0.8824
vn -0.5840 -0.1479 -0.7982
vn -0.8062 -0.3320 -0.4898
vn -0.4544 -0.0592 -0.8888
vn -0.4647 -0.0665 -0.8830
vn -0.4653 -0.0665 -0.8826
vn -0.5335 -0.2353 -0.8124
vn -0.4659 -0.0666 -0.8823
vn -0.4665 -0.0665 -0.8820
vn -0.4663 -0.0668 -0.8821
vn -0.4665 -0.0661 -0.8821
vn 0.8610 0.3975 0.3174
vn 0.8611 0.3974 0.3171
vn 0.8610 0.3974 0.3175
vn 0.7520 0.4959 -0.4343
vn -0.4654 -0.0668 -0.8826
vn 0.7522 0.4959 -0.4339
vn 0.8708 0.4854 -0.0779
vn 0.8708 0.4854 -0.0780
vn 0.7340 0.4930 -0.4671
vn 0.4723 0.4167 -0.7767
vn 0.4722 0.4167 -0.7768
vn -0.8800 -0.4749 0.0040
vn -0.8800 -0.4750 0.0040
vn -0.7691 -0.4980 0.4006
vn -0.7691 -0.4980 0.4007
vn -0.5272 -0.4363 0.7292
vn -0.5272 -0.4364 0.7292
vn -0.7520 -0.4959 0.4343
vn -0.2028 -0.3033 0.9311
vn -0.2028 -0.3037 0.9310
vn 0.8300 0.3138 -0.4611
vn 0.9177 -0.0754 -0.3900
vn 0.7895 -0.4625 -0.4033
vn 0.5276 -0.8366 -0.1474
vn 0.9361 0.0051 -0.3518
vn -0.0628 -0.9966 0.0531
vn -0.4635 -0.7181 0.5191
vn 0.5087 -0.8556 -0.0962
vn -0.4179 -0.8625 0.2855
vn -0.8844 0.0033 0.4667
vn -0.3199 0.8508 0.4170
vn 0.4179 0.8625 -0.2853
vn -0.4614 0.5827 0.6690
vn 0.8319 0.3122 -0.4589
vn 0.9178 -0.0746 -0.3901
vn 0.7882 -0.4643 -0.4040
vn 0.5280 -0.8364 -0.1473
vn 0.9359 0.0051 -0.3523
vn -0.0624 -0.9966 0.0529
vn -0.4636 -0.7178 0.5195
vn 0.5078 -0.8561 -0.0960
vn -0.4188 -0.8620 0.2858
vn -0.8843 0.0035 0.4669
vn -0.3207 0.8505 0.4169
vn 0.4177 0.8626 -0.2853
vn -0.4607 0.5830 0.6693
vn -0.7529 -0.0568 -0.6556
vn -0.4661 -0.0663 -0.8823
vn -0.5840 -0.1480 -0.7982
vn -0.8066 -0.3324 -0.4887
vn -0.4544 -0.0591 -0.8888
vn -0.4652 -0.0660 -0.8828
vn -0.4655 -0.0661 -0.8826
vn -0.5334 -0.2351 -0.8125
vn -0.4654 -0.0669 -0.8826
vn -0.4664 -0.0664 -0.8821
vn -0.4664 -0.0668 -0.8821
vn -0.4667 -0.0663 -0.8819
vn -0.4674 0.8653 0.1810
vn -0.4667 0.8658 0.1809
vn 0.8611 0.3977 0.3167
vn 0.7521 0.4958 -0.4342
vn -0.8800 -0.4749 0.0039
vn -0.7690 -0.4980 0.4007
vn -0.7522 -0.4959 0.4339
vn -0.4659 -0.0665 -0.8823
vn -0.2024 -0.3035 0.9311
vn 0.8308 0.3132 -0.4600
vn 0.9175 -0.0745 -0.3908
vn 0.7895 -0.4629 -0.4029
vn 0.5275 -0.8367 -0.1474
vn 0.9359 0.0051 -0.3524
vn -0.0628 -0.9966 0.0529
vn -0.4636 -0.7176 0.5198
vn 0.5086 -0.8557 -0.0959
vn -0.4180 -0.8624 0.2855
vn -0.8845 0.0033 0.4664
vn 0.4176 0.8626 -0.2856
vn -0.4615 0.5825 0.6692
vn -0.6443 -0.6582 0.3895
vn -0.3902 -0.9016 0.1868
vn -0.0038 -0.9951 0.0986
vn 0.4018 -0.8906 -0.2132
vn -0.4747 -0.8630 0.1726
vn 0.8316 -0.4302 -0.3512
vn 0.7538 0.1786 -0.6324
vn 0.4193 -0.8684 -0.2646
vn 0.8844 -0.0036 -0.4668
vn 0.4188 0.8621 -0.2852
vn -0.5768 0.8139 -0.0696
vn -0.8848 0.0035 0.4659
vn -0.3229 0.8733 -0.3648
vn 0.5817 0.3748 0.7219
vn 0.4653 0.0664 0.8827
vn 0.5840 0.1478 0.7982
vn 0.8058 0.3319 0.4904
vn 0.4544 0.0591 0.8888
vn 0.4655 0.0664 0.8826
vn 0.6282 0.0589 0.7758
vn 0.4544 0.0592 0.8888
vn -0.4670 0.8657 0.1804
vn -0.8610 -0.3976 -0.3170
vn 0.4654 0.0665 0.8826
vn -0.7521 -0.4959 0.4340
vn -0.8708 -0.4854 0.0780
vn -0.7340 -0.4930 0.4671
vn -0.4723 -0.4167 0.7768
vn -0.4722 -0.4167 0.7768
vn 0.8800 0.4749 -0.0040
vn 0.7690 0.4980 -0.4007
vn 0.7691 0.4980 -0.4006
vn 0.5272 0.4363 -0.7292
vn 0.7520 0.4958 -0.4345
vn 0.2024 0.3035 -0.9311
vn -0.6449 -0.6578 0.3891
vn -0.3912 -0.9012 0.1864
vn 0.4025 -0.8904 -0.2128
vn -0.4734 -0.8638 0.1726
vn 0.8319 -0.4301 -0.3506
vn 0.7541 0.1783 -0.6321
vn 0.4198 -0.8683 -0.2643
vn 0.8843 -0.0033 -0.4669
vn 0.4187 0.8621 -0.2856
vn -0.8844 0.0034 0.4667
vn -0.3233 0.8732 -0.3647
vn -0.6444 -0.6578 0.3898
vn -0.3902 -0.9016 0.1867
vn -0.0000 -0.9951 0.0986
vn 0.4016 -0.8907 -0.2130
vn -0.4748 -0.8630 0.1727
vn 0.8317 -0.4299 -0.3513
vn 0.7548 0.1777 -0.6314
vn 0.8842 -0.0034 -0.4672
vn 0.4186 0.8621 -0.2856
vn -0.5769 0.8139 -0.0691
vn -0.8845 0.0034 0.4666
vn -0.3232 0.8731 -0.3649
vn 0.5818 0.3745 0.7220
vn 0.4659 0.0664 0.8823
vn 0.4660 0.0664 0.8823
vn 0.4662 0.0663 0.8822
vn 0.5840 0.1479 0.7982
vn 0.8064 0.3319 0.4895
vn 0.6286 0.0589 0.7755
vn -0.8610 -0.3977 -0.3171
vn -0.8610 -0.3977 -0.3169
vn -0.7520 -0.4958 0.4342
vn -0.8708 -0.4854 0.0779
vn 0.8800 0.4750 -0.0040
vn 0.7691 0.4980 -0.4007
vn 0.7691 0.4981 -0.4006
vn 0.5272 0.4364 -0.7291
vn 0.7520 0.4958 -0.4343
vn 0.4655 0.0664 0.8825
vn 0.4653 0.0665 0.8826
vn -0.6442 -0.6583 0.3893
vn -0.3914 -0.9011 0.1867
vn -0.0029 -0.9951 0.0984
vn 0.4024 -0.8901 -0.2139
vn -0.4733 -0.8638 0.1726
vn 0.8318 -0.4298 -0.3513
vn 0.7536 0.1786 -0.6326
vn 0.4200 -0.8683 -0.2641
vn 0.8843 -0.0035 -0.4668
vn 0.4185 0.8622 -0.2854
vn -0.5767 0.8140 -0.0695
vn -0.8845 0.0040 0.4666
vn -0.3230 0.8733 -0.3648
vn -0.8610 -0.3976 -0.3171
vn -0.8469 -0.4961 0.1912
vn -0.8470 -0.4962 0.1909
vn -0.8470 -0.4962 0.1908
vn -0.6579 -0.4763 0.5833
vn -0.7232 -0.4911 0.4857
vn -0.7231 -0.4911 0.4857
vn -0.7522 -0.4959 0.4340
vn -0.1700 -0.4905 -0.8547
vn 0.6365 -0.3753 0.6738
vn 0.1700 0.4905 0.8547
vn -0.6365 0.3753 -0.6738
vn -0.5210 -0.1278 0.8440
vn -0.8838 0.0862 0.4599
vn -0.9807 -0.1935 -0.0274
vn -0.7148 -0.6870 -0.1305
vn -0.3520 -0.9010 0.2536
vn -0.2551 -0.6214 0.7408
vn -0.8838 0.0861 0.4599
vn -0.4848 0.8534 0.1914
vn -0.5230 0.8260 0.2100
vn -0.5610 0.7968 0.2247
vn -0.5987 0.7654 0.2360
vn -0.6372 0.7312 0.2438
vn -0.6745 0.6954 0.2479
vn -0.7118 0.6569 0.2486
vn -0.7483 0.6162 0.2455
vn -0.7836 0.5736 0.2387
vn -0.8172 0.5293 0.2282
vn -0.8493 0.4828 0.2134
vn -0.8493 0.4829 0.2131
vn -0.8587 0.4439 0.2560
vn -0.8662 0.4032 0.2952
vn -0.8724 0.3606 0.3299
vn -0.8773 0.3155 0.3615
vn -0.8809 0.2698 0.3890
vn -0.8833 0.2231 0.4124
vn -0.8850 0.1754 0.4313
vn -0.8856 0.1269 0.4467
vn -0.8857 0.0779 0.4577
vn -0.8849 0.0279 0.4649
vn -0.8836 -0.0212 0.4678
vn -0.8814 -0.0713 0.4670
vn -0.8788 -0.1210 0.4615
vn -0.8753 -0.1713 0.4523
vn -0.8708 -0.2208 0.4392
vn -0.8658 -0.2699 0.4214
vn -0.8593 -0.3184 0.4002
vn -0.8522 -0.3659 0.3741
vn -0.8436 -0.4120 0.3443
vn -0.8331 -0.4571 0.3113
vn -0.8217 -0.4998 0.2738
vn -0.8493 0.4826 0.2141
vn -0.8217 -0.4999 0.2736
vn -0.7875 -0.5422 0.2930
vn -0.7514 -0.5831 0.3087
vn -0.7133 -0.6232 0.3207
vn -0.6754 -0.6603 0.3283
vn -0.6354 -0.6969 0.3326
vn -0.5963 -0.7308 0.3323
vn -0.5562 -0.7632 0.3287
vn -0.5161 -0.7941 0.3212
vn -0.4766 -0.8228 0.3096
vn -0.4372 -0.8497 0.2948
vn -0.3983 -0.8747 0.2760
vn -0.3603 -0.8976 0.2538
vn -0.3227 -0.9186 0.2281
vn -0.2853 -0.9376 0.1988
vn -0.2492 -0.9541 0.1663
vn -0.2143 -0.9681 0.1302
vn -0.1793 -0.9796 0.0906
vn -0.1461 -0.9881 0.0489
vn -0.1135 -0.9935 0.0034
vn -0.0834 -0.9955 -0.0442
vn -0.0537 -0.9941 -0.0944
vn -0.0536 -0.9941 -0.0943
vn 0.0040 -0.9959 -0.0904
vn 0.0612 -0.9942 -0.0889
vn 0.1164 -0.9891 -0.0898
vn 0.1703 -0.9809 -0.0935
vn 0.2228 -0.9698 -0.0997
vn 0.2720 -0.9562 -0.1085
vn 0.3198 -0.9399 -0.1201
vn 0.3644 -0.9215 -0.1340
vn 0.4070 -0.9009 -0.1509
vn 0.4474 -0.8780 -0.1701
vn 0.4850 -0.8533 -0.1913
vn 0.5199 -0.8266 -0.2156
vn 0.5518 -0.7980 -0.2422
vn 0.5807 -0.7677 -0.2711
vn 0.6066 -0.7356 -0.3016
vn 0.6289 -0.7018 -0.3346
vn 0.6484 -0.6659 -0.3690
vn 0.6638 -0.6279 -0.4063
vn 0.6753 -0.5896 -0.4431
vn 0.6834 -0.5480 -0.4824
vn 0.6872 -0.5054 -0.5218
vn 0.6874 -0.5050 -0.5219
vn 0.7242 -0.4634 -0.5107
vn 0.7583 -0.4183 -0.5000
vn 0.7878 -0.3724 -0.4906
vn 0.8135 -0.3248 -0.4824
vn 0.8352 -0.2765 -0.4754
vn 0.8528 -0.2275 -0.4701
vn 0.8665 -0.1785 -0.4661
vn 0.8765 -0.1278 -0.4641
vn 0.8825 -0.0785 -0.4637
vn 0.8851 -0.0283 -0.4646
vn 0.8836 0.0212 -0.4677
vn 0.8785 0.0704 -0.4725
vn 0.8695 0.1201 -0.4792
vn 0.8569 0.1686 -0.4872
vn 0.8405 0.2164 -0.4968
vn 0.8200 0.2632 -0.5082
vn 0.7958 0.3092 -0.5206
vn 0.7676 0.3536 -0.5346
vn 0.7351 0.3967 -0.5498
vn 0.6990 0.4377 -0.5655
vn 0.6598 0.4769 -0.5807
vn 0.6605 0.4766 -0.5802
vn 0.6868 -0.5058 -0.5219
vn 0.6597 0.4768 -0.5809
vn 0.6593 0.4767 -0.5815
vn 0.6532 0.5234 -0.5472
vn 0.6434 0.5679 -0.5133
vn 0.6291 0.6107 -0.4810
vn 0.6113 0.6513 -0.4495
vn 0.5900 0.6903 -0.4188
vn 0.5654 0.7266 -0.3902
vn 0.5380 0.7605 -0.3637
vn 0.5071 0.7927 -0.3384
vn 0.4732 0.8225 -0.3156
vn 0.4380 0.8492 -0.2948
vn 0.3983 0.8747 -0.2762
vn 0.3567 0.8974 -0.2598
vn 0.3134 0.9173 -0.2457
vn 0.2670 0.9349 -0.2337
vn 0.2187 0.9497 -0.2241
vn 0.1679 0.9617 -0.2167
vn 0.1158 0.9704 -0.2118
vn 0.0621 0.9760 -0.2089
vn 0.0057 0.9781 -0.2082
vn -0.0511 0.9764 -0.2099
vn -0.1087 0.9709 -0.2134
vn -0.1087 0.9709 -0.2132
vn -0.1384 0.9767 -0.1638
vn -0.1691 0.9788 -0.1159
vn -0.2011 0.9770 -0.0703
vn -0.2339 0.9719 -0.0270
vn -0.2681 0.9633 0.0129
vn -0.3025 0.9518 0.0510
vn -0.3379 0.9373 0.0851
vn -0.3738 0.9201 0.1166
vn -0.4104 0.9003 0.1450
vn -0.4475 0.8780 0.1701
vn 0.4656 0.0668 0.8825
vn 0.4657 0.0662 0.8825
vn 0.4657 0.0664 0.8825
vn 0.4660 0.0666 0.8823
vn 0.4654 0.0666 0.8826
vn 0.4656 0.0663 0.8825
vn 0.4657 0.0663 0.8824
vn 0.4656 0.0669 0.8825
vn 0.4655 0.0662 0.8826
vn 0.4658 0.0663 0.8824
vn 0.4659 0.0666 0.8823
vn 0.4661 0.0668 0.8822
vn 0.4659 0.0666 0.8824
vn 0.4651 0.0665 0.8828
vn 0.4656 0.0659 0.8826
vn 0.4655 0.0663 0.8825
vn 0.4655 0.0667 0.8825
vn 0.4656 0.0667 0.8825
vn 0.4659 0.0662 0.8824
vn 0.4653 0.0664 0.8826
vn 0.4657 0.0664 0.8824
vn 0.4651 0.0664 0.8828
vn 0.4657 0.0662 0.8824
vn 0.4653 0.0666 0.8826
vn 0.4652 0.0665 0.8827
vn 0.4659 0.0665 0.8824
vn 0.4660 0.0665 0.8823
vn 0.4653 0.0662 0.8827
vn 0.4655 0.0666 0.8825
vn 0.4659 0.0663 0.8824
vn 0.4661 0.0665 0.8823
vn 0.4653 0.0665 0.8827
vn 0.4660 0.0663 0.8823
vn 0.4649 0.0665 0.8829
vn 0.4655 0.0663 0.8826
vn 0.4658 0.0662 0.8824
vn 0.4661 0.0667 0.8822
vn 0.4660 0.0667 0.8823
vn 0.4656 0.0660 0.8826
vn 0.4653 0.0667 0.8826
vn 0.4654 0.0664 0.8826
vn 0.4659 0.0668 0.8823
vn 0.4662 0.0666 0.8822
vn 0.4657 0.0667 0.8824
vn 0.4663 0.0668 0.8821
vn 0.4656 0.0662 0.8825
vn 0.4655 0.0661 0.8826
vn -0.7635 -0.4739 0.4388
vn -0.7830 -0.4292 0.4502
vn -0.7982 -0.3839 0.4641
vn -0.8099 -0.3361 0.4808
vn -0.8170 -0.2878 0.4997
vn -0.8201 -0.2383 0.5202
vn -0.8182 -0.1880 0.5433
vn -0.8121 -0.1368 0.5673
vn -0.8003 -0.0846 0.5936
vn -0.7841 -0.0340 0.6197
vn -0.7621 0.0179 0.6472
vn -0.7619 0.0180 0.6475
vn -0.7619 0.0184 0.6475
vn -0.7861 0.0644 0.6147
vn -0.8060 0.1114 0.5813
vn -0.8197 0.1587 0.5504
vn -0.8292 0.2064 0.5194
vn -0.8337 0.2532 0.4908
vn -0.8335 0.3002 0.4638
vn -0.8290 0.3459 0.4395
vn -0.8202 0.3912 0.4174
vn -0.8070 0.4365 0.3977
vn -0.7901 0.4805 0.3806
vn -0.7692 0.5233 0.3667
vn -0.7445 0.5654 0.3549
vn -0.7163 0.6057 0.3464
vn -0.6838 0.6454 0.3404
vn -0.6479 0.6832 0.3368
vn -0.6076 0.7197 0.3360
vn -0.5637 0.7537 0.3380
vn -0.5167 0.7845 0.3428
vn -0.4652 0.8135 0.3491
vn -0.4117 0.8381 0.3579
vn -0.3541 0.8596 0.3684
vn -0.3541 0.8595 0.3686
vn -0.3377 0.8868 0.3153
vn -0.3174 0.9110 0.2634
vn -0.2941 0.9315 0.2141
vn -0.2667 0.9492 0.1667
vn -0.2373 0.9637 0.1226
vn -0.2049 0.9754 0.0812
vn -0.1695 0.9846 0.0432
vn -0.1315 0.9913 0.0091
vn -0.0924 0.9955 -0.0218
vn -0.0502 0.9975 -0.0488
vn -0.0055 0.9974 -0.0720
vn 0.0404 0.9950 -0.0916
vn 0.0877 0.9904 -0.1070
vn 0.1377 0.9833 -0.1186
vn 0.1887 0.9739 -0.1262
vn 0.2409 0.9618 -0.1298
vn 0.2941 0.9470 -0.1292
vn 0.3484 0.9290 -0.1246
vn 0.4026 0.9080 -0.1162
vn 0.4562 0.8839 -0.1031
vn 0.5093 0.8562 -0.0869
vn 0.5094 0.8562 -0.0867
vn 0.5327 0.8347 -0.1399
vn 0.5562 0.8091 -0.1896
vn 0.5792 0.7805 -0.2353
vn 0.6023 0.7489 -0.2765
vn 0.6252 0.7146 -0.3138
vn 0.6481 0.6784 -0.3460
vn 0.6708 0.6403 -0.3741
vn 0.6934 0.6010 -0.3975
vn 0.7173 0.5589 -0.4161
vn 0.7400 0.5177 -0.4294
vn 0.7636 0.4739 -0.4386
vn 0.7867 0.4300 -0.4429
vn 0.8098 0.3853 -0.4425
vn 0.8328 0.3396 -0.4373
vn 0.8556 0.2930 -0.4268
vn 0.8774 0.2460 -0.4119
vn 0.8985 0.1995 -0.3910
vn 0.8985 0.1994 -0.3910
vn 0.9176 0.1520 -0.3673
vn 0.9358 0.1048 -0.3367
vn 0.9514 0.0573 -0.3025
vn 0.9646 0.0110 -0.2634
vn 0.9647 0.0111 -0.2633
vn 0.9542 -0.0403 -0.2964
vn 0.9412 -0.0919 -0.3250
vn 0.9263 -0.1438 -0.3482
vn 0.9093 -0.1949 -0.3678
vn 0.8913 -0.2448 -0.3815
vn 0.8719 -0.2944 -0.3913
vn 0.8518 -0.3431 -0.3958
vn 0.8317 -0.3898 -0.3954
vn 0.8109 -0.4357 -0.3906
vn 0.7901 -0.4805 -0.3807
vn 0.7693 -0.5234 -0.3664
vn 0.7485 -0.5647 -0.3478
vn 0.7277 -0.6043 -0.3245
vn 0.7068 -0.6422 -0.2966
vn 0.6864 -0.6776 -0.2642
vn 0.6649 -0.7115 -0.2273
vn 0.6441 -0.7419 -0.1866
vn 0.6225 -0.7698 -0.1411
vn 0.6012 -0.7937 -0.0927
vn 0.5790 -0.8143 -0.0399
vn 0.5565 -0.8307 0.0153
vn 0.5566 -0.8307 0.0153
vn 0.5049 -0.8632 0.0025
vn 0.4529 -0.8915 -0.0069
vn 0.3996 -0.9166 -0.0129
vn 0.3472 -0.9377 -0.0151
vn 0.2948 -0.9555 -0.0136
vn 0.2425 -0.9701 -0.0084
vn 0.1930 -0.9812 0.0004
vn 0.1435 -0.9896 0.0128
vn 0.0958 -0.9950 0.0293
vn 0.0495 -0.9976 0.0489
vn 0.0062 -0.9974 0.0718
vn -0.0365 -0.9944 0.0989
vn -0.0765 -0.9887 0.1289
vn -0.1146 -0.9800 0.1625
vn -0.1501 -0.9685 0.1988
vn -0.1836 -0.9536 0.2387
vn -0.2141 -0.9356 0.2809
vn -0.2423 -0.9139 0.3258
vn -0.2668 -0.8889 0.3725
vn -0.2886 -0.8597 0.4214
vn -0.3068 -0.8273 0.4706
vn -0.3072 -0.8271 0.4707
vn -0.3068 -0.8272 0.4707
vn -0.3072 -0.8271 0.4706
vn -0.3649 -0.8107 0.4578
vn -0.4206 -0.7899 0.4463
vn -0.4733 -0.7652 0.4364
vn -0.5221 -0.7374 0.4285
vn -0.5678 -0.7067 0.4222
vn -0.6094 -0.6728 0.4194
vn -0.6481 -0.6367 0.4179
vn -0.6823 -0.5989 0.4192
vn -0.7129 -0.5593 0.4231
vn -0.7402 -0.5173 0.4295
vn 0.3314 -0.1753 0.9271
vn 0.5767 -0.1762 0.7977
vn 0.6927 0.0629 0.7185
vn 0.5633 0.3031 0.7687
vn 0.3180 0.3041 0.8980
vn 0.2020 0.0649 0.9772
vn -0.2719 0.0542 -0.9608
vn -0.2502 0.0550 -0.9666
vn 0.2115 0.2868 -0.9344
vn 0.1463 0.2877 -0.9465
vn 0.6180 0.4387 -0.6524
vn 0.5307 0.4556 -0.7147
vn 0.8614 0.4684 -0.1967
vn 0.7920 0.5208 -0.3185
vn 0.8787 0.4771 -0.0179
vn 0.8778 0.4749 0.0634
vn 0.9235 0.3622 0.1263
vn 0.8728 0.3752 0.3122
vn 0.8509 0.2532 0.4603
vn 0.7712 0.3153 0.5530
vn 0.7412 0.2710 0.6142
vn 0.6615 0.1600 0.7327
vn 0.6806 0.1905 0.7075
vn 0.6018 0.1412 0.7861
vn 0.5104 0.0965 0.8545
vn 0.9332 -0.3579 -0.0334
vn 0.9704 -0.2396 -0.0302
vn 0.9347 -0.3242 -0.1459
vn 0.9602 -0.2334 -0.1534
vn 0.9184 -0.2973 -0.2611
vn 0.9320 -0.2394 -0.2721
vn 0.8839 -0.2776 -0.3765
vn 0.8875 -0.2572 -0.3824
vn 0.8272 -0.2856 -0.4840
vn 0.8328 -0.2652 -0.4859
vn 0.7531 -0.3208 -0.5743
vn 0.7663 -0.2630 -0.5861
vn 0.6844 -0.2728 -0.6762
vn 0.6693 -0.3622 -0.6487
vn 0.5893 -0.2941 -0.7525
vn 0.5781 -0.4086 -0.7062
vn -0.4192 -0.0363 -0.9072
vn -0.2375 0.0316 -0.9709
vn -0.3139 0.0104 -0.9494
vn -0.2078 0.0636 -0.9761
vn -0.1017 0.1506 -0.9833
vn 0.0879 0.1443 -0.9856
vn -0.0372 0.1998 -0.9791
vn 0.2145 0.2812 -0.9354
vn 0.3968 0.2870 -0.8719
vn 0.6205 0.4339 -0.6532
vn 0.4156 0.4089 -0.8125
vn 0.4828 0.4206 -0.7682
vn 0.8590 0.4731 -0.1957
vn 0.6781 0.5046 -0.5344
vn 0.8699 0.3808 0.3134
vn 0.8597 0.5026 -0.0911
vn 0.6493 0.1835 0.7381
vn 0.8429 0.3872 0.3736
vn 0.6322 0.1834 0.7528
vn 0.3862 -0.4973 -0.7769
vn 0.3277 -0.4149 -0.8488
vn 0.2790 -0.5425 -0.7924
vn 0.2255 -0.4847 -0.8451
vn 0.1696 -0.5904 -0.7891
vn 0.1301 -0.5571 -0.8202
vn 0.0604 -0.6397 -0.7662
vn 0.0447 -0.6291 -0.7760
vn -0.0312 -0.7001 -0.7134
vn -0.0435 -0.6872 -0.7251
vn -0.0972 -0.7664 -0.6350
vn -0.1375 -0.7333 -0.6658
vn -0.2200 -0.7784 -0.5879
vn -0.1495 -0.8250 -0.5450
vn -0.2878 -0.8208 -0.4934
vn -0.1871 -0.8753 -0.4458
vn 0.0230 0.2163 -0.9761
vn -0.1233 0.1389 -0.9826
vn -0.2662 0.0576 -0.9622
vn -0.4017 -0.0252 -0.9154
vn -0.5263 -0.1073 -0.8435
vn -0.4018 -0.0252 -0.9154
vn -0.6365 -0.1865 -0.7484
vn -0.5263 -0.1074 -0.8435
vn -0.7291 -0.2606 -0.6328
vn -0.6364 -0.1866 -0.7484
vn -0.8018 -0.3276 -0.4999
vn -0.8018 -0.3275 -0.4999
vn 0.2719 -0.0542 0.9608
vn 0.2600 -0.0732 0.9628
vn -0.1934 -0.3203 0.9273
vn -0.1554 -0.2710 0.9500
vn -0.5933 -0.4845 0.6428
vn -0.5471 -0.4250 0.7211
vn -0.8316 -0.5235 0.1851
vn -0.8143 -0.4794 0.3272
vn -0.8787 -0.4771 0.0179
vn -0.8901 -0.4520 -0.0586
vn -0.8354 -0.5256 -0.1605
vn -0.8487 -0.4199 -0.3215
vn -0.8487 -0.4199 -0.3216
vn -0.7628 -0.4166 -0.4945
vn -0.7836 -0.2924 -0.5482
vn -0.7412 -0.2711 -0.6142
vn -0.6265 -0.2249 -0.7463
vn -0.6577 -0.2330 -0.7164
vn -0.5866 -0.1694 -0.7920
vn -0.5104 -0.0964 -0.8545
vn -0.2322 -0.9430 -0.2383
vn -0.3493 -0.9130 -0.2105
vn -0.2413 -0.9626 -0.1230
vn -0.3279 -0.9402 -0.0917
vn -0.2344 -0.9721 -0.0040
vn -0.2871 -0.9576 0.0221
vn -0.2115 -0.9705 0.1157
vn -0.2289 -0.9651 0.1271
vn -0.1548 -0.9624 0.2232
vn -0.1743 -0.9573 0.2306
vn -0.0692 -0.9485 0.3090
vn -0.1215 -0.9339 0.3361
vn -0.0521 -0.9008 0.4310
vn 0.0240 -0.9247 0.3799
vn 0.0318 -0.8586 0.5117
vn 0.1228 -0.8923 0.4344
vn 0.4191 0.0363 0.9072
vn 0.2724 -0.0965 0.9573
vn 0.3291 -0.0386 0.9435
vn 0.2307 -0.1061 0.9672
vn 0.1018 -0.1506 0.9833
vn 0.0002 -0.3077 0.9515
vn 0.0248 -0.1769 0.9839
vn -0.1904 -0.3258 0.9260
vn -0.3088 -0.4504 0.8378
vn -0.5907 -0.4891 0.6417
vn -0.4279 -0.3860 0.8172
vn -0.4827 -0.4206 0.7681
vn -0.8343 -0.5189 0.1862
vn -0.7004 -0.4632 0.5431
vn -0.8518 -0.4144 -0.3204
vn -0.8762 -0.4720 0.0975
vn -0.6395 -0.2017 -0.7419
vn -0.8519 -0.3705 -0.3701
vn -0.6322 -0.1834 -0.7528
vn 0.3147 -0.8037 0.5050
vn 0.2933 -0.7378 0.6080
vn 0.4143 -0.7445 0.5236
vn 0.4068 -0.6889 0.6000
vn 0.5143 -0.6790 0.5239
vn 0.5148 -0.6401 0.5704
vn 0.6119 -0.6083 0.5056
vn 0.6139 -0.5933 0.5207
vn 0.7036 -0.5479 0.4526
vn 0.7021 -0.5352 0.4698
vn 0.7811 -0.5031 0.3698
vn 0.7824 -0.4637 0.4158
vn 0.8523 -0.3952 0.3427
vn 0.8429 -0.4618 0.2762
vn 0.9089 -0.3318 0.2527
vn 0.8880 -0.4256 0.1741
vn 0.3845 0.0143 0.9230
vn 0.2105 -0.0900 0.9735
vn -0.1572 -0.2824 0.9463
vn -0.3347 -0.3621 0.8700
vn -0.4976 -0.4259 0.7556
vn -0.4976 -0.4260 0.7556
vn -0.6388 -0.4712 0.6082
vn -0.8324 -0.4989 0.2412
vn -0.8764 -0.4801 0.0377
vn -0.8821 -0.4403 -0.1674
vn -0.8493 -0.3812 -0.3653
vn -0.6752 -0.2165 -0.7051
vn -0.5417 -0.1180 -0.8323
vn -0.3845 -0.0143 -0.9230
vn -0.2104 0.0900 -0.9735
vn -0.2105 0.0900 -0.9735
vn 0.1572 0.2824 -0.9463
vn 0.3347 0.3621 -0.8700
vn 0.4976 0.4259 -0.7556
vn 0.4976 0.4260 -0.7556
vn 0.6388 0.4712 -0.6082
vn 0.8324 0.4989 -0.2412
vn 0.8764 0.4801 -0.0377
vn 0.8821 0.4403 0.1674
vn 0.8493 0.3812 0.3653
vn 0.6752 0.2165 0.7051
vn 0.5417 0.1180 0.8322
vn 0.6753 0.2165 0.7051
vn 0.5417 0.1180 0.8323
vn 0.6992 0.4862 -0.5241
vn 0.5714 0.4510 -0.6856
vn 0.6993 0.4862 -0.5241
vn 0.5713 0.4511 -0.6856
vn 0.2473 0.3240 -0.9132
vn 0.0653 0.2377 -0.9691
vn 0.0653 0.2376 -0.9692
vn -0.1195 0.1409 -0.9828
vn -0.2991 0.0380 -0.9535
vn -0.6118 -0.1682 -0.7729
vn -0.6118 -0.1681 -0.7729
vn -0.7313 -0.2625 -0.6296
vn -0.8188 -0.3453 -0.4587
vn -0.7312 -0.2625 -0.6296
vn -0.8704 -0.4130 -0.2678
vn -0.8188 -0.3452 -0.4587
vn -0.8705 -0.4130 -0.2678
vn -0.8592 -0.4921 0.1403
vn -0.8591 -0.4922 0.1402
vn -0.7966 -0.5001 0.3396
vn -0.6993 -0.4862 0.5241
vn -0.5714 -0.4510 0.6856
vn -0.5713 -0.4511 0.6856
vn -0.2473 -0.3240 0.9132
vn -0.0653 -0.2376 0.9692
vn -0.0653 -0.2377 0.9691
vn 0.1195 -0.1409 0.9828
vn 0.2991 -0.0380 0.9535
vn 0.6118 0.1682 0.7729
vn 0.7313 0.2625 0.6296
vn 0.7313 0.2624 0.6296
vn 0.8187 0.3453 0.4587
vn 0.8188 0.3452 0.4587
vn 0.8705 0.4130 0.2678
vn 0.8704 0.4130 0.2678
vn 0.8591 0.4922 -0.1402
vn 0.7966 0.5001 -0.3396
s 0
usemtl mat8.001
f 1//1 2//1 3//1
f 4//2 2//2 1//2
f 2//3 5//3 3//3
f 3//4 6//4 7//4
f 5//5 6//5 3//5
f 7//6 8//6 9//6
f 6//7 8//7 7//7
f 8//8 10//8 9//8
f 11//9 12//9 13//9
f 14//10 15//10 13//10
f 13//10 15//10 11//10
f 12//11 16//11 13//11
f 14//12 17//12 15//12
f 14//13 18//13 17//13
f 18//10 3//10 16//10
f 16//10 3//14 7//10
f 9//15 19//16 7//17
f 20//10 19//10 9//10
f 21//18 19//18 20//18
f 7//10 19//10 16//10
f 16//10 19//10 13//10
f 3//19 22//20 1//21
f 1//10 22//10 21//10
f 21//10 22//22 19//10
f 14//10 22//23 18//10
f 18//9 22//24 3//9
f 23//25 24//26 25//27
f 25//28 24//29 26//28
f 27//30 24//31 23//31
f 24//32 28//33 26//34
f 26//35 22//36 14//37
f 28//38 22//39 26//40
f 29//41 30//41 31//41
f 29//42 32//42 30//42
f 33//42 32//42 29//42
f 30//43 34//43 31//43
f 31//42 34//42 35//42
f 33//44 36//44 32//44
f 34//41 37//41 35//41
f 38//45 39//46 40//47
f 41//48 39//49 38//50
f 37//42 42//51 35//42
f 35//42 42//42 41//42
f 42//52 43//53 41//54
f 41//55 44//56 39//57
f 43//58 44//59 41//60
f 37//61 45//61 42//62
f 44//63 46//64 39//65
f 47//66 46//67 44//68
f 47//69 48//70 46//71
f 49//72 48//73 47//74
f 50//42 51//42 37//42
f 37//42 51//42 45//42
f 50//75 52//76 51//75
f 53//77 54//78 55//79
f 53//80 56//81 54//82
f 57//83 58//84 59//85
f 58//86 60//87 59//43
f 56//88 61//89 54//90
f 60//91 61//91 59//92
f 59//93 61//94 56//95
f 61//96 62//96 54//97
f 63//98 64//99 65//98
f 63//86 66//86 64//100
f 67//101 68//101 69//101
f 68//42 70//42 69//42
f 69//102 71//102 67//102
f 72//103 71//104 69//104
f 62//91 73//91 54//105
f 54//106 73//42 63//42
f 74//107 73//107 75//108
f 75//42 73//51 62//51
f 73//109 76//109 63//109
f 63//110 76//110 66//110
f 75//111 77//111 74//111
f 78//68 77//68 75//112
f 79//113 80//114 76//115
f 76//42 80//116 66//42
f 81//83 82//117 79//118
f 79//119 82//120 80//121
f 83//42 84//42 50//42
f 85//42 86//42 83//42
f 83//42 86//42 84//42
f 70//44 87//122 69//44
f 84//42 88//123 50//42
f 72//124 88//104 71//42
f 50//42 88//125 52//126
f 52//122 88//127 72//128
f 85//42 89//42 86//42
f 78//129 90//129 77//129
f 91//42 90//42 78//42
f 91//130 92//87 90//130
f 93//131 92//132 91//89
f 94//133 92//134 93//135
f 94//103 95//136 92//137
f 87//138 95//139 94//140
f 87//141 13//142 95//143
f 88//86 96//42 71//42
f 71//144 96//144 97//144
f 98//94 99//145 100//146
f 101//112 99//147 98//148
f 36//42 102//42 85//42
f 85//41 102//41 89//41
f 103//149 104//150 105//151
f 104//152 106//153 105//154
f 105//155 107//43 99//43
f 99//156 107//157 100//157
f 106//72 107//144 105//158
f 107//120 108//159 100//120
f 108//160 109//161 100//162
f 33//42 110//42 36//42
f 36//42 110//42 102//42
f 111//42 14//163 13//164
f 112//165 14//88 111//66
f 113//157 14//166 112//167
f 114//168 14//169 113//170
f 114//171 26//172 14//173
f 115//62 116//62 114//174
f 33//42 117//42 110//42
f 109//175 118//176 100//176
f 116//177 119//42 114//171
f 114//177 119//44 26//44
f 26//178 119//178 25//178
f 117//42 120//42 110//42
f 110//42 120//42 121//42
f 23//44 122//44 123//44
f 123//179 122//179 109//180
f 109//44 122//44 118//44
f 120//42 124//42 121//42
f 121//176 124//176 125//176
f 117//42 126//42 120//42
f 119//42 127//42 25//42
f 23//42 127//42 122//42
f 25//181 127//181 23//181
f 122//44 128//44 118//44
f 124//42 129//42 125//42
f 117//42 130//42 126//42
f 128//42 131//42 118//42
f 124//42 132//42 129//42
f 130//176 133//176 126//176
f 119//42 134//42 127//42
f 135//42 134//42 119//42
f 128//42 136//42 131//42
f 132//176 137//176 129//176
f 130//42 138//42 133//42
f 136//42 139//42 131//42
f 132//42 140//42 137//42
f 138//42 141//42 133//42
f 136//42 142//42 139//42
f 134//42 143//42 144//181
f 135//176 143//176 134//176
f 141//44 145//44 146//44
f 138//42 145//42 141//42
f 147//182 148//42 142//42
f 142//42 148//42 139//42
f 140//42 149//42 137//42
f 140//42 150//42 149//42
f 150//183 151//184 149//183
f 146//42 152//42 140//42
f 140//185 152//185 150//185
f 153//186 154//187 151//188
f 149//176 154//176 155//176
f 155//137 154//181 156//137
f 151//189 154//42 149//42
f 157//190 158//191 159//190
f 143//42 158//42 144//42
f 159//44 158//192 143//44
f 153//193 160//62 154//62
f 144//186 161//194 147//195
f 158//196 161//197 144//198
f 147//199 162//42 148//42
f 161//200 162//201 147//202
f 153//203 163//204 160//177
f 162//205 164//205 148//205
f 153//206 165//207 163//196
f 146//44 166//44 152//44
f 146//208 167//208 166//208
f 145//44 167//44 146//44
f 168//91 169//209 170//210
f 171//211 169//212 172//213
f 170//214 169//215 171//216
f 168//94 173//217 169//218
f 145//42 174//219 167//42
f 168//129 174//166 173//220
f 175//125 174//57 168//125
f 167//221 174//222 175//221
f 174//223 176//224 173//225
f 177//210 176//226 174//227
f 153//228 178//164 165//42
f 179//229 180//229 181//229
f 182//230 183//230 184//230
f 185//231 186//232 187//233
f 188//107 186//234 185//235
f 186//236 189//237 187//238
f 187//239 189//240 178//241
f 190//110 191//110 185//242
f 185//230 191//144 188//144
f 192//243 193//244 194//245
f 195//246 193//247 192//248
f 195//181 196//181 193//115
f 190//42 197//42 191//42
f 182//42 198//42 183//42
f 180//42 199//42 181//42
f 164//176 200//249 148//176
f 195//42 201//250 196//42
f 202//251 203//193 201//252
f 203//253 204//254 201//240
f 196//255 204//255 205//255
f 201//256 204//144 196//144
f 206//257 207//258 197//259
f 197//42 207//255 191//42
f 206//131 208//110 207//157
f 205//255 209//255 206//175
f 206//260 209//261 208//261
f 210//53 211//262 212//263
f 213//264 211//265 214//266
f 212//267 211//268 213//269
f 210//270 215//270 211//271
f 205//144 216//272 209//144
f 209//273 216//274 210//273
f 204//43 216//202 205//43
f 210//42 216//275 215//42
f 217//276 218//277 216//278
f 216//279 218//280 215//281
f 189//44 219//44 220//44
f 221//93 219//196 198//42
f 222//282 219//282 221//282
f 220//283 219//284 222//283
f 198//42 223//93 183//42
f 219//285 223//231 198//86
f 223//177 224//110 183//110
f 225//286 226//287 227//288
f 228//289 226//290 225//291
f 228//292 229//224 226//293
f 228//294 230//94 229//295
f 231//296 232//96 230//96
f 233//126 232//126 231//297
f 234//298 232//299 235//300
f 229//301 232//60 234//302
f 230//303 232//303 229//304
f 236//42 237//42 238//42
f 180//42 239//42 199//42
f 238//41 239//41 180//41
f 199//305 239//305 240//305
f 237//42 239//42 238//42
f 241//244 242//306 224//244
f 224//42 242//42 183//42
f 183//42 242//181 236//42
f 236//42 242//42 237//42
f 240//70 243//70 244//307
f 239//42 243//42 240//42
f 235//157 245//53 246//53
f 246//42 245//42 241//42
f 241//42 245//42 242//42
f 245//41 247//41 248//41
f 232//229 247//229 235//229
f 235//42 247//42 245//42
f 200//42 249//42 148//42
f 250//42 249//308 243//42
f 243//42 249//42 244//261
f 244//309 249//184 200//300
f 248//42 251//42 252//42
f 247//42 251//42 248//42
f 252//42 253//42 250//42
f 251//42 253//42 252//42
f 250//42 253//42 249//51
f 70//42 111//42 87//310
f 87//311 111//43 13//312
f 220//42 165//42 189//42
f 189//41 165//41 178//232
f 254//313 255//313 232//313
f 254//314 232//314 233//314
f 256//315 233//315 231//315
f 256//316 254//316 233//316
f 257//317 231//317 230//317
f 257//318 256//318 231//319
f 258//320 259//320 260//320
f 261//320 259//320 258//320
f 261//320 262//320 259//320
f 263//320 258//320 260//320
f 263//320 260//320 264//320
f 265//320 262//320 261//320
f 266//320 263//320 264//320
f 267//321 268//321 269//321
f 267//322 269//322 270//322
f 271//320 266//320 264//320
f 271//320 264//320 268//320
f 272//323 271//324 268//324
f 273//325 268//325 267//325
f 273//326 272//327 268//326
f 274//328 266//328 271//328
f 275//329 273//329 267//329
f 275//330 276//331 273//330
f 277//332 276//331 275//333
f 277//334 278//335 276//336
f 279//320 266//320 274//320
f 279//320 280//320 266//320
f 281//337 280//337 279//337
f 282//338 283//338 284//338
f 285//339 283//339 282//339
f 286//339 287//340 288//340
f 286//341 288//342 289//342
f 290//343 286//344 289//343
f 290//331 285//331 282//331
f 290//343 289//343 285//343
f 291//345 290//345 282//345
f 292//320 291//320 282//320
f 293//346 292//347 294//348
f 293//349 294//350 295//351
f 296//352 297//353 298//352
f 299//353 297//354 296//353
f 299//355 300//355 297//355
f 301//356 298//356 297//356
f 302//357 291//357 292//357
f 302//358 303//323 304//359
f 302//360 304//361 291//360
f 305//360 304//362 303//363
f 305//364 306//364 304//354
f 307//365 302//365 292//365
f 307//365 292//365 293//365
f 308//366 309//367 307//367
f 308//321 307//357 293//368
f 310//369 311//370 309//370
f 310//328 309//371 308//372
f 312//320 313//320 280//320
f 314//320 315//320 313//320
f 314//320 313//320 312//320
f 316//373 301//320 297//320
f 317//320 300//320 299//320
f 317//320 312//320 280//320
f 317//320 280//320 281//320
f 317//329 281//329 300//329
f 318//320 315//320 314//320
f 319//320 306//320 305//320
f 319//320 320//320 306//320
f 321//374 320//374 319//374
f 321//353 322//353 320//353
f 323//345 322//375 321//375
f 323//376 324//377 322//378
f 19//379 324//380 323//381
f 19//382 316//383 324//384
f 325//320 317//320 299//320
f 325//385 299//385 326//385
f 327//386 328//386 329//386
f 330//387 328//387 327//387
f 331//320 265//320 315//320
f 331//320 315//320 318//320
f 332//388 333//388 334//389
f 332//390 334//354 335//390
f 336//331 335//331 330//331
f 336//340 330//340 327//340
f 336//345 332//345 335//345
f 337//391 336//392 327//392
f 338//393 337//394 327//393
f 339//320 265//320 331//320
f 339//320 262//320 265//320
f 22//320 340//320 19//395
f 22//396 341//328 342//328
f 22//397 342//332 343//332
f 22//398 343//399 340//399
f 28//361 341//361 22//357
f 344//345 345//345 341//345
f 346//320 262//320 339//320
f 347//320 338//320 327//320
f 348//320 344//320 341//320
f 348//320 341//320 28//320
f 348//332 28//332 24//332
f 349//320 346//320 339//320
f 349//320 339//320 350//320
f 351//320 27//320 352//320
f 351//400 352//400 338//400
f 351//320 338//320 347//320
f 353//320 346//320 349//320
f 354//320 349//320 350//320
f 354//320 350//320 355//320
f 356//401 24//401 27//401
f 356//320 27//320 351//320
f 356//320 348//320 24//320
f 357//385 351//385 347//385
f 358//320 354//320 355//320
f 359//320 346//320 353//320
f 360//320 357//320 347//320
f 361//320 354//320 358//320
f 362//320 359//320 353//320
f 363//320 348//320 356//320
f 364//320 357//320 360//320
f 365//320 348//320 363//320
f 366//320 361//320 358//320
f 367//320 359//320 362//320
f 368//320 364//320 360//320
f 369//320 361//320 366//320
f 370//402 367//402 362//402
f 371//320 364//320 368//320
f 372//320 363//320 373//320
f 372//320 365//320 363//320
f 374//320 370//320 375//403
f 374//320 367//320 370//320
f 376//320 377//320 371//320
f 376//320 371//320 368//320
f 378//320 369//320 366//320
f 379//320 369//320 378//320
f 379//331 378//331 380//331
f 381//320 375//320 369//320
f 381//404 369//404 379//404
f 382//331 383//331 384//331
f 382//344 385//344 380//344
f 382//320 380//320 378//320
f 382//320 378//320 383//320
f 386//353 387//353 388//353
f 386//320 388//320 372//320
f 386//320 372//320 373//320
f 389//347 385//405 382//347
f 390//320 373//320 377//320
f 390//401 386//401 373//401
f 391//406 385//407 389//406
f 392//331 390//331 377//331
f 392//320 377//320 376//320
f 393//386 385//402 391//386
f 394//357 392//357 376//357
f 395//320 375//352 381//320
f 396//408 375//409 395//408
f 396//320 374//320 375//410
f 397//411 398//412 399//412
f 397//387 399//413 400//414
f 397//415 400//416 401//417
f 402//418 398//343 397//325
f 403//320 374//320 396//320
f 403//328 398//328 402//419
f 403//420 396//420 404//403
f 403//320 404//421 398//320
f 405//422 403//376 402//423
f 405//424 402//425 406//426
f 407//320 385//427 393//320
f 408//366 409//321 410//428
f 408//427 410//429 411//332
f 412//413 408//430 411//431
f 413//432 409//433 408//434
f 414//435 411//436 407//361
f 414//437 412//387 411//438
f 415//439 416//440 417//441
f 415//349 417//442 418//443
f 419//331 415//444 418//331
f 420//353 421//353 422//353
f 420//320 422//320 423//320
f 424//445 425//320 426//320
f 424//446 426//367 427//367
f 428//320 394//320 376//320
f 429//447 415//448 419//320
f 430//449 431//450 429//451
f 432//347 419//347 433//347
f 432//452 430//452 429//436
f 432//361 429//434 419//361
f 434//320 435//320 409//320
f 434//320 409//320 413//320
f 436//320 433//320 437//320
f 436//345 437//345 435//345
f 436//357 435//357 434//357
f 438//325 433//325 436//325
f 439//384 440//343 441//343
f 439//453 441//320 442//454
f 439//455 442//456 443//457
f 444//320 440//375 439//458
f 445//320 432//320 433//320
f 445//320 433//320 438//320
f 445//410 438//410 440//340
f 445//365 440//459 444//365
f 446//348 445//394 444//394
f 446//460 447//461 445//461
f 448//354 449//354 450//354
f 448//462 450//462 451//462
f 448//353 451//353 420//353
f 448//320 414//355 449//320
f 452//463 448//346 420//346
f 452//355 420//320 423//320
f 453//463 452//345 423//463
f 454//464 455//465 456//466
f 457//326 454//467 456//468
f 458//378 454//469 457//378
f 257//331 454//470 458//331
f 254//471 256//359 257//359
f 255//329 458//329 459//463
f 255//411 459//375 460//411
f 255//388 257//388 458//388
f 255//330 254//472 257//330
f 461//320 423//320 462//320
f 461//320 462//320 425//320
f 463//343 464//343 453//343
f 463//320 453//320 423//320
f 463//320 423//320 461//320
f 465//397 461//320 425//320
f 465//447 424//473 466//463
f 465//323 425//320 424//474
f 467//475 466//475 468//475
f 467//320 465//401 466//320
f 469//420 460//420 470//420
f 469//320 470//320 464//320
f 469//320 464//320 463//320
f 471//320 472//320 467//320
f 471//401 468//401 428//401
f 471//320 428//320 376//320
f 471//320 467//320 468//320
f 473//320 469//320 474//320
f 473//320 255//320 460//320
f 473//320 460//320 469//320
f 475//320 474//320 476//320
f 475//320 473//320 474//320
f 477//402 476//402 472//402
f 477//320 472//320 471//320
f 477//320 475//320 476//320
f 393//320 449//320 414//476
f 393//320 414//477 407//320
f 340//320 301//320 316//320
f 340//320 316//459 19//478
f 255//479 247//479 232//479
f 473//479 247//479 255//479
f 477//480 471//480 249//480
f 477//480 249//480 253//480
f 475//481 253//481 251//481
f 475//481 477//481 253//481
f 473//482 251//482 247//482
f 473//482 475//482 251//482
f 249//483 471//483 376//483
f 249//484 376//484 148//484
f 360//485 347//485 118//485
f 360//485 118//485 131//485
f 368//486 131//486 139//486
f 368//486 360//486 131//486
f 376//487 139//487 148//487
f 376//487 368//487 139//487
f 118//10 347//10 327//10
f 118//10 327//10 100//10
f 98//488 100//489 327//490
f 98//491 327//492 329//491
f 101//493 329//494 328//494
f 101//32 98//495 329//495
f 99//496 328//497 330//498
f 99//499 101//27 328//500
f 330//501 105//501 99//501
f 335//501 105//501 330//501
f 333//502 332//502 106//502
f 333//503 106//503 104//503
f 334//316 104//504 103//504
f 334//505 333//506 104//506
f 335//507 103//507 105//507
f 335//318 334//318 103//318
f 332//479 107//479 106//479
f 336//479 107//479 332//479
f 107//508 337//508 108//508
f 108//509 337//509 109//509
f 336//314 337//314 107//314
f 337//510 338//510 109//510
f 109//511 352//512 123//513
f 338//514 352//515 109//516
f 27//501 23//501 352//501
f 352//517 23//517 123//517
f 13//518 323//518 95//518
f 95//519 323//519 92//519
f 19//520 323//520 13//520
f 323//521 321//521 92//521
f 92//522 319//522 90//522
f 321//523 319//523 92//523
f 90//484 319//484 77//484
f 77//483 319//483 305//483
f 77//524 303//524 74//524
f 74//525 303//526 73//525
f 305//527 303//527 77//527
f 303//528 302//528 73//528
f 73//529 307//529 76//529
f 302//530 307//530 73//530
f 307//479 79//479 76//479
f 309//531 79//531 307//531
f 310//532 308//480 80//533
f 310//534 80//535 82//536
f 311//537 82//538 81//539
f 311//528 310//540 82//541
f 309//542 81//482 79//482
f 309//543 311//544 81//545
f 66//483 308//483 293//483
f 80//483 308//483 66//483
f 294//546 292//546 63//547
f 294//548 63//549 65//548
f 295//550 65//550 64//550
f 295//551 294//551 65//551
f 293//552 64//553 66//554
f 293//555 295//556 64//556
f 63//10 292//10 282//10
f 63//10 282//10 54//10
f 55//557 54//557 282//557
f 55//558 282//558 284//558
f 53//559 284//560 283//561
f 53//562 55//563 284//564
f 56//565 283//565 285//565
f 56//566 53//566 283//566
f 285//517 59//517 56//517
f 289//567 59//567 285//567
f 287//568 286//568 60//569
f 287//570 60//570 58//570
f 288//571 58//571 57//571
f 288//572 287//572 58//572
f 289//318 57//318 59//318
f 289//573 288//573 57//573
f 286//574 61//574 60//574
f 290//575 61//575 286//575
f 61//570 291//570 62//570
f 62//576 291//576 75//576
f 290//577 291//577 61//578
f 291//579 304//579 75//579
f 75//580 306//580 78//580
f 304//580 306//580 75//580
f 306//501 91//501 78//501
f 320//501 91//501 306//501
f 91//581 322//581 93//582
f 93//583 322//584 94//585
f 320//586 322//587 91//587
f 322//588 324//589 94//590
f 94//591 316//592 87//593
f 324//594 316//595 94//596
f 478//10 479//10 69//10
f 87//10 480//10 69//10
f 69//9 480//9 478//9
f 479//597 481//597 69//597
f 87//598 482//598 480//598
f 87//599 483//599 482//599
f 483//10 484//10 481//10
f 481//10 484//600 485//10
f 486//601 297//602 485//603
f 487//597 297//604 486//605
f 481//9 297//606 69//9
f 485//10 297//607 481//10
f 484//608 316//609 488//610
f 489//598 316//598 487//598
f 488//611 316//612 489//612
f 487//10 316//10 297//613
f 87//10 316//10 483//10
f 483//10 316//10 484//10
f 69//614 300//614 72//614
f 72//551 300//615 52//551
f 297//616 300//616 69//616
f 300//551 281//551 52//551
f 52//522 279//522 51//522
f 281//522 279//522 52//522
f 51//483 279//483 45//483
f 45//484 279//484 274//484
f 45//617 271//617 42//617
f 42//618 271//619 43//620
f 274//621 271//621 45//621
f 271//622 272//620 43//623
f 43//624 273//624 44//624
f 272//543 273//543 43//543
f 276//479 47//479 273//479
f 273//575 47//575 44//575
f 277//524 275//625 46//626
f 277//627 46//628 48//629
f 278//630 48//630 49//630
f 278//631 277//632 48//633
f 276//634 49//635 47//636
f 276//637 278//638 49//639
f 39//484 275//484 267//484
f 46//484 275//484 39//484
f 269//640 268//640 41//640
f 269//641 41//641 38//641
f 270//642 38//642 40//642
f 270//643 269//644 38//644
f 267//645 40//646 39//645
f 267//647 270//647 40//648
f 35//10 268//10 264//10
f 41//10 268//10 35//10
f 259//649 262//649 33//649
f 259//649 33//649 29//649
f 260//650 29//650 31//650
f 260//650 259//650 29//650
f 264//651 31//651 35//651
f 264//651 260//651 31//651
f 346//501 117//501 33//501
f 346//501 33//501 262//501
f 367//652 374//652 145//652
f 367//652 145//652 138//652
f 359//653 138//653 130//653
f 359//653 367//653 138//653
f 346//507 130//507 117//507
f 346//507 359//507 130//507
f 374//479 174//479 145//479
f 403//479 174//479 374//479
f 177//654 174//654 403//654
f 177//655 403//655 405//655
f 176//656 405//657 406//658
f 176//659 177//660 405//661
f 173//662 406//663 402//527
f 173//664 176//665 406//666
f 169//483 402//483 397//483
f 173//483 402//483 169//483
f 400//667 399//667 170//667
f 400//520 170//520 171//520
f 401//551 171//643 172//668
f 401//669 400//519 171//519
f 397//554 172//670 169//554
f 397//671 401//671 172//672
f 168//10 399//10 398//10
f 170//9 399//9 168//9
f 168//673 404//673 175//673
f 175//674 404//675 167//676
f 398//485 404//485 168//485
f 404//677 396//677 167//678
f 167//555 395//555 166//555
f 396//679 395//679 167//679
f 166//483 395//483 152//483
f 152//483 395//483 381//483
f 152//680 379//681 150//682
f 150//683 379//684 151//481
f 381//685 379//527 152//686
f 379//683 380//630 151//687
f 151//482 385//482 153//482
f 380//688 385//688 151//688
f 490//479 491//479 385//479
f 407//479 492//479 385//479
f 385//689 492//689 490//689
f 491//690 493//690 385//690
f 407//479 494//691 492//479
f 407//692 495//693 494//694
f 495//695 496//696 493//479
f 493//479 496//697 497//479
f 498//698 153//698 497//698
f 499//479 153//479 498//479
f 500//574 153//574 499//574
f 493//479 153//479 385//479
f 497//479 153//479 493//479
f 496//699 178//700 501//700
f 501//701 178//701 500//701
f 500//479 178//479 153//479
f 407//479 178//479 495//702
f 495//479 178//479 496//703
f 178//704 411//705 187//706
f 187//506 411//506 185//506
f 407//707 411//707 178//707
f 411//506 410//506 185//506
f 185//319 409//708 190//514
f 410//709 409//709 185//709
f 435//501 197//501 409//501
f 409//517 197//517 190//517
f 197//31 437//497 206//31
f 206//583 437//710 205//583
f 435//711 437//711 197//711
f 437//32 433//712 205//712
f 205//713 419//714 196//713
f 433//715 419//716 205//717
f 193//9 419//9 418//9
f 196//9 419//9 193//9
f 416//31 415//31 195//31
f 416//718 195//718 192//718
f 417//719 192//720 194//32
f 417//721 416//722 192//723
f 418//724 194//724 193//724
f 418//713 417//713 194//713
f 429//517 201//517 415//517
f 415//517 201//517 195//517
f 430//502 432//502 204//502
f 430//704 204//704 203//704
f 431//725 203//576 202//726
f 431//506 430//506 203//506
f 429//727 202//728 201//729
f 429//730 431//730 202//709
f 445//479 216//479 204//479
f 445//479 204//479 432//479
f 217//688 216//731 445//732
f 217//733 445//734 447//735
f 218//736 447//528 446//737
f 218//630 217//618 447//537
f 215//738 446//739 444//739
f 215//740 218//741 446//742
f 215//483 444//483 211//483
f 211//484 444//484 439//484
f 442//520 441//520 212//520
f 442//743 212//743 213//743
f 443//744 213//744 214//744
f 443//745 442//745 213//745
f 439//746 214//747 211//747
f 439//748 443//748 214//748
f 212//749 441//749 210//749
f 210//10 441//10 440//10
f 210//667 438//667 209//667
f 209//750 438//751 208//750
f 440//752 438//752 210//752
f 438//753 436//754 208//754
f 208//647 434//647 207//647
f 436//755 434//755 208//755
f 207//483 434//483 191//483
f 191//484 434//484 413//484
f 191//756 408//756 188//756
f 188//757 408//758 186//631
f 413//527 408//527 191//527
f 408//528 412//528 186//759
f 186//543 414//543 189//543
f 412//543 414//543 186//543
f 502//479 503//479 414//479
f 448//479 504//479 414//479
f 414//575 504//575 502//575
f 503//760 505//761 414//760
f 448//479 506//479 504//479
f 448//762 507//762 506//762
f 505//763 508//479 414//479
f 507//764 509//764 505//765
f 505//479 509//479 508//479
f 510//689 189//689 508//689
f 511//479 189//479 510//479
f 512//762 189//762 511//762
f 508//479 189//479 414//479
f 509//766 219//766 513//766
f 513//575 219//575 512//575
f 512//479 219//479 189//479
f 448//479 219//479 507//479
f 507//479 219//479 509//479
f 219//704 452//704 223//704
f 223//767 452//767 224//767
f 448//768 452//768 219//768
f 452//653 453//653 224//769
f 224//770 464//770 241//770
f 453//771 464//771 224//771
f 470//517 246//517 464//517
f 464//501 246//501 241//501
f 246//586 460//772 235//30
f 235//773 460//774 234//775
f 470//776 460//777 246//778
f 460//721 459//721 234//712
f 234//779 458//780 229//39
f 459//37 458//37 234//37
f 226//9 458//9 457//9
f 229//18 458//18 226//18
f 455//27 454//581 228//781
f 455//782 228//499 225//783
f 456//784 225//785 227//786
f 456//787 455//788 225//789
f 457//790 227//790 226//790
f 457//791 456//791 227//791
f 257//501 230//501 454//501
f 454//517 230//517 228//517
f 514//792 503//792 515//792
f 515//793 502//793 516//793
f 503//794 502//794 515//794
f 516//795 504//795 517//795
f 517//796 504//796 518//796
f 502//797 504//797 516//797
f 518//798 506//798 519//798
f 504//799 506//799 518//799
f 519//800 506//800 520//800
f 520//801 507//801 521//801
f 521//802 507//802 522//802
f 506//803 507//803 520//803
f 522//804 505//804 523//804
f 507//805 505//805 522//805
f 523//806 503//806 514//806
f 505//807 503//807 523//807
f 519//808 520//808 524//808
f 524//809 520//809 525//809
f 525//810 521//810 526//810
f 520//811 521//811 525//811
f 420//517 519//517 421//517
f 519//517 182//517 421//517
f 519//501 524//501 182//501
f 524//517 198//517 182//517
f 198//711 524//711 221//711
f 221//812 527//812 222//812
f 524//813 527//813 221//813
f 222//814 528//814 220//814
f 527//815 528//815 222//815
f 524//816 513//816 527//816
f 527//817 512//817 528//817
f 528//818 512//818 529//818
f 513//819 512//819 527//819
f 529//820 511//820 530//820
f 512//821 511//821 529//821
f 530//822 510//822 531//822
f 511//823 510//823 530//823
f 531//824 510//824 532//824
f 532//825 508//825 533//825
f 510//826 508//826 532//826
f 533//827 509//827 526//827
f 526//828 509//828 525//828
f 508//797 509//797 533//797
f 525//829 513//829 524//829
f 509//830 513//830 525//830
f 165//9 534//9 535//9
f 165//9 536//9 534//9
f 165//9 220//9 536//9
f 220//10 530//10 536//10
f 220//10 529//10 530//10
f 536//831 531//831 537//831
f 530//749 531//749 536//749
f 220//832 528//832 529//832
f 537//833 532//833 538//833
f 531//598 532//598 537//598
f 538//834 533//834 539//834
f 532//835 533//835 538//835
f 539//836 540//836 541//836
f 539//10 542//10 540//10
f 543//835 393//835 544//835
f 545//9 393//9 543//9
f 542//18 523//18 546//18
f 533//10 522//10 539//10
f 539//10 522//10 542//10
f 542//10 522//10 523//10
f 546//836 514//836 547//836
f 523//12 514//12 546//12
f 526//9 521//9 533//9
f 533//10 521//10 522//10
f 547//836 515//836 545//836
f 545//10 515//10 393//10
f 514//835 515//835 547//835
f 516//10 449//10 515//10
f 517//598 449//598 516//598
f 515//10 449//10 393//10
f 547//837 494//837 546//837
f 546//838 495//838 542//838
f 494//839 495//839 546//839
f 542//840 493//840 540//840
f 540//841 493//841 548//841
f 495//842 493//842 542//842
f 548//843 491//843 549//843
f 493//844 491//844 548//844
f 549//845 491//845 550//845
f 550//846 490//846 544//846
f 544//847 490//847 543//847
f 491//848 490//848 550//848
f 543//849 492//849 545//849
f 490//797 492//797 543//797
f 545//850 494//850 547//850
f 492//851 494//851 545//851
f 393//852 391//852 544//852
f 544//853 391//853 550//853
f 550//854 389//854 549//854
f 391//855 389//855 550//855
f 389//856 382//856 549//856
f 154//483 551//483 156//483
f 551//483 384//483 156//483
f 551//483 549//483 384//483
f 549//483 382//483 384//483
f 384//857 383//857 155//857
f 384//858 155//858 156//858
f 155//859 383//859 149//860
f 149//861 378//862 137//861
f 383//863 378//864 149//865
f 137//866 366//866 129//866
f 378//867 366//867 137//867
f 129//868 358//868 125//868
f 366//869 358//869 129//869
f 125//870 355//870 121//870
f 358//871 355//871 125//871
f 121//872 350//872 110//872
f 355//870 350//870 121//870
f 110//873 339//873 102//873
f 350//874 339//874 110//874
f 102//875 331//875 89//875
f 339//876 331//876 102//876
f 89//877 318//877 86//877
f 331//878 318//878 89//878
f 86//879 314//879 84//879
f 318//880 314//880 86//880
f 84//881 312//881 88//881
f 314//882 312//882 84//882
f 88//883 317//883 96//883
f 312//884 317//884 88//884
f 317//885 325//885 96//885
f 97//886 96//886 325//886
f 97//887 325//887 326//887
f 71//484 97//484 552//484
f 553//484 326//484 299//484
f 97//483 326//483 553//483
f 97//484 553//484 552//484
f 71//524 552//524 67//524
f 67//888 554//888 68//888
f 552//889 554//889 67//889
f 68//636 555//636 70//636
f 554//890 555//890 68//890
f 482//891 556//891 480//891
f 557//892 556//892 482//892
f 480//893 558//893 478//893
f 556//894 558//894 480//894
f 558//895 555//895 478//895
f 478//896 554//896 479//896
f 555//897 554//897 478//897
f 554//898 552//898 479//898
f 479//899 559//899 481//899
f 552//900 559//900 479//900
f 559//901 560//901 481//901
f 481//902 561//902 483//902
f 560//903 561//903 481//903
f 483//904 562//904 482//904
f 561//905 562//905 483//905
f 562//906 557//906 482//906
f 301//689 563//689 564//689
f 301//701 565//701 563//701
f 301//479 340//479 565//479
f 340//479 566//479 565//479
f 340//479 567//479 566//479
f 565//907 10//907 568//907
f 566//479 10//479 565//479
f 340//479 569//479 567//479
f 568//690 8//690 570//690
f 10//689 8//689 568//689
f 570//479 6//479 571//479
f 8//765 6//765 570//765
f 571//575 560//575 572//575
f 571//479 561//479 560//479
f 558//574 70//574 555//574
f 556//575 70//575 558//575
f 561//908 573//909 562//908
f 6//479 574//479 571//479
f 571//479 574//479 561//479
f 561//479 574//479 573//910
f 562//764 575//764 557//764
f 573//911 575//479 562//479
f 5//479 576//479 6//479
f 6//479 576//479 574//479
f 557//689 577//689 556//689
f 556//479 577//479 70//479
f 575//575 577//575 557//575
f 578//479 111//479 577//479
f 579//912 111//912 578//912
f 577//479 111//479 70//479
f 486//913 580//913 487//913
f 553//914 580//914 486//914
f 580//915 564//915 487//915
f 487//916 563//916 489//916
f 564//917 563//917 487//917
f 489//918 565//918 488//918
f 563//919 565//919 489//919
f 565//920 568//920 488//920
f 488//921 570//921 484//921
f 568//922 570//922 488//922
f 484//4 571//4 485//4
f 570//923 571//923 484//923
f 571//924 572//924 485//924
f 485//925 581//925 486//925
f 572//926 581//926 485//926
f 581//927 553//927 486//927
f 553//928 581//929 552//928
f 552//930 581//931 559//930
f 559//932 572//932 560//932
f 581//933 572//933 559//933
f 299//934 296//934 553//934
f 553//935 296//935 580//935
f 580//936 298//936 564//936
f 296//937 298//937 580//937
f 298//938 301//938 564//938
f 111//704 579//704 112//704
f 112//939 582//939 113//939
f 579//940 582//940 112//940
f 113//941 583//941 114//941
f 582//942 583//942 113//942
f 17//943 582//943 15//943
f 583//944 582//944 17//944
f 582//945 579//945 15//945
f 15//946 578//946 11//946
f 579//947 578//947 15//947
f 11//948 577//948 12//948
f 578//949 577//949 11//949
f 577//950 575//950 12//950
f 12//951 573//951 16//951
f 575//952 573//952 12//952
f 16//953 574//953 18//953
f 573//954 574//954 16//954
f 574//955 576//955 18//955
f 18//956 584//956 17//956
f 576//957 584//957 18//957
f 584//958 583//958 17//958
f 576//959 5//959 584//959
f 584//960 2//960 583//960
f 5//961 2//962 584//963
f 2//964 4//964 583//964
f 341//501 345//501 4//501
f 583//517 115//517 114//517
f 345//501 115//501 583//501
f 345//517 583//517 4//517
f 340//965 343//965 569//965
f 569//966 343//966 585//966
f 585//967 342//967 4//967
f 343//968 342//968 585//968
f 342//511 341//511 4//511
f 9//969 566//969 20//969
f 10//970 566//970 9//970
f 20//916 567//916 21//916
f 566//971 567//971 20//971
f 567//972 569//972 21//972
f 21//973 585//973 1//973
f 569//974 585//974 21//974
f 585//975 4//975 1//975
f 344//976 116//976 115//976
f 345//977 344//977 115//977
f 344//978 348//978 116//978
f 116//979 348//979 119//979
f 119//980 365//981 135//980
f 348//982 365//983 119//982
f 135//984 372//984 143//984
f 365//985 372//985 135//985
f 143//986 388//986 159//986
f 372//987 388//987 143//987
f 159//988 388//988 387//988
f 157//989 159//989 387//989
f 386//479 158//479 387//479
f 387//479 158//479 157//479
f 158//990 390//990 161//990
f 161//579 390//579 162//991
f 386//992 390//992 158//992
f 390//993 392//993 162//993
f 162//994 394//995 164//515
f 392//996 394//580 162//513
f 428//501 164//501 394//501
f 428//501 200//501 164//501
f 200//27 468//27 244//27
f 244//997 468//997 240//997
f 428//998 468//998 200//998
f 468//712 466//712 240//712
f 240//999 424//1000 199//1001
f 466//1002 424//36 240//1003
f 199//10 424//10 181//10
f 181//10 424//10 427//10
f 427//1004 426//1004 179//1004
f 427//1005 179//1005 181//1005
f 179//1006 426//1006 180//1006
f 180//1007 425//1007 238//1007
f 426//1008 425//1008 180//1008
f 238//1009 462//1009 236//1009
f 425//1010 462//1010 238//1010
f 236//1011 423//1011 183//1011
f 462//1012 423//1012 236//1012
f 183//1013 422//1013 184//1013
f 423//1014 422//1014 183//1014
f 184//1015 422//1015 421//1015
f 182//1016 184//1016 421//1016
f 541//1017 540//1017 586//1017
f 586//1018 548//1018 551//1018
f 540//1019 548//1019 586//1019
f 548//1020 549//1020 551//1020
f 551//1021 498//1021 586//1021
f 586//1022 497//1022 541//1022
f 541//1023 497//1023 539//1023
f 498//1024 497//1024 586//1024
f 539//1025 496//1025 538//1025
f 497//1026 496//1026 539//1026
f 538//1027 501//1027 537//1027
f 496//1028 501//1028 538//1028
f 537//1029 501//1029 536//1029
f 536//1030 500//1030 534//1030
f 501//1031 500//1031 536//1031
f 534//1032 499//1032 535//1032
f 535//1033 499//1033 587//1033
f 500//1034 499//1034 534//1034
f 587//1035 498//1035 551//1035
f 499//1036 498//1036 587//1036
f 165//1037 535//1037 163//1037
f 163//1038 587//1038 160//1038
f 535//1039 587//1039 163//1039
f 160//1040 551//1040 154//1040
f 587//1041 551//1041 160//1041
f 420//565 451//565 519//565
f 519//1042 451//1042 518//1042
f 518//1043 450//1043 517//1043
f 451//1044 450//1044 518//1044
f 450//651 449//651 517//651
f 50//1045 313//1045 83//1045
f 280//1045 313//1045 50//1045
f 83//1046 315//1046 85//1046
f 313//1046 315//1046 83//1046
f 85//1047 265//1047 36//1047
f 315//1047 265//1047 85//1047
f 36//1048 261//1048 32//1048
f 265//1049 261//1049 36//1049
f 32//1050 258//1050 30//1050
f 261//1050 258//1050 32//1050
f 30//1051 263//1051 34//1051
f 258//1051 263//1051 30//1051
f 34//1052 266//1052 37//1052
f 263//1052 266//1052 34//1052
f 37//1053 280//1053 50//1053
f 266//1054 280//1054 37//1054
f 142//1045 377//1045 147//1045
f 371//1045 377//1045 142//1045
f 147//1046 373//1046 144//1046
f 377//1046 373//1046 147//1046
f 144//1047 363//1047 134//1047
f 373//1047 363//1047 144//1047
f 134//1049 356//1049 127//1049
f 363//1048 356//1048 134//1048
f 127//1050 351//1050 122//1050
f 356//1050 351//1050 127//1050
f 122//1051 357//1051 128//1051
f 351//1051 357//1051 122//1051
f 128//1052 364//1052 136//1052
f 357//1052 364//1052 128//1052
f 136//1053 371//1053 142//1053
f 364//1054 371//1054 136//1054
f 140//1045 375//1045 146//1045
f 369//1045 375//1045 140//1045
f 146//1046 370//1046 141//1046
f 375//1046 370//1046 146//1046
f 141//1047 362//1047 133//1047
f 370//1047 362//1047 141//1047
f 133//1049 353//1049 126//1049
f 362//1049 353//1049 133//1049
f 126//1050 349//1050 120//1050
f 353//1050 349//1050 126//1050
f 120//1051 354//1051 124//1051
f 349//1051 354//1051 120//1051
f 124//1052 361//1052 132//1052
f 354//1052 361//1052 124//1052
f 132//1054 369//1054 140//1054
f 361//1053 369//1053 132//1053
f 250//1045 476//1045 252//1045
f 472//1045 476//1045 250//1045
f 252//1046 474//1046 248//1046
f 476//1046 474//1046 252//1046
f 248//1047 469//1047 245//1047
f 474//1047 469//1047 248//1047
f 245//1049 463//1049 242//1049
f 469//1049 463//1049 245//1049
f 242//1050 461//1050 237//1050
f 463//1050 461//1050 242//1050
f 237//1055 465//1055 239//1055
f 461//1051 465//1051 237//1051
f 239//1052 467//1052 243//1052
f 465//1052 467//1052 239//1052
f 243//1054 472//1054 250//1054
f 467//1054 472//1054 243//1054
f 588//1056 589//1056 590//1056
f 590//1057 589//1057 591//1057
f 591//10 592//10 593//10
f 589//10 592//10 591//10
f 593//1058 594//1058 595//1058
f 592//1059 594//1059 593//1059
f 596//325 597//325 598//325
f 596//1060 598//1060 599//1060
f 592//320 599//320 594//320
f 592//345 596//345 599//345
f 600//320 589//320 588//320
f 601//320 592//320 589//320
f 601//320 596//320 592//320
f 601//353 589//353 600//353
f 602//357 600//357 603//357
f 602//329 601//329 600//329
f 603//1061 600//1061 604//1061
f 603//1062 604//1062 605//1062
f 602//1063 605//1063 606//1063
f 602//1064 603//1064 605//1064
f 601//1065 606//1065 607//1065
f 601//482 602//482 606//482
f 601//479 607//479 608//479
f 601//479 608//479 596//479
f 597//706 596//706 608//706
f 597//1066 608//1066 609//1066
f 598//653 609//653 610//653
f 598//1067 597//1067 609//1067
f 599//1068 610//1068 611//1068
f 599//1069 598//1069 610//1069
f 599//517 611//517 595//517
f 599//501 595//501 594//501
f 612//320 29//320 31//320
f 613//320 33//320 29//320
f 613//320 29//320 612//320
f 614//320 31//320 35//320
f 614//320 612//320 31//320
f 615//320 614//320 35//320
f 616//353 33//353 613//353
f 617//320 33//320 616//320
f 618//320 619//320 615//320
f 620//345 617//345 616//345
f 620//320 616//320 621//320
f 622//320 615//320 35//320
f 622//353 618//353 615//353
f 623//1070 33//1070 617//1070
f 624//345 619//345 618//345
f 625//447 622//447 35//447
f 626//332 620//332 621//332
f 627//320 626//320 621//320
f 627//320 621//320 628//320
f 629//320 619//320 624//320
f 629//320 628//320 619//320
f 630//320 627//320 628//320
f 631//320 628//320 629//320
f 631//320 630//320 628//320
f 632//320 625//320 35//320
f 633//320 627//320 630//320
f 634//320 631//320 629//320
f 635//353 636//353 637//353
f 635//320 637//320 638//320
f 635//320 638//320 627//320
f 635//320 627//320 633//320
f 639//320 629//320 640//320
f 639//320 640//320 641//320
f 639//320 641//320 642//320
f 639//320 634//320 629//320
f 643//320 636//320 635//320
f 644//320 639//320 642//320
f 118//320 632//320 35//320
f 118//357 645//357 632//357
f 117//320 33//320 623//320
f 117//1071 646//1072 647//1071
f 117//320 623//320 646//320
f 648//320 645//320 118//320
f 648//345 649//345 645//345
f 650//332 647//332 651//332
f 650//320 117//320 647//320
f 652//320 648//320 118//320
f 653//320 649//320 648//320
f 653//320 642//320 654//320
f 653//1070 654//1070 649//1070
f 655//320 117//320 650//320
f 656//320 650//320 651//320
f 656//1070 651//1070 657//1070
f 656//320 657//320 636//320
f 658//320 636//320 643//320
f 659//320 644//320 642//320
f 131//320 652//320 118//320
f 130//320 117//320 655//320
f 660//320 642//320 653//320
f 660//320 659//320 642//320
f 661//320 652//320 131//320
f 662//320 636//320 658//320
f 662//320 656//320 636//320
f 663//320 130//320 655//320
f 139//320 661//320 131//320
f 138//320 130//320 663//320
f 664//320 662//320 658//320
f 665//320 659//320 660//320
f 666//320 661//320 139//320
f 667//320 138//320 663//320
f 145//320 667//320 668//320
f 145//353 138//353 667//353
f 148//402 666//402 139//402
f 669//1073 666//1073 148//1073
f 670//345 666//345 669//345
f 671//320 672//320 666//320
f 671//402 666//402 670//402
f 673//320 672//320 671//320
f 595//320 674//320 662//320
f 595//320 662//320 664//320
f 595//353 664//353 675//353
f 595//320 675//320 676//320
f 677//320 660//320 678//320
f 677//320 665//320 660//320
f 677//320 679//320 680//320
f 677//320 680//320 665//320
f 611//353 674//353 595//353
f 681//353 677//353 678//353
f 610//320 668//320 674//320
f 610//406 674//406 611//406
f 682//320 678//320 672//320
f 682//320 681//320 678//320
f 609//320 145//320 668//320
f 609//343 668//343 610//343
f 683//347 682//347 672//347
f 683//320 672//320 673//320
f 608//475 145//475 609//475
f 684//385 683//385 673//385
f 593//402 595//402 676//402
f 685//353 679//353 677//353
f 591//320 593//320 676//320
f 686//320 679//320 685//320
f 590//320 591//320 676//320
f 590//320 676//320 687//320
f 590//320 687//320 688//320
f 689//320 679//320 686//320
f 689//320 690//320 691//320
f 689//320 691//320 679//320
f 692//320 590//320 688//320
f 692//320 690//320 689//320
f 692//320 688//320 690//320
f 693//320 692//320 689//320
f 693//320 689//320 694//320
f 693//357 694//357 695//357
f 696//320 590//320 692//320
f 696//462 605//462 604//462
f 696//402 604//402 590//402
f 697//329 695//329 698//329
f 697//357 693//357 695//357
f 699//353 605//353 696//353
f 699//1074 606//1074 605//1074
f 700//320 684//320 673//320
f 700//1075 698//1075 701//1075
f 700//402 701//402 684//402
f 700//320 697//320 698//320
f 702//320 697//320 700//320
f 702//353 703//353 697//353
f 704//357 703//357 702//357
f 705//347 703//347 704//347
f 247//320 699//320 706//320
f 247//320 606//320 699//320
f 247//353 607//353 606//353
f 249//330 703//330 705//330
f 251//320 706//320 707//320
f 251//320 247//320 706//320
f 253//357 707//357 703//357
f 253//320 703//320 249//320
f 253//320 251//320 707//320
f 247//320 145//320 608//320
f 247//320 608//320 607//320
f 253//480 249//480 708//480
f 253//480 708//480 709//480
f 251//481 709//481 710//481
f 251//481 253//481 709//481
f 247//482 710//482 711//482
f 247//482 251//482 710//482
f 712//229 713//229 714//229
f 715//229 713//229 712//229
f 712//229 716//229 715//229
f 714//157 717//157 718//157
f 713//42 717//42 714//42
f 716//94 719//94 715//94
f 717//42 720//42 718//42
f 716//229 721//229 719//229
f 722//44 723//44 724//44
f 725//42 723//42 722//42
f 724//42 726//42 722//42
f 722//42 726//42 727//42
f 725//42 728//42 723//42
f 729//42 728//42 725//42
f 726//44 730//44 727//44
f 727//42 730//42 731//42
f 729//42 732//42 728//42
f 733//42 732//42 729//42
f 730//42 734//42 731//42
f 733//41 735//41 732//41
f 734//42 736//42 731//42
f 737//44 736//44 734//44
f 733//42 738//42 735//42
f 739//42 738//42 721//42
f 721//41 738//41 733//41
f 735//42 738//42 740//42
f 731//42 741//42 720//42
f 736//42 741//42 731//42
f 720//42 742//42 718//42
f 741//44 742//44 720//44
f 716//42 743//42 721//42
f 721//42 743//42 739//42
f 741//144 744//144 742//144
f 738//42 745//42 740//42
f 740//42 745//42 746//42
f 737//42 747//42 736//42
f 748//42 747//42 737//42
f 743//89 749//89 739//89
f 742//42 750//42 751//42
f 744//42 750//42 742//42
f 745//42 752//42 746//42
f 746//42 752//42 753//42
f 748//42 754//42 747//42
f 755//42 754//42 748//42
f 756//229 757//229 743//229
f 743//157 757//157 749//157
f 752//44 758//44 753//44
f 756//176 759//176 757//176
f 756//43 760//43 759//43
f 761//43 762//43 750//43
f 750//144 762//144 751//144
f 754//176 763//176 764//176
f 755//42 763//42 754//42
f 758//42 765//42 753//42
f 761//43 766//43 762//43
f 766//144 767//144 762//144
f 760//144 768//144 759//144
f 759//102 768//102 769//102
f 766//42 770//42 767//42
f 763//42 771//42 764//42
f 764//42 771//42 772//42
f 758//44 773//44 765//44
f 774//42 773//42 758//42
f 766//41 775//41 770//41
f 766//42 776//42 775//42
f 768//42 777//42 769//42
f 776//42 778//42 775//42
f 776//42 779//42 778//42
f 780//44 779//44 776//44
f 781//42 782//42 774//42
f 774//42 782//42 773//42
f 771//42 783//42 772//42
f 772//42 783//42 780//42
f 780//42 784//42 779//42
f 783//42 784//42 780//42
f 781//42 785//42 782//42
f 786//42 787//42 788//42
f 787//42 789//42 788//42
f 790//42 789//42 791//42
f 788//42 789//42 790//42
f 786//42 792//42 787//42
f 793//44 792//44 786//44
f 789//176 794//176 791//176
f 791//41 794//41 795//41
f 781//42 796//42 785//42
f 777//42 796//42 781//42
f 793//42 796//42 792//42
f 785//42 796//42 793//42
f 794//42 797//42 795//42
f 795//42 797//42 784//42
f 777//176 798//176 796//176
f 799//41 800//41 797//41
f 784//42 800//42 779//42
f 797//42 800//42 784//42
f 799//43 801//43 800//43
f 799//102 802//102 801//102
f 799//42 803//42 802//42
f 803//43 804//43 802//43
f 803//144 708//144 804//144
f 798//42 711//42 805//42
f 711//55 806//55 805//55
f 711//43 710//43 806//43
f 807//42 709//42 803//42
f 806//42 709//42 807//42
f 803//230 709//230 708//230
f 710//44 709//44 806//44
f 768//42 711//42 798//42
f 768//41 798//41 777//41
f 247//479 768//479 145//479
f 247//479 711//479 768//479
f 138//652 145//652 768//652
f 138//652 768//652 760//652
f 130//653 760//653 756//653
f 130//653 138//653 760//653
f 117//507 756//507 743//507
f 117//507 130//507 756//507
f 117//517 716//517 33//517
f 117//517 743//517 716//517
f 29//649 33//649 716//649
f 29//649 716//649 712//649
f 31//650 712//650 714//650
f 31//650 29//650 712//650
f 35//651 714//651 718//651
f 35//651 31//651 714//651
f 118//10 35//10 718//10
f 742//10 118//10 718//10
f 131//546 118//546 742//546
f 131//485 742//485 751//485
f 139//486 751//486 762//486
f 139//486 131//486 751//486
f 148//487 762//487 767//487
f 148//487 139//487 762//487
f 770//484 669//484 148//484
f 770//484 148//484 767//484
f 779//1076 673//1076 778//1076
f 778//1077 671//1077 775//1077
f 673//1078 671//1078 778//1078
f 775//1079 670//1079 770//1079
f 671//1077 670//1077 775//1077
f 670//1079 669//1079 770//1079
f 808//484 673//484 809//484
f 810//484 673//484 808//484
f 779//484 811//484 812//484
f 779//483 812//483 813//483
f 779//483 813//483 809//483
f 779//484 809//484 673//484
f 814//484 700//484 673//484
f 814//484 810//484 811//484
f 814//484 673//484 810//484
f 815//483 700//483 814//483
f 816//483 811//483 779//483
f 816//483 814//483 811//483
f 817//483 700//483 815//483
f 800//483 818//483 819//483
f 800//483 819//483 816//483
f 800//483 816//483 779//483
f 800//483 700//483 817//483
f 800//1080 817//1080 818//1080
f 700//1081 800//1081 702//1081
f 702//1082 801//1082 704//1082
f 800//1083 801//1083 702//1083
f 704//1084 802//1084 705//1084
f 801//1085 802//1085 704//1085
f 802//1086 804//1086 705//1086
f 708//484 249//484 705//484
f 708//483 705//483 804//483
f 808//1087 809//1087 820//1087
f 820//1087 809//1087 821//1087
f 821//575 813//575 822//575
f 809//575 813//575 821//575
f 822//1088 812//1088 823//1088
f 813//1089 812//1089 822//1089
f 823//1090 812//1090 824//1090
f 812//1091 811//1091 824//1091
f 825//1092 810//1092 820//1092
f 824//10 810//10 825//10
f 811//9 810//9 824//9
f 810//1092 808//1092 820//1092
f 823//1093 824//1093 826//1093
f 824//1094 825//1094 826//1094
f 825//1095 820//1095 826//1095
f 820//1096 821//1096 826//1096
f 821//1097 822//1097 826//1097
f 822//1098 823//1098 826//1098
f 815//1087 814//1087 827//1087
f 828//479 814//479 829//479
f 827//1087 814//1087 828//1087
f 829//1089 816//1089 830//1089
f 814//575 816//575 829//575
f 816//1089 819//1089 830//1089
f 819//1090 818//1090 830//1090
f 830//1090 818//1090 831//1090
f 832//1099 817//1099 827//1099
f 831//10 817//10 832//10
f 818//10 817//10 831//10
f 817//1092 815//1092 827//1092
f 830//1100 831//1100 833//1100
f 831//1101 832//1101 833//1101
f 832//1102 827//1102 833//1102
f 827//1096 828//1096 833//1096
f 828//1097 829//1097 833//1097
f 829//1098 830//1098 833//1098
f 834//1103 803//1103 835//1103
f 835//1104 803//1104 836//1104
f 836//1105 803//1105 837//1105
f 837//1106 803//1106 838//1106
f 838//1107 803//1107 839//1107
f 839//1108 799//1109 840//1110
f 840//1111 799//1111 841//1111
f 841//1112 799//1112 842//1112
f 842//1113 799//1113 843//1113
f 843//1114 799//1114 844//1114
f 844//1115 799//1115 845//1115
f 845//1116 799//1116 846//1116
f 846//1117 799//1117 847//1117
f 847//1118 799//1118 848//1118
f 848//1119 799//1119 849//1119
f 849//1120 799//1121 850//1122
f 803//1123 799//1124 839//1125
f 850//1126 797//1126 851//1126
f 851//1127 797//1127 852//1127
f 852//1128 797//1128 853//1128
f 853//1129 797//1129 854//1129
f 854//1130 797//1130 855//1130
f 855//1131 797//1131 856//1131
f 856//1132 797//1132 857//1132
f 857//1133 797//1133 858//1133
f 858//1134 797//1134 859//1134
f 859//1135 797//1135 860//1135
f 799//1136 797//1137 850//1138
f 860//1139 794//1140 861//1141
f 861//1142 794//1142 862//1142
f 862//1143 794//1143 863//1143
f 863//1144 794//1144 864//1144
f 864//1145 794//1145 865//1145
f 865//1146 794//1146 866//1146
f 866//1147 794//1147 867//1147
f 867//1148 794//1148 868//1148
f 868//1149 794//1149 869//1149
f 869//1150 794//1150 870//1150
f 870//1151 794//1152 871//1153
f 797//1154 794//1155 860//1156
f 871//1157 789//1157 872//1157
f 872//1158 789//1158 873//1158
f 794//1159 789//1160 871//1161
f 873//1162 789//1162 874//1162
f 874//1163 789//1163 875//1163
f 875//1164 789//1164 876//1164
f 876//1165 789//1165 877//1165
f 877//1166 789//1166 878//1166
f 878//1167 789//1167 879//1167
f 879//1168 789//1168 880//1168
f 880//1169 789//1169 881//1169
f 789//1170 787//1171 881//1172
f 881//1173 787//1174 882//1175
f 882//1176 787//1176 883//1176
f 883//1177 787//1177 884//1177
f 884//1178 787//1178 885//1178
f 885//1179 787//1179 886//1179
f 886//1180 787//1180 887//1180
f 887//1181 787//1181 888//1181
f 888//1182 787//1182 889//1182
f 889//1183 787//1183 890//1183
f 890//1184 787//1184 891//1184
f 891//1185 787//1186 892//1187
f 787//1188 792//1189 892//1190
f 892//1191 792//1191 893//1191
f 893//1192 792//1192 894//1192
f 894//1193 792//1193 895//1193
f 895//1194 792//1194 896//1194
f 896//1195 792//1195 897//1195
f 897//1196 792//1196 898//1196
f 898//1197 792//1197 899//1197
f 899//1198 792//1198 900//1198
f 900//1199 792//1199 901//1199
f 901//1200 792//1200 902//1200
f 902//1201 796//1202 903//1203
f 903//1204 796//1204 904//1204
f 904//1205 796//1205 905//1205
f 905//1206 796//1206 906//1206
f 906//1207 796//1207 907//1207
f 907//1208 796//1208 908//1208
f 908//1209 796//1209 909//1209
f 909//1210 796//1210 910//1210
f 910//1211 796//1211 911//1211
f 911//1212 796//1212 912//1212
f 912//1213 796//1214 913//1215
f 792//1216 796//1217 902//1218
f 913//1219 798//1219 914//1219
f 914//1220 798//1220 915//1220
f 915//1221 798//1221 916//1221
f 916//1222 798//1222 917//1222
f 917//1223 798//1223 918//1223
f 918//1224 798//1224 919//1224
f 919//1225 798//1225 920//1225
f 920//1226 798//1226 921//1226
f 921//1227 798//1227 922//1227
f 922//1228 798//1228 923//1228
f 796//1229 798//1230 913//1231
f 923//1232 805//1233 924//1234
f 924//1235 805//1235 925//1235
f 925//1236 805//1236 926//1236
f 926//1237 805//1237 927//1237
f 927//1238 805//1238 928//1238
f 928//1239 805//1239 929//1239
f 929//1240 805//1240 930//1240
f 930//1241 805//1241 931//1241
f 931//1242 805//1242 932//1242
f 932//1243 805//1243 933//1243
f 933//1244 805//1245 934//1246
f 798//1247 805//1248 923//1249
f 934//1250 806//1250 935//1250
f 935//1251 806//1251 936//1251
f 805//1252 806//1253 934//1254
f 936//1255 806//1255 937//1255
f 937//1256 806//1256 938//1256
f 938//1257 806//1257 939//1257
f 939//1258 806//1258 940//1258
f 940//1259 806//1259 941//1259
f 941//1260 806//1260 942//1260
f 942//1261 806//1261 943//1261
f 943//1262 806//1262 944//1262
f 806//1263 807//1264 944//1265
f 944//1266 807//1267 945//1268
f 945//1269 807//1269 946//1269
f 946//1270 807//1270 947//1270
f 947//1271 807//1271 948//1271
f 948//1272 807//1272 949//1272
f 949//1273 807//1273 950//1273
f 950//1274 807//1274 951//1274
f 951//1275 807//1275 952//1275
f 952//1276 807//1276 953//1276
f 953//1277 807//1277 954//1277
f 954//1278 807//1279 955//1280
f 807//1281 803//1282 955//1283
f 955//1284 803//1284 956//1284
f 956//1285 803//1285 957//1285
f 957//1286 803//1286 958//1286
f 958//1287 803//1287 959//1287
f 959//1288 803//1288 834//1288
f 960//41 849//41 850//41
f 961//44 850//44 851//44
f 961//94 960//94 850//94
f 962//1289 848//1289 849//1289
f 962//55 849//55 960//55
f 963//1290 851//1290 852//1290
f 963//1291 961//1291 851//1291
f 964//257 847//257 848//257
f 964//281 848//281 962//281
f 965//44 852//44 853//44
f 965//89 963//89 852//89
f 966//1292 846//1292 847//1292
f 966//175 847//175 964//175
f 967//107 853//107 854//107
f 967//1293 965//1293 853//1293
f 968//102 845//102 846//102
f 968//44 846//44 966//44
f 969//94 854//94 855//94
f 969//42 967//42 854//42
f 970//1294 844//1294 845//1294
f 970//44 845//44 968//44
f 971//41 855//41 856//41
f 971//257 969//257 855//257
f 972//303 843//303 844//303
f 972//43 844//43 970//43
f 973//175 971//175 856//175
f 973//94 856//94 857//94
f 974//107 843//107 972//107
f 974//102 842//102 843//102
f 975//205 973//205 857//205
f 975//1291 857//1291 858//1291
f 976//94 841//94 842//94
f 976//283 842//283 974//283
f 977//1295 858//1295 859//1295
f 977//257 975//257 858//257
f 978//248 840//248 841//248
f 978//179 841//179 976//179
f 979//94 977//94 859//94
f 979//1291 859//1291 860//1291
f 980//257 839//257 840//257
f 980//1296 840//1296 978//1296
f 981//1297 860//1297 861//1297
f 981//44 979//44 860//44
f 982//175 838//175 839//175
f 982//120 839//120 980//120
f 983//94 861//94 862//94
f 983//257 981//257 861//257
f 984//230 837//230 838//230
f 984//257 838//257 982//257
f 985//205 862//205 863//205
f 985//94 983//94 862//94
f 986//1298 836//1298 837//1298
f 986//157 837//157 984//157
f 987//102 863//102 864//102
f 987//308 985//308 863//308
f 988//94 835//94 836//94
f 988//205 836//205 986//205
f 989//1290 864//1290 865//1290
f 989//1299 987//1299 864//1299
f 990//109 834//109 835//109
f 990//94 835//94 988//94
f 991//246 865//246 866//246
f 991//1300 989//1300 865//1300
f 992//273 959//273 834//273
f 992//44 834//44 990//44
f 993//55 866//55 867//55
f 993//101 991//101 866//101
f 994//1299 958//1299 959//1299
f 994//175 959//175 992//175
f 995//102 867//102 868//102
f 995//94 993//94 867//94
f 996//93 958//93 994//93
f 957//107 958//107 996//107
f 997//177 995//177 868//177
f 869//1299 997//1299 868//1299
f 998//257 957//257 996//257
f 956//171 957//171 998//171
f 999//257 997//257 869//257
f 870//1299 999//1299 869//1299
f 1000//303 956//303 998//303
f 955//43 956//43 1000//43
f 1001//115 999//115 870//115
f 871//157 1001//157 870//157
f 1002//102 955//102 1000//102
f 954//44 955//44 1002//44
f 1003//205 1001//205 871//205
f 872//53 1003//53 871//53
f 1004//44 954//44 1002//44
f 953//94 954//94 1004//94
f 1005//1299 1003//1299 872//1299
f 873//107 1005//107 872//107
f 1006//1296 953//1296 1004//1296
f 952//1296 953//1296 1006//1296
f 1007//283 1005//283 873//283
f 874//157 1007//157 873//157
f 1008//1301 952//1301 1006//1301
f 951//1302 952//1302 1008//1302
f 1009//44 1007//44 874//44
f 875//230 1009//230 874//230
f 1010//239 951//239 1008//239
f 950//1297 951//1297 1010//1297
f 1011//1291 1009//1291 875//1291
f 876//1295 1011//1295 875//1295
f 1012//283 950//283 1010//283
f 949//235 950//235 1012//235
f 1013//177 1011//177 876//177
f 877//102 1013//102 876//102
f 1014//43 949//43 1012//43
f 948//107 949//107 1014//107
f 1015//263 1013//263 877//263
f 878//102 1015//102 877//102
f 1016//41 948//41 1014//41
f 947//42 948//42 1016//42
f 1017//55 1015//55 878//55
f 879//156 1017//156 878//156
f 1018//102 947//102 1016//102
f 946//94 947//94 1018//94
f 1019//1303 1017//1303 879//1303
f 880//189 1019//189 879//189
f 1020//175 946//175 1018//175
f 945//42 946//42 1020//42
f 1021//157 1019//157 880//157
f 881//1301 1021//1301 880//1301
f 1022//229 945//229 1020//229
f 1023//42 1021//42 881//42
f 944//72 945//72 1022//72
f 1024//175 944//175 1022//175
f 882//175 1023//175 881//175
f 1025//157 1023//157 882//157
f 943//1304 944//1304 1024//1304
f 1026//1296 943//1296 1024//1296
f 883//257 1025//257 882//257
f 1027//41 1025//41 883//41
f 942//1296 943//1296 1026//1296
f 1028//175 942//175 1026//175
f 884//115 1027//115 883//115
f 1029//1305 1027//1305 884//1305
f 941//110 942//110 1028//110
f 1030//303 941//303 1028//303
f 885//283 1029//283 884//283
f 1031//235 1029//235 885//235
f 940//281 941//281 1030//281
f 1032//157 940//157 1030//157
f 886//120 1031//120 885//120
f 1033//246 1031//246 886//246
f 939//179 940//179 1032//179
f 1034//229 939//229 1032//229
f 887//93 1033//93 886//93
f 1035//44 1033//44 887//44
f 938//41 939//41 1034//41
f 1036//94 938//94 1034//94
f 888//135 1035//135 887//135
f 1037//175 1035//175 888//175
f 937//102 938//102 1036//102
f 1038//41 937//41 1036//41
f 889//1299 1037//1299 888//1299
f 1039//257 1037//257 889//257
f 936//157 937//157 1038//157
f 1040//177 936//177 1038//177
f 890//196 1039//196 889//196
f 1041//1293 1039//1293 890//1293
f 935//171 936//171 1040//171
f 1042//134 935//134 1040//134
f 891//1294 1041//1294 890//1294
f 1043//205 1041//205 891//205
f 934//42 935//42 1042//42
f 1044//42 934//42 1042//42
f 892//1291 1043//1291 891//1291
f 1045//41 1043//41 892//41
f 933//1305 934//1305 1044//1305
f 1046//102 933//102 1044//102
f 893//94 1045//94 892//94
f 1047//1301 1045//1301 893//1301
f 932//1299 933//1299 1046//1299
f 1048//1295 932//1295 1046//1295
f 894//107 1047//107 893//107
f 1049//147 1047//147 894//147
f 931//111 932//111 1048//111
f 931//44 1048//44 1050//44
f 895//91 1049//91 894//91
f 895//1306 1051//1306 1049//1306
f 930//44 931//44 1050//44
f 930//257 1050//257 1052//257
f 896//94 1051//94 895//94
f 896//283 1053//283 1051//283
f 929//1297 930//1297 1052//1297
f 929//181 1052//181 1054//181
f 897//270 1053//270 896//270
f 897//179 1055//179 1053//179
f 928//181 1054//181 1056//181
f 928//157 929//157 1054//157
f 898//120 1055//120 897//120
f 898//229 1057//229 1055//229
f 927//1293 1056//1293 1058//1293
f 927//41 928//41 1056//41
f 899//55 1057//55 898//55
f 899//229 1059//229 1057//229
f 926//41 1058//41 1060//41
f 926//1291 927//1291 1058//1291
f 900//257 1059//257 899//257
f 900//1296 1061//1296 1059//1296
f 925//94 1060//94 1062//94
f 925//177 926//177 1060//177
f 901//94 1063//94 1061//94
f 901//235 1061//235 900//235
f 924//181 1062//181 1064//181
f 924//44 925//44 1062//44
f 902//255 1065//255 1063//255
f 902//1307 1063//1307 901//1307
f 923//93 1064//93 1066//93
f 923//94 924//94 1064//94
f 903//89 1067//89 1065//89
f 903//115 1065//115 902//115
f 922//102 1066//102 1068//102
f 922//229 923//229 1066//229
f 904//94 1069//94 1067//94
f 904//157 1067//157 903//157
f 921//44 1068//44 1070//44
f 921//1298 922//1298 1068//1298
f 905//1307 1071//1307 1069//1307
f 905//94 1069//94 904//94
f 920//1299 1070//1299 1072//1299
f 920//102 921//102 1070//102
f 906//41 1073//41 1071//41
f 906//115 1071//115 905//115
f 919//157 920//157 1072//157
f 919//229 1072//229 1074//229
f 907//1308 1075//1308 1073//1308
f 907//306 1073//306 906//306
f 918//51 919//51 1074//51
f 918//157 1074//157 1076//157
f 908//1297 1075//1297 907//1297
f 908//89 1077//89 1075//89
f 917//1299 918//1299 1076//1299
f 917//157 1076//157 1078//157
f 909//257 1077//257 908//257
f 909//1291 1079//1291 1077//1291
f 916//1291 917//1291 1078//1291
f 916//1309 1078//1309 1080//1309
f 910//179 1079//179 909//179
f 910//130 1081//130 1079//130
f 915//55 916//55 1080//55
f 915//144 1080//144 1082//144
f 911//94 1081//94 910//94
f 911//41 1083//41 1081//41
f 914//295 1082//295 1084//295
f 914//179 915//179 1082//179
f 912//102 1085//102 1083//102
f 912//1310 1083//1310 911//1310
f 913//41 1085//41 912//41
f 913//94 1084//94 1085//94
f 913//102 914//102 1084//102
f 989//1311 991//1311 1086//1311
f 987//1312 989//1312 1086//1312
f 985//1313 987//1313 1086//1313
f 983//1314 985//1314 1086//1314
f 981//1315 983//1315 1086//1315
f 979//1316 1086//1317 1087//1318
f 979//1319 981//1319 1086//1319
f 977//1320 979//1321 1087//1322
f 975//1323 977//1323 1087//1323
f 973//1324 975//1324 1087//1324
f 971//1325 973//1325 1087//1325
f 969//1326 971//1326 1087//1326
f 967//1327 969//1327 1087//1327
f 965//1328 967//1328 1087//1328
f 963//1329 965//1329 1087//1329
f 961//1330 963//1330 1087//1330
f 960//1331 961//1331 1087//1331
f 962//1332 960//1332 1087//1332
f 964//1333 962//1333 1087//1333
f 966//1334 1087//1334 1088//1334
f 966//1335 964//1335 1087//1335
f 968//1336 966//1336 1088//1336
f 970//1337 968//1337 1088//1337
f 972//1338 970//1338 1088//1338
f 974//1339 972//1339 1088//1339
f 976//1340 974//1340 1088//1340
f 978//1341 976//1341 1088//1341
f 980//1342 978//1342 1088//1342
f 982//1343 980//1343 1088//1343
f 984//1344 982//1344 1088//1344
f 986//1345 984//1345 1088//1345
f 988//1346 986//1346 1088//1346
f 990//1347 988//1347 1088//1347
f 992//1348 1088//1348 1089//1348
f 992//1349 990//1349 1088//1349
f 994//1350 992//1350 1089//1350
f 996//1351 994//1351 1089//1351
f 998//1352 996//1352 1089//1352
f 1000//1353 998//1353 1089//1353
f 1002//1354 1000//1354 1089//1354
f 1004//1355 1002//1355 1089//1355
f 1006//1356 1004//1356 1089//1356
f 1008//1357 1006//1357 1089//1357
f 1010//1358 1008//1358 1089//1358
f 1012//1359 1010//1359 1089//1359
f 1014//1360 1012//1360 1089//1360
f 1016//1361 1089//1361 1090//1361
f 1016//1362 1014//1362 1089//1362
f 1018//1363 1016//1363 1090//1363
f 1020//1364 1018//1364 1090//1364
f 1022//1365 1020//1365 1090//1365
f 1024//1366 1022//1366 1090//1366
f 1026//1367 1024//1367 1090//1367
f 1028//1368 1026//1368 1090//1368
f 1030//1369 1028//1369 1090//1369
f 1032//1370 1030//1370 1090//1370
f 1034//1371 1032//1371 1090//1371
f 1036//1372 1034//1372 1090//1372
f 1038//1373 1036//1373 1090//1373
f 1040//1374 1038//1374 1090//1374
f 1042//1375 1090//1376 1091//1377
f 1042//1378 1040//1379 1090//1380
f 1044//1381 1042//1381 1091//1381
f 1046//1382 1044//1382 1091//1382
f 1048//1383 1046//1383 1091//1383
f 1050//1384 1048//1384 1091//1384
f 1052//1385 1050//1385 1091//1385
f 1054//1386 1052//1386 1091//1386
f 1056//1387 1054//1387 1091//1387
f 1058//1388 1056//1388 1091//1388
f 1060//1389 1058//1389 1091//1389
f 1062//1390 1060//1390 1091//1390
f 1064//1391 1062//1391 1091//1391
f 1066//1392 1091//1393 1092//1394
f 1066//1395 1064//1395 1091//1395
f 1068//1396 1066//1397 1092//1398
f 1070//1399 1068//1399 1092//1399
f 1072//1400 1070//1400 1092//1400
f 1074//1401 1072//1401 1092//1401
f 1076//1402 1074//1402 1092//1402
f 1078//1403 1076//1403 1092//1403
f 1080//1404 1078//1404 1092//1404
f 1082//1405 1080//1405 1092//1405
f 1084//1406 1082//1406 1092//1406
f 1085//1407 1084//1407 1092//1407
f 1083//1408 1085//1408 1092//1408
f 1081//1409 1083//1409 1092//1409
f 1079//1410 1092//1410 1093//1410
f 1079//1411 1081//1411 1092//1411
f 1077//1412 1079//1412 1093//1412
f 1075//1413 1077//1413 1093//1413
f 1073//1414 1075//1414 1093//1414
f 1071//1415 1073//1415 1093//1415
f 1069//1416 1071//1416 1093//1416
f 1067//1417 1069//1417 1093//1417
f 1065//1418 1067//1418 1093//1418
f 1063//1419 1065//1419 1093//1419
f 1061//1420 1063//1420 1093//1420
f 1059//1421 1061//1421 1093//1421
f 1057//1422 1059//1422 1093//1422
f 1055//1423 1057//1423 1093//1423
f 1053//1424 1093//1424 1094//1424
f 1053//1425 1055//1425 1093//1425
f 1051//1426 1053//1426 1094//1426
f 1049//1427 1051//1427 1094//1427
f 1047//1428 1049//1428 1094//1428
f 1045//1429 1047//1429 1094//1429
f 1043//1430 1045//1430 1094//1430
f 1041//1431 1043//1431 1094//1431
f 1039//1432 1041//1432 1094//1432
f 1037//1433 1039//1433 1094//1433
f 1035//1434 1037//1434 1094//1434
f 1033//1435 1035//1435 1094//1435
f 1031//1436 1033//1436 1094//1436
f 1029//1437 1094//1437 1095//1437
f 1029//1438 1031//1438 1094//1438
f 1027//1439 1029//1439 1095//1439
f 1025//1440 1027//1440 1095//1440
f 1023//1441 1025//1441 1095//1441
f 1021//1442 1023//1442 1095//1442
f 1019//1443 1021//1443 1095//1443
f 1017//1444 1019//1444 1095//1444
f 1015//1445 1017//1445 1095//1445
f 1013//1446 1015//1446 1095//1446
f 1011//1447 1013//1447 1095//1447
f 1009//1448 1011//1448 1095//1448
f 1007//1449 1009//1449 1095//1449
f 1005//1450 1007//1450 1095//1450
f 1003//1451 1095//1452 1086//1453
f 1003//1454 1005//1455 1095//1456
f 1001//1457 1003//1457 1086//1457
f 999//1458 1001//1458 1086//1458
f 997//1459 999//1459 1086//1459
f 995//1460 997//1460 1086//1460
f 993//1461 995//1461 1086//1461
f 991//1462 993//1462 1086//1462
f 1092//1463 1091//1463 1096//1463
f 1092//1464 1096//1464 1097//1464
f 1093//1465 1097//1465 1098//1465
f 1093//1466 1092//1466 1097//1466
f 1094//1467 1098//1467 1099//1467
f 1094//1468 1093//1468 1098//1468
f 1095//1469 1099//1469 1100//1469
f 1095//1470 1094//1470 1099//1470
f 1101//1471 1095//1471 1100//1471
f 1086//1472 1095//1472 1101//1472
f 1087//1473 1086//1473 1101//1473
f 1087//1474 1101//1474 1102//1474
f 1088//1475 1102//1475 1103//1475
f 1088//1476 1087//1476 1102//1476
f 1089//1477 1103//1477 1104//1477
f 1089//1478 1088//1478 1103//1478
f 1090//1479 1104//1479 1105//1479
f 1090//1480 1089//1480 1104//1480
f 1091//1481 1105//1481 1096//1481
f 1091//1482 1090//1482 1105//1482
f 1106//42 1098//42 1097//42
f 1107//41 1098//41 1106//41
f 1108//42 1097//42 1096//42
f 1108//42 1106//42 1097//42
f 1099//41 1098//41 1107//41
f 1105//42 1108//42 1096//42
f 1109//129 1099//129 1107//129
f 1110//42 1108//42 1105//42
f 1100//42 1099//42 1109//42
f 1104//42 1110//42 1105//42
f 1111//42 1100//42 1109//42
f 1112//42 1110//42 1104//42
f 1101//41 1100//41 1111//41
f 1103//42 1113//42 1112//42
f 1103//44 1112//44 1104//44
f 1102//42 1111//42 1113//42
f 1102//42 1101//42 1111//42
f 1102//42 1113//42 1103//42
f 1108//1483 1114//1483 1115//1483
f 1108//1484 1110//1484 1114//1484
f 1110//1485 1112//1485 1116//1485
f 1112//1486 1113//1486 1116//1486
f 1117//1487 1111//1487 1118//1487
f 1113//1488 1111//1488 1117//1488
f 1116//1489 1114//1489 1110//1489
f 1117//1490 1116//1490 1113//1490
f 1119//575 1120//575 1118//575
f 1118//575 1121//575 1117//575
f 1120//479 1121//479 1118//479
f 1117//1491 1121//1491 1116//1491
f 1116//1491 1121//1491 1122//1491
f 1116//1492 1122//1492 1114//1492
f 1114//1492 1122//1492 1123//1492
f 1114//10 1123//10 1115//10
f 1115//10 1124//10 1125//10
f 1123//10 1124//10 1115//10
f 1111//1493 1119//1493 1118//1493
f 1111//1494 1109//1494 1119//1494
f 1109//1495 1107//1495 1126//1495
f 1107//1496 1106//1496 1126//1496
f 1125//1497 1108//1497 1115//1497
f 1106//1498 1108//1498 1125//1498
f 1125//1499 1126//1499 1106//1499
f 1126//1500 1119//1500 1109//1500
f 1127//1501 1126//1501 1124//1501
f 1124//1501 1126//1501 1125//1501
f 1120//1502 1119//1502 1127//1502
f 1127//1502 1119//1502 1126//1502
f 1122//42 1128//42 1123//42
f 1123//176 1128//176 1129//176
f 1123//41 1130//41 1124//41
f 1129//43 1130//43 1123//43
f 1128//42 1121//42 1131//42
f 1122//42 1121//42 1128//42
f 1130//144 1132//144 1124//144
f 1132//157 1127//157 1124//157
f 1121//41 1133//41 1131//41
f 1133//94 1120//94 1132//94
f 1121//1295 1120//1295 1133//1295
f 1132//42 1120//42 1127//42
f 1128//1503 1134//1504 1135//1503
f 1128//1505 1131//1505 1134//1505
f 1131//1506 1136//1506 1134//1506
f 1131//1507 1133//1507 1136//1507
f 1133//1508 1137//1508 1136//1508
f 1133//1508 1132//1508 1137//1508
f 1132//1509 1138//1509 1137//1509
f 1132//1510 1130//1510 1138//1510
f 1130//1511 1139//1511 1138//1511
f 1130//1512 1129//1512 1139//1512
f 1139//1513 1128//1513 1135//1513
f 1129//1514 1128//1514 1139//1514
f 1137//1501 1138//1501 1140//1501
f 1140//1501 1138//1501 1141//1501
f 1141//10 1139//10 1142//10
f 1138//10 1139//10 1141//10
f 1142//1492 1135//1492 1143//1492
f 1139//1492 1135//1492 1142//1492
f 1135//1491 1134//1491 1143//1491
f 1143//1491 1134//1491 1144//1491
f 1144//479 1136//479 1145//479
f 1134//479 1136//479 1144//479
f 1145//1502 1137//1502 1140//1502
f 1136//1502 1137//1502 1145//1502
f 1143//1515 1144//1515 1146//1515
f 1144//1516 1145//1516 1146//1516
f 1145//1517 1140//1517 1146//1517
f 1140//1518 1141//1518 1146//1518
f 1141//1519 1142//1519 1146//1519
f 1142//1520 1143//1520 1146//1520
f 1147//1521 774//1521 1148//1521
f 1148//1522 774//1522 1149//1522
f 1149//1523 774//1523 1150//1523
f 1150//1524 774//1524 1151//1524
f 1151//1107 774//1107 1152//1107
f 1152//1525 758//1526 1153//1527
f 1153//1528 758//1528 1154//1528
f 1154//1529 758//1529 1155//1529
f 1155//1530 758//1530 1156//1530
f 1156//1531 758//1531 1157//1531
f 1157//1532 758//1532 1158//1532
f 1158//1533 758//1533 1159//1533
f 1159//1534 758//1534 1160//1534
f 1160//1535 758//1535 1161//1535
f 1161//1536 758//1536 1162//1536
f 1162//1537 758//1538 1163//1122
f 774//1123 758//1124 1152//1539
f 1163//1540 752//1540 1164//1540
f 1164//1541 752//1541 1165//1541
f 1165//1542 752//1542 1166//1542
f 1166//1543 752//1543 1167//1543
f 1167//1130 752//1130 1168//1130
f 1168//1544 752//1544 1169//1544
f 1169//1545 752//1545 1170//1545
f 1170//1546 752//1546 1171//1546
f 1171//1134 752//1134 1172//1134
f 1172//1547 752//1547 1173//1547
f 758//1136 752//1137 1163//1138
f 1173//1139 745//1548 1174//1549
f 1174//1550 745//1550 1175//1550
f 1175//1551 745//1551 1176//1551
f 1176//1552 745//1552 1177//1552
f 1177//1145 745//1145 1178//1145
f 1178//1146 745//1146 1179//1146
f 1179//1553 745//1553 1180//1553
f 1180//1554 745//1554 1181//1554
f 1181//1555 745//1555 1182//1555
f 1182//1150 745//1150 1183//1150
f 1183//1556 745//1557 1184//1153
f 752//1154 745//1155 1173//1558
f 1184//1559 738//1559 1185//1559
f 1185//1560 738//1560 1186//1560
f 745//1561 738//1160 1184//1562
f 1186//1162 738//1162 1187//1162
f 1187//1563 738//1563 1188//1563
f 1188//1164 738//1164 1189//1164
f 1189//1564 738//1564 1190//1564
f 1190//1565 738//1565 1191//1565
f 1191//1167 738//1167 1192//1167
f 1192//1566 738//1566 1193//1566
f 1193//1567 738//1567 1194//1567
f 738//1170 739//1171 1194//1568
f 1194//1173 739//1174 1195//1569
f 1195//1570 739//1570 1196//1570
f 1196//1177 739//1177 1197//1177
f 1197//1571 739//1571 1198//1571
f 1198//1572 739//1572 1199//1572
f 1199//1573 739//1573 1200//1573
f 1200//1574 739//1574 1201//1574
f 1201//1575 739//1575 1202//1575
f 1202//1576 739//1576 1203//1576
f 1203//1577 739//1577 1204//1577
f 1204//1578 739//1186 1205//1187
f 739//1579 749//1580 1205//1190
f 1205//1581 749//1581 1206//1581
f 1206//1582 749//1582 1207//1582
f 1207//1583 749//1583 1208//1583
f 1208//1584 749//1584 1209//1584
f 1209//1585 749//1585 1210//1585
f 1210//1586 749//1586 1211//1586
f 1211//1587 749//1587 1212//1587
f 1212//1588 749//1588 1213//1588
f 1213//1199 749//1199 1214//1199
f 1214//1589 749//1589 1215//1589
f 1215//1590 757//1591 1216//1592
f 1216//1204 757//1204 1217//1204
f 1217//1593 757//1593 1218//1593
f 1218//1594 757//1594 1219//1594
f 1219//1207 757//1207 1220//1207
f 1220//1595 757//1595 1221//1595
f 1221//1596 757//1596 1222//1596
f 1222//1597 757//1597 1223//1597
f 1223//1598 757//1598 1224//1598
f 1224//1599 757//1599 1225//1599
f 1225//1213 757//1600 1226//1215
f 749//1601 757//1602 1215//1603
f 1226//1604 759//1604 1227//1604
f 1227//1220 759//1220 1228//1220
f 1228//1605 759//1605 1229//1605
f 1229//1606 759//1606 1230//1606
f 1230//1223 759//1223 1231//1223
f 1231//1607 759//1607 1232//1607
f 1232//1608 759//1608 1233//1608
f 1233//1226 759//1226 1234//1226
f 1234//1609 759//1609 1235//1609
f 1235//1610 759//1610 1236//1610
f 757//1611 759//1230 1226//1612
f 1236//1232 769//1613 1237//1614
f 1237//1235 769//1235 1238//1235
f 1238//1615 769//1615 1239//1615
f 1239//1616 769//1616 1240//1616
f 1240//1617 769//1617 1241//1617
f 1241//1618 769//1618 1242//1618
f 1242//1619 769//1619 1243//1619
f 1243//1620 769//1620 1244//1620
f 1244//1242 769//1242 1245//1242
f 1245//1621 769//1621 1246//1621
f 1246//1244 769//1622 1247//1246
f 759//1247 769//1248 1236//1623
f 1247//1624 777//1624 1248//1624
f 1248//1625 777//1625 1249//1625
f 769//1626 777//1253 1247//1627
f 1249//1628 777//1628 1250//1628
f 1250//1629 777//1629 1251//1629
f 1251//1630 777//1630 1252//1630
f 1252//1631 777//1631 1253//1631
f 1253//1632 777//1632 1254//1632
f 1254//1633 777//1633 1255//1633
f 1255//1261 777//1261 1256//1261
f 1256//1262 777//1262 1257//1262
f 777//1263 781//1634 1257//1265
f 1257//1635 781//1636 1258//1268
f 1258//1637 781//1637 1259//1637
f 1259//1270 781//1270 1260//1270
f 1260//1638 781//1638 1261//1638
f 1261//1639 781//1639 1262//1639
f 1262//1640 781//1640 1263//1640
f 1263//1274 781//1274 1264//1274
f 1264//1641 781//1641 1265//1641
f 1265//1642 781//1642 1266//1642
f 1266//1643 781//1643 1267//1643
f 1267//1644 781//1645 1268//1646
f 781//1281 774//1282 1268//1647
f 1268//1284 774//1284 1269//1284
f 1269//1648 774//1648 1270//1648
f 1270//1286 774//1286 1271//1286
f 1271//1649 774//1649 1272//1649
f 1272//1650 774//1650 1147//1650
f 1273//94 1162//94 1163//94
f 1274//305 1163//305 1164//305
f 1274//1299 1273//1299 1163//1299
f 1275//44 1161//44 1162//44
f 1275//229 1162//229 1273//229
f 1276//94 1164//94 1165//94
f 1276//101 1274//101 1164//101
f 1277//41 1160//41 1161//41
f 1277//230 1161//230 1275//230
f 1278//44 1165//44 1166//44
f 1278//235 1276//235 1165//235
f 1279//1291 1159//1291 1160//1291
f 1279//1310 1160//1310 1277//1310
f 1280//257 1166//257 1167//257
f 1280//181 1278//181 1166//181
f 1281//107 1158//107 1159//107
f 1281//94 1159//94 1279//94
f 1282//94 1167//94 1168//94
f 1282//44 1280//44 1167//44
f 1283//270 1157//270 1158//270
f 1283//115 1158//115 1281//115
f 1284//44 1168//44 1169//44
f 1284//41 1282//41 1168//41
f 1285//257 1156//257 1157//257
f 1285//94 1157//94 1283//94
f 1286//1304 1169//1304 1170//1304
f 1286//257 1284//257 1169//257
f 1287//1302 1156//1302 1285//1302
f 1287//89 1155//89 1156//89
f 1288//1310 1286//1310 1170//1310
f 1288//157 1170//157 1171//157
f 1289//257 1154//257 1155//257
f 1289//175 1155//175 1287//175
f 1290//283 1288//283 1171//283
f 1290//43 1171//43 1172//43
f 1291//1651 1153//1651 1154//1651
f 1291//175 1154//175 1289//175
f 1292//44 1290//44 1172//44
f 1292//257 1172//257 1173//257
f 1293//42 1153//42 1291//42
f 1293//1289 1152//1289 1153//1289
f 1294//1291 1292//1291 1173//1291
f 1294//94 1173//94 1174//94
f 1295//1289 1151//1289 1152//1289
f 1295//130 1152//130 1293//130
f 1296//44 1174//44 1175//44
f 1296//157 1294//157 1174//157
f 1297//1652 1150//1652 1151//1652
f 1297//175 1151//175 1295//175
f 1298//41 1175//41 1176//41
f 1298//102 1296//102 1175//102
f 1299//102 1149//102 1150//102
f 1299//1291 1150//1291 1297//1291
f 1300//156 1176//156 1177//156
f 1300//1653 1298//1653 1176//1653
f 1301//257 1148//257 1149//257
f 1301//1299 1149//1299 1299//1299
f 1302//94 1177//94 1178//94
f 1302//208 1300//208 1177//55
f 1303//157 1147//157 1148//157
f 1303//89 1148//89 1301//89
f 1304//55 1178//55 1179//55
f 1304//283 1302//283 1178//283
f 1305//177 1272//177 1147//177
f 1305//125 1147//125 1303//125
f 1306//283 1179//283 1180//283
f 1306//175 1304//175 1179//175
f 1307//41 1271//41 1272//41
f 1307//94 1272//94 1305//94
f 1308//248 1180//248 1181//248
f 1308//102 1306//102 1180//102
f 1309//72 1271//72 1307//72
f 1270//107 1271//107 1309//107
f 1310//51 1308//51 1181//51
f 1182//70 1310//70 1181//70
f 1311//1299 1270//1299 1309//1299
f 1269//55 1270//55 1311//55
f 1312//306 1310//306 1182//306
f 1183//270 1312//270 1182//270
f 1313//115 1269//115 1311//115
f 1268//1654 1269//1654 1313//1654
f 1314//44 1312//44 1183//44
f 1184//1298 1314//1298 1183//1298
f 1315//230 1268//230 1313//230
f 1267//89 1268//89 1315//89
f 1316//124 1314//124 1184//124
f 1185//1299 1316//1299 1184//1299
f 1317//147 1267//147 1315//147
f 1266//257 1267//257 1317//257
f 1318//205 1316//205 1185//205
f 1186//93 1318//93 1185//93
f 1319//175 1266//175 1317//175
f 1265//51 1266//51 1319//51
f 1320//93 1318//93 1186//93
f 1187//1305 1320//1305 1186//1305
f 1321//270 1265//270 1319//270
f 1264//94 1265//94 1321//94
f 1322//41 1320//41 1187//41
f 1188//107 1322//107 1187//107
f 1323//257 1264//257 1321//257
f 1263//94 1264//94 1323//94
f 1324//303 1322//303 1188//303
f 1189//283 1324//283 1188//283
f 1325//89 1263//89 1323//89
f 1262//94 1263//94 1325//94
f 1326//94 1324//94 1189//94
f 1190//270 1326//270 1189//270
f 1327//93 1262//93 1325//93
f 1261//111 1262//111 1327//111
f 1328//257 1326//257 1190//257
f 1191//303 1328//303 1190//303
f 1329//94 1261//94 1327//94
f 1260//1655 1261//1655 1329//1655
f 1330//115 1328//115 1191//115
f 1192//257 1330//257 1191//257
f 1331//1296 1260//1296 1329//1296
f 1259//177 1260//177 1331//177
f 1332//235 1330//235 1192//235
f 1193//257 1332//257 1192//257
f 1333//1291 1259//1291 1331//1291
f 1258//281 1259//281 1333//281
f 1334//43 1332//43 1193//43
f 1194//94 1334//94 1193//94
f 1335//1299 1258//1299 1333//1299
f 1336//43 1334//43 1194//43
f 1257//144 1258//144 1335//144
f 1337//93 1257//93 1335//93
f 1195//273 1336//273 1194//273
f 1338//94 1336//94 1195//94
f 1256//283 1257//283 1337//283
f 1339//102 1256//102 1337//102
f 1196//94 1338//94 1195//94
f 1340//177 1338//177 1196//177
f 1255//70 1256//70 1339//70
f 1341//230 1255//230 1339//230
f 1197//177 1340//177 1196//177
f 1342//1296 1340//1296 1197//1296
f 1254//171 1255//171 1341//171
f 1343//171 1254//171 1341//171
f 1198//94 1342//94 1197//94
f 1344//303 1342//303 1198//303
f 1253//257 1254//257 1343//257
f 1345//229 1253//229 1343//229
f 1199//1291 1344//1291 1198//1291
f 1346//1299 1344//1299 1199//1299
f 1252//270 1253//270 1345//270
f 1347//230 1252//230 1345//230
f 1200//1303 1346//1303 1199//1303
f 1348//248 1346//248 1200//248
f 1251//44 1252//44 1347//44
f 1349//230 1251//230 1347//230
f 1201//248 1348//248 1200//248
f 1350//1302 1348//1302 1201//1302
f 1250//1291 1251//1291 1349//1291
f 1351//230 1250//230 1349//230
f 1202//93 1350//93 1201//93
f 1352//115 1350//115 1202//115
f 1249//1301 1250//1301 1351//1301
f 1353//1656 1249//1656 1351//1656
f 1203//124 1352//124 1202//124
f 1354//1299 1352//1299 1203//1299
f 1248//94 1249//94 1353//94
f 1355//177 1248//177 1353//177
f 1204//44 1354//44 1203//44
f 1356//41 1354//41 1204//41
f 1247//283 1248//283 1355//283
f 1357//102 1247//102 1355//102
f 1205//44 1356//44 1204//44
f 1358//41 1356//41 1205//41
f 1246//1303 1247//1303 1357//1303
f 1359//230 1246//230 1357//230
f 1206//44 1358//44 1205//44
f 1360//1291 1358//1291 1206//1291
f 1245//94 1246//94 1359//94
f 1361//94 1245//94 1359//94
f 1207//115 1360//115 1206//115
f 1362//1299 1360//1299 1207//1299
f 1244//93 1361//93 1363//93
f 1244//1299 1245//1299 1361//1299
f 1208//115 1362//115 1207//115
f 1208//1299 1364//1299 1362//1299
f 1243//1310 1244//1310 1363//1310
f 1243//93 1363//93 1365//93
f 1209//41 1364//41 1208//41
f 1209//94 1366//94 1364//94
f 1242//94 1243//94 1365//94
f 1242//107 1365//107 1367//107
f 1210//235 1366//235 1209//235
f 1210//156 1368//156 1366//156
f 1241//257 1367//257 1369//257
f 1241//257 1242//257 1367//257
f 1211//41 1368//41 1210//41
f 1211//101 1370//101 1368//101
f 1240//94 1369//94 1371//94
f 1240//1310 1241//1310 1369//1310
f 1212//303 1370//303 1211//303
f 1212//196 1372//196 1370//196
f 1239//62 1371//62 1373//62
f 1239//89 1240//89 1371//89
f 1213//257 1372//257 1212//257
f 1213//208 1374//208 1372//208
f 1238//102 1373//102 1375//102
f 1238//44 1239//44 1373//44
f 1214//124 1376//124 1374//124
f 1214//51 1374//51 1213//51
f 1237//157 1375//157 1377//157
f 1237//107 1238//107 1375//107
f 1215//1298 1378//1298 1376//1298
f 1215//44 1376//44 1214//44
f 1236//257 1377//257 1379//257
f 1236//235 1237//235 1377//235
f 1216//75 1380//75 1378//75
f 1216//102 1378//102 1215//102
f 1235//157 1379//157 1381//157
f 1235//1657 1236//1657 1379//1657
f 1217//175 1382//175 1380//175
f 1217//124 1380//124 1216//124
f 1234//89 1381//89 1383//89
f 1234//55 1235//55 1381//55
f 1218//157 1384//157 1382//157
f 1218//175 1382//175 1217//175
f 1233//102 1383//102 1385//102
f 1233//41 1234//41 1383//41
f 1219//175 1386//175 1384//175
f 1219//257 1384//257 1218//257
f 1232//137 1233//137 1385//137
f 1232//1655 1385//1655 1387//1655
f 1220//93 1388//93 1386//93
f 1220//120 1386//120 1219//120
f 1231//205 1232//205 1387//205
f 1231//102 1387//102 1389//102
f 1221//270 1388//270 1220//270
f 1221//115 1390//115 1388//115
f 1230//1296 1231//1296 1389//1296
f 1230//107 1389//107 1391//107
f 1222//135 1390//135 1221//135
f 1222//94 1392//94 1390//94
f 1229//257 1230//257 1391//257
f 1229//273 1391//273 1393//273
f 1223//230 1392//230 1222//230
f 1223//1296 1394//1296 1392//1296
f 1228//1305 1229//1305 1393//1305
f 1228//112 1393//112 1395//112
f 1224//248 1394//248 1223//248
f 1224//257 1396//257 1394//257
f 1227//94 1395//94 1397//94
f 1227//1299 1228//1299 1395//1299
f 1225//230 1396//230 1224//230
f 1225//181 1398//181 1396//181
f 1226//177 1398//177 1225//177
f 1226//107 1397//107 1398//107
f 1226//205 1227//205 1397//205
f 1302//1658 1304//1658 1399//1658
f 1300//1659 1302//1659 1399//1659
f 1298//1660 1300//1660 1399//1660
f 1296//1661 1298//1661 1399//1661
f 1294//1662 1296//1662 1399//1662
f 1292//1663 1399//1317 1400//1318
f 1292//1664 1294//1664 1399//1664
f 1290//1665 1292//1666 1400//1667
f 1288//1668 1290//1668 1400//1668
f 1286//1669 1288//1669 1400//1669
f 1284//1325 1286//1325 1400//1325
f 1282//1670 1284//1670 1400//1670
f 1280//1671 1282//1671 1400//1671
f 1278//1672 1280//1672 1400//1672
f 1276//1673 1278//1673 1400//1673
f 1274//1674 1276//1674 1400//1674
f 1273//1675 1274//1675 1400//1675
f 1275//1676 1273//1676 1400//1676
f 1277//1677 1275//1677 1400//1677
f 1279//1678 1400//1678 1401//1678
f 1279//1679 1277//1679 1400//1679
f 1281//1680 1279//1680 1401//1680
f 1283//1681 1281//1681 1401//1681
f 1285//1682 1283//1682 1401//1682
f 1287//1683 1285//1683 1401//1683
f 1289//1684 1287//1684 1401//1684
f 1291//1685 1289//1685 1401//1685
f 1293//1686 1291//1686 1401//1686
f 1295//1687 1293//1687 1401//1687
f 1297//1344 1295//1344 1401//1344
f 1299//1688 1297//1688 1401//1688
f 1301//1689 1299//1689 1401//1689
f 1303//1690 1301//1690 1401//1690
f 1305//1348 1401//1348 1402//1348
f 1305//1348 1303//1348 1401//1348
f 1307//1691 1305//1691 1402//1691
f 1309//1351 1307//1351 1402//1351
f 1311//1692 1309//1692 1402//1692
f 1313//1693 1311//1693 1402//1693
f 1315//1694 1313//1694 1402//1694
f 1317//1695 1315//1695 1402//1695
f 1319//1696 1317//1696 1402//1696
f 1321//1697 1319//1697 1402//1697
f 1323//1698 1321//1698 1402//1698
f 1325//1699 1323//1699 1402//1699
f 1327//1700 1325//1700 1402//1700
f 1329//1361 1402//1361 1403//1361
f 1329//1701 1327//1701 1402//1701
f 1331//1702 1329//1702 1403//1702
f 1333//1703 1331//1703 1403//1703
f 1335//1704 1333//1704 1403//1704
f 1337//1705 1335//1705 1403//1705
f 1339//1706 1337//1706 1403//1706
f 1341//1707 1339//1707 1403//1707
f 1343//1708 1341//1708 1403//1708
f 1345//1709 1343//1709 1403//1709
f 1347//1710 1345//1710 1403//1710
f 1349//1711 1347//1711 1403//1711
f 1351//1712 1349//1712 1403//1712
f 1353//1713 1351//1713 1403//1713
f 1355//1714 1403//1715 1404//1377
f 1355//1716 1353//1717 1403//1718
f 1357//1381 1355//1381 1404//1381
f 1359//1719 1357//1719 1404//1719
f 1361//1720 1359//1720 1404//1720
f 1363//1721 1361//1721 1404//1721
f 1365//1722 1363//1722 1404//1722
f 1367//1386 1365//1386 1404//1386
f 1369//1387 1367//1387 1404//1387
f 1371//1723 1369//1723 1404//1723
f 1373//1724 1371//1724 1404//1724
f 1375//1725 1373//1725 1404//1725
f 1377//1726 1375//1726 1404//1726
f 1379//1392 1404//1393 1405//1394
f 1379//1727 1377//1727 1404//1727
f 1381//1396 1379//1397 1405//1728
f 1383//1729 1381//1729 1405//1729
f 1385//1730 1383//1730 1405//1730
f 1387//1731 1385//1731 1405//1731
f 1389//1402 1387//1402 1405//1402
f 1391//1732 1389//1732 1405//1732
f 1393//1733 1391//1733 1405//1733
f 1395//1405 1393//1405 1405//1405
f 1397//1406 1395//1406 1405//1406
f 1398//1734 1397//1734 1405//1734
f 1396//1735 1398//1735 1405//1735
f 1394//1736 1396//1736 1405//1736
f 1392//1737 1405//1737 1406//1737
f 1392//1738 1394//1738 1405//1738
f 1390//1412 1392//1412 1406//1412
f 1388//1739 1390//1739 1406//1739
f 1386//1740 1388//1740 1406//1740
f 1384//1741 1386//1741 1406//1741
f 1382//1742 1384//1742 1406//1742
f 1380//1417 1382//1417 1406//1417
f 1378//1743 1380//1743 1406//1743
f 1376//1744 1378//1744 1406//1744
f 1374//1745 1376//1745 1406//1745
f 1372//1746 1374//1746 1406//1746
f 1370//1747 1372//1747 1406//1747
f 1368//1748 1370//1748 1406//1748
f 1366//1749 1406//1749 1407//1749
f 1366//1749 1368//1749 1406//1749
f 1364//1750 1366//1750 1407//1750
f 1362//1751 1364//1751 1407//1751
f 1360//1752 1362//1752 1407//1752
f 1358//1753 1360//1753 1407//1753
f 1356//1754 1358//1754 1407//1754
f 1354//1755 1356//1755 1407//1755
f 1352//1756 1354//1756 1407//1756
f 1350//1757 1352//1757 1407//1757
f 1348//1434 1350//1434 1407//1434
f 1346//1758 1348//1758 1407//1758
f 1344//1759 1346//1759 1407//1759
f 1342//1437 1407//1437 1408//1437
f 1342//1760 1344//1760 1407//1760
f 1340//1439 1342//1439 1408//1439
f 1338//1761 1340//1761 1408//1761
f 1336//1441 1338//1441 1408//1441
f 1334//1762 1336//1762 1408//1762
f 1332//1443 1334//1443 1408//1443
f 1330//1444 1332//1444 1408//1444
f 1328//1445 1330//1445 1408//1445
f 1326//1763 1328//1763 1408//1763
f 1324//1447 1326//1447 1408//1447
f 1322//1764 1324//1764 1408//1764
f 1320//1765 1322//1765 1408//1765
f 1318//1766 1320//1766 1408//1766
f 1316//1767 1408//1768 1399//1769
f 1316//1454 1318//1770 1408//1771
f 1314//1772 1316//1772 1399//1772
f 1312//1458 1314//1458 1399//1458
f 1310//1773 1312//1773 1399//1773
f 1308//1774 1310//1774 1399//1774
f 1306//1775 1308//1775 1399//1775
f 1304//1776 1306//1776 1399//1776
f 1405//1777 1404//1777 1409//1777
f 1405//1464 1409//1464 1410//1464
f 1406//1778 1410//1778 1411//1778
f 1406//1779 1405//1779 1410//1779
f 1412//1468 1406//1468 1411//1468
f 1407//1780 1406//1780 1412//1780
f 1408//1469 1412//1469 1413//1469
f 1408//1469 1407//1469 1412//1469
f 1399//1781 1413//1781 1414//1781
f 1399//1782 1408//1782 1413//1782
f 1400//1473 1399//1473 1414//1473
f 1400//1783 1414//1783 1415//1783
f 1401//1475 1415//1475 1416//1475
f 1401//1475 1400//1475 1415//1475
f 1402//1478 1416//1478 1417//1478
f 1402//1478 1401//1478 1416//1478
f 1403//1479 1417//1479 1418//1479
f 1403//1784 1402//1784 1417//1784
f 1409//1785 1403//1785 1418//1785
f 1404//1786 1403//1786 1409//1786
f 1419//42 1411//42 1410//42
f 1420//42 1410//42 1409//42
f 1420//42 1419//42 1410//42
f 1421//42 1411//42 1419//42
f 1412//42 1411//42 1421//42
f 1418//42 1420//42 1409//42
f 1422//41 1420//41 1418//41
f 1423//44 1412//44 1421//44
f 1413//42 1412//42 1423//42
f 1417//42 1422//42 1418//42
f 1424//42 1422//42 1417//42
f 1425//42 1413//42 1423//42
f 1414//42 1413//42 1425//42
f 1416//42 1426//42 1424//42
f 1416//42 1424//42 1417//42
f 1415//42 1425//42 1426//42
f 1415//44 1426//44 1416//44
f 1415//41 1414//41 1425//41
f 1420//1483 1427//1483 1428//1483
f 1420//1787 1422//1787 1427//1787
f 1422//1788 1424//1788 1429//1788
f 1424//1789 1426//1789 1429//1789
f 1430//1790 1425//1790 1431//1790
f 1426//1791 1425//1791 1430//1791
f 1429//1792 1427//1792 1422//1792
f 1430//1793 1429//1793 1426//1793
f 1432//479 1433//479 1431//479
f 1431//575 1434//575 1430//575
f 1433//575 1434//575 1431//575
f 1430//1491 1434//1491 1429//1491
f 1429//1491 1434//1491 1435//1491
f 1429//1492 1435//1492 1427//1492
f 1427//1492 1435//1492 1436//1492
f 1427//10 1436//10 1428//10
f 1428//10 1437//10 1438//10
f 1436//10 1437//10 1428//10
f 1425//1794 1432//1794 1431//1794
f 1425//1795 1423//1795 1432//1795
f 1423//1796 1421//1796 1439//1796
f 1421//1797 1419//1797 1439//1797
f 1438//1497 1420//1497 1428//1497
f 1419//1798 1420//1798 1438//1798
f 1438//1799 1439//1799 1419//1799
f 1439//1800 1432//1800 1423//1800
f 1440//1501 1439//1501 1437//1501
f 1437//1501 1439//1501 1438//1501
f 1433//1502 1432//1502 1440//1502
f 1440//1502 1432//1502 1439//1502
f 1435//281 1441//281 1436//281
f 1436//42 1441//42 1442//42
f 1436//42 1443//42 1437//42
f 1442//41 1443//41 1436//41
f 1441//176 1434//176 1444//176
f 1435//42 1434//42 1441//42
f 1443//43 1445//43 1437//43
f 1445//42 1440//42 1437//42
f 1434//44 1446//44 1444//44
f 1446//229 1433//229 1445//229
f 1445//42 1433//42 1440//42
f 1434//41 1433//41 1446//41
f 1441//1801 1444//1801 1447//1801
f 1447//1802 1444//1802 1448//1802
f 1444//1803 1449//1803 1448//1803
f 1444//1804 1446//1804 1449//1804
f 1449//1805 1445//1805 1450//1805
f 1446//1806 1445//1806 1449//1806
f 1445//1807 1451//1807 1450//1807
f 1445//1808 1443//1809 1451//1809
f 1443//1810 1452//1810 1451//1810
f 1443//1811 1442//1811 1452//1811
f 1442//1812 1447//1813 1452//1812
f 1442//1814 1441//1814 1447//1814
f 1450//1501 1451//1501 1453//1501
f 1453//1501 1451//1501 1454//1501
f 1454//10 1452//10 1455//10
f 1451//10 1452//10 1454//10
f 1455//1492 1447//1492 1456//1492
f 1452//1492 1447//1492 1455//1492
f 1447//1491 1448//1491 1456//1491
f 1456//1491 1448//1491 1457//1491
f 1457//479 1449//479 1458//479
f 1448//479 1449//479 1457//479
f 1458//1502 1450//1502 1453//1502
f 1449//1502 1450//1502 1458//1502
f 1456//1515 1457//1515 1459//1515
f 1457//1815 1458//1815 1459//1815
f 1458//1816 1453//1816 1459//1816
f 1453//1817 1454//1817 1459//1817
f 1454//1519 1455//1519 1459//1519
f 1455//1818 1456//1818 1459//1818
f 1460//1819 727//1819 1461//1819
f 1461//1104 727//1104 1462//1104
f 1462//1523 727//1523 1463//1523
f 1463//1106 727//1106 1464//1106
f 1464//1820 727//1820 1465//1820
f 1465//1821 731//1822 1466//1823
f 1466//1824 731//1824 1467//1824
f 1467//1825 731//1825 1468//1825
f 1468//1826 731//1826 1469//1826
f 1469//1827 731//1827 1470//1827
f 1470//1828 731//1828 1471//1828
f 1471//1829 731//1829 1472//1829
f 1472//1534 731//1534 1473//1534
f 1473//1535 731//1535 1474//1535
f 1474//1830 731//1830 1475//1830
f 1475//1831 731//1538 1476//1122
f 727//1123 731//1124 1465//1125
f 1476//1832 720//1832 1477//1832
f 1477//1127 720//1127 1478//1127
f 1478//1542 720//1542 1479//1542
f 1479//1129 720//1129 1480//1129
f 1480//1833 720//1833 1481//1833
f 1481//1131 720//1131 1482//1131
f 1482//1132 720//1132 1483//1132
f 1483//1834 720//1834 1484//1834
f 1484//1835 720//1836 1485//1835
f 1485//1837 720//1837 1486//1837
f 731//1136 720//1838 1476//1138
f 1486//1139 717//1140 1487//1549
f 1487//1839 717//1839 1488//1839
f 1488//1840 717//1840 1489//1840
f 1489//1841 717//1841 1490//1841
f 1490//1842 717//1842 1491//1842
f 1491//1843 717//1843 1492//1843
f 1492//1147 717//1147 1493//1147
f 1493//1554 717//1554 1494//1554
f 1494//1844 717//1844 1495//1844
f 1495//1845 717//1845 1496//1845
f 1496//1151 717//1846 1497//1153
f 720//1154 717//1155 1486//1156
f 1497//1559 713//1559 1498//1559
f 1498//1847 713//1847 1499//1847
f 717//1848 713//1160 1497//1849
f 1499//1850 713//1850 1500//1850
f 1500//1563 713//1563 1501//1563
f 1501//1851 713//1851 1502//1851
f 1502//1165 713//1165 1503//1165
f 1503//1852 713//1852 1504//1852
f 1504//1853 713//1853 1505//1853
f 1505//1854 713//1854 1506//1854
f 1506//1855 713//1855 1507//1855
f 713//1856 715//1171 1507//1568
f 1507//1857 715//1858 1508//1859
f 1508//1860 715//1860 1509//1860
f 1509//1861 715//1861 1510//1861
f 1510//1862 715//1862 1511//1862
f 1511//1863 715//1863 1512//1863
f 1512//1864 715//1864 1513//1864
f 1513//1865 715//1865 1514//1865
f 1514//1575 715//1575 1515//1575
f 1515//1866 715//1866 1516//1866
f 1516//1577 715//1577 1517//1577
f 1517//1867 715//1186 1518//1868
f 715//1188 719//1189 1518//1190
f 1518//1581 719//1581 1519//1581
f 1519//1869 719//1869 1520//1869
f 1520//1870 719//1870 1521//1870
f 1521//1871 719//1871 1522//1871
f 1522//1872 719//1872 1523//1872
f 1523//1873 719//1873 1524//1873
f 1524//1874 719//1874 1525//1874
f 1525//1875 719//1875 1526//1875
f 1526//1876 719//1876 1527//1876
f 1527//1877 719//1877 1528//1877
f 1528//1590 721//1878 1529//1879
f 1529//1880 721//1880 1530//1880
f 1530//1881 721//1881 1531//1881
f 1531//1594 721//1594 1532//1594
f 1532//1882 721//1882 1533//1882
f 1533//1883 721//1883 1534//1883
f 1534//1884 721//1884 1535//1884
f 1535//1885 721//1885 1536//1885
f 1536//1886 721//1886 1537//1886
f 1537//1887 721//1887 1538//1887
f 1538//1888 721//1889 1539//1215
f 719//1216 721//1890 1528//1603
f 1539//1891 733//1891 1540//1891
f 1540//1220 733//1220 1541//1220
f 1541//1892 733//1892 1542//1892
f 1542//1893 733//1893 1543//1893
f 1543//1223 733//1223 1544//1223
f 1544//1224 733//1224 1545//1224
f 1545//1225 733//1225 1546//1225
f 1546//1894 733//1894 1547//1894
f 1547//1895 733//1895 1548//1895
f 1548//1896 733//1896 1549//1896
f 721//1611 733//1230 1539//1612
f 1549//1897 729//1898 1550//1899
f 1550//1900 729//1900 1551//1900
f 1551//1901 729//1901 1552//1901
f 1552//1902 729//1902 1553//1902
f 1553//1617 729//1617 1554//1617
f 1554//1903 729//1903 1555//1903
f 1555//1619 729//1619 1556//1619
f 1556//1620 729//1620 1557//1620
f 1557//1242 729//1242 1558//1242
f 1558//1621 729//1621 1559//1621
f 1559//1904 729//1905 1560//1246
f 733//1247 729//1248 1549//1623
f 1560//1906 725//1906 1561//1906
f 1561//1907 725//1907 1562//1907
f 729//1908 725//1253 1560//1254
f 1562//1909 725//1909 1563//1909
f 1563//1629 725//1629 1564//1629
f 1564//1910 725//1910 1565//1910
f 1565//1911 725//1911 1566//1911
f 1566//1912 725//1912 1567//1912
f 1567//1913 725//1913 1568//1913
f 1568//1914 725//1914 1569//1914
f 1569//1915 725//1915 1570//1915
f 725//1263 722//1916 1570//1917
f 1570//1266 722//1918 1571//1919
f 1571//1920 722//1920 1572//1920
f 1572//1270 722//1270 1573//1270
f 1573//1921 722//1921 1574//1921
f 1574//1639 722//1639 1575//1639
f 1575//1922 722//1922 1576//1922
f 1576//1923 722//1923 1577//1923
f 1577//1924 722//1924 1578//1924
f 1578//1925 722//1925 1579//1925
f 1579//1926 722//1926 1580//1926
f 1580//1927 722//1928 1581//1929
f 722//1281 727//1282 1581//1930
f 1581//1931 727//1931 1582//1931
f 1582//1932 727//1932 1583//1932
f 1583//1286 727//1286 1584//1286
f 1584//1933 727//1933 1585//1933
f 1585//1934 727//1934 1460//1934
f 1586//94 1475//94 1476//94
f 1587//1299 1476//1299 1477//1299
f 1587//102 1586//102 1476//102
f 1588//170 1474//170 1475//170
f 1588//295 1475//295 1586//295
f 1589//257 1477//257 1478//257
f 1589//94 1587//94 1477//94
f 1590//41 1473//41 1474//41
f 1590//283 1474//283 1588//283
f 1591//41 1478//41 1479//41
f 1591//157 1589//157 1478//157
f 1592//44 1472//44 1473//44
f 1592//230 1473//230 1590//230
f 1593//255 1479//255 1480//255
f 1593//204 1591//204 1479//204
f 1594//94 1471//94 1472//94
f 1594//94 1472//94 1592//94
f 1595//1935 1480//1935 1481//1935
f 1595//1291 1593//1291 1480//1291
f 1596//1290 1470//1290 1471//1290
f 1596//157 1471//157 1594//157
f 1597//102 1481//102 1482//102
f 1597//137 1595//137 1481//137
f 1598//41 1470//41 1596//41
f 1598//102 1469//102 1470//102
f 1599//295 1597//295 1482//295
f 1599//273 1482//273 1483//273
f 1600//229 1468//229 1469//229
f 1600//93 1469//93 1598//93
f 1601//41 1599//41 1483//41
f 1601//273 1483//1304 1484//1304
f 1602//1291 1467//1291 1468//1291
f 1602//257 1468//257 1600//257
f 1603//110 1601//110 1484//110
f 1603//257 1484//257 1485//257
f 1604//257 1466//257 1467//257
f 1604//41 1467//41 1602//41
f 1605//44 1485//44 1486//44
f 1605//181 1603//181 1485//181
f 1606//270 1465//270 1466//270
f 1606//41 1466//41 1604//41
f 1607//44 1605//44 1486//44
f 1607//138 1486//138 1487//138
f 1608//283 1464//283 1465//283
f 1608//1289 1465//1289 1606//1289
f 1609//94 1487//94 1488//94
f 1609//102 1607//102 1487//102
f 1610//1289 1463//1289 1464//1289
f 1610//235 1464//235 1608//235
f 1611//229 1488//229 1489//229
f 1611//1291 1609//1291 1488//1291
f 1612//147 1462//147 1463//147
f 1612//177 1463//177 1610//177
f 1613//157 1489//157 1490//157
f 1613//94 1611//94 1489//94
f 1614//239 1461//239 1462//239
f 1614//257 1462//257 1612//257
f 1615//229 1490//229 1491//229
f 1615//1296 1613//1296 1490//1296
f 1616//257 1460//257 1461//257
f 1616//229 1461//229 1614//229
f 1617//102 1491//102 1492//102
f 1617//44 1615//44 1491//44
f 1618//283 1585//283 1460//283
f 1618//134 1460//134 1616//134
f 1619//41 1492//41 1493//41
f 1619//157 1617//157 1492//157
f 1620//1299 1584//1299 1585//1299
f 1620//1295 1585//1295 1618//1295
f 1621//229 1493//229 1494//229
f 1621//283 1619//283 1493//283
f 1622//273 1584//273 1620//273
f 1583//1936 1584//1936 1622//1936
f 1623//41 1621//41 1494//41
f 1495//137 1623//137 1494//137
f 1624//43 1583//43 1622//43
f 1582//1937 1583//1937 1624//1937
f 1625//257 1623//257 1495//257
f 1496//1299 1625//1299 1495//1299
f 1626//102 1582//102 1624//102
f 1581//273 1582//273 1626//273
f 1627//55 1625//55 1496//55
f 1497//89 1627//89 1496//89
f 1628//1301 1581//1301 1626//1301
f 1580//94 1581//94 1628//94
f 1629//107 1627//107 1497//107
f 1498//230 1629//230 1497//230
f 1630//120 1580//120 1628//120
f 1579//1655 1580//1655 1630//1655
f 1631//246 1629//246 1498//246
f 1499//1291 1631//1291 1498//1291
f 1632//1299 1579//1299 1630//1299
f 1578//44 1579//44 1632//44
f 1633//115 1631//115 1499//115
f 1500//181 1633//181 1499//181
f 1634//125 1578//125 1632//125
f 1577//44 1578//44 1634//44
f 1635//55 1633//55 1500//55
f 1501//281 1635//281 1500//281
f 1636//130 1577//130 1634//130
f 1576//102 1577//102 1636//102
f 1637//303 1635//303 1501//303
f 1502//273 1637//273 1501//273
f 1638//144 1576//144 1636//144
f 1575//257 1576//257 1638//257
f 1639//41 1637//41 1502//41
f 1503//270 1639//270 1502//270
f 1640//144 1575//144 1638//144
f 1574//120 1575//120 1640//120
f 1641//102 1639//102 1503//102
f 1504//1291 1641//1291 1503//1291
f 1642//1291 1574//1291 1640//1291
f 1573//94 1574//94 1642//94
f 1643//102 1641//102 1504//102
f 1505//94 1643//94 1504//94
f 1644//181 1573//181 1642//181
f 1572//94 1573//94 1644//94
f 1645//44 1643//44 1505//44
f 1506//273 1645//273 1505//273
f 1646//283 1572//283 1644//283
f 1571//112 1572//112 1646//112
f 1647//270 1645//270 1506//270
f 1507//93 1647//93 1506//93
f 1648//1938 1571//1938 1646//1938
f 1649//1301 1647//1301 1507//1301
f 1570//134 1571//134 1648//134
f 1650//235 1570//235 1648//235
f 1508//94 1649//94 1507//94
f 1651//91 1649//91 1508//91
f 1569//1302 1570//1302 1650//1302
f 1652//102 1569//102 1650//102
f 1509//303 1651//303 1508//303
f 1653//177 1651//177 1509//177
f 1568//120 1569//120 1652//120
f 1654//44 1568//44 1652//44
f 1510//229 1653//229 1509//229
f 1655//89 1653//89 1510//89
f 1567//75 1568//75 1654//75
f 1656//205 1567//205 1654//205
f 1511//94 1655//94 1510//94
f 1657//1307 1655//1307 1511//1307
f 1566//283 1567//283 1656//283
f 1658//305 1566//305 1656//305
f 1512//1939 1657//1939 1511//1939
f 1659//181 1657//181 1512//181
f 1565//125 1566//125 1658//125
f 1660//157 1565//157 1658//157
f 1513//181 1659//181 1512//181
f 1661//89 1659//89 1513//89
f 1564//257 1565//257 1660//257
f 1662//1299 1564//1299 1660//1299
f 1514//1310 1661//1310 1513//1310
f 1663//235 1661//235 1514//235
f 1563//55 1564//55 1662//55
f 1664//1306 1563//1306 1662//1306
f 1515//94 1663//94 1514//94
f 1665//1293 1663//1293 1515//1293
f 1562//306 1563//306 1664//306
f 1666//1293 1562//1293 1664//1293
f 1516//134 1665//134 1515//134
f 1667//1295 1665//1295 1516//1295
f 1561//257 1562//257 1666//257
f 1668//94 1561//94 1666//94
f 1517//229 1667//229 1516//229
f 1669//137 1667//137 1517//137
f 1560//44 1561//44 1668//44
f 1670//41 1560//41 1668//41
f 1518//229 1669//229 1517//229
f 1671//109 1669//109 1518//109
f 1559//157 1560//157 1670//157
f 1672//1296 1559//1296 1670//1296
f 1519//94 1671//94 1518//94
f 1673//1940 1671//1940 1519//1940
f 1558//138 1559//138 1672//138
f 1674//1299 1558//1299 1672//1299
f 1520//248 1673//248 1519//248
f 1675//94 1673//94 1520//94
f 1557//270 1674//270 1676//270
f 1557//110 1558//110 1674//110
f 1521//257 1677//257 1675//257
f 1521//257 1675//257 1520//257
f 1556//257 1557//257 1676//257
f 1556//257 1676//257 1678//257
f 1522//93 1677//93 1521//93
f 1522//94 1679//94 1677//94
f 1555//89 1556//89 1678//89
f 1555//94 1678//94 1680//94
f 1523//257 1679//257 1522//257
f 1523//44 1681//44 1679//44
f 1554//115 1680//115 1682//115
f 1554//94 1555//94 1680//94
f 1524//175 1681//175 1523//175
f 1524//107 1683//107 1681//107
f 1553//1941 1682//1941 1684//1941
f 1553//303 1554//303 1682//303
f 1525//147 1683//147 1524//147
f 1525//41 1685//41 1683//41
f 1552//295 1684//295 1686//295
f 1552//1296 1553//1296 1684//1296
f 1526//102 1685//102 1525//102
f 1526//107 1687//107 1685//107
f 1551//138 1686//138 1688//138
f 1551//270 1552//270 1686//270
f 1527//208 1689//208 1687//208
f 1527//157 1687//157 1526//157
f 1550//189 1688//189 1690//189
f 1550//93 1551//93 1688//93
f 1528//94 1691//94 1689//94
f 1528//157 1689//157 1527//157
f 1549//157 1690//157 1692//157
f 1549//1290 1550//1290 1690//1290
f 1529//1940 1693//1940 1691//1940
f 1529//94 1691//94 1528//94
f 1548//43 1692//43 1694//43
f 1548//41 1549//41 1692//41
f 1530//230 1695//230 1693//230
f 1530//205 1693//205 1529//205
f 1547//1291 1694//1291 1696//1291
f 1547//44 1548//44 1694//44
f 1531//91 1697//91 1695//91
f 1531//205 1695//205 1530//205
f 1546//170 1696//170 1698//170
f 1546//102 1547//102 1696//102
f 1532//107 1699//107 1697//107
f 1532//208 1697//208 1531//208
f 1545//1291 1546//1291 1698//1291
f 1545//205 1698//205 1700//205
f 1533//94 1701//94 1699//94
f 1533//1942 1699//1942 1532//1942
f 1544//94 1545//94 1700//94
f 1544//179 1700//179 1702//179
f 1534//102 1701//102 1533//102
f 1534//205 1703//205 1701//205
f 1543//101 1544//101 1702//101
f 1543//229 1702//229 1704//229
f 1535//303 1703//303 1534//303
f 1535//1943 1705//1943 1703//1943
f 1542//93 1543//93 1704//93
f 1542//44 1704//44 1706//44
f 1536//102 1705//102 1535//102
f 1536//94 1707//94 1705//94
f 1541//257 1542//257 1706//257
f 1541//102 1706//102 1708//102
f 1537//205 1707//205 1536//205
f 1537//93 1709//93 1707//93
f 1540//157 1708//157 1710//157
f 1540//86 1541//86 1708//86
f 1538//1307 1711//1307 1709//1307
f 1538//208 1709//208 1537//208
f 1539//273 1710//273 1711//273
f 1539//93 1540//93 1710//93
f 1539//248 1711//248 1538//248
f 1615//1944 1617//1944 1712//1944
f 1613//1659 1615//1659 1712//1659
f 1611//1945 1613//1945 1712//1945
f 1609//1946 1611//1946 1712//1946
f 1607//1947 1609//1947 1712//1947
f 1605//1316 1712//1948 1713//1318
f 1605//1949 1607//1949 1712//1949
f 1603//1950 1605//1321 1713//1951
f 1601//1323 1603//1323 1713//1323
f 1599//1952 1601//1952 1713//1952
f 1597//1953 1599//1953 1713//1953
f 1595//1326 1597//1326 1713//1326
f 1593//1954 1595//1954 1713//1954
f 1591//1328 1593//1328 1713//1328
f 1589//1955 1591//1955 1713//1955
f 1587//1330 1589//1330 1713//1330
f 1586//1956 1587//1956 1713//1956
f 1588//1676 1586//1676 1713//1676
f 1590//1333 1588//1333 1713//1333
f 1592//1678 1713//1678 1714//1678
f 1592//1957 1590//1957 1713//1957
f 1594//1958 1592//1958 1714//1958
f 1596//1959 1594//1959 1714//1959
f 1598//1960 1596//1960 1714//1960
f 1600//1961 1598//1961 1714//1961
f 1602//1962 1600//1962 1714//1962
f 1604//1963 1602//1963 1714//1963
f 1606//1342 1604//1342 1714//1342
f 1608//1687 1606//1687 1714//1687
f 1610//1964 1608//1964 1714//1964
f 1612//1345 1610//1345 1714//1345
f 1614//1689 1612//1689 1714//1689
f 1616//1965 1614//1965 1714//1965
f 1618//1348 1714//1348 1715//1348
f 1618//1348 1616//1348 1714//1348
f 1620//1350 1618//1350 1715//1350
f 1622//1966 1620//1966 1715//1966
f 1624//1352 1622//1352 1715//1352
f 1626//1967 1624//1967 1715//1967
f 1628//1968 1626//1968 1715//1968
f 1630//1969 1628//1969 1715//1969
f 1632//1970 1630//1970 1715//1970
f 1634//1971 1632//1971 1715//1971
f 1636//1972 1634//1972 1715//1972
f 1638//1973 1636//1973 1715//1973
f 1640//1974 1638//1974 1715//1974
f 1642//1361 1715//1361 1716//1361
f 1642//1975 1640//1975 1715//1975
f 1644//1363 1642//1363 1716//1363
f 1646//1976 1644//1976 1716//1976
f 1648//1977 1646//1977 1716//1977
f 1650//1366 1648//1366 1716//1366
f 1652//1367 1650//1367 1716//1367
f 1654//1978 1652//1978 1716//1978
f 1656//1979 1654//1979 1716//1979
f 1658//1370 1656//1370 1716//1370
f 1660//1710 1658//1710 1716//1710
f 1662//1372 1660//1372 1716//1372
f 1664//1980 1662//1980 1716//1980
f 1666//1374 1664//1374 1716//1374
f 1668//1375 1716//1376 1717//1377
f 1668//1378 1666//1981 1716//1982
f 1670//1381 1668//1381 1717//1381
f 1672//1983 1670//1983 1717//1983
f 1674//1984 1672//1984 1717//1984
f 1676//1985 1674//1985 1717//1985
f 1678//1722 1676//1722 1717//1722
f 1680//1386 1678//1386 1717//1386
f 1682//1986 1680//1986 1717//1986
f 1684//1987 1682//1987 1717//1987
f 1686//1988 1684//1988 1717//1988
f 1688//1989 1686//1989 1717//1989
f 1690//1391 1688//1391 1717//1391
f 1692//1392 1717//1393 1718//1394
f 1692//1990 1690//1990 1717//1990
f 1694//1396 1692//1397 1718//1398
f 1696//1399 1694//1399 1718//1399
f 1698//1991 1696//1991 1718//1991
f 1700//1992 1698//1992 1718//1992
f 1702//1402 1700//1402 1718//1402
f 1704//1993 1702//1993 1718//1993
f 1706//1994 1704//1994 1718//1994
f 1708//1995 1706//1995 1718//1995
f 1710//1996 1708//1996 1718//1996
f 1711//1997 1710//1997 1718//1997
f 1709//1998 1711//1998 1718//1998
f 1707//1999 1709//1999 1718//1999
f 1705//1737 1718//1737 1719//1737
f 1705//2000 1707//2000 1718//2000
f 1703//1412 1705//1412 1719//1412
f 1701//1413 1703//1413 1719//1413
f 1699//2001 1701//2001 1719//2001
f 1697//2002 1699//2002 1719//2002
f 1695//2003 1697//2003 1719//2003
f 1693//1417 1695//1417 1719//1417
f 1691//2004 1693//2004 1719//2004
f 1689//2005 1691//2005 1719//2005
f 1687//1420 1689//1420 1719//1420
f 1685//1421 1687//1421 1719//1421
f 1683//2006 1685//2006 1719//2006
f 1681//2007 1683//2007 1719//2007
f 1679//1749 1719//1749 1720//1749
f 1679//2008 1681//2008 1719//2008
f 1677//2009 1679//2009 1720//2009
f 1675//2010 1677//2010 1720//2010
f 1673//2011 1675//2011 1720//2011
f 1671//2012 1673//2012 1720//2012
f 1669//2013 1671//2013 1720//2013
f 1667//2014 1669//2014 1720//2014
f 1665//2015 1667//2015 1720//2015
f 1663//2016 1665//2016 1720//2016
f 1661//2017 1663//2017 1720//2017
f 1659//2018 1661//2018 1720//2018
f 1657//1759 1659//1759 1720//1759
f 1655//1437 1720//1437 1721//1437
f 1655//2019 1657//2019 1720//2019
f 1653//2020 1655//2020 1721//2020
f 1651//2021 1653//2021 1721//2021
f 1649//2022 1651//2022 1721//2022
f 1647//2023 1649//2023 1721//2023
f 1645//1443 1647//1443 1721//1443
f 1643//1444 1645//1444 1721//1444
f 1641//1445 1643//1445 1721//1445
f 1639//2024 1641//2024 1721//2024
f 1637//2025 1639//2025 1721//2025
f 1635//2026 1637//2026 1721//2026
f 1633//2027 1635//2027 1721//2027
f 1631//2028 1633//2028 1721//2028
f 1629//1767 1721//1768 1712//1453
f 1629//1454 1631//2029 1721//2030
f 1627//2031 1629//2031 1712//2031
f 1625//2032 1627//2032 1712//2032
f 1623//2033 1625//2033 1712//2033
f 1621//1774 1623//1774 1712//1774
f 1619//2034 1621//2034 1712//2034
f 1617//1462 1619//1462 1712//1462
f 1718//2035 1717//2035 1722//2035
f 1718//2035 1722//2035 1723//2035
f 1719//1778 1723//1778 1724//1778
f 1719//2036 1718//2036 1723//2036
f 1720//1467 1724//1467 1725//1467
f 1720//2037 1719//2037 1724//2037
f 1726//1469 1720//1469 1725//1469
f 1721//2038 1720//2038 1726//2038
f 1712//2039 1726//2039 1727//2039
f 1712//1472 1721//1472 1726//1472
f 1713//1473 1712//1473 1727//1473
f 1713//1474 1727//1474 1728//1474
f 1714//1475 1728//1475 1729//1475
f 1714//1475 1713//1475 1728//1475
f 1715//2040 1729//2040 1730//2040
f 1715//2041 1714//2041 1729//2041
f 1716//1784 1730//1784 1731//1784
f 1716//1479 1715//1479 1730//1479
f 1717//1481 1731//1481 1722//1481
f 1717//1785 1716//1785 1731//1785
f 1732//41 1724//41 1723//41
f 1733//42 1723//42 1722//42
f 1733//42 1732//42 1723//42
f 1734//41 1724//41 1732//41
f 1725//42 1724//42 1734//42
f 1731//42 1733//42 1722//42
f 1735//42 1725//42 1734//42
f 1736//42 1733//42 1731//42
f 1726//44 1725//44 1735//44
f 1730//42 1736//42 1731//42
f 1737//42 1736//42 1730//42
f 1738//44 1726//44 1735//44
f 1727//42 1726//42 1738//42
f 1729//44 1739//44 1737//44
f 1729//42 1737//42 1730//42
f 1728//42 1738//42 1739//42
f 1728//41 1739//41 1729//41
f 1728//42 1727//42 1738//42
f 1733//1483 1740//1483 1741//1483
f 1733//2042 1736//2042 1740//2042
f 1736//2043 1737//2043 1742//2043
f 1737//2044 1739//2044 1742//2044
f 1743//1487 1738//1487 1744//1487
f 1739//2045 1738//2045 1743//2045
f 1742//2046 1740//2046 1736//2046
f 1743//2047 1742//2047 1739//2047
f 1745//479 1746//479 1744//479
f 1744//479 1747//479 1743//479
f 1746//479 1747//479 1744//479
f 1743//2048 1747//2048 1742//2048
f 1742//1491 1747//1491 1748//1491
f 1742//1492 1748//1492 1740//1492
f 1740//1492 1748//1492 1749//1492
f 1740//10 1749//10 1741//10
f 1741//9 1750//9 1751//9
f 1749//10 1750//10 1741//10
f 1738//2049 1745//2049 1744//2049
f 1738//2050 1735//2050 1745//2050
f 1735//2051 1734//2051 1752//2051
f 1734//2052 1732//2052 1752//2052
f 1751//2053 1733//2053 1741//2053
f 1732//1498 1733//1498 1751//1498
f 1751//2054 1752//2054 1732//2054
f 1752//2055 1745//2055 1735//2055
f 1753//1501 1752//1501 1750//1501
f 1750//1501 1752//1501 1751//1501
f 1746//1502 1745//1502 1753//1502
f 1753//1502 1745//1502 1752//1502
f 1748//1291 1754//1291 1749//1291
f 1749//42 1754//42 1755//42
f 1749//41 1756//41 1750//41
f 1755//44 1756//44 1749//44
f 1754//229 1747//229 1757//229
f 1748//42 1747//42 1754//42
f 1756//43 1758//43 1750//43
f 1758//42 1753//42 1750//42
f 1747//1299 1759//1299 1757//1299
f 1759//42 1746//42 1758//42
f 1747//42 1746//42 1759//42
f 1758//42 1746//42 1753//42
f 1754//2056 1760//2056 1761//2056
f 1754//2057 1757//2057 1760//2057
f 1757//2058 1762//2058 1760//2058
f 1757//2059 1759//2059 1762//2059
f 1762//1806 1758//1806 1763//1806
f 1759//2060 1758//2060 1762//2060
f 1758//1807 1764//1807 1763//1807
f 1758//2061 1756//2061 1764//2061
f 1756//2062 1765//2062 1764//2062
f 1756//1512 1755//1512 1765//1512
f 1755//1514 1761//1514 1765//1514
f 1755//1513 1754//1513 1761//1513
f 1763//1501 1764//1501 1766//1501
f 1766//1501 1764//1501 1767//1501
f 1767//10 1765//10 1768//10
f 1764//10 1765//10 1767//10
f 1768//1492 1761//1492 1769//1492
f 1765//1492 1761//1492 1768//1492
f 1761//1491 1760//1491 1769//1491
f 1769//1491 1760//1491 1770//1491
f 1770//479 1762//479 1771//479
f 1760//479 1762//479 1770//479
f 1771//1502 1763//1502 1766//1502
f 1762//1502 1763//1502 1771//1502
f 1769//2063 1770//2063 1772//2063
f 1770//1815 1771//1815 1772//1815
f 1771//2064 1766//2064 1772//2064
f 1766//1518 1767//1518 1772//1518
f 1767//2065 1768//2065 1772//2065
f 1768//2066 1769//2066 1772//2066
f 1773//2067 766//2067 1774//2067
f 1774//2068 766//2068 1775//2068
f 1775//2069 766//2069 1776//2069
f 1776//2070 766//2070 1777//2070
f 1777//2071 766//2071 1778//2071
f 1778//1525 761//2072 1779//2073
f 1779//1111 761//1111 1780//1111
f 1780//2074 761//2074 1781//2074
f 1781//2075 761//2075 1782//2075
f 1782//2076 761//2076 1783//2076
f 1783//2077 761//2077 1784//2077
f 1784//2078 761//2078 1785//2078
f 1785//2079 761//2079 1786//2079
f 1786//2080 761//2080 1787//2080
f 1787//2081 761//2081 1788//2081
f 1788//1537 761//2082 1789//2083
f 766//1123 761//2084 1778//2085
f 1789//2086 750//2086 1790//2086
f 1790//2087 750//2087 1791//2087
f 1791//2088 750//2088 1792//2088
f 1792//1129 750//1129 1793//1129
f 1793//1130 750//1130 1794//1130
f 1794//1131 750//1131 1795//1131
f 1795//1132 750//1132 1796//1132
f 1796//2089 750//2089 1797//2089
f 1797//1134 750//1134 1798//1134
f 1798//1547 750//1547 1799//1547
f 761//2090 750//1137 1789//1138
f 1799//1139 744//1140 1800//1549
f 1800//2091 744//2091 1801//2091
f 1801//1551 744//1551 1802//1551
f 1802//2092 744//2092 1803//2092
f 1803//2093 744//2093 1804//2093
f 1804//1146 744//1146 1805//1146
f 1805//2094 744//2094 1806//2094
f 1806//2095 744//2095 1807//2095
f 1807//1149 744//1149 1808//1149
f 1808//2096 744//2096 1809//2096
f 1809//2097 744//2098 1810//1153
f 750//1154 744//1155 1799//1156
f 1810//2099 741//2099 1811//2099
f 1811//1158 741//1158 1812//1158
f 744//2100 741//1160 1810//1849
f 1812//1162 741//1162 1813//1162
f 1813//2101 741//2101 1814//2101
f 1814//2102 741//2102 1815//2102
f 1815//2103 741//2103 1816//2103
f 1816//2104 741//2104 1817//2104
f 1817//2105 741//2105 1818//2105
f 1818//2106 741//2106 1819//2106
f 1819//2107 741//2107 1820//2107
f 741//1170 736//1171 1820//1172
f 1820//1173 736//2108 1821//2109
f 1821//2110 736//2110 1822//2110
f 1822//2111 736//2111 1823//2111
f 1823//1571 736//1571 1824//1571
f 1824//2112 736//2112 1825//2112
f 1825//1864 736//1864 1826//1864
f 1826//2113 736//2113 1827//2113
f 1827//2114 736//2114 1828//2114
f 1828//2115 736//2115 1829//2115
f 1829//1577 736//1577 1830//1577
f 1830//1185 736//2116 1831//2117
f 736//2118 747//1189 1831//2119
f 1831//2120 747//2120 1832//2120
f 1832//2121 747//2121 1833//2121
f 1833//2122 747//2122 1834//2122
f 1834//2123 747//2123 1835//2123
f 1835//2124 747//2124 1836//2124
f 1836//2125 747//2125 1837//2125
f 1837//2126 747//2126 1838//2126
f 1838//2127 747//2127 1839//2127
f 1839//2128 747//2128 1840//2128
f 1840//2129 747//2129 1841//2129
f 1841//1590 754//1878 1842//2130
f 1842//1204 754//1204 1843//1204
f 1843//1593 754//1593 1844//1593
f 1844//1206 754//1206 1845//1206
f 1845//2131 754//2131 1846//2131
f 1846//1595 754//1595 1847//1595
f 1847//1884 754//1884 1848//1884
f 1848//2132 754//2132 1849//2132
f 1849//2133 754//2133 1850//2133
f 1850//2134 754//2134 1851//2134
f 1851//1213 754//2135 1852//2136
f 747//1601 754//1890 1841//1603
f 1852//1891 764//1891 1853//1891
f 1853//2137 764//2137 1854//2137
f 1854//2138 764//2138 1855//2138
f 1855//1222 764//1222 1856//1222
f 1856//2139 764//2139 1857//2139
f 1857//1607 764//1607 1858//1607
f 1858//1608 764//1608 1859//1608
f 1859//2140 764//2140 1860//2140
f 1860//2141 764//2141 1861//2141
f 1861//1610 764//1610 1862//1610
f 754//2142 764//1230 1852//2143
f 1862//1232 772//2144 1863//2145
f 1863//2146 772//2146 1864//2146
f 1864//1236 772//1236 1865//1236
f 1865//1237 772//1237 1866//1237
f 1866//2147 772//2147 1867//2147
f 1867//1618 772//1618 1868//1618
f 1868//1619 772//1619 1869//1619
f 1869//2148 772//2148 1870//2148
f 1870//2149 772//2149 1871//2149
f 1871//2150 772//2150 1872//2150
f 1872//2151 772//2152 1873//2153
f 764//1247 772//1248 1862//1623
f 1873//2154 780//2154 1874//2154
f 1874//2155 780//2155 1875//2155
f 772//1626 780//1253 1873//2156
f 1875//2157 780//2157 1876//2157
f 1876//1629 780//1629 1877//1629
f 1877//2158 780//2158 1878//2158
f 1878//2159 780//2159 1879//2159
f 1879//1632 780//1632 1880//1632
f 1880//1633 780//1633 1881//1633
f 1881//1914 780//1914 1882//1914
f 1882//2160 780//2160 1883//2160
f 780//1263 776//1634 1883//2161
f 1883//1635 776//2162 1884//2163
f 1884//2164 776//2164 1885//2164
f 1885//1270 776//1270 1886//1270
f 1886//2165 776//2165 1887//2165
f 1887//1272 776//1272 1888//1272
f 1888//2166 776//2166 1889//2166
f 1889//2167 776//2167 1890//2167
f 1890//1641 776//1641 1891//1641
f 1891//2168 776//2168 1892//2168
f 1892//2169 776//2169 1893//2169
f 1893//2170 776//2171 1894//1646
f 776//2172 766//1282 1894//2173
f 1894//2174 766//2174 1895//2174
f 1895//1648 766//1648 1896//1648
f 1896//2175 766//2175 1897//2175
f 1897//2176 766//2176 1898//2176
f 1898//1650 766//1650 1773//1650
f 1899//177 1789//177 1790//177
f 1900//1299 1787//1299 1788//1299
f 1900//91 1788//91 1789//91
f 1900//2177 1789//2177 1899//2177
f 1901//43 1899//43 1790//43
f 1902//2178 1786//2178 1787//2178
f 1902//110 1787//110 1900//110
f 1903//1657 1790//1657 1791//1657
f 1903//229 1791//229 1792//229
f 1903//134 1901//134 1790//134
f 1904//170 1785//170 1786//170
f 1904//115 1786//115 1902//115
f 1905//273 1792//273 1793//273
f 1905//55 1903//55 1792//55
f 1906//89 1784//89 1785//89
f 1906//175 1785//175 1904//175
f 1907//1307 1793//1307 1794//1307
f 1907//230 1905//230 1793//230
f 1908//42 1783//42 1784//42
f 1908//1305 1784//1305 1906//1305
f 1909//1291 1794//1291 1795//1291
f 1909//51 1907//51 1794//51
f 1910//1289 1782//1289 1783//1289
f 1910//1296 1783//1296 1908//1296
f 1911//1296 1795//1296 1796//1296
f 1911//102 1909//102 1795//102
f 1912//144 1782//144 1910//144
f 1912//171 1781//171 1782//171
f 1913//43 1911//43 1796//43
f 1913//1657 1796//1657 1797//1657
f 1914//93 1781//93 1912//93
f 1914//42 1780//42 1781//42
f 1915//134 1913//134 1797//134
f 1915//115 1797//115 1798//115
f 1916//1290 1779//1290 1780//1290
f 1916//231 1780//231 1914//231
f 1917//189 1915//189 1798//189
f 1917//1289 1798//1289 1799//1289
f 1918//1305 1779//1305 1916//1305
f 1918//1295 1778//1295 1779//1295
f 1919//144 1917//144 1799//144
f 1920//229 1777//229 1778//229
f 1920//175 1778//175 1918//175
f 1921//181 1799//181 1800//181
f 1921//107 1919//107 1799//107
f 1801//44 1921//44 1800//44
f 1922//110 1777//110 1920//110
f 1776//144 1777//144 1922//144
f 1923//229 1921//229 1801//229
f 1924//181 1776//181 1922//181
f 1925//270 1801//270 1802//270
f 1925//273 1923//273 1801//273
f 1803//134 1925//134 1802//134
f 1926//44 1775//44 1776//44
f 1926//134 1776//134 1924//134
f 1774//1293 1775//1293 1926//1293
f 1927//115 1925//115 1803//115
f 1928//42 1774//42 1926//42
f 1773//2179 1774//91 1928//91
f 1929//42 1803//42 1804//42
f 1929//107 1927//107 1803//107
f 1805//115 1929//115 1804//115
f 1930//205 1773//239 1928//205
f 1898//263 1773//147 1930//263
f 1931//138 1929//138 1805//138
f 1932//255 1898//255 1930//255
f 1933//270 1805//270 1806//270
f 1933//89 1931//89 1805//89
f 1807//110 1933//110 1806//110
f 1934//1310 1897//1310 1898//1310
f 1934//1291 1898//1291 1932//1291
f 1935//283 1933//283 1807//283
f 1896//257 1897//257 1934//257
f 1936//208 1896//208 1934//208
f 1808//134 1935//134 1807//134
f 1937//94 1935//94 1808//94
f 1895//42 1896//42 1936//42
f 1938//2180 1895//2180 1936//2180
f 1809//144 1937//144 1808//144
f 1939//246 1937//246 1809//246
f 1894//115 1895//115 1938//115
f 1940//2181 1894//127 1938//127
f 1810//43 1939//43 1809//43
f 1941//208 1939//208 1810//208
f 1893//1301 1894//1301 1940//1301
f 1942//177 1893//177 1940//161
f 1943//144 1941//144 1810//144
f 1943//303 1810//303 1811//303
f 1944//144 1893//144 1942//144
f 1944//273 1892//273 1893//273
f 1812//120 1943//120 1811//120
f 1945//134 1943//134 1812//134
f 1891//306 1892//306 1944//306
f 1946//1654 1891//1654 1944//1654
f 1947//134 1945//134 1812//134
f 1947//305 1812//305 1813//305
f 1890//1299 1891//1299 1946//1299
f 1948//230 1890//230 1946//230
f 1814//42 1947//42 1813//42
f 1949//273 1947//273 1814//273
f 1950//1303 1889//1303 1890//1303
f 1950//257 1890//257 1948//257
f 1815//1936 1949//1936 1814//1936
f 1951//44 1949//44 1815//44
f 1888//72 1889//72 1950//72
f 1952//107 1888//107 1950//107
f 1816//42 1951//42 1815//42
f 1953//1303 1951//1303 1816//1303
f 1954//140 1887//140 1888//140
f 1954//70 1888//70 1952//70
f 1955//91 1816//91 1817//91
f 1955//208 1953//208 1816//208
f 1956//257 1886//257 1887//257
f 1956//42 1887//42 1954//42
f 1957//196 1817//196 1818//196
f 1957//230 1955//230 1817//230
f 1885//1291 1886//1291 1956//1291
f 1958//104 1885//156 1956//156
f 1959//94 1818//94 1819//94
f 1959//42 1957//42 1818//42
f 1884//255 1885//255 1958//2182
f 1960//1293 1884//1293 1958//2183
f 1961//89 1819//89 1820//89
f 1961//235 1959//235 1819//235
f 1962//42 1884//42 1960//42
f 1883//229 1884//229 1962//229
f 1963//2184 1961//1300 1820//1300
f 1821//177 1963//137 1820//177
f 1882//107 1883//107 1962//107
f 1882//177 1962//177 1964//177
f 1822//283 1965//283 1963//2185
f 1822//1291 1963//170 1821//1291
f 1881//208 1882//208 1964//208
f 1881//168 1964//168 1966//168
f 1967//127 1965//127 1822//127
f 1823//110 1967//110 1822//110
f 1880//229 1881//229 1966//229
f 1880//70 1966//70 1968//70
f 1969//107 1967//107 1823//107
f 1824//170 1969//170 1823//170
f 1970//273 1880//273 1968//273
f 1879//110 1880//110 1970//110
f 1971//144 1969//144 1824//144
f 1825//127 1971//127 1824//127
f 1972//1291 1879//1291 1970//1291
f 1878//137 1879//137 1972//137
f 1973//115 1971//115 1825//115
f 1826//1297 1973//1297 1825//1297
f 1877//246 1972//246 1974//246
f 1877//239 1878//239 1972//239
f 1827//171 1973//171 1826//171
f 1827//107 1975//107 1973//107
f 1976//157 1877//157 1974//157
f 1876//257 1877//257 1976//257
f 1828//281 1975//281 1827//281
f 1828//1301 1977//1301 1975//1301
f 1875//70 1976//70 1978//70
f 1875//257 1876//257 1976//257
f 1979//257 1977//257 1828//257
f 1829//137 1979//137 1828//137
f 1980//43 1875//43 1978//43
f 1874//229 1875//229 1980//229
f 1830//196 1979//196 1829//196
f 1830//1299 1981//1299 1979//1299
f 1873//1291 1980//1291 1982//1291
f 1873//107 1874//107 1980//107
f 1983//102 1981//102 1830//102
f 1831//41 1983//41 1830//41
f 1872//1296 1982//1296 1984//1296
f 1872//257 1873//257 1982//257
f 1832//205 1983//273 1831//273
f 1832//115 1985//208 1983//208
f 1986//1657 1872//1657 1984//1657
f 1871//229 1872//229 1986//229
f 1833//306 1987//306 1985//306
f 1833//1939 1985//1939 1832//2186
f 1988//181 1987//181 1833//181
f 1870//120 1871//120 1986//120
f 1870//257 1986//257 1989//257
f 1990//51 1870//51 1989//51
f 1834//181 1988//181 1833//181
f 1991//144 1988//144 1834//144
f 1869//1298 1870//1298 1990//1298
f 1835//205 1991//205 1834//205
f 1868//44 1869//44 1990//44
f 1868//107 1990//107 1992//107
f 1836//1304 1991//1304 1835//1304
f 1836//248 1993//248 1991//248
f 1994//229 1993//229 1836//229
f 1867//43 1868//43 1992//43
f 1867//308 1992//308 1995//308
f 1996//1307 1867//1307 1995//1307
f 1837//94 1994//94 1836//94
f 1997//283 1994//283 1837//283
f 1866//185 1867//185 1996//185
f 1838//257 1997//257 1837//257
f 1998//144 1997//144 1838//144
f 1865//229 1866//229 1996//229
f 1865//1943 1996//1943 1999//1943
f 2000//298 1865//298 1999//298
f 1839//229 1998//229 1838//229
f 2001//144 1998//144 1839//144
f 1864//1291 1865//1291 2000//1291
f 2002//308 1864//308 2000//308
f 1840//230 2001//230 1839//230
f 1863//94 1864//94 2002//94
f 1863//94 2002//94 2003//94
f 1841//181 2001//181 1840//181
f 1841//255 2004//255 2005//255
f 1841//273 2005//273 2001//273
f 1862//1309 2003//1309 2006//1309
f 1862//186 1863//186 2003//186
f 1842//1295 2004//1295 1841//1295
f 1861//1297 1862//1297 2006//1297
f 1843//270 2007//270 2008//270
f 1843//120 2004//120 1842//120
f 1843//43 2008//43 2004//43
f 1860//1310 2006//1310 2009//1310
f 1860//181 2009//181 2010//181
f 1860//120 1861//120 2006//120
f 1844//186 2007//186 1843//186
f 1859//42 1860//42 2010//42
f 1845//89 2007//89 1844//89
f 1845//303 2011//303 2007//303
f 1858//144 1859//144 2010//144
f 1858//144 2010//144 2012//144
f 1846//181 2011//181 1845//181
f 1846//2187 2013//2187 2011//2187
f 1857//248 1858//248 2012//248
f 1857//110 2012//110 2014//110
f 1857//134 2014//134 2015//134
f 1847//208 2013//208 1846//208
f 1847//43 2016//43 2013//43
f 1856//229 1857//229 2015//229
f 1848//91 2016//91 1847//91
f 1848//298 2017//298 2018//298
f 1848//205 2018//205 2016//205
f 1855//91 1856//91 2015//91
f 1855//93 2015//93 2019//93
f 1855//115 2019//115 2020//115
f 1849//112 2017//112 1848//112
f 1854//42 1855//42 2020//42
f 1850//196 2017//196 1849//196
f 1850//1305 2021//1305 2022//1305
f 1850//257 2022//257 2017//257
f 1853//115 2020//115 2023//115
f 1853//110 2023//110 2024//110
f 1853//1295 1854//1295 2020//1295
f 1851//91 2021//91 1850//91
f 1852//1299 1853//1299 2024//1299
f 1852//1295 2021//1295 1851//1295
f 1852//177 2024//177 2021//177
f 1991//2188 1993//2188 2025//2188
f 1988//2189 1991//2189 2025//2189
f 1987//2190 1988//2190 2025//2190
f 1985//2191 1987//2191 2025//2191
f 1983//2192 1985//2192 2025//2192
f 1981//2193 2025//2194 2026//2195
f 1981//2196 1983//2196 2025//2196
f 1979//2197 1981//2198 2026//2199
f 1977//2200 1979//2200 2026//2200
f 1975//2201 1977//2201 2026//2201
f 1973//2202 1975//2202 2026//2202
f 1971//2203 1973//2203 2026//2203
f 1969//2204 1971//2204 2026//2204
f 1967//2205 1969//2205 2026//2205
f 1965//2206 1967//2206 2026//2206
f 1963//2207 1965//2207 2026//2207
f 1961//2208 1963//2208 2026//2208
f 1959//2209 1961//2209 2026//2209
f 1957//2210 1959//2210 2026//2210
f 1955//2211 2026//2211 2027//2211
f 1955//2212 1957//2212 2026//2212
f 1953//2213 1955//2213 2027//2213
f 1951//2214 1953//2214 2027//2214
f 1949//2215 1951//2215 2027//2215
f 1947//2216 1949//2216 2027//2216
f 1945//2217 1947//2217 2027//2217
f 1943//2218 1945//2218 2027//2218
f 1941//2219 1943//2219 2027//2219
f 1939//2220 1941//2220 2027//2220
f 1937//2221 1939//2221 2027//2221
f 1935//2222 1937//2222 2027//2222
f 1933//2223 1935//2223 2027//2223
f 1931//2224 1933//2224 2027//2224
f 1929//2225 2027//2225 2028//2225
f 1929//2226 1931//2226 2027//2226
f 1927//2227 1929//2227 2028//2227
f 1925//2228 1927//2228 2028//2228
f 1923//2229 1925//2229 2028//2229
f 1921//2230 1923//2230 2028//2230
f 1919//2231 1921//2231 2028//2231
f 1917//2232 1919//2232 2028//2232
f 1915//2233 1917//2233 2028//2233
f 1913//2234 1915//2234 2028//2234
f 1911//2235 1913//2235 2028//2235
f 1909//2236 1911//2236 2028//2236
f 1907//2237 1909//2237 2028//2237
f 1905//2238 2028//2238 2029//2238
f 1905//2239 1907//2239 2028//2239
f 1903//2240 1905//2240 2029//2240
f 1901//2241 1903//2241 2029//2241
f 1899//2242 1901//2242 2029//2242
f 1900//2243 1899//2243 2029//2243
f 1902//2244 1900//2244 2029//2244
f 1904//2245 1902//2245 2029//2245
f 1906//2246 1904//2246 2029//2246
f 1908//2247 1906//2247 2029//2247
f 1910//2248 1908//2248 2029//2248
f 1912//2249 1910//2249 2029//2249
f 1914//2250 1912//2250 2029//2250
f 1916//2251 1914//2251 2029//2251
f 1918//2252 2029//2253 2030//2254
f 1918//2255 1916//2256 2029//2257
f 1920//2258 1918//2258 2030//2258
f 1922//2259 1920//2259 2030//2259
f 1924//2260 1922//2260 2030//2260
f 1926//2261 1924//2261 2030//2261
f 1928//2262 1926//2262 2030//2262
f 1930//2263 1928//2263 2030//2263
f 1932//2124 1930//2124 2030//2124
f 1934//2264 1932//2264 2030//2264
f 1936//2265 1934//2265 2030//2265
f 1938//2266 1936//2266 2030//2266
f 1940//2267 1938//2267 2030//2267
f 1942//2268 2030//2269 2031//2270
f 1942//2271 1940//2271 2030//2271
f 1944//2272 1942//2273 2031//2274
f 1946//2275 1944//2275 2031//2275
f 1948//2276 1946//2276 2031//2276
f 1950//2277 1948//2277 2031//2277
f 1952//2278 1950//2278 2031//2278
f 1954//2279 1952//2279 2031//2279
f 1956//2280 1954//2280 2031//2280
f 1958//2281 1956//2281 2031//2281
f 1960//2282 1958//2282 2031//2282
f 1962//2283 1960//2283 2031//2283
f 1964//2284 1962//2284 2031//2284
f 1966//2285 1964//2285 2031//2285
f 1968//2286 2031//2286 2032//2286
f 1968//2287 1966//2287 2031//2287
f 1970//2288 1968//2288 2032//2288
f 1972//2289 1970//2289 2032//2289
f 1974//2290 1972//2290 2032//2290
f 1976//2291 1974//2291 2032//2291
f 1978//2292 1976//2292 2032//2292
f 1980//2293 1978//2293 2032//2293
f 1982//2294 1980//2294 2032//2294
f 1984//2295 1982//2295 2032//2295
f 1986//2296 1984//2296 2032//2296
f 1989//2297 1986//2297 2032//2297
f 1990//2298 1989//2298 2032//2298
f 1992//2299 1990//2299 2032//2299
f 1995//2300 2032//2300 2033//2300
f 1995//2301 1992//2301 2032//2301
f 1996//2302 1995//2302 2033//2302
f 1999//2303 1996//2303 2033//2303
f 2000//2304 1999//2304 2033//2304
f 2002//2305 2000//2305 2033//2305
f 2003//2306 2002//2306 2033//2306
f 2006//2307 2003//2307 2033//2307
f 2009//2308 2006//2308 2033//2308
f 2010//2309 2009//2309 2033//2309
f 2012//2310 2010//2310 2033//2310
f 2014//2311 2012//2311 2033//2311
f 2015//2312 2014//2312 2033//2312
f 2019//2313 2033//2313 2034//2313
f 2019//2314 2015//2314 2033//2314
f 2020//2315 2019//2315 2034//2315
f 2023//2316 2020//2316 2034//2316
f 2024//2317 2023//2317 2034//2317
f 2021//2318 2024//2318 2034//2318
f 2022//2319 2021//2319 2034//2319
f 2017//2320 2022//2320 2034//2320
f 2018//2321 2017//2321 2034//2321
f 2016//2322 2018//2322 2034//2322
f 2013//2323 2016//2323 2034//2323
f 2011//2324 2013//2324 2034//2324
f 2007//2325 2011//2325 2034//2325
f 2008//2326 2007//2326 2034//2326
f 2004//2327 2034//2328 2025//2329
f 2004//2330 2008//2331 2034//2332
f 2005//2333 2004//2333 2025//2333
f 2001//2334 2005//2334 2025//2334
f 1998//2335 2001//2335 2025//2335
f 1997//2336 1998//2336 2025//2336
f 1994//2337 1997//2337 2025//2337
f 1993//2338 1994//2338 2025//2338
f 2031//2339 2030//2339 2035//2339
f 2031//2340 2035//2340 2036//2340
f 2032//2341 2036//2341 2037//2341
f 2032//2342 2031//2342 2036//2342
f 2033//2343 2037//2343 2038//2343
f 2033//2344 2032//2344 2037//2344
f 2034//2345 2038//2345 2039//2345
f 2034//2346 2033//2346 2038//2346
f 2025//2347 2039//2347 2040//2347
f 2025//2348 2034//2348 2039//2348
f 2026//2349 2025//2349 2040//2349
f 2026//2350 2040//2350 2041//2350
f 2027//2351 2041//2351 2042//2351
f 2027//2352 2026//2352 2041//2352
f 2043//2353 2027//2353 2042//2353
f 2028//2354 2027//2354 2043//2354
f 2029//2355 2043//2355 2044//2355
f 2029//2356 2028//2356 2043//2356
f 2030//2357 2044//2357 2035//2357
f 2030//2358 2029//2358 2044//2358
f 2045//42 2037//42 2036//42
f 2046//176 2037//176 2045//176
f 2047//42 2036//42 2035//42
f 2047//44 2045//44 2036//44
f 2038//42 2037//42 2046//42
f 2044//42 2047//42 2035//42
f 2048//42 2038//42 2046//42
f 2049//94 2047//94 2044//94
f 2039//44 2038//44 2048//44
f 2043//41 2049//41 2044//41
f 2050//43 2039//43 2048//43
f 2051//42 2049//42 2043//42
f 2040//44 2039//44 2050//44
f 2042//42 2052//42 2051//42
f 2042//42 2051//42 2043//42
f 2041//176 2050//176 2052//176
f 2041//42 2040//42 2050//42
f 2041//42 2052//42 2042//42
f 2047//2359 2053//2359 2054//2359
f 2047//2360 2049//2360 2053//2360
f 2049//2361 2051//2361 2055//2361
f 2051//2362 2052//2362 2055//2362
f 2056//2363 2050//2363 2057//2363
f 2052//2364 2050//2364 2056//2364
f 2055//2365 2053//2365 2049//2365
f 2056//2366 2055//2366 2052//2366
f 2058//483 2059//483 2057//483
f 2057//483 2060//483 2056//483
f 2059//484 2060//484 2057//484
f 2056//2367 2060//2367 2055//2367
f 2055//2368 2060//2368 2061//2368
f 2055//2369 2061//2369 2053//2369
f 2053//2369 2061//2369 2062//2369
f 2053//517 2062//517 2054//517
f 2054//501 2063//501 2064//501
f 2062//517 2063//517 2054//517
f 2050//2370 2058//2370 2057//2370
f 2050//2371 2048//2371 2058//2371
f 2048//2372 2046//2372 2065//2372
f 2046//2373 2045//2373 2065//2373
f 2064//2374 2047//2374 2054//2374
f 2045//2375 2047//2375 2064//2375
f 2064//2376 2065//2376 2045//2376
f 2065//2377 2058//2377 2048//2377
f 2066//2378 2065//2378 2063//2378
f 2063//2378 2065//2378 2064//2378
f 2059//2379 2058//2379 2066//2379
f 2066//2379 2058//2379 2065//2379
f 2061//42 2067//42 2062//42
f 2062//43 2067//43 2068//43
f 2062//42 2069//42 2063//42
f 2068//1291 2069//1291 2062//1291
f 2067//42 2060//42 2070//42
f 2061//229 2060//229 2067//229
f 2069//44 2071//44 2063//44
f 2071//229 2066//229 2063//229
f 2060//42 2072//42 2070//42
f 2072//44 2059//44 2071//44
f 2060//42 2059//42 2072//42
f 2071//43 2059//43 2066//43
f 2067//2380 2073//2380 2074//2380
f 2067//2381 2070//2381 2073//2381
f 2070//2382 2075//2382 2073//2382
f 2070//2383 2072//2383 2075//2383
f 2075//2384 2071//2384 2076//2384
f 2072//2385 2071//2385 2075//2385
f 2071//2386 2077//2387 2076//2387
f 2071//2388 2069//2389 2077//2389
f 2069//2390 2078//2390 2077//2390
f 2069//2391 2068//2391 2078//2391
f 2078//2392 2067//2392 2074//2392
f 2068//2393 2067//2393 2078//2393
f 2076//2378 2077//2378 2079//2378
f 2079//2394 2077//2394 2080//2394
f 2080//501 2078//501 2081//501
f 2077//517 2078//517 2080//517
f 2081//2369 2074//2369 2082//2369
f 2078//2369 2074//2369 2081//2369
f 2074//2367 2073//2367 2082//2367
f 2082//2367 2073//2367 2083//2367
f 2083//483 2075//483 2084//483
f 2073//483 2075//483 2083//483
f 2084//2379 2076//2379 2079//2379
f 2075//2379 2076//2379 2084//2379
f 2082//2395 2083//2395 2085//2395
f 2083//2396 2084//2396 2085//2396
f 2084//2397 2079//2397 2085//2397
f 2079//2398 2080//2398 2085//2398
f 2080//2399 2081//2399 2085//2399
f 2081//2400 2082//2400 2085//2400
f 2086//2401 2087//2402 2088//2403
f 2088//2404 2087//2405 2089//2406
f 740//2407 2090//2408 735//2409
f 2091//2410 2090//2411 2086//2412
f 735//2413 2090//2414 2091//2415
f 2086//2416 2090//2417 2087//2418
f 2089//2419 2092//2420 2093//2421
f 2087//2420 2092//2422 2089//2423
f 746//2424 2094//2424 740//2424
f 2090//2425 2094//2426 2087//2425
f 2087//2427 2094//2428 2092//2427
f 740//2429 2094//2429 2090//2429
f 2093//2430 2095//2431 2096//2431
f 2092//2432 2095//2432 2093//2432
f 2092//2433 2097//2434 2095//2435
f 753//2436 2097//2437 746//2438
f 746//2439 2097//2440 2094//2441
f 2094//2442 2097//2443 2092//2444
f 2096//2445 2098//2445 2099//2445
f 2099//2446 2098//2447 2100//2448
f 2095//2449 2098//2449 2096//2449
f 773//2450 2101//2450 765//2450
f 765//2451 2101//2451 753//2451
f 2097//2452 2101//2453 2095//2454
f 753//2455 2101//2455 2097//2455
f 2095//2456 2101//2457 2098//2458
f 2098//2459 2102//2447 2100//2460
f 773//2450 2103//2450 2101//2450
f 2101//2461 2103//2461 2098//2461
f 2098//2462 2103//2462 2102//2462
f 2100//2463 2104//2463 2105//2463
f 2102//2464 2104//2464 2100//2464
f 782//2465 2106//2465 773//2465
f 2103//2466 2106//2466 2102//2467
f 2102//2468 2106//2467 2104//2467
f 773//2469 2106//2469 2103//2469
f 2105//2470 2107//2471 2108//2472
f 2104//2473 2107//2474 2105//2475
f 785//2476 2109//2476 782//2476
f 782//2477 2109//2477 2106//2477
f 2106//2478 2109//2478 2104//2478
f 2104//2479 2109//2479 2107//2479
f 2107//2480 2110//2480 2108//2480
f 2108//2481 2110//2481 2111//2481
f 2111//2482 2110//2482 2112//2482
f 2109//2483 2113//2483 2107//2483
f 793//2484 2113//2485 785//2486
f 2107//2487 2113//2487 2110//2487
f 785//2488 2113//2489 2109//2490
f 2110//2491 2114//2491 2112//2491
f 2112//2492 2114//2492 2115//2492
f 786//2493 2116//2493 793//2493
f 2113//2494 2116//2495 2110//2494
f 2110//2496 2116//2497 2114//2498
f 793//2499 2116//2499 2113//2499
f 2114//2500 2117//2500 2115//2500
f 788//2501 2118//2501 786//2501
f 2116//2502 2118//2503 2114//2504
f 786//2505 2118//2505 2116//2505
f 2114//2506 2118//2507 2117//2508
f 2117//2509 2119//2509 2115//2509
f 2115//2510 2119//2510 2120//2510
f 791//2511 2121//2511 790//2511
f 790//2512 2121//2512 788//2512
f 2118//2513 2121//2513 2117//2513
f 788//2514 2121//2514 2118//2514
f 2117//2515 2121//2515 2119//2515
f 2119//2516 2122//2516 2120//2516
f 2120//2517 2122//2517 2123//2517
f 795//2518 2124//2518 791//2518
f 791//2519 2124//2519 2121//2519
f 2121//2520 2124//2521 2119//2522
f 2119//2523 2124//2524 2122//2525
f 2123//2526 2125//2527 2126//2528
f 2126//2529 2125//2530 2127//2529
f 2127//2531 2125//2532 2128//2533
f 2122//2534 2125//2534 2123//2535
f 784//2536 2129//2537 795//2538
f 2128//2539 2129//2540 2130//2541
f 2130//2542 2129//2543 784//2544
f 2124//2545 2129//2545 2122//2545
f 2125//2546 2129//2547 2128//2548
f 2122//2549 2129//2549 2125//2549
f 795//2550 2129//2550 2124//2550
f 2128//2551 2131//2552 2127//2553
f 2127//2554 2131//2555 2132//2556
f 783//2557 2133//2558 784//2559
f 2130//2560 2133//2560 2128//2560
f 784//2561 2133//2562 2130//2563
f 2128//2564 2133//2564 2131//2564
f 2132//2565 2134//2566 2135//2566
f 2131//2567 2134//2568 2132//2569
f 771//2570 2136//2571 783//2570
f 2133//2572 2136//2573 2131//2572
f 2131//2574 2136//2575 2134//2574
f 783//2576 2136//2576 2133//2576
f 2135//2577 2137//2578 2138//2577
f 2134//2579 2137//2580 2135//2579
f 2134//2581 2139//2581 2137//2581
f 763//2582 2139//2583 771//2584
f 771//2585 2139//2586 2136//2587
f 2136//2588 2139//2588 2134//2588
f 2138//2589 2140//2590 2141//2590
f 2141//2591 2140//2592 2142//2593
f 2139//2594 2140//2594 2137//2594
f 2137//2595 2140//2595 2138//2596
f 755//2597 2143//2598 763//2599
f 763//2600 2143//2601 2139//2602
f 2139//2603 2143//2603 2140//2603
f 2140//2604 2144//2605 2142//2606
f 748//2607 2145//2607 755//2607
f 2140//2608 2145//2609 2144//2608
f 2143//2610 2145//2611 2140//2610
f 755//2607 2145//2607 2143//2607
f 2142//2612 2146//2612 2147//2612
f 2147//2613 2146//2614 2148//2615
f 2144//2616 2146//2616 2142//2616
f 748//2617 2149//2617 2145//2617
f 737//2618 2149//2618 748//2618
f 2144//2619 2149//2620 2146//2619
f 2145//2621 2149//2622 2144//2621
f 2146//2623 2150//2624 2148//2625
f 730//2626 2151//2626 734//2626
f 734//2627 2151//2628 737//2627
f 2149//2629 2151//2630 2146//2631
f 737//2632 2151//2633 2149//2632
f 2146//2634 2151//2635 2150//2636
f 2151//2637 2152//2638 2150//2639
f 2148//2640 2152//2641 2153//2641
f 2153//2642 2152//2643 2154//2644
f 2150//2645 2152//2646 2148//2647
f 730//2648 2155//2648 2151//2648
f 2151//2649 2155//2650 2152//2651
f 2152//2652 2156//2653 2154//2654
f 2154//2655 2156//2655 2157//2656
f 724//2657 2158//2657 726//2657
f 726//2658 2158//2658 730//2658
f 730//2659 2158//2659 2155//2659
f 2155//2660 2158//2660 2152//2660
f 2152//2661 2158//2661 2156//2661
f 2156//2662 2159//2662 2157//2663
f 2158//2664 2159//2665 2156//2666
f 724//2667 2160//2667 2158//2667
f 2158//2668 2160//2669 2159//2670
f 2159//2671 2161//2672 2157//2673
f 2157//2674 2161//2675 2162//2676
f 728//2677 2163//2678 723//2679
f 723//2680 2163//2681 724//2682
f 724//2683 2163//2684 2160//2685
f 2160//2686 2163//2687 2159//2688
f 2159//2689 2163//2690 2161//2688
f 2161//2691 2164//2692 2162//2693
f 2162//2694 2164//2695 2165//2696
f 2165//2697 2164//2697 2166//2698
f 2163//2699 2164//2700 2161//2701
f 728//2702 2167//2703 2163//2704
f 2163//2705 2167//2699 2164//2706
f 2166//2707 2168//2708 2088//2709
f 2088//2710 2168//2711 2086//2712
f 2164//2713 2168//2714 2166//2715
f 2167//2716 2168//2717 2164//2716
f 735//2718 2169//2718 732//2718
f 2167//2719 2169//2719 2168//2719
f 732//2720 2169//2721 728//2722
f 2086//2723 2169//2724 2091//2725
f 2091//2726 2169//2727 735//2728
f 728//2729 2169//2730 2167//2731
f 2168//2732 2169//2733 2086//2734
f 2132//2735 2135//2735 2170//2735
f 2135//2736 2138//2736 2171//2736
f 2138//2737 2141//2737 2172//2737
f 2162//2738 2173//2738 2174//2738
f 2165//2739 2175//2739 2173//2739
f 2166//2740 2176//2740 2175//2740
f 2166//2741 2177//2741 2176//2741
f 2166//2742 2178//2742 2177//2742
f 2166//2743 2088//2743 2178//2743
f 2179//2744 2180//2744 2170//2744
f 2132//2745 2180//2746 2127//2747
f 2181//2748 2180//2748 2179//2748
f 2182//2749 2180//2749 2181//2749
f 2127//2750 2180//2751 2182//2752
f 2170//2753 2180//2753 2132//2753
f 2170//2754 2183//2754 2171//2754
f 2135//2755 2183//2755 2170//2755
f 2171//2756 2183//2756 2135//2756
f 2171//2757 2184//2758 2172//2759
f 2138//2760 2184//2761 2171//2762
f 2172//2763 2184//2764 2138//2765
f 2172//2766 2185//2766 2186//2766
f 2141//2767 2185//2767 2172//2767
f 2185//2768 2187//2768 2186//2768
f 2142//2769 2188//2769 2141//2769
f 2141//2770 2188//2770 2185//2770
f 2185//2771 2188//2771 2187//2771
f 2186//2772 2189//2772 2190//2772
f 2187//2773 2189//2773 2186//2773
f 2142//2774 2189//2774 2188//2774
f 2188//2775 2189//2775 2187//2775
f 2189//2776 2191//2776 2190//2776
f 2147//2777 2192//2777 2142//2777
f 2189//2778 2192//2778 2191//2778
f 2142//2779 2192//2779 2189//2779
f 2191//2780 2193//2780 2190//2780
f 2190//2781 2193//2781 2194//2781
f 2147//2782 2193//2782 2192//2782
f 2192//2783 2193//2783 2191//2783
f 2193//2784 2195//2784 2194//2784
f 2148//2785 2196//2785 2147//2785
f 2147//2786 2196//2786 2193//2786
f 2193//2787 2196//2787 2195//2787
f 2194//2788 2197//2788 2198//2788
f 2196//2789 2197//2789 2195//2789
f 2148//2790 2197//2790 2196//2790
f 2195//2791 2197//2791 2194//2791
f 2197//2792 2199//2792 2198//2792
f 2197//2793 2200//2793 2199//2793
f 2153//2794 2200//2794 2148//2794
f 2148//2795 2200//2795 2197//2795
f 2199//2796 2201//2796 2198//2796
f 2200//2797 2201//2797 2199//2797
f 2153//2798 2201//2798 2200//2798
f 2198//2799 2201//2799 2202//2799
f 2201//2800 2203//2800 2202//2800
f 2153//2801 2204//2801 2201//2801
f 2201//2802 2204//2802 2203//2802
f 2154//2803 2204//2803 2153//2803
f 2202//2804 2205//2804 2206//2804
f 2203//2805 2205//2805 2202//2805
f 2204//2806 2205//2806 2203//2806
f 2154//2807 2205//2807 2204//2807
f 2205//2808 2207//2808 2206//2808
f 2154//2809 2208//2809 2205//2809
f 2157//2810 2208//2810 2154//2810
f 2205//2811 2208//2811 2207//2811
f 2206//2812 2209//2812 2174//2812
f 2207//2813 2209//2813 2206//2813
f 2208//2814 2209//2814 2207//2814
f 2157//2815 2209//2815 2208//2815
f 2209//2816 2210//2816 2174//2816
f 2174//2817 2210//2817 2162//2817
f 2162//2818 2211//2818 2157//2818
f 2157//2819 2211//2819 2209//2819
f 2210//2820 2211//2820 2162//2820
f 2209//2821 2211//2821 2210//2821
f 2162//2822 2212//2822 2173//2822
f 2173//2823 2212//2823 2165//2823
f 2165//2824 2213//2824 2162//2824
f 2212//2825 2213//2825 2165//2825
f 2162//2826 2213//2826 2212//2826
f 2165//2827 2214//2827 2175//2827
f 2175//2828 2214//2828 2166//2828
f 2166//2829 2215//2829 2165//2829
f 2214//2830 2215//2830 2166//2830
f 2165//2831 2215//2831 2214//2831
f 2176//2832 2216//2832 2217//2832
f 2175//2833 2217//2833 2218//2833
f 2175//2834 2176//2834 2217//2834
f 2173//2835 2218//2835 2219//2835
f 2173//2836 2175//2836 2218//2836
f 2174//2837 2219//2837 2220//2837
f 2174//2835 2173//2835 2219//2835
f 2206//2837 2174//2837 2220//2837
f 2202//2838 2220//2838 2221//2838
f 2202//2839 2221//2839 2222//2839
f 2202//2838 2206//2838 2220//2838
f 2198//10 2222//10 2223//10
f 2198//2839 2202//2839 2222//2839
f 2194//9 2198//9 2223//9
f 2190//2840 2223//2840 2224//2840
f 2190//2840 2194//2840 2223//2840
f 2186//2841 2224//2841 2225//2841
f 2186//2841 2190//2841 2224//2841
f 2172//2842 2225//2842 2226//2842
f 2172//2843 2226//2843 2227//2843
f 2172//2842 2186//2842 2225//2842
f 2171//2843 2172//2843 2227//2843
f 2170//2844 2227//2844 2228//2844
f 2170//2844 2171//2844 2227//2844
f 2179//2845 2228//2845 2229//2845
f 2179//2845 2170//2845 2228//2845
f 2179//2846 2229//2846 2230//2846
f 2231//2847 2230//2847 2232//2847
f 2231//2848 2179//2848 2230//2848
f 2233//2849 2232//2849 2234//2849
f 2233//2847 2231//2847 2232//2847
f 2235//2850 2234//2850 2236//2850
f 2235//2849 2233//2849 2234//2849
f 2237//2850 2235//2850 2236//2850
f 2238//2851 2236//2851 2239//2851
f 2238//2852 2239//2852 2240//2852
f 2238//2851 2237//2851 2236//2851
f 2241//479 2240//479 2242//479
f 2241//2852 2238//2852 2240//2852
f 2243//479 2241//479 2242//479
f 2244//2853 2242//2853 2245//2853
f 2244//2853 2243//2853 2242//2853
f 2246//2854 2245//2854 2247//2854
f 2246//2855 2244//2855 2245//2855
f 2248//2856 2247//2856 2249//2856
f 2248//2856 2246//2856 2247//2856
f 2250//2857 2249//2857 2251//2857
f 2250//2858 2251//2858 2252//2858
f 2250//2857 2248//2857 2249//2857
f 2253//2858 2250//2858 2252//2858
f 2176//2859 2252//2859 2216//2859
f 2176//2859 2253//2859 2252//2859
f 2230//2860 2229//2860 2254//2860
f 2230//2861 2254//2861 2255//2861
f 2232//2862 2255//2862 2256//2862
f 2232//2863 2230//2863 2255//2863
f 2234//2864 2256//2864 2257//2864
f 2234//2865 2232//2865 2256//2865
f 2236//2866 2257//2866 2258//2866
f 2236//2867 2234//2867 2257//2867
f 2239//2868 2258//2868 2259//2868
f 2239//2869 2236//2869 2258//2869
f 2240//2870 2259//2870 2260//2870
f 2240//2871 2239//2871 2259//2871
f 2242//2872 2260//2872 2261//2872
f 2242//2873 2240//2873 2260//2873
f 2245//2874 2261//2874 2262//2874
f 2245//2875 2242//2875 2261//2875
f 2263//2876 2245//2876 2262//2876
f 2247//2877 2245//2877 2263//2877
f 2249//2878 2263//2878 2264//2878
f 2249//2879 2247//2879 2263//2879
f 2251//2880 2264//2880 2265//2880
f 2251//2881 2249//2881 2264//2881
f 2252//2882 2265//2883 2266//2882
f 2252//2884 2251//2885 2265//2886
f 2216//2887 2266//2888 2267//2889
f 2216//2890 2252//2891 2266//2892
f 2268//208 2269//208 2270//208
f 2268//44 2271//44 2272//44
f 2270//42 2271//42 2268//42
f 2269//229 2273//229 2270//229
f 2272//43 2274//43 2275//43
f 2271//144 2274//144 2272//144
f 2269//229 2276//229 2273//229
f 2276//42 2277//42 2273//42
f 2275//2180 2278//2180 2279//2180
f 2274//42 2278//42 2275//42
f 2276//42 2267//42 2277//42
f 2267//89 2280//89 2277//89
f 2279//1295 2281//1295 2282//1295
f 2278//42 2281//42 2279//42
f 2266//94 2283//94 2267//94
f 2267//144 2283//144 2280//144
f 2282//91 2284//91 2285//91
f 2281//229 2284//229 2282//229
f 2266//144 2265//144 2283//144
f 2265//42 2286//42 2283//42
f 2285//144 2287//144 2288//144
f 2284//157 2287//157 2285//157
f 2264//44 2289//44 2265//44
f 2265//2180 2289//2180 2286//2180
f 2287//144 2290//144 2288//144
f 2290//41 2291//41 2288//41
f 2264//41 2263//41 2289//41
f 2289//144 2263//144 2292//144
f 2290//1289 2293//1289 2291//1289
f 2293//53 2294//53 2291//53
f 2263//144 2262//144 2292//144
f 2292//42 2262//42 2295//42
f 2293//144 2296//144 2294//144
f 2297//157 2296//157 2293//157
f 2262//1295 2261//1295 2295//1295
f 2295//144 2261//144 2298//144
f 2297//115 2254//115 2296//115
f 2299//42 2254//42 2297//42
f 2261//1295 2260//1295 2298//1295
f 2298//41 2260//41 2300//41
f 2299//44 2255//44 2254//44
f 2301//42 2255//42 2299//42
f 2260//144 2259//144 2300//144
f 2300//94 2259//94 2302//94
f 2303//283 2256//283 2301//283
f 2301//42 2256//42 2255//42
f 2302//94 2258//94 2304//94
f 2259//94 2258//94 2302//94
f 2258//229 2257//229 2304//229
f 2305//176 2257//176 2303//176
f 2304//42 2257//42 2305//42
f 2303//107 2257//107 2256//107
f 2217//2893 2216//2894 2267//2895
f 2217//2896 2267//2897 2276//2896
f 2218//2898 2276//2898 2269//2898
f 2218//2899 2217//2899 2276//2899
f 2219//2900 2269//2901 2268//2902
f 2219//2903 2218//2904 2269//2905
f 2220//2906 2268//2907 2272//2906
f 2220//2908 2219//2909 2268//2910
f 2221//2911 2272//2911 2275//2911
f 2221//2912 2220//2912 2272//2912
f 2222//2913 2275//2913 2279//2913
f 2222//2914 2221//2914 2275//2914
f 2223//2915 2279//2915 2282//2915
f 2223//2916 2222//2916 2279//2916
f 2224//2917 2282//2917 2285//2917
f 2224//2918 2223//2918 2282//2918
f 2225//2919 2285//2920 2288//2919
f 2225//2921 2224//2921 2285//2921
f 2226//2922 2288//2922 2291//2922
f 2226//2923 2225//2923 2288//2923
f 2294//2924 2226//2925 2291//2925
f 2227//2926 2226//2927 2294//2926
f 2228//2928 2294//2928 2296//2928
f 2228//2929 2227//2929 2294//2929
f 2229//2930 2296//2930 2254//2930
f 2229//2931 2228//2931 2296//2931
f 2299//2889 2306//2889 2307//2889
f 2299//2932 2297//2932 2306//2932
f 2297//2933 2308//2934 2306//2935
f 2297//2936 2293//2937 2308//2937
f 2293//2938 2309//2938 2308//2938
f 2293//2939 2290//2939 2309//2939
f 2290//2940 2310//2940 2309//2940
f 2290//2941 2287//2941 2310//2941
f 2310//2942 2284//2942 2311//2942
f 2287//2943 2284//2943 2310//2943
f 2284//2944 2312//2944 2311//2944
f 2284//2945 2281//2945 2312//2945
f 2312//2946 2278//2946 2313//2946
f 2281//2947 2278//2947 2312//2947
f 2313//2948 2274//2948 2314//2948
f 2278//2949 2274//2949 2313//2949
f 2314//2950 2271//2950 2315//2950
f 2274//2951 2271//2951 2314//2951
f 2271//2952 2316//2952 2315//2952
f 2271//2953 2270//2953 2316//2953
f 2270//2954 2317//2954 2316//2954
f 2270//2955 2273//2955 2317//2955
f 2273//2956 2318//2956 2317//2956
f 2273//2957 2277//2957 2318//2957
f 2277//2860 2319//2860 2318//2860
f 2277//2958 2280//2958 2319//2958
f 2280//2959 2320//2959 2319//2959
f 2280//2960 2283//2960 2320//2960
f 2283//2961 2321//2961 2320//2961
f 2283//2962 2286//2962 2321//2962
f 2286//2963 2322//2963 2321//2963
f 2286//2964 2289//2964 2322//2964
f 2289//2922 2323//2922 2322//2922
f 2289//2965 2292//2965 2323//2965
f 2323//2966 2295//2966 2324//2966
f 2292//2967 2295//2967 2323//2967
f 2324//2968 2298//2968 2325//2968
f 2295//2969 2298//2969 2324//2969
f 2298//2970 2326//2970 2325//2970
f 2298//2971 2300//2971 2326//2971
f 2300//2972 2327//2972 2326//2972
f 2300//2973 2302//2973 2327//2973
f 2327//2974 2304//2975 2328//2975
f 2302//2976 2304//2977 2327//2978
f 2328//2979 2305//2979 2329//2979
f 2304//2980 2305//2980 2328//2980
f 2329//2981 2303//2981 2330//2981
f 2305//2982 2303//2982 2329//2982
f 2330//2898 2301//2898 2331//2898
f 2303//2983 2301//2983 2330//2983
f 2301//2984 2307//2984 2331//2984
f 2301//2985 2299//2985 2307//2985
f 2307//2986 2332//2986 2331//2986
f 2333//2987 2332//2987 2307//2987
f 2331//2988 2334//2988 2330//2988
f 2332//2989 2334//2989 2331//2989
f 2330//2990 2335//2990 2329//2990
f 2334//2991 2335//2991 2330//2991
f 2329//2992 2336//2992 2328//2992
f 2335//2993 2336//2993 2329//2993
f 2328//2994 2337//2994 2327//2994
f 2336//2995 2337//2995 2328//2995
f 2327//2996 2338//2996 2326//2996
f 2337//2997 2338//2997 2327//2997
f 2326//2998 2339//2998 2325//2998
f 2338//2999 2339//2999 2326//2999
f 2325//3000 2340//3000 2324//3000
f 2339//3001 2340//3001 2325//3001
f 2324//3002 2341//3002 2323//3002
f 2340//3003 2341//3003 2324//3003
f 2323//3004 2342//3004 2322//3004
f 2341//3005 2342//3005 2323//3005
f 2322//3006 2343//3006 2321//3006
f 2342//3007 2343//3007 2322//3007
f 2321//3008 2344//3008 2320//3008
f 2343//3009 2344//3009 2321//3009
f 2320//3010 2345//3010 2319//3010
f 2344//3011 2345//3011 2320//3011
f 2345//3012 2346//3012 2319//3012
f 2319//3013 2347//3013 2318//3013
f 2346//3014 2347//3014 2319//3014
f 2318//3015 2348//3015 2317//3015
f 2347//3016 2348//3016 2318//3016
f 2317//3017 2349//3017 2316//3017
f 2348//3018 2349//3018 2317//3018
f 2316//3019 2350//3019 2315//3019
f 2349//3020 2350//3020 2316//3020
f 2315//3021 2351//3021 2314//3021
f 2350//3022 2351//3022 2315//3022
f 2314//3023 2352//3023 2313//3023
f 2351//3024 2352//3024 2314//3024
f 2313//3025 2353//3025 2312//3025
f 2352//3026 2353//3026 2313//3026
f 2312//3027 2354//3027 2311//3027
f 2353//3028 2354//3028 2312//3028
f 2311//3029 2355//3029 2310//3029
f 2354//3030 2355//3030 2311//3030
f 2310//3031 2356//3031 2309//3031
f 2355//3032 2356//3032 2310//3032
f 2309//3033 2357//3033 2308//3033
f 2356//3034 2357//3034 2309//3034
f 2308//3035 2358//3035 2306//3035
f 2357//3036 2358//3036 2308//3036
f 2306//3037 2359//3037 2307//3037
f 2358//3038 2359//3038 2306//3038
f 2359//3039 2333//3039 2307//3039
f 2354//3040 2353//3040 2360//3040
f 2354//3041 2360//3041 2361//3041
f 2355//3042 2354//3042 2361//3042
f 2362//3043 2355//3043 2361//3043
f 2356//3044 2355//3044 2362//3044
f 2363//3045 2356//3045 2362//3045
f 2357//3046 2356//3046 2363//3046
f 2364//3047 2357//3047 2363//3047
f 2358//3048 2357//3048 2364//3048
f 2365//3049 2358//3049 2364//3049
f 2359//3050 2358//3050 2365//3050
f 2366//3051 2359//3051 2365//3051
f 2333//3052 2359//3052 2366//3052
f 2367//3053 2333//3053 2366//3053
f 2332//3054 2333//3054 2367//3054
f 2368//3055 2332//3055 2367//3055
f 2334//3056 2332//3056 2368//3056
f 2369//3057 2334//3057 2368//3057
f 2335//3058 2334//3058 2369//3058
f 2370//3059 2335//3059 2369//3059
f 2336//3060 2335//3060 2370//3060
f 2371//3061 2336//3061 2370//3061
f 2337//3062 2336//3062 2371//3062
f 2372//3063 2337//3063 2371//3063
f 2338//3064 2337//3064 2372//3064
f 2373//3065 2338//3065 2372//3065
f 2339//3066 2338//3066 2373//3066
f 2340//3067 2339//3067 2373//3067
f 2340//3068 2373//3068 2374//3068
f 2341//3069 2340//3069 2374//3069
f 2375//3070 2341//3070 2374//3070
f 2342//3071 2341//3071 2375//3071
f 2376//3072 2342//3072 2375//3072
f 2343//3073 2342//3073 2376//3073
f 2377//3074 2343//3074 2376//3074
f 2344//3075 2343//3075 2377//3075
f 2378//3076 2344//3076 2377//3076
f 2345//3077 2344//3077 2378//3077
f 2379//3078 2345//3078 2378//3078
f 2346//3079 2345//3079 2379//3079
f 2380//3080 2346//3080 2379//3080
f 2347//3081 2346//3081 2380//3081
f 2381//3082 2347//3082 2380//3082
f 2348//3083 2347//3083 2381//3083
f 2382//3084 2348//3084 2381//3084
f 2349//3085 2348//3085 2382//3085
f 2383//3086 2349//3086 2382//3086
f 2350//3087 2349//3087 2383//3087
f 2384//3088 2350//3088 2383//3088
f 2351//3089 2350//3089 2384//3089
f 2385//3090 2351//3090 2384//3090
f 2352//3091 2351//3091 2385//3091
f 2360//3092 2352//3092 2385//3092
f 2353//3093 2352//3093 2360//3093
f 2386//42 2364//42 2363//42
f 2387//42 2363//42 2362//42
f 2387//42 2386//42 2363//42
f 2388//42 2365//42 2364//42
f 2388//42 2364//42 2386//42
f 2389//43 2362//43 2361//43
f 2389//41 2387//41 2362//41
f 2390//42 2366//42 2365//42
f 2390//42 2365//42 2388//42
f 2391//42 2361//42 2360//42
f 2391//42 2389//42 2361//42
f 2392//42 2367//42 2366//42
f 2392//44 2366//44 2390//44
f 2385//42 2391//42 2360//42
f 2393//42 2391//42 2385//42
f 2368//42 2367//42 2392//42
f 2394//42 2368//42 2392//42
f 2384//42 2393//42 2385//42
f 2395//176 2393//176 2384//176
f 2369//42 2368//42 2394//42
f 2396//44 2369//44 2394//44
f 2383//44 2395//44 2384//44
f 2370//42 2369//42 2396//42
f 2397//42 2395//42 2383//42
f 2382//42 2397//42 2383//42
f 2398//44 2370//44 2396//44
f 2371//42 2370//42 2398//42
f 2399//177 2397//177 2382//177
f 2381//41 2399//41 2382//41
f 2400//42 2371//42 2398//42
f 2372//176 2371//176 2400//176
f 2401//229 2399//229 2381//229
f 2380//42 2401//42 2381//42
f 2402//42 2372//42 2400//42
f 2373//44 2372//44 2402//44
f 2379//176 2401//176 2380//176
f 2379//42 2403//42 2401//42
f 2374//42 2373//42 2402//42
f 2374//41 2402//41 2404//41
f 2378//44 2403//44 2379//44
f 2378//42 2405//42 2403//42
f 2375//43 2404//43 2406//43
f 2375//42 2374//42 2404//42
f 2377//42 2407//42 2405//42
f 2377//42 2405//42 2378//42
f 2376//42 2407//42 2377//42
f 2376//44 2406//44 2407//44
f 2376//42 2375//42 2406//42
f 2389//3094 2391//3094 2408//3094
f 2389//3095 2408//3095 2409//3095
f 2387//3096 2409//3096 2410//3096
f 2387//3097 2389//3097 2409//3097
f 2386//3098 2410//3098 2411//3098
f 2386//3099 2387//3099 2410//3099
f 2388//3100 2411//3100 2412//3100
f 2388//3101 2386//3101 2411//3101
f 2390//3102 2412//3102 2413//3102
f 2390//3103 2388//3103 2412//3103
f 2392//3104 2390//3104 2413//3104
f 2414//3105 2392//3105 2413//3105
f 2394//3106 2392//3106 2414//3106
f 2415//3107 2394//3107 2414//3107
f 2396//3108 2394//3108 2415//3108
f 2416//3109 2396//3109 2415//3109
f 2398//3110 2396//3110 2416//3110
f 2417//3111 2398//3111 2416//3111
f 2400//3112 2398//3112 2417//3112
f 2418//3113 2400//3113 2417//3113
f 2402//3114 2400//3114 2418//3114
f 2409//3115 2408//3115 2419//3115
f 2409//3116 2419//3116 2420//3116
f 2410//3117 2420//3117 2421//3117
f 2410//3118 2409//3118 2420//3118
f 2422//3119 2410//3119 2421//3119
f 2411//3120 2410//3120 2422//3120
f 2412//3121 2422//3121 2423//3121
f 2412//3122 2411//3122 2422//3122
f 2424//3123 2412//3123 2423//3123
f 2413//3124 2412//3124 2424//3124
f 2414//3125 2424//3125 2425//3125
f 2414//3126 2413//3126 2424//3126
f 2415//3127 2425//3127 2426//3127
f 2415//3127 2414//3127 2425//3127
f 2416//3128 2426//3128 2427//3128
f 2416//3128 2415//3128 2426//3128
f 2417//3129 2427//3129 2428//3129
f 2417//3129 2416//3129 2427//3129
f 2429//3130 2417//3130 2428//3130
f 2418//3131 2417//3131 2429//3131
f 2419//3132 2430//3132 2420//3132
f 2431//3132 2430//3132 2419//3132
f 2420//3133 2432//3133 2421//3133
f 2430//3133 2432//3133 2420//3133
f 2421//3134 2433//3134 2422//3134
f 2432//3134 2433//3134 2421//3134
f 2422//3135 2434//3135 2423//3135
f 2433//3136 2434//3136 2422//3136
f 2423//3137 2435//3137 2424//3137
f 2434//3137 2435//3137 2423//3137
f 2435//3138 2425//3138 2424//3138
f 2435//3139 2436//3139 2425//3139
f 2425//3140 2437//3140 2426//3140
f 2436//3140 2437//3140 2425//3140
f 2426//3141 2438//3141 2427//3141
f 2437//3141 2438//3141 2426//3141
f 2427//3142 2439//3142 2428//3142
f 2438//3142 2439//3142 2427//3142
f 2428//3143 2440//3143 2429//3143
f 2439//3143 2440//3143 2428//3143
f 2440//3144 2441//3144 2429//3144
f 2429//3144 2441//3144 2442//3144
f 2442//3145 2443//3145 2444//3145
f 2441//3145 2443//3145 2442//3145
f 2444//3146 2445//3146 2446//3146
f 2443//3147 2445//3147 2444//3147
f 2446//3148 2447//3148 2448//3148
f 2445//3148 2447//3148 2446//3148
f 2448//3149 2449//3149 2450//3149
f 2447//3149 2449//3149 2448//3149
f 2449//3150 2451//3150 2450//3150
f 2449//3150 2452//3150 2451//3150
f 2451//3151 2453//3151 2454//3151
f 2452//3152 2453//3152 2451//3152
f 2453//3153 2455//3153 2454//3153
f 2453//3154 2456//3154 2455//3154
f 2456//3155 2457//3155 2455//3155
f 2456//3156 2458//3156 2457//3156
f 2457//3157 2431//3157 2419//3157
f 2458//3157 2431//3157 2457//3157
f 2459//3158 2458//3158 2460//3158
f 2431//3159 2458//3159 2459//3159
f 2460//3160 2456//3160 2461//3160
f 2458//3160 2456//3160 2460//3160
f 2461//481 2453//481 2462//481
f 2456//481 2453//481 2461//481
f 2462//3161 2452//3161 2463//3161
f 2453//3162 2452//3162 2462//3162
f 2463//3163 2449//3163 2464//3163
f 2464//3164 2449//3164 2465//3164
f 2452//3163 2449//3163 2463//3163
f 2449//3164 2447//3164 2465//3164
f 2465//3165 2445//3165 2466//3165
f 2466//486 2445//486 2467//486
f 2447//3165 2445//3165 2465//3165
f 2445//486 2443//486 2467//486
f 2467//3166 2441//3166 2468//3166
f 2443//3166 2441//3166 2467//3166
f 2468//3167 2440//3167 2469//3167
f 2441//3167 2440//3167 2468//3167
f 2461//353 2470//353 2471//353
f 2462//320 2472//320 2470//320
f 2462//320 2470//320 2461//320
f 2460//353 2461//353 2471//353
f 2463//320 2473//320 2472//320
f 2463//320 2472//320 2462//320
f 2474//320 2460//320 2471//320
f 2459//357 2460//357 2474//357
f 2464//385 2475//385 2473//385
f 2464//353 2473//353 2463//353
f 2476//345 2459//345 2474//345
f 2477//320 2475//320 2464//320
f 2465//320 2477//320 2464//320
f 2478//320 2459//320 2476//320
f 2479//353 2478//353 2476//353
f 2480//353 2477//353 2465//353
f 2466//320 2480//320 2465//320
f 2481//320 2478//320 2479//320
f 2482//353 2481//353 2479//353
f 2483//353 2480//353 2466//353
f 2467//402 2483//402 2466//402
f 2484//320 2481//320 2482//320
f 2485//320 2484//320 2482//320
f 2486//357 2483//357 2467//357
f 2468//320 2486//320 2467//320
f 2487//357 2484//357 2485//357
f 2488//345 2487//345 2485//345
f 2489//320 2486//320 2468//320
f 2469//357 2489//357 2468//357
f 2490//320 2487//320 2488//320
f 2491//353 2490//353 2488//353
f 2492//412 2489//412 2469//412
f 2493//320 2492//320 2469//320
f 2494//320 2490//320 2491//320
f 2494//320 2495//320 2490//320
f 2496//357 2492//357 2493//357
f 2496//320 2493//320 2497//320
f 2498//320 2495//320 2494//320
f 2498//320 2499//320 2495//320
f 2500//320 2496//320 2497//320
f 2500//353 2499//353 2498//353
f 2500//320 2497//320 2499//320
f 2475//3168 2477//3168 2501//3168
f 2501//3169 2477//3169 2502//3169
f 2502//3170 2480//3170 2503//3170
f 2477//3171 2480//3171 2502//3171
f 2503//3172 2483//3172 2504//3172
f 2480//3173 2483//3173 2503//3173
f 2504//3174 2486//3174 2505//3174
f 2483//3175 2486//3175 2504//3175
f 2505//3176 2489//3176 2506//3176
f 2486//3177 2489//3177 2505//3177
f 2506//3178 2492//3178 2507//3178
f 2489//3179 2492//3179 2506//3179
f 2507//3180 2496//3180 2508//3180
f 2492//3181 2496//3181 2507//3181
f 2508//3182 2500//3182 2509//3182
f 2496//3183 2500//3183 2508//3183
f 2509//3184 2498//3184 2510//3184
f 2500//3185 2498//3185 2509//3185
f 2510//3186 2494//3186 2511//3186
f 2511//3187 2494//3187 2512//3187
f 2498//3188 2494//3188 2510//3188
f 2512//3189 2491//3189 2513//3189
f 2494//3190 2491//3190 2512//3190
f 2513//3191 2488//3191 2514//3191
f 2491//3192 2488//3192 2513//3192
f 2514//3193 2485//3193 2515//3193
f 2488//3194 2485//3194 2514//3194
f 2515//3195 2482//3195 2516//3195
f 2485//3196 2482//3196 2515//3196
f 2516//3197 2479//3197 2517//3197
f 2482//3198 2479//3198 2516//3198
f 2517//3199 2476//3199 2518//3199
f 2479//3200 2476//3200 2517//3200
f 2518//3201 2474//3201 2519//3201
f 2476//574 2474//574 2518//574
f 2519//3202 2471//3202 2520//3202
f 2474//3203 2471//3203 2519//3203
f 2520//3204 2470//3204 2521//3204
f 2471//3205 2470//3205 2520//3205
f 2521//3206 2472//3206 2522//3206
f 2470//3207 2472//3207 2521//3207
f 2522//3208 2473//3208 2523//3208
f 2472//3208 2473//3208 2522//3208
f 2523//3209 2475//3209 2501//3209
f 2473//3210 2475//3210 2523//3210
f 2524//44 2514//44 2515//44
f 2525//44 2513//44 2514//44
f 2525//42 2514//42 2524//42
f 2526//42 2515//42 2516//42
f 2526//44 2524//44 2515//44
f 2527//229 2511//229 2512//229
f 2527//229 2512//229 2513//229
f 2527//42 2513//42 2525//42
f 2528//42 2516//42 2517//42
f 2528//42 2526//42 2516//42
f 2529//42 2510//42 2511//42
f 2529//176 2511//176 2527//176
f 2518//41 2528//41 2517//41
f 2509//42 2510//42 2529//42
f 2530//43 2528//43 2518//43
f 2531//42 2509//42 2529//42
f 2519//176 2530//176 2518//176
f 2508//42 2509//42 2531//42
f 2532//41 2530//41 2519//41
f 2533//44 2508//44 2531//44
f 2520//42 2532//42 2519//42
f 2507//42 2508//42 2533//42
f 2534//42 2532//42 2520//42
f 2535//229 2507//229 2533//229
f 2521//41 2534//41 2520//41
f 2536//176 2534//176 2521//176
f 2506//176 2535//176 2537//176
f 2506//176 2507//176 2535//176
f 2522//42 2536//42 2521//42
f 2538//42 2536//42 2522//42
f 2505//42 2506//42 2537//42
f 2505//42 2537//42 2539//42
f 2523//42 2538//42 2522//42
f 2523//42 2540//42 2538//42
f 2504//44 2505//44 2539//44
f 2504//42 2539//42 2541//42
f 2501//177 2540//177 2523//177
f 2501//44 2542//44 2540//44
f 2503//42 2504//42 2541//42
f 2503//44 2541//44 2543//44
f 2502//42 2542//42 2501//42
f 2502//42 2503//42 2543//42
f 2502//42 2543//42 2542//42
f 2538//3211 2540//3211 2544//3211
f 2544//3212 2540//3212 2545//3212
f 2545//3213 2542//3213 2546//3213
f 2540//3214 2542//3214 2545//3214
f 2546//3215 2543//3215 2547//3215
f 2542//3216 2543//3216 2546//3216
f 2547//3217 2541//3217 2548//3217
f 2543//3218 2541//3218 2547//3218
f 2548//3219 2539//3219 2549//3219
f 2541//3219 2539//3219 2548//3219
f 2539//3220 2550//3220 2549//3220
f 2539//3221 2537//3221 2550//3221
f 2537//3222 2551//3222 2550//3222
f 2537//3223 2535//3223 2551//3223
f 2535//3224 2552//3224 2551//3224
f 2535//3224 2533//3224 2552//3224
f 2533//3225 2553//3225 2552//3225
f 2533//3226 2531//3226 2553//3226
f 2531//3227 2554//3227 2553//3227
f 2531//3228 2529//3228 2554//3228
f 2529//3229 2527//3229 2554//3229
f 2554//3229 2527//3229 2555//3229
f 2555//3230 2525//3230 2556//3230
f 2527//3231 2525//3231 2555//3231
f 2556//3232 2524//3232 2557//3232
f 2525//3233 2524//3233 2556//3233
f 2557//3234 2526//3234 2558//3234
f 2524//3235 2526//3235 2557//3235
f 2558//3236 2528//3236 2559//3236
f 2526//3237 2528//3237 2558//3237
f 2528//3238 2560//3238 2559//3238
f 2528//3239 2530//3239 2560//3239
f 2530//3240 2561//3240 2560//3240
f 2530//3241 2532//3241 2561//3241
f 2532//3242 2562//3242 2561//3242
f 2532//3243 2534//3243 2562//3243
f 2534//3244 2563//3244 2562//3244
f 2534//3244 2536//3244 2563//3244
f 2536//3245 2544//3245 2563//3245
f 2536//3246 2538//3246 2544//3246
f 2544//3247 2564//3247 2563//3247
f 2564//3248 2565//3248 2563//3248
f 2562//3249 2566//3249 2561//3249
f 2563//3250 2566//3250 2562//3250
f 2565//3251 2566//3251 2563//3251
f 2566//3252 2567//3252 2561//3252
f 2561//3253 2568//3253 2560//3253
f 2567//3253 2568//3253 2561//3253
f 2560//3254 2569//3254 2559//3254
f 2568//3254 2569//3254 2560//3254
f 2559//3255 2570//3255 2558//3255
f 2569//3255 2570//3255 2559//3255
f 2557//3256 2571//3256 2556//3256
f 2558//3257 2571//3257 2557//3257
f 2570//3257 2571//3257 2558//3257
f 2571//3256 2572//3256 2556//3256
f 2556//3258 2573//3258 2555//3258
f 2572//3258 2573//3258 2556//3258
f 2555//3259 2574//3259 2554//3259
f 2573//3259 2574//3259 2555//3259
f 2554//3260 2575//3260 2553//3260
f 2574//3260 2575//3260 2554//3260
f 2553//3261 2576//3261 2552//3261
f 2575//3262 2576//3262 2553//3262
f 2551//3263 2577//3263 2550//3263
f 2552//3264 2577//3264 2551//3264
f 2576//3264 2577//3264 2552//3264
f 2577//3263 2578//3263 2550//3263
f 2550//3265 2579//3265 2549//3265
f 2578//3265 2579//3265 2550//3265
f 2548//3266 2580//3266 2547//3266
f 2549//3267 2580//3267 2548//3267
f 2579//3267 2580//3267 2549//3267
f 2547//3268 2581//3268 2546//3268
f 2580//3266 2581//3266 2547//3266
f 2581//3268 2582//3268 2546//3268
f 2546//3269 2583//3269 2545//3269
f 2582//3269 2583//3269 2546//3269
f 2545//3270 2564//3270 2544//3270
f 2583//3270 2564//3270 2545//3270
f 2584//340 2571//340 2585//340
f 2584//331 2572//331 2571//331
f 2584//340 2586//340 2572//340
f 2571//3271 2570//3271 2585//3271
f 2586//3271 2573//3271 2572//3271
f 2570//401 2587//401 2585//401
f 2586//3272 2588//3272 2573//3272
f 2570//353 2569//353 2587//353
f 2588//353 2574//353 2573//353
f 2569//345 2589//345 2587//345
f 2588//320 2590//320 2574//320
f 2569//320 2568//320 2589//320
f 2590//331 2575//331 2574//331
f 2568//345 2591//345 2589//345
f 2590//331 2592//331 2575//331
f 2568//401 2567//401 2591//401
f 2592//353 2576//353 2575//353
f 2567//356 2593//356 2591//356
f 2592//392 2594//392 2576//392
f 2567//353 2566//353 2593//353
f 2594//353 2577//353 2576//353
f 2566//357 2595//3273 2593//357
f 2594//3271 2596//3271 2577//3271
f 2566//320 2565//320 2595//320
f 2596//357 2578//357 2577//357
f 2565//343 2597//343 2595//373
f 2596//378 2598//378 2578//378
f 2565//343 2564//343 2597//343
f 2598//357 2579//357 2578//357
f 2564//3274 2599//3275 2597//3274
f 2598//330 2600//330 2579//330
f 2564//353 2583//353 2599//353
f 2600//434 2580//434 2579//434
f 2583//331 2601//331 2599//400
f 2583//320 2582//320 2601//320
f 2600//401 2602//401 2580//401
f 2580//412 2602//412 2581//412
f 2602//340 2603//340 2581//340
f 2581//3271 2603//3271 2582//3271
f 2582//401 2603//401 2601//401
f 635//3276 2603//3276 643//3276
f 2601//3164 2603//3164 635//3164
f 643//3165 2602//3165 658//3165
f 2603//3165 2602//3165 643//3165
f 658//486 2600//486 664//486
f 2602//486 2600//486 658//486
f 664//3166 2598//3166 675//3166
f 675//3167 2598//3167 676//3167
f 2600//3166 2598//3166 664//3166
f 2598//3167 2596//3167 676//3167
f 676//3277 2594//3277 687//3277
f 687//3278 2594//3278 688//3278
f 2596//3277 2594//3277 676//3277
f 2594//3278 2592//3278 688//3278
f 688//650 2590//650 690//650
f 690//3279 2590//3279 691//3279
f 2592//650 2590//650 688//650
f 691//3280 2588//3280 679//3280
f 2590//3281 2588//3281 691//3281
f 2588//3280 2586//3280 679//3280
f 679//3282 2586//3282 680//3282
f 2586//3283 2584//3283 680//3283
f 680//3284 2585//3284 665//3284
f 2584//3284 2585//3284 680//3284
f 665//653 2587//653 659//653
f 659//3285 2587//3285 644//3285
f 2585//653 2587//653 665//653
f 2587//3285 2589//3285 644//3285
f 644//3286 2591//3286 639//3286
f 2589//3286 2591//3286 644//3286
f 639//3159 2593//3159 634//3159
f 634//3160 2593//3160 631//3160
f 2591//3159 2593//3159 639//3159
f 2593//3160 2595//3160 631//3160
f 631//481 2597//481 630//481
f 2595//481 2597//481 631//481
f 630//3161 2599//3161 633//3161
f 2597//3162 2599//3162 630//3162
f 633//3163 2601//3163 635//3163
f 2599//3163 2601//3163 633//3163
f 2440//3287 2439//3287 2469//3287
f 2469//3287 2439//3287 2493//3287
f 2493//3278 2438//3278 2497//3278
f 2439//3278 2438//3278 2493//3278
f 2497//650 2437//650 2499//650
f 2438//650 2437//650 2497//650
f 2499//3281 2436//3281 2495//3281
f 2437//3279 2436//3279 2499//3279
f 2495//3280 2435//3280 2490//3280
f 2490//3283 2435//3283 2487//3283
f 2436//3280 2435//3280 2495//3280
f 2435//3283 2434//3283 2487//3283
f 2487//3284 2433//3284 2484//3284
f 2484//653 2433//653 2481//653
f 2434//3284 2433//3284 2487//3284
f 2433//653 2432//653 2481//653
f 2481//3285 2430//3285 2478//3285
f 2432//3285 2430//3285 2481//3285
f 2478//3286 2431//3286 2459//3286
f 2430//3288 2431//3288 2478//3288
f 2604//3289 2418//3289 2429//3289
f 2604//3289 2429//3289 2442//3289
f 2605//3290 2442//3290 2444//3290
f 2605//3291 2604//3291 2442//3291
f 2606//3292 2444//3292 2446//3292
f 2606//3293 2605//3293 2444//3293
f 2448//3294 2606//3294 2446//3294
f 2607//3295 2606//3295 2448//3295
f 2608//3296 2448//3296 2450//3296
f 2608//3297 2607//3297 2448//3297
f 2609//3298 2450//3298 2451//3298
f 2609//3299 2608//3299 2450//3299
f 2454//3300 2609//3300 2451//3300
f 2610//3300 2609//3300 2454//3300
f 2611//3301 2454//3301 2455//3301
f 2611//3302 2610//3302 2454//3302
f 2612//3303 2455//3303 2457//3303
f 2612//3303 2611//3303 2455//3303
f 2408//3304 2457//3304 2419//3304
f 2408//3305 2612//3305 2457//3305
f 2404//3306 2402//3306 2418//3306
f 2404//3307 2418//3307 2604//3307
f 2406//3308 2604//3308 2605//3308
f 2406//3309 2404//3309 2604//3309
f 2407//3310 2605//3310 2606//3310
f 2407//3311 2406//3311 2605//3311
f 2405//3312 2606//3312 2607//3312
f 2405//3313 2407//3313 2606//3313
f 2403//3314 2607//3314 2608//3314
f 2403//3315 2405//3315 2607//3315
f 2401//3316 2403//3316 2608//3316
f 2609//3317 2401//3317 2608//3317
f 2399//3318 2401//3318 2609//3318
f 2610//3319 2399//3319 2609//3319
f 2397//3320 2399//3320 2610//3320
f 2611//3321 2397//3321 2610//3321
f 2395//3322 2397//3322 2611//3322
f 2612//3323 2395//3323 2611//3323
f 2393//3324 2395//3324 2612//3324
f 2408//3325 2393//3325 2612//3325
f 2391//3326 2393//3326 2408//3326
f 2089//3327 2093//3327 2253//3327
f 2093//3328 2096//3328 2250//3328
f 2096//3329 2099//3329 2248//3329
f 2120//3330 2233//3330 2235//3330
f 2123//3331 2231//3331 2233//3331
f 2126//3332 2179//3332 2231//3332
f 2126//3333 2181//3333 2179//3333
f 2126//3334 2182//3334 2181//3334
f 2126//3335 2127//3335 2182//3335
f 2176//3336 2613//3336 2253//3336
f 2089//3337 2613//3338 2088//3339
f 2177//3340 2613//3340 2176//3340
f 2178//3341 2613//3341 2177//3341
f 2088//3342 2613//3343 2178//3344
f 2253//3345 2613//3345 2089//3345
f 2253//3346 2614//3346 2250//3346
f 2093//3347 2614//3347 2253//3347
f 2250//3348 2614//3348 2093//3348
f 2250//3349 2615//3350 2248//3351
f 2096//3352 2615//3353 2250//3354
f 2248//3355 2615//3356 2096//3357
f 2248//3358 2616//3358 2246//3358
f 2099//3359 2616//3359 2248//3359
f 2616//3360 2617//3360 2246//3360
f 2100//3361 2618//3361 2099//3361
f 2099//3362 2618//3362 2616//3362
f 2616//3363 2618//3363 2617//3363
f 2246//3364 2619//3364 2244//3364
f 2617//3365 2619//3365 2246//3365
f 2100//3366 2619//3366 2618//3366
f 2618//3367 2619//3367 2617//3367
f 2619//3368 2620//3368 2244//3368
f 2105//3369 2621//3369 2100//3369
f 2619//3370 2621//3370 2620//3370
f 2100//3371 2621//3371 2619//3371
f 2620//3372 2622//3372 2244//3372
f 2244//3373 2622//3373 2243//3373
f 2105//3374 2622//3374 2621//3374
f 2621//3375 2622//3375 2620//3375
f 2622//3376 2623//3376 2243//3376
f 2108//3377 2624//3377 2105//3377
f 2105//3378 2624//3379 2622//3378
f 2622//3380 2624//3380 2623//3380
f 2243//3381 2625//3381 2241//3381
f 2624//3382 2625//3382 2623//3382
f 2108//3383 2625//3383 2624//3383
f 2623//3384 2625//3384 2243//3384
f 2625//3385 2626//3385 2241//3385
f 2625//3386 2627//3386 2626//3386
f 2111//3387 2627//3387 2108//3387
f 2108//3388 2627//3388 2625//3388
f 2626//3389 2628//3389 2241//3389
f 2627//3390 2628//3390 2626//3390
f 2111//3391 2628//3391 2627//3391
f 2241//3392 2628//3392 2238//3392
f 2628//3393 2629//3393 2238//3393
f 2111//3394 2630//3394 2628//3394
f 2628//3395 2630//3395 2629//3395
f 2112//3396 2630//3396 2111//3396
f 2238//3397 2631//3397 2237//3397
f 2629//3398 2631//3398 2238//3398
f 2630//3399 2631//3399 2629//3399
f 2112//3400 2631//3400 2630//3400
f 2631//3401 2632//3401 2237//3401
f 2112//3402 2633//3402 2631//3402
f 2115//3403 2633//3403 2112//3403
f 2631//3404 2633//3404 2632//3404
f 2237//3405 2634//3405 2235//3405
f 2632//3406 2634//3406 2237//3406
f 2633//3407 2634//3407 2632//3407
f 2115//3408 2634//3408 2633//3408
f 2634//3409 2635//3409 2235//3409
f 2235//3410 2635//3410 2120//3410
f 2120//3411 2636//3411 2115//3411
f 2115//3412 2636//3412 2634//3412
f 2635//3413 2636//3413 2120//3413
f 2634//3414 2636//3414 2635//3414
f 2120//3415 2637//3415 2233//3415
f 2233//3416 2637//3416 2123//3416
f 2123//3417 2638//3417 2120//3417
f 2637//3418 2638//3418 2123//3418
f 2120//3419 2638//3419 2637//3419
f 2123//3420 2639//3420 2231//3420
f 2231//3421 2639//3421 2126//3421
f 2126//3422 2640//3422 2123//3422
f 2639//3423 2640//3423 2126//3423
f 2123//3424 2640//3424 2639//3424
f 684//484 701//484 2641//484
f 2642//483 684//483 2641//483
f 2643//667 2644//667 681//667
f 2643//752 681//752 682//752
f 2645//486 682//486 683//486
f 2645//643 2643//643 682//643
f 2642//3425 683//3425 684//3425
f 2642//555 2645//555 683//555
f 2641//394 2646//320 2647//3426
f 2641//3427 2647//3428 2648//3429
f 2649//320 2648//430 2650//320
f 2649//320 2641//385 2648//436
f 2642//320 2649//320 2651//320
f 2642//403 2641//330 2649//320
f 2644//320 2651//320 2652//320
f 2644//320 2642//320 2651//320
f 2643//3430 2645//3431 2642//3432
f 2643//3433 2642//1060 2644//357
f 681//10 2644//10 2652//10
f 681//10 2652//10 677//10
f 2652//3434 2651//3434 677//3434
f 677//3435 2651//3435 685//3435
f 685//517 2649//517 686//517
f 2651//501 2649//501 685//501
f 686//3436 2650//3436 689//3436
f 2649//3436 2650//3436 686//3436
f 2648//479 694//479 689//479
f 2648//479 689//479 2650//479
f 2646//3437 2641//3437 701//3437
f 2646//3438 701//3438 698//3438
f 2647//657 698//657 695//657
f 2647//528 2646//528 698//528
f 2648//1065 695//1065 694//1065
f 2648//624 2647//624 695//624
f 2653//10 625//10 632//10
f 2653//9 632//9 2654//9
f 2655//3439 2656//3439 624//3439
f 2655//3440 624//3440 618//3440
f 2657//3441 618//3441 622//3441
f 2657//3442 2655//3442 618//3442
f 2653//3443 622//3443 625//3443
f 2653//3444 2657//3444 622//3444
f 2654//477 2658//477 2659//477
f 2654//331 2659//331 2660//331
f 2661//357 2660//357 2662//357
f 2661//353 2654//353 2660//353
f 2656//320 2663//320 2664//320
f 2653//345 2661//345 2663//345
f 2653//353 2654//353 2661//353
f 2653//353 2663//353 2656//353
f 2655//384 2657//3445 2653//3445
f 2655//436 2653//3446 2656//3446
f 624//501 2656//501 2664//501
f 624//517 2664//517 629//517
f 2664//3447 2663//3447 629//3447
f 629//3447 2663//3447 640//3447
f 640//575 2661//575 641//575
f 2663//479 2661//479 640//479
f 641//3448 2662//3448 642//3448
f 2661//3448 2662//3448 641//3448
f 2660//483 654//483 642//483
f 2660//483 642//483 2662//483
f 2658//546 2654//546 632//546
f 2658//485 632//485 645//485
f 2659//3449 645//3449 649//3449
f 2659//521 2658//521 645//521
f 2660//3450 649//3450 654//3450
f 2660//3451 2659//3451 649//3451
f 2665//501 646//501 623//501
f 2665//501 623//501 2666//501
f 2667//3452 2668//3452 657//3452
f 2667//3453 657//3453 651//3453
f 2669//510 651//510 647//510
f 2669//510 2667//510 651//510
f 2665//3454 647//3454 646//3454
f 2665//3455 2669//3455 647//3455
f 2666//345 2670//345 2671//345
f 2666//328 2671//328 2672//328
f 2673//320 2672//320 2674//320
f 2673//320 2666//320 2672//320
f 2668//320 2675//320 2676//320
f 2665//320 2673//320 2675//320
f 2665//320 2666//320 2673//320
f 2665//320 2675//320 2668//320
f 2669//332 2668//332 2667//332
f 2669//352 2665//352 2668//352
f 657//479 2668//479 2676//479
f 657//479 2676//479 636//479
f 2676//3456 2675//3456 636//3456
f 636//3457 2675//3457 637//3457
f 637//484 2673//484 638//484
f 2675//3458 2673//3458 637//3458
f 638//3459 2674//3459 627//3459
f 2673//3459 2674//3459 638//3459
f 2672//10 626//10 627//10
f 2672//10 627//10 2674//10
f 2670//3439 2666//3439 623//3439
f 2670//3439 623//3439 617//3439
f 2671//3460 617//3460 620//3460
f 2671//494 2670//494 617//494
f 2672//3443 620//3443 626//3443
f 2672//814 2671//814 620//814
f 604//484 600//484 588//484
f 604//483 588//483 590//483
f 2677//1045 628//1045 2678//1045
f 619//1045 628//1045 2677//1045
f 2678//1046 621//1046 2679//1046
f 628//1046 621//1046 2678//1046
f 2679//1047 616//1047 2680//1047
f 621//1047 616//1047 2679//1047
f 2680//1049 613//1049 2681//1049
f 616//1048 613//1048 2680//1048
f 2682//3461 2683//3462 2684//3463
f 2685//3464 2686//3465 2687//3464
f 2687//3466 2686//3467 2688//3466
f 2678//3468 2689//3469 2677//3470
f 2690//3471 2689//3472 2685//3473
f 2677//3474 2689//3475 2690//3476
f 2685//3477 2689//3478 2686//3479
f 2688//3480 2691//3481 2692//3480
f 2686//3482 2691//3483 2688//3482
f 2679//3484 2693//3485 2678//3486
f 2680//3487 2693//3488 2679//3488
f 2689//3489 2693//3490 2686//3491
f 2686//3492 2693//3493 2691//3494
f 2678//3495 2693//3496 2689//3497
f 2692//3498 2694//3499 2682//3499
f 2691//3500 2694//3500 2692//3501
f 2693//3502 2694//3503 2691//3504
f 2682//3505 2694//3506 2683//3507
f 2681//3508 2695//3509 2680//3510
f 2683//3511 2695//3512 2696//3513
f 2696//3514 2695//3515 2681//3516
f 2680//3517 2695//3518 2693//3518
f 2693//3519 2695//3520 2694//3504
f 2694//3521 2695//3522 2683//3523
f 2697//3524 2698//3525 2681//3526
f 2683//3527 2698//3527 2684//3527
f 2696//3528 2698//3528 2683//3528
f 2681//3529 2698//3530 2696//3531
f 2684//3532 2698//3532 2699//3532
f 2698//3533 2700//3533 2699//3533
f 2701//3534 2702//3534 2697//3534
f 2698//3535 2702//3535 2700//3535
f 2697//3536 2702//3536 2698//3536
f 2699//3537 2703//3537 2704//3537
f 2700//3538 2703//3538 2699//3538
f 2701//3539 2703//3539 2702//3539
f 2702//3540 2703//3540 2700//3540
f 2703//3541 2705//3541 2704//3541
f 2706//3542 2707//3543 2701//3544
f 2701//3545 2707//3546 2703//3547
f 2703//3548 2707//3548 2705//3548
f 2708//3549 2709//3549 2706//3550
f 2704//3551 2709//3551 2710//3551
f 2707//3552 2709//3552 2705//3552
f 2705//3553 2709//3553 2704//3553
f 2706//3554 2709//3555 2707//3556
f 2709//3557 2711//3557 2710//3557
f 2712//3558 2713//3558 2708//3558
f 2708//3559 2713//3559 2709//3559
f 2709//3560 2713//3560 2711//3560
f 2677//3561 2714//3562 2712//3563
f 2710//3564 2714//3564 2687//3564
f 2687//3565 2714//3565 2685//3565
f 2685//3566 2714//3566 2690//3566
f 2690//3567 2714//3568 2677//3569
f 2712//3570 2714//3570 2713//3570
f 2711//3571 2714//3571 2710//3571
f 2713//3572 2714//3572 2711//3572
f 2681//628 613//628 2697//628
f 2697//3573 612//3573 2701//3573
f 613//3574 612//3574 2697//3574
f 2701//482 614//482 2706//482
f 2706//652 614//652 2708//652
f 612//3575 614//3575 2701//3575
f 2708//3576 615//3576 2712//3576
f 614//3577 615//3577 2708//3577
f 2712//507 619//507 2677//507
f 615//3578 619//3578 2712//3578
f 2715//3579 2716//3580 2717//3579
f 2718//3581 2719//3582 2720//3583
f 2720//3584 2719//3585 2721//3586
f 2699//3587 2722//3587 2684//3587
f 2723//3588 2722//3589 2718//3590
f 2684//3591 2722//3591 2723//3591
f 2718//3592 2722//3593 2719//3594
f 2721//3595 2724//3595 2725//3595
f 2719//3596 2724//3596 2721//3596
f 2699//3597 2724//3597 2722//3597
f 2722//3598 2724//3598 2719//3598
f 2724//3599 2726//3599 2725//3599
f 2704//3600 2727//3600 2699//3600
f 2724//3601 2727//3601 2726//3601
f 2699//3602 2727//3602 2724//3602
f 2728//3603 2729//3603 2730//3604
f 2725//3605 2729//3606 2728//3607
f 2726//3608 2729//3609 2725//3610
f 2704//3611 2731//3611 2727//3611
f 2727//3612 2731//3613 2726//3614
f 2726//3615 2731//3616 2729//3617
f 2729//3618 2732//3618 2730//3619
f 2710//3620 2733//3620 2704//3620
f 2704//3621 2733//3621 2731//3621
f 2729//3622 2733//3623 2732//3624
f 2731//3625 2733//3626 2729//3627
f 2730//3628 2734//3628 2715//3628
f 2710//3629 2734//3629 2733//3629
f 2732//3630 2734//3630 2730//3630
f 2733//3631 2734//3631 2732//3631
f 2716//3632 2735//3633 2736//3634
f 2715//3635 2735//3635 2716//3636
f 2734//3637 2735//3637 2715//3637
f 2736//3638 2737//3639 2687//3639
f 2687//3640 2737//3640 2710//3640
f 2735//3641 2737//3642 2736//3643
f 2710//3644 2737//3644 2734//3644
f 2734//3645 2737//3645 2735//3645
f 2738//3646 2739//3646 2740//3646
f 2741//3647 2740//3647 2742//3647
f 2741//3648 2738//3648 2740//3648
f 2743//3646 2744//3646 2739//3646
f 2743//3649 2739//3649 2738//3649
f 2745//3650 2746//3650 2747//3650
f 2745//3651 2742//3651 2746//3651
f 2745//3651 2741//3651 2742//3651
f 2748//3652 2738//3652 2741//3652
f 2748//3653 2743//3653 2738//3653
f 2749//3654 2750//3654 2751//3654
f 2749//3655 2751//3655 2744//3655
f 2749//3648 2743//3648 2748//3648
f 2749//3646 2744//3646 2743//3646
f 2752//3650 2747//3650 2728//3650
f 2752//3651 2741//3651 2745//3651
f 2752//3651 2748//3651 2741//3651
f 2752//3650 2745//3650 2747//3650
f 2753//3656 2715//3656 2717//3656
f 2753//3657 2717//3657 2750//3657
f 2753//3652 2749//3652 2748//3652
f 2753//3658 2750//3658 2749//3658
f 2754//3659 2728//3659 2730//3659
f 2754//3660 2730//3660 2715//3660
f 2754//3661 2715//3661 2753//3661
f 2754//3662 2752//3662 2728//3662
f 2754//3663 2748//3663 2752//3663
f 2754//3651 2753//3651 2748//3651
f 2755//3664 2739//3664 2756//3664
f 2740//3665 2739//3665 2755//3665
f 2757//3666 2740//3666 2755//3666
f 2742//3667 2757//3667 2758//3667
f 2742//3668 2740//3668 2757//3668
f 2759//3669 2742//3669 2758//3669
f 2746//3670 2742//3670 2759//3670
f 2760//3671 2746//3671 2759//3671
f 2747//3672 2760//3672 2761//3672
f 2747//3673 2746//3673 2760//3673
f 2762//3674 2763//3674 2764//3674
f 2765//3675 2763//3675 2766//3675
f 2767//3676 2763//3676 2765//3676
f 2764//3677 2763//3677 2767//3677
f 2766//3678 2763//3678 2768//3678
f 2763//3679 2769//3679 2768//3679
f 2770//3680 2771//3680 2762//3680
f 2763//3681 2771//3681 2769//3681
f 2762//3682 2771//3682 2763//3682
f 2761//3683 2772//3683 2770//3683
f 2768//3684 2772//3684 2773//3684
f 2770//3685 2772//3685 2771//3685
f 2771//3686 2772//3686 2769//3686
f 2769//3687 2772//3687 2768//3687
f 2772//3688 2774//3688 2773//3688
f 2760//3689 2775//3689 2761//3689
f 2761//3690 2775//3690 2772//3690
f 2772//3691 2775//3691 2774//3691
f 2758//3692 2776//3692 2759//3692
f 2759//3693 2776//3693 2760//3694
f 2773//3695 2776//3695 2777//3695
f 2777//3696 2776//3696 2778//3696
f 2778//3697 2776//3697 2779//3697
f 2779//3698 2776//3698 2758//3698
f 2774//3699 2776//3699 2773//3699
f 2760//3700 2776//3700 2775//3700
f 2775//3701 2776//3701 2774//3701
f 2770//3702 2747//3702 2761//3702
f 2780//3703 2747//3703 2770//3703
f 2762//3704 2780//3704 2770//3704
f 2781//3705 2762//3705 2764//3705
f 2781//3706 2780//3706 2762//3706
f 2782//3707 2781//3707 2764//3707
f 2783//3708 2781//3708 2782//3708
f 2784//3709 2783//3709 2782//3709
f 2739//3710 2784//3710 2756//3710
f 2739//3711 2783//3711 2784//3711
f 2785//3712 2747//3712 2780//3712
f 2786//3713 2780//3713 2781//3713
f 2786//3714 2785//3714 2780//3714
f 2787//3712 2728//3712 2747//3712
f 2787//3712 2747//3712 2785//3712
f 2788//3715 2783//3715 2739//3715
f 2788//3716 2781//3716 2783//3716
f 2788//3717 2786//3717 2781//3717
f 2789//3714 2785//3714 2786//3714
f 2789//3714 2787//3714 2785//3714
f 2790//3718 2721//3718 2725//3718
f 2790//3719 2725//3719 2728//3719
f 2790//3712 2728//3712 2787//3712
f 2791//3715 2739//3715 2744//3715
f 2791//3716 2786//3716 2788//3716
f 2791//3716 2789//3716 2786//3716
f 2791//3715 2788//3715 2739//3715
f 2792//3720 2793//3720 2720//3720
f 2792//3721 2720//3721 2721//3721
f 2792//3714 2787//3714 2789//3714
f 2792//3722 2721//3722 2790//3722
f 2792//3713 2790//3713 2787//3713
f 2794//3723 2744//3723 2795//3723
f 2794//3724 2795//3724 2793//3724
f 2794//3725 2793//3725 2792//3725
f 2794//3715 2791//3715 2744//3715
f 2794//3726 2789//3726 2791//3726
f 2794//3717 2792//3717 2789//3717
f 2793//3727 2718//3727 2720//3727
f 2716//3728 2796//3729 2717//3730
f 2717//3731 2796//3732 2750//3733
f 2688//3734 2797//3734 2687//3734
f 2736//3735 2797//3736 2716//3737
f 2687//3738 2797//3738 2736//3738
f 2716//3739 2797//3740 2796//3741
f 2750//3742 2798//3742 2751//3742
f 2796//3743 2798//3743 2750//3743
f 2688//3744 2798//3744 2797//3744
f 2797//3745 2798//3745 2796//3745
f 2798//3746 2799//3746 2751//3746
f 2692//3747 2800//3747 2688//3747
f 2798//3748 2800//3748 2799//3748
f 2688//3749 2800//3749 2798//3749
f 2751//3750 2801//3750 2744//3750
f 2799//3751 2801//3751 2751//3751
f 2800//3752 2801//3753 2799//3754
f 2692//3755 2802//3755 2800//3755
f 2800//3756 2802//3757 2801//3758
f 2744//3759 2803//3760 2795//3759
f 2801//3761 2803//3762 2744//3761
f 2682//3763 2804//3763 2692//3763
f 2692//3764 2804//3764 2802//3764
f 2802//3765 2804//3766 2801//3767
f 2801//3768 2804//3769 2803//3770
f 2795//3771 2805//3771 2793//3771
f 2682//3772 2805//3772 2804//3772
f 2804//3773 2805//3773 2803//3773
f 2803//3774 2805//3774 2795//3774
f 2805//3775 2806//3775 2793//3775
f 2793//3776 2806//3776 2718//3776
f 2718//3777 2807//3778 2723//3777
f 2723//3779 2807//3779 2684//3779
f 2684//3780 2807//3780 2682//3780
f 2806//3781 2807//3782 2718//3781
f 2682//3783 2807//3783 2805//3783
f 2805//3784 2807//3784 2806//3784
f 2757//3785 2808//3786 2758//3787
f 2778//3788 2808//3788 2777//3788
f 2779//3789 2808//3789 2778//3789
f 2758//3790 2808//3791 2779//3792
f 2777//3793 2808//3793 2809//3793
f 2808//3794 2810//3794 2809//3794
f 2755//3795 2811//3795 2757//3795
f 2757//3796 2811//3796 2808//3796
f 2808//3797 2811//3797 2810//3797
f 2756//3798 2812//3799 2755//3800
f 2809//3801 2812//3801 2813//3801
f 2755//3802 2812//3803 2811//3804
f 2811//3805 2812//3805 2810//3805
f 2810//3806 2812//3806 2809//3806
f 2812//3807 2814//3807 2813//3807
f 2784//3808 2815//3808 2756//3808
f 2756//3809 2815//3809 2812//3809
f 2812//3810 2815//3810 2814//3810
f 2813//3811 2816//3811 2766//3811
f 2766//3812 2816//3812 2765//3812
f 2765//3813 2816//3813 2767//3813
f 2767//3814 2816//3814 2764//3814
f 2764//3815 2816//3815 2782//3815
f 2782//3816 2816//3816 2784//3816
f 2814//3817 2816//3817 2813//3817
f 2784//3818 2816//3818 2815//3818
f 2815//3819 2816//3819 2814//3819
f 2817//3820 2818//3820 2819//3820
f 2819//3821 2818//3821 2820//3821
f 2809//3822 2821//3822 2777//3822
f 2822//3823 2821//3823 2817//3823
f 2777//3824 2821//3824 2822//3824
f 2817//3825 2821//3825 2818//3825
f 2820//3826 2823//3826 2824//3826
f 2818//3827 2823//3827 2820//3827
f 2809//3828 2825//3828 2821//3828
f 2818//3829 2825//3829 2823//3829
f 2821//3830 2825//3830 2818//3830
f 2824//3831 2826//3831 2827//3831
f 2823//3832 2826//3832 2824//3832
f 2813//3833 2828//3833 2809//3833
f 2825//3834 2828//3834 2823//3834
f 2823//3835 2828//3835 2826//3835
f 2809//3836 2828//3836 2825//3836
f 2827//3837 2829//3837 2830//3837
f 2826//3838 2829//3838 2827//3838
f 2828//3839 2831//3839 2826//3839
f 2813//3840 2831//3840 2828//3840
f 2826//3841 2831//3841 2829//3841
f 2830//3842 2832//3842 2833//3842
f 2833//3843 2832//3843 2834//3843
f 2834//3844 2832//3844 2835//3844
f 2829//3845 2832//3845 2830//3845
f 2835//3846 2836//3846 2837//3846
f 2837//3847 2836//3847 2766//3847
f 2766//3848 2836//3848 2813//3848
f 2832//3849 2836//3849 2835//3849
f 2813//3850 2836//3850 2831//3850
f 2831//3851 2836//3851 2829//3851
f 2829//3852 2836//3852 2832//3852
f 2838//652 2827//652 2830//652
f 2839//653 2830//653 2833//653
f 2839//507 2833//507 2834//507
f 2839//3853 2838//3853 2830//3853
f 2840//649 2834//649 2841//649
f 2840//650 2841//650 2842//650
f 2840//3854 2839//3854 2834//3854
f 2843//651 2842//651 2844//651
f 2843//3855 2840//3855 2842//3855
f 2840//3856 2843//3856 2845//3856
f 2840//3857 2845//3857 2846//3857
f 2839//3858 2846//3858 2847//3858
f 2839//3859 2840//3859 2846//3859
f 2838//3860 2847//3860 2848//3860
f 2838//3861 2839//3861 2847//3861
f 2847//320 2849//320 2848//320
f 2846//320 2845//320 2850//320
f 2846//320 2850//320 2849//320
f 2846//320 2849//320 2847//320
f 2851//3862 2838//3862 2848//3862
f 2851//3863 2848//3863 2849//3863
f 2852//3864 2849//3864 2850//3864
f 2852//3865 2851//3865 2849//3865
f 2843//3866 2850//3866 2845//3866
f 2843//3867 2852//3867 2850//3867
f 2843//485 2844//485 2853//485
f 2852//486 2853//486 2854//486
f 2852//487 2854//487 2819//487
f 2852//3868 2843//3868 2853//3868
f 2851//480 2819//480 2820//480
f 2851//481 2820//481 2824//481
f 2851//3869 2852//3869 2819//3869
f 2838//482 2824//482 2827//482
f 2838//3870 2851//3870 2824//3870
f 2835//3871 2855//3871 2834//3871
f 2834//3872 2855//3872 2841//3872
f 2768//3873 2856//3873 2766//3873
f 2837//3874 2856//3874 2835//3874
f 2766//3875 2856//3875 2837//3875
f 2835//3876 2856//3876 2855//3876
f 2841//3877 2857//3877 2842//3877
f 2855//3878 2857//3878 2841//3878
f 2768//3879 2858//3879 2856//3879
f 2855//3880 2858//3880 2857//3880
f 2856//3881 2858//3881 2855//3881
f 2842//3882 2859//3882 2844//3882
f 2857//3883 2859//3883 2842//3883
f 2773//3884 2860//3884 2768//3884
f 2858//3885 2860//3885 2857//3885
f 2857//3886 2860//3886 2859//3886
f 2768//3887 2860//3887 2858//3887
f 2844//3888 2861//3888 2853//3888
f 2859//3889 2861//3889 2844//3889
f 2860//3890 2862//3890 2859//3890
f 2773//3891 2862//3891 2860//3891
f 2859//3892 2862//3892 2861//3892
f 2853//3893 2863//3893 2854//3893
f 2854//3894 2863//3894 2819//3894
f 2819//3895 2863//3895 2817//3895
f 2861//3896 2863//3896 2853//3896
f 2817//3897 2864//3897 2822//3897
f 2822//3898 2864//3898 2777//3898
f 2777//3899 2864//3899 2773//3899
f 2863//3900 2864//3900 2817//3900
f 2773//3901 2864//3901 2862//3901
f 2862//3902 2864//3902 2861//3902
f 2861//3903 2864//3903 2863//3903
f 2865//649 666//649 2866//649
f 2866//3904 672//3904 2867//3904
f 666//3905 672//3905 2866//3905
f 2867//651 678//651 2868//651
f 2868//485 678//485 2869//485
f 672//3906 678//3906 2867//3906
f 2869//3907 660//3907 2870//3907
f 678//3908 660//3908 2869//3908
f 2870//487 653//487 2871//487
f 660//3909 653//3909 2870//3909
f 2872//3910 2873//3911 2874//3912
f 2875//3913 2873//3913 2876//3913
f 2877//3914 2873//3914 2875//3914
f 2874//3554 2873//3915 2877//3916
f 2876//3917 2873//3917 2878//3917
f 2873//3918 2879//3918 2878//3918
f 2880//3919 2881//3919 2872//3919
f 2873//3920 2881//3920 2879//3920
f 2872//3921 2881//3921 2873//3921
f 2878//3922 2882//3922 2883//3922
f 2879//3923 2882//3923 2878//3923
f 2880//3924 2882//3924 2881//3924
f 2881//3925 2882//3925 2879//3925
f 2882//3926 2884//3927 2883//3927
f 2865//3928 2885//3929 2880//3930
f 2880//3931 2885//3932 2882//3933
f 2882//3934 2885//3934 2884//3934
f 2866//3935 2886//3936 2865//3937
f 2883//3938 2886//3938 2887//3938
f 2885//3939 2886//3939 2884//3939
f 2884//3940 2886//3940 2883//3940
f 2865//3941 2886//3942 2885//3943
f 2886//3944 2888//3944 2887//3944
f 2867//3945 2889//3945 2866//3945
f 2866//3946 2889//3946 2886//3946
f 2886//3947 2889//3947 2888//3947
f 2868//3948 2890//3949 2867//3950
f 2887//3951 2890//3951 2891//3951
f 2891//3952 2890//3952 2892//3952
f 2892//3953 2890//3953 2893//3953
f 2893//3954 2890//3955 2868//3956
f 2867//3957 2890//3957 2889//3957
f 2888//3958 2890//3958 2887//3958
f 2889//3959 2890//3959 2888//3959
f 2871//480 653//480 2894//480
f 2894//3573 648//3573 2895//3573
f 653//3574 648//3574 2894//3574
f 2895//482 652//482 2874//482
f 2874//652 652//652 2872//652
f 648//3960 652//3960 2895//3960
f 2872//3576 661//3576 2880//3576
f 652//3577 661//3577 2872//3577
f 2880//507 666//507 2865//507
f 661//3578 666//3578 2880//3578
f 2869//3961 2896//3962 2868//3963
f 2892//3964 2896//3964 2891//3964
f 2893//3965 2896//3965 2892//3965
f 2868//3966 2896//3967 2893//3968
f 2891//3969 2896//3969 2897//3969
f 2896//3970 2898//3970 2897//3970
f 2870//3971 2899//3971 2869//3971
f 2896//3972 2899//3972 2898//3972
f 2869//3973 2899//3973 2896//3973
f 2897//3974 2900//3974 2901//3974
f 2898//3975 2900//3975 2897//3975
f 2870//3976 2900//3976 2899//3976
f 2899//3977 2900//3977 2898//3977
f 2900//3978 2902//3978 2901//3978
f 2871//3979 2903//3979 2870//3979
f 2870//3980 2903//3980 2900//3980
f 2900//3981 2903//3981 2902//3981
f 2894//3982 2904//3983 2871//3984
f 2901//3985 2904//3985 2905//3985
f 2903//3986 2904//3986 2902//3986
f 2902//3987 2904//3987 2901//3987
f 2871//3988 2904//3989 2903//3990
f 2904//3991 2906//3991 2905//3991
f 2895//3534 2907//3534 2894//3534
f 2894//3992 2907//3992 2904//3992
f 2904//3993 2907//3993 2906//3993
f 2874//3994 2908//3995 2895//3996
f 2905//3997 2908//3997 2876//3997
f 2876//3998 2908//3998 2875//3998
f 2875//3999 2908//3999 2877//3999
f 2877//4000 2908//4001 2874//4002
f 2895//4003 2908//4003 2907//4003
f 2906//4004 2908//4004 2905//4004
f 2907//4005 2908//4005 2906//4005
f 2909//4006 2910//4006 2911//4006
f 2912//4007 2913//4007 2914//4007
f 2914//4008 2913//4008 2915//4008
f 2897//4009 2916//4009 2891//4009
f 2917//4010 2916//4011 2912//4012
f 2891//4013 2916//4013 2917//4013
f 2912//4014 2916//4015 2913//4016
f 2915//4017 2918//4017 2919//4017
f 2913//4018 2918//4018 2915//4018
f 2897//4019 2918//4019 2916//4019
f 2916//4020 2918//4020 2913//4020
f 2918//4021 2920//4021 2919//4021
f 2901//4022 2921//4022 2897//4022
f 2918//4023 2921//4023 2920//4023
f 2897//4024 2921//4024 2918//4024
f 2922//4025 2923//4025 2924//4026
f 2919//4027 2923//4028 2922//4029
f 2920//4030 2923//4031 2919//4032
f 2901//4033 2925//4033 2921//4033
f 2921//4034 2925//4035 2920//4036
f 2920//4037 2925//4038 2923//4039
f 2923//4040 2926//4041 2924//4042
f 2905//4043 2927//4043 2901//4043
f 2901//4044 2927//4044 2925//4044
f 2923//4045 2927//4045 2926//4045
f 2925//4046 2927//4046 2923//4046
f 2924//4047 2928//4047 2909//4047
f 2905//4048 2928//4048 2927//4048
f 2926//4049 2928//4049 2924//4049
f 2927//4050 2928//4050 2926//4050
f 2909//4051 2929//4051 2910//4051
f 2928//4052 2929//4052 2909//4052
f 2910//4053 2930//4054 2931//4055
f 2931//4056 2930//4056 2876//4056
f 2876//4057 2930//4057 2905//4057
f 2929//4058 2930//4059 2910//4060
f 2905//4061 2930//4061 2928//4061
f 2928//4062 2930//4062 2929//4062
f 2932//3663 2933//3663 2934//3663
f 2935//3650 2934//3650 2936//3650
f 2935//3650 2932//3650 2934//3650
f 2937//3651 2938//3651 2933//3651
f 2937//3651 2933//3651 2932//3651
f 2939//3714 2940//3714 2941//3714
f 2939//3712 2936//3712 2940//3712
f 2939//3712 2935//3712 2936//3712
f 2942//3650 2932//3650 2935//3650
f 2942//3712 2935//3712 2939//3712
f 2942//3650 2937//3650 2932//3650
f 2943//3660 2944//3660 2945//3660
f 2943//4063 2945//4063 2938//4063
f 2943//3651 2938//3651 2937//3651
f 2946//3714 2941//3714 2922//3714
f 2946//3712 2942//3712 2939//3712
f 2946//3713 2939//3713 2941//3713
f 2947//4064 2909//4064 2911//4064
f 2947//4065 2911//4065 2944//4065
f 2947//3650 2937//3650 2942//3650
f 2947//4066 2944//4066 2943//4066
f 2947//3650 2943//3650 2937//3650
f 2948//4067 2922//4067 2924//4067
f 2948//3718 2924//3718 2909//3718
f 2948//4068 2946//4068 2922//4068
f 2948//4069 2909//4069 2947//4069
f 2948//3712 2942//3712 2946//3712
f 2948//3712 2947//3712 2942//3712
f 2949//4070 2933//4070 2950//4070
f 2934//4071 2933//4071 2949//4071
f 2951//3671 2934//3671 2949//3671
f 2936//4072 2951//4072 2952//4072
f 2936//4073 2934//4073 2951//4073
f 2953//4074 2936//4074 2952//4074
f 2940//4075 2936//4075 2953//4075
f 2954//4076 2940//4076 2953//4076
f 2941//4077 2954//4077 2955//4077
f 2941//4078 2940//4078 2954//4078
f 2956//4079 2957//4079 2958//4079
f 2959//4080 2957//4080 2960//4080
f 2961//4081 2957//4081 2959//4081
f 2958//4082 2957//4082 2961//4082
f 2960//4083 2957//4083 2962//4083
f 2957//4084 2963//4084 2962//4084
f 2964//3818 2965//3818 2956//3818
f 2957//4085 2965//4085 2963//4085
f 2956//4086 2965//4086 2957//4086
f 2955//4087 2966//4087 2964//4087
f 2962//4088 2966//4088 2967//4088
f 2964//4089 2966//4089 2965//4089
f 2965//4090 2966//4090 2963//4090
f 2963//4091 2966//4091 2962//4091
f 2966//4092 2968//4092 2967//4092
f 2954//4093 2969//4093 2955//4093
f 2955//4094 2969//4094 2966//4094
f 2966//4095 2969//4095 2968//4095
f 2952//4096 2970//4096 2953//4096
f 2953//4097 2970//4097 2954//4097
f 2967//4098 2970//4098 2971//4098
f 2971//4099 2970//4099 2972//4099
f 2972//4100 2970//4100 2973//4100
f 2973//4101 2970//4101 2952//4101
f 2968//4102 2970//4102 2967//4102
f 2954//4103 2970//4103 2969//4103
f 2969//4104 2970//4104 2968//4104
f 2964//4105 2941//4105 2955//4105
f 2974//4106 2941//4106 2964//4106
f 2956//4107 2974//4107 2964//4107
f 2975//4108 2956//4108 2958//4108
f 2975//4109 2974//4109 2956//4109
f 2976//4110 2975//4110 2958//4110
f 2977//4111 2975//4111 2976//4111
f 2978//3666 2977//3666 2976//3666
f 2933//4112 2978//4112 2950//4112
f 2933//3668 2977//3668 2978//3668
f 2979//3717 2941//3717 2974//3717
f 2980//3715 2974//3715 2975//3715
f 2980//3715 2979//3715 2974//3715
f 2981//3717 2922//3717 2941//3717
f 2981//3726 2941//3726 2979//3726
f 2982//3647 2977//3647 2933//3647
f 2982//3649 2975//3649 2977//3649
f 2982//3646 2980//3646 2975//3646
f 2983//3715 2979//3715 2980//3715
f 2983//3715 2981//3715 2979//3715
f 2984//4113 2915//4113 2919//4113
f 2984//4114 2919//4114 2922//4114
f 2984//3715 2981//3715 2983//3715
f 2984//3716 2922//3716 2981//3716
f 2985//4115 2933//4115 2938//4115
f 2985//3646 2980//3646 2982//3646
f 2985//3649 2983//3649 2980//3649
f 2985//4116 2982//4116 2933//4116
f 2986//4117 2987//4117 2914//4117
f 2986//4118 2914//4118 2915//4118
f 2986//3715 2984//3715 2983//3715
f 2986//4119 2915//4119 2984//4119
f 2988//4120 2938//4120 2989//4120
f 2988//3654 2989//3654 2987//3654
f 2988//4121 2987//4121 2986//4121
f 2988//3653 2985//3653 2938//3653
f 2988//3649 2983//3649 2985//3649
f 2988//3649 2986//3649 2983//3649
f 2987//4122 2912//4123 2914//4124
f 2910//4125 2990//4125 2911//4125
f 2911//4126 2990//4126 2944//4126
f 2878//4127 2991//4127 2876//4127
f 2931//4128 2991//4129 2910//4130
f 2876//4131 2991//4131 2931//4131
f 2910//4132 2991//4133 2990//4134
f 2944//4135 2992//4135 2945//4135
f 2990//4136 2992//4136 2944//4136
f 2878//4137 2992//4138 2991//4137
f 2991//4139 2992//4139 2990//4139
f 2992//4140 2993//4140 2945//4140
f 2883//4141 2994//4141 2878//4141
f 2992//4142 2994//4142 2993//4142
f 2878//4143 2994//4143 2992//4143
f 2938//4144 2995//4145 2989//4146
f 2945//4147 2995//4148 2938//4149
f 2993//4150 2995//4151 2945//4152
f 2883//4153 2996//4153 2994//4153
f 2994//4154 2996//4155 2993//4156
f 2993//4157 2996//4156 2995//4158
f 2995//4159 2997//4160 2989//4161
f 2887//4162 2998//4162 2883//4162
f 2883//4163 2998//4163 2996//4163
f 2995//4164 2998//4165 2997//4166
f 2996//4167 2998//4168 2995//4169
f 2989//4170 2999//4170 2987//4170
f 2887//4171 2999//4171 2998//4171
f 2997//4172 2999//4172 2989//4172
f 2998//4173 2999//4173 2997//4173
f 2912//4174 3000//4175 2917//4176
f 2987//4177 3000//4178 2912//4179
f 2999//4180 3000//4180 2987//4180
f 2917//4181 3001//4181 2891//4181
f 2891//4182 3001//4182 2887//4182
f 3000//4183 3001//4184 2917//4185
f 2887//4186 3001//4186 2999//4186
f 2999//4187 3001//4187 3000//4187
f 2951//4188 3002//4188 2952//4188
f 2972//4189 3002//4189 2971//4189
f 2973//4190 3002//4190 2972//4190
f 2952//4191 3002//4191 2973//4191
f 2971//4192 3002//4192 3003//4192
f 3002//4193 3004//4193 3003//4193
f 2950//4194 3005//4194 2949//4194
f 2949//4195 3005//4195 2951//4195
f 2951//4196 3005//4196 3002//4196
f 3002//4197 3005//4197 3004//4197
f 3003//4198 3006//4198 3007//4198
f 3005//4199 3006//4199 3004//4199
f 2950//4200 3006//4200 3005//4200
f 3004//4201 3006//4201 3003//4201
f 3006//4202 3008//4202 3007//4202
f 2978//4203 3009//4203 2950//4204
f 3006//4205 3009//4205 3008//4205
f 2950//4206 3009//4206 3006//4206
f 3007//4207 3010//4207 2960//4207
f 2960//4208 3010//4208 2959//4208
f 2959//4209 3010//4209 2961//4209
f 2961//4210 3010//4210 2958//4210
f 2958//4211 3010//4211 2976//4211
f 2976//4212 3010//4213 2978//4212
f 2978//4214 3010//4215 3009//4214
f 3008//4216 3010//4216 3007//4216
f 3009//4217 3010//4217 3008//4217
f 3011//4218 3012//4218 3013//4218
f 3013//4219 3012//4219 3014//4219
f 3003//4220 3015//4220 2971//4220
f 3016//3890 3015//3890 3011//3890
f 2971//4221 3015//4221 3016//4221
f 3011//4222 3015//4222 3012//4222
f 3014//4223 3017//4223 3018//4223
f 3012//4224 3017//4224 3014//4224
f 3003//4225 3019//4225 3015//4225
f 3012//4226 3019//4226 3017//4226
f 3015//4227 3019//4227 3012//4227
f 3018//4228 3020//4228 3021//4228
f 3017//4228 3020//4228 3018//4228
f 3007//4229 3022//4229 3003//4229
f 3019//4230 3022//4230 3017//4230
f 3017//4231 3022//4231 3020//4231
f 3003//4232 3022//4232 3019//4232
f 3021//4233 3023//4233 3024//4233
f 3020//4234 3023//4234 3021//4234
f 3022//4235 3025//4236 3020//4237
f 3007//4238 3025//4238 3022//4238
f 3020//4239 3025//4240 3023//4241
f 3024//4242 3026//4243 3027//4243
f 3027//4244 3026//4244 3028//4244
f 3028//4245 3026//4245 3029//4245
f 3023//4246 3026//4246 3024//4246
f 3029//4247 3030//4247 3031//4247
f 3031//4248 3030//4248 2960//4248
f 2960//4249 3030//4249 3007//4249
f 3026//4250 3030//4250 3029//4250
f 3007//4251 3030//4251 3025//4251
f 3025//4252 3030//4252 3023//4252
f 3023//4253 3030//4253 3026//4253
f 3032//480 3021//480 3024//480
f 3033//657 3024//657 3027//657
f 3033//482 3027//482 3028//482
f 3033//4254 3032//4254 3024//4254
f 3034//652 3028//652 3035//652
f 3034//653 3035//653 3036//653
f 3034//4255 3033//4255 3028//4255
f 3037//507 3036//507 3038//507
f 3037//4256 3034//4256 3036//4256
f 3034//4257 3037//4257 3039//4257
f 3034//4258 3039//4258 3040//4258
f 3033//4259 3040//4259 3041//4259
f 3033//4260 3034//4260 3040//4260
f 3032//4261 3041//4261 3042//4261
f 3032//4261 3033//4261 3041//4261
f 3040//353 3042//353 3041//353
f 3040//320 3039//320 3043//320
f 3040//402 3043//402 3044//402
f 3040//320 3044//320 3042//320
f 3045//4262 3032//4262 3042//4262
f 3045//4263 3042//4263 3044//4263
f 3046//4264 3044//4264 3043//4264
f 3046//4265 3045//4265 3044//4265
f 3037//4266 3043//4266 3039//4266
f 3037//4266 3046//4266 3043//4266
f 3037//649 3038//649 3047//649
f 3046//650 3047//650 3048//650
f 3046//651 3048//651 3013//651
f 3046//4267 3037//4267 3047//4267
f 3045//485 3013//485 3014//485
f 3045//486 3014//486 3018//486
f 3045//4268 3046//4268 3013//4268
f 3032//487 3018//487 3021//487
f 3032//4269 3045//4269 3018//4269
f 3029//4270 3049//4270 3028//4270
f 3028//4271 3049//4271 3035//4271
f 2962//4272 3050//4272 2960//4272
f 3031//4273 3050//4273 3029//4273
f 2960//4274 3050//4274 3031//4274
f 3029//3841 3050//3841 3049//3841
f 3035//4275 3051//4275 3036//4275
f 3036//4276 3051//4276 3038//4276
f 3049//4277 3051//4277 3035//4277
f 2962//4278 3052//4278 3050//4278
f 3049//4279 3052//4279 3051//4279
f 3050//4280 3052//4280 3049//4280
f 3051//4281 3053//4281 3038//4281
f 2967//4282 3054//4282 2962//4282
f 3052//4283 3054//4284 3051//4285
f 3051//4286 3054//4287 3053//4288
f 2962//4289 3054//4289 3052//4289
f 3038//4290 3055//4290 3047//4290
f 3047//4291 3055//4291 3048//4291
f 3053//4292 3055//4292 3038//4292
f 2967//4293 3056//4293 3054//4293
f 3053//4294 3056//4294 3055//4294
f 3054//3874 3056//3874 3053//3874
f 3048//4295 3057//4295 3013//4295
f 3013//4296 3057//4296 3011//4296
f 3055//3877 3057//3877 3048//3877
f 3011//4297 3058//4298 3016//4298
f 3016//4299 3058//4299 2971//4299
f 2971//4300 3058//4300 2967//4300
f 2967//4301 3058//4301 3056//4301
f 3057//4302 3058//4302 3011//4303
f 3056//4304 3058//4304 3055//4304
f 3055//4305 3058//4305 3057//4305
f 3059//1045 668//1045 3060//1045
f 674//1045 668//1045 3059//1045
f 3060//1046 667//1046 3061//1046
f 668//1046 667//1046 3060//1046
f 3061//1047 663//1047 3062//1047
f 667//1047 663//1047 3061//1047
f 3062//1049 655//1049 3063//1049
f 663//1048 655//1048 3062//1048
f 3064//4306 3065//4307 3066//4308
f 3067//4309 3068//4310 3069//4311
f 3069//4312 3068//4313 3070//4314
f 3060//4315 3071//4316 3059//4317
f 3061//4318 3071//4319 3060//4320
f 3072//4321 3071//4322 3067//4323
f 3059//4324 3071//4325 3072//4326
f 3067//4327 3071//4327 3068//4328
f 3070//4329 3073//4330 3074//4331
f 3068//4332 3073//4333 3070//4334
f 3062//4335 3075//4336 3061//4337
f 3071//4338 3075//4339 3068//4340
f 3068//4341 3075//4342 3073//4343
f 3061//4344 3075//4345 3071//4346
f 3074//4347 3076//4347 3064//4347
f 3073//4348 3076//4348 3074//4348
f 3064//4349 3076//4350 3065//4351
f 3063//4352 3077//4353 3062//4354
f 3065//4355 3077//4356 3078//4357
f 3078//4358 3077//4359 3063//4360
f 3076//4361 3077//4362 3065//4362
f 3062//4363 3077//4364 3075//4365
f 3075//4366 3077//4366 3073//4366
f 3073//4367 3077//4367 3076//4367
f 3079//4368 3080//4369 3063//4370
f 3065//4371 3080//4371 3066//4371
f 3078//4372 3080//4372 3065//4372
f 3063//4373 3080//4374 3078//4375
f 3066//4376 3080//4376 3081//4376
f 3080//4377 3082//4377 3081//4377
f 3083//4378 3084//4378 3079//4378
f 3080//4379 3084//4379 3082//4379
f 3079//4380 3084//4380 3080//4380
f 3081//4381 3085//4381 3086//4381
f 3082//4382 3085//4382 3081//4382
f 3083//4383 3085//4383 3084//4383
f 3084//4384 3085//4384 3082//4384
f 3085//4385 3087//4385 3086//4385
f 3088//4386 3089//4387 3083//4388
f 3083//4389 3089//4390 3085//4391
f 3085//4392 3089//4392 3087//4392
f 3090//4393 3091//4394 3088//4395
f 3086//3917 3091//3917 3092//3917
f 3089//4396 3091//4396 3087//4396
f 3087//4397 3091//4397 3086//4397
f 3088//4398 3091//4399 3089//4400
f 3091//4401 3093//4401 3092//4401
f 3094//4402 3095//4402 3090//4402
f 3090//4403 3095//4403 3091//4403
f 3091//4404 3095//4404 3093//4404
f 3059//4405 3096//4405 3094//4405
f 3092//4406 3096//4406 3069//4406
f 3069//4407 3096//4407 3067//4407
f 3067//4408 3096//4408 3072//4408
f 3072//4409 3096//4409 3059//4409
f 3094//4410 3096//4411 3095//4410
f 3093//4412 3096//4412 3092//4412
f 3095//4413 3096//4413 3093//4413
f 3063//480 655//480 3079//480
f 3079//3573 650//3573 3083//3573
f 655//3574 650//3574 3079//3574
f 3083//482 656//482 3088//482
f 3088//652 656//652 3090//652
f 650//3575 656//3575 3083//3575
f 3090//3576 662//3576 3094//3576
f 656//3577 662//3577 3090//3577
f 3094//507 674//507 3059//507
f 662//3578 674//3578 3094//3578
f 3097//4414 3098//4414 3099//4414
f 3100//4415 3101//4416 3102//4417
f 3102//4418 3101//4419 3103//4420
f 3081//4421 3104//4421 3066//4421
f 3105//4422 3104//4423 3100//4424
f 3066//4425 3104//4425 3105//4425
f 3100//4426 3104//4427 3101//4428
f 3103//3595 3106//3595 3107//3595
f 3101//4429 3106//4429 3103//4429
f 3081//4430 3106//4430 3104//4430
f 3104//4431 3106//4431 3101//4431
f 3106//4432 3108//4432 3107//4432
f 3086//4433 3109//4433 3081//4433
f 3106//4434 3109//4434 3108//4434
f 3081//4435 3109//4435 3106//4435
f 3107//4436 3110//4437 3111//4438
f 3108//4439 3110//4440 3107//4441
f 3086//4442 3112//4442 3109//4442
f 3109//4443 3112//4444 3108//4445
f 3108//4446 3112//4445 3110//4447
f 3111//4448 3113//4449 3114//4449
f 3110//4450 3113//4450 3111//4451
f 3092//4127 3115//4127 3086//4127
f 3110//4452 3115//4453 3113//4454
f 3086//4455 3115//4455 3112//4455
f 3112//4456 3115//4457 3110//4458
f 3114//4459 3116//4459 3097//4459
f 3113//4460 3116//4460 3114//4460
f 3092//4461 3116//4461 3115//4461
f 3115//4462 3116//4462 3113//4462
f 3116//4463 3117//4463 3097//4463
f 3097//4464 3117//4464 3098//4465
f 3098//4466 3118//4467 3119//4468
f 3119//4469 3118//4469 3069//4469
f 3069//4470 3118//4470 3092//4470
f 3117//4471 3118//4472 3098//4473
f 3092//4474 3118//4474 3116//4474
f 3116//4475 3118//4475 3117//4475
f 3120//3649 3121//3649 3122//3649
f 3123//3648 3122//3648 3124//3648
f 3123//3647 3120//3647 3122//3647
f 3125//3646 3126//3646 3121//3646
f 3125//4476 3121//4476 3120//4476
f 3127//3650 3128//3650 3129//3650
f 3127//3651 3124//3651 3128//3651
f 3127//3651 3123//3651 3124//3651
f 3130//3647 3120//3647 3123//3647
f 3130//4115 3125//4115 3120//4115
f 3131//3654 3132//3654 3133//3654
f 3131//3655 3133//3655 3126//3655
f 3131//3646 3126//3646 3125//3646
f 3134//3650 3129//3650 3111//3650
f 3134//3663 3123//3663 3127//3663
f 3134//3651 3130//3651 3123//3651
f 3134//3650 3127//3650 3129//3650
f 3135//3656 3097//3656 3099//3656
f 3135//4477 3099//4477 3132//4477
f 3135//3648 3125//3648 3130//3648
f 3135//3658 3132//3658 3131//3658
f 3135//4115 3131//4115 3125//4115
f 3135//3651 3130//3651 3134//3651
f 3136//3659 3111//3659 3114//3659
f 3136//3660 3114//3660 3097//3660
f 3136//3661 3097//3661 3135//3661
f 3136//3650 3134//3650 3111//3650
f 3136//3651 3135//3651 3134//3651
f 3137//4478 3121//4478 3138//4478
f 3122//4479 3121//4479 3137//4479
f 3139//4480 3122//4480 3137//4480
f 3124//4481 3139//4481 3140//4481
f 3124//4482 3122//4482 3139//4482
f 3141//4483 3124//4483 3140//4483
f 3128//4484 3124//4484 3141//4484
f 3142//4485 3128//4485 3141//4485
f 3129//3672 3142//3672 3143//3672
f 3129//3673 3128//3673 3142//3673
f 3144//3674 3145//3674 3146//3674
f 3147//4486 3145//4486 3148//4486
f 3149//4487 3145//4487 3147//4487
f 3146//4488 3145//4488 3149//4488
f 3148//4489 3145//4489 3150//4489
f 3145//4490 3151//4490 3150//4490
f 3152//4103 3153//4103 3144//4103
f 3145//4491 3153//4491 3151//4491
f 3144//3682 3153//3682 3145//3682
f 3143//4492 3154//4492 3152//4492
f 3150//3684 3154//3684 3155//3684
f 3152//4493 3154//4493 3153//4493
f 3153//4494 3154//4494 3151//4494
f 3151//4495 3154//4495 3150//4495
f 3154//4496 3156//4496 3155//4496
f 3142//4497 3157//4497 3143//4497
f 3143//4498 3157//4498 3154//4498
f 3154//4190 3157//4190 3156//4190
f 3140//4499 3158//4194 3141//4194
f 3141//4500 3158//4500 3142//4500
f 3155//3695 3158//3695 3159//3695
f 3159//4501 3158//4501 3160//4501
f 3160//4502 3158//4502 3161//4502
f 3161//4503 3158//4504 3140//3692
f 3156//4505 3158//4505 3155//4505
f 3142//4506 3158//4506 3157//4506
f 3157//4507 3158//4507 3156//4507
f 3152//4508 3129//4508 3143//4508
f 3162//4509 3129//4509 3152//4509
f 3144//4510 3162//4510 3152//4510
f 3163//4511 3144//4511 3146//4511
f 3163//4512 3162//4512 3144//4512
f 3164//4513 3163//4513 3146//4513
f 3165//4514 3163//4514 3164//4514
f 3166//4515 3165//4515 3164//4515
f 3121//4516 3166//4516 3138//4516
f 3121//4109 3165//4109 3166//4109
f 3167//3712 3129//3712 3162//3712
f 3168//3714 3162//3714 3163//3714
f 3168//4068 3167//4068 3162//4068
f 3169//3712 3111//3712 3129//3712
f 3169//3712 3129//3712 3167//3712
f 3170//3715 3165//3715 3121//3715
f 3170//3716 3163//3716 3165//3716
f 3170//3717 3168//3717 3163//3717
f 3171//3714 3167//3714 3168//3714
f 3171//3713 3169//3713 3167//3713
f 3172//3718 3103//3718 3107//3718
f 3172//4517 3107//4517 3111//4517
f 3172//3714 3169//3714 3171//3714
f 3172//3712 3111//3712 3169//3712
f 3173//3715 3121//3715 3126//3715
f 3173//3717 3168//3717 3170//3717
f 3173//3716 3171//3716 3168//3716
f 3173//3715 3170//3715 3121//3715
f 3174//4518 3175//4518 3102//4518
f 3174//3721 3102//3721 3103//3721
f 3174//3713 3172//3713 3171//3713
f 3174//3722 3103//3722 3172//3722
f 3176//3723 3126//3723 3177//3723
f 3176//4113 3177//4113 3175//4113
f 3176//4519 3175//4519 3174//4519
f 3176//3715 3173//3715 3126//3715
f 3176//3717 3171//3717 3173//3717
f 3176//3717 3174//3717 3171//3717
f 3175//4520 3100//4521 3102//4520
f 3098//4522 3178//4523 3099//4524
f 3099//4525 3178//4526 3132//4527
f 3070//4528 3179//4528 3069//4528
f 3119//4529 3179//4530 3098//4531
f 3069//4532 3179//4532 3119//4532
f 3098//4533 3179//4534 3178//4535
f 3132//4536 3180//4536 3133//4536
f 3178//4537 3180//4537 3132//4537
f 3070//4538 3180//4538 3179//4538
f 3179//4539 3180//4539 3178//4539
f 3180//4540 3181//4540 3133//4540
f 3074//4541 3182//4541 3070//4541
f 3180//4542 3182//4542 3181//4542
f 3070//4543 3182//4543 3180//4543
f 3133//4544 3183//4545 3126//4546
f 3181//4547 3183//4548 3133//4549
f 3182//4550 3183//4551 3181//3752
f 3074//4552 3184//4552 3182//4552
f 3182//4553 3184//4554 3183//4555
f 3126//4008 3185//4008 3177//4008
f 3183//4556 3185//4556 3126//4556
f 3064//4557 3186//4557 3074//4557
f 3074//4558 3186//4558 3184//4558
f 3184//4559 3186//4560 3183//4561
f 3183//4562 3186//4563 3185//4564
f 3177//4565 3187//4565 3175//4565
f 3064//4566 3187//4566 3186//4566
f 3186//4567 3187//4567 3185//4567
f 3185//4568 3187//4568 3177//4568
f 3187//4569 3188//4569 3175//4569
f 3175//4570 3188//4570 3100//4571
f 3100//4572 3189//4573 3105//3777
f 3105//3779 3189//3779 3066//3779
f 3066//4574 3189//4574 3064//4574
f 3188//4575 3189//3777 3100//4576
f 3064//4577 3189//4577 3187//4577
f 3187//4578 3189//4578 3188//4578
f 3139//4579 3190//4580 3140//4581
f 3160//4582 3190//4582 3159//4582
f 3161//4583 3190//4583 3160//4583
f 3140//4584 3190//3790 3161//4584
f 3159//4585 3190//4585 3191//4585
f 3190//4586 3192//4586 3191//4586
f 3138//4587 3193//4587 3137//4587
f 3137//4588 3193//4588 3139//4588
f 3139//4589 3193//4589 3190//4589
f 3190//4590 3193//4590 3192//4590
f 3191//4591 3194//4591 3195//4591
f 3193//4592 3194//4592 3192//4592
f 3138//4593 3194//4593 3193//4593
f 3192//4594 3194//4594 3191//4594
f 3194//4595 3196//4595 3195//4595
f 3166//4596 3197//4596 3138//4596
f 3194//4597 3197//4597 3196//4597
f 3138//4598 3197//4598 3194//4598
f 3195//4599 3198//4599 3148//4599
f 3148//4600 3198//4600 3147//4600
f 3147//4601 3198//4601 3149//4601
f 3149//4602 3198//4602 3146//4602
f 3146//4603 3198//4603 3164//4603
f 3164//4604 3198//4604 3166//4604
f 3166//4605 3198//4605 3197//4605
f 3196//4606 3198//4606 3195//4606
f 3197//4607 3198//4607 3196//4607
f 3199//4608 3200//4608 3201//4608
f 3201//4609 3200//4609 3202//4609
f 3191//3822 3203//3822 3159//3822
f 3204//4610 3203//4610 3199//4610
f 3159//4611 3203//4611 3204//4611
f 3199//4612 3203//4612 3200//4612
f 3202//4613 3205//4613 3206//4613
f 3200//4614 3205//4614 3202//4614
f 3191//4615 3207//4615 3203//4615
f 3200//4616 3207//4616 3205//4616
f 3203//4617 3207//4617 3200//4617
f 3206//4618 3208//4618 3209//4618
f 3205//4619 3208//4619 3206//4619
f 3195//4620 3210//4620 3191//4620
f 3207//4621 3210//4621 3205//4621
f 3205//4622 3210//4622 3208//4622
f 3191//4623 3210//4623 3207//4623
f 3209//4624 3211//4624 3212//4624
f 3210//4625 3211//4625 3208//4625
f 3208//4624 3211//4624 3209//4624
f 3195//4626 3213//4626 3210//4626
f 3210//4627 3213//4627 3211//4627
f 3212//4628 3214//4628 3215//4628
f 3215//4629 3214//4629 3216//4629
f 3216//4630 3214//4630 3217//4630
f 3211//4275 3214//4275 3212//4275
f 3217//4631 3218//4632 3219//4631
f 3219//4633 3218//4633 3148//4633
f 3148//4634 3218//4634 3195//4634
f 3195//4278 3218//4278 3213//4278
f 3214//4635 3218//4635 3217//4636
f 3213//4637 3218//4637 3211//4637
f 3211//4280 3218//4280 3214//4280
f 3220//652 3209//652 3212//652
f 3221//653 3212//653 3215//653
f 3221//507 3215//507 3216//507
f 3221//3853 3220//3853 3212//3853
f 3222//649 3216//649 3223//649
f 3222//650 3223//650 3224//650
f 3222//3854 3221//3854 3216//3854
f 3225//651 3224//651 3226//651
f 3225//4638 3222//4638 3224//4638
f 3222//3857 3225//3857 3227//3857
f 3222//4639 3227//4639 3228//4639
f 3221//3859 3228//3859 3229//3859
f 3221//3859 3222//3859 3228//3859
f 3220//4640 3229//4640 3230//4640
f 3220//3861 3221//3861 3229//3861
f 3229//320 3231//320 3230//320
f 3228//320 3227//320 3232//320
f 3228//320 3232//320 3231//320
f 3228//320 3231//320 3229//320
f 3233//4641 3220//4641 3230//4641
f 3233//4642 3230//4642 3231//4642
f 3234//3864 3231//3864 3232//3864
f 3234//4643 3233//4643 3231//4643
f 3225//3866 3232//3866 3227//3866
f 3225//4644 3234//4644 3232//4644
f 3225//485 3226//485 3235//485
f 3234//486 3235//486 3236//486
f 3234//487 3236//487 3201//487
f 3234//3868 3225//3868 3235//3868
f 3233//480 3201//480 3202//480
f 3233//481 3202//481 3206//481
f 3233//3869 3234//3869 3201//3869
f 3220//482 3206//482 3209//482
f 3220//3870 3233//3870 3206//3870
f 3217//4645 3237//4646 3216//4647
f 3216//4648 3237//4290 3223//4290
f 3150//4649 3238//4649 3148//4649
f 3219//4650 3238//4650 3217//4650
f 3148//4651 3238//4651 3219//4651
f 3217//3874 3238//3874 3237//3874
f 3223//4291 3239//4291 3224//4291
f 3237//4652 3239//4652 3223//4652
f 3150//4653 3240//4653 3238//4653
f 3237//4654 3240//4654 3239//4654
f 3238//4304 3240//4304 3237//4304
f 3224//4655 3241//4655 3226//4655
f 3239//4656 3241//4656 3224//4656
f 3240//4657 3241//4657 3239//4657
f 3155//4658 3242//4658 3150//4658
f 3240//4659 3242//4659 3241//4659
f 3150//4660 3242//4660 3240//4660
f 3226//4661 3243//4661 3235//4661
f 3235//4662 3243//4662 3236//4662
f 3241//4663 3243//4663 3226//4663
f 3155//4664 3244//4664 3242//4664
f 3241//4665 3244//4665 3243//4665
f 3242//4666 3244//4666 3241//4666
f 3236//4667 3245//4667 3201//4667
f 3201//3895 3245//3895 3199//3895
f 3243//4668 3245//4668 3236//4668
f 3199//4669 3246//4669 3204//4669
f 3204//4670 3246//4670 3159//4670
f 3159//4671 3246//4671 3155//4671
f 3155//4672 3246//4672 3244//4672
f 3245//4669 3246//4669 3199//4669
f 3244//4673 3246//4673 3243//4673
f 3243//4674 3246//4674 3245//4674
f 3247//1045 707//1045 3248//1045
f 703//1045 707//1045 3247//1045
f 3248//1046 706//1046 3249//1046
f 707//4675 706//4675 3248//4675
f 3249//1047 699//1047 3250//1047
f 706//1047 699//1047 3249//1047
f 3250//1048 696//1048 3251//1048
f 699//1048 696//1048 3250//1048
f 3252//4676 3253//4677 3254//4678
f 3255//4679 3256//4679 3257//4680
f 3257//4681 3256//4680 3258//4680
f 3248//4682 3259//4683 3247//4684
f 3249//4685 3259//4686 3248//4687
f 3260//4688 3259//4689 3255//4690
f 3247//4691 3259//4691 3260//4692
f 3255//4693 3259//4694 3256//4695
f 3258//4696 3261//4697 3262//4698
f 3256//4699 3261//4700 3258//4701
f 3259//4702 3263//4703 3256//4704
f 3256//4705 3263//4706 3261//4707
f 3249//4344 3263//4708 3259//4709
f 3262//3500 3264//4710 3252//4711
f 3261//4712 3264//4713 3262//4714
f 3252//4715 3264//4716 3253//4717
f 3250//4718 3265//4718 3249//4718
f 3251//4719 3265//4720 3250//4721
f 3253//4722 3265//4722 3266//4722
f 3266//4723 3265//4724 3251//4725
f 3264//4726 3265//4726 3253//4726
f 3249//4363 3265//4363 3263//4363
f 3263//4727 3265//4728 3261//4729
f 3261//4730 3265//4731 3264//4732
f 3267//3982 3268//4733 3251//4734
f 3253//4735 3268//4735 3254//4735
f 3266//4736 3268//4736 3253//4736
f 3251//4737 3268//4738 3266//4739
f 3254//4740 3268//4740 3269//4740
f 3268//4741 3270//4741 3269//4741
f 3271//4742 3272//4742 3267//4742
f 3268//4743 3272//4743 3270//4743
f 3267//4744 3272//4744 3268//4744
f 3269//3537 3273//3537 3274//3537
f 3270//4745 3273//4745 3269//4745
f 3271//4746 3273//4746 3272//4746
f 3272//4747 3273//4747 3270//4747
f 3273//4748 3275//4748 3274//4748
f 3276//4749 3277//4750 3271//4751
f 3271//4752 3277//4753 3273//4754
f 3273//4755 3277//4755 3275//4755
f 3278//4756 3279//4756 3276//4756
f 3274//4757 3279//4757 3280//4757
f 3277//4758 3279//4758 3275//4758
f 3275//4759 3279//4759 3274//4759
f 3276//4760 3279//4760 3277//4760
f 3279//3918 3281//3918 3280//3918
f 3282//4761 3283//4761 3278//4761
f 3278//4762 3283//4762 3279//4762
f 3279//4763 3283//4763 3281//4764
f 3247//4765 3284//4766 3282//4767
f 3280//3564 3284//3564 3257//3564
f 3257//4768 3284//4768 3255//4768
f 3255//4769 3284//4769 3260//4769
f 3260//4770 3284//4771 3247//4772
f 3282//4773 3284//4773 3283//4773
f 3281//4774 3284//4774 3280//4774
f 3283//4775 3284//4775 3281//4775
f 3251//480 696//480 3267//480
f 3267//3573 692//3573 3271//3573
f 696//3574 692//3574 3267//3574
f 3271//482 693//482 3276//482
f 3276//652 693//652 3278//652
f 692//3575 693//3575 3271//3575
f 3278//3576 697//3576 3282//3576
f 693//3577 697//3577 3278//3577
f 3282//507 703//507 3247//507
f 697//3578 703//3578 3282//3578
f 3285//4776 3286//4777 3287//4778
f 3288//3586 3289//3586 3290//3586
f 3290//4779 3289//4779 3291//4779
f 3269//4780 3292//4780 3254//4780
f 3293//4781 3292//4781 3288//4781
f 3254//4782 3292//4783 3293//4782
f 3288//4784 3292//4784 3289//4784
f 3291//4785 3294//4785 3295//4785
f 3289//4786 3294//4787 3291//4787
f 3269//4788 3294//4788 3292//4788
f 3292//4789 3294//4789 3289//4789
f 3294//4790 3296//4790 3295//4790
f 3274//4791 3297//4791 3269//4791
f 3294//4792 3297//4792 3296//4792
f 3269//4793 3297//4793 3294//4793
f 3298//4794 3299//4795 3300//4796
f 3295//4797 3299//4798 3298//4799
f 3296//4800 3299//4801 3295//4802
f 3274//4803 3301//4803 3297//4803
f 3297//4804 3301//4805 3296//4804
f 3296//4806 3301//4807 3299//4808
f 3299//4809 3302//4449 3300//3618
f 3280//4810 3303//4810 3274//4810
f 3274//4811 3303//4811 3301//4811
f 3299//4812 3303//4812 3302//4812
f 3301//4453 3303//4453 3299//4453
f 3300//4813 3304//4813 3285//4813
f 3280//4814 3304//4814 3303//4814
f 3302//4815 3304//4815 3300//4815
f 3303//4816 3304//4816 3302//4816
f 3285//4817 3305//4818 3286//4819
f 3304//4820 3305//4820 3285//4820
f 3286//4821 3306//4822 3307//4823
f 3307//4824 3306//4824 3257//4824
f 3257//4825 3306//4825 3280//4825
f 3305//4826 3306//4827 3286//4828
f 3280//4829 3306//4829 3304//4829
f 3304//4830 3306//4830 3305//4830
f 3308//3649 3309//3649 3310//3649
f 3311//3652 3310//3652 3312//3652
f 3311//3648 3308//3648 3310//3648
f 3313//3649 3314//3649 3309//3649
f 3313//3646 3309//3646 3308//3646
f 3315//3650 3316//3650 3317//3650
f 3315//3651 3312//3651 3316//3651
f 3315//3651 3311//3651 3312//3651
f 3318//4831 3308//4831 3311//4831
f 3318//3648 3313//3648 3308//3648
f 3319//3654 3320//3654 3321//3654
f 3319//3655 3321//3655 3314//3655
f 3319//3646 3314//3646 3313//3646
f 3322//3650 3317//3650 3298//3650
f 3322//3651 3311//3651 3315//3651
f 3322//3651 3318//3651 3311//3651
f 3322//3650 3315//3650 3317//3650
f 3323//3656 3285//3656 3287//3656
f 3323//4832 3287//4832 3320//4832
f 3323//3647 3313//3647 3318//3647
f 3323//3658 3320//3658 3319//3658
f 3323//3648 3319//3648 3313//3648
f 3324//3659 3298//3659 3300//3659
f 3324//3660 3300//3660 3285//3660
f 3324//4833 3285//4833 3323//4833
f 3324//3650 3322//3650 3298//3650
f 3324//3663 3318//3663 3322//3663
f 3324//3651 3323//3651 3318//3651
f 3325//4834 3309//4834 3326//4834
f 3310//4111 3309//4111 3325//4111
f 3327//3666 3310//3666 3325//3666
f 3312//4112 3327//4112 3328//4112
f 3312//4835 3310//4835 3327//4835
f 3329//4836 3312//4836 3328//4836
f 3316//4837 3312//4837 3329//4837
f 3330//4838 3316//4838 3329//4838
f 3317//3672 3330//3672 3331//3672
f 3317//4073 3316//4073 3330//4073
f 3332//4488 3333//4488 3334//4488
f 3335//4839 3333//4839 3336//4839
f 3337//4840 3333//4840 3335//4840
f 3334//4841 3333//4841 3337//4841
f 3336//3678 3333//3678 3338//3678
f 3333//4842 3339//4842 3338//4842
f 3331//4843 3340//4843 3341//4843
f 3341//3680 3340//3680 3332//3680
f 3333//4104 3340//4104 3339//4104
f 3332//4103 3340//4103 3333//4103
f 3338//3684 3342//3684 3343//3684
f 3340//4844 3342//4844 3339//4844
f 3339//4845 3342//4845 3338//4845
f 3331//4846 3342//4846 3340//4846
f 3342//4847 3344//4847 3343//4847
f 3330//4848 3345//4848 3331//4848
f 3342//4190 3345//4190 3344//4190
f 3331//4849 3345//4849 3342//4849
f 3328//4850 3346//4850 3329//4850
f 3329//4196 3346//4196 3330//4196
f 3343//4851 3346//4851 3347//4851
f 3347//4852 3346//4852 3348//4852
f 3348//4853 3346//4853 3349//4853
f 3349//4854 3346//4854 3328//4854
f 3344//4855 3346//4855 3343//4855
f 3345//4856 3346//4856 3344//4856
f 3330//4857 3346//4857 3345//4857
f 3341//4858 3317//4858 3331//4858
f 3350//3703 3317//3703 3341//3703
f 3332//4859 3350//4859 3341//4859
f 3351//4860 3332//4860 3334//4860
f 3351//4078 3350//4078 3332//4078
f 3352//4513 3351//4513 3334//4513
f 3353//4861 3351//4861 3352//4861
f 3354//4862 3353//4862 3352//4862
f 3309//4863 3354//4863 3326//4863
f 3309//4109 3353//4109 3354//4109
f 3355//3712 3317//3712 3350//3712
f 3356//3716 3351//3716 3353//3716
f 3356//3713 3350//3713 3351//3713
f 3356//3714 3355//3714 3350//3714
f 3357//3712 3298//3712 3317//3712
f 3357//3712 3317//3712 3355//3712
f 3358//3715 3353//3715 3309//3715
f 3358//3717 3356//3717 3353//3717
f 3359//3714 3355//3714 3356//3714
f 3359//3717 3356//3717 3358//3717
f 3359//3713 3357//3713 3355//3713
f 3360//3718 3291//3718 3295//3718
f 3360//3719 3295//3719 3298//3719
f 3360//3712 3298//3712 3357//3712
f 3361//3715 3309//3715 3314//3715
f 3361//3717 3359//3717 3358//3717
f 3361//3715 3358//3715 3309//3715
f 3362//4518 3363//4518 3290//4518
f 3362//3721 3290//3721 3291//3721
f 3362//3714 3357//3714 3359//3714
f 3362//3713 3360//3713 3357//3713
f 3362//3722 3291//3722 3360//3722
f 3364//3723 3314//3723 3365//3723
f 3364//4113 3365//4113 3363//4113
f 3364//3715 3361//3715 3314//3715
f 3364//4864 3363//4864 3362//4864
f 3364//3716 3359//3716 3361//3716
f 3364//3716 3362//3716 3359//3716
f 3363//4865 3288//4866 3290//4867
f 3286//4868 3366//4869 3287//4870
f 3287//4871 3366//4872 3320//4873
f 3258//4874 3367//4874 3257//4874
f 3307//4875 3367//4876 3286//4877
f 3257//4878 3367//4878 3307//4878
f 3286//4879 3367//4880 3366//4881
f 3320//4882 3368//4882 3321//4882
f 3366//4883 3368//4883 3320//4883
f 3258//4884 3368//4884 3367//4884
f 3367//4173 3368//4173 3366//4173
f 3368//4885 3369//4885 3321//4885
f 3262//4886 3370//4886 3258//4886
f 3368//4887 3370//4887 3369//4887
f 3258//4888 3370//4888 3368//4888
f 3321//4889 3371//4890 3314//4891
f 3369//4892 3371//4893 3321//4894
f 3262//4895 3372//4895 3370//4895
f 3370//4896 3372//4897 3369//4898
f 3369//4899 3372//4900 3371//4901
f 3314//4902 3373//4903 3365//4903
f 3371//4904 3373//4904 3314//4905
f 3252//4906 3374//4906 3262//4906
f 3371//4907 3374//4908 3373//4908
f 3262//4909 3374//4909 3372//4909
f 3372//4910 3374//4910 3371//4908
f 3365//4911 3375//4911 3363//4911
f 3373//4912 3375//4912 3365//4912
f 3252//4913 3375//4913 3374//4913
f 3374//4914 3375//4914 3373//4914
f 3288//4915 3376//4916 3293//4917
f 3375//4918 3376//4918 3363//4918
f 3363//4919 3376//4920 3288//4921
f 3293//4922 3377//4922 3254//4922
f 3254//4923 3377//4923 3252//4923
f 3376//4924 3377//4925 3293//4926
f 3252//4927 3377//4927 3375//4927
f 3375//4928 3377//4928 3376//4928
f 3327//4929 3378//4929 3328//4929
f 3348//4930 3378//4930 3347//4930
f 3349//4931 3378//4931 3348//4931
f 3328//4932 3378//4932 3349//4932
f 3347//4585 3378//4585 3379//4585
f 3378//4933 3380//4933 3379//4933
f 3325//4934 3381//4934 3327//4934
f 3327//4935 3381//4935 3378//4935
f 3378//4936 3381//4936 3380//4936
f 3326//4937 3382//4937 3325//4937
f 3379//4938 3382//4938 3383//4938
f 3325//4939 3382//4939 3381//4939
f 3381//4940 3382//4940 3380//4940
f 3380//4941 3382//4941 3379//4941
f 3382//4942 3384//4942 3383//4942
f 3354//4079 3385//4079 3326//4079
f 3326//4079 3385//4079 3382//4079
f 3382//4943 3385//4943 3384//4943
f 3383//4944 3386//4944 3336//4944
f 3336//4945 3386//4945 3335//4945
f 3335//4946 3386//4946 3337//4946
f 3337//4087 3386//4087 3334//4087
f 3334//4603 3386//4603 3352//4603
f 3352//4947 3386//4947 3354//4947
f 3384//4948 3386//4948 3383//4948
f 3354//4949 3386//4949 3385//4949
f 3385//4950 3386//4950 3384//4950
f 3387//4951 3388//4951 3389//4951
f 3389//4609 3388//4609 3390//4609
f 3379//3822 3391//3822 3347//3822
f 3392//4952 3391//4952 3387//4952
f 3347//4953 3391//4953 3392//4953
f 3387//4954 3391//4954 3388//4954
f 3390//4955 3393//4243 3394//4243
f 3388//4614 3393//4614 3390//4614
f 3379//4615 3395//4615 3391//4615
f 3388//4956 3395//4956 3393//4956
f 3391//4957 3395//4957 3388//4957
f 3394//4958 3396//4958 3397//4958
f 3393//4959 3396//4959 3394//4959
f 3383//4960 3398//4960 3379//4960
f 3395//4250 3398//4250 3393//4250
f 3393//4961 3398//4961 3396//4961
f 3379//4962 3398//4962 3395//4962
f 3397//4963 3399//4963 3400//4963
f 3396//4270 3399//4270 3397//4270
f 3398//4625 3401//4625 3396//4625
f 3383//4964 3401//4964 3398//4964
f 3396//4965 3401//4965 3399//4965
f 3400//4966 3402//4966 3403//4966
f 3403//4967 3402//4968 3404//4969
f 3404//4970 3402//4971 3405//4972
f 3399//4973 3402//4973 3400//4973
f 3405//4974 3406//4975 3407//4974
f 3407//4976 3406//4976 3336//4976
f 3336//4977 3406//4977 3383//4977
f 3402//4288 3406//4978 3405//4288
f 3383//4979 3406//4979 3401//4979
f 3401//4980 3406//4980 3399//4980
f 3399//4980 3406//4980 3402//4980
f 3408//652 3397//652 3400//652
f 3409//653 3400//653 3403//653
f 3409//507 3403//507 3404//507
f 3409//3853 3408//3853 3400//3853
f 3410//649 3404//649 3411//649
f 3410//650 3411//650 3412//650
f 3410//3854 3409//3854 3404//3854
f 3413//651 3412//651 3414//651
f 3413//4638 3410//4638 3412//4638
f 3410//4981 3413//4981 3415//4981
f 3410//4982 3415//4982 3416//4982
f 3409//4983 3416//4983 3417//4983
f 3409//3859 3410//3859 3416//3859
f 3408//3861 3417//3861 3418//3861
f 3408//3860 3409//3860 3417//3860
f 3415//320 3419//320 3420//320
f 3415//320 3420//320 3418//320
f 3416//357 3418//357 3417//357
f 3416//320 3415//320 3418//320
f 3421//4641 3408//4641 3418//4641
f 3421//4984 3418//4984 3420//4984
f 3422//4985 3420//4985 3419//4985
f 3422//4986 3421//4986 3420//4986
f 3413//4987 3419//4987 3415//4987
f 3413//3866 3422//3866 3419//3866
f 3413//485 3414//485 3423//485
f 3422//486 3423//486 3424//486
f 3422//487 3424//487 3389//487
f 3422//3868 3413//3868 3423//3868
f 3421//480 3389//480 3390//480
f 3421//481 3390//481 3394//481
f 3421//3869 3422//3869 3389//3869
f 3408//482 3394//482 3397//482
f 3408//3870 3421//3870 3394//3870
f 3405//4647 3425//4647 3404//4647
f 3404//4290 3425//4290 3411//4290
f 3338//3873 3426//3873 3336//3873
f 3407//4988 3426//4988 3405//4988
f 3336//4989 3426//4989 3407//4989
f 3405//4990 3426//4990 3425//4990
f 3411//4991 3427//4991 3412//4991
f 3425//3877 3427//3877 3411//3877
f 3338//4992 3428//4992 3426//4992
f 3425//4993 3428//4993 3427//4993
f 3426//4994 3428//4994 3425//4994
f 3414//4219 3429//4219 3423//4219
f 3412//4995 3429//4995 3414//4995
f 3427//4996 3429//4996 3412//4996
f 3343//4997 3430//4997 3338//4997
f 3428//4998 3430//4998 3427//4998
f 3427//3886 3430//3886 3429//3886
f 3338//4999 3430//4999 3428//4999
f 3429//5000 3431//5000 3423//5000
f 3430//5001 3432//5001 3429//5001
f 3343//5002 3432//5002 3430//5002
f 3429//4666 3432//4666 3431//4666
f 3423//5003 3433//5003 3424//5003
f 3424//5004 3433//5004 3389//5004
f 3389//5005 3433//5005 3387//5005
f 3431//5006 3433//5006 3423//5006
f 3387//5007 3434//5007 3392//5007
f 3392//5008 3434//5008 3347//5008
f 3347//5009 3434//5009 3343//5009
f 3433//5010 3434//5010 3387//5010
f 3343//5011 3434//5011 3432//5011
f 3432//5012 3434//5012 3431//5012
f 3431//4673 3434//4673 3433//4673
f 3435//5013 3436//5013 3437//5013
f 3438//5014 3435//5014 3439//5014
f 3440//5015 3438//5015 3441//5015
f 3442//5016 3440//5016 3443//5016
f 3444//5017 3445//5017 3446//5017
f 3447//5018 3448//5018 3444//5018
f 3449//5019 3450//5019 3447//5019
f 3451//5020 3450//5020 3449//5020
f 3452//5021 3450//5021 3451//5021
f 3453//5022 3450//5022 3452//5022
f 3454//5023 3455//5023 3439//5023
f 3454//5024 3456//5024 3455//5024
f 3454//5025 3437//5025 3456//5025
f 3454//5026 3439//5026 3435//5026
f 3454//5027 3435//5027 3437//5028
f 3457//5029 3439//5029 3441//5029
f 3457//5030 3438//5030 3439//5030
f 3457//5031 3441//5031 3438//5031
f 3458//5032 3441//5032 3443//5032
f 3458//5033 3440//5033 3441//5033
f 3458//5034 3443//5034 3440//5034
f 3459//5035 3443//5035 3460//5035
f 3459//5036 3442//5036 3443//5036
f 3461//5037 3459//5037 3460//5037
f 3462//5038 3463//5038 3442//5038
f 3462//5039 3442//5039 3459//5039
f 3462//5040 3459//5040 3461//5040
f 3464//5041 3460//5041 3465//5041
f 3464//5042 3461//5042 3460//5042
f 3464//5043 3463//5043 3462//5043
f 3464//5044 3462//5044 3461//5044
f 3466//5045 3464//5045 3465//5045
f 3467//5046 3468//5046 3463//5046
f 3467//5047 3464//5047 3466//5047
f 3467//5048 3463//5048 3464//5048
f 3469//5049 3465//5049 3470//5049
f 3469//5050 3466//5050 3465//5050
f 3469//5051 3468//5051 3467//5051
f 3469//5052 3467//5052 3466//5052
f 3471//5053 3469//5053 3470//5053
f 3472//5054 3473//5054 3468//5054
f 3472//5055 3468//5055 3469//5055
f 3472//5056 3469//5056 3471//5056
f 3474//5057 3470//5057 3475//5057
f 3474//5058 3473//5058 3472//5058
f 3474//5059 3471//5059 3470//5059
f 3474//5060 3472//5060 3471//5060
f 3476//5061 3474//5061 3475//5061
f 3477//5062 3478//5062 3473//5062
f 3477//5063 3473//5063 3474//5063
f 3477//5064 3474//5064 3476//5064
f 3479//5065 3476//5065 3475//5065
f 3479//5066 3477//5066 3476//5066
f 3479//5067 3475//5067 3480//5067
f 3479//5068 3478//5068 3477//5068
f 3481//5069 3479//5069 3480//5069
f 3482//5070 3478//5070 3479//5070
f 3482//5071 3483//5071 3478//5071
f 3482//5072 3479//5072 3481//5072
f 3484//5073 3480//5073 3446//5073
f 3484//5074 3481//5074 3480//5074
f 3484//5075 3482//5075 3481//5075
f 3484//5076 3483//5076 3482//5076
f 3485//5077 3484//5077 3446//5077
f 3485//5078 3446//5078 3445//5078
f 3486//5079 3483//5079 3484//5079
f 3486//5080 3485//5080 3445//5080
f 3486//5081 3445//5081 3483//5081
f 3486//5082 3484//5082 3485//5082
f 3487//5083 3445//5083 3444//5083
f 3487//5084 3444//5084 3448//5084
f 3488//5085 3487//5085 3448//5085
f 3488//5086 3445//5086 3487//5086
f 3488//5087 3448//5087 3445//5087
f 3489//5088 3448//5088 3447//5088
f 3489//5089 3447//5089 3450//5089
f 3490//5090 3450//5090 3448//5090
f 3490//5091 3489//5091 3450//5091
f 3490//5092 3448//5092 3489//5092
f 3491//1291 3446//1291 3492//1291
f 3446//42 3480//42 3492//42
f 3493//42 3444//42 3491//42
f 3491//42 3444//42 3446//42
f 3480//44 3494//44 3492//44
f 3480//44 3475//44 3494//44
f 3495//41 3447//41 3493//41
f 3493//42 3447//42 3444//42
f 3475//2180 3496//2180 3494//2180
f 3497//255 3449//255 3495//255
f 3495//44 3449//44 3447//44
f 3475//42 3470//42 3496//42
f 3470//53 3498//53 3496//53
f 3497//44 3499//44 3449//44
f 3499//53 3500//53 3449//53
f 3470//42 3465//42 3498//42
f 3465//229 3501//229 3498//229
f 3499//43 3502//43 3500//43
f 3502//110 3503//110 3500//110
f 3465//42 3460//42 3501//42
f 3460//157 3504//157 3501//157
f 3502//229 3505//229 3503//229
f 3460//43 3443//43 3504//43
f 3505//42 3506//42 3503//42
f 3443//157 3507//157 3504//157
f 3505//144 3508//144 3506//144
f 3443//43 3441//43 3507//43
f 3508//157 3509//157 3506//157
f 3441//176 3510//176 3507//176
f 3508//144 3511//144 3509//144
f 3441//94 3439//94 3510//94
f 3511//42 3512//42 3509//42
f 3439//44 3513//44 3510//44
f 3511//42 3514//42 3512//42
f 3439//43 3455//43 3513//43
f 3514//144 3515//144 3512//144
f 3455//42 3516//42 3513//42
f 3514//44 3517//44 3515//44
f 3517//229 3518//229 3515//229
f 3455//41 3519//41 3516//41
f 3520//42 3519//42 3455//42
f 3517//129 3521//129 3518//129
f 3521//43 3522//43 3518//43
f 3520//42 3523//42 3519//42
f 3524//94 3523//94 3520//94
f 3521//229 3525//229 3522//229
f 3522//176 3525//176 3526//176
f 3526//42 3527//42 3524//42
f 3524//120 3527//120 3523//120
f 3525//44 3527//44 3526//44
f 3528//5093 3516//5093 3529//5093
f 3529//5094 3519//5094 3530//5094
f 3516//5095 3519//5095 3529//5095
f 3530//5096 3523//5096 3531//5096
f 3519//5097 3523//5097 3530//5097
f 3531//5098 3527//5098 3532//5098
f 3523//5099 3527//5099 3531//5099
f 3532//5100 3525//5100 3533//5100
f 3527//5101 3525//5101 3532//5101
f 3533//5102 3521//5102 3534//5102
f 3525//5103 3521//5103 3533//5103
f 3534//5104 3517//5104 3535//5104
f 3521//5105 3517//5105 3534//5105
f 3535//5106 3514//5106 3536//5106
f 3517//5107 3514//5107 3535//5107
f 3536//5108 3511//5108 3537//5108
f 3514//5109 3511//5109 3536//5109
f 3537//5110 3508//5110 3538//5110
f 3511//5111 3508//5111 3537//5111
f 3538//5112 3505//5112 3539//5112
f 3508//5113 3505//5113 3538//5113
f 3539//5114 3502//5114 3540//5114
f 3505//5115 3502//5115 3539//5115
f 3540//5116 3499//5116 3541//5116
f 3502//5117 3499//5117 3540//5117
f 3541//5118 3497//5118 3542//5118
f 3499//5119 3497//5119 3541//5119
f 3540//5120 3541//5120 3543//5120
f 3539//5121 3540//5121 3544//5121
f 3538//5122 3539//5122 3545//5122
f 3546//5123 3531//5123 3547//5123
f 3548//5124 3530//5124 3546//5124
f 3436//5125 3529//5125 3548//5125
f 3549//5126 3529//5126 3436//5126
f 3550//5127 3529//5127 3549//5127
f 3528//5128 3529//5128 3550//5128
f 3551//5129 3541//5129 3542//5129
f 3551//5130 3552//5130 3453//5130
f 3551//5131 3553//5131 3552//5131
f 3551//5132 3542//5132 3553//5132
f 3551//5133 3453//5133 3543//5133
f 3551//5134 3543//5134 3541//5134
f 3554//5135 3543//5135 3544//5135
f 3554//5136 3540//5136 3543//5136
f 3554//5137 3544//5137 3540//5137
f 3555//5138 3544//5138 3545//5138
f 3555//5139 3539//5139 3544//5139
f 3555//5140 3545//5140 3539//5140
f 3556//5141 3545//5141 3557//5141
f 3556//5142 3538//5142 3545//5142
f 3558//5143 3556//5143 3557//5143
f 3559//5144 3537//5144 3538//5144
f 3559//5145 3538//5145 3556//5145
f 3559//5146 3556//5146 3558//5146
f 3560//5147 3557//5147 3561//5147
f 3560//5148 3558//5148 3557//5148
f 3560//5149 3537//5149 3559//5149
f 3560//5150 3559//5150 3558//5150
f 3562//5151 3560//5151 3561//5151
f 3563//5152 3536//5152 3537//5152
f 3563//5153 3560//5153 3562//5153
f 3563//5154 3537//5154 3560//5154
f 3564//5155 3562//5155 3561//5155
f 3564//5156 3561//5156 3565//5156
f 3564//5157 3536//5157 3563//5157
f 3564//5158 3563//5158 3562//5158
f 3566//5159 3564//5159 3565//5159
f 3567//5160 3535//5160 3536//5160
f 3567//5161 3536//5161 3564//5161
f 3567//5162 3564//5162 3566//5162
f 3568//5163 3565//5163 3569//5163
f 3568//5164 3566//5164 3565//5164
f 3568//5165 3535//5165 3567//5165
f 3568//5166 3567//5166 3566//5166
f 3570//5167 3568//5167 3569//5167
f 3571//5168 3568//5168 3570//5168
f 3571//5169 3534//5169 3535//5169
f 3571//5170 3535//5170 3568//5170
f 3572//5171 3570//5171 3569//5171
f 3572//5172 3571//5172 3570//5172
f 3572//5173 3534//5173 3571//5173
f 3572//5174 3569//5174 3573//5174
f 3574//5175 3572//5175 3573//5175
f 3575//5176 3534//5176 3572//5176
f 3575//5177 3572//5177 3574//5177
f 3575//5178 3533//5178 3534//5178
f 3576//5179 3574//5179 3573//5179
f 3576//5180 3575//5180 3574//5180
f 3576//5181 3533//5181 3575//5181
f 3576//5182 3573//5182 3577//5182
f 3578//5183 3576//5183 3577//5183
f 3579//5184 3533//5184 3576//5184
f 3579//5185 3576//5185 3578//5185
f 3579//5186 3532//5186 3533//5186
f 3580//5187 3577//5187 3547//5187
f 3580//5188 3578//5188 3577//5188
f 3580//5189 3579//5189 3578//5189
f 3580//5190 3532//5190 3579//5190
f 3581//5191 3580//5191 3547//5191
f 3581//5192 3547//5192 3531//5192
f 3582//5193 3532//5193 3580//5193
f 3582//5194 3531//5194 3532//5194
f 3582//5195 3581//5195 3531//5195
f 3582//5196 3580//5196 3581//5196
f 3583//5197 3531//5197 3546//5197
f 3583//5198 3546//5198 3530//5198
f 3584//5199 3530//5199 3531//5199
f 3584//5200 3583//5200 3530//5200
f 3584//5201 3531//5201 3583//5201
f 3585//5202 3530//5202 3548//5202
f 3585//5203 3548//5203 3529//5203
f 3586//5204 3529//5204 3530//5204
f 3586//5205 3585//5205 3529//5205
f 3586//5206 3530//5206 3585//5206
f 3552//5207 3450//5207 3453//5207
f 3542//5208 3587//5208 3553//5208
f 3588//5209 3549//5210 3436//5211
f 3588//5212 3436//5213 3435//5214
f 3589//5215 3590//5215 3528//5216
f 3589//5217 3550//5217 3549//5217
f 3589//5218 3528//5219 3550//5220
f 3589//5221 3549//5221 3588//5221
f 3591//5222 3435//5222 3438//5222
f 3591//5223 3588//5223 3435//5223
f 3592//5224 3593//5225 3590//5226
f 3592//5227 3589//5227 3588//5227
f 3592//5228 3588//5228 3591//5228
f 3592//5229 3590//5230 3589//5231
f 3594//5232 3438//5233 3440//5232
f 3594//5234 3591//5234 3438//5235
f 3595//5236 3596//5236 3593//5236
f 3595//5237 3597//5237 3596//5237
f 3595//5238 3591//5238 3594//5238
f 3595//5239 3593//5239 3592//5239
f 3595//5240 3592//5240 3591//5240
f 3598//5241 3440//5241 3442//5241
f 3598//5242 3594//5242 3440//5242
f 3599//5243 3595//5243 3594//5243
f 3599//5244 3594//5244 3598//5244
f 3599//5245 3597//5245 3595//5245
f 3600//5246 3442//5246 3463//5246
f 3600//5247 3599//5248 3598//5248
f 3600//5249 3598//5249 3442//5249
f 3601//5250 3602//5250 3597//5250
f 3601//5251 3597//5251 3599//5251
f 3601//5252 3599//5252 3600//5253
f 3603//5254 3463//5254 3468//5254
f 3603//5255 3468//5255 3473//5255
f 3603//5256 3600//5256 3463//5256
f 3604//5257 3605//5257 3602//5257
f 3604//5258 3602//5258 3601//5258
f 3604//5259 3600//5259 3603//5259
f 3604//5260 3601//5260 3600//5260
f 3606//5261 3603//5261 3473//5261
f 3607//5262 3608//5262 3605//5262
f 3607//5263 3605//5263 3604//5263
f 3607//5264 3604//5265 3603//5265
f 3607//5266 3603//5267 3606//5267
f 3609//5268 3473//5268 3478//5268
f 3609//5269 3478//5269 3483//5269
f 3609//5270 3606//5270 3473//5270
f 3610//5271 3607//5271 3606//5271
f 3610//5272 3611//5272 3608//5272
f 3610//5273 3606//5273 3609//5273
f 3610//5274 3608//5275 3607//5274
f 3612//5276 3609//5276 3483//5276
f 3613//5277 3610//5277 3609//5277
f 3613//5278 3611//5278 3610//5278
f 3613//5279 3614//5279 3611//5279
f 3613//5280 3609//5280 3612//5280
f 3615//5281 3483//5281 3445//5281
f 3615//5282 3445//5282 3448//5282
f 3615//5283 3612//5283 3483//5283
f 3616//5284 3614//5284 3613//5284
f 3616//5285 3617//5285 3614//5285
f 3616//5286 3613//5286 3612//5286
f 3616//5287 3612//5287 3615//5287
f 3618//5288 3615//5288 3448//5288
f 3619//5289 3620//5289 3617//5289
f 3619//5290 3617//5290 3616//5290
f 3619//5291 3616//5291 3615//5291
f 3619//5292 3615//5292 3618//5292
f 3621//5293 3618//5293 3448//5293
f 3621//5294 3448//5294 3450//5294
f 3621//5295 3450//5295 3552//5295
f 3622//5296 3587//5296 3620//5296
f 3622//5297 3619//5297 3618//5297
f 3622//5298 3621//5298 3552//5298
f 3622//5299 3552//5299 3553//5299
f 3622//5300 3620//5300 3619//5300
f 3622//5301 3618//5301 3621//5301
f 3622//5208 3553//5208 3587//5208
f 3497//5302 3495//5302 3542//5302
f 3542//5303 3495//5303 3587//5303
f 3587//2847 3493//2847 3620//2847
f 3495//5304 3493//5304 3587//5304
f 3617//2850 3491//2850 3614//2850
f 3620//2849 3491//2849 3617//2849
f 3493//2849 3491//2849 3620//2849
f 3491//2850 3492//2850 3614//2850
f 3614//5305 3494//5305 3611//5305
f 3492//5305 3494//5305 3614//5305
f 3608//479 3496//479 3605//479
f 3611//2852 3496//2852 3608//2852
f 3494//5306 3496//5306 3611//5306
f 3496//5307 3498//5307 3605//5307
f 3605//5308 3501//5308 3602//5308
f 3498//5309 3501//5309 3605//5309
f 3602//2854 3504//2854 3597//2854
f 3501//2855 3504//2855 3602//2855
f 3597//2856 3507//2856 3596//2856
f 3504//5310 3507//5310 3597//5310
f 3596//5311 3510//5311 3593//5311
f 3507//5312 3510//5312 3596//5312
f 3593//2858 3513//2858 3590//2858
f 3510//2858 3513//2858 3593//2858
f 3590//2859 3516//2859 3528//2859
f 3513//5313 3516//5313 3590//5313
f 3543//5314 3453//5314 3452//5314
f 3544//5315 3543//5315 3500//5315
f 3545//5316 3544//5316 3503//5316
f 3557//5317 3545//5317 3506//5317
f 3524//5318 3547//5318 3526//5318
f 3520//5319 3546//5319 3524//5319
f 3455//5320 3548//5320 3520//5320
f 3456//5321 3548//5321 3455//5321
f 3437//5322 3548//5322 3456//5322
f 3436//5323 3548//5323 3437//5323
f 3623//5324 3449//5324 3500//5324
f 3623//5325 3451//5325 3449//5325
f 3623//5326 3452//5326 3451//5326
f 3623//5327 3500//5327 3543//5327
f 3623//5328 3543//5328 3452//5328
f 3624//5329 3500//5329 3503//5329
f 3624//5330 3544//5330 3500//5330
f 3624//5331 3503//5331 3544//5331
f 3625//5332 3503//5332 3506//5332
f 3625//5333 3545//5333 3503//5333
f 3625//5334 3506//5334 3545//5334
f 3626//5335 3506//5335 3509//5335
f 3626//5336 3557//5336 3506//5336
f 3627//5337 3626//5337 3509//5337
f 3628//5338 3561//5338 3557//5338
f 3628//5339 3557//5339 3626//5339
f 3628//5340 3626//5340 3627//5340
f 3629//5341 3509//5341 3512//5341
f 3629//5342 3627//5342 3509//5342
f 3629//5343 3561//5343 3628//5343
f 3629//5344 3628//5344 3627//5344
f 3630//5345 3629//5345 3512//5345
f 3631//5346 3565//5346 3561//5346
f 3631//5347 3629//5347 3630//5347
f 3631//5348 3561//5348 3629//5348
f 3632//5349 3512//5349 3515//5349
f 3632//5350 3630//5350 3512//5350
f 3632//5351 3565//5351 3631//5351
f 3632//5352 3631//5352 3630//5352
f 3633//5353 3632//5353 3515//5353
f 3634//5354 3569//5354 3565//5354
f 3634//5355 3565//5355 3632//5355
f 3634//5356 3632//5356 3633//5356
f 3635//5357 3515//5357 3518//5357
f 3635//5358 3569//5358 3634//5358
f 3635//5359 3633//5359 3515//5359
f 3635//5360 3634//5360 3633//5360
f 3636//5361 3635//5361 3518//5361
f 3637//5362 3573//5362 3569//5362
f 3637//5363 3569//5363 3635//5363
f 3637//5364 3635//5364 3636//5364
f 3638//5365 3636//5365 3518//5365
f 3638//5366 3637//5366 3636//5366
f 3638//5367 3518//5367 3522//5367
f 3638//5368 3573//5368 3637//5368
f 3639//5369 3638//5369 3522//5369
f 3640//5370 3573//5370 3638//5370
f 3640//5371 3577//5371 3573//5371
f 3640//5372 3638//5372 3639//5372
f 3641//5373 3639//5373 3522//5373
f 3641//5374 3522//5374 3526//5374
f 3641//5375 3640//5375 3639//5375
f 3641//5376 3577//5376 3640//5376
f 3642//5377 3641//5377 3526//5377
f 3642//5378 3526//5378 3547//5378
f 3643//5379 3577//5379 3641//5379
f 3643//5380 3642//5380 3547//5380
f 3643//5381 3547//5381 3577//5381
f 3643//5382 3641//5382 3642//5382
f 3644//5383 3547//5383 3524//5383
f 3644//5384 3524//5384 3546//5384
f 3645//5385 3644//5385 3546//5385
f 3645//5386 3547//5386 3644//5386
f 3645//5387 3546//5387 3547//5387
f 3646//5388 3546//5388 3520//5388
f 3646//5389 3520//5389 3548//5389
f 3647//5390 3548//5390 3546//5390
f 3647//5391 3646//5391 3548//5391
f 3647//5392 3546//5392 3646//5392
f 3648//5393 3649//5393 3650//5393
f 3650//5394 3651//5394 3652//5394
f 3649//5395 3651//5395 3650//5395
f 3652//5396 3653//5396 3654//5396
f 3651//5397 3653//5397 3652//5397
f 3654//5398 3655//5398 3656//5398
f 3653//5399 3655//5399 3654//5399
f 3656//5400 3657//5400 3658//5400
f 3655//5401 3657//5401 3656//5401
f 3658//5402 3659//5402 3660//5402
f 3657//5403 3659//5403 3658//5403
f 3660//5404 3661//5404 3662//5404
f 3659//5405 3661//5405 3660//5405
f 3662//5406 3663//5406 3664//5406
f 3661//5407 3663//5407 3662//5407
f 3664//5408 3665//5408 3666//5408
f 3663//5409 3665//5409 3664//5409
f 3666//5410 3667//5410 3668//5410
f 3665//5411 3667//5411 3666//5411
f 3667//5412 3669//5412 3668//5412
f 3668//5413 3670//5413 3671//5413
f 3669//5414 3670//5414 3668//5414
f 3670//5415 3672//5415 3671//5415
f 3669//5416 3667//5416 3673//5416
f 3674//5417 3669//5417 3673//5417
f 3670//5418 3669//5418 3674//5418
f 3672//5419 3670//5419 3674//5419
f 3675//5420 3672//5420 3674//5420
f 3676//5421 3672//5421 3675//5421
f 3677//5422 3676//5422 3675//5422
f 3678//5423 3676//5423 3677//5423
f 3679//5424 3678//5424 3677//5424
f 3680//5425 3678//5425 3679//5425
f 3681//5426 3680//5426 3679//5426
f 3682//5427 3680//5427 3681//5427
f 3683//5428 3682//5428 3681//5428
f 3684//5429 3682//5429 3683//5429
f 3685//5430 3684//5430 3683//5430
f 3686//5431 3685//5431 3687//5431
f 3686//5432 3684//5432 3685//5432
f 3688//5433 3687//5433 3689//5433
f 3688//5434 3686//5434 3687//5434
f 3690//5435 3689//5435 3691//5435
f 3690//5436 3688//5436 3689//5436
f 3692//5437 3691//5437 3693//5437
f 3692//5438 3690//5438 3691//5438
f 3671//5439 3672//5439 3694//5439
f 3694//5440 3676//5440 3695//5440
f 3672//5441 3676//5441 3694//5441
f 3695//5442 3678//5442 3696//5442
f 3676//5443 3678//5443 3695//5443
f 3696//5444 3680//5444 3697//5444
f 3678//5445 3680//5445 3696//5445
f 3697//5446 3682//5446 3698//5446
f 3680//5447 3682//5447 3697//5447
f 3698//5448 3684//5448 3699//5448
f 3682//5449 3684//5449 3698//5449
f 3699//5450 3686//5450 3700//5450
f 3684//5451 3686//5451 3699//5451
f 3700//5452 3688//5452 3701//5452
f 3686//5453 3688//5453 3700//5453
f 3701//5454 3690//5454 3702//5454
f 3688//5455 3690//5455 3701//5455
f 3702//5456 3692//5456 3703//5456
f 3690//5457 3692//5457 3702//5457
f 3692//5458 3704//5458 3703//5458
f 3703//5459 3705//5459 3648//5459
f 3704//5460 3705//5460 3703//5460
f 3705//5461 3649//5461 3648//5461
f 3679//1299 3695//1299 3696//1299
f 3681//94 3679//94 3696//94
f 3697//147 3681//147 3696//147
f 3677//41 3695//41 3679//41
f 3694//53 3695//53 3677//53
f 3683//189 3681//189 3697//189
f 3698//44 3683//44 3697//44
f 3675//42 3694//42 3677//42
f 3671//44 3694//44 3675//44
f 3685//42 3683//42 3698//42
f 3699//53 3685//53 3698//53
f 3674//42 3671//42 3675//42
f 3668//175 3671//175 3674//175
f 3687//42 3685//42 3699//42
f 3700//1307 3687//107 3699//107
f 3673//177 3668//177 3674//177
f 3666//229 3668//229 3673//229
f 3689//1299 3687//1299 3700//1299
f 3706//42 3666//42 3673//42
f 3701//41 3689//41 3700//273
f 3664//107 3666//107 3706//107
f 3691//42 3689//42 3701//42
f 3707//44 3664//44 3706//44
f 3702//44 3691//44 3701//44
f 3693//42 3691//42 3702//42
f 3662//257 3664//257 3707//257
f 3708//144 3662//144 3707//144
f 3703//176 3693//176 3702//176
f 3709//124 3693//124 3703//124
f 3660//102 3662//102 3708//102
f 3710//229 3660//229 3708//229
f 3648//43 3709//43 3703//43
f 3711//1291 3709//1291 3648//1291
f 3658//1305 3660//1305 3710//1305
f 3712//53 3658//53 3710//53
f 3650//273 3711//273 3648//273
f 3713//157 3711//157 3650//157
f 3656//157 3658//157 3712//157
f 3714//41 3656//41 3712//41
f 3652//1305 3713//1305 3650//1305
f 3652//43 3715//43 3713//43
f 3654//91 3656//91 3714//91
f 3654//1295 3714//1295 3715//1295
f 3654//42 3715//42 3652//42
f 3704//5462 3692//5462 3693//5462
f 3709//5463 3704//5463 3693//5463
f 3705//5464 3704//5464 3709//5464
f 3649//5465 3705//5465 3709//5465
f 3711//5466 3649//5466 3709//5466
f 3651//5467 3649//5467 3711//5467
f 3713//5468 3651//5468 3711//5468
f 3653//5469 3651//5469 3713//5469
f 3715//5470 3653//5470 3713//5470
f 3655//5471 3653//5471 3715//5471
f 3714//5472 3655//5472 3715//5472
f 3657//5473 3655//5473 3714//5473
f 3712//5474 3657//5474 3714//5474
f 3659//5475 3657//5475 3712//5475
f 3710//5476 3659//5476 3712//5476
f 3661//5477 3710//5477 3708//5477
f 3661//5478 3659//5478 3710//5478
f 3663//5479 3708//5479 3707//5479
f 3663//5480 3661//5480 3708//5480
f 3665//5481 3707//5481 3706//5481
f 3665//5482 3663//5482 3707//5482
f 3667//5483 3706//5483 3673//5483
f 3667//5484 3665//5484 3706//5484
f 3716//320 3717//320 3718//320
f 3716//320 3718//320 3719//320
f 3716//320 3719//320 3720//320
f 3721//320 3722//320 3717//320
f 3721//320 3717//320 3716//320
f 3723//320 3722//320 3721//320
f 3724//320 3720//320 3725//320
f 3724//320 3716//320 3720//320
f 3726//320 3724//320 3725//320
f 3727//320 3728//320 3723//320
f 3727//320 3723//320 3721//320
f 3729//353 3724//353 3726//353
f 3730//320 3729//320 3726//320
f 3731//320 3728//320 3727//320
f 3732//320 3731//320 3727//320
f 3733//320 3731//320 3732//320
f 3734//320 3730//320 3735//320
f 3734//320 3729//320 3730//320
f 3736//320 3734//320 3735//320
f 3737//320 3733//320 3732//320
f 3738//320 3737//320 3732//320
f 3739//320 3734//320 3736//320
f 3740//320 3739//320 3736//320
f 3741//320 3737//320 3738//320
f 3742//320 3741//320 3738//320
f 3743//353 3739//353 3740//353
f 3744//320 3741//320 3742//320
f 3745//320 3739//320 3743//320
f 3746//320 3745//320 3743//320
f 3747//320 3742//320 3748//320
f 3747//320 3744//320 3742//320
f 3749//320 3745//320 3746//320
f 3749//320 3748//320 3745//320
f 3750//320 3747//320 3748//320
f 3751//402 3748//402 3749//402
f 3751//320 3750//320 3748//320
f 3752//5485 3746//5486 3743//5487
f 3753//5488 3754//5489 3723//5490
f 3753//5491 3723//5492 3728//5493
f 3755//5494 3756//5495 3757//5496
f 3755//5497 3758//5498 3754//5499
f 3755//5500 3757//5501 3758//5502
f 3755//5503 3754//5504 3753//5505
f 3759//5506 3728//5507 3731//5508
f 3759//5509 3753//5510 3728//5511
f 3760//5512 3761//5513 3756//5514
f 3760//5515 3762//5516 3761//5517
f 3760//5518 3753//5519 3759//5520
f 3760//5521 3755//5522 3753//5523
f 3760//5524 3756//5525 3755//5526
f 3763//5527 3731//5528 3733//5529
f 3763//5530 3759//5531 3731//5532
f 3764//5533 3765//5534 3762//5535
f 3764//5536 3760//5537 3759//5538
f 3764//5539 3762//5540 3760//5541
f 3764//5542 3759//5543 3763//5544
f 3766//5545 3733//5546 3737//5547
f 3766//5548 3763//5549 3733//5550
f 3766//5551 3764//5552 3763//5553
f 3767//5554 3764//5555 3766//5556
f 3767//5557 3765//5558 3764//5559
f 3768//5560 3737//5561 3741//5562
f 3768//5563 3766//5564 3737//5565
f 3769//5566 3770//5567 3765//5568
f 3769//5569 3767//5570 3766//5571
f 3769//5572 3766//5573 3768//5574
f 3769//5575 3765//5576 3767//5577
f 3771//5578 3744//5579 3747//5580
f 3771//5581 3741//5582 3744//5583
f 3771//5584 3769//5585 3768//5586
f 3771//5587 3768//5588 3741//5589
f 3772//5590 3773//5591 3770//5592
f 3772//5593 3774//5594 3773//5595
f 3772//5596 3769//5597 3771//5598
f 3772//5599 3770//5600 3769//5601
f 3775//5602 3771//5603 3747//5604
f 3776//5605 3772//5606 3771//5607
f 3776//5608 3774//5609 3772//5610
f 3776//5611 3771//5612 3775//5613
f 3777//5614 3747//5615 3750//5616
f 3777//5617 3775//5618 3747//5619
f 3777//5620 3776//5621 3775//5622
f 3778//5623 3776//5624 3777//5625
f 3778//5626 3779//5627 3774//5628
f 3778//5629 3774//5630 3776//5631
f 3780//5632 3750//5633 3751//5634
f 3780//5635 3777//5636 3750//5637
f 3781//5638 3777//5639 3780//5640
f 3781//5641 3782//5642 3779//5643
f 3781//5644 3783//5644 3782//5644
f 3781//5645 3778//5646 3777//5647
f 3781//5648 3779//5649 3778//5650
f 3784//5651 3751//5652 3749//5653
f 3784//5654 3780//5655 3751//5656
f 3784//5657 3781//5658 3780//5659
f 3785//5660 3783//5660 3781//5660
f 3785//5661 3781//5662 3784//5663
f 3786//5664 3749//5665 3746//5666
f 3786//5667 3784//5668 3749//5669
f 3786//5670 3746//5671 3752//5672
f 3787//5673 3752//5673 3788//5673
f 3787//5674 3788//5675 3789//5676
f 3787//5677 3783//5678 3785//5679
f 3787//5680 3785//5680 3784//5681
f 3787//5681 3784//5682 3786//5681
f 3787//5683 3790//5684 3783//5685
f 3787//5686 3789//5687 3790//5688
f 3787//5689 3786//5689 3752//5689
f 3791//5690 3752//5691 3743//5692
f 3791//5693 3743//5694 3740//5695
f 3792//5696 3793//5697 3789//5698
f 3792//5699 3788//5700 3752//5701
f 3792//5702 3789//5703 3788//5704
f 3792//5705 3752//5706 3791//5707
f 3794//5708 3740//5709 3736//5710
f 3794//5711 3791//5712 3740//5713
f 3795//5714 3796//5715 3793//5716
f 3795//5717 3797//5717 3796//5717
f 3795//5718 3793//5719 3792//5720
f 3795//5721 3791//5722 3794//5723
f 3795//5724 3792//5725 3791//5726
f 3798//5727 3736//5728 3735//5729
f 3798//5730 3794//5731 3736//5732
f 3799//5733 3800//5734 3797//5735
f 3799//5736 3795//5737 3794//5738
f 3799//5739 3797//5739 3795//5739
f 3799//5740 3794//5741 3798//5742
f 3801//5743 3735//5744 3730//5745
f 3801//5746 3798//5747 3735//5748
f 3802//5749 3799//5750 3798//5751
f 3802//5752 3798//5753 3801//5754
f 3802//5755 3800//5756 3799//5757
f 3803//5758 3730//5759 3726//5760
f 3803//5761 3801//5762 3730//5763
f 3804//5764 3805//5765 3800//5765
f 3804//5766 3802//5767 3801//5768
f 3804//5769 3801//5770 3803//5771
f 3804//5764 3800//5772 3802//5772
f 3806//5773 3726//5774 3725//5775
f 3806//5776 3803//5777 3726//5778
f 3807//5779 3808//5780 3805//5781
f 3807//5782 3805//5783 3804//5784
f 3807//5785 3804//5786 3803//5787
f 3807//5788 3803//5789 3806//5790
f 3809//5791 3725//5792 3720//5793
f 3809//5794 3806//5795 3725//5796
f 3809//5797 3807//5798 3806//5799
f 3810//5800 3811//5801 3808//5802
f 3810//5803 3808//5804 3807//5805
f 3810//5806 3807//5807 3809//5808
f 3812//5809 3719//5810 3718//5811
f 3812//5812 3720//5813 3719//5814
f 3812//5815 3809//5816 3720//5817
f 3813//5818 3809//5819 3812//5820
f 3813//5821 3814//5822 3811//5823
f 3813//5824 3815//5825 3814//5826
f 3813//5827 3811//5828 3810//5829
f 3813//5830 3810//5831 3809//5832
f 3816//5833 3812//5834 3718//5835
f 3817//5836 3815//5837 3813//5838
f 3817//5839 3812//5840 3816//5841
f 3817//5842 3818//5843 3815//5844
f 3817//5845 3813//5846 3812//5847
f 3819//5848 3816//5849 3718//5850
f 3819//5851 3718//5852 3717//5853
f 3820//5854 3816//5855 3819//5856
f 3820//5857 3818//5858 3817//5859
f 3820//5860 3817//5861 3816//5862
f 3821//5863 3723//5863 3754//5863
f 3821//5864 3754//5865 3758//5866
f 3821//5867 3819//5868 3717//5869
f 3821//5870 3722//5870 3723//5870
f 3821//5871 3717//5872 3722//5873
f 3822//5874 3758//5875 3757//5876
f 3822//5877 3818//5878 3820//5879
f 3822//5880 3823//5881 3818//5882
f 3822//5883 3757//5884 3823//5885
f 3822//5886 3820//5886 3819//5887
f 3822//5888 3821//5889 3758//5890
f 3822//5891 3819//5892 3821//5891
f 3824//5893 3823//5894 3757//5895
f 3825//5896 3826//5897 3789//5898
f 3825//5899 3789//5900 3793//5901
f 3827//5902 3828//5903 3826//5904
f 3827//5905 3829//5906 3828//5907
f 3827//5908 3830//5909 3829//5910
f 3827//5911 3826//5912 3825//5913
f 3831//5914 3793//5915 3796//5916
f 3831//5917 3825//5914 3793//5918
f 3832//5919 3833//5920 3830//5921
f 3832//5922 3834//5923 3833//5924
f 3832//5925 3825//5926 3831//5927
f 3832//5928 3830//5929 3827//5930
f 3832//5931 3827//5932 3825//5933
f 3835//5934 3796//5935 3797//5936
f 3835//5937 3831//5938 3796//5939
f 3836//5940 3834//5941 3832//5942
f 3836//5943 3832//5944 3831//5945
f 3836//5946 3831//5947 3835//5948
f 3837//5949 3797//5950 3800//5951
f 3837//5952 3800//5953 3805//5953
f 3837//5954 3835//5955 3797//5956
f 3837//5957 3836//5958 3835//5959
f 3838//5960 3839//5961 3834//5962
f 3838//5963 3834//5964 3836//5965
f 3838//5966 3836//5967 3837//5968
f 3840//5969 3805//5970 3808//5971
f 3840//5972 3837//5973 3805//5972
f 3841//5974 3842//5975 3839//5976
f 3841//5977 3843//5978 3842//5979
f 3841//5980 3837//5981 3840//5982
f 3841//5983 3839//5984 3838//5985
f 3841//5986 3838//5987 3837//5988
f 3844//5989 3840//5990 3808//5991
f 3845//5992 3840//5993 3844//5994
f 3845//5995 3843//5996 3841//5997
f 3845//5998 3841//5999 3840//6000
f 3846//6001 3808//6002 3811//6003
f 3846//6004 3811//6005 3814//6006
f 3846//6007 3844//6008 3808//6009
f 3847//6010 3848//6011 3843//6012
f 3847//6013 3849//6014 3848//6015
f 3847//6016 3845//6017 3844//6018
f 3847//6019 3843//6020 3845//6021
f 3847//6022 3844//6023 3846//6024
f 3850//6025 3846//6026 3814//6027
f 3851//6028 3846//6029 3850//6030
f 3851//6031 3852//6032 3849//6033
f 3851//6034 3849//6035 3847//6036
f 3851//6037 3847//6038 3846//6039
f 3853//6040 3814//6041 3815//6042
f 3853//6043 3815//6044 3818//6045
f 3853//6046 3850//6047 3814//6048
f 3854//6049 3850//6050 3853//6051
f 3854//6052 3855//6053 3852//6054
f 3854//6055 3852//6056 3851//6057
f 3854//6058 3851//6059 3850//6060
f 3856//6061 3853//6062 3818//6063
f 3857//6064 3854//6065 3853//6066
f 3857//6067 3855//6068 3854//6069
f 3857//6070 3853//6071 3856//6072
f 3858//6073 3818//6074 3823//6075
f 3858//6076 3824//6077 3859//6078
f 3858//6079 3856//6080 3818//6081
f 3858//6082 3823//6083 3824//6084
f 3860//6085 3857//6085 3856//6085
f 3860//6086 3856//6086 3858//6086
f 3860//6087 3855//6088 3857//6089
f 3860//6090 3859//6091 3861//6092
f 3860//6093 3858//6094 3859//6095
f 3860//6096 3862//6097 3855//6098
f 3860//6099 3861//6100 3862//6101
f 3826//6102 3790//6103 3789//6104
f 3829//6105 3863//6105 3828//6105
f 3864//6106 3824//6107 3757//6108
f 3864//6109 3757//6110 3756//6111
f 3865//6112 3866//6113 3861//6114
f 3865//6115 3859//6116 3824//6116
f 3865//6117 3861//6118 3859//6119
f 3865//6120 3824//6121 3864//6121
f 3867//6122 3756//6123 3761//6124
f 3867//6125 3864//6126 3756//6127
f 3868//6128 3869//6129 3866//6130
f 3868//6131 3866//6132 3865//6133
f 3868//6134 3865//6135 3864//6136
f 3868//6137 3864//6138 3867//6139
f 3870//6140 3761//6140 3762//6141
f 3870//6142 3867//6143 3761//6142
f 3871//6144 3872//6145 3869//6146
f 3871//6147 3873//6148 3872//6149
f 3871//6150 3868//6151 3867//6152
f 3871//6153 3869//6154 3868//6155
f 3871//6156 3867//6157 3870//6158
f 3874//6159 3762//6160 3765//6161
f 3874//6162 3870//6163 3762//6164
f 3874//6165 3871//6166 3870//6167
f 3875//6168 3873//6169 3871//6149
f 3875//6170 3871//6171 3874//6172
f 3876//6173 3765//6174 3770//6175
f 3876//6176 3770//6177 3773//6178
f 3876//6179 3874//6180 3765//6181
f 3877//6182 3878//6183 3873//6184
f 3877//6185 3873//6182 3875//6186
f 3877//6187 3874//6188 3876//6189
f 3877//6190 3875//6191 3874//6192
f 3879//6193 3876//6194 3773//6195
f 3880//6196 3881//6197 3878//6198
f 3880//6199 3878//6200 3877//6201
f 3880//6202 3877//6202 3876//6203
f 3880//6204 3876//6205 3879//6204
f 3882//6206 3773//6207 3774//6208
f 3882//6209 3879//6210 3773//6211
f 3883//6212 3884//6213 3881//6214
f 3883//6215 3881//6216 3880//6217
f 3883//6218 3880//6219 3879//6220
f 3883//6221 3879//6222 3882//6223
f 3885//6224 3774//6225 3779//6226
f 3885//6227 3779//6228 3782//6229
f 3885//6230 3882//6231 3774//6232
f 3886//6233 3882//6234 3885//6235
f 3886//6236 3887//6237 3884//6238
f 3886//6239 3888//6240 3887//6241
f 3886//6242 3884//6243 3883//6244
f 3886//6245 3883//6246 3882//6247
f 3889//6248 3885//6249 3782//6250
f 3890//6251 3888//6252 3886//6253
f 3890//6254 3885//6255 3889//6256
f 3890//6257 3886//6258 3885//6259
f 3891//6260 3782//6261 3783//6262
f 3891//6263 3889//6264 3782//6265
f 3892//6266 3888//6267 3890//6268
f 3892//6269 3889//6270 3891//6271
f 3892//6272 3893//6273 3888//6274
f 3892//6275 3863//6276 3893//6276
f 3892//6277 3890//6278 3889//6279
f 3894//6280 3783//6281 3790//6282
f 3894//6283 3891//6284 3783//6285
f 3894//6286 3790//6287 3826//6288
f 3895//6289 3892//6290 3891//6291
f 3895//6292 3891//6293 3894//6294
f 3895//6295 3863//6295 3892//6296
f 3895//6297 3894//6298 3826//6299
f 3895//6300 3826//6301 3828//6302
f 3895//6303 3828//6303 3863//6303
f 3896//6304 3897//6304 3898//6304
f 3896//6305 3899//6305 3897//6305
f 3899//6306 3900//6306 3897//6306
f 3899//6306 3901//6306 3900//6306
f 3901//6307 3902//6307 3900//6307
f 3901//6308 3903//6308 3902//6308
f 3903//6309 3904//6309 3902//6309
f 3903//6310 3905//6310 3904//6310
f 3904//6311 3906//6311 3907//6311
f 3905//6312 3906//6312 3904//6312
f 3907//6313 3908//6313 3909//6313
f 3906//6313 3908//6313 3907//6313
f 3908//6314 3910//6315 3909//6316
f 3908//6317 3911//6318 3910//6318
f 3910//6319 3912//6319 3913//6319
f 3911//6320 3912//6320 3910//6320
f 3913//6321 3914//6321 3915//6321
f 3912//6321 3914//6321 3913//6321
f 3915//6322 3916//6323 3917//6323
f 3914//6323 3916//6323 3915//6324
f 3916//6325 3918//6325 3917//6325
f 3916//6326 3919//6326 3918//6326
f 3918//6327 3920//6327 3921//6327
f 3919//6328 3920//6328 3918//6328
f 3920//6329 3922//6329 3921//6329
f 3920//6330 3923//6330 3922//6330
f 3899//6331 3896//6331 3924//6331
f 3899//6332 3924//6332 3925//6332
f 3901//6333 3925//6333 3926//6333
f 3901//6334 3899//6334 3925//6334
f 3903//6335 3926//6335 3927//6335
f 3903//6336 3901//6336 3926//6336
f 3905//6337 3927//6337 3928//6337
f 3905//6338 3903//6338 3927//6338
f 3906//6339 3928//6340 3929//6339
f 3906//6341 3905//6341 3928//6342
f 3908//6343 3929//6343 3930//6343
f 3908//6344 3906//6344 3929//6344
f 3911//6345 3930//6345 3931//6345
f 3911//6346 3908//6346 3930//6346
f 3912//6347 3931//6347 3932//6347
f 3912//6348 3911//6348 3931//6348
f 3914//6349 3932//6349 3933//6349
f 3914//6350 3912//6350 3932//6350
f 3916//6351 3933//6352 3934//6351
f 3916//6353 3914//6353 3933//6354
f 3935//6355 3916//6355 3934//6355
f 3919//6356 3916//6356 3935//6356
f 3920//6357 3935//6357 3936//6357
f 3920//6357 3919//6357 3935//6357
f 3937//6358 3920//6358 3936//6358
f 3923//6359 3920//6359 3937//6359
f 3938//1299 3939//1299 3940//1299
f 3941//42 3940//42 3942//42
f 3941//44 3938//44 3940//44
f 3943//144 3939//144 3938//144
f 3944//144 3941//144 3942//144
f 3945//1297 3943//1297 3938//1297
f 3946//273 3943//273 3945//273
f 3947//229 3944//229 3937//229
f 3947//41 3941//41 3944//41
f 3948//94 3946//94 3945//94
f 3949//1291 3946//1291 3948//1291
f 3936//44 3947//44 3937//44
f 3950//1291 3951//1291 3949//1291
f 3950//42 3949//42 3948//42
f 3952//43 3947//43 3936//43
f 3935//1295 3952//1295 3936//1295
f 3953//1291 3951//1291 3950//1291
f 3934//176 3952//176 3935//176
f 3954//42 3953//42 3950//42
f 3955//42 3952//42 3934//42
f 3956//44 3953//44 3954//44
f 3933//305 3955//42 3934//42
f 3957//42 3958//42 3956//42
f 3957//44 3956//44 3954//44
f 3959//177 3955//177 3933//42
f 3932//229 3959//229 3933//6360
f 3960//257 3958//257 3957//257
f 3931//94 3959//94 3932//94
f 3961//42 3959//42 3931//42
f 3962//44 3960//44 3957//44
f 3924//1310 3960//1310 3962//1310
f 3930//273 3961//273 3931//273
f 3963//44 3961//44 3930//44
f 3925//42 3924//42 3962//42
f 3929//229 3963//229 3930//229
f 3964//102 3925//102 3962//102
f 3926//42 3925//42 3964//42
f 3965//157 3963//157 3929//157
f 3928//44 3965//44 3929//44
f 3927//43 3965//43 3928//43
f 3927//157 3926//157 3964//157
f 3927//43 3964//43 3965//43
f 3966//6361 3923//6361 3937//6361
f 3966//6362 3937//6362 3944//6362
f 3967//6363 3944//6363 3942//6363
f 3967//6364 3966//6364 3944//6364
f 3968//6365 3942//6365 3940//6365
f 3968//6366 3967//6366 3942//6366
f 3969//6367 3940//6367 3939//6367
f 3969//6368 3968//6368 3940//6368
f 3970//6369 3939//6369 3943//6369
f 3970//6370 3969//6370 3939//6370
f 3946//6371 3970//6371 3943//6371
f 3971//6372 3970//6372 3946//6372
f 3972//6373 3946//6373 3949//6373
f 3972//6374 3971//6374 3946//6374
f 3973//6375 3949//6375 3951//6375
f 3973//6376 3972//6376 3949//6376
f 3974//6377 3951//6377 3953//6377
f 3974//6377 3973//6377 3951//6377
f 3956//6378 3974//6378 3953//6378
f 3975//6379 3974//6379 3956//6379
f 3958//6380 3975//6380 3956//6380
f 3976//6381 3975//6381 3958//6381
f 3977//6382 3958//6382 3960//6382
f 3977//6383 3976//6383 3958//6383
f 3896//6384 3960//6384 3924//6384
f 3896//6385 3977//6385 3960//6385
f 3923//6386 3978//6386 3922//6386
f 3923//6387 3966//6387 3978//6387
f 3966//6388 3979//6388 3978//6388
f 3966//6389 3967//6389 3979//6389
f 3967//6390 3980//6390 3979//6390
f 3967//6391 3968//6391 3980//6391
f 3980//6392 3969//6392 3981//6392
f 3968//6393 3969//6393 3980//6393
f 3969//6394 3982//6394 3981//6394
f 3969//6395 3970//6395 3982//6395
f 3970//6396 3983//6396 3982//6396
f 3970//6397 3971//6397 3983//6397
f 3983//6398 3972//6398 3984//6398
f 3971//6399 3972//6399 3983//6399
f 3984//6400 3973//6400 3985//6400
f 3972//6401 3973//6401 3984//6401
f 3985//6402 3974//6402 3986//6402
f 3973//6403 3974//6403 3985//6403
f 3986//6404 3975//6404 3987//6404
f 3974//6405 3975//6405 3986//6405
f 3987//6406 3976//6406 3988//6406
f 3975//6407 3976//6407 3987//6407
f 3976//6408 3989//6408 3988//6408
f 3976//6409 3977//6409 3989//6409
f 3989//6410 3896//6410 3898//6410
f 3977//6411 3896//6411 3989//6411
f 3990//343 3915//343 3917//343
f 3991//345 3917//345 3918//345
f 3991//320 3990//401 3917//320
f 3913//343 3915//343 3990//343
f 3921//391 3991//391 3918//6412
f 3992//6413 3913//6413 3990//477
f 3910//3271 3913//3271 3992//3271
f 3993//320 3921//320 3922//320
f 3993//320 3991//320 3921//320
f 3994//402 3910//402 3992//402
f 3909//357 3910//357 3994//357
f 3978//353 3993//353 3922//353
f 3995//353 3907//353 3909//353
f 3995//357 3909//357 3994//357
f 3996//320 3993//320 3978//320
f 3979//412 3996//412 3978//412
f 3904//347 3907//347 3995//347
f 3980//1074 3996//1074 3979//1074
f 3997//361 3904//361 3995//361
f 3998//345 3996//345 3980//345
f 3902//412 3904//412 3997//412
f 3981//353 3998//353 3980//353
f 3999//353 3900//353 3902//353
f 3999//345 3902//345 3997//345
f 4000//462 3998//462 3981//462
f 3982//328 4000//328 3981//328
f 3897//330 3900//330 3999//330
f 3983//347 4000//347 3982//347
f 4001//345 4000//345 3983//345
f 4002//320 3897//320 3999//320
f 3898//339 3897//339 4002//339
f 3984//347 4001//347 3983//347
f 4003//320 4001//320 3984//320
f 3989//353 3898//353 4002//353
f 3985//326 4003//326 3984//326
f 4004//353 3989//353 4002//353
f 3988//332 3989//332 4004//332
f 4005//343 4003//343 3985//343
f 3986//320 4005//375 3985//320
f 3987//320 4005//320 3986//320
f 3987//343 3988//343 4004//343
f 3987//329 4004//329 4005//6414
f 4006//6415 4007//6416 4008//6417
f 4009//6418 4010//6419 4011//6420
f 4011//6421 4010//6422 4012//6423
f 4008//6424 4013//6424 4009//6424
f 4007//6425 4013//6426 4008//6427
f 4009//6428 4013//6428 4010//6428
f 4012//6429 4014//6430 4015//6431
f 4010//6432 4014//6433 4012//6434
f 4016//6435 4017//6436 4007//6437
f 4018//6438 4017//6439 4016//6440
f 4007//6441 4017//6442 4013//6443
f 4013//6444 4017//6445 4010//6446
f 4010//6447 4017//6448 4014//6449
f 4015//6450 4019//6451 4020//6452
f 4014//6453 4019//6454 4015//6455
f 4018//6456 4021//6457 4017//6458
f 4014//6459 4021//6460 4019//6461
f 4017//6462 4021//6463 4014//6464
f 4020//6465 4022//6466 4023//6467
f 4019//6468 4022//6469 4020//6470
f 4024//6471 4025//6472 4018//6473
f 4021//6474 4025//6475 4019//6476
f 4018//6477 4025//6478 4021//6479
f 4019//6480 4025//6481 4022//6482
f 4023//6483 4026//6484 4027//6485
f 4022//6486 4026//6487 4023//6488
f 4028//6489 4029//6490 4024//6491
f 4022//6492 4029//6493 4026//6494
f 4024//6495 4029//6496 4025//6497
f 4025//6498 4029//6499 4022//6500
f 4027//6501 4030//6502 4031//6503
f 4026//6504 4030//6505 4027//6506
f 4029//6507 4030//6508 4026//6509
f 4032//6510 4033//6511 4028//6512
f 4028//6513 4033//6514 4029//6515
f 4029//6516 4033//6517 4030//6518
f 4031//6519 4034//6520 4035//6521
f 4030//6522 4034//6523 4031//6524
f 4036//6525 4037//6526 4032//6527
f 4032//6528 4037//6528 4033//6529
f 4033//6530 4037//6531 4030//6532
f 4030//6533 4037//6534 4034//6535
f 4035//6536 4038//6537 4039//6538
f 4034//6539 4038//6540 4035//6541
f 4034//6542 4040//6543 4038//6544
f 4041//6545 4040//6545 4036//6546
f 4036//6547 4040//6548 4037//6548
f 4037//6549 4040//6550 4034//6551
f 4039//6552 4042//6552 4043//6553
f 4038//6554 4042//6555 4039//6556
f 4038//6557 4044//6558 4042//6559
f 4045//6560 4044//6560 4041//6560
f 4041//6561 4044//6561 4040//6561
f 4040//6562 4044//6563 4038//6564
f 4043//6565 4046//6566 4047//6567
f 4047//6568 4046//6569 4048//6570
f 4042//6571 4046//6572 4043//6573
f 4045//6574 4049//6574 4044//6574
f 4042//6575 4049//6576 4046//6577
f 4050//6578 4049//6578 4045//6578
f 4044//6579 4049//6580 4042//6581
f 4048//6582 4051//6583 4052//6584
f 4052//6585 4051//6586 4053//6587
f 4046//6588 4051//6589 4048//6590
f 4053//6591 4054//6592 4055//6593
f 4055//6594 4054//6595 4056//6596
f 4049//6597 4054//6598 4046//6599
f 4050//6600 4054//6601 4049//6602
f 4046//6603 4054//6604 4051//6605
f 4057//6606 4054//6607 4050//6608
f 4056//6609 4054//6610 4057//6611
f 4051//6612 4054//6613 4053//6614
f 4058//42 4059//42 4060//42
f 4058//42 4060//42 4061//42
f 4058//44 4061//44 4062//44
f 4063//42 4064//42 4059//42
f 4063//42 4059//42 4058//42
f 4052//42 4064//42 4063//42
f 4065//42 4062//42 4066//42
f 4065//42 4058//42 4062//42
f 4067//44 4065//44 4066//44
f 4068//42 4048//42 4052//42
f 4068//42 4052//42 4063//42
f 4069//42 4065//42 4067//42
f 4047//42 4048//42 4068//42
f 4070//42 4069//42 4067//42
f 4071//42 4047//42 4068//42
f 4043//42 4047//42 4071//42
f 4072//42 4070//42 4073//42
f 4072//42 4069//42 4070//42
f 4039//42 4043//42 4071//42
f 4074//42 4072//42 4073//42
f 4075//42 4039//42 4071//42
f 4076//42 4072//42 4074//42
f 4035//42 4039//42 4075//42
f 4077//42 4076//42 4074//42
f 4078//42 4035//42 4075//42
f 4031//42 4035//42 4078//42
f 4011//44 4076//44 4077//44
f 4079//42 4076//42 4011//42
f 4027//42 4078//42 4080//42
f 4027//42 4031//42 4078//42
f 4012//42 4079//42 4011//42
f 4015//42 4079//42 4012//42
f 4015//42 4080//42 4079//42
f 4023//42 4027//42 4080//42
f 4020//42 4023//42 4080//42
f 4020//42 4080//42 4015//42
f 4056//6615 4081//6616 4055//6617
f 4053//6618 4082//6619 4052//6620
f 4052//6621 4082//6622 4064//6623
f 4055//6624 4083//6625 4053//6626
f 4081//6627 4083//6628 4055//6629
f 4053//6630 4083//6631 4082//6632
f 4064//6633 4084//6634 4059//6635
f 4082//6636 4084//6637 4064//6638
f 4085//6639 4086//6640 4081//6641
f 4087//6642 4086//6643 4085//6644
f 4081//6645 4086//6646 4083//6647
f 4083//6648 4086//6649 4082//6650
f 4082//6651 4086//6652 4084//6653
f 4059//6654 4088//6655 4060//6656
f 4086//6657 4088//6658 4084//6659
f 4084//6660 4088//6661 4059//6662
f 4087//6663 4089//6664 4086//6665
f 4086//6666 4089//6667 4088//6668
f 4060//6669 4090//6670 4061//6671
f 4088//6672 4090//6673 4060//6674
f 4091//6675 4092//6676 4087//6677
f 4087//6678 4092//6679 4089//6680
f 4088//6681 4092//6682 4090//6683
f 4089//6684 4092//6685 4088//6686
f 4061//6687 4093//6688 4062//6689
f 4090//6690 4093//6691 4061//6692
f 4094//6693 4095//6694 4091//6695
f 4090//6696 4095//6697 4093//6698
f 4092//6699 4095//6700 4090//6701
f 4091//6702 4095//6703 4092//6704
f 4062//6705 4096//6706 4066//6707
f 4095//6708 4096//6709 4093//6710
f 4093//6711 4096//6712 4062//6713
f 4097//6714 4098//6715 4094//6716
f 4095//6717 4098//6718 4096//6719
f 4094//6720 4098//6721 4095//6722
f 4066//6723 4099//6724 4067//6725
f 4096//6726 4099//6727 4066//6728
f 4100//6729 4101//6730 4097//6731
f 4097//6732 4101//6733 4098//6734
f 4098//6735 4101//6736 4096//6737
f 4096//6738 4101//6739 4099//6740
f 4067//6741 4102//6742 4070//6743
f 4099//6744 4102//6745 4067//6746
f 4101//6747 4102//6748 4099//6749
f 4101//6750 4103//6751 4102//6752
f 4104//6753 4103//6754 4100//6755
f 4100//6756 4103//6757 4101//6758
f 4070//6759 4105//6760 4073//6761
f 4102//6762 4105//6763 4070//6764
f 4104//6765 4106//6766 4103//6767
f 4102//6768 4106//6769 4105//6770
f 4107//6771 4106//6772 4104//6773
f 4103//6774 4106//6775 4102//6776
f 4073//6777 4108//6778 4074//6779
f 4105//6780 4108//6781 4073//6782
f 4106//6783 4109//6784 4105//6785
f 4107//6786 4109//6787 4106//6788
f 4110//6789 4109//6790 4107//6791
f 4105//6792 4109//6793 4108//6794
f 4074//6795 4111//6795 4077//6795
f 4077//6796 4111//6797 4011//6798
f 4011//6799 4111//6800 4009//6801
f 4108//6802 4111//6802 4074//6802
f 4009//6803 4112//6804 4008//6805
f 4008//6806 4112//6807 4006//6808
f 4109//6809 4112//6810 4108//6809
f 4110//6811 4112//6812 4109//6813
f 4108//6814 4112//6815 4111//6814
f 4113//6816 4112//6817 4110//6818
f 4006//6819 4112//6820 4113//6821
f 4111//6822 4112//6823 4009//6824
f 4114//6825 4115//6826 4056//6827
f 4056//6828 4115//6829 4081//6830
f 3830//6831 4116//6832 3829//6833
f 4117//6834 4116//6835 4114//6836
f 3829//6837 4116//6838 4117//6839
f 4114//6840 4116//6841 4115//6842
f 4081//6843 4118//6844 4085//6845
f 4115//6846 4118//6847 4081//6848
f 3833//6849 4119//6850 3830//6851
f 4116//6852 4119//6853 4115//6854
f 3830//6855 4119//6856 4116//6857
f 4115//6858 4119//6859 4118//6860
f 4085//6861 4120//6862 4087//6863
f 4119//6864 4120//6865 4118//6866
f 4118//6867 4120//6868 4085//6869
f 3834//6870 4121//6871 3833//6872
f 4119//6873 4121//6874 4120//6875
f 3833//6876 4121//6877 4119//6878
f 4087//6879 4122//6880 4091//6881
f 4120//6882 4122//6883 4087//6884
f 3839//6885 4123//6886 3834//6887
f 4121//6888 4123//6889 4120//6890
f 3834//6891 4123//6892 4121//6892
f 4120//6893 4123//6894 4122//6895
f 4091//6896 4124//6897 4094//6898
f 4122//6899 4124//6900 4091//6901
f 4123//6902 4124//6903 4122//6904
f 3843//6905 4125//6905 3842//6906
f 3842//6907 4125//6908 3839//6909
f 3839//6910 4125//6911 4123//6912
f 4123//6913 4125//6914 4124//6915
f 4094//6916 4126//6917 4097//6917
f 4097//6918 4126//6919 4100//6920
f 4124//6921 4126//6921 4094//6917
f 3848//6922 4127//6923 3843//6924
f 3843//6925 4127//6925 4125//6925
f 4125//6926 4127//6927 4124//6928
f 4124//6929 4127//6930 4126//6931
f 4100//6932 4128//6933 4104//6934
f 4126//6935 4128//6936 4100//6937
f 3848//6938 4129//6939 4127//6940
f 4127//6941 4129//6942 4126//6943
f 4126//6944 4129//6945 4128//6946
f 4128//6947 4130//6948 4104//6949
f 4128//6950 4131//6951 4130//6952
f 3849//6953 4131//6954 3848//6955
f 3848//6956 4131//6957 4129//6958
f 4129//6959 4131//6960 4128//6961
f 4104//6962 4132//6963 4107//6963
f 4130//6964 4132//6964 4104//6965
f 3852//6966 4133//6967 3849//6968
f 4130//6969 4133//6970 4132//6971
f 4131//6972 4133//6973 4130//6974
f 3849//6975 4133//6976 4131//6977
f 4107//6978 4134//6979 4110//6980
f 4132//6981 4134//6982 4107//6983
f 3855//6984 4135//6985 3852//6986
f 4132//6987 4135//6988 4134//6989
f 4133//6990 4135//6991 4132//6992
f 3852//6993 4135//6994 4133//6995
f 4134//6996 4136//6997 4110//6998
f 4110//6999 4136//7000 4113//7001
f 4113//7002 4136//7003 4006//7004
f 4006//7005 4136//7006 4137//7007
f 3861//7008 4138//7009 3862//7010
f 3862//7011 4138//7011 3855//7011
f 3855//7012 4138//7012 4135//7012
f 4135//7013 4138//7014 4134//7015
f 4134//7016 4138//7017 4136//7018
f 4136//7019 4138//7020 4137//7021
f 4137//7022 4138//7023 4139//7024
f 4139//7025 4138//7026 3861//7027
f 4137//7028 4140//7029 4006//7030
f 4006//7031 4140//7032 4007//7033
f 3866//7034 4141//7035 3861//7036
f 4139//7037 4141//7038 4137//7039
f 3861//7040 4141//7041 4139//7042
f 4137//7043 4141//7044 4140//7045
f 4007//7046 4142//7047 4016//7048
f 4016//7049 4142//7050 4018//7051
f 4140//7052 4142//7053 4007//7054
f 3869//7055 4143//7056 3866//7057
f 4141//7058 4143//7059 4140//7060
f 3866//7061 4143//7062 4141//7063
f 4140//7064 4143//7065 4142//7066
f 4142//7067 4144//7068 4018//7069
f 3872//7070 4145//7071 3869//7072
f 4143//7073 4145//7074 4142//7075
f 4142//7076 4145//7077 4144//7078
f 3869//7079 4145//7080 4143//7081
f 4018//7082 4146//7083 4024//7084
f 4144//7085 4146//7086 4018//7087
f 3873//7088 4147//7089 3872//7090
f 4145//7091 4147//7092 4144//7093
f 4144//7094 4147//7095 4146//7096
f 3872//7097 4147//7098 4145//7099
f 4024//7100 4148//7101 4028//7102
f 4146//7103 4148//7104 4024//7105
f 4147//7106 4148//7107 4146//7107
f 3878//7108 4149//7109 3873//7110
f 3873//7111 4149//7112 4147//7113
f 4147//7114 4149//7115 4148//7115
f 4028//7116 4150//7117 4032//7118
f 4148//7119 4150//7120 4028//7121
f 3881//7122 4151//7123 3878//7124
f 3878//7125 4151//7126 4149//7127
f 4148//7128 4151//7129 4150//7130
f 4149//7131 4151//7132 4148//7133
f 4032//7134 4152//7135 4036//7136
f 4150//7137 4152//7138 4032//7139
f 3884//7140 4153//7141 3881//7142
f 3881//7143 4153//7144 4151//7145
f 4151//7146 4153//7147 4150//7148
f 4150//7149 4153//7150 4152//7151
f 4036//7152 4154//7153 4041//7154
f 4152//7155 4154//7156 4036//7157
f 4152//7158 4155//7159 4154//7160
f 3887//7161 4155//7162 3884//7163
f 3884//7164 4155//7165 4153//7166
f 4153//7167 4155//7168 4152//7168
f 4041//7169 4156//7170 4045//7171
f 4045//7172 4156//7173 4050//7174
f 4154//7175 4156//7176 4041//7177
f 3888//7178 4157//7179 3887//7180
f 4154//7181 4157//7182 4156//7183
f 4155//7184 4157//7185 4154//7186
f 3887//7187 4157//7188 4155//7189
f 4156//7190 4158//7191 4050//7192
f 3893//7193 4159//7194 3888//7195
f 4156//7196 4159//7196 4158//7196
f 4157//7197 4159//7197 4156//7197
f 3888//7198 4159//7199 4157//7200
f 4158//7201 4160//7202 4050//7203
f 4050//7204 4160//7205 4057//7206
f 4057//7207 4160//7208 4056//7209
f 4056//7210 4160//7211 4114//7212
f 3829//7213 4161//7214 3863//7215
f 3863//7216 4161//7217 3893//7218
f 4159//7219 4161//7220 4158//7221
f 4158//7222 4161//7223 4160//7224
f 4160//7225 4161//7226 4114//7227
f 4114//7228 4161//7229 4117//7230
f 4117//7231 4161//7232 3829//7233
f 3893//7234 4161//7235 4159//7236
f 4162//7237 4163//7237 4164//7237
f 4164//7238 4165//7238 4166//7238
f 4166//7239 4165//7239 4167//7239
f 4167//7240 4165//7240 4168//7240
f 4163//7241 4165//7241 4164//7241
f 4168//7242 4169//7242 4170//7242
f 4170//7243 4169//7243 4171//7243
f 4165//7244 4169//7244 4168//7244
f 4169//7245 4172//7245 4171//7245
f 4172//7246 4173//7246 4171//7246
f 4173//7247 4174//7247 4175//7247
f 4175//7248 4174//7248 4162//7248
f 4172//7249 4174//7249 4173//7249
f 4172//7250 4169//7250 4176//7250
f 4165//479 4177//479 4176//479
f 4165//7251 4176//7251 4169//7251
f 4163//7252 4177//7252 4165//7252
f 4178//7253 4163//7253 4172//7253
f 4179//7254 4178//7254 4172//7254
f 4179//7255 4172//7255 4176//7255
f 4180//7256 4163//7257 4178//7257
f 4181//7258 4182//7258 4179//7258
f 4181//7255 4179//7255 4176//7255
f 4183//479 4182//479 4181//479
f 4183//575 4177//575 4163//575
f 4183//479 4163//479 4182//7259
f 4182//7260 4163//7261 4180//7262
f 4184//94 4185//94 4176//94
f 4186//94 4184//94 4176//94
f 4187//42 4188//42 4189//42
f 4190//144 4187//144 4189//144
f 4191//176 4176//176 4177//176
f 4192//42 4176//42 4191//42
f 4192//42 4186//42 4176//42
f 4193//43 4186//43 4192//43
f 4194//205 4189//205 4186//205
f 4194//53 4190//53 4189//53
f 4194//189 4186//189 4193//189
f 4195//53 4194//51 4196//51
f 4197//157 4190//157 4194//157
f 4197//51 4194//51 4195//51
f 4187//7263 4190//650 4198//650
f 4187//7264 4198//7265 4199//7265
f 4188//7266 4199//7266 4200//7266
f 4187//501 4199//501 4188//501
f 4201//7251 4188//7267 4200//7251
f 4201//575 4189//575 4188//575
f 4189//501 4201//501 4202//501
f 4189//7268 4202//7268 4186//7268
f 4184//7269 4186//7269 4202//7269
f 4184//7270 4202//7270 4203//7270
f 4185//7271 4203//7271 4204//7271
f 4185//7271 4184//7271 4203//7271
f 4176//7272 4204//7272 4181//7272
f 4176//7273 4185//7273 4204//7273
f 4204//331 4203//331 4181//331
f 4203//320 4202//320 4181//320
f 4200//402 4199//402 4201//402
f 4199//340 4198//340 4201//340
f 4181//320 4205//320 4183//320
f 4181//320 4206//320 4205//320
f 4202//320 4206//320 4181//320
f 4202//320 4207//320 4206//320
f 4201//357 4208//357 4202//357
f 4202//357 4208//357 4207//357
f 4198//320 4209//320 4201//320
f 4201//320 4209//320 4208//320
f 4208//331 4210//331 4211//331
f 4209//331 4210//331 4208//331
f 4191//7274 4177//7274 4183//7274
f 4191//7275 4183//7275 4205//7275
f 4192//7276 4205//7276 4206//7276
f 4192//7277 4191//7277 4205//7277
f 4193//7278 4206//7278 4207//7278
f 4193//7279 4192//7279 4206//7279
f 4208//483 4193//483 4207//483
f 4208//7280 4194//7280 4193//7280
f 4208//3201 4196//3201 4194//3201
f 4211//701 4196//701 4208//701
f 4211//484 4195//484 4196//484
f 4210//3458 4195//3458 4211//3458
f 4210//644 4209//744 4197//744
f 4210//7281 4197//7282 4195//7282
f 4190//10 4209//10 4198//10
f 4197//10 4209//10 4190//10
f 4212//7283 4182//7283 4213//7283
f 4213//7284 4180//7284 4214//7284
f 4214//7285 4180//7285 4215//7285
f 4215//7286 4180//7286 4216//7286
f 4182//7287 4180//7287 4213//7287
f 4216//7288 4178//7288 4217//7288
f 4217//7289 4178//7289 4218//7289
f 4180//7290 4178//7290 4216//7290
f 4178//7291 4179//7291 4218//7291
f 4179//7292 4219//7292 4218//7292
f 4219//7293 4220//7293 4221//7293
f 4221//7294 4220//7294 4212//7294
f 4179//7295 4220//7295 4219//7295
f 4222//7296 4223//7296 4224//7296
f 4224//7297 4225//7297 4226//7297
f 4226//7298 4225//7298 4227//7298
f 4227//7299 4225//7299 4228//7299
f 4223//7300 4225//7300 4224//7300
f 4228//7301 4229//7301 4230//7301
f 4230//7302 4229//7302 4231//7302
f 4225//7303 4229//7303 4228//7303
f 4229//7304 4232//7304 4231//7304
f 4232//7305 4233//7305 4231//7305
f 4233//7306 4234//7306 4235//7306
f 4235//7307 4234//7307 4222//7307
f 4232//7308 4234//7308 4233//7308
f 4232//7309 4229//7309 4236//7309
f 4225//479 4237//479 4236//479
f 4225//574 4236//574 4229//574
f 4223//7310 4237//7310 4225//7310
f 4238//7311 4223//7311 4232//7311
f 4239//7312 4238//7312 4232//7312
f 4239//7313 4232//7313 4236//7313
f 4240//7314 4223//7315 4238//7315
f 4241//7316 4242//7316 4239//7316
f 4241//7313 4239//7313 4236//7313
f 4243//479 4242//7317 4241//479
f 4243//479 4237//479 4223//479
f 4243//479 4223//479 4242//479
f 4242//7318 4223//7319 4240//7320
f 4244//283 4245//283 4236//283
f 4246//94 4244//94 4236//94
f 4247//157 4248//157 4249//157
f 4250//1291 4247//1291 4249//1291
f 4251//42 4236//42 4237//42
f 4252//229 4236//229 4251//229
f 4252//44 4246//44 4236//44
f 4253//43 4246//43 4252//43
f 4254//43 4249//43 4246//43
f 4254//41 4250//41 4249//41
f 4254//42 4246//42 4253//42
f 4255//7321 4254//72 4256//72
f 4257//44 4250//44 4254//44
f 4257//1299 4254//1299 4255//7322
f 4247//7323 4250//7323 4258//7323
f 4247//494 4258//494 4259//494
f 4248//7324 4259//7324 4260//7324
f 4247//501 4259//501 4248//501
f 4261//762 4248//762 4260//762
f 4261//531 4249//531 4248//531
f 4249//501 4261//501 4262//501
f 4249//567 4262//567 4246//567
f 4244//7270 4246//7270 4262//7270
f 4244//7269 4262//7269 4263//7269
f 4245//7271 4263//7271 4264//7271
f 4245//7271 4244//7271 4263//7271
f 4236//7272 4264//7272 4241//7272
f 4236//7273 4245//7273 4264//7273
f 4264//328 4263//328 4241//328
f 4263//320 4262//320 4241//320
f 4260//412 4259//412 4261//412
f 4259//343 4258//343 4261//343
f 4241//320 4265//320 4243//320
f 4241//320 4266//320 4265//320
f 4262//402 4266//402 4241//402
f 4262//402 4267//402 4266//402
f 4261//357 4268//357 4262//357
f 4262//320 4268//320 4267//320
f 4258//353 4269//353 4261//353
f 4261//320 4269//320 4268//320
f 4268//406 4270//406 4271//406
f 4269//406 4270//406 4268//406
f 4251//7274 4237//7274 4243//7274
f 4251//7325 4243//7325 4265//7325
f 4252//7326 4265//7326 4266//7326
f 4252//7277 4251//7277 4265//7277
f 4253//7278 4266//7278 4267//7278
f 4253//7278 4252//7278 4266//7278
f 4268//3458 4253//3458 4267//3458
f 4268//7327 4254//7327 4253//7327
f 4268//479 4256//479 4254//479
f 4271//7328 4256//7328 4268//7328
f 4271//7280 4255//7280 4256//7280
f 4270//3458 4255//3458 4271//3458
f 4270//7329 4269//7329 4257//7329
f 4270//486 4257//486 4255//486
f 4250//10 4269//10 4258//10
f 4257//10 4269//10 4250//10
f 4272//7330 4242//7330 4273//7330
f 4273//7331 4240//7331 4274//7331
f 4274//7332 4240//7332 4275//7332
f 4275//7333 4240//7333 4276//7333
f 4242//7334 4240//7334 4273//7334
f 4276//7335 4238//7335 4277//7335
f 4277//7336 4238//7336 4278//7336
f 4240//7337 4238//7337 4276//7337
f 4238//7338 4239//7338 4278//7338
f 4239//7339 4279//7339 4278//7339
f 4279//7293 4280//7293 4281//7293
f 4281//7340 4280//7340 4272//7340
f 4239//7341 4280//7341 4279//7341
f 4282//7342 4283//7342 4284//7342
f 4284//7343 4285//7343 4286//7343
f 4286//7344 4285//7344 4287//7344
f 4287//7345 4285//7345 4288//7345
f 4283//7346 4285//7346 4284//7346
f 4288//7347 4289//7347 4290//7347
f 4290//7348 4289//7348 4291//7348
f 4285//7349 4289//7349 4288//7349
f 4289//7350 4292//7350 4291//7350
f 4292//7351 4293//7351 4291//7351
f 4293//7352 4294//7352 4295//7352
f 4295//7353 4294//7353 4282//7353
f 4292//7354 4294//7354 4293//7354
f 4292//7355 4289//7355 4296//7355
f 4285//10 4297//10 4296//10
f 4285//7356 4296//7356 4289//7356
f 4283//832 4297//832 4285//832
f 4298//7357 4283//7357 4292//7357
f 4299//7358 4298//7358 4292//7358
f 4299//7359 4292//7359 4296//7359
f 4300//7360 4283//7360 4298//7360
f 4301//7361 4302//7361 4299//7361
f 4301//7362 4299//7362 4296//7362
f 4303//10 4302//10 4301//10
f 4303//10 4297//10 4283//10
f 4303//10 4283//10 4302//10
f 4302//18 4283//18 4300//18
f 4304//229 4305//229 4296//229
f 4306//43 4304//43 4296//43
f 4307//7363 4308//246 4309//246
f 4310//229 4307//229 4309//229
f 4311//42 4296//42 4297//42
f 4312//41 4296//41 4311//41
f 4312//42 4306//42 4296//42
f 4313//41 4306//41 4312//41
f 4314//102 4309//102 4306//102
f 4314//44 4310//44 4309//44
f 4314//273 4306//273 4313//273
f 4315//144 4314//144 4316//144
f 4317//44 4310//44 4314//44
f 4317//157 4314//157 4315//157
f 4307//7364 4310//7364 4318//7364
f 4307//481 4318//481 4319//481
f 4308//483 4319//483 4320//483
f 4307//484 4319//484 4308//484
f 4321//7365 4308//7365 4320//7365
f 4321//832 4309//832 4308//832
f 4309//7366 4321//7366 4322//7366
f 4309//483 4322//483 4306//483
f 4304//7367 4306//7367 4322//7367
f 4304//7367 4322//7367 4323//7367
f 4305//7368 4323//7368 4324//7368
f 4305//7368 4304//7368 4323//7368
f 4296//7369 4324//7369 4301//7369
f 4296//7370 4305//7370 4324//7370
f 4324//332 4323//332 4301//332
f 4323//320 4322//320 4301//320
f 4320//329 4319//329 4321//329
f 4319//357 4318//357 4321//357
f 4301//320 4325//320 4303//320
f 4301//320 4326//320 4325//320
f 4322//320 4326//320 4301//320
f 4322//353 4327//353 4326//353
f 4321//345 4328//345 4322//345
f 4322//402 4328//402 4327//402
f 4318//320 4329//320 4321//320
f 4321//353 4329//353 4328//353
f 4328//320 4330//320 4331//320
f 4329//353 4330//353 4328//353
f 4311//7371 4297//7371 4303//7371
f 4311//7371 4303//7371 4325//7371
f 4312//7372 4325//7372 4326//7372
f 4312//7373 4311//7373 4325//7373
f 4313//7374 4326//7374 4327//7374
f 4313//7374 4312//7374 4326//7374
f 4328//7375 4313//7375 4327//7375
f 4328//7266 4314//7266 4313//7266
f 4328//835 4316//835 4314//835
f 4331//10 4316//10 4328//10
f 4331//7324 4315//7324 4316//7324
f 4330//567 4315//567 4331//567
f 4330//7376 4329//7376 4317//7376
f 4330//506 4317//506 4315//506
f 4310//479 4329//479 4318//479
f 4317//479 4329//479 4310//479
f 4332//7377 4302//7377 4333//7377
f 4333//7378 4300//7378 4334//7378
f 4334//7344 4300//7344 4335//7344
f 4335//7379 4300//7379 4336//7379
f 4302//7380 4300//7380 4333//7380
f 4336//7381 4298//7381 4337//7381
f 4337//7382 4298//7382 4338//7382
f 4300//7383 4298//7383 4336//7383
f 4298//7384 4299//7384 4338//7384
f 4299//7385 4339//7385 4338//7385
f 4339//7352 4340//7352 4341//7352
f 4341//7386 4340//7386 4332//7386
f 4299//7387 4340//7387 4339//7387
f 4342//7388 4343//7388 4344//7388
f 4344//7389 4345//7389 4346//7389
f 4346//7390 4345//7390 4347//7390
f 4347//7391 4345//7391 4348//7391
f 4343//7392 4345//7392 4344//7392
f 4348//7393 4349//7393 4350//7393
f 4350//7394 4349//7394 4351//7394
f 4345//7349 4349//7349 4348//7349
f 4349//7395 4352//7395 4351//7395
f 4352//7396 4353//7396 4351//7396
f 4353//7397 4354//7397 4355//7397
f 4355//7398 4354//7398 4342//7398
f 4352//7399 4354//7399 4353//7399
f 4352//7400 4349//7400 4356//7400
f 4345//10 4357//10 4356//7401
f 4345//7402 4356//7403 4349//7402
f 4343//612 4357//612 4345//612
f 4358//7404 4343//7404 4352//7404
f 4359//7405 4358//7405 4352//7405
f 4359//7362 4352//7362 4356//7362
f 4360//836 4343//836 4358//836
f 4361//7406 4362//7406 4359//7406
f 4361//7362 4359//7362 4356//7362
f 4363//10 4362//10 4361//10
f 4363//10 4357//10 4343//10
f 4363//10 4343//10 4362//10
f 4362//598 4343//598 4360//598
f 4364//157 4365//157 4356//157
f 4366//94 4364//94 4356//94
f 4367//189 4368//229 4369//229
f 4370//229 4367//229 4369//229
f 4371//42 4356//42 4357//42
f 4372//177 4356//177 4371//177
f 4372//42 4366//42 4356//42
f 4373//42 4366//42 4372//42
f 4374//42 4369//42 4366//42
f 4374//42 4370//42 4369//42
f 4374//42 4366//42 4373//42
f 4375//157 4374//157 4376//157
f 4377//44 4370//44 4374//44
f 4377//135 4374//135 4375//135
f 4367//7407 4370//7407 4378//7407
f 4367//7408 4378//7408 4379//7408
f 4368//483 4379//483 4380//483
f 4367//7409 4379//7409 4368//7409
f 4381//10 4368//10 4380//10
f 4381//9 4369//9 4368//9
f 4369//483 4381//483 4382//483
f 4369//484 4382//484 4366//484
f 4364//7367 4366//7367 4382//7367
f 4364//7410 4382//7410 4383//7410
f 4365//7368 4383//7368 4384//7368
f 4365//7368 4364//7368 4383//7368
f 4356//7370 4384//7370 4361//7370
f 4356//7370 4365//7370 4384//7370
f 4384//343 4383//343 4361//343
f 4383//340 4382//340 4361//340
f 4380//326 4379//326 4381//326
f 4379//331 4378//331 4381//331
f 4361//353 4385//353 4363//353
f 4361//402 4386//402 4385//402
f 4382//320 4386//320 4361//320
f 4382//320 4387//320 4386//320
f 4381//320 4388//320 4382//320
f 4382//357 4388//357 4387//357
f 4378//402 4389//402 4381//402
f 4381//320 4389//320 4388//320
f 4388//320 4390//320 4391//320
f 4389//343 4390//343 4388//343
f 4371//7411 4357//7411 4363//7411
f 4371//7371 4363//7371 4385//7371
f 4372//7412 4385//7412 4386//7412
f 4372//7413 4371//7413 4385//7413
f 4373//7414 4386//7414 4387//7414
f 4373//7374 4372//7374 4386//7374
f 4388//7415 4373//7415 4387//7415
f 4388//517 4374//517 4373//517
f 4388//7416 4376//7416 4374//7416
f 4391//7417 4376//12 4388//12
f 4391//567 4375//567 4376//567
f 4390//517 4375//517 4391//517
f 4390//579 4389//579 4377//579
f 4390//510 4377//510 4375//510
f 4370//479 4389//479 4378//479
f 4377//479 4389//479 4370//479
f 4392//7418 4362//7418 4393//7418
f 4393//7419 4360//7419 4394//7419
f 4394//7420 4360//7420 4395//7420
f 4395//7421 4360//7421 4396//7421
f 4362//7422 4360//7422 4393//7422
f 4396//7423 4358//7423 4397//7423
f 4397//7424 4358//7424 4398//7424
f 4360//7425 4358//7425 4396//7425
f 4358//7426 4359//7426 4398//7426
f 4359//7427 4399//7427 4398//7427
f 4399//7428 4400//7428 4401//7428
f 4401//7429 4400//7429 4392//7429
f 4359//7430 4400//7430 4399//7430
f 4402//484 4403//484 4404//484
f 4402//484 4404//484 4405//484
f 4406//482 4407//482 4408//482
f 4406//1065 4408//1065 4409//1065
f 4410//528 4409//528 4411//528
f 4410//7431 4406//7431 4409//7431
f 4402//7432 4411//7433 4403//7433
f 4402//1061 4410//7434 4411//7434
f 4405//1310 4412//1310 4413//1310
f 4405//42 4413//42 4414//42
f 4415//42 4414//42 4416//42
f 4415//42 4405//42 4414//42
f 4407//42 4417//42 4418//42
f 4402//42 4415//42 4417//42
f 4402//42 4405//42 4415//42
f 4402//42 4417//42 4407//42
f 4406//175 4410//175 4402//175
f 4406//42 4402//42 4407//42
f 4408//479 4407//479 4418//479
f 4408//479 4418//479 4419//479
f 4420//42 260//42 259//42
f 4421//42 259//42 262//42
f 4421//42 4420//42 259//42
f 4422//42 264//42 260//42
f 4422//42 260//42 4420//42
f 4423//42 264//42 4422//42
f 4424//42 4421//42 262//42
f 4425//42 4423//42 4426//42
f 4427//42 4428//42 4424//42
f 4429//42 4424//42 262//42
f 4429//1942 4427//1942 4424//1942
f 4430//42 264//42 4423//42
f 4430//42 4423//42 4425//42
f 4431//1305 4429//1305 262//1305
f 4432//42 4425//42 4426//42
f 4433//42 4428//42 4427//42
f 4434//144 264//144 4430//144
f 4435//42 4432//42 4426//42
f 4435//42 4426//42 4436//42
f 4437//42 4428//42 4433//42
f 4437//42 4436//42 4428//42
f 4438//42 4431//42 262//42
f 4439//42 4435//42 4436//42
f 4439//42 4436//42 4437//42
f 4440//42 4439//42 4437//42
f 4441//42 4435//42 4439//42
f 4442//42 4435//42 4441//42
f 4442//42 4443//42 4444//42
f 4442//42 4444//42 4445//42
f 4442//42 4445//42 4435//42
f 4446//42 4437//42 4447//42
f 4446//42 4447//42 4448//42
f 4446//42 4448//42 4449//42
f 4446//42 4440//42 4437//42
f 347//42 264//42 4434//42
f 347//42 4434//42 4450//42
f 347//91 4450//91 4451//91
f 346//42 4452//42 4438//42
f 346//42 4438//42 262//42
f 4453//42 4452//42 346//42
f 4453//283 4454//283 4452//283
f 4455//273 4451//273 4456//273
f 4455//42 347//42 4451//42
f 4457//42 4443//42 4442//42
f 4458//42 4446//42 4449//42
f 4459//176 4453//176 346//176
f 4460//42 347//42 4455//42
f 4461//42 4454//42 4453//42
f 4461//42 4449//42 4462//42
f 4461//44 4462//44 4454//44
f 4463//42 4455//42 4456//42
f 4463//189 4456//189 4464//189
f 4463//42 4464//42 4443//42
f 359//42 4459//42 346//42
f 360//42 347//42 4460//42
f 4465//42 4449//42 4461//42
f 4466//42 4458//42 4449//42
f 4466//42 4449//42 4465//42
f 4467//42 4443//42 4457//42
f 4468//176 4459//176 359//176
f 4469//42 360//42 4460//42
f 4470//42 4443//42 4467//42
f 4470//42 4463//42 4443//42
f 367//42 4468//42 359//42
f 368//42 360//42 4469//42
f 4471//42 4468//42 367//42
f 4472//42 368//42 4469//42
f 374//42 4471//42 367//42
f 374//42 4473//42 4471//42
f 376//42 368//42 4472//42
f 4474//41 376//41 4472//41
f 4475//42 4474//42 4472//42
f 4476//42 4472//42 4477//42
f 4476//176 4475//176 4472//176
f 4478//42 4476//42 4477//42
f 4479//42 4480//42 4470//42
f 4479//42 4470//42 4467//42
f 4479//42 4467//42 4481//42
f 4479//42 4481//42 4482//42
f 4483//42 4466//42 4465//42
f 4483//42 4484//42 4485//42
f 4483//176 4485//176 4466//176
f 4483//42 4465//42 4486//42
f 4487//42 4483//42 4486//42
f 4488//42 4480//42 4479//42
f 4489//1299 4487//1299 4486//1299
f 4489//42 4486//42 4473//42
f 4490//176 4480//176 4488//176
f 4490//42 4477//42 4480//42
f 4491//42 4478//42 4477//42
f 4491//1305 4477//1305 4490//1305
f 4492//137 4489//137 4473//137
f 4492//42 4473//42 374//42
f 4404//107 4478//107 4491//107
f 4493//94 4492//94 374//94
f 4494//42 4479//42 4482//42
f 4495//42 4484//42 4483//42
f 4496//42 4494//42 4482//42
f 4497//42 4484//42 4495//42
f 4419//42 4496//42 4482//42
f 4419//42 4482//42 4498//42
f 4419//42 4498//42 4499//42
f 4500//42 4484//42 4497//42
f 4500//42 4499//42 4501//42
f 4500//42 4501//42 4484//42
f 4403//176 4478//176 4404//176
f 4502//42 4499//42 4500//42
f 4502//42 4419//42 4499//42
f 4503//42 4419//42 4502//42
f 4503//107 4409//107 4408//107
f 4503//42 4408//42 4419//42
f 4504//42 4500//42 4505//42
f 4504//157 4505//157 4506//157
f 4504//42 4502//42 4500//42
f 4507//42 4409//42 4503//42
f 4507//303 4411//303 4409//303
f 4508//53 4506//53 4509//53
f 4508//42 4504//42 4506//42
f 4510//42 4478//42 4403//42
f 4510//42 4411//42 4507//42
f 4510//110 4403//110 4411//110
f 4511//42 4507//42 4512//42
f 4511//42 4510//42 4507//42
f 4513//42 4511//42 4512//42
f 4514//41 4513//41 4512//41
f 473//42 4515//42 4508//42
f 473//144 4509//144 4516//144
f 473//42 4516//42 4493//42
f 473//42 4508//42 4509//42
f 473//42 4493//42 374//42
f 471//43 4514//43 4512//43
f 477//42 4512//42 4517//42
f 477//42 471//42 4512//42
f 475//42 4517//42 4515//42
f 475//42 4515//42 473//42
f 475//42 477//42 4517//42
f 368//487 376//487 4518//487
f 368//487 4518//487 4519//487
f 360//486 4519//486 4520//486
f 360//486 368//486 4519//486
f 347//485 4520//485 4521//485
f 347//485 360//485 4520//485
f 4522//340 4523//340 4524//340
f 4523//320 4525//320 4524//320
f 4525//320 4526//320 4524//320
f 4527//320 4528//320 4522//320
f 4522//320 4528//320 4523//320
f 4525//320 4529//320 4526//320
f 4527//353 4530//353 4528//353
f 4529//320 4531//320 4526//320
f 4532//320 4533//320 4534//320
f 4535//320 4533//320 4532//320
f 4536//402 4537//402 4538//402
f 4539//320 4537//320 4536//320
f 4540//320 4537//320 4539//320
f 4538//320 4537//320 4541//320
f 4535//320 4542//320 4533//320
f 4537//320 4543//320 4541//320
f 4530//320 4544//320 4535//320
f 4535//320 4544//320 4542//320
f 4543//320 4545//320 4541//320
f 4541//320 4545//320 4531//320
f 4530//353 4546//353 4544//353
f 4545//320 4547//320 4531//320
f 4548//402 4549//402 4550//402
f 4551//320 4552//320 4553//320
f 4553//320 4554//320 4547//320
f 4531//320 4554//320 4526//320
f 4547//402 4554//402 4531//402
f 4552//320 4554//320 4553//320
f 4527//320 4555//320 4530//320
f 4546//402 4555//402 4548//402
f 4548//320 4555//320 4549//320
f 4530//320 4555//320 4546//320
f 4549//320 4556//320 4550//320
f 4551//320 4557//320 4552//320
f 4549//320 4558//320 4556//320
f 4527//320 4521//320 4555//320
f 4554//320 4559//320 4526//320
f 4557//320 4560//320 4552//320
f 4521//320 4561//320 4555//320
f 4554//320 4562//320 4559//320
f 4557//320 4563//320 4560//320
f 4557//320 4564//320 4563//320
f 4557//320 4565//320 4564//320
f 4558//320 4566//320 4556//320
f 4521//320 4520//320 4561//320
f 4562//320 4567//320 4559//320
f 4520//357 4568//357 4561//357
f 4562//343 4569//343 4567//343
f 4520//345 4519//345 4568//345
f 4568//320 4519//320 4570//320
f 4571//320 4572//320 4569//320
f 4569//402 4572//402 4567//402
f 4571//320 4573//320 4572//320
f 4574//320 4573//320 4571//320
f 4519//320 4518//320 4570//320
f 4570//320 4518//320 4575//320
f 4518//401 4576//401 4575//401
f 4576//353 4577//353 4575//353
f 4578//402 4579//402 4580//402
f 4581//320 4579//320 4578//320
f 4582//402 4579//402 4581//402
f 4583//320 4584//320 4585//320
f 4574//320 4586//320 4573//320
f 4582//320 4587//320 4579//320
f 4577//343 4588//343 4575//343
f 4584//320 4589//320 4585//320
f 4577//320 4590//320 4588//320
f 4588//320 4591//320 4587//320
f 4590//320 4591//320 4588//320
f 4587//320 4592//320 4579//320
f 4591//320 4592//320 4587//320
f 4584//320 4593//320 4589//320
f 4591//320 4594//320 4592//320
f 4593//320 4595//320 4589//320
f 4589//320 4595//320 4586//320
f 4591//320 4596//320 4594//320
f 4595//320 4597//320 4586//320
f 4598//320 4599//320 4600//320
f 4598//320 4601//320 4599//320
f 4598//320 4602//320 4601//320
f 4603//320 4604//320 4605//320
f 4606//320 4607//320 4598//320
f 4598//320 4607//320 4602//320
f 4604//320 4608//320 4605//320
f 4609//320 4608//320 4610//320
f 4605//320 4608//320 4609//320
f 4586//320 4611//320 4573//320
f 4597//320 4611//320 4586//320
f 4610//320 4611//320 4597//320
f 4608//320 4611//320 4610//320
f 4612//320 4613//320 4606//320
f 4596//402 4613//402 4612//402
f 4591//320 4613//320 4596//320
f 4607//320 4613//320 4614//320
f 4606//320 4613//320 4607//320
f 4613//320 4615//320 4614//320
f 4615//320 4616//320 4614//320
f 4616//320 4617//320 4614//320
f 4616//331 4618//331 4617//331
f 4618//340 4619//340 4617//340
f 4611//402 4620//402 4573//402
f 4621//320 4620//320 4611//320
f 4621//320 4622//320 4620//320
f 4619//320 4623//320 4617//320
f 4617//320 4623//320 4624//320
f 4622//357 4625//357 4620//357
f 4623//320 4625//320 4624//320
f 4624//340 4625//340 4622//340
f 471//484 4619//484 4618//484
f 471//484 4618//484 4514//484
f 4613//1081 4510//1081 4615//1081
f 4615//1082 4511//1082 4616//1082
f 4510//1081 4511//1081 4615//1081
f 4616//1084 4513//1084 4618//1084
f 4511//1082 4513//1082 4616//1082
f 4513//1086 4514//1086 4618//1086
f 4626//484 4627//484 4591//484
f 4628//483 4591//483 4627//483
f 4478//484 4629//484 4630//484
f 4478//484 4630//484 4626//484
f 4478//483 4626//483 4591//483
f 4631//483 4613//483 4591//483
f 4631//484 4591//484 4628//484
f 4632//484 4628//484 4633//484
f 4632//483 4631//483 4628//483
f 4634//484 4613//484 4631//484
f 4635//483 4633//483 4629//483
f 4635//483 4629//483 4478//483
f 4635//484 4632//484 4633//484
f 4636//483 4613//483 4634//483
f 4510//483 4636//483 4637//483
f 4510//483 4637//483 4635//483
f 4510//483 4635//483 4478//483
f 4510//484 4613//484 4636//484
f 4478//1076 4591//1076 4476//1076
f 4476//7435 4590//7435 4475//7435
f 4591//1076 4590//1076 4476//1076
f 4475//7436 4577//7436 4474//7436
f 4590//7435 4577//7435 4475//7435
f 4577//7437 4576//7437 4474//7437
f 4474//483 4576//483 4518//483
f 4474//7438 4518//7438 376//7438
f 4632//7439 4635//7439 4638//7439
f 4639//320 4635//320 4640//320
f 4638//7439 4635//7439 4639//7439
f 4640//7440 4637//7440 4641//7440
f 4635//320 4637//320 4640//320
f 4637//7440 4636//7440 4641//7440
f 4641//7441 4634//7441 4642//7441
f 4636//7441 4634//7441 4641//7441
f 4643//7442 4631//7442 4638//7442
f 4642//42 4631//42 4643//42
f 4634//42 4631//42 4642//42
f 4631//7442 4632//7442 4638//7442
f 4641//7443 4642//7443 4644//7443
f 4642//7444 4643//7444 4644//7444
f 4643//7445 4638//7445 4644//7445
f 4638//7446 4639//7446 4644//7446
f 4639//7447 4640//7447 4644//7447
f 4640//7448 4641//7448 4644//7448
f 4626//7439 4630//7439 4645//7439
f 4645//7439 4630//7439 4646//7439
f 4646//320 4629//320 4647//320
f 4630//320 4629//320 4646//320
f 4647//7440 4633//7440 4648//7440
f 4629//7440 4633//7440 4647//7440
f 4648//7441 4633//7441 4649//7441
f 4649//42 4628//42 4650//42
f 4633//7441 4628//7441 4649//7441
f 4628//42 4627//42 4650//42
f 4650//7442 4626//7442 4645//7442
f 4627//7442 4626//7442 4650//7442
f 4648//7443 4649//7443 4651//7443
f 4649//7449 4650//7449 4651//7449
f 4650//7445 4645//7445 4651//7445
f 4645//7446 4646//7446 4651//7446
f 4646//7447 4647//7447 4651//7447
f 4647//7448 4648//7448 4651//7448
f 475//482 473//482 4620//482
f 475//482 4620//482 4625//482
f 477//481 4625//481 4623//481
f 477//481 475//481 4625//481
f 471//480 4623//480 4619//480
f 471//480 477//480 4623//480
f 4620//479 473//479 374//479
f 4620//479 374//479 4573//479
f 359//507 346//507 4559//507
f 359//507 4559//507 4567//507
f 367//653 4567//653 4572//653
f 367//653 359//653 4567//653
f 374//652 4572//652 4573//652
f 374//652 367//652 4572//652
f 4559//501 346//501 262//501
f 4559//517 262//517 4526//517
f 260//651 264//651 4527//651
f 260//651 4527//651 4522//651
f 259//650 4522//650 4524//650
f 259//650 260//650 4522//650
f 262//649 4524//649 4526//649
f 262//649 259//649 4524//649
f 4652//10 4527//10 264//10
f 4653//10 4521//10 4527//10
f 4653//10 4527//10 4652//10
f 4654//10 4652//10 264//10
f 4655//10 4521//10 4653//10
f 4656//10 4654//10 264//10
f 347//10 4655//10 4657//10
f 347//10 4657//10 4656//10
f 347//10 4521//10 4655//10
f 347//10 4656//10 264//10
f 4658//7450 4653//7450 4659//7450
f 4659//7451 4653//7451 4660//7451
f 4660//7452 4653//7452 4661//7452
f 4661//7453 4653//7453 4662//7453
f 4662//7454 4653//7454 4663//7454
f 4663//7455 4653//7455 4664//7455
f 4664//7456 4653//7456 4665//7456
f 4665//7457 4653//7457 4666//7457
f 4666//7458 4653//7458 4667//7458
f 4667//7459 4653//7459 4668//7459
f 4668//7460 4652//7461 4669//7460
f 4669//7462 4652//7462 4670//7462
f 4670//7463 4652//7463 4671//7463
f 4671//7464 4652//7464 4672//7464
f 4672//7465 4652//7465 4673//7465
f 4673//7466 4652//7466 4674//7466
f 4674//7467 4652//7467 4675//7467
f 4675//7468 4652//7468 4676//7468
f 4676//7469 4652//7469 4677//7469
f 4677//7470 4652//7470 4678//7470
f 4678//7471 4652//7471 4679//7471
f 4679//7472 4652//7472 4680//7472
f 4680//7473 4652//7473 4681//7473
f 4681//7474 4652//7474 4682//7474
f 4682//7475 4652//7475 4683//7475
f 4683//7476 4652//7476 4684//7476
f 4684//7477 4652//7477 4685//7477
f 4685//7478 4652//7478 4686//7478
f 4686//7479 4652//7479 4687//7479
f 4687//7480 4652//7480 4688//7480
f 4688//7481 4652//7481 4689//7481
f 4689//7482 4652//7482 4690//7482
f 4653//7483 4652//7483 4668//7483
f 4652//7484 4654//7484 4690//7484
f 4690//7485 4654//7485 4691//7485
f 4691//7486 4654//7486 4692//7486
f 4692//7487 4654//7487 4693//7487
f 4693//7488 4654//7488 4694//7488
f 4694//7489 4654//7489 4695//7489
f 4695//7490 4654//7490 4696//7490
f 4696//7491 4654//7491 4697//7491
f 4697//7492 4654//7492 4698//7492
f 4698//7493 4654//7493 4699//7493
f 4699//7494 4654//7494 4700//7494
f 4700//7495 4654//7495 4701//7495
f 4701//7496 4654//7496 4702//7496
f 4702//7497 4654//7497 4703//7497
f 4703//7498 4654//7498 4704//7498
f 4704//7499 4654//7499 4705//7499
f 4705//7500 4654//7500 4706//7500
f 4706//7501 4654//7501 4707//7501
f 4707//7502 4654//7502 4708//7502
f 4708//7503 4654//7503 4709//7503
f 4709//7504 4654//7504 4710//7504
f 4654//7505 4656//7505 4710//7505
f 4710//7506 4656//7506 4711//7506
f 4711//7507 4656//7507 4712//7507
f 4712//7508 4656//7508 4713//7508
f 4713//7509 4656//7509 4714//7509
f 4714//7510 4656//7510 4715//7510
f 4715//7511 4656//7511 4716//7511
f 4716//7512 4656//7512 4717//7512
f 4717//7513 4656//7513 4718//7513
f 4718//7514 4656//7514 4719//7514
f 4719//7515 4656//7515 4720//7515
f 4720//7516 4656//7516 4721//7516
f 4721//7517 4656//7517 4722//7517
f 4722//7518 4656//7518 4723//7518
f 4723//7519 4656//7519 4724//7519
f 4724//7520 4656//7520 4725//7520
f 4725//7521 4656//7521 4726//7521
f 4726//7522 4656//7522 4727//7522
f 4727//7523 4656//7523 4728//7523
f 4728//7524 4656//7524 4729//7524
f 4729//7525 4656//7525 4730//7525
f 4730//7526 4656//7526 4731//7526
f 4731//7527 4657//7528 4732//7527
f 4732//7529 4657//7529 4733//7529
f 4733//7530 4657//7530 4734//7530
f 4734//7531 4657//7531 4735//7531
f 4735//7532 4657//7532 4736//7532
f 4736//7533 4657//7533 4737//7533
f 4737//7534 4657//7534 4738//7534
f 4738//7535 4657//7535 4739//7535
f 4739//7536 4657//7536 4740//7536
f 4740//7537 4657//7537 4741//7537
f 4741//7538 4657//7538 4742//7538
f 4742//7539 4657//7539 4743//7539
f 4743//7540 4657//7540 4744//7540
f 4744//7541 4657//7541 4745//7541
f 4745//7542 4657//7542 4746//7542
f 4746//7543 4657//7543 4747//7543
f 4747//7544 4657//7544 4748//7544
f 4748//7545 4657//7545 4749//7545
f 4749//7546 4657//7546 4750//7546
f 4750//7547 4657//7547 4751//7547
f 4751//7548 4657//7548 4752//7548
f 4752//7549 4657//7550 4753//7549
f 4656//7551 4657//7551 4731//7551
f 4657//7552 4655//7553 4753//7553
f 4753//7554 4655//7554 4754//7554
f 4754//7555 4655//7555 4755//7555
f 4755//7556 4655//7556 4756//7556
f 4756//7557 4655//7557 4757//7557
f 4757//7558 4655//7558 4758//7558
f 4758//7559 4655//7559 4759//7559
f 4759//7560 4655//7560 4760//7560
f 4760//7561 4655//7561 4761//7561
f 4761//7562 4655//7562 4762//7562
f 4762//7563 4655//7563 4763//7563
f 4763//7564 4655//7564 4764//7564
f 4764//7565 4655//7565 4765//7565
f 4765//7566 4655//7566 4766//7566
f 4766//7567 4655//7567 4767//7567
f 4767//7568 4655//7568 4768//7568
f 4768//7569 4655//7569 4769//7569
f 4769//7570 4655//7570 4770//7570
f 4770//7571 4655//7571 4771//7571
f 4771//7572 4655//7572 4772//7572
f 4772//7573 4655//7573 4773//7573
f 4655//7574 4653//7574 4773//7574
f 4773//7575 4653//7575 4774//7575
f 4774//7576 4653//7576 4775//7576
f 4775//7577 4653//7577 4776//7577
f 4776//7578 4653//7578 4777//7578
f 4777//7579 4653//7579 4778//7579
f 4778//7580 4653//7580 4779//7580
f 4779//7581 4653//7581 4780//7581
f 4780//7582 4653//7582 4781//7582
f 4781//7583 4653//7583 4782//7583
f 4782//7584 4653//7584 4783//7584
f 4783//7585 4653//7585 4658//7585
f 4784//749 4673//749 4674//749
f 4785//598 4674//598 4675//598
f 4785//7586 4784//7586 4674//7586
f 4786//749 4672//749 4673//749
f 4786//7587 4673//7587 4784//7587
f 4787//832 4675//832 4676//832
f 4787//836 4785//836 4675//836
f 4788//7360 4671//7360 4672//7360
f 4788//7416 4672//7416 4786//7416
f 4789//10 4676//10 4677//10
f 4789//834 4787//834 4676//834
f 4790//24 4670//24 4671//24
f 4790//7588 4671//7588 4788//7588
f 4791//7588 4677//7588 4678//7588
f 4791//836 4789//836 4677//836
f 4792//7401 4669//7401 4670//7401
f 4792//836 4670//836 4790//836
f 4793//24 4678//24 4679//24
f 4793//598 4791//598 4678//598
f 4794//749 4668//749 4669//749
f 4794//7356 4669//7356 4792//7356
f 4795//7401 4793//7401 4679//7401
f 4795//7589 4679//7589 4680//7589
f 4796//18 4667//18 4668//18
f 4796//7590 4668//7590 4794//7590
f 4797//834 4680//834 4681//834
f 4797//12 4795//12 4680//12
f 4798//10 4666//10 4667//10
f 4798//7591 4667//7591 4796//7591
f 4799//7416 4681//7416 4682//7416
f 4799//1618 4797//1618 4681//1618
f 4800//1239 4665//1239 4666//1239
f 4800//832 4666//832 4798//832
f 4801//1239 4799//1239 4682//1239
f 4801//21 4682//21 4683//21
f 4802//7592 4664//7592 4665//7592
f 4802//749 4665//749 4800//749
f 4803//7593 4801//7593 4683//7593
f 4803//7594 4683//7594 4684//7594
f 4804//18 4663//18 4664//18
f 4804//7595 4664//7595 4802//7595
f 4805//836 4803//836 4684//836
f 4805//7596 4684//7596 4685//7596
f 4806//7597 4662//7597 4663//7597
f 4806//7595 4663//7595 4804//7595
f 4807//7598 4685//7598 4686//7598
f 4807//7599 4805//7599 4685//7599
f 4808//7591 4661//7591 4662//7591
f 4808//12 4662//12 4806//12
f 4809//10 4686//10 4687//10
f 4809//19 4807//19 4686//19
f 4810//7595 4660//7595 4661//7595
f 4810//836 4661//836 4808//836
f 4811//7600 4687//7600 4688//7600
f 4811//1618 4809//1618 4687//1618
f 4812//7601 4659//7601 4660//7601
f 4812//7589 4660//7589 4810//7589
f 4813//7602 4688//7602 4689//7602
f 4813//7360 4811//7360 4688//7360
f 4814//598 4658//598 4659//598
f 4814//7591 4659//7591 4812//7591
f 4815//7603 4689//7603 4690//7603
f 4815//7588 4813//7588 4689//7588
f 4816//7604 4783//7604 4658//7604
f 4816//7605 4658//7605 4814//7605
f 4817//7606 4690//7606 4691//7606
f 4817//597 4815//597 4690//597
f 4818//836 4782//836 4783//836
f 4818//835 4783//835 4816//835
f 4819//749 4691//749 4692//749
f 4819//7588 4817//7588 4691//7588
f 4820//833 4781//833 4782//833
f 4820//7594 4782//7594 4818//7594
f 4821//10 4692//10 4693//10
f 4821//7417 4819//7417 4692//7417
f 4822//7416 4781//7416 4820//7416
f 4822//831 4780//831 4781//831
f 4823//7607 4821//7607 4693//7607
f 4823//7608 4693//7608 4694//7608
f 4824//7360 4780//7360 4822//7360
f 4824//7603 4779//7603 4780//7603
f 4825//749 4823//749 4694//749
f 4825//18 4694//18 4695//18
f 4826//10 4779//10 4824//10
f 4826//599 4778//599 4779//599
f 4827//749 4825//749 4695//749
f 4827//14 4695//14 4696//14
f 4828//7609 4778//7609 4826//7609
f 4828//7365 4777//7365 4778//7365
f 4829//7610 4827//7610 4696//7610
f 4829//7611 4696//7611 4697//7611
f 4830//7612 4777//7612 4828//7612
f 4776//7603 4777//7603 4830//7603
f 4831//7613 4829//7613 4697//7613
f 4698//7595 4831//7595 4697//7595
f 4832//9 4776//9 4830//9
f 4775//835 4776//835 4832//835
f 4833//7591 4831//7591 4698//7591
f 4699//7600 4833//7600 4698//7600
f 4834//599 4775//599 4832//599
f 4774//10 4775//10 4834//10
f 4835//7606 4833//7606 4699//7606
f 4700//836 4835//836 4699//836
f 4836//7614 4774//7614 4834//7614
f 4773//7610 4774//7610 4836//7610
f 4837//7606 4835//7606 4700//7606
f 4701//24 4837//24 4700//24
f 4838//7606 4773//7606 4836//7606
f 4772//7615 4773//7615 4838//7615
f 4839//7603 4837//7603 4701//7603
f 4702//836 4839//836 4701//836
f 4840//1239 4772//1239 4838//1239
f 4771//7360 4772//7360 4840//7360
f 4841//7606 4839//7606 4702//7606
f 4703//7586 4841//7586 4702//7586
f 4842//749 4771//749 4840//749
f 4770//7595 4771//7595 4842//7595
f 4843//7416 4841//7416 4703//7416
f 4704//24 4843//24 4703//24
f 4844//7616 4770//7616 4842//7616
f 4769//7591 4770//7591 4844//7591
f 4845//7416 4843//7416 4704//7416
f 4705//1239 4845//1239 4704//1239
f 4846//7612 4769//7612 4844//7612
f 4847//9 4845//9 4705//9
f 4768//7417 4769//7417 4846//7417
f 4848//836 4768//836 4846//836
f 4706//7609 4847//7609 4705//7609
f 4849//832 4847//832 4706//832
f 4767//9 4768//9 4848//9
f 4850//14 4767//14 4848//14
f 4707//7606 4849//7606 4706//7606
f 4851//7617 4849//7617 4707//7617
f 4766//7618 4767//7618 4850//7618
f 4852//7619 4766//7619 4850//7619
f 4708//22 4851//22 4707//22
f 4853//21 4851//21 4708//21
f 4765//7591 4766//7591 4852//7591
f 4854//7401 4765//7401 4852//7401
f 4709//10 4853//10 4708//10
f 4855//12 4853//12 4709//12
f 4764//834 4765//834 4854//834
f 4856//7586 4764//7586 4854//7586
f 4710//832 4855//832 4709//832
f 4857//7612 4855//7612 4710//7612
f 4763//9 4764//9 4856//9
f 4858//7591 4763//7591 4856//7591
f 4711//7365 4857//7365 4710//7365
f 4859//19 4857//19 4711//19
f 4762//7605 4763//7605 4858//7605
f 4860//7590 4762//7590 4858//7590
f 4712//7620 4859//7620 4711//7620
f 4861//749 4859//749 4712//749
f 4761//22 4762//22 4860//22
f 4862//7416 4761//7416 4860//7416
f 4713//598 4861//598 4712//598
f 4863//7589 4861//7589 4713//7589
f 4760//7588 4761//7588 4862//7588
f 4760//7360 4862//7360 4864//7360
f 4714//599 4865//599 4863//599
f 4714//832 4863//832 4713//832
f 4759//12 4760//12 4864//12
f 4759//7621 4864//7621 4866//7621
f 4715//7590 4867//7590 4865//7590
f 4715//835 4865//835 4714//835
f 4758//836 4759//836 4866//836
f 4758//15 4866//15 4868//15
f 4716//836 4869//836 4867//836
f 4716//598 4867//598 4715//598
f 4757//14 4868//14 4870//14
f 4757//7622 4758//7622 4868//7622
f 4717//7606 4871//7606 4869//7606
f 4717//834 4869//834 4716//834
f 4756//7360 4870//7360 4872//7360
f 4756//835 4757//835 4870//835
f 4718//7401 4873//7401 4871//7401
f 4718//7596 4871//7596 4717//7596
f 4755//7596 4756//7596 4872//7596
f 4755//12 4872//12 4874//12
f 4719//7365 4873//7365 4718//7365
f 4719//7623 4875//7623 4873//7623
f 4754//1618 4755//1618 4874//1618
f 4754//7591 4874//7591 4876//7591
f 4720//7360 4877//7360 4875//7360
f 4720//7590 4875//7590 4719//7590
f 4753//7596 4754//7596 4876//7596
f 4753//18 4876//18 4878//18
f 4721//10 4877//10 4720//10
f 4721//597 4879//597 4877//597
f 4752//1618 4753//1618 4878//1618
f 4752//7624 4878//7624 4880//7624
f 4722//612 4879//612 4721//612
f 4722//7625 4881//7625 4879//7625
f 4751//7588 4752//7588 4880//7588
f 4751//749 4880//749 4882//749
f 4723//7597 4881//7597 4722//7597
f 4723//18 4883//18 4881//18
f 4750//831 4751//831 4882//831
f 4750//7593 4882//7593 4884//7593
f 4724//18 4885//18 4883//18
f 4724//7593 4883//7593 4723//7593
f 4749//836 4750//836 4884//836
f 4749//835 4884//835 4886//835
f 4725//7608 4887//7608 4885//7608
f 4725//1618 4885//1618 4724//1618
f 4748//7401 4749//7401 4886//7401
f 4748//7626 4886//7626 4888//7626
f 4726//834 4889//834 4887//834
f 4726//834 4887//834 4725//834
f 4747//7627 4748//7627 4888//7627
f 4747//7590 4888//7590 4890//7590
f 4727//7628 4891//7628 4889//7628
f 4727//10 4889//10 4726//10
f 4746//7365 4747//7365 4890//7365
f 4746//832 4890//832 4892//832
f 4728//1903 4893//1903 4891//1903
f 4728//7613 4891//7613 4727//7613
f 4745//834 4746//834 4892//834
f 4745//832 4892//832 4894//832
f 4729//7588 4895//7588 4893//7588
f 4729//7596 4893//7596 4728//7596
f 4744//1618 4745//1618 4894//1618
f 4744//17 4894//17 4896//17
f 4730//613 4897//613 4895//613
f 4730//831 4895//831 4729//831
f 4743//17 4744//17 4896//17
f 4743//1618 4896//1618 4898//1618
f 4731//7606 4899//7606 4897//7606
f 4731//836 4897//836 4730//836
f 4742//7615 4743//7615 4898//7615
f 4742//7629 4898//7629 4900//7629
f 4732//835 4901//835 4899//835
f 4732//15 4899//15 4731//15
f 4741//7627 4742//7627 4900//7627
f 4741//832 4900//832 4902//832
f 4733//7416 4903//7416 4901//7416
f 4733//835 4901//835 4732//835
f 4740//7630 4902//7630 4904//7630
f 4740//7620 4741//7620 4902//7620
f 4734//7631 4905//7631 4903//7631
f 4734//1239 4903//1239 4733//1239
f 4739//10 4904//10 4906//10
f 4739//7595 4740//7595 4904//7595
f 4735//17 4907//17 4905//17
f 4735//7603 4905//7603 4734//7603
f 4738//7606 4906//7606 4908//7606
f 4738//10 4739//10 4906//10
f 4736//7603 4909//7603 4907//7603
f 4736//7632 4907//7632 4735//7632
f 4737//834 4908//834 4909//834
f 4737//7365 4909//7365 4736//7365
f 4737//18 4738//18 4908//18
f 4880//7633 4878//7633 4910//7633
f 4882//7634 4880//7634 4910//7634
f 4884//7635 4882//7635 4910//7635
f 4886//7636 4884//7636 4910//7636
f 4888//7637 4886//7637 4910//7637
f 4890//7638 4888//7638 4910//7638
f 4892//7639 4890//7639 4910//7639
f 4894//7640 4892//7640 4910//7640
f 4896//7641 4894//7641 4910//7641
f 4898//7642 4896//7642 4910//7642
f 4900//7643 4910//7643 4911//7643
f 4900//7644 4898//7644 4910//7645
f 4902//7646 4900//7646 4911//7646
f 4904//7647 4902//7647 4911//7647
f 4906//7648 4904//7648 4911//7648
f 4908//7649 4906//7649 4911//7649
f 4909//7650 4908//7650 4911//7650
f 4907//7651 4909//7651 4911//7651
f 4905//7652 4907//7652 4911//7652
f 4903//7653 4905//7653 4911//7653
f 4901//7654 4903//7654 4911//7654
f 4899//7655 4901//7655 4911//7655
f 4897//7656 4899//7656 4911//7656
f 4895//7657 4897//7657 4911//7657
f 4893//7658 4895//7658 4911//7658
f 4891//7659 4893//7659 4911//7659
f 4889//7660 4891//7660 4911//7660
f 4887//7661 4889//7661 4911//7661
f 4885//7662 4887//7662 4911//7662
f 4883//7663 4885//7663 4911//7663
f 4881//7664 4883//7664 4911//7664
f 4879//7665 4881//7665 4911//7665
f 4877//7666 4911//7666 4912//7666
f 4877//7667 4879//7667 4911//7667
f 4875//7668 4877//7668 4912//7668
f 4873//7669 4875//7669 4912//7669
f 4871//7670 4873//7670 4912//7670
f 4869//7671 4871//7671 4912//7671
f 4867//7672 4869//7672 4912//7672
f 4865//7673 4867//7673 4912//7673
f 4863//7674 4865//7674 4912//7674
f 4861//7675 4863//7675 4912//7675
f 4859//7676 4861//7676 4912//7676
f 4857//7677 4859//7677 4912//7677
f 4855//7678 4857//7678 4912//7678
f 4853//7679 4855//7679 4912//7679
f 4851//7680 4853//7680 4912//7680
f 4849//7681 4851//7681 4912//7681
f 4847//7682 4849//7682 4912//7682
f 4845//7683 4847//7683 4912//7683
f 4843//7684 4845//7684 4912//7684
f 4841//7685 4843//7685 4912//7685
f 4839//7686 4841//7686 4912//7686
f 4837//7687 4839//7687 4912//7687
f 4835//7688 4912//7688 4913//7688
f 4835//7689 4837//7689 4912//7689
f 4833//7690 4835//7690 4913//7690
f 4831//7691 4833//7691 4913//7691
f 4829//7692 4831//7692 4913//7692
f 4827//7693 4829//7693 4913//7693
f 4825//7694 4827//7694 4913//7694
f 4823//7695 4825//7695 4913//7695
f 4821//7696 4823//7696 4913//7696
f 4819//7697 4821//7697 4913//7697
f 4817//7698 4819//7698 4913//7698
f 4815//7699 4817//7699 4913//7699
f 4813//7700 4815//7700 4913//7700
f 4811//7701 4813//7701 4913//7701
f 4809//7702 4811//7702 4913//7702
f 4807//7703 4809//7703 4913//7703
f 4805//7704 4807//7704 4913//7704
f 4803//7705 4805//7705 4913//7705
f 4801//7706 4803//7707 4913//7707
f 4799//7708 4801//7708 4913//7708
f 4797//7709 4799//7709 4913//7709
f 4795//7710 4797//7710 4913//7710
f 4793//7711 4913//7711 4914//7711
f 4793//7712 4795//7712 4913//7712
f 4791//7713 4793//7713 4914//7713
f 4789//7714 4791//7714 4914//7714
f 4787//7715 4789//7715 4914//7715
f 4785//7716 4787//7716 4914//7716
f 4784//7717 4785//7717 4914//7717
f 4786//7718 4784//7718 4914//7718
f 4788//7719 4786//7719 4914//7719
f 4790//7720 4788//7720 4914//7720
f 4792//7721 4790//7721 4914//7721
f 4794//7722 4792//7722 4914//7722
f 4796//7723 4794//7723 4914//7723
f 4798//7724 4796//7724 4914//7724
f 4800//7725 4798//7725 4914//7725
f 4802//7726 4800//7726 4914//7726
f 4804//7727 4802//7727 4914//7727
f 4806//7728 4804//7728 4914//7728
f 4808//7729 4806//7729 4914//7729
f 4810//7730 4808//7730 4914//7730
f 4812//7731 4810//7731 4914//7731
f 4814//7732 4812//7732 4914//7732
f 4816//7733 4814//7733 4914//7733
f 4816//7734 4914//7734 4915//7734
f 4818//7735 4816//7735 4915//7735
f 4820//7736 4818//7736 4915//7736
f 4822//7737 4820//7737 4915//7737
f 4824//7738 4822//7738 4915//7738
f 4826//7739 4824//7739 4915//7739
f 4828//7740 4826//7740 4915//7740
f 4830//7741 4828//7741 4915//7741
f 4832//7742 4830//7742 4915//7742
f 4834//7743 4832//7743 4915//7743
f 4836//7744 4834//7744 4915//7744
f 4838//7745 4836//7745 4915//7745
f 4840//7746 4838//7746 4915//7746
f 4842//7747 4840//7747 4915//7747
f 4844//7748 4842//7748 4915//7748
f 4846//7749 4844//7749 4915//7749
f 4848//7750 4846//7750 4915//7750
f 4850//7751 4848//7751 4915//7751
f 4852//7752 4850//7752 4915//7752
f 4854//7753 4852//7753 4915//7753
f 4856//7754 4854//7754 4915//7754
f 4858//7755 4915//7756 4910//7755
f 4858//7757 4856//7757 4915//7758
f 4860//7759 4858//7759 4910//7759
f 4862//7760 4860//7760 4910//7760
f 4864//7761 4862//7761 4910//7761
f 4866//7762 4864//7762 4910//7762
f 4868//7763 4866//7763 4910//7763
f 4870//7764 4868//7764 4910//7764
f 4872//7765 4870//7765 4910//7765
f 4874//7766 4872//7766 4910//7766
f 4876//7767 4874//7767 4910//7767
f 4878//7768 4876//7768 4910//7768
f 4913//10 4916//10 4914//10
f 4917//598 4916//598 4913//598
f 4918//836 4915//836 4914//836
f 4918//10 4914//10 4916//10
f 4912//835 4919//835 4917//835
f 4912//10 4917//10 4913//10
f 4910//835 4918//835 4920//835
f 4910//836 4915//836 4918//836
f 4911//598 4920//598 4921//598
f 4911//10 4921//10 4919//10
f 4911//7588 4919//7588 4912//7588
f 4911//10 4910//10 4920//10
f 4917//7769 4919//7769 4922//7769
f 4919//7770 4921//7770 4922//7770
f 4921//7771 4920//7771 4922//7771
f 4920//7772 4918//7772 4922//7772
f 4918//7773 4916//7773 4922//7773
f 4916//7774 4917//7774 4922//7774
f 4538//485 4541//485 4923//485
f 4923//485 4541//485 4924//485
f 4924//486 4531//486 4925//486
f 4541//486 4531//486 4924//486
f 4925//487 4529//487 4926//487
f 4531//487 4529//487 4925//487
f 4926//480 4525//480 4927//480
f 4529//480 4525//480 4926//480
f 4927//481 4523//481 4928//481
f 4525//481 4523//481 4927//481
f 4928//482 4528//482 4929//482
f 4523//482 4528//482 4928//482
f 4528//7775 4530//7775 4929//7775
f 4929//7776 4530//7776 4930//7776
f 4930//7777 4535//7777 4931//7777
f 4530//7778 4535//7778 4930//7778
f 4931//7779 4532//7779 4932//7779
f 4535//7780 4532//7780 4931//7780
f 4932//7781 4534//7781 4933//7781
f 4532//7782 4534//7782 4932//7782
f 4934//7783 4935//7783 4534//7783
f 4534//7784 4936//7784 4933//7784
f 4935//7785 4936//7785 4534//7785
f 4933//7786 4937//7786 4938//7786
f 4936//7786 4937//7786 4933//7786
f 4939//7787 4540//7787 4937//7787
f 4937//7788 4540//7788 4938//7788
f 4939//7789 4940//7789 4540//7789
f 4938//7790 4539//7790 4923//7790
f 4540//7791 4539//7791 4938//7791
f 4539//7792 4536//7792 4923//7792
f 4536//7793 4538//7793 4923//7793
f 4941//7794 4940//7794 4939//7794
f 4942//7795 4940//7795 4941//7795
f 4943//7796 4942//7796 4941//7796
f 4944//7797 4942//7797 4943//7797
f 4945//7798 4944//7798 4943//7798
f 4946//7799 4944//7799 4945//7799
f 4947//7800 4946//7800 4945//7800
f 4948//7801 4946//7801 4947//7801
f 4949//7802 4947//7802 4950//7802
f 4949//7803 4948//7803 4947//7803
f 4951//7804 4950//7804 4952//7804
f 4951//7805 4949//7805 4950//7805
f 4953//7806 4951//7806 4952//7806
f 4954//7807 4953//7807 4952//7807
f 4955//7808 4953//7808 4954//7808
f 4956//7809 4955//7809 4954//7809
f 4560//7810 4563//7810 4957//7810
f 4957//7811 4564//7811 4958//7811
f 4563//7812 4564//7812 4957//7812
f 4564//7813 4565//7813 4958//7813
f 4955//7814 4956//7814 4565//7814
f 4956//7815 4959//7815 4565//7815
f 4565//7816 4959//7816 4958//7816
f 4958//7817 4960//7817 4961//7817
f 4959//7817 4960//7817 4958//7817
f 4962//7818 4583//7818 4960//7818
f 4961//7819 4583//7819 4963//7819
f 4960//7820 4583//7820 4961//7820
f 4962//7821 4964//7821 4583//7821
f 4963//7822 4585//7822 4965//7822
f 4583//7823 4585//7823 4963//7823
f 4965//7824 4589//7824 4966//7824
f 4585//7825 4589//7825 4965//7825
f 4966//7826 4586//7826 4967//7826
f 4589//7827 4586//7827 4966//7827
f 4586//7828 4574//7828 4967//7828
f 4968//7829 4964//7829 4962//7829
f 4969//7830 4964//7830 4968//7830
f 4970//7831 4969//7831 4968//7831
f 4971//7832 4969//7832 4970//7832
f 4972//7833 4971//7833 4970//7833
f 4973//7834 4971//7834 4972//7834
f 4974//7835 4973//7835 4972//7835
f 4975//7836 4973//7836 4974//7836
f 4976//7837 4974//7837 4977//7837
f 4976//7838 4975//7838 4974//7838
f 4978//7839 4977//7839 4979//7839
f 4978//7840 4976//7840 4977//7840
f 4980//7841 4978//7841 4979//7841
f 4981//7842 4980//7842 4979//7842
f 4982//7843 4980//7843 4981//7843
f 4983//7844 4982//7844 4981//7844
f 4583//7845 4964//7845 4969//7845
f 4584//7846 4969//7846 4971//7846
f 4584//7845 4583//7845 4969//7845
f 4593//7847 4971//7847 4973//7847
f 4593//7846 4584//7846 4971//7846
f 4595//7848 4973//7848 4975//7848
f 4595//7847 4593//7847 4973//7847
f 4597//7849 4975//7849 4976//7849
f 4597//7850 4595//7850 4975//7850
f 4610//7851 4976//7851 4978//7851
f 4610//7852 4597//7852 4976//7852
f 4609//7853 4978//7853 4980//7853
f 4609//7854 4610//7854 4978//7854
f 4605//7855 4980//7855 4982//7855
f 4605//7853 4609//7853 4980//7853
f 4603//7856 4605//7856 4982//7856
f 4621//7857 4611//7857 4984//7857
f 4984//7858 4611//7858 4985//7858
f 4985//7859 4608//7859 4986//7859
f 4611//7860 4608//7860 4985//7860
f 4986//7861 4604//7861 4987//7861
f 4608//7862 4604//7862 4986//7862
f 4987//7863 4603//7863 4988//7863
f 4604//7864 4603//7864 4987//7864
f 4982//7865 4983//7865 4603//7865
f 4603//7866 4989//7866 4988//7866
f 4983//7867 4989//7867 4603//7867
f 4988//7868 4990//7868 4991//7868
f 4989//7869 4990//7869 4988//7869
f 4992//7870 4600//7870 4990//7870
f 4990//7871 4600//7871 4991//7871
f 4992//7872 4993//7872 4600//7872
f 4991//7873 4599//7873 4994//7873
f 4600//7874 4599//7874 4991//7874
f 4599//7875 4601//7875 4994//7875
f 4601//7876 4602//7876 4994//7876
f 4995//7877 4993//7877 4992//7877
f 4996//7878 4993//7878 4995//7878
f 4997//7879 4996//7879 4995//7879
f 4998//7880 4996//7880 4997//7880
f 4999//7881 4998//7881 4997//7881
f 5000//7882 4998//7882 4999//7882
f 5001//7883 5000//7883 4999//7883
f 5002//7884 5000//7884 5001//7884
f 5003//7885 5001//7885 5004//7885
f 5003//7886 5002//7886 5001//7886
f 5005//7887 5004//7887 5006//7887
f 5005//7888 5003//7888 5004//7888
f 5007//7889 5005//7889 5006//7889
f 5008//7890 5007//7890 5006//7890
f 5009//7891 5007//7891 5008//7891
f 5010//7892 5009//7892 5008//7892
f 4582//7893 4581//7893 5011//7893
f 5011//7894 4578//7894 5012//7894
f 4581//7895 4578//7895 5011//7895
f 4578//7896 4580//7896 5012//7896
f 5009//7897 5010//7897 4580//7897
f 5010//7898 5013//7898 4580//7898
f 4580//7899 5013//7899 5012//7899
f 5012//7900 5014//7900 5015//7900
f 5013//7900 5014//7900 5012//7900
f 5016//7901 4566//7901 5014//7901
f 5015//7902 4566//7902 5017//7902
f 5014//7903 4566//7903 5015//7903
f 5016//7904 5018//7904 4566//7904
f 5017//7905 4558//7905 5019//7905
f 4566//7906 4558//7906 5017//7906
f 5019//7907 4549//7907 5020//7907
f 4558//7908 4549//7908 5019//7908
f 5020//7909 4555//7909 5021//7909
f 4549//7910 4555//7910 5020//7910
f 4555//7911 4561//7911 5021//7911
f 5022//7912 5018//7912 5016//7912
f 5023//7913 5018//7913 5022//7913
f 5024//7914 5023//7914 5022//7914
f 5025//7915 5023//7915 5024//7915
f 5026//7916 5025//7916 5024//7916
f 5027//7917 5025//7917 5026//7917
f 5028//7918 5027//7918 5026//7918
f 5029//7919 5027//7919 5028//7919
f 5030//7920 5028//7920 5031//7920
f 5030//7921 5029//7921 5028//7921
f 5032//7922 5031//7922 5033//7922
f 5032//7923 5030//7923 5031//7923
f 5034//7924 5032//7924 5033//7924
f 5035//7925 5034//7925 5033//7925
f 4934//7926 5034//7926 5035//7926
f 4935//7927 4934//7927 5035//7927
f 4937//320 5036//320 4939//320
f 4936//357 5036//357 4937//357
f 5035//320 5037//320 4935//320
f 4935//320 5037//320 4936//320
f 4936//320 5037//320 5036//320
f 4941//320 5038//320 4943//320
f 4939//320 5038//320 4941//320
f 5036//320 5038//320 4939//320
f 5033//320 5039//320 5035//320
f 5035//320 5039//320 5037//320
f 4943//320 5040//320 4945//320
f 5038//320 5040//320 4943//320
f 5031//320 5041//320 5033//320
f 5033//320 5041//320 5039//320
f 5040//320 5042//320 4945//320
f 4945//320 5042//320 4947//320
f 5031//320 5043//320 5041//320
f 5028//320 5043//320 5031//320
f 5028//320 5026//320 5043//320
f 5042//320 5044//320 4947//320
f 4947//320 5044//320 4950//320
f 5026//320 5045//320 5043//320
f 5026//320 5024//320 5045//320
f 5044//320 5046//320 4950//320
f 4950//320 5046//320 4952//320
f 5024//402 5047//402 5045//402
f 5024//320 5022//320 5047//320
f 5046//320 5048//320 4952//320
f 4952//320 5048//320 4954//320
f 5022//320 5049//320 5047//320
f 5022//320 5016//320 5049//320
f 5048//402 4956//402 4954//402
f 5048//320 5050//320 4956//320
f 5050//402 4959//402 4956//402
f 5016//320 5014//320 5049//320
f 5050//402 4960//402 4959//402
f 5014//320 5051//320 5049//320
f 5013//320 5051//320 5014//320
f 5013//402 5010//402 5051//402
f 4960//320 5052//320 4962//320
f 5050//320 5052//320 4960//320
f 5010//402 5053//402 5051//402
f 5010//320 5008//320 5053//320
f 5052//320 4968//320 4962//320
f 5052//320 5054//320 4968//320
f 5008//320 5006//320 5053//320
f 5053//320 5006//320 5055//320
f 5054//320 4970//320 4968//320
f 5054//320 5056//320 4970//320
f 5055//320 5004//320 5057//320
f 5006//320 5004//320 5055//320
f 5056//320 4972//320 4970//320
f 5056//320 5058//320 4972//320
f 5057//320 5001//320 5059//320
f 5004//320 5001//320 5057//320
f 5058//320 4974//320 4972//320
f 5059//320 4999//320 5060//320
f 5001//320 4999//320 5059//320
f 5061//320 4977//320 5058//320
f 5058//320 4977//320 4974//320
f 5060//320 4997//320 5062//320
f 4999//320 4997//320 5060//320
f 5063//320 4979//320 5061//320
f 5061//320 4979//320 4977//320
f 4997//320 4995//320 5062//320
f 5064//320 4981//320 5063//320
f 5063//320 4981//320 4979//320
f 4990//320 4989//320 5065//320
f 5065//320 4989//320 5064//320
f 4995//320 4992//320 5062//320
f 5065//320 4992//320 4990//320
f 5062//320 4992//320 5065//320
f 5064//320 4983//320 4981//320
f 4989//320 4983//320 5064//320
f 5066//7928 5058//7928 5067//7928
f 5067//7929 5056//7929 5068//7929
f 5058//7928 5056//7928 5067//7928
f 5056//7929 5054//7929 5068//7929
f 5068//2379 5052//2379 5069//2379
f 5054//2379 5052//2379 5068//2379
f 5069//7930 5050//7930 5070//7930
f 5052//7930 5050//7930 5069//7930
f 5070//7931 5048//7931 5071//7931
f 5050//7931 5048//7931 5070//7931
f 5071//7932 5046//7932 5072//7932
f 5048//7933 5046//7933 5071//7933
f 5072//7934 5044//7934 5073//7934
f 5046//7934 5044//7934 5072//7934
f 5073//484 5042//484 5074//484
f 5044//484 5042//484 5073//484
f 5074//7935 5040//7935 5075//7935
f 5042//7935 5040//7935 5074//7935
f 5075//7936 5038//7936 5076//7936
f 5040//7936 5038//7936 5075//7936
f 5076//7937 5036//7937 5077//7937
f 5038//7937 5036//7937 5076//7937
f 5077//7938 5037//7938 5078//7938
f 5036//7938 5037//7938 5077//7938
f 5078//2367 5039//2367 5079//2367
f 5037//2367 5039//2367 5078//2367
f 5079//7939 5041//7939 5080//7939
f 5080//7940 5041//7940 5081//7940
f 5039//7939 5041//7939 5079//7939
f 5041//7940 5043//7940 5081//7940
f 5081//7941 5043//7941 5082//7941
f 5082//7942 5045//7942 5083//7942
f 5043//7941 5045//7941 5082//7941
f 5083//2369 5047//2369 5084//2369
f 5045//7943 5047//7943 5083//7943
f 5047//2369 5049//2369 5084//2369
f 5084//7944 5051//7944 5085//7944
f 5049//7944 5051//7944 5084//7944
f 5085//7945 5053//7945 5086//7945
f 5051//7945 5053//7945 5085//7945
f 5086//7946 5055//7946 5087//7946
f 5053//7947 5055//7947 5086//7947
f 5087//7948 5057//7948 5088//7948
f 5055//7948 5057//7948 5087//7948
f 5088//517 5059//517 5089//517
f 5057//517 5059//517 5088//517
f 5089//7949 5060//7949 5090//7949
f 5059//7949 5060//7949 5089//7949
f 5090//7950 5062//7950 5091//7950
f 5060//7950 5062//7950 5090//7950
f 5091//7951 5065//7951 5092//7951
f 5092//7952 5065//7952 5093//7952
f 5062//7951 5065//7951 5091//7951
f 5065//7952 5064//7952 5093//7952
f 5093//2378 5063//2378 5094//2378
f 5064//2394 5063//2394 5093//2394
f 5094//7953 5061//7953 5095//7953
f 5095//7954 5061//7954 5066//7954
f 5063//7955 5061//7955 5094//7955
f 5061//7956 5058//7956 5066//7956
f 5096//42 5070//42 5097//42
f 5098//42 5069//42 5096//42
f 5096//42 5069//42 5070//42
f 5097//42 5071//42 5099//42
f 5070//42 5071//42 5097//42
f 5100//42 5068//42 5098//42
f 5098//42 5068//42 5069//42
f 5071//42 5072//42 5099//42
f 5072//42 5101//42 5099//42
f 5100//42 5067//42 5068//42
f 5100//42 5102//42 5067//42
f 5072//42 5073//42 5101//42
f 5073//229 5103//229 5101//229
f 5102//42 5066//42 5067//42
f 5102//42 5104//42 5066//42
f 5073//229 5074//229 5103//229
f 5074//42 5105//42 5103//42
f 5104//42 5095//42 5066//42
f 5104//42 5106//42 5095//42
f 5074//42 5075//42 5105//42
f 5075//42 5107//42 5105//42
f 5106//42 5094//42 5095//42
f 5106//42 5108//42 5094//42
f 5075//229 5076//229 5107//229
f 5076//229 5109//229 5107//229
f 5108//42 5093//42 5094//42
f 5108//42 5110//42 5093//42
f 5076//42 5077//42 5109//42
f 5110//42 5092//42 5093//42
f 5077//42 5111//42 5109//42
f 5077//42 5078//42 5111//42
f 5110//42 5112//42 5092//42
f 5112//42 5091//42 5092//42
f 5078//42 5113//42 5111//42
f 5078//42 5079//42 5113//42
f 5112//229 5114//229 5091//229
f 5114//42 5090//42 5091//42
f 5079//44 5115//44 5113//44
f 5079//42 5080//42 5115//42
f 5114//176 5116//176 5090//176
f 5116//42 5089//42 5090//42
f 5080//42 5117//42 5115//42
f 5080//42 5081//42 5117//42
f 5116//229 5118//229 5089//229
f 5118//42 5088//42 5089//42
f 5081//44 5119//44 5117//44
f 5081//42 5082//42 5119//42
f 5118//42 5120//42 5088//42
f 5120//42 5087//42 5088//42
f 5083//42 5121//42 5082//42
f 5082//41 5121//41 5119//41
f 5087//176 5122//176 5086//176
f 5120//42 5122//42 5087//42
f 5084//42 5123//42 5083//42
f 5083//42 5123//42 5121//42
f 5086//42 5124//42 5085//42
f 5122//42 5124//42 5086//42
f 5085//176 5125//176 5084//176
f 5124//42 5125//42 5085//42
f 5084//42 5125//42 5123//42
f 5118//7957 5126//7957 5120//7957
f 5120//7958 5127//7958 5122//7958
f 5126//7959 5127//7959 5120//7959
f 5122//1491 5128//1491 5124//1491
f 5127//7960 5128//7960 5122//7960
f 5128//1491 5129//1491 5124//1491
f 5124//7961 5130//7961 5125//7961
f 5129//7961 5130//7961 5124//7961
f 5125//7962 5131//7962 5123//7962
f 5130//7963 5131//7963 5125//7963
f 5123//7964 5132//7964 5121//7964
f 5131//7964 5132//7964 5123//7964
f 5121//7965 5133//7965 5119//7965
f 5132//7965 5133//7965 5121//7965
f 5119//479 5134//479 5117//479
f 5133//479 5134//479 5119//479
f 5117//7966 5135//7966 5115//7966
f 5134//7967 5135//7967 5117//7967
f 5115//7968 5136//7968 5113//7968
f 5113//7969 5136//7969 5111//7969
f 5135//7970 5136//7970 5115//7970
f 5111//7971 5137//7971 5109//7971
f 5136//7972 5137//7972 5111//7972
f 5137//7973 5138//7973 5109//7973
f 5109//1502 5139//1502 5107//1502
f 5138//1502 5139//1502 5109//1502
f 5107//7974 5140//7974 5105//7974
f 5139//7975 5140//7975 5107//7975
f 5105//7976 5141//7976 5103//7976
f 5140//7976 5141//7976 5105//7976
f 5103//7977 5141//7977 5101//7977
f 5101//7978 5142//7978 5099//7978
f 5141//7977 5142//7977 5101//7977
f 5142//7979 5143//7979 5099//7979
f 5099//1501 5144//1501 5097//1501
f 5143//1501 5144//1501 5099//1501
f 5097//7980 5145//7980 5096//7980
f 5144//7980 5145//7980 5097//7980
f 5096//7981 5146//7981 5098//7981
f 5145//7982 5146//7982 5096//7982
f 5098//7983 5147//7983 5100//7983
f 5146//7983 5147//7983 5098//7983
f 5100//7984 5148//7984 5102//7984
f 5147//7984 5148//7984 5100//7984
f 5102//10 5149//10 5104//10
f 5148//10 5149//10 5102//10
f 5104//7985 5150//7985 5106//7985
f 5106//7986 5150//7986 5108//7986
f 5149//7985 5150//7985 5104//7985
f 5150//7987 5151//7987 5108//7987
f 5108//7988 5152//7988 5110//7988
f 5151//7989 5152//7989 5108//7989
f 5110//7990 5153//7990 5112//7990
f 5112//1492 5153//1492 5114//1492
f 5152//7991 5153//7991 5110//7991
f 5153//1492 5154//1492 5114//1492
f 5114//7992 5155//7992 5116//7992
f 5154//7992 5155//7992 5114//7992
f 5116//7993 5126//7993 5118//7993
f 5155//7993 5126//7993 5116//7993
o rod1
v 7.047923 38.588856 8.279897
v 7.077876 38.590832 8.347603
v 7.208738 38.659622 8.355876
v 6.878682 38.500282 8.267414
v 6.907927 38.504463 8.322754
v 7.232632 38.654430 8.442289
v 7.341735 38.704056 8.486189
v 6.721429 38.404591 8.319933
v 6.748660 38.408470 8.371526
v 7.348637 38.685570 8.592400
v 7.430871 38.716789 8.655115
v 6.595133 38.313320 8.431120
v 6.624321 38.317463 8.486494
v 7.408228 38.679516 8.775079
v 7.465392 38.696285 8.842281
v 6.515028 38.237480 8.587564
v 6.553840 38.245304 8.650155
v 7.402336 38.637184 8.962518
v 7.441136 38.645023 9.025113
v 6.490773 38.186218 8.770395
v 6.547946 38.202972 8.837593
v 7.331854 38.565022 9.126179
v 7.361031 38.569183 9.181558
v 6.525294 38.165718 8.957561
v 6.607539 38.196915 9.020272
v 7.207517 38.474018 9.241146
v 7.234735 38.477913 9.292743
v 6.614429 38.178452 9.126490
v 6.723544 38.228054 9.170382
v 7.048248 38.378021 9.289919
v 7.077484 38.382225 9.345263
v 6.747426 38.222881 9.256801
v 6.878301 38.291649 9.265069
v 6.908242 38.293652 9.332780
v 7.207539 38.442883 9.205631
v 7.323449 38.527721 9.098457
v 7.389153 38.594990 8.945890
v 7.394646 38.634453 8.771159
v 7.339094 38.640099 8.600863
v 7.230951 38.611069 8.460929
v 7.086686 38.551785 8.372661
v 6.928257 38.471268 8.349496
v 6.779788 38.381779 8.394961
v 6.663877 38.296944 8.502135
v 6.598175 38.229675 8.654703
v 6.592680 38.190212 8.829434
v 6.648233 38.184566 8.999731
v 6.756374 38.213596 9.139665
v 6.900640 38.272881 9.227933
v 7.059069 38.353397 9.251097
v 22.197634 10.254336 3.381110
v 22.346102 10.343824 3.335644
v 22.039206 10.173821 3.357946
v 21.894938 10.114536 3.269677
v 21.786798 10.085507 3.129743
v 21.731245 10.091153 2.959447
v 21.736738 10.130615 2.784715
v 21.802441 10.197886 2.632149
v 21.918350 10.282722 2.524974
v 22.066822 10.372211 2.479509
v 22.225250 10.452724 2.502673
v 22.369516 10.512009 2.590941
v 22.477657 10.541039 2.730875
v 22.533209 10.535392 2.901171
v 22.527718 10.495930 3.075903
v 22.462011 10.428660 3.228470
v 22.939903 9.673366 3.182388
v 22.817371 9.585690 3.286073
v 23.023798 9.748653 3.038354
v 23.060839 9.804183 2.868071
v 23.047403 9.834518 2.688206
v 22.984804 9.836690 2.516367
v 22.879171 9.810487 2.369374
v 22.740843 9.758472 2.261616
v 22.583361 9.685740 2.203641
v 22.422138 9.599406 2.201124
v 22.272959 9.507924 2.254311
v 22.150429 9.420249 2.357996
v 22.066532 9.344961 2.502030
v 22.029491 9.289432 2.672314
v 22.042927 9.259097 2.852178
v 22.105526 9.256925 3.024017
v 22.211159 9.283128 3.171010
v 22.349487 9.335142 3.278768
v 22.506971 9.407876 3.336743
v 22.668194 9.494208 3.339260
v 7.265876 38.451202 9.316175
v 7.116697 38.359718 9.369362
v 6.955477 38.273384 9.366845
v 6.797996 38.200653 9.308869
v 6.659667 38.148636 9.201112
v 6.554032 38.122437 9.054119
v 6.491435 38.124607 8.882279
v 6.477997 38.154945 8.702415
v 6.515039 38.210472 8.532132
v 6.598933 38.285759 8.388098
v 6.721466 38.373432 8.284412
v 6.870644 38.464916 8.231225
v 7.031865 38.551250 8.233743
v 7.189346 38.623981 8.291718
v 7.327675 38.675999 8.399476
v 7.433310 38.702202 8.546469
v 7.495907 38.700027 8.718307
v 7.509344 38.669693 8.898171
v 7.472302 38.614162 9.068457
v 7.388410 38.538879 9.212489
v 7.107872 38.268490 9.275461
v 7.269839 38.366112 9.225863
v 7.230917 38.399487 9.196567
v 7.082448 38.310001 9.242032
v 6.935041 38.180656 9.250191
v 6.924019 38.229485 9.218867
v 6.777660 38.115978 9.153898
v 6.779754 38.170200 9.130599
v 6.659688 38.084312 9.001243
v 6.671613 38.141174 8.990665
v 6.599085 38.090469 8.815466
v 6.616061 38.146816 8.820369
v 6.605079 38.133518 8.624848
v 6.621553 38.186279 8.645638
v 6.676754 38.206905 8.458412
v 6.687256 38.253551 8.493071
v 6.803202 38.299454 8.341495
v 6.803166 38.338387 8.385896
v 7.419526 37.690022 9.154617
v 7.581493 37.787643 9.105019
v 7.246695 37.602184 9.129347
v 7.089314 37.537514 9.033054
v 6.971342 37.505844 8.880401
v 6.910738 37.512005 8.694621
v 6.916731 37.555054 8.504005
v 6.988408 37.628437 8.337568
v 7.114854 37.720985 8.220650
v 7.153777 37.687611 8.249947
v 7.037867 37.602776 8.357121
v 6.972164 37.535503 8.509687
v 6.966671 37.496040 8.684420
v 7.022223 37.490398 8.854715
v 7.130363 37.519424 8.994650
v 7.274630 37.578712 9.082918
v 7.433057 37.659225 9.106083
v 7.581529 37.748711 9.060617
v 7.460676 37.857613 8.227646
v 7.604941 37.916901 8.315914
v 7.713082 37.945927 8.455848
v 7.768634 37.940281 8.626143
v 7.763142 37.900822 8.800875
v 7.697439 37.833549 8.953443
v 7.302248 37.777100 8.204481
v 7.707941 37.880196 8.988101
v 7.779616 37.953579 8.821665
v 7.785610 37.996628 8.631048
v 7.725008 38.002785 8.445271
v 7.607036 37.971119 8.292615
v 7.449654 37.906445 8.196322
v 7.276824 37.818611 8.171052
v 6.965169 38.397076 8.291896
v 7.138000 38.484913 8.317165
v 7.295382 38.549587 8.413459
v 7.413353 38.581253 8.566114
v 7.473956 38.575096 8.751891
v 7.467964 38.532043 8.942510
v 7.396287 38.458660 9.108945
v 6.951638 38.427876 8.340430
v 7.110065 38.508389 8.363595
v 7.254332 38.567673 8.451863
v 7.362473 38.596703 8.591797
v 7.418025 38.591057 8.762094
v 7.412531 38.551594 8.936825
v 7.346828 38.484325 9.089393
v 6.764211 38.410694 8.401002
v 6.912681 38.500183 8.355536
v 7.071108 38.580696 8.378700
v 7.215374 38.639980 8.466969
v 7.323515 38.669010 8.606903
v 7.379067 38.663364 8.777199
v 7.373575 38.623905 8.951931
v 7.307871 38.556633 9.104498
v 7.191961 38.471798 9.211672
v 7.043490 38.382309 9.257137
v 6.885064 38.301796 9.233974
v 6.740798 38.242508 9.145704
v 6.632657 38.213482 9.005770
v 6.577104 38.219128 8.835475
v 6.582596 38.258591 8.660743
v 6.648301 38.325859 8.508176
v 7.476468 38.702072 8.843097
v 7.451662 38.649647 9.030082
v 7.441162 38.723038 8.651678
v 7.369734 38.572083 9.190081
v 7.240570 38.478741 9.303793
v 7.350001 38.710018 8.478913
v 7.079745 38.380875 9.357506
v 7.213984 38.664581 8.345640
v 6.906659 38.290291 9.344740
v 7.049512 38.592201 8.267934
v 6.742188 38.217915 9.267034
v 6.876427 38.501617 8.255167
v 6.606170 38.172470 9.133760
v 6.715601 38.403751 8.308880
v 6.515009 38.159451 8.960995
v 6.586437 38.310406 8.422593
v 6.479704 38.180424 8.769577
v 6.504510 38.232845 8.582592
v 6.663011 38.501369 8.329272
v 6.823834 38.599236 8.275559
v 6.996922 38.689819 8.288326
v 7.161393 38.762196 8.366033
v 7.297410 38.807636 8.499305
v 7.388570 38.820656 8.672071
v 7.423875 38.799690 8.863489
v 7.399069 38.747265 9.050474
v 7.317143 38.669701 9.210473
v 7.187979 38.576359 9.324185
v 7.027153 38.478493 9.377898
v 6.854067 38.387905 9.365131
v 6.689597 38.315529 9.287425
v 6.553577 38.270092 9.154153
v 6.462419 38.257072 8.981388
v 6.427113 38.278038 8.789968
v 6.451920 38.330467 8.602983
v 6.533845 38.408024 8.442986
v 7.126571 38.645458 9.296741
v 6.959941 38.545025 9.347769
v 6.782138 38.454666 9.321770
v 6.620228 38.388130 9.222707
v 6.498861 38.355549 9.065659
v 6.436515 38.361889 8.874537
v 6.442680 38.406178 8.678434
v 6.516419 38.481670 8.507209
v 6.646504 38.576881 8.386928
v 6.798140 38.668949 8.337276
v 6.961063 38.753639 8.352058
v 7.114470 38.820133 8.429386
v 7.238770 38.859943 8.559384
v 7.318088 38.867985 8.725453
v 7.342295 38.843227 8.906384
v 7.308301 38.788837 9.079071
v 7.263206 38.746212 9.166821
v 7.201739 38.697716 9.240445
v 6.740390 38.457306 9.201452
v 6.886382 38.525703 9.250556
v 6.618208 38.413975 9.093769
v 6.539734 38.402767 8.945046
v 7.217229 38.743855 9.059541
v 6.517754 38.425503 8.779511
v 7.255322 38.796837 8.904158
v 6.555847 38.478485 8.624128
v 7.233342 38.819576 8.738622
v 6.886694 38.696640 8.433113
v 7.154868 38.808365 8.589900
v 7.032683 38.765034 8.482217
v 6.759771 38.760704 9.299648
v 6.613781 38.692310 9.250546
v 6.491599 38.648975 9.142862
v 6.413126 38.637772 8.994139
v 6.391145 38.660511 8.828606
v 6.429236 38.713493 8.673222
v 7.090621 38.978855 9.108633
v 6.760085 38.931641 8.482206
v 6.906075 39.000034 8.531309
v 7.028257 39.043365 8.638992
v 7.106731 39.054577 8.787715
v 7.128713 39.031841 8.953250
v 6.740831 38.776707 9.174203
v 6.592927 38.714333 9.091336
v 6.896030 38.865616 9.148868
v 6.508811 38.702316 8.931920
v 6.999244 38.947098 9.025008
v 6.520613 38.745251 8.756846
v 7.011046 38.990028 8.849935
v 6.623826 38.826733 8.632987
v 6.926930 38.978012 8.690518
v 6.779026 38.915638 8.607652
v 6.584868 38.899040 8.648092
v 6.740068 38.987949 8.622758
v 6.887973 39.050323 8.705624
v 6.972089 39.062336 8.865040
v 6.960288 39.019405 9.040113
v 6.857075 38.937923 9.163974
v 6.701875 38.849018 9.189308
v 6.553969 38.786644 9.106441
v 6.469853 38.774628 8.947026
v 6.481657 38.817558 8.771951
v 6.441175 38.852573 8.730812
v 6.545948 38.932415 8.618796
v 6.406156 38.800076 8.891802
v 6.450273 38.788990 9.058629
v 6.561703 38.822289 9.186591
v 6.710588 38.891052 9.241401
v 6.857039 38.976852 9.208375
v 6.311646 39.989178 9.419851
v 6.165196 39.903378 9.452878
v 6.016308 39.834614 9.398067
v 5.904879 39.801311 9.270105
v 5.860763 39.812393 9.103279
v 5.895782 39.864891 8.942288
v 6.000555 39.944736 8.830272
v 6.147005 40.030537 8.797246
v 6.692398 39.018219 8.585770
v 6.295891 40.099300 8.852057
v 6.841285 39.086983 8.640580
v 6.407321 40.132603 8.980020
v 6.952714 39.120285 8.768542
v 6.996830 39.109200 8.935369
v 6.451437 40.121521 9.146846
v 6.416419 40.069023 9.307836
v 6.961812 39.056702 9.096358
v 6.000518 39.983669 8.874675
v 6.155718 40.072578 8.849339
v 6.303624 40.134953 8.932206
v 6.387741 40.146969 9.091622
v 6.375937 40.104034 9.266696
v 6.272725 40.022552 9.390555
v 6.117525 39.933647 9.415892
v 5.969620 39.871273 9.333024
v 5.885503 39.859253 9.173608
v 5.897305 39.902187 8.998534
v 6.586641 39.071896 9.210344
v 6.673966 39.072453 9.432886
v 6.504736 38.986446 9.408143
v 6.451414 39.014870 9.134581
v 6.350635 38.923122 9.313856
v 6.235119 38.892113 9.164381
v 6.728539 39.153179 9.187181
v 6.832560 39.168041 9.384320
v 6.956373 39.258663 9.269839
v 6.374507 39.003887 8.988829
v 6.175779 38.898148 8.982474
v 6.822906 39.227680 9.073937
v 7.026556 39.330517 9.106871
v 6.181647 38.940296 8.795829
v 6.385299 39.043137 8.828761
v 6.833695 39.266933 8.913870
v 7.032423 39.372669 8.920225
v 6.251831 39.012157 8.632859
v 6.479664 39.117634 8.715518
v 6.973083 39.378700 8.738317
v 6.756790 39.255943 8.768119
v 6.375644 39.102776 8.518378
v 6.534237 39.198360 8.469812
v 6.621562 39.198917 8.692354
v 6.857569 39.347691 8.588842
v 6.703466 39.284367 8.494556
v 6.515446 39.188831 9.125147
v 6.571856 39.217499 9.133395
v 6.520800 39.290024 8.983650
v 6.622910 39.144978 9.283141
v 6.464077 39.167728 9.093719
v 6.510090 39.087639 9.266644
v 6.425572 39.157391 9.043894
v 6.407357 39.045425 9.203787
v 6.405794 39.159401 8.983258
v 6.330347 39.024754 9.104137
v 6.407750 39.173454 8.921042
v 6.290785 39.028774 8.982866
v 6.431144 39.197407 8.866719
v 6.294699 39.056877 8.858436
v 6.341486 39.104778 8.749789
v 6.581688 39.288139 8.820617
v 6.525280 39.259468 8.812370
v 6.529757 39.228916 8.641091
v 6.633057 39.309250 8.852047
v 6.642578 39.286255 8.657587
v 6.671562 39.319584 8.901873
v 6.745314 39.328472 8.720444
v 6.691340 39.317574 8.962508
v 6.822321 39.349144 8.820095
v 6.689384 39.303524 9.024723
v 6.861883 39.345123 8.941366
v 6.665990 39.279572 9.079046
v 6.857971 39.317020 9.065797
v 6.811182 39.269115 9.174442
v 6.742467 38.782661 9.149921
v 6.884366 38.863949 9.126759
v 6.607241 38.725636 9.074158
v 6.530334 38.714645 8.928407
v 6.541125 38.753899 8.768339
v 6.635491 38.828400 8.655096
v 6.829792 38.783218 9.372464
v 6.660563 38.697216 9.347721
v 6.506461 38.633888 9.253434
v 6.390946 38.602882 9.103959
v 6.988387 38.878807 9.323899
v 7.112199 38.969429 9.209417
v 6.331606 38.608913 8.922052
v 6.978732 38.938446 9.013515
v 7.182383 39.041286 9.046450
v 6.337474 38.651066 8.735407
v 6.989522 38.977699 8.853448
v 7.188251 39.083435 8.859803
v 6.407658 38.722919 8.572437
v 7.128911 39.089470 8.677896
v 6.912615 38.966713 8.707696
v 6.531469 38.813538 8.457956
v 7.013397 39.058460 8.528420
v 6.777389 38.909687 8.631932
v 6.690063 38.909126 8.409389
v 6.859293 38.995132 8.434134
v 6.552848 38.712463 8.667833
v 6.843231 38.691555 8.858627
v 6.674644 38.678055 8.817554
v 6.672688 38.664005 8.879768
v 6.506061 38.664558 8.776480
v 6.692470 38.661995 8.940405
v 6.502148 38.636459 8.900910
v 6.730974 38.672333 8.990230
v 6.541708 38.632439 9.022182
v 6.782341 38.693439 9.021658
v 6.618718 38.653107 9.121832
v 6.838751 38.722111 9.029906
v 6.721453 38.695328 9.184690
v 6.834272 38.752663 9.201185
v 6.932888 38.784176 8.975557
v 6.956282 38.808132 8.921234
v 7.022542 38.876804 9.092486
v 6.958238 38.822182 8.859019
v 7.069332 38.924706 8.983841
v 6.938457 38.824192 8.798383
v 7.073244 38.952808 8.859411
v 6.899951 38.813854 8.748558
v 7.033683 38.956829 8.738139
v 6.848585 38.792747 8.717131
v 6.956675 38.936157 8.638490
v 6.792174 38.764080 8.708881
v 6.853940 38.893940 8.575631
v 6.741119 38.836601 8.559135
v 6.745201 39.050941 9.519294
v 6.895802 39.143295 9.465598
v 6.888449 39.146172 9.456149
v 6.619464 39.036720 9.442383
v 6.582441 38.963783 9.516751
v 6.423458 38.890362 9.458224
v 6.376910 38.878464 9.418418
v 6.283810 38.837849 9.349438
v 6.229012 38.883648 9.168177
v 6.177168 38.811398 9.201043
v 6.113973 38.813591 9.027565
v 6.107495 38.839977 8.907828
v 6.100409 38.844215 8.845984
v 6.215421 38.979046 8.676455
v 6.137803 38.900272 8.674077
v 6.222497 38.976280 8.528669
v 6.349621 39.069210 8.434969
v 6.346199 39.064793 8.423995
v 6.367658 38.696342 8.617501
v 6.233456 38.606182 8.858987
v 6.475582 38.835411 8.386128
v 6.344526 38.749775 8.481353
v 6.468228 38.838287 8.376678
v 6.259833 38.673771 8.626760
v 6.222438 38.617714 8.798668
v 6.236003 38.587086 8.980247
v 6.381351 38.600998 9.109229
v 6.299200 38.584892 9.153726
v 6.405839 38.611347 9.302121
v 6.502870 38.644661 9.369576
v 6.545487 38.663853 9.410907
v 6.771852 38.754116 9.383343
v 6.704473 38.737282 9.469435
v 6.867230 38.824436 9.471975
v 7.014409 38.912376 9.407308
v 7.017833 38.916790 9.418282
v 7.141533 39.005302 9.313607
v 7.148659 39.002583 9.165727
v 7.226228 39.081310 9.168200
v 7.263621 39.137371 8.996291
v 7.256535 39.141605 8.934448
v 7.250058 39.167992 8.814712
v 7.134964 39.097927 8.673998
v 7.186862 39.170185 8.641233
v 7.080221 39.143734 8.492839
v 6.987122 39.103123 8.423859
v 6.940573 39.091221 8.384052
v 6.744462 38.944805 8.399885
v 6.781589 39.017796 8.325524
v 6.618830 38.930637 8.322984
v 6.592279 39.227520 8.458942
v 6.861161 39.336918 8.472699
v 6.496799 39.157143 8.370301
v 6.659557 39.244297 8.372842
v 6.818542 39.317726 8.431370
v 6.958189 39.370235 8.540155
v 6.982732 39.380596 8.733150
v 7.064832 39.396690 8.688551
v 7.128027 39.394497 8.862029
v 7.130575 39.375404 8.983289
v 7.141592 39.363873 9.043610
v 6.996325 39.285194 9.224870
v 7.104198 39.307816 9.215516
v 7.019504 39.231808 9.360925
v 7.207539 38.442883 9.205631
v 7.323449 38.527721 9.098457
v 7.389153 38.594990 8.945890
v 7.339094 38.640099 8.600863
v 7.230951 38.611069 8.460929
v 7.086686 38.551785 8.372661
v 6.928257 38.471268 8.349496
v 6.779788 38.381779 8.394961
v 6.663877 38.296944 8.502135
v 6.598175 38.229675 8.654703
v 6.592680 38.190212 8.829434
v 6.648233 38.184566 8.999731
v 6.756374 38.213596 9.139665
v 6.900640 38.272881 9.227933
v 7.059069 38.353397 9.251097
v 22.197634 10.254336 3.381110
v 22.346102 10.343824 3.335644
v 22.039206 10.173821 3.357946
v 21.894938 10.114536 3.269677
v 21.786798 10.085507 3.129743
v 21.731245 10.091153 2.959447
v 21.736738 10.130615 2.784715
v 21.802441 10.197886 2.632149
v 21.918350 10.282722 2.524974
v 22.066822 10.372211 2.479509
v 22.225250 10.452724 2.502673
v 22.369516 10.512009 2.590941
v 22.477657 10.541039 2.730875
v 22.533209 10.535392 2.901171
v 22.527718 10.495930 3.075903
v 22.462011 10.428660 3.228470
v 22.939903 9.673366 3.182388
v 22.817371 9.585690 3.286073
v 23.023798 9.748653 3.038354
v 23.060839 9.804183 2.868071
v 23.047403 9.834518 2.688206
v 22.984804 9.836690 2.516367
v 22.879171 9.810487 2.369374
v 22.740843 9.758472 2.261616
v 22.583361 9.685740 2.203641
v 22.422138 9.599406 2.201124
v 22.272959 9.507924 2.254311
v 22.150429 9.420249 2.357996
v 22.066532 9.344961 2.502030
v 22.029491 9.289432 2.672314
v 22.042927 9.259097 2.852178
v 22.105526 9.256925 3.024017
v 22.211159 9.283128 3.171010
v 22.349487 9.335142 3.278768
v 22.506971 9.407876 3.336743
v 22.668194 9.494208 3.339260
v 7.265876 38.451202 9.316175
v 7.116697 38.359718 9.369362
v 6.955477 38.273384 9.366845
v 6.659667 38.148636 9.201112
v 6.554032 38.122437 9.054119
v 6.491435 38.124607 8.882279
v 6.477997 38.154945 8.702415
v 6.515039 38.210472 8.532132
v 6.721466 38.373432 8.284412
v 6.870644 38.464916 8.231225
v 7.031865 38.551250 8.233743
v 7.327675 38.675999 8.399476
v 7.433310 38.702202 8.546469
v 7.495907 38.700027 8.718307
v 7.509344 38.669693 8.898171
v 7.472302 38.614162 9.068457
v 7.207539 38.442883 9.205631
v 7.323449 38.527721 9.098457
v 7.389153 38.594990 8.945890
v 7.339094 38.640099 8.600863
v 7.230951 38.611069 8.460929
v 7.086686 38.551785 8.372661
v 6.928257 38.471268 8.349496
v 6.779788 38.381779 8.394961
v 6.663877 38.296944 8.502135
v 6.598175 38.229675 8.654703
v 6.592680 38.190212 8.829434
v 6.648233 38.184566 8.999731
v 6.756374 38.213596 9.139665
v 6.900640 38.272881 9.227933
v 7.059069 38.353397 9.251097
v 22.197634 10.254336 3.381110
v 22.346102 10.343824 3.335644
v 22.039206 10.173821 3.357946
v 21.894938 10.114536 3.269677
v 21.786798 10.085507 3.129743
v 21.731245 10.091153 2.959447
v 21.736738 10.130615 2.784715
v 21.802441 10.197886 2.632149
v 21.918350 10.282722 2.524974
v 22.066822 10.372211 2.479509
v 22.225250 10.452724 2.502673
v 22.369516 10.512009 2.590941
v 22.477657 10.541039 2.730875
v 22.533209 10.535392 2.901171
v 22.527718 10.495930 3.075903
v 22.462011 10.428660 3.228470
v 22.939903 9.673366 3.182388
v 22.817371 9.585690 3.286073
v 23.023798 9.748653 3.038354
v 23.060839 9.804183 2.868071
v 23.047403 9.834518 2.688206
v 22.984804 9.836690 2.516367
v 22.879171 9.810487 2.369374
v 22.740843 9.758472 2.261616
v 22.583361 9.685740 2.203641
v 22.422138 9.599406 2.201124
v 22.272959 9.507924 2.254311
v 22.150429 9.420249 2.357996
v 22.066532 9.344961 2.502030
v 22.029491 9.289432 2.672314
v 22.042927 9.259097 2.852178
v 22.105526 9.256925 3.024017
v 22.211159 9.283128 3.171010
v 22.349487 9.335142 3.278768
v 22.506971 9.407876 3.336743
v 22.668194 9.494208 3.339260
v 7.265876 38.451202 9.316175
v 7.116697 38.359718 9.369362
v 6.955477 38.273384 9.366845
v 6.659667 38.148636 9.201112
v 6.554032 38.122437 9.054119
v 6.491435 38.124607 8.882279
v 6.477997 38.154945 8.702415
v 6.515039 38.210472 8.532132
v 6.721466 38.373432 8.284412
v 6.870644 38.464916 8.231225
v 7.031865 38.551250 8.233743
v 7.327675 38.675999 8.399476
v 7.433310 38.702202 8.546469
v 7.495907 38.700027 8.718307
v 7.509344 38.669693 8.898171
v 7.472302 38.614162 9.068457
vn -0.4665 0.8657 0.1813
vn -0.4665 0.8658 0.1811
vn -0.4665 0.8658 0.1810
vn -0.4666 0.8657 0.1811
vn -0.4664 0.8659 0.1809
vn -0.4664 0.8658 0.1811
vn -0.4666 0.8658 0.1809
vn -0.4667 0.8657 0.1810
vn -0.4663 0.8658 0.1812
vn -0.4667 0.8657 0.1809
vn -0.4666 0.8658 0.1808
vn -0.4663 0.8659 0.1809
vn -0.4664 0.8659 0.1808
vn -0.4666 0.8658 0.1807
vn -0.4663 0.8660 0.1808
vn -0.4663 0.8659 0.1808
vn -0.4665 0.8658 0.1808
vn -0.4665 0.8659 0.1807
vn -0.4664 0.8659 0.1807
vn -0.4665 0.8659 0.1808
vn -0.4665 0.8659 0.1805
vn -0.7574 0.4907 -0.4307
vn -0.7574 0.4908 -0.4307
vn -0.9013 0.3702 -0.2250
vn -0.9013 0.3703 -0.2248
vn -0.9577 0.2857 0.0344
vn -0.9180 0.2500 0.3078
vn -0.7884 0.2685 0.5535
vn -0.7883 0.2685 0.5536
vn -0.5884 0.3385 0.7343
vn -0.5884 0.3384 0.7344
vn -0.3485 0.4491 0.8227
vn -0.3486 0.4492 0.8226
vn -0.1054 0.5839 0.8049
vn 0.1041 0.7220 0.6840
vn 0.1040 0.7219 0.6841
vn 0.2479 0.8425 0.4782
vn 0.2480 0.8425 0.4782
vn 0.3044 0.9270 0.2190
vn 0.3043 0.9271 0.2190
vn 0.2647 0.9628 -0.0544
vn 0.1350 0.9443 -0.3002
vn -0.0650 0.8743 -0.4811
vn -0.0650 0.8743 -0.4810
vn -0.3048 0.7635 -0.5693
vn -0.3048 0.7636 -0.5693
vn -0.5479 0.6289 -0.5516
vn -0.5480 0.6288 -0.5516
vn -0.3100 0.0315 -0.9502
vn 0.0306 0.2202 -0.9750
vn 0.3666 0.3754 -0.8513
vn 0.6468 0.4734 -0.5980
vn 0.8284 0.4993 -0.2537
vn 0.8840 0.4493 0.1293
vn 0.8050 0.3308 0.4925
vn 0.6034 0.1620 0.7808
vn 0.3100 -0.0315 0.9502
vn -0.0307 -0.2202 0.9750
vn -0.3666 -0.3754 0.8513
vn -0.6468 -0.4734 0.5980
vn -0.8284 -0.4993 0.2537
vn -0.8840 -0.4493 -0.1293
vn -0.8050 -0.3308 -0.4925
vn -0.6034 -0.1620 -0.7808
vn 0.3423 -0.0119 0.9395
vn 0.0735 -0.1659 0.9834
vn -0.4587 -0.4116 0.7875
vn -0.2025 -0.3036 0.9310
vn -0.6700 -0.4794 0.5669
vn -0.8156 -0.5002 0.2908
vn -0.8815 -0.4720 -0.0138
vn -0.8610 -0.3977 -0.3170
vn -0.5776 -0.1433 -0.8037
vn -0.7563 -0.2844 -0.5892
vn -0.3423 0.0119 -0.9395
vn -0.0735 0.1659 -0.9834
vn 0.4587 0.4116 -0.7875
vn 0.2025 0.3036 -0.9310
vn 0.6699 0.4794 -0.5669
vn 0.8156 0.5002 -0.2908
vn 0.8815 0.4720 0.0138
vn 0.8610 0.3977 0.3170
vn 0.5776 0.1433 0.8037
vn 0.7563 0.2844 0.5892
vn -0.5713 0.6167 -0.5416
vn -0.5651 0.6493 -0.5090
vn -0.3704 0.7791 -0.5058
vn -0.3678 0.7046 -0.6069
vn -0.1469 0.7912 -0.5936
vn -0.1827 0.8818 -0.4347
vn 0.0641 0.8640 -0.4994
vn -0.0193 0.9522 -0.3049
vn 0.2381 0.9121 -0.3338
vn 0.1055 0.9859 -0.1300
vn 0.3527 0.9284 -0.1168
vn 0.1808 0.9807 0.0741
vn 0.3932 0.9110 0.1243
vn 0.1991 0.9364 0.2889
vn 0.3556 0.8630 0.3589
vn 0.1577 0.8545 0.4950
vn 0.2468 0.7923 0.5580
vn 0.0580 0.7383 0.6720
vn 0.0833 0.7103 0.6990
vn -0.0841 0.5999 0.7956
vn -0.1194 0.6212 0.7745
vn -0.3347 0.5297 0.7794
vn -0.2590 0.4589 0.8499
vn -0.4560 0.3279 0.8274
vn -0.5358 0.4518 0.7133
vn -0.6499 0.2233 0.7265
vn -0.7068 0.3955 0.5865
vn -0.8150 0.1585 0.5574
vn -0.8340 0.3664 0.4125
vn -0.9295 0.1422 0.3403
vn -0.9068 0.3670 0.2075
vn -0.9789 0.1763 0.1029
vn -0.9176 0.3973 -0.0103
vn -0.9585 0.2561 -0.1250
vn -0.8628 0.4543 -0.2215
vn -0.8736 0.3711 -0.3149
vn -0.7426 0.5322 -0.4066
vn -0.7387 0.5063 -0.4449
vn -0.1053 0.5838 0.8050
vn -0.1053 0.5838 0.8051
vn -0.3486 0.4491 0.8227
vn -0.5884 0.3383 0.7344
vn -0.7884 0.2683 0.5536
vn -0.7884 0.2683 0.5535
vn -0.9181 0.2498 0.3078
vn -0.9181 0.2498 0.3077
vn -0.9578 0.2855 0.0344
vn -0.9577 0.2856 0.0344
vn -0.9013 0.3701 -0.2250
vn -0.9013 0.3701 -0.2249
vn -0.7574 0.4906 -0.4310
vn -0.7574 0.4906 -0.4308
vn -0.1041 -0.7220 -0.6840
vn -0.1041 -0.7219 -0.6841
vn -0.2481 -0.8424 -0.4783
vn -0.2480 -0.8425 -0.4782
vn -0.3045 -0.9270 -0.2189
vn -0.2648 -0.9628 0.0545
vn -0.2649 -0.9628 0.0544
vn -0.1351 -0.9442 0.3003
vn 0.0649 -0.8743 0.4811
vn 0.0649 -0.8742 0.4811
vn 0.3047 -0.7635 0.5694
vn 0.3048 -0.7635 0.5694
vn 0.5479 -0.6288 0.5517
vn 0.5482 -0.6289 0.5513
vn 0.4665 -0.8658 -0.1811
vn 0.4665 -0.8658 -0.1809
vn 0.4665 -0.8659 -0.1808
vn 0.4664 -0.8659 -0.1809
vn 0.4666 -0.8658 -0.1809
vn 0.7575 -0.4906 0.4308
vn 0.7574 -0.4906 0.4308
vn 0.9013 -0.3701 0.2250
vn 0.9577 -0.2855 -0.0344
vn 0.9577 -0.2856 -0.0344
vn 0.9181 -0.2498 -0.3078
vn 0.7884 -0.2684 -0.5535
vn 0.7884 -0.2683 -0.5536
vn 0.5884 -0.3383 -0.7344
vn 0.3485 -0.4491 -0.8227
vn 0.1054 -0.5838 -0.8050
vn 0.1054 -0.5838 -0.8051
vn 0.0307 0.2202 -0.9750
vn 0.3666 0.3753 -0.8513
vn 0.8840 0.4493 0.1292
vn -0.5479 0.6287 -0.5518
vn -0.5480 0.6288 -0.5517
vn -0.3048 0.7635 -0.5694
vn -0.3047 0.7634 -0.5695
vn -0.0649 0.8743 -0.4811
vn 0.1351 0.9442 -0.3003
vn 0.1351 0.9442 -0.3004
vn 0.2648 0.9628 -0.0545
vn 0.2648 0.9628 -0.0544
vn 0.3045 0.9270 0.2189
vn 0.3045 0.9270 0.2190
vn 0.2481 0.8424 0.4783
vn 0.2481 0.8425 0.4782
vn 0.1042 0.7219 0.6841
vn 0.1041 0.7219 0.6841
vn 0.6467 0.4734 -0.5980
vn -0.0306 -0.2202 0.9750
vn -0.3666 -0.3753 0.8513
vn -0.8840 -0.4493 -0.1292
vn -0.8050 -0.3308 -0.4926
vn 0.4665 -0.8658 -0.1808
vn 0.4665 -0.8658 -0.1810
vn -0.3280 0.0206 -0.9445
vn -0.3279 0.0206 -0.9445
vn -0.0272 0.1903 -0.9813
vn 0.2768 0.3371 -0.8999
vn 0.5475 0.4432 -0.7098
vn 0.5474 0.4432 -0.7098
vn 0.7521 0.4959 -0.4342
vn 0.7520 0.4959 -0.4342
vn 0.8660 0.4887 -0.1062
vn 0.8754 0.4226 0.2346
vn 0.7793 0.3055 0.5472
vn 0.7793 0.3055 0.5471
vn 0.5892 0.1516 0.7937
vn 0.5891 0.1516 0.7937
vn 0.3279 -0.0206 0.9445
vn 0.3280 -0.0206 0.9445
vn 0.0272 -0.1903 0.9813
vn -0.2768 -0.3371 0.8999
vn -0.5474 -0.4432 0.7098
vn -0.5474 -0.4432 0.7099
vn -0.7521 -0.4959 0.4342
vn -0.7521 -0.4958 0.4342
vn -0.8659 -0.4887 0.1062
vn -0.8660 -0.4887 0.1062
vn -0.8754 -0.4226 -0.2346
vn -0.7793 -0.3055 -0.5471
vn -0.7793 -0.3055 -0.5472
vn -0.5892 -0.1516 -0.7937
vn 0.0187 0.4281 0.9036
vn 0.0545 0.4100 0.9104
vn -0.2815 0.2907 0.9145
vn -0.1936 0.2357 0.9523
vn -0.5657 0.1774 0.8053
vn -0.4558 0.0844 0.8861
vn -0.7973 0.1050 0.5944
vn -0.6955 -0.0244 0.7181
vn -0.8795 -0.0766 0.4698
vn -0.9465 0.0837 0.3115
vn -0.9826 -0.0654 0.1741
vn -0.9932 0.1164 -0.0049
vn -0.9916 0.0079 -0.1293
vn -0.9290 0.1982 -0.3127
vn -0.9069 0.1338 -0.3995
vn -0.7585 0.3170 -0.5694
vn -0.7427 0.2962 -0.6005
vn -0.5154 0.4415 -0.7345
vn -0.5157 0.4459 -0.7316
vn -0.5133 0.4504 -0.7305
vn -0.5165 0.4499 -0.7286
vn -0.5145 0.4588 -0.7244
vn -0.5141 0.4545 -0.7274
vn -0.2492 0.6107 -0.7517
vn -0.2511 0.5881 -0.7689
vn 0.0149 0.7433 -0.6687
vn 0.0186 0.7117 -0.7022
vn 0.2444 0.8368 -0.4900
vn 0.2608 0.8008 -0.5392
vn 0.4103 0.8802 -0.2386
vn 0.4461 0.8436 -0.2990
vn 0.4917 0.8691 0.0531
vn 0.5520 0.8338 -0.0105
vn 0.4788 0.8060 0.3481
vn 0.5651 0.7718 0.2914
vn 0.3349 0.6339 0.6972
vn 0.4817 0.6651 0.5706
vn 0.4808 0.6657 0.5707
vn 0.4838 0.6643 0.5698
vn 0.4828 0.6643 0.5706
vn 0.2373 0.5333 0.8119
vn 0.3301 0.5104 0.7940
vn -0.4665 0.8659 0.1809
vn -0.4665 0.8658 0.1809
vn -0.4664 0.8658 0.1810
vn -0.1789 -0.2926 0.9394
vn -0.5067 -0.4292 0.7477
vn -0.7520 -0.4959 0.4342
vn -0.8749 -0.4818 0.0500
vn -0.8552 -0.3892 -0.3424
vn 0.4657 0.0665 0.8825
vn 0.4656 0.0665 0.8825
vn 0.1789 0.2926 -0.9394
vn 0.5067 0.4292 -0.7477
vn 0.8749 0.4818 -0.0500
vn 0.8552 0.3892 0.3424
vn -0.4656 -0.0665 -0.8825
vn -0.2105 0.0900 -0.9734
vn -0.2105 0.0900 -0.9735
vn 0.3347 0.3621 -0.8700
vn 0.8821 0.4403 0.1675
vn 0.8821 0.4403 0.1674
vn 0.6752 0.2165 0.7051
vn 0.6753 0.2165 0.7051
vn 0.2105 -0.0900 0.9734
vn 0.2104 -0.0900 0.9735
vn -0.3347 -0.3621 0.8700
vn -0.8821 -0.4403 -0.1674
vn -0.6752 -0.2165 -0.7051
vn -0.1394 -0.7400 -0.6580
vn -0.0849 -0.7985 -0.5960
vn -0.3736 -0.8549 -0.3600
vn -0.1686 -0.9546 -0.2455
vn -0.4051 -0.9131 0.0465
vn -0.0751 -0.9906 0.1142
vn -0.2110 -0.8854 0.4142
vn 0.1654 -0.9069 0.3874
vn 0.1373 -0.7819 0.6081
vn 0.4912 -0.7162 0.4957
vn 0.5076 -0.6476 0.5683
vn 0.2551 -0.0641 0.9648
vn -0.6059 -0.4618 0.6478
vn -0.8469 -0.4962 0.1910
vn -0.6444 -0.1926 -0.7400
vn -0.2551 0.0641 -0.9648
vn 0.6059 0.4618 -0.6478
vn 0.8469 0.4962 -0.1910
vn 0.6444 0.1926 0.7400
vn 0.7876 -0.4630 0.4066
vn 0.7936 -0.5169 0.3211
vn 0.9623 -0.2380 0.1317
vn 0.9078 -0.4175 -0.0412
vn 0.9585 -0.1143 -0.2611
vn 0.8233 -0.3982 -0.4044
vn 0.7645 -0.1420 -0.6288
vn 0.5738 -0.4652 -0.6740
vn 0.4515 -0.3109 -0.8363
vn 0.2174 -0.5991 -0.7706
vn 0.1406 -0.5555 -0.8195
vn -0.5076 0.6476 -0.5683
vn -0.4912 0.7161 -0.4959
vn -0.1373 0.7819 -0.6081
vn -0.1654 0.9069 -0.3874
vn 0.2110 0.8854 -0.4142
vn 0.0752 0.9906 -0.1143
vn 0.4051 0.9131 -0.0464
vn 0.1686 0.9546 0.2454
vn 0.3735 0.8549 0.3601
vn 0.0849 0.7985 0.5960
vn 0.1394 0.7401 0.6579
vn -0.1406 0.5555 0.8195
vn -0.2174 0.5991 0.7706
vn -0.4515 0.3109 0.8364
vn -0.5738 0.4651 0.6741
vn -0.7645 0.1420 0.6288
vn -0.8233 0.3982 0.4044
vn -0.9585 0.1143 0.2611
vn -0.9078 0.4175 0.0412
vn -0.9623 0.2380 -0.1317
vn -0.7935 0.5169 -0.3211
vn -0.7876 0.4630 -0.4067
vn 0.4665 -0.8659 -0.1809
vn -0.4480 0.7351 0.5088
vn -0.3295 0.8008 0.5001
vn -0.3295 0.8008 0.5002
vn -0.9829 -0.0000 0.1843
vn -0.5648 0.6812 0.4658
vn -0.6624 0.6471 0.3776
vn -0.5649 0.6812 0.4658
vn -0.7256 0.6380 0.2578
vn -0.6623 0.6470 0.3777
vn -0.6624 0.6470 0.3776
vn -0.7449 0.6555 0.1247
vn -0.7256 0.6380 0.2579
vn -0.7174 0.6967 -0.0017
vn -0.7174 0.6966 -0.0017
vn -0.7449 0.6554 0.1246
vn -0.7449 0.6554 0.1247
vn -0.6473 0.7554 -0.1021
vn -0.9702 -0.0000 -0.2425
vn -0.9702 0.0001 -0.2425
vn -0.7174 0.6967 -0.0018
vn -0.7174 0.6966 -0.0018
vn -0.4267 0.8883 -0.1696
vn -0.5452 0.8227 -0.1610
vn -0.9995 -0.0079 -0.0312
vn -0.9995 -0.0078 -0.0312
vn -0.3098 0.9423 -0.1266
vn -0.4267 0.8884 -0.1696
vn -0.4267 0.8883 -0.1697
vn -0.2123 0.9764 -0.0385
vn -0.1491 0.9855 0.0813
vn -0.2123 0.9764 -0.0384
vn -0.1298 0.9680 0.2146
vn -0.1573 0.9269 0.3409
vn -0.1573 0.9268 0.3409
vn -0.1298 0.9681 0.2145
vn -0.1573 0.9269 0.3408
vn -0.2274 0.8681 0.4412
vn 0.9701 0.2424 -0.0152
vn 0.9700 0.2425 -0.0152
vn -0.1573 0.9268 0.3410
vn 0.2105 -0.0900 0.9735
vn -0.4664 0.8658 0.1809
vn 0.2274 -0.8681 -0.4412
vn 0.1573 -0.9268 -0.3409
vn 0.1298 -0.9681 -0.2145
vn 0.1297 -0.9681 -0.2145
vn 0.1572 -0.9268 -0.3409
vn 0.1573 -0.9268 -0.3410
vn 0.1491 -0.9855 -0.0812
vn 0.1298 -0.9681 -0.2144
vn 0.1298 -0.9680 -0.2146
vn 0.1491 -0.9855 -0.0814
vn 0.2123 -0.9764 0.0384
vn 0.1491 -0.9855 -0.0813
vn 0.3098 -0.9424 0.1266
vn 0.2123 -0.9764 0.0385
vn 0.3098 -0.9423 0.1266
vn 0.4267 -0.8883 0.1696
vn 0.5452 -0.8227 0.1610
vn 0.4267 -0.8884 0.1696
vn 0.9994 0.0155 0.0312
vn 0.9994 0.0156 0.0312
vn 0.4267 -0.8884 0.1697
vn 0.6472 -0.7554 0.1021
vn 0.7174 -0.6966 0.0017
vn 0.6473 -0.7554 0.1021
vn 0.7449 -0.6555 -0.1246
vn 0.7174 -0.6966 0.0018
vn 0.7449 -0.6555 -0.1245
vn 0.7174 -0.6967 0.0018
vn 0.7174 -0.6967 0.0017
vn 0.7256 -0.6380 -0.2579
vn 0.7449 -0.6554 -0.1246
vn 0.6624 -0.6471 -0.3776
vn 0.7256 -0.6380 -0.2578
vn 0.7255 -0.6380 -0.2579
vn 0.6623 -0.6471 -0.3776
vn 0.5650 -0.6813 -0.4655
vn 0.6624 -0.6470 -0.3777
vn 0.5649 -0.6812 -0.4658
vn 0.4480 -0.7351 -0.5088
vn 0.5649 -0.6811 -0.4658
vn 0.5649 -0.6812 -0.4657
vn 0.3295 -0.8008 -0.5002
vn 0.9923 0.1240 -0.0000
vn 0.9923 0.1239 -0.0000
vn 0.4480 -0.7352 -0.5088
vn 0.4480 -0.7352 -0.5087
vn -0.2104 0.0900 -0.9735
vn -0.3193 0.8082 0.4948
vn -0.3586 0.8268 0.4334
vn -0.4073 0.7451 0.5281
vn -0.5063 0.7281 0.4620
vn -0.5292 0.7514 0.3941
vn -0.6518 0.4055 0.6409
vn -0.5843 0.7272 0.3603
vn -0.6693 0.6467 0.3658
vn -0.7198 0.6394 0.2703
vn -0.6721 0.7146 0.1938
vn -0.9210 0.3671 0.1307
vn -0.6702 0.7313 0.1270
vn -0.7115 0.6989 0.0731
vn -0.7108 0.7018 -0.0472
vn -0.6105 0.7908 -0.0440
vn -0.6373 0.7630 -0.1083
vn 0.2379 -0.8617 -0.4481
vn 0.2866 -0.8743 -0.3918
vn 0.1575 -0.9099 -0.3839
vn 0.1749 -0.9467 -0.2706
vn 0.2335 -0.9463 -0.2235
vn -0.2012 -0.9683 -0.1482
vn 0.2305 -0.9605 -0.1560
vn 0.1557 -0.9854 -0.0693
vn 0.2060 -0.9782 0.0263
vn 0.3182 -0.9480 0.0105
vn 0.0676 -0.9297 0.3621
vn 0.3747 -0.9261 0.0437
vn 0.3802 -0.9173 0.1182
vn 0.4610 -0.8665 0.1913
vn 0.5385 -0.8383 0.0856
vn 0.5560 -0.8167 0.1548
vn 0.6373 -0.7630 0.1080
vn 0.6105 -0.7908 0.0440
vn 0.7108 -0.7018 0.0472
vn 0.7116 -0.6988 -0.0731
vn 0.6701 -0.7314 -0.1269
vn 0.9211 -0.3667 -0.1307
vn 0.6721 -0.7147 -0.1939
vn 0.7197 -0.6395 -0.2702
vn 0.6694 -0.6466 -0.3658
vn 0.5842 -0.7272 -0.3604
vn 0.6517 -0.4055 -0.6410
vn 0.5292 -0.7514 -0.3942
vn 0.5064 -0.7282 -0.4619
vn 0.4073 -0.7451 -0.5281
vn 0.3586 -0.8268 -0.4334
vn 0.3194 -0.8082 -0.4948
vn -0.5560 0.8165 -0.1556
vn -0.5385 0.8383 -0.0855
vn -0.4610 0.8665 -0.1915
vn -0.3801 0.9173 -0.1183
vn -0.3746 0.9262 -0.0438
vn -0.0675 0.9298 -0.3618
vn -0.3183 0.9479 -0.0104
vn -0.2060 0.9782 -0.0263
vn -0.1556 0.9854 0.0692
vn -0.2303 0.9605 0.1560
vn 0.2023 0.9680 0.1482
vn -0.2336 0.9463 0.2235
vn -0.1750 0.9466 0.2707
vn -0.1575 0.9098 0.3839
vn -0.2865 0.8743 0.3918
vn -0.2381 0.8619 0.4478
vn -0.6699 -0.4794 0.5669
s 0
usemtl mat3.001
f 5156//7994 5157//7994 5158//7994
f 5159//7995 5160//7995 5156//7995
f 5156//7996 5160//7996 5157//7996
f 5157//7996 5161//7996 5158//7996
f 5161//7997 5162//7997 5158//7997
f 5163//7998 5164//7998 5159//7998
f 5159//7999 5164//7999 5160//7999
f 5161//8000 5165//8000 5162//8000
f 5165//8001 5166//8001 5162//8001
f 5163//7998 5167//7998 5164//7998
f 5167//8002 5168//8002 5164//8002
f 5165//8003 5169//8003 5166//8003
f 5169//8001 5170//8001 5166//8001
f 5167//8000 5171//8000 5168//8000
f 5171//7998 5172//7998 5168//7998
f 5169//8004 5173//8004 5170//8004
f 5173//8003 5174//8003 5170//8003
f 5171//8005 5175//8005 5172//8005
f 5175//8005 5176//8005 5172//8005
f 5173//8004 5177//8004 5174//8004
f 5177//8004 5178//8004 5174//8004
f 5175//8005 5179//8005 5176//8005
f 5179//8006 5180//8006 5176//8006
f 5177//8007 5181//8007 5178//8007
f 5181//8004 5182//8004 5178//8004
f 5179//8008 5183//8008 5180//8008
f 5183//8009 5184//8009 5180//8009
f 5185//8010 5186//8010 5181//8010
f 5181//8011 5186//8011 5182//8011
f 5184//8012 5187//8012 5188//8012
f 5183//8009 5187//8009 5184//8009
f 5187//8012 5189//8012 5188//8012
f 5188//8013 5189//8013 5185//8013
f 5185//8014 5189//8014 5186//8014
f 5181//8015 5177//8015 5190//8015
f 5190//8016 5177//8016 5191//8016
f 5191//8017 5173//8017 5192//8017
f 5177//8018 5173//8018 5191//8018
f 5192//8019 5169//8019 5193//8019
f 5173//8019 5169//8019 5192//8019
f 5193//8020 5165//8020 5194//8020
f 5169//8020 5165//8020 5193//8020
f 5194//8021 5161//8021 5195//8021
f 5165//8022 5161//8022 5194//8022
f 5195//8023 5157//8023 5196//8023
f 5161//8024 5157//8024 5195//8024
f 5196//8025 5160//8025 5197//8025
f 5157//8026 5160//8026 5196//8026
f 5197//8027 5164//8027 5198//8027
f 5160//8027 5164//8027 5197//8027
f 5164//8028 5168//8028 5198//8028
f 5198//8029 5168//8029 5199//8029
f 5168//8030 5200//8030 5199//8030
f 5168//8031 5172//8031 5200//8031
f 5200//8032 5176//8032 5201//8032
f 5172//8033 5176//8033 5200//8033
f 5176//8034 5202//8034 5201//8034
f 5176//8034 5180//8034 5202//8034
f 5202//8035 5184//8035 5203//8035
f 5180//8035 5184//8035 5202//8035
f 5203//8036 5188//8036 5204//8036
f 5184//8037 5188//8037 5203//8037
f 5204//8038 5185//8038 5205//8038
f 5188//8039 5185//8039 5204//8039
f 5205//8040 5181//8040 5190//8040
f 5185//8041 5181//8041 5205//8041
f 5190//8042 5206//8042 5205//8042
f 5205//8043 5208//8043 5204//8043
f 5204//8044 5209//8044 5203//8044
f 5203//8045 5210//8045 5202//8045
f 5202//8046 5211//8046 5201//8046
f 5201//8047 5212//8047 5200//8047
f 5200//8048 5213//8048 5199//8048
f 5199//8049 5214//8049 5198//8049
f 5198//8050 5215//8050 5197//8050
f 5197//8051 5216//8051 5196//8051
f 5196//8052 5217//8052 5195//8052
f 5195//8053 5218//8053 5194//8053
f 5194//8054 5219//8054 5193//8054
f 5193//8055 5219//8055 5192//8055
f 5192//8056 5221//8056 5191//8056
f 5191//8057 5207//8057 5190//8057
f 5223//8058 5242//8058 5243//8058
f 5240//8059 5243//8059 5244//8059
f 5239//8060 5245//8060 5246//8060
f 5239//8061 5244//8061 5245//8061
f 5237//8062 5246//8062 5247//8062
f 5236//8063 5247//8063 5248//8063
f 5235//8064 5248//8064 5249//8064
f 5234//8065 5249//8065 5250//8065
f 5233//8066 5251//8066 5252//8066
f 5233//8067 5250//8067 5251//8067
f 5232//8068 5252//8068 5253//8068
f 5230//8069 5253//8069 5254//8069
f 5229//8070 5255//8070 5256//8070
f 5229//8071 5254//8071 5255//8071
f 5227//8072 5256//8072 5257//8072
f 5226//8073 5257//8073 5258//8073
f 5225//8074 5258//8074 5259//8074
f 5224//8075 5259//8075 5260//8075
f 5222//8076 5261//8076 5242//8076
f 5222//8077 5260//8077 5261//8077
f 5253//8078 5252//8078 5163//8078
f 5253//8079 5163//8079 5159//8079
f 5254//8080 5159//8080 5156//8080
f 5254//8081 5253//8081 5159//8081
f 5255//8082 5254//8082 5156//8082
f 5158//8083 5255//8083 5156//8083
f 5256//8084 5255//8084 5158//8084
f 5162//8085 5256//8085 5158//8085
f 5257//8086 5256//8086 5162//8086
f 5166//8087 5257//8087 5162//8087
f 5258//8088 5257//8088 5166//8088
f 5170//8089 5258//8089 5166//8089
f 5259//8090 5258//8090 5170//8090
f 5174//8091 5259//8091 5170//8091
f 5260//8092 5259//8092 5174//8092
f 5178//8093 5260//8093 5174//8093
f 5261//8094 5260//8094 5178//8094
f 5182//8095 5261//8095 5178//8095
f 5242//8096 5261//8096 5182//8096
f 5243//8097 5242//8097 5182//8097
f 5243//8098 5182//8098 5186//8098
f 5244//8099 5186//8099 5189//8099
f 5244//8100 5243//8100 5186//8100
f 5245//8101 5244//8101 5189//8101
f 5187//8102 5245//8102 5189//8102
f 5246//8103 5245//8103 5187//8103
f 5183//8104 5246//8104 5187//8104
f 5247//8105 5246//8105 5183//8105
f 5179//8106 5247//8106 5183//8106
f 5248//8107 5247//8107 5179//8107
f 5175//8108 5248//8108 5179//8108
f 5249//8109 5248//8109 5175//8109
f 5171//8110 5249//8110 5175//8110
f 5250//8111 5249//8111 5171//8111
f 5167//8112 5250//8112 5171//8112
f 5251//8113 5250//8113 5167//8113
f 5163//8114 5251//8114 5167//8114
f 5252//8115 5251//8115 5163//8115
f 5262//8116 5263//8116 5264//8116
f 5262//8117 5264//8117 5265//8117
f 5266//8025 5265//8025 5267//8025
f 5266//8118 5262//8118 5265//8118
f 5268//8119 5267//8119 5269//8119
f 5268//8119 5266//8119 5267//8119
f 5270//8120 5269//8120 5271//8120
f 5270//8121 5268//8121 5269//8121
f 5272//8122 5271//8122 5273//8122
f 5272//8123 5270//8123 5271//8123
f 5274//8124 5273//8124 5275//8124
f 5274//8125 5272//8125 5273//8125
f 5276//8126 5275//8126 5277//8126
f 5276//8127 5274//8127 5275//8127
f 5278//8128 5277//8128 5279//8128
f 5278//8129 5276//8129 5277//8129
f 5280//8050 5281//8050 5263//8050
f 5280//8050 5263//8050 5262//8050
f 5282//8051 5262//8051 5266//8051
f 5282//8051 5280//8051 5262//8051
f 5283//8052 5266//8052 5268//8052
f 5283//8053 5268//8053 5270//8053
f 5283//8052 5282//8052 5266//8052
f 5284//8053 5283//8053 5270//8053
f 5285//8054 5270//8054 5272//8054
f 5285//8054 5284//8054 5270//8054
f 5286//8055 5272//8055 5274//8055
f 5286//8055 5285//8055 5272//8055
f 5287//8056 5274//8056 5276//8056
f 5287//8057 5276//8057 5278//8057
f 5287//8056 5286//8056 5274//8056
f 5288//8057 5287//8057 5278//8057
f 5287//8130 5288//8130 5289//8130
f 5287//8131 5289//8131 5290//8131
f 5286//8132 5290//8132 5291//8132
f 5286//8133 5287//8133 5290//8133
f 5285//8134 5291//8134 5292//8134
f 5285//8134 5286//8134 5291//8134
f 5284//8135 5292//8135 5293//8135
f 5284//8136 5285//8136 5292//8136
f 5294//8137 5284//8137 5293//8137
f 5283//8137 5284//8137 5294//8137
f 5295//8138 5283//8138 5294//8138
f 5282//8139 5283//8139 5295//8139
f 5280//8140 5295//8140 5296//8140
f 5280//8141 5282//8141 5295//8141
f 5281//8142 5296//8142 5297//8142
f 5281//8143 5280//8143 5296//8143
f 5298//8144 5299//8144 5300//8144
f 5298//8145 5300//8145 5301//8145
f 5298//8145 5301//8145 5302//8145
f 5298//8145 5302//8145 5303//8145
f 5304//8145 5303//8145 5297//8145
f 5304//8145 5298//8145 5303//8145
f 5294//8146 5296//8146 5295//8146
f 5290//8145 5289//8145 5304//8145
f 5290//8145 5304//8145 5297//8145
f 5291//8145 5297//8145 5296//8145
f 5291//8147 5294//8147 5293//8147
f 5291//8148 5293//8148 5292//8148
f 5291//8145 5296//8145 5294//8145
f 5291//8145 5290//8145 5297//8145
f 5305//8149 5281//8149 5297//8149
f 5305//8150 5297//8150 5303//8150
f 5306//8151 5303//8151 5302//8151
f 5306//8151 5305//8151 5303//8151
f 5301//8152 5306//8152 5302//8152
f 5307//8153 5306//8153 5301//8153
f 5308//8154 5301//8154 5300//8154
f 5308//8154 5307//8154 5301//8154
f 5309//8155 5300//8155 5299//8155
f 5309//8156 5308//8156 5300//8156
f 5310//8157 5299//8157 5298//8157
f 5310//8157 5309//8157 5299//8157
f 5311//8158 5298//8158 5304//8158
f 5311//8158 5310//8158 5298//8158
f 5288//8159 5304//8159 5289//8159
f 5288//8160 5311//8160 5304//8160
f 5311//8042 5288//8042 5278//8042
f 5311//8042 5278//8042 5312//8042
f 5310//8043 5312//8043 5313//8043
f 5310//8161 5311//8161 5312//8161
f 5309//8162 5313//8162 5314//8162
f 5309//8044 5310//8044 5313//8044
f 5308//8045 5314//8045 5315//8045
f 5308//8046 5315//8046 5316//8046
f 5308//8045 5309//8045 5314//8045
f 5307//8046 5308//8046 5316//8046
f 5306//8047 5316//8047 5317//8047
f 5306//8163 5307//8163 5316//8163
f 5305//8048 5317//8048 5318//8048
f 5305//8048 5306//8048 5317//8048
f 5281//8049 5318//8049 5263//8049
f 5281//8049 5305//8049 5318//8049
f 5312//8164 5278//8164 5279//8164
f 5312//8165 5279//8165 5319//8165
f 5313//8166 5319//8166 5320//8166
f 5313//8167 5312//8167 5319//8167
f 5314//8168 5320//8168 5321//8168
f 5314//8168 5313//8168 5320//8168
f 5322//8169 5314//8169 5321//8169
f 5315//8170 5314//8170 5322//8170
f 5316//8171 5322//8171 5323//8171
f 5316//8172 5315//8172 5322//8172
f 5317//8173 5323//8173 5324//8173
f 5317//8174 5316//8174 5323//8174
f 5325//8175 5317//8175 5324//8175
f 5318//8176 5317//8176 5325//8176
f 5264//8177 5318//8177 5325//8177
f 5263//8178 5318//8178 5264//8178
f 5319//8042 5279//8042 5326//8042
f 5319//8042 5326//8042 5327//8042
f 5320//8161 5327//8161 5328//8161
f 5320//8161 5319//8161 5327//8161
f 5321//8045 5329//8045 5330//8045
f 5321//8044 5328//8044 5329//8044
f 5321//8044 5320//8044 5328//8044
f 5322//8179 5321//8179 5330//8179
f 5323//8046 5330//8046 5331//8046
f 5323//8046 5322//8046 5330//8046
f 5324//8163 5331//8163 5332//8163
f 5324//8047 5323//8047 5331//8047
f 5325//8048 5332//8048 5333//8048
f 5325//8048 5324//8048 5332//8048
f 5264//8049 5333//8049 5334//8049
f 5264//8049 5325//8049 5333//8049
f 5265//8050 5264//8050 5334//8050
f 5265//8050 5334//8050 5335//8050
f 5267//8051 5335//8051 5336//8051
f 5267//8180 5265//8180 5335//8180
f 5269//8052 5336//8052 5337//8052
f 5269//8181 5267//8181 5336//8181
f 5271//8053 5337//8053 5338//8053
f 5271//8053 5269//8053 5337//8053
f 5273//8182 5339//8182 5340//8182
f 5273//8054 5338//8054 5339//8054
f 5273//8054 5271//8054 5338//8054
f 5275//8056 5340//8056 5341//8056
f 5275//8055 5273//8055 5340//8055
f 5277//8183 5275//8183 5341//8183
f 5279//8057 5341//8057 5326//8057
f 5279//8057 5277//8057 5341//8057
f 5332//8145 5342//8145 5343//8145
f 5331//8146 5344//8146 5342//8146
f 5331//8145 5342//8145 5332//8145
f 5333//8146 5343//8146 5345//8146
f 5333//8145 5332//8145 5343//8145
f 5330//8145 5344//8145 5331//8145
f 5334//8145 5345//8145 5346//8145
f 5334//8145 5333//8145 5345//8145
f 5347//8146 5344//8146 5330//8146
f 5348//8145 5334//8145 5346//8145
f 5329//8145 5347//8145 5330//8145
f 5335//8145 5334//8145 5348//8145
f 5349//8145 5347//8145 5329//8145
f 5350//8145 5335//8145 5348//8145
f 5328//8145 5349//8145 5329//8145
f 5336//8145 5335//8145 5350//8145
f 5351//8145 5349//8145 5328//8145
f 5352//8145 5336//8145 5350//8145
f 5327//8145 5351//8145 5328//8145
f 5337//8145 5336//8145 5352//8145
f 5353//8184 5351//8184 5327//8184
f 5354//8184 5337//8184 5352//8184
f 5326//8145 5353//8145 5327//8145
f 5338//8145 5337//8145 5354//8145
f 5355//8145 5353//8145 5326//8145
f 5356//8145 5339//8145 5338//8145
f 5356//8185 5338//8185 5354//8185
f 5357//8146 5326//8146 5341//8146
f 5357//8145 5355//8145 5326//8145
f 5358//8145 5340//8145 5339//8145
f 5358//8145 5339//8145 5356//8145
f 5359//8145 5341//8145 5340//8145
f 5359//8145 5357//8145 5341//8145
f 5359//8146 5340//8146 5358//8146
f 5353//8186 5355//8186 5360//8186
f 5353//8187 5360//8187 5361//8187
f 5353//8188 5361//8188 5362//8188
f 5351//8188 5353//8188 5362//8188
f 5349//8189 5362//8189 5363//8189
f 5349//8189 5351//8189 5362//8189
f 5347//8190 5363//8190 5364//8190
f 5347//8191 5349//8191 5363//8191
f 5344//8192 5364//8192 5365//8192
f 5344//8193 5347//8193 5364//8193
f 5342//8194 5365//8194 5366//8194
f 5342//8194 5344//8194 5365//8194
f 5343//8195 5366//8195 5367//8195
f 5343//8195 5342//8195 5366//8195
f 5345//8196 5367//8196 5368//8196
f 5345//8197 5343//8197 5367//8197
f 5346//8198 5368//8198 5369//8198
f 5346//8199 5345//8199 5368//8199
f 5348//8200 5346//8200 5369//8200
f 5348//8201 5369//8201 5370//8201
f 5348//8202 5370//8202 5371//8202
f 5350//8202 5348//8202 5371//8202
f 5352//8203 5371//8203 5372//8203
f 5352//8204 5372//8204 5373//8204
f 5352//8203 5350//8203 5371//8203
f 5354//8205 5352//8205 5373//8205
f 5356//8206 5373//8206 5374//8206
f 5356//8207 5354//8207 5373//8207
f 5358//8208 5374//8208 5375//8208
f 5358//8209 5356//8209 5374//8209
f 5359//8210 5375//8210 5376//8210
f 5359//8210 5358//8210 5375//8210
f 5357//8211 5376//8211 5377//8211
f 5357//8212 5359//8212 5376//8212
f 5355//8213 5377//8213 5360//8213
f 5355//8213 5357//8213 5377//8213
f 5370//8214 5378//8214 5379//8214
f 5370//8215 5369//8215 5378//8215
f 5371//8216 5379//8216 5380//8216
f 5371//8217 5370//8217 5379//8217
f 5372//8218 5380//8218 5381//8218
f 5372//8219 5371//8219 5380//8219
f 5373//8220 5381//8220 5382//8220
f 5373//8221 5372//8221 5381//8221
f 5374//8222 5373//8222 5382//8222
f 5383//8223 5374//8223 5382//8223
f 5375//8224 5374//8224 5383//8224
f 5384//8225 5375//8225 5383//8225
f 5376//8226 5375//8226 5384//8226
f 5385//8227 5376//8227 5384//8227
f 5377//8228 5376//8228 5385//8228
f 5386//8229 5377//8229 5385//8229
f 5360//8230 5377//8230 5386//8230
f 5361//8231 5360//8232 5386//8233
f 5361//8234 5386//8235 5387//8236
f 5362//8237 5387//8237 5388//8237
f 5362//8238 5361//8238 5387//8238
f 5363//8239 5388//8239 5389//8239
f 5363//8240 5362//8240 5388//8240
f 5364//8241 5389//8241 5390//8241
f 5364//8242 5363//8242 5389//8242
f 5365//8243 5390//8243 5391//8243
f 5365//8244 5364//8244 5390//8244
f 5366//8245 5391//8245 5392//8245
f 5366//8246 5365//8246 5391//8246
f 5367//8247 5392//8247 5393//8247
f 5367//8248 5366//8248 5392//8248
f 5368//8249 5394//8249 5395//8249
f 5368//8250 5393//8251 5394//8250
f 5368//8252 5367//8252 5393//8253
f 5369//8254 5395//8254 5378//8254
f 5369//8255 5368//8255 5395//8255
f 5396//8256 5381//8256 5380//8256
f 5397//7996 5380//7996 5379//7996
f 5397//8257 5396//8257 5380//8257
f 5378//8257 5397//8257 5379//8257
f 5398//8257 5382//8257 5381//8257
f 5398//8257 5381//8257 5396//8257
f 5399//8257 5382//8257 5398//8257
f 5383//8257 5382//8257 5399//8257
f 5400//8257 5378//8257 5395//8257
f 5400//8257 5395//8257 5394//8257
f 5400//8257 5397//8257 5378//8257
f 5393//8256 5400//8256 5394//8256
f 5401//8013 5383//8013 5399//8013
f 5384//7998 5383//7998 5401//7998
f 5402//8256 5400//8256 5393//8256
f 5403//8258 5384//8258 5401//8258
f 5392//8257 5402//8257 5393//8257
f 5385//7998 5384//7998 5403//7998
f 5404//8257 5402//8257 5392//8257
f 5391//8257 5404//8257 5392//8257
f 5386//8257 5385//8257 5403//8257
f 5405//8257 5386//8257 5403//8257
f 5390//8257 5406//8257 5404//8257
f 5390//8257 5404//8257 5391//8257
f 5387//8257 5386//8257 5405//8257
f 5389//8257 5407//8257 5406//8257
f 5389//8257 5406//8257 5390//8257
f 5388//8013 5405//8013 5407//8013
f 5388//8010 5387//8010 5405//8010
f 5388//8013 5407//8013 5389//8013
f 5396//8259 5408//8259 5409//8259
f 5396//8259 5397//8259 5408//8259
f 5398//8260 5409//8260 5410//8260
f 5398//8260 5396//8260 5409//8260
f 5399//8206 5410//8206 5411//8206
f 5399//8261 5398//8261 5410//8261
f 5401//8262 5411//8262 5412//8262
f 5401//8262 5399//8262 5411//8262
f 5403//8263 5412//8263 5413//8263
f 5403//8263 5401//8263 5412//8263
f 5397//8264 5400//8264 5408//8264
f 5408//8265 5400//8265 5414//8265
f 5407//8266 5405//8266 5415//8266
f 5407//8266 5415//8266 5416//8266
f 5406//8267 5416//8267 5417//8267
f 5406//8267 5407//8267 5416//8267
f 5404//8193 5417//8193 5418//8193
f 5404//8193 5406//8193 5417//8193
f 5402//8268 5418//8268 5419//8268
f 5402//8268 5404//8268 5418//8268
f 5400//8269 5419//8269 5414//8269
f 5400//8269 5402//8269 5419//8269
f 5420//8257 5409//8257 5408//8257
f 5421//8010 5410//8010 5409//8010
f 5421//8013 5409//8013 5420//8013
f 5422//8257 5420//8257 5408//8257
f 5423//7998 5411//7998 5410//7998
f 5423//8257 5410//8257 5421//8257
f 5414//7996 5422//7996 5408//7996
f 5412//8256 5411//8256 5423//8256
f 5424//8013 5422//8013 5414//8013
f 5425//7998 5412//7998 5423//7998
f 5419//8256 5424//8256 5414//8256
f 5413//8257 5412//8257 5425//8257
f 5426//8257 5424//8257 5419//8257
f 5427//8257 5413//8257 5425//8257
f 5418//8010 5426//8010 5419//8010
f 5417//8013 5428//8013 5426//8013
f 5417//8010 5426//8010 5418//8010
f 5415//8013 5427//8013 5429//8013
f 5415//8257 5413//8257 5427//8257
f 5416//8257 5429//8257 5428//8257
f 5416//8257 5428//8257 5417//8257
f 5416//8257 5415//8257 5429//8257
f 5405//8270 5403//8270 5415//8270
f 5415//8270 5403//8270 5413//8270
f 5429//8271 5427//8271 5430//8271
f 5429//8272 5430//8272 5431//8272
f 5428//8273 5431//8273 5432//8273
f 5428//8273 5429//8273 5431//8273
f 5426//8193 5432//8193 5433//8193
f 5426//8192 5428//8192 5432//8192
f 5424//8274 5433//8274 5434//8274
f 5424//8275 5426//8275 5433//8275
f 5422//8276 5434//8276 5435//8276
f 5422//8277 5424//8277 5434//8277
f 5420//8278 5422//8278 5435//8278
f 5420//8279 5435//8279 5436//8279
f 5421//8280 5436//8280 5437//8280
f 5421//8280 5420//8280 5436//8280
f 5423//8261 5437//8261 5438//8261
f 5423//8206 5421//8206 5437//8206
f 5425//8281 5438//8281 5439//8281
f 5425//8281 5423//8281 5438//8281
f 5427//8282 5439//8282 5430//8282
f 5427//8282 5425//8282 5439//8282
f 5440//8283 5441//8283 5430//8283
f 5440//8284 5430//8284 5439//8284
f 5442//8285 5440//8285 5439//8285
f 5438//8286 5442//8286 5439//8286
f 5443//8287 5442//8287 5438//8287
f 5437//8288 5443//8288 5438//8288
f 5444//8289 5443//8289 5437//8289
f 5436//8290 5444//8290 5437//8290
f 5445//8291 5444//8291 5436//8291
f 5435//8292 5445//8292 5436//8292
f 5446//8293 5445//8293 5435//8293
f 5446//8294 5447//8294 5448//8294
f 5445//8061 5448//8061 5449//8061
f 5445//8294 5446//8294 5448//8294
f 5444//8295 5449//8295 5450//8295
f 5444//8061 5445//8061 5449//8061
f 5443//8295 5444//8295 5450//8295
f 5442//8296 5450//8296 5451//8296
f 5442//8065 5451//8065 5452//8065
f 5442//8296 5443//8296 5450//8296
f 5440//8065 5442//8065 5452//8065
f 5441//8297 5452//8297 5453//8297
f 5441//8297 5440//8297 5452//8297
f 5441//8298 5453//8298 5454//8298
f 5455//8071 5454//8071 5456//8071
f 5455//8298 5441//8298 5454//8298
f 5457//8299 5456//8299 5458//8299
f 5457//8071 5455//8071 5456//8071
f 5459//8299 5457//8299 5458//8299
f 5460//8300 5458//8300 5461//8300
f 5460//8075 5461//8075 5462//8075
f 5460//8300 5459//8300 5458//8300
f 5463//8301 5462//8301 5447//8301
f 5463//8075 5460//8075 5462//8075
f 5446//8301 5463//8301 5447//8301
f 5463//8302 5446//8302 5435//8302
f 5463//8303 5435//8303 5434//8303
f 5460//8304 5463//8304 5434//8304
f 5433//8305 5460//8305 5434//8305
f 5459//8306 5460//8306 5433//8306
f 5432//8307 5459//8307 5433//8307
f 5457//8308 5459//8308 5432//8308
f 5431//8309 5457//8309 5432//8309
f 5455//8310 5457//8310 5431//8310
f 5430//8311 5455//8311 5431//8311
f 5441//8312 5455//8312 5430//8312
f 5454//8313 5453//8313 5464//8313
f 5454//8314 5464//8314 5465//8314
f 5456//8315 5454//8315 5465//8315
f 5466//8316 5456//8316 5465//8316
f 5458//8317 5456//8317 5466//8317
f 5467//8318 5458//8318 5466//8318
f 5461//8319 5458//8319 5467//8319
f 5468//8320 5461//8320 5467//8320
f 5462//8321 5461//8321 5468//8321
f 5469//8322 5462//8322 5468//8322
f 5447//8323 5462//8323 5469//8323
f 5448//8324 5447//8324 5469//8324
f 5448//8325 5469//8325 5470//8325
f 5449//8326 5448//8326 5470//8326
f 5471//8327 5449//8327 5470//8327
f 5450//8328 5449//8328 5471//8328
f 5472//8329 5450//8329 5471//8329
f 5451//8330 5450//8330 5472//8330
f 5473//8331 5451//8331 5472//8331
f 5452//8332 5451//8332 5473//8332
f 5464//8333 5452//8333 5473//8333
f 5453//8334 5452//8334 5464//8334
f 5472//8013 5471//8013 5470//8013
f 5473//8257 5472//8257 5470//8257
f 5464//8256 5470//8256 5469//8256
f 5464//8257 5473//8257 5470//8257
f 5465//8257 5469//8257 5468//8257
f 5465//8257 5468//8257 5467//8257
f 5465//8013 5467//8013 5466//8013
f 5465//8257 5464//8257 5469//8257
f 5474//8145 5475//8145 5476//8145
f 5477//8145 5478//8145 5479//8145
f 5477//8145 5476//8145 5478//8145
f 5477//8145 5474//8145 5476//8145
f 5480//8145 5481//8145 5475//8145
f 5480//8335 5475//8335 5474//8335
f 5482//8184 5481//8184 5480//8184
f 5483//8145 5479//8145 5484//8145
f 5483//8145 5477//8145 5479//8145
f 5485//8145 5482//8145 5480//8145
f 5486//8145 5482//8145 5485//8145
f 5487//8145 5483//8145 5484//8145
f 5488//8145 5483//8145 5487//8145
f 5489//8145 5486//8145 5485//8145
f 5490//8145 5486//8145 5489//8145
f 5491//8184 5488//8184 5487//8184
f 5492//8145 5488//8145 5491//8145
f 5493//8184 5489//8184 5494//8184
f 5493//8145 5490//8145 5489//8145
f 5495//8335 5492//8335 5491//8335
f 5496//8335 5497//8335 5492//8335
f 5496//8145 5492//8145 5495//8145
f 5498//8184 5493//8184 5494//8184
f 5499//8145 5494//8145 5497//8145
f 5499//8145 5497//8145 5496//8145
f 5499//8145 5498//8145 5494//8145
f 5500//8336 5501//8336 5502//8336
f 5503//8337 5481//8337 5502//8337
f 5503//8336 5476//8336 5475//8336
f 5503//8338 5475//8338 5481//8338
f 5503//8339 5502//8339 5501//8339
f 5504//8340 5500//8340 5502//8340
f 5505//8336 5501//8336 5500//8336
f 5505//8336 5476//8336 5503//8336
f 5505//8336 5503//8336 5501//8336
f 5506//8341 5504//8341 5502//8341
f 5507//8342 5478//8342 5476//8342
f 5507//8342 5476//8342 5505//8342
f 5507//8340 5500//8340 5504//8340
f 5507//8342 5505//8342 5500//8342
f 5508//8343 5506//8343 5502//8343
f 5509//8341 5479//8341 5478//8341
f 5509//8344 5478//8344 5507//8344
f 5509//8345 5504//8345 5506//8345
f 5509//8341 5507//8341 5504//8341
f 5509//8343 5506//8343 5508//8343
f 5510//8346 5508//8346 5502//8346
f 5511//8343 5484//8343 5479//8343
f 5511//8347 5479//8347 5509//8347
f 5511//8347 5509//8347 5508//8347
f 5512//8348 5510//8348 5502//8348
f 5513//8349 5491//8349 5487//8349
f 5513//8350 5487//8350 5484//8350
f 5513//8350 5484//8350 5511//8350
f 5513//8351 5508//8351 5510//8351
f 5513//8350 5511//8350 5508//8350
f 5514//8352 5502//8352 5495//8352
f 5514//8352 5495//8352 5491//8352
f 5514//8353 5512//8353 5502//8354
f 5514//8355 5491//8355 5513//8355
f 5514//8356 5510//8356 5512//8356
f 5514//8348 5513//8348 5510//8348
f 5515//8357 5516//8357 5502//8357
f 5517//8358 5495//8358 5502//8358
f 5517//8358 5496//8358 5495//8358
f 5517//8359 5502//8359 5516//8360
f 5518//8361 5515//8361 5502//8361
f 5519//8362 5499//8362 5496//8362
f 5519//8361 5515//8361 5518//8361
f 5519//8363 5496//8363 5517//8363
f 5519//8357 5516//8357 5515//8357
f 5519//8362 5517//8362 5516//8362
f 5520//8364 5518//8364 5502//8364
f 5521//8361 5498//8361 5499//8361
f 5521//8361 5499//8361 5519//8361
f 5521//8361 5519//8361 5518//8361
f 5522//8365 5520//8365 5502//8365
f 5523//8364 5493//8364 5498//8364
f 5523//8364 5498//8364 5521//8364
f 5523//8366 5518//8366 5520//8366
f 5523//8364 5521//8364 5518//8364
f 5523//8365 5520//8365 5522//8365
f 5524//8367 5522//8367 5502//8367
f 5525//8365 5490//8365 5493//8365
f 5525//8365 5493//8365 5523//8365
f 5525//8365 5523//8365 5522//8365
f 5526//8368 5524//8368 5502//8368
f 5527//8369 5482//8369 5486//8369
f 5527//8370 5486//8370 5490//8370
f 5527//8367 5490//8367 5525//8367
f 5527//8370 5522//8370 5524//8370
f 5527//8367 5525//8367 5522//8367
f 5527//8371 5524//8371 5526//8371
f 5528//8372 5502//8372 5481//8372
f 5528//8372 5481//8372 5482//8372
f 5528//8373 5526//8374 5502//8373
f 5528//8375 5527//8375 5526//8375
f 5528//8369 5482//8369 5527//8369
f 5529//8279 5530//8279 5480//8279
f 5529//8376 5480//8376 5474//8376
f 5531//8280 5474//8280 5477//8280
f 5531//8280 5529//8280 5474//8280
f 5532//8206 5477//8206 5483//8206
f 5532//8281 5483//8281 5488//8281
f 5532//8261 5531//8261 5477//8261
f 5533//8281 5532//8281 5488//8281
f 5534//8282 5488//8282 5492//8282
f 5534//8282 5533//8282 5488//8282
f 5535//8257 5529//8257 5536//8257
f 5536//8257 5531//8257 5537//8257
f 5537//8257 5531//8257 5538//8257
f 5529//8010 5531//8010 5536//8010
f 5539//8257 5530//8257 5535//8257
f 5535//8257 5530//8257 5529//8257
f 5539//8010 5540//8010 5530//8010
f 5538//8013 5532//8013 5541//8013
f 5531//8257 5532//8257 5538//8257
f 5540//8257 5542//8257 5530//8257
f 5540//8257 5543//8257 5542//8257
f 5532//8377 5544//8377 5541//8377
f 5532//8013 5533//8013 5544//8013
f 5543//8257 5545//8257 5542//8257
f 5543//8256 5546//8256 5545//8256
f 5533//8256 5547//8256 5544//8256
f 5533//8257 5534//8257 5547//8257
f 5545//8257 5548//8257 5549//8257
f 5546//8257 5548//8257 5545//8257
f 5534//8257 5550//8257 5547//8257
f 5548//8257 5551//8257 5549//8257
f 5552//8010 5553//8010 5534//8010
f 5534//8257 5553//8257 5550//8257
f 5549//8257 5554//8257 5552//8257
f 5552//8257 5554//8257 5553//8257
f 5551//8257 5554//8257 5549//8257
f 5555//8378 5550//8378 5556//8378
f 5555//8378 5547//8378 5550//8378
f 5555//8379 5556//8379 5557//8379
f 5558//8380 5557//8380 5556//8380
f 5559//8381 5541//8381 5544//8381
f 5559//8382 5544//8382 5547//8382
f 5559//8383 5547//8383 5555//8383
f 5559//8383 5555//8383 5557//8383
f 5560//8384 5558//8384 5556//8384
f 5561//8385 5557//8385 5558//8385
f 5561//8386 5541//8386 5559//8386
f 5561//8380 5559//8380 5557//8380
f 5561//8387 5558//8387 5560//8387
f 5562//8388 5560//8388 5556//8388
f 5563//8387 5538//8387 5541//8387
f 5563//8384 5541//8384 5561//8384
f 5563//8389 5561//8389 5560//8389
f 5564//8390 5562//8390 5556//8390
f 5565//8391 5537//8391 5538//8391
f 5565//8388 5538//8388 5563//8388
f 5565//8391 5560//8391 5562//8391
f 5565//8391 5563//8391 5560//8391
f 5565//8392 5562//8392 5564//8392
f 5566//8393 5564//8393 5556//8393
f 5567//8392 5536//8392 5537//8392
f 5567//8392 5537//8392 5565//8392
f 5567//8392 5565//8392 5564//8392
f 5568//8394 5556//8394 5539//8394
f 5568//8394 5539//8394 5535//8394
f 5568//8395 5535//8395 5536//8395
f 5568//8396 5566//8397 5556//8397
f 5568//8398 5536//8398 5567//8398
f 5568//8393 5564//8393 5566//8393
f 5568//8395 5567//8395 5564//8395
f 5569//8399 5539//8399 5556//8399
f 5570//8400 5569//8400 5556//8400
f 5571//8401 5540//8401 5539//8401
f 5571//8401 5539//8401 5569//8401
f 5572//8402 5570//8402 5556//8402
f 5573//8403 5543//8403 5540//8403
f 5573//8404 5570//8404 5572//8404
f 5573//8405 5571//8405 5569//8405
f 5573//8406 5569//8406 5570//8406
f 5573//8405 5540//8405 5571//8405
f 5574//8407 5572//8407 5556//8407
f 5575//8402 5546//8402 5543//8402
f 5575//8408 5543//8408 5573//8408
f 5575//8408 5573//8408 5572//8408
f 5576//8409 5574//8409 5556//8409
f 5577//8407 5548//8407 5546//8407
f 5577//8410 5546//8410 5575//8410
f 5577//8410 5572//8410 5574//8410
f 5577//8411 5575//8411 5572//8411
f 5577//8412 5574//8412 5576//8412
f 5578//8413 5576//8413 5556//8413
f 5579//8409 5551//8409 5548//8409
f 5579//8414 5548//8414 5577//8414
f 5579//8409 5577//8409 5576//8409
f 5579//8415 5576//8415 5578//8415
f 5580//8416 5578//8416 5556//8416
f 5581//8416 5553//8416 5554//8416
f 5581//8417 5554//8417 5551//8417
f 5581//8418 5551//8418 5579//8418
f 5581//8415 5579//8415 5578//8415
f 5582//8419 5556//8419 5550//8419
f 5582//8419 5550//8419 5553//8419
f 5582//8420 5580//8420 5556//8421
f 5582//8416 5553//8416 5581//8416
f 5582//8422 5578//8422 5580//8422
f 5582//8423 5581//8423 5578//8423
f 5552//8272 5534//8272 5492//8272
f 5552//8424 5492//8424 5497//8424
f 5549//8273 5497//8273 5494//8273
f 5549//8273 5552//8273 5497//8273
f 5545//8193 5494//8193 5489//8193
f 5545//8275 5489//8275 5485//8275
f 5545//8193 5549//8193 5494//8193
f 5542//8275 5545//8275 5485//8275
f 5530//8276 5485//8276 5480//8276
f 5530//8276 5542//8276 5485//8276
f 5583//8425 5584//8425 5585//8425
f 5586//8426 5583//8426 5585//8426
f 5587//8427 5583//8427 5586//8427
f 5588//8428 5587//8428 5586//8428
f 5589//8429 5588//8429 5586//8429
f 5590//8430 5588//8430 5589//8430
f 5591//8431 5590//8431 5589//8431
f 5592//8432 5590//8432 5591//8432
f 5593//8433 5592//8433 5591//8433
f 5594//8434 5593//8434 5591//8434
f 5595//8435 5593//8435 5594//8435
f 5596//8436 5595//8436 5594//8436
f 5597//8437 5595//8437 5596//8437
f 5598//8438 5597//8438 5596//8438
f 5599//8439 5598//8439 5596//8439
f 5600//8440 5598//8440 5599//8440
f 5601//8196 5594//8196 5602//8196
f 5603//8196 5596//8196 5601//8196
f 5601//8197 5596//8197 5594//8197
f 5603//8197 5599//8197 5596//8197
f 5604//8441 5605//8441 5603//8441
f 5601//8442 5604//8442 5603//8442
f 5606//8443 5604//8443 5601//8443
f 5607//8444 5606//8444 5601//8444
f 5602//8445 5607//8445 5601//8445
f 5608//8446 5607//8446 5602//8446
f 5609//8447 5608//8447 5602//8447
f 5610//8448 5608//8448 5609//8448
f 5611//8449 5610//8449 5609//8449
f 5612//8450 5611//8450 5609//8450
f 5613//8451 5611//8451 5612//8451
f 5614//8452 5613//8452 5612//8452
f 5615//8453 5613//8453 5614//8453
f 5616//8454 5615//8454 5614//8454
f 5617//8455 5616//8455 5614//8455
f 5618//8456 5616//8456 5617//8456
f 5619//8457 5618//8457 5617//8457
f 5620//8458 5619//8458 5617//8458
f 5621//8459 5619//8459 5620//8459
f 5622//8460 5621//8460 5620//8460
f 5623//8461 5622//8461 5620//8461
f 5624//8462 5622//8462 5623//8462
f 5625//8463 5624//8463 5623//8463
f 5626//8464 5624//8464 5625//8464
f 5627//8465 5626//8465 5625//8465
f 5628//8466 5627//8466 5625//8466
f 5629//8467 5627//8467 5628//8467
f 5630//8468 5629//8468 5628//8468
f 5631//8469 5629//8469 5630//8469
f 5632//8470 5631//8470 5630//8470
f 5603//8471 5632//8471 5630//8471
f 5605//8472 5632//8472 5603//8472
f 5630//8202 5599//8202 5603//8202
f 5628//8202 5633//8202 5630//8202
f 5630//8202 5633//8202 5599//8202
f 5628//8202 5634//8202 5633//8202
f 5635//8473 5600//8473 5599//8473
f 5633//8474 5635//8474 5599//8474
f 5636//8475 5635//8475 5633//8475
f 5637//8476 5636//8476 5633//8476
f 5634//8477 5637//8477 5633//8477
f 5638//8478 5637//8478 5634//8478
f 5639//8479 5638//8479 5634//8479
f 5640//8480 5638//8480 5639//8480
f 5641//8481 5640//8481 5639//8481
f 5642//8482 5641//8482 5639//8482
f 5643//8483 5641//8483 5642//8483
f 5644//8484 5643//8484 5642//8484
f 5645//8485 5643//8485 5644//8485
f 5646//8486 5645//8486 5644//8486
f 5585//8487 5646//8487 5644//8487
f 5584//8488 5646//8488 5585//8488
f 5644//8211 5617//8211 5585//8211
f 5642//8212 5620//8212 5644//8212
f 5644//8211 5620//8211 5617//8211
f 5642//8211 5623//8211 5620//8211
f 5639//8261 5623//8261 5642//8261
f 5634//8261 5625//8261 5639//8261
f 5639//8206 5625//8206 5623//8206
f 5634//8206 5628//8206 5625//8206
f 5586//8188 5612//8188 5589//8188
f 5585//8188 5614//8188 5586//8188
f 5586//8188 5614//8188 5612//8188
f 5585//8188 5617//8188 5614//8188
f 5609//8192 5589//8192 5612//8192
f 5602//8193 5591//8193 5609//8193
f 5609//8193 5591//8193 5589//8193
f 5602//8193 5594//8193 5591//8193
f 5730//8042 5729//8042 5714//8042
f 5729//8043 5731//8043 5728//8043
f 5731//8162 5732//8162 5727//8162
f 5732//8045 5733//8045 5726//8045
f 5733//8046 5734//8046 5725//8046
f 5734//8163 5735//8163 5724//8163
f 5735//8048 5736//8048 5723//8048
f 5736//8049 5737//8049 5722//8049
f 5737//8050 5738//8050 5721//8050
f 5738//8180 5739//8180 5720//8180
f 5739//8181 5740//8181 5719//8181
f 5740//8053 5741//8053 5718//8053
f 5741//8054 5742//8054 5717//8054
f 5742//8182 5743//8182 5716//8182
f 5743//8056 5744//8056 5716//8056
f 5744//8057 5730//8057 5715//8057
f 5764//8058 5746//8058 5766//8058
f 5763//8059 5764//8059 5766//8059
f 5762//8061 5763//8061 5767//8061
f 5761//8060 5762//8060 5768//8060
f 5760//8489 5761//8489 5768//8489
f 5759//8063 5760//8063 5769//8063
f 5758//8064 5759//8064 5770//8064
f 5757//8065 5758//8065 5771//8065
f 5756//8067 5757//8067 5772//8067
f 5755//8066 5756//8066 5773//8066
f 5754//8068 5755//8068 5774//8068
f 5753//8069 5754//8069 5774//8069
f 5752//8071 5753//8071 5775//8071
f 5751//8070 5752//8070 5776//8070
f 5750//8072 5751//8072 5776//8072
f 5749//8073 5750//8073 5777//8073
f 5748//8074 5749//8074 5778//8074
f 5747//8075 5748//8075 5779//8075
f 5745//8077 5747//8077 5780//8077
f 5746//8076 5745//8076 5765//8076
l 5241 5243
l 5228 5256
l 5192 5220
l 5238 5246
l 5231 5253
l 5660 5664
l 5660 5665
l 5652 5672
l 5652 5673
l 5697 5699
l 5689 5706
l 5689 5705
l 5681 5712
l 5681 5711
l 5661 5662
l 5661 5664
l 5653 5671
l 5653 5672
l 5690 5705
l 5690 5704
l 5682 5711
l 5682 5710
l 5647 5662
l 5647 5663
l 5654 5670
l 5654 5671
l 5691 5704
l 5691 5703
l 5683 5710
l 5683 5709
l 5655 5669
l 5655 5670
l 5648 5677
l 5648 5663
l 5692 5703
l 5692 5702
l 5684 5709
l 5656 5668
l 5656 5669
l 5649 5675
l 5649 5676
l 5649 5677
l 5693 5702
l 5693 5701
l 5685 5709
l 5685 5708
l 5657 5667
l 5657 5668
l 5694 5701
l 5686 5708
l 5686 5707
l 5678 5698
l 5678 5713
l 5658 5666
l 5658 5667
l 5650 5674
l 5650 5675
l 5679 5699
l 5679 5698
l 5695 5701
l 5695 5700
l 5687 5707
l 5659 5665
l 5659 5666
l 5651 5673
l 5651 5674
l 5696 5700
l 5696 5699
l 5688 5706
l 5688 5707
l 5680 5713
l 5680 5712
