# Blender 4.2.16 LTS
# www.blender.org
mtllib leg_1.mtl
o leg2
v -19.265980 11.867099 2.393249
v -19.308094 11.883279 2.479033
v -19.265388 11.887930 2.391976
v -19.313581 11.873968 2.483542
v -19.308180 11.892008 2.475555
v -19.317177 11.902732 2.469996
v -19.281092 11.898282 2.382911
v -19.330454 11.903581 2.462932
v -19.297382 11.887805 2.375119
v -19.341099 11.894113 2.458041
v -6.318573 35.939396 7.388016
v -6.334865 35.928917 7.380224
v -6.344821 36.131504 7.359566
v -6.137565 35.994843 7.479225
v -6.302873 35.929043 7.397081
v -6.335454 35.908085 7.381498
v -6.303463 35.908211 7.398355
v -6.319754 35.897732 7.390563
v -19.463278 11.801175 2.294248
v -19.297972 11.866974 2.376393
v -19.282270 11.856622 2.385458
v -19.256021 11.664514 2.413908
v -6.127398 35.990139 7.475480
v -19.248640 11.660646 2.413363
v -6.130183 35.990974 7.478680
v -6.133904 35.992695 7.480051
v -19.245855 11.659812 2.410164
v -19.252361 11.662368 2.414734
v -7.329204 36.788090 6.755178
v -7.220408 36.707081 6.862534
v -7.171054 36.714947 6.696925
v -7.328208 36.744900 6.960057
v -7.447539 36.823582 6.891161
v -7.089300 36.634403 6.872055
v -7.015468 36.623753 6.732010
v -7.349552 36.725712 7.107496
v -7.011683 36.569447 6.983043
v -6.516688 36.294598 7.021269
v -6.516912 36.293015 7.029465
v -6.515811 36.293285 7.025294
v -6.519308 36.296597 7.018469
v -6.566824 36.311913 7.067949
v -6.563104 36.310192 7.066577
v -6.559443 36.308044 7.067404
v -6.569610 36.312748 7.071149
v -6.538284 36.296097 7.070004
v -6.548451 36.300800 7.073749
v -6.541070 36.296932 7.073204
v -6.544791 36.298653 7.074574
v -7.033024 36.550262 7.130482
v -6.629839 36.321438 7.185397
v -6.630940 36.321163 7.189567
v -6.341414 36.178295 7.125982
v -6.334033 36.174427 7.125437
v -6.337694 36.176575 7.124610
v -6.344199 36.179131 7.129182
v -6.366673 36.181938 7.173892
v -6.365797 36.180630 7.177917
v -6.365571 36.182213 7.169721
v -6.363176 36.178635 7.180717
v -6.352186 36.171387 7.187064
v -6.349566 36.169388 7.189864
v -6.236684 36.110241 7.181641
v -6.233189 36.106930 7.188467
v -6.234065 36.108242 7.184441
v -6.234291 36.106659 7.192637
v -6.584334 36.265911 7.334250
v -6.580614 36.264191 7.332880
v -6.627445 36.317860 7.196393
v -6.576952 36.262047 7.333704
v -6.587120 36.266750 7.337450
v -6.630064 36.319855 7.193593
v -6.280479 36.123837 7.229751
v -6.284202 36.125557 7.231121
v -6.348690 36.168079 7.193889
v -6.276819 36.121689 7.230576
v -6.286985 36.126392 7.234321
v -6.349792 36.167805 7.198060
v -6.265829 36.114445 7.236922
v -6.255661 36.109741 7.233178
v -6.262167 36.112297 7.237748
v -6.258447 36.110577 7.236377
v -7.140824 36.588081 7.228004
v -7.007882 36.454395 7.525836
v -7.271935 36.660755 7.218482
v -7.163674 36.525635 7.587130
v -6.420187 36.181198 7.316052
v -6.847074 36.372570 7.502412
v -7.307058 36.582905 7.683383
v -6.347217 36.135082 7.348568
v -6.410021 36.176495 7.312308
v -6.348318 36.134808 7.352740
v -6.412806 36.177330 7.315508
v -6.416528 36.179050 7.316878
v -6.347442 36.133499 7.356765
v -6.688883 36.284035 7.517967
v -6.679765 36.280117 7.513182
v -6.055069 35.990219 7.287784
v -6.061575 35.992775 7.292354
v -6.051410 35.988071 7.288609
v -6.058792 35.991940 7.289155
v -7.431229 36.623489 7.810026
v -6.084050 35.995583 7.337065
v -6.083172 35.994274 7.341090
v -6.082948 35.995857 7.332894
v -6.080554 35.992279 7.343891
v -6.069562 35.985031 7.350235
v -6.066943 35.983032 7.353037
v -6.066067 35.981724 7.357062
v -7.530290 36.645462 7.961049
v -6.275487 36.063267 7.507757
v -6.272869 36.061272 7.510557
v -6.271992 36.059959 7.514582
v -6.273094 36.059685 7.518753
v -6.365725 36.073051 7.694458
v -6.364470 36.070065 7.705548
v -8.351001 36.953938 8.604875
v -5.555249 35.660915 7.575068
v -6.251848 35.975872 7.866318
v -8.123871 36.837433 8.576247
v -7.599556 36.647774 8.129340
v -5.760190 35.744240 7.705592
v -6.067168 35.981449 7.361234
v -7.992761 36.764755 8.585770
v -7.635705 36.630306 8.306862
v -8.231671 36.875252 8.673770
v -5.867990 35.782059 7.803116
v -5.629079 35.671566 7.715113
v -7.637015 36.593887 8.485181
v -8.397815 36.942268 8.782151
v -5.443913 35.576107 7.694091
v -7.915143 36.699799 8.696755
v -8.253014 36.856064 8.821209
v -5.889332 35.762875 7.950554
v -6.183361 35.898861 8.058854
v -5.551463 35.606609 7.826101
v -7.603426 36.540249 8.655828
v -8.360563 36.886570 8.953218
v -5.406662 35.520405 7.865159
v -7.936487 36.680611 8.844194
v -8.175396 36.791107 8.932197
v -5.572804 35.587425 7.973540
v -6.164092 35.844467 8.270222
v -5.811715 35.697918 8.061541
v -8.249227 36.801758 9.072242
v -8.044287 36.718433 8.941717
v -5.680604 35.625240 8.071062
v -5.453475 35.508739 8.042436
v -7.536533 36.471939 8.810698
v -7.674293 36.471699 9.168630
v -7.670573 36.469978 9.167258
v -7.677079 36.472534 9.171829
v -7.666912 36.467831 9.168084
v -7.531383 36.402985 9.128557
v -7.439520 36.392204 8.942443
v -7.438752 36.389622 8.952851
v -6.191747 35.812893 8.493500
v -6.042008 35.714161 8.579950
v -6.195264 35.816742 8.484124
v -7.532484 36.402714 9.132728
v -6.039390 35.712166 8.582751
v -6.038513 35.710854 8.586777
v -7.531608 36.401402 9.136753
v -6.039615 35.710579 8.590947
v -7.528987 36.399406 9.139554
v -7.737309 36.481224 9.286077
v -7.738410 36.480949 9.290248
v -7.734913 36.477646 9.297074
v -7.721529 36.466816 9.314416
v -7.723923 36.470398 9.303419
v -7.721303 36.468399 9.306219
v -7.720427 36.467091 9.310245
v -7.742900 36.469898 9.354955
v -7.753067 36.474602 9.358700
v -7.737534 36.479641 9.294273
v -7.745685 36.470734 9.358155
v -7.749405 36.472454 9.359525
v -7.459653 36.331173 9.287745
v -6.395494 35.845631 8.863925
v -6.518536 35.887608 8.980962
v -6.386026 35.840916 8.862047
v -7.124712 36.182560 9.134129
v -6.963627 36.093437 9.145022
v -7.115592 36.178638 9.129343
v -7.456159 36.327866 9.294570
v -7.387949 36.283623 9.330432
v -7.457035 36.329178 9.290545
v -7.391671 36.285343 9.331802
v -7.384287 36.281475 9.331257
v -7.457261 36.327591 9.298741
v -7.394454 36.286179 9.335002
v -7.546031 36.352097 9.410933
v -7.538648 36.348228 9.410388
v -7.542308 36.350376 9.409562
v -7.548813 36.352932 9.414133
v -7.527657 36.340984 9.416734
v -7.517490 36.336281 9.412988
v -7.217357 36.195927 9.309859
v -6.236301 35.742191 8.948491
v -6.226136 35.737492 8.944746
v -7.570186 36.356014 9.454672
v -7.571289 36.355740 9.458843
v -7.570411 36.354431 9.462868
v -7.567791 36.352436 9.465668
v -7.523996 36.338837 9.417560
v -7.520275 36.337116 9.416188
v -7.454686 36.294868 9.449249
v -7.455787 36.294594 9.453421
v -7.454911 36.293285 9.457445
v -7.452291 36.291290 9.460246
v -7.438904 36.280460 9.477589
v -7.441300 36.284042 9.466592
v -7.438680 36.282043 9.469393
v -7.437804 36.280735 9.473417
v -7.460278 36.283543 9.518128
v -7.470444 36.288246 9.521873
v -7.466783 36.286098 9.522698
v -7.463061 36.284378 9.521328
v -7.177032 36.144817 9.450917
v -7.227522 36.200626 9.313604
v -7.220140 36.196762 9.313059
v -7.223863 36.198483 9.314430
v -7.174411 36.142822 9.453717
v -7.173535 36.141510 9.457744
v -7.263407 36.165741 9.574106
v -7.256024 36.161873 9.573561
v -7.259686 36.164021 9.572735
v -7.266191 36.166576 9.577305
v -7.245034 36.154629 9.579906
v -7.287562 36.169659 9.617845
v -7.288664 36.169384 9.622016
v -7.285169 36.166080 9.628841
v -7.287787 36.168076 9.626041
v -7.241373 36.152481 9.580731
v -7.237651 36.150761 9.579361
v -6.808969 36.014286 9.124666
v -6.663651 35.874592 9.419306
v -6.658403 35.944656 9.069168
v -6.532540 35.801918 9.428826
v -6.232642 35.740047 8.949316
v -7.174636 36.141235 9.461914
v -6.771451 35.912411 9.516829
v -6.454925 35.736961 9.539814
v -6.228920 35.738327 8.947946
v -6.792794 35.893223 9.664268
v -7.234868 36.149925 9.576161
v -6.789008 35.838921 9.915300
v -6.715177 35.828270 9.775255
v -6.356936 35.639091 9.756148
v -6.476266 35.717773 9.687253
v -6.633420 35.747726 9.950385
v -6.584066 35.755596 9.784776
v -6.475273 35.674583 9.892132
v -20.406246 11.837747 4.560724
v -20.403625 11.835751 4.563524
v -20.407122 11.839058 4.556699
v -20.406019 11.839333 4.552526
v -20.338867 12.376752 1.797217
v -20.447662 12.457761 1.689861
v -20.289513 12.384619 1.631608
v -20.446667 12.414572 1.894740
v -20.565996 12.493256 1.825844
v -20.207758 12.304077 1.806738
v -20.133926 12.293427 1.666693
v -20.468010 12.395385 2.042179
v -20.130140 12.239121 1.917725
v -19.635370 11.962686 1.964148
v -19.637766 11.966267 1.953151
v -19.635145 11.964271 1.955952
v -19.634270 11.962961 1.959977
v -19.685282 11.981586 2.002632
v -19.681561 11.979864 2.001261
v -19.677900 11.977718 2.002087
v -19.688066 11.982421 2.005831
v -19.656742 11.965769 2.004687
v -19.666908 11.970471 2.008432
v -19.659527 11.966605 2.007887
v -19.663248 11.968326 2.009258
v -19.748297 11.991111 2.120079
v -20.151484 12.219934 2.065164
v -19.749399 11.990836 2.124250
v -19.452490 11.844101 2.060120
v -19.459873 11.847967 2.060665
v -19.456150 11.846246 2.059294
v -19.462656 11.848802 2.063865
v -19.481634 11.848305 2.115401
v -19.484253 11.850300 2.112600
v -19.485130 11.851611 2.108575
v -19.484028 11.851886 2.104404
v -19.470642 11.841058 2.121746
v -19.468023 11.839062 2.124547
v -19.355143 11.779910 2.116324
v -19.352747 11.776330 2.127320
v -19.352522 11.777915 2.119124
v -19.351645 11.776605 2.123149
v -19.702793 11.935586 2.268933
v -19.745903 11.987531 2.131076
v -19.699072 11.933865 2.267563
v -19.705578 11.936421 2.272133
v -19.748522 11.989526 2.128275
v -19.695412 11.931719 2.268388
v -19.398939 11.793508 2.164434
v -19.402658 11.795230 2.165804
v -19.467146 11.837752 2.128572
v -19.405443 11.796064 2.169004
v -19.468248 11.837477 2.132743
v -19.395277 11.791363 2.165259
v -19.374121 11.779413 2.167860
v -19.384287 11.784116 2.171605
v -19.376904 11.780250 2.171060
v -19.380625 11.781970 2.172430
v -20.126129 12.123965 2.460463
v -20.259283 12.257754 2.162687
v -20.281982 12.195243 2.521734
v -20.390392 12.330428 2.153166
v -19.538647 11.850870 2.250736
v -19.965265 12.042098 2.437088
v -20.425428 12.252547 2.617991
v -19.465675 11.804755 2.283251
v -19.528479 11.846169 2.246991
v -19.466776 11.804482 2.287423
v -19.531263 11.847002 2.250190
v -19.465899 11.803170 2.291448
v -19.534985 11.848723 2.251561
v -19.807034 11.953529 2.452708
v -19.798208 11.949786 2.447839
v -19.169867 11.657743 2.223292
v -19.177248 11.661613 2.223838
v -19.173529 11.659889 2.222467
v -19.180033 11.662446 2.227037
v -20.549650 12.293153 2.744663
v -19.199011 11.661949 2.278573
v -19.201630 11.663944 2.275773
v -19.202507 11.665257 2.271748
v -19.201406 11.665529 2.267576
v -19.188019 11.654702 2.284919
v -19.185400 11.652706 2.287720
v -19.184525 11.651397 2.291745
v -20.648746 12.315133 2.895732
v -19.393946 11.732940 2.442439
v -19.391552 11.729360 2.453436
v -19.390450 11.729633 2.449265
v -19.391325 11.730945 2.445240
v -19.483412 11.740141 2.639550
v -19.484196 11.742725 2.629168
v -21.469460 12.623608 3.539558
v -18.673706 11.330585 2.509751
v -19.370626 11.645838 2.800426
v -21.242329 12.507103 3.510930
v -20.717997 12.317447 3.063966
v -18.878647 11.413912 2.640275
v -19.185625 11.651121 2.295916
v -21.350128 12.544926 3.608453
v -21.111217 12.434429 3.520451
v -20.754150 12.299994 3.241427
v -18.986446 11.451734 2.737798
v -18.747538 11.341239 2.649796
v -20.755487 12.263604 3.419690
v -21.516272 12.611942 3.716834
v -18.562372 11.245777 2.628774
v -21.033602 12.369473 3.631439
v -21.371471 12.525737 3.755892
v -19.007790 11.432545 2.885237
v -18.669920 11.276282 2.760784
v -19.301817 11.568530 2.993545
v -20.721951 12.210004 3.590294
v -21.479021 12.556242 3.887902
v -18.525118 11.190078 2.799842
v -21.054945 12.350285 3.778878
v -21.293854 12.460780 3.866879
v -18.691263 11.257094 2.908223
v -19.282505 11.514263 3.204196
v -18.930174 11.367589 2.996225
v -21.367685 12.471434 4.006925
v -21.162743 12.388105 3.876401
v -18.571932 11.178411 2.977118
v -18.799063 11.294916 3.005745
v -20.655127 12.141736 3.745141
v -20.792751 12.141373 4.103312
v -20.789030 12.139651 4.101942
v -20.795534 12.142207 4.106512
v -20.649839 12.072659 4.063240
v -20.558189 12.062042 3.876883
v -20.557196 12.059293 3.887508
v -20.785368 12.137505 4.102767
v -19.160467 11.383832 3.514634
v -19.310183 11.482551 3.428195
v -19.313583 11.486529 3.417898
v -20.650942 12.072386 4.067410
v -19.157846 11.381837 3.517434
v -20.650064 12.071074 4.071435
v -19.156969 11.380526 3.521459
v -20.647446 12.069079 4.074236
v -19.158072 11.380252 3.525630
v -20.855764 12.150898 4.220759
v -20.856869 12.150622 4.224931
v -20.839987 12.136489 4.249099
v -20.853373 12.147317 4.231757
v -20.842381 12.140070 4.238101
v -20.839760 12.138075 4.240902
v -20.838882 12.136764 4.244927
v -20.861357 12.139573 4.289638
v -20.871523 12.144274 4.293383
v -20.855991 12.149313 4.228956
v -20.867863 12.142128 4.294209
v -20.864141 12.140409 4.292838
v -20.578112 12.000844 4.222426
v -20.510128 11.955017 4.266485
v -20.575716 11.997264 4.233424
v -20.574615 11.997540 4.229252
v -20.575493 11.998849 4.225227
v -20.506407 11.953295 4.265115
v -20.512913 11.955853 4.269685
v -20.502745 11.951149 4.265940
v -20.667271 12.022604 4.348814
v -20.664486 12.021769 4.345615
v -20.660767 12.020049 4.344244
v -20.657104 12.017903 4.345070
v -20.646114 12.010655 4.351417
v -20.335814 11.865598 4.244543
v -20.243183 11.852233 4.068837
v -20.233551 11.848039 4.064034
v -20.043531 11.742678 4.077994
v -19.354759 11.411864 3.883174
v -19.670235 11.570075 3.940278
v -19.513950 11.515306 3.798608
v -19.504482 11.510592 3.796731
v -19.344593 11.407164 3.879429
v -20.688644 12.025688 4.389355
v -20.688869 12.024103 4.397551
v -20.689745 12.025414 4.393526
v -20.686249 12.022107 4.400352
v -20.642452 12.008511 4.352242
v -20.573143 11.964540 4.383933
v -20.635948 12.005954 4.347671
v -20.574244 11.964267 4.388103
v -20.638733 12.006789 4.350872
v -20.573368 11.962956 4.392128
v -20.557364 11.950133 4.412271
v -20.570747 11.960961 4.394928
v -20.559757 11.953713 4.401275
v -20.557138 11.951717 4.404075
v -20.556261 11.950408 4.408101
v -20.578733 11.953218 4.452811
v -20.588902 11.957918 4.456555
v -20.581518 11.954052 4.456010
v -20.585241 11.955772 4.457381
v -20.295488 11.814488 4.385600
v -20.345980 11.870300 4.248288
v -20.342319 11.868154 4.249113
v -20.338598 11.866433 4.247742
v -20.292870 11.812493 4.388401
v -20.291992 11.811182 4.392425
v -20.384649 11.836248 4.511988
v -20.381865 11.835414 4.508789
v -20.378143 11.833694 4.507418
v -20.374483 11.831548 4.508244
v -20.363491 11.824300 4.514588
v -20.359831 11.822155 4.515415
v -20.356110 11.820434 4.514043
v -19.782108 11.544265 4.353989
v -19.851370 11.647822 4.035943
v -19.889908 11.582085 4.451510
v -20.293095 11.810907 4.396596
v -19.650999 11.471591 4.363510
v -19.351099 11.409719 3.884000
v -19.573381 11.406634 4.474496
v -19.347378 11.407998 3.882629
v -19.911251 11.562898 4.598949
v -20.353325 11.819598 4.510844
v -19.475395 11.308764 4.690831
v -19.594725 11.387446 4.621935
v -19.907465 11.508595 4.849983
v -19.833633 11.497942 4.709938
v -19.751879 11.417400 4.885067
v -19.702524 11.425267 4.719459
v -19.593729 11.344256 4.826814
v -6.601196 36.125751 7.224843
v -6.617487 36.115273 7.217052
v -6.585495 36.115398 7.233909
v -6.618078 36.094440 7.218325
v -6.586084 36.094566 7.235182
v -6.602376 36.084087 7.227390
v -19.548014 12.074286 2.228803
v -19.563713 12.084641 2.219738
v -19.580006 12.074161 2.211946
v -19.580595 12.053330 2.213220
v -19.548603 12.053455 2.230077
v -19.564894 12.042977 2.222285
v -20.620062 12.203306 4.184912
v -20.619471 12.224135 4.183638
v -20.604361 12.192952 4.193976
v -20.603180 12.234614 4.191430
v -20.588068 12.203429 4.201768
v -20.587481 12.224260 4.200495
v -7.641842 36.234062 9.199081
v -7.657544 36.244415 9.190017
v -7.656953 36.265247 9.188744
v -7.640664 36.275726 9.196535
v -7.624961 36.265373 9.205601
v -7.625553 36.244541 9.206873
v -20.337439 12.016949 4.348083
v -20.336849 12.037780 4.346809
v -20.321737 12.006598 4.357149
v -20.320557 12.048259 4.354601
v -20.305447 12.017074 4.364941
v -20.304855 12.037905 4.363667
v -7.374920 36.058060 9.353189
v -7.359220 36.047707 9.362255
v -7.374331 36.078892 9.351915
v -7.358039 36.089371 9.359708
v -7.342339 36.079018 9.368773
v -7.342927 36.058186 9.370047
v -20.293133 12.031473 4.263888
v -20.295605 12.016615 4.263716
v -20.288616 12.004103 4.268352
v -20.275806 12.000446 4.275383
v -20.267008 12.003325 4.277030
v -20.257843 12.010206 4.274649
v -20.257854 12.020306 4.280566
v -20.260214 12.029368 4.281404
v -20.269211 12.040092 4.275845
v -20.282488 12.040941 4.268781
v -7.295327 36.051315 9.279753
v -7.304492 36.044437 9.282136
v -7.313290 36.041557 9.280488
v -7.295337 36.061417 9.285671
v -7.297696 36.070480 9.286510
v -7.306695 36.081203 9.280950
v -7.319971 36.082050 9.273886
v -7.330616 36.072582 9.268994
v -7.333086 36.057724 9.268822
v -7.326099 36.045216 9.273457
v -7.586351 36.265606 9.119489
v -7.599161 36.269260 9.112458
v -7.579363 36.253090 9.124125
v -7.581863 36.238251 9.123937
v -7.592480 36.228764 9.119061
v -7.605755 36.229614 9.111997
v -20.561678 12.228148 4.107353
v -7.614755 36.240337 9.106437
v -20.548868 12.224492 4.114384
v -20.568274 12.188502 4.106892
v -20.577272 12.199226 4.101332
v -20.554998 12.187653 4.113955
v -20.541882 12.211980 4.119020
v -20.544382 12.197141 4.118830
v -20.568199 12.224945 4.101392
v -20.571869 12.217268 4.093346
v -20.577356 12.207957 4.097855
v -7.609353 36.258377 9.098452
v -6.665090 36.122143 7.307343
v -19.627607 12.081029 2.302239
v -6.655924 36.129021 7.304962
v -6.647126 36.131901 7.306610
v -6.627328 36.115730 7.318277
v -6.629828 36.100891 7.318087
v -6.634316 36.128242 7.313641
v -6.665080 36.112041 7.301427
v -6.662721 36.102978 7.300589
v -6.653721 36.092255 7.306149
v -6.640446 36.091404 7.313211
v -19.616240 12.051142 2.301043
v -19.625238 12.061867 2.295484
v -19.602962 12.050293 2.308107
v -19.343571 11.879254 2.457868
v -19.336582 11.866742 2.462503
v -19.592348 12.059780 2.312982
v -19.323772 11.863087 2.469534
v -19.589848 12.074619 2.313171
v -19.596834 12.087133 2.308536
v -19.609644 12.090788 2.301505
v -6.381052 35.920368 7.462973
v -6.374064 35.907852 7.467607
v -6.378581 35.935226 7.463146
v -6.361256 35.904198 7.474638
v -6.367936 35.944695 7.468037
v -6.354660 35.943844 7.475101
v -6.345662 35.933121 7.480660
v -19.627596 12.070930 2.296321
v -19.618443 12.087910 2.299857
v -6.345576 35.924389 7.484138
v -6.351064 35.915077 7.488647
v -6.354735 35.907402 7.480601
v -19.317253 11.866291 2.475496
v -7.614840 36.249069 9.102961
v -7.605680 36.266056 9.106497
v -7.204058 36.117695 9.187862
v -7.315794 36.186459 9.146955
v -7.165072 36.189999 9.202916
v -7.276807 36.258762 9.162008
v -7.419147 36.254608 9.087284
v -7.380161 36.326912 9.102337
v -7.511803 36.320614 9.010186
v -7.472817 36.392918 9.025239
v -7.552496 36.318401 9.126225
v -7.559045 36.323387 9.119224
v -7.561237 36.326664 9.109160
v -7.558485 36.327351 9.098733
v -7.250739 36.124432 9.276409
v -7.276155 36.136185 9.285771
v -7.267003 36.130821 9.287835
v -7.257699 36.126518 9.284409
v -7.211753 36.196735 9.291463
v -7.218715 36.198822 9.299461
v -7.228016 36.203125 9.302888
v -7.237170 36.208488 9.300824
v -7.513513 36.390705 9.141277
v -7.520061 36.395691 9.134276
v -7.522254 36.398968 9.124213
v -7.519498 36.399654 9.113786
v -7.227181 36.717209 6.831430
v -7.353332 36.761463 6.945553
v -7.073757 36.632164 6.842572
v -6.982927 36.556149 6.972451
v -7.378307 36.739010 7.118088
v -7.574440 36.721111 7.712026
v -6.585762 36.263851 7.347849
v -7.007903 36.533695 7.144986
v -7.565137 36.716808 7.708599
v -7.287477 36.662998 7.247966
v -6.576458 36.259548 7.344422
v -7.581401 36.723198 7.720025
v -6.592722 36.265938 7.355848
v -6.567307 36.254185 7.346486
v -7.555986 36.711445 7.710663
v -7.480537 36.661694 7.754223
v -7.134051 36.577953 7.259108
v -6.639403 36.272675 7.444394
v -7.105020 36.450344 7.796870
v -6.941958 36.374928 7.736808
v -6.290964 36.071968 7.506032
v -7.248231 36.504322 7.908499
v -6.775010 36.285458 7.734189
v -7.357574 36.531578 8.060765
v -7.670945 36.689167 8.115392
v -7.623133 36.690208 7.986554
v -7.559186 36.680984 7.865259
v -6.620513 36.190689 7.789272
v -6.527668 36.203915 7.485301
v -6.424314 36.135765 7.544973
v -6.331658 36.069752 7.622071
v -7.422348 36.529442 8.238766
v -6.493596 36.099899 7.896663
v -6.284414 36.066982 7.513032
v -7.752379 36.747868 8.044340
v -7.755133 36.747181 8.054769
v -5.766963 35.754368 7.674489
v -6.282224 36.063705 7.523096
v -8.130644 36.847557 8.545143
v -7.752943 36.743904 8.064831
v -5.613535 35.669323 7.685631
v -5.893112 35.798626 7.788610
v -6.284976 36.063019 7.533525
v -8.256793 36.891815 8.659266
v -7.977218 36.762512 8.556285
v -7.746393 36.738914 8.071833
v -7.436206 36.498127 8.425076
v -6.406678 36.021976 8.045853
v -5.918087 35.776173 7.961146
v -5.522707 35.593311 7.815509
v -7.886388 36.686501 8.686164
v -8.281768 36.869362 8.831800
v -7.397799 36.440697 8.601459
v -6.368268 35.964546 8.222234
v -5.547682 35.570858 7.988044
v -8.190940 36.793350 8.961679
v -8.037514 36.708305 8.972821
v -5.462533 35.510044 8.059613
v -5.479143 35.511536 8.095477
v -5.491999 35.510681 8.132874
v -5.673831 35.615116 8.102165
v -5.500919 35.507496 8.171275
v -7.911365 36.664047 8.858699
v -7.310881 36.362774 8.750647
v -7.183962 36.271984 8.858039
v -6.133532 35.773506 8.531918
v -5.827259 35.700161 8.091024
v -6.446900 35.931095 8.586544
v -6.382129 35.933231 8.408544
v -6.058083 35.723759 8.575478
v -6.051535 35.718769 8.582479
v -6.049343 35.715492 8.592543
v -6.052095 35.714806 8.602969
v -6.181344 35.772465 8.660756
v -6.245289 35.781689 8.782051
v -7.029468 36.177216 8.913121
v -6.862517 36.087746 8.910502
v -6.323938 35.800980 8.893086
v -6.699457 36.012329 8.850439
v -6.556244 35.958355 8.738811
v -6.670424 35.884720 9.388202
v -6.516997 35.799675 9.399343
v -6.248489 35.751228 8.936646
v -6.239337 35.745865 8.938711
v -6.796573 35.928978 9.502324
v -6.426168 35.723663 9.529222
v -6.230035 35.741562 8.935284
v -6.821548 35.906525 9.674859
v -6.278090 35.619629 9.645438
v -6.223074 35.739475 8.927285
v -6.304376 35.627892 9.673815
v -6.451145 35.701210 9.701757
v -6.327747 35.633972 9.705138
v -6.347880 35.637783 9.738970
v -6.730720 35.830509 9.804738
v -6.577293 35.745468 9.815880
v -5.694191 36.868259 10.012049
v -5.812527 36.903755 10.148031
v -5.970675 36.976898 10.206285
v -6.126263 37.068089 10.171201
v -6.666458 38.017262 7.011079
v -6.509152 37.938171 6.983561
v -6.508309 37.944115 6.952825
v -6.653347 38.004860 7.036674
v -6.784793 38.052753 7.147062
v -6.367294 37.855022 7.015550
v -6.352723 37.852921 6.987910
v -6.761241 38.037224 7.160660
v -6.265783 37.777699 7.124071
v -6.803925 38.026585 7.322294
v -6.382396 37.748638 7.565664
v -6.493218 37.755100 7.821635
v -6.329023 37.679165 7.761154
v -6.526590 37.815327 7.618778
v -6.160338 37.592258 7.741711
v -6.274501 37.716278 7.441679
v -6.644691 37.816269 7.920122
v -6.668448 37.898476 7.586789
v -5.995623 37.498749 7.764281
v -6.231819 37.726913 7.280045
v -6.775846 37.859596 8.051674
v -6.769959 37.975803 7.478268
v -5.843135 37.403320 7.827732
v -6.880105 37.882912 8.209697
v -5.193129 37.042019 7.879733
v -5.710524 37.310760 7.928883
v -7.412614 38.068523 8.697274
v -7.556808 38.135216 8.750388
v -6.952241 37.885048 8.386268
v -5.048934 36.975330 7.826620
v -4.892502 36.890079 7.830967
v -7.688254 38.183105 8.860775
v -4.907074 36.892181 7.858609
v -7.270757 37.985378 8.729264
v -6.988637 37.865894 8.572529
v -5.301023 37.074387 8.003717
v -5.604435 37.225708 8.062661
v -7.664703 38.167576 8.874373
v -4.805563 36.814854 7.967130
v -4.781168 36.805271 7.949991
v -7.169244 37.908051 8.837784
v -6.987469 37.826412 8.759142
v -5.343706 37.063747 8.165352
v -5.530192 37.152431 8.222360
v -7.735068 38.171440 9.038052
v -7.707386 38.156937 9.036007
v -7.135281 37.857265 8.993758
v -7.673420 38.106152 9.191980
v -7.697816 38.115738 9.209120
v -4.771598 36.764072 8.123103
v -4.743917 36.749569 8.121058
v -5.491517 37.094601 8.399968
v -5.309741 37.012962 8.321325
v -6.948792 37.768585 8.936751
v -4.814281 36.753433 8.284738
v -4.790730 36.737907 8.298335
v -7.586482 38.030930 9.328142
v -7.571909 38.028828 9.300502
v -4.799787 36.739212 8.315513
v -5.490347 37.055119 8.586582
v -5.208230 36.935635 8.429846
v -6.874549 37.695305 9.096449
v -7.177964 37.846630 9.155393
v -4.816397 36.740700 8.351378
v -4.922175 36.785797 8.408722
v -7.430051 37.945679 9.332490
v -4.829254 36.739849 8.388774
v -4.838173 36.736660 8.427176
v -5.066370 36.852486 8.461836
v -7.285857 37.878990 9.279377
v -6.768462 37.610256 9.230227
v -5.526743 37.035965 8.772843
v -5.598879 37.038101 8.949412
v -6.635849 37.517693 9.331378
v -6.318646 37.328754 9.417399
v -6.096590 37.172375 9.593447
v -6.149961 37.241852 9.397956
v -5.952394 37.105682 9.540333
v -5.985765 37.165909 9.337476
v -5.834293 37.104744 9.238989
v -6.204484 37.204735 9.717431
v -6.483363 37.422264 9.394829
v -5.810535 37.022537 9.572322
v -5.703138 37.061417 9.107436
v -6.247167 37.194099 9.879066
v -5.709024 36.945213 9.680842
v -6.213202 37.143314 10.035040
v -5.675061 36.894424 9.836816
v -5.615345 36.848797 9.901338
v -5.641630 36.857059 9.929715
v -5.665002 36.863144 9.961039
v -5.717742 36.883789 9.998450
v -5.685135 36.866955 9.994870
v -6.111691 37.065990 10.143559
v -5.969831 36.982841 10.175550
v -5.825637 36.916153 10.122436
v -5.360526 36.078583 8.580334
v -5.272213 36.130592 8.486766
v -5.384056 36.146729 8.698915
v -5.319273 36.266880 8.723929
v -5.230958 36.318886 8.630362
v -5.207428 36.250740 8.511780
v -5.738514 36.197868 9.371264
v -5.826828 36.145863 9.464830
v -5.673731 36.318020 9.396277
v -5.850358 36.214008 9.583413
v -5.785574 36.334160 9.608427
v -5.697261 36.386166 9.514859
v -5.831564 36.389179 8.308379
v -5.743250 36.441185 8.214811
v -5.678466 36.561337 8.239826
v -5.701998 36.629478 8.358408
v -5.790310 36.577473 8.451975
v -5.855093 36.457321 8.426961
v -5.829491 36.550678 8.297188
v -6.297866 36.456455 9.192877
v -6.209552 36.508461 9.099309
v -6.144770 36.628613 9.124323
v -6.168301 36.696758 9.242904
v -6.256614 36.644753 9.336473
v -6.321396 36.524601 9.311458
v -6.295793 36.617958 9.181685
v -5.844445 36.648804 9.949530
v -5.837242 36.647919 9.935117
v -5.830661 36.647438 9.920392
v -5.824720 36.647354 9.905390
v -5.819434 36.647678 9.890148
v -5.814815 36.648403 9.874705
v -5.810874 36.649529 9.859098
v -5.807621 36.651047 9.843368
v -5.805066 36.652966 9.827551
v -5.803213 36.655266 9.811688
v -5.802068 36.657955 9.795819
v -5.801633 36.661015 9.779983
v -5.801909 36.664448 9.764218
v -5.802897 36.668240 9.748565
v -5.804594 36.672379 9.733063
v -5.806993 36.676865 9.717750
v -5.810091 36.681675 9.702662
v -5.813880 36.686802 9.687840
v -5.818350 36.692238 9.673320
v -5.823491 36.697960 9.659136
v -5.829287 36.703960 9.645326
v -5.835727 36.710224 9.631920
v -5.842793 36.716732 9.618957
v -5.850469 36.723473 9.606465
v -5.858734 36.730423 9.594478
v -5.867568 36.737572 9.583023
v -5.876952 36.744900 9.572131
v -5.886858 36.752384 9.561828
v -5.897264 36.760014 9.552138
v -5.908144 36.767765 9.543088
v -5.919472 36.775620 9.534698
v -5.931218 36.783554 9.526992
v -5.943352 36.791557 9.519986
v -5.955845 36.799603 9.513699
v -5.968668 36.807671 9.508145
v -5.981785 36.815746 9.503340
v -5.995168 36.823803 9.499294
v -6.008780 36.831825 9.496019
v -6.022589 36.839790 9.493523
v -6.036560 36.847679 9.491810
v -6.050658 36.855473 9.490886
v -6.064847 36.863152 9.490752
v -6.079095 36.870697 9.491410
v -6.093366 36.878090 9.492859
v -6.107622 36.885311 9.495092
v -6.121828 36.892345 9.498106
v -6.135950 36.899170 9.501894
v -6.149951 36.905769 9.506445
v -6.163799 36.912132 9.511747
v -6.177457 36.918240 9.517790
v -6.190895 36.924076 9.524556
v -6.204073 36.929626 9.532029
v -6.216965 36.934879 9.540192
v -6.229534 36.939816 9.549022
v -6.241751 36.944431 9.558498
v -6.253584 36.948708 9.568598
v -6.265007 36.952637 9.579295
v -6.275990 36.956215 9.590564
v -6.286503 36.959427 9.602376
v -6.296524 36.962261 9.614700
v -6.306025 36.964718 9.627509
v -6.314982 36.966789 9.640769
v -6.323377 36.968464 9.654447
v -6.331184 36.969746 9.668509
v -6.338387 36.970631 9.682920
v -6.344967 36.971115 9.697646
v -6.350909 36.971195 9.712647
v -6.356194 36.970871 9.727889
v -6.360816 36.970146 9.743333
v -6.364756 36.969025 9.758939
v -6.368008 36.967503 9.774670
v -6.370564 36.965584 9.790486
v -6.372416 36.963280 9.806349
v -6.373561 36.960594 9.822219
v -6.373997 36.957535 9.838055
v -6.373720 36.954102 9.853819
v -6.372732 36.950314 9.869472
v -6.371036 36.946171 9.884974
v -6.368636 36.941689 9.900289
v -6.365538 36.936874 9.915375
v -6.361749 36.931747 9.930198
v -6.357278 36.926315 9.944718
v -6.352139 36.920589 9.958902
v -6.346344 36.914589 9.972713
v -6.339903 36.908325 9.986117
v -6.332837 36.901817 9.999081
v -6.325161 36.895077 10.011572
v -6.316895 36.888126 10.023560
v -6.308061 36.880978 10.035014
v -6.298677 36.873650 10.045907
v -6.288772 36.866165 10.056210
v -6.278365 36.858536 10.065899
v -6.267485 36.850788 10.074950
v -6.256157 36.842934 10.083339
v -6.244411 36.834991 10.091046
v -6.232277 36.826992 10.098052
v -6.219783 36.818947 10.104340
v -6.206962 36.810879 10.109892
v -6.193843 36.802803 10.114697
v -6.180461 36.794746 10.118743
v -6.166850 36.786724 10.122019
v -6.153040 36.778759 10.124516
v -6.139070 36.770870 10.126228
v -6.124971 36.763077 10.127152
v -6.110781 36.755398 10.127285
v -6.096532 36.747852 10.126627
v -6.082263 36.740459 10.125179
v -6.068007 36.733242 10.122946
v -6.053802 36.726208 10.119931
v -6.039680 36.719379 10.116144
v -6.025678 36.712780 10.111593
v -6.011829 36.706417 10.106290
v -5.998171 36.700310 10.100247
v -5.984735 36.694473 10.093482
v -5.971556 36.688927 10.086008
v -5.958665 36.683674 10.077847
v -5.946095 36.678734 10.069016
v -5.933878 36.674122 10.059539
v -5.922045 36.669842 10.049439
v -5.910623 36.665909 10.038742
v -5.899641 36.662334 10.027474
v -5.889126 36.659126 10.015662
v -5.879107 36.656288 10.003337
v -5.869606 36.653831 9.990528
v -5.860647 36.651760 9.977268
v -5.852252 36.650085 9.963591
v -5.817468 36.683422 9.713364
v -5.820800 36.688236 9.698887
v -5.814806 36.678925 9.728079
v -5.824799 36.693348 9.684685
v -5.812823 36.674751 9.742994
v -5.829450 36.698750 9.670790
v -5.811524 36.670914 9.758074
v -5.834743 36.704422 9.657241
v -5.810913 36.667416 9.773280
v -5.840664 36.710358 9.644068
v -5.810989 36.664272 9.788576
v -5.847202 36.716541 9.631307
v -5.811754 36.661491 9.803923
v -5.854338 36.722950 9.618984
v -5.813204 36.659073 9.819281
v -5.862053 36.729580 9.607137
v -5.815339 36.657032 9.834614
v -5.870330 36.736404 9.595789
v -5.818150 36.655369 9.849884
v -5.879148 36.743408 9.584973
v -5.821631 36.654087 9.865052
v -5.888484 36.750580 9.574715
v -5.825775 36.653194 9.880080
v -5.898316 36.757896 9.565038
v -5.830570 36.652687 9.894933
v -5.908619 36.765339 9.555967
v -5.836003 36.652569 9.909572
v -5.919369 36.772892 9.547526
v -5.842064 36.652843 9.923960
v -5.930537 36.780533 9.539735
v -5.848735 36.653503 9.938062
v -5.942096 36.788250 9.532614
v -5.856000 36.654549 9.951844
v -5.954016 36.796017 9.526179
v -5.863842 36.655987 9.965272
v -5.966269 36.803818 9.520448
v -5.872241 36.657799 9.978310
v -5.978826 36.811630 9.515434
v -5.881177 36.659988 9.990929
v -5.991652 36.819439 9.511150
v -5.890625 36.662552 10.003093
v -6.004717 36.827221 9.507607
v -5.900565 36.665478 10.014775
v -6.017990 36.834961 9.504813
v -5.910970 36.668762 10.025947
v -6.031435 36.842632 9.502776
v -5.921813 36.672394 10.036579
v -6.045022 36.850224 9.501500
v -5.933071 36.676369 10.046644
v -6.058713 36.857716 9.500988
v -5.944712 36.680672 10.056120
v -6.072478 36.865082 9.501243
v -5.956708 36.685295 10.064981
v -6.086281 36.872311 9.502261
v -5.969031 36.690228 10.073206
v -6.100089 36.879383 9.504044
v -5.981650 36.695457 10.080774
v -6.113864 36.886284 9.506583
v -5.994533 36.700966 10.087666
v -6.127575 36.892990 9.509875
v -6.007648 36.706749 10.093865
v -6.141189 36.899490 9.513911
v -6.020960 36.712784 10.099357
v -6.154668 36.905769 9.518681
v -6.034441 36.719059 10.104126
v -6.167983 36.911804 9.524172
v -6.048054 36.725559 10.108162
v -6.181097 36.917583 9.530371
v -6.061766 36.732265 10.111454
v -6.193978 36.923092 9.537264
v -6.075541 36.739162 10.113995
v -6.206597 36.928322 9.544831
v -6.089347 36.746239 10.115776
v -6.218921 36.933254 9.553057
v -6.103150 36.753468 10.116796
v -6.230917 36.937878 9.561917
v -6.116916 36.760838 10.117050
v -6.242558 36.942181 9.571393
v -6.130608 36.768326 10.116538
v -6.253817 36.946156 9.581459
v -6.144194 36.775917 10.115261
v -6.264659 36.949791 9.592091
v -6.157640 36.783592 10.113225
v -6.275064 36.953072 9.603262
v -6.170911 36.791328 10.110431
v -6.285004 36.956001 9.614944
v -6.183978 36.799110 10.106887
v -6.294452 36.958561 9.627110
v -6.196805 36.806919 10.102603
v -6.303388 36.960751 9.639728
v -6.209360 36.814732 10.097589
v -6.311786 36.962566 9.652766
v -6.221613 36.822533 10.091859
v -6.319627 36.964001 9.666193
v -6.233533 36.830299 10.085424
v -6.326893 36.965046 9.679976
v -6.245092 36.838013 10.078302
v -6.333565 36.965710 9.694077
v -6.256260 36.845657 10.070512
v -6.339625 36.965981 9.708467
v -6.267008 36.853210 10.062071
v -6.345059 36.965862 9.723105
v -6.277313 36.860653 10.053000
v -6.349854 36.965355 9.737957
v -6.287145 36.867970 10.043324
v -6.353999 36.964462 9.752985
v -6.296481 36.875141 10.033064
v -6.357480 36.963181 9.768154
v -6.305298 36.882149 10.022248
v -6.360291 36.961517 9.783423
v -6.313576 36.888973 10.010901
v -6.362424 36.959476 9.798757
v -6.321291 36.895599 9.999053
v -6.363875 36.957062 9.814116
v -6.328426 36.902012 9.986732
v -6.364640 36.954277 9.829462
v -6.334963 36.908192 9.973969
v -6.364717 36.951134 9.844757
v -6.340887 36.914127 9.960797
v -6.364105 36.947639 9.859963
v -6.346179 36.919804 9.947247
v -6.362805 36.943802 9.875043
v -6.350832 36.925201 9.933353
v -6.360824 36.939625 9.889959
v -6.354828 36.930317 9.919150
v -6.358161 36.935127 9.904674
v -5.834887 36.987087 9.574009
v -5.724281 36.899822 9.706723
v -5.711584 36.853920 9.894322
v -5.801643 36.866913 10.065150
v -5.960062 36.933842 10.153956
v -6.126326 37.029133 10.126820
v -6.236930 37.116402 9.994106
v -6.249628 37.162304 9.806506
v -6.159567 37.149311 9.635678
v -6.001152 37.082382 9.546872
v -6.106864 37.045811 10.112156
v -6.210095 37.127258 9.988289
v -6.221947 37.170101 9.813197
v -6.137890 37.157974 9.653758
v -5.990036 37.095509 9.570871
v -5.834855 37.006565 9.596199
v -5.731624 36.925117 9.720066
v -5.719772 36.882275 9.895159
v -5.803829 36.894402 10.054598
v -5.951684 36.956867 10.137484
v -6.141592 37.105148 9.917067
v -6.120021 37.124542 9.768059
v -6.063148 37.039501 10.029234
v -6.011075 37.086319 9.669498
v -5.930645 36.966053 10.038857
v -5.878571 37.012871 9.679121
v -5.821698 36.927834 9.940297
v -5.800128 36.947224 9.791288
v -5.978612 36.984837 10.042477
v -6.063197 37.010284 9.995949
v -5.828374 36.925808 9.936931
v -5.823178 36.962414 9.747644
v -5.907762 36.987862 9.701117
v -5.968221 37.058052 9.663904
v -6.043633 36.918182 9.634786
v -5.898592 36.822548 9.718526
v -5.903788 36.785942 9.907812
v -6.054026 36.844975 10.013358
v -6.199069 36.940613 9.929618
v -6.123654 37.080475 9.958736
v -6.118460 37.117081 9.769450
v -6.193871 36.977219 9.740332
v -5.938182 36.808620 9.887954
v -6.052794 36.853653 9.968471
v -6.163441 36.926613 9.904590
v -5.934218 36.836544 9.743555
v -6.159477 36.954536 9.760190
v -6.044867 36.909504 9.679672
v -5.944623 36.831871 9.746619
v -5.948361 36.805531 9.882822
v -6.048989 36.900688 9.686364
v -6.157094 36.943165 9.762311
v -6.160833 36.916824 9.898513
v -6.056468 36.848007 9.958769
v -6.640510 36.046597 9.575654
v -6.644248 36.020252 9.711856
v -6.539882 35.951435 9.772113
v -6.431777 35.908962 9.696166
v -6.428038 35.935303 9.559963
v -6.532403 36.004120 9.499707
v -6.575068 35.905586 9.620879
v -7.304665 37.611641 9.106470
v -7.297462 37.610756 9.092058
v -7.290882 37.610275 9.077333
v -7.284941 37.610195 9.062331
v -7.279654 37.610516 9.047090
v -7.275034 37.611240 9.031647
v -7.271093 37.612366 9.016040
v -7.267840 37.613888 9.000309
v -7.265285 37.615803 8.984492
v -7.263433 37.618107 8.968630
v -7.262288 37.620792 8.952762
v -7.261854 37.623856 8.936925
v -7.262129 37.627289 8.921160
v -7.263117 37.631077 8.905507
v -7.264813 37.635220 8.890005
v -7.267213 37.639702 8.874691
v -7.270311 37.644512 8.859605
v -7.274100 37.649639 8.844782
v -7.278570 37.655075 8.830260
v -7.283710 37.660797 8.816077
v -7.289506 37.666801 8.802266
v -7.295947 37.673061 8.788862
v -7.303012 37.679573 8.775898
v -7.310688 37.686310 8.763407
v -7.318954 37.693264 8.751419
v -7.327788 37.700413 8.739964
v -7.337172 37.707737 8.729073
v -7.347077 37.715225 8.718769
v -7.357484 37.722851 8.709082
v -7.368364 37.730602 8.700029
v -7.379692 37.738457 8.691640
v -7.391437 37.746395 8.683933
v -7.403572 37.754395 8.676928
v -7.416066 37.762440 8.670640
v -7.428887 37.770512 8.665087
v -7.442006 37.778584 8.660282
v -7.455389 37.786644 8.656237
v -7.468999 37.794662 8.652961
v -7.482809 37.802628 8.650464
v -7.496778 37.810516 8.648751
v -7.510878 37.818310 8.647827
v -7.525069 37.825989 8.647695
v -7.539316 37.833534 8.648353
v -7.553586 37.840927 8.649800
v -7.567841 37.848148 8.652034
v -7.582047 37.855183 8.655048
v -7.596169 37.862007 8.658835
v -7.610170 37.868607 8.663386
v -7.624019 37.874973 8.668690
v -7.637678 37.881077 8.674731
v -7.651114 37.886913 8.681498
v -7.664292 37.892464 8.688972
v -7.677184 37.897717 8.697133
v -7.689754 37.902657 8.705963
v -7.701971 37.907269 8.715440
v -7.713805 37.911549 8.725540
v -7.725227 37.915478 8.736237
v -7.736207 37.919052 8.747505
v -7.746723 37.922264 8.759316
v -7.756742 37.925098 8.771642
v -7.766243 37.927559 8.784451
v -7.775203 37.929626 8.797710
v -7.783597 37.931305 8.811388
v -7.791403 37.932587 8.825451
v -7.798606 37.933472 8.839863
v -7.805188 37.933952 8.854587
v -7.811128 37.934032 8.869590
v -7.816414 37.933708 8.884831
v -7.821034 37.932987 8.900274
v -7.824975 37.931862 8.915881
v -7.828228 37.930340 8.931612
v -7.830782 37.928425 8.947430
v -7.832635 37.926121 8.963291
v -7.833782 37.923435 8.979160
v -7.834216 37.920372 8.994997
v -7.833939 37.916943 9.010760
v -7.832951 37.913151 9.026413
v -7.831254 37.909008 9.041916
v -7.828856 37.904526 9.057230
v -7.825758 37.899715 9.072316
v -7.821969 37.894585 9.087138
v -7.817500 37.889153 9.101660
v -7.812358 37.883427 9.115844
v -7.806562 37.877426 9.129655
v -7.800123 37.871166 9.143059
v -7.793056 37.864655 9.156023
v -7.785380 37.857918 9.168514
v -7.777114 37.850964 9.180502
v -7.768281 37.843815 9.191956
v -7.758897 37.836491 9.202848
v -7.748991 37.829002 9.213152
v -7.738585 37.821377 9.222841
v -7.727705 37.813625 9.231890
v -7.716378 37.805771 9.240280
v -7.704631 37.797832 9.247988
v -7.692496 37.789829 9.254993
v -7.680004 37.781784 9.261281
v -7.667181 37.773716 9.266834
v -7.654063 37.765644 9.271640
v -7.640680 37.757587 9.275684
v -7.627069 37.749565 9.278959
v -7.613259 37.741600 9.281457
v -7.599288 37.733707 9.283170
v -7.585190 37.725914 9.284094
v -7.571001 37.718235 9.284226
v -7.556753 37.710693 9.283568
v -7.542483 37.703300 9.282122
v -7.528227 37.696079 9.279887
v -7.514020 37.689049 9.276873
v -7.499899 37.682220 9.273086
v -7.485898 37.675617 9.268535
v -7.472050 37.669254 9.263231
v -7.458391 37.663147 9.257190
v -7.444954 37.657310 9.250423
v -7.431776 37.651764 9.242950
v -7.418885 37.646511 9.234788
v -7.406314 37.641571 9.225957
v -7.394099 37.636959 9.216481
v -7.382264 37.632679 9.206381
v -7.370842 37.628750 9.195683
v -7.359859 37.625175 9.184415
v -7.349347 37.621964 9.172604
v -7.339326 37.619125 9.160278
v -7.329825 37.616673 9.147470
v -7.320867 37.614601 9.134211
v -7.312472 37.612923 9.120532
v -7.277688 37.646263 8.870305
v -7.281021 37.651073 8.855829
v -7.275025 37.641762 8.885020
v -7.285017 37.656185 8.841626
v -7.273044 37.637589 8.899936
v -7.289670 37.661587 8.827732
v -7.271745 37.633751 8.915015
v -7.294962 37.667263 8.814182
v -7.271132 37.630253 8.930223
v -7.300886 37.673199 8.801009
v -7.271208 37.627110 8.945518
v -7.307423 37.679379 8.788246
v -7.271974 37.624329 8.960863
v -7.314559 37.685791 8.775926
v -7.273426 37.621910 8.976222
v -7.322274 37.692417 8.764077
v -7.275558 37.619869 8.991555
v -7.330551 37.699242 8.752731
v -7.278369 37.618210 9.006825
v -7.339368 37.706249 8.741915
v -7.281851 37.616928 9.021994
v -7.348704 37.713421 8.731656
v -7.285995 37.616032 9.037023
v -7.358538 37.720734 8.721979
v -7.290790 37.615524 9.051874
v -7.368841 37.728180 8.712909
v -7.296224 37.615410 9.066513
v -7.379590 37.735733 8.704467
v -7.302283 37.615681 9.080901
v -7.390756 37.743374 8.696676
v -7.308956 37.616341 9.095004
v -7.402315 37.751091 8.689555
v -7.316222 37.617390 9.108787
v -7.414236 37.758854 8.683121
v -7.324063 37.618824 9.122213
v -7.426488 37.766655 8.677390
v -7.332462 37.620636 9.135252
v -7.439044 37.774471 8.672375
v -7.341397 37.622826 9.147869
v -7.451870 37.782276 8.668092
v -7.350846 37.625389 9.160034
v -7.464937 37.790062 8.664549
v -7.360785 37.628315 9.171718
v -7.478209 37.797798 8.661755
v -7.371190 37.631599 9.182889
v -7.491654 37.805473 8.659718
v -7.382032 37.635235 9.193520
v -7.505240 37.813061 8.658441
v -7.393290 37.639206 9.203587
v -7.518933 37.820553 8.657929
v -7.404931 37.643513 9.213062
v -7.532698 37.827919 8.658183
v -7.416928 37.648136 9.221923
v -7.546502 37.835152 8.659203
v -7.429251 37.653069 9.230147
v -7.560308 37.842224 8.660985
v -7.441870 37.658295 9.237715
v -7.574085 37.849125 8.663526
v -7.454751 37.663807 9.244608
v -7.587796 37.855831 8.666817
v -7.467866 37.669586 9.250808
v -7.601408 37.862331 8.670854
v -7.481181 37.675621 9.256298
v -7.614888 37.868607 8.675622
v -7.494660 37.681900 9.261068
v -7.628201 37.874641 8.681114
v -7.508274 37.688396 9.265103
v -7.641315 37.880421 8.687313
v -7.521985 37.695107 9.268395
v -7.654199 37.885929 8.694205
v -7.535760 37.702003 9.270936
v -7.666817 37.891159 8.701774
v -7.549568 37.709076 9.272717
v -7.679141 37.896091 8.709998
v -7.563371 37.716309 9.273737
v -7.691137 37.900715 8.718859
v -7.577135 37.723675 9.273992
v -7.702778 37.905022 8.728334
v -7.590827 37.731167 9.273479
v -7.714036 37.908993 8.738400
v -7.604414 37.738754 9.272203
v -7.724880 37.912628 8.749033
v -7.617858 37.746429 9.270165
v -7.735283 37.915913 8.760203
v -7.631132 37.754169 9.267372
v -7.745223 37.918839 8.771887
v -7.644197 37.761948 9.263828
v -7.754672 37.921398 8.784052
v -7.657023 37.769760 9.259545
v -7.763607 37.923592 8.796669
v -7.669580 37.777569 9.254532
v -7.772006 37.925404 8.809708
v -7.681832 37.785370 9.248800
v -7.779848 37.926838 8.823134
v -7.693754 37.793140 9.242366
v -7.787114 37.927887 8.836916
v -7.705311 37.800854 9.235245
v -7.793786 37.928547 8.851019
v -7.716479 37.808498 9.227453
v -7.799845 37.928818 8.865408
v -7.727229 37.816048 9.219012
v -7.805280 37.928703 8.880046
v -7.737532 37.823494 9.209942
v -7.810073 37.928196 8.894898
v -7.747365 37.830807 9.200266
v -7.814218 37.927299 8.909927
v -7.756701 37.837978 9.190006
v -7.817698 37.926022 8.925096
v -7.765519 37.844986 9.179189
v -7.820509 37.924355 8.940365
v -7.773796 37.851810 9.167843
v -7.822644 37.922314 8.955699
v -7.781510 37.858437 9.155994
v -7.824094 37.919899 8.971057
v -7.788646 37.864849 9.143674
v -7.824860 37.917114 8.986403
v -7.795184 37.871033 9.130911
v -7.824935 37.913975 9.001698
v -7.801106 37.876968 9.117739
v -7.824324 37.910477 9.016905
v -7.806399 37.882641 9.104189
v -7.823026 37.906639 9.031985
v -7.811050 37.888042 9.090295
v -7.821043 37.902462 9.046901
v -7.815048 37.893154 9.076092
v -7.818381 37.897964 9.061615
v -7.295105 37.949924 8.730950
v -7.184502 37.862659 8.863665
v -7.171803 37.816757 9.051264
v -7.261864 37.829754 9.222091
v -7.420280 37.896679 9.310898
v -7.586545 37.991974 9.283761
v -7.697150 38.079239 9.151047
v -7.709847 38.125141 8.963449
v -7.619789 38.112148 8.792621
v -7.461370 38.045219 8.703815
v -7.567084 38.008648 9.269098
v -7.670314 38.090096 9.145231
v -7.682167 38.132938 8.970139
v -7.598112 38.120811 8.810699
v -7.450254 38.058346 8.727814
v -7.295074 37.969402 8.753141
v -7.191844 37.887955 8.877007
v -7.179993 37.845112 9.052100
v -7.264049 37.857243 9.211539
v -7.411903 37.919704 9.294425
v -7.601810 38.067989 9.074008
v -7.523367 38.002342 9.186176
v -7.580242 38.087379 8.925000
v -7.390863 37.928894 9.195799
v -7.471294 38.049160 8.826441
v -7.281918 37.890671 9.097238
v -7.338789 37.975712 8.836062
v -7.260347 37.910065 8.948231
v -7.438833 37.947678 9.199418
v -7.523416 37.973125 9.152890
v -7.288595 37.888645 9.093872
v -7.283399 37.925251 8.904586
v -7.367980 37.950699 8.858058
v -7.428442 38.020889 8.820846
v -7.503852 37.881023 8.791727
v -7.358810 37.785385 8.875467
v -7.364007 37.748779 9.064754
v -7.514246 37.807812 9.170300
v -7.659287 37.903450 9.086559
v -7.583875 38.043316 9.115678
v -7.578680 38.079918 8.926392
v -7.654090 37.940056 8.897273
v -7.398403 37.771458 9.044895
v -7.513012 37.816490 9.125412
v -7.623661 37.889450 9.061530
v -7.394437 37.799385 8.900496
v -7.619696 37.917374 8.917131
v -7.505085 37.872341 8.836615
v -7.408580 37.768368 9.039764
v -7.404842 37.794708 8.903562
v -7.509209 37.863525 8.843306
v -7.617313 37.906002 8.919251
v -7.621053 37.879665 9.055454
v -7.516686 37.810848 9.115711
v -8.100729 37.009434 8.732595
v -8.104467 36.983093 8.868798
v -8.000101 36.914276 8.929054
v -7.891995 36.871799 8.853107
v -7.888258 36.898140 8.716905
v -7.992623 36.966957 8.656649
v -8.035288 36.868423 8.777822
v -6.401204 37.481289 7.392756
v -6.394000 37.480404 7.378345
v -6.387420 37.479923 7.363620
v -6.381480 37.479843 7.348618
v -6.376193 37.480164 7.333377
v -6.371572 37.480892 7.317933
v -6.367631 37.482014 7.302327
v -6.364379 37.483536 7.286596
v -6.361825 37.485451 7.270779
v -6.359972 37.487755 7.254917
v -6.358827 37.490440 7.239047
v -6.358391 37.493504 7.223211
v -6.358668 37.496933 7.207447
v -6.359655 37.500725 7.191793
v -6.361351 37.504868 7.176291
v -6.363751 37.509350 7.160978
v -6.366849 37.514160 7.145892
v -6.370638 37.519291 7.131069
v -6.375109 37.524723 7.116548
v -6.380249 37.530445 7.102364
v -6.386045 37.536446 7.088552
v -6.392485 37.542709 7.075149
v -6.399550 37.549217 7.062185
v -6.407227 37.555958 7.049694
v -6.415493 37.562908 7.037706
v -6.424327 37.570057 7.026252
v -6.433711 37.577385 7.015358
v -6.443616 37.584873 7.005055
v -6.454022 37.592503 6.995367
v -6.464903 37.600250 6.986317
v -6.476231 37.608105 6.977928
v -6.487976 37.616043 6.970220
v -6.500111 37.624043 6.963215
v -6.512605 37.632088 6.956927
v -6.525425 37.640156 6.951374
v -6.538545 37.648232 6.946568
v -6.551927 37.656288 6.942523
v -6.565538 37.664310 6.939248
v -6.579348 37.672276 6.936751
v -6.593318 37.680164 6.935038
v -6.607417 37.687958 6.934114
v -6.621606 37.695637 6.933980
v -6.635855 37.703182 6.934639
v -6.650124 37.710575 6.936087
v -6.664381 37.717796 6.938321
v -6.678586 37.724831 6.941335
v -6.692708 37.731655 6.945123
v -6.706710 37.738258 6.949673
v -6.720558 37.744617 6.954976
v -6.734217 37.750725 6.961018
v -6.747653 37.756561 6.967785
v -6.760831 37.762112 6.975258
v -6.773723 37.767365 6.983420
v -6.786293 37.772301 6.992249
v -6.798510 37.776917 7.001727
v -6.810344 37.781193 7.011826
v -6.821765 37.785126 7.022524
v -6.832747 37.788704 7.033792
v -6.843262 37.791912 7.045604
v -6.853281 37.794746 7.057929
v -6.862782 37.797203 7.070738
v -6.871741 37.799274 7.083998
v -6.880136 37.800953 7.097675
v -6.887944 37.802235 7.111738
v -6.895145 37.803116 7.126149
v -6.901727 37.803600 7.140873
v -6.907668 37.803680 7.155876
v -6.912953 37.803356 7.171118
v -6.917572 37.802631 7.186561
v -6.921515 37.801510 7.202167
v -6.924767 37.799988 7.217899
v -6.927321 37.798073 7.233715
v -6.929174 37.795769 7.249578
v -6.930319 37.793083 7.265447
v -6.930755 37.790020 7.281282
v -6.930479 37.786591 7.297048
v -6.929491 37.782799 7.312701
v -6.927794 37.778656 7.328203
v -6.925395 37.774174 7.343517
v -6.922296 37.769363 7.358603
v -6.918508 37.764233 7.373425
v -6.914038 37.758801 7.387947
v -6.908897 37.753075 7.402130
v -6.903100 37.747074 7.415942
v -6.896662 37.740814 7.429346
v -6.889596 37.734306 7.442308
v -6.881919 37.727566 7.454800
v -6.873654 37.720612 7.466789
v -6.864820 37.713467 7.478243
v -6.855436 37.706139 7.489135
v -6.845530 37.698650 7.499439
v -6.835124 37.691021 7.509127
v -6.824244 37.683273 7.518178
v -6.812915 37.675419 7.526567
v -6.801170 37.667480 7.534274
v -6.789037 37.659477 7.541281
v -6.776542 37.651436 7.547568
v -6.763720 37.643364 7.553121
v -6.750601 37.635292 7.557926
v -6.737219 37.627232 7.561972
v -6.723608 37.619213 7.565247
v -6.709798 37.611248 7.567744
v -6.695828 37.603359 7.569457
v -6.681731 37.595566 7.570381
v -6.667539 37.587887 7.570514
v -6.653292 37.580338 7.569856
v -6.639021 37.572948 7.568408
v -6.624766 37.565727 7.566174
v -6.610559 37.558693 7.563159
v -6.596438 37.551868 7.559372
v -6.582437 37.545265 7.554821
v -6.568589 37.538906 7.549518
v -6.554930 37.532799 7.543476
v -6.541493 37.526962 7.536711
v -6.528315 37.521412 7.529237
v -6.515423 37.516159 7.521075
v -6.502854 37.511223 7.512245
v -6.490637 37.506607 7.502767
v -6.478803 37.502331 7.492668
v -6.467381 37.498398 7.481971
v -6.456398 37.494820 7.470703
v -6.445885 37.491611 7.458889
v -6.435864 37.488777 7.446565
v -6.426363 37.486320 7.433757
v -6.417406 37.484249 7.420496
v -6.409011 37.482571 7.406820
v -6.374226 37.515911 7.156592
v -6.377560 37.520721 7.142115
v -6.371564 37.511414 7.171307
v -6.381557 37.525833 7.127913
v -6.369583 37.507236 7.186223
v -6.386208 37.531235 7.114018
v -6.368284 37.503399 7.201302
v -6.391501 37.536907 7.100469
v -6.367671 37.499901 7.216509
v -6.397424 37.542843 7.087296
v -6.367747 37.496758 7.231804
v -6.403961 37.549026 7.074533
v -6.368513 37.493977 7.247151
v -6.411097 37.555439 7.062212
v -6.369964 37.491562 7.262509
v -6.418813 37.562065 7.050364
v -6.372097 37.489521 7.277843
v -6.427090 37.568890 7.039018
v -6.374907 37.487858 7.293113
v -6.435906 37.575897 7.028202
v -6.378389 37.486572 7.308280
v -6.445243 37.583065 7.017941
v -6.382534 37.485680 7.323308
v -6.455076 37.590382 7.008265
v -6.387329 37.485172 7.338161
v -6.465379 37.597824 6.999195
v -6.392763 37.485054 7.352800
v -6.476128 37.605381 6.990754
v -6.398822 37.485329 7.367188
v -6.487295 37.613022 6.982963
v -6.405494 37.485989 7.381290
v -6.498854 37.620735 6.975842
v -6.412759 37.487038 7.395072
v -6.510775 37.628506 6.969407
v -6.420601 37.488472 7.408500
v -6.523027 37.636303 6.963675
v -6.429000 37.490284 7.421538
v -6.535583 37.644119 6.958663
v -6.437935 37.492474 7.434155
v -6.548409 37.651924 6.954379
v -6.447384 37.495037 7.446321
v -6.561476 37.659706 6.950836
v -6.457324 37.497963 7.458004
v -6.574748 37.667446 6.948041
v -6.467728 37.501247 7.469175
v -6.588193 37.675117 6.946003
v -6.478571 37.504879 7.479807
v -6.601779 37.682713 6.944728
v -6.489829 37.508854 7.489872
v -6.615472 37.690201 6.944217
v -6.501471 37.513157 7.499349
v -6.629237 37.697571 6.944471
v -6.513466 37.517784 7.508210
v -6.643040 37.704796 6.945490
v -6.525791 37.522717 7.516435
v -6.656847 37.711872 6.947272
v -6.538409 37.527943 7.524002
v -6.670622 37.718773 6.949811
v -6.551291 37.533455 7.530895
v -6.684335 37.725479 6.953104
v -6.564405 37.539234 7.537094
v -6.697947 37.731979 6.957139
v -6.577720 37.545269 7.542586
v -6.711427 37.738255 6.961910
v -6.591198 37.551544 7.547355
v -6.724741 37.744289 6.967400
v -6.604812 37.558044 7.551391
v -6.737854 37.750069 6.973599
v -6.618524 37.564751 7.554683
v -6.750738 37.755581 6.980492
v -6.632299 37.571651 7.557223
v -6.763356 37.760807 6.988060
v -6.646105 37.578724 7.559005
v -6.775680 37.765739 6.996284
v -6.659910 37.585953 7.560024
v -6.787676 37.770367 7.005146
v -6.673675 37.593323 7.560279
v -6.799317 37.774666 7.014622
v -6.687366 37.600811 7.559766
v -6.810575 37.778645 7.024688
v -6.700953 37.608406 7.558490
v -6.821418 37.782276 7.035319
v -6.714397 37.616077 7.556453
v -6.831823 37.785561 7.046491
v -6.727671 37.623817 7.553658
v -6.841763 37.788486 7.058173
v -6.740736 37.631596 7.550115
v -6.851211 37.791046 7.070339
v -6.753562 37.639404 7.545832
v -6.860146 37.793240 7.082956
v -6.766119 37.647221 7.540818
v -6.868545 37.795052 7.095994
v -6.778372 37.655018 7.535087
v -6.876387 37.796486 7.109422
v -6.790293 37.662785 7.528653
v -6.883652 37.797531 7.123204
v -6.801850 37.670502 7.521531
v -6.890324 37.798195 7.137307
v -6.813018 37.678143 7.513740
v -6.896385 37.798470 7.151695
v -6.823768 37.685699 7.505299
v -6.901819 37.798347 7.166334
v -6.834071 37.693142 7.496229
v -6.906612 37.797844 7.181186
v -6.843903 37.700459 7.486552
v -6.910757 37.796947 7.196214
v -6.853240 37.707626 7.476293
v -6.914238 37.795666 7.211383
v -6.862058 37.714634 7.465477
v -6.917049 37.794003 7.226652
v -6.870335 37.721458 7.454131
v -6.919184 37.791962 7.241985
v -6.878050 37.728085 7.442282
v -6.920633 37.789547 7.257345
v -6.885184 37.734497 7.429961
v -6.921399 37.786766 7.272690
v -6.891723 37.740681 7.417198
v -6.921474 37.783619 7.287986
v -6.897645 37.746616 7.404025
v -6.920864 37.780125 7.303192
v -6.902938 37.752289 7.390475
v -6.919565 37.776287 7.318272
v -6.907589 37.757690 7.376582
v -6.917582 37.772110 7.333188
v -6.911588 37.762802 7.362379
v -6.914919 37.767612 7.347902
v -6.391644 37.819572 7.017238
v -6.281040 37.732307 7.149951
v -6.268342 37.686405 7.337551
v -6.358403 37.699398 7.508379
v -6.516819 37.766327 7.597185
v -6.683084 37.861622 7.570049
v -6.793687 37.948891 7.437334
v -6.806386 37.994793 7.249735
v -6.716327 37.981796 7.078907
v -6.557909 37.914871 6.990101
v -6.663622 37.878300 7.555384
v -6.766853 37.959747 7.431518
v -6.778705 38.002586 7.256426
v -6.694650 37.990459 7.096986
v -6.546793 37.927994 7.014100
v -6.391613 37.839050 7.039428
v -6.288383 37.757603 7.163294
v -6.276531 37.714760 7.338387
v -6.360587 37.726887 7.497826
v -6.508442 37.789356 7.580712
v -6.698349 37.937637 7.360295
v -6.619906 37.871990 7.472463
v -6.676780 37.957027 7.211287
v -6.567832 37.918804 7.112727
v -6.487402 37.798542 7.482085
v -6.378456 37.760319 7.383525
v -6.435328 37.845356 7.122349
v -6.356886 37.779709 7.234517
v -6.535371 37.817326 7.485705
v -6.619955 37.842773 7.439178
v -6.385134 37.758293 7.380158
v -6.379938 37.794899 7.190873
v -6.464520 37.820347 7.144345
v -6.524980 37.890537 7.107131
v -6.600392 37.750671 7.078014
v -6.455349 37.655033 7.161754
v -6.460546 37.618427 7.351040
v -6.610785 37.677460 7.456587
v -6.755826 37.773098 7.372847
v -6.680414 37.912964 7.401965
v -6.675218 37.949570 7.212677
v -6.750629 37.809704 7.183560
v -6.494942 37.641109 7.331182
v -6.609551 37.686142 7.411699
v -6.720199 37.759098 7.347816
v -6.490977 37.669033 7.186784
v -6.716235 37.787025 7.203418
v -6.601624 37.741993 7.122900
v -6.501381 37.664360 7.189847
v -6.505121 37.638020 7.326051
v -6.605748 37.733177 7.129591
v -6.713853 37.775654 7.205539
v -6.717591 37.749310 7.341742
v -6.613225 37.680492 7.401997
v -7.197268 36.879082 7.018882
v -7.201005 36.852741 7.155085
v -7.096640 36.783924 7.215341
v -6.988533 36.741447 7.139394
v -6.984796 36.767788 7.003191
v -7.089161 36.836605 6.942935
v -7.131826 36.738071 7.064108
v -4.940982 36.518448 8.235815
v -4.933780 36.517563 8.221403
v -4.927199 36.517078 8.206678
v -4.921259 36.517002 8.191676
v -4.915973 36.517323 8.176435
v -4.911354 36.518047 8.160991
v -4.907413 36.519173 8.145385
v -4.904160 36.520695 8.129654
v -4.901604 36.522610 8.113837
v -4.899752 36.524914 8.097975
v -4.898606 36.527599 8.082106
v -4.898171 36.530663 8.066269
v -4.898448 36.534092 8.050504
v -4.899436 36.537880 8.034852
v -4.901132 36.542027 8.019350
v -4.903533 36.546505 8.004036
v -4.906631 36.551319 7.988950
v -4.910419 36.556450 7.974128
v -4.914888 36.561878 7.959606
v -4.920029 36.567604 7.945423
v -4.925826 36.573605 7.931612
v -4.932264 36.579868 7.918208
v -4.939331 36.586376 7.905242
v -4.947007 36.593117 7.892752
v -4.955273 36.600067 7.880764
v -4.964108 36.607216 7.869309
v -4.973490 36.614544 7.858417
v -4.983397 36.622028 7.848114
v -4.993804 36.629658 7.838425
v -5.004683 36.637409 7.829375
v -5.016011 36.645260 7.820986
v -5.027756 36.653202 7.813279
v -5.039890 36.661201 7.806273
v -5.052384 36.669247 7.799984
v -5.065207 36.677315 7.794432
v -5.078324 36.685390 7.789626
v -5.091707 36.693447 7.785582
v -5.105319 36.701469 7.782306
v -5.119126 36.709435 7.779809
v -5.133098 36.717323 7.778097
v -5.147196 36.725117 7.777173
v -5.161386 36.732796 7.777039
v -5.175634 36.740341 7.777698
v -5.189904 36.747734 7.779146
v -5.204160 36.754955 7.781379
v -5.218367 36.761986 7.784394
v -5.232488 36.768818 7.788181
v -5.246490 36.775421 7.792731
v -5.260337 36.781780 7.798035
v -5.273995 36.787888 7.804077
v -5.287433 36.793724 7.810843
v -5.300611 36.799274 7.818316
v -5.313502 36.804523 7.826478
v -5.326073 36.809464 7.835309
v -5.338288 36.814075 7.844786
v -5.350123 36.818356 7.854885
v -5.361547 36.822289 7.865582
v -5.372528 36.825863 7.876851
v -5.383041 36.829071 7.888662
v -5.393062 36.831909 7.900988
v -5.402563 36.834366 7.913795
v -5.411521 36.836437 7.927056
v -5.419916 36.838112 7.940733
v -5.427722 36.839397 7.954796
v -5.434927 36.840279 7.969207
v -5.441506 36.840759 7.983932
v -5.447446 36.840843 7.998935
v -5.452734 36.840519 8.014175
v -5.457354 36.839794 8.029618
v -5.461295 36.838669 8.045225
v -5.464547 36.837151 8.060957
v -5.467103 36.835236 8.076774
v -5.468955 36.832932 8.092636
v -5.470099 36.830246 8.108504
v -5.470534 36.827183 8.124341
v -5.470258 36.823750 8.140105
v -5.469270 36.819958 8.155758
v -5.467575 36.815819 8.171261
v -5.465175 36.811333 8.186574
v -5.462076 36.806522 8.201661
v -5.458288 36.801395 8.216483
v -5.453817 36.795959 8.231005
v -5.448678 36.790237 8.245188
v -5.442882 36.784237 8.259000
v -5.436441 36.777973 8.272404
v -5.429376 36.771465 8.285367
v -5.421700 36.764725 8.297859
v -5.413435 36.757774 8.309846
v -5.404600 36.750626 8.321301
v -5.395216 36.743301 8.332193
v -5.385310 36.735813 8.342497
v -5.374904 36.728184 8.352186
v -5.364024 36.720432 8.361237
v -5.352695 36.712578 8.369625
v -5.340950 36.704643 8.377334
v -5.328815 36.696640 8.384338
v -5.316321 36.688595 8.390626
v -5.303500 36.680527 8.396179
v -5.290381 36.672451 8.400985
v -5.276999 36.664394 8.405030
v -5.263388 36.656376 8.408305
v -5.249579 36.648407 8.410802
v -5.235609 36.640518 8.412516
v -5.221509 36.632721 8.413438
v -5.207320 36.625042 8.413571
v -5.193071 36.617496 8.412913
v -5.178802 36.610104 8.411466
v -5.164546 36.602882 8.409232
v -5.150341 36.595852 8.406218
v -5.136219 36.589024 8.402431
v -5.122217 36.582424 8.397880
v -5.108368 36.576061 8.392577
v -5.094709 36.569954 8.386534
v -5.081275 36.564121 8.379768
v -5.068095 36.558567 8.372295
v -5.055203 36.553314 8.364133
v -5.042634 36.548378 8.355303
v -5.030417 36.543762 8.345825
v -5.018583 36.539486 8.335726
v -5.007161 36.535557 8.325028
v -4.996179 36.531979 8.313760
v -4.985664 36.528767 8.301949
v -4.975646 36.525932 8.289623
v -4.966144 36.523476 8.276815
v -4.957184 36.521408 8.263556
v -4.948792 36.519730 8.249877
v -4.915588 36.555435 7.992380
v -4.912591 36.550777 8.006980
v -4.919256 36.560398 7.978035
v -4.910267 36.546440 8.021799
v -4.923582 36.565655 7.963983
v -4.908627 36.542435 8.036802
v -4.928555 36.571194 7.950257
v -4.907670 36.538765 8.051950
v -4.934165 36.577003 7.936892
v -4.907403 36.535442 8.067206
v -4.940396 36.583065 7.923920
v -4.907824 36.532478 8.082531
v -4.947236 36.589359 7.911375
v -4.908933 36.529881 8.097888
v -4.954664 36.595882 7.899286
v -4.910726 36.527649 8.113239
v -4.962662 36.602612 7.887686
v -4.913198 36.525795 8.128546
v -4.971211 36.609531 7.876601
v -4.916346 36.524326 8.143769
v -4.980291 36.616619 7.866060
v -4.920158 36.523239 8.158873
v -4.989880 36.623863 7.856088
v -4.924630 36.522537 8.173818
v -4.999949 36.631248 7.846712
v -4.929747 36.522224 8.188567
v -5.010478 36.638748 7.837953
v -4.935494 36.522301 8.203086
v -5.021441 36.646347 7.829834
v -4.941863 36.522770 8.217337
v -5.032807 36.654030 7.822377
v -4.948833 36.523621 8.231282
v -5.044550 36.661770 7.815596
v -4.956389 36.524864 8.244890
v -5.056642 36.669556 7.809512
v -4.964513 36.526485 8.258127
v -5.069049 36.677368 7.804138
v -4.973183 36.528492 8.270960
v -5.081745 36.685181 7.799487
v -4.982378 36.530869 8.283355
v -5.094696 36.692978 7.795572
v -4.992074 36.533611 8.295282
v -5.107868 36.700741 7.792403
v -5.002250 36.536720 8.306713
v -5.121232 36.708450 7.789986
v -5.012877 36.540176 8.317618
v -5.134751 36.716084 7.788329
v -5.023931 36.543983 8.327971
v -5.148396 36.723625 7.787435
v -5.035383 36.548126 8.337745
v -5.162127 36.731056 7.787306
v -5.047205 36.552589 8.346915
v -5.175917 36.738358 7.787943
v -5.059371 36.557369 8.355461
v -5.189724 36.745514 7.789344
v -5.071846 36.562450 8.363359
v -5.203520 36.752502 7.791506
v -5.084599 36.567822 8.370592
v -5.217268 36.759308 7.794423
v -5.097601 36.573471 8.377140
v -5.230936 36.765915 7.798088
v -5.110819 36.579376 8.382987
v -5.244485 36.772305 7.802492
v -5.124220 36.585537 8.388121
v -5.257886 36.778461 7.807624
v -5.137772 36.591927 8.392523
v -5.271104 36.784374 7.813471
v -5.151438 36.598530 8.396188
v -5.284108 36.790020 7.820019
v -5.165184 36.605335 8.399105
v -5.296862 36.795391 7.827250
v -5.178981 36.612324 8.401267
v -5.309337 36.800472 7.835150
v -5.192791 36.619476 8.402668
v -5.321500 36.805252 7.843696
v -5.206579 36.626778 8.403305
v -5.333323 36.809719 7.852867
v -5.220312 36.634212 8.403176
v -5.344777 36.813858 7.862641
v -5.233954 36.641758 8.402282
v -5.355831 36.817661 7.872993
v -5.247475 36.649391 8.400624
v -5.366457 36.821125 7.883898
v -5.260839 36.657101 8.398207
v -5.376633 36.824230 7.895328
v -5.274012 36.664864 8.395039
v -5.386330 36.826977 7.907256
v -5.286962 36.672661 8.391124
v -5.395524 36.829350 7.919651
v -5.404192 36.831352 7.932484
v -5.299656 36.680473 8.386474
v -5.312066 36.688282 8.381099
v -5.412315 36.832981 7.945720
v -5.324155 36.696068 8.375015
v -5.419873 36.834217 7.959329
v -5.426844 36.835075 7.973276
v -5.335898 36.703812 8.368235
v -5.347266 36.711494 8.360776
v -5.433211 36.835541 7.987525
v -5.438961 36.835617 8.002043
v -5.358228 36.719093 8.352657
v -5.368756 36.726597 8.343900
v -5.444077 36.835308 8.016793
v -5.378828 36.733978 8.334523
v -5.388414 36.741222 8.324552
v -5.452361 36.833519 8.046840
v -5.448546 36.834606 8.031737
v -5.397494 36.748314 8.314011
v -5.457982 36.830193 8.077371
v -5.455509 36.832043 8.062065
v -5.406044 36.755230 8.302925
v -5.414043 36.761959 8.291325
v -5.459774 36.827961 8.092722
v -5.421472 36.768478 8.279236
v -5.460883 36.825363 8.108079
v -5.428309 36.774780 8.266690
v -5.434542 36.780842 8.253719
v -5.461304 36.822399 8.123405
v -5.460080 36.815411 8.153809
v -5.461034 36.819080 8.138660
v -5.440152 36.786648 8.240354
v -5.445126 36.792187 8.226627
v -5.456116 36.807064 8.183630
v -5.458438 36.811401 8.168811
v -5.449450 36.797443 8.212575
v -5.453116 36.802406 8.198231
v -5.312665 37.033058 8.000723
v -5.182032 36.991035 7.864226
v -5.011336 36.905746 7.831805
v -4.865777 36.809772 7.915843
v -4.800953 36.739761 8.084241
v -4.841626 36.722458 8.272678
v -4.972258 36.764473 8.409176
v -5.142952 36.849762 8.441598
v -5.288512 36.945744 8.357559
v -5.353334 37.015755 8.189160
v -4.847579 36.750889 8.267376
v -4.969503 36.790104 8.394774
v -5.128819 36.869705 8.425035
v -5.264675 36.959290 8.346599
v -5.325177 37.024632 8.189425
v -5.287217 37.040779 8.013552
v -5.165293 37.001560 7.886155
v -5.005978 36.921959 7.855894
v -4.870122 36.832378 7.934330
v -4.809619 36.767036 8.091502
v -5.027183 36.835701 8.325144
v -5.159688 36.909149 8.315520
v -4.918237 36.797478 8.226583
v -5.238130 36.974800 8.203352
v -4.896667 36.816868 8.077575
v -5.216560 36.994186 8.054345
v -4.975110 36.882515 7.965408
v -5.107614 36.955963 7.955786
v -4.899476 36.801788 8.126887
v -4.956408 36.785892 8.207340
v -4.980216 36.878139 7.969255
v -5.150695 36.967438 7.981844
v -5.207627 36.951542 8.062298
v -5.240436 36.980389 8.152066
v -5.315848 36.840527 8.122949
v -5.226109 36.827576 7.952727
v -5.055628 36.738274 7.940136
v -4.974887 36.661926 8.097769
v -5.064628 36.674870 8.267990
v -4.989214 36.814739 8.297109
v -5.159696 36.904037 8.309698
v -5.235108 36.764175 8.280580
v -5.076910 36.741344 7.980503
v -5.015316 36.683102 8.100754
v -5.083776 36.692978 8.230609
v -5.206962 36.809467 7.990108
v -5.213828 36.761101 8.240213
v -5.275421 36.819351 8.119964
v -5.207364 36.798931 7.995428
v -5.084693 36.734676 7.986369
v -5.271937 36.808254 8.117912
v -5.213840 36.753311 8.231338
v -5.091168 36.689053 8.222279
v -5.026597 36.679737 8.099793
v -5.697255 35.856743 8.044681
v -5.574584 35.792484 8.035622
v -5.510011 35.783169 7.913137
v -5.568109 35.838108 7.799713
v -5.690779 35.902367 7.808771
v -5.755352 35.911682 7.931256
v -5.671607 35.775230 7.907166
v -6.872780 37.880711 8.213726
v -6.944210 37.882824 8.388565
v -6.868939 37.881294 8.215707
v -6.940075 37.883396 8.389828
v -6.948359 37.883385 8.387350
v -6.876588 37.881264 8.211677
v -6.980247 37.863857 8.573001
v -6.975966 37.864510 8.573507
v -6.984571 37.864330 8.572666
v -6.979091 37.824760 8.757785
v -6.974813 37.825577 8.757534
v -6.983407 37.825047 8.758334
v -6.940794 37.767502 8.933653
v -6.936675 37.768547 8.932680
v -6.863461 37.696285 9.090164
v -6.944928 37.767513 8.935041
v -6.867280 37.694942 9.091784
v -6.871061 37.694607 9.093928
v -6.762231 37.610725 9.224251
v -6.758844 37.612411 9.222087
v -6.765512 37.609985 9.227027
v -6.630919 37.519070 9.324410
v -6.628070 37.521137 9.321836
v -6.633573 37.517895 9.327664
v -6.479928 37.424576 9.387239
v -6.477697 37.427032 9.384407
v -6.315266 37.334820 9.406665
v -6.481860 37.422951 9.390794
v -6.316826 37.331985 9.409589
v -6.148920 37.249119 9.387491
v -6.317979 37.329918 9.413250
v -6.149795 37.245930 9.390336
v -6.150150 37.243454 9.393906
v -5.987209 37.170738 9.330448
v -5.987000 37.174232 9.327848
v -5.986787 37.167896 9.333732
v -5.837222 37.110168 9.232927
v -5.837627 37.113911 9.230727
v -5.836083 37.107044 9.235745
v -5.707354 37.067268 9.102664
v -5.708292 37.071182 9.100999
v -5.605478 37.048195 8.945167
v -5.604115 37.044178 8.946190
v -5.705595 37.063934 9.104859
v -5.601865 37.040737 8.947639
v -5.532687 37.042065 8.771352
v -5.534341 37.046089 8.771045
v -5.530096 37.038612 8.771965
v -5.496647 37.061031 8.586916
v -5.498451 37.064976 8.587366
v -5.493884 37.057671 8.586649
v -5.497806 37.100124 8.402131
v -5.499604 37.103909 8.403339
v -5.495048 37.096951 8.400982
v -5.536101 37.157387 8.226264
v -5.537744 37.160938 8.228193
v -5.610958 37.233196 8.070709
v -5.533526 37.154488 8.224273
v -5.609618 37.229946 8.068132
v -5.607392 37.227394 8.065387
v -5.714664 37.314163 7.935666
v -5.715573 37.317074 7.938787
v -5.846346 37.408348 7.839039
v -5.712942 37.312012 7.932289
v -5.845976 37.405815 7.835506
v -5.844882 37.404102 7.831651
v -5.996969 37.500313 7.772678
v -5.996719 37.502453 7.776467
v -6.159153 37.594669 7.754209
v -5.996594 37.499046 7.768522
v -6.160069 37.592903 7.750328
v -6.325499 37.680367 7.773383
v -6.160474 37.592083 7.746066
v -6.327101 37.678959 7.769581
v -6.328303 37.678547 7.765409
v -6.489686 37.754150 7.829469
v -6.487418 37.755253 7.833025
v -6.491665 37.754101 7.825583
v -6.639675 37.814716 7.926990
v -6.636791 37.815571 7.930146
v -6.766126 37.858299 8.059875
v -6.642370 37.814957 7.923570
v -6.769544 37.857620 8.057252
v -6.772859 37.858063 8.054456
v -5.528900 37.059460 8.758240
v -5.494998 37.082226 8.561099
v -5.503912 37.127815 8.365205
v -6.607223 37.815601 7.918956
v -6.444118 37.747768 7.822377
v -6.748503 37.863640 8.054101
v -6.859747 37.889091 8.219959
v -6.862194 37.885632 8.218933
v -6.865328 37.882973 8.217483
v -5.603643 37.060844 8.945171
v -5.534948 37.050404 8.771066
v -5.605235 37.056816 8.944639
v -5.605860 37.052502 8.944638
v -5.499169 37.069233 8.587968
v -5.500319 37.108044 8.404523
v -5.538339 37.164890 8.229930
v -5.555121 37.193577 8.181943
v -5.556680 37.189644 8.180891
v -5.557209 37.185593 8.179364
v -5.611320 37.236927 8.072945
v -5.645651 37.275696 8.021965
v -5.647271 37.271816 8.020803
v -5.647980 37.267929 8.018957
v -5.715607 37.320534 7.941438
v -5.770239 37.369396 7.894566
v -5.771944 37.365578 7.893319
v -5.772902 37.361881 7.891218
v -5.845967 37.411522 7.842005
v -5.921647 37.469227 7.807152
v -5.923453 37.465481 7.805845
v -5.924715 37.461983 7.803569
v -5.995865 37.505329 7.779631
v -6.091073 37.569397 7.764801
v -6.092995 37.565720 7.763464
v -6.094594 37.562416 7.761105
v -6.157784 37.597252 7.757443
v -6.268671 37.664078 7.769977
v -6.270713 37.660461 7.768644
v -6.272667 37.657352 7.766294
v -6.323605 37.682682 7.776556
v -6.446281 37.744209 7.821079
v -6.448586 37.741264 7.818834
v -6.609497 37.812092 7.917724
v -6.612127 37.809284 7.915672
v -6.750873 37.860161 8.052962
v -6.753786 37.857449 8.051180
v -6.559563 38.445835 8.335868
v -6.448318 38.420380 8.170010
v -6.307037 38.372341 8.034863
v -6.143935 38.304508 7.938283
v -5.968484 38.220818 7.885884
v -5.790886 38.126137 7.880710
v -5.621461 38.025967 7.923059
v -5.470056 37.926136 8.010473
v -5.345468 37.832436 8.137872
v -5.254938 37.750317 8.297851
v -5.203728 37.684551 8.481112
v -5.194815 37.638962 8.677006
v -5.228715 37.616199 8.874147
v -5.303460 37.617584 9.061079
v -5.414703 37.643036 9.226937
v -5.714889 37.086296 9.111030
v -5.555984 37.691074 9.362083
v -5.856169 37.134335 9.246176
v -5.719088 37.758911 9.458663
v -6.019272 37.202168 9.342754
v -5.894536 37.842598 9.511063
v -6.194722 37.285858 9.395155
v -6.372320 37.380539 9.400331
v -6.072134 37.937279 9.516237
v -6.241560 38.037449 9.473887
v -6.541745 37.480705 9.357980
v -6.392967 38.137283 9.386474
v -6.693151 37.580540 9.270565
v -6.817739 37.674240 9.143167
v -6.517555 38.230984 9.259074
v -6.908269 37.756359 8.983187
v -6.608085 38.313099 9.099095
v -6.959478 37.822121 8.799926
v -6.659294 38.378864 8.915834
v -6.968391 37.867710 8.604033
v -6.668208 38.424454 8.719940
v -6.634306 38.447216 8.522799
v -6.934493 37.890476 8.406892
v -5.305841 37.628956 9.058958
v -5.415974 37.654156 9.223158
v -5.555840 37.701710 9.356952
v -5.717313 37.768867 9.452566
v -5.891007 37.851723 9.504442
v -6.066830 37.945457 9.509565
v -6.234560 38.044621 9.467638
v -6.384453 38.143459 9.381099
v -6.507795 38.236221 9.254973
v -6.597421 38.317516 9.096595
v -6.648118 38.382626 8.915166
v -6.656941 38.427757 8.721231
v -6.623381 38.450291 8.526061
v -6.549384 38.448921 8.340999
v -6.137911 38.309010 7.947391
v -6.299385 38.376167 8.043004
v -6.131538 38.300827 7.970197
v -5.963108 38.220486 7.919893
v -5.964217 38.226158 7.895514
v -6.288118 38.365948 8.062913
v -5.792614 38.129593 7.914925
v -5.788394 38.132423 7.890392
v -6.439250 38.423725 8.176799
v -6.423748 38.412064 8.192654
v -5.629965 38.033432 7.955582
v -5.620664 38.033257 7.932319
v -6.530541 38.436497 8.351877
v -5.484614 37.937588 8.039499
v -5.470771 37.934422 8.018859
v -6.602296 38.437828 8.531332
v -5.365011 37.847637 8.161801
v -5.347430 37.841660 8.144983
v -6.634841 38.415974 8.720587
v -5.278101 37.768806 8.315381
v -5.257804 37.760365 8.303363
v -6.626285 38.372208 8.908646
v -5.228940 37.705673 8.491312
v -5.207108 37.695251 8.484792
v -6.577123 38.309074 9.084576
v -5.220384 37.661900 8.679370
v -5.198283 37.650120 8.678726
v -6.490214 38.230240 9.238155
v -5.231844 37.627586 8.873896
v -5.252929 37.640053 8.868626
v -6.370610 38.140289 9.360458
v -5.324684 37.641380 9.048080
v -6.225259 38.044449 9.444376
v -5.431479 37.665813 9.207304
v -6.062611 37.948288 9.485033
v -5.567107 37.711929 9.337044
v -5.892118 37.857395 9.480064
v -5.723686 37.777054 9.429761
v -5.263855 37.636978 8.865364
v -5.334863 37.638290 9.042949
v -5.231649 37.658600 8.678080
v -5.240118 37.701912 8.491981
v -5.288766 37.764389 8.317882
v -5.374770 37.842400 8.165902
v -5.493127 37.931412 8.044873
v -5.636963 38.026257 7.961830
v -5.797918 38.121414 7.921597
v -5.966637 38.211361 7.926514
v -6.133314 38.290867 7.976294
v -6.288261 38.355312 8.068044
v -6.422478 38.400948 8.196432
v -6.528160 38.425125 8.353998
v -6.599167 38.426441 8.531583
v -6.631372 38.404816 8.718867
v -6.622904 38.361507 8.904966
v -6.574255 38.299030 9.079064
v -6.488253 38.221016 9.231044
v -6.369894 38.132004 9.352073
v -6.226058 38.037163 9.435117
v -6.065104 37.942001 9.475349
v -5.896386 37.852055 9.470433
v -5.729709 37.772552 9.420653
v -5.574759 37.708107 9.328903
v -5.440545 37.662472 9.200514
v -5.445193 37.635475 9.185019
v -5.348090 37.613758 9.037842
v -5.567348 37.675831 9.307546
v -5.708425 37.732800 9.399272
v -5.861351 37.803528 9.455603
v -6.018459 37.884468 9.473711
v -6.171872 37.971561 9.452690
v -6.313893 38.060440 9.393593
v -6.437406 38.146648 9.299384
v -6.536212 38.225861 9.174787
v -6.605361 38.294109 9.026049
v -6.641382 38.347973 8.860628
v -6.642470 38.384743 8.686821
v -6.608572 38.402584 8.513343
v -6.541388 38.400597 8.348890
v -6.444283 38.378880 8.201712
v -6.322128 38.338524 8.079186
v -6.181052 38.281555 7.987460
v -6.028124 38.210827 7.931129
v -5.871016 38.129887 7.913022
v -5.717604 38.042793 7.934042
v -5.575582 37.953915 7.993139
v -5.452071 37.867706 8.087348
v -5.353263 37.788494 8.211946
v -5.284115 37.720245 8.360683
v -5.248095 37.666382 8.526103
v -5.247005 37.629612 8.699910
v -5.280903 37.611771 8.873390
v -5.574224 37.968472 8.007413
v -5.444320 37.877377 8.108521
v -5.343068 37.794624 8.243785
v -5.276353 37.725018 8.405342
v -5.248055 37.672607 8.583803
v -5.259816 37.640434 8.768798
v -5.310954 37.630371 8.949574
v -5.398495 37.643002 9.115625
v -5.517354 37.677589 9.257303
v -5.660621 37.732132 9.366372
v -5.819972 37.803452 9.436494
v -5.986145 37.887405 9.463593
v -6.149483 37.979122 9.446095
v -6.300491 38.073257 9.385017
v -6.430398 38.164349 9.283909
v -6.531650 38.247101 9.148645
v -6.598363 38.316708 8.987089
v -6.626663 38.369122 8.808628
v -6.614902 38.401291 8.623633
v -6.563765 38.411358 8.442857
v -6.476223 38.398727 8.276805
v -6.357364 38.364132 8.135127
v -6.214097 38.309593 8.026059
v -6.054746 38.238274 7.955936
v -5.888573 38.154320 7.928838
v -5.725235 38.062607 7.946336
v -5.319430 37.724503 8.519388
v -5.372543 37.791142 8.336848
v -5.316379 37.681870 8.716253
v -5.471415 37.876392 8.183422
v -5.363636 37.666702 8.911495
v -5.608033 37.973347 8.071539
v -5.457372 37.680229 9.089296
v -5.771330 38.074154 8.010264
v -5.589993 37.721348 9.235252
v -5.948081 38.170639 8.004560
v -5.750757 37.786736 9.337539
v -6.123960 38.254993 8.054892
v -5.926637 37.871086 9.387870
v -6.284725 38.320381 8.157178
v -6.103385 37.967575 9.382166
v -6.417346 38.361500 8.303135
v -6.266685 38.068378 9.320891
v -6.511083 38.375023 8.480936
v -6.403304 38.165333 9.209009
v -6.558339 38.359856 8.676178
v -6.502174 38.250584 9.055583
v -6.555286 38.317223 8.873043
v -5.607215 38.048653 8.156131
v -5.475483 37.954422 8.267596
v -5.385270 37.873543 8.422443
v -5.345404 37.813934 8.605516
v -5.359789 37.781429 8.798893
v -5.427019 37.779217 8.983645
v -5.540509 37.807507 9.141688
v -5.689154 37.863529 9.257551
v -5.858398 37.941803 9.319892
v -6.031682 38.034668 9.322610
v -6.192038 38.133034 9.265438
v -5.623580 38.059086 8.196386
v -5.501038 37.971428 8.300076
v -5.417117 37.896191 8.444119
v -5.380033 37.840740 8.614420
v -5.393414 37.810505 8.794305
v -5.455954 37.808445 8.966167
v -5.561525 37.834759 9.113184
v -5.699800 37.886875 9.220963
v -5.857237 37.959694 9.278955
v -6.018431 38.046078 9.281484
v -6.167599 38.137581 9.228300
v -5.540833 37.867569 8.264948
v -5.667663 37.958294 8.157630
v -5.453975 37.789696 8.414034
v -5.415593 37.732307 8.590295
v -5.429442 37.701012 8.776476
v -5.494171 37.698883 8.954353
v -5.603437 37.726120 9.106516
v -5.746552 37.780056 9.218067
v -5.909501 37.855423 9.278089
v -6.076334 37.944828 9.280705
v -6.230723 38.039532 9.225661
v -6.357554 38.130260 9.118343
v -6.290141 38.225239 9.124612
v -6.444412 38.208130 8.969257
v -6.374062 38.300476 8.980567
v -6.482794 38.265522 8.792997
v -6.411146 38.355927 8.810267
v -6.468944 38.296814 8.606815
v -6.397764 38.386158 8.630383
v -6.404216 38.298946 8.428938
v -6.335225 38.388218 8.458520
v -6.229651 38.361904 8.311503
v -6.294949 38.271709 8.276775
v -6.151835 38.217770 8.165224
v -6.091379 38.309788 8.203724
v -5.933939 38.236973 8.145731
v -5.988886 38.142406 8.105202
v -5.772748 38.150585 8.143203
v -5.822052 38.052998 8.102586
v -5.753292 37.799484 8.124568
v -5.907681 37.894188 8.069523
v -6.074513 37.983597 8.072140
v -6.237463 38.058960 8.132161
v -6.380577 38.112900 8.243713
v -6.489844 38.140137 8.395875
v -6.554572 38.138004 8.573752
v -6.568421 38.106712 8.759934
v -6.530039 38.049320 8.936194
v -6.443182 37.971451 9.085280
v -6.316351 37.880722 9.192598
v -6.128911 38.023159 8.022979
v -5.960766 37.936932 8.001699
v -6.289433 38.094563 8.095752
v -6.429327 38.145348 8.214121
v -5.798623 37.842857 8.033636
v -6.537261 38.171402 8.368499
v -5.655612 37.748558 8.116203
v -6.604492 38.170620 8.546377
v -5.626461 37.708759 8.231885
v -5.543324 37.661678 8.242710
v -6.625569 38.143059 8.733345
v -5.539603 37.630886 8.380971
v -5.470853 37.589252 8.402908
v -6.598789 38.090954 8.914257
v -5.501221 37.573498 8.557232
v -5.444073 37.537148 8.583820
v -6.526319 38.018528 9.074455
v -5.515070 37.542202 8.743413
v -5.465150 37.509586 8.770789
v -6.414030 37.931648 9.200963
v -5.579798 37.540070 8.921290
v -5.532381 37.508804 8.948668
v -6.271020 37.837349 9.283529
v -6.161963 37.786018 9.247643
v -5.640315 37.534859 9.103045
v -5.689065 37.567307 9.073453
v -6.108876 37.743275 9.315467
v -5.995129 37.696609 9.245027
v -5.780210 37.585644 9.221415
v -5.832179 37.621246 9.185004
v -5.940732 37.657043 9.294187
v -6.547006 38.153324 8.364738
v -6.616757 38.151661 8.553363
v -6.634655 38.120129 8.751184
v -6.599081 38.061581 8.940274
v -6.513257 37.981323 9.103496
v -6.384961 37.886635 9.226059
v -6.225819 37.786091 9.296857
v -6.050251 37.688801 9.309475
v -5.874169 37.603584 9.262769
v -5.713530 37.538162 9.160972
v -5.648186 37.516205 9.097211
v -5.590672 37.500286 9.024711
v -5.542127 37.490726 8.944904
v -5.474897 37.491512 8.767026
v -5.453820 37.519070 8.580058
v -5.480599 37.571175 8.399146
v -5.553071 37.643600 8.238947
v -5.665359 37.730480 8.112440
v -5.808368 37.824780 8.029874
v -5.970512 37.918854 7.997937
v -6.138658 38.005085 8.019216
v -6.299180 38.076485 8.091988
v -6.439075 38.127270 8.210357
v -5.517224 37.545425 8.617697
v -5.548510 37.524231 8.800502
v -5.537560 37.593689 8.438525
v -5.628352 37.532192 8.969048
v -5.607523 37.664307 8.280524
v -5.748937 37.568523 9.106834
v -5.720271 37.750362 8.159163
v -5.898458 37.629669 9.200375
v -5.864759 37.843433 8.086321
v -6.062284 37.709644 9.240512
v -6.026851 37.934410 8.069127
v -6.224376 37.800621 9.223318
v -6.190676 38.014385 8.109264
v -6.368865 37.893692 9.150476
v -6.340199 38.075531 8.202806
v -6.481610 37.979748 9.029115
v -6.460783 38.111862 8.340591
v -6.551576 38.050365 8.871115
v -6.540626 38.119823 8.509137
v -6.571910 38.098633 8.691943
v -6.343973 38.052334 8.208174
v -6.462121 38.087929 8.343177
v -6.540350 38.095730 8.508317
v -6.571002 38.074966 8.687430
v -6.551078 38.027676 8.862982
v -6.482528 37.958488 9.017790
v -6.372059 37.874168 9.136699
v -6.230488 37.782978 9.208069
v -6.071672 37.693840 9.224916
v -5.911158 37.615479 9.185590
v -5.764656 37.555569 9.093939
v -5.646506 37.519970 8.958936
v -5.568276 37.512173 8.793797
v -5.537624 37.532936 8.614683
v -5.557549 37.580223 8.439132
v -5.626101 37.649418 8.284323
v -5.736567 37.733734 8.165414
v -5.878139 37.824924 8.094044
v -6.036954 37.914062 8.077196
v -6.197471 37.992424 8.116523
v -6.919002 36.985847 7.986143
v -6.772500 36.925938 7.894493
v -6.611983 36.847576 7.855165
v -6.453167 36.758442 7.872013
v -6.311596 36.667252 7.943384
v -6.201128 36.582932 8.062292
v -6.132577 36.513741 8.217099
v -6.112652 36.466450 8.392652
v -6.143307 36.445686 8.571765
v -6.221536 36.453487 8.736905
v -6.339684 36.489082 8.871908
v -6.486187 36.548996 8.963558
v -6.646700 36.627354 9.002885
v -6.805518 36.716492 8.986038
v -6.947089 36.807682 8.914668
v -7.057557 36.891998 8.795758
v -7.126108 36.961193 8.640950
v -7.146032 37.008480 8.465399
v -7.115378 37.029243 8.286285
v -7.037149 37.021446 8.121145
v -6.109233 36.439358 8.513914
v -6.095374 36.470673 8.327604
v -6.174006 36.437225 8.691915
v -6.133781 36.528103 8.151222
v -6.283349 36.464481 8.844182
v -6.220699 36.606026 8.002033
v -6.426560 36.518459 8.955811
v -6.347618 36.696819 7.894642
v -6.589622 36.593872 9.015874
v -6.502113 36.791588 7.839559
v -6.756571 36.683346 9.018492
v -6.669064 36.881058 7.842178
v -6.911067 36.778114 8.963409
v -6.832125 36.956470 7.902241
v -7.037985 36.868900 8.856017
v -6.975337 37.010452 8.013869
v -7.124904 36.946827 8.706828
v -7.084681 37.037704 8.166136
v -7.163311 37.004257 8.530447
v -7.149452 37.035572 8.344137
v -6.323770 38.227268 9.153973
v -6.413983 38.308147 8.999125
v -6.453849 38.367756 8.816052
v -6.439465 38.400257 8.622676
v -6.372235 38.402473 8.437924
v -6.258745 38.374184 8.279881
v -6.110101 38.318157 8.164017
v -5.940854 38.239883 8.101677
v -5.767571 38.147015 8.098959
v -6.936240 37.885071 8.391054
v -6.972019 37.866241 8.574153
v -6.970869 37.827431 8.757598
v -6.932849 37.770580 8.932191
v -6.910748 37.752808 8.982682
v -6.913980 37.749882 8.982756
v -6.859868 37.698547 9.089176
v -6.820158 37.670635 9.142769
v -6.823208 37.667545 9.143163
v -6.755581 37.614941 9.220683
v -6.695484 37.576870 9.270255
v -6.698287 37.573593 9.270904
v -6.625220 37.523952 9.320116
v -6.543973 37.476967 9.357729
v -6.546474 37.473492 9.358552
v -6.475323 37.430145 9.382490
v -6.374434 37.376732 9.400108
v -6.376595 37.373055 9.401016
v -6.313405 37.338223 9.404677
v -6.196714 37.281990 9.394930
v -6.198521 37.278122 9.395826
v -6.147583 37.252792 9.385564
v -6.021145 37.198242 9.342494
v -6.022602 37.194206 9.343287
v -5.857931 37.130360 9.245849
v -5.859060 37.126190 9.246449
v -5.716555 37.082287 9.110610
v -5.717402 37.078022 9.110941
v -6.262059 35.667171 8.912232
v -6.091082 35.642502 8.587916
v -6.090518 35.646465 8.567426
v -6.097067 35.651455 8.560425
v -6.088327 35.643188 8.577489
v -6.269020 35.669258 8.920231
v -6.278323 35.673561 8.923657
v -6.287475 35.678925 8.921593
v -6.284276 35.709385 8.766998
v -6.362924 35.728676 8.878034
v -6.220328 35.700161 8.645703
v -6.172516 35.701202 8.516864
v -6.606291 36.181881 7.331433
v -6.329948 35.999664 7.490979
v -6.624746 36.191547 7.332795
v -6.631708 36.193634 7.340794
v -6.615444 36.187244 7.329369
v -6.323400 35.994675 7.497981
v -6.321208 35.991402 7.508043
v -6.323963 35.990715 7.518472
v -6.463301 36.063461 7.529919
v -6.370644 35.997448 7.607018
v -6.566652 36.131607 7.470249
v -6.678389 36.200371 7.429341
v -7.791365 36.675564 8.029286
v -7.620388 36.650894 7.704972
v -7.791927 36.671600 8.049778
v -7.785378 36.666611 8.056779
v -7.794117 36.674877 8.039715
v -7.613427 36.648804 7.696973
v -7.604124 36.644505 7.693547
v -7.594972 36.639137 7.695610
v -7.598172 36.608681 7.850206
v -7.519523 36.589390 7.739170
v -7.662117 36.617905 7.971499
v -7.709929 36.616863 8.100340
v -6.471859 37.527878 7.351963
v -6.598009 37.572136 7.466085
v -6.751434 37.657181 7.454944
v -6.842263 37.733192 7.325065
v -6.817287 37.755646 7.152531
v -6.838246 37.728729 7.322738
v -6.814620 37.752613 7.154167
v -6.813920 37.750599 7.154690
v -6.475539 37.529030 7.349936
v -6.599370 37.572475 7.461962
v -6.477476 37.528751 7.348936
v -6.600344 37.571861 7.460091
v -6.598573 37.572567 7.464008
v -6.473622 37.528732 7.350970
v -6.749978 37.655960 7.451025
v -6.749781 37.654694 7.449240
v -6.750542 37.656803 7.452971
v -6.839138 37.730576 7.323533
v -6.840508 37.732094 7.324326
v -6.815770 37.754337 7.153430
v -6.740717 37.732677 7.064541
v -6.739925 37.731586 7.066277
v -6.691052 37.707493 7.043535
v -6.690790 37.709171 7.042140
v -6.638384 37.685349 7.026848
v -6.690818 37.710499 7.040391
v -6.638566 37.684708 7.028941
v -6.541615 37.624660 7.054386
v -6.540182 37.625690 7.053079
v -6.537712 37.626343 7.049551
v -6.538849 37.626263 7.051428
v -6.465672 37.571465 7.126565
v -6.467493 37.571907 7.127712
v -6.453148 37.550621 7.180889
v -6.451022 37.551071 7.180571
v -6.441567 37.535427 7.237256
v -6.448884 37.550972 7.180074
v -6.443618 37.536209 7.237350
v -6.452890 37.532200 7.236320
v -6.480836 37.526630 7.347326
v -6.482068 37.524929 7.346806
v -6.814011 37.746319 7.154968
v -6.740157 37.724167 7.070100
v -6.814778 37.744312 7.154715
v -6.741027 37.722191 7.069965
v -6.739583 37.726227 7.069767
v -6.813717 37.748463 7.154959
v -6.691579 37.705612 7.044465
v -6.642464 37.676609 7.033659
v -6.641456 37.678520 7.033744
v -6.640503 37.680401 7.033272
v -6.545496 37.619770 7.055525
v -6.544353 37.621605 7.055641
v -6.476108 37.566917 7.129704
v -6.543031 37.623272 7.055252
v -6.474868 37.568676 7.129923
v -6.473279 37.570141 7.129818
v -6.455090 37.549675 7.181002
v -6.451621 37.533913 7.236687
v -6.479270 37.527935 7.348052
v -6.449943 37.535244 7.236990
v -6.953439 36.925003 7.313690
v -7.209539 36.788128 7.255882
v -7.070062 36.710815 7.266011
v -6.837051 36.884167 7.208399
v -6.955379 36.670582 7.162262
v -6.836816 37.139187 7.361369
v -6.751349 37.649471 7.445997
v -6.814010 36.904884 7.049216
v -6.932675 36.690994 7.005413
v -7.015246 36.760094 6.887341
v -6.718723 37.097755 7.254535
v -6.720193 37.353371 7.409049
v -6.555818 37.547050 7.431557
v -6.654383 37.592636 7.467863
v -6.695343 37.118778 7.093018
v -6.600395 37.311344 7.300670
v -6.576676 37.332668 7.136821
v -7.125626 36.722794 7.256428
v -7.209566 36.771992 7.237499
v -7.040304 36.683331 7.224999
v -6.976461 36.664185 7.151636
v -6.951206 36.670475 7.055995
v -6.971303 36.700527 6.963703
v -7.031369 36.746281 6.899488
v -7.200631 36.834942 6.911989
v -7.201448 36.824978 6.916396
v -7.264472 36.854092 6.985353
v -7.262567 36.832535 6.987998
v -7.263505 36.821659 6.988330
v -7.262889 36.843407 6.987000
v -7.128444 36.768589 6.893445
v -7.123740 36.777988 6.890469
v -7.115308 36.795483 6.880561
v -7.119337 36.787003 6.886148
v -7.038555 36.739655 6.904366
v -6.998053 36.682613 6.968726
v -6.989716 36.689617 6.967848
v -6.980748 36.695621 6.966164
v -6.961407 36.666702 7.054984
v -7.002724 36.649704 7.138892
v -6.994516 36.655788 7.142756
v -6.985713 36.660645 7.147027
v -7.154725 36.837410 6.877213
v -7.269405 36.877644 6.980960
v -7.289729 36.847797 7.080994
v -7.292110 36.857231 7.137811
v -7.269631 36.817745 7.173285
v -7.039361 37.053478 6.919107
v -7.155749 37.094311 7.024399
v -6.923999 37.269547 6.961004
v -7.178792 37.073593 7.183583
v -7.042092 37.310978 7.067838
v -6.808637 37.485615 7.002899
v -7.065474 37.289959 7.229355
v -6.928435 37.527645 7.111276
v -6.843956 37.737041 7.265200
v -6.952154 37.506325 7.275126
v -6.820738 37.702328 7.371817
v -6.554689 37.548782 7.432193
v -6.553407 37.550171 7.433244
v -6.601409 37.570786 7.458546
v -6.653390 37.594433 7.468550
v -6.652484 37.595997 7.469738
v -6.750494 37.651344 7.446653
v -6.749959 37.653126 7.447759
v -6.819978 37.704273 7.372371
v -6.819708 37.706257 7.373193
v -6.837899 37.726723 7.322008
v -6.843226 37.739037 7.265605
v -6.843046 37.741154 7.266021
v -7.047153 36.679073 7.217632
v -7.137785 36.702770 7.233776
v -7.133343 36.710339 7.240284
v -7.129265 36.717049 7.247878
v -7.210049 36.764400 7.229661
v -7.268177 36.788750 7.158494
v -7.267366 36.798710 7.162905
v -7.267855 36.808430 7.167864
v -7.287197 36.837353 7.079044
v -7.016798 36.634270 7.132646
v -7.072722 36.651043 7.196912
v -7.022424 36.625187 7.130371
v -7.078111 36.641888 7.194363
v -7.066829 36.659477 7.200585
v -7.010193 36.642487 7.135503
v -7.147463 36.685612 7.224442
v -7.152534 36.676311 7.221776
v -7.142520 36.694485 7.228466
v -7.220994 36.728710 7.207862
v -7.225750 36.719223 7.205266
v -7.216986 36.738129 7.211675
v -7.273612 36.768791 7.151612
v -7.278143 36.759132 7.149256
v -7.270270 36.778717 7.154709
v -7.291216 36.795116 7.070764
v -7.295674 36.785347 7.068753
v -7.273643 36.790836 6.985329
v -7.269094 36.800629 6.986984
v -7.288099 36.805374 7.072834
v -7.265694 36.810959 6.987988
v -7.891840 35.483852 6.948075
v -7.961763 35.549973 6.811562
v -7.884047 35.538761 6.664145
v -7.217957 36.774132 6.921337
v -7.143534 36.739712 6.893923
v -7.736406 35.461426 6.653242
v -7.070316 36.696796 6.910434
v -7.775328 35.428074 6.682570
v -7.886057 35.486080 6.690748
v -7.944346 35.494488 6.801309
v -7.891903 35.444897 6.903694
v -7.781174 35.386894 6.895517
v -7.722887 35.378483 6.784955
v -7.744201 35.406517 6.937171
v -7.666482 35.395302 6.789756
v -7.017923 36.656887 6.966444
v -7.000393 36.630676 7.046947
v -7.213168 36.783852 6.922718
v -7.209058 36.793972 6.922907
v -7.138425 36.749287 6.895186
v -7.133368 36.758965 6.895027
v -7.064896 36.706188 6.911768
v -7.058903 36.715321 6.911818
v -7.012279 36.666107 6.968018
v -7.005617 36.674728 6.968782
v -6.994674 36.639782 7.048866
v -6.987789 36.648071 7.050658
v -5.011640 36.565033 8.195022
v -5.088209 36.588001 8.283010
v -5.190540 36.635330 8.320704
v -5.291214 36.694340 8.298002
v -5.363256 36.749218 8.220988
v -5.387359 36.785255 8.110296
v -5.357068 36.792805 7.995589
v -5.005453 36.608624 7.969623
v -5.007274 36.609062 7.970770
v -5.077493 36.663498 7.892608
v -5.079961 36.662846 7.896137
v -5.081396 36.661816 7.897445
v -5.078629 36.663422 7.894485
v -4.992929 36.587780 8.023946
v -4.990801 36.588230 8.023629
v -4.981349 36.572582 8.080313
v -4.988664 36.588131 8.023131
v -4.983398 36.573364 8.080409
v -5.017254 36.565910 8.191994
v -5.015318 36.566189 8.192994
v -5.013402 36.565887 8.194027
v -5.089244 36.588638 8.281180
v -5.140123 36.609016 8.303149
v -5.139150 36.609631 8.305020
v -5.138352 36.609726 8.307066
v -5.190605 36.635517 8.318517
v -5.289560 36.691853 8.292297
v -5.289758 36.693119 8.294083
v -5.290321 36.693966 8.296029
v -5.280498 36.769840 7.907599
v -5.178166 36.722507 7.869905
v -5.361679 36.748322 8.219747
v -5.378026 36.765892 8.165795
v -5.378918 36.767735 8.166592
v -5.380288 36.769257 8.167385
v -5.385552 36.784019 8.110107
v -5.353701 36.787762 7.997748
v -5.354401 36.789776 7.997225
v -5.355549 36.791500 7.996489
v -5.279706 36.768749 7.909336
v -5.230832 36.744652 7.886593
v -5.230569 36.746330 7.885200
v -5.230598 36.747662 7.883451
v -5.178348 36.721867 7.872000
v -5.182243 36.713764 7.876717
v -5.084134 36.658760 7.898699
v -5.085277 36.656929 7.898584
v -5.290274 36.688507 8.289711
v -5.359758 36.741436 8.215428
v -5.291131 36.686634 8.289054
v -5.360518 36.739491 8.214874
v -5.359488 36.743420 8.216250
v -5.289739 36.690285 8.290817
v -5.377679 36.763885 8.165067
v -5.383736 36.774204 8.108258
v -5.383008 36.776199 8.108665
v -5.382826 36.778316 8.109078
v -5.354558 36.781475 7.997774
v -5.353791 36.783482 7.998026
v -5.280807 36.759354 7.913023
v -5.353498 36.785625 7.998017
v -5.279936 36.761330 7.913159
v -5.279363 36.763390 7.912825
v -5.231359 36.742771 7.887523
v -5.181235 36.715675 7.876801
v -5.180284 36.717560 7.876330
v -5.082810 36.660427 7.898311
v -5.353789 35.942043 7.892273
v -5.495161 35.707741 8.005321
v -5.472456 35.728153 7.848472
v -5.437590 36.012177 7.772446
v -5.555027 35.797256 7.730400
v -5.235124 36.155937 7.936077
v -5.021846 36.562088 8.189865
v -5.579144 36.090637 7.762167
v -5.694506 35.874573 7.720271
v -5.809186 35.914806 7.824018
v -5.320151 36.227097 7.814492
v -5.116457 36.369823 7.979878
v -5.015888 36.604073 7.972763
v -4.992671 36.569359 8.079379
v -5.463779 36.306709 7.804062
v -5.202713 36.442009 7.856538
v -5.348416 36.522778 7.845957
v -5.490985 35.707638 7.899053
v -5.516243 35.701347 7.994695
v -5.511084 35.737690 7.806761
v -5.571149 35.783443 7.742547
v -5.655088 35.832645 7.723619
v -5.740410 35.872105 7.755048
v -5.804254 35.891254 7.828411
v -5.809412 35.854908 8.016344
v -5.807634 35.845592 8.010921
v -5.749347 35.809155 8.080557
v -5.751245 35.793289 8.065726
v -5.753571 35.784481 8.059695
v -5.749828 35.801559 8.072720
v -5.826156 35.853119 7.917987
v -5.825851 35.863838 7.920069
v -5.829508 35.884960 7.924052
v -5.826976 35.874516 7.922101
v -5.802670 35.880569 7.830058
v -5.745481 35.841480 7.764960
v -5.742929 35.851875 7.762777
v -5.741230 35.862141 7.759454
v -5.659118 35.824165 7.729208
v -5.592220 35.761200 7.753642
v -5.585399 35.769360 7.751143
v -5.578334 35.776817 7.747424
v -5.831892 35.894390 7.980869
v -5.749321 35.825287 8.098940
v -5.665407 35.759956 8.099485
v -5.609841 35.747978 8.109069
v -5.580084 35.720493 8.068057
v -5.718573 36.110756 8.026640
v -5.634772 36.040627 8.146468
v -5.605254 36.327118 8.072412
v -5.493218 35.962162 8.156748
v -5.520226 36.255962 8.193997
v -5.491933 36.543484 8.118184
v -5.376597 36.176346 8.204428
v -5.405677 36.471298 8.241526
v -5.194162 36.629795 8.310921
v -5.259974 36.390533 8.252106
v -5.095598 36.584209 8.274614
v -5.014648 36.605831 7.972980
v -5.013061 36.607296 7.972877
v -4.994870 36.586834 8.024060
v -4.991399 36.571068 8.079745
v -4.989723 36.572399 8.080049
v -5.020617 36.563789 8.190383
v -5.019051 36.565094 8.191110
v -5.094471 36.585941 8.275251
v -5.093185 36.587330 8.276301
v -5.141190 36.607944 8.301604
v -5.193172 36.631588 8.311608
v -5.192265 36.633152 8.312797
v -5.520527 35.732784 7.809223
v -5.519636 35.692562 7.895350
v -5.510791 35.698811 7.896801
v -5.501186 35.703865 7.898043
v -5.525494 35.697807 7.990087
v -5.600310 35.704201 8.048378
v -5.593715 35.710773 8.054092
v -5.586935 35.716236 8.060690
v -5.669046 35.754211 8.090937
v -5.604675 35.743347 7.754827
v -5.552059 35.703266 7.811077
v -5.610096 35.733959 7.753493
v -5.557703 35.694050 7.809503
v -5.545396 35.711891 7.811841
v -5.598682 35.752480 7.754877
v -5.534453 35.676945 7.891923
v -5.540174 35.667835 7.890006
v -5.527568 35.685234 7.893716
v -5.556579 35.671429 7.975705
v -5.562203 35.662346 7.973430
v -5.549973 35.679649 7.978560
v -5.612504 35.688206 8.039970
v -5.617890 35.679050 8.037421
v -5.606609 35.696640 8.043643
v -5.687244 35.722771 8.067501
v -5.692314 35.713470 8.064836
v -5.765532 35.756386 8.048324
v -5.760776 35.765869 8.050920
v -5.682301 35.731644 8.071523
v -5.756764 35.775291 8.054732
v -6.228293 34.426975 7.716238
v -6.358404 34.478096 7.807644
v -6.484015 34.560925 7.735123
v -5.817924 35.796295 7.992314
v -5.835454 35.822510 7.911812
v -6.479515 34.592625 7.571196
v -5.813425 35.827999 7.828388
v -6.467605 34.535767 7.581799
v -6.470979 34.511990 7.704745
v -6.376771 34.449871 7.759136
v -6.279189 34.411530 7.690582
v -6.370021 34.497425 7.513245
v -6.275815 34.435307 7.567636
v -6.223794 34.458675 7.552312
v -6.349403 34.541500 7.479790
v -5.757738 35.811295 7.764396
v -5.683313 35.776875 7.736982
v -5.813393 35.805954 7.994669
v -5.810050 35.815880 7.997766
v -5.830997 35.832275 7.913823
v -5.827879 35.842537 7.915893
v -5.808874 35.837791 7.830042
v -5.805475 35.848122 7.831048
v -5.752947 35.821014 7.765776
v -5.748838 35.831135 7.765965
v -5.678206 35.786449 7.738245
v -5.673148 35.796127 7.738085
v -7.375320 37.658230 9.065678
v -7.501470 37.702484 9.179799
v -7.654895 37.787529 9.168658
v -7.745724 37.863544 9.038778
v -7.720747 37.885998 8.866243
v -7.741707 37.859081 9.036451
v -7.718081 37.882965 8.867881
v -7.717381 37.880951 8.868402
v -7.379000 37.659386 9.063649
v -7.502831 37.702827 9.175675
v -7.380936 37.659107 9.062650
v -7.503805 37.702213 9.173805
v -7.502035 37.702923 9.177721
v -7.377082 37.659084 9.064682
v -7.653439 37.786308 9.164739
v -7.653241 37.785046 9.162952
v -7.654004 37.787159 9.166685
v -7.742599 37.860928 9.037246
v -7.743968 37.862450 9.038040
v -7.719230 37.884689 8.867144
v -7.644178 37.863029 8.778255
v -7.643386 37.861942 8.779990
v -7.594512 37.837845 8.757248
v -7.594251 37.839520 8.755855
v -7.541847 37.815701 8.740561
v -7.594279 37.840851 8.754106
v -7.542027 37.815063 8.742655
v -7.445076 37.755009 8.768100
v -7.443643 37.756039 8.766791
v -7.441172 37.756695 8.763265
v -7.442310 37.756615 8.765141
v -7.369133 37.701817 8.840279
v -7.370955 37.702259 8.841426
v -7.356610 37.680977 8.894601
v -7.354484 37.681423 8.894284
v -7.345029 37.665779 8.950969
v -7.352345 37.681324 8.893786
v -7.347080 37.666561 8.951065
v -7.356352 37.662552 8.950034
v -7.384297 37.656982 9.061039
v -7.385528 37.655281 9.060520
v -7.717472 37.876671 8.868681
v -7.643618 37.854519 8.783813
v -7.718239 37.874664 8.868428
v -7.644488 37.852543 8.783678
v -7.643044 37.856579 8.783481
v -7.717178 37.878815 8.868671
v -7.595040 37.835964 8.758178
v -7.545925 37.806957 8.747373
v -7.544917 37.808872 8.747457
v -7.543964 37.810757 8.746984
v -7.447814 37.751957 8.769354
v -7.448956 37.750126 8.769238
v -7.446492 37.753624 8.768965
v -7.378330 37.699028 8.843636
v -7.379569 37.697266 8.843418
v -7.376741 37.700489 8.843532
v -7.358552 37.680027 8.894715
v -7.355082 37.664265 8.950400
v -7.353405 37.665596 8.950704
v -7.382731 37.658287 9.061765
v -7.856901 37.055355 9.027404
v -8.113002 36.918480 8.969596
v -7.973524 36.841167 8.979724
v -7.740513 37.014523 8.922112
v -7.858841 36.800934 8.875977
v -7.740277 37.269539 9.075083
v -7.654810 37.779823 9.159709
v -7.717472 37.035236 8.762929
v -7.836136 36.821346 8.719126
v -7.918708 36.890450 8.601055
v -7.622183 37.228107 8.968248
v -7.623655 37.483727 9.122762
v -7.459280 37.677402 9.145270
v -7.557844 37.722988 9.181576
v -7.598804 37.249126 8.806731
v -7.503856 37.441696 9.014384
v -7.480137 37.463017 8.850533
v -8.029088 36.853146 8.970140
v -8.113028 36.902344 8.951212
v -7.943766 36.813683 8.938712
v -7.879923 36.794537 8.865349
v -7.854667 36.800831 8.769707
v -7.874764 36.830879 8.677416
v -7.934831 36.876633 8.613203
v -8.104093 36.965294 8.625702
v -8.104911 36.955334 8.630109
v -8.167934 36.984444 8.699065
v -8.166027 36.962891 8.701712
v -8.166968 36.952007 8.702043
v -8.166352 36.973763 8.700712
v -8.031905 36.898941 8.607159
v -8.027202 36.908340 8.604182
v -8.018770 36.925835 8.594275
v -8.022798 36.917355 8.599863
v -7.942016 36.870007 8.618079
v -7.901515 36.812962 8.682439
v -7.893178 36.819965 8.681561
v -7.884209 36.825974 8.679877
v -7.864869 36.797054 8.768698
v -7.906187 36.780056 8.852605
v -7.897978 36.786140 8.856469
v -7.889174 36.790997 8.860742
v -8.058186 36.967762 8.590926
v -8.172868 37.007996 8.694674
v -8.193191 36.978149 8.794707
v -8.195573 36.987583 8.851523
v -8.173094 36.948101 8.886999
v -7.942823 37.183830 8.632821
v -8.059210 37.224663 8.738111
v -7.827460 37.399899 8.674716
v -8.082253 37.203949 8.897296
v -7.945553 37.441330 8.781550
v -7.712099 37.615967 8.716612
v -7.968935 37.420311 8.943068
v -7.831896 37.657997 8.824989
v -7.747416 37.867393 8.978914
v -7.855615 37.636673 8.988839
v -7.724199 37.832680 9.085529
v -7.458150 37.679134 9.145906
v -7.456868 37.680523 9.146957
v -7.504870 37.701138 9.172259
v -7.556852 37.724785 9.182263
v -7.555945 37.726345 9.183453
v -7.653955 37.781700 9.160366
v -7.653419 37.783478 9.161472
v -7.723440 37.834629 9.086084
v -7.723169 37.836609 9.086906
v -7.741360 37.857075 9.035722
v -7.746687 37.869392 8.979320
v -7.746507 37.871506 8.979733
v -7.950614 36.809425 8.931345
v -8.041247 36.833126 8.947490
v -8.036804 36.840691 8.953998
v -8.032728 36.847401 8.961591
v -8.113510 36.894749 8.943375
v -8.171638 36.919102 8.872209
v -8.170829 36.929062 8.876618
v -8.171316 36.938786 8.881577
v -8.190658 36.967705 8.792756
v -7.920259 36.764622 8.846359
v -7.976184 36.781395 8.910625
v -7.925886 36.755539 8.844085
v -7.981573 36.772240 8.908076
v -7.970292 36.789829 8.914298
v -7.913656 36.772839 8.849216
v -8.050926 36.815964 8.938156
v -8.055995 36.806660 8.935491
v -8.045981 36.824833 8.942179
v -8.124456 36.859062 8.921575
v -8.129212 36.849575 8.918980
v -8.120446 36.868481 8.925387
v -8.177073 36.899143 8.865325
v -8.181605 36.889488 8.862968
v -8.173733 36.909069 8.868423
v -8.194678 36.925465 8.784478
v -8.199136 36.915695 8.782466
v -8.177106 36.921188 8.699042
v -8.172554 36.930981 8.700697
v -8.191561 36.935730 8.786548
v -8.169156 36.941311 8.701703
v -8.795302 35.614204 8.661788
v -8.865225 35.680325 8.525274
v -8.787508 35.669113 8.377859
v -8.121419 36.904484 8.635050
v -8.046995 36.870064 8.607636
v -8.639868 35.591778 8.366956
v -7.973777 36.827152 8.624147
v -8.678789 35.558430 8.396283
v -8.789520 35.616428 8.404460
v -8.847808 35.624840 8.515022
v -8.795365 35.575249 8.617408
v -8.684635 35.517246 8.609230
v -8.626347 35.508839 8.498668
v -8.647662 35.536869 8.650885
v -8.569944 35.525654 8.503469
v -7.921385 36.787239 8.680158
v -7.903855 36.761028 8.760660
v -8.116630 36.914207 8.636431
v -8.112520 36.924324 8.636621
v -8.041888 36.879635 8.608900
v -8.036829 36.889320 8.608740
v -7.968358 36.836540 8.625482
v -7.962365 36.845673 8.625531
v -7.915740 36.796459 8.681731
v -7.909079 36.805084 8.682496
v -7.898136 36.770134 8.762578
v -7.891250 36.778423 8.764371
v -5.915101 36.695393 9.908735
v -6.041250 36.739647 10.022857
v -6.194675 36.824692 10.011716
v -6.285503 36.900707 9.881837
v -6.260530 36.923161 9.709302
v -6.281487 36.896240 9.879510
v -6.257863 36.920128 9.710938
v -6.257163 36.918114 9.711461
v -5.918779 36.696545 9.906708
v -6.042612 36.739990 10.018734
v -5.920716 36.696266 9.905708
v -6.043584 36.739372 10.016863
v -6.041813 36.740082 10.020780
v -5.916863 36.696243 9.907741
v -6.193219 36.823471 10.007797
v -6.193021 36.822208 10.006011
v -6.193784 36.824318 10.009745
v -6.282379 36.898087 9.880304
v -6.283749 36.899609 9.881098
v -6.259010 36.921848 9.710202
v -6.183959 36.900192 9.621313
v -6.183167 36.899101 9.623049
v -6.134294 36.875008 9.600307
v -6.134030 36.876682 9.598912
v -6.081626 36.852863 9.583619
v -6.134060 36.878014 9.597164
v -6.081808 36.852222 9.585712
v -5.984857 36.792171 9.611158
v -5.983424 36.793201 9.609850
v -5.980953 36.793858 9.606322
v -5.982090 36.793777 9.608200
v -5.908914 36.738979 9.683337
v -5.910735 36.739422 9.684484
v -5.896390 36.718136 9.737660
v -5.894264 36.718586 9.737343
v -5.884809 36.702938 9.794028
v -5.892126 36.718487 9.736845
v -5.886860 36.703724 9.794124
v -5.896132 36.699715 9.793093
v -5.924078 36.694145 9.904098
v -5.925309 36.692444 9.903578
v -6.257252 36.913834 9.711739
v -6.183399 36.891682 9.626871
v -6.258020 36.911827 9.711487
v -6.184269 36.889706 9.626737
v -6.182824 36.893738 9.626539
v -6.256959 36.915974 9.711731
v -6.134820 36.873123 9.601236
v -6.085704 36.844120 9.590430
v -6.084698 36.846031 9.590515
v -6.083745 36.847916 9.590044
v -5.988738 36.787285 9.612297
v -5.987595 36.789120 9.612411
v -5.919350 36.734428 9.686478
v -5.986271 36.790787 9.612024
v -5.918110 36.736191 9.686694
v -5.916523 36.737652 9.686590
v -5.898331 36.717186 9.737774
v -5.894862 36.701427 9.793458
v -5.893184 36.702755 9.793762
v -5.922513 36.695446 9.904823
v -6.396680 36.092514 9.870461
v -6.652781 35.955643 9.812654
v -6.513302 35.878330 9.822783
v -6.280293 36.051682 9.765171
v -6.398623 35.838097 9.719035
v -6.280058 36.306702 9.918140
v -6.194592 36.816986 10.002768
v -6.257250 36.072399 9.605988
v -6.375917 35.858505 9.562185
v -6.458488 35.927608 9.444113
v -6.161965 36.265266 9.811307
v -6.163435 36.520885 9.965820
v -5.999060 36.714565 9.988328
v -6.097623 36.760151 10.024634
v -6.138586 36.286289 9.649790
v -6.043636 36.478855 9.857442
v -6.019918 36.500179 9.693592
v -6.568869 35.890305 9.813199
v -6.652808 35.939507 9.794271
v -6.483545 35.850845 9.781772
v -6.419703 35.831696 9.708407
v -6.394447 35.837990 9.612766
v -6.414546 35.868042 9.520474
v -6.474610 35.913795 9.456260
v -6.643873 36.002457 9.468760
v -6.644691 35.992493 9.473167
v -6.707715 36.021603 9.542125
v -6.705808 36.000050 9.544769
v -6.706748 35.989170 9.545101
v -6.706131 36.010921 9.543772
v -6.571685 35.936100 9.450216
v -6.566983 35.945499 9.447240
v -6.562579 35.954517 9.442920
v -6.558549 35.962994 9.437332
v -6.481795 35.907166 9.461138
v -6.441295 35.850124 9.525497
v -6.432958 35.857128 9.524619
v -6.423989 35.863136 9.522935
v -6.404648 35.834213 9.611755
v -6.445965 35.817219 9.695663
v -6.437757 35.823303 9.699528
v -6.428955 35.828159 9.703799
v -6.597968 36.004921 9.433985
v -6.712648 36.045155 9.537732
v -6.732971 36.015312 9.637765
v -6.735353 36.024746 9.694582
v -6.712873 35.985260 9.730058
v -6.482605 36.220989 9.475879
v -6.598990 36.261826 9.581171
v -6.367241 36.437061 9.517775
v -6.622034 36.241108 9.740354
v -6.485334 36.478489 9.624610
v -6.251877 36.653130 9.559670
v -6.508715 36.457474 9.786126
v -6.371676 36.695160 9.668048
v -6.287197 36.904556 9.821972
v -6.395396 36.673836 9.831898
v -6.263979 36.869843 9.928589
v -5.997931 36.716297 9.988965
v -5.996647 36.717686 9.990015
v -6.044651 36.738300 10.015318
v -6.096632 36.761944 10.025321
v -6.095726 36.763508 10.026510
v -6.193736 36.818859 10.003425
v -6.193200 36.820641 10.004530
v -6.263219 36.871788 9.929142
v -6.262949 36.873772 9.929964
v -6.281140 36.894234 9.878780
v -6.286469 36.906551 9.822378
v -6.286287 36.908669 9.822792
v -6.490396 35.846588 9.774404
v -6.581028 35.870285 9.790547
v -6.576584 35.877850 9.797056
v -6.572507 35.884563 9.804649
v -6.653291 35.931911 9.786433
v -6.711420 35.956264 9.715267
v -6.710608 35.966225 9.719677
v -6.711096 35.975945 9.724635
v -6.730439 36.004864 9.635814
v -6.460040 35.801785 9.689418
v -6.515965 35.818558 9.753684
v -6.465665 35.792702 9.687143
v -6.521352 35.809402 9.751135
v -6.510072 35.826988 9.757357
v -6.453435 35.810001 9.692275
v -6.590706 35.853123 9.781214
v -6.595776 35.843822 9.778548
v -6.585763 35.861996 9.785237
v -6.664237 35.896225 9.764633
v -6.668993 35.886738 9.762038
v -6.660226 35.905643 9.768446
v -6.716855 35.936302 9.708383
v -6.721385 35.926647 9.706027
v -6.713511 35.946232 9.711481
v -6.734458 35.962627 9.627536
v -6.738915 35.952858 9.625525
v -6.716887 35.958347 9.542101
v -6.712335 35.968140 9.543756
v -6.731341 35.972889 9.629606
v -6.708937 35.978474 9.544762
v -7.335083 34.651367 9.504847
v -7.405005 34.717487 9.368333
v -7.327289 34.706272 9.220917
v -6.661199 35.941647 9.478108
v -6.586775 35.907227 9.450695
v -7.179648 34.628937 9.210014
v -6.513558 35.864311 9.467205
v -7.218570 34.595589 9.239341
v -7.329299 34.653591 9.247519
v -7.387588 34.662003 9.358081
v -7.335145 34.612411 9.460466
v -7.166128 34.545998 9.341726
v -7.224415 34.554409 9.452289
v -7.187441 34.574028 9.493943
v -7.109725 34.562817 9.346527
v -6.461165 35.824402 9.523216
v -6.443635 35.798191 9.603719
v -6.656408 35.951366 9.479489
v -6.652299 35.961487 9.479679
v -6.581667 35.916798 9.451959
v -6.576609 35.926479 9.451798
v -6.508138 35.873703 9.468540
v -6.502144 35.882832 9.468590
v -6.455521 35.833622 9.524790
v -6.448859 35.842243 9.525555
v -6.437914 35.807297 9.605638
v -6.431029 35.815586 9.607429
v -5.370441 37.457294 8.825210
v -5.440667 37.458591 9.000838
v -5.447532 37.457550 8.997298
v -5.338592 37.478680 8.639991
v -5.388241 37.461124 8.804387
v -5.346965 37.521511 8.455942
v -5.359921 37.486588 8.608743
v -5.395079 37.583302 8.283763
v -5.377594 37.536140 8.416495
v -6.354456 38.142365 8.034547
v -6.230318 38.103977 7.945939
v -6.189629 38.071579 7.947667
v -6.497502 38.192551 8.163955
v -6.383557 38.167709 8.036678
v -6.609016 38.218716 8.327071
v -6.516294 38.212845 8.163651
v -6.614354 38.223427 8.323899
v -6.618377 38.229580 8.321310
v -6.620811 38.236755 8.319481
v -5.377861 37.456261 8.823054
v -5.460626 37.461491 8.990095
v -5.454340 37.458538 8.993634
v -5.346262 37.477482 8.639293
v -5.354569 37.519978 8.456697
v -5.402304 37.581276 8.285874
v -5.440055 37.606407 8.240746
v -5.433560 37.604919 8.236699
v -5.426559 37.605301 8.233296
v -5.480134 37.660450 8.133458
v -5.486688 37.657818 8.136754
v -5.543049 37.692600 8.093471
v -5.537598 37.691990 8.087934
v -5.531568 37.693180 8.083142
v -5.597188 37.748486 8.013763
v -5.602819 37.745159 8.018003
v -5.679556 37.788845 7.984707
v -5.675488 37.789207 7.978070
v -5.670743 37.791306 7.972253
v -5.739439 37.842281 7.931634
v -5.743949 37.838215 7.936522
v -5.840274 37.888584 7.921867
v -5.837831 37.889954 7.914594
v -5.834605 37.892994 7.908184
v -5.898619 37.936394 7.891846
v -5.901875 37.931587 7.897046
v -6.014252 37.985020 7.909234
v -6.013567 37.987366 7.901833
v -6.011981 37.991314 7.895303
v -6.065477 38.025345 7.896708
v -6.067419 38.019840 7.901870
v -6.190722 38.074802 7.940655
v -6.190789 38.079567 7.934488
v -6.357217 38.146301 8.028415
v -6.358840 38.151737 8.023067
v -6.501710 38.196999 8.159132
v -6.504682 38.202904 8.155005
v -6.236622 38.099262 7.936403
v -6.069946 38.019756 7.886622
v -6.391572 38.163704 8.028153
v -5.901228 37.929810 7.881707
v -6.525787 38.209343 8.156542
v -5.740274 37.834652 7.921940
v -6.631471 38.233521 8.314108
v -5.596438 37.739807 8.004983
v -6.702477 38.234837 8.491693
v -6.681400 38.219082 8.512778
v -5.478079 37.650795 8.126012
v -6.734684 38.213207 8.678977
v -6.709722 38.193619 8.708424
v -5.392076 37.572784 8.277992
v -6.726214 38.169899 8.865076
v -6.692049 38.144070 8.900671
v -5.343428 37.510307 8.452090
v -6.677567 38.107426 9.039174
v -6.629587 38.073799 9.076421
v -5.334960 37.466995 8.638189
v -6.591563 38.029411 9.191154
v -6.526593 37.987606 9.223696
v -5.367166 37.445370 8.825473
v -6.473204 37.940399 9.312182
v -6.390086 37.891361 9.332459
v -5.438172 37.446686 9.003058
v -6.329369 37.845554 9.395226
v -6.229368 37.791622 9.395299
v -5.543855 37.470863 9.160625
v -5.572141 37.487656 9.153211
v -6.168415 37.750397 9.435459
v -6.055390 37.695187 9.407932
v -5.678071 37.516502 9.289013
v -5.715186 37.537846 9.282619
v -5.999695 37.660450 9.430543
v -5.880013 37.608627 9.369500
v -5.833020 37.580944 9.380763
v -5.424234 37.472534 9.008440
v -5.521339 37.494251 9.155618
v -5.643494 37.534603 9.278144
v -5.784571 37.591572 9.369870
v -5.937498 37.662304 9.426201
v -6.094606 37.743244 9.444309
v -6.248019 37.830338 9.423288
v -6.390039 37.919212 9.364192
v -6.513552 38.005421 9.269982
v -6.612359 38.084637 9.145385
v -6.681507 38.152885 8.996647
v -6.717527 38.206749 8.831227
v -6.718616 38.243519 8.657419
v -6.684719 38.261360 8.483941
v -6.617533 38.259369 8.319489
v -6.691037 38.238056 8.495109
v -6.722888 38.216667 8.680328
v -6.714512 38.173836 8.864376
v -5.677919 37.527641 9.283640
v -5.831161 37.591373 9.374379
v -5.545185 37.482506 9.156667
v -5.434213 37.461594 9.004012
v -5.428607 37.466347 9.006605
v -6.687475 38.254162 8.482780
v -6.621492 38.244461 8.318535
v -6.620375 38.252174 8.318538
v -6.721330 38.236343 8.656035
v -6.720243 38.199619 8.829619
v -6.684267 38.145828 8.994828
v -6.666399 38.112049 9.036555
v -6.667356 38.118999 9.039947
v -6.666411 38.126240 9.042674
v -6.615207 38.077667 9.143374
v -6.581345 38.034897 9.186860
v -6.581788 38.041382 9.191159
v -6.580519 38.048328 9.194460
v -6.516527 37.998554 9.267812
v -6.464291 37.946861 9.306555
v -6.464025 37.952816 9.311578
v -6.462312 37.959427 9.315333
v -6.393175 37.912457 9.361900
v -6.322040 37.853065 9.388683
v -6.320915 37.858452 9.394203
v -6.318661 37.864708 9.398271
v -6.251334 37.823689 9.420922
v -6.162859 37.758953 9.428473
v -6.160771 37.763771 9.434233
v -6.157913 37.769669 9.438452
v -6.098118 37.736710 9.441916
v -5.996002 37.670002 9.423612
v -5.992905 37.674282 9.429341
v -5.989410 37.679840 9.433541
v -5.941212 37.655872 9.423831
v -5.827067 37.595173 9.379812
v -5.822948 37.600433 9.383825
v -5.672901 37.531055 9.288525
v -5.668198 37.536076 9.292192
v -5.539361 37.485649 9.160784
v -5.534154 37.490498 9.163969
v -6.511850 38.235191 8.161923
v -5.363563 37.460285 8.827323
v -5.357691 37.465034 8.829247
v -5.353229 37.471218 8.830854
v -5.331520 37.481804 8.640983
v -5.325527 37.486633 8.642204
v -5.321023 37.492847 8.643571
v -5.339944 37.524891 8.455822
v -5.333983 37.529888 8.456344
v -5.329490 37.536156 8.457472
v -5.378139 37.598629 8.283373
v -5.388349 37.587055 8.282601
v -5.382571 37.592285 8.282469
v -5.473917 37.664673 8.131388
v -5.468463 37.670197 8.130683
v -5.464142 37.676643 8.131393
v -5.591681 37.753239 8.010969
v -5.586670 37.759094 8.009809
v -5.582501 37.765659 8.010365
v -5.734792 37.847603 7.928345
v -5.730322 37.853817 7.926874
v -5.726337 37.860500 7.927320
v -5.894934 37.942284 7.888315
v -5.891069 37.948853 7.886691
v -5.887290 37.955658 7.887089
v -6.062800 38.031773 7.893206
v -6.059572 38.038685 7.891602
v -6.056009 38.045605 7.892004
v -6.228637 38.110882 7.942735
v -6.226035 38.118088 7.941318
v -6.222685 38.125111 7.941785
v -6.382804 38.174999 8.034022
v -6.380785 38.182449 8.032950
v -6.377635 38.189556 8.033535
v -6.516344 38.220406 8.161764
v -6.514828 38.228027 8.161175
v -6.688047 38.230869 8.495554
v -6.719646 38.209652 8.679314
v -6.711339 38.167156 8.861912
v -6.663605 38.105858 9.032734
v -6.635131 38.077049 9.080833
v -6.639349 38.081833 9.085311
v -6.579220 38.029312 9.181854
v -6.531096 37.989979 9.229599
v -6.534340 37.993954 9.235465
v -6.463088 37.941975 9.300606
v -6.393207 37.892761 9.339462
v -6.395164 37.895828 9.346355
v -6.321959 37.848915 9.382087
v -6.230862 37.792011 9.402939
v -6.231304 37.794140 9.410424
v -6.164032 37.755547 9.421562
v -6.055125 37.694599 9.415701
v -6.053926 37.695816 9.423306
v -5.998489 37.667294 9.416739
v -5.877972 37.607166 9.376879
v -5.875120 37.607567 9.384120
v -5.711475 37.535664 9.289119
v -5.707068 37.535397 9.295541
v -5.566983 37.484970 9.158401
v -5.561226 37.484230 9.163604
v -7.131783 37.068764 8.138941
v -7.116189 37.097687 8.144961
v -7.199013 37.067982 8.316819
v -7.185938 37.096024 8.333590
v -7.220091 37.040421 8.503788
v -7.203836 37.064487 8.531411
v -7.193311 36.988316 8.684699
v -7.168262 37.005943 8.720501
v -7.120841 36.915890 8.844898
v -7.082438 36.925686 8.883722
v -7.008552 36.829010 8.971405
v -6.954142 36.830994 9.006285
v -6.865541 36.734715 9.053972
v -6.795000 36.730450 9.077085
v -6.703396 36.640636 9.085909
v -6.619432 36.633160 9.089702
v -6.535253 36.554409 9.064630
v -6.443350 36.547943 9.042995
v -6.374731 36.483006 8.991857
v -6.282710 36.482521 8.941198
v -6.234837 36.432224 8.873487
v -6.217367 36.460564 8.877438
v -6.159854 36.444649 8.804938
v -6.126902 36.406166 8.719110
v -6.111308 36.435089 8.725131
v -6.307859 36.461796 8.920566
v -6.186986 36.424641 8.785983
v -6.101950 36.412830 8.622481
v -6.041559 36.436749 8.536504
v -6.059639 36.427319 8.443307
v -6.023661 36.468285 8.338682
v -6.063483 36.466934 8.262977
v -6.059236 36.526833 8.149592
v -6.113169 36.528465 8.096097
v -6.145060 36.607086 7.986371
v -6.204672 36.606930 7.956191
v -6.273355 36.701782 7.863808
v -6.330580 36.695969 7.854589
v -6.432498 36.802326 7.793010
v -6.480691 36.788372 7.799527
v -6.608066 36.899616 7.780392
v -6.642847 36.876648 7.795462
v -6.784146 36.984833 7.827098
v -6.803906 36.953648 7.842725
v -6.944788 37.050251 7.928895
v -6.950826 37.013138 7.937486
v -6.059672 36.406948 8.541232
v -6.038595 36.434509 8.354263
v -6.065374 36.486614 8.173351
v -6.137846 36.559040 8.013153
v -6.250134 36.645920 7.886646
v -6.393144 36.740219 7.804079
v -6.555287 36.834293 7.772141
v -6.723433 36.920525 7.793422
v -6.883955 36.991924 7.866195
v -7.023849 37.042709 7.984564
v -7.010130 37.072212 7.992657
v -7.067644 37.088127 8.065156
v -6.454779 36.521282 9.015326
v -6.615839 36.598282 9.062590
v -6.777994 36.686562 9.058524
v -7.071699 37.050289 8.072068
v -6.928105 36.778961 9.003461
v -7.156735 37.062099 8.235569
v -7.054014 36.868000 8.901860
v -7.199047 37.047611 8.414743
v -7.145516 36.946465 8.761953
v -7.195202 37.007996 8.595075
v -6.074562 38.014351 8.056920
v -6.339335 38.159256 8.046623
v -6.176561 38.089352 7.960825
v -6.003368 38.003872 7.922872
v -5.831561 37.908638 7.935349
v -6.397788 38.148468 8.249821
v -6.480598 38.208817 8.174418
v -6.590724 38.234657 8.335503
v -5.731854 37.818657 8.109336
v -5.672845 37.810143 7.997406
v -5.538040 37.715096 8.104813
v -6.568793 38.166065 8.608173
v -6.662205 38.235016 8.518896
v -5.568898 37.698906 8.262488
v -5.436327 37.629974 8.250253
v -6.690173 38.209873 8.712103
v -6.567087 38.115990 8.844278
v -6.672720 38.160938 8.901956
v -5.480278 37.605534 8.481489
v -5.374646 37.560585 8.423813
v -5.357193 37.511650 8.613665
v -6.611036 38.091545 9.075515
v -6.478467 38.022614 9.063278
v -5.478571 37.555458 8.717594
v -5.385159 37.486504 8.806871
v -6.509326 38.006428 9.220954
v -6.315511 37.902866 9.216432
v -5.456642 37.486866 8.990265
v -6.374520 37.911381 9.328362
v -5.649578 37.573055 9.075947
v -5.566768 37.512707 9.151348
v -6.215805 37.812885 9.390420
v -5.972804 37.707172 9.268847
v -5.708030 37.562267 9.279144
v -6.043996 37.717651 9.402896
v -5.870803 37.632172 9.364943
v -5.455921 37.486473 8.990676
v -6.662948 38.235535 8.518734
v -6.591379 38.235172 8.335117
v -6.663607 38.236160 8.518601
v -6.664165 38.236881 8.518501
v -6.592432 38.236519 8.334460
v -6.591952 38.235798 8.334767
v -6.690948 38.210358 8.712175
v -6.691640 38.210957 8.712273
v -6.692233 38.211647 8.712390
v -6.674718 38.162540 8.902911
v -6.673476 38.161366 8.902258
v -6.674148 38.161903 8.902579
v -6.612816 38.092903 9.077085
v -6.611718 38.091888 9.076029
v -6.612316 38.092342 9.076556
v -6.509882 38.006664 9.221645
v -6.510361 38.007019 9.222344
v -6.510747 38.007484 9.223037
v -6.374914 37.911503 9.329184
v -6.375232 37.911747 9.330010
v -6.375465 37.912102 9.330824
v -6.216189 37.813259 9.393101
v -6.216004 37.812889 9.391315
v -6.216135 37.813015 9.392216
v -6.043988 37.717537 9.403808
v -6.043913 37.717552 9.404723
v -6.043776 37.717690 9.405621
v -5.870584 37.631954 9.365808
v -5.870306 37.631866 9.366678
v -5.869972 37.631908 9.367533
v -5.706624 37.561756 9.281432
v -5.707613 37.561966 9.279905
v -5.707140 37.561794 9.280674
v -5.566178 37.512344 9.151955
v -5.565538 37.512115 9.152571
v -5.455150 37.486214 8.991102
v -5.454349 37.486092 8.991533
v -5.564861 37.512020 9.153185
v -5.384352 37.486115 8.807059
v -5.383495 37.485851 8.807267
v -5.382615 37.485729 8.807492
v -5.356349 37.511288 8.613618
v -5.355462 37.511055 8.613597
v -5.354548 37.510960 8.613605
v -5.372063 37.560066 8.423082
v -5.373824 37.560284 8.423535
v -5.372955 37.560108 8.423289
v -5.433962 37.629707 8.248909
v -5.435583 37.629757 8.249764
v -5.434788 37.629669 8.249313
v -5.537416 37.714981 8.104148
v -5.536743 37.714989 8.103524
v -5.536033 37.715126 8.102957
v -5.672387 37.810143 7.996610
v -5.671873 37.810265 7.995859
v -5.671315 37.810505 7.995170
v -5.831295 37.908760 7.934478
v -5.830968 37.908997 7.933653
v -5.830591 37.909351 7.932894
v -6.003312 38.004108 7.921986
v -6.003190 38.004459 7.921147
v -6.003006 38.004921 7.920372
v -6.176808 38.090702 7.958461
v -6.176713 38.089691 7.959986
v -6.176797 38.090145 7.959191
v -6.340158 38.160851 8.044561
v -6.339685 38.159679 8.045888
v -6.339962 38.160217 8.045195
v -6.481121 38.209297 8.173839
v -6.481564 38.209892 8.173298
v -6.481918 38.210587 8.172809
v -6.592803 38.237320 8.334203
v -5.381727 37.485744 8.807728
v -5.453536 37.486107 8.991961
v -5.380855 37.485901 8.807969
v -5.452731 37.486267 8.992373
v -5.451952 37.486561 8.992761
v -5.380019 37.486198 8.808209
v -5.353631 37.511002 8.613638
v -5.352733 37.511185 8.613697
v -5.351873 37.511497 8.613782
v -5.369437 37.560741 8.422730
v -5.371162 37.560162 8.422917
v -5.370282 37.560390 8.422799
v -5.433128 37.629871 8.248563
v -5.432304 37.630165 8.248282
v -5.431509 37.630573 8.248074
v -5.535305 37.715382 8.102458
v -5.534575 37.715755 8.102040
v -5.533863 37.716228 8.101715
v -5.669520 37.811878 7.993629
v -5.670728 37.810863 7.994559
v -5.670125 37.811325 7.994040
v -5.830170 37.909809 7.932218
v -5.829716 37.910362 7.931643
v -5.829238 37.910995 7.931180
v -6.002131 38.006832 7.918625
v -6.002764 38.005478 7.919685
v -6.002470 38.006119 7.919098
v -6.176418 38.092850 7.956819
v -6.176749 38.091347 7.957813
v -6.176617 38.092072 7.957261
v -6.340221 38.163197 8.043159
v -6.340267 38.161572 8.044003
v -6.340289 38.162357 8.043531
v -6.482175 38.211357 8.172382
v -6.593061 38.238178 8.334002
v -6.482329 38.212193 8.172030
v -6.593197 38.239075 8.333862
v -6.482377 38.213070 8.171762
v -5.562773 37.512566 9.154862
v -6.664614 38.237679 8.518435
v -6.664937 38.238541 8.518407
v -6.665131 38.239437 8.518414
v -6.692708 38.212421 8.712526
v -6.693058 38.213257 8.712678
v -6.693274 38.214134 8.712842
v -6.675177 38.163261 8.903247
v -6.675510 38.164051 8.903576
v -6.675712 38.164890 8.903893
v -6.613638 38.095062 9.078549
v -6.613211 38.093552 9.077600
v -6.613488 38.094280 9.078093
v -6.511034 38.008045 9.223705
v -6.511217 38.008690 9.224334
v -6.511285 38.009403 9.224908
v -6.375611 37.912563 9.331605
v -6.375667 37.913120 9.332335
v -6.375628 37.913757 9.332995
v -6.216170 37.813618 9.393947
v -6.216076 37.814079 9.394732
v -6.215909 37.814636 9.395444
v -6.043577 37.717949 9.406479
v -6.043322 37.718323 9.407278
v -6.043016 37.718803 9.407999
v -5.868730 37.632782 9.369805
v -5.869592 37.632076 9.368352
v -5.869174 37.632370 9.369115
v -5.706074 37.561855 9.282161
v -5.705503 37.562084 9.282844
v -5.704927 37.562439 9.283465
v -5.564164 37.512066 9.153781
v -5.563461 37.512249 9.154345
v -6.318175 38.050091 9.389190
v -6.437358 38.151440 9.281221
v -6.307454 38.060345 9.382329
v -6.449804 38.142395 9.286740
v -6.538610 38.234192 9.145958
v -6.552401 38.226246 9.149682
v -6.605326 38.303795 8.984401
v -6.619999 38.296776 8.985981
v -6.633625 38.356209 8.805939
v -6.648674 38.349880 8.805151
v -6.636756 38.382481 8.617702
v -6.621863 38.388382 8.620945
v -6.584940 38.392677 8.434527
v -6.570725 38.398445 8.440168
v -6.483183 38.385815 8.274117
v -6.496238 38.379879 8.266273
v -6.375803 38.344830 8.122715
v -6.364326 38.351223 8.132440
v -6.230634 38.289566 8.012199
v -6.221057 38.296684 8.023371
v -6.069169 38.217300 7.941147
v -6.061707 38.225365 7.953249
v -5.895535 38.141407 7.926150
v -5.900791 38.132229 7.913688
v -5.735286 38.039299 7.931417
v -5.732196 38.049694 7.943648
v -5.581186 37.955559 8.004725
v -5.582272 37.943913 7.993306
v -6.307508 38.060242 9.382308
v -6.437415 38.151333 9.281199
v -6.538667 38.234089 9.145936
v -6.605381 38.303696 8.984379
v -6.633679 38.356106 8.805918
v -6.621919 38.388279 8.620924
v -6.570782 38.398342 8.440147
v -6.483240 38.385712 8.274095
v -6.364381 38.351120 8.132417
v -6.221114 38.296581 8.023349
v -6.061762 38.225262 7.953228
v -5.895589 38.141304 7.926129
v -5.732253 38.049595 7.943625
v -5.581243 37.955456 8.004704
v -5.276987 37.681221 8.533964
v -5.255073 37.659592 8.581094
v -5.283370 37.712006 8.402633
v -5.377715 37.798286 8.232525
v -5.350084 37.781609 8.241076
v -5.266833 37.627419 8.766088
v -5.451337 37.864361 8.105812
v -5.309009 37.629013 8.867664
v -5.317971 37.617355 8.946865
v -5.590763 37.956829 8.022761
v -5.390018 37.633797 9.054493
v -5.405511 37.629986 9.112916
v -5.538777 37.674736 9.243112
v -5.524371 37.664577 9.254593
v -5.846043 38.110260 7.946936
v -5.667638 37.719116 9.363662
v -5.771080 37.768635 9.393707
v -6.117672 38.247063 7.993305
v -5.826990 37.790440 9.433784
v -6.042709 37.905441 9.440076
v -5.993163 37.874393 9.460884
v -6.349975 38.340961 8.143900
v -6.156498 37.966106 9.443386
v -6.498734 38.381901 8.332519
v -6.297988 38.058868 9.364249
v -6.579743 38.386684 8.519347
v -6.511037 38.217411 9.154487
v -6.611765 38.334476 8.853047
v -5.450644 37.851616 8.095756
v -5.348046 37.767761 8.232814
v -5.280447 37.697231 8.396515
v -5.251773 37.644127 8.577344
v -5.263690 37.611526 8.764793
v -5.315506 37.601330 8.947968
v -5.404210 37.614124 9.116223
v -5.524645 37.649178 9.259781
v -5.669815 37.704441 9.370296
v -5.831280 37.776707 9.441349
v -5.999658 37.861774 9.468808
v -6.165162 37.954704 9.451078
v -5.451282 37.864468 8.105834
v -5.350029 37.781715 8.241097
v -5.283316 37.712105 8.402655
v -5.255015 37.659695 8.581116
v -5.266778 37.627525 8.766109
v -5.317914 37.617458 8.946886
v -5.405457 37.630089 9.112938
v -5.524314 37.664680 9.254615
v -5.667583 37.719219 9.363685
v -5.826933 37.790543 9.433805
v -5.993106 37.874496 9.460905
v -6.156444 37.966206 9.443408
v -6.171274 38.271034 8.017635
v -5.873888 38.125591 7.946049
v -6.423943 38.364319 8.223946
v -5.590707 37.956932 8.022783
v -6.531763 38.386780 8.395295
v -6.604898 38.377853 8.627576
v -5.393272 37.811852 8.208332
v -6.602746 38.317162 8.913533
v -5.285894 37.698746 8.473521
v -6.495368 38.204056 9.178722
v -5.283741 37.638050 8.759479
v -5.356879 37.629124 8.991758
v -6.297934 38.058971 9.364271
v -5.464697 37.651588 9.163109
v -6.014752 37.890308 9.441007
v -5.717367 37.744869 9.369419
v -6.592424 38.236462 8.334468
v -6.664155 38.236824 8.518500
v -6.591938 38.235725 8.334782
v -6.591352 38.235085 8.335138
v -6.662915 38.235447 8.518737
v -6.590683 38.234562 8.335531
v -6.662158 38.234924 8.518903
v -6.663587 38.236088 8.518602
v -6.690914 38.210274 8.712160
v -6.690122 38.209782 8.712086
v -6.692221 38.211594 8.712379
v -6.691618 38.210884 8.712259
v -6.674707 38.162491 8.902892
v -6.673441 38.161285 8.902225
v -6.672671 38.160851 8.901916
v -6.674126 38.161835 8.902554
v -6.611690 38.091816 9.075979
v -6.610994 38.091469 9.075455
v -6.612810 38.092854 9.077056
v -6.612298 38.092281 9.076518
v -6.509864 38.006603 9.221582
v -6.509296 38.006355 9.220878
v -6.510745 38.007439 9.223002
v -6.510351 38.006962 9.222296
v -6.374907 37.911446 9.329111
v -6.374506 37.911324 9.328273
v -6.375470 37.912060 9.330785
v -6.375230 37.911697 9.329954
v -6.216014 37.812843 9.391237
v -6.215809 37.812840 9.390322
v -6.216201 37.813221 9.393058
v -6.216146 37.812973 9.392157
v -6.044013 37.717503 9.403728
v -6.044022 37.717617 9.402799
v -6.043937 37.717514 9.404662
v -6.043796 37.717659 9.405578
v -5.870626 37.631924 9.365731
v -5.870851 37.632149 9.364848
v -5.870340 37.631836 9.366619
v -5.869999 37.631878 9.367491
v -5.707670 37.561947 9.279837
v -5.708095 37.562252 9.279059
v -5.566849 37.512695 9.151279
v -5.707188 37.561771 9.280622
v -5.706658 37.561733 9.281394
v -5.566248 37.512329 9.151898
v -5.456738 37.486858 8.990215
v -5.456000 37.486458 8.990634
v -5.565596 37.512096 9.152528
v -5.455215 37.486195 8.991070
v -5.454395 37.486069 8.991509
v -5.564905 37.512001 9.153154
v -5.506748 37.639874 8.384753
v -5.357299 37.511639 8.613660
v -5.374750 37.560570 8.423830
v -5.436427 37.629951 8.250291
v -5.538125 37.715061 8.104868
v -5.490302 37.550018 8.773764
v -5.385263 37.486496 8.806844
v -5.731883 37.818604 8.109325
v -5.672915 37.810097 7.997474
v -5.831612 37.908581 7.935424
v -5.688777 37.585728 9.116257
v -5.942587 37.945240 8.046743
v -6.003399 38.003803 7.922949
v -5.880543 37.663227 9.240660
v -6.166879 38.058193 8.085086
v -6.176570 38.089272 7.960899
v -6.339325 38.159168 8.046686
v -6.104833 37.776176 9.279002
v -6.358644 38.135689 8.209490
v -6.480572 38.208721 8.174466
v -6.315538 37.902817 9.216421
v -6.557118 38.171398 8.551983
v -6.540674 38.081547 8.940992
v -5.382665 37.485706 8.807478
v -5.384439 37.486099 8.807034
v -5.383565 37.485832 8.807248
v -5.356440 37.511269 8.613612
v -5.354599 37.510937 8.613599
v -5.355533 37.511032 8.613591
v -5.372114 37.560043 8.423085
v -5.373911 37.560261 8.423548
v -5.373025 37.560081 8.423297
v -5.435665 37.629730 8.249792
v -5.434011 37.629677 8.248921
v -5.434854 37.629635 8.249332
v -5.537488 37.714943 8.104190
v -5.536077 37.715096 8.102975
v -5.536800 37.714954 8.103554
v -5.672447 37.810097 7.996662
v -5.671351 37.810471 7.995193
v -5.671922 37.810223 7.995896
v -5.831339 37.908703 7.934536
v -5.830619 37.909309 7.932920
v -5.831007 37.908947 7.933694
v -6.003339 38.004044 7.922045
v -6.003214 38.004402 7.921189
v -6.003026 38.004875 7.920400
v -6.176726 38.089619 7.960041
v -6.176811 38.090084 7.959232
v -6.176822 38.090652 7.958487
v -6.339684 38.159599 8.045936
v -6.339964 38.160149 8.045229
v -6.340161 38.160801 8.044583
v -6.481104 38.209217 8.173874
v -6.481555 38.209824 8.173322
v -6.481916 38.210533 8.172824
v -5.453567 37.486092 8.991945
v -5.381760 37.485729 8.807718
v -5.380869 37.485889 8.807963
v -5.452744 37.486256 8.992366
v -5.353664 37.510986 8.613633
v -5.352748 37.511177 8.613695
v -5.371197 37.560143 8.422918
v -5.370297 37.560379 8.422799
v -5.433160 37.629852 8.248569
v -5.432320 37.630150 8.248284
v -5.535334 37.715359 8.102468
v -5.534589 37.715740 8.102044
v -5.670753 37.810837 7.994572
v -5.670137 37.811310 7.994047
v -5.830190 37.909782 7.932234
v -5.829726 37.910347 7.931649
v -6.002779 38.005444 7.919700
v -6.002478 38.006104 7.919103
v -6.176758 38.091316 7.957826
v -6.176623 38.092052 7.957267
v -6.340272 38.161537 8.044014
v -6.340292 38.162342 8.043536
v -6.482178 38.211319 8.172391
v -6.592803 38.237282 8.334207
v -6.482333 38.212173 8.172034
v -6.593061 38.238155 8.334003
v -6.664609 38.237640 8.518434
v -6.664937 38.238522 8.518405
v -6.692705 38.212387 8.712520
v -6.693058 38.213238 8.712674
v -6.675172 38.163227 8.903234
v -6.675510 38.164032 8.903570
v -6.613208 38.093517 9.077583
v -6.613488 38.094261 9.078085
v -6.511035 38.008015 9.223684
v -6.511219 38.008675 9.224324
v -6.375617 37.912533 9.331580
v -6.375669 37.913105 9.332323
v -6.216179 37.813591 9.393919
v -6.216083 37.814064 9.394721
v -6.043591 37.717926 9.406452
v -6.043330 37.718311 9.407265
v -5.869610 37.632057 9.368326
v -5.869184 37.632359 9.369103
v -5.706097 37.561832 9.282138
v -5.705514 37.562073 9.282834
v -5.564191 37.512051 9.153761
v -5.563476 37.512238 9.154335
v -6.596704 36.102570 7.224244
v -6.598646 36.102848 7.227930
v -6.596191 36.104141 7.224394
v -6.598527 36.107014 7.227675
v -6.596259 36.105793 7.224234
v -6.596891 36.107262 7.223788
v -6.598828 36.108681 7.222659
v -6.601668 36.109085 7.225862
v -6.601175 36.108471 7.221437
v -6.602983 36.106709 7.220619
v -6.605580 36.107082 7.225543
v -6.603102 36.102543 7.220874
v -6.602569 36.103413 7.235371
v -6.599962 36.100471 7.222686
v -6.598183 36.298561 7.213288
v -6.449450 36.200493 7.299158
v -19.564186 12.067974 2.220757
v -19.568098 12.065973 2.220439
v -19.561045 12.065904 2.222570
v -19.716640 11.968235 2.147970
v -19.561163 12.061738 2.222825
v -19.567907 11.870164 2.233841
v -6.571012 36.304161 7.116024
v -6.593581 36.306664 7.162452
v -6.534320 36.291481 7.081908
v -6.518709 36.293270 7.032872
v -6.532456 36.295258 7.058948
v -6.524606 36.290081 7.063481
v -6.503843 36.286400 7.027397
v -6.410811 36.186153 7.267974
v -6.385317 36.181721 7.223236
v -6.377307 36.187950 7.172560
v -6.367592 36.186550 7.154132
v -6.345994 36.179386 7.132589
v -6.359742 36.181374 7.158665
v -6.349494 36.184624 7.116509
v -19.622303 11.956071 1.962079
v -19.637167 11.962945 1.967554
v -19.650913 11.964929 1.993631
v -19.643063 11.959752 1.998164
v -19.652779 11.961154 2.016591
v -19.689470 11.973836 2.050707
v -19.712038 11.976337 2.097135
v -19.529270 11.855824 2.202656
v -19.503775 11.851391 2.157918
v -19.495764 11.857622 2.107242
v -19.486050 11.856222 2.088815
v -19.467955 11.854297 2.051192
v -19.464451 11.849062 2.067270
v -19.478199 11.851045 2.093348
v -19.559221 12.061458 2.219139
v -19.558710 12.063030 2.219289
v -19.558775 12.064683 2.219129
v -19.559410 12.066152 2.218683
v -19.561346 12.067572 2.217554
v -19.563692 12.067359 2.216333
v -19.565502 12.065598 2.215513
v -19.565619 12.061432 2.215768
v -19.565086 12.062303 2.230266
v -19.562479 12.059361 2.217581
v -6.314081 35.916214 7.387417
v -6.316022 35.916492 7.391103
v -6.313569 35.917786 7.387567
v -6.315905 35.920658 7.390848
v -6.313634 35.919437 7.387407
v -6.314269 35.920906 7.386961
v -6.316206 35.922325 7.385832
v -6.319046 35.922729 7.389035
v -6.318552 35.922115 7.384611
v -6.320361 35.920353 7.383790
v -6.322958 35.920727 7.388717
v -6.320478 35.916187 7.384046
v -6.319945 35.917057 7.398544
v -6.317338 35.914116 7.385859
v -6.315559 36.112206 7.376460
v -6.166827 36.014137 7.462331
v -19.281563 11.881618 2.383930
v -19.285475 11.879617 2.383611
v -19.278423 11.879548 2.385743
v -19.434017 11.781879 2.311143
v -19.278540 11.875382 2.385997
v -19.285284 11.683808 2.397014
v -6.288390 36.117805 7.279198
v -6.310957 36.120308 7.325624
v -6.251698 36.105125 7.245080
v -6.236085 36.106915 7.196043
v -6.249834 36.108902 7.222121
v -6.241982 36.103722 7.226653
v -6.221220 36.100044 7.190568
v -6.128189 35.999798 7.431146
v -6.102695 35.995365 7.386408
v -6.094685 36.001595 7.335732
v -6.084970 36.000195 7.317305
v -6.063372 35.993031 7.295761
v -6.077118 35.995018 7.321837
v -6.066872 35.998268 7.279682
v -19.339678 11.769715 2.125251
v -19.354544 11.776589 2.130727
v -19.368290 11.778572 2.156804
v -19.360441 11.773396 2.161336
v -19.370155 11.774798 2.179764
v -19.406847 11.787478 2.213880
v -19.429415 11.789981 2.260307
v -19.246645 11.669467 2.365829
v -19.221151 11.665035 2.321091
v -19.213142 11.671268 2.270415
v -19.203426 11.669865 2.251988
v -19.185331 11.667941 2.214364
v -19.181829 11.662704 2.230442
v -19.195578 11.664689 2.256520
v -19.276598 11.875102 2.382312
v -19.276085 11.876675 2.382462
v -19.276152 11.878327 2.382301
v -19.276787 11.879795 2.381855
v -19.278723 11.881216 2.380726
v -19.281069 11.881003 2.379506
v -19.282877 11.879242 2.378686
v -19.282997 11.875076 2.378941
v -19.282463 11.875948 2.393438
v -19.279856 11.873006 2.380753
v -7.646337 36.257244 9.199680
v -7.644392 36.256966 9.195995
v -7.645328 36.258492 9.200118
v -7.641135 36.259060 9.197554
v -7.643981 36.259212 9.200772
v -7.642511 36.259293 9.201541
v -7.640460 36.258083 9.202714
v -7.637994 36.256989 9.199367
v -7.639514 36.255699 9.203395
v -7.640055 36.253105 9.203306
v -7.637458 36.252728 9.198381
v -7.643313 36.251007 9.201749
v -7.640470 36.256397 9.188554
v -7.646453 36.253078 9.199936
v -7.488916 36.350468 9.270850
v -7.637650 36.448536 9.184979
v -20.600512 12.215878 4.194262
v -20.599977 12.211618 4.193275
v -20.603651 12.217949 4.192449
v -20.607374 12.020140 4.205533
v -20.606911 12.215854 4.190889
v -20.756107 12.118211 4.119661
v -7.516087 36.344868 9.368113
v -7.493518 36.342365 9.321686
v -7.552779 36.357548 9.402229
v -7.568390 36.355755 9.451265
v -7.554643 36.353771 9.425189
v -7.562493 36.358948 9.420656
v -7.583255 36.362633 9.456741
v -7.676288 36.462879 9.216164
v -7.701782 36.467312 9.260901
v -7.709793 36.461079 9.311578
v -7.719507 36.462479 9.330006
v -7.741105 36.469643 9.351548
v -7.727356 36.467655 9.325472
v -7.737605 36.464409 9.367627
v -20.701714 12.032304 4.391424
v -20.686848 12.025430 4.385949
v -20.673100 12.023445 4.359871
v -20.680950 12.028623 4.355339
v -20.671236 12.027221 4.336912
v -20.634544 12.014539 4.302795
v -20.611975 12.012036 4.256369
v -20.794744 12.132552 4.150846
v -20.820240 12.136984 4.195583
v -20.828251 12.130752 4.246261
v -20.837963 12.132154 4.264688
v -20.856060 12.134077 4.302310
v -20.859562 12.139313 4.286233
v -20.845816 12.137330 4.260155
v -20.608854 12.216134 4.194576
v -20.607845 12.217380 4.195013
v -20.606501 12.218102 4.195667
v -20.605030 12.218182 4.196435
v -20.602980 12.216974 4.197608
v -20.602032 12.214590 4.198288
v -20.602573 12.211992 4.198202
v -20.605831 12.209898 4.196642
v -20.602987 12.215288 4.183449
v -20.608973 12.211967 4.194829
v -7.363712 36.070889 9.362854
v -7.361770 36.070610 9.359168
v -7.362705 36.072136 9.363290
v -7.358511 36.072704 9.360726
v -7.361359 36.072857 9.363945
v -7.359889 36.072937 9.364713
v -7.357839 36.071728 9.365888
v -7.355371 36.070633 9.362539
v -7.356892 36.069344 9.366567
v -7.357431 36.066746 9.366480
v -7.354836 36.066372 9.361554
v -7.360691 36.064651 9.364922
v -7.357847 36.070042 9.351727
v -7.363832 36.066723 9.363107
v -7.206294 36.164112 9.434023
v -7.355027 36.262180 9.348151
v -20.317888 12.029522 4.357434
v -20.317352 12.025263 4.356449
v -20.321030 12.031593 4.355620
v -20.324751 11.833783 4.368705
v -20.324287 12.029498 4.354063
v -20.473484 11.931855 4.282834
v -7.233463 36.158512 9.531285
v -7.210896 36.156010 9.484858
v -7.270155 36.171192 9.565402
v -7.285768 36.169399 9.614438
v -7.272019 36.167416 9.588362
v -7.279871 36.172592 9.583829
v -7.300632 36.176277 9.619914
v -7.393664 36.276524 9.379336
v -7.419158 36.280952 9.424074
v -7.427168 36.274723 9.474751
v -7.436882 36.276123 9.493177
v -7.458480 36.283283 9.514721
v -7.444734 36.281300 9.488645
v -7.454981 36.278053 9.530800
v -20.419088 11.845948 4.554596
v -20.404224 11.839073 4.549120
v -20.390478 11.837089 4.523045
v -20.398329 11.842267 4.518512
v -20.388613 11.840865 4.500084
v -20.351921 11.828183 4.465969
v -20.329353 11.825681 4.419540
v -20.512121 11.946195 4.314019
v -20.537617 11.950626 4.358757
v -20.545626 11.944395 4.409432
v -20.555342 11.945797 4.427860
v -20.573437 11.947721 4.465484
v -20.576941 11.952957 4.449406
v -20.563192 11.950974 4.423327
v -20.326229 12.029778 4.357748
v -20.325222 12.031023 4.358184
v -20.323875 12.031745 4.358839
v -20.322405 12.031826 4.359609
v -20.320354 12.030617 4.360782
v -20.319410 12.028234 4.361462
v -20.319950 12.025637 4.361373
v -20.323208 12.023540 4.359816
v -20.320364 12.028933 4.346621
v -20.326349 12.025612 4.358003
v -19.302547 11.481451 3.877021
v -19.341532 11.409147 3.861968
v -19.170553 11.384480 3.537653
v -19.131569 11.456783 3.552706
v -19.318811 11.487842 3.888447
v -19.327963 11.493207 3.886383
v -19.366947 11.420903 3.871330
v -19.357796 11.415538 3.873394
v -19.309507 11.483540 3.885020
v -19.348494 11.411235 3.869967
v -19.128815 11.457469 3.542278
v -19.131006 11.460745 3.532215
v -19.137556 11.465733 3.525213
v -19.260817 11.514440 3.610492
v -19.213005 11.515484 3.481653
v -19.324762 11.523666 3.731787
v -19.403412 11.542955 3.842823
v -19.442396 11.470652 3.827770
v -20.345640 12.386878 1.766113
v -20.471788 12.431137 1.880235
v -20.192213 12.301834 1.777255
v -20.101385 12.225822 1.907134
v -20.496763 12.408683 2.052770
v -19.704220 11.933524 2.282531
v -20.126360 12.203368 2.079668
v -20.683596 12.386481 2.643282
v -20.405935 12.332671 2.182649
v -20.692898 12.390783 2.646709
v -19.694916 11.929221 2.279105
v -20.699860 12.392872 2.654708
v -19.711180 11.935612 2.290530
v -20.674444 12.381116 2.645346
v -19.685764 11.923858 2.281168
v -19.757862 11.942347 2.379077
v -20.252510 12.247627 2.193791
v -20.598995 12.331367 2.688906
v -20.870838 12.417540 2.979023
v -20.113827 12.040262 2.830660
v -20.258041 12.099639 2.918948
v -19.955431 11.959683 2.807482
v -19.806973 11.870173 2.852943
v -19.450115 11.739427 2.556754
v -19.542772 11.805436 2.479655
v -19.646126 11.873584 2.419985
v -20.366125 12.128778 3.058905
v -20.677645 12.350657 2.799941
v -20.741589 12.359882 2.921236
v -20.789402 12.358839 3.050076
v -19.409422 11.741642 2.440715
v -19.402872 11.736653 2.447716
v -20.873590 12.416854 2.989451
v -21.249102 12.517231 3.479826
v -20.871401 12.413577 2.999514
v -18.885420 11.424040 2.609172
v -19.400681 11.733377 2.457779
v -19.691053 11.785357 2.960122
v -20.421618 12.123240 3.229224
v -21.375250 12.561490 3.593949
v -18.731995 11.338996 2.620313
v -21.095675 12.432187 3.490968
v -20.864851 12.408588 3.006515
v -19.011568 11.468298 2.723294
v -19.403435 11.732692 2.468207
v -21.004848 12.356174 3.620847
v -20.416075 12.083870 3.403974
v -19.625317 11.718148 3.112701
v -21.400227 12.539036 3.766484
v -18.641165 11.262984 2.750192
v -19.036545 11.445845 2.895829
v -21.309397 12.463023 3.896363
v -18.666142 11.240530 2.922727
v -21.155972 12.377978 3.907504
v -18.580988 11.179718 2.994296
v -18.597601 11.181207 3.030161
v -18.610456 11.180354 3.067557
v -18.792290 11.284788 3.036849
v -18.619377 11.177169 3.105959
v -19.251989 11.443179 3.466600
v -18.945715 11.369832 3.025708
v -19.619774 11.678779 3.287452
v -19.675266 11.673241 3.457771
v -20.591274 12.062593 3.959922
v -20.234419 11.931845 3.663733
v -20.350338 12.016661 3.556554
v -21.029821 12.333721 3.793382
v -20.637957 12.069327 4.048469
v -19.176540 11.393431 3.510160
v -20.640709 12.068642 4.058896
v -19.169992 11.388441 3.517162
v -19.167799 11.385165 3.527224
v -20.638519 12.065365 4.068960
v -20.631969 12.060377 4.075961
v -19.299801 11.442135 3.595440
v -20.498617 11.996583 4.037020
v -19.363747 11.451363 3.716734
v -20.395266 11.928433 4.096691
v -19.783348 11.702380 3.597728
v -19.927565 11.761757 3.686016
v -20.283529 11.859672 4.137599
v -20.085958 11.842335 3.709193
v -19.788881 11.554392 4.322885
v -19.635456 11.469348 4.334025
v -19.915031 11.598651 4.437006
v -20.330212 11.866407 4.226145
v -20.337172 11.868495 4.234144
v -19.544628 11.393336 4.463904
v -19.940006 11.576197 4.609541
v -20.346476 11.872798 4.237571
v -19.396547 11.289300 4.580121
v -19.422832 11.297565 4.608498
v -19.569603 11.370882 4.636440
v -19.446205 11.303645 4.639821
v -19.466339 11.307456 4.673653
v -19.849178 11.500185 4.739420
v -20.355627 11.878161 4.235507
v -19.695751 11.415140 4.750563
v -19.605038 9.262352 2.578215
v -19.558224 9.274018 2.400938
v -19.595474 9.329719 2.229870
v -19.706808 9.414527 2.110848
v -21.322615 10.468560 1.232704
v -21.323458 10.462616 1.263441
v -21.480764 10.541703 1.290958
v -21.467655 10.529305 1.316554
v -21.599098 10.577197 1.426941
v -21.167027 10.377366 1.267789
v -21.181602 10.379469 1.295434
v -21.575546 10.561668 1.440539
v -21.085670 10.307312 1.393579
v -21.618231 10.551031 1.602173
v -21.072622 10.239276 1.686582
v -20.999516 10.177823 1.792424
v -21.158497 10.259016 1.814167
v -21.046337 10.256708 1.534768
v -21.452139 10.403305 1.881595
v -21.530212 10.423268 1.987905
v -21.482756 10.422920 1.866668
v -21.419754 10.383658 1.892090
v -21.386076 10.364271 1.897995
v -21.584265 10.500246 1.758147
v -20.842026 10.091339 1.799957
v -21.661278 10.470240 2.101727
v -20.690346 10.001935 1.836561
v -21.775675 10.503896 2.236339
v -20.548637 9.912066 1.901229
v -21.870266 10.523314 2.388047
v -20.420790 9.824196 1.992189
v -19.986986 9.558195 2.146384
v -20.310310 9.740736 2.106944
v -21.990259 10.517705 2.725748
v -22.226921 10.592969 2.977154
v -21.942451 10.527958 2.552690
v -22.371115 10.659658 3.030268
v -19.851877 9.493773 2.105910
v -20.220230 9.663978 2.242346
v -22.012371 10.492834 2.902475
v -20.095686 9.595104 2.250616
v -22.502562 10.707549 3.140655
v -22.085064 10.509822 3.009146
v -19.721382 9.416630 2.138492
v -22.479008 10.692019 3.154252
v -22.056667 10.490526 3.028285
v -22.030914 10.471837 3.051357
v -22.008181 10.454029 3.078021
v -20.153023 9.596026 2.394679
v -22.549374 10.695883 3.317931
v -19.619871 9.339304 2.247009
v -22.521692 10.681383 3.315887
v -19.585907 9.288519 2.402983
v -22.487726 10.630598 3.471861
v -22.512121 10.640183 3.488999
v -22.400789 10.555375 3.608022
v -22.386215 10.553272 3.580381
v -19.628590 9.277882 2.564617
v -19.614094 9.263658 2.595393
v -19.630705 9.265148 2.631258
v -20.076681 9.498064 2.667512
v -20.095226 9.477067 2.816395
v -20.099417 9.515873 2.640849
v -20.050928 9.479375 2.690585
v -20.022535 9.460080 2.709726
v -21.954573 10.373876 3.324191
v -21.887367 10.305923 3.476524
v -22.011911 10.374798 3.468253
v -22.255718 10.476128 3.612959
v -19.880676 9.376933 2.741715
v -19.736483 9.310244 2.688601
v -22.120609 10.411706 3.572485
v -19.643560 9.264295 2.668653
v -19.652481 9.261109 2.707055
v -20.117336 9.452197 2.993121
v -21.797287 10.229166 3.611926
v -20.165142 9.441943 3.166180
v -21.686808 10.145706 3.726680
v -20.237331 9.446589 3.330822
v -21.558960 10.057836 3.817640
v -20.577383 9.546634 3.730965
v -20.687841 9.586244 3.826780
v -20.721519 9.605631 3.820874
v -20.655457 9.566597 3.837274
v -20.624844 9.546982 3.852205
v -20.949100 9.710885 3.904702
v -21.034975 9.730625 4.032288
v -21.108078 9.792078 3.926445
v -20.446318 9.499662 3.617142
v -20.523331 9.469656 3.960722
v -21.061260 9.713193 4.184101
v -21.265572 9.878562 3.918911
v -21.417252 9.967967 3.882309
v -21.021923 9.662590 4.325290
v -20.331921 9.466006 3.482531
v -20.429653 9.373240 4.181217
v -20.489365 9.418871 4.116696
v -20.455935 9.381505 4.209594
v -20.479307 9.387587 4.240918
v -20.532049 9.408235 4.278330
v -20.499439 9.391397 4.274750
v -20.508497 9.392704 4.291928
v -20.940567 9.592535 4.451079
v -20.925997 9.590432 4.423439
v -20.784138 9.507285 4.455429
v -20.626831 9.428198 4.427911
v -20.639942 9.440597 4.402315
v -20.784981 9.501341 4.486165
v -18.983133 10.684149 3.172936
v -19.071524 10.584753 3.212515
v -19.136097 10.594070 3.335000
v -19.023888 10.802178 3.378326
v -18.959314 10.792862 3.255841
v -19.537827 10.652033 4.097012
v -19.449436 10.751429 4.057433
v -19.112278 10.702783 3.417905
v -19.602398 10.661349 4.219497
v -19.425619 10.860141 4.140337
v -19.578583 10.770061 4.302402
v -19.490192 10.869457 4.262823
v -19.920475 11.062021 3.785479
v -19.896656 11.170733 3.868384
v -19.961231 11.180050 3.990869
v -20.049622 11.080654 4.030447
v -20.073437 10.971942 3.947543
v -20.008865 10.962626 3.825058
v -20.047756 11.112687 3.871758
v -19.454172 10.994742 2.900982
v -19.430353 11.103455 2.983887
v -19.494926 11.112772 3.106371
v -19.583317 11.013376 3.145951
v -19.607136 10.904664 3.063045
v -19.542562 10.895347 2.940561
v -19.581455 11.045408 2.987261
v -19.755114 11.341647 1.938796
v -19.708874 11.246226 1.970432
v -19.703459 11.437451 1.958742
v -19.610979 11.246607 2.022013
v -19.605562 11.437832 2.010323
v -19.559322 11.342410 2.041959
v -19.747732 11.251832 2.044141
v -19.751816 11.254687 2.041770
v -19.755762 11.257771 2.039456
v -19.759558 11.261081 2.037203
v -19.763197 11.264606 2.035016
v -19.766670 11.268334 2.032902
v -19.769966 11.272263 2.030865
v -19.773079 11.276378 2.028911
v -19.776001 11.280669 2.027044
v -19.778723 11.285128 2.025270
v -19.781240 11.289742 2.023591
v -19.783546 11.294499 2.022014
v -19.785633 11.299390 2.020541
v -19.787498 11.304399 2.019177
v -19.789139 11.309517 2.017924
v -19.790545 11.314729 2.016786
v -19.791718 11.320023 2.015765
v -19.792652 11.325385 2.014865
v -19.793344 11.330804 2.014087
v -19.793797 11.336263 2.013433
v -19.794006 11.341751 2.012905
v -19.793972 11.347254 2.012505
v -19.793695 11.352757 2.012232
v -19.793175 11.358249 2.012089
v -19.792414 11.363712 2.012075
v -19.791412 11.369137 2.012190
v -19.790174 11.374508 2.012434
v -19.788702 11.379813 2.012807
v -19.787001 11.385036 2.013307
v -19.785070 11.390168 2.013933
v -19.782921 11.395194 2.014684
v -19.780556 11.400102 2.015558
v -19.777981 11.404879 2.016552
v -19.775202 11.409513 2.017665
v -19.772226 11.413994 2.018893
v -19.769060 11.418310 2.020234
v -19.765713 11.422449 2.021683
v -19.762194 11.426403 2.023238
v -19.758509 11.430162 2.024894
v -19.754669 11.433715 2.026648
v -19.750685 11.437054 2.028495
v -19.746563 11.440170 2.030431
v -19.742317 11.443057 2.032450
v -19.737955 11.445705 2.034548
v -19.733490 11.448111 2.036719
v -19.728933 11.450268 2.038958
v -19.724291 11.452168 2.041260
v -19.719582 11.453809 2.043618
v -19.714813 11.455185 2.046027
v -19.709997 11.456295 2.048482
v -19.705149 11.457135 2.050975
v -19.700275 11.457702 2.053500
v -19.695393 11.457995 2.056052
v -19.690512 11.458014 2.058624
v -19.685644 11.457758 2.061210
v -19.680803 11.457230 2.063802
v -19.675999 11.456428 2.066395
v -19.671246 11.455356 2.068983
v -19.666553 11.454016 2.071558
v -19.661936 11.452412 2.074115
v -19.657402 11.450547 2.076647
v -19.652964 11.448425 2.079148
v -19.648634 11.446054 2.081611
v -19.644421 11.443438 2.084031
v -19.640339 11.440584 2.086401
v -19.636393 11.437499 2.088716
v -19.632595 11.434190 2.090969
v -19.628956 11.430667 2.093155
v -19.625484 11.426935 2.095270
v -19.622189 11.423008 2.097306
v -19.619076 11.418894 2.099260
v -19.616154 11.414601 2.101127
v -19.613430 11.410143 2.102902
v -19.610914 11.405529 2.104580
v -19.608608 11.400771 2.106157
v -19.606520 11.395881 2.107630
v -19.604654 11.390872 2.108994
v -19.603016 11.385754 2.110247
v -19.601608 11.380542 2.111386
v -19.600437 11.375247 2.112406
v -19.599504 11.369885 2.113306
v -19.598808 11.364467 2.114085
v -19.598356 11.359008 2.114738
v -19.598148 11.353519 2.115266
v -19.598181 11.348017 2.115667
v -19.598459 11.342513 2.115939
v -19.598980 11.337023 2.116082
v -19.599741 11.331558 2.116096
v -19.600742 11.326134 2.115981
v -19.601980 11.320763 2.115737
v -19.603453 11.315457 2.115365
v -19.605156 11.310234 2.114865
v -19.607082 11.305102 2.114238
v -19.609232 11.300076 2.113487
v -19.611597 11.295170 2.112613
v -19.614174 11.290392 2.111619
v -19.616953 11.285757 2.110506
v -19.619930 11.281277 2.109278
v -19.623095 11.276961 2.107938
v -19.626440 11.272821 2.106488
v -19.629961 11.268867 2.104933
v -19.633644 11.265109 2.103277
v -19.637484 11.261556 2.101523
v -19.641470 11.258217 2.099676
v -19.645590 11.255100 2.097740
v -19.649837 11.252214 2.095721
v -19.654198 11.249564 2.093624
v -19.658663 11.247159 2.091453
v -19.663221 11.245003 2.089213
v -19.667862 11.243102 2.086912
v -19.672571 11.241462 2.084553
v -19.677341 11.240085 2.082144
v -19.682156 11.238975 2.079690
v -19.687006 11.238136 2.077197
v -19.691879 11.237569 2.074671
v -19.696762 11.237275 2.072119
v -19.701643 11.237256 2.069547
v -19.706511 11.237512 2.066962
v -19.711351 11.238041 2.064369
v -19.716156 11.238843 2.061776
v -19.720909 11.239915 2.059188
v -19.725601 11.241255 2.056613
v -19.730219 11.242860 2.054056
v -19.734753 11.244724 2.051524
v -19.739189 11.246845 2.049023
v -19.743519 11.249216 2.046560
v -19.785778 11.319080 2.018968
v -19.786772 11.324109 2.018061
v -19.784561 11.314122 2.019986
v -19.787540 11.329194 2.017269
v -19.783125 11.309249 2.021115
v -19.788082 11.334328 2.016594
v -19.781471 11.304470 2.022349
v -19.788393 11.339493 2.016036
v -19.779606 11.299799 2.023688
v -19.788475 11.344680 2.015598
v -19.777533 11.295247 2.025127
v -19.788328 11.349873 2.015281
v -19.775257 11.290824 2.026663
v -19.787952 11.355060 2.015084
v -19.772785 11.286544 2.028293
v -19.787348 11.360229 2.015010
v -19.770123 11.282415 2.030011
v -19.786516 11.365368 2.015058
v -19.767273 11.278448 2.031814
v -19.785460 11.370461 2.015227
v -19.764250 11.274653 2.033697
v -19.784182 11.375499 2.015518
v -19.761055 11.271040 2.035655
v -19.782682 11.380466 2.015930
v -19.757700 11.267617 2.037685
v -19.780970 11.385353 2.016462
v -19.754192 11.264393 2.039779
v -19.779045 11.390145 2.017111
v -19.750538 11.261376 2.041935
v -19.776915 11.394831 2.017878
v -19.746750 11.258574 2.044145
v -19.774584 11.399401 2.018760
v -19.742836 11.255993 2.046405
v -19.772057 11.403841 2.019754
v -19.738804 11.253639 2.048709
v -19.769342 11.408142 2.020859
v -19.734669 11.251519 2.051051
v -19.766443 11.412292 2.022071
v -19.730434 11.249640 2.053426
v -19.763371 11.416283 2.023387
v -19.726118 11.248003 2.055827
v -19.760132 11.420103 2.024805
v -19.721724 11.246614 2.058249
v -19.756731 11.423740 2.026320
v -19.717268 11.245475 2.060685
v -19.753181 11.427191 2.027929
v -19.712757 11.244591 2.063129
v -19.749489 11.430443 2.029628
v -19.708208 11.243963 2.065577
v -19.745665 11.433489 2.031413
v -19.703627 11.243593 2.068020
v -19.741718 11.436322 2.033279
v -19.699026 11.243482 2.070453
v -19.737656 11.438934 2.035221
v -19.694420 11.243629 2.072871
v -19.733490 11.441319 2.037235
v -19.689816 11.244035 2.075267
v -19.729233 11.443471 2.039316
v -19.685228 11.244698 2.077635
v -19.724894 11.445385 2.041459
v -19.680668 11.245618 2.079969
v -19.720480 11.447057 2.043658
v -19.676146 11.246791 2.082264
v -19.716007 11.448480 2.045907
v -19.671673 11.248215 2.084513
v -19.711487 11.449654 2.048202
v -19.667261 11.249887 2.086712
v -19.706926 11.450572 2.050537
v -19.662922 11.251800 2.088855
v -19.702337 11.451237 2.052905
v -19.658663 11.253952 2.090936
v -19.697735 11.451643 2.055300
v -19.654499 11.256337 2.092950
v -19.693127 11.451789 2.057718
v -19.650436 11.258949 2.094893
v -19.688528 11.451678 2.060152
v -19.646488 11.261782 2.096759
v -19.683947 11.451307 2.062595
v -19.642664 11.264828 2.098543
v -19.679396 11.450680 2.065042
v -19.638973 11.268080 2.100242
v -19.674887 11.449797 2.067486
v -19.635422 11.271530 2.101851
v -19.670429 11.448657 2.069923
v -19.632023 11.275168 2.103367
v -19.666037 11.447268 2.072344
v -19.628782 11.278988 2.104784
v -19.661718 11.445632 2.074745
v -19.625711 11.282977 2.106101
v -19.657486 11.443751 2.077120
v -19.622812 11.287128 2.107313
v -19.653349 11.441630 2.079462
v -19.620098 11.291430 2.108417
v -19.649319 11.439279 2.081766
v -19.617571 11.295870 2.109411
v -19.645403 11.436697 2.084026
v -19.615238 11.300440 2.110293
v -19.641615 11.433894 2.086236
v -19.613108 11.305125 2.111060
v -19.637962 11.430877 2.088392
v -19.611183 11.309918 2.111710
v -19.634453 11.427653 2.090487
v -19.609470 11.314805 2.112241
v -19.631098 11.424231 2.092516
v -19.607973 11.319772 2.112653
v -19.627903 11.420617 2.094475
v -19.606695 11.324809 2.112944
v -19.624880 11.416822 2.096358
v -19.605639 11.329903 2.113113
v -19.622034 11.412856 2.098160
v -19.604807 11.335041 2.113161
v -19.619370 11.408727 2.099879
v -19.604202 11.340211 2.113087
v -19.616896 11.404447 2.101508
v -19.603825 11.345398 2.112891
v -19.614622 11.400023 2.103044
v -19.603678 11.350591 2.112573
v -19.612549 11.395472 2.104483
v -19.603762 11.355778 2.112135
v -19.610683 11.390800 2.105822
v -19.604073 11.360944 2.111578
v -19.609030 11.386022 2.107057
v -19.604614 11.366076 2.110902
v -19.607594 11.381148 2.108185
v -19.605381 11.371162 2.110110
v -19.606377 11.376190 2.109204
v -19.588427 11.291665 2.054130
v -19.585478 11.395820 2.047763
v -19.663984 11.447584 2.002437
v -19.745440 11.395197 1.963479
v -19.748388 11.291042 1.969846
v -19.669882 11.239276 2.015172
v -19.732098 11.301519 1.977638
v -19.729738 11.384843 1.972544
v -19.669292 11.260107 2.013899
v -19.664574 11.426753 2.003710
v -19.604128 11.302017 2.045065
v -19.601768 11.385341 2.039971
v -19.676649 11.344832 2.027232
v -21.346306 10.675984 1.919353
v -21.447819 10.753310 1.810832
v -21.481783 10.804095 1.654858
v -21.439100 10.814734 1.493224
v -21.331205 10.782372 1.369240
v -21.187012 10.715680 1.316126
v -21.045155 10.632532 1.348115
v -20.943640 10.555207 1.456636
v -20.909676 10.504422 1.612609
v -20.952360 10.493785 1.774244
v -21.060253 10.526147 1.898228
v -21.187735 10.204788 1.802877
v -21.233171 10.199794 1.828706
v -21.280613 10.219526 1.856795
v -21.331018 10.242840 1.875362
v -21.204449 10.592836 1.951342
v -21.382740 10.268970 1.883799
v -21.415314 10.310042 1.886705
v -21.535067 10.332807 1.971677
v -21.559452 10.369040 1.976615
v -21.673738 10.383671 2.086497
v -21.690516 10.416012 2.090437
v -21.794474 10.419994 2.224713
v -21.804913 10.449668 2.225049
v -21.893549 10.440656 2.382059
v -21.899504 10.469085 2.376757
v -21.971693 10.473731 2.541400
v -21.967903 10.445017 2.553678
v -22.019497 10.463477 2.714458
v -22.015240 10.432943 2.734271
v -22.041607 10.438606 2.891185
v -22.034101 10.404807 2.918263
v -22.037418 10.399800 3.066731
v -22.023903 10.361478 3.099974
v -21.948614 10.762886 3.061829
v -21.847101 10.685560 3.170349
v -22.003139 10.339814 3.150260
v -21.991268 10.322061 3.204785
v -21.813139 10.634775 3.326323
v -21.988670 10.308800 3.261762
v -21.855820 10.624138 3.487957
v -21.983814 10.319647 3.312901
v -21.963715 10.656500 3.611942
v -22.107910 10.723189 3.665056
v -22.249769 10.806336 3.633066
v -21.924095 10.240320 3.423443
v -21.916605 10.251696 3.465234
v -21.833855 10.161725 3.567248
v -21.826525 10.174937 3.600636
v -21.720736 10.075441 3.688737
v -21.716045 10.091478 3.715391
v -21.588228 9.984131 3.784160
v -21.588198 10.003608 3.806350
v -21.446491 9.913738 3.871019
v -21.440430 9.890615 3.850571
v -21.294809 9.824334 3.907622
v -21.281898 9.797776 3.885919
v -21.137318 9.737849 3.915155
v -21.117529 9.708486 3.889115
v -20.978336 9.656657 3.893412
v -20.952394 9.625499 3.860058
v -20.789547 9.843497 4.476125
v -20.891060 9.920822 4.367604
v -20.925024 9.971608 4.211629
v -20.882341 9.982244 4.049995
v -20.774446 9.949883 3.926012
v -20.904953 9.605766 3.831968
v -20.854548 9.582454 3.813401
v -20.630253 9.883193 3.872898
v -20.802826 9.556323 3.804964
v -20.750759 9.551403 3.809584
v -20.488394 9.800046 3.904887
v -20.650499 9.492488 3.717086
v -20.606623 9.492405 3.719675
v -20.511829 9.441624 3.602266
v -20.475557 9.445435 3.605853
v -20.391092 9.405299 3.464050
v -20.361160 9.411778 3.471241
v -20.292017 9.384638 3.306704
v -20.266569 9.392361 3.319532
v -20.194382 9.387715 3.154890
v -20.217663 9.380277 3.135086
v -20.146576 9.397968 2.981831
v -20.170324 9.392351 2.954493
v -20.124466 9.422839 2.805105
v -20.151464 9.420486 2.770500
v -20.128654 9.461645 2.629559
v -20.161663 9.463816 2.588789
v -19.886087 9.713144 2.762411
v -19.987598 9.790471 2.653891
v -20.182426 9.485479 2.538503
v -20.194300 9.503233 2.483979
v -20.021563 9.841256 2.497917
v -20.196894 9.516495 2.427001
v -19.978880 9.851892 2.336283
v -20.182261 9.541799 2.383389
v -19.870987 9.819530 2.212298
v -19.726791 9.752842 2.159184
v -19.584934 9.669694 2.191174
v -20.261471 9.584973 2.265320
v -20.249470 9.609750 2.231056
v -20.351713 9.663568 2.121515
v -20.339548 9.686509 2.095654
v -20.464830 9.749853 2.000026
v -20.450027 9.769967 1.980899
v -20.597336 9.841163 1.904603
v -20.577875 9.857838 1.889939
v -20.719584 9.947707 1.825271
v -20.745136 9.934680 1.838192
v -20.871264 10.037110 1.788668
v -20.903669 10.027516 1.802844
v -21.028755 10.123595 1.781134
v -21.068037 10.116807 1.799649
v -21.316948 10.205693 2.017340
v -21.152195 10.127420 1.966619
v -21.471905 10.271160 2.104207
v -20.984844 10.039761 1.954260
v -21.610294 10.320956 2.223423
v -20.822208 9.946546 1.980804
v -21.726065 10.352908 2.369777
v -20.671402 9.851851 2.045091
v -21.814159 10.365619 2.536875
v -20.539007 9.759809 2.144310
v -21.870722 10.358532 2.717411
v -20.430819 9.674449 2.274126
v -21.893288 10.331958 2.903497
v -20.351562 9.599500 2.428865
v -21.880869 10.287058 3.087000
v -20.304699 9.538237 2.601764
v -21.834005 10.225794 3.259898
v -20.292278 9.493336 2.785266
v -21.754745 10.150845 3.414637
v -20.314842 9.466762 2.971352
v -21.646559 10.065484 3.544453
v -20.371408 9.459675 3.151889
v -21.514166 9.973445 3.643672
v -20.459501 9.472385 3.318986
v -20.575272 9.504337 3.465341
v -21.363356 9.878748 3.707959
v -20.713659 9.554133 3.584557
v -21.200722 9.785532 3.734503
v -21.033371 9.697872 3.722144
v -20.868618 9.619599 3.671423
v -21.338734 10.298813 3.711411
v -21.471125 10.390853 3.612191
v -21.579313 10.476213 3.482376
v -21.658571 10.551162 3.327637
v -21.705435 10.612426 3.154738
v -21.717855 10.657326 2.971236
v -21.695290 10.683901 2.785150
v -21.638725 10.690987 2.604613
v -21.550631 10.678277 2.437516
v -21.434862 10.646325 2.291161
v -21.296473 10.596527 2.171945
v -21.141516 10.531062 2.085078
v -20.976763 10.452789 2.034357
v -20.809412 10.365129 2.021999
v -20.646776 10.271914 2.048543
v -20.495968 10.177217 2.112829
v -20.363575 10.085178 2.212048
v -20.255386 9.999818 2.341864
v -20.176128 9.924869 2.496603
v -20.129265 9.863604 2.669502
v -20.116844 9.818705 2.853004
v -20.139410 9.792130 3.039090
v -20.195976 9.785044 3.219627
v -20.284069 9.797753 3.386724
v -20.399837 9.829705 3.533079
v -20.538227 9.879502 3.652295
v -20.693184 9.944967 3.739161
v -20.857939 10.023240 3.789883
v -21.025290 10.110901 3.802241
v -21.187923 10.204115 3.775697
v -21.723864 10.600616 3.259202
v -21.755131 10.656602 3.071246
v -21.657351 10.528779 3.431989
v -21.749779 10.694296 2.876335
v -21.558496 10.444237 3.582056
v -21.708048 10.712048 2.682989
v -21.431622 10.350680 3.702842
v -21.631758 10.709082 2.499656
v -21.282270 10.252200 3.789071
v -21.524248 10.685529 2.334350
v -21.116968 10.153101 3.836972
v -21.390211 10.642417 2.194295
v -20.942942 10.057712 3.844453
v -21.235508 10.581630 2.085613
v -20.767801 9.970203 3.811187
v -21.066900 10.505826 2.013053
v -20.599192 9.894400 3.738627
v -20.891756 10.418318 1.979786
v -20.444490 9.833614 3.629945
v -20.717731 10.322929 1.987267
v -20.310453 9.790504 3.489890
v -20.552431 10.223830 2.035169
v -20.202942 9.766949 3.324584
v -20.403080 10.125350 2.121397
v -20.126654 9.763984 3.141251
v -20.276203 10.031796 2.242184
v -20.084921 9.781735 2.947905
v -20.177349 9.947251 2.392250
v -20.079571 9.819428 2.752994
v -20.110836 9.875416 2.565037
v -20.163958 9.839252 3.339637
v -20.087667 9.836286 3.156304
v -20.045937 9.854039 2.962958
v -20.040586 9.891733 2.768047
v -20.071852 9.947720 2.580090
v -20.138365 10.019556 2.407304
v -20.237219 10.104098 2.257237
v -20.364094 10.197654 2.136450
v -20.513447 10.296134 2.050222
v -20.678747 10.395234 2.002320
v -20.852774 10.490623 1.994839
v -21.027914 10.578131 2.028106
v -21.196526 10.653933 2.100666
v -21.351227 10.714721 2.209348
v -21.485262 10.757832 2.349403
v -21.592775 10.781386 2.514709
v -21.669062 10.784352 2.698041
v -21.710794 10.766600 2.891388
v -21.716145 10.728906 3.086299
v -21.684881 10.672918 3.274255
v -21.618368 10.601083 3.447042
v -21.519514 10.516540 3.597109
v -21.392637 10.422985 3.717895
v -21.243284 10.324505 3.804124
v -21.077982 10.225405 3.852025
v -20.903959 10.130016 3.859506
v -20.728815 10.042508 3.826240
v -20.560207 9.966704 3.753680
v -20.405504 9.905918 3.644998
v -20.271469 9.862806 3.504943
vn -0.8978 -0.0015 -0.4404
vn -0.8427 0.2717 -0.4648
vn -0.8785 -0.1842 -0.4407
vn -0.4799 -0.8636 -0.1547
vn -0.6494 -0.6995 -0.2984
vn 0.4063 -0.8604 0.3076
vn -0.0744 -0.9970 0.0200
vn 0.5329 -0.7749 0.3399
vn 0.4653 -0.0671 -0.8826
vn 0.4649 -0.0671 -0.8828
vn 0.4649 -0.0670 -0.8828
vn 0.4650 -0.0673 -0.8828
vn 0.4654 -0.0667 -0.8826
vn 0.4650 -0.0669 -0.8828
vn 0.4649 -0.0672 -0.8828
vn 0.4651 -0.0671 -0.8827
vn 0.4648 -0.0675 -0.8828
vn 0.4654 -0.0671 -0.8826
vn 0.4649 -0.0676 -0.8828
vn 0.4641 -0.0674 -0.8832
vn 0.4650 -0.0667 -0.8828
vn 0.4648 -0.0671 -0.8829
vn 0.4653 -0.0672 -0.8826
vn 0.4651 -0.0674 -0.8827
vn 0.4652 -0.0676 -0.8826
vn 0.4655 -0.0675 -0.8825
vn -0.6058 0.4612 -0.6483
vn -0.6058 0.4621 -0.6477
vn -0.6061 0.4617 -0.6476
vn -0.2030 0.3035 -0.9310
vn -0.6059 0.4614 -0.6481
vn -0.6059 0.4610 -0.6483
vn -0.2030 0.3033 -0.9310
vn 0.2544 0.0636 -0.9650
vn 0.2549 0.0633 -0.9649
vn 0.4668 0.8658 0.1802
vn 0.4668 0.8658 0.1803
vn 0.4708 0.8642 0.1778
vn 0.4692 0.8646 0.1800
vn 0.4653 0.8666 0.1804
vn 0.4679 0.8651 0.1805
vn 0.4668 0.8658 0.1804
vn 0.4675 0.8654 0.1801
vn 0.4669 0.8657 0.1805
vn 0.4671 0.8656 0.1803
vn 0.4675 0.8655 0.1799
vn 0.4668 0.8659 0.1798
vn 0.4665 0.8660 0.1799
vn 0.4663 0.8660 0.1804
vn 0.4669 0.8658 0.1800
vn 0.4672 0.8656 0.1802
vn 0.4672 0.8656 0.1804
vn 0.4668 0.8658 0.1800
vn 0.4670 0.8654 0.1815
vn 0.4670 0.8656 0.1805
vn 0.4668 0.8656 0.1810
vn 0.4673 0.8656 0.1801
vn 0.4669 0.8658 0.1801
vn 0.4672 0.8655 0.1807
vn 0.4673 0.8655 0.1803
vn 0.4671 0.8655 0.1808
vn 0.4676 0.8655 0.1797
vn 0.4681 0.8653 0.1792
vn 0.4676 0.8654 0.1801
vn 0.4671 0.8657 0.1802
vn 0.4666 0.8658 0.1809
vn 0.4670 0.8656 0.1809
vn 0.4676 0.8654 0.1800
vn 0.4683 0.8652 0.1794
vn 0.4685 0.8648 0.1807
vn 0.4672 0.8656 0.1803
vn 0.4665 0.8659 0.1804
vn 0.4669 0.8657 0.1806
vn 0.4679 0.8652 0.1802
vn 0.4676 0.8652 0.1809
vn 0.4667 0.8658 0.1803
vn 0.4667 0.8657 0.1807
vn 0.4673 0.8656 0.1803
vn 0.4675 0.8654 0.1803
vn 0.4646 0.8668 0.1812
vn 0.4637 0.8678 0.1787
vn 0.4685 0.8649 0.1798
vn 0.4690 0.8646 0.1805
vn 0.4661 0.8660 0.1810
vn 0.4667 0.8658 0.1804
vn 0.4657 0.8663 0.1805
vn 0.4668 0.8656 0.1813
vn 0.4679 0.8654 0.1794
vn 0.4680 0.8652 0.1802
vn 0.4683 0.8648 0.1810
vn 0.4669 0.8656 0.1810
vn 0.4670 0.8657 0.1803
vn 0.4666 0.8659 0.1801
vn 0.4683 0.8651 0.1796
vn 0.4678 0.8654 0.1797
vn 0.4671 0.8657 0.1801
vn 0.4671 0.8657 0.1799
vn 0.4670 0.8657 0.1800
vn 0.4669 0.8658 0.1802
vn 0.4667 0.8658 0.1805
vn 0.4667 0.8660 0.1794
vn 0.4670 0.8660 0.1789
vn 0.4658 0.8666 0.1792
vn 0.4668 0.8657 0.1809
vn 0.4669 0.8659 0.1796
vn 0.4672 0.8654 0.1810
vn 0.4672 0.8656 0.1801
vn 0.4671 0.8657 0.1800
vn 0.4664 0.8660 0.1804
vn 0.4667 0.8657 0.1808
vn 0.4672 0.8656 0.1800
vn 0.4668 0.8658 0.1805
vn 0.4676 0.8654 0.1798
vn 0.4671 0.8656 0.1801
vn 0.4663 0.8660 0.1808
vn 0.4659 0.8662 0.1806
vn 0.4669 0.8656 0.1808
vn 0.4661 0.8662 0.1802
vn 0.4658 0.8664 0.1800
vn 0.4664 0.8659 0.1805
vn 0.4666 0.8660 0.1798
vn 0.4669 0.8658 0.1799
vn 0.4666 0.8660 0.1801
vn 0.4649 0.8668 0.1802
vn 0.4665 0.8661 0.1796
vn 0.4667 0.8661 0.1793
vn 0.4668 0.8661 0.1790
vn 0.4666 0.8661 0.1795
vn 0.4663 0.8661 0.1803
vn 0.4647 0.8668 0.1811
vn 0.4649 0.8669 0.1800
vn 0.4664 0.8660 0.1806
vn 0.4659 0.8662 0.1805
vn 0.4666 0.8659 0.1803
vn 0.4657 0.8665 0.1798
vn 0.4647 0.8667 0.1812
vn 0.4659 0.8663 0.1801
vn 0.4658 0.8662 0.1810
vn 0.4661 0.8662 0.1800
vn 0.4679 0.8654 0.1792
vn 0.4680 0.8659 0.1767
vn 0.4677 0.8649 0.1822
vn 0.4656 0.8662 0.1816
vn 0.4628 0.8674 0.1828
vn 0.4622 0.8677 0.1828
vn 0.4667 0.8657 0.1810
vn 0.4670 0.8657 0.1805
vn 0.4668 0.8657 0.1805
vn 0.4669 0.8655 0.1814
vn 0.4670 0.8656 0.1808
vn 0.4669 0.8657 0.1804
vn 0.4669 0.8656 0.1811
vn 0.4659 0.8662 0.1808
vn 0.4655 0.8664 0.1809
vn 0.4665 0.8659 0.1803
vn 0.4651 0.8665 0.1814
vn 0.4666 0.8655 0.1824
vn 0.4665 0.8659 0.1806
vn 0.4662 0.8660 0.1807
vn 0.4659 0.8663 0.1803
vn 0.4670 0.8657 0.1802
vn 0.4666 0.8663 0.1783
vn 0.4652 0.8669 0.1792
vn 0.4663 0.8661 0.1799
vn 0.4663 0.8661 0.1798
vn 0.4664 0.8662 0.1794
vn 0.4661 0.8661 0.1806
vn 0.4655 0.8667 0.1795
vn 0.4653 0.8668 0.1793
vn 0.4657 0.8664 0.1802
vn 0.4663 0.8660 0.1806
vn 0.4667 0.8659 0.1802
vn 0.4669 0.8656 0.1807
vn 0.4679 0.8651 0.1809
vn 0.4670 0.8655 0.1811
vn 0.4678 0.8653 0.1799
vn 0.4666 0.8657 0.1811
vn 0.4668 0.8657 0.1806
vn 0.4670 0.8658 0.1797
vn 0.4664 0.8659 0.1806
vn 0.4672 0.8657 0.1797
vn 0.4667 0.8660 0.1798
vn 0.4668 0.8657 0.1807
vn 0.4656 0.8665 0.1799
vn 0.4662 0.8661 0.1806
vn 0.4664 0.8660 0.1803
vn 0.4656 0.8664 0.1807
vn 0.4657 0.8663 0.1806
vn 0.4667 0.8659 0.1801
vn 0.4671 0.8658 0.1795
vn 0.4676 0.8655 0.1799
vn 0.4667 0.8658 0.1807
vn 0.4681 0.8653 0.1794
vn 0.4669 0.8660 0.1793
vn 0.4649 0.8665 0.1819
vn 0.4650 0.8670 0.1794
vn 0.4649 0.8668 0.1805
vn 0.4669 0.8657 0.1803
vn 0.4668 0.8660 0.1793
vn 0.4656 0.8664 0.1803
vn 0.4675 0.8655 0.1800
vn 0.4667 0.8660 0.1796
vn 0.4657 0.8663 0.1807
vn 0.4683 0.8649 0.1806
vn 0.4670 0.8657 0.1799
vn 0.4658 0.8661 0.1813
vn 0.4652 0.8667 0.1801
vn 0.4662 0.8659 0.1812
vn 0.4674 0.8655 0.1801
vn 0.4669 0.8658 0.1798
vn 0.4673 0.8658 0.1792
vn 0.4671 0.8656 0.1805
vn 0.4672 0.8654 0.1808
vn 0.4677 0.8652 0.1807
vn 0.4675 0.8654 0.1802
vn 0.4662 0.8663 0.1794
vn 0.4675 0.8655 0.1801
vn 0.4666 0.8659 0.1800
vn 0.4671 0.8658 0.1794
vn 0.4663 0.8661 0.1804
vn 0.4658 0.8662 0.1807
vn 0.4669 0.8659 0.1798
vn 0.4681 0.8651 0.1803
vn 0.4677 0.8653 0.1803
vn 0.4680 0.8651 0.1805
vn 0.4693 0.8644 0.1804
vn 0.4670 0.8657 0.1801
vn 0.4663 0.8659 0.1811
vn 0.4662 0.8662 0.1799
vn 0.4667 0.8657 0.1809
vn 0.4669 0.8659 0.1793
vn 0.4665 0.8661 0.1797
vn 0.4664 0.8660 0.1802
vn 0.4649 0.8668 0.1807
vn 0.4648 0.8670 0.1797
vn 0.4659 0.8663 0.1800
vn 0.4673 0.8656 0.1799
vn 0.4673 0.8655 0.1804
vn 0.4664 0.8660 0.1805
vn 0.4658 0.8664 0.1799
vn 0.4666 0.8658 0.1810
vn 0.4670 0.8658 0.1794
vn 0.4675 0.8653 0.1809
vn 0.4666 0.8660 0.1796
vn 0.4674 0.8657 0.1791
vn 0.4670 0.8659 0.1793
vn 0.4655 0.8662 0.1815
vn 0.4651 0.8668 0.1797
vn 0.4663 0.8660 0.1805
vn 0.4671 0.8654 0.1813
vn 0.4668 0.8659 0.1795
vn 0.4662 0.8661 0.1803
vn 0.4684 0.8648 0.1808
vn 0.4686 0.8650 0.1793
vn 0.4667 0.8660 0.1797
vn 0.4662 0.8659 0.1813
vn 0.4668 0.8659 0.1797
vn 0.4668 0.8659 0.1799
vn 0.4664 0.8660 0.1801
vn 0.4660 0.8663 0.1800
vn 0.4675 0.8654 0.1805
vn 0.4659 0.8662 0.1810
vn 0.4673 0.8654 0.1806
vn 0.4654 0.8665 0.1803
vn 0.4657 0.8664 0.1804
vn 0.4646 0.8669 0.1806
vn 0.4679 0.8652 0.1801
vn 0.4674 0.8655 0.1802
vn 0.4673 0.8657 0.1794
vn 0.4663 0.8661 0.1802
vn 0.4684 0.8651 0.1794
vn 0.4686 0.8646 0.1811
vn 0.4667 0.8659 0.1800
vn 0.4665 0.8663 0.1787
vn 0.4673 0.8654 0.1807
vn 0.4679 0.8653 0.1801
vn 0.4674 0.8654 0.1807
vn 0.4682 0.8652 0.1797
vn 0.4666 0.8659 0.1805
vn 0.4671 0.8656 0.1804
vn 0.4668 0.8659 0.1796
vn 0.4677 0.8652 0.1808
vn 0.4675 0.8655 0.1798
vn 0.4674 0.8653 0.1809
vn 0.4664 0.8661 0.1796
vn 0.4659 0.8663 0.1802
vn 0.4658 0.8663 0.1805
vn 0.4665 0.8658 0.1811
vn 0.4676 0.8653 0.1805
vn 0.4665 0.8660 0.1803
vn 0.4676 0.8655 0.1798
vn 0.4662 0.8662 0.1797
vn -0.6439 0.1931 0.7403
vn -0.6440 0.1931 0.7403
vn -0.8607 0.3982 0.3173
vn -0.8608 0.3982 0.3169
vn -0.8470 0.4962 -0.1908
vn -0.8468 0.4964 -0.1914
vn -0.8469 0.4963 -0.1908
vn -0.4668 -0.8658 -0.1802
vn -0.4668 -0.8658 -0.1803
vn -0.4663 -0.8659 -0.1810
vn -0.4664 -0.8660 -0.1802
vn -0.4669 -0.8658 -0.1800
vn -0.4674 -0.8654 -0.1804
vn -0.4675 -0.8657 -0.1788
vn -0.4676 -0.8655 -0.1797
vn -0.4668 -0.8658 -0.1804
vn -0.4673 -0.8656 -0.1801
vn -0.4670 -0.8657 -0.1800
vn -0.4668 -0.8657 -0.1806
vn -0.4669 -0.8658 -0.1802
vn -0.4667 -0.8658 -0.1804
vn -0.4668 -0.8659 -0.1797
vn -0.4673 -0.8654 -0.1807
vn -0.4667 -0.8658 -0.1807
vn -0.4667 -0.8658 -0.1806
vn -0.4664 -0.8659 -0.1807
vn -0.4662 -0.8659 -0.1813
vn -0.4670 -0.8657 -0.1803
vn -0.4666 -0.8658 -0.1804
vn -0.4685 -0.8647 -0.1812
vn -0.4680 -0.8651 -0.1807
vn -0.4680 -0.8648 -0.1818
vn -0.4667 -0.8657 -0.1810
vn -0.4671 -0.8656 -0.1804
vn -0.4663 -0.8660 -0.1804
vn -0.4669 -0.8656 -0.1808
vn -0.4666 -0.8659 -0.1802
vn -0.4667 -0.8658 -0.1802
vn -0.4664 -0.8661 -0.1799
vn -0.4667 -0.8658 -0.1803
vn -0.4661 -0.8662 -0.1803
vn -0.4655 -0.8665 -0.1800
vn -0.4653 -0.8664 -0.1811
vn -0.4655 -0.8664 -0.1805
vn -0.4668 -0.8657 -0.1805
vn -0.4670 -0.8657 -0.1802
vn -0.4671 -0.8655 -0.1808
vn -0.4669 -0.8658 -0.1803
vn -0.4666 -0.8659 -0.1803
vn -0.4668 -0.8658 -0.1801
vn -0.4667 -0.8659 -0.1801
vn -0.4666 -0.8659 -0.1801
vn -0.4664 -0.8660 -0.1804
vn -0.4668 -0.8658 -0.1800
vn -0.4668 -0.8657 -0.1807
vn -0.4667 -0.8660 -0.1796
vn -0.4669 -0.8657 -0.1802
vn -0.4669 -0.8657 -0.1806
vn -0.4675 -0.8654 -0.1801
vn -0.4668 -0.8659 -0.1798
vn -0.4670 -0.8658 -0.1800
vn -0.4663 -0.8661 -0.1799
vn -0.4665 -0.8660 -0.1800
vn -0.4666 -0.8659 -0.1800
vn -0.4668 -0.8658 -0.1805
vn -0.4667 -0.8659 -0.1802
vn -0.4669 -0.8657 -0.1803
vn -0.4682 -0.8653 -0.1790
vn -0.4680 -0.8653 -0.1796
vn -0.4685 -0.8650 -0.1798
vn -0.4677 -0.8655 -0.1794
vn -0.4677 -0.8653 -0.1801
vn -0.4673 -0.8656 -0.1800
vn -0.4674 -0.8655 -0.1801
vn -0.4678 -0.8654 -0.1797
vn -0.4675 -0.8654 -0.1803
vn -0.4661 -0.8662 -0.1802
vn -0.4661 -0.8661 -0.1803
vn -0.4661 -0.8661 -0.1807
vn -0.4663 -0.8661 -0.1804
vn -0.4663 -0.8660 -0.1806
vn -0.4665 -0.8659 -0.1806
vn -0.4670 -0.8658 -0.1796
vn -0.4665 -0.8661 -0.1797
vn -0.4669 -0.8657 -0.1804
vn -0.4671 -0.8656 -0.1802
vn -0.4676 -0.8655 -0.1798
vn -0.4675 -0.8654 -0.1802
vn -0.4671 -0.8657 -0.1800
vn -0.4671 -0.8656 -0.1803
vn -0.4669 -0.8658 -0.1799
vn -0.4671 -0.8655 -0.1806
vn -0.4673 -0.8657 -0.1791
vn -0.4669 -0.8658 -0.1801
vn -0.4673 -0.8658 -0.1790
vn -0.4670 -0.8658 -0.1798
vn -0.4670 -0.8656 -0.1808
vn -0.4659 -0.8663 -0.1803
vn -0.4665 -0.8659 -0.1803
vn -0.4660 -0.8661 -0.1809
vn -0.4666 -0.8659 -0.1804
vn -0.4656 -0.8664 -0.1804
vn -0.4670 -0.8656 -0.1805
vn -0.4666 -0.8658 -0.1810
vn -0.4666 -0.8658 -0.1807
vn -0.4670 -0.8656 -0.1806
vn -0.4662 -0.8662 -0.1800
vn -0.4672 -0.8656 -0.1801
vn -0.4677 -0.8654 -0.1798
vn -0.4676 -0.8656 -0.1792
vn -0.4666 -0.8658 -0.1809
vn -0.4664 -0.8660 -0.1801
vn -0.4672 -0.8654 -0.1810
vn -0.4672 -0.8656 -0.1804
vn -0.4670 -0.8654 -0.1815
vn -0.4681 -0.8650 -0.1807
vn -0.4676 -0.8652 -0.1811
vn -0.4659 -0.8663 -0.1802
vn -0.4672 -0.8656 -0.1802
vn -0.4671 -0.8657 -0.1799
vn -0.4667 -0.8659 -0.1800
vn -0.4663 -0.8663 -0.1793
vn -0.4670 -0.8658 -0.1797
vn -0.4661 -0.8661 -0.1805
vn -0.4665 -0.8660 -0.1801
vn -0.4665 -0.8659 -0.1807
vn -0.4665 -0.8660 -0.1803
vn -0.4667 -0.8658 -0.1805
vn -0.4666 -0.8658 -0.1806
vn -0.4666 -0.8660 -0.1799
vn -0.4663 -0.8661 -0.1802
vn -0.4677 -0.8655 -0.1796
vn -0.4667 -0.8660 -0.1794
vn -0.4670 -0.8656 -0.1807
vn -0.4672 -0.8656 -0.1803
vn -0.4670 -0.8658 -0.1799
vn -0.4667 -0.8657 -0.1809
vn -0.4670 -0.8655 -0.1814
vn -0.4674 -0.8655 -0.1802
vn -0.4677 -0.8653 -0.1802
vn -0.4676 -0.8655 -0.1796
vn -0.4662 -0.8660 -0.1807
vn -0.4659 -0.8660 -0.1819
vn -0.4665 -0.8660 -0.1802
vn -0.4665 -0.8658 -0.1809
vn -0.4675 -0.8652 -0.1813
vn -0.4665 -0.8657 -0.1814
vn -0.4669 -0.8658 -0.1798
vn -0.4671 -0.8657 -0.1802
vn -0.4676 -0.8654 -0.1801
vn -0.4669 -0.8657 -0.1805
vn -0.4662 -0.8660 -0.1808
vn -0.4662 -0.8661 -0.1803
vn -0.4661 -0.8662 -0.1800
vn -0.4662 -0.8662 -0.1801
vn -0.4664 -0.8661 -0.1800
vn -0.4667 -0.8660 -0.1797
vn -0.4664 -0.8660 -0.1803
vn -0.4668 -0.8659 -0.1800
vn -0.4665 -0.8660 -0.1799
vn -0.4653 0.0671 0.8826
vn 0.6060 -0.4616 0.6478
vn 0.2028 -0.3032 0.9311
vn -0.2548 -0.0635 0.9649
vn 0.7520 -0.4959 0.4342
vn 0.6441 -0.1932 -0.7401
vn 0.8608 -0.3981 -0.3171
vn 0.8468 -0.4964 0.1910
vn 0.8469 -0.4964 0.1910
vn 0.2548 0.0635 -0.9649
vn 0.2546 0.0637 -0.9650
vn 0.2549 0.0631 -0.9649
vn 0.2547 0.0636 -0.9649
vn 0.2544 0.0635 -0.9650
vn -0.2028 0.3033 -0.9311
vn -0.6058 0.4616 -0.6480
vn -0.6061 0.4616 -0.6477
vn -0.7521 0.4959 -0.4342
vn -0.7520 0.4959 -0.4342
vn -0.6443 0.1934 0.7399
vn -0.6443 0.1932 0.7400
vn -0.6438 0.1932 0.7404
vn -0.8610 0.3980 0.3168
vn -0.8608 0.3981 0.3170
vn -0.8609 0.3982 0.3167
vn -0.8610 0.3980 0.3167
vn -0.8468 0.4963 -0.1912
vn -0.8469 0.4962 -0.1909
vn -0.4652 0.0671 0.8826
vn -0.6444 0.1931 0.7399
vn -0.8609 0.3983 0.3166
vn -0.8607 0.3981 0.3172
vn -0.6442 0.1932 0.7400
vn -0.6444 0.1928 0.7400
vn -0.8608 0.3982 0.3171
vn -0.8606 0.3981 0.3175
vn -0.8609 0.3976 0.3174
vn -0.8468 0.4964 -0.1911
vn -0.8468 0.4964 -0.1909
vn 0.6439 -0.1931 -0.7403
vn 0.8606 -0.3983 -0.3173
vn 0.8608 -0.3980 -0.3171
vn 0.6440 -0.1931 -0.7403
vn 0.8608 -0.3980 -0.3172
vn 0.8607 -0.3983 -0.3172
vn 0.8469 -0.4963 0.1909
vn 0.8472 -0.4960 0.1903
vn 0.8470 -0.4964 0.1902
vn 0.8466 -0.4969 0.1909
vn 0.6062 -0.4616 0.6476
vn 0.2026 -0.3033 0.9311
vn 0.6058 -0.4615 0.6480
vn 0.2026 -0.3030 0.9312
vn -0.2551 -0.0635 0.9648
vn -0.2550 -0.0634 0.9649
vn -0.2552 -0.0636 0.9648
vn -0.2549 -0.0633 0.9649
vn -0.2550 -0.0635 0.9649
vn -0.2549 -0.0639 0.9648
vn -0.4654 0.0671 0.8825
vn -0.4653 0.0672 0.8826
vn 0.6061 -0.4617 0.6477
vn 0.6059 -0.4615 0.6480
vn 0.2028 -0.3033 0.9311
vn 0.2029 -0.3031 0.9311
vn -0.2548 -0.0634 0.9649
vn -0.2547 -0.0635 0.9649
vn 0.7521 -0.4959 0.4341
vn 0.6441 -0.1931 -0.7402
vn 0.6436 -0.1934 -0.7405
vn 0.6444 -0.1929 -0.7400
vn 0.6439 -0.1932 -0.7403
vn 0.8607 -0.3979 -0.3175
vn 0.8606 -0.3982 -0.3175
vn 0.8609 -0.3979 -0.3170
vn 0.8607 -0.3982 -0.3171
vn 0.8468 -0.4961 0.1919
vn 0.8467 -0.4964 0.1916
vn 0.8465 -0.4966 0.1918
vn 0.8468 -0.4963 0.1914
vn 0.8466 -0.4968 0.1909
vn 0.2551 0.0634 -0.9648
vn 0.2549 0.0635 -0.9649
vn -0.2023 0.3034 -0.9311
vn -0.2027 0.3031 -0.9312
vn -0.2028 0.3030 -0.9312
vn -0.6060 0.4616 -0.6479
vn -0.6061 0.4614 -0.6479
vn -0.6441 0.1933 0.7401
vn -0.6437 0.1933 0.7404
vn -0.6438 0.1928 0.7405
vn -0.8606 0.3984 0.3172
vn -0.8608 0.3982 0.3170
vn -0.8469 0.4963 -0.1911
vn -0.8468 0.4965 -0.1909
vn -0.6441 0.1932 0.7401
vn -0.8607 0.3982 0.3171
vn -0.6439 0.1930 0.7403
vn -0.8608 0.3980 0.3172
vn -0.8469 0.4963 -0.1910
vn -0.8468 0.4966 -0.1904
vn -0.8469 0.4963 -0.1909
vn -0.8471 0.4959 -0.1912
vn -0.6060 0.4615 -0.6479
vn -0.2028 0.3035 -0.9310
vn -0.2027 0.3031 -0.9311
vn -0.2024 0.3031 -0.9312
vn -0.6059 0.4618 -0.6478
vn -0.2027 0.3035 -0.9310
vn -0.2025 0.3029 -0.9313
vn -0.2024 0.3035 -0.9311
vn 0.4654 -0.0670 -0.8825
vn 0.4649 -0.0674 -0.8828
vn 0.4654 -0.0673 -0.8826
vn 0.6438 -0.1931 -0.7404
vn 0.8608 -0.3982 -0.3169
vn 0.6444 -0.1934 -0.7399
vn 0.8609 -0.3980 -0.3170
vn 0.8470 -0.4963 0.1905
vn 0.8471 -0.4960 0.1906
vn 0.8467 -0.4965 0.1912
vn 0.7521 -0.4959 0.4342
vn 0.6060 -0.4616 0.6479
vn 0.2025 -0.3034 0.9311
vn 0.2030 -0.3032 0.9310
vn 0.6060 -0.4617 0.6477
vn -0.2549 -0.0634 0.9649
vn -0.4657 0.0671 0.8824
vn 0.6062 -0.4617 0.6476
vn 0.6060 -0.4615 0.6479
vn 0.6058 -0.4621 0.6477
vn 0.6064 -0.4614 0.6476
vn 0.6061 -0.4618 0.6476
vn 0.6062 -0.4618 0.6475
vn 0.2027 -0.3029 0.9312
vn 0.2027 -0.3034 0.9311
vn 0.2030 -0.3030 0.9311
vn 0.2032 -0.3032 0.9310
vn 0.2030 -0.3035 0.9310
vn -0.2549 -0.0635 0.9649
vn 0.6442 -0.1932 -0.7400
vn 0.6434 -0.1936 -0.7406
vn 0.6448 -0.1926 -0.7397
vn 0.6439 -0.1931 -0.7404
vn 0.6443 -0.1933 -0.7399
vn 0.8608 -0.3977 -0.3175
vn 0.8609 -0.3981 -0.3170
vn 0.8607 -0.3981 -0.3175
vn 0.8607 -0.3981 -0.3173
vn 0.8605 -0.3986 -0.3172
vn 0.8468 -0.4965 0.1910
vn 0.8468 -0.4963 0.1912
vn 0.8469 -0.4963 0.1911
vn 0.8468 -0.4965 0.1909
vn -0.6060 0.4616 -0.6478
vn -0.2028 0.3032 -0.9311
vn -0.6441 0.1932 0.7402
vn -0.8608 0.3981 0.3171
vn -0.8469 0.4964 -0.1909
vn -0.8469 0.4964 -0.1910
vn -0.2549 -0.0637 0.9649
vn 0.2027 -0.3032 0.9311
vn 0.2028 -0.3030 0.9312
vn 0.6058 -0.4616 0.6481
vn 0.6062 -0.4615 0.6477
vn 0.6062 -0.4612 0.6479
vn 0.6440 -0.1931 -0.7402
vn 0.6441 -0.1935 -0.7400
vn 0.8610 -0.3981 -0.3164
vn 0.8609 -0.3982 -0.3166
vn 0.8469 -0.4962 0.1910
vn 0.8467 -0.4965 0.1913
vn 0.8468 -0.4962 0.1918
vn 0.8465 -0.4967 0.1914
vn 0.4655 -0.0671 -0.8825
vn 0.6438 -0.1932 -0.7404
vn 0.8607 -0.3982 -0.3172
vn 0.8468 -0.4962 0.1917
vn 0.8471 -0.4959 0.1911
vn 0.8467 -0.4962 0.1919
vn 0.8464 -0.4968 0.1918
vn 0.6061 -0.4619 0.6476
vn 0.2031 -0.3035 0.9309
vn 0.6059 -0.4617 0.6479
vn 0.2024 -0.3029 0.9313
vn -0.2544 -0.0628 0.9650
vn -0.2551 -0.0638 0.9648
vn -0.4650 0.0671 0.8828
vn -0.4649 0.0671 0.8828
vn -0.4654 0.0674 0.8825
vn -0.4650 0.0673 0.8827
vn -0.4650 0.0670 0.8828
vn -0.4653 0.0670 0.8826
vn -0.4654 0.0672 0.8826
vn -0.4651 0.0671 0.8827
vn -0.4656 0.0672 0.8824
vn -0.4652 0.0671 0.8827
vn -0.6440 0.1932 0.7402
vn -0.6440 0.1935 0.7402
vn -0.8608 0.3984 0.3167
vn -0.6439 0.1932 0.7403
vn -0.8607 0.3981 0.3174
vn -0.8468 0.4965 -0.1910
vn -0.6058 0.4620 -0.6478
vn -0.2030 0.3034 -0.9310
vn -0.6059 0.4617 -0.6478
vn -0.2026 0.3027 -0.9313
vn -0.2032 0.3033 -0.9310
vn 0.2547 0.0638 -0.9649
vn 0.4654 -0.0671 -0.8825
vn 0.4654 -0.0672 -0.8826
vn -0.6060 0.4618 -0.6477
vn -0.6063 0.4617 -0.6475
vn 0.2546 0.0633 -0.9650
vn 0.2546 0.0634 -0.9650
vn 0.2545 0.0632 -0.9650
vn -0.6439 0.1933 0.7403
vn -0.8608 0.3985 0.3166
vn -0.8610 0.3981 0.3165
vn -0.8609 0.3981 0.3167
vn -0.8611 0.3981 0.3162
vn -0.8612 0.3976 0.3167
vn -0.8469 0.4964 -0.1906
vn -0.8469 0.4965 -0.1905
vn -0.2545 -0.0636 0.9650
vn -0.2544 -0.0632 0.9650
vn 0.2023 -0.3033 0.9312
vn 0.2025 -0.3031 0.9312
vn 0.2027 -0.3028 0.9313
vn 0.2032 -0.3031 0.9310
vn 0.6054 -0.4619 0.6482
vn 0.6059 -0.4617 0.6478
vn 0.6058 -0.4613 0.6483
vn 0.6058 -0.4615 0.6481
vn 0.6059 -0.4619 0.6477
vn 0.6439 -0.1933 -0.7403
vn 0.6440 -0.1933 -0.7402
vn 0.6439 -0.1930 -0.7404
vn 0.8608 -0.3983 -0.3169
vn 0.8608 -0.3981 -0.3170
vn 0.8468 -0.4965 0.1908
vn 0.8470 -0.4963 0.1906
vn 0.8471 -0.4961 0.1907
vn 0.6441 -0.1933 -0.7401
vn 0.6444 -0.1930 -0.7399
vn 0.8612 -0.3973 -0.3170
vn 0.8611 -0.3980 -0.3164
vn 0.6445 -0.1932 -0.7398
vn 0.8611 -0.3981 -0.3162
vn 0.8607 -0.3989 -0.3163
vn 0.8468 -0.4964 0.1909
vn 0.8469 -0.4963 0.1910
vn 0.6061 -0.4616 0.6478
vn 0.2029 -0.3032 0.9311
vn 0.6057 -0.4614 0.6483
vn 0.2028 -0.3031 0.9311
vn 0.2022 -0.3034 0.9312
vn -0.4650 0.0676 0.8827
vn -0.4649 0.0672 0.8828
vn -0.4656 0.0676 0.8824
vn -0.4654 0.0671 0.8826
vn -0.4644 0.0674 0.8831
vn -0.4643 0.0665 0.8832
vn -0.4648 0.0666 0.8829
vn -0.4653 0.0676 0.8826
vn -0.4658 0.0675 0.8823
vn -0.4648 0.0671 0.8829
vn -0.4643 0.0670 0.8831
vn -0.4648 0.0667 0.8829
vn -0.4649 0.0670 0.8828
vn -0.4654 0.0668 0.8826
vn -0.4650 0.0670 0.8827
vn -0.6444 0.1933 0.7399
vn -0.6443 0.1932 0.7399
vn -0.8607 0.3981 0.3173
vn -0.8468 0.4964 -0.1912
vn -0.8465 0.4971 -0.1906
vn -0.8468 0.4965 -0.1906
vn -0.8468 0.4963 -0.1913
vn -0.8470 0.4958 -0.1915
vn -0.6062 0.4615 -0.6477
vn -0.6060 0.4621 -0.6474
vn -0.6061 0.4617 -0.6477
vn -0.2026 0.3031 -0.9312
vn -0.2029 0.3034 -0.9310
vn 0.2547 0.0635 -0.9649
vn 0.2550 0.0634 -0.9648
vn 0.4652 -0.0671 -0.8827
vn 0.4654 -0.0672 -0.8825
vn -0.6061 0.4612 -0.6480
vn -0.2028 0.3031 -0.9311
vn 0.2552 0.0639 -0.9648
vn -0.7521 0.4959 -0.4341
vn 0.8698 -0.1501 0.4700
vn 0.7468 0.5538 0.3681
vn 0.8959 0.0017 0.4442
vn 0.2418 0.9683 0.0629
vn -0.2658 0.9386 -0.2199
vn 0.4800 0.8635 0.1547
vn -0.6168 0.6905 -0.3778
vn -0.4042 0.8601 -0.3112
vn -0.8428 0.2714 -0.4648
vn -0.8716 -0.1849 -0.4540
vn -0.6569 -0.6985 -0.2840
vn -0.8709 -0.0053 -0.4915
vn -0.0877 -0.9951 0.0458
vn -0.4533 -0.8674 -0.2055
vn 0.4293 -0.8637 0.2641
vn -0.5168 0.4325 -0.7388
vn -0.5166 0.4324 -0.7390
vn 0.1420 0.1277 -0.9816
vn 0.1423 0.1278 -0.9815
vn -0.2039 0.3018 -0.9313
vn -0.5111 0.4341 -0.7419
vn 0.2545 0.0634 -0.9650
vn 0.1471 0.1290 -0.9807
vn -0.8426 0.2716 -0.4650
vn -0.8718 -0.1849 -0.4537
vn -0.6571 -0.6983 -0.2840
vn -0.8709 -0.0054 -0.4914
vn -0.0877 -0.9951 0.0459
vn -0.4531 -0.8674 -0.2057
vn 0.5333 -0.7747 0.3399
vn 0.4292 -0.8637 0.2641
vn 0.8699 -0.1502 0.4699
vn 0.7470 0.5537 0.3680
vn 0.8959 0.0018 0.4443
vn 0.2419 0.9683 0.0628
vn -0.2658 0.9386 -0.2200
vn 0.4800 0.8635 0.1549
vn -0.6169 0.6906 -0.3775
vn -0.4043 0.8600 -0.3113
vn 0.4655 -0.0672 -0.8825
vn 0.4652 -0.0670 -0.8827
vn 0.4652 -0.0671 -0.8826
vn -0.8696 0.1526 -0.4696
vn -0.7605 -0.5516 -0.3426
vn -0.8730 -0.0052 -0.4877
vn -0.2494 -0.9672 -0.0487
vn 0.2726 -0.9396 0.2069
vn -0.4533 -0.8673 -0.2056
vn 0.6167 -0.6908 0.3775
vn 0.4312 -0.8639 0.2603
vn 0.8427 -0.2713 0.4650
vn 0.8785 0.1839 0.4409
vn 0.6493 0.6996 0.2982
vn 0.8978 0.0015 0.4404
vn 0.0745 0.9970 -0.0201
vn 0.4800 0.8635 0.1548
vn -0.5349 0.7733 -0.3404
vn -0.4062 0.8605 -0.3075
vn 0.6440 -0.1932 -0.7402
vn 0.7139 -0.2531 -0.6529
vn 0.8721 -0.4861 0.0566
vn 0.8616 -0.3964 -0.3171
vn 0.8469 -0.4964 0.1909
vn 0.8797 -0.4339 -0.1945
vn 0.8814 -0.4390 -0.1743
vn 0.7057 -0.2418 -0.6660
vn 0.8044 -0.3310 -0.4934
vn 0.7059 -0.2420 -0.6657
vn 0.8649 -0.4044 -0.2973
vn 0.8045 -0.3311 -0.4931
vn 0.8843 -0.4587 -0.0872
vn 0.8649 -0.4045 -0.2971
vn 0.8618 -0.4911 0.1272
vn 0.8843 -0.4587 -0.0870
vn 0.7983 -0.5002 0.3354
vn 0.8617 -0.4911 0.1273
vn 0.6969 -0.4856 0.5278
vn 0.7983 -0.5002 0.3355
vn 0.5624 -0.4479 0.6950
vn 0.4013 -0.3890 0.8292
vn 0.5624 -0.4479 0.6951
vn 0.2211 -0.3116 0.9241
vn 0.4011 -0.3889 0.8293
vn 0.0304 -0.2194 0.9752
vn 0.2209 -0.3115 0.9242
vn -0.1617 -0.1168 0.9799
vn 0.0301 -0.2193 0.9752
vn -0.1620 -0.1166 0.9799
vn 0.3120 -0.3519 0.8825
vn 0.3293 -0.3594 0.8732
vn 0.6059 -0.4616 0.6479
vn 0.2020 -0.3046 0.9308
vn 0.5143 -0.4281 0.7431
vn -0.2552 -0.0635 0.9648
vn -0.1438 -0.1228 0.9820
vn -0.8960 -0.0017 -0.4440
vn -0.8692 0.1525 -0.4704
vn -0.4800 -0.8635 -0.1545
vn -0.7469 -0.5536 -0.3682
vn -0.2419 -0.9682 -0.0632
vn 0.4043 -0.8600 0.3113
vn 0.2657 -0.9386 0.2200
vn 0.6166 -0.6908 0.3776
vn 0.8708 0.0053 0.4916
vn 0.8427 -0.2715 0.4648
vn 0.8716 0.1849 0.4539
vn 0.4532 0.8674 0.2057
vn 0.6569 0.6985 0.2839
vn -0.4293 0.8638 -0.2639
vn 0.0881 0.9950 -0.0460
vn -0.5345 0.7733 -0.3411
vn -0.4654 0.0669 0.8826
vn -0.4654 0.0672 0.8825
vn -0.4653 0.0673 0.8826
vn -0.4652 0.0670 0.8827
vn -0.4652 0.0672 0.8826
vn 0.8709 0.0054 0.4914
vn 0.8426 -0.2716 0.4650
vn 0.8717 0.1846 0.4539
vn 0.4532 0.8674 0.2056
vn 0.6570 0.6983 0.2841
vn -0.4293 0.8637 -0.2640
vn 0.0880 0.9951 -0.0459
vn -0.5344 0.7734 -0.3410
vn -0.8959 -0.0018 -0.4443
vn -0.8693 0.1523 -0.4703
vn -0.4801 -0.8635 -0.1548
vn -0.7470 -0.5535 -0.3682
vn -0.2417 -0.9683 -0.0630
vn 0.2658 -0.9386 0.2199
vn 0.6169 -0.6906 0.3776
vn 0.5167 -0.4324 0.7390
vn 0.5165 -0.4324 0.7391
vn -0.1422 -0.1278 0.9816
vn -0.1420 -0.1277 0.9816
vn 0.5112 -0.4342 0.7418
vn -0.1474 -0.1289 0.9806
vn 0.2034 -0.3015 0.9315
vn -0.8615 0.3965 0.3171
vn -0.7138 0.2531 0.6531
vn -0.8720 0.4862 -0.0572
vn -0.8426 0.2715 -0.4651
vn -0.8786 -0.1840 -0.4407
vn -0.4803 -0.8633 -0.1548
vn -0.6493 -0.6996 -0.2984
vn 0.4063 -0.8603 0.3079
vn -0.0745 -0.9970 0.0202
vn 0.5330 -0.7748 0.3400
vn 0.8727 0.0051 0.4881
vn 0.8700 -0.1501 0.4697
vn 0.4532 0.8673 0.2057
vn 0.7607 0.5515 0.3424
vn 0.2493 0.9672 0.0485
vn -0.4309 0.8639 -0.2606
vn -0.2731 0.9395 -0.2068
vn -0.6166 0.6908 -0.3776
vn -0.7179 0.2517 0.6490
vn -0.7177 0.2520 0.6492
vn -0.8729 0.4838 -0.0629
vn -0.7177 0.2517 0.6493
vn -0.8729 0.4839 -0.0632
vn -0.8730 0.4836 -0.0635
vn -0.7173 0.2468 0.6516
vn -0.8753 0.4800 -0.0591
vn -0.8599 0.3997 0.3176
vn -0.8470 0.4964 -0.1903
vn 0.8730 0.0050 0.4877
vn 0.8698 -0.1501 0.4701
vn 0.7604 0.5518 0.3425
vn 0.2495 0.9671 0.0488
vn -0.4312 0.8639 -0.2603
vn -0.2725 0.9397 -0.2068
vn -0.6165 0.6910 -0.3774
vn -0.8776 0.4285 0.2148
vn -0.8814 0.4386 0.1756
vn -0.7171 0.2513 0.6501
vn -0.7173 0.2515 0.6498
vn -0.8269 0.3550 0.4361
vn -0.8267 0.3549 0.4366
vn -0.8800 0.4345 0.1920
vn -0.8798 0.4348 0.1921
vn -0.8799 0.4343 0.1926
vn -0.8727 0.4840 -0.0645
vn -0.8725 0.4844 -0.0644
vn -0.8728 0.4839 -0.0641
vn -0.8340 0.3631 0.4155
vn -0.8213 0.3489 0.4515
vn -0.6444 0.1934 0.7399
vn -0.8607 0.3983 0.3172
vn -0.6441 0.1931 0.7401
vn -0.8609 0.3980 0.3170
vn -0.8610 0.3981 0.3167
vn -0.8467 0.4968 -0.1905
vn -0.8467 0.4965 -0.1911
vn -0.6058 0.4615 -0.6480
vn -0.6055 0.4618 -0.6482
vn -0.2026 0.3034 -0.9311
vn -0.6064 0.4614 -0.6476
vn -0.6060 0.4614 -0.6480
vn -0.2024 0.3033 -0.9311
vn 0.2547 0.0634 -0.9649
vn -0.0722 0.2405 -0.9680
vn -0.0722 0.2406 -0.9679
vn -0.5360 0.4391 -0.7210
vn -0.3779 0.3794 -0.8446
vn -0.5174 0.4329 -0.7382
vn -0.2030 0.3031 -0.9311
vn -0.3139 0.3530 -0.8814
vn -0.0193 0.2136 -0.9767
vn -0.0883 0.2487 -0.9645
vn 0.1654 0.1147 -0.9795
vn 0.1428 0.1275 -0.9815
vn -0.2945 0.3444 -0.8914
vn -0.3119 0.3519 -0.8826
vn 0.7174 -0.2516 -0.6497
vn 0.8729 -0.4838 0.0636
vn 0.7174 -0.2516 -0.6496
vn 0.8728 -0.4839 0.0636
vn 0.8427 -0.2716 0.4648
vn 0.8785 0.1841 0.4409
vn 0.6494 0.6995 0.2982
vn 0.8979 0.0015 0.4401
vn 0.0746 0.9970 -0.0199
vn 0.4797 0.8637 0.1548
vn -0.5348 0.7734 -0.3404
vn -0.4061 0.8605 -0.3075
vn -0.8697 0.1525 -0.4695
vn -0.7606 -0.5515 -0.3426
vn -0.8729 -0.0050 -0.4879
vn -0.2496 -0.9671 -0.0487
vn 0.2726 -0.9396 0.2070
vn -0.4532 -0.8674 -0.2052
vn 0.6165 -0.6909 0.3777
vn 0.4310 -0.8640 0.2602
vn 0.6441 -0.1932 -0.7402
vn 0.8600 -0.3997 -0.3172
vn 0.7172 -0.2468 -0.6517
vn 0.8467 -0.4965 0.1916
vn 0.8754 -0.4799 0.0584
vn -0.6059 0.4616 -0.6480
vn -0.5144 0.4281 -0.7430
vn 0.1437 0.1228 -0.9820
vn -0.2020 0.3046 -0.9308
vn -0.5167 0.4324 -0.7389
vn 0.1421 0.1277 -0.9816
vn 0.7177 -0.2518 -0.6493
vn 0.8729 -0.4838 0.0634
vn 0.5167 -0.4324 0.7389
vn 0.5167 -0.4325 0.7389
vn -0.1421 -0.1277 0.9816
vn -0.7177 0.2518 0.6493
vn -0.8729 0.4838 -0.0634
vn 0.5168 -0.4325 0.7389
vn -0.7177 0.2518 0.6492
vn -0.5167 0.4325 -0.7389
vn 0.3479 0.0076 -0.9375
vn 0.5723 -0.1404 -0.8079
vn 0.5723 -0.1404 -0.8080
vn -0.4679 -0.8652 -0.1804
vn -0.4681 -0.8648 -0.1816
vn -0.4660 -0.8662 -0.1802
vn -0.4671 -0.8657 -0.1801
vn -0.4662 -0.8662 -0.1799
vn -0.4666 -0.8658 -0.1805
vn 0.6061 -0.4616 0.6477
vn 0.2027 -0.3031 0.9311
vn -0.8609 0.3981 0.3168
vn -0.8608 0.3981 0.3173
vn -0.8468 0.4964 -0.1910
vn -0.4669 -0.8658 -0.1797
vn -0.4673 -0.8655 -0.1804
vn -0.4675 -0.8655 -0.1801
vn -0.4663 -0.8662 -0.1799
vn -0.4663 -0.8660 -0.1805
vn -0.4665 -0.8659 -0.1804
vn -0.4667 -0.8659 -0.1799
vn -0.4664 -0.8660 -0.1805
vn -0.4668 -0.8659 -0.1801
vn 0.4668 0.8658 0.1801
vn 0.4669 0.8657 0.1802
vn 0.7520 -0.4959 0.4343
vn 0.8551 -0.4939 0.1576
vn 0.8225 -0.5000 0.2713
vn 0.8551 -0.4939 0.1577
vn 0.7783 -0.4990 0.3811
vn 0.8225 -0.4999 0.2713
vn 0.7783 -0.4990 0.3812
vn 0.5835 -0.4547 0.6730
vn 0.6579 -0.4762 0.5834
vn 0.5835 -0.4547 0.6728
vn 0.7232 -0.4911 0.4856
vn 0.7232 -0.4910 0.4857
vn 0.1716 0.7834 0.5974
vn -0.6369 -0.7162 0.2851
vn -0.6369 -0.7162 0.2853
vn -0.1716 -0.7833 -0.5974
vn -0.1716 -0.7834 -0.5974
vn 0.6369 0.7162 -0.2852
vn 0.5200 -0.8540 0.0162
vn 0.8831 -0.4457 -0.1464
vn 0.9810 0.0009 0.1942
vn 0.7157 0.0391 0.6973
vn 0.3526 -0.3692 0.8599
vn 0.2548 -0.8157 0.5193
vn -0.6369 -0.7162 0.2852
vn -0.7634 0.4974 -0.4122
vn -0.7861 0.4970 -0.3676
vn -0.8082 0.4927 -0.3227
vn -0.8296 0.4846 -0.2774
vn -0.8501 0.4726 -0.2322
vn -0.8659 0.4619 -0.1921
vn -0.8707 0.4572 -0.1810
vn -0.8664 0.4637 -0.1852
vn -0.8717 0.4712 -0.1344
vn -0.8760 0.4749 -0.0841
vn -0.8795 0.4748 -0.0338
vn -0.8820 0.4709 0.0161
vn -0.8838 0.4633 0.0655
vn -0.8847 0.4520 0.1139
vn -0.8848 0.4370 0.1618
vn -0.8840 0.4183 0.2086
vn -0.8823 0.3959 0.2545
vn -0.8798 0.3700 0.2983
vn -0.8838 0.3657 0.2919
vn -0.8795 0.3659 0.3043
vn -0.8651 0.4609 -0.1981
vn -0.8660 0.4628 -0.1895
vn -0.8616 0.4658 -0.2016
vn -0.8660 0.3608 0.3461
vn -0.8480 0.3549 0.3936
vn -0.8291 0.3453 0.4397
vn -0.8095 0.3323 0.4840
vn -0.7893 0.3159 0.5265
vn -0.7682 0.2961 0.5676
vn -0.7469 0.2731 0.6063
vn -0.7250 0.2468 0.6430
vn -0.7026 0.2173 0.6776
vn -0.6798 0.1848 0.7097
vn -0.8795 0.3677 0.3021
vn -0.8790 0.3627 0.3095
vn -0.8758 0.3660 0.3148
vn -0.6581 0.1566 0.7364
vn -0.6525 0.1471 0.7434
vn -0.6530 0.1557 0.7412
vn -0.6158 0.1439 0.7747
vn -0.5782 0.1291 0.8056
vn -0.5404 0.1114 0.8340
vn -0.5028 0.0908 0.8596
vn -0.4651 0.0675 0.8827
vn -0.4278 0.0414 0.9029
vn -0.3907 0.0126 0.9205
vn -0.3541 -0.0187 0.9350
vn -0.3178 -0.0526 0.9467
vn -0.2822 -0.0888 0.9552
vn -0.2902 -0.0919 0.9526
vn -0.2778 -0.0942 0.9560
vn -0.6625 0.1580 0.7322
vn -0.6561 0.1565 0.7383
vn -0.6629 0.1646 0.7304
vn -0.2366 -0.1075 0.9656
vn -0.1883 -0.1219 0.9745
vn -0.2794 -0.0920 0.9558
vn -0.2735 -0.0985 0.9568
vn -0.2672 -0.0962 0.9588
vn -0.1408 -0.1384 0.9803
vn -0.0944 -0.1572 0.9830
vn -0.0491 -0.1782 0.9828
vn -0.0048 -0.2013 0.9795
vn 0.0378 -0.2264 0.9733
vn 0.0791 -0.2536 0.9641
vn 0.1187 -0.2827 0.9519
vn 0.1566 -0.3135 0.9366
vn 0.1837 -0.3380 0.9231
vn 0.1922 -0.3390 0.9209
vn 0.1823 -0.3317 0.9256
vn 0.1895 -0.3390 0.9215
vn 0.1979 -0.3475 0.9166
vn 0.1963 -0.3395 0.9199
vn 0.2451 -0.3475 0.9051
vn 0.2918 -0.3570 0.8874
vn 0.3365 -0.3683 0.8667
vn 0.3786 -0.3810 0.8435
vn 0.4189 -0.3956 0.8173
vn 0.4565 -0.4116 0.7888
vn 0.4915 -0.4291 0.7578
vn 0.5240 -0.4483 0.7241
vn 0.5537 -0.4687 0.6883
vn 0.5806 -0.4905 0.6498
vn 0.5734 -0.4950 0.6529
vn 0.5835 -0.4938 0.6447
vn 0.5825 -0.4923 0.6468
vn 0.5866 -0.4963 0.6400
vn 0.5921 -0.4927 0.6377
vn 0.6155 -0.4938 0.6142
vn 0.6514 -0.4920 0.5776
vn 0.6842 -0.4913 0.5390
vn 0.7139 -0.4921 0.4983
vn 0.7402 -0.4941 0.4560
vn 0.7635 -0.4974 0.4120
vn 0.7832 -0.5021 0.3667
vn 0.7999 -0.5081 0.3195
vn 0.8130 -0.5153 0.2711
vn 0.8226 -0.5237 0.2216
vn 0.8295 -0.5293 0.1781
vn 0.8304 -0.5321 0.1653
vn 0.8324 -0.5268 0.1722
vn 0.8500 -0.5114 0.1261
vn 0.8639 -0.4973 0.0795
vn 0.8743 -0.4844 0.0316
vn 0.8810 -0.4729 -0.0165
vn 0.8841 -0.4627 -0.0651
vn 0.8836 -0.4540 -0.1145
vn 0.8797 -0.4466 -0.1633
vn 0.8719 -0.4407 -0.2134
vn 0.8606 -0.4363 -0.2626
vn 0.8457 -0.4332 -0.3116
vn 0.8434 -0.4407 -0.3074
vn 0.8432 -0.4333 -0.3183
vn 0.8272 -0.5310 0.1835
vn 0.8308 -0.5281 0.1759
vn 0.8287 -0.5268 0.1889
vn 0.8384 -0.4120 -0.3568
vn 0.8315 -0.3854 -0.4002
vn 0.8208 -0.3606 -0.4431
vn 0.8066 -0.3374 -0.4854
vn 0.7893 -0.3159 -0.5266
vn 0.7682 -0.2961 -0.5677
vn 0.7442 -0.2782 -0.6073
vn 0.7167 -0.2622 -0.6462
vn 0.6860 -0.2480 -0.6840
vn 0.6523 -0.2358 -0.7204
vn 0.8443 -0.4331 -0.3157
vn 0.8412 -0.4329 -0.3241
vn 0.8429 -0.4270 -0.3275
vn 0.6218 -0.2239 -0.7505
vn 0.6121 -0.2220 -0.7590
vn 0.6189 -0.2189 -0.7543
vn 0.5941 -0.1842 -0.7830
vn 0.5662 -0.1516 -0.8102
vn 0.5353 -0.1209 -0.8359
vn 0.5015 -0.0927 -0.8602
vn 0.4655 -0.0668 -0.8825
vn 0.4267 -0.0433 -0.9033
vn 0.3855 -0.0222 -0.9224
vn 0.3420 -0.0037 -0.9397
vn 0.2961 0.0123 -0.9551
vn 0.2483 0.0257 -0.9684
vn 0.2498 0.0169 -0.9682
vn 0.2415 0.0268 -0.9700
vn 0.6247 -0.2281 -0.7468
vn 0.6209 -0.2218 -0.7519
vn 0.6300 -0.2257 -0.7431
vn 0.2090 0.0564 -0.9763
vn 0.1718 0.0911 -0.9809
vn 0.2442 0.0265 -0.9694
vn 0.2357 0.0284 -0.9714
vn 0.2343 0.0352 -0.9715
vn 0.1326 0.1230 -0.9835
vn 0.0914 0.1522 -0.9841
vn 0.0491 0.1781 -0.9828
vn 0.0048 0.2013 -0.9795
vn -0.0405 0.2213 -0.9744
vn -0.0873 0.2382 -0.9673
vn -0.1352 0.2519 -0.9583
vn -0.1842 0.2624 -0.9472
vn -0.2215 0.2679 -0.9376
vn -0.2275 0.2736 -0.9346
vn -0.2152 0.2707 -0.9383
vn -0.2259 0.2716 -0.9355
vn -0.2383 0.2725 -0.9322
vn -0.2303 0.2763 -0.9331
vn -0.2669 0.3072 -0.9135
vn -0.3037 0.3345 -0.8921
vn -0.3418 0.3587 -0.8686
vn -0.3796 0.3792 -0.8439
vn -0.4185 0.3961 -0.8173
vn -0.4576 0.4098 -0.7891
vn -0.4966 0.4195 -0.7599
vn -0.5359 0.4259 -0.7290
vn -0.5754 0.4284 -0.6967
vn -0.6146 0.4272 -0.6631
vn -0.6139 0.4202 -0.6683
vn -0.6199 0.4264 -0.6587
vn -0.6178 0.4269 -0.6604
vn -0.6244 0.4262 -0.6546
vn -0.6250 0.4316 -0.6505
vn -0.6432 0.4428 -0.6247
vn -0.6679 0.4613 -0.5840
vn -0.6924 0.4759 -0.5423
vn -0.7164 0.4870 -0.4995
vn -0.7402 0.4941 -0.4561
vn 0.4665 0.8660 0.1802
vn 0.4666 0.8659 0.1802
vn 0.4669 0.8658 0.1803
vn 0.4671 0.8656 0.1806
vn 0.4666 0.8659 0.1804
vn 0.4660 0.8662 0.1804
vn 0.4670 0.8657 0.1804
vn 0.4673 0.8655 0.1802
vn 0.4667 0.8658 0.1802
vn 0.4668 0.8657 0.1804
vn 0.4665 0.8660 0.1804
vn 0.4671 0.8656 0.1802
vn 0.4673 0.8655 0.1801
vn 0.4668 0.8659 0.1801
vn 0.4665 0.8660 0.1801
vn 0.4667 0.8659 0.1803
vn 0.4666 0.8658 0.1805
vn 0.4667 0.8659 0.1799
vn 0.4667 0.8658 0.1806
vn 0.4670 0.8658 0.1801
vn 0.4670 0.8658 0.1800
vn 0.4667 0.8658 0.1808
vn 0.4668 0.8659 0.1800
vn 0.4666 0.8658 0.1804
vn 0.4670 0.8658 0.1799
vn 0.4675 0.8655 0.1802
vn 0.4669 0.8658 0.1797
vn 0.4666 0.8660 0.1799
vn 0.4669 0.8659 0.1797
vn 0.4670 0.8656 0.1804
vn 0.4838 -0.0795 -0.8716
vn 0.5219 -0.1011 -0.8470
vn 0.5599 -0.1195 -0.8199
vn 0.5982 -0.1347 -0.7899
vn 0.6364 -0.1465 -0.7573
vn 0.7018 -0.1557 -0.6952
vn 0.7045 -0.1591 -0.6917
vn 0.7069 -0.1649 -0.6878
vn 0.6742 -0.1550 -0.7221
vn 0.7083 -0.1674 -0.6857
vn 0.7089 -0.1620 -0.6865
vn 0.7123 -0.1711 -0.6807
vn 0.7275 -0.2059 -0.6544
vn 0.7462 -0.2408 -0.6207
vn 0.7644 -0.2723 -0.5844
vn 0.7822 -0.2999 -0.5461
vn 0.7996 -0.3241 -0.5056
vn 0.8167 -0.3444 -0.4631
vn 0.8331 -0.3609 -0.4191
vn 0.8491 -0.3735 -0.3735
vn 0.8645 -0.3823 -0.3263
vn 0.8793 -0.3871 -0.2775
vn 0.8932 -0.3880 -0.2272
vn 0.9110 -0.3820 -0.1551
vn 0.9061 -0.3848 -0.1760
vn 0.9075 -0.3999 -0.1284
vn 0.9009 -0.4259 -0.0830
vn 0.8933 -0.4479 -0.0367
vn 0.8850 -0.4655 0.0104
vn 0.8758 -0.4792 0.0580
vn 0.8660 -0.4886 0.1061
vn 0.8557 -0.4939 0.1548
vn 0.8447 -0.4950 0.2035
vn 0.8333 -0.4920 0.2521
vn 0.8213 -0.4847 0.3010
vn 0.8087 -0.4732 0.3495
vn 0.7953 -0.4575 0.3977
vn 0.7813 -0.4375 0.4452
vn 0.7813 -0.4376 0.4450
vn 0.7489 -0.4509 0.4856
vn 0.7161 -0.4598 0.5252
vn 0.6825 -0.4647 0.5641
vn 0.6489 -0.4654 0.6020
vn 0.6151 -0.4619 0.6389
vn 0.5813 -0.4542 0.6751
vn 0.5478 -0.4426 0.7099
vn 0.5142 -0.4270 0.7438
vn 0.4813 -0.4073 0.7762
vn 0.4485 -0.3836 0.8073
vn 0.4161 -0.3561 0.8367
vn 0.3652 -0.3033 0.8801
vn 0.3840 -0.3244 0.8645
vn 0.3453 -0.3039 0.8880
vn 0.2957 -0.3018 0.9064
vn 0.2465 -0.2958 0.9229
vn 0.1981 -0.2862 0.9375
vn 0.1514 -0.2728 0.9501
vn 0.1056 -0.2559 0.9609
vn 0.0609 -0.2353 0.9700
vn 0.0179 -0.2112 0.9773
vn -0.0237 -0.1837 0.9827
vn -0.0635 -0.1528 0.9862
vn -0.1017 -0.1184 0.9877
vn -0.1380 -0.0810 0.9871
vn -0.1827 -0.0279 0.9828
vn -0.1746 -0.0378 0.9839
vn -0.1787 -0.0317 0.9834
vn -0.1721 -0.0350 0.9845
vn -0.1722 -0.0405 0.9842
vn -0.1661 -0.0446 0.9851
vn -0.2207 -0.0259 0.9750
vn -0.2704 -0.0156 0.9626
vn -0.3179 -0.0024 0.9481
vn -0.3635 0.0138 0.9315
vn -0.4063 0.0328 0.9132
vn -0.4463 0.0548 0.8932
vn -0.4839 0.0795 0.8715
vn -0.5186 0.1069 0.8483
vn -0.5504 0.1371 0.8236
vn -0.5792 0.1698 0.7973
vn -0.6049 0.2049 0.7695
vn -0.6387 0.2727 0.7195
vn -0.6424 0.2741 0.7156
vn -0.6478 0.2743 0.7107
vn -0.6272 0.2424 0.7402
vn -0.6503 0.2749 0.7083
vn -0.6464 0.2778 0.7106
vn -0.6547 0.2777 0.7030
vn -0.6868 0.2810 0.6703
vn -0.7202 0.2892 0.6306
vn -0.7495 0.2997 0.5903
vn -0.7757 0.3122 0.5485
vn -0.7981 0.3268 0.5062
vn -0.8171 0.3436 0.4630
vn -0.8322 0.3625 0.4196
vn -0.8439 0.3834 0.3753
vn -0.8517 0.4063 0.3311
vn -0.8556 0.4311 0.2865
vn -0.8558 0.4573 0.2418
vn -0.8489 0.4973 0.1792
vn -0.8518 0.4854 0.1970
vn -0.8569 0.4939 0.1479
vn -0.8666 0.4897 0.0962
vn -0.8721 0.4872 0.0450
vn -0.8738 0.4863 -0.0059
vn -0.8716 0.4869 -0.0566
vn -0.8657 0.4893 -0.1058
vn -0.8560 0.4934 -0.1546
vn -0.8426 0.4990 -0.2027
vn -0.8253 0.5066 -0.2493
vn -0.8045 0.5158 -0.2945
vn -0.7799 0.5265 -0.3385
vn -0.7515 0.5387 -0.3808
vn -0.7195 0.5521 -0.4213
vn -0.7196 0.5521 -0.4212
vn -0.7052 0.5319 -0.4688
vn -0.6873 0.5132 -0.5141
vn -0.6658 0.4958 -0.5576
vn -0.6410 0.4801 -0.5988
vn -0.6127 0.4661 -0.6383
vn -0.5816 0.4538 -0.6751
vn -0.5474 0.4434 -0.7098
vn -0.5100 0.4348 -0.7422
vn -0.4701 0.4279 -0.7719
vn -0.4273 0.4230 -0.7991
vn -0.3817 0.4197 -0.8235
vn -0.3031 0.4185 -0.8561
vn -0.3333 0.4183 -0.8449
vn -0.2910 0.4045 -0.8670
vn -0.2581 0.3712 -0.8920
vn -0.2230 0.3396 -0.9137
vn -0.1856 0.3104 -0.9323
vn -0.1461 0.2827 -0.9480
vn -0.1047 0.2576 -0.9606
vn -0.0614 0.2346 -0.9702
vn -0.0164 0.2140 -0.9767
vn 0.0303 0.1959 -0.9801
vn 0.0782 0.1802 -0.9805
vn 0.1280 0.1669 -0.9776
vn 0.1782 0.1561 -0.9715
vn 0.2458 0.1450 -0.9584
vn 0.2336 0.1472 -0.9611
vn 0.2407 0.1467 -0.9594
vn 0.2346 0.1507 -0.9603
vn 0.2300 0.1479 -0.9619
vn 0.2236 0.1510 -0.9629
vn 0.2676 0.1133 -0.9569
vn 0.3019 0.0741 -0.9505
vn 0.3370 0.0375 -0.9408
vn 0.3732 0.0039 -0.9278
vn 0.4095 -0.0270 -0.9119
vn 0.4464 -0.0548 -0.8931
vn -0.1674 0.7542 0.6350
vn -0.1673 0.7539 0.6353
vn -0.3174 0.9159 0.2456
vn -0.3173 0.9160 0.2456
vn -0.2233 0.9560 -0.1903
vn -0.2233 0.9560 -0.1904
vn 0.0790 0.8588 -0.5063
vn 0.0790 0.8588 -0.5062
vn 0.4740 0.6614 -0.5813
vn 0.4739 0.6614 -0.5814
vn 0.8108 0.4394 -0.3868
vn 0.8108 0.4393 -0.3868
vn 0.9608 0.2774 0.0028
vn 0.9608 0.2774 0.0029
vn 0.8666 0.2373 0.4390
vn 0.8667 0.2374 0.4388
vn 0.5644 0.3345 0.7547
vn 0.5645 0.3347 0.7545
vn 0.1694 0.5318 0.8297
vn 0.1695 0.5319 0.8297
vn 0.5076 0.6472 -0.5687
vn -0.3042 -0.6411 -0.7046
vn -0.0624 0.9052 -0.4205
vn -0.3243 0.9429 0.0758
vn -0.1389 0.7405 0.6575
vn -0.7912 -0.5710 0.2190
vn 0.3645 0.9312 -0.0020
vn 0.2633 0.9458 0.1902
vn -0.8839 0.4630 0.0653
vn -0.4186 0.3959 -0.8173
vn 0.1411 0.5558 0.8192
vn -0.4652 -0.7858 0.4075
vn 0.6962 0.2699 0.6652
vn 0.9578 0.2325 0.1691
vn 0.7876 0.4625 -0.4071
vn 0.0215 -0.8561 -0.5163
vn 0.6480 0.7442 0.1617
vn 0.5467 0.7589 0.3539
vn 0.8839 -0.4630 -0.0653
vn 0.4186 -0.3959 0.8173
vn -0.3622 0.9169 0.1674
vn -0.3625 0.9168 0.1673
vn -0.0462 0.6174 0.7853
vn -0.0460 0.6175 0.7852
vn 0.6219 0.2675 0.7360
vn 0.6220 0.2674 0.7360
vn 0.9738 0.2169 0.0687
vn 0.9737 0.2170 0.0688
vn 0.6574 0.5161 -0.5491
vn 0.6574 0.5162 -0.5489
vn -0.0109 0.8661 -0.4997
vn -0.0109 0.8660 -0.4998
vn -0.4187 0.3959 -0.8173
vn -0.1203 0.9753 0.1853
vn 0.1183 0.7496 0.6512
vn 0.6222 0.4857 0.6140
vn 0.8874 0.4474 0.1109
vn 0.6488 0.6731 -0.3550
vn 0.1449 0.9370 -0.3178
vn -0.7634 0.4974 -0.4120
vn -0.7860 0.4969 -0.3678
vn -0.8082 0.4927 -0.3225
vn -0.8295 0.4846 -0.2776
vn -0.8501 0.4727 -0.2321
vn -0.8708 0.4571 -0.1809
vn -0.8664 0.4636 -0.1854
vn -0.8717 0.4712 -0.1345
vn -0.8760 0.4749 -0.0840
vn -0.8794 0.4748 -0.0338
vn -0.8837 0.4634 0.0654
vn -0.8848 0.4372 0.1612
vn -0.8824 0.3960 0.2543
vn -0.8797 0.3700 0.2986
vn -0.8838 0.3656 0.2920
vn -0.8660 0.4627 -0.1894
vn -0.8616 0.4659 -0.2016
vn -0.8660 0.3608 0.3462
vn -0.8481 0.3548 0.3936
vn -0.8291 0.3452 0.4399
vn -0.8095 0.3322 0.4840
vn -0.7892 0.3159 0.5266
vn -0.7684 0.2964 0.5673
vn -0.7470 0.2731 0.6061
vn -0.7249 0.2467 0.6431
vn -0.7025 0.2172 0.6778
vn -0.6798 0.1847 0.7098
vn -0.8795 0.3677 0.3022
vn -0.8758 0.3660 0.3147
vn -0.6582 0.1566 0.7364
vn -0.6525 0.1471 0.7433
vn -0.6532 0.1557 0.7410
vn -0.6156 0.1438 0.7748
vn -0.5404 0.1113 0.8340
vn -0.5029 0.0908 0.8596
vn -0.4650 0.0674 0.8827
vn -0.3177 -0.0526 0.9467
vn -0.2823 -0.0889 0.9552
vn -0.2901 -0.0919 0.9526
vn -0.1882 -0.1219 0.9745
vn -0.2794 -0.0919 0.9558
vn -0.1409 -0.1384 0.9803
vn -0.0943 -0.1573 0.9830
vn -0.0490 -0.1782 0.9828
vn -0.0049 -0.2013 0.9795
vn 0.0793 -0.2534 0.9641
vn 0.1187 -0.2826 0.9519
vn 0.1567 -0.3136 0.9365
vn 0.1923 -0.3390 0.9209
vn 0.1822 -0.3316 0.9256
vn 0.1896 -0.3390 0.9215
vn 0.1982 -0.3476 0.9165
vn 0.2450 -0.3474 0.9051
vn 0.2916 -0.3570 0.8874
vn 0.3366 -0.3683 0.8666
vn 0.4187 -0.3955 0.8174
vn 0.4917 -0.4293 0.7576
vn 0.5239 -0.4482 0.7244
vn 0.5537 -0.4688 0.6882
vn 0.5804 -0.4904 0.6502
vn 0.5733 -0.4950 0.6529
vn 0.5835 -0.4937 0.6448
vn 0.6157 -0.4939 0.6140
vn 0.6515 -0.4920 0.5775
vn 0.6841 -0.4913 0.5391
vn 0.7137 -0.4921 0.4985
vn 0.7403 -0.4940 0.4559
vn 0.7833 -0.5021 0.3665
vn 0.7999 -0.5080 0.3194
vn 0.8131 -0.5153 0.2709
vn 0.8226 -0.5237 0.2215
vn 0.8304 -0.5321 0.1654
vn 0.8324 -0.5268 0.1723
vn 0.8500 -0.5115 0.1260
vn 0.8742 -0.4845 0.0317
vn 0.8810 -0.4729 -0.0163
vn 0.8837 -0.4539 -0.1143
vn 0.8797 -0.4467 -0.1633
vn 0.8607 -0.4363 -0.2625
vn 0.8457 -0.4332 -0.3118
vn 0.8434 -0.4406 -0.3075
vn 0.8307 -0.5281 0.1759
vn 0.8287 -0.5269 0.1889
vn 0.8385 -0.4119 -0.3568
vn 0.8315 -0.3855 -0.4000
vn 0.8068 -0.3373 -0.4851
vn 0.7892 -0.3159 -0.5266
vn 0.7685 -0.2961 -0.5672
vn 0.7443 -0.2782 -0.6072
vn 0.6523 -0.2358 -0.7203
vn 0.8442 -0.4330 -0.3158
vn 0.6218 -0.2240 -0.7504
vn 0.6189 -0.2188 -0.7543
vn 0.5661 -0.1514 -0.8103
vn 0.5350 -0.1209 -0.8361
vn 0.5016 -0.0927 -0.8601
vn 0.4654 -0.0668 -0.8826
vn 0.4268 -0.0433 -0.9033
vn 0.2481 0.0257 -0.9684
vn 0.2498 0.0170 -0.9682
vn 0.1718 0.0912 -0.9809
vn 0.2441 0.0266 -0.9694
vn 0.1325 0.1230 -0.9835
vn 0.0915 0.1521 -0.9841
vn 0.0490 0.1782 -0.9828
vn 0.0046 0.2014 -0.9795
vn -0.0406 0.2213 -0.9744
vn -0.1840 0.2624 -0.9472
vn -0.2215 0.2679 -0.9377
vn -0.2258 0.2716 -0.9355
vn -0.2304 0.2763 -0.9330
vn -0.2668 0.3072 -0.9135
vn -0.3038 0.3346 -0.8920
vn -0.3417 0.3586 -0.8687
vn -0.3799 0.3792 -0.8437
vn -0.4184 0.3962 -0.8173
vn -0.4575 0.4097 -0.7892
vn -0.5362 0.4259 -0.7287
vn -0.5753 0.4284 -0.6968
vn -0.6145 0.4273 -0.6632
vn -0.6137 0.4201 -0.6685
vn -0.6198 0.4264 -0.6588
vn -0.6176 0.4270 -0.6605
vn -0.6250 0.4317 -0.6504
vn -0.6431 0.4427 -0.6249
vn -0.6680 0.4613 -0.5839
vn -0.6923 0.4759 -0.5424
vn -0.7166 0.4869 -0.4993
vn -0.7402 0.4941 -0.4560
vn 0.4665 0.8659 0.1802
vn 0.4670 0.8656 0.1806
vn 0.4666 0.8658 0.1806
vn 0.4669 0.8657 0.1801
vn 0.4665 0.8660 0.1800
vn 0.4663 0.8661 0.1801
vn 0.4668 0.8657 0.1808
vn 0.4666 0.8660 0.1800
vn 0.4674 0.8655 0.1803
vn 0.4669 0.8657 0.1807
vn 0.4839 -0.0795 -0.8715
vn 0.5218 -0.1011 -0.8471
vn 0.5982 -0.1346 -0.7900
vn 0.6363 -0.1465 -0.7574
vn 0.7018 -0.1556 -0.6951
vn 0.7068 -0.1648 -0.6879
vn 0.6743 -0.1550 -0.7220
vn 0.7082 -0.1674 -0.6859
vn 0.7088 -0.1620 -0.6866
vn 0.7121 -0.1711 -0.6809
vn 0.7274 -0.2058 -0.6546
vn 0.7464 -0.2409 -0.6204
vn 0.7643 -0.2721 -0.5846
vn 0.7822 -0.3000 -0.5460
vn 0.7997 -0.3240 -0.5055
vn 0.8165 -0.3444 -0.4633
vn 0.8331 -0.3608 -0.4193
vn 0.8491 -0.3734 -0.3737
vn 0.8794 -0.3872 -0.2771
vn 0.8932 -0.3880 -0.2271
vn 0.9060 -0.3848 -0.1761
vn 0.9009 -0.4259 -0.0831
vn 0.8934 -0.4478 -0.0368
vn 0.8849 -0.4656 0.0104
vn 0.8759 -0.4791 0.0580
vn 0.8660 -0.4886 0.1062
vn 0.8557 -0.4939 0.1545
vn 0.8448 -0.4950 0.2034
vn 0.7954 -0.4575 0.3974
vn 0.7812 -0.4374 0.4454
vn 0.7490 -0.4508 0.4855
vn 0.7161 -0.4598 0.5251
vn 0.6826 -0.4646 0.5641
vn 0.6489 -0.4653 0.6020
vn 0.5813 -0.4543 0.6751
vn 0.5478 -0.4427 0.7099
vn 0.5144 -0.4271 0.7436
vn 0.4812 -0.4073 0.7762
vn 0.4484 -0.3836 0.8074
vn 0.4160 -0.3559 0.8368
vn 0.3653 -0.3033 0.8801
vn 0.3841 -0.3245 0.8644
vn 0.3451 -0.3039 0.8880
vn 0.2956 -0.3018 0.9064
vn 0.2464 -0.2959 0.9229
vn 0.1984 -0.2862 0.9374
vn 0.1513 -0.2729 0.9501
vn 0.1055 -0.2558 0.9609
vn 0.0610 -0.2353 0.9700
vn 0.0179 -0.2113 0.9773
vn -0.0236 -0.1837 0.9827
vn -0.0636 -0.1528 0.9862
vn -0.1017 -0.1185 0.9877
vn -0.1827 -0.0280 0.9828
vn -0.1745 -0.0377 0.9839
vn -0.1722 -0.0348 0.9844
vn -0.1722 -0.0404 0.9842
vn -0.1661 -0.0444 0.9851
vn -0.2201 -0.0259 0.9751
vn -0.2705 -0.0156 0.9626
vn -0.3180 -0.0024 0.9481
vn -0.3634 0.0137 0.9315
vn -0.4061 0.0329 0.9132
vn -0.4465 0.0547 0.8931
vn -0.4840 0.0795 0.8714
vn -0.5184 0.1069 0.8484
vn -0.5504 0.1370 0.8235
vn -0.5793 0.1697 0.7973
vn -0.6049 0.2050 0.7694
vn -0.6388 0.2727 0.7194
vn -0.6424 0.2741 0.7157
vn -0.6273 0.2424 0.7401
vn -0.6503 0.2749 0.7082
vn -0.6463 0.2778 0.7107
vn -0.6546 0.2776 0.7032
vn -0.7202 0.2893 0.6306
vn -0.7497 0.2996 0.5900
vn -0.7756 0.3121 0.5487
vn -0.7981 0.3269 0.5061
vn -0.8170 0.3437 0.4630
vn -0.8323 0.3625 0.4194
vn -0.8438 0.3834 0.3755
vn -0.8557 0.4310 0.2863
vn -0.8559 0.4573 0.2416
vn -0.8489 0.4973 0.1791
vn -0.8569 0.4938 0.1479
vn -0.8665 0.4899 0.0962
vn -0.8722 0.4872 0.0447
vn -0.8738 0.4862 -0.0059
vn -0.8717 0.4868 -0.0566
vn -0.8657 0.4892 -0.1062
vn -0.8559 0.4934 -0.1547
vn -0.8425 0.4992 -0.2025
vn -0.8253 0.5067 -0.2492
vn -0.8044 0.5159 -0.2945
vn -0.7800 0.5265 -0.3383
vn -0.7516 0.5387 -0.3808
vn -0.7195 0.5521 -0.4214
vn -0.7052 0.5320 -0.4686
vn -0.6659 0.4958 -0.5575
vn -0.6409 0.4801 -0.5990
vn -0.6129 0.4662 -0.6380
vn -0.5816 0.4538 -0.6752
vn -0.5102 0.4348 -0.7420
vn -0.4272 0.4230 -0.7991
vn -0.3816 0.4197 -0.8236
vn -0.3334 0.4183 -0.8449
vn -0.2909 0.4045 -0.8670
vn -0.2230 0.3397 -0.9137
vn -0.1855 0.3101 -0.9324
vn -0.1461 0.2828 -0.9480
vn -0.1046 0.2574 -0.9606
vn -0.0614 0.2346 -0.9701
vn -0.0164 0.2141 -0.9767
vn 0.0302 0.1959 -0.9802
vn 0.0784 0.1802 -0.9805
vn 0.1279 0.1669 -0.9776
vn 0.1784 0.1561 -0.9715
vn 0.2458 0.1451 -0.9584
vn 0.2407 0.1467 -0.9595
vn 0.2301 0.1478 -0.9619
vn 0.2237 0.1510 -0.9629
vn 0.2673 0.1133 -0.9569
vn 0.3372 0.0376 -0.9407
vn 0.3730 0.0038 -0.9278
vn 0.4094 -0.0270 -0.9120
vn 0.4464 -0.0547 -0.8932
vn -0.1674 0.7540 0.6352
vn -0.3174 0.9160 0.2456
vn -0.2233 0.9560 -0.1905
vn 0.0789 0.8589 -0.5061
vn 0.0790 0.8588 -0.5061
vn 0.4740 0.6615 -0.5812
vn 0.4741 0.6615 -0.5812
vn 0.8108 0.4393 -0.3869
vn 0.8108 0.4394 -0.3866
vn 0.9607 0.2775 0.0028
vn 0.9608 0.2773 0.0028
vn 0.8667 0.2373 0.4388
vn 0.8666 0.2374 0.4389
vn 0.1694 0.5318 0.8298
vn 0.5075 0.6471 -0.5689
vn -0.0622 0.9052 -0.4203
vn -0.3235 0.9432 0.0758
vn -0.1390 0.7405 0.6575
vn -0.7913 -0.5707 0.2195
vn 0.2631 0.9458 0.1901
vn 0.1410 0.5557 0.8193
vn -0.4651 -0.7858 0.4077
vn 0.6963 0.2698 0.6652
vn 0.9578 0.2323 0.1690
vn 0.7876 0.4626 -0.4071
vn 0.0219 -0.8561 -0.5164
vn 0.6481 0.7441 0.1617
vn 0.5468 0.7587 0.3541
vn 0.4187 -0.3959 0.8173
vn -0.3627 0.9167 0.1674
vn -0.3628 0.9167 0.1673
vn -0.0462 0.6177 0.7851
vn -0.0461 0.6174 0.7853
vn 0.6220 0.2675 0.7359
vn 0.6221 0.2675 0.7358
vn 0.6217 0.2674 0.7362
vn 0.9738 0.2168 0.0687
vn 0.6574 0.5162 -0.5490
vn -0.0107 0.8662 -0.4996
vn -0.0109 0.8663 -0.4994
vn 0.8839 -0.4630 -0.0652
vn -0.8839 0.4630 0.0652
vn -0.7860 0.4970 -0.3676
vn -0.8082 0.4926 -0.3227
vn -0.8500 0.4728 -0.2323
vn -0.8707 0.4573 -0.1811
vn -0.8664 0.4636 -0.1857
vn -0.8820 0.4709 0.0159
vn -0.8838 0.4633 0.0653
vn -0.8848 0.4370 0.1616
vn -0.8824 0.3960 0.2541
vn -0.8797 0.3700 0.2988
vn -0.8837 0.3658 0.2921
vn -0.8480 0.3548 0.3937
vn -0.8291 0.3452 0.4398
vn -0.8095 0.3321 0.4842
vn -0.7890 0.3158 0.5269
vn -0.7685 0.2962 0.5672
vn -0.7469 0.2730 0.6064
vn -0.6799 0.1847 0.7096
vn -0.8758 0.3659 0.3147
vn -0.6531 0.1557 0.7411
vn -0.6157 0.1439 0.7747
vn -0.5029 0.0909 0.8596
vn -0.4277 0.0414 0.9030
vn -0.3179 -0.0526 0.9467
vn -0.2822 -0.0889 0.9552
vn -0.2902 -0.0919 0.9525
vn -0.1883 -0.1218 0.9745
vn -0.2673 -0.0962 0.9588
vn -0.1408 -0.1385 0.9803
vn -0.0943 -0.1572 0.9830
vn 0.0790 -0.2536 0.9641
vn 0.1187 -0.2827 0.9518
vn 0.1964 -0.3395 0.9199
vn 0.2453 -0.3474 0.9051
vn 0.2918 -0.3570 0.8873
vn 0.3363 -0.3682 0.8668
vn 0.3789 -0.3812 0.8433
vn 0.4188 -0.3956 0.8174
vn 0.4564 -0.4116 0.7889
vn 0.4916 -0.4293 0.7577
vn 0.5239 -0.4482 0.7243
vn 0.5536 -0.4687 0.6883
vn 0.5804 -0.4904 0.6500
vn 0.5734 -0.4950 0.6528
vn 0.6842 -0.4914 0.5389
vn 0.7137 -0.4920 0.4985
vn 0.7833 -0.5021 0.3666
vn 0.7999 -0.5081 0.3193
vn 0.8226 -0.5237 0.2217
vn 0.8303 -0.5321 0.1655
vn 0.8323 -0.5268 0.1724
vn 0.8500 -0.5115 0.1263
vn 0.8640 -0.4973 0.0793
vn 0.8837 -0.4540 -0.1141
vn 0.8796 -0.4466 -0.1636
vn 0.8720 -0.4407 -0.2130
vn 0.8606 -0.4362 -0.2627
vn 0.8457 -0.4332 -0.3117
vn 0.8434 -0.4407 -0.3075
vn 0.8273 -0.5310 0.1835
vn 0.8307 -0.5282 0.1759
vn 0.8314 -0.3855 -0.4002
vn 0.8068 -0.3374 -0.4851
vn 0.7892 -0.3158 -0.5268
vn 0.7441 -0.2782 -0.6074
vn 0.7168 -0.2622 -0.6462
vn 0.6522 -0.2357 -0.7205
vn 0.6121 -0.2219 -0.7590
vn 0.6191 -0.2189 -0.7542
vn 0.5942 -0.1841 -0.7830
vn 0.5661 -0.1515 -0.8103
vn 0.5351 -0.1209 -0.8361
vn 0.5019 -0.0928 -0.8600
vn 0.4656 -0.0669 -0.8825
vn 0.4267 -0.0433 -0.9034
vn 0.3855 -0.0222 -0.9225
vn 0.3419 -0.0037 -0.9397
vn 0.2963 0.0123 -0.9550
vn 0.2482 0.0257 -0.9684
vn 0.2498 0.0169 -0.9681
vn 0.6300 -0.2257 -0.7430
vn 0.2091 0.0564 -0.9763
vn 0.1717 0.0911 -0.9809
vn 0.2442 0.0266 -0.9694
vn 0.1325 0.1231 -0.9835
vn 0.0916 0.1521 -0.9841
vn -0.1352 0.2519 -0.9582
vn -0.1841 0.2624 -0.9472
vn -0.2275 0.2736 -0.9345
vn -0.2384 0.2726 -0.9321
vn -0.3038 0.3345 -0.8921
vn -0.3417 0.3587 -0.8687
vn -0.3797 0.3790 -0.8439
vn -0.4186 0.3963 -0.8172
vn -0.4574 0.4097 -0.7893
vn -0.4968 0.4196 -0.7597
vn -0.5360 0.4258 -0.7289
vn -0.6139 0.4201 -0.6684
vn -0.6177 0.4269 -0.6604
vn -0.6680 0.4613 -0.5840
vn -0.6925 0.4760 -0.5421
vn -0.7165 0.4869 -0.4996
vn -0.7403 0.4941 -0.4560
vn 0.4663 0.8660 0.1803
vn 0.4667 0.8659 0.1797
vn 0.4668 0.8658 0.1799
vn 0.4665 0.8659 0.1805
vn 0.4667 0.8659 0.1798
vn 0.4672 0.8657 0.1800
vn 0.4660 0.8662 0.1802
vn 0.4671 0.8658 0.1797
vn 0.5217 -0.1011 -0.8471
vn 0.5600 -0.1195 -0.8199
vn 0.5982 -0.1346 -0.7899
vn 0.7044 -0.1591 -0.6917
vn 0.7068 -0.1649 -0.6879
vn 0.6744 -0.1550 -0.7220
vn 0.7274 -0.2059 -0.6546
vn 0.7645 -0.2723 -0.5843
vn 0.7823 -0.3000 -0.5459
vn 0.8166 -0.3443 -0.4633
vn 0.8331 -0.3609 -0.4192
vn 0.8491 -0.3735 -0.3734
vn 0.8646 -0.3823 -0.3261
vn 0.8793 -0.3872 -0.2774
vn 0.8932 -0.3880 -0.2273
vn 0.9061 -0.3848 -0.1758
vn 0.9075 -0.3998 -0.1288
vn 0.9009 -0.4260 -0.0829
vn 0.8934 -0.4478 -0.0364
vn 0.8849 -0.4656 0.0105
vn 0.8758 -0.4791 0.0580
vn 0.8447 -0.4950 0.2034
vn 0.8332 -0.4920 0.2524
vn 0.8086 -0.4732 0.3496
vn 0.7954 -0.4575 0.3976
vn 0.7814 -0.4375 0.4450
vn 0.7490 -0.4508 0.4856
vn 0.7161 -0.4599 0.5251
vn 0.6826 -0.4646 0.5640
vn 0.6488 -0.4653 0.6020
vn 0.6151 -0.4619 0.6390
vn 0.5815 -0.4543 0.6749
vn 0.5477 -0.4426 0.7100
vn 0.5143 -0.4269 0.7438
vn 0.4812 -0.4072 0.7763
vn 0.4483 -0.3836 0.8074
vn 0.4161 -0.3560 0.8367
vn 0.2955 -0.3018 0.9064
vn 0.2466 -0.2959 0.9228
vn 0.1514 -0.2729 0.9501
vn -0.1018 -0.1184 0.9877
vn -0.1828 -0.0280 0.9828
vn -0.1786 -0.0317 0.9834
vn -0.1721 -0.0404 0.9842
vn -0.2204 -0.0259 0.9751
vn -0.3181 -0.0024 0.9481
vn -0.4062 0.0328 0.9132
vn -0.4464 0.0547 0.8932
vn -0.4838 0.0795 0.8715
vn -0.5505 0.1370 0.8235
vn -0.5791 0.1698 0.7974
vn -0.6270 0.2423 0.7404
vn -0.6546 0.2777 0.7032
vn -0.6869 0.2810 0.6702
vn -0.7201 0.2892 0.6307
vn -0.7497 0.2997 0.5900
vn -0.7982 0.3269 0.5061
vn -0.8169 0.3436 0.4632
vn -0.8437 0.3834 0.3758
vn -0.8516 0.4062 0.3313
vn -0.8557 0.4309 0.2866
vn -0.8558 0.4572 0.2420
vn -0.8518 0.4854 0.1971
vn -0.8665 0.4897 0.0965
vn -0.8721 0.4872 0.0451
vn -0.8738 0.4862 -0.0061
vn -0.8716 0.4869 -0.0564
vn -0.8656 0.4893 -0.1061
vn -0.8559 0.4934 -0.1548
vn -0.8425 0.4990 -0.2028
vn -0.8045 0.5158 -0.2944
vn -0.7798 0.5267 -0.3383
vn -0.7514 0.5386 -0.3810
vn -0.7197 0.5521 -0.4210
vn -0.7055 0.5319 -0.4684
vn -0.6411 0.4802 -0.5987
vn -0.6128 0.4661 -0.6382
vn -0.5817 0.4539 -0.6750
vn -0.5473 0.4434 -0.7098
vn -0.5100 0.4347 -0.7422
vn -0.4702 0.4279 -0.7719
vn -0.3816 0.4198 -0.8235
vn -0.3031 0.4186 -0.8561
vn -0.3335 0.4182 -0.8449
vn -0.2909 0.4044 -0.8671
vn -0.2581 0.3711 -0.8920
vn -0.1855 0.3100 -0.9324
vn -0.1046 0.2575 -0.9606
vn -0.0612 0.2346 -0.9702
vn 0.0301 0.1959 -0.9802
vn 0.1278 0.1670 -0.9776
vn 0.1786 0.1561 -0.9715
vn 0.2301 0.1479 -0.9619
vn 0.3022 0.0741 -0.9504
vn 0.3371 0.0376 -0.9407
vn 0.3729 0.0039 -0.9279
vn -0.1674 0.7539 0.6353
vn -0.1673 0.7539 0.6354
vn -0.2232 0.9560 -0.1905
vn -0.2235 0.9559 -0.1904
vn 0.0787 0.8588 -0.5062
vn 0.0790 0.8589 -0.5061
vn 0.4740 0.6614 -0.5812
vn 0.8107 0.4394 -0.3869
vn 0.9607 0.2774 0.0028
vn 0.8666 0.2373 0.4389
vn 0.5645 0.3346 0.7546
vn 0.5643 0.3345 0.7548
vn 0.1694 0.5319 0.8297
vn -0.3042 -0.6410 -0.7047
vn -0.0631 0.9051 -0.4204
vn -0.3242 0.9430 0.0756
vn -0.7914 -0.5707 0.2191
vn 0.3645 0.9312 -0.0022
vn 0.2633 0.9458 0.1901
vn 0.1411 0.5559 0.8192
vn -0.4653 -0.7859 0.4072
vn 0.6961 0.2698 0.6653
vn 0.9579 0.2320 0.1691
vn 0.7876 0.4625 -0.4072
vn 0.0218 -0.8562 -0.5161
vn 0.6481 0.7442 0.1617
vn 0.5468 0.7589 0.3536
vn -0.3621 0.9170 0.1674
vn -0.3629 0.9167 0.1670
vn -0.3626 0.9168 0.1673
vn -0.3617 0.9171 0.1676
vn -0.3625 0.9168 0.1674
vn -0.0461 0.6175 0.7852
vn 0.6219 0.2674 0.7361
vn 0.9738 0.2166 0.0686
vn 0.9738 0.2168 0.0686
vn 0.6575 0.5161 -0.5490
vn 0.6573 0.5160 -0.5493
vn -0.0106 0.8660 -0.4999
vn -0.1203 0.9753 0.1854
vn -0.7633 0.4973 -0.4123
vn -0.8082 0.4926 -0.3226
vn -0.8295 0.4846 -0.2775
vn -0.8659 0.4619 -0.1920
vn -0.8708 0.4572 -0.1808
vn -0.8664 0.4636 -0.1856
vn -0.8717 0.4712 -0.1346
vn -0.8838 0.4634 0.0653
vn -0.8849 0.4370 0.1614
vn -0.8840 0.4182 0.2088
vn -0.8797 0.3699 0.2987
vn -0.8795 0.3659 0.3042
vn -0.8660 0.4628 -0.1894
vn -0.8095 0.3322 0.4841
vn -0.7892 0.3159 0.5268
vn -0.7683 0.2962 0.5675
vn -0.7467 0.2731 0.6065
vn -0.7251 0.2468 0.6429
vn -0.7028 0.2173 0.6774
vn -0.6797 0.1847 0.7099
vn -0.6526 0.1471 0.7433
vn -0.5405 0.1114 0.8339
vn -0.5026 0.0908 0.8598
vn -0.4274 0.0414 0.9031
vn -0.3542 -0.0187 0.9350
vn -0.3178 -0.0527 0.9467
vn -0.2823 -0.0888 0.9552
vn -0.6629 0.1647 0.7304
vn -0.0489 -0.1782 0.9828
vn 0.0378 -0.2267 0.9732
vn 0.0791 -0.2537 0.9640
vn 0.1837 -0.3380 0.9230
vn 0.1981 -0.3476 0.9165
vn 0.1965 -0.3395 0.9199
vn 0.2917 -0.3569 0.8874
vn 0.3364 -0.3683 0.8667
vn 0.3788 -0.3812 0.8433
vn 0.4566 -0.4116 0.7888
vn 0.4915 -0.4292 0.7578
vn 0.5538 -0.4688 0.6881
vn 0.5805 -0.4905 0.6499
vn 0.5735 -0.4950 0.6528
vn 0.5836 -0.4938 0.6447
vn 0.6156 -0.4938 0.6142
vn 0.7138 -0.4920 0.4984
vn 0.7403 -0.4940 0.4560
vn 0.7633 -0.4974 0.4122
vn 0.7834 -0.5020 0.3665
vn 0.7998 -0.5080 0.3196
vn 0.8130 -0.5153 0.2710
vn 0.8225 -0.5237 0.2218
vn 0.8324 -0.5268 0.1721
vn 0.8500 -0.5114 0.1265
vn 0.8639 -0.4974 0.0796
vn 0.8809 -0.4731 -0.0161
vn 0.8841 -0.4628 -0.0651
vn 0.8796 -0.4466 -0.1638
vn 0.8720 -0.4408 -0.2128
vn 0.8606 -0.4363 -0.2628
vn 0.8456 -0.4332 -0.3118
vn 0.8287 -0.5269 0.1888
vn 0.8208 -0.3606 -0.4429
vn 0.8067 -0.3374 -0.4853
vn 0.7892 -0.3158 -0.5267
vn 0.7685 -0.2962 -0.5672
vn 0.7440 -0.2782 -0.6075
vn 0.7168 -0.2622 -0.6461
vn 0.8443 -0.4330 -0.3158
vn 0.8412 -0.4328 -0.3241
vn 0.6218 -0.2240 -0.7505
vn 0.6120 -0.2221 -0.7590
vn 0.6190 -0.2189 -0.7542
vn 0.5942 -0.1842 -0.7830
vn 0.5662 -0.1515 -0.8103
vn 0.5353 -0.1209 -0.8360
vn 0.5017 -0.0928 -0.8600
vn 0.4653 -0.0668 -0.8826
vn 0.4265 -0.0433 -0.9034
vn 0.3858 -0.0224 -0.9223
vn 0.2959 0.0123 -0.9551
vn 0.2480 0.0257 -0.9684
vn 0.6246 -0.2281 -0.7469
vn 0.6208 -0.2218 -0.7519
vn 0.6300 -0.2256 -0.7431
vn 0.2092 0.0565 -0.9762
vn 0.0488 0.1782 -0.9828
vn 0.0050 0.2013 -0.9795
vn -0.0407 0.2213 -0.9744
vn -0.2152 0.2706 -0.9383
vn -0.2384 0.2727 -0.9321
vn -0.3039 0.3346 -0.8920
vn -0.3415 0.3587 -0.8687
vn -0.3798 0.3791 -0.8438
vn -0.4571 0.4097 -0.7894
vn -0.4967 0.4195 -0.7598
vn -0.6145 0.4273 -0.6631
vn -0.6925 0.4760 -0.5422
vn -0.7401 0.4940 -0.4562
vn 0.4666 0.8658 0.1807
vn 0.4665 0.8659 0.1807
vn 0.4674 0.8654 0.1806
vn 0.4664 0.8659 0.1807
vn 0.4664 0.8661 0.1800
vn 0.4673 0.8656 0.1797
vn 0.4673 0.8656 0.1800
vn 0.4661 0.8661 0.1805
vn 0.4673 0.8656 0.1802
vn 0.4670 0.8658 0.1798
vn 0.4661 0.8662 0.1803
vn 0.4669 0.8656 0.1806
vn 0.4662 0.8661 0.1802
vn -0.7403 0.4940 -0.4560
vn -0.7135 0.4924 -0.4984
vn -0.6837 0.4925 -0.5386
vn -0.6504 0.4942 -0.5769
vn -0.6135 0.4975 -0.6133
vn -0.5423 0.5095 -0.6681
vn -0.5392 0.5074 -0.6722
vn -0.5363 0.5033 -0.6775
vn -0.5735 0.5023 -0.6472
vn -0.5345 0.5014 -0.6803
vn -0.5340 0.5062 -0.6772
vn -0.5298 0.4995 -0.6854
vn -0.5094 0.4743 -0.7180
vn -0.4809 0.4485 -0.7534
vn -0.4494 0.4242 -0.7861
vn -0.4154 0.4020 -0.8160
vn -0.3783 0.3816 -0.8433
vn -0.3392 0.3631 -0.8678
vn -0.2974 0.3467 -0.8896
vn -0.2535 0.3324 -0.9084
vn -0.2071 0.3201 -0.9245
vn -0.1586 0.3098 -0.9375
vn -0.1081 0.3018 -0.9472
vn -0.0344 0.2943 -0.9551
vn -0.0559 0.2958 -0.9536
vn -0.0136 0.2706 -0.9626
vn 0.0221 0.2330 -0.9722
vn 0.0594 0.1981 -0.9784
vn 0.0984 0.1650 -0.9814
vn 0.1387 0.1346 -0.9811
vn 0.1802 0.1069 -0.9778
vn 0.2228 0.0818 -0.9714
vn 0.2665 0.0594 -0.9620
vn 0.3110 0.0399 -0.9496
vn 0.3564 0.0231 -0.9340
vn 0.4024 0.0092 -0.9154
vn 0.4486 -0.0017 -0.8937
vn 0.4952 -0.0097 -0.8687
vn 0.4953 -0.0097 -0.8687
vn 0.5236 -0.0511 -0.8504
vn 0.5520 -0.0894 -0.8291
vn 0.5804 -0.1247 -0.8047
vn 0.6092 -0.1567 -0.7774
vn 0.6376 -0.1853 -0.7478
vn 0.6662 -0.2106 -0.7154
vn 0.6947 -0.2323 -0.6808
vn 0.7230 -0.2506 -0.6438
vn 0.7510 -0.2653 -0.6046
vn 0.7787 -0.2764 -0.5633
vn 0.8058 -0.2837 -0.5198
vn 0.8477 -0.2874 -0.4458
vn 0.8322 -0.2874 -0.4741
vn 0.8507 -0.3020 -0.4303
vn 0.8579 -0.3352 -0.3894
vn 0.8641 -0.3644 -0.3472
vn 0.8696 -0.3898 -0.3031
vn 0.8744 -0.4113 -0.2574
vn 0.8784 -0.4288 -0.2108
vn 0.8820 -0.4421 -0.1629
vn 0.8849 -0.4516 -0.1140
vn 0.8872 -0.4569 -0.0638
vn 0.8888 -0.4581 -0.0132
vn 0.8896 -0.4552 0.0377
vn 0.8895 -0.4481 0.0895
vn 0.8875 -0.4332 0.1573
vn 0.8882 -0.4360 0.1449
vn 0.8881 -0.4337 0.1519
vn 0.8898 -0.4326 0.1449
vn 0.8884 -0.4367 0.1415
vn 0.8897 -0.4364 0.1343
vn 0.8725 -0.4512 0.1877
vn 0.8520 -0.4689 0.2329
vn 0.8307 -0.4823 0.2779
vn 0.8088 -0.4915 0.3228
vn 0.7863 -0.4966 0.3675
vn 0.7402 -0.4940 0.4562
vn 0.7168 -0.4866 0.4994
vn 0.6929 -0.4748 0.5426
vn 0.6693 -0.4591 0.5842
vn 0.6449 -0.4390 0.6256
vn 0.6449 -0.4389 0.6256
vn 0.6053 -0.3925 0.6925
vn 0.6012 -0.3923 0.6961
vn 0.5954 -0.3938 0.7003
vn 0.6207 -0.4150 0.6652
vn 0.5927 -0.3941 0.7024
vn 0.5965 -0.3904 0.7013
vn 0.5874 -0.3930 0.7075
vn 0.5497 -0.3991 0.7338
vn 0.5070 -0.4000 0.7635
vn 0.4643 -0.3969 0.7917
vn 0.4218 -0.3898 0.8186
vn 0.3801 -0.3787 0.8439
vn 0.3389 -0.3639 0.8676
vn 0.2983 -0.3451 0.8899
vn 0.2587 -0.3225 0.9105
vn 0.2198 -0.2961 0.9295
vn 0.1824 -0.2662 0.9465
vn 0.1456 -0.2325 0.9616
vn 0.0965 -0.1790 0.9791
vn 0.1102 -0.1952 0.9746
vn 0.0645 -0.1766 0.9822
vn 0.0122 -0.1693 0.9855
vn -0.0383 -0.1585 0.9866
vn -0.0874 -0.1444 0.9857
vn -0.1346 -0.1268 0.9827
vn -0.1798 -0.1062 0.9779
vn -0.2231 -0.0822 0.9713
vn -0.2642 -0.0553 0.9629
vn -0.3030 -0.0250 0.9527
vn -0.3396 0.0080 0.9405
vn -0.3735 0.0441 0.9266
vn -0.4048 0.0828 0.9106
vn -0.4334 0.1243 0.8926
vn -0.4335 0.1243 0.8925
vn -0.4798 0.1322 0.8673
vn -0.5232 0.1428 0.8402
vn -0.5637 0.1558 0.8112
vn -0.6010 0.1714 0.7806
vn -0.6354 0.1896 0.7486
vn -0.6665 0.2101 0.7153
vn -0.6942 0.2330 0.6810
vn -0.7188 0.2585 0.6453
vn -0.7399 0.2860 0.6089
vn -0.7575 0.3157 0.5715
vn -0.7715 0.3475 0.5329
vn -0.7856 0.4027 0.4698
vn -0.7816 0.3813 0.4936
vn -0.7965 0.4026 0.4510
vn -0.8205 0.4046 0.4037
vn -0.8404 0.4084 0.3563
vn -0.8567 0.4138 0.3080
vn -0.8691 0.4212 0.2594
vn -0.8776 0.4303 0.2111
vn -0.8824 0.4415 0.1624
vn -0.8834 0.4544 0.1144
vn -0.8806 0.4691 0.0665
vn -0.8740 0.4856 0.0189
vn -0.8634 0.5037 -0.0278
vn -0.8490 0.5233 -0.0739
vn -0.8243 0.5503 -0.1330
vn -0.8292 0.5454 -0.1221
vn -0.8261 0.5488 -0.1279
vn -0.8274 0.5485 -0.1206
vn -0.8305 0.5442 -0.1190
vn -0.8323 0.5430 -0.1119
vn -0.8253 0.5386 -0.1698
vn -0.8205 0.5274 -0.2206
vn -0.8118 0.5174 -0.2706
vn -0.7993 0.5092 -0.3191
vn -0.7831 0.5024 -0.3665
vn -0.7633 0.4974 -0.4122
vn 0.7358 0.2699 0.6211
vn 0.7357 0.2699 0.6212
vn 0.3693 0.4248 0.8265
vn 0.3692 0.4247 0.8266
vn -0.0155 0.6452 0.7638
vn -0.0155 0.6453 0.7638
vn -0.2714 0.8472 0.4567
vn -0.2715 0.8472 0.4567
vn -0.3007 0.9535 0.0227
vn -0.3008 0.9534 0.0227
vn -0.0920 0.9235 -0.3724
vn -0.0923 0.9233 -0.3727
vn -0.0924 0.9234 -0.3725
vn 0.2742 0.7686 -0.5780
vn 0.2742 0.7685 -0.5782
vn 0.6588 0.5481 -0.5153
vn 0.6589 0.5481 -0.5152
vn 0.9148 0.3461 -0.2084
vn 0.9148 0.3462 -0.2082
vn 0.9442 0.2399 0.2258
vn -0.2848 0.9585 -0.0120
vn -0.8792 -0.4394 -0.1844
vn -0.2104 0.7724 0.5993
vn 0.2125 0.4937 0.8433
vn 0.7602 0.2695 0.5911
vn -0.0915 -0.9585 0.2699
vn 0.2860 0.9117 0.2951
vn 0.4497 0.8037 0.3897
vn -0.0269 -0.1898 0.9815
vn -0.7790 0.3061 0.5473
vn -0.7790 0.3061 0.5472
vn 0.9334 0.2445 0.2626
vn 0.1097 -0.9876 -0.1126
vn 0.8437 0.4029 -0.3548
vn 0.4211 0.6812 -0.5988
vn -0.1115 0.9335 -0.3409
vn -0.6775 -0.4687 -0.5669
vn 0.4615 0.8864 -0.0377
vn 0.6253 0.7783 0.0567
vn 0.0269 0.1898 -0.9815
vn 0.7790 -0.3061 -0.5473
vn 0.2852 0.4232 0.8600
vn 0.2853 0.4234 0.8598
vn 0.8742 0.1919 0.4460
vn 0.8741 0.1919 0.4463
vn 0.8944 0.3354 -0.2958
vn 0.8945 0.3354 -0.2958
vn 0.3259 0.7103 -0.6239
vn 0.3260 0.7105 -0.6236
vn -0.2626 0.9417 -0.2102
vn -0.2627 0.9418 -0.2099
vn -0.2631 0.9416 -0.2103
vn -0.2626 0.9417 -0.2103
vn -0.2834 0.7981 0.5317
vn -0.2833 0.7981 0.5318
vn 0.3682 0.6031 0.7076
vn 0.8122 0.4287 0.3956
vn 0.8276 0.5369 -0.1639
vn 0.3989 0.8195 -0.4114
vn -0.0452 0.9940 -0.0994
vn -0.0605 0.8858 0.4600
vn -0.1183 0.9911 -0.0607
vn -0.1179 0.9911 -0.0616
vn -0.1193 0.9910 -0.0610
vn -0.1201 0.9910 -0.0597
vn -0.1188 0.9911 -0.0606
vn -0.1197 0.9910 -0.0606
vn 0.3575 0.9241 0.1351
vn 0.3580 0.9239 0.1350
vn 0.3570 0.9243 0.1348
vn 0.1231 0.9917 0.0384
vn 0.1231 0.9916 0.0387
vn 0.3576 0.9241 0.1349
vn 0.3586 0.9236 0.1353
vn 0.3581 0.9239 0.1350
vn 0.1232 0.9916 0.0382
vn -0.1579 0.9850 0.0703
vn 0.3501 0.9224 0.1631
vn 0.0973 0.9879 0.1208
vn 0.0969 0.9879 0.1209
vn 0.0975 0.9879 0.1208
vn 0.0982 0.9878 0.1207
vn 0.0978 0.9878 0.1208
vn 0.3497 0.9226 0.1632
vn -0.1701 0.9639 0.2048
vn -0.1710 0.9637 0.2049
vn -0.1704 0.9638 0.2050
vn -0.1712 0.9637 0.2050
vn -0.1716 0.9636 0.2051
vn 0.0898 0.9743 0.2065
vn 0.0908 0.9744 0.2056
vn 0.0897 0.9745 0.2056
vn 0.3464 0.9182 0.1920
vn 0.3469 0.9180 0.1921
vn 0.3466 0.9181 0.1921
vn 0.0908 0.9744 0.2057
vn 0.0912 0.9745 0.2048
vn 0.0902 0.9745 0.2056
vn -0.1576 0.9279 0.3379
vn -0.1562 0.9286 0.3366
vn -0.1578 0.9284 0.3365
vn -0.1154 0.8810 0.4588
vn -0.1159 0.8812 0.4582
vn -0.1557 0.9287 0.3365
vn -0.1555 0.9293 0.3351
vn -0.1570 0.9285 0.3366
vn 0.3576 0.9006 0.2472
vn 0.3588 0.9003 0.2464
vn 0.3582 0.9005 0.2467
vn 0.3493 0.9107 0.2203
vn 0.3489 0.9109 0.2202
vn 0.1001 0.9523 0.2884
vn 0.1007 0.9523 0.2882
vn 0.3497 0.9106 0.2204
vn 0.3499 0.9105 0.2203
vn 0.1009 0.9523 0.2879
vn 0.1006 0.9522 0.2883
vn -0.1156 0.8815 0.4578
vn -0.1160 0.8813 0.4580
vn -0.1158 0.8813 0.4582
vn 0.3584 0.9004 0.2465
vn 0.3591 0.9002 0.2462
vn 0.3597 0.9002 0.2455
vn 0.1253 0.9226 0.3650
vn 0.1250 0.9228 0.3644
vn 0.1249 0.9225 0.3652
vn 0.1250 0.9223 0.3657
vn 0.1252 0.9226 0.3648
vn -0.0513 0.8238 0.5646
vn -0.0512 0.8241 0.5641
vn -0.0515 0.8240 0.5642
vn -0.0507 0.8242 0.5640
vn -0.0509 0.8244 0.5637
vn -0.0513 0.8241 0.5642
vn 0.3729 0.8880 0.2691
vn 0.3727 0.8881 0.2689
vn 0.1665 0.8864 0.4318
vn 0.1666 0.8864 0.4319
vn 0.3726 0.8882 0.2688
vn 0.3724 0.8884 0.2685
vn 0.0350 0.7600 0.6489
vn 0.0353 0.7598 0.6492
vn 0.3912 0.8743 0.2874
vn 0.3908 0.8745 0.2873
vn 0.3916 0.8740 0.2878
vn 0.3909 0.8744 0.2874
vn 0.3900 0.8749 0.2872
vn 0.3904 0.8746 0.2875
vn 0.2213 0.8460 0.4851
vn 0.2215 0.8463 0.4845
vn 0.2207 0.8461 0.4851
vn 0.2205 0.8459 0.4856
vn 0.2209 0.8461 0.4851
vn 0.2202 0.8462 0.4852
vn 0.1391 0.6920 0.7084
vn 0.1391 0.6924 0.7080
vn 0.1384 0.6920 0.7085
vn 0.1383 0.6914 0.7091
vn 0.1389 0.6920 0.7084
vn 0.2529 0.6235 0.7398
vn 0.2527 0.6238 0.7396
vn 0.2525 0.6234 0.7400
vn 0.2854 0.8034 0.5226
vn 0.4132 0.8598 0.3000
vn 0.2850 0.8035 0.5226
vn 0.4132 0.8597 0.3003
vn 0.4127 0.8600 0.3001
vn 0.2530 0.6240 0.7393
vn 0.2530 0.6236 0.7397
vn 0.3735 0.5589 0.7403
vn 0.3733 0.5586 0.7407
vn 0.4378 0.8451 0.3069
vn 0.4378 0.8450 0.3072
vn 0.3573 0.7605 0.5423
vn 0.3576 0.7609 0.5414
vn 0.3575 0.7607 0.5418
vn 0.4376 0.8451 0.3070
vn 0.4376 0.8455 0.3061
vn 0.4376 0.8453 0.3065
vn 0.3730 0.5581 0.7412
vn 0.3730 0.5584 0.7410
vn 0.4635 0.8312 0.3070
vn 0.4331 0.7196 0.5427
vn 0.4331 0.7194 0.5430
vn 0.4637 0.8310 0.3073
vn 0.4333 0.7197 0.5425
vn 0.4332 0.7197 0.5425
vn 0.4932 0.4996 0.7122
vn 0.4923 0.4999 0.7126
vn 0.4936 0.4999 0.7117
vn 0.4945 0.4999 0.7110
vn 0.4933 0.4998 0.7119
vn 0.4938 0.4999 0.7115
vn 0.5142 0.8079 0.2880
vn 0.5136 0.8080 0.2888
vn 0.5140 0.8078 0.2886
vn 0.4892 0.8186 0.3010
vn 0.5089 0.6829 0.5240
vn 0.5085 0.6829 0.5245
vn 0.4894 0.8183 0.3015
vn 0.5092 0.6823 0.5246
vn 0.5090 0.6825 0.5245
vn 0.6073 0.4504 0.6544
vn 0.6077 0.4503 0.6542
vn 0.6074 0.4507 0.6542
vn 0.6070 0.4510 0.6543
vn 0.6074 0.4505 0.6543
vn 0.6074 0.4509 0.6540
vn 0.5375 0.7987 0.2704
vn 0.5362 0.7995 0.2707
vn 0.5369 0.7990 0.2708
vn 0.5135 0.8079 0.2893
vn 0.5806 0.6512 0.4887
vn 0.5805 0.6515 0.4884
vn 0.7096 0.4126 0.5712
vn 0.7098 0.4127 0.5709
vn 0.7940 0.3891 0.4672
vn 0.7947 0.3884 0.4665
vn 0.7934 0.3897 0.4675
vn 0.7944 0.3884 0.4670
vn 0.7956 0.3874 0.4657
vn 0.7950 0.3882 0.4661
vn 0.7098 0.4131 0.5706
vn 0.5532 0.7950 0.2489
vn 0.5544 0.7944 0.2482
vn 0.5536 0.7949 0.2483
vn 0.6983 0.6124 0.3705
vn 0.5547 0.7942 0.2482
vn 0.5553 0.7940 0.2475
vn 0.5540 0.7946 0.2482
vn 0.6446 0.6279 0.4361
vn 0.6982 0.6125 0.3706
vn 0.6983 0.6125 0.3706
vn 0.6450 0.6274 0.4363
vn 0.5366 0.7992 0.2708
vn 0.5360 0.7996 0.2707
vn 0.5354 0.7999 0.2711
vn 0.8583 0.3792 0.3458
vn 0.8584 0.3792 0.3454
vn 0.8578 0.3798 0.3463
vn 0.8576 0.3798 0.3468
vn 0.8582 0.3791 0.3460
vn 0.8579 0.3796 0.3463
vn 0.5678 0.7926 0.2221
vn 0.7381 0.6070 0.2947
vn 0.7378 0.6070 0.2952
vn 0.7384 0.6067 0.2943
vn 0.5679 0.7925 0.2223
vn 0.5681 0.7923 0.2225
vn 0.5681 0.7924 0.2223
vn 0.7389 0.6065 0.2936
vn 0.7383 0.6067 0.2946
vn 0.7387 0.6065 0.2942
vn 0.8970 0.3859 0.2156
vn 0.8973 0.3858 0.2146
vn 0.8972 0.3857 0.2151
vn 0.8975 0.3851 0.2148
vn 0.8977 0.3849 0.2144
vn 0.8973 0.3856 0.2150
vn 0.5760 0.7941 0.1942
vn 0.5764 0.7938 0.1940
vn 0.5759 0.7943 0.1937
vn 0.7625 0.6112 0.2121
vn 0.7623 0.6112 0.2129
vn 0.7632 0.6104 0.2121
vn 0.7633 0.6106 0.2111
vn 0.7629 0.6108 0.2119
vn 0.7632 0.6104 0.2119
vn 0.5760 0.7941 0.1941
vn 0.5764 0.7936 0.1947
vn 0.5765 0.7937 0.1942
vn 0.9101 0.4066 0.0804
vn 0.9098 0.4071 0.0804
vn 0.9098 0.4071 0.0807
vn 0.7711 0.6238 0.1272
vn 0.5782 0.7990 0.1653
vn 0.5791 0.7983 0.1651
vn 0.5780 0.7993 0.1643
vn 0.5789 0.7985 0.1653
vn 0.5795 0.7979 0.1661
vn 0.5792 0.7983 0.1652
vn 0.7714 0.6236 0.1271
vn 0.8956 0.4419 -0.0511
vn 0.8548 0.4893 -0.1727
vn 0.8548 0.4892 -0.1733
vn 0.7622 0.6458 0.0444
vn 0.7626 0.6454 0.0446
vn 0.7624 0.6456 0.0442
vn 0.8957 0.4418 -0.0512
vn 0.5759 0.8060 0.1371
vn 0.5755 0.8062 0.1371
vn 0.5760 0.8058 0.1374
vn 0.5758 0.8060 0.1371
vn 0.5756 0.8062 0.1368
vn 0.7620 0.6461 0.0444
vn 0.7622 0.6458 0.0448
vn 0.7623 0.6457 0.0443
vn 0.8551 0.4890 -0.1723
vn 0.8549 0.4892 -0.1726
vn 0.8549 0.4892 -0.1729
vn 0.5667 0.8164 0.1109
vn 0.5671 0.8162 0.1108
vn 0.5666 0.8166 0.1105
vn 0.7359 0.6764 -0.0318
vn 0.7363 0.6759 -0.0323
vn 0.7360 0.6762 -0.0323
vn 0.7364 0.6758 -0.0323
vn 0.7366 0.6755 -0.0327
vn 0.7362 0.6760 -0.0319
vn 0.5670 0.8162 0.1111
vn 0.5675 0.8158 0.1112
vn 0.5673 0.8160 0.1109
vn 0.7897 0.5464 -0.2790
vn 0.7037 0.6102 -0.3640
vn 0.7036 0.6104 -0.3638
vn 0.7040 0.6100 -0.3638
vn 0.7898 0.5464 -0.2786
vn 0.7898 0.5464 -0.2785
vn 0.5533 0.8284 0.0875
vn 0.5527 0.8287 0.0884
vn 0.5530 0.8285 0.0881
vn 0.5531 0.8285 0.0879
vn 0.5530 0.8285 0.0884
vn 0.5534 0.8283 0.0876
vn 0.6954 0.7118 -0.0987
vn 0.6952 0.7120 -0.0989
vn 0.7034 0.6107 -0.3637
vn 0.5124 0.8569 0.0566
vn 0.5346 0.8423 0.0694
vn 0.5349 0.8420 0.0697
vn 0.5343 0.8424 0.0693
vn 0.6407 0.7525 -0.1522
vn 0.6410 0.7524 -0.1518
vn 0.5347 0.8422 0.0695
vn 0.5353 0.8418 0.0700
vn 0.5350 0.8420 0.0697
vn 0.6411 0.7522 -0.1522
vn 0.6413 0.7522 -0.1517
vn 0.5764 0.7950 -0.1892
vn 0.5764 0.7951 -0.1887
vn 0.6004 0.6786 -0.4231
vn 0.4861 0.7465 -0.4543
vn 0.6007 0.6784 -0.4230
vn 0.5124 0.8569 0.0569
vn 0.5764 0.7948 -0.1897
vn 0.5764 0.7949 -0.1894
vn 0.3659 0.8117 -0.4553
vn 0.4619 0.8855 0.0502
vn 0.4878 0.8715 0.0506
vn 0.4881 0.8713 0.0506
vn 0.4880 0.8714 0.0506
vn 0.4883 0.8712 0.0506
vn 0.5043 0.8377 -0.2097
vn 0.5040 0.8379 -0.2093
vn 0.5037 0.8383 -0.2089
vn 0.5040 0.8380 -0.2092
vn 0.3658 0.8117 -0.4553
vn 0.4285 0.8789 -0.2096
vn 0.4620 0.8855 0.0499
vn 0.4286 0.8789 -0.2095
vn 0.2457 0.8709 -0.4257
vn 0.2456 0.8707 -0.4261
vn 0.4118 0.9087 0.0685
vn 0.4358 0.8983 0.0560
vn 0.4360 0.8982 0.0563
vn 0.4354 0.8985 0.0559
vn 0.4359 0.8982 0.0563
vn 0.4365 0.8979 0.0566
vn 0.4363 0.8980 0.0565
vn 0.3528 0.9157 -0.1923
vn 0.3529 0.9158 -0.1916
vn 0.1316 0.9202 -0.3687
vn 0.1313 0.9203 -0.3685
vn 0.1323 0.9197 -0.3698
vn 0.1320 0.9200 -0.3690
vn 0.1321 0.9199 -0.3692
vn 0.0292 0.9578 -0.2860
vn 0.2812 0.9470 -0.1555
vn 0.2821 0.9466 -0.1559
vn 0.2816 0.9468 -0.1557
vn 0.4120 0.9086 0.0686
vn 0.2805 0.9472 -0.1552
vn 0.2810 0.9471 -0.1554
vn 0.2816 0.9469 -0.1554
vn -0.0557 0.9818 -0.1814
vn -0.0551 0.9818 -0.1815
vn 0.0293 0.9578 -0.2860
vn 0.2172 0.9706 -0.1033
vn 0.3721 0.9219 0.1084
vn 0.3711 0.9222 0.1091
vn 0.3717 0.9219 0.1090
vn 0.2175 0.9706 -0.1033
vn 0.3904 0.9166 0.0865
vn 0.3891 0.9171 0.0866
vn 0.3909 0.9162 0.0877
vn 0.1629 0.9859 -0.0376
vn 0.1650 0.9856 -0.0361
vn 0.1645 0.9857 -0.0376
vn 0.3707 0.9223 0.1091
vn 0.3704 0.9224 0.1096
vn 0.3713 0.9221 0.1090
vn 0.3898 0.9168 0.0864
vn 0.3882 0.9176 0.0853
vn 0.3885 0.9174 0.0866
vn 0.1622 0.9860 -0.0376
vn 0.1638 0.9858 -0.0376
vn 0.1620 0.9860 -0.0392
vn 0.9585 -0.2338 0.1633
vn 0.9531 -0.2948 -0.0683
vn 0.9015 -0.3135 -0.2983
vn 0.0002 0.8184 -0.5746
vn -0.1896 0.8457 -0.4989
vn -0.3808 0.8410 -0.3844
vn -0.6381 0.5957 -0.4878
vn -0.4681 0.7791 -0.4170
vn -0.2698 0.9109 -0.3123
vn 0.9242 -0.0929 0.3705
vn 0.9189 0.1275 0.3733
vn 0.9187 0.1274 0.3738
vn 0.8510 -0.3834 0.3589
vn 0.9170 -0.1328 0.3760
vn 0.9187 0.1273 0.3739
vn 0.9186 0.1276 0.3740
vn 0.8630 0.1190 0.4910
vn 0.9837 0.0446 0.1743
vn 0.9741 0.1394 0.1783
vn 0.9676 0.1331 0.2144
vn 0.9854 0.1700 -0.0054
vn 0.9855 0.1696 -0.0070
vn 0.9855 0.1697 -0.0047
vn 0.9850 0.1724 -0.0050
vn 0.9853 0.1709 -0.0030
vn 0.9846 0.1747 -0.0047
vn 0.9848 0.1739 -0.0020
vn 0.9854 0.1701 -0.0051
vn 0.9852 0.1716 -0.0038
vn 0.9461 0.2787 -0.1648
vn 0.9572 0.2247 -0.1823
vn 0.8691 -0.2265 -0.4397
vn 0.4811 -0.6904 -0.5403
vn 0.9361 0.2500 -0.2475
vn 0.9380 0.0081 -0.3465
vn 0.8748 0.3806 -0.2999
vn 0.8375 -0.1956 -0.5103
vn 0.9034 0.2819 -0.3232
vn 0.8993 0.0464 -0.4349
vn 0.7711 -0.1356 -0.6221
vn 0.3065 -0.6742 -0.6719
vn 0.8481 0.0932 -0.5215
vn 0.8586 0.3225 -0.3986
vn 0.7233 -0.0975 -0.6836
vn 0.7780 0.4755 -0.4106
vn 0.8102 0.3614 -0.4615
vn 0.7913 0.1383 -0.5956
vn 0.6348 -0.0308 -0.7721
vn 0.1570 -0.6177 -0.7706
vn 0.7503 0.4065 -0.5214
vn 0.7212 0.1913 -0.6658
vn 0.6591 0.5637 -0.4978
vn 0.6493 0.2412 -0.7213
vn 0.6888 0.4494 -0.5689
vn 0.5747 0.0113 -0.8183
vn 0.4679 0.0816 -0.8800
vn 0.5655 0.2966 -0.7695
vn 0.0225 -0.5288 -0.8485
vn 0.6162 0.4973 -0.6107
vn 0.3978 0.1249 -0.9089
vn 0.4825 0.3485 -0.8036
vn 0.5456 0.5421 -0.6391
vn 0.5209 0.6447 -0.5594
vn 0.2785 0.1962 -0.9402
vn 0.4648 0.5893 -0.6608
vn 0.3890 0.4037 -0.8281
vn -0.1042 -0.4032 -0.9092
vn 0.3649 0.7170 -0.5940
vn 0.2042 0.2382 -0.9495
vn 0.2994 0.4549 -0.8387
vn 0.3879 0.6330 -0.6700
vn 0.0775 0.3064 -0.9487
vn 0.3031 0.6778 -0.6699
vn -0.2250 -0.2252 -0.9480
vn 0.2008 0.5069 -0.8383
vn 0.1910 0.7765 -0.6004
vn 0.0038 0.3439 -0.9390
vn 0.1096 0.5546 -0.8249
vn 0.2247 0.7184 -0.6584
vn -0.1249 0.4060 -0.9053
vn -0.1482 0.4168 -0.8968
vn -0.3346 0.0266 -0.9420
vn 0.1402 0.7584 -0.6365
vn -0.0550 0.6324 -0.7727
vn 0.0111 0.6008 -0.7993
vn -0.3281 0.4947 -0.8047
vn -0.3092 0.4871 -0.8167
vn -0.4037 0.3580 -0.8419
vn -0.2190 0.7015 -0.6782
vn -0.1744 0.6827 -0.7096
vn -0.4985 0.5567 -0.6645
vn -0.4036 0.5216 -0.7517
vn -0.3810 0.6952 -0.6095
vn -0.3475 0.7469 -0.5669
vn -0.3355 0.7418 -0.5807
vn -0.6905 0.4842 -0.5374
vn -0.5382 0.4399 -0.7189
vn -0.3546 0.3700 -0.8587
vn -0.5382 0.4398 -0.7190
vn -0.1504 0.2786 -0.9486
vn 0.0625 0.1710 -0.9833
vn 0.2718 0.0535 -0.9609
vn 0.6318 -0.1839 -0.7530
vn 0.7615 -0.2899 -0.5797
vn 0.8470 -0.3791 -0.3727
vn 0.8832 -0.4462 -0.1440
vn 0.8682 -0.4875 0.0930
vn 0.8026 -0.5004 0.3247
vn 0.8026 -0.5004 0.3246
vn 0.6905 -0.4842 0.5374
vn 0.5382 -0.4399 0.7190
vn 0.3546 -0.3700 0.8587
vn 0.1504 -0.2786 0.9486
vn -0.0625 -0.1710 0.9833
vn -0.2718 -0.0535 0.9609
vn -0.6318 0.1839 0.7530
vn -0.7615 0.2899 0.5797
vn -0.8470 0.3791 0.3727
vn -0.8832 0.4462 0.1440
vn -0.8682 0.4875 -0.0930
vn -0.8026 0.5004 -0.3247
vn -0.8026 0.5004 -0.3246
vn 0.8189 0.2663 0.5085
vn 0.8190 0.2664 0.5082
vn 0.7111 0.2977 0.6369
vn 0.7106 0.2978 0.6375
vn 0.5806 0.3474 0.7364
vn 0.5803 0.3475 0.7366
vn 0.5810 0.3472 0.7362
vn 0.5806 0.3475 0.7363
vn 0.4355 0.4121 0.8003
vn 0.4357 0.4123 0.8001
vn 0.2845 0.4885 0.8249
vn 0.2844 0.4884 0.8250
vn 0.1360 0.5721 0.8088
vn 0.1359 0.5719 0.8090
vn -0.0014 0.6578 0.7532
vn -0.0013 0.6575 0.7535
vn -0.1195 0.7406 0.6613
vn -0.1201 0.7404 0.6613
vn -0.1200 0.7404 0.6614
vn -0.1195 0.7403 0.6616
vn -0.2116 0.8158 0.5383
vn -0.2119 0.8157 0.5383
vn -0.2121 0.8156 0.5384
vn -0.2724 0.8789 0.3915
vn -0.2723 0.8790 0.3915
vn -0.2975 0.9268 0.2292
vn -0.2975 0.9268 0.2293
vn -0.2981 0.9266 0.2291
vn -0.2869 0.9560 0.0610
vn -0.2866 0.9561 0.0612
vn -0.2873 0.9559 0.0609
vn -0.2870 0.9560 0.0610
vn -0.2405 0.9651 -0.1031
vn -0.2416 0.9649 -0.1034
vn -0.2413 0.9649 -0.1033
vn -0.2407 0.9651 -0.1034
vn -0.1609 0.9536 -0.2543
vn -0.1612 0.9536 -0.2544
vn -0.0532 0.9220 -0.3835
vn -0.0532 0.9221 -0.3834
vn 0.0770 0.8725 -0.4824
vn 0.0772 0.8724 -0.4826
vn 0.0771 0.8727 -0.4822
vn 0.2220 0.8075 -0.5464
vn 0.2221 0.8076 -0.5462
vn 0.3732 0.7313 -0.5709
vn 0.3733 0.7313 -0.5709
vn 0.5219 0.6481 -0.5547
vn 0.5218 0.6479 -0.5550
vn 0.6591 0.5623 -0.4994
vn 0.6591 0.5623 -0.4993
vn 0.7772 0.4795 -0.4074
vn 0.7771 0.4795 -0.4076
vn 0.8693 0.4043 -0.2843
vn 0.8693 0.4042 -0.2845
vn 0.9300 0.3408 -0.1374
vn 0.9300 0.3408 -0.1375
vn 0.9557 0.2934 0.0248
vn 0.9557 0.2932 0.0247
vn 0.9450 0.2640 0.1930
vn 0.9450 0.2639 0.1929
vn 0.8986 0.2549 0.3572
vn 0.8985 0.2548 0.3574
vn -0.2408 0.9651 -0.1034
vn -0.2407 0.9651 -0.1032
vn -0.2872 0.9559 0.0609
vn -0.2875 0.9559 0.0607
vn -0.2874 0.9559 0.0610
vn -0.2977 0.9267 0.2292
vn -0.2723 0.8789 0.3916
vn -0.2723 0.8790 0.3914
vn -0.2111 0.8160 0.5382
vn -0.2111 0.8158 0.5385
vn -0.2116 0.8156 0.5386
vn -0.1194 0.7404 0.6614
vn -0.1196 0.7403 0.6615
vn -0.0014 0.6573 0.7536
vn -0.0015 0.6577 0.7533
vn 0.1358 0.5718 0.8091
vn 0.4356 0.4122 0.8002
vn 0.5806 0.3473 0.7364
vn 0.5805 0.3474 0.7364
vn 0.7109 0.2979 0.6370
vn 0.7110 0.2979 0.6370
vn 0.8188 0.2663 0.5085
vn 0.8188 0.2665 0.5085
vn 0.9451 0.2639 0.1930
vn 0.9450 0.2641 0.1929
vn 0.9557 0.2933 0.0248
vn 0.9556 0.2936 0.0244
vn 0.9558 0.2931 0.0248
vn 0.9300 0.3409 -0.1375
vn 0.9300 0.3410 -0.1374
vn 0.8693 0.4041 -0.2846
vn 0.8694 0.4042 -0.2843
vn 0.7774 0.4793 -0.4073
vn 0.6593 0.5622 -0.4992
vn 0.5216 0.6479 -0.5551
vn 0.3733 0.7314 -0.5707
vn 0.2222 0.8076 -0.5463
vn 0.2220 0.8076 -0.5463
vn 0.0768 0.8726 -0.4824
vn -0.0529 0.9221 -0.3833
vn -0.0529 0.9222 -0.3830
vn -0.1613 0.9536 -0.2544
vn -0.1612 0.9535 -0.2547
vn -0.7147 0.4367 -0.5463
vn -0.6952 0.4852 -0.5304
vn -0.5819 0.3516 -0.7333
vn -0.5322 0.4885 -0.6915
vn -0.4148 0.2487 -0.8753
vn -0.3450 0.4616 -0.8173
vn -0.2251 0.1325 -0.9653
vn -0.1433 0.4082 -0.9016
vn -0.0246 0.0085 -0.9997
vn 0.0632 0.3332 -0.9407
vn 0.1750 -0.1173 -0.9776
vn 0.2649 0.2414 -0.9336
vn 0.3625 -0.2390 -0.9008
vn 0.4530 0.1382 -0.8807
vn 0.5279 -0.3501 -0.7738
vn 0.6188 0.0289 -0.7850
vn 0.6625 -0.4445 -0.6030
vn 0.7549 -0.0817 -0.6507
vn 0.7588 -0.5162 -0.3973
vn 0.8545 -0.1887 -0.4840
vn 0.8115 -0.5600 -0.1672
vn 0.9121 -0.2877 -0.2923
vn 0.8175 -0.5711 0.0747
vn 0.9232 -0.3747 -0.0850
vn 0.7762 -0.5464 0.3145
vn 0.8857 -0.4464 0.1271
vn 0.7994 -0.5004 0.3325
vn 0.6642 -0.5302 0.5269
vn 0.6951 -0.4853 0.5304
vn 0.4891 -0.5237 0.6975
vn 0.5787 -0.4021 0.7095
vn 0.2877 -0.4844 0.8262
vn 0.4302 -0.3036 0.8501
vn 0.0716 -0.4171 0.9060
vn 0.2591 -0.1935 0.9463
vn -0.1475 -0.3277 0.9332
vn 0.0753 -0.0763 0.9942
vn -0.3581 -0.2223 0.9068
vn -0.1114 0.0433 0.9928
vn -0.5493 -0.1074 0.8287
vn -0.2921 0.1603 0.9429
vn -0.7111 0.0105 0.7031
vn -0.4579 0.2697 0.8471
vn -0.8344 0.1254 0.5366
vn -0.6014 0.3664 0.7100
vn -0.9122 0.2316 0.3380
vn -0.7163 0.4453 0.5372
vn -0.9386 0.3242 0.1182
vn -0.7963 0.5024 0.3369
vn -0.9103 0.3990 -0.1104
vn -0.8380 0.5327 0.1180
vn -0.8267 0.4528 -0.3339
vn -0.8392 0.5328 -0.1092
vn -0.7994 0.5003 -0.3326
vn 0.7186 0.4516 -0.5288
vn 0.7228 0.4891 -0.4881
vn 0.8307 0.3247 -0.4523
vn 0.8269 0.4403 -0.3497
vn 0.9201 0.2044 -0.3340
vn 0.8956 0.3983 -0.1984
vn 0.9785 0.0994 -0.1806
vn 0.9299 0.3656 -0.0401
vn 0.9998 0.0175 -0.0026
vn 0.9313 0.3444 0.1191
vn 0.9815 -0.0356 0.1880
vn 0.9014 0.3354 0.2737
vn 0.9241 -0.0561 0.3781
vn 0.8425 0.3395 0.4182
vn 0.8310 -0.0427 0.5547
vn 0.7568 0.3563 0.5480
vn 0.7087 0.0037 0.7055
vn 0.6473 0.3853 0.6577
vn 0.5659 0.0801 0.8206
vn 0.5171 0.4251 0.7428
vn 0.4125 0.1811 0.8928
vn 0.3698 0.4741 0.7990
vn 0.2602 0.2997 0.9179
vn 0.2094 0.5297 0.8219
vn 0.1197 0.4271 0.8963
vn 0.0394 0.5876 0.8082
vn 0.0013 0.5551 0.8318
vn -0.1293 0.6413 0.7563
vn -0.0947 0.6759 0.7308
vn -0.2826 0.6922 0.6641
vn -0.1695 0.7792 0.6035
vn -0.4101 0.7415 0.5309
vn -0.2168 0.8608 0.4604
vn -0.5021 0.7842 0.3646
vn -0.2355 0.9217 0.3081
vn -0.5502 0.8163 0.1761
vn -0.2271 0.9618 0.1528
vn -0.5511 0.8341 -0.0218
vn -0.1910 0.9816 0.0005
vn -0.5031 0.8369 -0.2156
vn -0.1305 0.9810 -0.1433
vn -0.4101 0.8234 -0.3922
vn -0.0464 0.9607 -0.2738
vn -0.2781 0.7949 -0.5393
vn 0.0569 0.9208 -0.3858
vn -0.1164 0.7537 -0.6469
vn 0.1769 0.8622 -0.4747
vn 0.0638 0.7024 -0.7089
vn 0.3091 0.7851 -0.5368
vn 0.2499 0.6463 -0.7210
vn 0.4484 0.6900 -0.5682
vn 0.4286 0.5897 -0.6845
vn 0.5888 0.5776 -0.5653
vn 0.5880 0.5378 -0.6042
vn 0.7324 0.5050 -0.4566
vn 0.7380 0.5122 -0.4392
vn 0.8612 0.4241 -0.2802
vn 0.8555 0.3997 -0.3292
vn 0.9310 0.3545 -0.0873
vn 0.9372 0.3103 -0.1594
vn 0.9429 0.3097 0.1222
vn 0.9688 0.2448 0.0380
vn 0.8971 0.2938 0.3300
vn 0.9466 0.2091 0.2454
vn 0.8719 0.2065 0.4440
vn 0.7980 0.3081 0.5179
vn 0.7513 0.2372 0.6158
vn 0.6543 0.3513 0.6696
vn 0.5958 0.2986 0.7455
vn 0.4783 0.4198 0.7714
vn 0.4198 0.3850 0.8219
vn 0.2846 0.5073 0.8134
vn 0.2397 0.4886 0.8390
vn 0.0898 0.6058 0.7906
vn 0.0717 0.6004 0.7965
vn 0.5708 0.8208 0.0193
vn 0.5708 0.8208 0.0195
vn 0.6058 0.7932 0.0613
vn 0.6264 0.7710 0.1147
vn 0.6264 0.7711 0.1147
vn 0.6304 0.7565 0.1740
vn 0.6175 0.7510 0.2337
vn 0.6175 0.7511 0.2337
vn 0.5890 0.7552 0.2878
vn 0.5476 0.7685 0.3310
vn 0.4975 0.7895 0.3594
vn 0.4975 0.7896 0.3592
vn 0.4434 0.8166 0.3695
vn 0.3908 0.8468 0.3609
vn 0.3908 0.8468 0.3608
vn -0.6494 -0.0084 0.7604
vn -0.8255 0.1306 0.5491
vn -0.9287 0.2420 0.2810
vn -0.9489 0.3151 -0.0176
vn -0.8841 0.3427 -0.3176
vn -0.8841 0.3426 -0.3177
vn -0.7408 0.3220 -0.5896
vn -0.5328 0.2551 -0.8069
vn -0.2806 0.1485 -0.9483
vn -0.0088 0.0127 -0.9999
vn -0.0088 0.0128 -0.9999
vn 0.2558 -0.1390 -0.9567
vn 0.2559 -0.1390 -0.9567
vn 0.4876 -0.2917 -0.8229
vn 0.4876 -0.2918 -0.8229
vn 0.6637 -0.4307 -0.6116
vn 0.6636 -0.4307 -0.6116
vn 0.7669 -0.5421 -0.3435
vn 0.7871 -0.6152 -0.0449
vn 0.7223 -0.6428 0.2551
vn 0.7223 -0.6428 0.2552
vn 0.5790 -0.6221 0.5271
vn 0.3710 -0.5552 0.7444
vn 0.1188 -0.4487 0.8858
vn 0.1188 -0.4486 0.8858
vn -0.1530 -0.3129 0.9374
vn -0.4177 -0.1612 0.8942
vn -0.3419 -0.0113 0.9397
vn -0.0732 -0.1653 0.9835
vn 0.4588 -0.4114 0.7876
vn 0.6700 -0.4793 0.5669
vn 0.8156 -0.5003 0.2908
vn 0.8813 -0.4723 -0.0138
vn 0.7560 -0.2849 -0.5893
vn 0.5772 -0.1439 -0.8038
vn 0.8107 -0.5001 0.3043
vn 0.8464 -0.4336 0.3092
vn 0.9369 -0.3485 0.0292
vn 0.8421 -0.5391 0.0155
vn 0.9413 -0.2290 -0.2480
vn 0.8036 -0.5296 -0.2715
vn 0.8646 -0.0833 -0.4956
vn 0.6985 -0.4784 -0.5322
vn 0.7184 0.0785 -0.6912
vn 0.5357 -0.3946 -0.7465
vn 0.5190 0.2447 -0.8190
vn 0.3284 -0.2892 -0.8992
vn 0.2860 0.4034 -0.8692
vn 0.0925 -0.1733 -0.9805
vn 0.0405 0.5431 -0.8387
vn -0.1544 -0.0577 -0.9863
vn -0.1967 0.6538 -0.7307
vn -0.3948 0.0478 -0.9175
vn -0.5413 0.4504 -0.7100
vn -0.6424 0.4622 -0.6114
vn -0.6109 0.1348 -0.7801
vn -0.7176 0.4899 -0.4951
vn -0.7894 0.1895 -0.5840
vn -0.8106 0.5004 -0.3042
vn -0.8106 0.5004 -0.3043
vn -0.8774 0.4790 -0.0284
vn -0.8773 0.4790 -0.0282
vn -0.8731 0.4187 0.2498
vn -0.8731 0.4188 0.2498
vn -0.7980 0.3245 0.5078
vn -0.7980 0.3246 0.5078
vn -0.6583 0.2041 0.7246
vn -0.6582 0.2041 0.7246
vn -0.2346 -0.0753 0.9692
vn -0.2345 -0.0752 0.9692
vn 0.0151 -0.2117 0.9772
vn 0.0152 -0.2115 0.9773
vn 0.2636 -0.3308 0.9062
vn 0.2636 -0.3308 0.9061
vn 0.4907 -0.4232 0.7617
vn 0.4908 -0.4232 0.7616
vn 0.6783 -0.4812 0.5553
vn 0.6781 -0.4813 0.5555
vn 0.7559 0.0284 0.6541
vn 0.7560 0.0284 0.6540
vn 0.9036 -0.0043 0.4283
vn 0.9037 -0.0043 0.4281
vn 0.9855 0.0055 0.1693
vn 0.9936 0.0567 -0.0975
vn 0.9271 0.1443 -0.3460
vn 0.7924 0.2598 -0.5520
vn 0.7923 0.2599 -0.5520
vn 0.6027 0.3918 -0.6952
vn 0.6029 0.3919 -0.6949
vn 0.3768 0.5275 -0.7614
vn 0.3769 0.5276 -0.7614
vn 0.1366 0.6534 -0.7445
vn 0.1366 0.6534 -0.7446
vn -0.0944 0.7575 -0.6460
vn -0.0943 0.7575 -0.6460
vn -0.2934 0.8293 -0.4755
vn -0.2935 0.8294 -0.4754
vn -0.4412 0.8620 -0.2496
vn -0.4412 0.8620 -0.2497
vn -0.5231 0.8522 0.0094
vn -0.5231 0.8522 0.0092
vn -0.5312 0.8010 0.2761
vn -0.4645 0.7135 0.5246
vn -0.4647 0.7133 0.5246
vn -0.3299 0.5981 0.7304
vn -0.3299 0.5980 0.7305
vn -0.1403 0.4659 0.8736
vn -0.1403 0.4660 0.8736
vn 0.0857 0.3303 0.9400
vn 0.3259 0.2043 0.9231
vn 0.3258 0.2042 0.9231
vn 0.5569 0.1002 0.8245
vn 0.3748 -0.3783 0.8464
vn -0.1676 -0.1135 0.9793
vn 0.1089 -0.2586 0.9598
vn -0.4277 0.0426 0.9029
vn -0.6460 0.1946 0.7381
vn -0.8010 0.3276 0.5011
vn -0.8683 0.4874 -0.0921
vn -0.8776 0.4284 0.2150
vn -0.7740 0.4986 -0.3902
vn -0.6040 0.4610 -0.6501
vn -0.3748 0.3783 -0.8464
vn -0.1089 0.2586 -0.9598
vn 0.4277 -0.0426 -0.9029
vn 0.1676 0.1135 -0.9793
vn 0.6460 -0.1946 -0.7381
vn 0.8776 -0.4284 -0.2150
vn 0.8010 -0.3276 -0.5011
vn 0.8683 -0.4874 0.0921
vn 0.7740 -0.4986 0.3902
vn 0.6040 -0.4610 0.6501
vn -0.4674 -0.8656 -0.1799
vn -0.4668 -0.8657 -0.1804
vn 0.3419 0.0113 -0.9397
vn 0.0732 0.1653 -0.9835
vn -0.4588 0.4114 -0.7876
vn -0.6700 0.4793 -0.5669
vn -0.8156 0.5003 -0.2908
vn -0.8813 0.4723 0.0138
vn -0.7560 0.2849 0.5893
vn -0.5772 0.1439 0.8038
vn 0.4588 -0.4113 0.7876
vn 0.3420 0.0113 -0.9396
vn -0.2027 0.3032 -0.9311
vn -0.4588 0.4113 -0.7876
vn -0.4589 0.4114 -0.7876
vn 0.3447 0.8772 0.3342
vn 0.3447 0.8772 0.3343
vn 0.3097 0.9048 0.2922
vn 0.2887 0.9271 0.2390
vn 0.2894 0.9269 0.2389
vn 0.2891 0.9270 0.2388
vn 0.2887 0.9272 0.2387
vn 0.2892 0.9270 0.2389
vn 0.2851 0.9416 0.1794
vn 0.2852 0.9415 0.1795
vn 0.2981 0.9470 0.1198
vn 0.2980 0.9470 0.1198
vn 0.3265 0.9429 0.0658
vn 0.3266 0.9429 0.0658
vn 0.3679 0.9296 0.0225
vn 0.3679 0.9296 0.0221
vn 0.4181 0.9084 -0.0055
vn 0.4721 0.8814 -0.0158
vn 0.4721 0.8814 -0.0160
vn 0.5247 0.8512 -0.0073
vn 0.5248 0.8512 -0.0073
vn -0.0818 0.7016 0.7079
vn -0.0762 0.7152 0.6947
vn -0.1902 0.8204 0.5393
vn -0.2149 0.7883 0.5765
vn -0.2534 0.9022 0.3489
vn -0.3047 0.8627 0.4036
vn -0.2611 0.9550 0.1411
vn -0.3423 0.9172 0.2039
vn -0.2131 0.9748 -0.0659
vn -0.3237 0.9461 -0.0048
vn -0.2503 0.9464 -0.2039
vn -0.1140 0.9605 -0.2539
vn -0.1284 0.9180 -0.3753
vn 0.0275 0.9133 -0.4063
vn 0.0307 0.8634 -0.5037
vn 0.1993 0.8369 -0.5097
vn 0.2126 0.7881 -0.5777
vn 0.3864 0.7372 -0.5544
vn 0.4009 0.6995 -0.5916
vn 0.5721 0.6217 -0.5350
vn 0.5789 0.6063 -0.5453
vn -0.7024 0.7089 -0.0643
vn -0.7874 0.6021 0.1323
vn -0.8122 0.4792 0.3328
vn 0.5650 0.2297 0.7925
vn 0.7064 0.1132 0.6987
vn 0.8299 -0.0080 0.5579
vn 0.7595 -0.3708 0.5345
vn 0.8238 -0.1194 0.5542
vn 0.8359 0.1391 0.5310
vn -0.5343 0.8163 -0.2195
vn -0.3535 0.9225 -0.1553
vn -0.3525 0.9228 -0.1554
vn -0.3546 0.9220 -0.1554
vn -0.7302 0.6080 -0.3118
vn -0.5618 0.7921 -0.2388
vn -0.3530 0.9227 -0.1552
vn -0.3507 0.9236 -0.1550
vn -0.3519 0.9231 -0.1552
vn -0.3086 0.9101 -0.2767
vn -0.4894 0.8719 0.0165
vn -0.4064 0.9128 0.0409
vn -0.4019 0.9157 0.0037
vn -0.4193 0.8798 0.2240
vn -0.4201 0.8790 0.2253
vn -0.4198 0.8797 0.2233
vn -0.4170 0.8808 0.2243
vn -0.4178 0.8810 0.2219
vn -0.4144 0.8819 0.2248
vn -0.4159 0.8819 0.2220
vn -0.4199 0.8795 0.2238
vn -0.4179 0.8807 0.2229
vn -0.3360 0.8527 0.4000
vn -0.3913 0.8282 0.4011
vn -0.7479 0.4522 0.4859
vn -0.9206 -0.1249 0.3699
vn -0.3681 0.8042 0.4666
vn -0.5804 0.6543 0.4848
vn -0.2365 0.8036 0.5462
vn -0.7166 0.4207 0.5563
vn -0.3355 0.7702 0.5424
vn -0.5438 0.6139 0.5722
vn -0.6490 0.3615 0.6694
vn -0.8310 -0.2982 0.4696
vn -0.4908 0.5689 0.6599
vn -0.2904 0.7312 0.6172
vn -0.6020 0.3232 0.7301
vn -0.1236 0.7378 0.6636
vn -0.2419 0.6914 0.6808
vn -0.4345 0.5225 0.7336
vn -0.5135 0.2568 0.8188
vn -0.7174 -0.4220 0.5542
vn -0.1825 0.6466 0.7407
vn -0.3637 0.4710 0.8037
vn 0.0002 0.6591 0.7520
vn -0.2927 0.4203 0.8589
vn -0.1208 0.6034 0.7882
vn -0.4531 0.2143 0.8653
vn -0.3457 0.1441 0.9272
vn -0.2088 0.3650 0.9073
vn -0.5828 -0.5106 0.6321
vn -0.0494 0.5559 0.8298
vn -0.2762 0.1005 0.9558
vn -0.1257 0.3133 0.9413
vn 0.0224 0.5118 0.8588
vn 0.1332 0.5685 0.8118
vn -0.1568 0.0295 0.9872
vn 0.1028 0.4634 0.8801
vn -0.0320 0.2573 0.9658
vn -0.4200 -0.5693 0.7067
vn 0.2735 0.4672 0.8408
vn -0.0823 -0.0124 0.9965
vn 0.0575 0.2073 0.9766
vn 0.1804 0.4206 0.8891
vn 0.0442 -0.0805 0.9958
vn 0.2643 0.3742 0.8889
vn -0.2146 -0.5904 0.7780
vn 0.1556 0.1536 0.9758
vn 0.4189 0.3546 0.8359
vn 0.1179 -0.1181 0.9860
vn 0.2478 0.1077 0.9628
vn 0.3434 0.3350 0.8774
vn 0.2462 -0.1804 0.9523
vn 0.2700 -0.1915 0.9436
vn 0.0515 -0.5513 0.8327
vn 0.4266 0.2933 0.8555
vn 0.4122 0.0303 0.9106
vn 0.3451 0.0596 0.9367
vn 0.4495 -0.2696 0.8516
vn 0.4308 -0.2623 0.8635
vn 0.3749 -0.4095 0.8317
vn 0.5764 -0.0387 0.8163
vn 0.5309 -0.0220 0.8471
vn 0.6195 -0.3319 0.7114
vn 0.5240 -0.3008 0.7968
vn 0.6739 -0.1520 0.7230
vn 0.7045 -0.0854 0.7046
vn 0.6914 -0.0815 0.7179
vn 0.8469 -0.4963 0.1908
vn 0.8469 -0.4964 0.1906
vn -0.4673 -0.8656 -0.1799
vn -0.4674 -0.8654 -0.1803
vn -0.8130 0.5003 -0.2977
vn -0.8131 0.5004 -0.2976
vn -0.6743 0.4803 -0.5609
vn -0.6742 0.4803 -0.5610
vn 0.2026 -0.3032 0.9311
vn -0.6059 0.4616 -0.6479
vn -0.6060 0.4617 -0.6478
vn -0.2026 0.3032 -0.9311
vn -0.4658 -0.8664 -0.1801
vn -0.4656 -0.8667 -0.1790
vn -0.4668 -0.8657 -0.1808
vn -0.3479 -0.0076 0.9375
vn -0.5723 0.1404 0.8079
vn -0.5723 0.1403 0.8080
vn 0.6440 -0.1932 -0.7403
vn 0.8608 -0.3981 -0.3172
vn 0.8469 -0.4964 0.1908
vn -0.6442 0.1931 0.7401
vn -0.8608 0.3981 0.3172
vn -0.4671 -0.8657 -0.1798
vn -0.4675 -0.8656 -0.1796
vn -0.4653 -0.8668 -0.1793
vn -0.4658 -0.8662 -0.1806
vn -0.4679 -0.8652 -0.1801
vn 0.8130 -0.5003 0.2977
vn 0.8131 -0.5003 0.2977
vn 0.6742 -0.4803 0.5610
vn -0.6059 0.4615 -0.6480
vn -0.2028 0.3029 -0.9312
vn -0.9141 -0.3636 -0.1794
vn -0.0330 -0.9440 0.3284
vn -0.0335 -0.9440 0.3283
vn -0.0332 -0.9438 0.3289
vn -0.3956 -0.9147 -0.0831
vn -0.3980 -0.9136 -0.0836
vn -0.3975 -0.9140 -0.0814
vn -0.2214 -0.9664 0.1307
vn -0.2208 -0.9666 0.1300
vn -0.2208 -0.9666 0.1298
vn -0.3967 -0.9142 -0.0833
vn -0.3971 -0.9138 -0.0855
vn -0.3990 -0.9131 -0.0838
vn -0.2213 -0.9665 0.1303
vn -0.2211 -0.9665 0.1302
vn -0.2206 -0.9667 0.1295
vn -0.4512 -0.7509 0.4822
vn -0.4514 -0.7506 0.4825
vn -0.4510 -0.7510 0.4823
vn -0.4514 -0.7505 0.4827
vn -0.4509 -0.7508 0.4826
vn -0.4511 -0.7508 0.4825
vn -0.4813 -0.8750 -0.0515
vn -0.4809 -0.8752 -0.0517
vn -0.5551 -0.8263 -0.0956
vn -0.5555 -0.8261 -0.0949
vn -0.5547 -0.8267 -0.0946
vn -0.4849 -0.8447 0.2266
vn -0.4848 -0.8447 0.2267
vn -0.4805 -0.8755 -0.0517
vn -0.8159 -0.5107 0.2711
vn -0.8161 -0.5101 0.2717
vn -0.8151 -0.5114 0.2721
vn -0.8164 -0.5096 0.2717
vn -0.8156 -0.5103 0.2728
vn -0.8156 -0.5106 0.2720
vn -0.7146 -0.6931 0.0946
vn -0.7141 -0.6936 0.0945
vn -0.7144 -0.6934 0.0940
vn -0.9141 -0.3637 -0.1795
vn -0.5764 -0.7957 -0.1860
vn -0.5756 -0.7961 -0.1868
vn -0.5764 -0.7955 -0.1870
vn -0.7766 -0.6004 -0.1908
vn -0.5754 -0.7962 -0.1869
vn -0.5753 -0.7961 -0.1874
vn -0.5756 -0.7960 -0.1870
vn -0.5549 -0.8265 -0.0947
vn -0.5559 -0.8258 -0.0949
vn -0.5563 -0.8256 -0.0943
vn -0.7148 -0.6930 0.0942
vn -0.7145 -0.6932 0.0945
vn -0.7144 -0.6934 0.0941
vn -0.7766 -0.6005 -0.1906
vn -0.5379 -0.8023 -0.2589
vn -0.7439 -0.3975 -0.5371
vn -0.6633 -0.6217 -0.4166
vn -0.5382 -0.8021 -0.2588
vn -0.5222 -0.8114 -0.2627
vn -0.5535 -0.4788 -0.6815
vn 0.4570 0.8789 0.1369
vn -0.5506 -0.6691 -0.4991
vn -0.5017 -0.8167 -0.2850
vn -0.4478 -0.8458 -0.2899
vn -0.4333 -0.5339 -0.7261
vn -0.4738 -0.8299 -0.2945
vn -0.4660 -0.7084 -0.5301
vn -0.2067 -0.6459 -0.7349
vn -0.4325 -0.8511 -0.2976
vn -0.4321 -0.8513 -0.2975
vn -0.4329 -0.8510 -0.2974
vn -0.4323 -0.8512 -0.2976
vn -0.4316 -0.8515 -0.2979
vn -0.4319 -0.8515 -0.2974
vn -0.3327 -0.7745 -0.5380
vn -0.3829 -0.8834 -0.2703
vn -0.3843 -0.8828 -0.2700
vn -0.3817 -0.8837 -0.2708
vn -0.3829 -0.8887 -0.2522
vn -0.1831 -0.8733 -0.4515
vn 0.0252 -0.7992 -0.6006
vn -0.3834 -0.8832 -0.2702
vn -0.3855 -0.8825 -0.2692
vn -0.3845 -0.8828 -0.2698
vn 0.1309 -0.9076 -0.3988
vn 0.5067 0.8461 0.1653
vn -0.3620 -0.9029 -0.2317
vn -0.1214 -0.9358 -0.3311
vn -0.3595 -0.9201 -0.1558
vn -0.3581 -0.9206 -0.1555
vn -0.3589 -0.9204 -0.1552
vn -0.3651 -0.9150 -0.1718
vn 0.1514 -0.9883 -0.0199
vn -0.1051 -0.9901 -0.0926
vn -0.3576 -0.9208 -0.1555
vn -0.3576 -0.9209 -0.1547
vn -0.3584 -0.9205 -0.1553
vn -0.3556 -0.9125 -0.2023
vn 0.1576 -0.9500 -0.2696
vn -0.1018 -0.9655 -0.2397
vn 0.1996 -0.3091 0.9299
vn 0.5230 -0.4207 0.7413
vn -0.1358 -0.1160 0.9839
vn -0.8640 0.3922 0.3159
vn -0.7113 0.2635 0.6516
vn -0.8665 0.4955 -0.0610
vn 0.7753 -0.6096 0.1655
vn 0.7743 -0.6109 0.1649
vn 0.7753 -0.6099 0.1641
vn -0.6648 0.3383 -0.6660
vn -0.6650 0.3384 -0.6658
vn -0.6640 0.3386 -0.6667
vn -0.6630 0.3386 -0.6676
vn -0.6642 0.3385 -0.6665
vn -0.6636 0.3387 -0.6670
vn 0.4001 0.9122 0.0882
vn -0.7376 0.0976 -0.6682
vn -0.7379 0.0965 -0.6680
vn -0.7380 0.0982 -0.6676
vn -0.7653 -0.1511 -0.6256
vn -0.7381 0.0995 -0.6674
vn -0.7380 0.0977 -0.6677
vn -0.7384 0.0986 -0.6671
vn -0.5086 -0.6520 -0.5623
vn -0.3850 0.2307 -0.8936
vn -0.5326 -0.2506 -0.8084
vn -0.4699 -0.0115 -0.8826
vn -0.1451 0.1205 -0.9821
vn 0.4807 0.8749 0.0583
vn -0.2630 -0.1074 -0.9588
vn -0.3552 -0.3325 -0.8736
vn 0.5754 -0.3096 -0.7570
vn 0.5738 -0.3099 -0.7581
vn 0.5758 -0.3076 -0.7575
vn 0.1889 -0.0554 -0.9804
vn 0.1887 -0.0559 -0.9805
vn -0.0775 -0.4694 -0.8796
vn 0.0589 -0.2699 -0.9611
vn 0.0594 -0.2696 -0.9611
vn 0.0585 -0.2703 -0.9610
vn 0.0579 -0.2707 -0.9609
vn 0.0588 -0.2700 -0.9611
vn 0.0584 -0.2706 -0.9609
vn 0.5725 -0.3122 -0.7582
vn 0.5731 -0.3100 -0.7586
vn 0.5746 -0.3098 -0.7575
vn 0.5513 0.8284 0.0992
vn 0.2338 -0.6750 -0.6998
vn 0.4192 -0.5073 -0.7530
vn 0.4192 -0.5074 -0.7529
vn -0.0521 -0.9528 -0.2990
vn 0.3677 -0.8107 -0.4557
vn 0.7501 -0.4701 -0.4651
vn 0.5808 -0.6635 -0.4715
vn 0.6045 -0.7892 0.1085
vn 0.6027 -0.7907 0.1076
vn 0.6066 -0.7876 0.1082
vn 0.7749 -0.6103 0.1642
vn 0.7741 -0.6114 0.1645
vn 0.7739 -0.6119 0.1632
vn 0.8067 -0.5535 -0.2070
vn 0.3952 -0.9175 0.0441
vn 0.5708 0.7996 0.1866
vn 0.6055 -0.7884 0.1084
vn 0.6075 -0.7869 0.1082
vn 0.6094 -0.7853 0.1089
vn 0.4143 -0.8715 -0.2624
vn 0.6276 -0.7379 -0.2483
vn -0.1475 -0.1377 0.9794
vn 0.5113 -0.4424 0.7368
vn 0.7122 -0.2618 -0.6513
vn 0.8674 -0.4938 0.0613
vn 0.2110 -0.2877 0.9342
vn -0.2999 -0.1491 0.9422
vn 0.7123 -0.2618 -0.6513
vn 0.8411 -0.5068 0.1888
vn 0.6003 -0.4720 0.6456
vn 0.4820 -0.4933 0.7241
vn 0.5946 -0.2782 -0.7544
vn 0.8690 -0.3826 -0.3138
vn 0.8372 -0.5445 0.0503
vn -0.5077 -0.6473 0.5686
vn -0.2208 -0.2758 0.9355
vn -0.2586 -0.8787 0.4013
vn 0.1112 -0.9336 0.3406
vn 0.4280 -0.5757 0.6967
vn 0.2847 -0.9585 0.0122
vn 0.7789 -0.6264 0.0313
vn 0.1277 -0.9345 -0.3323
vn 0.1390 -0.7404 -0.6577
vn 0.6260 -0.3979 -0.6707
vn -0.7641 -0.2075 -0.6108
vn -0.7574 0.0453 -0.6514
vn -0.7622 -0.0815 -0.6422
vn -0.7643 -0.2073 -0.6107
vn -0.6111 -0.5660 -0.5533
vn -0.3719 -0.1059 -0.9222
vn -0.4562 -0.3280 -0.8272
vn -0.4235 -0.2148 -0.8801
vn -0.4565 -0.3283 -0.8270
vn -0.1073 -0.5110 -0.8529
vn -0.1833 -0.7901 -0.5849
vn -0.1072 -0.5112 -0.8528
vn -0.0391 -0.4162 -0.9084
vn 0.0160 -0.3091 -0.9509
vn 0.3881 -0.5547 -0.7359
vn 0.1897 -0.7071 -0.6812
vn 0.1897 -0.7073 -0.6810
vn 0.2878 -0.6316 -0.7198
vn 0.3442 -0.9385 0.0292
vn 0.3549 -0.8635 -0.3584
vn 0.3553 -0.8633 -0.3584
vn 0.3549 -0.8636 -0.3581
vn 0.0194 -0.9817 -0.1893
vn 0.5586 -0.8223 0.1084
vn 0.4583 -0.8866 0.0627
vn 0.3449 -0.9382 0.0292
vn 0.5719 -0.7283 -0.3775
vn 0.3557 -0.8630 -0.3587
vn 0.3557 -0.8632 -0.3583
vn 0.4699 -0.8040 -0.3644
vn -0.1410 -0.5558 -0.8193
vn 0.0591 -0.0242 -0.9980
vn -0.4968 -0.5224 -0.6930
vn -0.7602 -0.2695 -0.5912
vn -0.5899 0.2760 -0.7588
vn -0.9334 -0.2445 -0.2625
vn -0.9405 0.3265 -0.0937
vn -0.8835 -0.4667 0.0405
vn -0.7876 -0.4626 0.4071
vn -0.7876 0.0980 0.6083
vn 0.1367 0.1177 -0.9836
vn -0.5221 0.4224 -0.7409
vn -0.7230 0.2418 0.6471
vn -0.8782 0.4738 -0.0654
vn -0.8782 0.4738 -0.0655
vn -0.1944 0.3186 -0.9277
vn 0.2072 -0.0228 -0.9780
vn -0.8524 0.4859 -0.1931
vn -0.6116 0.4511 -0.6499
vn -0.5488 0.3694 -0.7499
vn -0.6872 0.1063 0.7186
vn -0.8523 0.4135 0.3202
vn -0.9040 0.4207 -0.0761
vn -0.7230 0.2418 0.6472
vn -0.9031 0.3724 -0.2138
vn 0.5373 -0.5759 0.6161
vn 0.5378 -0.5761 0.6155
vn 0.5370 -0.5756 0.6167
vn 0.5363 -0.5753 0.6176
vn 0.5371 -0.5758 0.6164
vn 0.5368 -0.5754 0.6171
vn 0.5268 0.8062 0.2695
vn 0.3831 -0.7559 0.5309
vn 0.3834 -0.7558 0.5308
vn 0.3828 -0.7559 0.5311
vn 0.2061 -0.8889 0.4092
vn 0.3824 -0.7560 0.5312
vn 0.3830 -0.7559 0.5310
vn 0.3827 -0.7559 0.5312
vn -0.3348 -0.9120 0.2368
vn 0.2528 -0.4741 0.8434
vn -0.0357 -0.8083 0.5877
vn 0.1069 -0.6612 0.7426
vn 0.0135 -0.3634 0.9315
vn 0.4456 0.8436 0.2996
vn -0.0994 -0.5657 0.8186
vn -0.0994 -0.5656 0.8187
vn -0.2151 -0.7256 0.6536
vn -0.3161 -0.1816 0.9312
vn -0.3162 -0.1815 0.9312
vn -0.4132 -0.3873 0.8241
vn -0.4124 -0.3890 0.8238
vn -0.4127 -0.3881 0.8241
vn -0.4837 -0.5721 0.6624
vn -0.4137 -0.3860 0.8245
vn -0.4134 -0.3869 0.8243
vn -0.4129 -0.3877 0.8241
vn -0.7016 0.0733 0.7088
vn -0.7015 0.0728 0.7089
vn -0.7014 0.0731 0.7090
vn -0.7017 0.0726 0.7088
vn -0.7014 0.0725 0.7090
vn -0.7014 0.0729 0.7090
vn 0.3751 0.8902 0.2585
vn -0.7948 -0.3670 0.4833
vn -0.7733 -0.1501 0.6160
vn -0.7731 -0.1499 0.6163
vn -0.7732 -0.1503 0.6161
vn -0.7912 -0.6109 -0.0266
vn -0.9397 -0.2487 0.2349
vn -0.9434 -0.0090 0.3315
vn -0.8811 0.2267 0.4150
vn -0.9373 0.3114 0.1567
vn -0.9029 0.3727 -0.2140
vn -0.9606 0.1304 -0.2454
vn -0.9573 -0.1240 -0.2612
vn 0.3561 0.9187 0.1710
vn -0.9606 0.1303 -0.2455
vn -0.9817 -0.1857 0.0426
vn -0.9922 0.0638 0.1075
vn 0.1608 -0.9118 0.3779
vn 0.3546 -0.7928 0.4957
vn 0.2561 -0.8574 0.4465
vn 0.1607 -0.9118 0.3780
vn -0.2058 -0.9493 0.2377
vn -0.0310 -0.6413 0.7667
vn -0.1470 -0.7909 0.5940
vn -0.0828 -0.7242 0.6846
vn -0.4961 -0.6081 0.6198
vn -0.6337 -0.7251 0.2694
vn -0.4960 -0.6080 0.6199
vn -0.4674 -0.5230 0.7127
vn -0.4192 -0.4380 0.7952
vn -0.7913 -0.1927 0.5802
vn -0.7931 -0.4125 0.4481
vn -0.7931 -0.4123 0.4483
vn -0.7943 -0.3073 0.5241
vn -0.8364 -0.5335 -0.1261
vn -0.9616 0.0749 -0.2640
vn -0.9647 -0.0523 -0.2583
vn -0.9479 -0.1810 -0.2621
vn -0.9478 -0.1811 -0.2623
vn -0.9586 -0.2557 0.1255
vn -0.9749 -0.0188 0.2218
vn -0.9585 -0.2559 0.1254
vn -0.9764 -0.1351 0.1687
vn 0.5754 -0.5154 0.6350
vn 0.5753 -0.5155 0.6351
vn 0.6080 0.5829 0.5390
vn 0.5069 -0.6168 0.6022
vn 0.4302 -0.7084 0.5595
vn 0.5072 -0.6168 0.6019
vn 0.1727 -0.3572 0.9179
vn 0.1729 -0.3574 0.9178
vn 0.0471 -0.5579 0.8286
vn 0.1110 -0.4613 0.8803
vn 0.1111 -0.4610 0.8804
vn -0.2838 -0.1182 0.9516
vn -0.2837 -0.1180 0.9516
vn 0.1972 0.7978 0.5698
vn -0.3385 -0.2258 0.9135
vn -0.3382 -0.2257 0.9136
vn -0.3876 -0.3302 0.8607
vn -0.6720 0.1384 0.7275
vn -0.6722 0.1380 0.7274
vn -0.7205 0.0263 0.6930
vn -0.7574 -0.0861 0.6472
vn -0.7208 0.0263 0.6927
vn -0.8885 0.3426 0.3052
vn -0.8747 0.4406 -0.2019
vn -0.8747 0.4407 -0.2017
vn -0.8886 0.3426 0.3051
vn -0.9197 0.3243 -0.2215
vn -0.9501 0.2018 -0.2378
vn 0.0025 0.9818 0.1900
vn -0.9197 0.3242 -0.2216
vn -0.9634 0.1087 0.2452
vn -0.9334 0.2276 0.2774
vn -0.9332 0.2280 0.2777
vn -0.9336 0.2274 0.2770
vn -0.9337 0.2271 0.2769
vn -0.9333 0.2277 0.2777
vn -0.9335 0.2273 0.2772
vn -0.7862 0.2925 0.5444
vn -0.7593 0.4822 -0.4370
vn 0.0196 0.1762 -0.9842
vn -0.2852 -0.4233 -0.8599
vn -0.2853 -0.4233 -0.8599
vn -0.8741 -0.1919 -0.4462
vn -0.8741 -0.1920 -0.4462
vn -0.8945 -0.3354 0.2957
vn -0.3260 -0.7103 0.6239
vn -0.3260 -0.7102 0.6240
vn 0.2629 -0.9416 0.2103
vn 0.2629 -0.9416 0.2102
vn 0.2833 -0.7981 -0.5317
vn 0.7716 -0.3196 -0.5500
vn 0.7446 -0.5094 0.4313
vn -0.0343 -0.2034 0.9785
vn -0.6342 0.4060 -0.6580
vn -0.6344 0.4061 -0.6577
vn 0.2188 0.9506 -0.2202
vn -0.6833 0.2900 -0.6701
vn -0.7212 0.1688 -0.6718
vn -0.6832 0.2900 -0.6702
vn -0.2319 0.2480 -0.9406
vn -0.2318 0.2478 -0.9407
vn -0.3386 0.0181 -0.9408
vn -0.2874 0.1345 -0.9483
vn -0.2871 0.1340 -0.9485
vn 0.2248 0.0087 -0.9744
vn 0.2247 0.0086 -0.9744
vn 0.6295 0.7355 -0.2505
vn 0.1621 -0.1010 -0.9816
vn 0.1622 -0.1011 -0.9816
vn 0.0965 -0.2096 -0.9730
vn 0.6131 -0.2475 -0.7502
vn 0.6133 -0.2476 -0.7500
vn 0.5444 -0.3531 -0.7609
vn 0.4669 -0.4532 -0.7594
vn 0.5443 -0.3531 -0.7609
vn 0.8294 -0.4521 -0.3282
vn 0.8294 -0.4523 -0.3280
vn 0.8157 -0.5501 0.1790
vn 0.8156 -0.5501 0.1794
vn 0.8297 -0.4519 -0.3277
vn 0.8294 -0.4522 -0.3280
vn 0.7434 -0.6510 0.1535
vn 0.6594 -0.7413 0.1253
vn 0.8241 0.5515 0.1293
vn 0.7435 -0.6508 0.1535
vn 0.6726 -0.6479 -0.3574
vn 0.7571 -0.5545 -0.3454
vn 0.7571 -0.5545 -0.3453
vn -0.2059 0.2973 -0.9323
vn -0.5104 0.4441 -0.7364
vn 0.1484 0.1394 -0.9790
vn 0.8576 -0.4040 -0.3183
vn 0.7239 -0.2401 -0.6468
vn 0.8791 -0.4721 0.0658
vn -0.3839 -0.8830 -0.2700
vn -0.3818 -0.8838 -0.2705
vn 0.0253 -0.7993 -0.6004
vn -0.1814 -0.8736 -0.4516
vn -0.3834 -0.8832 -0.2700
vn -0.3857 -0.8824 -0.2694
vn -0.3846 -0.8827 -0.2699
vn -0.3828 -0.8887 -0.2524
vn 0.1296 -0.9077 -0.3991
vn 0.5063 0.8463 0.1652
vn -0.1217 -0.9357 -0.3311
vn -0.1217 -0.9357 -0.3312
vn -0.3623 -0.9029 -0.2313
vn -0.3653 -0.9149 -0.1720
vn 0.1607 -0.9494 -0.2698
vn -0.3558 -0.9124 -0.2023
vn -0.1018 -0.9655 -0.2395
vn 0.1511 -0.9883 -0.0199
vn -0.3607 -0.9197 -0.1551
vn -0.3586 -0.9205 -0.1552
vn -0.3613 -0.9198 -0.1529
vn -0.3597 -0.9201 -0.1551
vn -0.3570 -0.9207 -0.1574
vn -0.3576 -0.9209 -0.1552
vn -0.1043 -0.9902 -0.0930
vn -0.3910 -0.9151 -0.0989
vn -0.3880 -0.9164 -0.0988
vn -0.3931 -0.9144 -0.0966
vn -0.4054 -0.9091 -0.0956
vn -0.1983 -0.9766 0.0830
vn 0.0084 -0.9674 0.2530
vn -0.3896 -0.9156 -0.0989
vn -0.3846 -0.9175 -0.1012
vn -0.3867 -0.9169 -0.0988
vn -0.1895 -0.8994 0.3940
vn 0.4760 0.8506 0.2234
vn -0.4260 -0.9018 -0.0728
vn -0.3138 -0.9350 0.1655
vn -0.4948 -0.8670 -0.0594
vn -0.4799 -0.8747 -0.0680
vn -0.5292 -0.7189 0.4507
vn -0.5289 -0.8234 0.2055
vn -0.4946 -0.8671 -0.0592
vn -0.4526 -0.8895 -0.0624
vn -0.3094 -0.8440 0.4380
vn -0.3993 -0.8955 0.1967
vn -0.8640 0.3922 0.3158
vn -0.8665 0.4955 -0.0609
vn -0.5442 -0.8344 -0.0876
vn -0.5426 -0.8355 -0.0871
vn -0.5458 -0.8333 -0.0877
vn -0.7618 -0.5652 0.3164
vn -0.6793 -0.7242 0.1189
vn -0.5435 -0.8348 -0.0875
vn -0.5403 -0.8369 -0.0872
vn -0.5420 -0.8359 -0.0870
vn -0.5449 -0.8318 -0.1057
vn -0.8752 -0.4706 0.1121
vn 0.4273 0.8829 0.1948
vn -0.7434 -0.6689 -0.0031
vn -0.5628 -0.8169 -0.1267
vn -0.5624 -0.8056 -0.1863
vn -0.9032 -0.4288 -0.0176
vn -0.5669 -0.8089 -0.1560
vn -0.7647 -0.6375 -0.0944
vn -0.8879 -0.3765 -0.2642
vn -0.5670 -0.7984 -0.2024
vn -0.5677 -0.7980 -0.2023
vn -0.5668 -0.7984 -0.2033
vn -0.5674 -0.7982 -0.2023
vn -0.5683 -0.7978 -0.2013
vn -0.5681 -0.7977 -0.2022
vn -0.7569 -0.6078 -0.2401
vn -0.5367 -0.8030 -0.2592
vn -0.5384 -0.8020 -0.2586
vn -0.5354 -0.8034 -0.2607
vn -0.5223 -0.8114 -0.2625
vn -0.7432 -0.3977 -0.5380
vn -0.5375 -0.8026 -0.2588
vn -0.5406 -0.8012 -0.2566
vn -0.5392 -0.8016 -0.2581
vn -0.5538 -0.4790 -0.6811
vn 0.4569 0.8789 0.1371
vn -0.5012 -0.8169 -0.2855
vn -0.5498 -0.6695 -0.4995
vn -0.4318 -0.8513 -0.2981
vn -0.4320 -0.8514 -0.2975
vn -0.4478 -0.8459 -0.2898
vn -0.2071 -0.6461 -0.7347
vn -0.3322 -0.7742 -0.5387
vn -0.4323 -0.8514 -0.2971
vn -0.4739 -0.8298 -0.2946
vn -0.4336 -0.5346 -0.7254
vn -0.4664 -0.7078 -0.5306
vn -0.4664 -0.7078 -0.5305
vn 0.1879 -0.0562 -0.9806
vn 0.1882 -0.0561 -0.9805
vn -0.7020 0.0727 0.7085
vn -0.7022 0.0723 0.7083
vn -0.7020 0.0732 0.7084
vn -0.7021 0.0726 0.7084
vn -0.7019 0.0726 0.7086
vn 0.3753 0.8901 0.2585
vn -0.7734 -0.1501 0.6159
vn -0.7739 -0.1505 0.6151
vn -0.7729 -0.1504 0.6165
vn -0.7951 -0.3665 0.4831
vn -0.7724 -0.1498 0.6173
vn -0.7726 -0.1504 0.6168
vn -0.7912 -0.6109 -0.0265
vn -0.8810 0.2266 0.4153
vn -0.9398 -0.2481 0.2350
vn -0.9434 -0.0089 0.3316
vn -0.9374 0.3111 0.1566
vn -0.9922 0.0636 0.1075
vn -0.9818 -0.1852 0.0426
vn -0.6640 0.3388 -0.6666
vn -0.6646 0.3384 -0.6662
vn -0.6640 0.3397 -0.6661
vn -0.9025 0.3734 -0.2147
vn -0.9029 0.3728 -0.2139
vn -0.9027 0.3733 -0.2141
vn -0.9030 0.3726 -0.2138
vn -0.9032 0.3725 -0.2132
vn -0.9027 0.3731 -0.2142
vn -0.9576 -0.1236 -0.2604
vn -0.9607 0.1303 -0.2452
vn -0.9607 0.1307 -0.2448
vn -0.9609 0.1303 -0.2444
vn -0.6650 0.3374 -0.6663
vn -0.6650 0.3383 -0.6659
vn -0.6643 0.3387 -0.6663
vn 0.4000 0.9123 0.0880
vn -0.7652 -0.1519 -0.6256
vn -0.7385 0.0974 -0.6672
vn -0.7377 0.0982 -0.6679
vn -0.7380 0.0972 -0.6677
vn -0.7376 0.0984 -0.6680
vn -0.7371 0.0986 -0.6686
vn -0.7379 0.0979 -0.6677
vn -0.5087 -0.6518 -0.5624
vn -0.5328 -0.2495 -0.8087
vn -0.3838 0.2302 -0.8943
vn -0.4700 -0.0116 -0.8826
vn 0.1883 -0.0562 -0.9805
vn 0.1886 -0.0558 -0.9805
vn -0.1448 0.1199 -0.9822
vn 0.0584 -0.2707 -0.9609
vn -0.0770 -0.4693 -0.8797
vn 0.0583 -0.2702 -0.9610
vn 0.0580 -0.2699 -0.9611
vn -0.3551 -0.3324 -0.8737
vn -0.2634 -0.1069 -0.9588
vn 0.7963 -0.5799 0.1721
vn -0.5221 0.4224 -0.7410
vn 0.2492 0.0530 -0.9670
vn 0.6384 -0.2036 -0.7423
vn 0.6825 -0.3131 -0.6605
vn -0.6493 0.3734 -0.6625
vn -0.1944 0.3186 -0.9278
vn 0.1083 0.0655 -0.9920
vn 0.2846 -0.9586 0.0121
vn 0.7788 -0.6265 0.0312
vn 0.1279 -0.9345 -0.3321
vn 0.1390 -0.7405 -0.6575
vn 0.6259 -0.3980 -0.6707
vn -0.1410 -0.5560 -0.8192
vn 0.0591 -0.0241 -0.9980
vn -0.5899 0.2759 -0.7589
vn -0.7932 -0.4123 0.4483
vn -0.7735 -0.2061 0.5993
vn -0.7944 -0.3072 0.5240
vn -0.7932 -0.4122 0.4482
vn -0.7856 -0.6094 0.1072
vn -0.9809 -0.0100 0.1944
vn -0.9585 -0.2561 0.1255
vn -0.9763 -0.1351 0.1688
vn -0.9585 -0.2560 0.1254
vn -0.9479 -0.1809 -0.2623
vn -0.7725 -0.5176 -0.3679
vn -0.9480 -0.1808 -0.2621
vn -0.9646 -0.0525 -0.2583
vn -0.9690 0.0733 -0.2360
vn -0.7384 0.0400 -0.6731
vn -0.7641 -0.2072 -0.6109
vn -0.7642 -0.2074 -0.6107
vn -0.7622 -0.0817 -0.6422
vn -0.1074 -0.5114 -0.8526
vn -0.4564 -0.3282 -0.8270
vn -0.3955 -0.6658 -0.6327
vn 0.0405 -0.3237 -0.9453
vn -0.0391 -0.4163 -0.9084
vn -0.1073 -0.5110 -0.8528
vn -0.3968 -0.0943 -0.9131
vn -0.4237 -0.2149 -0.8799
vn -0.9334 -0.2445 -0.2626
vn -0.9405 0.3265 -0.0936
vn -0.8835 -0.4667 0.0404
vn -0.7876 -0.4626 0.4072
vn -0.7878 0.0980 0.6081
vn -0.5076 -0.6473 0.5686
vn 0.1111 -0.9335 0.3409
vn 0.4280 -0.5758 0.6966
vn -0.8890 0.4080 -0.2079
vn -0.2604 -0.0739 0.9627
vn -0.6497 0.1827 0.7379
vn -0.7492 0.1892 0.6347
vn 0.5567 -0.5453 0.6267
vn -0.1751 -0.1893 0.9662
vn -0.3165 -0.1808 0.9312
vn -0.3162 -0.1811 0.9312
vn 0.5739 -0.3106 -0.7577
vn 0.5735 -0.3101 -0.7583
vn 0.5745 -0.3100 -0.7575
vn 0.5752 -0.3102 -0.7569
vn 0.5740 -0.3104 -0.7578
vn 0.5747 -0.3097 -0.7575
vn 0.5514 0.8283 0.0990
vn 0.4179 -0.5075 -0.7535
vn 0.4174 -0.5072 -0.7540
vn 0.4187 -0.5075 -0.7531
vn 0.2353 -0.6749 -0.6994
vn 0.4189 -0.5081 -0.7526
vn 0.4181 -0.5074 -0.7534
vn 0.4185 -0.5078 -0.7530
vn -0.0519 -0.9528 -0.2990
vn 0.7501 -0.4700 -0.4652
vn 0.3677 -0.8109 -0.4553
vn 0.5807 -0.6637 -0.4715
vn 0.8059 -0.5545 -0.2074
vn 0.5705 0.7998 0.1866
vn 0.6289 -0.7369 -0.2479
vn 0.4115 -0.8727 -0.2627
vn 0.5368 -0.5759 0.6167
vn 0.7716 -0.6145 0.1641
vn 0.7747 -0.6106 0.1643
vn 0.7730 -0.6126 0.1648
vn 0.7754 -0.6098 0.1643
vn 0.7768 -0.6077 0.1650
vn 0.7738 -0.6117 0.1647
vn 0.3950 -0.9176 0.0442
vn 0.6077 -0.7868 0.1080
vn 0.6082 -0.7864 0.1080
vn 0.6071 -0.7872 0.1082
vn 0.6063 -0.7878 0.1083
vn 0.6074 -0.7870 0.1080
vn 0.6069 -0.7874 0.1082
vn 0.5369 -0.5756 0.6168
vn 0.5266 0.8062 0.2699
vn 0.2059 -0.8891 0.4088
vn 0.3816 -0.7567 0.5308
vn 0.3831 -0.7557 0.5312
vn 0.3823 -0.7561 0.5311
vn 0.3832 -0.7557 0.5311
vn 0.3839 -0.7552 0.5314
vn 0.3825 -0.7560 0.5312
vn -0.3345 -0.9121 0.2371
vn 0.2528 -0.4743 0.8433
vn 0.1070 -0.6610 0.7427
vn -0.4133 -0.3882 0.8237
vn -0.4137 -0.3885 0.8234
vn -0.4128 -0.3882 0.8240
vn -0.3162 -0.1814 0.9312
vn -0.3163 -0.1817 0.9311
vn 0.0136 -0.3647 0.9310
vn -0.4846 -0.5708 0.6629
vn 0.4458 0.8436 0.2994
vn -0.4131 -0.3882 0.8238
vn -0.4126 -0.3881 0.8241
vn -0.4122 -0.3879 0.8244
vn -0.2143 -0.7260 0.6534
vn -0.1000 -0.5651 0.8189
vn 0.1897 -0.7070 -0.6813
vn 0.3705 -0.5412 -0.7549
vn 0.2880 -0.6317 -0.7197
vn 0.1896 -0.7070 -0.6813
vn -0.0313 -0.9057 -0.4227
vn 0.5776 -0.7373 -0.3503
vn 0.3442 -0.9384 0.0293
vn 0.3548 -0.8635 -0.3584
vn 0.4701 -0.8039 -0.3643
vn -0.0444 -0.9976 0.0525
vn 0.4579 -0.8868 0.0627
vn 0.5660 -0.8205 0.0805
vn 0.3360 -0.7871 0.5172
vn 0.1609 -0.9118 0.3779
vn 0.2561 -0.8573 0.4466
vn -0.4215 -0.8495 0.3173
vn -0.4437 -0.4236 0.7898
vn -0.4672 -0.5228 0.7130
vn -0.4962 -0.6082 0.6196
vn -0.4961 -0.6079 0.6199
vn -0.1471 -0.7912 0.5937
vn -0.0058 -0.6526 0.7577
vn -0.0827 -0.7241 0.6847
vn 0.6133 -0.2475 -0.7501
vn 0.6138 -0.2477 -0.7496
vn 0.6130 -0.2475 -0.7504
vn 0.6128 -0.2473 -0.7506
vn 0.6134 -0.2476 -0.7499
vn 0.6130 -0.2476 -0.7503
vn 0.7753 0.6245 -0.0945
vn 0.4666 -0.4533 -0.7595
vn 0.5445 -0.3531 -0.7608
vn 0.8296 -0.4519 -0.3278
vn 0.8296 -0.4520 -0.3278
vn 0.6724 -0.6482 -0.3575
vn 0.7573 -0.5544 -0.3453
vn 0.7572 -0.5543 -0.3454
vn 0.8159 -0.5498 0.1791
vn 0.8157 -0.5500 0.1793
vn 0.7627 0.5363 0.3614
vn 0.7436 -0.6508 0.1534
vn 0.6596 -0.7411 0.1253
vn 0.5753 -0.5154 0.6352
vn 0.5752 -0.5153 0.6353
vn 0.5071 -0.6167 0.6021
vn 0.4301 -0.7085 0.5595
vn 0.5067 -0.6168 0.6024
vn -0.2839 -0.1181 0.9516
vn -0.2838 -0.1181 0.9516
vn -0.3384 -0.2257 0.9135
vn -0.3877 -0.3302 0.8606
vn 0.4008 0.6785 0.6156
vn -0.3382 -0.2255 0.9136
vn 0.0474 -0.5579 0.8285
vn 0.1110 -0.4611 0.8804
vn 0.1113 -0.4611 0.8804
vn 0.4113 -0.4094 0.8144
vn -0.4726 0.0535 0.8797
vn -0.8912 0.4494 0.0624
vn -0.9738 -0.2168 -0.0687
vn -0.6573 -0.5160 0.5492
vn -0.6574 -0.5160 0.5492
vn 0.0109 -0.8660 0.4999
vn 0.0109 -0.8661 0.4998
vn 0.3626 -0.9168 -0.1673
vn 0.3629 -0.9167 -0.1674
vn 0.0461 -0.6175 -0.7852
vn -0.6221 -0.2675 -0.7358
vn -0.4259 0.3822 -0.8201
vn 0.4579 -0.0807 -0.8853
vn 0.8765 -0.4765 -0.0681
vn -0.6722 0.1381 0.7274
vn -0.6719 0.1382 0.7277
vn -0.6726 0.1380 0.7270
vn -0.6725 0.1382 0.7271
vn 0.0515 0.9090 0.4137
vn -0.7207 0.0264 0.6927
vn -0.7205 0.0264 0.6930
vn -0.8886 0.3427 0.3050
vn -0.8746 0.4407 -0.2019
vn -0.8886 0.3425 0.3050
vn -0.9634 0.1084 0.2451
vn -0.9334 0.2277 0.2774
vn -0.8747 0.4406 -0.2020
vn 0.0640 0.9971 -0.0419
vn -0.9197 0.3242 -0.2215
vn -0.9502 0.2018 -0.2375
vn -0.6340 0.4062 -0.6581
vn -0.2320 0.2479 -0.9406
vn -0.6342 0.4059 -0.6581
vn -0.7211 0.1690 -0.6719
vn -0.6829 0.2899 -0.6705
vn -0.6836 0.2899 -0.6698
vn 0.2248 0.0089 -0.9744
vn -0.2321 0.2479 -0.9406
vn 0.0967 -0.2094 -0.9730
vn 0.4259 0.8548 -0.2965
vn -0.3380 0.0184 -0.9410
vn 0.1620 -0.1009 -0.9816
vn -0.2871 0.1342 -0.9485
vn -0.2871 0.1344 -0.9484
vn -0.5168 0.4325 -0.7389
vn -0.9138 -0.3641 -0.1799
vn -0.0353 -0.9439 0.3284
vn -0.0352 -0.9440 0.3282
vn -0.0354 -0.9439 0.3283
vn -0.0352 -0.9440 0.3280
vn -0.3976 -0.9137 -0.0839
vn -0.3973 -0.9139 -0.0835
vn -0.3980 -0.9136 -0.0837
vn -0.4811 -0.8751 -0.0531
vn -0.4814 -0.8749 -0.0532
vn -0.2190 -0.9670 0.1299
vn -0.2170 -0.9677 0.1281
vn -0.2217 -0.9664 0.1304
vn -0.3974 -0.9138 -0.0836
vn -0.3972 -0.9139 -0.0837
vn -0.3970 -0.9140 -0.0832
vn -0.2248 -0.9654 0.1324
vn -0.2202 -0.9667 0.1301
vn -0.2228 -0.9661 0.1306
vn -0.4512 -0.7511 0.4819
vn -0.4513 -0.7513 0.4816
vn -0.5541 -0.8272 -0.0936
vn -0.5564 -0.8255 -0.0952
vn -0.5546 -0.8266 -0.0958
vn -0.4845 -0.8446 0.2278
vn -0.4849 -0.8444 0.2279
vn -0.4813 -0.8750 -0.0529
vn -0.4813 -0.8750 -0.0526
vn -0.8162 -0.5099 0.2719
vn -0.8157 -0.5107 0.2718
vn -0.8159 -0.5105 0.2714
vn -0.8154 -0.5113 0.2715
vn -0.8155 -0.5115 0.2708
vn -0.8159 -0.5106 0.2714
vn -0.9137 -0.3644 -0.1799
vn -0.5754 -0.7965 -0.1857
vn -0.5741 -0.7971 -0.1871
vn -0.5750 -0.7966 -0.1867
vn -0.7777 -0.5990 -0.1906
vn -0.7774 -0.5994 -0.1906
vn -0.5736 -0.7975 -0.1872
vn -0.5734 -0.7973 -0.1886
vn -0.5746 -0.7968 -0.1870
vn -0.7776 -0.5992 -0.1903
vn -0.7776 -0.5992 -0.1907
vn -0.5553 -0.8261 -0.0955
vn -0.5571 -0.8250 -0.0949
vn -0.5555 -0.8262 -0.0939
vn -0.7146 -0.6931 0.0947
vn -0.7148 -0.6929 0.0941
vn -0.7150 -0.6927 0.0945
vn -0.7154 -0.6922 0.0950
vn -0.7148 -0.6929 0.0947
vn -0.7152 -0.6925 0.0944
vn -0.5369 -0.8031 -0.2583
vn -0.5376 -0.8026 -0.2585
vn -0.5362 -0.8033 -0.2591
vn -0.7440 -0.3976 -0.5371
vn -0.6652 -0.6203 -0.4156
vn -0.5372 -0.8029 -0.2584
vn -0.5386 -0.8021 -0.2578
vn -0.5380 -0.8023 -0.2586
vn -0.5222 -0.8113 -0.2628
vn -0.5530 -0.4797 -0.6813
vn 0.4570 0.8788 0.1371
vn -0.5513 -0.6684 -0.4993
vn -0.4994 -0.8183 -0.2845
vn -0.4478 -0.8458 -0.2900
vn -0.4343 -0.5345 -0.7251
vn -0.4743 -0.8297 -0.2945
vn -0.4657 -0.7080 -0.5309
vn -0.2071 -0.6457 -0.7350
vn -0.4318 -0.8514 -0.2977
vn -0.4316 -0.8517 -0.2973
vn -0.4322 -0.8512 -0.2978
vn -0.4317 -0.8515 -0.2976
vn -0.4311 -0.8519 -0.2974
vn -0.4314 -0.8517 -0.2973
vn -0.3327 -0.7741 -0.5386
vn -0.3831 -0.8834 -0.2700
vn -0.3827 -0.8887 -0.2525
vn -0.1830 -0.8731 -0.4518
vn 0.0270 -0.7990 -0.6007
vn -0.3831 -0.8833 -0.2703
vn 0.1319 -0.9074 -0.3991
vn 0.5063 0.8463 0.1656
vn -0.3679 -0.9008 -0.2309
vn -0.1189 -0.9360 -0.3313
vn -0.3557 -0.9217 -0.1546
vn -0.3598 -0.9201 -0.1551
vn -0.3577 -0.9208 -0.1553
vn -0.3653 -0.9149 -0.1719
vn 0.1547 -0.9878 -0.0199
vn -0.1051 -0.9901 -0.0931
vn -0.3625 -0.9188 -0.1561
vn -0.3586 -0.9204 -0.1555
vn -0.3586 -0.9114 -0.2021
vn 0.1608 -0.9495 -0.2695
vn -0.0986 -0.9659 -0.2396
vn 0.7752 -0.6099 0.1645
vn -0.6636 0.3387 -0.6671
vn -0.6633 0.3381 -0.6676
vn -0.6642 0.3386 -0.6665
vn -0.6645 0.3393 -0.6658
vn -0.6638 0.3387 -0.6668
vn -0.6643 0.3386 -0.6664
vn 0.3998 0.9123 0.0882
vn -0.7376 0.0984 -0.6681
vn -0.7371 0.0981 -0.6687
vn -0.7381 0.0982 -0.6675
vn -0.7638 -0.1523 -0.6273
vn -0.7387 0.0984 -0.6668
vn -0.7378 0.0982 -0.6678
vn -0.7384 0.0980 -0.6672
vn -0.5087 -0.6517 -0.5627
vn -0.3823 0.2310 -0.8947
vn -0.5347 -0.2501 -0.8072
vn -0.4701 -0.0119 -0.8825
vn -0.1451 0.1205 -0.9820
vn 0.4808 0.8749 0.0582
vn -0.2627 -0.1079 -0.9588
vn -0.3559 -0.3317 -0.8737
vn 0.1884 -0.0557 -0.9805
vn 0.1885 -0.0556 -0.9805
vn 0.1887 -0.0553 -0.9805
vn -0.0776 -0.4700 -0.8792
vn 0.0581 -0.2699 -0.9611
vn 0.0581 -0.2693 -0.9613
vn 0.0581 -0.2703 -0.9610
vn 0.0581 -0.2713 -0.9607
vn 0.0583 -0.2708 -0.9609
vn 0.5727 -0.3094 -0.7592
vn 0.5745 -0.3099 -0.7576
vn 0.5734 -0.3102 -0.7583
vn 0.5750 -0.3098 -0.7572
vn 0.5758 -0.3106 -0.7563
vn 0.5740 -0.3101 -0.7579
vn 0.5515 0.8283 0.0992
vn 0.4184 -0.5080 -0.7529
vn 0.4177 -0.5081 -0.7532
vn 0.4181 -0.5078 -0.7533
vn 0.2341 -0.6749 -0.6998
vn 0.4175 -0.5082 -0.7533
vn 0.4173 -0.5080 -0.7535
vn 0.4180 -0.5080 -0.7532
vn -0.0520 -0.9528 -0.2990
vn 0.7499 -0.4702 -0.4653
vn 0.3677 -0.8108 -0.4554
vn 0.5829 -0.6623 -0.4707
vn 0.8055 -0.5550 -0.2076
vn 0.6049 -0.7889 0.1083
vn 0.6056 -0.7883 0.1084
vn 0.6053 -0.7886 0.1084
vn 0.3980 -0.9163 0.0442
vn 0.5703 0.8000 0.1867
vn 0.6048 -0.7890 0.1082
vn 0.6051 -0.7888 0.1084
vn 0.6044 -0.7893 0.1083
vn 0.4115 -0.8726 -0.2630
vn 0.6316 -0.7349 -0.2471
vn 0.8412 -0.5068 0.1887
vn -0.5074 -0.6471 0.5691
vn -0.2209 -0.2758 0.9355
vn -0.2586 -0.8787 0.4012
vn 0.1115 -0.9335 0.3407
vn 0.4278 -0.5759 0.6967
vn 0.2848 -0.9585 0.0121
vn 0.7786 -0.6267 0.0312
vn 0.1280 -0.9345 -0.3322
vn 0.1390 -0.7404 -0.6576
vn 0.6259 -0.3979 -0.6707
vn -0.7642 -0.2078 -0.6107
vn -0.7576 0.0459 -0.6511
vn -0.7625 -0.0816 -0.6418
vn -0.7639 -0.2072 -0.6111
vn -0.6111 -0.5659 -0.5534
vn -0.3716 -0.1060 -0.9223
vn -0.4565 -0.3283 -0.8269
vn -0.4233 -0.2147 -0.8802
vn -0.4564 -0.3283 -0.8270
vn -0.1073 -0.5111 -0.8528
vn -0.1832 -0.7901 -0.5849
vn -0.1072 -0.5110 -0.8529
vn -0.0391 -0.4161 -0.9085
vn 0.0160 -0.3090 -0.9509
vn 0.3884 -0.5545 -0.7360
vn 0.1891 -0.7072 -0.6812
vn 0.2878 -0.6318 -0.7197
vn 0.3547 -0.8635 -0.3585
vn 0.5585 -0.8224 0.1084
vn 0.4585 -0.8865 0.0626
vn 0.3445 -0.9383 0.0293
vn 0.5717 -0.7285 -0.3774
vn 0.4702 -0.8039 -0.3641
vn -0.4969 -0.5225 -0.6929
vn -0.7602 -0.2694 -0.5912
vn -0.5897 0.2760 -0.7590
vn -0.9406 0.3265 -0.0937
vn -0.8835 -0.4666 0.0405
vn -0.7874 -0.4625 0.4074
vn -0.7878 0.0981 0.6080
vn -0.6116 0.4511 -0.6500
vn -0.6873 0.1063 0.7186
vn -0.9028 0.3730 -0.2140
vn -0.9025 0.3736 -0.2143
vn -0.9026 0.3733 -0.2143
vn 0.5371 -0.5753 0.6168
vn 0.5369 -0.5754 0.6170
vn 0.5268 0.8061 0.2697
vn 0.3846 -0.7554 0.5306
vn 0.3861 -0.7543 0.5310
vn 0.3829 -0.7561 0.5307
vn 0.2042 -0.8892 0.4094
vn 0.3807 -0.7576 0.5302
vn 0.3838 -0.7557 0.5306
vn 0.3822 -0.7565 0.5307
vn -0.3346 -0.9121 0.2370
vn 0.2513 -0.4742 0.8438
vn -0.0390 -0.8080 0.5878
vn 0.1073 -0.6618 0.7420
vn 0.0138 -0.3635 0.9315
vn -0.0995 -0.5652 0.8189
vn -0.2156 -0.7259 0.6532
vn -0.3168 -0.1809 0.9311
vn -0.3168 -0.1818 0.9309
vn -0.3162 -0.1816 0.9312
vn -0.3169 -0.1825 0.9307
vn -0.3167 -0.1826 0.9308
vn -0.3165 -0.1816 0.9310
vn -0.4133 -0.3878 0.8239
vn -0.4118 -0.3880 0.8245
vn -0.4126 -0.3877 0.8243
vn -0.4839 -0.5708 0.6633
vn -0.4144 -0.3874 0.8235
vn -0.4136 -0.3879 0.8237
vn -0.4129 -0.3876 0.8242
vn -0.7021 0.0721 0.7084
vn -0.7019 0.0724 0.7085
vn -0.7019 0.0720 0.7086
vn -0.7021 0.0727 0.7084
vn 0.3750 0.8901 0.2588
vn -0.7955 -0.3657 0.4831
vn -0.7734 -0.1504 0.6158
vn -0.7732 -0.1508 0.6160
vn -0.7732 -0.1501 0.6161
vn -0.7735 -0.1493 0.6159
vn -0.7733 -0.1496 0.6161
vn -0.7912 -0.6109 -0.0267
vn -0.9398 -0.2483 0.2350
vn -0.9433 -0.0089 0.3319
vn -0.8818 0.2258 0.4141
vn -0.9379 0.3098 0.1560
vn -0.9025 0.3737 -0.2143
vn -0.9023 0.3741 -0.2144
vn -0.9021 0.3743 -0.2146
vn -0.9609 0.1299 -0.2448
vn -0.9607 0.1309 -0.2447
vn -0.9607 0.1304 -0.2449
vn -0.9573 -0.1242 -0.2609
vn 0.3556 0.9189 0.1711
vn -0.9608 0.1301 -0.2447
vn -0.9609 0.1292 -0.2448
vn -0.9818 -0.1851 0.0424
vn -0.9921 0.0644 0.1080
vn 0.1605 -0.9119 0.3777
vn 0.3545 -0.7930 0.4955
vn 0.2562 -0.8572 0.4467
vn -0.2058 -0.9492 0.2380
vn -0.0312 -0.6415 0.7665
vn -0.4962 -0.6081 0.6197
vn -0.1470 -0.7911 0.5937
vn -0.0829 -0.7244 0.6844
vn -0.6337 -0.7251 0.2696
vn -0.4674 -0.5227 0.7129
vn -0.4189 -0.4382 0.7953
vn -0.7913 -0.1926 0.5803
vn -0.7934 -0.4121 0.4481
vn -0.7943 -0.3071 0.5242
vn -0.7933 -0.4122 0.4482
vn -0.9616 0.0752 -0.2640
vn -0.9647 -0.0526 -0.2582
vn -0.9480 -0.1807 -0.2622
vn -0.9479 -0.1809 -0.2622
vn -0.9585 -0.2560 0.1253
vn -0.9586 -0.2558 0.1255
vn -0.9749 -0.0190 0.2219
vn -0.9764 -0.1350 0.1686
vn 0.5753 -0.5155 0.6350
vn 0.5753 -0.5154 0.6351
vn 0.6079 0.5828 0.5393
vn 0.5070 -0.6169 0.6021
vn 0.4305 -0.7083 0.5594
vn 0.5071 -0.6165 0.6024
vn 0.1732 -0.3572 0.9178
vn 0.1731 -0.3572 0.9178
vn 0.1728 -0.3573 0.9179
vn 0.0473 -0.5577 0.8287
vn 0.1107 -0.4612 0.8804
vn 0.1110 -0.4608 0.8805
vn 0.1111 -0.4609 0.8805
vn -0.2839 -0.1181 0.9515
vn 0.1972 0.7979 0.5696
vn -0.3380 -0.2256 0.9137
vn -0.3382 -0.2256 0.9136
vn -0.3875 -0.3300 0.8608
vn -0.6724 0.1381 0.7272
vn -0.7206 0.0264 0.6929
vn -0.6723 0.1381 0.7273
vn -0.7207 0.0263 0.6928
vn -0.8746 0.4406 -0.2021
vn -0.9196 0.3242 -0.2218
vn -0.9198 0.3239 -0.2214
vn -0.9502 0.2018 -0.2376
vn 0.0028 0.9818 0.1899
vn -0.9634 0.1086 0.2453
vn -0.9196 0.3243 -0.2217
vn -0.9195 0.3247 -0.2214
vn -0.9334 0.2276 0.2775
vn -0.9334 0.2275 0.2775
vn -0.2852 -0.4233 -0.8600
vn 0.2629 -0.9417 0.2101
vn 0.2833 -0.7982 -0.5317
vn 0.2832 -0.7982 -0.5317
vn -0.6342 0.4059 -0.6580
vn -0.6341 0.4058 -0.6582
vn 0.2189 0.9507 -0.2199
vn -0.6832 0.2901 -0.6702
vn -0.7211 0.1691 -0.6719
vn -0.6833 0.2901 -0.6701
vn -0.2317 0.2477 -0.9407
vn -0.2318 0.2477 -0.9407
vn -0.3383 0.0184 -0.9409
vn -0.2873 0.1344 -0.9484
vn -0.2872 0.1347 -0.9483
vn -0.2870 0.1347 -0.9484
vn -0.2871 0.1351 -0.9483
vn 0.2246 0.0087 -0.9744
vn 0.2249 0.0090 -0.9743
vn 0.1622 -0.1009 -0.9816
vn 0.6295 0.7355 -0.2504
vn 0.0966 -0.2094 -0.9730
vn 0.6132 -0.2475 -0.7501
vn 0.8295 -0.4521 -0.3279
vn 0.6132 -0.2474 -0.7502
vn 0.4669 -0.4533 -0.7593
vn 0.5445 -0.3530 -0.7609
vn 0.8158 -0.5499 0.1792
vn 0.8157 -0.5501 0.1791
vn 0.8295 -0.4523 -0.3276
vn 0.8296 -0.4520 -0.3279
vn 0.7435 -0.6509 0.1536
vn 0.8240 0.5516 0.1293
vn 0.6723 -0.6482 -0.3575
vn 0.7574 -0.5542 -0.3453
vn -0.9138 -0.3642 -0.1800
vn -0.0330 -0.9439 0.3286
vn -0.0322 -0.9442 0.3279
vn -0.0342 -0.9438 0.3288
vn -0.0354 -0.9434 0.3297
vn -0.0335 -0.9439 0.3287
vn -0.0346 -0.9437 0.3289
vn -0.3974 -0.9138 -0.0839
vn -0.3958 -0.9145 -0.0834
vn -0.3968 -0.9142 -0.0821
vn -0.4812 -0.8750 -0.0527
vn -0.2192 -0.9669 0.1309
vn -0.2176 -0.9674 0.1293
vn -0.2215 -0.9664 0.1307
vn -0.3967 -0.9141 -0.0837
vn -0.3963 -0.9145 -0.0820
vn -0.3951 -0.9149 -0.0833
vn -0.2242 -0.9655 0.1322
vn -0.2203 -0.9666 0.1308
vn -0.2226 -0.9661 0.1306
vn -0.4519 -0.7509 0.4816
vn -0.4514 -0.7509 0.4821
vn -0.4512 -0.7512 0.4817
vn -0.4507 -0.7510 0.4826
vn -0.4513 -0.7510 0.4821
vn -0.4847 -0.8445 0.2279
vn -0.4847 -0.8445 0.2276
vn -0.4811 -0.8751 -0.0525
vn -0.8156 -0.5109 0.2715
vn -0.8156 -0.5110 0.2713
vn -0.8152 -0.5113 0.2720
vn -0.8157 -0.5110 0.2711
vn -0.8153 -0.5114 0.2717
vn -0.8154 -0.5112 0.2717
vn -0.9138 -0.3642 -0.1798
vn -0.5553 -0.8262 -0.0950
vn -0.5556 -0.8260 -0.0952
vn -0.5556 -0.8260 -0.0954
vn -0.5771 -0.7954 -0.1853
vn -0.5757 -0.7960 -0.1869
vn -0.5769 -0.7952 -0.1868
vn -0.7779 -0.5989 -0.1903
vn -0.7765 -0.6000 -0.1924
vn -0.7768 -0.6003 -0.1905
vn -0.5751 -0.7964 -0.1870
vn -0.5749 -0.7962 -0.1886
vn -0.5764 -0.7956 -0.1868
vn -0.7784 -0.5983 -0.1902
vn -0.7772 -0.5997 -0.1905
vn -0.7773 -0.5997 -0.1904
vn -0.5553 -0.8262 -0.0951
vn -0.5555 -0.8260 -0.0952
vn -0.5557 -0.8258 -0.0958
vn -0.7145 -0.6932 0.0949
vn -0.7148 -0.6929 0.0949
vn -0.5379 -0.8022 -0.2589
vn -0.7440 -0.3972 -0.5373
vn -0.6644 -0.6212 -0.4155
vn -0.5382 -0.8020 -0.2592
vn -0.5532 -0.4795 -0.6812
vn 0.4569 0.8789 0.1369
vn -0.5501 -0.6693 -0.4995
vn -0.5020 -0.8164 -0.2856
vn -0.4478 -0.8459 -0.2896
vn -0.4333 -0.5344 -0.7257
vn -0.4743 -0.8295 -0.2949
vn -0.4658 -0.7082 -0.5305
vn -0.2065 -0.6459 -0.7349
vn -0.4313 -0.8517 -0.2977
vn -0.4313 -0.8516 -0.2979
vn -0.4310 -0.8519 -0.2975
vn -0.4316 -0.8514 -0.2981
vn -0.4314 -0.8515 -0.2981
vn -0.3325 -0.7737 -0.5393
vn -0.3859 -0.8821 -0.2702
vn -0.3841 -0.8829 -0.2702
vn -0.3872 -0.8821 -0.2684
vn -0.3826 -0.8887 -0.2526
vn -0.1827 -0.8733 -0.4517
vn 0.0269 -0.7991 -0.6006
vn -0.3849 -0.8825 -0.2702
vn -0.3827 -0.8828 -0.2723
vn -0.3830 -0.8833 -0.2703
vn 0.1339 -0.9072 -0.3988
vn 0.5063 0.8463 0.1654
vn -0.3623 -0.9029 -0.2315
vn -0.1224 -0.9357 -0.3310
vn -0.3594 -0.9201 -0.1556
vn -0.3604 -0.9198 -0.1552
vn -0.3600 -0.9199 -0.1556
vn -0.3650 -0.9150 -0.1720
vn -0.1018 -0.9905 -0.0927
vn -0.3607 -0.9197 -0.1550
vn -0.3612 -0.9195 -0.1549
vn -0.3602 -0.9199 -0.1553
vn -0.3586 -0.9115 -0.2016
vn 0.1576 -0.9500 -0.2695
vn -0.0986 -0.9658 -0.2398
vn 0.7742 -0.6111 0.1645
vn 0.7751 -0.6101 0.1644
vn 0.7746 -0.6106 0.1646
vn -0.6646 0.3383 -0.6663
vn -0.6642 0.3381 -0.6668
vn -0.6651 0.3380 -0.6659
vn -0.6657 0.3382 -0.6652
vn -0.6648 0.3382 -0.6661
vn -0.6653 0.3380 -0.6657
vn 0.3997 0.9124 0.0882
vn -0.7379 0.0980 -0.6677
vn -0.7383 0.0982 -0.6672
vn -0.7375 0.0985 -0.6681
vn -0.7649 -0.1514 -0.6262
vn -0.7367 0.0987 -0.6690
vn -0.7372 0.0989 -0.6684
vn -0.5087 -0.6515 -0.5628
vn -0.3852 0.2300 -0.8937
vn -0.5326 -0.2501 -0.8086
vn -0.4704 -0.0119 -0.8824
vn -0.1453 0.1204 -0.9820
vn 0.4807 0.8750 0.0578
vn -0.2628 -0.1072 -0.9589
vn -0.3558 -0.3324 -0.8734
vn 0.5727 -0.3096 -0.7591
vn 0.5743 -0.3097 -0.7578
vn 0.5715 -0.3099 -0.7598
vn 0.1885 -0.0557 -0.9805
vn 0.1885 -0.0558 -0.9805
vn -0.0771 -0.4697 -0.8794
vn 0.0584 -0.2705 -0.9609
vn 0.0582 -0.2707 -0.9609
vn 0.0582 -0.2700 -0.9611
vn 0.0588 -0.2701 -0.9610
vn 0.5763 -0.3094 -0.7564
vn 0.5749 -0.3097 -0.7573
vn 0.5735 -0.3096 -0.7584
vn 0.5514 0.8283 0.0992
vn 0.2337 -0.6755 -0.6994
vn 0.4178 -0.5082 -0.7531
vn 0.4188 -0.5076 -0.7529
vn 0.4185 -0.5080 -0.7529
vn 0.4192 -0.5073 -0.7529
vn 0.4198 -0.5071 -0.7528
vn 0.4188 -0.5078 -0.7528
vn -0.0518 -0.9529 -0.2989
vn 0.3707 -0.8095 -0.4552
vn 0.7515 -0.4688 -0.4642
vn 0.5805 -0.6638 -0.4715
vn 0.7749 -0.6102 0.1645
vn 0.7755 -0.6095 0.1645
vn 0.8062 -0.5542 -0.2073
vn 0.6056 -0.7885 0.1079
vn 0.6091 -0.7859 0.1063
vn 0.6074 -0.7870 0.1078
vn 0.3952 -0.9176 0.0442
vn 0.5705 0.7998 0.1867
vn 0.6047 -0.7891 0.1081
vn 0.6066 -0.7876 0.1080
vn 0.6032 -0.7900 0.1098
vn 0.4115 -0.8727 -0.2628
vn 0.6290 -0.7369 -0.2476
vn 0.2111 -0.2877 0.9342
vn 0.5113 -0.4424 0.7367
vn -0.5076 -0.6471 0.5689
vn -0.2208 -0.2760 0.9355
vn 0.1116 -0.9335 0.3407
vn 0.4281 -0.5758 0.6965
vn 0.2849 -0.9585 0.0122
vn 0.1284 -0.9344 -0.3322
vn 0.6259 -0.3981 -0.6706
vn -0.7639 -0.2074 -0.6111
vn -0.7573 0.0455 -0.6515
vn -0.7626 -0.0816 -0.6417
vn -0.7641 -0.2074 -0.6108
vn -0.6111 -0.5660 -0.5534
vn -0.3718 -0.1060 -0.9222
vn -0.1072 -0.5109 -0.8529
vn -0.4565 -0.3284 -0.8269
vn -0.0391 -0.4160 -0.9085
vn 0.0161 -0.3093 -0.9508
vn -0.1073 -0.5113 -0.8527
vn 0.3883 -0.5546 -0.7360
vn 0.1898 -0.7070 -0.6812
vn 0.2882 -0.6318 -0.7196
vn 0.1899 -0.7068 -0.6815
vn 0.3452 -0.9381 0.0294
vn 0.3442 -0.9384 0.0292
vn 0.3445 -0.9383 0.0292
vn 0.3551 -0.8634 -0.3584
vn 0.0194 -0.9817 -0.1892
vn 0.5585 -0.8224 0.1082
vn 0.4585 -0.8864 0.0630
vn 0.3442 -0.9385 0.0293
vn 0.3438 -0.9386 0.0289
vn 0.5720 -0.7283 -0.3774
vn 0.3552 -0.8633 -0.3585
vn -0.1411 -0.5559 -0.8192
vn -0.7601 -0.2695 -0.5913
vn -0.5899 0.2761 -0.7588
vn -0.7876 -0.4625 0.4071
vn -0.7877 0.0980 0.6082
vn -0.9017 0.3745 -0.2160
vn -0.9026 0.3734 -0.2140
vn -0.9021 0.3744 -0.2147
vn 0.5371 -0.5754 0.6167
vn 0.5377 -0.5751 0.6166
vn 0.5365 -0.5756 0.6171
vn 0.5356 -0.5760 0.6175
vn 0.5368 -0.5755 0.6170
vn 0.5361 -0.5757 0.6174
vn 0.5268 0.8061 0.2696
vn 0.3834 -0.7561 0.5304
vn 0.3843 -0.7555 0.5306
vn 0.3824 -0.7565 0.5305
vn 0.2027 -0.8896 0.4094
vn 0.3810 -0.7574 0.5303
vn 0.3830 -0.7563 0.5305
vn 0.3819 -0.7568 0.5305
vn -0.3346 -0.9121 0.2369
vn 0.2528 -0.4742 0.8433
vn -0.0391 -0.8085 0.5872
vn 0.1053 -0.6617 0.7424
vn 0.0135 -0.3639 0.9313
vn 0.4459 0.8434 0.2996
vn -0.0997 -0.5652 0.8189
vn -0.2155 -0.7267 0.6523
vn -0.3157 -0.1816 0.9313
vn -0.3165 -0.1815 0.9311
vn -0.3161 -0.1818 0.9312
vn -0.3167 -0.1815 0.9310
vn -0.3170 -0.1816 0.9309
vn -0.3163 -0.1816 0.9311
vn -0.4845 -0.5706 0.6631
vn -0.4130 -0.3873 0.8243
vn -0.4131 -0.3878 0.8240
vn -0.7020 0.0728 0.7085
vn -0.7021 0.0724 0.7084
vn 0.3751 0.8902 0.2586
vn -0.7728 -0.1500 0.6167
vn -0.7730 -0.1502 0.6163
vn -0.7959 -0.3655 0.4827
vn -0.7736 -0.1499 0.6158
vn -0.7737 -0.1502 0.6155
vn -0.7733 -0.1500 0.6160
vn -0.7911 -0.6112 -0.0267
vn -0.8809 0.2267 0.4154
vn -0.9397 -0.2486 0.2348
vn -0.9434 -0.0086 0.3316
vn -0.9607 0.1303 -0.2453
vn -0.9605 0.1306 -0.2457
vn -0.9608 0.1300 -0.2449
vn -0.9378 0.3100 0.1561
vn -0.9024 0.3739 -0.2144
vn -0.9029 0.3729 -0.2136
vn -0.9033 0.3728 -0.2124
vn -0.9572 -0.1241 -0.2615
vn 0.3559 0.9187 0.1711
vn -0.9608 0.1299 -0.2448
vn -0.9610 0.1297 -0.2442
vn -0.9817 -0.1855 0.0424
vn -0.9921 0.0638 0.1077
vn 0.1605 -0.9119 0.3776
vn 0.3545 -0.7927 0.4960
vn 0.2559 -0.8574 0.4466
vn 0.1605 -0.9120 0.3776
vn 0.1602 -0.9118 0.3781
vn -0.2058 -0.9492 0.2379
vn -0.1472 -0.7910 0.5939
vn -0.1467 -0.7911 0.5938
vn -0.0829 -0.7243 0.6845
vn -0.4961 -0.6080 0.6198
vn -0.4961 -0.6082 0.6196
vn -0.4191 -0.4383 0.7951
vn -0.7913 -0.1928 0.5803
vn -0.7943 -0.3072 0.5241
vn -0.8363 -0.5335 -0.1261
vn -0.9616 0.0751 -0.2641
vn -0.9647 -0.0525 -0.2582
vn -0.9479 -0.1807 -0.2622
vn -0.9586 -0.2557 0.1252
vn -0.9749 -0.0187 0.2220
vn -0.9586 -0.2556 0.1256
vn 0.5754 -0.5155 0.6350
vn 0.5755 -0.5154 0.6349
vn 0.6080 0.5827 0.5392
vn 0.5070 -0.6170 0.6019
vn 0.4299 -0.7086 0.5595
vn 0.1732 -0.3573 0.9178
vn 0.1728 -0.3571 0.9179
vn 0.1729 -0.3572 0.9179
vn 0.0475 -0.5578 0.8286
vn 0.1110 -0.4612 0.8803
vn 0.1109 -0.4609 0.8805
vn -0.2840 -0.1181 0.9515
vn -0.2839 -0.1180 0.9516
vn 0.1973 0.7980 0.5694
vn -0.3385 -0.2257 0.9135
vn -0.3383 -0.2258 0.9135
vn -0.6721 0.1382 0.7275
vn -0.6720 0.1383 0.7275
vn -0.7203 0.0263 0.6931
vn -0.7577 -0.0863 0.6469
vn -0.7209 0.0264 0.6925
vn -0.7205 0.0264 0.6929
vn -0.8886 0.3426 0.3049
vn -0.8746 0.4408 -0.2020
vn -0.8751 0.4399 -0.2018
vn -0.8744 0.4411 -0.2021
vn -0.8746 0.4408 -0.2021
vn -0.9501 0.2020 -0.2376
vn 0.0031 0.9818 0.1899
vn -0.9197 0.3241 -0.2216
vn -0.9634 0.1085 0.2452
vn -0.9335 0.2273 0.2773
vn -0.2853 -0.4234 -0.8599
vn 0.2833 -0.7982 -0.5316
vn -0.6348 0.4059 -0.6575
vn -0.6341 0.4060 -0.6581
vn -0.6337 0.4060 -0.6585
vn -0.6344 0.4058 -0.6579
vn -0.6340 0.4061 -0.6582
vn 0.2190 0.9506 -0.2200
vn -0.6836 0.2898 -0.6699
vn -0.6838 0.2899 -0.6696
vn -0.6831 0.2903 -0.6701
vn -0.7214 0.1690 -0.6716
vn -0.6827 0.2900 -0.6707
vn -0.6831 0.2899 -0.6703
vn -0.2321 0.2480 -0.9406
vn -0.2318 0.2479 -0.9406
vn -0.3382 0.0182 -0.9409
vn -0.2873 0.1345 -0.9483
vn 0.6134 -0.2475 -0.7500
vn 0.2248 0.0084 -0.9744
vn 0.2247 0.0087 -0.9744
vn 0.6295 0.7355 -0.2506
vn 0.1621 -0.1011 -0.9816
vn 0.0967 -0.2096 -0.9730
vn 0.6133 -0.2474 -0.7501
vn 0.5443 -0.3532 -0.7609
vn 0.5442 -0.3531 -0.7610
vn 0.8297 -0.4520 -0.3277
vn 0.8158 -0.5499 0.1790
vn 0.8157 -0.5500 0.1790
vn 0.8295 -0.4521 -0.3280
vn 0.7435 -0.6509 0.1535
vn 0.7572 -0.5544 -0.3455
vn 0.7576 -0.5541 -0.3450
vn 0.7570 -0.5545 -0.3457
vn 0.7572 -0.5545 -0.3453
vn 0.1219 -0.9910 0.0559
vn 0.1216 -0.9910 0.0560
vn -0.0660 -0.9899 -0.1256
vn -0.0311 -0.9738 -0.2252
vn -0.0231 -0.9430 -0.3321
vn -0.5430 -0.7061 -0.4546
vn -0.6137 -0.6694 -0.4187
vn -0.6809 -0.6358 -0.3635
vn -0.5385 -0.7958 -0.2769
vn -0.6916 -0.6127 -0.3825
vn -0.7915 -0.3888 -0.4715
vn -0.2661 -0.9586 -0.1019
vn -0.3525 -0.9244 -0.1454
vn -0.1217 -0.9917 -0.0417
vn 0.2316 -0.9023 -0.3636
vn 0.1213 -0.9910 0.0562
vn -0.2693 -0.9492 -0.1626
vn 0.1591 -0.9856 -0.0571
vn 0.1758 -0.9192 -0.3524
vn -0.2807 -0.9353 -0.2153
vn 0.1750 -0.9629 -0.2053
vn 0.1367 -0.8896 -0.4358
vn -0.2996 -0.9178 -0.2603
vn 0.1577 -0.9238 -0.3489
vn -0.3455 -0.9125 -0.2191
vn 0.6375 -0.4768 -0.6052
vn 0.1141 -0.8826 -0.4560
vn -0.1263 -0.9229 -0.3637
vn -0.3251 -0.8975 -0.2980
vn -0.3721 -0.8875 -0.2718
vn 0.0830 -0.8528 -0.5156
vn -0.1454 -0.9044 -0.4012
vn -0.3589 -0.8981 -0.2543
vn 0.5660 -0.2946 -0.7699
vn -0.1733 -0.8826 -0.4370
vn 0.0402 -0.8183 -0.5734
vn -0.3563 -0.8752 -0.3272
vn -0.3954 -0.8705 -0.2932
vn -0.0041 -0.7838 -0.6210
vn -0.2013 -0.8611 -0.4670
vn -0.3801 -0.8813 -0.2808
vn 0.4175 -0.1507 -0.8961
vn -0.0594 -0.7453 -0.6641
vn -0.2357 -0.8368 -0.4942
vn -0.3922 -0.8514 -0.3483
vn -0.1148 -0.7093 -0.6955
vn -0.4242 -0.8522 -0.3063
vn -0.2705 -0.8137 -0.5145
vn -0.4061 -0.8635 -0.2991
vn 0.2090 -0.0593 -0.9761
vn -0.1786 -0.6688 -0.7217
vn -0.3108 -0.7887 -0.5304
vn -0.4570 -0.8335 -0.3107
vn -0.3500 -0.7659 -0.5394
vn -0.4322 -0.8269 -0.3598
vn -0.2412 -0.6326 -0.7360
vn -0.4355 -0.8457 -0.3085
vn -0.3101 -0.5935 -0.7427
vn -0.0440 -0.0279 -0.9986
vn -0.3935 -0.7412 -0.5439
vn -0.4751 -0.8020 -0.3619
vn -0.4921 -0.8157 -0.3041
vn -0.4346 -0.7201 -0.5410
vn -0.3754 -0.5599 -0.7387
vn -0.4664 -0.8290 -0.3084
vn -0.5953 -0.7612 -0.2574
vn -0.4455 -0.5237 -0.7262
vn -0.5547 -0.6614 -0.5049
vn -0.3120 -0.0604 -0.9482
vn -0.4788 -0.6972 -0.5335
vn -0.4772 -0.8213 -0.3126
vn -0.6535 -0.7356 -0.1784
vn -0.6456 -0.6247 -0.4393
vn -0.5505 -0.6633 -0.5069
vn -0.5487 -0.1482 -0.8228
vn -0.5098 -0.8066 -0.2991
vn -0.7338 -0.6792 0.0145
vn -0.7121 -0.2666 -0.6495
vn -0.7416 -0.5928 -0.3139
vn -0.6274 -0.6329 -0.4537
vn -0.6952 0.4853 -0.5303
vn -0.5777 0.4043 -0.7091
vn -0.6656 0.5279 -0.5275
vn -0.4282 0.3078 -0.8497
vn -0.4916 0.5196 -0.6988
vn -0.2564 0.1991 -0.9459
vn -0.2913 0.4789 -0.8281
vn -0.0718 0.0829 -0.9940
vn -0.0757 0.4103 -0.9088
vn 0.1155 -0.0361 -0.9927
vn 0.1433 0.3200 -0.9365
vn 0.2966 -0.1529 -0.9427
vn 0.3541 0.2140 -0.9104
vn 0.4627 -0.2624 -0.8468
vn 0.5457 0.0988 -0.8321
vn 0.6062 -0.3596 -0.7094
vn 0.7077 -0.0192 -0.7062
vn 0.7203 -0.4395 -0.5366
vn 0.8315 -0.1338 -0.5392
vn 0.7998 -0.4973 -0.3361
vn 0.9095 -0.2392 -0.3400
vn 0.8406 -0.5289 -0.1172
vn 0.9362 -0.3305 -0.1195
vn 0.8405 -0.5307 0.1096
vn 0.9084 -0.4035 0.1096
vn 0.7994 -0.5004 0.3326
vn 0.8256 -0.4552 0.3334
vn -0.9686 0.1809 -0.1706
vn -0.9794 0.1962 0.0477
vn -0.9473 0.1800 0.2649
vn 0.0657 -0.7610 0.6454
vn 0.2489 -0.8007 0.5449
vn 0.4182 -0.8129 0.4053
vn 0.2532 -0.9054 0.3407
vn 0.4591 -0.7767 0.4312
vn 0.6289 -0.5933 0.5024
vn -0.8531 0.3839 -0.3533
vn -0.9231 -0.1261 -0.3633
vn -0.9168 0.1330 -0.3765
vn -0.8533 0.3836 -0.3531
vn -0.9260 -0.0783 -0.3694
vn -0.9300 0.3298 0.1623
vn -0.9712 -0.1508 -0.1845
vn -0.9111 0.3766 -0.1675
vn -0.9293 0.3137 0.1947
vn -0.9736 -0.2283 -0.0088
vn -0.9372 0.3444 0.0559
vn -0.9004 0.2650 0.3452
vn -0.9387 -0.3099 0.1512
vn -0.9174 0.2881 0.2744
vn -0.9477 -0.2356 0.2153
vn -0.5524 0.6299 0.5460
vn -0.8758 0.2336 0.4223
vn -0.9380 -0.0080 0.3466
vn -0.8717 -0.3946 0.2906
vn -0.8966 -0.2879 0.3366
vn -0.8342 0.1918 0.5171
vn -0.8994 -0.0465 0.4347
vn -0.8736 -0.3089 0.3761
vn -0.4181 0.5792 0.6998
vn -0.8475 -0.0933 0.5225
vn -0.7792 0.1422 0.6105
vn -0.7994 -0.3691 0.4740
vn -0.7770 -0.4806 0.4065
vn -0.7178 0.0933 0.6899
vn -0.7910 -0.1387 0.5959
vn -0.7662 -0.3939 0.5078
vn -0.2749 0.5026 0.8197
vn -0.6435 0.0371 0.7646
vn -0.7213 -0.1911 0.6657
vn -0.6591 -0.5662 0.4950
vn -0.6733 -0.4590 0.5797
vn -0.5660 -0.0169 0.8243
vn -0.6495 -0.2411 0.7211
vn -0.6325 -0.4858 0.6033
vn -0.5654 -0.2964 0.7697
vn -0.1246 0.4032 0.9066
vn -0.4765 -0.0761 0.8759
vn -0.5248 -0.5535 0.6467
vn -0.4826 -0.3484 0.8035
vn -0.3873 -0.1317 0.9125
vn -0.5221 -0.6490 0.5534
vn -0.4802 -0.5795 0.6585
vn -0.2866 -0.1911 0.9388
vn -0.3889 -0.4038 0.8281
vn 0.0298 0.2841 0.9583
vn -0.3616 -0.6466 0.6717
vn -0.2995 -0.4545 0.8389
vn -0.1906 -0.2457 0.9504
vn -0.3698 -0.7255 0.5805
vn -0.3171 -0.6698 0.6714
vn -0.0848 -0.3019 0.9496
vn -0.2007 -0.5071 0.8382
vn 0.1858 0.1432 0.9721
vn -0.2067 -0.7925 0.5737
vn -0.1919 -0.7336 0.6519
vn -0.1095 -0.5545 0.8250
vn 0.0131 -0.3525 0.9357
vn -0.1528 -0.7520 0.6413
vn 0.0562 -0.8375 0.5436
vn 0.1183 -0.4030 0.9075
vn 0.3379 -0.0192 0.9410
vn 0.1179 -0.6589 0.7430
vn -0.0114 -0.6008 0.7993
vn -0.0151 -0.8119 0.5837
vn 0.2412 -0.8940 0.3775
vn 0.4749 -0.2028 0.8564
vn 0.3039 -0.7312 0.6108
vn 0.1584 -0.6753 0.7203
vn 0.1307 -0.8685 0.4781
vn 0.4432 -0.8946 0.0563
vn 0.5793 -0.4004 0.7100
vn 0.4852 -0.7805 0.3941
vn 0.3230 -0.7372 0.5935
vn -0.8321 -0.1395 -0.5368
vn -0.7452 0.3680 -0.5561
vn 0.3556 -0.9227 0.1490
vn 0.3554 -0.9227 0.1492
vn 0.7354 -0.6084 0.2985
vn 0.5655 -0.7917 0.2313
vn 0.5651 -0.7918 0.2316
vn 0.5646 -0.7922 0.2315
vn 0.7352 -0.6086 0.2985
vn 0.5649 -0.7920 0.2317
vn 0.5643 -0.7923 0.2320
vn 0.5645 -0.7922 0.2318
vn 0.4075 -0.9125 -0.0353
vn 0.4081 -0.9122 -0.0352
vn 0.8005 -0.5954 0.0689
vn 0.6258 -0.7798 0.0172
vn 0.6253 -0.7802 0.0173
vn 0.6252 -0.7802 0.0177
vn 0.6246 -0.7807 0.0177
vn 0.6249 -0.7805 0.0174
vn 0.8004 -0.5955 0.0687
vn 0.4197 -0.8796 -0.2238
vn 0.4190 -0.8800 -0.2237
vn 0.4194 -0.8798 -0.2238
vn 0.4199 -0.8796 -0.2237
vn 0.4195 -0.8797 -0.2238
vn 0.8153 -0.5546 -0.1662
vn 0.7792 -0.4883 -0.3930
vn 0.6393 -0.7420 -0.2017
vn 0.8154 -0.5546 -0.1661
vn 0.6392 -0.7421 -0.2018
vn 0.3914 -0.8260 -0.4056
vn 0.3909 -0.8261 -0.4058
vn 0.3920 -0.8257 -0.4057
vn 0.3916 -0.8259 -0.4056
vn 0.6060 -0.6798 -0.4130
vn 0.6058 -0.6798 -0.4133
vn 0.7791 -0.4883 -0.3932
vn 0.3227 -0.7553 -0.5705
vn 0.5271 -0.5972 -0.6046
vn 0.3229 -0.7553 -0.5704
vn 0.6946 -0.3996 -0.5982
vn 0.6945 -0.3999 -0.5981
vn 0.5267 -0.5974 -0.6047
vn 0.2198 -0.6708 -0.7083
vn 0.2201 -0.6705 -0.7085
vn 0.0872 -0.5783 -0.8112
vn 0.2191 -0.6713 -0.7081
vn 0.2195 -0.6709 -0.7083
vn 0.5663 -0.2945 -0.7698
vn 0.5659 -0.2943 -0.7702
vn 0.4068 -0.4993 -0.7650
vn 0.4068 -0.4994 -0.7650
vn 0.0874 -0.5778 -0.8115
vn 0.4004 -0.1788 -0.8987
vn 0.4008 -0.1786 -0.8986
vn 0.2529 -0.3916 -0.8847
vn 0.2528 -0.3912 -0.8849
vn -0.0666 -0.4820 -0.8736
vn -0.2331 -0.3886 -0.8914
vn -0.2332 -0.3890 -0.8912
vn -0.0666 -0.4822 -0.8735
vn 0.0739 -0.2798 -0.9572
vn 0.2090 -0.0590 -0.9761
vn 0.0740 -0.2798 -0.9572
vn 0.2090 -0.0589 -0.9761
vn -0.2332 -0.3887 -0.8914
vn -0.2331 -0.3883 -0.8916
vn -0.1197 -0.1711 -0.9780
vn 0.0016 0.0575 -0.9983
vn 0.0015 0.0574 -0.9983
vn -0.1198 -0.1710 -0.9780
vn -0.4027 -0.3031 -0.8637
vn -0.5651 -0.2302 -0.7922
vn -0.4023 -0.3028 -0.8640
vn -0.2096 0.1640 -0.9639
vn -0.2096 0.1641 -0.9639
vn -0.3166 -0.0716 -0.9458
vn -0.3165 -0.0716 -0.9459
vn -0.5647 -0.2303 -0.7926
vn -0.4120 0.2546 -0.8749
vn -0.4120 0.2547 -0.8749
vn -0.5054 0.0129 -0.8628
vn -0.5054 0.0127 -0.8628
vn -0.7108 -0.1749 -0.6813
vn -0.7109 -0.1748 -0.6812
vn -0.8322 -0.1396 -0.5366
vn -0.5938 0.3237 -0.7366
vn -0.6752 0.0775 -0.7336
vn -0.8160 0.1186 -0.5658
vn -0.8159 0.1185 -0.5659
vn -0.5943 0.3239 -0.7362
vn -0.6754 0.0775 -0.7334
vn -0.6757 0.0776 -0.7331
vn -0.7453 0.3678 -0.5561
vn 0.5382 -0.4397 0.7190
vn 0.5382 -0.4399 0.7189
vn 0.3546 -0.3699 0.8587
vn 0.1504 -0.2786 0.9485
vn -0.6317 0.1838 0.7531
vn -0.7614 0.2899 0.5798
vn -0.7616 0.2899 0.5796
vn -0.8470 0.3792 0.3727
vn -0.8831 0.4465 0.1440
vn -0.8832 0.4463 0.1440
vn -0.8682 0.4874 -0.0930
vn -0.8603 -0.3788 -0.3412
vn -0.7840 -0.5868 -0.2025
vn -0.8076 -0.5814 -0.0986
vn -0.8053 -0.5927 0.0123
vn -0.3409 -0.9332 0.1135
vn -0.2653 -0.9609 0.0794
vn -0.1906 -0.9813 0.0268
vn -0.3868 -0.9187 -0.0801
vn -0.1698 -0.9842 0.0498
vn 0.0532 -0.9811 0.1860
vn -0.6418 -0.7254 -0.2487
vn -0.5735 -0.7914 -0.2117
vn -0.7399 -0.6063 -0.2914
vn -0.9212 -0.3767 0.0973
vn -0.9212 -0.3768 0.0973
vn -0.8602 -0.3790 -0.3412
vn -0.6428 -0.7422 -0.1897
vn -0.8961 -0.3813 -0.2274
vn -0.9014 -0.4269 0.0721
vn -0.6338 -0.7611 -0.1379
vn -0.9114 -0.4037 -0.0792
vn -0.8695 -0.4696 0.1530
vn -0.6167 -0.7816 -0.0935
vn -0.8939 -0.4436 0.0643
vn -0.5801 -0.8028 -0.1376
vn -0.8471 0.0879 0.5240
vn -0.8544 -0.4910 0.1702
vn -0.7357 -0.6767 0.0298
vn -0.5923 -0.8038 -0.0564
vn -0.5535 -0.8285 -0.0852
vn -0.8229 -0.5195 0.2301
vn -0.7160 -0.6948 0.0680
vn -0.5657 -0.8181 -0.1031
vn -0.6873 0.0700 0.7230
vn -0.6895 -0.7168 0.1039
vn -0.7806 -0.5548 0.2879
vn -0.5616 -0.8270 -0.0270
vn -0.5298 -0.8457 -0.0642
vn -0.7353 -0.5891 0.3351
vn -0.6614 -0.7380 0.1340
vn -0.5455 -0.8347 -0.0763
vn -0.5081 -0.0172 0.8611
vn -0.6808 -0.6276 0.3777
vn -0.6264 -0.7627 0.1612
vn -0.5255 -0.8507 -0.0061
vn -0.6252 -0.6640 0.4102
vn -0.5010 -0.8639 -0.0508
vn -0.5919 -0.7854 0.1812
vn -0.5194 -0.8526 -0.0581
vn -0.3303 -0.1654 0.9293
vn -0.5612 -0.7037 0.4358
vn -0.5514 -0.8105 0.1975
vn -0.4685 -0.8822 -0.0466
vn -0.5124 -0.8336 0.2063
vn -0.4851 -0.8744 0.0058
vn -0.4992 -0.7404 0.4500
vn -0.4898 -0.8705 -0.0489
vn -0.4298 -0.7787 0.4570
vn -0.1658 -0.3609 0.9177
vn -0.4686 -0.8578 0.2110
vn -0.4329 -0.8999 -0.0536
vn -0.4412 -0.8974 0.0080
vn -0.4279 -0.8796 0.2080
vn -0.3649 -0.8134 0.4529
vn -0.4589 -0.8872 -0.0488
vn -0.3228 -0.9415 -0.0972
vn -0.2942 -0.8481 0.4407
vn -0.3066 -0.9361 0.1722
vn -0.0325 -0.5781 0.8153
vn -0.3832 -0.9016 0.2008
vn -0.4475 -0.8932 -0.0442
vn -0.2557 -0.9512 -0.1729
vn -0.2147 -0.9708 0.1070
vn -0.3104 -0.9345 0.1743
vn 0.0514 -0.7744 0.6306
vn -0.4145 -0.9082 -0.0578
vn -0.1329 -0.9279 -0.3484
vn 0.0768 -0.9114 0.4042
vn -0.1135 -0.9934 -0.0157
vn -0.2340 -0.9646 0.1214
vn 0.8106 -0.5004 0.3042
vn 0.8973 -0.4400 0.0363
vn 0.7906 -0.5406 0.2876
vn 0.9089 -0.3453 -0.2340
vn 0.8350 -0.5500 -0.0121
vn 0.8469 -0.2217 -0.4834
vn 0.8018 -0.5114 -0.3092
vn 0.7185 -0.0777 -0.6912
vn 0.6934 -0.4318 -0.5769
vn 0.5361 0.0770 -0.8406
vn 0.5194 -0.3213 -0.7919
vn 0.3156 0.2314 -0.9203
vn 0.2951 -0.1921 -0.9360
vn 0.0751 0.3745 -0.9242
vn 0.0399 -0.0573 -0.9976
vn -0.1657 0.4961 -0.8523
vn -0.2239 0.0701 -0.9721
vn -0.3881 0.5871 -0.7104
vn -0.4738 0.1784 -0.8624
vn -0.5484 0.4374 -0.7127
vn -0.5714 0.6443 -0.5083
vn -0.6350 0.4762 -0.6083
vn -0.7175 0.4899 -0.4951
vn 0.2399 -0.8154 0.5268
vn 0.1841 -0.8926 0.4116
vn 0.3166 -0.8424 0.4360
vn 0.3920 -0.8545 0.3407
vn 0.3110 -0.9225 0.2285
vn 0.6139 -0.7580 0.2203
vn 0.3897 -0.9208 0.0175
vn 0.6744 -0.7362 -0.0564
vn 0.4169 -0.8859 -0.2035
vn 0.6562 -0.6771 -0.3331
vn 0.3904 -0.8200 -0.4186
vn 0.5611 -0.5869 -0.5836
vn 0.3115 -0.7273 -0.6116
vn 0.3988 -0.4755 -0.7841
vn 0.1860 -0.6131 -0.7678
vn 0.0222 -0.4849 -0.8743
vn 0.1837 -0.3547 -0.9167
vn -0.1677 -0.3509 -0.9213
vn -0.0622 -0.2379 -0.9693
vn -0.3695 -0.2185 -0.9032
vn -0.3157 -0.1378 -0.9388
vn -0.5670 -0.0971 -0.8180
vn -0.5530 -0.0657 -0.8306
vn -0.8106 0.5004 -0.3041
vn -0.8558 0.5170 -0.0203
vn -0.8346 0.4589 -0.3046
vn -0.8312 0.4893 0.2640
vn -0.9177 0.3967 -0.0198
vn -0.7384 0.4230 0.5252
vn -0.9178 0.2963 0.2644
vn -0.5845 0.3264 0.7429
vn -0.8372 0.1649 0.5214
vn -0.3817 0.2094 0.9003
vn -0.6860 0.0123 0.7275
vn -0.1459 0.0833 0.9858
vn -0.4792 -0.1495 0.8649
vn 0.1048 -0.0408 0.9937
vn -0.2367 -0.3077 0.9216
vn 0.3511 -0.1524 0.9239
vn 0.0194 -0.4493 0.8931
vn 0.5738 -0.2423 0.7823
vn 0.2664 -0.5630 0.7823
vn 0.5431 -0.4475 0.7105
vn 0.7576 -0.2989 0.5802
vn 0.6408 -0.4654 0.6105
vn 0.7175 -0.4900 0.4951
vn -0.7059 -0.0487 -0.7066
vn -0.7560 -0.1682 -0.6326
vn -0.7862 -0.0285 -0.6173
vn -0.8545 -0.0033 -0.5194
vn -0.8828 -0.1378 -0.4491
vn -0.9220 0.1866 -0.3393
vn -0.9612 -0.1391 -0.2382
vn -0.9851 0.1601 -0.0636
vn -0.9855 -0.1687 -0.0161
vn -0.9736 0.0885 0.2105
vn -0.9535 -0.2245 0.2011
vn -0.8892 -0.0216 0.4569
vn -0.8665 -0.3020 0.3975
vn -0.7412 -0.1602 0.6519
vn -0.7298 -0.3954 0.5578
vn -0.5517 -0.4971 0.6697
vn -0.5447 -0.3147 0.7774
vn -0.3438 -0.5981 0.7239
vn -0.3204 -0.4716 0.8216
vn -0.1201 -0.6896 0.7142
vn -0.0913 -0.6171 0.7816
vn 0.1037 -0.7620 0.6392
vn 0.1191 -0.7391 0.6629
vn -0.4113 -0.9010 -0.1376
vn -0.4136 -0.8993 -0.1422
vn -0.4172 -0.8984 -0.1369
vn -0.5280 -0.8242 -0.2049
vn -0.5284 -0.8242 -0.2038
vn -0.5276 -0.8245 -0.2045
vn -0.5281 -0.8243 -0.2041
vn -0.5277 -0.8247 -0.2037
vn -0.5272 -0.8247 -0.2048
vn -0.7356 -0.6136 -0.2869
vn -0.7378 -0.6113 -0.2862
vn -0.7389 -0.6114 -0.2833
vn -0.6412 -0.7248 -0.2520
vn -0.6430 -0.7248 -0.2474
vn -0.6392 -0.7279 -0.2481
vn -0.7335 -0.6146 -0.2901
vn -0.7369 -0.6123 -0.2865
vn -0.7347 -0.6146 -0.2871
vn -0.6414 -0.7261 -0.2477
vn -0.6394 -0.7292 -0.2438
vn -0.6376 -0.7292 -0.2484
vn -0.5358 -0.8240 -0.1845
vn -0.5328 -0.8267 -0.1808
vn -0.5321 -0.8262 -0.1850
vn -0.5367 -0.8225 -0.1885
vn -0.5373 -0.8230 -0.1843
vn -0.5336 -0.8253 -0.1848
vn -0.7610 -0.6198 -0.1914
vn -0.7599 -0.6210 -0.1919
vn -0.7602 -0.6212 -0.1903
vn -0.7629 -0.6395 -0.0945
vn -0.7657 -0.6357 -0.0977
vn -0.7654 -0.6367 -0.0939
vn -0.6575 -0.7293 -0.1895
vn -0.6555 -0.7317 -0.1870
vn -0.6550 -0.7313 -0.1902
vn -0.6580 -0.7280 -0.1923
vn -0.6584 -0.7285 -0.1892
vn -0.6561 -0.7304 -0.1899
vn -0.7613 -0.6191 -0.1928
vn -0.7604 -0.6205 -0.1917
vn -0.7615 -0.6193 -0.1912
vn -0.5328 -0.8301 -0.1647
vn -0.5325 -0.8303 -0.1645
vn -0.5325 -0.8302 -0.1649
vn -0.5330 -0.8299 -0.1648
vn -0.5330 -0.8299 -0.1645
vn -0.5327 -0.8301 -0.1649
vn -0.7429 -0.6694 -0.0020
vn -0.7445 -0.6676 -0.0038
vn -0.7440 -0.6682 -0.0024
vn -0.6599 -0.7393 -0.1337
vn -0.6595 -0.7403 -0.1301
vn -0.6567 -0.7427 -0.1311
vn -0.7618 -0.6408 -0.0946
vn -0.7644 -0.6379 -0.0941
vn -0.7615 -0.6418 -0.0909
vn -0.6584 -0.7413 -0.1305
vn -0.6552 -0.7445 -0.1278
vn -0.6556 -0.7436 -0.1315
vn -0.5280 -0.8365 -0.1464
vn -0.5276 -0.8370 -0.1448
vn -0.5278 -0.8368 -0.1456
vn -0.5282 -0.8362 -0.1475
vn -0.5281 -0.8364 -0.1467
vn -0.5278 -0.8367 -0.1459
vn -0.6462 -0.7594 -0.0756
vn -0.6469 -0.7589 -0.0747
vn -0.6456 -0.7601 -0.0740
vn -0.6474 -0.7584 -0.0750
vn -0.6468 -0.7591 -0.0734
vn -0.6461 -0.7596 -0.0743
vn -0.7425 -0.6699 -0.0018
vn -0.7436 -0.6686 -0.0022
vn -0.7420 -0.6705 -0.0003
vn -0.5198 -0.8445 -0.1289
vn -0.5221 -0.8440 -0.1226
vn -0.5259 -0.8409 -0.1279
vn -0.5209 -0.8429 -0.1347
vn -0.5171 -0.8461 -0.1294
vn -0.5233 -0.8424 -0.1284
vn -0.7039 -0.7059 0.0790
vn -0.7037 -0.7061 0.0791
vn -0.7035 -0.7063 0.0788
vn -0.6218 -0.7827 -0.0279
vn -0.6200 -0.7842 -0.0253
vn -0.6227 -0.7820 -0.0258
vn -0.6211 -0.7833 -0.0255
vn -0.6221 -0.7826 -0.0234
vn -0.6239 -0.7811 -0.0260
vn -0.7043 -0.7055 0.0791
vn -0.7038 -0.7060 0.0790
vn -0.7041 -0.7057 0.0789
vn -0.4950 -0.8622 -0.1077
vn -0.4938 -0.8629 -0.1073
vn -0.4950 -0.8622 -0.1079
vn -0.5102 -0.8522 -0.1158
vn -0.5073 -0.8541 -0.1148
vn -0.5086 -0.8532 -0.1159
vn -0.5851 -0.8107 0.0185
vn -0.5808 -0.8140 0.0136
vn -0.5848 -0.8111 0.0135
vn -0.5122 -0.8509 -0.1168
vn -0.5109 -0.8518 -0.1158
vn -0.5093 -0.8528 -0.1158
vn -0.6454 -0.7503 0.1430
vn -0.6433 -0.7520 0.1437
vn -0.6421 -0.7535 0.1415
vn -0.5712 -0.7995 0.1858
vn -0.5714 -0.7992 0.1865
vn -0.5703 -0.7999 0.1870
vn -0.5790 -0.8152 0.0136
vn -0.5802 -0.8144 0.0089
vn -0.5831 -0.8123 0.0136
vn -0.6479 -0.7479 0.1445
vn -0.6442 -0.7513 0.1434
vn -0.6464 -0.7496 0.1427
vn -0.4955 -0.8619 -0.1079
vn -0.4943 -0.8626 -0.1074
vn -0.4943 -0.8626 -0.1076
vn -0.5376 -0.8423 0.0391
vn -0.5360 -0.8433 0.0397
vn -0.5376 -0.8423 0.0397
vn -0.5715 -0.7994 0.1854
vn -0.5707 -0.7997 0.1865
vn -0.5703 -0.8002 0.1858
vn -0.5367 -0.8428 0.0397
vn -0.5368 -0.8428 0.0403
vn -0.5383 -0.8418 0.0397
vn -0.4763 -0.8731 -0.1042
vn -0.4745 -0.8738 -0.1062
vn -0.4762 -0.8729 -0.1063
vn -0.4782 -0.8721 -0.1035
vn -0.4764 -0.8731 -0.1034
vn -0.4763 -0.8730 -0.1054
vn -0.4875 -0.8716 0.0506
vn -0.4871 -0.8718 0.0513
vn -0.4871 -0.8719 0.0506
vn -0.4871 -0.8718 0.0515
vn -0.4865 -0.8721 0.0516
vn -0.4871 -0.8718 0.0510
vn -0.4857 -0.8499 0.2044
vn -0.4862 -0.8496 0.2045
vn -0.4856 -0.8499 0.2045
vn -0.4859 -0.8498 0.2042
vn -0.4855 -0.8501 0.2041
vn -0.4588 -0.8822 -0.1061
vn -0.4577 -0.8829 -0.1049
vn -0.4590 -0.8823 -0.1046
vn -0.4600 -0.8815 -0.1065
vn -0.4587 -0.8822 -0.1067
vn -0.4589 -0.8822 -0.1053
vn -0.4337 -0.8998 0.0483
vn -0.4323 -0.9004 0.0496
vn -0.4338 -0.8996 0.0499
vn -0.3983 -0.8956 0.1982
vn -0.3996 -0.8949 0.1986
vn -0.3983 -0.8956 0.1983
vn -0.3117 -0.9354 0.1672
vn -0.3135 -0.9352 0.1646
vn -0.3139 -0.9347 0.1670
vn -0.4351 -0.8991 0.0480
vn -0.4337 -0.8998 0.0476
vn -0.4338 -0.8997 0.0493
vn -0.3990 -0.8952 0.1983
vn -0.3989 -0.8953 0.1984
vn -0.3979 -0.8958 0.1980
vn -0.4405 -0.8909 -0.1109
vn -0.4408 -0.8908 -0.1106
vn -0.4402 -0.8911 -0.1106
vn -0.4405 -0.8909 -0.1108
vn -0.4409 -0.8907 -0.1111
vn -0.4404 -0.8910 -0.1108
vn -0.3867 -0.9217 0.0312
vn -0.3806 -0.9243 0.0301
vn -0.3837 -0.9230 0.0296
vn -0.3107 -0.9357 0.1672
vn -0.3129 -0.9350 0.1670
vn -0.3104 -0.9354 0.1695
vn -0.3790 -0.9249 0.0302
vn -0.3760 -0.9262 0.0286
vn -0.3823 -0.9236 0.0298
vn -0.4256 -0.8966 -0.1221
vn -0.4258 -0.8964 -0.1232
vn -0.4267 -0.8961 -0.1224
vn -0.4260 -0.8966 -0.1210
vn -0.4251 -0.8969 -0.1219
vn -0.4261 -0.8964 -0.1222
vn -0.4089 -0.9021 -0.1379
vn -0.4147 -0.8995 -0.1372
vn -0.4125 -0.9013 -0.1326
vn -0.2948 -0.9542 -0.0512
vn -0.2945 -0.9544 -0.0491
vn -0.2955 -0.9540 -0.0500
vn -0.1745 -0.9839 0.0397
vn -0.1747 -0.9838 0.0401
vn -0.1748 -0.9838 0.0397
vn -0.2404 -0.9638 0.1151
vn -0.2337 -0.9657 0.1131
vn -0.2375 -0.9649 0.1124
vn -0.3360 -0.9419 -0.0038
vn -0.3354 -0.9421 -0.0043
vn -0.3358 -0.9419 -0.0037
vn -0.3356 -0.9420 -0.0039
vn -0.3356 -0.9420 -0.0037
vn -0.3360 -0.9419 -0.0033
vn -0.2359 -0.9652 0.1127
vn -0.2320 -0.9661 0.1134
vn -0.2292 -0.9671 0.1107
vn -0.1747 -0.9838 0.0403
vn -0.1751 -0.9837 0.0403
vn -0.1748 -0.9838 0.0399
vn -0.2951 -0.9542 -0.0496
vn -0.2941 -0.9545 -0.0486
vn -0.2955 -0.9541 -0.0483
vn -0.4017 -0.9028 -0.1535
vn -0.4010 -0.9028 -0.1553
vn -0.4027 -0.9022 -0.1549
vn -0.4017 -0.9026 -0.1551
vn -0.4028 -0.9018 -0.1565
vn -0.4034 -0.9018 -0.1548
vn -0.1249 -0.9911 -0.0471
vn -0.1277 -0.9907 -0.0470
vn -0.1266 -0.9907 -0.0497
vn -0.2692 -0.9579 -0.0995
vn -0.2720 -0.9568 -0.1029
vn -0.2676 -0.9580 -0.1029
vn -0.1247 -0.9912 -0.0446
vn -0.1264 -0.9909 -0.0469
vn -0.1237 -0.9912 -0.0471
vn -0.2701 -0.9573 -0.1029
vn -0.2700 -0.9573 -0.1032
vn -0.2657 -0.9585 -0.1030
vn -0.3962 -0.9014 -0.1748
vn -0.3985 -0.8998 -0.1776
vn -0.3989 -0.9002 -0.1747
vn -0.3955 -0.9022 -0.1720
vn -0.3950 -0.9019 -0.1749
vn -0.3978 -0.9007 -0.1747
vn -0.1024 -0.9845 -0.1427
vn -0.1039 -0.9843 -0.1430
vn -0.1036 -0.9841 -0.1445
vn -0.0994 -0.9657 -0.2399
vn -0.0989 -0.9659 -0.2395
vn -0.1030 -0.9845 -0.1416
vn -0.1033 -0.9843 -0.1429
vn -0.1018 -0.9845 -0.1426
vn -0.2513 -0.9545 -0.1608
vn -0.2509 -0.9546 -0.1609
vn -0.3946 -0.8979 -0.1950
vn -0.3948 -0.8978 -0.1953
vn -0.1150 -0.9363 -0.3318
vn -0.1172 -0.9370 -0.3291
vn -0.1183 -0.9358 -0.3321
vn -0.2545 -0.9424 -0.2170
vn -0.2547 -0.9418 -0.2195
vn -0.2520 -0.9425 -0.2195
vn -0.0994 -0.9656 -0.2403
vn -0.0993 -0.9657 -0.2399
vn -0.0995 -0.9655 -0.2408
vn -0.2535 -0.9421 -0.2195
vn -0.2514 -0.9421 -0.2219
vn -0.2511 -0.9428 -0.2194
vn -0.4012 -0.8907 -0.2136
vn -0.4003 -0.8906 -0.2158
vn -0.3996 -0.8913 -0.2141
vn -0.4014 -0.8911 -0.2118
vn -0.4020 -0.8904 -0.2134
vn -0.4004 -0.8911 -0.2138
vn -0.2611 -0.9255 -0.2742
vn -0.2620 -0.9246 -0.2764
vn -0.2644 -0.9238 -0.2768
vn -0.2630 -0.9243 -0.2766
vn -0.2662 -0.9226 -0.2792
vn -0.2654 -0.9235 -0.2769
vn -0.1136 -0.9366 -0.3316
vn -0.1169 -0.9360 -0.3320
vn -0.1146 -0.9354 -0.3346
vn -0.4106 -0.8823 -0.2302
vn -0.4136 -0.8805 -0.2315
vn -0.4126 -0.8814 -0.2300
vn -0.4087 -0.8836 -0.2287
vn -0.4098 -0.8826 -0.2303
vn -0.4117 -0.8818 -0.2301
vn -0.1590 -0.8969 -0.4126
vn -0.1655 -0.8958 -0.4125
vn -0.1589 -0.8967 -0.4132
vn -0.2882 -0.9006 -0.3253
vn -0.2890 -0.8999 -0.3266
vn -0.2892 -0.9004 -0.3250
vn -0.2891 -0.9001 -0.3259
vn -0.2902 -0.8999 -0.3256
vn -0.2893 -0.9006 -0.3243
vn -0.1617 -0.8951 -0.4154
vn -0.1627 -0.8963 -0.4125
vn -0.1562 -0.8974 -0.4127
vn -0.4207 -0.8739 -0.2435
vn -0.4238 -0.8723 -0.2438
vn -0.4224 -0.8733 -0.2427
vn -0.4185 -0.8752 -0.2428
vn -0.4200 -0.8741 -0.2440
vn -0.4216 -0.8736 -0.2431
vn -0.2207 -0.8508 -0.4769
vn -0.2266 -0.8497 -0.4762
vn -0.2212 -0.8520 -0.4745
vn -0.2216 -0.8482 -0.4811
vn -0.2241 -0.8502 -0.4765
vn -0.2182 -0.8513 -0.4772
vn -0.3264 -0.8728 -0.3630
vn -0.3267 -0.8725 -0.3632
vn -0.3271 -0.8725 -0.3629
vn -0.3269 -0.8725 -0.3631
vn -0.3275 -0.8723 -0.3630
vn -0.3272 -0.8726 -0.3628
vn -0.4371 -0.8634 -0.2519
vn -0.4369 -0.8633 -0.2527
vn -0.4347 -0.8647 -0.2518
vn -0.4360 -0.8642 -0.2511
vn -0.4381 -0.8629 -0.2519
vn -0.4357 -0.8641 -0.2518
vn -0.3684 -0.8442 -0.3894
vn -0.3715 -0.8429 -0.3892
vn -0.3700 -0.8437 -0.3889
vn -0.2939 -0.8019 -0.5201
vn -0.2955 -0.8014 -0.5201
vn -0.2955 -0.8023 -0.5187
vn -0.2927 -0.8013 -0.5217
vn -0.2948 -0.8016 -0.5201
vn -0.2932 -0.8021 -0.5203
vn -0.3721 -0.8426 -0.3893
vn -0.3737 -0.8422 -0.3886
vn -0.3706 -0.8434 -0.3890
vn -0.4721 -0.8442 -0.2540
vn -0.4717 -0.8447 -0.2531
vn -0.4706 -0.8452 -0.2533
vn -0.4548 -0.8530 -0.2560
vn -0.4551 -0.8531 -0.2553
vn -0.4541 -0.8536 -0.2552
vn -0.4539 -0.8534 -0.2562
vn -0.4550 -0.8528 -0.2563
vn -0.4544 -0.8534 -0.2555
vn -0.4219 -0.8131 -0.4011
vn -0.4223 -0.8122 -0.4025
vn -0.4208 -0.8130 -0.4024
vn -0.3778 -0.7527 -0.5392
vn -0.3782 -0.7529 -0.5387
vn -0.3786 -0.7523 -0.5391
vn -0.4653 -0.7080 -0.5313
vn -0.3777 -0.7528 -0.5391
vn -0.3780 -0.7527 -0.5391
vn -0.3777 -0.7526 -0.5395
vn -0.4209 -0.8140 -0.4004
vn -0.4224 -0.8131 -0.4005
vn -0.4213 -0.8131 -0.4018
vn -0.4723 -0.8439 -0.2544
vn -0.4733 -0.8434 -0.2542
vn -0.4718 -0.8445 -0.2535
vn -0.4650 -0.7081 -0.5314
vn -0.4752 -0.7846 -0.3982
vn -0.4753 -0.7843 -0.3987
vn -0.4742 -0.7848 -0.3989
vn -0.5514 -0.6679 -0.4999
vn -0.5448 -0.6705 -0.5036
vn -0.5481 -0.6691 -0.5018
vn -0.4745 -0.7851 -0.3982
vn -0.4756 -0.7846 -0.3979
vn -0.4747 -0.7848 -0.3986
vn -0.4860 -0.8380 -0.2483
vn -0.4878 -0.8368 -0.2487
vn -0.4898 -0.8358 -0.2480
vn -0.4887 -0.8364 -0.2484
vn -0.4925 -0.8343 -0.2478
vn -0.4906 -0.8354 -0.2477
vn -0.5269 -0.7606 -0.3793
vn -0.5273 -0.7605 -0.3789
vn -0.5277 -0.7595 -0.3804
vn -0.5528 -0.6674 -0.4990
vn -0.5495 -0.6686 -0.5010
vn -0.5561 -0.6659 -0.4973
vn -0.5258 -0.7609 -0.3802
vn -0.5266 -0.7611 -0.3788
vn -0.5274 -0.7600 -0.3799
vn -0.5197 -0.8253 -0.2208
vn -0.5185 -0.8257 -0.2222
vn -0.5192 -0.8254 -0.2216
vn -0.6123 -0.7314 -0.3002
vn -0.6121 -0.7314 -0.3007
vn -0.6120 -0.7313 -0.3010
vn -0.5057 -0.8290 -0.2388
vn -0.5085 -0.8280 -0.2364
vn -0.5052 -0.8298 -0.2373
vn -0.5188 -0.8256 -0.2219
vn -0.5181 -0.8259 -0.2225
vn -0.5176 -0.8260 -0.2233
vn -0.5071 -0.8287 -0.2368
vn -0.5066 -0.8295 -0.2351
vn -0.5038 -0.8305 -0.2376
vn -0.6922 -0.6185 -0.3720
vn -0.6912 -0.6187 -0.3734
vn -0.6923 -0.6176 -0.3734
vn -0.6241 -0.6399 -0.4484
vn -0.6271 -0.6379 -0.4470
vn -0.6256 -0.6394 -0.4471
vn -0.6263 -0.6387 -0.4470
vn -0.6278 -0.6372 -0.4470
vn -0.6293 -0.6367 -0.4456
vn -0.6917 -0.6182 -0.3734
vn -0.6920 -0.6171 -0.3746
vn -0.6929 -0.6169 -0.3733
vn -0.5731 -0.7413 -0.3494
vn -0.5769 -0.7399 -0.3460
vn -0.5726 -0.7431 -0.3462
vn -0.6120 -0.7312 -0.3013
vn -0.6120 -0.7314 -0.3008
vn -0.6117 -0.7313 -0.3017
vn -0.5751 -0.7413 -0.3461
vn -0.5746 -0.7431 -0.3429
vn -0.5708 -0.7444 -0.3464
vn -0.7529 -0.4921 -0.4370
vn -0.7526 -0.4934 -0.4361
vn -0.7503 -0.4939 -0.4394
vn 0.0147 -0.9998 0.0095
vn 0.0154 -0.9998 0.0087
vn 0.0145 -0.9999 0.0081
vn 0.0150 -0.9999 0.0085
vn 0.0146 -0.9999 0.0068
vn 0.0142 -0.9999 0.0079
vn 0.1525 -0.9862 0.0645
vn 0.3022 -0.9456 0.1202
vn 0.3012 -0.9461 0.1189
vn 0.3027 -0.9457 0.1188
vn 0.3020 -0.9459 0.1189
vn 0.3006 -0.9463 0.1190
vn 0.3011 -0.9463 0.1175
vn 0.1694 -0.9834 0.0645
vn 0.0467 -0.9915 -0.1217
vn 0.0472 -0.9914 -0.1221
vn 0.0472 -0.9915 -0.1216
vn 0.0463 -0.9915 -0.1212
vn 0.0464 -0.9915 -0.1218
vn 0.0469 -0.9915 -0.1217
vn 0.3456 -0.9357 -0.0711
vn 0.3478 -0.9349 -0.0711
vn 0.3481 -0.9346 -0.0736
vn 0.3527 -0.8976 -0.2642
vn 0.3527 -0.8978 -0.2639
vn 0.2072 -0.9735 -0.0970
vn 0.3442 -0.9364 -0.0686
vn 0.3469 -0.9352 -0.0712
vn 0.3446 -0.9361 -0.0710
vn 0.2071 -0.9735 -0.0974
vn 0.0536 -0.9657 -0.2541
vn 0.0518 -0.9654 -0.2556
vn 0.0519 -0.9658 -0.2540
vn 0.0545 -0.9661 -0.2525
vn 0.0543 -0.9657 -0.2540
vn 0.0527 -0.9658 -0.2539
vn 0.3526 -0.8977 -0.2642
vn 0.3530 -0.8975 -0.2643
vn 0.2135 -0.9424 -0.2575
vn 0.2131 -0.9414 -0.2614
vn 0.2091 -0.9422 -0.2619
vn 0.2114 -0.9417 -0.2616
vn 0.2070 -0.9415 -0.2661
vn 0.2074 -0.9425 -0.2622
vn 0.0267 -0.9248 -0.3796
vn 0.0226 -0.9240 -0.3817
vn 0.0236 -0.9252 -0.3788
vn -0.0250 -0.8712 -0.4903
vn -0.0284 -0.8713 -0.4900
vn -0.0266 -0.8727 -0.4875
vn 0.0291 -0.9257 -0.3771
vn 0.0282 -0.9247 -0.3797
vn 0.0249 -0.9250 -0.3791
vn 0.1710 -0.8922 -0.4180
vn 0.1710 -0.8921 -0.4182
vn 0.1745 -0.8917 -0.4176
vn 0.3153 -0.8372 -0.4469
vn 0.3147 -0.8373 -0.4471
vn 0.3152 -0.8371 -0.4471
vn 0.3148 -0.8372 -0.4471
vn 0.3149 -0.8372 -0.4471
vn 0.3155 -0.8371 -0.4469
vn 0.1696 -0.8923 -0.4184
vn 0.1725 -0.8910 -0.4200
vn 0.1731 -0.8918 -0.4179
vn -0.1085 -0.8087 -0.5781
vn -0.1086 -0.8095 -0.5770
vn -0.1076 -0.8101 -0.5763
vn -0.0235 -0.8712 -0.4903
vn -0.0253 -0.8697 -0.4929
vn -0.0269 -0.8712 -0.4901
vn 0.2294 -0.7602 -0.6079
vn 0.2306 -0.7605 -0.6070
vn 0.2298 -0.7599 -0.6081
vn 0.1147 -0.6696 -0.7338
vn 0.1127 -0.6737 -0.7304
vn 0.1082 -0.6705 -0.7340
vn 0.1061 -0.8249 -0.5552
vn 0.1024 -0.8243 -0.5568
vn 0.1037 -0.8254 -0.5550
vn 0.2297 -0.7606 -0.6072
vn 0.2301 -0.7604 -0.6074
vn 0.2289 -0.7600 -0.6083
vn 0.1084 -0.8258 -0.5535
vn 0.1071 -0.8247 -0.5553
vn 0.1047 -0.8252 -0.5551
vn -0.1084 -0.8084 -0.5786
vn -0.1093 -0.8077 -0.5794
vn -0.1085 -0.8091 -0.5776
vn 0.0002 -0.7474 -0.6644
vn 0.0031 -0.7432 -0.6691
vn 0.0094 -0.7476 -0.6640
vn 0.1174 -0.6692 -0.7338
vn 0.1109 -0.6701 -0.7339
vn 0.1129 -0.6660 -0.7373
vn 0.0028 -0.7517 -0.6595
vn -0.0036 -0.7472 -0.6645
vn 0.0056 -0.7475 -0.6642
vn -0.2115 -0.7417 -0.6365
vn -0.2134 -0.7418 -0.6358
vn -0.2122 -0.7426 -0.6353
vn -0.3258 -0.6752 -0.6618
vn -0.3260 -0.6744 -0.6625
vn -0.3249 -0.6749 -0.6625
vn -0.2100 -0.7422 -0.6365
vn -0.2113 -0.7413 -0.6370
vn -0.2119 -0.7421 -0.6359
vn -0.0337 -0.5715 -0.8199
vn -0.0329 -0.5703 -0.8208
vn -0.0342 -0.5695 -0.8213
vn -0.2005 -0.4748 -0.8569
vn -0.2004 -0.4746 -0.8571
vn -0.2008 -0.4744 -0.8571
vn -0.1238 -0.6655 -0.7361
vn -0.1252 -0.6645 -0.7367
vn -0.1234 -0.6648 -0.7368
vn -0.0327 -0.5728 -0.8191
vn -0.0333 -0.5708 -0.8204
vn -0.0340 -0.5720 -0.8196
vn -0.1244 -0.6647 -0.7367
vn -0.1241 -0.6640 -0.7374
vn -0.1226 -0.6649 -0.7368
vn -0.3257 -0.6756 -0.6614
vn -0.3268 -0.6750 -0.6615
vn -0.3259 -0.6747 -0.6622
vn -0.2668 -0.5810 -0.7689
vn -0.3737 -0.3833 -0.8447
vn -0.3737 -0.3834 -0.8446
vn -0.3755 -0.3826 -0.8442
vn -0.2004 -0.4749 -0.8569
vn -0.2007 -0.4745 -0.8571
vn -0.2009 -0.4746 -0.8570
vn -0.2668 -0.5811 -0.7689
vn -0.4459 -0.6120 -0.6532
vn -0.4465 -0.6113 -0.6534
vn -0.4458 -0.6113 -0.6539
vn -0.5610 -0.5583 -0.6112
vn -0.5628 -0.5593 -0.6087
vn -0.5601 -0.5604 -0.6101
vn -0.4452 -0.6126 -0.6530
vn -0.4460 -0.6122 -0.6529
vn -0.4458 -0.6117 -0.6536
vn -0.4144 -0.5036 -0.7581
vn -0.4145 -0.5038 -0.7579
vn -0.4137 -0.5042 -0.7581
vn -0.5429 -0.3047 -0.7825
vn -0.5402 -0.3055 -0.7841
vn -0.5415 -0.3049 -0.7834
vn -0.3730 -0.3836 -0.8448
vn -0.3748 -0.3828 -0.8444
vn -0.3747 -0.3827 -0.8445
vn -0.4139 -0.5038 -0.7582
vn -0.4147 -0.5034 -0.7580
vn -0.4140 -0.5040 -0.7580
vn -0.5603 -0.5579 -0.6123
vn -0.5629 -0.5568 -0.6109
vn -0.5620 -0.5589 -0.6098
vn -0.5573 -0.4369 -0.7061
vn -0.5589 -0.4362 -0.7052
vn -0.5598 -0.4373 -0.7038
vn -0.5433 -0.3047 -0.7823
vn -0.5425 -0.3047 -0.7829
vn -0.5448 -0.3041 -0.7815
vn -0.5593 -0.4367 -0.7046
vn -0.5618 -0.4372 -0.7023
vn -0.5602 -0.4378 -0.7032
vn -0.6685 -0.5158 -0.5358
vn -0.6686 -0.5174 -0.5342
vn -0.6659 -0.5183 -0.5366
vn -0.7994 -0.3533 -0.4860
vn -0.7968 -0.3539 -0.4897
vn -0.7996 -0.3515 -0.4870
vn -0.6669 -0.5158 -0.5378
vn -0.6696 -0.5147 -0.5354
vn -0.6669 -0.5172 -0.5363
vn -0.7540 -0.4913 -0.4359
vn -0.7514 -0.4931 -0.4384
vn -0.7518 -0.4918 -0.4392
vn -0.6884 -0.3865 -0.6138
vn -0.6926 -0.3850 -0.6100
vn -0.6884 -0.3865 -0.6137
vn -0.6908 -0.3856 -0.6116
vn -0.6908 -0.3857 -0.6116
vn -0.6867 -0.3871 -0.6153
vn -0.6937 -0.2462 -0.6769
vn -0.6955 -0.2449 -0.6755
vn -0.6946 -0.2459 -0.6760
vn -0.8225 -0.2074 -0.5296
vn -0.8222 -0.2074 -0.5300
vn -0.8007 -0.3506 -0.4858
vn -0.7980 -0.3529 -0.4886
vn -0.7982 -0.3512 -0.4895
vn -0.6950 -0.2454 -0.6758
vn -0.6958 -0.2445 -0.6753
vn -0.6969 -0.2441 -0.6744
vn -0.8223 -0.2074 -0.5299
vn -0.8223 -0.2075 -0.5299
vn -0.8226 -0.2074 -0.5295
vn -0.0425 -0.9909 0.1280
vn -0.0422 -0.9910 0.1272
vn -0.0425 -0.9909 0.1276
vn 0.2112 -0.9328 0.2921
vn 0.2129 -0.9332 0.2896
vn 0.2082 -0.9334 0.2922
vn -0.8169 -0.4810 -0.3183
vn -0.8174 -0.4811 -0.3171
vn -0.8167 -0.4820 -0.3172
vn -0.8171 -0.4814 -0.3172
vn -0.8168 -0.4825 -0.3162
vn -0.8164 -0.4825 -0.3173
vn -0.9144 -0.1934 -0.3556
vn -0.9147 -0.1929 -0.3552
vn -0.9150 -0.1929 -0.3545
vn -0.8757 -0.3409 -0.3419
vn -0.8768 -0.3409 -0.3391
vn -0.8753 -0.3427 -0.3411
vn -0.9139 -0.1938 -0.3566
vn -0.9145 -0.1932 -0.3554
vn -0.9142 -0.1938 -0.3559
vn -0.8762 -0.3417 -0.3400
vn -0.8758 -0.3434 -0.3391
vn -0.8748 -0.3434 -0.3419
vn -0.8510 -0.4908 -0.1869
vn -0.8506 -0.4918 -0.1859
vn -0.8505 -0.4917 -0.1871
vn -0.8512 -0.4901 -0.1878
vn -0.8513 -0.4903 -0.1867
vn -0.8507 -0.4912 -0.1870
vn -0.9642 -0.2062 -0.1665
vn -0.9645 -0.2057 -0.1658
vn -0.9646 -0.2058 -0.1649
vn -0.9640 -0.2063 -0.1676
vn -0.9644 -0.2060 -0.1661
vn -0.9641 -0.2064 -0.1668
vn -0.9182 -0.3521 -0.1815
vn -0.9179 -0.3540 -0.1795
vn -0.9190 -0.3516 -0.1786
vn -0.9183 -0.3531 -0.1792
vn -0.9185 -0.3532 -0.1780
vn -0.9194 -0.3506 -0.1782
vn -0.8556 -0.5147 -0.0545
vn -0.8528 -0.5198 -0.0503
vn -0.8532 -0.5186 -0.0548
vn -0.8571 -0.5118 -0.0588
vn -0.8567 -0.5130 -0.0543
vn -0.8543 -0.5169 -0.0547
vn -0.9694 -0.2441 0.0265
vn -0.9701 -0.2412 0.0262
vn -0.9698 -0.2420 0.0291
vn -0.9297 -0.3025 0.2103
vn -0.9296 -0.3036 0.2089
vn -0.9291 -0.3042 0.2105
vn -0.9240 -0.3819 -0.0175
vn -0.9237 -0.3828 -0.0140
vn -0.9223 -0.3861 -0.0144
vn -0.9694 -0.2445 0.0237
vn -0.9698 -0.2424 0.0264
vn -0.9691 -0.2453 0.0266
vn -0.9231 -0.3842 -0.0142
vn -0.9214 -0.3884 -0.0110
vn -0.9218 -0.3875 -0.0146
vn -0.8273 -0.5573 0.0712
vn -0.8275 -0.5568 0.0717
vn -0.8279 -0.5563 0.0706
vn -0.8274 -0.5572 0.0703
vn -0.8270 -0.5576 0.0714
vn -0.8277 -0.5567 0.0708
vn -0.8891 -0.4352 0.1416
vn -0.8889 -0.4357 0.1417
vn -0.8890 -0.4353 0.1420
vn -0.9299 -0.3018 0.2102
vn -0.9293 -0.3034 0.2104
vn -0.9294 -0.3024 0.2117
vn -0.8889 -0.4356 0.1417
vn -0.8888 -0.4358 0.1421
vn -0.8890 -0.4354 0.1419
vn -0.7713 -0.6102 0.1809
vn -0.7690 -0.6127 0.1822
vn -0.7701 -0.6118 0.1807
vn -0.6892 -0.6727 0.2691
vn -0.7729 -0.6086 0.1795
vn -0.7718 -0.6095 0.1810
vn -0.7706 -0.6111 0.1808
vn -0.8479 -0.3802 0.3695
vn -0.8472 -0.3801 0.3712
vn -0.8462 -0.3809 0.3726
vn -0.8491 -0.3795 0.3674
vn -0.8475 -0.3801 0.3705
vn -0.8481 -0.3803 0.3688
vn -0.8185 -0.5018 0.2797
vn -0.8176 -0.5028 0.2808
vn -0.8180 -0.5024 0.2802
vn -0.8192 -0.5012 0.2789
vn -0.8187 -0.5015 0.2795
vn -0.8182 -0.5021 0.2799
vn -0.6892 -0.6727 0.2693
vn -0.7279 -0.4712 0.4980
vn -0.7258 -0.4736 0.4990
vn -0.7256 -0.4762 0.4968
vn -0.7294 -0.4675 0.4995
vn -0.7267 -0.4726 0.4986
vn -0.7290 -0.4702 0.4975
vn -0.7194 -0.5776 0.3857
vn -0.7183 -0.5784 0.3866
vn -0.7172 -0.5795 0.3871
vn -0.7178 -0.5789 0.3869
vn -0.7156 -0.5808 0.3881
vn -0.7167 -0.5800 0.3872
vn -0.5878 -0.7398 0.3274
vn -0.5863 -0.7408 0.3280
vn -0.5870 -0.7403 0.3277
vn -0.5890 -0.7391 0.3269
vn -0.5882 -0.7395 0.3272
vn -0.5874 -0.7400 0.3276
vn -0.5807 -0.5686 0.5826
vn -0.5811 -0.5704 0.5805
vn -0.5790 -0.5717 0.5813
vn -0.5827 -0.5676 0.5816
vn -0.5810 -0.5697 0.5813
vn -0.5806 -0.5683 0.5831
vn -0.5915 -0.6621 0.4603
vn -0.5911 -0.6623 0.4604
vn -0.5911 -0.6620 0.4608
vn -0.5912 -0.6623 0.4603
vn -0.5908 -0.6620 0.4611
vn -0.5912 -0.6619 0.4609
vn -0.4725 -0.8073 0.3535
vn -0.4714 -0.8075 0.3545
vn -0.4726 -0.8069 0.3543
vn -0.3537 -0.8698 0.3440
vn -0.3528 -0.8697 0.3452
vn -0.3541 -0.8690 0.3455
vn -0.4735 -0.8070 0.3529
vn -0.4725 -0.8075 0.3530
vn -0.4725 -0.8071 0.3540
vn -0.4496 -0.7448 0.4932
vn -0.4493 -0.7449 0.4932
vn -0.4144 -0.6677 0.6184
vn -0.2404 -0.7582 0.6061
vn -0.2404 -0.7583 0.6060
vn -0.2419 -0.7584 0.6052
vn -0.4142 -0.6677 0.6186
vn -0.4142 -0.6676 0.6186
vn -0.4492 -0.7451 0.4930
vn -0.4494 -0.7449 0.4931
vn -0.3540 -0.8699 0.3435
vn -0.3528 -0.8705 0.3432
vn -0.3532 -0.8697 0.3447
vn -0.2399 -0.7581 0.6064
vn -0.2411 -0.7581 0.6060
vn -0.2414 -0.7578 0.6062
vn -0.3015 -0.8226 0.4822
vn -0.2982 -0.8233 0.4829
vn -0.2999 -0.8232 0.4821
vn -0.3038 -0.8222 0.4813
vn -0.3023 -0.8223 0.4822
vn -0.3006 -0.8229 0.4822
vn -0.2365 -0.9237 0.3014
vn -0.2372 -0.9243 0.2990
vn -0.2407 -0.9228 0.3009
vn -0.2383 -0.9226 0.3033
vn -0.2348 -0.9241 0.3014
vn -0.2390 -0.9232 0.3010
vn -0.0727 -0.8345 0.5462
vn -0.0734 -0.8362 0.5435
vn -0.0691 -0.8360 0.5443
vn -0.1575 -0.8894 0.4291
vn -0.1578 -0.8903 0.4271
vn -0.1600 -0.8894 0.4282
vn -0.0709 -0.8361 0.5440
vn -0.0752 -0.8362 0.5432
vn -0.0716 -0.8378 0.5413
vn 0.0813 -0.8957 0.4371
vn 0.0822 -0.8948 0.4388
vn 0.0846 -0.8956 0.4367
vn -0.1586 -0.8885 0.4306
vn -0.1564 -0.8895 0.4294
vn -0.1589 -0.8894 0.4286
vn -0.1307 -0.9648 0.2282
vn -0.1324 -0.9654 0.2245
vn -0.1369 -0.9639 0.2286
vn -0.1326 -0.9636 0.2321
vn -0.1281 -0.9652 0.2280
vn -0.1343 -0.9643 0.2284
vn -0.0425 -0.9908 0.1286
vn -0.0425 -0.9909 0.1281
vn -0.0427 -0.9907 0.1290
vn -0.0274 -0.9391 0.3425
vn -0.0216 -0.9412 0.3372
vn -0.0296 -0.9413 0.3362
vn -0.0250 -0.9412 0.3368
vn -0.0272 -0.9434 0.3305
vn -0.0330 -0.9414 0.3358
vn 0.0799 -0.8958 0.4373
vn 0.0832 -0.8957 0.4369
vn 0.0823 -0.8966 0.4351
vn 0.0854 -0.9735 0.2122
vn 0.0801 -0.9740 0.2117
vn 0.0771 -0.9733 0.2161
vn 0.0906 -0.9739 0.2080
vn 0.0823 -0.9738 0.2119
vn 0.0875 -0.9733 0.2124
vn 0.2070 -0.9337 0.2922
vn 0.2053 -0.9333 0.2947
vn 0.2100 -0.9330 0.2922
vn 0.1344 -0.6443 -0.7528
vn 0.1342 -0.6441 -0.7531
vn 0.2501 -0.7313 -0.6345
vn 0.2500 -0.7313 -0.6345
vn 0.3342 -0.8076 -0.4860
vn 0.3348 -0.8073 -0.4860
vn 0.3346 -0.8075 -0.4859
vn 0.3334 -0.8079 -0.4859
vn 0.3337 -0.8077 -0.4860
vn 0.3340 -0.8077 -0.4859
vn 0.3816 -0.8688 -0.3156
vn 0.3818 -0.8687 -0.3156
vn 0.3901 -0.9110 -0.1337
vn 0.3896 -0.9112 -0.1337
vn 0.3894 -0.9113 -0.1338
vn 0.3586 -0.9322 0.0495
vn 0.3583 -0.9323 0.0495
vn 0.2891 -0.9309 0.2233
vn 0.2891 -0.9309 0.2234
vn 0.1857 -0.9073 0.3773
vn 0.1858 -0.9073 0.3773
vn 0.0544 -0.8625 0.5032
vn 0.0545 -0.8627 0.5028
vn -0.0970 -0.7996 0.5926
vn -0.0971 -0.7995 0.5927
vn -0.2601 -0.7218 0.6414
vn -0.4250 -0.6337 0.6463
vn -0.4251 -0.6339 0.6461
vn -0.5824 -0.5407 0.6070
vn -0.5827 -0.5408 0.6066
vn -0.1310 0.6469 0.7512
vn -0.1309 0.6469 0.7512
vn -0.1315 0.6472 0.7509
vn -0.1309 0.6472 0.7510
vn -0.2458 0.7337 0.6334
vn -0.2462 0.7338 0.6331
vn -0.3303 0.8097 0.4851
vn -0.3300 0.8098 0.4851
vn -0.3779 0.8704 0.3155
vn -0.3775 0.8706 0.3155
vn -0.3858 0.9128 0.1342
vn -0.3859 0.9127 0.1342
vn -0.3545 0.9338 -0.0483
vn -0.3544 0.9338 -0.0483
vn -0.2853 0.9326 -0.2212
vn -0.2853 0.9325 -0.2214
vn -0.1823 0.9090 -0.3747
vn -0.0515 0.8646 -0.4999
vn -0.0515 0.8645 -0.5000
vn 0.0995 0.8016 -0.5895
vn 0.0994 0.8018 -0.5892
vn 0.2619 0.7241 -0.6380
vn 0.2619 0.7243 -0.6378
vn 0.4262 0.6364 -0.6429
vn 0.4264 0.6367 -0.6425
vn 0.5830 0.5437 -0.6037
vn 0.5832 0.5439 -0.6033
vn 0.7232 0.4514 -0.5227
vn 0.7233 0.4515 -0.5225
vn 0.8386 0.3648 -0.4046
vn 0.8387 0.3649 -0.4044
vn 0.9224 0.2887 -0.2565
vn 0.9223 0.2888 -0.2567
vn 0.9698 0.2277 -0.0870
vn 0.9698 0.2279 -0.0869
vn 0.9780 0.1858 0.0945
vn 0.9780 0.1857 0.0945
vn 0.9467 0.1647 0.2769
vn 0.9467 0.1646 0.2768
vn 0.8776 0.1659 0.4498
vn 0.7747 0.1895 0.6032
vn 0.7744 0.1894 0.6037
vn 0.6437 0.2339 0.7286
vn 0.6437 0.2340 0.7287
vn 0.4927 0.2967 0.8181
vn 0.4928 0.2968 0.8179
vn 0.3304 0.3742 0.8665
vn 0.3303 0.3742 0.8665
vn 0.1659 0.4616 0.8714
vn 0.1659 0.4618 0.8713
vn 0.0091 0.5546 0.8321
vn 0.0090 0.5546 0.8321
vn -0.7231 -0.4479 0.5258
vn -0.7232 -0.4480 0.5256
vn -0.8389 -0.3609 0.4074
vn -0.8390 -0.3610 0.4072
vn -0.9231 -0.2847 0.2586
vn -0.9232 -0.2844 0.2585
vn -0.9707 -0.2236 0.0883
vn -0.9790 -0.1812 -0.0938
vn -0.9790 -0.1812 -0.0937
vn -0.9474 -0.1601 -0.2771
vn -0.9476 -0.1599 -0.2766
vn -0.8780 -0.1613 -0.4507
vn -0.8780 -0.1614 -0.4507
vn -0.7747 -0.1849 -0.6047
vn -0.7745 -0.1850 -0.6049
vn -0.6435 -0.2296 -0.7302
vn -0.6434 -0.2296 -0.7303
vn -0.4919 -0.2926 -0.8200
vn -0.4918 -0.2926 -0.8200
vn -0.3289 -0.3705 -0.8687
vn -0.3287 -0.3703 -0.8688
vn -0.1637 -0.4582 -0.8736
vn -0.1638 -0.4583 -0.8736
vn -0.0064 -0.5515 -0.8341
vn -0.0063 -0.5515 -0.8341
vn -0.4667 -0.8659 -0.1803
vn 0.7379 0.6108 0.2870
vn 0.5293 0.8236 0.2036
vn 0.5280 0.8249 0.2021
vn 0.5273 0.8249 0.2038
vn 0.5285 0.8241 0.2037
vn 0.5265 0.8254 0.2039
vn 0.6381 0.7284 0.2496
vn 0.6401 0.7283 0.2445
vn 0.6422 0.7251 0.2485
vn 0.7383 0.6106 0.2867
vn 0.6420 0.7237 0.2530
vn 0.6399 0.7270 0.2491
vn 0.6440 0.7237 0.2480
vn 0.5348 0.8238 0.1878
vn 0.5323 0.8262 0.1845
vn 0.5353 0.8243 0.1842
vn 0.5310 0.8270 0.1847
vn 0.5315 0.8275 0.1811
vn 0.5340 0.8251 0.1844
vn 0.7619 0.6187 0.1915
vn 0.7624 0.6182 0.1912
vn 0.7618 0.6186 0.1923
vn 0.7691 0.6331 0.0871
vn 0.7657 0.6363 0.0936
vn 0.7696 0.6316 0.0931
vn 0.7621 0.6185 0.1914
vn 0.7628 0.6180 0.1903
vn 0.7627 0.6179 0.1911
vn 0.6581 0.7285 0.1900
vn 0.6583 0.7287 0.1887
vn 0.6571 0.7295 0.1900
vn 0.6569 0.7294 0.1912
vn 0.6574 0.7292 0.1899
vn 0.6566 0.7299 0.1900
vn 0.5405 0.8239 0.1706
vn 0.5338 0.8294 0.1647
vn 0.5399 0.8257 0.1637
vn 0.5312 0.8310 0.1651
vn 0.5306 0.8328 0.1581
vn 0.5373 0.8273 0.1641
vn 0.7680 0.6336 0.0933
vn 0.7641 0.6383 0.0938
vn 0.7646 0.6368 0.0997
vn 0.6557 0.7430 0.1341
vn 0.6577 0.7418 0.1306
vn 0.6553 0.7439 0.1311
vn 0.6587 0.7410 0.1304
vn 0.6585 0.7418 0.1273
vn 0.6563 0.7431 0.1309
vn 0.5314 0.8344 0.1462
vn 0.5305 0.8351 0.1458
vn 0.5312 0.8347 0.1454
vn 0.5301 0.8353 0.1458
vn 0.5298 0.8356 0.1451
vn 0.5308 0.8349 0.1455
vn 0.7442 0.6680 0.0017
vn 0.7475 0.6643 0.0013
vn 0.7457 0.6663 0.0061
vn 0.6457 0.7601 0.0737
vn 0.7456 0.6664 0.0016
vn 0.7473 0.6645 -0.0032
vn 0.7488 0.6627 0.0012
vn 0.6459 0.7598 0.0737
vn 0.5211 0.8434 0.1310
vn 0.5223 0.8430 0.1285
vn 0.5192 0.8450 0.1282
vn 0.5236 0.8422 0.1286
vn 0.5217 0.8438 0.1258
vn 0.5205 0.8442 0.1283
vn 0.7037 0.7060 -0.0804
vn 0.7070 0.7027 -0.0800
vn 0.7061 0.7040 -0.0770
vn 0.6197 0.7844 0.0259
vn 0.6186 0.7854 0.0247
vn 0.6192 0.7849 0.0252
vn 0.7051 0.7045 -0.0803
vn 0.7059 0.7034 -0.0833
vn 0.7083 0.7014 -0.0799
vn 0.6183 0.7856 0.0244
vn 0.6178 0.7860 0.0237
vn 0.6189 0.7851 0.0249
vn 0.5103 0.8521 0.1166
vn 0.5099 0.8525 0.1148
vn 0.5089 0.8529 0.1162
vn 0.5103 0.8524 0.1142
vn 0.5091 0.8532 0.1133
vn 0.5094 0.8527 0.1156
vn 0.5846 0.8112 -0.0153
vn 0.5839 0.8117 -0.0161
vn 0.5828 0.8125 -0.0134
vn 0.6439 0.7515 -0.1436
vn 0.6445 0.7508 -0.1445
vn 0.6448 0.7509 -0.1428
vn 0.6442 0.7511 -0.1440
vn 0.6439 0.7511 -0.1457
vn 0.6450 0.7502 -0.1451
vn 0.5862 0.8100 -0.0135
vn 0.5853 0.8106 -0.0162
vn 0.5836 0.8119 -0.0142
vn 0.4946 0.8621 0.1099
vn 0.4932 0.8632 0.1078
vn 0.4942 0.8625 0.1085
vn 0.4928 0.8635 0.1075
vn 0.4925 0.8638 0.1062
vn 0.4938 0.8628 0.1083
vn 0.5697 0.8004 -0.1866
vn 0.5688 0.8009 -0.1870
vn 0.5707 0.7996 -0.1871
vn 0.5694 0.8006 -0.1864
vn 0.5674 0.8021 -0.1862
vn 0.5683 0.8014 -0.1867
vn 0.5418 0.8394 -0.0434
vn 0.5389 0.8412 -0.0447
vn 0.5389 0.8413 -0.0424
vn 0.5406 0.8403 -0.0408
vn 0.5406 0.8402 -0.0430
vn 0.5377 0.8421 -0.0420
vn 0.4768 0.8729 0.1033
vn 0.4767 0.8729 0.1036
vn 0.4760 0.8734 0.1031
vn 0.4770 0.8727 0.1040
vn 0.4762 0.8732 0.1039
vn 0.4763 0.8731 0.1035
vn 0.4876 0.8715 -0.0519
vn 0.4871 0.8717 -0.0529
vn 0.4865 0.8721 -0.0519
vn 0.4857 0.8493 -0.2071
vn 0.4857 0.8496 -0.2058
vn 0.4869 0.8486 -0.2070
vn 0.4857 0.8494 -0.2065
vn 0.4846 0.8501 -0.2060
vn 0.4857 0.8497 -0.2052
vn 0.4874 0.8715 -0.0533
vn 0.4864 0.8721 -0.0534
vn 0.4869 0.8719 -0.0523
vn 0.4601 0.8816 0.1054
vn 0.4582 0.8826 0.1051
vn 0.4592 0.8821 0.1050
vn 0.4577 0.8829 0.1051
vn 0.4568 0.8834 0.1047
vn 0.4587 0.8823 0.1051
vn 0.4339 0.8996 -0.0485
vn 0.3978 0.8953 -0.2006
vn 0.3974 0.8953 -0.2012
vn 0.3984 0.8950 -0.2008
vn 0.3976 0.8953 -0.2009
vn 0.3967 0.8956 -0.2014
vn 0.3973 0.8953 -0.2015
vn 0.4341 0.8996 -0.0482
vn 0.4422 0.8902 0.1095
vn 0.4420 0.8901 0.1113
vn 0.4407 0.8909 0.1103
vn 0.4238 0.8976 0.1211
vn 0.4257 0.8968 0.1209
vn 0.4223 0.8981 0.1224
vn 0.4426 0.8897 0.1118
vn 0.4410 0.8904 0.1126
vn 0.4413 0.8905 0.1108
vn 0.3098 0.9356 -0.1695
vn 0.3100 0.9359 -0.1671
vn 0.3127 0.9348 -0.1685
vn 0.3834 0.9231 -0.0291
vn 0.3831 0.9232 -0.0297
vn 0.3817 0.9239 -0.0282
vn 0.3085 0.9359 -0.1699
vn 0.3115 0.9351 -0.1689
vn 0.3112 0.9348 -0.1713
vn 0.3836 0.9230 -0.0302
vn 0.3819 0.9237 -0.0293
vn 0.3823 0.9236 -0.0288
vn 0.4062 0.9035 0.1367
vn 0.4113 0.9012 0.1367
vn 0.4031 0.9042 0.1413
vn 0.4084 0.9025 0.1368
vn 0.4166 0.8994 0.1322
vn 0.4135 0.9002 0.1368
vn 0.4279 0.8959 0.1196
vn 0.4264 0.8964 0.1209
vn 0.4245 0.8973 0.1210
vn 0.2928 0.9549 0.0487
vn 0.2927 0.9550 0.0481
vn 0.2924 0.9551 0.0484
vn 0.1761 0.9836 -0.0403
vn 0.1754 0.9836 -0.0412
vn 0.1750 0.9837 -0.0407
vn 0.3338 0.9426 0.0046
vn 0.2350 0.9652 -0.1145
vn 0.2295 0.9667 -0.1132
vn 0.2319 0.9659 -0.1154
vn 0.3338 0.9426 0.0045
vn 0.2361 0.9650 -0.1141
vn 0.2332 0.9656 -0.1150
vn 0.2387 0.9641 -0.1162
vn 0.1743 0.9839 -0.0397
vn 0.1756 0.9836 -0.0405
vn 0.1746 0.9838 -0.0409
vn 0.2931 0.9548 0.0488
vn 0.2927 0.9550 0.0486
vn 0.2928 0.9549 0.0492
vn 0.1205 0.9916 0.0472
vn 0.1252 0.9908 0.0518
vn 0.1268 0.9908 0.0467
vn 0.4004 0.9031 0.1551
vn 0.4001 0.9031 0.1557
vn 0.3999 0.9034 0.1550
vn 0.3999 0.9035 0.1544
vn 0.4002 0.9032 0.1551
vn 0.3996 0.9035 0.1550
vn 0.2690 0.9577 0.1019
vn 0.2683 0.9577 0.1037
vn 0.2671 0.9583 0.1018
vn 0.1232 0.9913 0.0471
vn 0.1298 0.9904 0.0470
vn 0.1233 0.9913 0.0467
vn 0.2670 0.9585 0.1000
vn 0.2682 0.9580 0.1019
vn 0.2663 0.9585 0.1018
vn 0.3980 0.9011 0.1718
vn 0.3971 0.9010 0.1747
vn 0.4013 0.8992 0.1744
vn 0.3953 0.9017 0.1749
vn 0.3951 0.9010 0.1793
vn 0.3995 0.9000 0.1745
vn 0.0927 0.9854 0.1425
vn 0.0994 0.9848 0.1425
vn 0.0936 0.9863 0.1360
vn 0.0964 0.9658 0.2407
vn 0.0969 0.9659 0.2401
vn 0.0964 0.9659 0.2401
vn 0.0954 0.9852 0.1426
vn 0.1006 0.9837 0.1491
vn 0.1019 0.9845 0.1427
vn 0.2508 0.9547 0.1604
vn 0.2506 0.9546 0.1610
vn 0.2515 0.9544 0.1608
vn 0.2518 0.9544 0.1601
vn 0.2512 0.9545 0.1606
vn 0.2517 0.9543 0.1609
vn 0.4026 0.8958 0.1883
vn 0.3976 0.8967 0.1944
vn 0.4032 0.8943 0.1942
vn 0.2509 0.9426 0.2202
vn 0.3953 0.8977 0.1945
vn 0.3958 0.8962 0.2003
vn 0.4008 0.8953 0.1943
vn 0.0967 0.9659 0.2401
vn 0.0974 0.9659 0.2400
vn 0.0970 0.9660 0.2396
vn 0.2502 0.9428 0.2204
vn 0.4018 0.8908 0.2120
vn 0.4010 0.8909 0.2131
vn 0.4023 0.8903 0.2133
vn 0.4005 0.8912 0.2130
vn 0.4009 0.8907 0.2143
vn 0.4018 0.8906 0.2132
vn 0.1204 0.9353 0.3328
vn 0.1173 0.9357 0.3327
vn 0.1194 0.9364 0.3300
vn 0.1191 0.9355 0.3327
vn 0.1169 0.9348 0.3354
vn 0.1159 0.9359 0.3326
vn 0.2602 0.9251 0.2767
vn 0.2602 0.9250 0.2768
vn 0.2604 0.9249 0.2772
vn 0.2600 0.9252 0.2766
vn 0.2602 0.9250 0.2770
vn 0.2603 0.9249 0.2770
vn 0.4084 0.8842 0.2267
vn 0.4066 0.8841 0.2303
vn 0.4107 0.8823 0.2300
vn 0.4049 0.8849 0.2304
vn 0.4072 0.8829 0.2337
vn 0.4090 0.8831 0.2301
vn 0.1622 0.8965 0.4123
vn 0.1589 0.8965 0.4136
vn 0.1604 0.8980 0.4098
vn 0.2830 0.9023 0.3252
vn 0.2870 0.9005 0.3267
vn 0.2844 0.9011 0.3272
vn 0.2881 0.9003 0.3264
vn 0.2895 0.8991 0.3284
vn 0.2855 0.9009 0.3270
vn 0.1608 0.8965 0.4129
vn 0.1593 0.8950 0.4166
vn 0.1576 0.8965 0.4140
vn 0.4212 0.8737 0.2435
vn 0.4220 0.8733 0.2433
vn 0.4216 0.8734 0.2438
vn 0.3263 0.8718 0.3653
vn 0.3248 0.8704 0.3700
vn 0.3209 0.8732 0.3668
vn 0.4222 0.8733 0.2430
vn 0.4226 0.8730 0.2434
vn 0.4218 0.8734 0.2436
vn 0.2175 0.8515 0.4772
vn 0.2180 0.8510 0.4778
vn 0.2168 0.8520 0.4766
vn 0.3246 0.8740 0.3616
vn 0.3286 0.8712 0.3647
vn 0.3232 0.8726 0.3662
vn 0.2177 0.8513 0.4774
vn 0.2189 0.8502 0.4787
vn 0.2182 0.8507 0.4782
vn 0.4361 0.8636 0.2530
vn 0.4366 0.8636 0.2522
vn 0.4377 0.8626 0.2536
vn 0.4361 0.8640 0.2517
vn 0.4377 0.8630 0.2523
vn 0.4372 0.8630 0.2530
vn 0.2937 0.8014 0.5211
vn 0.2930 0.8016 0.5211
vn 0.2932 0.8018 0.5208
vn 0.2934 0.8016 0.5210
vn 0.2934 0.8013 0.5213
vn 0.2928 0.8017 0.5211
vn 0.3710 0.8428 0.3901
vn 0.3722 0.8420 0.3906
vn 0.3707 0.8422 0.3915
vn 0.3693 0.8427 0.3917
vn 0.3707 0.8425 0.3908
vn 0.3704 0.8420 0.3922
vn 0.4535 0.8536 0.2564
vn 0.4539 0.8534 0.2564
vn 0.4538 0.8537 0.2554
vn 0.4539 0.8532 0.2568
vn 0.4548 0.8529 0.2563
vn 0.4539 0.8535 0.2558
vn 0.4211 0.8128 0.4026
vn 0.4215 0.8121 0.4035
vn 0.4208 0.8125 0.4034
vn 0.4205 0.8133 0.4021
vn 0.4212 0.8129 0.4022
vn 0.4209 0.8127 0.4030
vn 0.3771 0.7524 0.5400
vn 0.3775 0.7513 0.5413
vn 0.3755 0.7533 0.5399
vn 0.3773 0.7520 0.5405
vn 0.3793 0.7499 0.5420
vn 0.3777 0.7508 0.5419
vn 0.4720 0.8438 0.2552
vn 0.4722 0.8438 0.2548
vn 0.4725 0.8436 0.2551
vn 0.4720 0.8440 0.2546
vn 0.4724 0.8438 0.2545
vn 0.4724 0.8437 0.2549
vn 0.4647 0.7071 0.5330
vn 0.4682 0.7051 0.5326
vn 0.4664 0.7060 0.5330
vn 0.4740 0.7846 0.3997
vn 0.4740 0.7845 0.3998
vn 0.4750 0.7841 0.3994
vn 0.4640 0.7076 0.5330
vn 0.4657 0.7064 0.5330
vn 0.4622 0.7085 0.5334
vn 0.4736 0.7847 0.3999
vn 0.4746 0.7842 0.3997
vn 0.4746 0.7843 0.3996
vn 0.4901 0.8356 0.2483
vn 0.4903 0.8354 0.2483
vn 0.4893 0.8364 0.2469
vn 0.4908 0.8350 0.2489
vn 0.4912 0.8354 0.2467
vn 0.4896 0.8361 0.2475
vn 0.5273 0.7595 0.3809
vn 0.5280 0.7592 0.3806
vn 0.5274 0.7591 0.3816
vn 0.5504 0.6669 0.5023
vn 0.5520 0.6678 0.4993
vn 0.5519 0.6667 0.5009
vn 0.5498 0.6670 0.5028
vn 0.5513 0.6668 0.5015
vn 0.5501 0.6656 0.5043
vn 0.5268 0.7592 0.3823
vn 0.5273 0.7594 0.3812
vn 0.5275 0.7589 0.3820
vn 0.5026 0.8309 0.2389
vn 0.5032 0.8311 0.2369
vn 0.5035 0.8306 0.2380
vn 0.5174 0.8262 0.2227
vn 0.5168 0.8268 0.2221
vn 0.5180 0.8261 0.2219
vn 0.5171 0.8265 0.2224
vn 0.5159 0.8272 0.2226
vn 0.5165 0.8271 0.2216
vn 0.5030 0.8313 0.2364
vn 0.5040 0.8310 0.2355
vn 0.5033 0.8308 0.2375
vn 0.6135 0.7298 0.3016
vn 0.6131 0.7296 0.3030
vn 0.6131 0.7298 0.3025
vn 0.6939 0.6158 0.3732
vn 0.6930 0.6160 0.3745
vn 0.6929 0.6161 0.3744
vn 0.5773 0.7389 0.3475
vn 0.5789 0.7383 0.3460
vn 0.5764 0.7403 0.3459
vn 0.6281 0.6355 0.4491
vn 0.6279 0.6373 0.4467
vn 0.6245 0.6385 0.4498
vn 0.5747 0.7411 0.3472
vn 0.5769 0.7395 0.3468
vn 0.5761 0.7409 0.3452
vn 0.6296 0.6342 0.4488
vn 0.6260 0.6373 0.4495
vn 0.6262 0.6354 0.4518
vn 0.6934 0.6161 0.3736
vn 0.6935 0.6160 0.3738
vn 0.6926 0.6163 0.3748
vn 0.6136 0.7298 0.3015
vn 0.6131 0.7299 0.3022
vn 0.6137 0.7301 0.3006
vn -0.0185 0.9998 -0.0096
vn -0.0174 0.9998 -0.0092
vn -0.0174 0.9998 -0.0097
vn -0.0181 0.9998 -0.0094
vn -0.0181 0.9998 -0.0096
vn -0.0170 0.9998 -0.0097
vn -0.3078 0.9438 -0.1206
vn -0.3051 0.9447 -0.1204
vn -0.3068 0.9438 -0.1231
vn -0.1615 0.9847 -0.0662
vn -0.1624 0.9847 -0.0640
vn -0.1638 0.9843 -0.0656
vn -0.3067 0.9441 -0.1204
vn -0.3050 0.9451 -0.1177
vn -0.3039 0.9451 -0.1203
vn -0.1639 0.9842 -0.0674
vn -0.1625 0.9845 -0.0659
vn -0.1647 0.9842 -0.0653
vn -0.0537 0.9914 0.1194
vn -0.0541 0.9912 0.1212
vn -0.0509 0.9913 0.1210
vn -0.0556 0.9911 0.1212
vn -0.0546 0.9907 0.1244
vn -0.0522 0.9913 0.1210
vn -0.3502 0.9340 0.0707
vn -0.3561 0.9318 0.0701
vn -0.3494 0.9347 0.0646
vn -0.2031 0.9743 0.0972
vn -0.2042 0.9733 0.1049
vn -0.2108 0.9727 0.0966
vn -0.3528 0.9330 0.0704
vn -0.3594 0.9301 0.0759
vn -0.3586 0.9309 0.0698
vn -0.2129 0.9730 0.0886
vn -0.2063 0.9737 0.0969
vn -0.2141 0.9720 0.0965
vn -0.0568 0.9662 0.2515
vn -0.0589 0.9653 0.2543
vn -0.0559 0.9655 0.2542
vn -0.2113 0.9416 0.2623
vn -0.2162 0.9391 0.2672
vn -0.2167 0.9405 0.2619
vn -0.0602 0.9653 0.2542
vn -0.0598 0.9645 0.2572
vn -0.0571 0.9655 0.2542
vn -0.3589 0.8953 0.2637
vn -0.3563 0.8963 0.2638
vn -0.3592 0.8960 0.2611
vn -0.2096 0.9434 0.2572
vn -0.2091 0.9420 0.2624
vn -0.2145 0.9409 0.2621
vn -0.3578 0.8958 0.2638
vn -0.3560 0.8957 0.2663
vn -0.3552 0.8968 0.2638
vn -0.0322 0.9243 0.3804
vn -0.0324 0.9243 0.3803
vn -0.3177 0.8357 0.4480
vn -0.3206 0.8349 0.4474
vn -0.3187 0.8367 0.4453
vn -0.1754 0.8908 0.4192
vn -0.1751 0.8904 0.4201
vn -0.1744 0.8911 0.4189
vn -0.3190 0.8354 0.4477
vn -0.3209 0.8335 0.4497
vn -0.3219 0.8346 0.4469
vn -0.1747 0.8916 0.4179
vn -0.1750 0.8910 0.4189
vn -0.1739 0.8913 0.4188
vn 0.0234 0.8711 0.4905
vn 0.0268 0.8705 0.4915
vn 0.0247 0.8701 0.4923
vn 0.0277 0.8707 0.4911
vn 0.0289 0.8696 0.4928
vn 0.0255 0.8703 0.4919
vn -0.1048 0.8240 0.5568
vn -0.1077 0.8207 0.5611
vn -0.1109 0.8234 0.5566
vn -0.1137 0.6664 0.7369
vn -0.1186 0.6660 0.7364
vn -0.1161 0.6681 0.7350
vn -0.2351 0.7583 0.6080
vn -0.2380 0.7572 0.6083
vn -0.2367 0.7597 0.6057
vn -0.2364 0.7579 0.6081
vn -0.2376 0.7554 0.6106
vn -0.2393 0.7567 0.6084
vn -0.1054 0.8269 0.5524
vn -0.1022 0.8242 0.5570
vn -0.1083 0.8236 0.5567
vn 0.1071 0.8080 0.5794
vn 0.1102 0.8072 0.5799
vn 0.1084 0.8071 0.5804
vn 0.2106 0.7395 0.6394
vn 0.2100 0.7398 0.6393
vn 0.2113 0.7394 0.6393
vn 0.1109 0.8072 0.5797
vn 0.1121 0.8063 0.5807
vn 0.1091 0.8071 0.5802
vn 0.0297 0.5669 0.8233
vn 0.0300 0.5678 0.8226
vn 0.0304 0.5671 0.8231
vn -0.1172 0.6672 0.7356
vn -0.1197 0.6651 0.7371
vn -0.1221 0.6669 0.7351
vn -0.0046 0.7465 0.6653
vn -0.0035 0.7458 0.6662
vn -0.0029 0.7463 0.6656
vn -0.0034 0.7471 0.6647
vn -0.0039 0.7465 0.6654
vn -0.0023 0.7464 0.6655
vn 0.3249 0.6731 0.6644
vn 0.3251 0.6733 0.6640
vn 0.3254 0.6728 0.6644
vn 0.2091 0.7399 0.6394
vn 0.2098 0.7399 0.6392
vn 0.2104 0.7396 0.6393
vn 0.0304 0.5674 0.8229
vn 0.0301 0.5679 0.8225
vn 0.0306 0.5684 0.8222
vn 0.1245 0.6640 0.7373
vn 0.1273 0.6623 0.7383
vn 0.1213 0.6634 0.7384
vn 0.1172 0.6649 0.7377
vn 0.1232 0.6637 0.7378
vn 0.1199 0.6632 0.7388
vn 0.3248 0.6737 0.6638
vn 0.3253 0.6735 0.6638
vn 0.3251 0.6732 0.6642
vn 0.2638 0.5789 0.7715
vn 0.2649 0.5792 0.7710
vn 0.2648 0.5783 0.7717
vn 0.1984 0.4705 0.8598
vn 0.1986 0.4708 0.8596
vn 0.1986 0.4709 0.8595
vn 0.1990 0.4707 0.8596
vn 0.2651 0.5796 0.7706
vn 0.2659 0.5790 0.7707
vn 0.2648 0.5786 0.7714
vn 0.4445 0.6102 0.6557
vn 0.4452 0.6107 0.6548
vn 0.4459 0.6096 0.6554
vn 0.4449 0.6113 0.6545
vn 0.4462 0.6105 0.6543
vn 0.4456 0.6100 0.6552
vn 0.3721 0.3790 0.8473
vn 0.3733 0.3785 0.8470
vn 0.3709 0.3793 0.8477
vn 0.4136 0.5009 0.7603
vn 0.4138 0.5011 0.7600
vn 0.4141 0.5006 0.7602
vn 0.4137 0.5013 0.7600
vn 0.4143 0.5010 0.7599
vn 0.4139 0.5009 0.7601
vn 0.3726 0.3788 0.8472
vn 0.3749 0.3780 0.8465
vn 0.3737 0.3783 0.8469
vn 0.5619 0.5570 0.6115
vn 0.5618 0.5568 0.6119
vn 0.5628 0.5566 0.6111
vn 0.5614 0.5568 0.6122
vn 0.5624 0.5564 0.6117
vn 0.5623 0.5567 0.6115
vn 0.5403 0.3013 0.7857
vn 0.5435 0.3013 0.7834
vn 0.5397 0.2978 0.7874
vn 0.5576 0.4343 0.7074
vn 0.5578 0.4332 0.7079
vn 0.5599 0.4333 0.7062
vn 0.5572 0.4331 0.7085
vn 0.5591 0.4322 0.7075
vn 0.5590 0.4332 0.7070
vn 0.5418 0.3013 0.7847
vn 0.5462 0.3045 0.7804
vn 0.5450 0.3012 0.7825
vn 0.6689 0.5144 0.5366
vn 0.6684 0.5121 0.5394
vn 0.6663 0.5166 0.5378
vn 0.6649 0.5202 0.5360
vn 0.6678 0.5153 0.5371
vn 0.6651 0.5175 0.5383
vn 0.7530 0.4909 0.4382
vn 0.7549 0.4888 0.4372
vn 0.7547 0.4905 0.4357
vn 0.7538 0.4900 0.4378
vn 0.7540 0.4883 0.4393
vn 0.7558 0.4879 0.4368
vn 0.8262 0.1993 0.5270
vn 0.8228 0.2028 0.5309
vn 0.8246 0.2017 0.5285
vn 0.6958 0.2419 0.6762
vn 0.6963 0.2413 0.6759
vn 0.6953 0.2421 0.6767
vn 0.6960 0.2419 0.6760
vn 0.6972 0.2409 0.6752
vn 0.6965 0.2411 0.6758
vn 0.6913 0.3802 0.6144
vn 0.6911 0.3778 0.6161
vn 0.6892 0.3820 0.6157
vn 0.6880 0.3855 0.6149
vn 0.6904 0.3810 0.6150
vn 0.6883 0.3828 0.6162
vn 0.7983 0.3501 0.4900
vn 0.7985 0.3498 0.4899
vn 0.7986 0.3500 0.4897
vn 0.7983 0.3497 0.4903
vn 0.7986 0.3497 0.4899
vn 0.8220 0.2032 0.5320
vn 0.8204 0.2055 0.5335
vn 0.8238 0.2022 0.5296
vn 0.8192 0.4781 0.3168
vn 0.8177 0.4800 0.3176
vn 0.8178 0.4799 0.3178
vn 0.8185 0.4796 0.3163
vn 0.8186 0.4788 0.3172
vn 0.8172 0.4806 0.3182
vn 0.9147 0.1900 0.3567
vn 0.9150 0.1894 0.3562
vn 0.9143 0.1900 0.3576
vn 0.8769 0.3386 0.3411
vn 0.8771 0.3386 0.3406
vn 0.8772 0.3380 0.3411
vn 0.9148 0.1897 0.3565
vn 0.9155 0.1891 0.3552
vn 0.9152 0.1891 0.3560
vn 0.8770 0.3376 0.3417
vn 0.8771 0.3382 0.3411
vn 0.8772 0.3379 0.3410
vn 0.8535 0.4855 0.1892
vn 0.8524 0.4883 0.1869
vn 0.8540 0.4859 0.1861
vn 0.8548 0.5161 0.0537
vn 0.8550 0.5158 0.0538
vn 0.8550 0.5157 0.0542
vn 0.8516 0.4895 0.1875
vn 0.8521 0.4898 0.1844
vn 0.8533 0.4869 0.1865
vn 0.9655 0.2011 0.1655
vn 0.9654 0.2012 0.1658
vn 0.9189 0.3512 0.1798
vn 0.9192 0.3515 0.1776
vn 0.9197 0.3494 0.1788
vn 0.9655 0.2011 0.1654
vn 0.9654 0.2015 0.1654
vn 0.9198 0.3484 0.1806
vn 0.9192 0.3505 0.1793
vn 0.9201 0.3487 0.1784
vn 0.8553 0.5153 0.0538
vn 0.8555 0.5151 0.0536
vn 0.8551 0.5157 0.0538
vn 0.9710 0.2375 -0.0275
vn 0.9702 0.2407 -0.0278
vn 0.9704 0.2401 -0.0255
vn 0.9255 0.3786 0.0129
vn 0.9253 0.3792 0.0105
vn 0.9246 0.3808 0.0133
vn 0.9243 0.3812 0.0158
vn 0.9251 0.3796 0.0130
vn 0.9241 0.3818 0.0134
vn 0.9707 0.2388 -0.0275
vn 0.9707 0.2387 -0.0284
vn 0.9699 0.2420 -0.0280
vn 0.8305 0.5525 -0.0709
vn 0.8287 0.5551 -0.0718
vn 0.8298 0.5533 -0.0730
vn 0.8282 0.5559 -0.0711
vn 0.8275 0.5567 -0.0733
vn 0.8293 0.5541 -0.0724
vn 0.9292 0.3014 -0.2137
vn 0.9302 0.2996 -0.2120
vn 0.9301 0.3005 -0.2114
vn 0.8911 0.4307 -0.1430
vn 0.8903 0.4315 -0.1452
vn 0.8900 0.4326 -0.1440
vn 0.8903 0.4326 -0.1423
vn 0.8907 0.4315 -0.1434
vn 0.8895 0.4335 -0.1445
vn 0.9297 0.3006 -0.2130
vn 0.9298 0.2998 -0.2137
vn 0.9306 0.2989 -0.2113
vn 0.7724 0.6084 -0.1822
vn 0.7727 0.6077 -0.1832
vn 0.7705 0.6100 -0.1850
vn 0.7737 0.6067 -0.1825
vn 0.7718 0.6083 -0.1852
vn 0.7714 0.6091 -0.1843
vn 0.8196 0.4992 -0.2811
vn 0.8189 0.5011 -0.2799
vn 0.8186 0.5006 -0.2815
vn 0.8482 0.3768 -0.3722
vn 0.8488 0.3758 -0.3719
vn 0.8489 0.3763 -0.3713
vn 0.8486 0.3762 -0.3720
vn 0.8485 0.3758 -0.3726
vn 0.8491 0.3753 -0.3718
vn 0.8194 0.4987 -0.2826
vn 0.8200 0.4986 -0.2809
vn 0.8190 0.5000 -0.2813
vn 0.6926 0.6707 -0.2657
vn 0.6898 0.6709 -0.2721
vn 0.6920 0.6698 -0.2693
vn 0.6888 0.6715 -0.2733
vn 0.6887 0.6701 -0.2769
vn 0.6910 0.6703 -0.2705
vn 0.7302 0.4662 -0.4995
vn 0.7276 0.4687 -0.5009
vn 0.7317 0.4627 -0.5005
vn 0.7291 0.4672 -0.5002
vn 0.7248 0.4731 -0.5008
vn 0.7265 0.4697 -0.5015
vn 0.7194 0.5747 -0.3902
vn 0.7182 0.5761 -0.3903
vn 0.7186 0.5752 -0.3909
vn 0.7180 0.5765 -0.3901
vn 0.7172 0.5770 -0.3907
vn 0.7184 0.5756 -0.3906
vn 0.5890 0.7373 -0.3309
vn 0.5876 0.7390 -0.3295
vn 0.5872 0.7384 -0.3316
vn 0.5877 0.7393 -0.3286
vn 0.5860 0.7404 -0.3293
vn 0.5874 0.7387 -0.3307
vn 0.5806 0.5656 -0.5857
vn 0.5804 0.5660 -0.5855
vn 0.5803 0.5660 -0.5856
vn 0.5805 0.5660 -0.5854
vn 0.5802 0.5664 -0.5854
vn 0.5904 0.6595 -0.4653
vn 0.5885 0.6607 -0.4660
vn 0.5905 0.6608 -0.4633
vn 0.5921 0.6596 -0.4629
vn 0.5904 0.6601 -0.4644
vn 0.5906 0.6613 -0.4625
vn 0.4731 0.8057 -0.3565
vn 0.4725 0.8057 -0.3573
vn 0.4723 0.8061 -0.3566
vn 0.4726 0.8055 -0.3576
vn 0.4719 0.8058 -0.3577
vn 0.4724 0.8059 -0.3569
vn 0.4492 0.7431 -0.4959
vn 0.4487 0.7441 -0.4949
vn 0.4481 0.7437 -0.4960
vn 0.4130 0.6655 -0.6217
vn 0.4133 0.6638 -0.6233
vn 0.4150 0.6644 -0.6216
vn 0.4132 0.6648 -0.6224
vn 0.4114 0.6643 -0.6241
vn 0.4135 0.6631 -0.6239
vn 0.4489 0.7443 -0.4945
vn 0.4478 0.7449 -0.4946
vn 0.4483 0.7439 -0.4956
vn 0.3526 0.8691 -0.3468
vn 0.3528 0.8688 -0.3475
vn 0.3538 0.8687 -0.3467
vn 0.2359 0.9229 -0.3042
vn 0.2368 0.9231 -0.3029
vn 0.2347 0.9235 -0.3035
vn 0.3524 0.8688 -0.3478
vn 0.3534 0.8687 -0.3470
vn 0.2393 0.7557 -0.6096
vn 0.2403 0.7556 -0.6094
vn 0.2401 0.7553 -0.6098
vn 0.2998 0.8214 -0.4851
vn 0.2981 0.8221 -0.4851
vn 0.2989 0.8217 -0.4852
vn 0.2976 0.8223 -0.4850
vn 0.2967 0.8226 -0.4851
vn 0.2984 0.8220 -0.4851
vn 0.2398 0.7557 -0.6095
vn 0.2397 0.7560 -0.6091
vn 0.2407 0.7555 -0.6093
vn 0.2384 0.9227 -0.3031
vn 0.2372 0.9232 -0.3024
vn 0.2363 0.9230 -0.3036
vn 0.0713 0.8336 -0.5478
vn 0.0714 0.8333 -0.5482
vn 0.0717 0.8334 -0.5480
vn 0.1543 0.8887 -0.4317
vn 0.1544 0.8888 -0.4316
vn 0.1537 0.8890 -0.4314
vn 0.1547 0.8887 -0.4316
vn 0.1541 0.8889 -0.4314
vn 0.1540 0.8889 -0.4315
vn 0.0713 0.8334 -0.5481
vn 0.0710 0.8333 -0.5483
vn 0.0714 0.8331 -0.5485
vn 0.1341 0.9644 -0.2281
vn 0.1315 0.9653 -0.2258
vn 0.1309 0.9644 -0.2297
vn 0.1322 0.9635 -0.2327
vn 0.1327 0.9644 -0.2288
vn 0.1296 0.9644 -0.2304
vn 0.0370 0.9909 -0.1295
vn 0.0403 0.9908 -0.1293
vn 0.0352 0.9913 -0.1268
vn 0.0384 0.9908 -0.1294
vn 0.0434 0.9903 -0.1319
vn 0.0416 0.9907 -0.1292
vn -0.2130 0.9327 -0.2909
vn -0.2147 0.9313 -0.2944
vn -0.2107 0.9322 -0.2942
vn -0.0829 0.8938 -0.4408
vn -0.0862 0.8934 -0.4410
vn -0.0806 0.8929 -0.4430
vn 0.0185 0.9403 -0.3398
vn 0.0213 0.9412 -0.3372
vn 0.0223 0.9407 -0.3386
vn 0.0199 0.9407 -0.3388
vn 0.0201 0.9405 -0.3393
vn 0.0238 0.9408 -0.3381
vn -0.0832 0.9732 -0.2143
vn -0.0831 0.9731 -0.2148
vn -0.0829 0.9734 -0.2138
vn -0.0832 0.9732 -0.2145
vn -0.0834 0.9730 -0.2154
vn -0.0830 0.9731 -0.2150
vn -0.2163 0.9309 -0.2944
vn -0.2140 0.9303 -0.2978
vn -0.2123 0.9318 -0.2945
vn -0.0843 0.8936 -0.4409
vn -0.0900 0.8941 -0.4387
vn -0.0876 0.8933 -0.4409
vn -0.8295 0.3144 -0.4616
vn -0.8452 -0.0856 -0.5275
vn -0.8093 -0.4581 -0.3677
vn -0.4703 -0.8455 -0.2527
vn -0.8193 -0.0120 -0.5732
vn 0.0167 -0.9901 0.1393
vn 0.6437 -0.7449 0.1754
vn -0.4207 -0.8682 -0.2633
vn 0.4186 -0.8621 0.2856
vn 0.8844 0.0035 0.4668
vn 0.5759 0.8145 -0.0702
vn -0.4175 0.8626 -0.2858
vn 0.8475 0.5270 -0.0628
vn -0.1152 0.0679 0.9910
vn -0.3338 -0.0162 0.9425
vn 0.0340 -0.2216 0.9745
vn -0.4764 0.0745 0.8761
vn -0.3799 -0.1043 0.9191
vn -0.7520 0.4959 -0.4343
vn -0.4653 0.0675 0.8826
vn -0.5273 0.4361 -0.7292
vn -0.7690 0.4981 -0.4007
vn -0.7690 0.4981 -0.4006
vn -0.8799 0.4752 -0.0039
vn -0.4665 -0.8661 -0.1798
vn 0.4724 -0.4164 0.7768
vn 0.7340 -0.4930 0.4671
vn 0.8707 -0.4857 0.0779
vn -0.8300 0.3138 -0.4610
vn -0.8454 -0.0856 -0.5273
vn -0.8074 -0.4602 -0.3692
vn -0.4731 -0.8442 -0.2521
vn -0.8191 -0.0117 -0.5736
vn 0.0174 -0.9901 0.1396
vn 0.6441 -0.7445 0.1754
vn -0.4195 -0.8685 -0.2639
vn 0.4175 -0.8626 0.2857
vn 0.8849 0.0037 0.4658
vn 0.5768 0.8139 -0.0700
vn -0.4175 0.8625 -0.2860
vn 0.8473 0.5274 -0.0627
vn -0.8294 0.3145 -0.4618
vn -0.8455 -0.0851 -0.5272
vn -0.8066 -0.4609 -0.3702
vn -0.4740 -0.8437 -0.2521
vn -0.8197 -0.0119 -0.5727
vn 0.0168 -0.9901 0.1393
vn 0.6463 -0.7428 0.1748
vn -0.4207 -0.8681 -0.2634
vn 0.4168 -0.8628 0.2860
vn 0.8847 0.0037 0.4661
vn 0.5770 0.8137 -0.0699
vn -0.4176 0.8625 -0.2859
vn 0.8476 0.5269 -0.0628
vn -0.4648 0.0669 0.8829
vn -0.4650 0.0672 0.8828
vn -0.3341 -0.0161 0.9424
vn 0.0343 -0.2214 0.9746
vn -0.4656 0.0671 0.8825
vn -0.3798 -0.1042 0.9192
vn -0.4651 0.0668 0.8828
vn -0.7522 0.4959 -0.4340
vn 0.8707 -0.4856 0.0779
vn 0.8706 -0.4857 0.0782
vn -0.8297 0.3143 -0.4614
vn -0.8453 -0.0852 -0.5274
vn -0.8071 -0.4612 -0.3686
vn -0.4733 -0.8441 -0.2522
vn -0.8195 -0.0120 -0.5729
vn 0.0168 -0.9901 0.1395
vn 0.6444 -0.7442 0.1761
vn -0.4198 -0.8686 -0.2634
vn 0.4184 -0.8622 0.2857
vn 0.8845 0.0033 0.4664
vn 0.5773 0.8135 -0.0700
vn -0.4178 0.8624 -0.2858
vn 0.8476 0.5269 -0.0629
vn 0.6442 -0.6576 0.3905
vn 0.3177 -0.8908 0.3250
vn 0.0230 -0.9976 0.0659
vn -0.4581 -0.8824 -0.1070
vn 0.3557 -0.8473 0.3944
vn -0.7864 -0.4367 -0.4368
vn -0.9359 0.2043 -0.2869
vn -0.5100 -0.8549 -0.0953
vn -0.8847 -0.0036 -0.4662
vn -0.4173 0.8626 -0.2861
vn 0.3198 0.8510 0.4166
vn 0.8848 0.0033 0.4660
vn -0.0613 0.9286 0.3660
vn 0.2866 0.2502 -0.9248
vn 0.4650 -0.0674 -0.8827
vn 0.3342 0.0161 -0.9424
vn -0.0345 0.2214 -0.9746
vn 0.4764 -0.0745 -0.8761
vn 0.4650 -0.0671 -0.8828
vn 0.2849 -0.0721 -0.9558
vn 0.4665 0.8661 0.1798
vn 0.5273 -0.4361 0.7292
vn 0.7690 -0.4981 0.4007
vn 0.8799 -0.4752 0.0039
vn -0.4667 -0.8658 -0.1801
vn -0.4724 0.4164 -0.7768
vn -0.7340 0.4930 -0.4672
vn -0.7340 0.4930 -0.4671
vn -0.8707 0.4857 -0.0779
vn -0.7522 0.4959 -0.4339
vn -0.7522 0.4955 -0.4343
vn 0.6440 -0.6584 0.3897
vn 0.3201 -0.8900 0.3247
vn 0.0211 -0.9976 0.0655
vn -0.4590 -0.8820 -0.1069
vn 0.3561 -0.8472 0.3942
vn -0.7864 -0.4369 -0.4367
vn -0.9358 0.2044 -0.2874
vn -0.5092 -0.8554 -0.0953
vn -0.8846 -0.0033 -0.4663
vn -0.4181 0.8624 -0.2854
vn 0.3201 0.8508 0.4167
vn 0.8847 0.0033 0.4662
vn -0.0624 0.9285 0.3659
vn 0.6466 -0.6566 0.3883
vn 0.3208 -0.8899 0.3244
vn -0.4600 -0.8815 -0.1068
vn 0.3552 -0.8473 0.3948
vn -0.7856 -0.4377 -0.4373
vn -0.9359 0.2040 -0.2873
vn -0.5091 -0.8554 -0.0953
vn -0.8846 -0.0032 -0.4663
vn -0.4191 0.8619 -0.2856
vn 0.3204 0.8507 0.4168
vn 0.8848 0.0033 0.4659
vn -0.0627 0.9286 0.3659
vn 0.2866 0.2501 -0.9248
vn 0.4650 -0.0674 -0.8828
vn 0.3342 0.0160 -0.9424
vn -0.0337 0.2213 -0.9746
vn 0.4650 -0.0672 -0.8827
vn 0.2848 -0.0722 -0.9559
vn 0.4651 -0.0672 -0.8827
vn 0.4647 -0.0669 -0.8829
vn 0.4652 -0.0672 -0.8826
vn 0.7690 -0.4981 0.4006
vn 0.8799 -0.4751 0.0036
vn 0.8799 -0.4752 0.0040
vn -0.8608 0.3982 0.3168
vn 0.6440 -0.6584 0.3896
vn 0.3202 -0.8900 0.3245
vn 0.0203 -0.9977 0.0654
vn -0.4591 -0.8820 -0.1067
vn 0.3562 -0.8471 0.3943
vn -0.7862 -0.4371 -0.4369
vn -0.9355 0.2043 -0.2883
vn -0.5090 -0.8555 -0.0952
vn -0.4182 0.8621 -0.2861
vn 0.3207 0.8504 0.4170
vn 0.8847 0.0034 0.4661
vn -0.0624 0.9285 0.3660
vn -0.2548 -0.0636 0.9649
vn 0.4663 0.8661 0.1800
vn 0.5835 -0.4547 0.6729
vn -0.6364 -0.3748 0.6742
vn 0.1696 -0.4910 -0.8545
vn 0.6364 0.3748 -0.6742
vn -0.1696 0.4910 0.8545
vn 0.9807 -0.1938 -0.0276
vn 0.8840 0.0861 0.4595
vn 0.5212 -0.1275 0.8438
vn 0.2551 -0.6211 0.7411
vn 0.3518 -0.9010 0.2540
vn 0.7145 -0.6873 -0.1304
vn -0.6364 -0.3747 0.6742
vn 0.6364 0.3747 -0.6742
vn 0.4855 0.8531 0.1911
vn 0.5201 0.8266 0.2151
vn 0.5523 0.7979 0.2416
vn 0.5811 0.7676 0.2703
vn 0.6069 0.7357 0.3008
vn 0.6296 0.7013 0.3344
vn 0.6485 0.6659 0.3688
vn 0.6643 0.6284 0.4048
vn 0.6756 0.5893 0.4431
vn 0.6836 0.5483 0.4817
vn 0.6874 0.5059 0.5211
vn 0.7247 0.4629 0.5104
vn 0.7583 0.4188 0.4996
vn 0.7881 0.3725 0.4900
vn 0.8138 0.3247 0.4819
vn 0.8354 0.2767 0.4750
vn 0.8531 0.2275 0.4695
vn 0.8668 0.1779 0.4658
vn 0.8767 0.1283 0.4636
vn 0.8828 0.0783 0.4631
vn 0.8852 0.0282 0.4644
vn 0.8837 -0.0212 0.4675
vn 0.8787 -0.0708 0.4721
vn 0.8697 -0.1201 0.4787
vn 0.8571 -0.1681 0.4870
vn 0.8404 -0.2163 0.4969
vn 0.8200 -0.2635 0.5080
vn 0.7960 -0.3091 0.5204
vn 0.7675 -0.3539 0.5345
vn 0.7354 -0.3966 0.5495
vn 0.6993 -0.4378 0.5650
vn 0.6595 -0.4765 0.5813
vn 0.6872 0.5059 0.5214
vn 0.6594 -0.4766 0.5815
vn 0.6534 -0.5231 0.5472
vn 0.6431 -0.5679 0.5137
vn 0.6288 -0.6109 0.4811
vn 0.6112 -0.6516 0.4492
vn 0.5900 -0.6899 0.4194
vn 0.5655 -0.7265 0.3904
vn 0.5375 -0.7608 0.3636
vn 0.5072 -0.7924 0.3390
vn 0.4735 -0.8222 0.3159
vn 0.4370 -0.8498 0.2948
vn 0.3987 -0.8744 0.2764
vn 0.3569 -0.8972 0.2602
vn 0.3130 -0.9174 0.2460
vn 0.2670 -0.9349 0.2339
vn 0.2186 -0.9497 0.2245
vn 0.1681 -0.9615 0.2172
vn 0.1152 -0.9704 0.2122
vn 0.0615 -0.9759 0.2094
vn 0.0055 -0.9779 0.2089
vn -0.0512 -0.9763 0.2104
vn -0.1090 -0.9707 0.2140
vn -0.1090 -0.9708 0.2138
vn -0.1387 -0.9767 0.1640
vn -0.1694 -0.9786 0.1167
vn -0.2016 -0.9769 0.0712
vn -0.2341 -0.9718 0.0279
vn -0.2682 -0.9633 -0.0124
vn -0.3030 -0.9517 -0.0502
vn -0.3383 -0.9372 -0.0849
vn -0.3747 -0.9198 -0.1162
vn -0.4108 -0.9002 -0.1443
vn -0.4476 -0.8780 -0.1694
vn -0.4856 -0.8531 -0.1911
vn -0.5233 -0.8260 -0.2093
vn -0.5613 -0.7967 -0.2241
vn -0.5994 -0.7649 -0.2356
vn -0.6375 -0.7311 -0.2432
vn -0.6749 -0.6952 -0.2475
vn -0.7124 -0.6565 -0.2480
vn -0.7482 -0.6165 -0.2452
vn -0.7838 -0.5735 -0.2382
vn -0.8178 -0.5287 -0.2274
vn -0.8493 -0.4826 -0.2138
vn -0.8590 -0.4437 -0.2555
vn -0.8663 -0.4032 -0.2950
vn -0.8726 -0.3601 -0.3299
vn -0.8776 -0.3155 -0.3610
vn -0.8811 -0.2698 -0.3885
vn -0.8836 -0.2229 -0.4118
vn -0.8852 -0.1753 -0.4309
vn -0.8859 -0.1268 -0.4462
vn -0.8858 -0.0776 -0.4575
vn -0.8852 -0.0285 -0.4644
vn -0.8837 0.0212 -0.4676
vn -0.8816 0.0719 -0.4664
vn -0.8789 0.1211 -0.4614
vn -0.8753 0.1717 -0.4521
vn -0.8710 0.2208 -0.4389
vn -0.8658 0.2697 -0.4214
vn -0.8596 0.3181 -0.3999
vn -0.8521 0.3658 -0.3743
vn -0.8434 0.4122 -0.3446
vn -0.8332 0.4572 -0.3111
vn -0.8217 0.5001 -0.2734
vn -0.8495 -0.4825 -0.2136
vn -0.8216 0.5000 -0.2736
vn -0.7873 0.5424 -0.2931
vn -0.7511 0.5834 -0.3090
vn -0.7135 0.6229 -0.3206
vn -0.6751 0.6605 -0.3286
vn -0.6356 0.6967 -0.3326
vn -0.5959 0.7310 -0.3324
vn -0.5563 0.7631 -0.3289
vn -0.5161 0.7940 -0.3212
vn -0.4767 0.8225 -0.3103
vn -0.4371 0.8497 -0.2950
vn -0.3984 0.8745 -0.2766
vn -0.3600 0.8976 -0.2544
vn -0.3221 0.9187 -0.2287
vn -0.2852 0.9375 -0.1992
vn -0.2488 0.9541 -0.1665
vn -0.2136 0.9681 -0.1308
vn -0.1792 0.9796 -0.0914
vn -0.1456 0.9881 -0.0492
vn -0.1136 0.9935 -0.0041
vn -0.0828 0.9956 0.0435
vn -0.0533 0.9942 0.0939
vn -0.0530 0.9942 0.0940
vn 0.0046 0.9959 0.0899
vn 0.0615 0.9942 0.0883
vn 0.1169 0.9891 0.0892
vn 0.1711 0.9809 0.0929
vn 0.2225 0.9699 0.0991
vn 0.2726 0.9561 0.1081
vn 0.3199 0.9399 0.1195
vn 0.3652 0.9213 0.1337
vn 0.4076 0.9007 0.1503
vn 0.4481 0.8778 0.1693
vn 0.4652 -0.0669 -0.8827
vn 0.4653 -0.0670 -0.8826
vn 0.4653 -0.0673 -0.8826
vn 0.4655 -0.0669 -0.8825
vn 0.4651 -0.0673 -0.8827
vn 0.4655 -0.0670 -0.8825
vn 0.4656 -0.0671 -0.8825
vn 0.4652 -0.0675 -0.8826
vn 0.4652 -0.0672 -0.8827
vn 0.4650 -0.0670 -0.8828
vn 0.4652 -0.0670 -0.8826
vn 0.4654 -0.0675 -0.8825
vn 0.4654 -0.0673 -0.8825
vn 0.4651 -0.0670 -0.8827
vn 0.4654 -0.0670 -0.8826
vn 0.4652 -0.0668 -0.8827
vn 0.4653 -0.0675 -0.8826
vn 0.4652 -0.0673 -0.8826
vn 0.4651 -0.0669 -0.8827
vn 0.4653 -0.0674 -0.8826
vn 0.4656 -0.0670 -0.8825
vn 0.4652 -0.0674 -0.8826
vn 0.4656 -0.0671 -0.8824
vn 0.4653 -0.0669 -0.8826
vn 0.4650 -0.0671 -0.8827
vn 0.4657 -0.0672 -0.8824
vn 0.4654 -0.0669 -0.8826
vn 0.4659 -0.0671 -0.8823
vn 0.4654 -0.0674 -0.8825
vn 0.4658 -0.0672 -0.8823
vn 0.4656 -0.0672 -0.8824
vn 0.4656 -0.0672 -0.8825
vn 0.4652 -0.0669 -0.8826
vn 0.4650 -0.0672 -0.8828
vn 0.4651 -0.0676 -0.8827
vn 0.4655 -0.0673 -0.8825
vn 0.4657 -0.0670 -0.8824
vn 0.4652 -0.0674 -0.8827
vn 0.4656 -0.0668 -0.8825
vn 0.7631 -0.4744 0.4388
vn 0.7867 -0.4301 0.4429
vn 0.8101 -0.3851 0.4421
vn 0.8328 -0.3399 0.4369
vn 0.8554 -0.2934 0.4269
vn 0.8774 -0.2467 0.4114
vn 0.8986 -0.1993 0.3909
vn 0.9180 -0.1518 0.3664
vn 0.9358 -0.1047 0.3366
vn 0.9514 -0.0577 0.3026
vn 0.9647 -0.0112 0.2631
vn 0.9647 -0.0112 0.2632
vn 0.9544 0.0402 0.2958
vn 0.9414 0.0918 0.3246
vn 0.9263 0.1434 0.3483
vn 0.9095 0.1947 0.3673
vn 0.8913 0.2449 0.3815
vn 0.8721 0.2945 0.3908
vn 0.8523 0.3427 0.3951
vn 0.8321 0.3897 0.3946
vn 0.8112 0.4357 0.3901
vn 0.7904 0.4803 0.3803
vn 0.7698 0.5228 0.3662
vn 0.7488 0.5646 0.3470
vn 0.7282 0.6042 0.3236
vn 0.7070 0.6422 0.2962
vn 0.6864 0.6778 0.2634
vn 0.6653 0.7113 0.2268
vn 0.6443 0.7418 0.1858
vn 0.6228 0.7696 0.1406
vn 0.6014 0.7937 0.0919
vn 0.5792 0.8142 0.0394
vn 0.5568 0.8305 -0.0160
vn 0.5567 0.8305 -0.0164
vn 0.5054 0.8629 -0.0031
vn 0.4533 0.8914 0.0063
vn 0.4001 0.9164 0.0122
vn 0.3473 0.9377 0.0144
vn 0.2946 0.9555 0.0130
vn 0.2438 0.9698 0.0079
vn 0.1928 0.9812 -0.0011
vn 0.1434 0.9896 -0.0135
vn 0.0966 0.9949 -0.0296
vn 0.0502 0.9975 -0.0494
vn 0.0064 0.9973 -0.0726
vn -0.0361 0.9944 -0.0993
vn -0.0763 0.9887 -0.1294
vn -0.1141 0.9800 -0.1629
vn -0.1504 0.9683 -0.1996
vn -0.1832 0.9535 -0.2391
vn -0.2141 0.9354 -0.2816
vn -0.2421 0.9137 -0.3264
vn -0.2672 0.8885 -0.3730
vn -0.2883 0.8597 -0.4216
vn -0.3067 0.8271 -0.4710
vn -0.3065 0.8271 -0.4711
vn -0.3653 0.8104 -0.4581
vn -0.4205 0.7899 -0.4464
vn -0.4731 0.7651 -0.4368
vn -0.5226 0.7372 -0.4283
vn -0.5677 0.7063 -0.4228
vn -0.6094 0.6728 -0.4195
vn -0.6479 0.6368 -0.4180
vn -0.6823 0.5989 -0.4194
vn -0.7132 0.5588 -0.4233
vn -0.7403 0.5172 -0.4296
vn -0.7636 0.4741 -0.4384
vn -0.7828 0.4298 -0.4501
vn -0.7984 0.3835 -0.4642
vn -0.8099 0.3362 -0.4807
vn -0.8171 0.2880 -0.4994
vn -0.8202 0.2381 -0.5202
vn -0.8184 0.1880 -0.5431
vn -0.8120 0.1368 -0.5674
vn -0.8005 0.0854 -0.5932
vn -0.7839 0.0331 -0.6200
vn -0.7624 -0.0180 -0.6469
vn -0.7626 -0.0180 -0.6467
vn -0.7626 -0.0178 -0.6467
vn -0.7628 -0.0181 -0.6464
vn -0.7868 -0.0642 -0.6138
vn -0.8060 -0.1114 -0.5813
vn -0.8203 -0.1587 -0.5494
vn -0.8295 -0.2062 -0.5191
vn -0.8342 -0.2532 -0.4899
vn -0.8336 -0.2999 -0.4638
vn -0.8291 -0.3462 -0.4390
vn -0.8204 -0.3913 -0.4169
vn -0.8076 -0.4360 -0.3972
vn -0.7905 -0.4803 -0.3801
vn -0.7697 -0.5231 -0.3660
vn -0.7449 -0.5653 -0.3543
vn -0.7164 -0.6060 -0.3457
vn -0.6841 -0.6455 -0.3397
vn -0.6481 -0.6832 -0.3364
vn -0.6080 -0.7195 -0.3356
vn -0.5646 -0.7533 -0.3374
vn -0.5168 -0.7848 -0.3419
vn -0.4661 -0.8133 -0.3484
vn -0.4115 -0.8383 -0.3576
vn -0.3544 -0.8597 -0.3680
vn -0.3545 -0.8597 -0.3679
vn -0.3381 -0.8869 -0.3148
vn -0.3180 -0.9109 -0.2631
vn -0.2943 -0.9316 -0.2133
vn -0.2673 -0.9492 -0.1661
vn -0.2376 -0.9637 -0.1219
vn -0.2055 -0.9753 -0.0806
vn -0.1699 -0.9845 -0.0428
vn -0.1322 -0.9912 -0.0086
vn -0.0920 -0.9955 0.0224
vn -0.0506 -0.9975 0.0493
vn -0.0060 -0.9973 0.0726
vn 0.0396 -0.9950 0.0920
vn 0.0879 -0.9903 0.1075
vn 0.1371 -0.9834 0.1191
vn 0.1883 -0.9739 0.1266
vn 0.2407 -0.9618 0.1302
vn 0.2943 -0.9469 0.1297
vn 0.3478 -0.9292 0.1250
vn 0.4020 -0.9082 0.1164
vn 0.4563 -0.8838 0.1036
vn 0.5091 -0.8563 0.0872
vn 0.5092 -0.8562 0.0873
vn 0.5324 -0.8349 0.1399
vn 0.5559 -0.8091 0.1903
vn 0.5790 -0.7806 0.2354
vn 0.6022 -0.7487 0.2772
vn 0.6249 -0.7148 0.3138
vn 0.6481 -0.6782 0.3466
vn 0.6709 -0.6401 0.3744
vn 0.6939 -0.6005 0.3974
vn 0.7170 -0.5595 0.4158
vn 0.7399 -0.5177 0.4296
vn 0.5629 -0.3037 -0.7687
vn 0.3176 -0.3046 -0.8980
vn 0.2017 -0.0655 -0.9773
vn 0.3311 0.1747 -0.9273
vn 0.5765 0.1756 -0.7980
vn 0.6924 -0.0636 -0.7187
vn -0.6319 0.1840 0.7529
vn -0.6490 0.1840 0.7382
vn -0.8697 0.3813 0.3135
vn -0.8426 0.3877 0.3737
vn -0.8589 0.4733 -0.1957
vn -0.8596 0.5028 -0.0911
vn -0.6206 0.4338 -0.6532
vn -0.6781 0.5045 -0.5345
vn -0.4829 0.4203 -0.7682
vn -0.4158 0.4086 -0.8125
vn -0.3970 0.2865 -0.8719
vn -0.2147 0.2807 -0.9355
vn -0.0882 0.1437 -0.9857
vn 0.0369 0.1993 -0.9793
vn 0.1015 0.1500 -0.9835
vn 0.2371 0.0310 -0.9710
vn 0.2074 0.0630 -0.9762
vn 0.3136 0.0098 -0.9495
vn 0.4187 -0.0369 -0.9074
vn -0.5785 -0.4089 -0.7057
vn -0.5896 -0.2943 -0.7521
vn -0.6697 -0.3623 -0.6482
vn -0.6847 -0.2729 -0.6758
vn -0.7535 -0.3209 -0.5738
vn -0.7666 -0.2630 -0.5857
vn -0.8274 -0.2856 -0.4835
vn -0.8331 -0.2651 -0.4855
vn -0.8841 -0.2774 -0.3760
vn -0.8877 -0.2572 -0.3819
vn -0.9186 -0.2972 -0.2606
vn -0.9322 -0.2393 -0.2717
vn -0.9603 -0.2331 -0.1530
vn -0.9348 -0.3241 -0.1454
vn -0.9705 -0.2393 -0.0298
vn -0.9332 -0.3578 -0.0329
vn -0.5101 0.0971 0.8546
vn -0.6611 0.1606 0.7329
vn -0.6015 0.1418 0.7862
vn -0.6803 0.1911 0.7076
vn -0.7409 0.2715 0.6143
vn -0.8506 0.2538 0.4605
vn -0.7709 0.3158 0.5531
vn -0.8726 0.3757 0.3123
vn -0.9234 0.3625 0.1265
vn -0.8613 0.4685 -0.1966
vn -0.8776 0.4752 0.0635
vn -0.8785 0.4775 -0.0178
vn -0.6181 0.4385 -0.6524
vn -0.7919 0.5209 -0.3185
vn -0.2118 0.2863 -0.9344
vn -0.5308 0.4554 -0.7148
vn 0.2499 0.0544 -0.9668
vn -0.1466 0.2873 -0.9466
vn 0.2716 0.0536 -0.9609
vn -0.8881 -0.4253 0.1745
vn -0.9089 -0.3314 0.2531
vn -0.8428 -0.4616 0.2767
vn -0.8523 -0.3947 0.3433
vn -0.7812 -0.5025 0.3704
vn -0.7824 -0.4632 0.4164
vn -0.7036 -0.5474 0.4532
vn -0.7021 -0.5347 0.4703
vn -0.6120 -0.6078 0.5060
vn -0.6139 -0.5929 0.5212
vn -0.5143 -0.6786 0.5244
vn -0.5148 -0.6397 0.5708
vn -0.4068 -0.6884 0.6005
vn -0.4144 -0.7440 0.5241
vn -0.2933 -0.7373 0.6085
vn -0.3147 -0.8033 0.5056
vn -0.8015 0.3281 0.5000
vn -0.7288 0.2612 0.6329
vn -0.8015 0.3281 0.4999
vn -0.6361 0.1871 0.7485
vn -0.5260 0.1080 0.8436
vn -0.6361 0.1872 0.7485
vn -0.4014 0.0258 0.9155
vn -0.2658 -0.0570 0.9623
vn -0.1229 -0.1383 0.9827
vn 0.0233 -0.2158 0.9762
vn -0.1230 -0.1383 0.9827
vn 0.6319 -0.1840 -0.7529
vn 0.6391 -0.2023 -0.7420
vn 0.8516 -0.4148 -0.3205
vn 0.8517 -0.3709 -0.3702
vn 0.8342 -0.5191 0.1861
vn 0.8761 -0.4722 0.0975
vn 0.5908 -0.4890 0.6418
vn 0.7004 -0.4631 0.5431
vn 0.4829 -0.4203 0.7682
vn 0.4281 -0.3857 0.8173
vn 0.3089 -0.4500 0.8379
vn 0.1906 -0.3254 0.9262
vn 0.1906 -0.3254 0.9261
vn 0.0001 -0.3072 0.9517
vn -0.0245 -0.1764 0.9840
vn -0.1014 -0.1500 0.9835
vn -0.2721 -0.0959 0.9575
vn -0.2304 -0.1055 0.9674
vn -0.3288 -0.0380 0.9436
vn -0.4188 0.0370 0.9073
vn -0.1229 -0.8921 0.4349
vn -0.0318 -0.8583 0.5122
vn -0.0242 -0.9245 0.3804
vn 0.0520 -0.9006 0.4315
vn 0.0690 -0.9484 0.3096
vn 0.1213 -0.9338 0.3366
vn 0.1546 -0.9623 0.2237
vn 0.1740 -0.9573 0.2310
vn 0.2113 -0.9705 0.1162
vn 0.2286 -0.9651 0.1275
vn 0.2341 -0.9722 -0.0036
vn 0.2869 -0.9577 0.0225
vn 0.3276 -0.9404 -0.0914
vn 0.2409 -0.9628 -0.1225
vn 0.3490 -0.9132 -0.2102
vn 0.2318 -0.9432 -0.2379
vn 0.5101 -0.0971 -0.8546
vn 0.6261 -0.2255 -0.7464
vn 0.5863 -0.1700 -0.7921
vn 0.6573 -0.2336 -0.7165
vn 0.7409 -0.2715 -0.6143
vn 0.7625 -0.4172 -0.4945
vn 0.7833 -0.2929 -0.5483
vn 0.8485 -0.4203 -0.3216
vn 0.8353 -0.5259 -0.1604
vn 0.8315 -0.5237 0.1851
vn 0.8899 -0.4523 -0.0587
vn 0.8785 -0.4774 0.0178
vn 0.5934 -0.4844 0.6428
vn 0.8143 -0.4795 0.3272
vn 0.1937 -0.3199 0.9274
vn 0.5473 -0.4248 0.7211
vn -0.2597 -0.0726 0.9629
vn 0.1556 -0.2705 0.9501
vn -0.2716 -0.0536 0.9609
vn 0.1867 -0.8756 -0.4454
vn 0.2874 -0.8211 -0.4931
vn 0.1490 -0.8254 -0.5446
vn 0.2195 -0.7788 -0.5875
vn 0.0968 -0.7667 -0.6346
vn 0.1370 -0.7337 -0.6655
vn 0.0307 -0.7006 -0.7129
vn 0.0431 -0.6876 -0.7248
vn -0.0609 -0.6401 -0.7659
vn -0.0452 -0.6295 -0.7757
vn -0.1701 -0.5908 -0.7887
vn -0.1306 -0.5572 -0.8200
vn -0.2259 -0.4850 -0.8448
vn -0.2795 -0.5428 -0.7920
vn -0.3282 -0.4153 -0.8484
vn -0.3867 -0.4976 -0.7765
vn 0.5414 -0.1186 -0.8324
vn 0.6749 -0.2171 -0.7052
vn 0.8490 -0.3817 -0.3654
vn 0.8819 -0.4406 -0.1675
vn 0.8819 -0.4407 -0.1675
vn 0.8763 -0.4803 0.0377
vn 0.8324 -0.4990 0.2412
vn 0.6389 -0.4711 0.6082
vn 0.4978 -0.4257 0.7556
vn 0.3349 -0.3617 0.8700
vn 0.3349 -0.3617 0.8701
vn 0.1574 -0.2819 0.9464
vn -0.2101 -0.0894 0.9736
vn -0.3841 0.0149 0.9232
vn -0.5414 0.1186 0.8324
vn -0.6749 0.2171 0.7052
vn -0.8490 0.3817 0.3654
vn -0.8819 0.4406 0.1675
vn -0.8763 0.4803 -0.0377
vn -0.8324 0.4990 -0.2412
vn -0.8323 0.4990 -0.2412
vn -0.6389 0.4711 -0.6082
vn -0.4978 0.4257 -0.7556
vn -0.3349 0.3617 -0.8700
vn -0.1574 0.2819 -0.9464
vn -0.3349 0.3617 -0.8701
vn 0.2101 0.0894 -0.9736
vn 0.3841 -0.0149 -0.9232
vn -0.7966 0.5002 -0.3396
vn -0.8590 0.4924 -0.1402
vn -0.8839 0.4631 0.0653
vn -0.8702 0.4134 0.2679
vn -0.8185 0.3457 0.4588
vn -0.8185 0.3458 0.4588
vn -0.7310 0.2630 0.6297
vn -0.6115 0.1687 0.7730
vn -0.6115 0.1688 0.7730
vn -0.2988 -0.0374 0.9536
vn -0.1192 -0.1404 0.9829
vn 0.0656 -0.2372 0.9693
vn 0.2475 -0.3236 0.9132
vn 0.5715 -0.4509 0.6857
vn 0.5715 -0.4508 0.6857
vn 0.6993 -0.4861 0.5241
vn 0.6993 -0.4862 0.5241
vn 0.7966 -0.5002 0.3396
vn 0.8590 -0.4924 0.1402
vn 0.8703 -0.4134 -0.2679
vn 0.8702 -0.4134 -0.2679
vn 0.8185 -0.3458 -0.4588
vn 0.7310 -0.2630 -0.6297
vn 0.6115 -0.1688 -0.7730
vn 0.6115 -0.1687 -0.7730
vn 0.2988 0.0374 -0.9536
vn 0.1192 0.1404 -0.9829
vn -0.0656 0.2372 -0.9693
vn -0.2475 0.3236 -0.9132
vn -0.5714 0.4509 -0.6857
vn -0.6993 0.4861 -0.5241
s 0
usemtl mat8.001
f 1//1 2//1 3//1
f 4//2 2//2 1//2
f 2//3 5//3 3//3
f 3//4 6//4 7//4
f 5//5 6//5 3//5
f 7//6 8//6 9//6
f 6//7 8//7 7//7
f 8//8 10//8 9//8
f 11//9 12//9 13//9
f 14//10 15//9 13//9
f 13//9 15//9 11//9
f 12//11 16//11 13//11
f 14//12 17//13 15//14
f 14//15 18//16 17//17
f 18//11 3//18 16//18
f 16//9 3//9 7//9
f 9//19 19//11 7//20
f 20//9 19//10 9//21
f 21//9 19//22 20//9
f 7//9 19//9 16//9
f 16//9 19//9 13//9
f 3//23 22//23 1//23
f 1//23 22//23 21//23
f 21//9 22//9 19//9
f 14//24 22//9 18//25
f 18//26 22//9 3//9
f 23//27 24//28 25//29
f 25//30 24//30 26//30
f 27//31 24//31 23//32
f 24//33 28//33 26//33
f 26//34 22//34 14//34
f 28//35 22//35 26//35
f 29//36 30//36 31//36
f 29//37 32//37 30//37
f 33//37 32//37 29//37
f 30//36 34//36 31//36
f 31//37 34//37 35//37
f 33//36 36//36 32//36
f 34//37 37//37 35//37
f 38//38 39//39 40//39
f 41//40 39//40 38//41
f 37//36 42//36 35//36
f 35//42 42//42 41//42
f 42//43 43//44 41//43
f 41//45 44//46 39//45
f 43//47 44//48 41//49
f 37//50 45//50 42//50
f 44//51 46//42 39//42
f 47//52 46//53 44//51
f 47//54 48//55 46//56
f 49//57 48//58 47//59
f 50//37 51//37 37//37
f 37//37 51//37 45//37
f 50//36 52//36 51//36
f 53//60 54//61 55//60
f 53//62 56//63 54//64
f 57//65 58//66 59//67
f 58//68 60//69 59//70
f 56//71 61//72 54//73
f 60//74 61//60 59//75
f 59//46 61//76 56//77
f 61//78 62//78 54//79
f 63//80 64//81 65//80
f 63//82 66//83 64//84
f 67//85 68//86 69//87
f 68//88 70//89 69//90
f 69//91 71//92 67//93
f 72//94 71//95 69//96
f 62//37 73//37 54//51
f 54//97 73//37 63//37
f 74//42 73//42 75//42
f 75//98 73//98 62//98
f 73//92 76//92 63//92
f 63//37 76//37 66//46
f 75//99 77//99 74//99
f 78//100 77//100 75//100
f 79//50 80//50 76//50
f 76//100 80//100 66//101
f 81//102 82//103 79//102
f 79//104 82//105 80//104
f 83//37 84//37 50//37
f 85//36 86//36 83//36
f 83//36 86//36 84//36
f 70//37 87//37 69//106
f 84//36 88//36 50//36
f 72//107 88//36 71//108
f 50//36 88//36 52//36
f 52//109 88//109 72//110
f 85//36 89//36 86//36
f 78//36 90//36 77//36
f 91//37 90//37 78//37
f 91//99 92//99 90//99
f 93//111 92//47 91//111
f 94//96 92//93 93//112
f 94//113 95//47 92//114
f 87//115 95//116 94//117
f 87//118 13//119 95//120
f 88//36 96//36 71//121
f 71//122 96//107 97//107
f 98//123 99//100 100//124
f 101//125 99//125 98//126
f 36//36 102//36 85//36
f 85//37 102//37 89//37
f 103//58 104//127 105//128
f 104//129 106//130 105//131
f 105//132 107//133 99//36
f 99//134 107//135 100//136
f 106//137 107//138 105//139
f 107//140 108//141 100//142
f 108//143 109//144 100//145
f 33//36 110//36 36//36
f 36//37 110//37 102//37
f 111//37 14//146 13//147
f 112//148 14//149 111//148
f 113//42 14//150 112//42
f 114//151 14//152 113//151
f 114//153 26//154 14//155
f 115//36 116//36 114//36
f 33//36 117//36 110//36
f 109//156 118//36 100//157
f 116//36 119//36 114//36
f 114//36 119//36 26//158
f 26//159 119//160 25//160
f 117//37 120//37 110//37
f 110//36 120//36 121//36
f 23//36 122//36 123//36
f 123//161 122//161 109//162
f 109//163 122//37 118//37
f 120//37 124//37 121//37
f 121//37 124//37 125//37
f 117//37 126//37 120//37
f 119//37 127//37 25//37
f 23//37 127//37 122//37
f 25//98 127//98 23//98
f 122//37 128//37 118//37
f 124//36 129//36 125//36
f 117//36 130//36 126//36
f 128//36 131//36 118//36
f 124//37 132//37 129//37
f 130//37 133//37 126//37
f 119//36 134//36 127//36
f 135//37 134//37 119//37
f 128//37 136//37 131//37
f 132//36 137//36 129//36
f 130//36 138//36 133//36
f 136//37 139//37 131//37
f 132//36 140//36 137//36
f 138//36 141//36 133//36
f 136//36 142//36 139//36
f 134//37 143//37 144//164
f 135//37 143//37 134//37
f 141//37 145//37 146//37
f 138//37 145//37 141//37
f 147//51 148//42 142//42
f 142//36 148//36 139//36
f 140//36 149//165 137//36
f 140//37 150//166 149//167
f 150//168 151//169 149//170
f 146//36 152//36 140//36
f 140//107 152//107 150//171
f 153//172 154//173 151//174
f 149//175 154//36 155//36
f 155//71 154//71 156//71
f 151//176 154//37 149//177
f 157//178 158//49 159//178
f 143//36 158//179 144//180
f 159//36 158//125 143//36
f 153//181 160//182 154//182
f 144//183 161//98 147//37
f 158//159 161//184 144//185
f 147//158 162//186 148//36
f 161//49 162//187 147//188
f 153//98 163//189 160//189
f 162//190 164//191 148//79
f 153//64 165//51 163//51
f 146//37 166//37 152//37
f 146//192 167//192 166//192
f 145//37 167//37 146//37
f 168//193 169//194 170//107
f 171//195 169//196 172//197
f 170//198 169//199 171//200
f 168//201 173//202 169//203
f 145//36 174//171 167//36
f 168//204 174//205 173//198
f 175//206 174//207 168//208
f 167//209 174//210 175//48
f 174//211 176//212 173//72
f 177//213 176//214 174//215
f 153//60 178//216 165//37
f 179//212 180//217 181//212
f 182//92 183//92 184//92
f 185//58 186//218 187//219
f 188//220 186//221 185//220
f 186//222 189//202 187//223
f 187//224 189//225 178//226
f 190//85 191//85 185//85
f 185//161 191//161 188//161
f 192//105 193//93 194//227
f 195//146 193//228 192//55
f 195//99 196//99 193//99
f 190//36 197//36 191//36
f 182//36 198//97 183//36
f 180//96 199//229 181//36
f 164//37 200//37 148//37
f 195//42 201//230 196//42
f 202//151 203//231 201//232
f 203//233 204//234 201//235
f 196//93 204//236 205//49
f 201//85 204//85 196//44
f 206//237 207//99 197//99
f 197//37 207//37 191//37
f 206//238 208//92 207//92
f 205//239 209//240 206//241
f 206//224 209//242 208//209
f 210//243 211//244 212//160
f 213//245 211//246 214//58
f 212//247 211//248 213//249
f 210//250 215//42 211//171
f 205//36 216//251 209//252
f 209//253 216//254 210//46
f 204//255 216//125 205//37
f 210//256 216//198 215//134
f 217//189 218//257 216//79
f 216//258 218//259 215//260
f 189//261 219//262 220//36
f 221//215 219//155 198//263
f 222//218 219//264 221//218
f 220//265 219//266 222//265
f 198//36 223//36 183//36
f 219//179 223//267 198//268
f 223//217 224//217 183//217
f 225//100 226//100 227//100
f 228//58 226//58 225//58
f 228//58 229//48 226//58
f 228//42 230//269 229//270
f 231//268 232//271 230//272
f 233//273 232//166 231//274
f 234//275 232//276 235//275
f 229//277 232//278 234//215
f 230//215 232//181 229//279
f 236//37 237//37 238//37
f 180//280 239//179 199//109
f 238//36 239//281 180//36
f 199//282 239//283 240//284
f 237//37 239//285 238//37
f 241//76 242//76 224//76
f 224//37 242//37 183//37
f 183//36 242//36 236//36
f 236//37 242//37 237//37
f 240//189 243//286 244//287
f 239//280 243//37 240//288
f 235//178 245//178 246//178
f 246//37 245//37 241//37
f 241//36 245//36 242//36
f 245//36 247//36 248//36
f 232//289 247//37 235//37
f 235//36 247//36 245//36
f 200//36 249//36 148//36
f 250//36 249//36 243//36
f 243//36 249//36 244//36
f 244//36 249//290 200//290
f 248//37 251//37 252//37
f 247//37 251//37 248//37
f 252//36 253//36 250//36
f 251//37 253//37 252//37
f 250//36 253//36 249//36
f 70//37 111//37 87//37
f 87//37 111//37 13//37
f 220//36 165//36 189//291
f 189//292 165//99 178//68
f 254//293 255//293 232//293
f 254//294 232//294 233//294
f 256//295 233//295 231//295
f 256//296 254//296 233//296
f 257//297 231//298 230//297
f 257//299 256//299 231//299
f 258//300 259//300 260//300
f 261//300 259//300 258//300
f 261//301 262//301 259//301
f 263//300 258//300 260//300
f 263//301 260//301 264//301
f 265//301 262//301 261//301
f 266//300 263//300 264//300
f 267//302 268//303 269//304
f 267//305 269//306 270//307
f 271//301 266//301 264//301
f 271//300 264//300 268//300
f 272//308 271//308 268//308
f 273//300 268//300 267//309
f 273//310 272//310 268//310
f 274//311 266//311 271//311
f 275//300 273//300 267//300
f 275//312 276//312 273//312
f 277//313 276//314 275//314
f 277//315 278//316 276//316
f 279//300 266//300 274//300
f 279//301 280//301 266//301
f 281//317 280//317 279//317
f 282//318 283//319 284//318
f 285//320 283//321 282//320
f 286//322 287//323 288//324
f 286//325 288//326 289//327
f 290//310 286//328 289//310
f 290//329 285//329 282//329
f 290//312 289//312 285//312
f 291//330 290//330 282//330
f 292//301 291//301 282//301
f 293//331 292//332 294//333
f 293//334 294//335 295//336
f 296//337 297//337 298//337
f 299//338 297//338 296//338
f 299//339 300//340 297//339
f 301//341 298//341 297//341
f 302//300 291//300 292//300
f 302//342 303//342 304//342
f 302//338 304//338 291//338
f 305//343 304//343 303//343
f 305//316 306//316 304//316
f 307//344 302//344 292//344
f 307//308 292//308 293//345
f 308//346 309//346 307//346
f 308//308 307//308 293//347
f 310//332 311//332 309//332
f 310//348 309//348 308//348
f 312//301 313//301 280//301
f 314//300 315//300 313//300
f 314//300 313//300 312//300
f 316//301 301//301 297//301
f 317//300 300//300 299//300
f 317//300 312//300 280//300
f 317//301 280//301 281//301
f 317//349 281//349 300//349
f 318//300 315//300 314//300
f 319//300 306//300 305//300
f 319//340 320//340 306//340
f 321//342 320//342 319//342
f 321//341 322//341 320//341
f 323//315 322//350 321//350
f 323//351 324//352 322//353
f 19//354 324//355 323//356
f 19//357 316//343 324//343
f 325//301 317//301 299//301
f 325//358 299//358 326//358
f 327//300 328//300 329//300
f 330//359 328//359 327//359
f 331//301 265//301 315//301
f 331//300 315//300 318//300
f 332//360 333//361 334//362
f 332//363 334//364 335//365
f 336//300 335//300 330//300
f 336//358 330//358 327//358
f 336//300 332//366 335//300
f 337//367 336//368 327//368
f 338//369 337//316 327//369
f 339//300 265//300 331//300
f 339//301 262//301 265//301
f 22//370 340//300 19//317
f 22//371 341//372 342//358
f 22//373 342//359 343//359
f 22//371 343//374 340//374
f 28//375 341//376 22//377
f 344//378 345//378 341//379
f 346//300 262//300 339//300
f 347//300 338//300 327//300
f 348//300 344//300 341//300
f 348//300 341//300 28//300
f 348//380 28//380 24//380
f 349//300 346//300 339//300
f 349//301 339//301 350//301
f 351//300 27//300 352//300
f 351//344 352//344 338//344
f 351//300 338//300 347//300
f 353//300 346//300 349//300
f 354//301 349//301 350//301
f 354//301 350//301 355//301
f 356//343 24//343 27//343
f 356//300 27//300 351//300
f 356//300 348//300 24//300
f 357//300 351//300 347//300
f 358//300 354//300 355//300
f 359//300 346//300 353//300
f 360//301 357//301 347//301
f 361//300 354//300 358//300
f 362//301 359//301 353//301
f 363//301 348//301 356//301
f 364//300 357//300 360//300
f 365//301 348//301 363//301
f 366//300 361//300 358//300
f 367//300 359//300 362//300
f 368//300 364//300 360//300
f 369//300 361//300 366//300
f 370//301 367//301 362//301
f 371//300 364//300 368//300
f 372//300 363//300 373//381
f 372//300 365//300 363//300
f 374//301 370//301 375//301
f 374//300 367//300 370//300
f 376//300 377//300 371//300
f 376//301 371//301 368//301
f 378//300 369//300 366//300
f 379//300 369//300 378//300
f 379//382 378//382 380//383
f 381//300 375//300 369//300
f 381//359 369//359 379//359
f 382//384 383//301 384//301
f 382//385 385//386 380//387
f 382//365 380//388 378//300
f 382//389 378//300 383//300
f 386//332 387//332 388//332
f 386//301 388//301 372//301
f 386//300 372//300 373//383
f 389//343 385//390 382//348
f 390//300 373//391 377//300
f 390//300 386//300 373//355
f 391//308 385//392 389//308
f 392//393 390//393 377//393
f 392//301 377//301 376//301
f 393//329 385//394 391//329
f 394//330 392//330 376//330
f 395//395 375//301 381//301
f 396//396 375//396 395//397
f 396//300 374//300 375//300
f 397//398 398//398 399//330
f 397//341 399//399 400//400
f 397//401 400//402 401//401
f 402//403 398//300 397//300
f 403//301 374//301 396//301
f 403//358 398//358 402//350
f 403//404 396//404 404//404
f 403//391 404//391 398//391
f 405//405 403//397 402//406
f 405//407 402//408 406//409
f 407//350 385//410 393//300
f 408//337 409//337 410//337
f 408//411 410//412 411//344
f 412//348 408//413 411//348
f 413//317 409//317 408//398
f 414//376 411//310 407//414
f 414//320 412//415 411//413
f 415//416 416//345 417//417
f 415//418 417//345 418//345
f 419//330 415//419 418//420
f 420//320 421//320 422//320
f 420//300 422//300 423//300
f 424//301 425//301 426//301
f 424//421 426//421 427//421
f 428//301 394//301 376//301
f 429//374 415//417 419//340
f 430//416 431//416 429//369
f 432//422 419//422 433//423
f 432//332 430//332 429//332
f 432//342 429//342 419//342
f 434//301 435//301 409//301
f 434//300 409//300 413//300
f 436//401 433//424 437//425
f 436//426 437//302 435//301
f 436//427 435//428 434//428
f 438//429 433//430 436//413
f 439//310 440//310 441//431
f 439//432 441//433 442//301
f 439//434 442//435 443//434
f 444//359 440//359 439//359
f 445//301 432//301 433//317
f 445//301 433//426 438//301
f 445//436 438//436 440//436
f 445//358 440//358 444//358
f 446//437 445//314 444//314
f 446//438 447//439 445//439
f 448//440 449//440 450//440
f 448//313 450//313 451//313
f 448//441 451//441 420//441
f 448//301 414//301 449//301
f 452//300 448//300 420//300
f 452//300 420//300 423//300
f 453//341 452//341 423//341
f 454//381 455//381 456//442
f 457//304 454//404 456//304
f 458//443 454//313 457//313
f 257//374 454//300 458//406
f 254//444 256//445 257//446
f 255//447 458//448 459//448
f 255//443 459//345 460//443
f 255//359 257//359 458//359
f 255//357 254//327 257//330
f 461//300 423//300 462//300
f 461//300 462//300 425//300
f 463//449 464//449 453//449
f 463//301 453//301 423//301
f 463//301 423//301 461//301
f 465//300 461//300 425//300
f 465//417 424//417 466//417
f 465//300 425//300 424//300
f 467//450 466//450 468//450
f 467//301 465//301 466//301
f 469//451 460//451 470//451
f 469//300 470//300 464//300
f 469//300 464//300 463//300
f 471//301 472//301 467//301
f 471//341 468//341 428//341
f 471//300 428//300 376//300
f 471//300 467//300 468//300
f 473//300 469//300 474//300
f 473//300 255//300 460//300
f 473//301 460//301 469//301
f 475//300 474//300 476//300
f 475//301 473//301 474//301
f 477//300 476//300 472//300
f 477//300 472//300 471//300
f 477//301 475//301 476//301
f 393//300 449//300 414//300
f 393//300 414//300 407//452
f 340//300 301//300 316//300
f 340//300 316//300 19//450
f 255//453 247//453 232//453
f 473//453 247//453 255//453
f 477//454 471//454 249//454
f 477//454 249//454 253//454
f 475//455 253//455 251//455
f 475//455 477//455 253//455
f 473//456 251//456 247//456
f 473//456 475//456 251//456
f 249//457 471//457 376//457
f 249//457 376//457 148//457
f 360//458 347//458 118//458
f 360//458 118//458 131//458
f 368//459 131//459 139//459
f 368//459 360//459 131//459
f 376//460 139//460 148//460
f 376//461 368//461 139//461
f 118//9 347//9 327//9
f 118//9 327//9 100//9
f 98//462 100//462 327//463
f 98//464 327//465 329//466
f 101//467 329//467 328//467
f 101//467 98//467 329//467
f 99//468 328//468 330//468
f 99//469 101//469 328//469
f 330//470 105//470 99//470
f 335//471 105//471 330//471
f 333//472 332//472 106//472
f 333//473 106//473 104//474
f 334//475 104//476 103//475
f 334//477 333//477 104//478
f 335//479 103//479 105//479
f 335//480 334//480 103//480
f 332//481 107//481 106//481
f 336//453 107//453 332//453
f 107//482 337//474 108//474
f 108//483 337//483 109//484
f 336//485 337//485 107//486
f 337//487 338//488 109//489
f 109//490 352//490 123//490
f 338//491 352//491 109//491
f 27//470 23//470 352//470
f 352//471 23//471 123//471
f 13//492 323//492 95//492
f 95//493 323//493 92//494
f 19//495 323//495 13//495
f 323//496 321//496 92//497
f 92//498 319//499 90//500
f 321//498 319//498 92//501
f 90//457 319//457 77//457
f 77//457 319//457 305//457
f 77//502 303//502 74//502
f 74//503 303//503 73//503
f 305//504 303//504 77//504
f 303//505 302//505 73//505
f 73//506 307//507 76//508
f 302//509 307//510 73//511
f 307//512 79//512 76//512
f 309//513 79//513 307//513
f 310//514 308//514 80//514
f 310//515 80//515 82//515
f 311//516 82//516 81//516
f 311//517 310//517 82//517
f 309//518 81//518 79//518
f 309//519 311//519 81//519
f 66//457 308//457 293//457
f 80//520 308//520 66//520
f 294//521 292//521 63//522
f 294//523 63//524 65//524
f 295//525 65//497 64//526
f 295//527 294//527 65//528
f 293//529 64//530 66//531
f 293//532 295//498 64//533
f 63//9 292//9 282//9
f 63//9 282//9 54//9
f 55//534 54//534 282//534
f 55//535 282//535 284//535
f 53//536 284//537 283//537
f 53//538 55//33 284//33
f 56//539 283//539 285//539
f 56//540 53//540 283//540
f 285//470 59//470 56//470
f 289//471 59//471 285//471
f 287//541 286//541 60//541
f 287//542 60//543 58//543
f 288//544 58//544 57//544
f 288//545 287//545 58//545
f 289//546 57//546 59//546
f 289//547 288//547 57//547
f 286//513 61//513 60//513
f 290//453 61//453 286//453
f 61//548 291//548 62//548
f 62//549 291//549 75//549
f 290//550 291//550 61//550
f 291//551 304//551 75//551
f 75//552 306//553 78//553
f 304//554 306//554 75//555
f 306//471 91//471 78//471
f 320//471 91//471 306//471
f 91//556 322//556 93//556
f 93//557 322//558 94//559
f 320//560 322//560 91//560
f 322//561 324//562 94//563
f 94//535 316//535 87//535
f 324//462 316//462 94//462
f 478//9 479//9 69//9
f 87//9 480//9 69//9
f 69//9 480//9 478//9
f 479//23 481//23 69//23
f 87//9 482//9 480//9
f 87//564 483//564 482//564
f 483//23 484//23 481//23
f 481//23 484//23 485//23
f 486//565 297//565 485//565
f 487//9 297//9 486//9
f 481//9 297//9 69//9
f 485//9 297//9 481//9
f 484//566 316//566 488//566
f 489//23 316//23 487//23
f 488//23 316//23 489//23
f 487//9 316//9 297//9
f 87//9 316//9 483//9
f 483//9 316//9 484//9
f 69//567 300//567 72//567
f 72//568 300//568 52//568
f 297//569 300//569 69//569
f 300//570 281//570 52//570
f 52//571 279//572 51//571
f 281//573 279//498 52//573
f 51//457 279//457 45//457
f 45//574 279//574 274//574
f 45//575 271//575 42//575
f 42//576 271//577 43//576
f 274//578 271//578 45//578
f 271//577 272//577 43//577
f 43//456 273//456 44//456
f 272//579 273//579 43//579
f 276//453 47//453 273//453
f 273//580 47//580 44//580
f 277//581 275//582 46//583
f 277//584 46//585 48//586
f 278//587 48//588 49//588
f 278//589 277//590 48//591
f 276//592 49//592 47//592
f 276//509 278//509 49//509
f 39//457 275//457 267//457
f 46//457 275//457 39//457
f 269//593 268//593 41//594
f 269//595 41//596 38//597
f 270//598 38//599 40//600
f 270//601 269//568 38//602
f 267//603 40//604 39//603
f 267//605 270//605 40//606
f 35//9 268//9 264//9
f 41//9 268//9 35//9
f 259//607 262//607 33//607
f 259//607 33//607 29//607
f 260//608 29//608 31//608
f 260//608 259//608 29//608
f 264//462 31//462 35//462
f 264//462 260//462 31//462
f 346//471 117//471 33//471
f 346//471 33//471 262//471
f 367//609 374//609 145//609
f 367//609 145//609 138//609
f 359//610 138//610 130//610
f 359//610 367//610 138//610
f 346//611 130//611 117//611
f 346//612 359//612 130//612
f 374//453 174//453 145//453
f 403//453 174//453 374//453
f 177//510 174//510 403//510
f 177//613 403//613 405//613
f 176//614 405//614 406//614
f 176//615 177//615 405//615
f 173//616 406//616 402//616
f 173//617 176//617 406//618
f 169//520 402//520 397//520
f 173//457 402//457 169//457
f 400//619 399//619 170//620
f 400//567 170//521 171//567
f 401//621 171//621 172//621
f 401//622 400//622 171//622
f 397//623 172//624 169//460
f 397//532 401//625 172//626
f 168//627 399//627 398//627
f 170//9 399//9 168//9
f 168//524 404//524 175//524
f 175//494 404//494 167//494
f 398//628 404//628 168//628
f 404//629 396//629 167//629
f 167//630 395//631 166//623
f 396//632 395//532 167//633
f 166//457 395//457 152//457
f 152//457 395//457 381//457
f 152//634 379//634 150//634
f 150//635 379//635 151//635
f 381//636 379//636 152//636
f 379//637 380//637 151//637
f 151//579 385//638 153//579
f 380//519 385//519 151//639
f 490//513 491//513 385//513
f 407//453 492//453 385//453
f 385//453 492//453 490//453
f 491//640 493//640 385//640
f 407//641 494//642 492//453
f 407//643 495//644 494//645
f 495//646 496//646 493//646
f 493//481 496//481 497//481
f 498//453 153//453 497//453
f 499//512 153//512 498//512
f 500//647 153//647 499//647
f 493//453 153//453 385//453
f 497//453 153//453 493//453
f 496//648 178//648 501//648
f 501//649 178//649 500//649
f 500//453 178//453 153//453
f 407//453 178//453 495//453
f 495//453 178//453 496//453
f 178//650 411//651 187//650
f 187//652 411//652 185//652
f 407//473 411//653 178//473
f 411//654 410//654 185//654
f 185//655 409//655 190//655
f 410//554 409//554 185//554
f 435//471 197//471 409//471
f 409//471 197//471 190//471
f 197//560 437//656 206//560
f 206//657 437//537 205//537
f 435//556 437//658 197//556
f 437//30 433//659 205//660
f 205//462 419//462 196//462
f 433//466 419//535 205//661
f 193//662 419//662 418//662
f 196//663 419//663 193//663
f 416//664 415//664 195//664
f 416//665 195//665 192//665
f 417//558 192//558 194//558
f 417//558 416//558 192//558
f 418//666 194//666 193//666
f 418//667 417//667 194//668
f 429//470 201//470 415//470
f 415//471 201//471 195//471
f 430//473 432//473 204//473
f 430//669 204//669 203//669
f 431//670 203//671 202//545
f 431//672 430//673 203//674
f 429//675 202//675 201//675
f 429//676 431//676 202//676
f 445//453 216//453 204//453
f 445//453 204//453 432//453
f 217//677 216//677 445//678
f 217//507 445//507 447//507
f 218//679 447//680 446//681
f 218//455 217//455 447//682
f 215//683 446//684 444//685
f 215//686 218//687 446//617
f 215//574 444//574 211//574
f 211//574 444//574 439//574
f 442//458 441//458 212//688
f 442//689 212//690 213//689
f 443//691 213//691 214//691
f 443//692 442//692 213//692
f 439//693 214//694 211//694
f 439//695 443//460 214//460
f 212//9 441//9 210//9
f 210//663 441//663 440//663
f 210//696 438//697 209//696
f 209//459 438//698 208//699
f 440//619 438//700 210//619
f 438//459 436//701 208//702
f 208//703 434//703 207//703
f 436//704 434//704 208//704
f 207//457 434//457 191//457
f 191//457 434//457 413//457
f 191//705 408//705 188//705
f 188//706 408//706 186//706
f 413//707 408//575 191//683
f 408//708 412//708 186//709
f 186//592 414//592 189//592
f 412//677 414//677 186//677
f 502//513 503//513 414//513
f 448//453 504//453 414//453
f 414//453 504//453 502//453
f 503//710 505//710 414//710
f 448//711 506//712 504//713
f 448//714 507//715 506//716
f 505//453 508//453 414//453
f 507//717 509//718 505//453
f 505//453 509//453 508//453
f 510//719 189//719 508//719
f 511//453 189//453 510//453
f 512//453 189//453 511//453
f 508//453 189//453 414//453
f 509//720 219//721 513//722
f 513//723 219//453 512//453
f 512//453 219//453 189//453
f 448//724 219//453 507//453
f 507//580 219//453 509//640
f 219//725 452//725 223//725
f 223//551 452//551 224//551
f 448//726 452//726 219//726
f 452//727 453//727 224//727
f 224//728 464//729 241//730
f 453//731 464//547 224//732
f 470//470 246//470 464//470
f 464//471 246//471 241//471
f 246//733 460//734 235//733
f 235//608 460//608 234//608
f 470//733 460//735 246//733
f 460//736 459//737 234//737
f 234//738 458//738 229//738
f 459//739 458//739 234//739
f 226//740 458//740 457//740
f 229//741 458//741 226//741
f 455//31 454//31 228//31
f 455//742 228//31 225//735
f 456//743 225//743 227//743
f 456//608 455//608 225//608
f 457//744 227//535 226//535
f 457//465 456//666 227//666
f 257//745 230//745 454//745
f 454//471 230//471 228//471
f 514//746 503//746 515//746
f 515//747 502//747 516//747
f 503//748 502//748 515//748
f 516//749 504//749 517//749
f 517//750 504//750 518//750
f 502//751 504//751 516//751
f 518//752 506//752 519//752
f 504//753 506//753 518//753
f 519//754 506//754 520//754
f 520//755 507//755 521//755
f 521//756 507//756 522//756
f 506//757 507//757 520//757
f 522//758 505//758 523//758
f 507//759 505//759 522//759
f 523//8 503//8 514//8
f 505//760 503//760 523//760
f 519//761 520//761 524//761
f 524//762 520//762 525//762
f 525//763 521//763 526//763
f 520//764 521//764 525//764
f 420//471 519//471 421//471
f 519//471 182//471 421//471
f 519//471 524//471 182//471
f 524//471 198//471 182//471
f 198//607 524//607 221//607
f 221//765 527//765 222//765
f 524//766 527//766 221//766
f 222//767 528//767 220//767
f 527//768 528//768 222//768
f 524//769 513//769 527//769
f 527//770 512//770 528//770
f 528//771 512//771 529//771
f 513//772 512//772 527//772
f 529//773 511//773 530//773
f 512//774 511//774 529//774
f 530//775 510//775 531//775
f 511//776 510//776 530//776
f 531//777 510//777 532//777
f 532//778 508//778 533//778
f 510//779 508//779 532//779
f 533//780 509//780 526//780
f 526//781 509//781 525//781
f 508//782 509//782 533//782
f 525//783 513//783 524//783
f 509//784 513//784 525//784
f 165//18 534//18 535//18
f 165//9 536//9 534//9
f 165//9 220//9 536//9
f 220//9 530//9 536//9
f 220//741 529//741 530//741
f 536//16 531//16 537//16
f 530//785 531//785 536//785
f 220//23 528//23 529//23
f 537//627 532//627 538//627
f 531//785 532//785 537//785
f 538//9 533//9 539//9
f 532//786 533//786 538//786
f 539//9 540//9 541//9
f 539//9 542//9 540//9
f 543//18 393//18 544//18
f 545//9 393//9 543//9
f 542//9 523//9 546//9
f 533//9 522//9 539//9
f 539//9 522//9 542//9
f 542//786 522//786 523//786
f 546//9 514//9 547//9
f 523//23 514//23 546//23
f 526//9 521//9 533//9
f 533//787 521//787 522//787
f 547//23 515//23 545//23
f 545//9 515//9 393//9
f 514//23 515//23 547//23
f 516//787 449//787 515//787
f 517//9 449//9 516//9
f 515//9 449//9 393//9
f 547//788 494//788 546//788
f 546//789 495//789 542//789
f 494//790 495//790 546//790
f 542//791 493//791 540//791
f 540//792 493//792 548//792
f 495//793 493//793 542//793
f 548//794 491//794 549//794
f 493//795 491//795 548//795
f 549//796 491//796 550//796
f 550//797 490//797 544//797
f 544//798 490//798 543//798
f 491//799 490//799 550//799
f 543//800 492//800 545//800
f 490//801 492//801 543//801
f 545//802 494//802 547//802
f 492//803 494//803 545//803
f 393//804 391//804 544//804
f 544//805 391//805 550//805
f 550//806 389//806 549//806
f 391//807 389//807 550//807
f 389//808 382//808 549//808
f 154//457 551//457 156//457
f 551//574 384//574 156//574
f 551//457 549//457 384//457
f 549//457 382//457 384//457
f 384//809 383//809 155//809
f 384//810 155//810 156//810
f 155//811 383//811 149//811
f 149//812 378//812 137//812
f 383//813 378//813 149//813
f 137//814 366//814 129//814
f 378//815 366//815 137//815
f 129//816 358//816 125//816
f 366//817 358//817 129//817
f 125//818 355//818 121//818
f 358//819 355//819 125//819
f 121//820 350//820 110//820
f 355//821 350//821 121//821
f 110//822 339//822 102//822
f 350//823 339//823 110//823
f 102//824 331//824 89//824
f 339//822 331//822 102//822
f 89//825 318//825 86//825
f 331//826 318//826 89//826
f 86//827 314//827 84//827
f 318//828 314//828 86//828
f 84//829 312//829 88//829
f 314//830 312//830 84//830
f 88//831 317//831 96//831
f 312//832 317//832 88//832
f 317//833 325//833 96//833
f 97//834 96//834 325//834
f 97//835 325//835 326//835
f 71//457 97//457 552//457
f 553//457 326//457 299//457
f 97//574 326//574 553//574
f 97//457 553//457 552//457
f 71//836 552//836 67//836
f 67//837 554//837 68//837
f 552//838 554//838 67//838
f 68//839 555//839 70//839
f 554//840 555//840 68//840
f 482//841 556//841 480//841
f 557//842 556//842 482//842
f 480//843 558//843 478//843
f 556//844 558//844 480//844
f 558//845 555//845 478//845
f 478//846 554//846 479//846
f 555//847 554//847 478//847
f 554//848 552//848 479//848
f 479//849 559//849 481//849
f 552//850 559//850 479//850
f 559//851 560//851 481//851
f 481//852 561//852 483//852
f 560//853 561//853 481//853
f 483//854 562//854 482//854
f 561//855 562//855 483//855
f 562//856 557//856 482//856
f 301//453 563//453 564//453
f 301//513 565//513 563//513
f 301//453 340//453 565//453
f 340//453 566//453 565//453
f 340//481 567//481 566//481
f 565//513 10//513 568//513
f 566//453 10//453 565//453
f 340//453 569//453 567//453
f 568//857 8//857 570//857
f 10//453 8//453 568//453
f 570//858 6//858 571//858
f 8//512 6//512 570//512
f 571//513 560//513 572//513
f 571//453 561//453 560//453
f 558//713 70//713 555//713
f 556//513 70//513 558//513
f 561//859 573//859 562//859
f 6//453 574//453 571//453
f 571//453 574//453 561//453
f 561//645 574//645 573//645
f 562//858 575//858 557//858
f 573//860 575//860 562//860
f 5//453 576//453 6//453
f 6//453 576//453 574//453
f 557//860 577//860 556//860
f 556//453 577//453 70//453
f 575//858 577//858 557//858
f 578//861 111//861 577//861
f 579//513 111//513 578//513
f 577//453 111//453 70//453
f 486//862 580//862 487//862
f 553//863 580//863 486//863
f 580//864 564//864 487//864
f 487//865 563//865 489//865
f 564//866 563//866 487//866
f 489//867 565//867 488//867
f 563//868 565//868 489//868
f 565//869 568//869 488//869
f 488//870 570//870 484//870
f 568//871 570//871 488//871
f 484//872 571//872 485//872
f 570//873 571//873 484//873
f 571//874 572//874 485//874
f 485//846 581//846 486//846
f 572//875 581//875 485//875
f 581//876 553//876 486//876
f 553//877 581//877 552//877
f 552//878 581//878 559//878
f 559//879 572//879 560//879
f 581//880 572//880 559//880
f 299//582 296//582 553//582
f 553//881 296//881 580//881
f 580//882 298//882 564//882
f 296//883 298//883 580//883
f 298//456 301//456 564//456
f 111//294 579//294 112//294
f 112//884 582//884 113//884
f 579//885 582//885 112//885
f 113//491 583//491 114//491
f 582//886 583//886 113//886
f 17//1 582//1 15//1
f 583//887 582//887 17//887
f 582//888 579//888 15//888
f 15//889 578//889 11//889
f 579//890 578//890 15//890
f 11//891 577//891 12//891
f 578//892 577//892 11//892
f 577//893 575//893 12//893
f 12//894 573//894 16//894
f 575//895 573//895 12//895
f 16//896 574//896 18//896
f 573//897 574//897 16//897
f 574//898 576//898 18//898
f 18//899 584//899 17//899
f 576//900 584//900 18//900
f 584//901 583//901 17//901
f 576//902 5//903 584//902
f 584//904 2//904 583//904
f 5//905 2//905 584//905
f 2//906 4//906 583//907
f 341//470 345//470 4//470
f 583//471 115//471 114//471
f 345//471 115//471 583//471
f 345//470 583//470 4//470
f 340//650 343//650 569//650
f 569//908 343//908 585//908
f 585//909 342//909 4//909
f 343//910 342//910 585//910
f 342//911 341//911 4//911
f 9//912 566//912 20//912
f 10//913 566//913 9//913
f 20//865 567//865 21//865
f 566//914 567//914 20//914
f 567//915 569//915 21//915
f 21//916 585//916 1//916
f 569//917 585//917 21//917
f 585//918 4//918 1//918
f 344//919 116//919 115//919
f 345//920 344//920 115//920
f 344//921 348//921 116//921
f 116//922 348//922 119//922
f 119//923 365//923 135//923
f 348//924 365//924 119//924
f 135//925 372//926 143//925
f 365//927 372//927 135//927
f 143//928 388//929 159//928
f 372//930 388//930 143//930
f 159//931 388//931 387//931
f 157//932 159//932 387//932
f 386//453 158//453 387//453
f 387//453 158//453 157//453
f 158//933 390//933 161//933
f 161//476 390//934 162//476
f 386//935 390//935 158//935
f 390//936 392//937 162//937
f 162//611 394//938 164//611
f 392//939 394//554 162//554
f 428//471 164//471 394//471
f 428//471 200//471 164//471
f 200//940 468//941 244//940
f 244//743 468//743 240//942
f 428//943 468//944 200//943
f 468//945 466//945 240//558
f 240//535 424//535 199//535
f 466//946 424//946 240//946
f 199//9 424//9 181//9
f 181//9 424//9 427//9
f 427//947 426//947 179//947
f 427//948 179//948 181//948
f 179//949 426//949 180//949
f 180//950 425//950 238//950
f 426//951 425//951 180//951
f 238//952 462//952 236//952
f 425//953 462//953 238//953
f 236//954 423//954 183//954
f 462//955 423//955 236//955
f 183//956 422//956 184//956
f 423//957 422//957 183//957
f 184//958 422//958 421//958
f 182//959 184//959 421//959
f 541//960 540//960 586//960
f 586//961 548//961 551//961
f 540//962 548//962 586//962
f 548//963 549//963 551//963
f 551//964 498//964 586//964
f 586//965 497//965 541//965
f 541//966 497//966 539//966
f 498//967 497//967 586//967
f 539//968 496//968 538//968
f 497//969 496//969 539//969
f 538//970 501//970 537//970
f 496//971 501//971 538//971
f 537//972 501//972 536//972
f 536//973 500//973 534//973
f 501//974 500//974 536//974
f 534//975 499//975 535//975
f 535//976 499//976 587//976
f 500//977 499//977 534//977
f 587//978 498//978 551//978
f 499//979 498//979 587//979
f 165//980 535//980 163//980
f 163//981 587//981 160//981
f 535//982 587//982 163//982
f 160//983 551//983 154//983
f 587//984 551//984 160//984
f 420//985 451//985 519//985
f 519//986 451//986 518//986
f 518//987 450//987 517//987
f 451//988 450//988 518//988
f 450//535 449//535 517//535
f 50//989 313//989 83//989
f 280//989 313//989 50//989
f 83//990 315//990 85//990
f 313//990 315//990 83//990
f 85//991 265//991 36//991
f 315//991 265//991 85//991
f 36//992 261//992 32//992
f 265//992 261//992 36//992
f 32//993 258//993 30//993
f 261//994 258//994 32//994
f 30//995 263//995 34//995
f 258//995 263//995 30//995
f 34//996 266//996 37//996
f 263//996 266//996 34//996
f 37//997 280//997 50//997
f 266//997 280//997 37//997
f 142//989 377//989 147//989
f 371//989 377//989 142//989
f 147//990 373//990 144//990
f 377//990 373//990 147//990
f 144//991 363//991 134//991
f 373//991 363//991 144//991
f 134//992 356//992 127//992
f 363//992 356//992 134//992
f 127//998 351//998 122//998
f 356//993 351//993 127//993
f 122//995 357//995 128//995
f 351//995 357//995 122//995
f 128//999 364//999 136//999
f 357//996 364//996 128//996
f 136//997 371//997 142//997
f 364//997 371//997 136//997
f 140//989 375//989 146//989
f 369//1000 375//1000 140//1000
f 146//990 370//990 141//990
f 375//990 370//990 146//990
f 141//991 362//991 133//991
f 370//991 362//991 141//991
f 133//992 353//992 126//992
f 362//992 353//992 133//992
f 126//993 349//993 120//993
f 353//993 349//993 126//993
f 120//995 354//995 124//995
f 349//995 354//995 120//995
f 124//996 361//996 132//996
f 354//996 361//996 124//996
f 132//997 369//997 140//997
f 361//997 369//997 132//997
f 250//989 476//989 252//989
f 472//1000 476//1000 250//1000
f 252//990 474//990 248//990
f 476//990 474//990 252//990
f 248//991 469//991 245//991
f 474//991 469//991 248//991
f 245//992 463//992 242//992
f 469//992 463//992 245//992
f 242//994 461//994 237//994
f 463//993 461//993 242//993
f 237//995 465//995 239//995
f 461//995 465//995 237//995
f 239//996 467//996 243//996
f 465//996 467//996 239//996
f 243//997 472//997 250//997
f 467//997 472//997 243//997
f 588//1001 589//1001 590//1001
f 590//1001 589//1001 591//1001
f 591//9 592//9 593//9
f 589//9 592//9 591//9
f 593//1002 594//1002 595//1002
f 592//1003 594//1003 593//1003
f 596//1004 597//1004 598//1005
f 596//1006 598//1007 599//1008
f 592//342 599//393 594//342
f 592//357 596//357 599//417
f 600//301 589//301 588//301
f 601//300 592//300 589//300
f 601//301 596//301 592//301
f 601//301 589//301 600//301
f 602//1009 600//1009 603//1009
f 602//304 601//304 600//304
f 603//1010 600//1010 604//1010
f 603//575 604//575 605//575
f 602//587 605//587 606//587
f 602//1011 603//1011 605//1011
f 601//456 606//456 607//456
f 601//456 602//456 606//456
f 601//453 607//453 608//453
f 601//453 608//453 596//453
f 597//548 596//548 608//548
f 597//548 608//548 609//548
f 598//1012 609//1012 610//1012
f 598//1013 597//1013 609//1013
f 599//612 610//612 611//612
f 599//1014 598//1014 610//1014
f 599//471 611//471 595//471
f 599//471 595//471 594//471
f 612//301 29//301 31//301
f 613//301 33//301 29//301
f 613//301 29//301 612//301
f 614//300 31//300 35//300
f 614//300 612//300 31//300
f 615//300 614//300 35//300
f 616//301 33//301 613//301
f 617//300 33//300 616//300
f 618//301 619//301 615//301
f 620//301 617//301 616//301
f 620//300 616//300 621//388
f 622//301 615//301 35//301
f 622//341 618//341 615//341
f 623//343 33//343 617//343
f 624//301 619//301 618//301
f 625//451 622//451 35//451
f 626//303 620//303 621//355
f 627//301 626//301 621//1015
f 627//300 621//300 628//300
f 629//300 619//300 624//300
f 629//301 628//301 619//301
f 630//301 627//301 628//301
f 631//300 628//300 629//300
f 631//300 630//300 628//300
f 632//300 625//300 35//300
f 633//300 627//300 630//300
f 634//301 631//301 629//301
f 635//301 636//301 637//301
f 635//301 637//301 638//301
f 635//300 638//300 627//300
f 635//300 627//300 633//300
f 639//300 629//300 640//300
f 639//301 640//301 641//301
f 639//300 641//300 642//300
f 639//300 634//300 629//300
f 643//300 636//300 635//300
f 644//301 639//301 642//301
f 118//301 632//301 35//301
f 118//300 645//300 632//300
f 117//301 33//301 623//301
f 117//417 646//417 647//417
f 117//300 623//300 646//300
f 648//300 645//300 118//300
f 648//301 649//301 645//301
f 650//1016 647//1016 651//1016
f 650//301 117//301 647//301
f 652//301 648//301 118//301
f 653//301 649//301 648//301
f 653//300 642//300 654//300
f 653//304 654//304 649//304
f 655//300 117//300 650//300
f 656//301 650//301 651//301
f 656//304 651//304 657//304
f 656//300 657//300 636//300
f 658//300 636//300 643//300
f 659//300 644//300 642//300
f 131//300 652//300 118//300
f 130//301 117//301 655//301
f 660//300 642//300 653//300
f 660//300 659//300 642//300
f 661//301 652//301 131//301
f 662//301 636//301 658//301
f 662//301 656//301 636//301
f 663//301 130//301 655//301
f 139//301 661//301 131//301
f 138//301 130//301 663//301
f 664//300 662//300 658//300
f 665//301 659//301 660//301
f 666//300 661//300 139//300
f 667//420 138//420 663//420
f 145//301 667//301 668//301
f 145//301 138//301 667//301
f 148//300 666//300 139//300
f 669//301 666//301 148//301
f 670//312 666//312 669//312
f 671//300 672//300 666//300
f 671//300 666//300 670//300
f 673//301 672//301 671//301
f 595//300 674//300 662//300
f 595//301 662//301 664//301
f 595//301 664//301 675//301
f 595//301 675//301 676//301
f 677//300 660//300 678//300
f 677//300 665//300 660//300
f 677//301 679//301 680//301
f 677//301 680//301 665//301
f 611//301 674//301 595//301
f 681//301 677//301 678//301
f 610//420 668//420 674//420
f 610//308 674//308 611//308
f 682//326 678//301 672//301
f 682//1017 681//377 678//377
f 609//301 145//301 668//301
f 609//332 668//332 610//332
f 683//1018 682//1019 672//369
f 683//1007 672//301 673//301
f 608//300 145//300 609//300
f 684//303 683//1020 673//303
f 593//300 595//300 676//300
f 685//300 679//300 677//300
f 591//301 593//301 676//301
f 686//301 679//301 685//301
f 590//300 591//300 676//300
f 590//301 676//301 687//301
f 590//300 687//300 688//300
f 689//300 679//300 686//300
f 689//300 690//300 691//300
f 689//300 691//300 679//300
f 692//301 590//301 688//301
f 692//301 690//301 689//301
f 692//300 688//300 690//300
f 693//301 692//301 689//301
f 693//301 689//301 694//301
f 693//451 694//451 695//451
f 696//300 590//300 692//300
f 696//1021 605//1021 604//1021
f 696//301 604//301 590//301
f 697//359 695//359 698//359
f 697//300 693//300 695//300
f 699//300 605//300 696//300
f 699//386 606//386 605//386
f 700//300 684//300 673//300
f 700//300 698//300 701//355
f 700//300 701//1022 684//300
f 700//300 697//300 698//300
f 702//300 697//300 700//300
f 702//301 703//301 697//301
f 704//300 703//300 702//300
f 705//300 703//300 704//300
f 247//301 699//301 706//301
f 247//301 606//301 699//301
f 247//1023 607//1023 606//1023
f 249//342 703//342 705//342
f 251//300 706//300 707//300
f 251//300 247//300 706//300
f 253//301 707//301 703//301
f 253//301 703//301 249//301
f 253//301 251//301 707//301
f 247//301 145//301 608//301
f 247//301 608//301 607//301
f 253//454 249//454 708//454
f 253//454 708//454 709//454
f 251//455 709//455 710//455
f 251//614 253//614 709//614
f 247//456 710//456 711//456
f 247//456 251//456 710//456
f 712//50 713//50 714//50
f 715//148 713//148 712//148
f 712//44 716//44 715//44
f 714//36 717//36 718//36
f 713//148 717//148 714//148
f 716//134 719//134 715//134
f 717//37 720//37 718//37
f 716//37 721//37 719//37
f 722//37 723//37 724//37
f 725//37 723//37 722//37
f 724//37 726//37 722//37
f 722//36 726//36 727//36
f 725//36 728//36 723//36
f 729//36 728//36 725//36
f 726//36 730//36 727//36
f 727//36 730//36 731//36
f 729//36 732//36 728//36
f 733//37 732//37 729//37
f 730//37 734//37 731//37
f 733//37 735//37 732//37
f 734//36 736//36 731//36
f 737//36 736//36 734//36
f 733//36 738//36 735//36
f 739//36 738//36 721//36
f 721//36 738//36 733//36
f 735//37 738//37 740//37
f 731//36 741//36 720//36
f 736//37 741//37 731//37
f 720//37 742//37 718//37
f 741//36 742//36 720//36
f 716//37 743//37 721//37
f 721//37 743//37 739//37
f 741//1024 744//1024 742//1024
f 738//36 745//36 740//36
f 740//37 745//37 746//37
f 737//36 747//36 736//36
f 748//36 747//36 737//36
f 743//112 749//112 739//112
f 742//36 750//36 751//36
f 744//36 750//36 742//36
f 745//37 752//37 746//37
f 746//37 752//37 753//37
f 748//37 754//37 747//37
f 755//36 754//36 748//36
f 756//72 757//72 743//72
f 743//36 757//36 749//36
f 752//36 758//36 753//36
f 756//1025 759//1025 757//1025
f 756//37 760//37 759//37
f 761//58 762//58 750//58
f 750//76 762//76 751//76
f 754//36 763//36 764//36
f 755//37 763//37 754//37
f 758//37 765//37 753//37
f 761//151 766//151 762//151
f 766//72 767//72 762//72
f 760//36 768//36 759//36
f 759//37 768//37 769//37
f 766//76 770//76 767//76
f 763//37 771//37 764//37
f 764//37 771//37 772//37
f 758//36 773//36 765//36
f 774//37 773//37 758//37
f 766//76 775//76 770//76
f 766//99 776//99 775//99
f 768//148 777//148 769//148
f 776//37 778//37 775//37
f 776//42 779//42 778//42
f 780//37 779//37 776//37
f 781//36 782//36 774//36
f 774//36 782//36 773//36
f 771//36 783//36 772//36
f 772//36 783//36 780//36
f 780//37 784//37 779//37
f 783//37 784//37 780//37
f 781//37 785//37 782//37
f 786//36 787//36 788//36
f 787//37 789//37 788//37
f 790//36 789//36 791//36
f 788//36 789//36 790//36
f 786//37 792//37 787//37
f 793//36 792//36 786//36
f 789//37 794//37 791//37
f 791//36 794//36 795//36
f 781//36 796//36 785//36
f 777//36 796//36 781//36
f 793//36 796//36 792//36
f 785//37 796//37 793//37
f 794//36 797//36 795//36
f 795//36 797//36 784//36
f 777//36 798//36 796//36
f 799//76 800//76 797//76
f 784//36 800//36 779//36
f 797//36 800//36 784//36
f 799//36 801//36 800//36
f 799//290 802//290 801//290
f 799//36 803//36 802//36
f 803//42 804//42 802//42
f 803//36 708//36 804//36
f 798//92 711//92 805//92
f 711//112 806//112 805//112
f 711//1024 710//1024 806//1024
f 807//36 709//36 803//36
f 806//36 709//36 807//36
f 803//37 709//37 708//37
f 710//36 709//36 806//36
f 768//37 711//37 798//37
f 768//36 798//36 777//36
f 247//453 768//453 145//453
f 247//453 711//453 768//453
f 138//609 145//609 768//609
f 138//609 768//609 760//609
f 130//610 760//610 756//610
f 130//610 138//610 760//610
f 117//611 756//611 743//611
f 117//612 130//612 756//612
f 117//471 716//471 33//471
f 117//471 743//471 716//471
f 29//607 33//607 716//607
f 29//607 716//607 712//607
f 31//608 712//608 714//608
f 31//608 29//608 712//608
f 35//462 714//462 718//462
f 35//462 31//462 714//462
f 118//9 35//9 718//9
f 742//9 118//9 718//9
f 131//458 118//458 742//458
f 131//458 742//458 751//458
f 139//459 751//459 762//459
f 139//459 131//459 751//459
f 148//460 762//460 767//460
f 148//461 139//461 762//461
f 770//1026 669//1026 148//1026
f 770//520 148//520 767//520
f 779//1027 673//1027 778//1027
f 778//1028 671//1028 775//1028
f 673//1029 671//1029 778//1029
f 775//1030 670//1030 770//1030
f 671//1031 670//1031 775//1031
f 670//1032 669//1032 770//1032
f 808//574 673//574 809//574
f 810//457 673//457 808//457
f 779//457 811//457 812//457
f 779//457 812//457 813//457
f 779//574 813//574 809//574
f 779//457 809//457 673//457
f 814//457 700//457 673//457
f 814//574 810//574 811//574
f 814//457 673//457 810//457
f 815//457 700//457 814//457
f 816//457 811//457 779//457
f 816//457 814//457 811//457
f 817//574 700//574 815//574
f 800//457 818//457 819//457
f 800//457 819//457 816//457
f 800//457 816//457 779//457
f 800//574 700//574 817//574
f 800//574 817//574 818//574
f 700//1033 800//1033 702//1033
f 702//1034 801//1034 704//1034
f 800//1035 801//1035 702//1035
f 704//1036 802//1036 705//1036
f 801//1034 802//1034 704//1034
f 802//1037 804//1037 705//1037
f 708//574 249//574 705//574
f 708//520 705//520 804//520
f 808//1038 809//1038 820//1038
f 820//1038 809//1038 821//1038
f 821//453 813//453 822//453
f 809//453 813//453 821//453
f 822//1039 812//1039 823//1039
f 813//1040 812//1040 822//1040
f 823//1041 812//1041 824//1041
f 812//1042 811//1042 824//1042
f 825//1043 810//1043 820//1043
f 824//9 810//9 825//9
f 811//9 810//9 824//9
f 810//1043 808//1043 820//1043
f 823//1044 824//1044 826//1044
f 824//1045 825//1045 826//1045
f 825//1046 820//1046 826//1046
f 820//1047 821//1047 826//1047
f 821//1048 822//1048 826//1048
f 822//1049 823//1049 826//1049
f 815//1038 814//1038 827//1038
f 828//453 814//453 829//453
f 827//1038 814//1038 828//1038
f 829//1050 816//1050 830//1050
f 814//453 816//453 829//453
f 816//1040 819//1040 830//1040
f 819//1042 818//1042 830//1042
f 830//1041 818//1041 831//1041
f 832//1043 817//1043 827//1043
f 831//9 817//9 832//9
f 818//9 817//9 831//9
f 817//1043 815//1043 827//1043
f 830//1044 831//1044 833//1044
f 831//1045 832//1045 833//1045
f 832//1046 827//1046 833//1046
f 827//1047 828//1047 833//1047
f 828//1048 829//1048 833//1048
f 829//1049 830//1049 833//1049
f 834//1051 803//1051 835//1051
f 835//1052 803//1052 836//1052
f 836//1053 803//1053 837//1053
f 837//1054 803//1054 838//1054
f 838//1055 803//1055 839//1055
f 839//1056 799//1057 840//1058
f 840//1059 799//1059 841//1059
f 841//1060 799//1060 842//1060
f 842//1061 799//1061 843//1061
f 843//1062 799//1062 844//1062
f 844//1063 799//1063 845//1063
f 845//1064 799//1064 846//1064
f 846//1065 799//1065 847//1065
f 847//1066 799//1066 848//1066
f 848//1067 799//1067 849//1067
f 849//1068 799//1069 850//1070
f 803//1071 799//1072 839//1073
f 850//1074 797//1074 851//1074
f 851//1075 797//1075 852//1075
f 852//1076 797//1076 853//1076
f 853//1077 797//1077 854//1077
f 854//1078 797//1078 855//1078
f 855//1079 797//1079 856//1079
f 856//1080 797//1080 857//1080
f 857//1081 797//1081 858//1081
f 858//1082 797//1082 859//1082
f 859//1083 797//1083 860//1083
f 799//1084 797//1085 850//1086
f 860//1087 794//1088 861//1089
f 861//1090 794//1090 862//1090
f 862//1091 794//1091 863//1091
f 863//1092 794//1092 864//1092
f 864//1093 794//1093 865//1093
f 865//1094 794//1094 866//1094
f 866//1095 794//1095 867//1095
f 867//1096 794//1096 868//1096
f 868//1097 794//1097 869//1097
f 869//1098 794//1098 870//1098
f 870//1099 794//1100 871//1101
f 797//1102 794//1103 860//1104
f 871//1105 789//1105 872//1105
f 872//1106 789//1106 873//1106
f 794//1107 789//1108 871//1109
f 873//1110 789//1110 874//1110
f 874//1111 789//1111 875//1111
f 875//1112 789//1112 876//1112
f 876//1113 789//1113 877//1113
f 877//1114 789//1114 878//1114
f 878//1115 789//1115 879//1115
f 879//1116 789//1116 880//1116
f 880//1117 789//1117 881//1117
f 789//1118 787//1119 881//1120
f 881//1121 787//1122 882//1123
f 882//1124 787//1124 883//1124
f 883//1125 787//1125 884//1125
f 884//1126 787//1126 885//1126
f 885//1127 787//1127 886//1127
f 886//1128 787//1128 887//1128
f 887//1129 787//1129 888//1129
f 888//1130 787//1130 889//1130
f 889//1131 787//1131 890//1131
f 890//1132 787//1132 891//1132
f 891//1133 787//1134 892//1135
f 787//1136 792//1137 892//1138
f 892//1139 792//1139 893//1139
f 893//1140 792//1140 894//1140
f 894//1141 792//1141 895//1141
f 895//1142 792//1142 896//1142
f 896//1143 792//1143 897//1143
f 897//1144 792//1144 898//1144
f 898//1145 792//1145 899//1145
f 899//1146 792//1146 900//1146
f 900//1147 792//1147 901//1147
f 901//1148 792//1148 902//1148
f 902//1149 796//1150 903//1151
f 903//1152 796//1152 904//1152
f 904//1153 796//1153 905//1153
f 905//1154 796//1154 906//1154
f 906//1155 796//1155 907//1155
f 907//1156 796//1156 908//1156
f 908//1157 796//1157 909//1157
f 909//1158 796//1158 910//1158
f 910//1159 796//1159 911//1159
f 911//1160 796//1160 912//1160
f 912//1161 796//1162 913//1163
f 792//1164 796//1165 902//1166
f 913//1167 798//1167 914//1167
f 914//1168 798//1168 915//1168
f 915//1169 798//1169 916//1169
f 916//1170 798//1170 917//1170
f 917//1171 798//1171 918//1171
f 918//1172 798//1172 919//1172
f 919//1173 798//1173 920//1173
f 920//1174 798//1174 921//1174
f 921//1175 798//1175 922//1175
f 922//1176 798//1176 923//1176
f 796//1177 798//1178 913//1179
f 923//1180 805//1181 924//1182
f 924//1183 805//1183 925//1183
f 925//1184 805//1184 926//1184
f 926//1185 805//1185 927//1185
f 927//1186 805//1186 928//1186
f 928//1187 805//1187 929//1187
f 929//1188 805//1188 930//1188
f 930//1189 805//1189 931//1189
f 931//1190 805//1190 932//1190
f 932//1191 805//1191 933//1191
f 933//1192 805//1193 934//1194
f 798//1195 805//1196 923//1197
f 934//1198 806//1198 935//1198
f 935//1199 806//1199 936//1199
f 805//1200 806//1201 934//1202
f 936//1203 806//1203 937//1203
f 937//1204 806//1204 938//1204
f 938//1205 806//1205 939//1205
f 939//1206 806//1206 940//1206
f 940//1207 806//1207 941//1207
f 941//1208 806//1208 942//1208
f 942//1209 806//1209 943//1209
f 943//1210 806//1210 944//1210
f 806//1211 807//1212 944//1213
f 944//1214 807//1215 945//1216
f 945//1217 807//1217 946//1217
f 946//1218 807//1218 947//1218
f 947//1219 807//1219 948//1219
f 948//1220 807//1220 949//1220
f 949//1221 807//1221 950//1221
f 950//1222 807//1222 951//1222
f 951//1223 807//1223 952//1223
f 952//1224 807//1224 953//1224
f 953//1225 807//1225 954//1225
f 954//1226 807//1227 955//1228
f 807//1229 803//1230 955//1231
f 955//1232 803//1232 956//1232
f 956//1233 803//1233 957//1233
f 957//1234 803//1234 958//1234
f 958//1235 803//1235 959//1235
f 959//1236 803//1236 834//1236
f 960//100 849//100 850//100
f 961//1237 850//1237 851//1237
f 961//85 960//85 850//85
f 962//44 848//44 849//44
f 962//123 849//123 960//123
f 963//122 851//122 852//122
f 963//1238 961//1238 851//1238
f 964//50 847//50 848//50
f 964//98 848//98 962//98
f 965//1239 852//1239 853//1239
f 965//151 963//151 852//151
f 966//58 846//58 847//58
f 966//151 847//151 964//151
f 967//109 853//109 854//109
f 967//134 965//134 853//134
f 968//1240 845//1240 846//1240
f 968//134 846//134 966//134
f 969//72 854//72 855//1241
f 969//92 967//92 854//92
f 970//1237 844//1237 845//1237
f 970//98 845//98 968//98
f 971//1024 855//1024 856//1024
f 971//98 969//98 855//98
f 972//1242 843//1242 844//1242
f 972//51 844//51 970//51
f 973//273 971//273 856//273
f 973//85 856//85 857//85
f 974//1243 843//1243 972//1243
f 974//1244 842//1244 843//1244
f 975//1243 973//1243 857//1243
f 975//1245 857//1245 858//1245
f 976//72 841//72 842//72
f 976//93 842//93 974//93
f 977//1246 858//1246 859//1246
f 977//109 975//109 858//109
f 978//161 840//161 841//161
f 978//1238 841//1238 976//1238
f 979//37 977//37 859//37
f 979//1024 859//1024 860//1024
f 980//233 839//233 840//233
f 980//93 840//93 978//93
f 981//112 860//112 861//112
f 981//72 979//72 860//72
f 982//99 838//99 839//99
f 982//36 839//36 980//36
f 983//93 861//93 862//93
f 983//1237 981//1237 861//1237
f 984//1247 837//1247 838//1247
f 984//178 838//178 982//178
f 985//107 862//107 863//107
f 985//64 983//64 862//64
f 986//290 836//290 837//290
f 986//178 837//178 984//178
f 987//151 863//151 864//151
f 987//1237 985//1237 863//1237
f 988//198 835//198 836//198
f 988//96 836//96 986//96
f 989//93 864//93 865//93
f 989//49 987//49 864//49
f 990//58 834//58 835//58
f 990//1241 835//1241 988//1241
f 991//151 865//151 866//151
f 991//227 989//227 865//227
f 992//93 959//93 834//93
f 992//1241 834//1241 990//1241
f 993//1238 866//1238 867//1238
f 993//1248 991//1248 866//1248
f 994//209 958//209 959//209
f 994//151 959//151 992//151
f 995//112 867//112 868//112
f 995//99 993//99 867//99
f 996//1240 958//1240 994//1240
f 957//134 958//134 996//134
f 997//1245 995//1245 868//1245
f 869//161 997//161 868//161
f 998//1249 957//1249 996//1249
f 956//151 957//151 998//151
f 999//112 997//112 869//112
f 870//1250 999//1250 869//1250
f 1000//151 956//151 998//151
f 955//227 956//227 1000//227
f 1001//259 999//259 870//259
f 871//1239 1001//1239 870//1239
f 1002//1237 955//1237 1000//1237
f 954//42 955//42 1002//42
f 1003//117 1001//117 871//117
f 872//134 1003//134 871//134
f 1004//1251 954//1251 1002//1251
f 953//151 954//151 1004//151
f 1005//161 1003//161 872//161
f 873//1024 1005//1024 872//1024
f 1006//161 953//161 1004//161
f 952//1246 953//1246 1006//1246
f 1007//36 1005//36 873//36
f 874//198 1007//198 873//198
f 1008//109 952//109 1006//109
f 951//42 952//42 1008//42
f 1009//1025 1007//1025 874//1025
f 875//1252 1009//1252 874//1252
f 1010//1253 951//1253 1008//1253
f 950//189 951//189 1010//189
f 1011//1254 1009//1254 875//1254
f 876//1024 1011//1024 875//1024
f 1012//1025 950//1025 1010//1025
f 949//85 950//85 1012//85
f 1013//1250 1011//1250 876//1250
f 877//1252 1013//1252 876//1252
f 1014//85 949//85 1012//85
f 948//1251 949//1251 1014//1251
f 1015//85 1013//85 877//85
f 878//1255 1015//1255 877//1255
f 1016//36 948//36 1014//36
f 947//85 948//85 1016//85
f 1017//37 1015//37 878//37
f 879//151 1017//151 878//151
f 1018//37 947//37 1016//37
f 946//1246 947//1246 1018//1246
f 1019//151 1017//151 879//151
f 880//1243 1019//1243 879//1243
f 1020//161 946//161 1018//161
f 945//99 946//99 1020//99
f 1021//1248 1019//1248 880//1248
f 881//1246 1021//1246 880//1246
f 1022//1237 945//1237 1020//1237
f 1023//233 1021//233 881//233
f 944//1249 945//1249 1022//1249
f 1024//1237 944//1237 1022//1237
f 882//57 1023//57 881//57
f 1025//189 1023//189 882//189
f 943//189 944//189 1024//189
f 1026//73 943//73 1024//73
f 883//198 1025//198 882//198
f 1027//85 1025//85 883//85
f 942//85 943//85 1026//85
f 1028//198 942//198 1026//198
f 884//93 1027//93 883//93
f 1029//44 1027//44 884//44
f 941//205 942//205 1028//205
f 1030//172 941//172 1028//172
f 885//186 1029//186 884//186
f 1031//96 1029//96 885//96
f 940//1256 941//1256 1030//1256
f 1032//1025 940//1025 1030//1025
f 886//161 1031//161 885//161
f 1033//1257 1031//1257 886//1257
f 939//58 940//58 1032//58
f 1034//1245 939//1245 1032//1245
f 887//189 1033//189 886//189
f 1035//42 1033//42 887//42
f 938//76 939//76 1034//76
f 1036//1246 938//1246 1034//1246
f 888//99 1035//99 887//99
f 1037//189 1035//189 888//189
f 937//1258 938//1258 1036//1258
f 1038//85 937//85 1036//85
f 889//1243 1037//1243 888//1243
f 1039//85 1037//85 889//85
f 936//42 937//42 1038//42
f 1040//1238 936//1238 1038//1238
f 890//1259 1039//1259 889//1259
f 1041//1260 1039//1260 890//1260
f 935//42 936//42 1040//42
f 1042//227 935//227 1040//227
f 891//273 1041//273 890//273
f 1043//1241 1041//1241 891//1241
f 934//1237 935//1237 1042//1237
f 1044//189 934//189 1042//189
f 892//227 1043//227 891//227
f 1045//151 1043//151 892//151
f 933//122 934//122 1044//122
f 1046//85 933//85 1044//85
f 893//1247 1045//1247 892//1247
f 1047//198 1045//198 893//198
f 932//37 933//37 1046//37
f 1048//58 932//58 1046//58
f 894//151 1047//151 893//151
f 1049//42 1047//42 894//42
f 931//273 932//273 1048//273
f 931//1024 1048//1024 1050//1024
f 895//96 1049//96 894//96
f 895//227 1051//227 1049//227
f 930//227 931//227 1050//227
f 930//151 1050//151 1052//151
f 896//71 1051//71 895//71
f 896//114 1053//114 1051//114
f 929//36 930//36 1052//36
f 929//96 1052//96 1054//96
f 897//1251 1053//1251 896//1251
f 897//1241 1055//1241 1053//1241
f 928//85 1054//85 1056//85
f 928//186 929//186 1054//186
f 898//42 1055//42 897//42
f 898//122 1057//122 1055//122
f 927//107 1056//107 1058//107
f 927//161 928//161 1056//161
f 899//280 1057//280 898//280
f 899//122 1059//122 1057//122
f 926//1237 1058//1237 1060//1237
f 926//151 927//151 1058//151
f 900//178 1059//178 899//178
f 900//1261 1061//1261 1059//1261
f 925//50 1060//50 1062//50
f 925//1262 926//1262 1060//1262
f 901//1263 1063//1263 1061//1263
f 901//1025 1061//1025 900//1025
f 924//151 1062//151 1064//151
f 924//1238 925//1238 1062//1238
f 902//155 1065//155 1063//155
f 902//1252 1063//1252 901//1252
f 923//1246 1064//1246 1066//1246
f 923//50 924//50 1064//50
f 903//151 1067//151 1065//151
f 903//290 1065//290 902//290
f 922//85 1066//85 1068//85
f 922//37 923//37 1066//37
f 904//98 1069//98 1067//98
f 904//1243 1067//1243 903//1243
f 921//112 1068//112 1070//112
f 921//36 922//36 1068//36
f 905//1241 1071//1241 1069//1241
f 905//198 1069//198 904//198
f 920//1239 1070//1239 1072//1239
f 920//1238 921//1238 1070//1238
f 906//1264 1073//1264 1071//1264
f 906//93 1071//93 905//93
f 919//76 920//76 1072//76
f 919//92 1072//92 1074//92
f 907//1241 1075//1241 1073//1241
f 907//36 1073//36 906//36
f 918//92 919//92 1074//92
f 918//172 1074//172 1076//172
f 908//58 1075//58 907//58
f 908//233 1077//233 1075//233
f 917//1024 918//1024 1076//1024
f 917//36 1076//36 1078//36
f 909//49 1077//49 908//49
f 909//1024 1079//1024 1077//1024
f 916//1024 917//1024 1078//1024
f 916//42 1078//42 1080//42
f 910//1265 1079//1265 909//1265
f 910//161 1081//161 1079//161
f 915//1238 916//1238 1080//1238
f 915//53 1080//53 1082//53
f 911//227 1081//227 910//227
f 911//178 1083//178 1081//178
f 914//217 1082//217 1084//217
f 914//205 915//205 1082//205
f 912//215 1085//215 1083//215
f 912//1266 1083//1266 911//1266
f 913//1247 1085//1247 912//1247
f 913//161 1084//161 1085//161
f 913//85 914//85 1084//85
f 989//1267 991//1267 1086//1267
f 987//1268 989//1268 1086//1268
f 985//1269 987//1269 1086//1269
f 983//1270 985//1270 1086//1270
f 981//1271 983//1271 1086//1271
f 979//1272 1086//1273 1087//1274
f 979//1275 981//1275 1086//1275
f 977//1276 979//1277 1087//1278
f 975//1279 977//1279 1087//1279
f 973//1280 975//1280 1087//1280
f 971//1281 973//1281 1087//1281
f 969//1282 971//1282 1087//1282
f 967//1283 969//1283 1087//1283
f 965//1284 967//1284 1087//1284
f 963//1285 965//1285 1087//1285
f 961//1286 963//1286 1087//1286
f 960//1287 961//1287 1087//1287
f 962//1288 960//1288 1087//1288
f 964//1289 962//1289 1087//1289
f 966//1290 1087//1290 1088//1290
f 966//1291 964//1291 1087//1291
f 968//1292 966//1292 1088//1292
f 970//1293 968//1293 1088//1293
f 972//1294 970//1294 1088//1294
f 974//1295 972//1295 1088//1295
f 976//1296 974//1296 1088//1296
f 978//1297 976//1297 1088//1297
f 980//1298 978//1298 1088//1298
f 982//1299 980//1299 1088//1299
f 984//1300 982//1300 1088//1300
f 986//1301 984//1301 1088//1301
f 988//1302 986//1302 1088//1302
f 990//1303 988//1303 1088//1303
f 992//1304 1088//1304 1089//1304
f 992//1305 990//1305 1088//1305
f 994//1306 992//1306 1089//1306
f 996//1307 994//1307 1089//1307
f 998//1308 996//1308 1089//1308
f 1000//1309 998//1309 1089//1309
f 1002//1310 1000//1310 1089//1310
f 1004//1311 1002//1311 1089//1311
f 1006//1312 1004//1312 1089//1312
f 1008//1313 1006//1313 1089//1313
f 1010//1314 1008//1314 1089//1314
f 1012//1315 1010//1315 1089//1315
f 1014//1316 1012//1316 1089//1316
f 1016//1317 1089//1317 1090//1317
f 1016//1318 1014//1318 1089//1318
f 1018//1319 1016//1319 1090//1319
f 1020//1320 1018//1320 1090//1320
f 1022//1321 1020//1321 1090//1321
f 1024//1322 1022//1322 1090//1322
f 1026//1323 1024//1323 1090//1323
f 1028//1324 1026//1324 1090//1324
f 1030//1325 1028//1325 1090//1325
f 1032//1326 1030//1326 1090//1326
f 1034//1327 1032//1327 1090//1327
f 1036//1328 1034//1328 1090//1328
f 1038//1329 1036//1329 1090//1329
f 1040//1330 1038//1330 1090//1330
f 1042//1331 1090//1332 1091//1333
f 1042//1334 1040//1335 1090//1336
f 1044//1337 1042//1337 1091//1337
f 1046//1338 1044//1338 1091//1338
f 1048//1339 1046//1339 1091//1339
f 1050//1340 1048//1340 1091//1340
f 1052//1341 1050//1341 1091//1341
f 1054//1342 1052//1342 1091//1342
f 1056//1343 1054//1343 1091//1343
f 1058//1344 1056//1344 1091//1344
f 1060//1345 1058//1345 1091//1345
f 1062//1346 1060//1346 1091//1346
f 1064//1347 1062//1347 1091//1347
f 1066//1348 1091//1349 1092//1350
f 1066//1351 1064//1351 1091//1351
f 1068//1352 1066//1353 1092//1354
f 1070//1355 1068//1355 1092//1355
f 1072//1356 1070//1356 1092//1356
f 1074//1357 1072//1357 1092//1357
f 1076//1358 1074//1358 1092//1358
f 1078//1359 1076//1359 1092//1359
f 1080//1360 1078//1360 1092//1360
f 1082//1361 1080//1361 1092//1361
f 1084//1362 1082//1362 1092//1362
f 1085//1363 1084//1363 1092//1363
f 1083//1364 1085//1364 1092//1364
f 1081//1365 1083//1365 1092//1365
f 1079//1366 1092//1366 1093//1366
f 1079//1367 1081//1367 1092//1367
f 1077//1368 1079//1368 1093//1368
f 1075//1369 1077//1369 1093//1369
f 1073//1370 1075//1370 1093//1370
f 1071//1371 1073//1371 1093//1371
f 1069//1372 1071//1372 1093//1372
f 1067//1373 1069//1373 1093//1373
f 1065//1374 1067//1374 1093//1374
f 1063//1375 1065//1375 1093//1375
f 1061//1376 1063//1376 1093//1376
f 1059//1377 1061//1377 1093//1377
f 1057//1378 1059//1378 1093//1378
f 1055//1379 1057//1379 1093//1379
f 1053//1380 1093//1380 1094//1380
f 1053//1381 1055//1381 1093//1381
f 1051//1382 1053//1382 1094//1382
f 1049//1383 1051//1383 1094//1383
f 1047//1384 1049//1384 1094//1384
f 1045//1385 1047//1385 1094//1385
f 1043//1386 1045//1386 1094//1386
f 1041//1387 1043//1387 1094//1387
f 1039//1388 1041//1388 1094//1388
f 1037//1389 1039//1389 1094//1389
f 1035//1390 1037//1390 1094//1390
f 1033//1391 1035//1391 1094//1391
f 1031//1392 1033//1392 1094//1392
f 1029//1393 1094//1393 1095//1393
f 1029//1394 1031//1394 1094//1394
f 1027//1395 1029//1395 1095//1395
f 1025//1396 1027//1396 1095//1396
f 1023//1397 1025//1397 1095//1397
f 1021//1398 1023//1398 1095//1398
f 1019//1399 1021//1399 1095//1399
f 1017//1400 1019//1400 1095//1400
f 1015//1401 1017//1401 1095//1401
f 1013//1402 1015//1402 1095//1402
f 1011//1403 1013//1403 1095//1403
f 1009//1404 1011//1404 1095//1404
f 1007//1405 1009//1405 1095//1405
f 1005//1406 1007//1406 1095//1406
f 1003//1407 1095//1408 1086//1409
f 1003//1410 1005//1411 1095//1412
f 1001//1413 1003//1413 1086//1413
f 999//1414 1001//1414 1086//1414
f 997//1415 999//1415 1086//1415
f 995//1416 997//1416 1086//1416
f 993//1417 995//1417 1086//1417
f 991//1418 993//1418 1086//1418
f 1092//1419 1091//1419 1096//1419
f 1092//1420 1096//1420 1097//1420
f 1093//1421 1097//1421 1098//1421
f 1093//1422 1092//1422 1097//1422
f 1094//1423 1098//1423 1099//1423
f 1094//1424 1093//1424 1098//1424
f 1095//1425 1099//1425 1100//1425
f 1095//1426 1094//1426 1099//1426
f 1101//1427 1095//1427 1100//1427
f 1086//1428 1095//1428 1101//1428
f 1087//1429 1086//1429 1101//1429
f 1087//1430 1101//1430 1102//1430
f 1088//1431 1102//1431 1103//1431
f 1088//1432 1087//1432 1102//1432
f 1089//1433 1103//1433 1104//1433
f 1089//1434 1088//1434 1103//1434
f 1090//1435 1104//1435 1105//1435
f 1090//1436 1089//1436 1104//1436
f 1091//1437 1105//1437 1096//1437
f 1091//1438 1090//1438 1105//1438
f 1106//36 1098//36 1097//36
f 1107//37 1098//37 1106//37
f 1108//36 1097//36 1096//36
f 1108//36 1106//36 1097//36
f 1099//36 1098//36 1107//36
f 1105//36 1108//36 1096//36
f 1109//37 1099//37 1107//37
f 1110//36 1108//36 1105//36
f 1100//37 1099//37 1109//37
f 1104//36 1110//36 1105//36
f 1111//36 1100//36 1109//36
f 1112//37 1110//37 1104//37
f 1101//37 1100//37 1111//37
f 1103//36 1113//36 1112//36
f 1103//37 1112//37 1104//37
f 1102//37 1111//37 1113//37
f 1102//36 1101//36 1111//36
f 1102//36 1113//36 1103//36
f 1108//1439 1114//1439 1115//1439
f 1108//1440 1110//1440 1114//1440
f 1110//1441 1112//1441 1116//1441
f 1112//1442 1113//1442 1116//1442
f 1117//1443 1111//1443 1118//1443
f 1113//1444 1111//1444 1117//1444
f 1116//1445 1114//1445 1110//1445
f 1117//1446 1116//1446 1113//1446
f 1119//453 1120//453 1118//453
f 1118//453 1121//453 1117//453
f 1120//453 1121//453 1118//453
f 1117//1447 1121//1447 1116//1447
f 1116//1447 1121//1447 1122//1447
f 1116//1448 1122//1448 1114//1448
f 1114//1448 1122//1448 1123//1448
f 1114//9 1123//9 1115//9
f 1115//9 1124//9 1125//9
f 1123//9 1124//9 1115//9
f 1111//1449 1119//1449 1118//1449
f 1111//1450 1109//1450 1119//1450
f 1109//1451 1107//1451 1126//1451
f 1107//1452 1106//1452 1126//1452
f 1125//1453 1108//1453 1115//1453
f 1106//1454 1108//1454 1125//1454
f 1125//1455 1126//1455 1106//1455
f 1126//1456 1119//1456 1109//1456
f 1127//1457 1126//1457 1124//1457
f 1124//1457 1126//1457 1125//1457
f 1120//1458 1119//1458 1127//1458
f 1127//1458 1119//1458 1126//1458
f 1122//37 1128//37 1123//37
f 1123//36 1128//36 1129//36
f 1123//36 1130//36 1124//36
f 1129//100 1130//100 1123//100
f 1128//37 1121//37 1131//37
f 1122//36 1121//36 1128//36
f 1130//37 1132//37 1124//37
f 1132//99 1127//99 1124//99
f 1121//36 1133//36 1131//36
f 1133//37 1120//37 1132//37
f 1121//36 1120//36 1133//36
f 1132//1239 1120//1239 1127//1239
f 1128//1459 1134//1459 1135//1459
f 1128//1460 1131//1460 1134//1460
f 1131//1461 1136//1461 1134//1461
f 1131//1462 1133//1462 1136//1462
f 1133//1463 1137//1463 1136//1463
f 1133//1464 1132//1464 1137//1464
f 1132//1465 1138//1465 1137//1465
f 1132//1466 1130//1466 1138//1466
f 1130//1467 1139//1467 1138//1467
f 1130//1468 1129//1468 1139//1468
f 1139//1469 1128//1469 1135//1469
f 1129//1470 1128//1470 1139//1470
f 1137//1457 1138//1457 1140//1457
f 1140//1457 1138//1457 1141//1457
f 1141//9 1139//9 1142//9
f 1138//9 1139//9 1141//9
f 1142//1471 1135//1471 1143//1471
f 1139//1448 1135//1448 1142//1448
f 1135//1447 1134//1447 1143//1447
f 1143//1447 1134//1447 1144//1447
f 1144//453 1136//453 1145//453
f 1134//453 1136//453 1144//453
f 1145//1458 1137//1458 1140//1458
f 1136//1458 1137//1458 1145//1458
f 1143//1472 1144//1472 1146//1472
f 1144//1473 1145//1473 1146//1473
f 1145//1474 1140//1474 1146//1474
f 1140//1475 1141//1475 1146//1475
f 1141//1476 1142//1476 1146//1476
f 1142//1477 1143//1477 1146//1477
f 1147//1478 774//1478 1148//1478
f 1148//1479 774//1479 1149//1479
f 1149//1480 774//1480 1150//1480
f 1150//1481 774//1481 1151//1481
f 1151//1482 774//1482 1152//1482
f 1152//1056 758//1483 1153//1484
f 1153//1485 758//1485 1154//1485
f 1154//1486 758//1486 1155//1486
f 1155//1487 758//1487 1156//1487
f 1156//1062 758//1062 1157//1062
f 1157//1488 758//1488 1158//1488
f 1158//1064 758//1064 1159//1064
f 1159//1489 758//1489 1160//1489
f 1160//1066 758//1066 1161//1066
f 1161//1490 758//1490 1162//1490
f 1162//1491 758//1492 1163//1070
f 774//1071 758//1493 1152//1494
f 1163//1495 752//1495 1164//1495
f 1164//1496 752//1496 1165//1496
f 1165//1497 752//1497 1166//1497
f 1166//1498 752//1498 1167//1498
f 1167//1499 752//1499 1168//1499
f 1168//1500 752//1500 1169//1500
f 1169//1501 752//1501 1170//1501
f 1170//1502 752//1502 1171//1502
f 1171//1503 752//1503 1172//1503
f 1172//1504 752//1504 1173//1504
f 758//1505 752//1085 1163//1506
f 1173//1507 745//1508 1174//1509
f 1174//1510 745//1510 1175//1510
f 1175//1091 745//1091 1176//1091
f 1176//1511 745//1511 1177//1511
f 1177//1512 745//1512 1178//1512
f 1178//1513 745//1513 1179//1513
f 1179//1095 745//1095 1180//1095
f 1180//1096 745//1096 1181//1096
f 1181//1097 745//1097 1182//1097
f 1182//1514 745//1514 1183//1514
f 1183//1515 745//1516 1184//1101
f 752//1102 745//1103 1173//1104
f 1184//1105 738//1105 1185//1105
f 1185//1517 738//1517 1186//1517
f 745//1518 738//1108 1184//1109
f 1186//1519 738//1519 1187//1519
f 1187//1520 738//1520 1188//1520
f 1188//1521 738//1521 1189//1521
f 1189//1522 738//1522 1190//1522
f 1190//1114 738//1114 1191//1114
f 1191//1523 738//1523 1192//1523
f 1192//1524 738//1524 1193//1524
f 1193//1525 738//1525 1194//1525
f 738//1118 739//1526 1194//1527
f 1194//1528 739//1529 1195//1123
f 1195//1530 739//1530 1196//1530
f 1196//1531 739//1531 1197//1531
f 1197//1532 739//1532 1198//1532
f 1198//1127 739//1127 1199//1127
f 1199//1533 739//1533 1200//1533
f 1200//1129 739//1129 1201//1129
f 1201//1534 739//1534 1202//1534
f 1202//1535 739//1535 1203//1535
f 1203//1536 739//1536 1204//1536
f 1204//1537 739//1538 1205//1539
f 739//1136 749//1137 1205//1138
f 1205//1540 749//1540 1206//1540
f 1206//1541 749//1541 1207//1541
f 1207//1542 749//1542 1208//1542
f 1208//1543 749//1543 1209//1543
f 1209//1544 749//1544 1210//1544
f 1210//1144 749//1144 1211//1144
f 1211//1545 749//1545 1212//1545
f 1212//1546 749//1546 1213//1546
f 1213//1547 749//1547 1214//1547
f 1214//1548 749//1548 1215//1548
f 1215//1149 757//1549 1216//1550
f 1216//1551 757//1551 1217//1551
f 1217//1153 757//1153 1218//1153
f 1218//1552 757//1552 1219//1552
f 1219//1553 757//1553 1220//1553
f 1220//1156 757//1156 1221//1156
f 1221//1554 757//1554 1222//1554
f 1222//1555 757//1555 1223//1555
f 1223//1159 757//1159 1224//1159
f 1224//1556 757//1556 1225//1556
f 1225//1557 757//1558 1226//1163
f 749//1164 757//1559 1215//1560
f 1226//1561 759//1561 1227//1561
f 1227//1562 759//1562 1228//1562
f 1228//1169 759//1169 1229//1169
f 1229//1563 759//1563 1230//1563
f 1230//1564 759//1564 1231//1564
f 1231//1565 759//1565 1232//1565
f 1232//1566 759//1566 1233//1566
f 1233//1174 759//1174 1234//1174
f 1234//1175 759//1175 1235//1175
f 1235//1567 759//1567 1236//1567
f 757//1568 759//1178 1226//1179
f 1236//1569 769//1181 1237//1570
f 1237//1183 769//1183 1238//1183
f 1238//1571 769//1571 1239//1571
f 1239//1572 769//1572 1240//1572
f 1240//1573 769//1573 1241//1573
f 1241//1574 769//1574 1242//1574
f 1242//1575 769//1575 1243//1575
f 1243//1189 769//1189 1244//1189
f 1244//1190 769//1190 1245//1190
f 1245//1191 769//1191 1246//1191
f 1246//1576 769//1577 1247//1194
f 759//1195 769//1196 1236//1197
f 1247//1198 777//1198 1248//1198
f 1248//1578 777//1578 1249//1578
f 769//1579 777//1201 1247//1202
f 1249//1580 777//1580 1250//1580
f 1250//1581 777//1581 1251//1581
f 1251//1582 777//1582 1252//1582
f 1252//1583 777//1583 1253//1583
f 1253//1584 777//1584 1254//1584
f 1254//1208 777//1208 1255//1208
f 1255//1209 777//1209 1256//1209
f 1256//1585 777//1585 1257//1585
f 777//1586 781//1212 1257//1213
f 1257//1587 781//1215 1258//1588
f 1258//1589 781//1589 1259//1589
f 1259//1590 781//1590 1260//1590
f 1260//1591 781//1591 1261//1591
f 1261//1592 781//1592 1262//1592
f 1262//1593 781//1593 1263//1593
f 1263//1594 781//1594 1264//1594
f 1264//1223 781//1223 1265//1223
f 1265//1595 781//1595 1266//1595
f 1266//1596 781//1596 1267//1596
f 1267//1597 781//1598 1268//1599
f 781//1600 774//1230 1268//1601
f 1268//1602 774//1602 1269//1602
f 1269//1603 774//1603 1270//1603
f 1270//1604 774//1604 1271//1604
f 1271//1605 774//1605 1272//1605
f 1272//1606 774//1606 1147//1606
f 1273//155 1162//155 1163//155
f 1274//227 1163//227 1164//227
f 1274//1256 1273//1256 1163//1256
f 1275//93 1161//93 1162//93
f 1275//50 1162//50 1273//50
f 1276//134 1164//134 1165//134
f 1276//98 1274//98 1164//98
f 1277//268 1160//268 1161//268
f 1277//45 1161//45 1275//45
f 1278//1607 1165//1607 1166//1607
f 1278//36 1276//36 1165//36
f 1279//1024 1159//1024 1160//1024
f 1279//58 1160//58 1277//58
f 1280//1608 1166//1608 1167//1608
f 1280//161 1278//161 1166//161
f 1281//1609 1158//1609 1159//1609
f 1281//273 1159//273 1279//273
f 1282//1237 1167//1237 1168//1237
f 1282//99 1280//99 1167//99
f 1283//85 1157//85 1158//85
f 1283//1024 1158//1024 1281//1024
f 1284//198 1168//198 1169//198
f 1284//1025 1282//1025 1168//1025
f 1285//280 1156//280 1157//280
f 1285//1024 1157//1024 1283//1024
f 1286//1239 1169//1239 1170//1239
f 1286//1245 1284//1245 1169//1245
f 1287//120 1156//120 1285//120
f 1287//1241 1155//1241 1156//1241
f 1288//42 1286//42 1170//42
f 1288//58 1170//58 1171//58
f 1289//172 1154//172 1155//172
f 1289//1610 1155//1610 1287//1610
f 1290//233 1288//233 1171//233
f 1290//268 1171//268 1172//268
f 1291//198 1153//198 1154//198
f 1291//93 1154//93 1289//93
f 1292//100 1290//100 1172//100
f 1292//1024 1172//1024 1173//1024
f 1293//108 1153//108 1291//108
f 1293//92 1152//92 1153//92
f 1294//72 1292//72 1173//72
f 1294//50 1173//50 1174//50
f 1295//227 1151//227 1152//227
f 1295//134 1152//134 1293//134
f 1296//189 1174//189 1175//189
f 1296//76 1294//76 1174//76
f 1297//233 1150//233 1151//233
f 1297//151 1151//151 1295//151
f 1298//51 1175//51 1176//51
f 1298//1262 1296//1262 1175//1262
f 1299//198 1149//198 1150//198
f 1299//1261 1150//1261 1297//1261
f 1300//259 1176//259 1177//259
f 1300//210 1298//210 1176//210
f 1301//117 1148//117 1149//117
f 1301//96 1149//96 1299//96
f 1302//57 1177//57 1178//57
f 1302//43 1300//43 1177//43
f 1303//68 1147//68 1148//68
f 1303//1238 1148//1238 1301//1238
f 1304//252 1178//252 1179//252
f 1304//290 1302//290 1178//290
f 1305//233 1272//233 1147//233
f 1305//36 1147//36 1303//36
f 1306//1260 1179//1260 1180//1260
f 1306//85 1304//85 1179//85
f 1307//1256 1271//1256 1272//1256
f 1307//227 1272//227 1305//227
f 1308//92 1180//92 1181//92
f 1308//227 1306//227 1180//227
f 1309//109 1271//109 1307//109
f 1270//189 1271//189 1309//189
f 1310//96 1308//96 1181//96
f 1182//1024 1310//1024 1181//1024
f 1311//85 1270//85 1309//85
f 1269//189 1270//189 1311//189
f 1312//233 1310//233 1182//233
f 1183//238 1312//238 1182//238
f 1313//134 1269//134 1311//134
f 1268//58 1269//58 1313//58
f 1314//109 1312//109 1183//109
f 1184//1024 1314//1024 1183//1024
f 1315//123 1268//123 1313//123
f 1267//112 1268//112 1315//112
f 1316//58 1314//58 1184//58
f 1185//155 1316//155 1184//155
f 1317//92 1267//92 1315//92
f 1266//53 1267//53 1317//53
f 1318//50 1316//50 1185//50
f 1186//1024 1318//1024 1185//1024
f 1319//1237 1266//1237 1317//1237
f 1265//151 1266//151 1319//151
f 1320//93 1318//93 1186//93
f 1187//1024 1320//1024 1186//1024
f 1321//36 1265//36 1319//36
f 1264//42 1265//42 1321//42
f 1322//1243 1320//1243 1187//1243
f 1188//273 1322//273 1187//273
f 1323//198 1264//198 1321//198
f 1263//72 1264//72 1323//72
f 1324//189 1322//189 1188//189
f 1189//44 1324//44 1188//44
f 1325//58 1263//58 1323//58
f 1262//99 1263//99 1325//99
f 1326//1257 1324//1257 1189//1257
f 1190//1024 1326//1024 1189//1024
f 1327//58 1262//58 1325//58
f 1261//52 1262//52 1327//52
f 1328//42 1326//42 1190//42
f 1191//189 1328//189 1190//189
f 1329//85 1261//85 1327//85
f 1260//93 1261//93 1329//93
f 1330//1611 1328//1611 1191//1611
f 1192//1265 1330//1265 1191//1265
f 1331//147 1260//147 1329//147
f 1259//76 1260//76 1331//76
f 1332//85 1330//85 1192//85
f 1193//99 1332//99 1192//99
f 1333//92 1259//92 1331//92
f 1258//1238 1259//1238 1333//1238
f 1334//227 1332//227 1193//227
f 1194//58 1334//58 1193//58
f 1335//1250 1258//1250 1333//1250
f 1336//273 1334//273 1194//273
f 1257//1265 1258//1265 1335//1265
f 1337//280 1257//280 1335//280
f 1195//73 1336//73 1194//73
f 1338//1024 1336//1024 1195//1024
f 1256//227 1257//227 1337//227
f 1339//151 1256//151 1337//151
f 1196//1612 1338//1612 1195//1612
f 1340//189 1338//189 1196//189
f 1255//58 1256//58 1339//58
f 1341//50 1255//50 1339//50
f 1197//92 1340//92 1196//92
f 1342//85 1340//85 1197//85
f 1254//100 1255//100 1341//100
f 1343//92 1254//92 1341//92
f 1198//44 1342//44 1197//44
f 1344//92 1342//92 1198//92
f 1253//1258 1254//1258 1343//1258
f 1345//92 1253//92 1343//92
f 1199//1243 1344//1243 1198//1243
f 1346//36 1344//36 1199//36
f 1252//1024 1253//1024 1345//1024
f 1347//1259 1252//1259 1345//1259
f 1200//1608 1346//1608 1199//1608
f 1348//151 1346//151 1200//151
f 1251//1252 1252//1252 1347//1252
f 1349//45 1251//45 1347//45
f 1201//92 1348//92 1200//92
f 1350//151 1348//151 1201//151
f 1250//1252 1251//1252 1349//1252
f 1351//1243 1250//1243 1349//1243
f 1202//37 1350//37 1201//37
f 1352//58 1350//58 1202//58
f 1249//73 1250//73 1351//73
f 1353//85 1249//85 1351//85
f 1203//85 1352//85 1202//85
f 1354//151 1352//151 1203//151
f 1248//65 1249//65 1353//65
f 1355//172 1248//172 1353//172
f 1204//92 1354//92 1203//92
f 1356//121 1354//121 1204//121
f 1247//134 1248//134 1355//134
f 1357//92 1247//92 1355//92
f 1205//1237 1356//1237 1204//1237
f 1358//1259 1356//1259 1205//1259
f 1246//1613 1247//1613 1357//1613
f 1359//189 1246//189 1357//189
f 1206//1614 1358//1614 1205//1614
f 1360//45 1358//45 1206//45
f 1245//58 1246//58 1359//58
f 1361//76 1245//76 1359//76
f 1207//1237 1360//1237 1206//1237
f 1362//1243 1360//1243 1207//1243
f 1244//273 1361//273 1363//273
f 1244//120 1245//120 1361//120
f 1208//37 1362//37 1207//37
f 1208//109 1364//109 1362//109
f 1243//227 1244//227 1363//227
f 1243//71 1363//71 1365//71
f 1209//1025 1364//1025 1208//1025
f 1209//50 1366//50 1364//50
f 1242//186 1243//186 1365//186
f 1242//151 1365//151 1367//151
f 1210//1237 1366//1237 1209//1237
f 1210//112 1368//112 1366//112
f 1241//1615 1367//1615 1369//1615
f 1241//178 1242//178 1367//178
f 1211//58 1368//58 1210//58
f 1211//227 1370//227 1368//227
f 1240//1243 1369//1243 1371//1243
f 1240//42 1241//42 1369//42
f 1212//1243 1370//1243 1211//1243
f 1212//50 1372//50 1370//50
f 1239//189 1371//189 1373//189
f 1239//192 1240//192 1371//192
f 1213//51 1372//51 1212//51
f 1213//98 1374//98 1372//98
f 1238//51 1373//51 1375//51
f 1238//98 1239//98 1373//98
f 1214//198 1376//198 1374//198
f 1214//100 1374//100 1213//100
f 1237//85 1375//85 1377//85
f 1237//273 1238//273 1375//273
f 1215//183 1378//183 1376//183
f 1215//1245 1376//1245 1214//1245
f 1236//179 1377//179 1379//179
f 1236//53 1237//53 1377//53
f 1216//122 1380//122 1378//122
f 1216//37 1378//37 1215//37
f 1235//1246 1379//1246 1381//1246
f 1235//1254 1236//1254 1379//1254
f 1217//72 1382//72 1380//72
f 1217//1248 1380//1248 1216//1248
f 1234//76 1381//76 1383//76
f 1234//36 1235//36 1381//36
f 1218//1237 1384//1237 1382//1237
f 1218//1616 1382//1616 1217//1616
f 1233//58 1383//58 1385//58
f 1233//58 1234//58 1383//58
f 1219//37 1386//37 1384//37
f 1219//1024 1384//1024 1218//1024
f 1232//1024 1233//1024 1385//1024
f 1232//42 1385//42 1387//42
f 1220//161 1388//161 1386//161
f 1220//42 1386//42 1219//42
f 1231//72 1232//72 1387//72
f 1231//239 1387//239 1389//239
f 1221//151 1388//151 1220//151
f 1221//233 1390//233 1388//233
f 1230//134 1231//134 1389//134
f 1230//85 1389//85 1391//85
f 1222//50 1390//50 1221//50
f 1222//215 1392//215 1390//215
f 1229//239 1230//239 1391//239
f 1229//227 1391//227 1393//227
f 1223//76 1392//76 1222//76
f 1223//73 1394//73 1392//73
f 1228//44 1229//44 1393//44
f 1228//215 1393//215 1395//215
f 1224//36 1394//36 1223//36
f 1224//1616 1396//1616 1394//1616
f 1227//1254 1395//1254 1397//1254
f 1227//37 1228//37 1395//37
f 1225//1248 1396//1248 1224//1248
f 1225//1025 1398//1025 1396//1025
f 1226//1243 1398//1243 1225//1243
f 1226//50 1397//50 1398//50
f 1226//58 1227//58 1397//58
f 1302//1617 1304//1617 1399//1617
f 1300//1618 1302//1618 1399//1618
f 1298//1269 1300//1269 1399//1269
f 1296//1619 1298//1619 1399//1619
f 1294//1620 1296//1620 1399//1620
f 1292//1621 1399//1273 1400//1622
f 1292//1623 1294//1623 1399//1623
f 1290//1624 1292//1625 1400//1626
f 1288//1627 1290//1627 1400//1627
f 1286//1628 1288//1628 1400//1628
f 1284//1629 1286//1629 1400//1629
f 1282//1630 1284//1630 1400//1630
f 1280//1631 1282//1631 1400//1631
f 1278//1632 1280//1632 1400//1632
f 1276//1633 1278//1633 1400//1633
f 1274//1634 1276//1634 1400//1634
f 1273//1287 1274//1287 1400//1287
f 1275//1635 1273//1635 1400//1635
f 1277//1636 1275//1636 1400//1636
f 1279//1290 1400//1290 1401//1290
f 1279//1637 1277//1637 1400//1637
f 1281//1292 1279//1292 1401//1292
f 1283//1638 1281//1638 1401//1638
f 1285//1639 1283//1639 1401//1639
f 1287//1640 1285//1640 1401//1640
f 1289//1641 1287//1641 1401//1641
f 1291//1642 1289//1642 1401//1642
f 1293//1643 1291//1643 1401//1643
f 1295//1644 1293//1644 1401//1644
f 1297//1300 1295//1300 1401//1300
f 1299//1301 1297//1301 1401//1301
f 1301//1302 1299//1302 1401//1302
f 1303//1645 1301//1645 1401//1645
f 1305//1304 1401//1304 1402//1304
f 1305//1646 1303//1646 1401//1646
f 1307//1647 1305//1647 1402//1647
f 1309//1648 1307//1648 1402//1648
f 1311//1649 1309//1649 1402//1649
f 1313//1650 1311//1650 1402//1650
f 1315//1310 1313//1310 1402//1310
f 1317//1651 1315//1651 1402//1651
f 1319//1652 1317//1652 1402//1652
f 1321//1653 1319//1653 1402//1653
f 1323//1654 1321//1654 1402//1654
f 1325//1655 1323//1655 1402//1655
f 1327//1656 1325//1656 1402//1656
f 1329//1657 1402//1657 1403//1657
f 1329//1658 1327//1658 1402//1658
f 1331//1659 1329//1659 1403//1659
f 1333//1660 1331//1660 1403//1660
f 1335//1661 1333//1661 1403//1661
f 1337//1662 1335//1662 1403//1662
f 1339//1663 1337//1663 1403//1663
f 1341//1664 1339//1664 1403//1664
f 1343//1665 1341//1665 1403//1665
f 1345//1666 1343//1666 1403//1666
f 1347//1667 1345//1667 1403//1667
f 1349//1668 1347//1668 1403//1668
f 1351//1669 1349//1669 1403//1669
f 1353//1330 1351//1330 1403//1330
f 1355//1670 1403//1671 1404//1333
f 1355//1672 1353//1673 1403//1674
f 1357//1675 1355//1675 1404//1675
f 1359//1676 1357//1676 1404//1676
f 1361//1677 1359//1677 1404//1677
f 1363//1678 1361//1678 1404//1678
f 1365//1679 1363//1679 1404//1679
f 1367//1680 1365//1680 1404//1680
f 1369//1681 1367//1681 1404//1681
f 1371//1682 1369//1682 1404//1682
f 1373//1683 1371//1683 1404//1683
f 1375//1684 1373//1684 1404//1684
f 1377//1685 1375//1685 1404//1685
f 1379//1686 1404//1687 1405//1350
f 1379//1688 1377//1688 1404//1688
f 1381//1689 1379//1690 1405//1691
f 1383//1355 1381//1355 1405//1355
f 1385//1692 1383//1692 1405//1692
f 1387//1693 1385//1693 1405//1693
f 1389//1694 1387//1694 1405//1694
f 1391//1695 1389//1695 1405//1695
f 1393//1696 1391//1696 1405//1696
f 1395//1697 1393//1697 1405//1697
f 1397//1698 1395//1698 1405//1698
f 1398//1363 1397//1363 1405//1363
f 1396//1699 1398//1699 1405//1699
f 1394//1700 1396//1700 1405//1700
f 1392//1701 1405//1701 1406//1701
f 1392//1367 1394//1367 1405//1367
f 1390//1702 1392//1702 1406//1702
f 1388//1703 1390//1703 1406//1703
f 1386//1704 1388//1704 1406//1704
f 1384//1705 1386//1705 1406//1705
f 1382//1706 1384//1706 1406//1706
f 1380//1707 1382//1707 1406//1707
f 1378//1708 1380//1708 1406//1708
f 1376//1709 1378//1709 1406//1709
f 1374//1710 1376//1710 1406//1710
f 1372//1711 1374//1711 1406//1711
f 1370//1712 1372//1712 1406//1712
f 1368//1713 1370//1713 1406//1713
f 1366//1380 1406//1380 1407//1380
f 1366//1714 1368//1714 1406//1714
f 1364//1715 1366//1715 1407//1715
f 1362//1383 1364//1383 1407//1383
f 1360//1716 1362//1716 1407//1716
f 1358//1717 1360//1717 1407//1717
f 1356//1718 1358//1718 1407//1718
f 1354//1719 1356//1719 1407//1719
f 1352//1388 1354//1388 1407//1388
f 1350//1720 1352//1720 1407//1720
f 1348//1390 1350//1390 1407//1390
f 1346//1721 1348//1721 1407//1721
f 1344//1722 1346//1722 1407//1722
f 1342//1393 1407//1393 1408//1393
f 1342//1723 1344//1723 1407//1723
f 1340//1724 1342//1724 1408//1724
f 1338//1396 1340//1396 1408//1396
f 1336//1725 1338//1725 1408//1725
f 1334//1726 1336//1726 1408//1726
f 1332//1727 1334//1727 1408//1727
f 1330//1728 1332//1728 1408//1728
f 1328//1729 1330//1729 1408//1729
f 1326//1730 1328//1730 1408//1730
f 1324//1731 1326//1731 1408//1731
f 1322//1732 1324//1732 1408//1732
f 1320//1733 1322//1733 1408//1733
f 1318//1734 1320//1734 1408//1734
f 1316//1735 1408//1408 1399//1736
f 1316//1410 1318//1737 1408//1738
f 1314//1739 1316//1739 1399//1739
f 1312//1414 1314//1414 1399//1414
f 1310//1740 1312//1740 1399//1740
f 1308//1741 1310//1741 1399//1741
f 1306//1742 1308//1742 1399//1742
f 1304//1743 1306//1743 1399//1743
f 1405//1744 1404//1744 1409//1744
f 1405//1420 1409//1420 1410//1420
f 1406//1421 1410//1421 1411//1421
f 1406//1745 1405//1745 1410//1745
f 1412//1746 1406//1746 1411//1746
f 1407//1423 1406//1423 1412//1423
f 1408//1747 1412//1747 1413//1747
f 1408//1748 1407//1748 1412//1748
f 1399//1749 1413//1749 1414//1749
f 1399//1750 1408//1750 1413//1750
f 1400//1751 1399//1751 1414//1751
f 1400//1752 1414//1752 1415//1752
f 1401//1753 1415//1753 1416//1753
f 1401//1754 1400//1754 1415//1754
f 1402//1755 1416//1755 1417//1755
f 1402//1756 1401//1756 1416//1756
f 1403//1435 1417//1435 1418//1435
f 1403//1435 1402//1435 1417//1435
f 1409//1438 1403//1438 1418//1438
f 1404//1757 1403//1757 1409//1757
f 1419//36 1411//36 1410//36
f 1420//36 1410//36 1409//36
f 1420//37 1419//37 1410//37
f 1421//36 1411//36 1419//36
f 1412//37 1411//37 1421//37
f 1418//37 1420//37 1409//37
f 1422//36 1420//36 1418//36
f 1423//36 1412//36 1421//36
f 1413//36 1412//36 1423//36
f 1417//37 1422//37 1418//37
f 1424//36 1422//36 1417//36
f 1425//36 1413//36 1423//36
f 1414//36 1413//36 1425//36
f 1416//37 1426//37 1424//37
f 1416//36 1424//36 1417//36
f 1415//36 1425//36 1426//36
f 1415//36 1426//36 1416//36
f 1415//36 1414//36 1425//36
f 1420//1758 1427//1758 1428//1758
f 1420//1440 1422//1440 1427//1440
f 1422//1759 1424//1759 1429//1759
f 1424//1760 1426//1760 1429//1760
f 1430//1761 1425//1761 1431//1761
f 1426//1762 1425//1762 1430//1762
f 1429//1445 1427//1445 1422//1445
f 1430//1763 1429//1763 1426//1763
f 1432//453 1433//453 1431//453
f 1431//453 1434//453 1430//453
f 1433//453 1434//453 1431//453
f 1430//1447 1434//1447 1429//1447
f 1429//1447 1434//1447 1435//1447
f 1429//1448 1435//1448 1427//1448
f 1427//1448 1435//1448 1436//1448
f 1427//9 1436//9 1428//9
f 1428//9 1437//9 1438//9
f 1436//9 1437//9 1428//9
f 1425//1764 1432//1764 1431//1764
f 1425//1765 1423//1765 1432//1765
f 1423//1766 1421//1766 1439//1766
f 1421//1767 1419//1767 1439//1767
f 1438//1768 1420//1768 1428//1768
f 1419//1769 1420//1769 1438//1769
f 1438//1770 1439//1770 1419//1770
f 1439//1771 1432//1771 1423//1771
f 1440//1457 1439//1457 1437//1457
f 1437//1457 1439//1457 1438//1457
f 1433//1458 1432//1458 1440//1458
f 1440//1772 1432//1772 1439//1772
f 1435//42 1441//42 1436//42
f 1436//53 1441//53 1442//53
f 1436//1024 1443//1024 1437//1024
f 1442//37 1443//37 1436//37
f 1441//99 1434//99 1444//99
f 1435//72 1434//72 1441//72
f 1443//36 1445//36 1437//36
f 1445//1239 1440//1239 1437//1239
f 1434//36 1446//36 1444//36
f 1446//37 1433//37 1445//37
f 1445//1246 1433//1246 1440//1246
f 1434//192 1433//192 1446//192
f 1441//1773 1444//1773 1447//1773
f 1447//1774 1444//1774 1448//1774
f 1444//1775 1449//1775 1448//1775
f 1444//1776 1446//1776 1449//1776
f 1449//1777 1445//1777 1450//1777
f 1446//1778 1445//1779 1449//1778
f 1445//1465 1451//1465 1450//1465
f 1445//1780 1443//1780 1451//1780
f 1443//1781 1452//1781 1451//1781
f 1443//1467 1442//1467 1452//1467
f 1442//1782 1447//1782 1452//1782
f 1442//1783 1441//1783 1447//1783
f 1450//1784 1451//1784 1453//1784
f 1453//1457 1451//1457 1454//1457
f 1454//9 1452//9 1455//9
f 1451//9 1452//9 1454//9
f 1455//1448 1447//1448 1456//1448
f 1452//1448 1447//1448 1455//1448
f 1447//1447 1448//1447 1456//1447
f 1456//1785 1448//1785 1457//1785
f 1457//453 1449//453 1458//453
f 1448//453 1449//453 1457//453
f 1458//1458 1450//1458 1453//1458
f 1449//1458 1450//1458 1458//1458
f 1456//1472 1457//1472 1459//1472
f 1457//1473 1458//1473 1459//1473
f 1458//1474 1453//1474 1459//1474
f 1453//1475 1454//1475 1459//1475
f 1454//1476 1455//1476 1459//1476
f 1455//1477 1456//1477 1459//1477
f 1460//1051 727//1051 1461//1051
f 1461//1786 727//1786 1462//1786
f 1462//1787 727//1787 1463//1787
f 1463//1481 727//1481 1464//1481
f 1464//1788 727//1788 1465//1788
f 1465//1056 731//1789 1466//1790
f 1466//1485 731//1485 1467//1485
f 1467//1486 731//1486 1468//1486
f 1468//1061 731//1061 1469//1061
f 1469//1791 731//1791 1470//1791
f 1470//1792 731//1792 1471//1792
f 1471//1064 731//1064 1472//1064
f 1472//1793 731//1793 1473//1793
f 1473//1066 731//1066 1474//1066
f 1474//1794 731//1794 1475//1794
f 1475//1795 731//1796 1476//1070
f 727//1071 731//1072 1465//1073
f 1476//1495 720//1495 1477//1495
f 1477//1797 720//1797 1478//1797
f 1478//1798 720//1798 1479//1798
f 1479//1799 720//1799 1480//1799
f 1480//1800 720//1800 1481//1800
f 1481//1801 720//1801 1482//1801
f 1482//1802 720//1802 1483//1802
f 1483//1081 720//1081 1484//1081
f 1484//1082 720//1082 1485//1082
f 1485//1803 720//1803 1486//1803
f 731//1505 720//1085 1476//1804
f 1486//1087 717//1088 1487//1805
f 1487//1806 717//1806 1488//1806
f 1488//1091 717//1091 1489//1091
f 1489//1092 717//1092 1490//1092
f 1490//1807 717//1807 1491//1807
f 1491//1513 717//1513 1492//1513
f 1492//1808 717//1808 1493//1808
f 1493//1096 717//1096 1494//1096
f 1494//1097 717//1097 1495//1097
f 1495//1809 717//1809 1496//1809
f 1496//1810 717//1811 1497//1101
f 720//1102 717//1103 1486//1104
f 1497//1105 713//1105 1498//1105
f 1498//1812 713//1812 1499//1812
f 717//1518 713//1108 1497//1813
f 1499//1814 713//1814 1500//1814
f 1500//1815 713//1815 1501//1815
f 1501//1521 713//1521 1502//1521
f 1502//1113 713//1113 1503//1113
f 1503//1114 713//1114 1504//1114
f 1504//1816 713//1816 1505//1816
f 1505//1817 713//1817 1506//1817
f 1506//1525 713//1525 1507//1525
f 713//1118 715//1119 1507//1120
f 1507//1121 715//1122 1508//1818
f 1508//1819 715//1819 1509//1819
f 1509//1820 715//1820 1510//1820
f 1510//1821 715//1821 1511//1821
f 1511//1822 715//1822 1512//1822
f 1512//1823 715//1823 1513//1823
f 1513//1824 715//1824 1514//1824
f 1514//1825 715//1825 1515//1825
f 1515//1826 715//1826 1516//1826
f 1516//1827 715//1827 1517//1827
f 1517//1828 715//1829 1518//1135
f 715//1136 719//1137 1518//1138
f 1518//1540 719//1540 1519//1540
f 1519//1140 719//1140 1520//1140
f 1520//1830 719//1830 1521//1830
f 1521//1831 719//1831 1522//1831
f 1522//1143 719//1143 1523//1143
f 1523//1144 719//1144 1524//1144
f 1524//1832 719//1832 1525//1832
f 1525//1833 719//1833 1526//1833
f 1526//1147 719//1147 1527//1147
f 1527//1834 719//1834 1528//1834
f 1528//1149 721//1835 1529//1836
f 1529//1837 721//1837 1530//1837
f 1530//1838 721//1838 1531//1838
f 1531//1154 721//1154 1532//1154
f 1532//1553 721//1553 1533//1553
f 1533//1156 721//1156 1534//1156
f 1534//1839 721//1839 1535//1839
f 1535//1840 721//1840 1536//1840
f 1536//1841 721//1841 1537//1841
f 1537//1842 721//1842 1538//1842
f 1538//1843 721//1844 1539//1163
f 719//1845 721//1846 1528//1166
f 1539//1167 733//1167 1540//1167
f 1540//1847 733//1847 1541//1847
f 1541//1169 733//1169 1542//1169
f 1542//1848 733//1848 1543//1848
f 1543//1849 733//1849 1544//1849
f 1544//1172 733//1172 1545//1172
f 1545//1850 733//1850 1546//1850
f 1546//1851 733//1851 1547//1851
f 1547//1175 733//1175 1548//1175
f 1548//1852 733//1852 1549//1852
f 721//1177 733//1178 1539//1179
f 1549//1180 729//1853 1550//1854
f 1550//1855 729//1855 1551//1855
f 1551//1856 729//1856 1552//1856
f 1552//1857 729//1857 1553//1857
f 1553//1858 729//1858 1554//1858
f 1554//1859 729//1859 1555//1859
f 1555//1860 729//1860 1556//1860
f 1556//1861 729//1861 1557//1861
f 1557//1862 729//1862 1558//1862
f 1558//1863 729//1863 1559//1863
f 1559//1864 729//1865 1560//1194
f 733//1195 729//1196 1549//1866
f 1560//1867 725//1867 1561//1867
f 1561//1868 725//1868 1562//1868
f 729//1869 725//1201 1560//1202
f 1562//1870 725//1870 1563//1870
f 1563//1871 725//1871 1564//1871
f 1564//1582 725//1582 1565//1582
f 1565//1206 725//1206 1566//1206
f 1566//1584 725//1584 1567//1584
f 1567//1208 725//1208 1568//1208
f 1568//1872 725//1872 1569//1872
f 1569//1873 725//1873 1570//1873
f 725//1211 722//1874 1570//1213
f 1570//1214 722//1875 1571//1216
f 1571//1589 722//1589 1572//1589
f 1572//1876 722//1876 1573//1876
f 1573//1877 722//1877 1574//1877
f 1574//1878 722//1878 1575//1878
f 1575//1879 722//1879 1576//1879
f 1576//1880 722//1880 1577//1880
f 1577//1881 722//1881 1578//1881
f 1578//1882 722//1882 1579//1882
f 1579//1225 722//1225 1580//1225
f 1580//1226 722//1883 1581//1228
f 722//1884 727//1230 1581//1601
f 1581//1602 727//1602 1582//1602
f 1582//1885 727//1885 1583//1885
f 1583//1886 727//1886 1584//1886
f 1584//1887 727//1887 1585//1887
f 1585//1888 727//1888 1460//1888
f 1586//36 1475//36 1476//36
f 1587//109 1476//109 1477//109
f 1587//227 1586//227 1476//227
f 1588//122 1474//122 1475//122
f 1588//1243 1475//1243 1586//1243
f 1589//1237 1477//1237 1478//1237
f 1589//85 1587//85 1477//85
f 1590//112 1473//112 1474//112
f 1590//50 1474//50 1588//50
f 1591//122 1478//122 1479//122
f 1591//227 1589//227 1478//227
f 1592//72 1472//72 1473//72
f 1592//92 1473//92 1590//92
f 1593//37 1479//37 1480//37
f 1593//50 1591//50 1479//50
f 1594//37 1471//37 1472//37
f 1594//76 1472//76 1592//76
f 1595//114 1480//114 1481//114
f 1595//151 1593//151 1480//151
f 1596//280 1470//280 1471//280
f 1596//85 1471//85 1594//85
f 1597//58 1481//58 1482//58
f 1597//1241 1595//1241 1481//1241
f 1598//42 1470//42 1596//42
f 1598//1237 1469//1237 1470//1237
f 1599//1237 1597//1237 1482//1237
f 1599//155 1482//155 1483//155
f 1600//1262 1468//1262 1469//1262
f 1600//1024 1469//1024 1598//1024
f 1601//36 1599//36 1483//36
f 1601//1024 1483//1024 1484//1024
f 1602//227 1467//227 1468//227
f 1602//51 1468//51 1600//51
f 1603//1251 1601//1251 1484//1251
f 1603//151 1484//151 1485//151
f 1604//155 1466//155 1467//155
f 1604//37 1467//37 1602//37
f 1605//134 1485//134 1486//134
f 1605//1237 1603//1237 1485//1237
f 1606//279 1465//279 1466//279
f 1606//42 1466//42 1604//42
f 1607//37 1605//37 1486//37
f 1607//58 1486//58 1487//58
f 1608//109 1464//109 1465//109
f 1608//227 1465//227 1606//227
f 1609//1889 1487//1889 1488//1889
f 1609//92 1607//92 1487//92
f 1610//42 1463//42 1464//42
f 1610//85 1464//85 1608//85
f 1611//279 1488//279 1489//279
f 1611//37 1609//37 1488//37
f 1612//134 1462//134 1463//134
f 1612//189 1463//189 1610//189
f 1613//172 1489//172 1490//172
f 1613//1243 1611//1243 1489//1243
f 1614//1025 1461//1025 1462//1025
f 1614//85 1462//85 1612//85
f 1615//1246 1490//1246 1491//1246
f 1615//1890 1613//1890 1490//1890
f 1616//151 1460//151 1461//151
f 1616//178 1461//178 1614//178
f 1617//107 1491//107 1492//107
f 1617//189 1615//189 1491//189
f 1618//1246 1585//1246 1460//1246
f 1618//1891 1460//1891 1616//1891
f 1619//259 1492//259 1493//259
f 1619//227 1617//227 1492//227
f 1620//44 1584//44 1585//44
f 1620//1261 1585//1261 1618//1261
f 1621//205 1493//205 1494//205
f 1621//76 1619//76 1493//76
f 1622//1246 1584//1246 1620//1246
f 1583//65 1584//65 1622//65
f 1623//290 1621//290 1494//290
f 1495//98 1623//98 1494//98
f 1624//1251 1583//1251 1622//1251
f 1582//93 1583//93 1624//93
f 1625//172 1623//172 1495//172
f 1496//1024 1625//1024 1495//1024
f 1626//227 1582//227 1624//227
f 1581//1892 1582//1892 1626//1892
f 1627//36 1625//36 1496//36
f 1497//1246 1627//1246 1496//1246
f 1628//151 1581//151 1626//151
f 1580//42 1581//42 1628//42
f 1629//36 1627//36 1497//36
f 1498//1024 1629//1024 1497//1024
f 1630//186 1580//186 1628//186
f 1579//1615 1580//1615 1630//1615
f 1631//76 1629//76 1498//76
f 1499//76 1631//76 1498//76
f 1632//1241 1579//1241 1630//1241
f 1578//161 1579//161 1632//161
f 1633//1245 1631//1245 1499//1245
f 1500//1024 1633//1024 1499//1024
f 1634//93 1578//93 1632//93
f 1577//1241 1578//1241 1634//1241
f 1635//1251 1633//1251 1500//1251
f 1501//1243 1635//1243 1500//1243
f 1636//189 1577//189 1634//189
f 1576//227 1577//227 1636//227
f 1637//161 1635//161 1501//161
f 1502//1265 1637//1265 1501//1265
f 1638//227 1576//227 1636//227
f 1575//85 1576//85 1638//85
f 1639//1241 1637//1241 1502//1241
f 1503//151 1639//151 1502//151
f 1640//151 1575//151 1638//151
f 1574//1241 1575//1241 1640//1241
f 1641//172 1639//172 1503//172
f 1504//172 1641//172 1503//172
f 1642//280 1574//280 1640//280
f 1573//233 1574//233 1642//233
f 1643//50 1641//50 1504//50
f 1505//1261 1643//1261 1504//1261
f 1644//257 1573//257 1642//257
f 1572//1255 1573//1255 1644//1255
f 1645//51 1643//51 1505//51
f 1506//1237 1645//1237 1505//1237
f 1646//76 1572//76 1644//76
f 1571//50 1572//50 1646//50
f 1647//209 1645//209 1506//209
f 1507//42 1647//42 1506//42
f 1648//1252 1571//1252 1646//1252
f 1649//280 1647//280 1507//280
f 1570//92 1571//92 1648//92
f 1650//1607 1570//1607 1648//1607
f 1508//1025 1649//1025 1507//1025
f 1651//290 1649//290 1508//290
f 1569//51 1570//51 1650//51
f 1652//233 1569//233 1650//233
f 1509//222 1651//222 1508//222
f 1653//189 1651//189 1509//189
f 1568//58 1569//58 1652//58
f 1654//1250 1568//1250 1652//1250
f 1510//1024 1653//1024 1509//1024
f 1655//96 1653//96 1510//96
f 1567//1259 1568//1259 1654//1259
f 1656//99 1567//99 1654//99
f 1511//233 1655//233 1510//233
f 1657//85 1655//85 1511//85
f 1566//1024 1567//1024 1656//1024
f 1658//1024 1566//1024 1656//1024
f 1512//179 1657//179 1511//179
f 1659//42 1657//42 1512//42
f 1565//1252 1566//1252 1658//1252
f 1660//85 1565//85 1658//85
f 1513//85 1659//85 1512//85
f 1661//58 1659//58 1513//58
f 1564//1608 1565//1608 1660//1608
f 1662//1265 1564//1265 1660//1265
f 1514//189 1661//189 1513//189
f 1663//85 1661//85 1514//85
f 1563//1024 1564//1024 1662//1024
f 1664//1024 1563//1024 1662//1024
f 1515//92 1663//92 1514//92
f 1665//50 1663//50 1515//50
f 1562//189 1563//189 1664//189
f 1666//98 1562//98 1664//98
f 1516//1893 1665//1893 1515//1893
f 1667//189 1665//189 1516//189
f 1561//1613 1562//1613 1666//1613
f 1668//189 1561//189 1666//189
f 1517//198 1667//198 1516//198
f 1669//1249 1667//1249 1517//1249
f 1560//76 1561//76 1668//76
f 1670//151 1560//151 1668//151
f 1518//76 1669//76 1517//76
f 1671//44 1669//44 1518//44
f 1559//1252 1560//1252 1670//1252
f 1672//93 1559//93 1670//93
f 1519//92 1671//92 1518//92
f 1673//134 1671//134 1519//134
f 1558//73 1559//73 1672//73
f 1674//189 1558//189 1672//189
f 1520//58 1673//58 1519//58
f 1675//151 1673//151 1520//151
f 1557//100 1674//100 1676//100
f 1557//47 1558//47 1674//47
f 1521//155 1677//155 1675//155
f 1521//1237 1675//1237 1520//1237
f 1556//122 1557//122 1676//122
f 1556//42 1676//42 1678//42
f 1522//151 1677//151 1521//151
f 1522//50 1679//50 1677//50
f 1555//1614 1556//1614 1678//1614
f 1555//71 1678//71 1680//71
f 1523//45 1679//45 1522//45
f 1523//1259 1681//1259 1679//1259
f 1554//290 1680//290 1682//290
f 1554//1241 1555//1241 1680//1241
f 1524//198 1681//198 1523//198
f 1524//1237 1683//1237 1681//1237
f 1553//76 1682//76 1684//76
f 1553//1244 1554//1244 1682//1244
f 1525//1894 1683//1894 1524//1894
f 1525//172 1685//172 1683//172
f 1552//1243 1684//1243 1686//1243
f 1552//198 1553//198 1684//198
f 1526//1252 1685//1252 1525//1252
f 1526//85 1687//85 1685//85
f 1551//1241 1686//1241 1688//1241
f 1551//1892 1552//1892 1686//1892
f 1527//1024 1689//1024 1687//1024
f 1527//71 1687//71 1526//71
f 1550//85 1688//85 1690//85
f 1550//217 1551//217 1688//217
f 1528//72 1691//72 1689//72
f 1528//107 1689//107 1527//107
f 1549//92 1690//92 1692//92
f 1549//50 1550//50 1690//50
f 1529//44 1693//44 1691//44
f 1529//1024 1691//1024 1528//1024
f 1548//161 1692//161 1694//161
f 1548//1025 1549//1025 1692//1025
f 1530//215 1695//215 1693//215
f 1530//134 1693//134 1529//134
f 1547//172 1694//172 1696//172
f 1547//198 1548//198 1694//198
f 1531//1241 1697//1241 1695//1241
f 1531//227 1695//227 1530//227
f 1546//36 1696//36 1698//36
f 1546//198 1547//198 1696//198
f 1532//1251 1699//1251 1697//1251
f 1532//151 1697//151 1531//151
f 1545//198 1546//198 1698//198
f 1545//58 1698//58 1700//58
f 1533//42 1701//42 1699//42
f 1533//1024 1699//1024 1532//1024
f 1544//1237 1545//1237 1700//1237
f 1544//268 1700//268 1702//268
f 1534//1024 1701//1024 1533//1024
f 1534//109 1703//109 1701//109
f 1543//1895 1544//1895 1702//1895
f 1543//1238 1702//1238 1704//1238
f 1535//1896 1703//1896 1534//1896
f 1535//227 1705//227 1703//227
f 1542//93 1543//93 1704//93
f 1542//1892 1704//1892 1706//1892
f 1536//151 1705//151 1535//151
f 1536//72 1707//72 1705//72
f 1541//1024 1542//1024 1706//1024
f 1541//215 1706//215 1708//215
f 1537//85 1707//85 1536//85
f 1537//36 1709//36 1707//36
f 1540//85 1708//85 1710//85
f 1540//1245 1541//1245 1708//1245
f 1538//1238 1711//1238 1709//1238
f 1538//155 1709//155 1537//155
f 1539//233 1710//233 1711//233
f 1539//151 1540//151 1710//151
f 1539//58 1711//58 1538//58
f 1615//1617 1617//1617 1712//1617
f 1613//1897 1615//1897 1712//1897
f 1611//1898 1613//1898 1712//1898
f 1609//1899 1611//1899 1712//1899
f 1607//1271 1609//1271 1712//1271
f 1605//1621 1712//1900 1713//1901
f 1605//1902 1607//1902 1712//1902
f 1603//1624 1605//1625 1713//1626
f 1601//1903 1603//1903 1713//1903
f 1599//1280 1601//1280 1713//1280
f 1597//1904 1599//1904 1713//1904
f 1595//1905 1597//1905 1713//1905
f 1593//1631 1595//1631 1713//1631
f 1591//1906 1593//1906 1713//1906
f 1589//1907 1591//1907 1713//1907
f 1587//1908 1589//1908 1713//1908
f 1586//1909 1587//1909 1713//1909
f 1588//1910 1586//1910 1713//1910
f 1590//1911 1588//1911 1713//1911
f 1592//1290 1713//1290 1714//1290
f 1592//1912 1590//1912 1713//1912
f 1594//1913 1592//1913 1714//1913
f 1596//1914 1594//1914 1714//1914
f 1598//1915 1596//1915 1714//1915
f 1600//1916 1598//1916 1714//1916
f 1602//1917 1600//1917 1714//1917
f 1604//1642 1602//1642 1714//1642
f 1606//1643 1604//1643 1714//1643
f 1608//1918 1606//1918 1714//1918
f 1610//1919 1608//1919 1714//1919
f 1612//1301 1610//1301 1714//1301
f 1614//1920 1612//1920 1714//1920
f 1616//1921 1614//1921 1714//1921
f 1618//1304 1714//1304 1715//1304
f 1618//1922 1616//1922 1714//1922
f 1620//1923 1618//1923 1715//1923
f 1622//1924 1620//1924 1715//1924
f 1624//1925 1622//1925 1715//1925
f 1626//1926 1624//1926 1715//1926
f 1628//1927 1626//1927 1715//1927
f 1630//1928 1628//1928 1715//1928
f 1632//1929 1630//1929 1715//1929
f 1634//1930 1632//1930 1715//1930
f 1636//1931 1634//1931 1715//1931
f 1638//1932 1636//1932 1715//1932
f 1640//1933 1638//1933 1715//1933
f 1642//1657 1715//1657 1716//1657
f 1642//1318 1640//1318 1715//1318
f 1644//1659 1642//1659 1716//1659
f 1646//1934 1644//1934 1716//1934
f 1648//1935 1646//1935 1716//1935
f 1650//1662 1648//1662 1716//1662
f 1652//1936 1650//1936 1716//1936
f 1654//1324 1652//1324 1716//1324
f 1656//1325 1654//1325 1716//1325
f 1658//1326 1656//1326 1716//1326
f 1660//1327 1658//1327 1716//1327
f 1662//1328 1660//1328 1716//1328
f 1664//1937 1662//1937 1716//1937
f 1666//1330 1664//1330 1716//1330
f 1668//1938 1716//1671 1717//1939
f 1668//1672 1666//1940 1716//1674
f 1670//1941 1668//1941 1717//1941
f 1672//1338 1670//1338 1717//1338
f 1674//1942 1672//1942 1717//1942
f 1676//1678 1674//1678 1717//1678
f 1678//1943 1676//1943 1717//1943
f 1680//1944 1678//1944 1717//1944
f 1682//1945 1680//1945 1717//1945
f 1684//1344 1682//1344 1717//1344
f 1686//1946 1684//1946 1717//1946
f 1688//1947 1686//1947 1717//1947
f 1690//1347 1688//1347 1717//1347
f 1692//1686 1717//1349 1718//1350
f 1692//1948 1690//1948 1717//1948
f 1694//1689 1692//1690 1718//1949
f 1696//1950 1694//1950 1718//1950
f 1698//1951 1696//1951 1718//1951
f 1700//1952 1698//1952 1718//1952
f 1702//1358 1700//1358 1718//1358
f 1704//1953 1702//1953 1718//1953
f 1706//1954 1704//1954 1718//1954
f 1708//1697 1706//1697 1718//1697
f 1710//1955 1708//1955 1718//1955
f 1711//1956 1710//1956 1718//1956
f 1709//1957 1711//1957 1718//1957
f 1707//1958 1709//1958 1718//1958
f 1705//1701 1718//1701 1719//1701
f 1705//1959 1707//1959 1718//1959
f 1703//1702 1705//1702 1719//1702
f 1701//1960 1703//1960 1719//1960
f 1699//1961 1701//1961 1719//1961
f 1697//1962 1699//1962 1719//1962
f 1695//1963 1697//1963 1719//1963
f 1693//1964 1695//1964 1719//1964
f 1691//1965 1693//1965 1719//1965
f 1689//1966 1691//1966 1719//1966
f 1687//1710 1689//1710 1719//1710
f 1685//1967 1687//1967 1719//1967
f 1683//1968 1685//1968 1719//1968
f 1681//1969 1683//1969 1719//1969
f 1679//1380 1719//1380 1720//1380
f 1679//1970 1681//1970 1719//1970
f 1677//1971 1679//1971 1720//1971
f 1675//1383 1677//1383 1720//1383
f 1673//1384 1675//1384 1720//1384
f 1671//1972 1673//1972 1720//1972
f 1669//1973 1671//1973 1720//1973
f 1667//1974 1669//1974 1720//1974
f 1665//1975 1667//1975 1720//1975
f 1663//1976 1665//1976 1720//1976
f 1661//1977 1663//1977 1720//1977
f 1659//1721 1661//1721 1720//1721
f 1657//1978 1659//1978 1720//1978
f 1655//1979 1720//1979 1721//1979
f 1655//1980 1657//1980 1720//1980
f 1653//1981 1655//1981 1721//1981
f 1651//1982 1653//1982 1721//1982
f 1649//1725 1651//1725 1721//1725
f 1647//1983 1649//1983 1721//1983
f 1645//1399 1647//1399 1721//1399
f 1643//1984 1645//1984 1721//1984
f 1641//1985 1643//1985 1721//1985
f 1639//1402 1641//1402 1721//1402
f 1637//1986 1639//1986 1721//1986
f 1635//1732 1637//1732 1721//1732
f 1633//1987 1635//1987 1721//1987
f 1631//1988 1633//1988 1721//1988
f 1629//1407 1721//1408 1712//1409
f 1629//1410 1631//1989 1721//1412
f 1627//1413 1629//1413 1712//1413
f 1625//1990 1627//1990 1712//1990
f 1623//1991 1625//1991 1712//1991
f 1621//1992 1623//1992 1712//1992
f 1619//1742 1621//1742 1712//1742
f 1617//1418 1619//1418 1712//1418
f 1718//1993 1717//1993 1722//1993
f 1718//1994 1722//1994 1723//1994
f 1719//1422 1723//1422 1724//1422
f 1719//1745 1718//1745 1723//1745
f 1720//1995 1724//1995 1725//1995
f 1720//1996 1719//1996 1724//1996
f 1726//1997 1720//1997 1725//1997
f 1721//1998 1720//1998 1726//1998
f 1712//1999 1726//1999 1727//1999
f 1712//1749 1721//1749 1726//1749
f 1713//1429 1712//1429 1727//1429
f 1713//2000 1727//2000 1728//2000
f 1714//1432 1728//1432 1729//1432
f 1714//2001 1713//2001 1728//2001
f 1715//1755 1729//1755 1730//1755
f 1715//2002 1714//2002 1729//2002
f 1716//2003 1730//2003 1731//2003
f 1716//2004 1715//2004 1730//2004
f 1717//2005 1731//2005 1722//2005
f 1717//2005 1716//2005 1731//2005
f 1732//36 1724//36 1723//36
f 1733//100 1723//100 1722//100
f 1733//36 1732//36 1723//36
f 1734//37 1724//37 1732//37
f 1725//36 1724//36 1734//36
f 1731//36 1733//36 1722//36
f 1735//36 1725//36 1734//36
f 1736//36 1733//36 1731//36
f 1726//37 1725//37 1735//37
f 1730//36 1736//36 1731//36
f 1737//37 1736//37 1730//37
f 1738//37 1726//37 1735//37
f 1727//36 1726//36 1738//36
f 1729//37 1739//37 1737//37
f 1729//37 1737//37 1730//37
f 1728//36 1738//36 1739//36
f 1728//37 1739//37 1729//37
f 1728//37 1727//37 1738//37
f 1733//1439 1740//1439 1741//1439
f 1733//2006 1736//2006 1740//2006
f 1736//2007 1737//2007 1742//2007
f 1737//2008 1739//2008 1742//2008
f 1743//1443 1738//1443 1744//1443
f 1739//2009 1738//2009 1743//2009
f 1742//2010 1740//2010 1736//2010
f 1743//2011 1742//2011 1739//2011
f 1745//453 1746//453 1744//453
f 1744//453 1747//453 1743//453
f 1746//453 1747//453 1744//453
f 1743//1447 1747//1447 1742//1447
f 1742//1447 1747//1447 1748//1447
f 1742//1471 1748//1471 1740//1471
f 1740//1448 1748//1448 1749//1448
f 1740//9 1749//9 1741//9
f 1741//9 1750//9 1751//9
f 1749//9 1750//9 1741//9
f 1738//2012 1745//2012 1744//2012
f 1738//2013 1735//2013 1745//2013
f 1735//2014 1734//2014 1752//2014
f 1734//2015 1732//2015 1752//2015
f 1751//2016 1733//2016 1741//2016
f 1732//2017 1733//2017 1751//2017
f 1751//2018 1752//2018 1732//2018
f 1752//2019 1745//2019 1735//2019
f 1753//1457 1752//1457 1750//1457
f 1750//1457 1752//1457 1751//1457
f 1746//1458 1745//1458 1753//1458
f 1753//1458 1745//1458 1752//1458
f 1748//58 1754//58 1749//58
f 1749//37 1754//37 1755//37
f 1749//42 1756//42 1750//42
f 1755//37 1756//37 1749//37
f 1754//186 1747//186 1757//186
f 1748//36 1747//36 1754//36
f 1756//37 1758//37 1750//37
f 1758//36 1753//36 1750//36
f 1747//53 1759//53 1757//53
f 1759//36 1746//36 1758//36
f 1747//37 1746//37 1759//37
f 1758//36 1746//36 1753//36
f 1754//2020 1760//2021 1761//2022
f 1754//2023 1757//2020 1760//2024
f 1757//1776 1762//1776 1760//1776
f 1757//2025 1759//2025 1762//2025
f 1762//1778 1758//1778 1763//1778
f 1759//2026 1758//2026 1762//2026
f 1758//2027 1764//2027 1763//2027
f 1758//2028 1756//2028 1764//2028
f 1756//2029 1765//2029 1764//2029
f 1756//2030 1755//2030 1765//2030
f 1755//2031 1761//2031 1765//2031
f 1755//1469 1754//1469 1761//1469
f 1763//1457 1764//1457 1766//1457
f 1766//1457 1764//1457 1767//1457
f 1767//9 1765//9 1768//9
f 1764//9 1765//9 1767//9
f 1768//1448 1761//1448 1769//1448
f 1765//1448 1761//1448 1768//1448
f 1761//1447 1760//1447 1769//1447
f 1769//1447 1760//1447 1770//1447
f 1770//453 1762//453 1771//453
f 1760//453 1762//453 1770//453
f 1771//1458 1763//1458 1766//1458
f 1762//1772 1763//1772 1771//1772
f 1769//2032 1770//2032 1772//2032
f 1770//1473 1771//1473 1772//1473
f 1771//1474 1766//1474 1772//1474
f 1766//1475 1767//1475 1772//1475
f 1767//1476 1768//1476 1772//1476
f 1768//1477 1769//1477 1772//1477
f 1773//2033 766//2033 1774//2033
f 1774//1052 766//1052 1775//1052
f 1775//2034 766//2034 1776//2034
f 1776//2035 766//2035 1777//2035
f 1777//1055 766//1055 1778//1055
f 1778//2036 761//2037 1779//2038
f 1779//2039 761//2039 1780//2039
f 1780//1486 761//1486 1781//1486
f 1781//1061 761//1061 1782//1061
f 1782//1062 761//1062 1783//1062
f 1783//2040 761//2040 1784//2040
f 1784//1064 761//1064 1785//1064
f 1785//2041 761//2041 1786//2041
f 1786//2042 761//2042 1787//2042
f 1787//1794 761//1794 1788//1794
f 1788//2043 761//1069 1789//2044
f 766//1071 761//2045 1778//1073
f 1789//1074 750//1074 1790//1074
f 1790//1797 750//1797 1791//1797
f 1791//1497 750//1497 1792//1497
f 1792//2046 750//2046 1793//2046
f 1793//2047 750//2047 1794//2047
f 1794//2048 750//2048 1795//2048
f 1795//2049 750//2049 1796//2049
f 1796//2050 750//2050 1797//2050
f 1797//2051 750//2051 1798//2051
f 1798//2052 750//2052 1799//2052
f 761//1084 750//1085 1789//1506
f 1799//1087 744//2053 1800//1089
f 1800//1090 744//1090 1801//1090
f 1801//1091 744//1091 1802//1091
f 1802//2054 744//2054 1803//2054
f 1803//2055 744//2055 1804//2055
f 1804//1094 744//1094 1805//1094
f 1805//2056 744//2056 1806//2056
f 1806//1096 744//1096 1807//1096
f 1807//2057 744//2057 1808//2057
f 1808//2058 744//2058 1809//2058
f 1809//2059 744//1811 1810//1101
f 750//1102 744//1103 1799//2060
f 1810//1105 741//1105 1811//1105
f 1811//1517 741//1517 1812//1517
f 744//1518 741//1108 1810//1109
f 1812//1110 741//1110 1813//1110
f 1813//1111 741//1111 1814//1111
f 1814//2061 741//2061 1815//2061
f 1815//1522 741//1522 1816//1522
f 1816//2062 741//2062 1817//2062
f 1817//2063 741//2063 1818//2063
f 1818//1817 741//1817 1819//1817
f 1819//1117 741//1117 1820//1117
f 741//2064 736//1526 1820//1527
f 1820//1528 736//2065 1821//2066
f 1821//1124 736//1124 1822//1124
f 1822//2067 736//2067 1823//2067
f 1823//2068 736//2068 1824//2068
f 1824//2069 736//2069 1825//2069
f 1825//1823 736//1823 1826//1823
f 1826//2070 736//2070 1827//2070
f 1827//2071 736//2071 1828//2071
f 1828//1826 736//1826 1829//1826
f 1829//2072 736//2072 1830//2072
f 1830//2073 736//2074 1831//2075
f 736//1136 747//1137 1831//1138
f 1831//2076 747//2076 1832//2076
f 1832//1140 747//1140 1833//1140
f 1833//1830 747//1830 1834//1830
f 1834//2077 747//2077 1835//2077
f 1835//2078 747//2078 1836//2078
f 1836//2079 747//2079 1837//2079
f 1837//2080 747//2080 1838//2080
f 1838//2081 747//2081 1839//2081
f 1839//2082 747//2082 1840//2082
f 1840//2083 747//2083 1841//2083
f 1841//1149 754//1835 1842//2084
f 1842//2085 754//2085 1843//2085
f 1843//2086 754//2086 1844//2086
f 1844//1154 754//1154 1845//1154
f 1845//2087 754//2087 1846//2087
f 1846//2088 754//2088 1847//2088
f 1847//1554 754//1554 1848//1554
f 1848//2089 754//2089 1849//2089
f 1849//2090 754//2090 1850//2090
f 1850//2091 754//2091 1851//2091
f 1851//2092 754//1558 1852//1163
f 747//1845 754//1846 1841//2093
f 1852//1167 764//1167 1853//1167
f 1853//1562 764//1562 1854//1562
f 1854//2094 764//2094 1855//2094
f 1855//2095 764//2095 1856//2095
f 1856//2096 764//2096 1857//2096
f 1857//2097 764//2097 1858//2097
f 1858//2098 764//2098 1859//2098
f 1859//2099 764//2099 1860//2099
f 1860//1175 764//1175 1861//1175
f 1861//1176 764//1176 1862//1176
f 754//2100 764//2101 1852//1179
f 1862//2102 772//2103 1863//2104
f 1863//2105 772//2105 1864//2105
f 1864//2106 772//2106 1865//2106
f 1865//2107 772//2107 1866//2107
f 1866//2108 772//2108 1867//2108
f 1867//2109 772//2109 1868//2109
f 1868//2110 772//2110 1869//2110
f 1869//2111 772//2111 1870//2111
f 1870//1190 772//1190 1871//1190
f 1871//2112 772//2112 1872//2112
f 1872//2113 772//1577 1873//1194
f 764//2114 772//2115 1862//2116
f 1873//2117 780//2117 1874//2117
f 1874//1868 780//1868 1875//1868
f 772//1579 780//1201 1873//1202
f 1875//1870 780//1870 1876//1870
f 1876//1871 780//1871 1877//1871
f 1877//2118 780//2118 1878//2118
f 1878//2119 780//2119 1879//2119
f 1879//2120 780//2120 1880//2120
f 1880//1208 780//1208 1881//1208
f 1881//1209 780//1209 1882//1209
f 1882//1210 780//1210 1883//1210
f 780//1586 776//1212 1883//2121
f 1883//1587 776//2122 1884//1588
f 1884//1217 776//1217 1885//1217
f 1885//2123 776//2123 1886//2123
f 1886//2124 776//2124 1887//2124
f 1887//2125 776//2125 1888//2125
f 1888//1593 776//1593 1889//1593
f 1889//2126 776//2126 1890//2126
f 1890//2127 776//2127 1891//2127
f 1891//1595 776//1595 1892//1595
f 1892//1596 776//1596 1893//1596
f 1893//2128 776//1883 1894//1228
f 776//1884 766//1230 1894//1601
f 1894//1602 766//1602 1895//1602
f 1895//1233 766//1233 1896//1233
f 1896//2129 766//2129 1897//2129
f 1897//1605 766//1605 1898//1605
f 1898//2130 766//2130 1773//2130
f 1899//1243 1789//1243 1790//1243
f 1900//258 1787//258 1788//258
f 1900//134 1788//134 1789//134
f 1900//183 1789//183 1899//183
f 1901//151 1899//151 1790//151
f 1902//120 1786//120 1787//120
f 1902//134 1787//134 1900//134
f 1903//233 1790//233 1791//233
f 1903//1025 1791//1025 1792//1025
f 1903//2131 1901//2131 1790//2131
f 1904//233 1785//233 1786//233
f 1904//58 1786//58 1902//58
f 1905//92 1792//92 1793//92
f 1905//58 1903//58 1792//58
f 1906//210 1784//210 1785//210
f 1906//198 1785//198 1904//198
f 1907//217 1793//217 1794//283
f 1907//65 1905//65 1793//65
f 1908//186 1783//186 1784//186
f 1908//273 1784//273 1906//273
f 1909//155 1794//112 1795//155
f 1909//227 1907//227 1794//217
f 1910//189 1782//189 1783//189
f 1910//1252 1783//1252 1908//1252
f 1911//1248 1795//1248 1796//1248
f 1911//186 1909//186 1795//186
f 1912//42 1782//42 1910//42
f 1912//49 1781//49 1782//49
f 1913//161 1911//161 1796//161
f 1913//1238 1796//1238 1797//1238
f 1914//151 1781//151 1912//151
f 1914//50 1780//50 1781//50
f 1915//186 1913//186 1797//186
f 1915//134 1797//134 1798//134
f 1916//215 1779//215 1780//215
f 1916//2132 1780//2132 1914//2132
f 1917//97 1915//97 1798//97
f 1917//51 1798//51 1799//51
f 1918//172 1779//172 1916//172
f 1918//1025 1778//1025 1779//1025
f 1919//172 1917//172 1799//172
f 1920//112 1777//1241 1778//1241
f 1920//273 1778//72 1918//72
f 1921//1257 1799//1257 1800//1257
f 1921//58 1919//58 1799//58
f 1801//183 1921//183 1800//183
f 1922//268 1777//268 1920//2133
f 1776//147 1777//147 1922//147
f 1923//198 1921//198 1801//198
f 1924//1255 1776//1255 1922//1255
f 1925//161 1801//161 1802//161
f 1925//155 1923//155 1801//155
f 1803//218 1925//218 1802//218
f 1926//148 1775//148 1776//148
f 1926//42 1776//42 1924//42
f 1774//161 1775//161 1926//161
f 1927//58 1925//58 1803//58
f 1928//1238 1774//1238 1926//1238
f 1773//55 1774//55 1928//55
f 1929//92 1803//92 1804//92
f 1929//85 1927//85 1803//85
f 1805//172 1929//172 1804//172
f 1930//2134 1773//2134 1928//2134
f 1898//58 1773//58 1930//58
f 1931//1615 1929//1615 1805//1615
f 1932//36 1898//36 1930//36
f 1933//37 1805//37 1806//37
f 1933//192 1931//192 1805//192
f 1807//76 1933//76 1806//76
f 1934//2135 1897//2135 1898//2135
f 1934//186 1898//186 1932//186
f 1935//2136 1933//209 1807//209
f 1896//123 1897//123 1934//123
f 1936//108 1896//108 1934//108
f 1808//2137 1935//1024 1807//2137
f 1937//1237 1935//2138 1808//1237
f 1895//280 1896//280 1936//280
f 1938//173 1895//173 1936//173
f 1809//148 1937//148 1808//148
f 1939//1259 1937//1259 1809//1259
f 1894//92 1895//92 1938//92
f 1940//79 1894//79 1938//79
f 1810//155 1939//155 1809//155
f 1941//2139 1939//2139 1810//2139
f 1893//161 1894//161 1940//161
f 1942//44 1893//44 1940//44
f 1943//93 1941//93 1810//93
f 1943//36 1810//36 1811//36
f 1944//198 1893//198 1942//198
f 1944//161 1892//161 1893//161
f 1812//36 1943//36 1811//36
f 1945//76 1943//76 1812//76
f 1891//37 1892//37 1944//37
f 1946//58 1891//58 1944//58
f 1947//100 1945//100 1812//100
f 1947//1241 1812//1241 1813//1241
f 1890//151 1891//151 1946//151
f 1948//45 1890//45 1946//45
f 1814//37 1947//37 1813//37
f 1949//198 1947//198 1814//198
f 1950//99 1889//99 1890//99
f 1950//151 1890//151 1948//151
f 1815//37 1949//37 1814//37
f 1951//37 1949//37 1815//37
f 1888//290 1889//290 1950//290
f 1952//198 1888//198 1950//198
f 1816//1613 1951//1613 1815//1613
f 1953//98 1951//98 1816//98
f 1954//210 1887//210 1888//210
f 1954//65 1888//65 1952//65
f 1955//60 1816//60 1817//60
f 1955//1241 1953//1241 1816//1241
f 1956//1024 1886//1024 1887//1024
f 1956//37 1887//37 1954//37
f 1957//1253 1817//1253 1818//1253
f 1957//109 1955//109 1817//109
f 1885//92 1886//92 1956//92
f 1958//109 1885//109 1956//109
f 1959//71 1818//71 1819//71
f 1959//1239 1957//1239 1818//1239
f 1884//1243 1885//1243 1958//1243
f 1960//155 1884//155 1958//155
f 1961//44 1819//44 1820//44
f 1961//1241 1959//1241 1819//1241
f 1962//2140 1884//2140 1960//2140
f 1883//1607 1884//1607 1962//1607
f 1963//73 1961//73 1820//73
f 1821//1251 1963//1251 1820//1251
f 1882//227 1883//227 1962//227
f 1882//183 1962//183 1964//183
f 1822//37 1965//37 1963//37
f 1822//65 1963//65 1821//65
f 1881//189 1882//189 1964//189
f 1881//36 1964//36 1966//36
f 1967//51 1965//51 1822//51
f 1823//134 1967//2141 1822//2141
f 1880//1024 1881//1024 1966//1024
f 1880//58 1966//58 1968//58
f 1969//1237 1967//1237 1823//192
f 1824//92 1969//92 1823//77
f 1970//148 1880//148 1968//148
f 1879//37 1880//37 1970//37
f 1971//37 1969//37 1824//37
f 1825//112 1971//112 1824//112
f 1972//107 1879//107 1970//107
f 1878//1238 1879//1238 1972//1238
f 1973//85 1971//85 1825//85
f 1826//148 1973//148 1825//148
f 1877//280 1972//1266 1974//1266
f 1877//189 1878//189 1972//189
f 1827//42 1973//42 1826//42
f 1827//151 1975//151 1973//151
f 1976//36 1877//36 1974//36
f 1876//227 1877//227 1976//227
f 1828//1237 1975//1237 1827//1237
f 1828//151 1977//151 1975//151
f 1875//2142 1976//2142 1978//2142
f 1875//151 1876//151 1976//151
f 1979//186 1977//186 1828//186
f 1829//79 1979//79 1828//79
f 1980//53 1875//53 1978//53
f 1874//36 1875//36 1980//36
f 1830//290 1979//290 1829//290
f 1830//198 1981//198 1979//198
f 1873//1239 1980//1239 1982//1239
f 1873//1243 1874//1243 1980//1243
f 1983//1241 1981//1241 1830//1241
f 1831//270 1983//270 1830//270
f 1872//37 1982//37 1984//37
f 1872//1237 1873//1237 1982//1237
f 1832//85 1983//85 1831//85
f 1832//233 1985//233 1983//233
f 1986//36 1872//36 1984//36
f 1871//1237 1872//1237 1986//1237
f 1833//37 1987//37 1985//37
f 1833//227 1985//227 1832//227
f 1988//42 1987//42 1833//42
f 1870//99 1871//99 1986//99
f 1870//1616 1986//1616 1989//1616
f 1990//1252 1870//1252 1989//1252
f 1834//97 1988//97 1833//97
f 1991//134 1988//134 1834//134
f 1869//92 1870//92 1990//92
f 1835//171 1991//171 1834//171
f 1868//183 1869//183 1990//183
f 1868//65 1990//65 1992//65
f 1836//98 1991//98 1835//98
f 1836//173 1993//173 1991//173
f 1994//198 1993//198 1836//198
f 1867//76 1868//76 1992//76
f 1867//198 1992//198 1995//198
f 1996//122 1867//122 1995//122
f 1837//2131 1994//2131 1836//2131
f 1997//2143 1994//2143 1837//2143
f 1866//1241 1867//1241 1996//1241
f 1838//85 1997//85 1837//85
f 1998//218 1997//218 1838//218
f 1865//92 1866//92 1996//92
f 1865//58 1996//58 1999//58
f 2000//76 1865//76 1999//76
f 1839//1248 1998//1248 1838//1248
f 2001//45 1998//45 1839//45
f 1864//37 1865//37 2000//37
f 2002//1252 1864//1252 2000//1252
f 1840//92 2001//92 1839//92
f 1863//44 1864//44 2002//44
f 1863//1259 2002//1259 2003//1259
f 1841//172 2001//172 1840//172
f 1841//93 2004//93 2005//93
f 1841//233 2005//233 2001//233
f 1862//1248 2003//1248 2006//1248
f 1862//1607 1863//1607 2003//1607
f 1842//215 2004//215 1841//215
f 1861//93 1862//93 2006//93
f 1843//52 2007//52 2008//52
f 1843//1251 2004//1251 1842//1251
f 1843//45 2008//45 2004//45
f 1860//99 2006//99 2009//99
f 1860//1245 2009//1245 2010//1245
f 1860//1892 1861//1892 2006//1892
f 1844//1238 2007//1238 1843//1238
f 1859//92 1860//92 2010//92
f 1845//44 2007//44 1844//44
f 1845//60 2011//60 2007//60
f 1858//151 1859//151 2010//151
f 1858//65 2010//65 2012//65
f 1846//189 2011//189 1845//189
f 1846//268 2013//268 2011//268
f 1857//151 1858//151 2012//151
f 1857//37 2012//37 2014//37
f 1857//76 2014//76 2015//76
f 1847//45 2013//45 1846//45
f 1847//1243 2016//1243 2013//1243
f 1856//85 1857//85 2015//85
f 1848//50 2016//50 1847//50
f 1848//1241 2017//1241 2018//1241
f 1848//1238 2018//1238 2016//1238
f 1855//44 1856//44 2015//44
f 1855//233 2015//233 2019//233
f 1855//1615 2019//1615 2020//1615
f 1849//198 2017//198 1848//198
f 1854//252 1855//252 2020//252
f 1850//36 2017//36 1849//36
f 1850//1238 2021//1238 2022//1238
f 1850//1025 2022//1025 2017//1025
f 1853//1607 2020//1607 2023//1607
f 1853//58 2023//58 2024//58
f 1853//100 1854//100 2020//100
f 1851//1253 2021//1253 1850//1253
f 1852//233 1853//233 2024//233
f 1852//1892 2021//1892 1851//1892
f 1852//148 2024//148 2021//148
f 1991//2144 1993//2144 2025//2144
f 1988//2145 1991//2145 2025//2145
f 1987//2146 1988//2146 2025//2146
f 1985//2147 1987//2147 2025//2147
f 1983//2148 1985//2148 2025//2148
f 1981//2149 2025//2150 2026//2151
f 1981//2152 1983//2152 2025//2152
f 1979//2153 1981//2154 2026//2155
f 1977//2156 1979//2156 2026//2156
f 1975//2157 1977//2157 2026//2157
f 1973//2158 1975//2158 2026//2158
f 1971//2159 1973//2159 2026//2159
f 1969//2160 1971//2160 2026//2160
f 1967//2161 1969//2161 2026//2161
f 1965//2162 1967//2162 2026//2162
f 1963//2163 1965//2163 2026//2163
f 1961//2164 1963//2164 2026//2164
f 1959//2165 1961//2165 2026//2165
f 1957//2166 1959//2166 2026//2166
f 1955//2167 2026//2167 2027//2167
f 1955//2168 1957//2168 2026//2168
f 1953//2169 1955//2169 2027//2169
f 1951//2170 1953//2170 2027//2170
f 1949//2171 1951//2171 2027//2171
f 1947//2172 1949//2172 2027//2172
f 1945//2173 1947//2173 2027//2173
f 1943//2174 1945//2174 2027//2174
f 1941//2175 1943//2175 2027//2175
f 1939//2176 1941//2176 2027//2176
f 1937//2177 1939//2177 2027//2177
f 1935//2178 1937//2178 2027//2178
f 1933//2179 1935//2179 2027//2179
f 1931//2180 1933//2180 2027//2180
f 1929//2181 2027//2181 2028//2181
f 1929//2182 1931//2182 2027//2182
f 1927//2183 1929//2183 2028//2183
f 1925//2184 1927//2184 2028//2184
f 1923//2185 1925//2185 2028//2185
f 1921//2186 1923//2186 2028//2186
f 1919//2187 1921//2187 2028//2187
f 1917//2188 1919//2188 2028//2188
f 1915//2189 1917//2189 2028//2189
f 1913//2190 1915//2190 2028//2190
f 1911//2191 1913//2191 2028//2191
f 1909//2192 1911//2192 2028//2192
f 1907//2193 1909//2193 2028//2193
f 1905//2194 2028//2194 2029//2194
f 1905//2195 1907//2195 2028//2195
f 1903//2196 1905//2196 2029//2196
f 1901//2197 1903//2197 2029//2197
f 1899//2198 1901//2198 2029//2198
f 1900//2199 1899//2199 2029//2199
f 1902//2200 1900//2200 2029//2200
f 1904//2201 1902//2201 2029//2201
f 1906//2202 1904//2202 2029//2202
f 1908//2203 1906//2203 2029//2203
f 1910//2204 1908//2204 2029//2204
f 1912//2205 1910//2205 2029//2205
f 1914//2206 1912//2206 2029//2206
f 1916//2207 1914//2207 2029//2207
f 1918//2208 2029//2209 2030//2210
f 1918//2211 1916//2212 2029//2213
f 1920//2214 1918//2214 2030//2214
f 1922//2215 1920//2215 2030//2215
f 1924//2216 1922//2216 2030//2216
f 1926//2217 1924//2217 2030//2217
f 1928//2218 1926//2218 2030//2218
f 1930//1144 1928//1144 2030//1144
f 1932//2219 1930//2219 2030//2219
f 1934//2220 1932//2220 2030//2220
f 1936//2221 1934//2221 2030//2221
f 1938//2222 1936//2222 2030//2222
f 1940//2223 1938//2224 2030//2224
f 1942//2225 2030//2226 2031//2227
f 1942//2228 1940//2228 2030//2228
f 1944//2229 1942//2230 2031//2231
f 1946//2232 1944//2232 2031//2232
f 1948//2233 1946//2233 2031//2233
f 1950//2234 1948//2234 2031//2234
f 1952//2235 1950//2235 2031//2235
f 1954//2236 1952//2236 2031//2236
f 1956//2237 1954//2237 2031//2237
f 1958//2238 1956//2238 2031//2238
f 1960//2239 1958//2239 2031//2239
f 1962//2240 1960//2240 2031//2240
f 1964//2241 1962//2241 2031//2241
f 1966//2242 1964//2242 2031//2242
f 1968//2243 2031//2243 2032//2243
f 1968//2244 1966//2244 2031//2244
f 1970//2245 1968//2245 2032//2245
f 1972//2246 1970//2246 2032//2246
f 1974//2247 1972//2247 2032//2247
f 1976//2248 1974//2248 2032//2248
f 1978//2249 1976//2249 2032//2249
f 1980//2250 1978//2250 2032//2250
f 1982//2251 1980//2251 2032//2251
f 1984//2252 1982//2252 2032//2252
f 1986//2253 1984//2253 2032//2253
f 1989//2254 1986//2254 2032//2254
f 1990//2255 1989//2255 2032//2255
f 1992//2256 1990//2256 2032//2256
f 1995//2257 2032//2257 2033//2257
f 1995//2258 1992//2258 2032//2258
f 1996//2259 1995//2259 2033//2259
f 1999//2260 1996//2260 2033//2260
f 2000//2261 1999//2261 2033//2261
f 2002//2262 2000//2262 2033//2262
f 2003//2263 2002//2263 2033//2263
f 2006//2264 2003//2264 2033//2264
f 2009//2265 2006//2265 2033//2265
f 2010//2266 2009//2266 2033//2266
f 2012//2267 2010//2267 2033//2267
f 2014//2268 2012//2268 2033//2268
f 2015//2269 2014//2269 2033//2269
f 2019//2270 2033//2270 2034//2270
f 2019//2271 2015//2271 2033//2271
f 2020//2272 2019//2272 2034//2272
f 2023//2273 2020//2273 2034//2273
f 2024//2274 2023//2274 2034//2274
f 2021//2275 2024//2275 2034//2275
f 2022//2276 2021//2276 2034//2276
f 2017//2277 2022//2277 2034//2277
f 2018//2278 2017//2278 2034//2278
f 2016//2279 2018//2279 2034//2279
f 2013//2280 2016//2280 2034//2280
f 2011//2281 2013//2281 2034//2281
f 2007//2282 2011//2282 2034//2282
f 2008//2283 2007//2283 2034//2283
f 2004//2284 2034//2285 2025//2286
f 2004//2287 2008//2288 2034//2289
f 2005//2290 2004//2290 2025//2290
f 2001//2291 2005//2291 2025//2291
f 1998//2292 2001//2292 2025//2292
f 1997//2293 1998//2293 2025//2293
f 1994//2294 1997//2294 2025//2294
f 1993//2295 1994//2295 2025//2295
f 2031//2296 2030//2296 2035//2296
f 2031//2297 2035//2297 2036//2297
f 2032//2298 2036//2298 2037//2298
f 2032//2299 2031//2299 2036//2299
f 2033//2300 2037//2300 2038//2300
f 2033//2301 2032//2301 2037//2301
f 2034//2302 2038//2302 2039//2302
f 2034//2303 2033//2303 2038//2303
f 2025//2304 2039//2304 2040//2304
f 2025//2305 2034//2305 2039//2305
f 2026//2306 2025//2307 2040//2307
f 2026//2308 2040//2308 2041//2308
f 2027//2309 2041//2309 2042//2309
f 2027//2310 2026//2310 2041//2310
f 2043//2311 2027//2311 2042//2311
f 2028//2312 2027//2312 2043//2312
f 2029//2313 2043//2313 2044//2313
f 2029//2314 2028//2314 2043//2314
f 2030//2315 2044//2315 2035//2315
f 2030//2315 2029//2315 2044//2315
f 2045//37 2037//37 2036//37
f 2046//36 2037//36 2045//36
f 2047//36 2036//36 2035//36
f 2047//37 2045//37 2036//37
f 2038//36 2037//36 2046//36
f 2044//37 2047//37 2035//37
f 2048//36 2038//36 2046//36
f 2049//36 2047//36 2044//36
f 2039//36 2038//36 2048//36
f 2043//37 2049//37 2044//37
f 2050//37 2039//37 2048//37
f 2051//37 2049//37 2043//37
f 2040//99 2039//99 2050//99
f 2042//37 2052//37 2051//37
f 2042//37 2051//37 2043//37
f 2041//37 2050//37 2052//37
f 2041//36 2040//36 2050//36
f 2041//36 2052//36 2042//36
f 2047//2316 2053//2316 2054//2316
f 2047//2317 2049//2317 2053//2317
f 2049//2318 2051//2318 2055//2318
f 2051//2319 2052//2319 2055//2319
f 2056//2320 2050//2320 2057//2320
f 2052//2321 2050//2321 2056//2321
f 2055//2322 2053//2322 2049//2322
f 2056//2323 2055//2323 2052//2323
f 2058//457 2059//457 2057//457
f 2057//457 2060//457 2056//457
f 2059//457 2060//457 2057//457
f 2056//2324 2060//2324 2055//2324
f 2055//2324 2060//2324 2061//2324
f 2055//2325 2061//2325 2053//2325
f 2053//2326 2061//2326 2062//2326
f 2053//471 2062//471 2054//471
f 2054//470 2063//470 2064//470
f 2062//470 2063//470 2054//470
f 2050//2327 2058//2327 2057//2327
f 2050//2328 2048//2328 2058//2328
f 2048//2329 2046//2329 2065//2329
f 2046//2330 2045//2330 2065//2330
f 2064//2331 2047//2331 2054//2331
f 2045//2332 2047//2332 2064//2332
f 2064//2333 2065//2333 2045//2333
f 2065//2334 2058//2334 2048//2334
f 2066//2335 2065//2335 2063//2335
f 2063//2335 2065//2335 2064//2335
f 2059//2336 2058//2336 2066//2336
f 2066//2336 2058//2336 2065//2336
f 2061//37 2067//37 2062//37
f 2062//36 2067//36 2068//36
f 2062//36 2069//36 2063//36
f 2068//36 2069//36 2062//36
f 2067//37 2060//37 2070//37
f 2061//37 2060//37 2067//37
f 2069//37 2071//37 2063//37
f 2071//50 2066//50 2063//50
f 2060//198 2072//198 2070//198
f 2072//37 2059//37 2071//37
f 2060//36 2059//36 2072//36
f 2071//1239 2059//1239 2066//1239
f 2067//2337 2073//2337 2074//2337
f 2067//2338 2070//2338 2073//2338
f 2070//2339 2075//2339 2073//2339
f 2070//2340 2072//2340 2075//2340
f 2075//2341 2071//2341 2076//2341
f 2072//2342 2071//2342 2075//2342
f 2071//2343 2077//2343 2076//2343
f 2071//2344 2069//2344 2077//2344
f 2069//2345 2078//2346 2077//2345
f 2069//2347 2068//2347 2078//2348
f 2078//2349 2067//2349 2074//2349
f 2068//2350 2067//2350 2078//2350
f 2076//2335 2077//2335 2079//2335
f 2079//2335 2077//2335 2080//2335
f 2080//471 2078//471 2081//471
f 2077//470 2078//470 2080//470
f 2081//2325 2074//2325 2082//2325
f 2078//2325 2074//2325 2081//2325
f 2074//2324 2073//2324 2082//2324
f 2082//2324 2073//2324 2083//2324
f 2083//574 2075//574 2084//574
f 2073//457 2075//457 2083//457
f 2084//2336 2076//2336 2079//2336
f 2075//2336 2076//2336 2084//2336
f 2082//2351 2083//2351 2085//2351
f 2083//2352 2084//2352 2085//2352
f 2084//2353 2079//2353 2085//2353
f 2079//2354 2080//2354 2085//2354
f 2080//2355 2081//2355 2085//2355
f 2081//2356 2082//2356 2085//2356
f 2086//2357 2087//2358 2088//2359
f 2088//2360 2087//2361 2089//2362
f 740//2363 2090//2364 735//2365
f 2091//2366 2090//2367 2086//2366
f 735//2368 2090//2369 2091//2370
f 2086//2371 2090//2366 2087//2371
f 2089//2372 2092//2372 2093//2372
f 2087//2372 2092//2372 2089//2372
f 746//2373 2094//2373 740//2373
f 2090//2374 2094//2375 2087//2376
f 2087//2377 2094//2376 2092//2378
f 740//2379 2094//2379 2090//2379
f 2093//2380 2095//2381 2096//2382
f 2092//2383 2095//2384 2093//2383
f 2092//2385 2097//2386 2095//2387
f 753//2388 2097//2389 746//2388
f 746//2390 2097//2390 2094//2390
f 2094//2391 2097//2392 2092//2393
f 2096//2394 2098//2395 2099//2396
f 2099//2397 2098//2398 2100//2397
f 2095//2399 2098//2400 2096//2401
f 773//2402 2101//2403 765//2404
f 765//2405 2101//2405 753//2406
f 2097//2407 2101//2407 2095//2408
f 753//2409 2101//2410 2097//2410
f 2095//2411 2101//2412 2098//2412
f 2098//2413 2102//2414 2100//2415
f 773//2416 2103//2417 2101//2418
f 2101//2419 2103//2420 2098//2421
f 2098//2422 2103//2423 2102//2421
f 2100//2424 2104//2425 2105//2426
f 2102//2427 2104//2428 2100//2429
f 782//2430 2106//2431 773//2430
f 2103//2432 2106//2432 2102//2432
f 2102//2433 2106//2433 2104//2433
f 773//2434 2106//2435 2103//2434
f 2105//2436 2107//2436 2108//2436
f 2104//2437 2107//2437 2105//2437
f 785//2438 2109//2439 782//2440
f 782//2441 2109//2442 2106//2443
f 2106//2444 2109//2445 2104//2446
f 2104//2447 2109//2448 2107//2449
f 2107//2450 2110//2451 2108//2452
f 2108//2453 2110//2454 2111//2452
f 2111//2455 2110//2456 2112//2457
f 2109//2458 2113//2458 2107//2458
f 793//2459 2113//2459 785//2459
f 2107//2460 2113//2460 2110//2460
f 785//2461 2113//2462 2109//2461
f 2110//2463 2114//2463 2112//2464
f 2112//2465 2114//2466 2115//2465
f 786//2467 2116//2467 793//2468
f 2113//2469 2116//2469 2110//2469
f 2110//2470 2116//2471 2114//2471
f 793//2472 2116//2473 2113//2474
f 2114//2475 2117//2476 2115//2476
f 788//2477 2118//2477 786//2477
f 2116//2478 2118//2479 2114//2478
f 786//2480 2118//2480 2116//2480
f 2114//2481 2118//2482 2117//2481
f 2117//2483 2119//2484 2115//2485
f 2115//2486 2119//2487 2120//2488
f 791//2489 2121//2490 790//2491
f 790//2492 2121//2492 788//2492
f 2118//2493 2121//2494 2117//2493
f 788//2495 2121//2495 2118//2495
f 2117//2496 2121//2497 2119//2496
f 2119//2498 2122//2499 2120//2500
f 2120//2501 2122//2502 2123//2503
f 795//2504 2124//2505 791//2506
f 791//2491 2124//2490 2121//2507
f 2121//2508 2124//2508 2119//2508
f 2119//2509 2124//2509 2122//2509
f 2123//2510 2125//2511 2126//2510
f 2126//2512 2125//2513 2127//2514
f 2127//2515 2125//2516 2128//2517
f 2122//2511 2125//2518 2123//2511
f 784//2519 2129//2520 795//2521
f 2128//2522 2129//2522 2130//2522
f 2130//2523 2129//2524 784//2525
f 2124//2526 2129//2526 2122//2526
f 2125//2527 2129//2528 2128//2527
f 2122//2529 2129//2529 2125//2529
f 795//2530 2129//2531 2124//2532
f 2128//2533 2131//2534 2127//2535
f 2127//2536 2131//2537 2132//2538
f 783//2539 2133//2539 784//2539
f 2130//2540 2133//2541 2128//2542
f 784//2543 2133//2544 2130//2545
f 2128//2546 2133//2547 2131//2548
f 2132//2549 2134//2550 2135//2551
f 2131//2552 2134//2553 2132//2554
f 771//2555 2136//2556 783//2557
f 2133//2558 2136//2559 2131//2560
f 2131//2561 2136//2562 2134//2563
f 783//2564 2136//2565 2133//2566
f 2135//2567 2137//2567 2138//2567
f 2134//2568 2137//2569 2135//2568
f 2134//2570 2139//2570 2137//2570
f 763//2571 2139//2572 771//2573
f 771//2574 2139//2575 2136//2576
f 2136//2577 2139//2577 2134//2577
f 2138//2578 2140//2578 2141//2578
f 2141//2579 2140//2579 2142//2580
f 2139//2581 2140//2582 2137//2583
f 2137//2584 2140//2584 2138//2584
f 755//2585 2143//2586 763//2587
f 763//2588 2143//2589 2139//2588
f 2139//2590 2143//2591 2140//2592
f 2140//2593 2144//2594 2142//2595
f 748//2596 2145//2597 755//2598
f 2140//2599 2145//2600 2144//2601
f 2143//2602 2145//2603 2140//2604
f 755//2605 2145//2606 2143//2607
f 2142//2608 2146//2608 2147//2608
f 2147//2609 2146//2610 2148//2611
f 2144//2612 2146//2613 2142//2612
f 748//2614 2149//2615 2145//2616
f 737//2617 2149//2618 748//2619
f 2144//2620 2149//2620 2146//2620
f 2145//2621 2149//2621 2144//2621
f 2146//2622 2150//2610 2148//2610
f 730//2623 2151//2623 734//2623
f 734//2624 2151//2625 737//2626
f 2149//2627 2151//2627 2146//2628
f 737//2629 2151//2630 2149//2631
f 2146//2632 2151//2633 2150//2633
f 2151//2634 2152//2635 2150//2634
f 2148//2636 2152//2636 2153//2636
f 2153//2637 2152//2637 2154//2637
f 2150//2638 2152//2638 2148//2638
f 730//2639 2155//2639 2151//2639
f 2151//2640 2155//2640 2152//2641
f 2152//2637 2156//2637 2154//2637
f 2154//2642 2156//2642 2157//2642
f 724//2643 2158//2643 726//2643
f 726//2644 2158//2645 730//2644
f 730//2646 2158//2647 2155//2646
f 2155//2648 2158//2648 2152//2649
f 2152//2650 2158//2651 2156//2651
f 2156//2652 2159//2652 2157//2652
f 2158//2653 2159//2653 2156//2653
f 724//2654 2160//2654 2158//2654
f 2158//2655 2160//2655 2159//2655
f 2159//2656 2161//2656 2157//2656
f 2157//2657 2161//2657 2162//2657
f 728//2658 2163//2658 723//2658
f 723//2659 2163//2660 724//2661
f 724//2662 2163//2663 2160//2664
f 2160//2665 2163//2665 2159//2665
f 2159//2666 2163//2666 2161//2666
f 2161//2667 2164//2668 2162//2667
f 2162//2669 2164//2670 2165//2671
f 2165//2672 2164//2672 2166//2672
f 2163//2673 2164//2674 2161//2675
f 728//2676 2167//2676 2163//2676
f 2163//2677 2167//2678 2164//2679
f 2166//2680 2168//2680 2088//2680
f 2088//2681 2168//2681 2086//2681
f 2164//2682 2168//2682 2166//2682
f 2167//2683 2168//2683 2164//2683
f 735//2684 2169//2685 732//2686
f 2167//2687 2169//2687 2168//2687
f 732//2688 2169//2689 728//2690
f 2086//2691 2169//2692 2091//2693
f 2091//2694 2169//2695 735//2696
f 728//2697 2169//2698 2167//2699
f 2168//2700 2169//2701 2086//2702
f 2132//2703 2135//2703 2170//2703
f 2135//2704 2138//2704 2171//2704
f 2138//2705 2141//2705 2172//2705
f 2162//2706 2173//2706 2174//2706
f 2165//2707 2175//2707 2173//2707
f 2166//2708 2176//2708 2175//2708
f 2166//2709 2177//2709 2176//2709
f 2166//2710 2178//2710 2177//2710
f 2166//2711 2088//2711 2178//2711
f 2179//2712 2180//2712 2170//2712
f 2132//2713 2180//2714 2127//2713
f 2181//2715 2180//2715 2179//2715
f 2182//2716 2180//2716 2181//2716
f 2127//2717 2180//2718 2182//2717
f 2170//2719 2180//2719 2132//2719
f 2170//2720 2183//2720 2171//2720
f 2135//2721 2183//2721 2170//2721
f 2171//2722 2183//2722 2135//2722
f 2171//2723 2184//2724 2172//2725
f 2138//2726 2184//2727 2171//2728
f 2172//2729 2184//2730 2138//2731
f 2172//2732 2185//2732 2186//2732
f 2141//2733 2185//2733 2172//2733
f 2185//2734 2187//2734 2186//2734
f 2142//2735 2188//2735 2141//2735
f 2141//2736 2188//2736 2185//2736
f 2185//2737 2188//2737 2187//2737
f 2186//2738 2189//2738 2190//2738
f 2187//2739 2189//2739 2186//2739
f 2142//2740 2189//2740 2188//2740
f 2188//2741 2189//2741 2187//2741
f 2189//2742 2191//2742 2190//2742
f 2147//2743 2192//2743 2142//2743
f 2189//2744 2192//2744 2191//2744
f 2142//2745 2192//2745 2189//2745
f 2191//2746 2193//2746 2190//2746
f 2190//2747 2193//2747 2194//2747
f 2147//2748 2193//2748 2192//2748
f 2192//2749 2193//2749 2191//2749
f 2193//2750 2195//2750 2194//2750
f 2148//2751 2196//2751 2147//2751
f 2147//2752 2196//2752 2193//2752
f 2193//2753 2196//2753 2195//2753
f 2194//2754 2197//2754 2198//2754
f 2196//2755 2197//2755 2195//2755
f 2148//2756 2197//2756 2196//2756
f 2195//2757 2197//2757 2194//2757
f 2197//2758 2199//2758 2198//2758
f 2197//2759 2200//2759 2199//2759
f 2153//2760 2200//2760 2148//2760
f 2148//2761 2200//2761 2197//2761
f 2199//2762 2201//2762 2198//2762
f 2200//2763 2201//2763 2199//2763
f 2153//2764 2201//2764 2200//2764
f 2198//2765 2201//2765 2202//2765
f 2201//2766 2203//2766 2202//2766
f 2153//2767 2204//2767 2201//2767
f 2201//2768 2204//2768 2203//2768
f 2154//2769 2204//2769 2153//2769
f 2202//2770 2205//2770 2206//2770
f 2203//2771 2205//2771 2202//2771
f 2204//2772 2205//2772 2203//2772
f 2154//2773 2205//2773 2204//2773
f 2205//2774 2207//2774 2206//2774
f 2154//2775 2208//2775 2205//2775
f 2157//2776 2208//2776 2154//2776
f 2205//2777 2208//2777 2207//2777
f 2206//2778 2209//2778 2174//2778
f 2207//2779 2209//2779 2206//2779
f 2208//2780 2209//2780 2207//2780
f 2157//2781 2209//2781 2208//2781
f 2209//2782 2210//2782 2174//2782
f 2174//2783 2210//2783 2162//2783
f 2162//2784 2211//2784 2157//2784
f 2157//2785 2211//2785 2209//2785
f 2210//2786 2211//2786 2162//2786
f 2209//2787 2211//2787 2210//2787
f 2162//2788 2212//2788 2173//2788
f 2173//2789 2212//2789 2165//2789
f 2165//2790 2213//2790 2162//2790
f 2212//2791 2213//2791 2165//2791
f 2162//2792 2213//2792 2212//2792
f 2165//2793 2214//2793 2175//2793
f 2175//2794 2214//2794 2166//2794
f 2166//2795 2215//2795 2165//2795
f 2214//2796 2215//2796 2166//2796
f 2165//2797 2215//2797 2214//2797
f 2176//2798 2216//2798 2217//2798
f 2175//2799 2217//2799 2218//2799
f 2175//2798 2176//2798 2217//2798
f 2173//2800 2218//2800 2219//2800
f 2173//2801 2175//2801 2218//2801
f 2174//2802 2219//2802 2220//2802
f 2174//2800 2173//2800 2219//2800
f 2206//2802 2174//2802 2220//2802
f 2202//2803 2220//2803 2221//2803
f 2202//2804 2221//2804 2222//2804
f 2202//2803 2206//2803 2220//2803
f 2198//9 2222//9 2223//9
f 2198//2804 2202//2804 2222//2804
f 2194//9 2198//9 2223//9
f 2190//2805 2223//2805 2224//2805
f 2190//2805 2194//2805 2223//2805
f 2186//2806 2224//2806 2225//2806
f 2186//2806 2190//2806 2224//2806
f 2172//2807 2225//2807 2226//2807
f 2172//2808 2226//2808 2227//2808
f 2172//2807 2186//2807 2225//2807
f 2171//2808 2172//2808 2227//2808
f 2170//2809 2227//2809 2228//2809
f 2170//2809 2171//2809 2227//2809
f 2179//2810 2228//2810 2229//2810
f 2179//2811 2170//2811 2228//2811
f 2179//2812 2229//2812 2230//2812
f 2231//2813 2230//2813 2232//2813
f 2231//2812 2179//2812 2230//2812
f 2233//2814 2232//2814 2234//2814
f 2233//2813 2231//2813 2232//2813
f 2235//2815 2234//2815 2236//2815
f 2235//2814 2233//2814 2234//2814
f 2237//2815 2235//2815 2236//2815
f 2238//2816 2236//2816 2239//2816
f 2238//2817 2239//2817 2240//2817
f 2238//2816 2237//2816 2236//2816
f 2241//453 2240//453 2242//453
f 2241//2817 2238//2817 2240//2817
f 2243//453 2241//453 2242//453
f 2244//2818 2242//2818 2245//2818
f 2244//2818 2243//2818 2242//2818
f 2246//2819 2245//2819 2247//2819
f 2246//2819 2244//2819 2245//2819
f 2248//2820 2247//2820 2249//2820
f 2248//2820 2246//2820 2247//2820
f 2250//2821 2249//2821 2251//2821
f 2250//2822 2251//2822 2252//2822
f 2250//2821 2248//2821 2249//2821
f 2253//2822 2250//2822 2252//2822
f 2176//2823 2252//2823 2216//2823
f 2176//2824 2253//2824 2252//2824
f 2230//2825 2229//2825 2254//2825
f 2230//2826 2254//2826 2255//2826
f 2232//2827 2255//2827 2256//2827
f 2232//2828 2230//2828 2255//2828
f 2234//2829 2256//2830 2257//2830
f 2234//2831 2232//2832 2256//2832
f 2236//2833 2257//2833 2258//2833
f 2236//2834 2234//2834 2257//2834
f 2239//2835 2258//2835 2259//2835
f 2239//2836 2236//2836 2258//2836
f 2240//2837 2259//2837 2260//2837
f 2240//2838 2239//2838 2259//2838
f 2242//2839 2260//2839 2261//2839
f 2242//2840 2240//2840 2260//2840
f 2245//2841 2261//2841 2262//2841
f 2245//2842 2242//2843 2261//2844
f 2263//2845 2245//2845 2262//2845
f 2247//2846 2245//2847 2263//2846
f 2249//2848 2263//2848 2264//2848
f 2249//2849 2247//2849 2263//2849
f 2251//2850 2264//2851 2265//2850
f 2251//2852 2249//2852 2264//2852
f 2252//2853 2265//2854 2266//2853
f 2252//2855 2251//2855 2265//2856
f 2216//2857 2266//2857 2267//2857
f 2216//2858 2252//2859 2266//2860
f 2268//1024 2269//1024 2270//1024
f 2268//36 2271//36 2272//36
f 2270//37 2271//37 2268//37
f 2269//37 2273//37 2270//37
f 2272//36 2274//36 2275//36
f 2271//148 2274//148 2272//148
f 2269//37 2276//37 2273//37
f 2276//37 2277//37 2273//37
f 2275//36 2278//36 2279//36
f 2274//58 2278//58 2275//58
f 2276//1239 2267//1239 2277//1239
f 2267//36 2280//36 2277//36
f 2279//53 2281//53 2282//53
f 2278//58 2281//58 2279//58
f 2266//172 2283//280 2267//172
f 2267//37 2283//37 2280//37
f 2282//36 2284//36 2285//36
f 2281//37 2284//37 2282//37
f 2266//172 2265//172 2283//172
f 2265//51 2286//51 2283//98
f 2285//37 2287//37 2288//37
f 2284//36 2287//36 2285//36
f 2264//198 2289//198 2265//198
f 2265//99 2289//99 2286//99
f 2287//36 2290//36 2288//36
f 2290//161 2291//161 2288//161
f 2264//1025 2263//1025 2289//1025
f 2289//37 2263//37 2292//37
f 2290//161 2293//161 2291//161
f 2293//37 2294//37 2291//37
f 2263//42 2262//42 2292//42
f 2292//99 2262//99 2295//99
f 2293//36 2296//36 2294//36
f 2297//99 2296//99 2293//99
f 2262//58 2261//58 2295//58
f 2295//198 2261//198 2298//198
f 2297//99 2254//99 2296//99
f 2299//37 2254//37 2297//37
f 2261//37 2260//37 2298//37
f 2298//36 2260//36 2300//36
f 2299//37 2255//37 2254//37
f 2301//1245 2255//1245 2299//1245
f 2260//37 2259//37 2300//37
f 2300//42 2259//42 2302//42
f 2303//178 2256//178 2301//178
f 2301//1250 2256//1250 2255//1250
f 2302//42 2258//42 2304//42
f 2259//1024 2258//1024 2302//1024
f 2258//1024 2257//1024 2304//1024
f 2305//198 2257//198 2303//198
f 2304//42 2257//42 2305//42
f 2303//37 2257//37 2256//37
f 2217//2861 2216//2861 2267//2861
f 2217//2862 2267//2862 2276//2862
f 2218//2863 2276//2863 2269//2863
f 2218//2864 2217//2864 2276//2864
f 2219//2865 2269//2866 2268//2866
f 2219//2867 2218//2867 2269//2867
f 2220//2868 2268//2868 2272//2868
f 2220//2869 2219//2869 2268//2869
f 2221//2870 2272//2870 2275//2870
f 2221//2871 2220//2871 2272//2871
f 2222//2872 2275//2872 2279//2872
f 2222//2873 2221//2873 2275//2873
f 2223//2874 2279//2874 2282//2874
f 2223//2875 2222//2875 2279//2875
f 2224//2876 2282//2876 2285//2876
f 2224//2877 2223//2877 2282//2877
f 2225//2878 2285//2878 2288//2878
f 2225//2879 2224//2879 2285//2879
f 2226//2880 2288//2880 2291//2880
f 2226//2881 2225//2881 2288//2881
f 2294//2882 2226//2882 2291//2882
f 2227//2883 2226//2883 2294//2883
f 2228//2884 2294//2884 2296//2884
f 2228//2885 2227//2885 2294//2885
f 2229//2886 2296//2886 2254//2886
f 2229//2887 2228//2887 2296//2887
f 2299//2888 2306//2888 2307//2888
f 2299//2889 2297//2889 2306//2889
f 2297//2890 2308//2890 2306//2890
f 2297//2891 2293//2892 2308//2892
f 2293//2893 2309//2893 2308//2893
f 2293//2850 2290//2850 2309//2850
f 2290//2894 2310//2894 2309//2894
f 2290//2895 2287//2895 2310//2895
f 2310//2896 2284//2897 2311//2897
f 2287//2898 2284//2898 2310//2898
f 2284//2899 2312//2899 2311//2899
f 2284//2900 2281//2900 2312//2900
f 2312//2901 2278//2901 2313//2901
f 2281//2902 2278//2902 2312//2902
f 2313//2838 2274//2838 2314//2838
f 2278//2903 2274//2903 2313//2903
f 2314//2835 2271//2835 2315//2835
f 2274//2836 2271//2836 2314//2836
f 2271//2904 2316//2904 2315//2904
f 2271//2904 2270//2904 2316//2904
f 2270//2905 2317//2905 2316//2905
f 2270//2906 2273//2906 2317//2906
f 2273//2907 2318//2907 2317//2907
f 2273//2908 2277//2908 2318//2908
f 2277//2909 2319//2909 2318//2909
f 2277//2910 2280//2910 2319//2910
f 2280//2886 2320//2886 2319//2886
f 2280//2887 2283//2887 2320//2887
f 2283//2911 2321//2911 2320//2911
f 2283//2912 2286//2912 2321//2912
f 2286//2913 2322//2914 2321//2913
f 2286//2915 2289//2915 2322//2882
f 2289//2916 2323//2916 2322//2916
f 2289//2917 2292//2917 2323//2917
f 2323//2918 2295//2918 2324//2918
f 2292//2919 2295//2919 2323//2919
f 2324//2876 2298//2876 2325//2876
f 2295//2920 2298//2920 2324//2920
f 2298//2921 2326//2921 2325//2921
f 2298//2875 2300//2875 2326//2875
f 2300//2922 2327//2922 2326//2922
f 2300//2873 2302//2873 2327//2873
f 2327//2870 2304//2870 2328//2870
f 2302//2923 2304//2923 2327//2923
f 2328//2924 2305//2924 2329//2924
f 2304//2925 2305//2925 2328//2925
f 2329//2926 2303//2926 2330//2926
f 2305//2866 2303//2866 2329//2866
f 2330//2927 2301//2927 2331//2927
f 2303//2928 2301//2928 2330//2928
f 2301//2929 2307//2929 2331//2929
f 2301//2930 2299//2930 2307//2930
f 2307//2931 2332//2931 2331//2931
f 2333//2932 2332//2932 2307//2932
f 2331//2933 2334//2933 2330//2933
f 2332//2934 2334//2934 2331//2934
f 2330//2935 2335//2935 2329//2935
f 2334//2936 2335//2936 2330//2936
f 2329//2937 2336//2937 2328//2937
f 2335//2938 2336//2938 2329//2938
f 2328//2939 2337//2939 2327//2939
f 2336//2940 2337//2940 2328//2940
f 2327//2941 2338//2941 2326//2941
f 2337//2942 2338//2942 2327//2942
f 2326//2943 2339//2943 2325//2943
f 2338//2944 2339//2944 2326//2944
f 2325//2945 2340//2945 2324//2945
f 2339//2946 2340//2946 2325//2946
f 2324//2947 2341//2947 2323//2947
f 2340//2948 2341//2948 2324//2948
f 2323//2949 2342//2949 2322//2949
f 2341//2950 2342//2950 2323//2950
f 2322//2951 2343//2951 2321//2951
f 2342//2952 2343//2952 2322//2952
f 2321//2953 2344//2953 2320//2953
f 2343//2954 2344//2954 2321//2954
f 2320//2955 2345//2955 2319//2955
f 2344//2956 2345//2956 2320//2956
f 2345//2957 2346//2957 2319//2957
f 2319//2958 2347//2958 2318//2958
f 2346//2959 2347//2959 2319//2959
f 2318//2960 2348//2960 2317//2960
f 2347//2961 2348//2961 2318//2961
f 2317//2962 2349//2962 2316//2962
f 2348//2963 2349//2963 2317//2963
f 2316//2964 2350//2964 2315//2964
f 2349//2965 2350//2965 2316//2965
f 2315//2966 2351//2966 2314//2966
f 2350//2967 2351//2967 2315//2967
f 2314//2968 2352//2968 2313//2968
f 2351//2969 2352//2969 2314//2969
f 2313//2970 2353//2970 2312//2970
f 2352//2971 2353//2971 2313//2971
f 2312//2972 2354//2972 2311//2972
f 2353//2973 2354//2973 2312//2973
f 2311//2974 2355//2974 2310//2974
f 2354//2975 2355//2975 2311//2975
f 2310//2976 2356//2976 2309//2976
f 2355//2977 2356//2977 2310//2977
f 2309//2978 2357//2978 2308//2978
f 2356//2979 2357//2979 2309//2979
f 2308//2980 2358//2980 2306//2980
f 2357//2981 2358//2981 2308//2981
f 2306//2982 2359//2982 2307//2982
f 2358//2983 2359//2983 2306//2983
f 2359//2984 2333//2984 2307//2984
f 2354//2985 2353//2985 2360//2985
f 2354//2986 2360//2986 2361//2986
f 2355//2987 2354//2987 2361//2987
f 2362//2988 2355//2988 2361//2988
f 2356//2989 2355//2989 2362//2989
f 2363//2990 2356//2990 2362//2990
f 2357//2991 2356//2991 2363//2991
f 2364//2992 2357//2992 2363//2992
f 2358//2993 2357//2993 2364//2993
f 2365//2994 2358//2994 2364//2994
f 2359//2995 2358//2995 2365//2995
f 2366//2996 2359//2996 2365//2996
f 2333//2997 2359//2997 2366//2997
f 2367//2998 2333//2998 2366//2998
f 2332//2999 2333//2999 2367//2999
f 2368//3000 2332//3000 2367//3000
f 2334//3001 2332//3001 2368//3001
f 2369//3002 2334//3002 2368//3002
f 2335//3003 2334//3003 2369//3003
f 2370//3004 2335//3004 2369//3004
f 2336//3005 2335//3005 2370//3005
f 2371//3006 2336//3006 2370//3006
f 2337//3007 2336//3007 2371//3007
f 2372//3008 2337//3008 2371//3008
f 2338//3009 2337//3009 2372//3009
f 2373//3010 2338//3010 2372//3010
f 2339//3011 2338//3011 2373//3011
f 2340//3012 2339//3012 2373//3012
f 2340//3013 2373//3013 2374//3013
f 2341//3014 2340//3014 2374//3014
f 2375//3015 2341//3015 2374//3015
f 2342//3016 2341//3016 2375//3016
f 2376//3017 2342//3017 2375//3017
f 2343//3018 2342//3018 2376//3018
f 2377//3019 2343//3019 2376//3019
f 2344//3020 2343//3020 2377//3020
f 2378//3021 2344//3021 2377//3021
f 2345//3022 2344//3022 2378//3022
f 2379//3023 2345//3023 2378//3023
f 2346//3024 2345//3024 2379//3024
f 2380//3025 2346//3025 2379//3025
f 2347//3026 2346//3026 2380//3026
f 2381//3027 2347//3027 2380//3027
f 2348//3028 2347//3028 2381//3028
f 2382//3029 2348//3029 2381//3029
f 2349//3030 2348//3030 2382//3030
f 2383//3031 2349//3031 2382//3031
f 2350//3032 2349//3032 2383//3032
f 2384//3033 2350//3033 2383//3033
f 2351//3034 2350//3034 2384//3034
f 2385//3035 2351//3035 2384//3035
f 2352//3036 2351//3036 2385//3036
f 2360//3037 2352//3037 2385//3037
f 2353//3038 2352//3038 2360//3038
f 2386//36 2364//36 2363//36
f 2387//37 2363//37 2362//37
f 2387//36 2386//36 2363//36
f 2388//37 2365//37 2364//37
f 2388//36 2364//36 2386//36
f 2389//37 2362//37 2361//37
f 2389//36 2387//36 2362//36
f 2390//36 2366//36 2365//36
f 2390//37 2365//37 2388//37
f 2391//37 2361//37 2360//37
f 2391//36 2389//36 2361//36
f 2392//37 2367//37 2366//37
f 2392//36 2366//36 2390//36
f 2385//36 2391//36 2360//36
f 2393//37 2391//37 2385//37
f 2368//36 2367//36 2392//36
f 2394//37 2368//37 2392//37
f 2384//36 2393//36 2385//36
f 2395//37 2393//37 2384//37
f 2369//36 2368//36 2394//36
f 2396//36 2369//36 2394//36
f 2383//37 2395//37 2384//37
f 2370//37 2369//37 2396//37
f 2397//1024 2395//1024 2383//1024
f 2382//37 2397//37 2383//37
f 2398//37 2370//37 2396//37
f 2371//37 2370//37 2398//37
f 2399//36 2397//36 2382//36
f 2381//36 2399//36 2382//36
f 2400//37 2371//37 2398//37
f 2372//37 2371//37 2400//37
f 2401//37 2399//37 2381//37
f 2380//36 2401//36 2381//36
f 2402//36 2372//36 2400//36
f 2373//37 2372//37 2402//37
f 2379//37 2401//37 2380//37
f 2379//37 2403//37 2401//37
f 2374//37 2373//37 2402//37
f 2374//37 2402//37 2404//37
f 2378//36 2403//36 2379//36
f 2378//36 2405//36 2403//36
f 2375//36 2404//36 2406//36
f 2375//37 2374//37 2404//37
f 2377//99 2407//99 2405//99
f 2377//36 2405//36 2378//36
f 2376//37 2407//37 2377//37
f 2376//36 2406//36 2407//36
f 2376//37 2375//37 2406//37
f 2389//3039 2391//3039 2408//3039
f 2389//3040 2408//3040 2409//3040
f 2387//3041 2409//3041 2410//3041
f 2387//3042 2389//3042 2409//3042
f 2386//3043 2410//3043 2411//3043
f 2386//3044 2387//3044 2410//3044
f 2388//3045 2411//3045 2412//3045
f 2388//3046 2386//3046 2411//3046
f 2390//3047 2412//3047 2413//3047
f 2390//3048 2388//3048 2412//3048
f 2392//3049 2390//3049 2413//3049
f 2414//3050 2392//3050 2413//3050
f 2394//3051 2392//3051 2414//3051
f 2415//3052 2394//3052 2414//3052
f 2396//3053 2394//3053 2415//3053
f 2416//3054 2396//3054 2415//3054
f 2398//3055 2396//3055 2416//3055
f 2417//3056 2398//3056 2416//3056
f 2400//3057 2398//3057 2417//3057
f 2418//3058 2400//3058 2417//3058
f 2402//3059 2400//3059 2418//3059
f 2409//3060 2408//3060 2419//3060
f 2409//3061 2419//3061 2420//3061
f 2410//3062 2420//3062 2421//3062
f 2410//3062 2409//3062 2420//3062
f 2422//3063 2410//3063 2421//3063
f 2411//3064 2410//3064 2422//3064
f 2412//3065 2422//3065 2423//3065
f 2412//3065 2411//3065 2422//3065
f 2424//3066 2412//3066 2423//3066
f 2413//3067 2412//3067 2424//3067
f 2414//3068 2424//3068 2425//3068
f 2414//3068 2413//3068 2424//3068
f 2415//3069 2425//3069 2426//3069
f 2415//3069 2414//3069 2425//3069
f 2416//3070 2426//3070 2427//3070
f 2416//3071 2415//3071 2426//3071
f 2417//3072 2427//3072 2428//3072
f 2417//3072 2416//3072 2427//3072
f 2429//3073 2417//3073 2428//3073
f 2418//3074 2417//3074 2429//3074
f 2419//3075 2430//3075 2420//3075
f 2431//3075 2430//3075 2419//3075
f 2420//3076 2432//3076 2421//3076
f 2430//3076 2432//3076 2420//3076
f 2421//3077 2433//3077 2422//3077
f 2432//3077 2433//3077 2421//3077
f 2422//3078 2434//3078 2423//3078
f 2433//3078 2434//3078 2422//3078
f 2423//3079 2435//3079 2424//3079
f 2434//3080 2435//3080 2423//3080
f 2435//3081 2425//3081 2424//3081
f 2435//3081 2436//3081 2425//3081
f 2425//3082 2437//3082 2426//3082
f 2436//3082 2437//3082 2425//3082
f 2426//3083 2438//3083 2427//3083
f 2437//3083 2438//3083 2426//3083
f 2427//3084 2439//3084 2428//3084
f 2438//3085 2439//3085 2427//3085
f 2428//3086 2440//3086 2429//3086
f 2439//3087 2440//3087 2428//3087
f 2440//3088 2441//3088 2429//3088
f 2429//3089 2441//3089 2442//3089
f 2442//3090 2443//3090 2444//3090
f 2441//3091 2443//3091 2442//3091
f 2444//3092 2445//3092 2446//3092
f 2443//3092 2445//3092 2444//3092
f 2446//3093 2447//3093 2448//3093
f 2445//3093 2447//3093 2446//3093
f 2448//3094 2449//3094 2450//3094
f 2447//3095 2449//3095 2448//3095
f 2449//3096 2451//3096 2450//3096
f 2449//3096 2452//3096 2451//3096
f 2451//3097 2453//3097 2454//3097
f 2452//3097 2453//3097 2451//3097
f 2453//3098 2455//3098 2454//3098
f 2453//3099 2456//3099 2455//3099
f 2456//3100 2457//3100 2455//3100
f 2456//3100 2458//3100 2457//3100
f 2457//3101 2431//3101 2419//3101
f 2458//3101 2431//3101 2457//3101
f 2459//3102 2458//3102 2460//3102
f 2431//3102 2458//3102 2459//3102
f 2460//3103 2456//3103 2461//3103
f 2458//3103 2456//3103 2460//3103
f 2461//455 2453//455 2462//455
f 2456//614 2453//614 2461//614
f 2462//3104 2452//3104 2463//3104
f 2453//3104 2452//3104 2462//3104
f 2463//3105 2449//3105 2464//3105
f 2464//3106 2449//3106 2465//3106
f 2452//3105 2449//3105 2463//3105
f 2449//3106 2447//3106 2465//3106
f 2465//3107 2445//3107 2466//3107
f 2466//459 2445//459 2467//459
f 2447//3107 2445//3107 2465//3107
f 2445//459 2443//459 2467//459
f 2467//3108 2441//3108 2468//3108
f 2443//3108 2441//3108 2467//3108
f 2468//3109 2440//3109 2469//3109
f 2441//3109 2440//3109 2468//3109
f 2461//300 2470//300 2471//300
f 2462//301 2472//301 2470//301
f 2462//300 2470//300 2461//300
f 2460//301 2461//301 2471//301
f 2463//300 2473//300 2472//300
f 2463//301 2472//301 2462//301
f 2474//301 2460//301 2471//301
f 2459//301 2460//301 2474//301
f 2464//300 2475//300 2473//300
f 2464//301 2473//301 2463//301
f 2476//300 2459//300 2474//300
f 2477//300 2475//300 2464//300
f 2465//300 2477//300 2464//300
f 2478//300 2459//300 2476//300
f 2479//301 2478//301 2476//301
f 2480//301 2477//301 2465//301
f 2466//300 2480//300 2465//300
f 2481//301 2478//301 2479//301
f 2482//301 2481//301 2479//301
f 2483//300 2480//300 2466//300
f 2467//300 2483//300 2466//300
f 2484//300 2481//300 2482//300
f 2485//300 2484//300 2482//300
f 2486//301 2483//301 2467//301
f 2468//301 2486//301 2467//301
f 2487//301 2484//301 2485//301
f 2488//300 2487//300 2485//300
f 2489//301 2486//301 2468//301
f 2469//300 2489//300 2468//300
f 2490//300 2487//300 2488//300
f 2491//300 2490//300 2488//300
f 2492//300 2489//300 2469//300
f 2493//300 2492//300 2469//300
f 2494//300 2490//300 2491//300
f 2494//301 2495//301 2490//301
f 2496//301 2492//301 2493//301
f 2496//300 2493//300 2497//300
f 2498//300 2495//300 2494//300
f 2498//301 2499//301 2495//301
f 2500//300 2496//300 2497//300
f 2500//301 2499//301 2498//301
f 2500//301 2497//301 2499//301
f 2475//3110 2477//3110 2501//3110
f 2501//3111 2477//3111 2502//3111
f 2502//3112 2480//3112 2503//3112
f 2477//3113 2480//3113 2502//3113
f 2503//3114 2483//3114 2504//3114
f 2480//3115 2483//3115 2503//3115
f 2504//3116 2486//3116 2505//3116
f 2483//3117 2486//3117 2504//3117
f 2505//3118 2489//3118 2506//3118
f 2486//3119 2489//3119 2505//3119
f 2506//3120 2492//3120 2507//3120
f 2489//3121 2492//3121 2506//3121
f 2507//3122 2496//3122 2508//3122
f 2492//3123 2496//3123 2507//3123
f 2508//3124 2500//3124 2509//3124
f 2496//3125 2500//3125 2508//3125
f 2509//3126 2498//3126 2510//3126
f 2500//3127 2498//3127 2509//3127
f 2510//3128 2494//3128 2511//3128
f 2511//3129 2494//3129 2512//3129
f 2498//3130 2494//3130 2510//3130
f 2512//3131 2491//3131 2513//3131
f 2494//3132 2491//3132 2512//3132
f 2513//3133 2488//3133 2514//3133
f 2491//3134 2488//3134 2513//3134
f 2514//3135 2485//3135 2515//3135
f 2488//3136 2485//3136 2514//3136
f 2515//3137 2482//3137 2516//3137
f 2485//3138 2482//3138 2515//3138
f 2516//3139 2479//3139 2517//3139
f 2482//3140 2479//3140 2516//3140
f 2517//3141 2476//3141 2518//3141
f 2479//3142 2476//3142 2517//3142
f 2518//481 2474//481 2519//481
f 2476//713 2474//713 2518//713
f 2519//3143 2471//3143 2520//3143
f 2474//3144 2471//3144 2519//3144
f 2520//3145 2470//3145 2521//3145
f 2471//3146 2470//3146 2520//3146
f 2521//3147 2472//3147 2522//3147
f 2470//3148 2472//3148 2521//3148
f 2522//3149 2473//3149 2523//3149
f 2472//3150 2473//3150 2522//3150
f 2523//3151 2475//3151 2501//3151
f 2473//3152 2475//3152 2523//3152
f 2524//99 2514//99 2515//99
f 2525//36 2513//36 2514//36
f 2525//37 2514//37 2524//37
f 2526//37 2515//37 2516//37
f 2526//99 2524//99 2515//99
f 2527//37 2511//37 2512//37
f 2527//37 2512//37 2513//37
f 2527//36 2513//36 2525//36
f 2528//36 2516//36 2517//36
f 2528//36 2526//36 2516//36
f 2529//36 2510//36 2511//36
f 2529//37 2511//37 2527//37
f 2518//36 2528//36 2517//36
f 2509//37 2510//37 2529//37
f 2530//37 2528//37 2518//37
f 2531//1024 2509//1024 2529//1024
f 2519//37 2530//37 2518//37
f 2508//37 2509//37 2531//37
f 2532//37 2530//37 2519//37
f 2533//37 2508//37 2531//37
f 2520//36 2532//36 2519//36
f 2507//37 2508//37 2533//37
f 2534//37 2532//37 2520//37
f 2535//36 2507//36 2533//36
f 2521//37 2534//37 2520//37
f 2536//112 2534//112 2521//112
f 2506//36 2535//36 2537//36
f 2506//37 2507//37 2535//37
f 2522//1024 2536//1024 2521//1024
f 2538//37 2536//37 2522//37
f 2505//36 2506//36 2537//36
f 2505//36 2537//36 2539//36
f 2523//42 2538//42 2522//42
f 2523//36 2540//36 2538//36
f 2504//37 2505//37 2539//37
f 2504//37 2539//37 2541//37
f 2501//36 2540//36 2523//36
f 2501//37 2542//37 2540//37
f 2503//37 2504//37 2541//37
f 2503//36 2541//36 2543//36
f 2502//36 2542//36 2501//36
f 2502//37 2503//37 2543//37
f 2502//36 2543//36 2542//36
f 2538//3153 2540//3153 2544//3153
f 2544//3154 2540//3154 2545//3154
f 2545//3155 2542//3155 2546//3155
f 2540//3156 2542//3156 2545//3156
f 2546//3157 2543//3157 2547//3157
f 2542//3157 2543//3157 2546//3157
f 2547//3158 2541//3158 2548//3158
f 2543//3158 2541//3158 2547//3158
f 2548//3159 2539//3159 2549//3159
f 2541//3159 2539//3159 2548//3159
f 2539//3160 2550//3160 2549//3160
f 2539//3161 2537//3161 2550//3161
f 2537//3162 2551//3162 2550//3162
f 2537//3163 2535//3163 2551//3163
f 2535//3164 2552//3164 2551//3164
f 2535//3165 2533//3165 2552//3165
f 2533//3166 2553//3166 2552//3166
f 2533//3167 2531//3167 2553//3167
f 2531//3168 2554//3168 2553//3168
f 2531//3169 2529//3169 2554//3169
f 2529//3170 2527//3170 2554//3170
f 2554//3171 2527//3171 2555//3171
f 2555//3172 2525//3172 2556//3172
f 2527//3173 2525//3173 2555//3173
f 2556//3174 2524//3174 2557//3174
f 2525//3175 2524//3175 2556//3175
f 2557//3176 2526//3176 2558//3176
f 2524//3176 2526//3176 2557//3176
f 2558//3177 2528//3177 2559//3177
f 2526//3178 2528//3178 2558//3178
f 2528//3179 2560//3179 2559//3179
f 2528//3180 2530//3180 2560//3180
f 2530//3181 2561//3181 2560//3181
f 2530//3182 2532//3182 2561//3182
f 2532//3183 2562//3183 2561//3183
f 2532//3183 2534//3183 2562//3183
f 2534//3184 2563//3184 2562//3184
f 2534//3185 2536//3185 2563//3185
f 2536//3186 2544//3186 2563//3186
f 2536//3186 2538//3186 2544//3186
f 2544//3187 2564//3187 2563//3187
f 2564//3187 2565//3187 2563//3187
f 2562//3188 2566//3188 2561//3188
f 2563//3189 2566//3189 2562//3189
f 2565//3189 2566//3189 2563//3189
f 2566//3188 2567//3188 2561//3188
f 2561//3190 2568//3190 2560//3190
f 2567//3190 2568//3190 2561//3190
f 2560//3191 2569//3191 2559//3191
f 2568//3191 2569//3191 2560//3191
f 2559//3192 2570//3192 2558//3192
f 2569//3192 2570//3192 2559//3192
f 2557//3193 2571//3193 2556//3193
f 2558//3194 2571//3194 2557//3194
f 2570//3194 2571//3194 2558//3194
f 2571//3193 2572//3193 2556//3193
f 2556//3195 2573//3195 2555//3195
f 2572//3195 2573//3195 2556//3195
f 2555//3196 2574//3196 2554//3196
f 2573//3196 2574//3196 2555//3196
f 2554//3197 2575//3197 2553//3197
f 2574//3197 2575//3197 2554//3197
f 2553//3198 2576//3198 2552//3198
f 2575//3198 2576//3198 2553//3198
f 2551//3199 2577//3199 2550//3199
f 2552//3200 2577//3200 2551//3200
f 2576//3200 2577//3200 2552//3200
f 2577//3199 2578//3199 2550//3199
f 2550//3201 2579//3201 2549//3201
f 2578//3201 2579//3201 2550//3201
f 2548//3202 2580//3202 2547//3202
f 2549//3203 2580//3203 2548//3203
f 2579//3203 2580//3203 2549//3203
f 2547//3204 2581//3204 2546//3204
f 2580//3202 2581//3202 2547//3202
f 2581//3204 2582//3204 2546//3204
f 2546//3205 2583//3205 2545//3205
f 2582//3205 2583//3205 2546//3205
f 2545//3206 2564//3206 2544//3206
f 2583//3206 2564//3206 2545//3206
f 2584//341 2571//320 2585//341
f 2584//312 2572//312 2571//312
f 2584//308 2586//316 2572//308
f 2571//440 2570//312 2585//312
f 2586//301 2573//301 2572//301
f 2570//338 2587//338 2585//338
f 2586//3207 2588//378 2573//378
f 2570//312 2569//312 2587//312
f 2588//308 2574//308 2573//308
f 2569//349 2589//349 2587//349
f 2588//343 2590//343 2574//343
f 2569//386 2568//386 2589//386
f 2590//300 2575//300 2574//300
f 2568//350 2591//350 2589//350
f 2590//308 2592//308 2575//308
f 2568//342 2567//342 2591//342
f 2592//386 2576//386 2575//386
f 2567//311 2593//311 2591//311
f 2592//311 2594//311 2576//311
f 2567//300 2566//300 2593//300
f 2594//300 2577//300 2576//300
f 2566//317 2595//317 2593//317
f 2594//377 2596//377 2577//377
f 2566//300 2565//300 2595//300
f 2596//300 2578//300 2577//300
f 2565//301 2597//301 2595//301
f 2596//301 2598//301 2578//301
f 2565//300 2564//300 2597//300
f 2598//308 2579//308 2578//308
f 2564//357 2599//357 2597//357
f 2598//377 2600//377 2579//377
f 2564//312 2583//312 2599//312
f 2600//342 2580//342 2579//342
f 2583//441 2601//441 2599//441
f 2583//301 2582//301 2601//301
f 2600//358 2602//358 2580//358
f 2580//300 2602//300 2581//300
f 2602//332 2603//332 2581//332
f 2581//312 2603//312 2582//312
f 2582//3208 2603//3208 2601//3208
f 635//3106 2603//3106 643//3106
f 2601//3106 2603//3106 635//3106
f 643//3107 2602//3107 658//3107
f 2603//3107 2602//3107 643//3107
f 658//459 2600//459 664//459
f 2602//459 2600//459 658//459
f 664//3108 2598//3108 675//3108
f 675//3109 2598//3109 676//3109
f 2600//3108 2598//3108 664//3108
f 2598//3109 2596//3109 676//3109
f 676//3209 2594//3209 687//3209
f 687//3210 2594//3210 688//3210
f 2596//3209 2594//3209 676//3209
f 2594//3210 2592//3210 688//3210
f 688//608 2590//608 690//608
f 690//3211 2590//3211 691//3211
f 2592//608 2590//608 688//608
f 691//3212 2588//3212 679//3212
f 2590//3211 2588//3211 691//3211
f 2588//3212 2586//3212 679//3212
f 679//3213 2586//3213 680//3213
f 2586//3213 2584//3213 680//3213
f 680//3214 2585//3214 665//3214
f 2584//3214 2585//3214 680//3214
f 665//610 2587//610 659//610
f 659//3215 2587//3215 644//3215
f 2585//610 2587//610 665//610
f 2587//3215 2589//3215 644//3215
f 644//3216 2591//3216 639//3216
f 2589//3216 2591//3216 644//3216
f 639//3102 2593//3102 634//3102
f 634//3103 2593//3103 631//3103
f 2591//3102 2593//3102 639//3102
f 2593//3103 2595//3103 631//3103
f 631//614 2597//614 630//614
f 2595//455 2597//455 631//455
f 630//3217 2599//3217 633//3217
f 2597//3104 2599//3104 630//3104
f 633//3105 2601//3105 635//3105
f 2599//3105 2601//3105 633//3105
f 2440//3218 2439//3218 2469//3218
f 2469//3209 2439//3209 2493//3209
f 2493//3210 2438//3210 2497//3210
f 2439//3210 2438//3210 2493//3210
f 2497//608 2437//608 2499//608
f 2438//3219 2437//3219 2497//3219
f 2499//3220 2436//3220 2495//3220
f 2437//3221 2436//3221 2499//3221
f 2495//3212 2435//3212 2490//3212
f 2490//3213 2435//3213 2487//3213
f 2436//3212 2435//3212 2495//3212
f 2435//3213 2434//3213 2487//3213
f 2487//3214 2433//3214 2484//3214
f 2484//610 2433//610 2481//610
f 2434//3214 2433//3214 2487//3214
f 2433//610 2432//610 2481//610
f 2481//3215 2430//3215 2478//3215
f 2432//3215 2430//3215 2481//3215
f 2478//3216 2431//3216 2459//3216
f 2430//3216 2431//3216 2478//3216
f 2604//3222 2418//3222 2429//3222
f 2604//3223 2429//3223 2442//3223
f 2605//3224 2442//3224 2444//3224
f 2605//3224 2604//3224 2442//3224
f 2606//3225 2444//3226 2446//3227
f 2606//3228 2605//3229 2444//3229
f 2448//3230 2606//3230 2446//3230
f 2607//3231 2606//3231 2448//3231
f 2608//3232 2448//3232 2450//3232
f 2608//3233 2607//3233 2448//3233
f 2609//3234 2450//3234 2451//3234
f 2609//3235 2608//3235 2450//3235
f 2454//3236 2609//3236 2451//3236
f 2610//3237 2609//3237 2454//3237
f 2611//3238 2454//3238 2455//3238
f 2611//3238 2610//3238 2454//3238
f 2612//3239 2455//3239 2457//3239
f 2612//3240 2611//3240 2455//3240
f 2408//3241 2457//3241 2419//3241
f 2408//3242 2612//3242 2457//3242
f 2404//3243 2402//3243 2418//3243
f 2404//3244 2418//3244 2604//3244
f 2406//3245 2604//3245 2605//3245
f 2406//3246 2404//3246 2604//3246
f 2407//3247 2605//3247 2606//3247
f 2407//3248 2406//3248 2605//3248
f 2405//3249 2606//3249 2607//3249
f 2405//3250 2407//3250 2606//3250
f 2403//3251 2607//3251 2608//3251
f 2403//3252 2405//3252 2607//3252
f 2401//3253 2403//3253 2608//3253
f 2609//3254 2401//3254 2608//3254
f 2399//3255 2401//3255 2609//3255
f 2610//3256 2399//3256 2609//3256
f 2397//3257 2399//3257 2610//3257
f 2611//3258 2397//3258 2610//3258
f 2395//3259 2397//3259 2611//3259
f 2612//3260 2395//3260 2611//3260
f 2393//3261 2395//3261 2612//3261
f 2408//3262 2393//3262 2612//3262
f 2391//3263 2393//3263 2408//3263
f 2089//3264 2093//3264 2253//3264
f 2093//3265 2096//3265 2250//3265
f 2096//3266 2099//3266 2248//3266
f 2120//3267 2233//3267 2235//3267
f 2123//3268 2231//3268 2233//3268
f 2126//3269 2179//3269 2231//3269
f 2126//3270 2181//3270 2179//3270
f 2126//3271 2182//3271 2181//3271
f 2126//3272 2127//3272 2182//3272
f 2176//3273 2613//3273 2253//3273
f 2089//3274 2613//3275 2088//3276
f 2177//3277 2613//3277 2176//3277
f 2178//3278 2613//3278 2177//3278
f 2088//3279 2613//3280 2178//3281
f 2253//3282 2613//3282 2089//3282
f 2253//3283 2614//3283 2250//3283
f 2093//3284 2614//3284 2253//3284
f 2250//3285 2614//3285 2093//3285
f 2250//3286 2615//3287 2248//3288
f 2096//3289 2615//3290 2250//3291
f 2248//3292 2615//3293 2096//3294
f 2248//3295 2616//3295 2246//3295
f 2099//3296 2616//3296 2248//3296
f 2616//3297 2617//3297 2246//3297
f 2100//3298 2618//3298 2099//3298
f 2099//3299 2618//3299 2616//3299
f 2616//3300 2618//3300 2617//3300
f 2246//3301 2619//3301 2244//3301
f 2617//3302 2619//3302 2246//3302
f 2100//3303 2619//3303 2618//3303
f 2618//3304 2619//3304 2617//3304
f 2619//3305 2620//3305 2244//3305
f 2105//3306 2621//3306 2100//3306
f 2619//3307 2621//3307 2620//3307
f 2100//3308 2621//3308 2619//3308
f 2620//3309 2622//3309 2244//3309
f 2244//3310 2622//3310 2243//3310
f 2105//3311 2622//3311 2621//3311
f 2621//3312 2622//3312 2620//3312
f 2622//3313 2623//3313 2243//3313
f 2108//3314 2624//3314 2105//3314
f 2105//3315 2624//3315 2622//3315
f 2622//3316 2624//3316 2623//3316
f 2243//3317 2625//3317 2241//3317
f 2624//3318 2625//3318 2623//3318
f 2108//3319 2625//3319 2624//3319
f 2623//3320 2625//3320 2243//3320
f 2625//3321 2626//3321 2241//3321
f 2625//3322 2627//3322 2626//3322
f 2111//3323 2627//3323 2108//3323
f 2108//3324 2627//3324 2625//3324
f 2626//3325 2628//3325 2241//3325
f 2627//3326 2628//3326 2626//3326
f 2111//3327 2628//3327 2627//3327
f 2241//3328 2628//3328 2238//3328
f 2628//3329 2629//3329 2238//3329
f 2111//3330 2630//3330 2628//3330
f 2628//3331 2630//3331 2629//3331
f 2112//3332 2630//3332 2111//3332
f 2238//3333 2631//3333 2237//3333
f 2629//3334 2631//3334 2238//3334
f 2630//3335 2631//3335 2629//3335
f 2112//3336 2631//3336 2630//3336
f 2631//3337 2632//3337 2237//3337
f 2112//3338 2633//3338 2631//3338
f 2115//3339 2633//3339 2112//3339
f 2631//3340 2633//3340 2632//3340
f 2237//3341 2634//3341 2235//3341
f 2632//3342 2634//3342 2237//3342
f 2633//3343 2634//3343 2632//3343
f 2115//3344 2634//3344 2633//3344
f 2634//3345 2635//3345 2235//3345
f 2235//3346 2635//3346 2120//3346
f 2120//3347 2636//3347 2115//3347
f 2115//3348 2636//3348 2634//3348
f 2635//3349 2636//3349 2120//3349
f 2634//3350 2636//3350 2635//3350
f 2120//3351 2637//3351 2233//3351
f 2233//3352 2637//3352 2123//3352
f 2123//3353 2638//3353 2120//3353
f 2637//3354 2638//3354 2123//3354
f 2120//3355 2638//3355 2637//3355
f 2123//3356 2639//3356 2231//3356
f 2231//3357 2639//3357 2126//3357
f 2126//3358 2640//3358 2123//3358
f 2639//3359 2640//3359 2126//3359
f 2123//3360 2640//3360 2639//3360
f 684//574 701//574 2641//574
f 2642//457 684//457 2641//457
f 2643//804 2644//804 681//804
f 2643//458 681//458 682//458
f 2645//459 682//459 683//459
f 2645//692 2643//692 682//692
f 2642//3361 683//3361 684//3361
f 2642//460 2645//460 683//3362
f 2641//341 2646//341 2647//341
f 2641//332 2647//332 2648//332
f 2649//300 2648//300 2650//300
f 2649//301 2641//301 2648//301
f 2642//420 2649//420 2651//420
f 2642//301 2641//301 2649//301
f 2644//300 2651//300 2652//300
f 2644//329 2642//329 2651//329
f 2643//3363 2645//3364 2642//3364
f 2643//326 2642//311 2644//311
f 681//9 2644//9 2652//9
f 681//9 2652//9 677//9
f 2652//3365 2651//3365 677//3365
f 677//3366 2651//3366 685//3366
f 685//471 2649//471 686//471
f 2651//471 2649//471 685//471
f 686//3367 2650//3367 689//3367
f 2649//3368 2650//3368 686//3368
f 2648//453 694//453 689//453
f 2648//453 689//453 2650//453
f 2646//514 2641//514 701//514
f 2646//582 701//582 698//582
f 2647//505 698//505 695//505
f 2647//3369 2646//3369 698//3369
f 2648//510 695//510 694//510
f 2648//510 2647//510 695//510
f 2653//9 625//9 632//9
f 2653//9 632//9 2654//9
f 2655//3370 2656//3370 624//3370
f 2655//3371 624//3371 618//3371
f 2657//3219 618//3219 622//3219
f 2657//3372 2655//3372 618//3372
f 2653//535 622//535 625//535
f 2653//462 2657//462 622//462
f 2654//3373 2658//3373 2659//3374
f 2654//431 2659//341 2660//431
f 2661//301 2660//301 2662//301
f 2661//342 2654//342 2660//342
f 2656//300 2663//300 2664//300
f 2653//300 2661//300 2663//300
f 2653//300 2654//300 2661//300
f 2653//300 2663//300 2656//300
f 2655//300 2657//300 2653//300
f 2655//3375 2653//3375 2656//3375
f 624//470 2656//470 2664//470
f 624//471 2664//471 629//471
f 2664//3376 2663//3376 629//3376
f 629//3376 2663//3376 640//3376
f 640//453 2661//453 641//453
f 2663//453 2661//453 640//453
f 641//3377 2662//3377 642//3377
f 2661//3378 2662//3378 641//3378
f 2660//457 654//457 642//457
f 2660//520 642//520 2662//520
f 2658//804 2654//804 632//804
f 2658//3379 632//3379 645//3379
f 2659//3380 645//3380 649//3380
f 2659//459 2658//459 645//459
f 2660//3381 649//3381 654//3381
f 2660//606 2659//606 649//606
f 2665//470 646//470 623//470
f 2665//471 623//471 2666//471
f 2667//3382 2668//3382 657//3382
f 2667//650 657//650 651//650
f 2669//610 651//610 647//610
f 2669//3383 2667//3383 651//3383
f 2665//1014 647//1014 646//1014
f 2665//552 2669//552 647//552
f 2666//3384 2670//3384 2671//3385
f 2666//301 2671//383 2672//301
f 2673//300 2672//300 2674//300
f 2673//312 2666//312 2672//312
f 2668//301 2675//301 2676//301
f 2665//301 2673//301 2675//301
f 2665//300 2666//300 2673//300
f 2665//300 2675//300 2668//300
f 2669//3386 2668//3387 2667//3387
f 2669//313 2665//3388 2668//3388
f 657//453 2668//453 2676//453
f 657//453 2676//453 636//453
f 2676//3389 2675//3389 636//3389
f 636//3390 2675//3390 637//3390
f 637//457 2673//457 638//457
f 2675//574 2673//574 637//574
f 638//3391 2674//3391 627//3391
f 2673//3391 2674//3391 638//3391
f 2672//9 626//9 627//9
f 2672//9 627//9 2674//9
f 2670//3370 2666//3370 623//3370
f 2670//3392 623//3392 617//3392
f 2671//608 617//608 620//608
f 2671//3393 2670//3393 617//3393
f 2672//738 620//738 626//738
f 2672//462 2671//462 620//462
f 604//457 600//457 588//457
f 604//457 588//457 590//457
f 2677//989 628//989 2678//989
f 619//1000 628//1000 2677//1000
f 2678//990 621//990 2679//990
f 628//990 621//990 2678//990
f 2679//991 616//991 2680//991
f 621//991 616//991 2679//991
f 2680//992 613//992 2681//992
f 616//992 613//992 2680//992
f 2682//3394 2683//3394 2684//3394
f 2685//3395 2686//3396 2687//3395
f 2687//3397 2686//3395 2688//3397
f 2678//3398 2689//3399 2677//3400
f 2690//3401 2689//3402 2685//3403
f 2677//3404 2689//3405 2690//3406
f 2685//3407 2689//3408 2686//3409
f 2688//3410 2691//3411 2692//3412
f 2686//3413 2691//3414 2688//3415
f 2679//3416 2693//3417 2678//3416
f 2680//3418 2693//3419 2679//3420
f 2689//3421 2693//3421 2686//3421
f 2686//3422 2693//3422 2691//3422
f 2678//3417 2693//3423 2689//3417
f 2692//3424 2694//3425 2682//3426
f 2691//3427 2694//3428 2692//3429
f 2693//3430 2694//3431 2691//3432
f 2682//3433 2694//3433 2683//3433
f 2681//3434 2695//3435 2680//3436
f 2683//3437 2695//3437 2696//3437
f 2696//3438 2695//3439 2681//3440
f 2680//3441 2695//3442 2693//3443
f 2693//3444 2695//3445 2694//3446
f 2694//3447 2695//3447 2683//3447
f 2697//3448 2698//3448 2681//3448
f 2683//3449 2698//3449 2684//3449
f 2696//3450 2698//3450 2683//3450
f 2681//3451 2698//3451 2696//3451
f 2684//3452 2698//3452 2699//3452
f 2698//3453 2700//3453 2699//3453
f 2701//3454 2702//3454 2697//3454
f 2698//3455 2702//3455 2700//3455
f 2697//3456 2702//3456 2698//3456
f 2699//3457 2703//3457 2704//3457
f 2700//3458 2703//3458 2699//3458
f 2701//3459 2703//3459 2702//3459
f 2702//3460 2703//3460 2700//3460
f 2703//3461 2705//3461 2704//3461
f 2706//3462 2707//3463 2701//3464
f 2701//3465 2707//3466 2703//3467
f 2703//3468 2707//3468 2705//3468
f 2708//3469 2709//3470 2706//3471
f 2704//3472 2709//3472 2710//3472
f 2707//3473 2709//3473 2705//3473
f 2705//3474 2709//3474 2704//3474
f 2706//3475 2709//3476 2707//3477
f 2709//3478 2711//3478 2710//3478
f 2712//3479 2713//3479 2708//3479
f 2708//3480 2713//3480 2709//3480
f 2709//3481 2713//3481 2711//3481
f 2677//3482 2714//3483 2712//3484
f 2710//3485 2714//3485 2687//3485
f 2687//3486 2714//3486 2685//3486
f 2685//3487 2714//3487 2690//3487
f 2690//3488 2714//3489 2677//3490
f 2712//3491 2714//3491 2713//3491
f 2711//3492 2714//3492 2710//3492
f 2713//3493 2714//3493 2711//3493
f 2681//454 613//454 2697//454
f 2697//3494 612//3494 2701//3494
f 613//3495 612//3495 2697//3495
f 2701//456 614//456 2706//456
f 2706//548 614//548 2708//548
f 612//3496 614//3496 2701//3496
f 2708//3497 615//3497 2712//3497
f 614//3498 615//3498 2708//3498
f 2712//612 619//612 2677//612
f 615//3499 619//3499 2712//3499
f 2715//3500 2716//3501 2717//3502
f 2718//3503 2719//3504 2720//3505
f 2720//3506 2719//3507 2721//3508
f 2699//3509 2722//3509 2684//3509
f 2723//3510 2722//3511 2718//3512
f 2684//3513 2722//3513 2723//3513
f 2718//3514 2722//3515 2719//3516
f 2721//3517 2724//3517 2725//3517
f 2719//3518 2724//3518 2721//3518
f 2699//3519 2724//3519 2722//3519
f 2722//3520 2724//3520 2719//3520
f 2724//3521 2726//3521 2725//3521
f 2704//3522 2727//3522 2699//3522
f 2724//3523 2727//3523 2726//3523
f 2699//3524 2727//3524 2724//3524
f 2728//3525 2729//3526 2730//3527
f 2725//3528 2729//3528 2728//3528
f 2726//3529 2729//3529 2725//3529
f 2704//3530 2731//3530 2727//3530
f 2727//3531 2731//3532 2726//3533
f 2726//3534 2731//3535 2729//3536
f 2729//3537 2732//3538 2730//3539
f 2710//3540 2733//3540 2704//3540
f 2704//3541 2733//3541 2731//3541
f 2729//3542 2733//3542 2732//3542
f 2731//3543 2733//3543 2729//3543
f 2730//3544 2734//3544 2715//3544
f 2710//3545 2734//3545 2733//3545
f 2732//3546 2734//3546 2730//3546
f 2733//3547 2734//3547 2732//3547
f 2716//3548 2735//3549 2736//3550
f 2715//3551 2735//3552 2716//3553
f 2734//3554 2735//3554 2715//3554
f 2736//3555 2737//3555 2687//3555
f 2687//3556 2737//3556 2710//3556
f 2735//3557 2737//3558 2736//3559
f 2710//3560 2737//3560 2734//3560
f 2734//3561 2737//3561 2735//3561
f 2738//3562 2739//3562 2740//3562
f 2741//3563 2740//3563 2742//3563
f 2741//3563 2738//3563 2740//3563
f 2743//3562 2744//3562 2739//3562
f 2743//3562 2739//3562 2738//3562
f 2745//3564 2746//3564 2747//3564
f 2745//3565 2742//3565 2746//3565
f 2745//3565 2741//3565 2742//3565
f 2748//3563 2738//3563 2741//3563
f 2748//3563 2743//3563 2738//3563
f 2749//3566 2750//3566 2751//3566
f 2749//3567 2751//3567 2744//3567
f 2749//3563 2743//3563 2748//3563
f 2749//3562 2744//3562 2743//3562
f 2752//3564 2747//3564 2728//3564
f 2752//3565 2741//3565 2745//3565
f 2752//3565 2748//3565 2741//3565
f 2752//3568 2745//3568 2747//3568
f 2753//3569 2715//3569 2717//3569
f 2753//3570 2717//3570 2750//3570
f 2753//3563 2749//3563 2748//3563
f 2753//3571 2750//3571 2749//3571
f 2754//3572 2728//3572 2730//3572
f 2754//3573 2730//3573 2715//3573
f 2754//3574 2715//3574 2753//3574
f 2754//3568 2752//3568 2728//3568
f 2754//3565 2748//3565 2752//3565
f 2754//3565 2753//3565 2748//3565
f 2755//3575 2739//3575 2756//3575
f 2740//3576 2739//3576 2755//3576
f 2757//3577 2740//3577 2755//3577
f 2742//3578 2757//3578 2758//3578
f 2742//3579 2740//3579 2757//3579
f 2759//3580 2742//3580 2758//3580
f 2746//3581 2742//3581 2759//3581
f 2760//3582 2746//3582 2759//3582
f 2747//3583 2760//3583 2761//3583
f 2747//3584 2746//3584 2760//3584
f 2762//3585 2763//3585 2764//3585
f 2765//3586 2763//3586 2766//3586
f 2767//3587 2763//3587 2765//3587
f 2764//3588 2763//3588 2767//3588
f 2766//3589 2763//3589 2768//3589
f 2763//3590 2769//3590 2768//3590
f 2770//3591 2771//3591 2762//3591
f 2763//3592 2771//3592 2769//3592
f 2762//3593 2771//3593 2763//3593
f 2761//3594 2772//3594 2770//3594
f 2768//3595 2772//3595 2773//3595
f 2770//3596 2772//3596 2771//3596
f 2771//3597 2772//3597 2769//3597
f 2769//3598 2772//3598 2768//3598
f 2772//3599 2774//3599 2773//3599
f 2760//3600 2775//3600 2761//3600
f 2761//3601 2775//3601 2772//3601
f 2772//3602 2775//3602 2774//3602
f 2758//3603 2776//3603 2759//3603
f 2759//3604 2776//3605 2760//3606
f 2773//3607 2776//3607 2777//3607
f 2777//3608 2776//3608 2778//3608
f 2778//3609 2776//3609 2779//3609
f 2779//3610 2776//3610 2758//3610
f 2774//3611 2776//3611 2773//3611
f 2760//3605 2776//3612 2775//3613
f 2775//3614 2776//3614 2774//3614
f 2770//3615 2747//3615 2761//3615
f 2780//3616 2747//3616 2770//3616
f 2762//3617 2780//3617 2770//3617
f 2781//3618 2762//3618 2764//3618
f 2781//3619 2780//3619 2762//3619
f 2782//3620 2781//3620 2764//3620
f 2783//3621 2781//3621 2782//3621
f 2784//3622 2783//3622 2782//3622
f 2739//3623 2784//3623 2756//3623
f 2739//3624 2783//3624 2784//3624
f 2785//3625 2747//3625 2780//3625
f 2786//3626 2780//3626 2781//3626
f 2786//3626 2785//3626 2780//3626
f 2787//3625 2728//3625 2747//3625
f 2787//3625 2747//3625 2785//3625
f 2788//3627 2783//3627 2739//3627
f 2788//3628 2781//3628 2783//3628
f 2788//3629 2786//3629 2781//3629
f 2789//3626 2785//3626 2786//3626
f 2789//3626 2787//3626 2785//3626
f 2790//3630 2721//3630 2725//3630
f 2790//3631 2725//3631 2728//3631
f 2790//3625 2728//3625 2787//3625
f 2791//3627 2739//3627 2744//3627
f 2791//3629 2786//3629 2788//3629
f 2791//3629 2789//3629 2786//3629
f 2791//3627 2788//3627 2739//3627
f 2792//3632 2793//3632 2720//3632
f 2792//3633 2720//3633 2721//3633
f 2792//3626 2787//3626 2789//3626
f 2792//3634 2721//3634 2790//3634
f 2792//3626 2790//3626 2787//3626
f 2794//3635 2744//3635 2795//3635
f 2794//3636 2795//3636 2793//3636
f 2794//3637 2793//3637 2792//3637
f 2794//3638 2791//3638 2744//3638
f 2794//3629 2789//3629 2791//3629
f 2794//3629 2792//3629 2789//3629
f 2793//3639 2718//3639 2720//3639
f 2716//3640 2796//3641 2717//3642
f 2717//3643 2796//3644 2750//3645
f 2688//3646 2797//3646 2687//3646
f 2736//3647 2797//3648 2716//3649
f 2687//3650 2797//3650 2736//3650
f 2716//3651 2797//3652 2796//3653
f 2750//3654 2798//3654 2751//3654
f 2796//3655 2798//3655 2750//3655
f 2688//3656 2798//3656 2797//3656
f 2797//3657 2798//3657 2796//3657
f 2798//3658 2799//3658 2751//3658
f 2692//3659 2800//3659 2688//3659
f 2798//3660 2800//3661 2799//3660
f 2688//3662 2800//3662 2798//3662
f 2751//3663 2801//3663 2744//3663
f 2799//3664 2801//3664 2751//3664
f 2800//3665 2801//3666 2799//3667
f 2692//3668 2802//3668 2800//3668
f 2800//3669 2802//3670 2801//3671
f 2744//3672 2803//3673 2795//3674
f 2801//3675 2803//3676 2744//3677
f 2682//3678 2804//3678 2692//3678
f 2692//3679 2804//3679 2802//3679
f 2802//3680 2804//3681 2801//3680
f 2801//3682 2804//3682 2803//3682
f 2795//3683 2805//3683 2793//3683
f 2682//3684 2805//3684 2804//3684
f 2804//3685 2805//3685 2803//3685
f 2803//3686 2805//3686 2795//3686
f 2805//3687 2806//3687 2793//3687
f 2793//3688 2806//3688 2718//3688
f 2718//3689 2807//3689 2723//3689
f 2723//3690 2807//3690 2684//3690
f 2684//3691 2807//3691 2682//3691
f 2806//3692 2807//3692 2718//3692
f 2682//3693 2807//3693 2805//3693
f 2805//3694 2807//3694 2806//3694
f 2757//3695 2808//3695 2758//3695
f 2778//3696 2808//3696 2777//3696
f 2779//3697 2808//3697 2778//3697
f 2758//3698 2808//3698 2779//3698
f 2777//3699 2808//3699 2809//3699
f 2808//3700 2810//3700 2809//3700
f 2755//3701 2811//3701 2757//3701
f 2757//3701 2811//3701 2808//3701
f 2808//3702 2811//3702 2810//3702
f 2756//3703 2812//3703 2755//3703
f 2809//3704 2812//3704 2813//3704
f 2755//3705 2812//3705 2811//3705
f 2811//3706 2812//3706 2810//3706
f 2810//3707 2812//3707 2809//3707
f 2812//3708 2814//3708 2813//3708
f 2784//3709 2815//3709 2756//3709
f 2756//3710 2815//3710 2812//3710
f 2812//3711 2815//3711 2814//3711
f 2813//3712 2816//3712 2766//3712
f 2766//3713 2816//3713 2765//3713
f 2765//3714 2816//3714 2767//3714
f 2767//3715 2816//3715 2764//3715
f 2764//3716 2816//3716 2782//3716
f 2782//3717 2816//3717 2784//3717
f 2814//3718 2816//3718 2813//3718
f 2784//3719 2816//3719 2815//3719
f 2815//3720 2816//3720 2814//3720
f 2817//3721 2818//3721 2819//3721
f 2819//3722 2818//3722 2820//3722
f 2809//3723 2821//3723 2777//3723
f 2822//3724 2821//3724 2817//3724
f 2777//3725 2821//3725 2822//3725
f 2817//3726 2821//3726 2818//3726
f 2820//3727 2823//3727 2824//3727
f 2818//3728 2823//3728 2820//3728
f 2809//3729 2825//3729 2821//3729
f 2818//3730 2825//3730 2823//3730
f 2821//3731 2825//3731 2818//3731
f 2824//3732 2826//3732 2827//3732
f 2823//3733 2826//3733 2824//3733
f 2813//3734 2828//3734 2809//3734
f 2825//3735 2828//3735 2823//3735
f 2823//3736 2828//3736 2826//3736
f 2809//3737 2828//3737 2825//3737
f 2827//3738 2829//3738 2830//3738
f 2826//3739 2829//3739 2827//3739
f 2828//3740 2831//3740 2826//3740
f 2813//3741 2831//3741 2828//3741
f 2826//3742 2831//3742 2829//3742
f 2830//3743 2832//3743 2833//3743
f 2833//3744 2832//3744 2834//3744
f 2834//3745 2832//3745 2835//3745
f 2829//3746 2832//3746 2830//3746
f 2835//3747 2836//3747 2837//3747
f 2837//3748 2836//3748 2766//3748
f 2766//3749 2836//3749 2813//3749
f 2832//3750 2836//3750 2835//3750
f 2813//3751 2836//3751 2831//3751
f 2831//3752 2836//3753 2829//3754
f 2829//3755 2836//3756 2832//3757
f 2838//609 2827//609 2830//609
f 2839//610 2830//610 2833//610
f 2839//612 2833//612 2834//612
f 2839//3758 2838//3758 2830//3758
f 2840//607 2834//607 2841//607
f 2840//608 2841//608 2842//608
f 2840//3759 2839//3759 2834//3759
f 2843//462 2842//462 2844//462
f 2843//3760 2840//3760 2842//3760
f 2840//3761 2843//3761 2845//3761
f 2840//3762 2845//3762 2846//3762
f 2839//3763 2846//3763 2847//3763
f 2839//3764 2840//3764 2846//3764
f 2838//3765 2847//3765 2848//3765
f 2838//3765 2839//3765 2847//3765
f 2847//300 2849//300 2848//300
f 2846//301 2845//301 2850//301
f 2846//300 2850//300 2849//300
f 2846//300 2849//300 2847//300
f 2851//3766 2838//3766 2848//3766
f 2851//3767 2848//3767 2849//3767
f 2852//3768 2849//3768 2850//3768
f 2852//3769 2851//3769 2849//3769
f 2843//3770 2850//3770 2845//3770
f 2843//3770 2852//3770 2850//3770
f 2843//980 2844//980 2853//980
f 2852//459 2853//459 2854//459
f 2852//460 2854//460 2819//460
f 2852//3771 2843//3771 2853//3771
f 2851//575 2819//575 2820//575
f 2851//455 2820//455 2824//455
f 2851//3772 2852//3772 2819//3772
f 2838//456 2824//456 2827//456
f 2838//3773 2851//3773 2824//3773
f 2835//3774 2855//3774 2834//3774
f 2834//3775 2855//3775 2841//3775
f 2768//3776 2856//3776 2766//3776
f 2837//3777 2856//3777 2835//3777
f 2766//3778 2856//3778 2837//3778
f 2835//3779 2856//3779 2855//3779
f 2841//3780 2857//3780 2842//3780
f 2855//3781 2857//3781 2841//3781
f 2768//3782 2858//3782 2856//3782
f 2855//3783 2858//3783 2857//3783
f 2856//3784 2858//3784 2855//3784
f 2842//3785 2859//3785 2844//3785
f 2857//3786 2859//3786 2842//3786
f 2773//3787 2860//3787 2768//3787
f 2858//3788 2860//3788 2857//3788
f 2857//3789 2860//3789 2859//3789
f 2768//3790 2860//3790 2858//3790
f 2844//3791 2861//3791 2853//3791
f 2859//3792 2861//3792 2844//3792
f 2860//3793 2862//3793 2859//3793
f 2773//3794 2862//3794 2860//3794
f 2859//3795 2862//3795 2861//3795
f 2853//3796 2863//3797 2854//3797
f 2854//3798 2863//3798 2819//3798
f 2819//3799 2863//3799 2817//3799
f 2861//3800 2863//3800 2853//3801
f 2817//3802 2864//3802 2822//3802
f 2822//3803 2864//3803 2777//3803
f 2777//3804 2864//3804 2773//3804
f 2863//3805 2864//3805 2817//3805
f 2773//3806 2864//3806 2862//3806
f 2862//3807 2864//3807 2861//3807
f 2861//3808 2864//3808 2863//3808
f 2865//607 666//607 2866//607
f 2866//3809 672//3809 2867//3809
f 666//3810 672//3810 2866//3810
f 2867//462 678//462 2868//462
f 2868//458 678//458 2869//458
f 672//3811 678//3811 2867//3811
f 2869//3812 660//3812 2870//3812
f 678//3813 660//3813 2869//3813
f 2870//460 653//460 2871//460
f 660//3814 653//3814 2870//3814
f 2872//3475 2873//3815 2874//3816
f 2875//3817 2873//3817 2876//3817
f 2877//3818 2873//3818 2875//3818
f 2874//3819 2873//3820 2877//3821
f 2876//3822 2873//3822 2878//3822
f 2873//3823 2879//3823 2878//3823
f 2880//3824 2881//3824 2872//3824
f 2873//3825 2881//3826 2879//3826
f 2872//3827 2881//3827 2873//3827
f 2878//3828 2882//3828 2883//3828
f 2879//3829 2882//3829 2878//3829
f 2880//3830 2882//3830 2881//3830
f 2881//3831 2882//3831 2879//3831
f 2882//3832 2884//3832 2883//3832
f 2865//3833 2885//3834 2880//3835
f 2880//3836 2885//3837 2882//3838
f 2882//3839 2885//3839 2884//3839
f 2866//3840 2886//3841 2865//3842
f 2883//3843 2886//3843 2887//3843
f 2885//3844 2886//3844 2884//3844
f 2884//3845 2886//3845 2883//3845
f 2865//3846 2886//3847 2885//3848
f 2886//3849 2888//3849 2887//3849
f 2867//3850 2889//3850 2866//3850
f 2866//3851 2889//3851 2886//3851
f 2886//3852 2889//3852 2888//3852
f 2868//3853 2890//3853 2867//3853
f 2887//3854 2890//3854 2891//3854
f 2891//3855 2890//3855 2892//3855
f 2892//3856 2890//3856 2893//3856
f 2893//3857 2890//3857 2868//3857
f 2867//3858 2890//3858 2889//3858
f 2888//3859 2890//3859 2887//3859
f 2889//3860 2890//3860 2888//3860
f 2871//454 653//454 2894//454
f 2894//3494 648//3494 2895//3494
f 653//3495 648//3495 2894//3495
f 2895//456 652//456 2874//456
f 2874//548 652//548 2872//548
f 648//3496 652//3496 2895//3496
f 2872//3861 661//3861 2880//3861
f 652//3498 661//3498 2872//3498
f 2880//611 666//611 2865//611
f 661//3862 666//3862 2880//3862
f 2869//3863 2896//3864 2868//3865
f 2892//3866 2896//3866 2891//3866
f 2893//3867 2896//3867 2892//3867
f 2868//3868 2896//3869 2893//3870
f 2891//3871 2896//3871 2897//3871
f 2896//3872 2898//3872 2897//3872
f 2870//3873 2899//3873 2869//3873
f 2896//3874 2899//3874 2898//3874
f 2869//3875 2899//3875 2896//3875
f 2897//3876 2900//3876 2901//3876
f 2898//3877 2900//3877 2897//3877
f 2870//3878 2900//3878 2899//3878
f 2899//3879 2900//3879 2898//3879
f 2900//3880 2902//3880 2901//3880
f 2871//3881 2903//3882 2870//3883
f 2870//3884 2903//3885 2900//3886
f 2900//3887 2903//3887 2902//3887
f 2894//3888 2904//3889 2871//3890
f 2901//3891 2904//3891 2905//3891
f 2903//3450 2904//3450 2902//3450
f 2902//3892 2904//3892 2901//3892
f 2871//3893 2904//3894 2903//3895
f 2904//3896 2906//3896 2905//3896
f 2895//3897 2907//3897 2894//3897
f 2894//3898 2907//3898 2904//3898
f 2904//3899 2907//3899 2906//3899
f 2874//3900 2908//3901 2895//3901
f 2905//3902 2908//3902 2876//3902
f 2876//3903 2908//3903 2875//3903
f 2875//3904 2908//3904 2877//3904
f 2877//3905 2908//3905 2874//3467
f 2895//3906 2908//3906 2907//3906
f 2906//3907 2908//3907 2905//3907
f 2907//3908 2908//3908 2906//3909
f 2909//3910 2910//3911 2911//3911
f 2912//3912 2913//3913 2914//3912
f 2914//3914 2913//3915 2915//3916
f 2897//3917 2916//3917 2891//3917
f 2917//3918 2916//3919 2912//3920
f 2891//3921 2916//3921 2917//3921
f 2912//3922 2916//3681 2913//3923
f 2915//3924 2918//3924 2919//3924
f 2913//3925 2918//3925 2915//3925
f 2897//3926 2918//3926 2916//3926
f 2916//3927 2918//3927 2913//3927
f 2918//3928 2920//3928 2919//3928
f 2901//3691 2921//3691 2897//3691
f 2918//3929 2921//3929 2920//3929
f 2897//3930 2921//3930 2918//3930
f 2922//3931 2923//3932 2924//3933
f 2919//3934 2923//3935 2922//3936
f 2920//3937 2923//3938 2919//3939
f 2901//3940 2925//3940 2921//3940
f 2921//3941 2925//3941 2920//3941
f 2920//3942 2925//3943 2923//3943
f 2923//3944 2926//3945 2924//3946
f 2905//3947 2927//3947 2901//3947
f 2901//3948 2927//3948 2925//3948
f 2923//3949 2927//3950 2926//3951
f 2925//3952 2927//3953 2923//3954
f 2924//3955 2928//3955 2909//3955
f 2905//3956 2928//3956 2927//3956
f 2926//3957 2928//3957 2924//3957
f 2927//3958 2928//3958 2926//3958
f 2909//3959 2929//3960 2910//3960
f 2928//3961 2929//3961 2909//3961
f 2910//3962 2930//3962 2931//3962
f 2931//3963 2930//3963 2876//3963
f 2876//3522 2930//3522 2905//3522
f 2929//3964 2930//3964 2910//3965
f 2905//3966 2930//3966 2928//3966
f 2928//3967 2930//3967 2929//3967
f 2932//3565 2933//3565 2934//3565
f 2935//3564 2934//3564 2936//3564
f 2935//3564 2932//3564 2934//3564
f 2937//3565 2938//3565 2933//3565
f 2937//3565 2933//3565 2932//3565
f 2939//3626 2940//3626 2941//3626
f 2939//3625 2936//3625 2940//3625
f 2939//3625 2935//3625 2936//3625
f 2942//3564 2932//3564 2935//3564
f 2942//3625 2935//3625 2939//3625
f 2942//3568 2937//3568 2932//3568
f 2943//3573 2944//3573 2945//3573
f 2943//3968 2945//3968 2938//3968
f 2943//3565 2938//3565 2937//3565
f 2946//3626 2941//3626 2922//3626
f 2946//3625 2942//3625 2939//3625
f 2946//3969 2939//3969 2941//3969
f 2947//3970 2909//3970 2911//3970
f 2947//3971 2911//3971 2944//3971
f 2947//3564 2937//3564 2942//3564
f 2947//3972 2944//3972 2943//3972
f 2947//3564 2943//3564 2937//3564
f 2948//3973 2922//3973 2924//3973
f 2948//3974 2924//3974 2909//3974
f 2948//3626 2946//3626 2922//3626
f 2948//3975 2909//3975 2947//3975
f 2948//3625 2942//3625 2946//3625
f 2948//3625 2947//3625 2942//3625
f 2949//3976 2933//3976 2950//3976
f 2934//3977 2933//3977 2949//3977
f 2951//3978 2934//3978 2949//3978
f 2936//3979 2951//3979 2952//3979
f 2936//3980 2934//3980 2951//3980
f 2953//3981 2936//3981 2952//3981
f 2940//3982 2936//3982 2953//3982
f 2954//3617 2940//3617 2953//3617
f 2941//3618 2954//3618 2955//3618
f 2941//3983 2940//3983 2954//3983
f 2956//3984 2957//3984 2958//3984
f 2959//3985 2957//3985 2960//3985
f 2961//3986 2957//3986 2959//3986
f 2958//3987 2957//3987 2961//3987
f 2960//3988 2957//3988 2962//3988
f 2957//3989 2963//3989 2962//3989
f 2964//3990 2965//3990 2956//3990
f 2957//3991 2965//3991 2963//3991
f 2956//3992 2965//3992 2957//3992
f 2955//3993 2966//3993 2964//3993
f 2962//3994 2966//3994 2967//3994
f 2964//3995 2966//3995 2965//3995
f 2965//3996 2966//3996 2963//3996
f 2963//3997 2966//3997 2962//3997
f 2966//3998 2968//3998 2967//3998
f 2954//3999 2969//3999 2955//3999
f 2955//4000 2969//4000 2966//4000
f 2966//4001 2969//4001 2968//4001
f 2952//4002 2970//4002 2953//4002
f 2953//4003 2970//4003 2954//4003
f 2967//4004 2970//4004 2971//4004
f 2971//4005 2970//4005 2972//4005
f 2972//4006 2970//4006 2973//4006
f 2973//4007 2970//4007 2952//4007
f 2968//4008 2970//4008 2967//4008
f 2954//4003 2970//4003 2969//4003
f 2969//4009 2970//4009 2968//4009
f 2964//4010 2941//4010 2955//4010
f 2974//4011 2941//4011 2964//4011
f 2956//4012 2974//4012 2964//4012
f 2975//4013 2956//4013 2958//4013
f 2975//4014 2974//4014 2956//4014
f 2976//4015 2975//4015 2958//4015
f 2977//3576 2975//3576 2976//3576
f 2978//3577 2977//3577 2976//3577
f 2933//4016 2978//4016 2950//4016
f 2933//4017 2977//4017 2978//4017
f 2979//3629 2941//3629 2974//3629
f 2980//3638 2974//3638 2975//3638
f 2980//3627 2979//3627 2974//3627
f 2981//3628 2922//3628 2941//3628
f 2981//3629 2941//3629 2979//3629
f 2982//3563 2977//3563 2933//3563
f 2982//3562 2975//3562 2977//3562
f 2982//3562 2980//3562 2975//3562
f 2983//3627 2979//3627 2980//3627
f 2983//3627 2981//3627 2979//3627
f 2984//3636 2915//3636 2919//3636
f 2984//4018 2919//4018 2922//4018
f 2984//3627 2981//3627 2983//3627
f 2984//3629 2922//3629 2981//3629
f 2985//3563 2933//3563 2938//3563
f 2985//3562 2980//3562 2982//3562
f 2985//3562 2983//3562 2980//3562
f 2985//3563 2982//3563 2933//3563
f 2986//4019 2987//4019 2914//4019
f 2986//4020 2914//4020 2915//4020
f 2986//3627 2984//3627 2983//3627
f 2986//4021 2915//4021 2984//4021
f 2988//4022 2938//4022 2989//4022
f 2988//3566 2989//3566 2987//3566
f 2988//4023 2987//4023 2986//4023
f 2988//3563 2985//3563 2938//3563
f 2988//3562 2983//3562 2985//3562
f 2988//3562 2986//3562 2983//3562
f 2987//4024 2912//4025 2914//4025
f 2910//4026 2990//4027 2911//4028
f 2911//4029 2990//4030 2944//4031
f 2878//4032 2991//4032 2876//4032
f 2931//4033 2991//4034 2910//4035
f 2876//4036 2991//4036 2931//4036
f 2910//4037 2991//4038 2990//4039
f 2944//4040 2992//4040 2945//4040
f 2990//4041 2992//4041 2944//4041
f 2878//4042 2992//4042 2991//4042
f 2991//4043 2992//4043 2990//4043
f 2992//4044 2993//4044 2945//4044
f 2883//4045 2994//4045 2878//4045
f 2992//4046 2994//4046 2993//4046
f 2878//4047 2994//4047 2992//4047
f 2938//4048 2995//4048 2989//4048
f 2945//4049 2995//4050 2938//4051
f 2993//4052 2995//4053 2945//4054
f 2883//4055 2996//4055 2994//4055
f 2994//4056 2996//4057 2993//4058
f 2993//4059 2996//4060 2995//4061
f 2995//4062 2997//4062 2989//4062
f 2887//4063 2998//4063 2883//4063
f 2883//4064 2998//4064 2996//4064
f 2995//4065 2998//4066 2997//4067
f 2996//4068 2998//4069 2995//4070
f 2989//4071 2999//4071 2987//4071
f 2887//3656 2999//3656 2998//3656
f 2997//4072 2999//4072 2989//4072
f 2998//4073 2999//4073 2997//4073
f 2912//4074 3000//4075 2917//4076
f 2987//4077 3000//4078 2912//4078
f 2999//4079 3000//4079 2987//4079
f 2917//4080 3001//4080 2891//4080
f 2891//4081 3001//4081 2887//4081
f 3000//4082 3001//4083 2917//4084
f 2887//4085 3001//4085 2999//4085
f 2999//4086 3001//4086 3000//4086
f 2951//4087 3002//4087 2952//4087
f 2972//4088 3002//4088 2971//4088
f 2973//4089 3002//4089 2972//4089
f 2952//4090 3002//4090 2973//4090
f 2971//4091 3002//4091 3003//4091
f 3002//4092 3004//4092 3003//4092
f 2950//4093 3005//4093 2949//4093
f 2949//4094 3005//4094 2951//4094
f 2951//3605 3005//3605 3002//3605
f 3002//4095 3005//4095 3004//4095
f 3003//4096 3006//4096 3007//4096
f 3005//4097 3006//4097 3004//4097
f 2950//3610 3006//3610 3005//3610
f 3004//4098 3006//4098 3003//4098
f 3006//4099 3008//4099 3007//4099
f 2978//4100 3009//4100 2950//4100
f 3006//4101 3009//4101 3008//4101
f 2950//3698 3009//3698 3006//3698
f 3007//4102 3010//4102 2960//4102
f 2960//4103 3010//4103 2959//4103
f 2959//4104 3010//4104 2961//4104
f 2961//4105 3010//4105 2958//4105
f 2958//4106 3010//4106 2976//4106
f 2976//3701 3010//3701 2978//3701
f 2978//4107 3010//4107 3009//4107
f 3008//4108 3010//4108 3007//4108
f 3009//4109 3010//4109 3008//4109
f 3011//4110 3012//4111 3013//4112
f 3013//4113 3012//4114 3014//4115
f 3003//4116 3015//4116 2971//4116
f 3016//3795 3015//3795 3011//3795
f 2971//4117 3015//4117 3016//4117
f 3011//4118 3015//4118 3012//4118
f 3014//4119 3017//4119 3018//4119
f 3012//4120 3017//4120 3014//4120
f 3003//4121 3019//4121 3015//4121
f 3012//4122 3019//4122 3017//4122
f 3015//4123 3019//4123 3012//4123
f 3018//4124 3020//4124 3021//4124
f 3017//4125 3020//4125 3018//4125
f 3007//4126 3022//4126 3003//4126
f 3019//3802 3022//3802 3017//3802
f 3017//4127 3022//4127 3020//4127
f 3003//4128 3022//4128 3019//4128
f 3021//4129 3023//4129 3024//4129
f 3020//4130 3023//4130 3021//4130
f 3022//4131 3025//4131 3020//4131
f 3007//4132 3025//4132 3022//4132
f 3020//4133 3025//4133 3023//4133
f 3024//3728 3026//3728 3027//3728
f 3027//4134 3026//4134 3028//4134
f 3028//4135 3026//4135 3029//4135
f 3023//3728 3026//3728 3024//3728
f 3029//4136 3030//4136 3031//4136
f 3031//4137 3030//4137 2960//4137
f 2960//4138 3030//4138 3007//4138
f 3026//4139 3030//4139 3029//4139
f 3007//4140 3030//4140 3025//4140
f 3025//4141 3030//4141 3023//4141
f 3023//4142 3030//4142 3026//4142
f 3032//575 3021//575 3024//575
f 3033//455 3024//455 3027//455
f 3033//456 3027//456 3028//456
f 3033//4143 3032//4143 3024//4143
f 3034//548 3028//548 3035//548
f 3034//610 3035//610 3036//610
f 3034//4144 3033//4144 3028//4144
f 3037//612 3036//612 3038//612
f 3037//4145 3034//4145 3036//4145
f 3034//4146 3037//4146 3039//4146
f 3034//4146 3039//4146 3040//4146
f 3033//4147 3040//4147 3041//4147
f 3033//4148 3034//4148 3040//4148
f 3032//4149 3041//4149 3042//4149
f 3032//4150 3033//4150 3041//4150
f 3040//300 3042//300 3041//300
f 3040//301 3039//301 3043//301
f 3040//300 3043//300 3044//300
f 3040//301 3044//301 3042//301
f 3045//4151 3032//4151 3042//4151
f 3045//4152 3042//4152 3044//4152
f 3046//4153 3044//4153 3043//4153
f 3046//4153 3045//4153 3044//4153
f 3037//4154 3043//4154 3039//4154
f 3037//4154 3046//4154 3043//4154
f 3037//607 3038//607 3047//607
f 3046//608 3047//608 3048//608
f 3046//462 3048//462 3013//462
f 3046//4155 3037//4155 3047//4155
f 3045//980 3013//980 3014//980
f 3045//459 3014//459 3018//459
f 3045//4156 3046//4156 3013//4156
f 3032//808 3018//808 3021//808
f 3032//4157 3045//4157 3018//4157
f 3029//4158 3049//4159 3028//4158
f 3028//4160 3049//4161 3035//4160
f 2962//4162 3050//4162 2960//4162
f 3031//4163 3050//4163 3029//4163
f 2960//3741 3050//3741 3031//3741
f 3029//4164 3050//4164 3049//4164
f 3035//4165 3051//4165 3036//4165
f 3036//4166 3051//4166 3038//4166
f 3049//4167 3051//4167 3035//4167
f 2962//4168 3052//4168 3050//4168
f 3049//4169 3052//4169 3051//4169
f 3050//4169 3052//4169 3049//4169
f 3051//4170 3053//4170 3038//4170
f 2967//4171 3054//4171 2962//4171
f 3052//3750 3054//3750 3051//3750
f 3051//4172 3054//4172 3053//4172
f 2962//4173 3054//4173 3052//4173
f 3038//4174 3055//4174 3047//4174
f 3047//4175 3055//4175 3048//4175
f 3053//4176 3055//4176 3038//4176
f 2967//4177 3056//4177 3054//4177
f 3053//4178 3056//3779 3055//3779
f 3054//4179 3056//4179 3053//3779
f 3048//3786 3057//3786 3013//3786
f 3013//4180 3057//4180 3011//4180
f 3055//4181 3057//4181 3048//4181
f 3011//3789 3058//3789 3016//3789
f 3016//4182 3058//4182 2971//4182
f 2971//4183 3058//4183 2967//4183
f 2967//4184 3058//4184 3056//4184
f 3057//4185 3058//4185 3011//4185
f 3056//4186 3058//4186 3055//4186
f 3055//4187 3058//4187 3057//4187
f 3059//4188 668//4188 3060//4188
f 674//989 668//989 3059//989
f 3060//990 667//990 3061//990
f 668//990 667//990 3060//990
f 3061//991 663//991 3062//991
f 667//991 663//991 3061//991
f 3062//992 655//992 3063//992
f 663//992 655//992 3062//992
f 3064//4189 3065//4189 3066//4189
f 3067//4190 3068//4190 3069//4191
f 3069//4192 3068//4193 3070//4193
f 3060//4194 3071//4195 3059//4196
f 3061//4197 3071//4198 3060//4198
f 3072//4199 3071//4200 3067//4201
f 3059//4202 3071//4203 3072//4204
f 3067//4205 3071//4206 3068//4207
f 3070//4208 3073//4208 3074//4208
f 3068//4209 3073//4209 3070//4209
f 3062//4210 3075//4211 3061//4212
f 3071//4213 3075//4213 3068//4213
f 3068//4214 3075//4214 3073//4214
f 3061//4215 3075//4216 3071//4216
f 3074//4217 3076//4218 3064//4219
f 3073//4220 3076//4221 3074//4222
f 3064//4223 3076//4223 3065//4223
f 3063//4224 3077//4225 3062//4226
f 3065//4227 3077//4228 3078//4227
f 3078//4229 3077//4230 3063//4231
f 3076//4232 3077//4233 3065//4232
f 3062//4234 3077//4235 3075//4236
f 3075//4237 3077//4238 3073//4239
f 3073//4240 3077//4241 3076//4242
f 3079//4243 3080//4244 3063//4245
f 3065//4246 3080//4246 3066//4246
f 3078//4247 3080//4247 3065//4247
f 3063//4248 3080//4249 3078//4250
f 3066//4251 3080//4251 3081//4251
f 3080//4252 3082//4252 3081//4252
f 3083//4253 3084//4253 3079//4253
f 3080//4254 3084//4254 3082//4254
f 3079//4255 3084//4255 3080//4255
f 3081//4256 3085//4256 3086//4256
f 3082//4257 3085//4257 3081//4257
f 3083//4258 3085//4258 3084//4258
f 3084//4259 3085//4259 3082//4259
f 3085//4260 3087//4260 3086//4260
f 3088//4261 3089//4262 3083//4263
f 3083//4264 3089//4265 3085//4266
f 3085//4267 3089//4267 3087//4267
f 3090//4268 3091//4268 3088//4268
f 3086//4269 3091//4269 3092//4269
f 3089//4270 3091//4270 3087//4270
f 3087//4271 3091//4271 3086//4271
f 3088//4272 3091//4272 3089//4272
f 3091//4273 3093//4273 3092//4273
f 3094//4274 3095//4274 3090//4274
f 3090//4275 3095//4275 3091//4275
f 3091//4276 3095//4276 3093//4276
f 3059//4277 3096//4278 3094//4279
f 3092//4280 3096//4280 3069//4280
f 3069//4281 3096//4281 3067//4281
f 3067//4282 3096//4282 3072//4282
f 3072//3833 3096//4283 3059//4284
f 3094//4285 3096//4285 3095//4285
f 3093//4286 3096//4286 3092//4286
f 3095//4287 3096//4287 3093//4287
f 3063//454 655//454 3079//454
f 3079//3494 650//3494 3083//3494
f 655//3495 650//3495 3079//3495
f 3083//456 656//456 3088//456
f 3088//548 656//548 3090//548
f 650//3496 656//3496 3083//3496
f 3090//3861 662//3861 3094//3861
f 656//3498 662//3498 3090//3498
f 3094//612 674//612 3059//612
f 662//3862 674//3862 3094//3862
f 3097//4288 3098//4288 3099//4288
f 3100//4289 3101//4290 3102//4291
f 3102//4292 3101//4293 3103//4294
f 3081//4295 3104//4295 3066//4295
f 3105//4296 3104//4297 3100//4298
f 3066//4299 3104//4299 3105//4299
f 3100//4300 3104//4301 3101//4302
f 3103//4303 3106//4303 3107//4303
f 3101//4304 3106//4304 3103//4304
f 3081//4305 3106//4305 3104//4305
f 3104//4306 3106//4306 3101//4306
f 3106//4307 3108//4307 3107//4307
f 3086//4308 3109//4308 3081//4308
f 3106//4309 3109//4309 3108//4309
f 3081//4310 3109//4310 3106//4310
f 3107//4311 3110//4312 3111//4312
f 3108//4313 3110//4313 3107//4312
f 3086//4314 3112//4314 3109//4314
f 3109//4315 3112//4316 3108//4317
f 3108//4318 3112//4317 3110//4319
f 3111//4320 3113//4321 3114//4322
f 3110//4323 3113//4324 3111//4325
f 3092//4326 3115//4326 3086//4326
f 3110//4327 3115//4328 3113//4329
f 3086//4330 3115//4330 3112//4330
f 3112//4331 3115//4332 3110//4333
f 3114//4334 3116//4334 3097//4334
f 3113//4335 3116//4335 3114//4335
f 3092//4336 3116//4336 3115//4336
f 3115//4337 3116//4337 3113//4337
f 3116//4338 3117//4338 3097//4338
f 3097//4052 3117//4052 3098//4052
f 3098//4339 3118//4340 3119//4341
f 3119//4342 3118//4342 3069//4342
f 3069//4343 3118//4343 3092//4343
f 3117//4344 3118//4345 3098//4346
f 3092//4347 3118//4347 3116//4347
f 3116//4348 3118//4348 3117//4348
f 3120//3562 3121//3562 3122//3562
f 3123//3563 3122//3563 3124//3563
f 3123//3563 3120//3563 3122//3563
f 3125//3562 3126//3562 3121//3562
f 3125//3562 3121//3562 3120//3562
f 3127//3568 3128//3568 3129//3568
f 3127//3565 3124//3565 3128//3565
f 3127//3565 3123//3565 3124//3565
f 3130//3563 3120//3563 3123//3563
f 3130//3563 3125//3563 3120//3563
f 3131//3566 3132//3566 3133//3566
f 3131//3567 3133//3567 3126//3567
f 3131//3562 3126//3562 3125//3562
f 3134//3564 3129//3564 3111//3564
f 3134//3565 3123//3565 3127//3565
f 3134//3565 3130//3565 3123//3565
f 3134//3564 3127//3564 3129//3564
f 3135//4349 3097//4349 3099//4349
f 3135//3570 3099//3570 3132//3570
f 3135//3563 3125//3563 3130//3563
f 3135//3571 3132//3571 3131//3571
f 3135//3563 3131//3563 3125//3563
f 3135//3565 3130//3565 3134//3565
f 3136//3572 3111//3572 3114//3572
f 3136//3573 3114//3573 3097//3573
f 3136//3574 3097//3574 3135//3574
f 3136//3564 3134//3564 3111//3564
f 3136//3565 3135//3565 3134//3565
f 3137//4350 3121//4350 3138//4350
f 3122//4351 3121//4351 3137//4351
f 3139//4352 3122//4352 3137//4352
f 3124//4353 3139//4353 3140//4353
f 3124//4354 3122//4354 3139//4354
f 3141//4355 3124//4355 3140//4355
f 3128//4356 3124//4356 3141//4356
f 3142//4357 3128//4357 3141//4357
f 3129//4358 3142//4358 3143//4358
f 3129//4359 3128//4359 3142//4359
f 3144//4360 3145//4360 3146//4360
f 3147//4361 3145//4361 3148//4361
f 3149//4362 3145//4362 3147//4362
f 3146//4363 3145//4363 3149//4363
f 3148//4364 3145//4364 3150//4364
f 3145//4365 3151//4365 3150//4365
f 3152//4366 3153//4366 3144//4366
f 3145//4367 3153//4367 3151//4367
f 3144//4368 3153//4368 3145//4368
f 3143//4369 3154//4369 3152//4369
f 3150//4370 3154//4370 3155//4370
f 3152//4371 3154//4371 3153//4371
f 3153//4372 3154//4372 3151//4372
f 3151//4373 3154//4373 3150//4373
f 3154//4374 3156//4374 3155//4374
f 3142//3600 3157//3600 3143//3600
f 3143//4375 3157//4375 3154//4375
f 3154//4376 3157//4376 3156//4376
f 3140//3603 3158//3603 3141//3603
f 3141//4377 3158//4377 3142//4377
f 3155//3607 3158//3607 3159//3607
f 3159//4378 3158//4378 3160//4378
f 3160//4379 3158//4379 3161//4379
f 3161//4380 3158//4380 3140//4380
f 3156//4381 3158//4381 3155//4381
f 3142//4377 3158//4377 3157//4377
f 3157//4382 3158//4382 3156//4382
f 3152//3615 3129//3615 3143//3615
f 3162//3616 3129//3616 3152//3616
f 3144//4383 3162//4383 3152//4383
f 3163//4384 3144//4384 3146//4384
f 3163//4385 3162//4385 3144//4385
f 3164//4010 3163//4010 3146//4010
f 3165//4386 3163//4386 3164//4386
f 3166//4387 3165//4387 3164//4387
f 3121//4388 3166//4388 3138//4388
f 3121//4389 3165//4389 3166//4389
f 3167//3625 3129//3625 3162//3625
f 3168//3626 3162//3626 3163//3626
f 3168//3626 3167//3626 3162//3626
f 3169//3625 3111//3625 3129//3625
f 3169//3625 3129//3625 3167//3625
f 3170//3627 3165//3627 3121//3627
f 3170//3629 3163//3629 3165//3629
f 3170//3629 3168//3629 3163//3629
f 3171//3626 3167//3626 3168//3626
f 3171//3626 3169//3626 3167//3626
f 3172//3974 3103//3974 3107//3974
f 3172//3631 3107//3631 3111//3631
f 3172//3626 3169//3626 3171//3626
f 3172//3625 3111//3625 3169//3625
f 3173//3627 3121//3627 3126//3627
f 3173//3629 3168//3629 3170//3629
f 3173//3629 3171//3629 3168//3629
f 3173//3627 3170//3627 3121//3627
f 3174//3632 3175//3632 3102//3632
f 3174//4390 3102//4390 3103//4390
f 3174//3626 3172//3626 3171//3626
f 3174//3634 3103//3634 3172//3634
f 3176//4391 3126//4391 3177//4391
f 3176//3636 3177//3636 3175//3636
f 3176//3637 3175//3637 3174//3637
f 3176//3627 3173//3627 3126//3627
f 3176//3629 3171//3629 3173//3629
f 3176//3629 3174//3629 3171//3629
f 3175//4392 3100//4393 3102//4394
f 3098//4395 3178//4395 3099//4395
f 3099//4396 3178//4396 3132//4396
f 3070//4397 3179//4397 3069//4397
f 3119//4398 3179//4399 3098//4400
f 3069//4401 3179//4401 3119//4401
f 3098//4402 3179//4403 3178//4404
f 3132//4405 3180//4405 3133//4405
f 3178//4406 3180//4406 3132//4406
f 3070//4407 3180//4407 3179//4407
f 3179//4408 3180//4408 3178//4408
f 3180//4409 3181//4409 3133//4409
f 3074//4081 3182//4081 3070//4081
f 3180//4410 3182//4410 3181//4410
f 3070//4411 3182//4411 3180//4411
f 3133//4412 3183//4413 3126//4414
f 3181//4415 3183//4416 3133//4417
f 3182//4418 3183//4419 3181//4420
f 3074//4421 3184//4421 3182//4421
f 3182//4422 3184//4423 3183//4424
f 3126//4425 3185//4426 3177//4425
f 3183//4427 3185//4428 3126//4427
f 3064//4429 3186//4429 3074//4429
f 3074//4430 3186//4430 3184//4430
f 3184//4431 3186//4432 3183//4433
f 3183//4434 3186//3680 3185//4435
f 3177//4436 3187//4436 3175//4436
f 3064//4437 3187//4437 3186//4437
f 3186//4438 3187//4438 3185//4438
f 3185//4439 3187//4439 3177//4439
f 3187//4440 3188//4440 3175//4440
f 3175//4441 3188//4442 3100//4443
f 3100//4444 3189//4445 3105//4446
f 3105//4447 3189//4447 3066//4447
f 3066//4448 3189//4448 3064//4448
f 3188//4449 3189//4449 3100//4450
f 3064//4451 3189//4451 3187//4451
f 3187//4452 3189//4452 3188//4452
f 3139//4453 3190//4453 3140//4453
f 3160//4454 3190//4454 3159//4454
f 3161//4455 3190//4455 3160//4455
f 3140//3698 3190//3698 3161//3698
f 3159//4456 3190//4456 3191//4456
f 3190//4457 3192//4457 3191//4457
f 3138//4458 3193//4458 3137//4458
f 3137//3701 3193//3701 3139//3701
f 3139//4459 3193//4459 3190//4459
f 3190//4460 3193//4460 3192//4460
f 3191//4461 3194//4461 3195//4461
f 3193//4462 3194//4462 3192//4462
f 3138//3703 3194//3703 3193//3703
f 3192//4463 3194//4463 3191//4463
f 3194//4464 3196//4464 3195//4464
f 3166//4465 3197//4465 3138//4465
f 3194//4466 3197//4466 3196//4466
f 3138//4467 3197//4467 3194//4467
f 3195//3712 3198//3712 3148//3712
f 3148//4468 3198//4468 3147//4468
f 3147//4469 3198//4469 3149//4469
f 3149//4470 3198//4470 3146//4470
f 3146//4471 3198//4471 3164//4471
f 3164//4472 3198//4472 3166//4472
f 3166//4473 3198//4473 3197//4473
f 3196//4474 3198//4474 3195//4474
f 3197//4475 3198//4475 3196//4475
f 3199//4476 3200//4476 3201//4476
f 3201//4477 3200//4477 3202//4477
f 3191//4478 3203//4478 3159//4478
f 3204//4479 3203//4479 3199//4479
f 3159//4480 3203//4480 3204//4480
f 3199//4481 3203//4481 3200//4481
f 3202//4482 3205//4482 3206//4483
f 3200//4484 3205//4484 3202//4484
f 3191//4485 3207//4485 3203//4485
f 3200//4486 3207//4487 3205//4486
f 3203//4488 3207//4488 3200//4488
f 3206//4489 3208//4489 3209//4489
f 3205//3733 3208//3733 3206//3733
f 3195//4490 3210//4490 3191//4490
f 3207//4491 3210//4491 3205//4491
f 3205//4492 3210//4492 3208//4492
f 3191//4493 3210//4493 3207//4493
f 3209//4494 3211//4494 3212//4494
f 3210//4495 3211//4495 3208//4495
f 3208//4496 3211//4496 3209//4496
f 3195//3741 3213//3741 3210//3741
f 3210//4497 3213//4497 3211//4497
f 3212//4165 3214//4165 3215//4165
f 3215//4498 3214//4498 3216//4498
f 3216//3744 3214//3744 3217//3744
f 3211//4167 3214//4167 3212//4167
f 3217//4499 3218//4500 3219//4500
f 3219//4501 3218//4501 3148//4501
f 3148//4502 3218//4502 3195//4502
f 3195//4503 3218//4503 3213//4503
f 3214//4504 3218//4504 3217//4505
f 3213//4506 3218//4506 3211//4506
f 3211//4507 3218//4507 3214//4507
f 3220//548 3209//548 3212//548
f 3221//476 3212//476 3215//476
f 3221//611 3215//611 3216//611
f 3221//3758 3220//3758 3212//3758
f 3222//607 3216//607 3223//607
f 3222//3219 3223//3219 3224//3219
f 3222//3759 3221//3759 3216//3759
f 3225//462 3224//462 3226//462
f 3225//3760 3222//3760 3224//3760
f 3222//3762 3225//3762 3227//3762
f 3222//4508 3227//4508 3228//4508
f 3221//3763 3228//3763 3229//3763
f 3221//3763 3222//3763 3228//3763
f 3220//3765 3229//3765 3230//3765
f 3220//3765 3221//3765 3229//3765
f 3229//300 3231//300 3230//300
f 3228//301 3227//301 3232//301
f 3228//300 3232//300 3231//300
f 3228//301 3231//301 3229//301
f 3233//3767 3220//3767 3230//3767
f 3233//3766 3230//3766 3231//3766
f 3234//4509 3231//4509 3232//4509
f 3234//3768 3233//3768 3231//3768
f 3225//4510 3232//4510 3227//4510
f 3225//4511 3234//4511 3232//4511
f 3225//458 3226//458 3235//458
f 3234//692 3235//692 3236//692
f 3234//460 3236//460 3201//460
f 3234//3771 3225//3771 3235//3771
f 3233//454 3201//454 3202//454
f 3233//455 3202//455 3206//455
f 3233//3772 3234//3772 3201//3772
f 3220//456 3206//456 3209//456
f 3220//3773 3233//3773 3206//3773
f 3217//4512 3237//4512 3216//4512
f 3216//4513 3237//4513 3223//4513
f 3150//4514 3238//4514 3148//4514
f 3219//4515 3238//4515 3217//4515
f 3148//4516 3238//4516 3219//4516
f 3217//4517 3238//4517 3237//4517
f 3223//4518 3239//4518 3224//4518
f 3237//4519 3239//4519 3223//4519
f 3150//4520 3240//4520 3238//4520
f 3237//4521 3240//4522 3239//4521
f 3238//4523 3240//4524 3237//4523
f 3224//4525 3241//4525 3226//4525
f 3239//4526 3241//4526 3224//4526
f 3240//4527 3241//4527 3239//4527
f 3155//4528 3242//4528 3150//4528
f 3240//3788 3242//3788 3241//3788
f 3150//4529 3242//4529 3240//4529
f 3226//4530 3243//4530 3235//4530
f 3235//3800 3243//4531 3236//3800
f 3241//4532 3243//4532 3226//4532
f 3155//4533 3244//4533 3242//4533
f 3241//4534 3244//4534 3243//4534
f 3242//3795 3244//3795 3241//3795
f 3236//4535 3245//4535 3201//4535
f 3201//4536 3245//4536 3199//4536
f 3243//4537 3245//4538 3236//4538
f 3199//4539 3246//4539 3204//4539
f 3204//4128 3246//4128 3159//4128
f 3159//4540 3246//4540 3155//4540
f 3155//4541 3246//4541 3244//4541
f 3245//3805 3246//3805 3199//3805
f 3244//4542 3246//4542 3243//4542
f 3243//4122 3246//4122 3245//4122
f 3247//989 707//989 3248//989
f 703//989 707//989 3247//989
f 3248//990 706//990 3249//990
f 707//990 706//990 3248//990
f 3249//991 699//991 3250//991
f 706//991 699//991 3249//991
f 3250//992 696//992 3251//992
f 699//992 696//992 3250//992
f 3252//4543 3253//4543 3254//4543
f 3255//4544 3256//4545 3257//4546
f 3257//4547 3256//4548 3258//4549
f 3248//4550 3259//4551 3247//4552
f 3249//4553 3259//4553 3248//4553
f 3260//4554 3259//4555 3255//4556
f 3247//4557 3259//4558 3260//4559
f 3255//4560 3259//4561 3256//4562
f 3258//4563 3261//4564 3262//4565
f 3256//3413 3261//4566 3258//4567
f 3259//4568 3263//4568 3256//4568
f 3256//4569 3263//4569 3261//4569
f 3249//4570 3263//4570 3259//4570
f 3262//4571 3264//4572 3252//4573
f 3261//4574 3264//4575 3262//4576
f 3252//4577 3264//4577 3253//4577
f 3250//4578 3265//4579 3249//4580
f 3251//4581 3265//4582 3250//4583
f 3253//4584 3265//4585 3266//4586
f 3266//4587 3265//4588 3251//4589
f 3264//4590 3265//4591 3253//4592
f 3249//4593 3265//4594 3263//4595
f 3263//4596 3265//4596 3261//4596
f 3261//4597 3265//4597 3264//4597
f 3267//4598 3268//4598 3251//4598
f 3253//4599 3268//4599 3254//4599
f 3266//4600 3268//4600 3253//4600
f 3251//4601 3268//4601 3266//4601
f 3254//3452 3268//3452 3269//3452
f 3268//4602 3270//4602 3269//4602
f 3271//4603 3272//4603 3267//4603
f 3268//4604 3272//4604 3270//4604
f 3267//4605 3272//4605 3268//4605
f 3269//4606 3273//4606 3274//4606
f 3270//4607 3273//4607 3269//4607
f 3271//4608 3273//4608 3272//4608
f 3272//4609 3273//4609 3270//4609
f 3273//4610 3275//4610 3274//4610
f 3276//4611 3277//4612 3271//4613
f 3271//4611 3277//4614 3273//4615
f 3273//4616 3277//4616 3275//4616
f 3278//4617 3279//4618 3276//4619
f 3274//4620 3279//4620 3280//4620
f 3277//4621 3279//4621 3275//4621
f 3275//4622 3279//4622 3274//4622
f 3276//4623 3279//4624 3277//4625
f 3279//4626 3281//4626 3280//4626
f 3282//4627 3283//4627 3278//4627
f 3278//4628 3283//4628 3279//4628
f 3279//4629 3283//4629 3281//4629
f 3247//4630 3284//4631 3282//4632
f 3280//4633 3284//4633 3257//4633
f 3257//3486 3284//3486 3255//3486
f 3255//4634 3284//4634 3260//4634
f 3260//4635 3284//4636 3247//4637
f 3282//4638 3284//4638 3283//4638
f 3281//4639 3284//4639 3280//4639
f 3283//4640 3284//4640 3281//4640
f 3251//454 696//454 3267//454
f 3267//3494 692//3494 3271//3494
f 696//3495 692//3495 3267//3495
f 3271//456 693//456 3276//456
f 3276//548 693//548 3278//548
f 692//3496 693//3496 3271//3496
f 3278//3497 697//3497 3282//3497
f 693//3498 697//3498 3278//3498
f 3282//611 703//611 3247//611
f 697//3499 703//3499 3282//3499
f 3285//4641 3286//4642 3287//4643
f 3288//4644 3289//4645 3290//4646
f 3290//4647 3289//4648 3291//4649
f 3269//4650 3292//4650 3254//4650
f 3293//4651 3292//4652 3288//4653
f 3254//4654 3292//4654 3293//4654
f 3288//4655 3292//3952 3289//4656
f 3291//4657 3294//4657 3295//4657
f 3289//4658 3294//4658 3291//4658
f 3269//4659 3294//4659 3292//4659
f 3292//4660 3294//4660 3289//4660
f 3294//4661 3296//4661 3295//4661
f 3274//4662 3297//4662 3269//4662
f 3294//4663 3297//4663 3296//4663
f 3269//4664 3297//4664 3294//4664
f 3298//4665 3299//4666 3300//4667
f 3295//4668 3299//4668 3298//4668
f 3296//4669 3299//4669 3295//4669
f 3274//4670 3301//4670 3297//4670
f 3297//4671 3301//4672 3296//4671
f 3296//4673 3301//4674 3299//4673
f 3299//4675 3302//4676 3300//4677
f 3280//4678 3303//4678 3274//4678
f 3274//4679 3303//4679 3301//4679
f 3299//4680 3303//4681 3302//4682
f 3301//4683 3303//4684 3299//4685
f 3300//4686 3304//4686 3285//4686
f 3280//4687 3304//4687 3303//4687
f 3302//4688 3304//4688 3300//4688
f 3303//4689 3304//4689 3302//4689
f 3285//4690 3305//4691 3286//4691
f 3304//4692 3305//4692 3285//4692
f 3286//4693 3306//4694 3307//4695
f 3307//4696 3306//4696 3257//4696
f 3257//4697 3306//4697 3280//4697
f 3305//4698 3306//4699 3286//4700
f 3280//4701 3306//4701 3304//4701
f 3304//4702 3306//4702 3305//4702
f 3308//3562 3309//3562 3310//3562
f 3311//3563 3310//3563 3312//3563
f 3311//3563 3308//3563 3310//3563
f 3313//3562 3314//3562 3309//3562
f 3313//3562 3309//3562 3308//3562
f 3315//3564 3316//3564 3317//3564
f 3315//3565 3312//3565 3316//3565
f 3315//3565 3311//3565 3312//3565
f 3318//3563 3308//3563 3311//3563
f 3318//3563 3313//3563 3308//3563
f 3319//4703 3320//4703 3321//4703
f 3319//3567 3321//3567 3314//3567
f 3319//3562 3314//3562 3313//3562
f 3322//3564 3317//3564 3298//3564
f 3322//3565 3311//3565 3315//3565
f 3322//3565 3318//3565 3311//3565
f 3322//3564 3315//3564 3317//3564
f 3323//3569 3285//3569 3287//3569
f 3323//3570 3287//3570 3320//3570
f 3323//3563 3313//3563 3318//3563
f 3323//3571 3320//3571 3319//3571
f 3323//4704 3319//4704 3313//4704
f 3324//3572 3298//3572 3300//3572
f 3324//3573 3300//3573 3285//3573
f 3324//3574 3285//3574 3323//3574
f 3324//3564 3322//3564 3298//3564
f 3324//3565 3318//3565 3322//3565
f 3324//3565 3323//3565 3318//3565
f 3325//4705 3309//4705 3326//4705
f 3310//4706 3309//4706 3325//4706
f 3327//3577 3310//3577 3325//3577
f 3312//4707 3327//4707 3328//4707
f 3312//4708 3310//4708 3327//4708
f 3329//4709 3312//4709 3328//4709
f 3316//4356 3312//4356 3329//4356
f 3330//4710 3316//4710 3329//4710
f 3317//4358 3330//4358 3331//4358
f 3317//4711 3316//4711 3330//4711
f 3332//4712 3333//4712 3334//4712
f 3335//4713 3333//4713 3336//4713
f 3337//4714 3333//4714 3335//4714
f 3334//4715 3333//4715 3337//4715
f 3336//4716 3333//4716 3338//4716
f 3333//4717 3339//4717 3338//4717
f 3331//4718 3340//4718 3341//4718
f 3341//4719 3340//4719 3332//4719
f 3333//3592 3340//3592 3339//3592
f 3332//4366 3340//4366 3333//4366
f 3338//4370 3342//4370 3343//4370
f 3340//4720 3342//4720 3339//4720
f 3339//4721 3342//4721 3338//4721
f 3331//4722 3342//4722 3340//4722
f 3342//4723 3344//4723 3343//4723
f 3330//4724 3345//4724 3331//4724
f 3342//4725 3345//4725 3344//4725
f 3331//4726 3345//4726 3342//4726
f 3328//4727 3346//4728 3329//4729
f 3329//4730 3346//4730 3330//4730
f 3343//4731 3346//4731 3347//4731
f 3347//4732 3346//4732 3348//4732
f 3348//4733 3346//4733 3349//4733
f 3349//4734 3346//4735 3328//4729
f 3344//4736 3346//4736 3343//4736
f 3345//4095 3346//4095 3344//4095
f 3330//4737 3346//4737 3345//4737
f 3341//4738 3317//4738 3331//4738
f 3350//3982 3317//3982 3341//3982
f 3332//3617 3350//3617 3341//3617
f 3351//4739 3332//4739 3334//4739
f 3351//4740 3350//4740 3332//4740
f 3352//3620 3351//3620 3334//3620
f 3353//4011 3351//4011 3352//4011
f 3354//4012 3353//4012 3352//4012
f 3309//4741 3354//4741 3326//4741
f 3309//4742 3353//4742 3354//4742
f 3355//3625 3317//3625 3350//3625
f 3356//3628 3351//3628 3353//3628
f 3356//3626 3350//3626 3351//3626
f 3356//3626 3355//3626 3350//3626
f 3357//3625 3298//3625 3317//3625
f 3357//3625 3317//3625 3355//3625
f 3358//3627 3353//3627 3309//3627
f 3358//3629 3356//3629 3353//3629
f 3359//3626 3355//3626 3356//3626
f 3359//3629 3356//3629 3358//3629
f 3359//3626 3357//3626 3355//3626
f 3360//3974 3291//3974 3295//3974
f 3360//3631 3295//3631 3298//3631
f 3360//3625 3298//3625 3357//3625
f 3361//3627 3309//3627 3314//3627
f 3361//3629 3359//3629 3358//3629
f 3361//3627 3358//3627 3309//3627
f 3362//3632 3363//3632 3290//3632
f 3362//4390 3290//4390 3291//4390
f 3362//3626 3357//3626 3359//3626
f 3362//3626 3360//3626 3357//3626
f 3362//3634 3291//3634 3360//3634
f 3364//4391 3314//4391 3365//4391
f 3364//3636 3365//3636 3363//3636
f 3364//3627 3361//3627 3314//3627
f 3364//3637 3363//3637 3362//3637
f 3364//3629 3359//3629 3361//3629
f 3364//3628 3362//3628 3359//3628
f 3363//4743 3288//4744 3290//4745
f 3286//4746 3366//4747 3287//4748
f 3287//4749 3366//4750 3320//4751
f 3258//4752 3367//4752 3257//4752
f 3307//4753 3367//4754 3286//4755
f 3257//4756 3367//4756 3307//4756
f 3286//4757 3367//4758 3366//4759
f 3320//4760 3368//4760 3321//4760
f 3366//4761 3368//4761 3320//4761
f 3258//4762 3368//4762 3367//4762
f 3367//4763 3368//4763 3366//4763
f 3368//4764 3369//4764 3321//4764
f 3262//4765 3370//4765 3258//4765
f 3368//4766 3370//4766 3369//4766
f 3258//4767 3370//4767 3368//4767
f 3321//4768 3371//4769 3314//4770
f 3369//4771 3371//4772 3321//4773
f 3262//4774 3372//4774 3370//4774
f 3370//4424 3372//4775 3369//4424
f 3369//4776 3372//4424 3371//4776
f 3314//4777 3373//4777 3365//4777
f 3371//4778 3373//4778 3314//4778
f 3252//4779 3374//4779 3262//4779
f 3371//4780 3374//4781 3373//4781
f 3262//4782 3374//4782 3372//4782
f 3372//4783 3374//4784 3371//4785
f 3365//4786 3375//4786 3363//4786
f 3373//4787 3375//4787 3365//4787
f 3252//4788 3375//4788 3374//4788
f 3374//4789 3375//4789 3373//4789
f 3288//4790 3376//4791 3293//4792
f 3375//4793 3376//4793 3363//4793
f 3363//4794 3376//4795 3288//4796
f 3293//4797 3377//4797 3254//4797
f 3254//4798 3377//4798 3252//4798
f 3376//3941 3377//4799 3293//4800
f 3252//4801 3377//4801 3375//4801
f 3375//4802 3377//4802 3376//4802
f 3327//4803 3378//4803 3328//4803
f 3348//4804 3378//4804 3347//4804
f 3349//4805 3378//4805 3348//4805
f 3328//4806 3378//4807 3349//4806
f 3347//4808 3378//4808 3379//4808
f 3378//4457 3380//4457 3379//4457
f 3325//3701 3381//3701 3327//3701
f 3327//4809 3381//4810 3378//4809
f 3378//4811 3381//4811 3380//4811
f 3326//4812 3382//4812 3325//4812
f 3379//4461 3382//4461 3383//4461
f 3325//4813 3382//4813 3381//4813
f 3381//4104 3382//4104 3380//4104
f 3380//4814 3382//4814 3379//4814
f 3382//4815 3384//4815 3383//4815
f 3354//3987 3385//3987 3326//3987
f 3326//3987 3385//3987 3382//3987
f 3382//4816 3385//4816 3384//4816
f 3383//4817 3386//4817 3336//4817
f 3336//4818 3386//4818 3335//4818
f 3335//4819 3386//4819 3337//4819
f 3337//3993 3386//3993 3334//3993
f 3334//4820 3386//4820 3352//4820
f 3352//4821 3386//4821 3354//4821
f 3384//4822 3386//4822 3383//4822
f 3354//4823 3386//4823 3385//4823
f 3385//4475 3386//4475 3384//4475
f 3387//4824 3388//4824 3389//4824
f 3389//4825 3388//4825 3390//4825
f 3379//4826 3391//4826 3347//4826
f 3392//4827 3391//4827 3387//4827
f 3347//4828 3391//4828 3392//4828
f 3387//4131 3391//4131 3388//4131
f 3390//4829 3393//4830 3394//4829
f 3388//4831 3393//4831 3390//4831
f 3379//4832 3395//4832 3391//4832
f 3388//4833 3395//4833 3393//4833
f 3391//4834 3395//4834 3388//4834
f 3394//4835 3396//4835 3397//4835
f 3393//4836 3396//4836 3394//4836
f 3383//4837 3398//4837 3379//4837
f 3395//4838 3398//4838 3393//4838
f 3393//4839 3398//4839 3396//4839
f 3379//4493 3398//4493 3395//4493
f 3397//4840 3399//4840 3400//4840
f 3396//4841 3399//4841 3397//4841
f 3398//4842 3401//4842 3396//4497
f 3383//4843 3401//4843 3398//4843
f 3396//4844 3401//4845 3399//4845
f 3400//4846 3402//4846 3403//4846
f 3403//4847 3402//4847 3404//4848
f 3404//3744 3402//4849 3405//4850
f 3399//3746 3402//3746 3400//3746
f 3405//4500 3406//4500 3407//4500
f 3407//4851 3406//4851 3336//4851
f 3336//4852 3406//4852 3383//4852
f 3402//4853 3406//4853 3405//4853
f 3383//4854 3406//4854 3401//4854
f 3401//3752 3406//3752 3399//3752
f 3399//4855 3406//4855 3402//4855
f 3408//548 3397//548 3400//548
f 3409//610 3400//610 3403//610
f 3409//612 3403//612 3404//612
f 3409//3758 3408//3758 3400//3758
f 3410//607 3404//607 3411//607
f 3410//608 3411//608 3412//608
f 3410//3759 3409//3759 3404//3759
f 3413//462 3412//462 3414//462
f 3413//3760 3410//3760 3412//3760
f 3410//3761 3413//3761 3415//3761
f 3410//4856 3415//4856 3416//4856
f 3409//3764 3416//3764 3417//3764
f 3409//3764 3410//3764 3416//3764
f 3408//3765 3417//3765 3418//3765
f 3408//3765 3409//3765 3417//3765
f 3415//300 3419//300 3420//300
f 3415//300 3420//300 3418//300
f 3416//300 3418//300 3417//300
f 3416//300 3415//300 3418//300
f 3421//3766 3408//3766 3418//3766
f 3421//3766 3418//3766 3420//3766
f 3422//4509 3420//4509 3419//4509
f 3422//3769 3421//3769 3420//3769
f 3413//4510 3419//4510 3415//4510
f 3413//4857 3422//4857 3419//4857
f 3413//458 3414//458 3423//458
f 3422//692 3423//692 3424//692
f 3422//461 3424//461 3389//461
f 3422//3771 3413//3771 3423//3771
f 3421//454 3389//454 3390//454
f 3421//614 3390//614 3394//614
f 3421//3772 3422//3772 3389//3772
f 3408//456 3394//456 3397//456
f 3408//3773 3421//3773 3394//3773
f 3405//3775 3425//4858 3404//4859
f 3404//4860 3425//4861 3411//4862
f 3338//4863 3426//4863 3336//4863
f 3407//4864 3426//4865 3405//4866
f 3336//4867 3426//4867 3407//4867
f 3405//4868 3426//4869 3425//4869
f 3411//4870 3427//4870 3412//4870
f 3425//4871 3427//4871 3411//4871
f 3338//4872 3428//4872 3426//4872
f 3425//4187 3428//4187 3427//4187
f 3426//4873 3428//4873 3425//4873
f 3414//4874 3429//4874 3423//4874
f 3412//4875 3429//4875 3414//4875
f 3427//4876 3429//4876 3412//4876
f 3343//4877 3430//4877 3338//4877
f 3428//3788 3430//3788 3427//3788
f 3427//4878 3430//4878 3429//4878
f 3338//4879 3430//4879 3428//4879
f 3429//4880 3431//4880 3423//4880
f 3430//4881 3432//4881 3429//4881
f 3343//4117 3432//4117 3430//4117
f 3429//4882 3432//4882 3431//4882
f 3423//4883 3433//4883 3424//4883
f 3424//4884 3433//4884 3389//4884
f 3389//4885 3433//4885 3387//4885
f 3431//4886 3433//4886 3423//4886
f 3387//4887 3434//4887 3392//4887
f 3392//3803 3434//3803 3347//3803
f 3347//4540 3434//4540 3343//4540
f 3433//3805 3434//3805 3387//3805
f 3343//4541 3434//4541 3432//4541
f 3432//4888 3434//4889 3431//4888
f 3431//4890 3434//4891 3433//4891
f 3435//4892 3436//4892 3437//4893
f 3438//4894 3435//4894 3439//4894
f 3440//4895 3438//4895 3441//4895
f 3442//4896 3440//4896 3443//4896
f 3444//4897 3445//4897 3446//4897
f 3447//4898 3448//4898 3444//4898
f 3449//4899 3450//4899 3447//4899
f 3451//4900 3450//4900 3449//4900
f 3452//4901 3450//4901 3451//4901
f 3453//4902 3450//4902 3452//4902
f 3454//4903 3455//4903 3439//4903
f 3454//4904 3456//4904 3455//4904
f 3454//4905 3437//4905 3456//4905
f 3454//4906 3439//4906 3435//4906
f 3454//4893 3435//4893 3437//4907
f 3457//4908 3439//4908 3441//4908
f 3457//4909 3438//4909 3439//4909
f 3457//4910 3441//4910 3438//4910
f 3458//4911 3441//4911 3443//4911
f 3458//4912 3440//4912 3441//4912
f 3458//4913 3443//4913 3440//4913
f 3459//4914 3443//4914 3460//4914
f 3459//4915 3442//4915 3443//4915
f 3461//4916 3459//4916 3460//4916
f 3462//4917 3463//4917 3442//4917
f 3462//4918 3442//4918 3459//4918
f 3462//4919 3459//4919 3461//4919
f 3464//4920 3460//4920 3465//4920
f 3464//4921 3461//4921 3460//4921
f 3464//4922 3463//4922 3462//4922
f 3464//4923 3462//4923 3461//4923
f 3466//4924 3464//4924 3465//4924
f 3467//4925 3468//4925 3463//4925
f 3467//4926 3464//4926 3466//4926
f 3467//4927 3463//4927 3464//4927
f 3469//4928 3465//4928 3470//4928
f 3469//4929 3466//4929 3465//4929
f 3469//4930 3468//4930 3467//4930
f 3469//4931 3467//4931 3466//4931
f 3471//4932 3469//4932 3470//4932
f 3472//4933 3473//4933 3468//4933
f 3472//4934 3468//4934 3469//4934
f 3472//4935 3469//4935 3471//4935
f 3474//4936 3470//4936 3475//4936
f 3474//4937 3473//4937 3472//4937
f 3474//4938 3471//4938 3470//4938
f 3474//4939 3472//4939 3471//4939
f 3476//4940 3474//4940 3475//4940
f 3477//4941 3478//4941 3473//4941
f 3477//4942 3473//4942 3474//4942
f 3477//4943 3474//4943 3476//4943
f 3479//4944 3476//4944 3475//4944
f 3479//4945 3477//4945 3476//4945
f 3479//4946 3475//4946 3480//4946
f 3479//4947 3478//4947 3477//4947
f 3481//4948 3479//4948 3480//4948
f 3482//4949 3478//4949 3479//4949
f 3482//4950 3483//4950 3478//4950
f 3482//4951 3479//4951 3481//4951
f 3484//4952 3480//4952 3446//4952
f 3484//4953 3481//4953 3480//4953
f 3484//4954 3482//4954 3481//4954
f 3484//4955 3483//4955 3482//4955
f 3485//4956 3484//4956 3446//4956
f 3485//4957 3446//4957 3445//4957
f 3486//4958 3483//4958 3484//4958
f 3486//4959 3485//4959 3445//4959
f 3486//4960 3445//4960 3483//4960
f 3486//4961 3484//4961 3485//4961
f 3487//4962 3445//4962 3444//4962
f 3487//4963 3444//4963 3448//4963
f 3488//4964 3487//4964 3448//4964
f 3488//4965 3445//4965 3487//4965
f 3488//4966 3448//4966 3445//4966
f 3489//4967 3448//4967 3447//4967
f 3489//4968 3447//4968 3450//4968
f 3490//4969 3450//4969 3448//4969
f 3490//4970 3489//4970 3450//4970
f 3490//4971 3448//4971 3489//4971
f 3491//37 3446//37 3492//37
f 3446//36 3480//36 3492//36
f 3493//1259 3444//1259 3491//1259
f 3491//37 3444//37 3446//37
f 3480//1024 3494//1024 3492//1024
f 3480//37 3475//37 3494//37
f 3495//37 3447//37 3493//37
f 3493//1024 3447//1024 3444//1024
f 3475//258 3496//258 3494//258
f 3497//37 3449//37 3495//37
f 3495//227 3449//227 3447//227
f 3475//37 3470//37 3496//37
f 3470//53 3498//53 3496//53
f 3497//37 3499//37 3449//37
f 3499//36 3500//36 3449//36
f 3470//37 3465//37 3498//37
f 3465//1024 3501//1024 3498//1024
f 3499//37 3502//37 3500//37
f 3502//37 3503//37 3500//37
f 3465//37 3460//37 3501//37
f 3460//290 3504//290 3501//290
f 3502//36 3505//36 3503//36
f 3460//36 3443//36 3504//36
f 3505//36 3506//36 3503//36
f 3443//37 3507//37 3504//37
f 3505//76 3508//76 3506//76
f 3443//37 3441//37 3507//37
f 3508//37 3509//37 3506//37
f 3441//1025 3510//1025 3507//1025
f 3508//1239 3511//1239 3509//1239
f 3441//99 3439//99 3510//99
f 3511//37 3512//37 3509//37
f 3439//37 3513//37 3510//37
f 3511//37 3514//37 3512//37
f 3439//37 3455//37 3513//37
f 3514//36 3515//36 3512//36
f 3455//37 3516//37 3513//37
f 3514//36 3517//36 3515//36
f 3517//37 3518//37 3515//37
f 3455//112 3519//112 3516//112
f 3520//42 3519//42 3455//42
f 3517//53 3521//53 3518//53
f 3521//42 3522//42 3518//42
f 3520//37 3523//37 3519//37
f 3524//42 3523//42 3520//42
f 3521//53 3525//53 3522//53
f 3522//1024 3525//1024 3526//1024
f 3526//42 3527//42 3524//42
f 3524//1891 3527//1891 3523//1891
f 3525//37 3527//37 3526//37
f 3528//4972 3516//4972 3529//4972
f 3529//4973 3519//4973 3530//4973
f 3516//4974 3519//4974 3529//4974
f 3530//4975 3523//4975 3531//4975
f 3519//4976 3523//4976 3530//4976
f 3531//4977 3527//4977 3532//4977
f 3523//4978 3527//4978 3531//4978
f 3532//4979 3525//4979 3533//4979
f 3527//4980 3525//4980 3532//4980
f 3533//4981 3521//4981 3534//4981
f 3525//4982 3521//4982 3533//4982
f 3534//4983 3517//4983 3535//4983
f 3521//4984 3517//4984 3534//4984
f 3535//4985 3514//4985 3536//4985
f 3517//4986 3514//4986 3535//4986
f 3536//4987 3511//4987 3537//4987
f 3514//4988 3511//4988 3536//4988
f 3537//4989 3508//4989 3538//4989
f 3511//4990 3508//4990 3537//4990
f 3538//4991 3505//4991 3539//4991
f 3508//4992 3505//4992 3538//4992
f 3539//4993 3502//4993 3540//4993
f 3505//4994 3502//4994 3539//4994
f 3540//4995 3499//4995 3541//4995
f 3502//4996 3499//4996 3540//4996
f 3541//4997 3497//4997 3542//4997
f 3499//4998 3497//4998 3541//4998
f 3540//4999 3541//4999 3543//4999
f 3539//5000 3540//5000 3544//5000
f 3538//5001 3539//5001 3545//5001
f 3546//5002 3531//5002 3547//5002
f 3548//5003 3530//5003 3546//5003
f 3436//5004 3529//5004 3548//5004
f 3549//5005 3529//5005 3436//5005
f 3550//5006 3529//5006 3549//5006
f 3528//5007 3529//5007 3550//5007
f 3551//5008 3541//5008 3542//5008
f 3551//5009 3552//5009 3453//5009
f 3551//5010 3553//5010 3552//5010
f 3551//5011 3542//5011 3553//5011
f 3551//5012 3453//5012 3543//5012
f 3551//5013 3543//5013 3541//5013
f 3554//5014 3543//5014 3544//5014
f 3554//5015 3540//5015 3543//5015
f 3554//5016 3544//5016 3540//5016
f 3555//5017 3544//5017 3545//5017
f 3555//5018 3539//5018 3544//5018
f 3555//5019 3545//5019 3539//5019
f 3556//5020 3545//5020 3557//5020
f 3556//5021 3538//5021 3545//5021
f 3558//5022 3556//5022 3557//5022
f 3559//5023 3537//5023 3538//5023
f 3559//5024 3538//5024 3556//5024
f 3559//5025 3556//5025 3558//5025
f 3560//5026 3557//5026 3561//5026
f 3560//5027 3558//5027 3557//5027
f 3560//5028 3537//5028 3559//5028
f 3560//5029 3559//5029 3558//5029
f 3562//5030 3560//5030 3561//5030
f 3563//5031 3536//5031 3537//5031
f 3563//5032 3560//5032 3562//5032
f 3563//5033 3537//5033 3560//5033
f 3564//5034 3562//5034 3561//5034
f 3564//5035 3561//5035 3565//5035
f 3564//5036 3536//5036 3563//5036
f 3564//5037 3563//5037 3562//5037
f 3566//5038 3564//5038 3565//5038
f 3567//5039 3535//5039 3536//5039
f 3567//5040 3536//5040 3564//5040
f 3567//5041 3564//5041 3566//5041
f 3568//5042 3565//5042 3569//5042
f 3568//5043 3566//5043 3565//5043
f 3568//5044 3535//5044 3567//5044
f 3568//5045 3567//5045 3566//5045
f 3570//5046 3568//5046 3569//5046
f 3571//5047 3568//5047 3570//5047
f 3571//5048 3534//5048 3535//5048
f 3571//5049 3535//5049 3568//5049
f 3572//5050 3570//5050 3569//5050
f 3572//5051 3571//5051 3570//5051
f 3572//5052 3534//5052 3571//5052
f 3572//5053 3569//5053 3573//5053
f 3574//5054 3572//5054 3573//5054
f 3575//5055 3534//5055 3572//5055
f 3575//5056 3572//5056 3574//5056
f 3575//5057 3533//5057 3534//5057
f 3576//5058 3574//5058 3573//5058
f 3576//5059 3575//5059 3574//5059
f 3576//5060 3533//5060 3575//5060
f 3576//5061 3573//5061 3577//5061
f 3578//5062 3576//5062 3577//5062
f 3579//5063 3533//5063 3576//5063
f 3579//5064 3576//5064 3578//5064
f 3579//5065 3532//5065 3533//5065
f 3580//5066 3577//5066 3547//5066
f 3580//5067 3578//5067 3577//5067
f 3580//5068 3579//5068 3578//5068
f 3580//5069 3532//5069 3579//5069
f 3581//5070 3580//5070 3547//5070
f 3581//5071 3547//5071 3531//5071
f 3582//5072 3532//5072 3580//5072
f 3582//5073 3531//5073 3532//5073
f 3582//5074 3581//5074 3531//5074
f 3582//5075 3580//5075 3581//5075
f 3583//5076 3531//5076 3546//5076
f 3583//5077 3546//5077 3530//5077
f 3584//5078 3530//5078 3531//5078
f 3584//5079 3583//5079 3530//5079
f 3584//5080 3531//5080 3583//5080
f 3585//5081 3530//5081 3548//5081
f 3585//5082 3548//5082 3529//5082
f 3586//5083 3529//5083 3530//5083
f 3586//5084 3585//5084 3529//5084
f 3586//5085 3530//5085 3585//5085
f 3552//5086 3450//5086 3453//5086
f 3542//5087 3587//5087 3553//5087
f 3588//5088 3549//5088 3436//5088
f 3588//5089 3436//5089 3435//5089
f 3589//5090 3590//5090 3528//5090
f 3589//5091 3550//5092 3549//5093
f 3589//5094 3528//5094 3550//5094
f 3589//5095 3549//5096 3588//5097
f 3591//5098 3435//5098 3438//5098
f 3591//5099 3588//5099 3435//5099
f 3592//5100 3593//5100 3590//5100
f 3592//5101 3589//5102 3588//5102
f 3592//5103 3588//5104 3591//5105
f 3592//5106 3590//5106 3589//5106
f 3594//5107 3438//5108 3440//5109
f 3594//5110 3591//5110 3438//5111
f 3595//5112 3596//5112 3593//5112
f 3595//5113 3597//5113 3596//5113
f 3595//5114 3591//5114 3594//5114
f 3595//5115 3593//5115 3592//5115
f 3595//5116 3592//5116 3591//5116
f 3598//5117 3440//5118 3442//5118
f 3598//5119 3594//5120 3440//5120
f 3599//5121 3595//5121 3594//5121
f 3599//5122 3594//5122 3598//5122
f 3599//5123 3597//5123 3595//5123
f 3600//5124 3442//5124 3463//5124
f 3600//5125 3599//5125 3598//5125
f 3600//5126 3598//5126 3442//5126
f 3601//5127 3602//5127 3597//5127
f 3601//5128 3597//5128 3599//5128
f 3601//5129 3599//5129 3600//5129
f 3603//5130 3463//5131 3468//5130
f 3603//5132 3468//5132 3473//5132
f 3603//5133 3600//5134 3463//5130
f 3604//5135 3605//5135 3602//5135
f 3604//5136 3602//5136 3601//5136
f 3604//5137 3600//5137 3603//5137
f 3604//5138 3601//5138 3600//5138
f 3606//5139 3603//5139 3473//5139
f 3607//5140 3608//5140 3605//5140
f 3607//5141 3605//5141 3604//5141
f 3607//5142 3604//5142 3603//5142
f 3607//5143 3603//5143 3606//5143
f 3609//5144 3473//5144 3478//5144
f 3609//5145 3478//5145 3483//5146
f 3609//5147 3606//5147 3473//5147
f 3610//5148 3607//5148 3606//5148
f 3610//5149 3611//5149 3608//5149
f 3610//5150 3606//5150 3609//5150
f 3610//5151 3608//5151 3607//5151
f 3612//5152 3609//5153 3483//5152
f 3613//5154 3610//5154 3609//5154
f 3613//5155 3611//5155 3610//5155
f 3613//5156 3614//5156 3611//5156
f 3613//5157 3609//5157 3612//5157
f 3615//5158 3483//5158 3445//5158
f 3615//5159 3445//5159 3448//5159
f 3615//5160 3612//5160 3483//5160
f 3616//5161 3614//5161 3613//5161
f 3616//5162 3617//5162 3614//5162
f 3616//5163 3613//5163 3612//5163
f 3616//5164 3612//5164 3615//5164
f 3618//5165 3615//5165 3448//5165
f 3619//5166 3620//5166 3617//5166
f 3619//5167 3617//5167 3616//5167
f 3619//5168 3616//5168 3615//5168
f 3619//5169 3615//5169 3618//5169
f 3621//5170 3618//5170 3448//5170
f 3621//5171 3448//5171 3450//5171
f 3621//5172 3450//5172 3552//5172
f 3622//5173 3587//5173 3620//5173
f 3622//5174 3619//5174 3618//5174
f 3622//5175 3621//5175 3552//5175
f 3622//5176 3552//5176 3553//5176
f 3622//5177 3620//5177 3619//5177
f 3622//5178 3618//5179 3621//5179
f 3622//5180 3553//5180 3587//5180
f 3497//2812 3495//2812 3542//2812
f 3542//2812 3495//2812 3587//2812
f 3587//5181 3493//5181 3620//5181
f 3495//5182 3493//5182 3587//5182
f 3617//2815 3491//2815 3614//2815
f 3620//2814 3491//2814 3617//2814
f 3493//5183 3491//5183 3620//5183
f 3491//5184 3492//5184 3614//5184
f 3614//2816 3494//2816 3611//2816
f 3492//2816 3494//2816 3614//2816
f 3608//453 3496//453 3605//453
f 3611//2817 3496//2817 3608//2817
f 3494//2817 3496//2817 3611//2817
f 3496//453 3498//453 3605//453
f 3605//2818 3501//2818 3602//2818
f 3498//5185 3501//5185 3605//5185
f 3602//5186 3504//5186 3597//5186
f 3501//5187 3504//5187 3602//5187
f 3597//2820 3507//2820 3596//2820
f 3504//5188 3507//5188 3597//5188
f 3596//5189 3510//5189 3593//5189
f 3507//5190 3510//5190 3596//5190
f 3593//2822 3513//2822 3590//2822
f 3510//5191 3513//5191 3593//5191
f 3590//2823 3516//2823 3528//2823
f 3513//2823 3516//2823 3590//2823
f 3543//5192 3453//5192 3452//5192
f 3544//5193 3543//5193 3500//5193
f 3545//5194 3544//5194 3503//5194
f 3557//5195 3545//5195 3506//5195
f 3524//5196 3547//5196 3526//5196
f 3520//5197 3546//5197 3524//5197
f 3455//5198 3548//5198 3520//5198
f 3456//5199 3548//5199 3455//5199
f 3437//5200 3548//5200 3456//5200
f 3436//5201 3548//5201 3437//5201
f 3623//5202 3449//5202 3500//5202
f 3623//5203 3451//5203 3449//5203
f 3623//5204 3452//5204 3451//5204
f 3623//5205 3500//5206 3543//5205
f 3623//5207 3543//5207 3452//5207
f 3624//5208 3500//5208 3503//5208
f 3624//5209 3544//5209 3500//5209
f 3624//5210 3503//5210 3544//5210
f 3625//5211 3503//5211 3506//5211
f 3625//5212 3545//5212 3503//5212
f 3625//5213 3506//5213 3545//5213
f 3626//5214 3506//5214 3509//5214
f 3626//5215 3557//5215 3506//5215
f 3627//5216 3626//5216 3509//5216
f 3628//5217 3561//5217 3557//5217
f 3628//5218 3557//5218 3626//5218
f 3628//5219 3626//5219 3627//5219
f 3629//5220 3509//5220 3512//5220
f 3629//5221 3627//5221 3509//5221
f 3629//5222 3561//5222 3628//5222
f 3629//5223 3628//5223 3627//5223
f 3630//5224 3629//5224 3512//5224
f 3631//5225 3565//5225 3561//5225
f 3631//5226 3629//5226 3630//5226
f 3631//5227 3561//5227 3629//5227
f 3632//5228 3512//5228 3515//5228
f 3632//5229 3630//5229 3512//5229
f 3632//5230 3565//5230 3631//5230
f 3632//5231 3631//5231 3630//5231
f 3633//5232 3632//5232 3515//5232
f 3634//5233 3569//5233 3565//5233
f 3634//5234 3565//5234 3632//5234
f 3634//5235 3632//5235 3633//5235
f 3635//5236 3515//5236 3518//5236
f 3635//5237 3569//5237 3634//5237
f 3635//5238 3633//5238 3515//5238
f 3635//5239 3634//5239 3633//5239
f 3636//5240 3635//5240 3518//5240
f 3637//5241 3573//5241 3569//5241
f 3637//5242 3569//5242 3635//5242
f 3637//5243 3635//5243 3636//5243
f 3638//5244 3636//5244 3518//5244
f 3638//5245 3637//5245 3636//5245
f 3638//5246 3518//5246 3522//5246
f 3638//5247 3573//5247 3637//5247
f 3639//5248 3638//5248 3522//5248
f 3640//5249 3573//5249 3638//5249
f 3640//5250 3577//5250 3573//5250
f 3640//5251 3638//5251 3639//5251
f 3641//5252 3639//5252 3522//5252
f 3641//5253 3522//5253 3526//5253
f 3641//5254 3640//5254 3639//5254
f 3641//5255 3577//5255 3640//5255
f 3642//5256 3641//5256 3526//5256
f 3642//5257 3526//5257 3547//5257
f 3643//5258 3577//5258 3641//5258
f 3643//5259 3642//5259 3547//5259
f 3643//5260 3547//5260 3577//5260
f 3643//5261 3641//5261 3642//5261
f 3644//5262 3547//5262 3524//5262
f 3644//5263 3524//5263 3546//5263
f 3645//5264 3644//5264 3546//5264
f 3645//5265 3547//5265 3644//5265
f 3645//5266 3546//5266 3547//5266
f 3646//5267 3546//5267 3520//5267
f 3646//5268 3520//5268 3548//5268
f 3647//5269 3548//5269 3546//5269
f 3647//5270 3646//5270 3548//5270
f 3647//5271 3546//5271 3646//5271
f 3648//5272 3649//5272 3650//5272
f 3650//5273 3651//5273 3652//5273
f 3649//5274 3651//5274 3650//5274
f 3652//5275 3653//5275 3654//5275
f 3651//5276 3653//5276 3652//5276
f 3654//5277 3655//5277 3656//5277
f 3653//5278 3655//5278 3654//5278
f 3656//5279 3657//5279 3658//5279
f 3655//5280 3657//5280 3656//5280
f 3658//5281 3659//5281 3660//5281
f 3657//5282 3659//5282 3658//5282
f 3660//5283 3661//5283 3662//5283
f 3659//5284 3661//5284 3660//5284
f 3662//5285 3663//5285 3664//5285
f 3661//5286 3663//5286 3662//5286
f 3664//5287 3665//5287 3666//5287
f 3663//5288 3665//5288 3664//5288
f 3666//5289 3667//5289 3668//5289
f 3665//5290 3667//5290 3666//5290
f 3667//5291 3669//5291 3668//5291
f 3668//5292 3670//5292 3671//5292
f 3669//5293 3670//5293 3668//5293
f 3670//5294 3672//5294 3671//5294
f 3669//5295 3667//5295 3673//5295
f 3674//5296 3669//5296 3673//5296
f 3670//5297 3669//5297 3674//5297
f 3672//5298 3670//5298 3674//5298
f 3675//5299 3672//5299 3674//5299
f 3676//5300 3672//5300 3675//5300
f 3677//5301 3676//5301 3675//5301
f 3678//5302 3676//5302 3677//5302
f 3679//5303 3678//5303 3677//5303
f 3680//5304 3678//5304 3679//5304
f 3681//5305 3680//5305 3679//5305
f 3682//5306 3680//5306 3681//5306
f 3683//5307 3682//5307 3681//5307
f 3684//5308 3682//5308 3683//5308
f 3685//5309 3684//5309 3683//5309
f 3686//5310 3685//5310 3687//5310
f 3686//5311 3684//5311 3685//5311
f 3688//5312 3687//5312 3689//5312
f 3688//5313 3686//5313 3687//5313
f 3690//5314 3689//5314 3691//5314
f 3690//5315 3688//5315 3689//5315
f 3692//5316 3691//5316 3693//5316
f 3692//5317 3690//5317 3691//5317
f 3671//5318 3672//5318 3694//5318
f 3694//5319 3676//5319 3695//5319
f 3672//5320 3676//5320 3694//5320
f 3695//5321 3678//5321 3696//5321
f 3676//5322 3678//5322 3695//5322
f 3696//5323 3680//5323 3697//5323
f 3678//5324 3680//5324 3696//5324
f 3697//5325 3682//5325 3698//5325
f 3680//5326 3682//5326 3697//5326
f 3698//5327 3684//5327 3699//5327
f 3682//5328 3684//5328 3698//5328
f 3699//5329 3686//5329 3700//5329
f 3684//5330 3686//5330 3699//5330
f 3700//5331 3688//5331 3701//5331
f 3686//5332 3688//5332 3700//5332
f 3701//5333 3690//5333 3702//5333
f 3688//5334 3690//5334 3701//5334
f 3702//5335 3692//5335 3703//5335
f 3690//5336 3692//5336 3702//5336
f 3692//5337 3704//5337 3703//5337
f 3703//5338 3705//5338 3648//5338
f 3704//5339 3705//5339 3703//5339
f 3705//5340 3649//5340 3648//5340
f 3679//36 3695//36 3696//36
f 3681//37 3679//37 3696//37
f 3697//1252 3681//1252 3696//1252
f 3677//37 3695//37 3679//37
f 3694//1239 3695//1239 3677//1239
f 3683//36 3681//36 3697//36
f 3698//227 3683//37 3697//37
f 3675//99 3694//99 3677//99
f 3671//58 3694//58 3675//58
f 3685//37 3683//37 3698//37
f 3699//36 3685//1237 3698//44
f 3674//37 3671//37 3675//37
f 3668//36 3671//36 3674//36
f 3687//37 3685//37 3699//37
f 3700//42 3687//42 3699//42
f 3673//37 3668//37 3674//37
f 3666//99 3668//99 3673//99
f 3689//148 3687//148 3700//148
f 3706//1239 3666//1239 3673//1239
f 3701//37 3689//37 3700//37
f 3664//37 3666//37 3706//37
f 3691//50 3689//50 3701//50
f 3707//36 3664//36 3706//36
f 3702//99 3691//99 3701//99
f 3693//50 3691//50 3702//50
f 3662//222 3664//222 3707//222
f 3708//1024 3662//1024 3707//1024
f 3703//36 3693//36 3702//36
f 3709//36 3693//36 3703//36
f 3660//37 3662//37 3708//37
f 3710//37 3660//37 3708//37
f 3648//99 3709//99 3703//99
f 3711//37 3709//37 3648//37
f 3658//99 3660//99 3710//99
f 3712//37 3658//37 3710//37
f 3650//50 3711//50 3648//50
f 3713//198 3711//198 3650//198
f 3656//112 3658//112 3712//112
f 3714//36 3656//36 3712//36
f 3652//178 3713//1239 3650//1239
f 3652//186 3715//37 3713//37
f 3654//42 3656//42 3714//42
f 3654//76 3714//76 3715//76
f 3654//186 3715//186 3652//232
f 3704//5341 3692//5341 3693//5341
f 3709//5342 3704//5342 3693//5342
f 3705//5343 3704//5343 3709//5343
f 3649//5344 3705//5344 3709//5344
f 3711//5345 3649//5345 3709//5345
f 3651//5346 3649//5346 3711//5346
f 3713//5347 3651//5347 3711//5347
f 3653//5348 3651//5348 3713//5348
f 3715//5349 3653//5349 3713//5349
f 3655//5350 3653//5350 3715//5350
f 3714//5351 3655//5351 3715//5351
f 3657//5352 3655//5352 3714//5352
f 3712//5353 3657//5353 3714//5353
f 3659//5354 3657//5354 3712//5354
f 3710//5355 3659//5355 3712//5355
f 3661//5356 3710//5356 3708//5356
f 3661//5357 3659//5357 3710//5357
f 3663//5358 3708//5358 3707//5358
f 3663//5359 3661//5359 3708//5359
f 3665//5360 3707//5360 3706//5360
f 3665//5361 3663//5361 3707//5361
f 3667//5362 3706//5362 3673//5362
f 3667//5363 3665//5363 3706//5363
f 3716//300 3717//300 3718//300
f 3716//300 3718//300 3719//300
f 3716//300 3719//300 3720//300
f 3721//301 3722//301 3717//301
f 3721//301 3717//301 3716//301
f 3723//301 3722//301 3721//301
f 3724//300 3720//300 3725//300
f 3724//301 3716//301 3720//301
f 3726//301 3724//301 3725//301
f 3727//300 3728//300 3723//300
f 3727//300 3723//300 3721//300
f 3729//301 3724//301 3726//301
f 3730//300 3729//300 3726//300
f 3731//300 3728//300 3727//300
f 3732//301 3731//301 3727//301
f 3733//301 3731//301 3732//301
f 3734//301 3730//301 3735//301
f 3734//301 3729//301 3730//301
f 3736//300 3734//300 3735//300
f 3737//300 3733//300 3732//300
f 3738//301 3737//301 3732//301
f 3739//301 3734//301 3736//301
f 3740//300 3739//300 3736//300
f 3741//300 3737//300 3738//300
f 3742//301 3741//301 3738//301
f 3743//301 3739//301 3740//301
f 3744//300 3741//300 3742//300
f 3745//301 3739//301 3743//301
f 3746//301 3745//301 3743//301
f 3747//300 3742//300 3748//300
f 3747//301 3744//301 3742//301
f 3749//300 3745//300 3746//300
f 3749//300 3748//300 3745//300
f 3750//300 3747//300 3748//300
f 3751//300 3748//300 3749//300
f 3751//301 3750//301 3748//301
f 3752//5364 3746//5365 3743//5366
f 3753//5367 3754//5368 3723//5369
f 3753//5370 3723//5371 3728//5372
f 3755//5373 3756//5374 3757//5375
f 3755//5376 3758//5377 3754//5378
f 3755//5379 3757//5380 3758//5381
f 3755//5382 3754//5383 3753//5384
f 3759//5385 3728//5386 3731//5387
f 3759//5388 3753//5389 3728//5390
f 3760//5391 3761//5392 3756//5393
f 3760//5394 3762//5395 3761//5396
f 3760//5397 3753//5398 3759//5399
f 3760//5400 3755//5401 3753//5402
f 3760//5403 3756//5404 3755//5405
f 3763//5406 3731//5407 3733//5408
f 3763//5409 3759//5410 3731//5411
f 3764//5412 3765//5413 3762//5414
f 3764//5415 3760//5416 3759//5417
f 3764//5418 3762//5419 3760//5420
f 3764//5421 3759//5422 3763//5423
f 3766//5424 3733//5425 3737//5426
f 3766//5427 3763//5428 3733//5429
f 3766//5430 3764//5431 3763//5432
f 3767//5433 3764//5434 3766//5435
f 3767//5436 3765//5437 3764//5438
f 3768//5439 3737//5440 3741//5441
f 3768//5442 3766//5443 3737//5444
f 3769//5445 3770//5446 3765//5447
f 3769//5448 3767//5449 3766//5450
f 3769//5451 3766//5452 3768//5453
f 3769//5454 3765//5455 3767//5456
f 3771//5457 3744//5458 3747//5459
f 3771//5460 3741//5461 3744//5462
f 3771//5463 3769//5464 3768//5465
f 3771//5466 3768//5467 3741//5468
f 3772//5469 3773//5470 3770//5471
f 3772//5472 3774//5473 3773//5474
f 3772//5475 3769//5476 3771//5477
f 3772//5478 3770//5479 3769//5480
f 3775//5481 3771//5482 3747//5483
f 3776//5484 3772//5485 3771//5486
f 3776//5487 3774//5488 3772//5489
f 3776//5490 3771//5491 3775//5492
f 3777//5493 3747//5494 3750//5495
f 3777//5496 3775//5497 3747//5498
f 3777//5499 3776//5500 3775//5501
f 3778//5502 3776//5503 3777//5504
f 3778//5505 3779//5506 3774//5507
f 3778//5508 3774//5508 3776//5509
f 3780//5510 3750//5511 3751//5512
f 3780//5513 3777//5514 3750//5515
f 3781//5516 3777//5517 3780//5518
f 3781//5519 3782//5520 3779//5521
f 3781//5522 3783//5523 3782//5524
f 3781//5525 3778//5526 3777//5527
f 3781//5528 3779//5529 3778//5530
f 3784//5531 3751//5532 3749//5533
f 3784//5534 3780//5535 3751//5536
f 3784//5537 3781//5538 3780//5539
f 3785//5540 3783//5541 3781//5542
f 3785//5543 3781//5544 3784//5545
f 3786//5546 3749//5547 3746//5548
f 3786//5549 3784//5550 3749//5551
f 3786//5552 3746//5553 3752//5554
f 3787//5555 3752//5556 3788//5557
f 3787//5558 3788//5559 3789//5560
f 3787//5561 3783//5562 3785//5563
f 3787//5564 3785//5565 3784//5566
f 3787//5567 3784//5568 3786//5569
f 3787//5570 3790//5571 3783//5572
f 3787//5573 3789//5574 3790//5575
f 3787//5576 3786//5577 3752//5578
f 3791//5579 3752//5580 3743//5581
f 3791//5582 3743//5583 3740//5584
f 3792//5585 3793//5586 3789//5587
f 3792//5588 3788//5589 3752//5590
f 3792//5591 3789//5592 3788//5593
f 3792//5594 3752//5595 3791//5596
f 3794//5597 3740//5598 3736//5599
f 3794//5600 3791//5601 3740//5602
f 3795//5603 3796//5604 3793//5605
f 3795//5606 3797//5607 3796//5607
f 3795//5608 3793//5609 3792//5610
f 3795//5611 3791//5611 3794//5611
f 3795//5612 3792//5612 3791//5612
f 3798//5613 3736//5613 3735//5613
f 3798//5614 3794//5614 3736//5614
f 3799//5615 3800//5616 3797//5617
f 3799//5618 3795//5619 3794//5620
f 3799//5621 3797//5622 3795//5623
f 3799//5624 3794//5625 3798//5626
f 3801//5627 3735//5628 3730//5629
f 3801//5630 3798//5631 3735//5632
f 3802//5633 3799//5634 3798//5635
f 3802//5636 3798//5637 3801//5638
f 3802//5639 3800//5640 3799//5641
f 3803//5642 3730//5643 3726//5644
f 3803//5645 3801//5646 3730//5647
f 3804//5648 3805//5649 3800//5650
f 3804//5651 3802//5652 3801//5653
f 3804//5654 3801//5655 3803//5656
f 3804//5657 3800//5658 3802//5659
f 3806//5660 3726//5661 3725//5662
f 3806//5663 3803//5664 3726//5665
f 3807//5666 3808//5667 3805//5668
f 3807//5669 3805//5670 3804//5671
f 3807//5672 3804//5673 3803//5674
f 3807//5675 3803//5676 3806//5677
f 3809//5678 3725//5679 3720//5680
f 3809//5681 3806//5682 3725//5683
f 3809//5684 3807//5685 3806//5686
f 3810//5687 3811//5688 3808//5689
f 3810//5690 3808//5691 3807//5692
f 3810//5693 3807//5694 3809//5695
f 3812//5696 3719//5697 3718//5698
f 3812//5699 3720//5700 3719//5701
f 3812//5702 3809//5703 3720//5704
f 3813//5705 3809//5706 3812//5707
f 3813//5708 3814//5709 3811//5710
f 3813//5711 3815//5711 3814//5711
f 3813//5712 3811//5713 3810//5714
f 3813//5715 3810//5716 3809//5717
f 3816//5718 3812//5719 3718//5720
f 3817//5721 3815//5721 3813//5721
f 3817//5722 3812//5723 3816//5724
f 3817//5725 3818//5726 3815//5727
f 3817//5728 3813//5729 3812//5730
f 3819//5731 3816//5732 3718//5733
f 3819//5734 3718//5735 3717//5736
f 3820//5737 3816//5738 3819//5739
f 3820//5740 3818//5741 3817//5742
f 3820//5743 3817//5744 3816//5745
f 3821//5746 3723//5747 3754//5748
f 3821//5749 3754//5750 3758//5751
f 3821//5752 3819//5753 3717//5754
f 3821//5755 3722//5756 3723//5757
f 3821//5758 3717//5759 3722//5760
f 3822//5761 3758//5762 3757//5763
f 3822//5764 3818//5765 3820//5766
f 3822//5767 3823//5768 3818//5769
f 3822//5770 3757//5771 3823//5772
f 3822//5773 3820//5774 3819//5775
f 3822//5776 3821//5777 3758//5778
f 3822//5779 3819//5780 3821//5781
f 3824//5782 3823//5783 3757//5784
f 3825//5785 3826//5786 3789//5787
f 3825//5788 3789//5789 3793//5790
f 3827//5791 3828//5791 3826//5791
f 3827//5792 3829//5793 3828//5794
f 3827//5795 3830//5796 3829//5797
f 3827//5798 3826//5798 3825//5798
f 3831//5799 3793//5800 3796//5801
f 3831//5802 3825//5803 3793//5804
f 3832//5805 3833//5806 3830//5807
f 3832//5808 3834//5809 3833//5809
f 3832//5810 3825//5810 3831//5810
f 3832//5811 3830//5812 3827//5813
f 3832//5814 3827//5814 3825//5814
f 3835//5815 3796//5816 3797//5817
f 3835//5818 3831//5819 3796//5820
f 3836//5821 3834//5821 3832//5822
f 3836//5823 3832//5824 3831//5825
f 3836//5826 3831//5827 3835//5828
f 3837//5829 3797//5830 3800//5831
f 3837//5832 3800//5833 3805//5834
f 3837//5835 3835//5836 3797//5837
f 3837//5838 3836//5839 3835//5840
f 3838//5841 3839//5842 3834//5843
f 3838//5844 3834//5845 3836//5846
f 3838//5847 3836//5848 3837//5849
f 3840//5850 3805//5851 3808//5852
f 3840//5853 3837//5854 3805//5855
f 3841//5856 3842//5857 3839//5858
f 3841//5859 3843//5860 3842//5861
f 3841//5862 3837//5863 3840//5864
f 3841//5865 3839//5866 3838//5867
f 3841//5868 3838//5869 3837//5870
f 3844//5871 3840//5872 3808//5873
f 3845//5874 3840//5875 3844//5876
f 3845//5877 3843//5878 3841//5879
f 3845//5880 3841//5881 3840//5882
f 3846//5883 3808//5884 3811//5885
f 3846//5886 3811//5887 3814//5888
f 3846//5889 3844//5890 3808//5891
f 3847//5892 3848//5893 3843//5894
f 3847//5895 3849//5896 3848//5897
f 3847//5898 3845//5899 3844//5900
f 3847//5901 3843//5902 3845//5903
f 3847//5904 3844//5905 3846//5906
f 3850//5907 3846//5908 3814//5909
f 3851//5910 3846//5910 3850//5910
f 3851//5911 3852//5912 3849//5913
f 3851//5914 3849//5915 3847//5916
f 3851//5917 3847//5917 3846//5917
f 3853//5918 3814//5919 3815//5920
f 3853//5921 3815//5922 3818//5923
f 3853//5924 3850//5925 3814//5926
f 3854//5927 3850//5928 3853//5929
f 3854//5930 3855//5931 3852//5932
f 3854//5933 3852//5934 3851//5935
f 3854//5936 3851//5937 3850//5938
f 3856//5939 3853//5940 3818//5941
f 3857//5942 3854//5943 3853//5944
f 3857//5945 3855//5946 3854//5947
f 3857//5948 3853//5949 3856//5950
f 3858//5951 3818//5952 3823//5953
f 3858//5954 3824//5955 3859//5956
f 3858//5957 3856//5958 3818//5959
f 3858//5960 3823//5961 3824//5962
f 3860//5963 3857//5964 3856//5965
f 3860//5966 3856//5967 3858//5968
f 3860//5969 3855//5970 3857//5971
f 3860//5972 3859//5973 3861//5972
f 3860//5974 3858//5975 3859//5976
f 3860//5977 3862//5978 3855//5979
f 3860//5980 3861//5981 3862//5982
f 3826//5983 3790//5984 3789//5985
f 3829//5986 3863//5987 3828//5988
f 3864//5989 3824//5990 3757//5991
f 3864//5992 3757//5993 3756//5994
f 3865//5995 3866//5996 3861//5997
f 3865//5998 3859//5999 3824//6000
f 3865//6001 3861//6002 3859//6003
f 3865//6004 3824//6005 3864//6006
f 3867//6007 3756//6008 3761//6009
f 3867//6010 3864//6011 3756//6012
f 3868//6013 3869//6014 3866//6015
f 3868//6016 3866//6017 3865//6018
f 3868//6019 3865//6020 3864//6021
f 3868//6022 3864//6023 3867//6024
f 3870//6025 3761//6026 3762//6027
f 3870//6028 3867//6029 3761//6030
f 3871//6031 3872//6032 3869//6033
f 3871//6034 3873//6035 3872//6036
f 3871//6037 3868//6038 3867//6039
f 3871//6040 3869//6041 3868//6042
f 3871//6043 3867//6044 3870//6045
f 3874//6046 3762//6047 3765//6048
f 3874//6049 3870//6050 3762//6051
f 3874//6052 3871//6053 3870//6054
f 3875//6055 3873//6056 3871//6057
f 3875//6058 3871//6059 3874//6060
f 3876//6061 3765//6062 3770//6063
f 3876//6064 3770//6064 3773//6064
f 3876//6065 3874//6066 3765//6067
f 3877//6068 3878//6069 3873//6070
f 3877//6071 3873//6072 3875//6073
f 3877//6074 3874//6075 3876//6076
f 3877//6077 3875//6078 3874//6079
f 3879//6080 3876//6080 3773//6080
f 3880//6081 3881//6082 3878//6083
f 3880//6084 3878//6085 3877//6086
f 3880//6087 3877//6088 3876//6089
f 3880//6090 3876//6091 3879//6092
f 3882//6093 3773//6094 3774//6095
f 3882//6096 3879//6097 3773//6098
f 3883//6099 3884//6100 3881//6101
f 3883//6102 3881//6103 3880//6104
f 3883//6105 3880//6106 3879//6107
f 3883//6108 3879//6109 3882//6110
f 3885//6111 3774//6112 3779//6113
f 3885//6114 3779//6115 3782//6116
f 3885//6117 3882//6118 3774//6119
f 3886//6120 3882//6121 3885//6120
f 3886//6122 3887//6122 3884//6122
f 3886//6123 3888//6124 3887//6125
f 3886//6126 3884//6126 3883//6127
f 3886//6128 3883//6128 3882//6129
f 3889//6130 3885//6131 3782//6132
f 3890//6133 3888//6134 3886//6135
f 3890//6136 3885//6137 3889//6138
f 3890//6139 3886//6140 3885//6141
f 3891//6142 3782//6143 3783//6144
f 3891//6145 3889//6146 3782//6147
f 3892//6148 3888//6149 3890//6150
f 3892//6151 3889//6152 3891//6153
f 3892//6154 3893//6155 3888//6156
f 3892//6157 3863//6158 3893//6159
f 3892//6160 3890//6161 3889//6162
f 3894//6163 3783//6164 3790//6165
f 3894//6166 3891//6167 3783//6168
f 3894//6169 3790//6170 3826//6171
f 3895//6172 3892//6173 3891//6174
f 3895//6175 3891//6176 3894//6177
f 3895//6178 3863//6179 3892//6180
f 3895//6181 3894//6182 3826//6183
f 3895//6184 3826//6185 3828//6186
f 3895//6187 3828//6188 3863//6189
f 3896//6190 3897//6190 3898//6190
f 3896//6191 3899//6191 3897//6191
f 3899//6192 3900//6192 3897//6192
f 3899//6193 3901//6193 3900//6193
f 3901//6194 3902//6195 3900//6196
f 3901//6197 3903//6198 3902//6199
f 3903//6200 3904//6200 3902//6200
f 3903//6201 3905//6201 3904//6201
f 3904//6202 3906//6203 3907//6202
f 3905//6203 3906//6204 3904//6203
f 3907//6205 3908//6205 3909//6205
f 3906//6206 3908//6206 3907//6206
f 3908//6207 3910//6207 3909//6207
f 3908//6208 3911//6208 3910//6208
f 3910//6209 3912//6209 3913//6209
f 3911//6210 3912//6210 3910//6210
f 3913//6211 3914//6211 3915//6211
f 3912//6212 3914//6212 3913//6212
f 3915//6213 3916//6213 3917//6213
f 3914//6214 3916//6214 3915//6214
f 3916//6215 3918//6215 3917//6215
f 3916//6215 3919//6215 3918//6215
f 3918//6216 3920//6216 3921//6216
f 3919//6217 3920//6217 3918//6217
f 3920//6218 3922//6218 3921//6218
f 3920//6219 3923//6219 3922//6219
f 3899//6220 3896//6220 3924//6220
f 3899//6221 3924//6222 3925//6223
f 3901//6224 3925//6224 3926//6224
f 3901//6225 3899//6225 3925//6225
f 3903//6226 3926//6226 3927//6226
f 3903//6227 3901//6227 3926//6227
f 3905//6228 3927//6228 3928//6228
f 3905//6229 3903//6229 3927//6229
f 3906//6230 3928//6230 3929//6230
f 3906//6231 3905//6231 3928//6231
f 3908//6232 3929//6232 3930//6232
f 3908//6233 3906//6233 3929//6233
f 3911//6234 3930//6234 3931//6234
f 3911//6235 3908//6235 3930//6235
f 3912//6236 3931//6236 3932//6236
f 3912//6236 3911//6236 3931//6236
f 3914//6237 3932//6237 3933//6237
f 3914//6238 3912//6238 3932//6238
f 3916//6239 3933//6239 3934//6239
f 3916//6240 3914//6240 3933//6240
f 3935//6241 3916//6241 3934//6241
f 3919//6242 3916//6242 3935//6242
f 3920//6243 3935//6243 3936//6243
f 3920//6244 3919//6244 3935//6244
f 3937//6245 3920//6245 3936//6245
f 3923//6246 3920//6246 3937//6246
f 3938//134 3939//134 3940//134
f 3941//36 3940//36 3942//36
f 3941//37 3938//37 3940//37
f 3943//99 3939//99 3938//99
f 3944//37 3941//37 3942//37
f 3945//37 3943//37 3938//37
f 3946//1239 3943//1239 3945//1239
f 3947//233 3944//233 3937//233
f 3947//58 3941//58 3944//58
f 3948//1239 3946//1239 3945//1239
f 3949//151 3946//151 3948//151
f 3936//37 3947//37 3937//37
f 3950//42 3951//42 3949//42
f 3950//99 3949//99 3948//99
f 3952//37 3947//37 3936//37
f 3935//53 3952//53 3936//53
f 3953//37 3951//37 3950//37
f 3934//37 3952//37 3935//37
f 3954//36 3953//36 3950//36
f 3955//36 3952//36 3934//36
f 3956//58 3953//58 3954//58
f 3933//151 3955//151 3934//151
f 3957//178 3958//178 3956//178
f 3957//1024 3956//1024 3954//1024
f 3959//37 3955//37 3933//37
f 3932//36 3959//36 3933//36
f 3960//58 3958//58 3957//58
f 3931//36 3959//36 3932//36
f 3961//37 3959//37 3931//37
f 3962//36 3960//36 3957//36
f 3924//36 3960//36 3962//36
f 3930//50 3961//50 3931//50
f 3963//1239 3961//1239 3930//1239
f 3925//42 3924//42 3962//42
f 3929//198 3963//198 3930//198
f 3964//37 3925//37 3962//37
f 3926//37 3925//37 3964//37
f 3965//99 3963//99 3929//99
f 3928//99 3965//99 3929//99
f 3927//1025 3965//1025 3928//1025
f 3927//36 3926//36 3964//36
f 3927//99 3964//99 3965//99
f 3966//6247 3923//6247 3937//6247
f 3966//6248 3937//6248 3944//6248
f 3967//6249 3944//6249 3942//6249
f 3967//6250 3966//6250 3944//6250
f 3968//6251 3942//6251 3940//6251
f 3968//6252 3967//6252 3942//6252
f 3969//6253 3940//6253 3939//6253
f 3969//6254 3968//6254 3940//6254
f 3970//6255 3939//6255 3943//6255
f 3970//6256 3969//6256 3939//6256
f 3946//6257 3970//6257 3943//6257
f 3971//6258 3970//6258 3946//6258
f 3972//6259 3946//6259 3949//6259
f 3972//6259 3971//6259 3946//6259
f 3973//6260 3949//6260 3951//6260
f 3973//6261 3972//6261 3949//6261
f 3974//6262 3951//6262 3953//6262
f 3974//6263 3973//6263 3951//6263
f 3956//6264 3974//6264 3953//6264
f 3975//6265 3974//6265 3956//6265
f 3958//6266 3975//6266 3956//6266
f 3976//6267 3975//6267 3958//6267
f 3977//6268 3958//6268 3960//6268
f 3977//6269 3976//6269 3958//6269
f 3896//6270 3960//6270 3924//6270
f 3896//6271 3977//6271 3960//6271
f 3923//6272 3978//6272 3922//6272
f 3923//6273 3966//6273 3978//6273
f 3966//6274 3979//6274 3978//6274
f 3966//6275 3967//6275 3979//6275
f 3967//6276 3980//6276 3979//6276
f 3967//6277 3968//6277 3980//6277
f 3980//6278 3969//6278 3981//6278
f 3968//6278 3969//6278 3980//6278
f 3969//6279 3982//6279 3981//6279
f 3969//6280 3970//6280 3982//6280
f 3970//6281 3983//6281 3982//6281
f 3970//6282 3971//6282 3983//6282
f 3983//6283 3972//6283 3984//6283
f 3971//6284 3972//6284 3983//6284
f 3984//6285 3973//6285 3985//6285
f 3972//6286 3973//6286 3984//6286
f 3985//6287 3974//6287 3986//6287
f 3973//6288 3974//6288 3985//6288
f 3986//6289 3975//6289 3987//6289
f 3974//6290 3975//6290 3986//6290
f 3987//6291 3976//6291 3988//6291
f 3975//6292 3976//6292 3987//6292
f 3976//6293 3989//6293 3988//6293
f 3976//6294 3977//6294 3989//6294
f 3989//6295 3896//6295 3898//6295
f 3977//6296 3896//6296 3989//6296
f 3990//3208 3915//3208 3917//3208
f 3991//386 3917//386 3918//386
f 3991//301 3990//301 3917//301
f 3913//300 3915//300 3990//300
f 3921//308 3991//308 3918//308
f 3992//301 3913//301 3990//301
f 3910//301 3913//301 3992//301
f 3993//308 3921//308 3922//308
f 3993//300 3991//300 3921//300
f 3994//300 3910//300 3992//300
f 3909//337 3910//337 3994//337
f 3978//359 3993//359 3922//359
f 3995//450 3907//450 3909//450
f 3995//301 3909//301 3994//301
f 3996//301 3993//301 3978//301
f 3979//308 3996//308 3978//308
f 3904//301 3907//301 3995//301
f 3980//301 3996//301 3979//301
f 3997//301 3904//301 3995//301
f 3998//349 3996//349 3980//349
f 3902//332 3904//332 3997//332
f 3981//6297 3998//6297 3980//6297
f 3999//301 3900//301 3902//301
f 3999//332 3902//332 3997//332
f 4000//300 3998//300 3981//300
f 3982//450 4000//450 3981//450
f 3897//304 3900//304 3999//304
f 3983//358 4000//358 3982//358
f 4001//300 4000//300 3983//300
f 4002//312 3897//312 3999//312
f 3898//308 3897//308 4002//308
f 3984//413 4001//413 3983//413
f 4003//340 4001//340 3984//340
f 3989//300 3898//300 4002//300
f 3985//341 4003//341 3984//341
f 4004//301 3989//301 4002//301
f 3988//346 3989//346 4004//346
f 4005//301 4003//301 3985//301
f 3986//420 4005//420 3985//420
f 3987//300 4005//300 3986//300
f 3987//301 3988//301 4004//301
f 3987//301 4004//301 4005//301
f 4006//6298 4007//6298 4008//6298
f 4009//6299 4010//6300 4011//6301
f 4011//6302 4010//6302 4012//6303
f 4008//6304 4013//6305 4009//6306
f 4007//6307 4013//6307 4008//6307
f 4009//6308 4013//6309 4010//6310
f 4012//6311 4014//6312 4015//6313
f 4010//6314 4014//6315 4012//6316
f 4016//6317 4017//6318 4007//6319
f 4018//6320 4017//6321 4016//6322
f 4007//6323 4017//6324 4013//6325
f 4013//6326 4017//6327 4010//6328
f 4010//6329 4017//6330 4014//6331
f 4015//6332 4019//6333 4020//6334
f 4014//6335 4019//6336 4015//6337
f 4018//6338 4021//6339 4017//6340
f 4014//6341 4021//6342 4019//6343
f 4017//6344 4021//6345 4014//6346
f 4020//6347 4022//6348 4023//6349
f 4019//6350 4022//6351 4020//6352
f 4024//6353 4025//6354 4018//6355
f 4021//6356 4025//6356 4019//6356
f 4018//6357 4025//6358 4021//6359
f 4019//6360 4025//6360 4022//6360
f 4023//6361 4026//6362 4027//6363
f 4022//6364 4026//6365 4023//6366
f 4028//6367 4029//6368 4024//6369
f 4022//6370 4029//6371 4026//6372
f 4024//6373 4029//6374 4025//6375
f 4025//6376 4029//6377 4022//6378
f 4027//6379 4030//6380 4031//6381
f 4026//6382 4030//6383 4027//6384
f 4029//6385 4030//6386 4026//6387
f 4032//6388 4033//6389 4028//6390
f 4028//6391 4033//6392 4029//6393
f 4029//6394 4033//6395 4030//6396
f 4031//6397 4034//6398 4035//6399
f 4030//6400 4034//6401 4031//6402
f 4036//6403 4037//6404 4032//6405
f 4032//6406 4037//6407 4033//6408
f 4033//6409 4037//6410 4030//6411
f 4030//6412 4037//6413 4034//6414
f 4035//6415 4038//6416 4039//6417
f 4034//6418 4038//6419 4035//6420
f 4034//6421 4040//6422 4038//6423
f 4041//6424 4040//6425 4036//6426
f 4036//6427 4040//6428 4037//6429
f 4037//6430 4040//6431 4034//6432
f 4039//6433 4042//6434 4043//6435
f 4038//6436 4042//6437 4039//6438
f 4038//6439 4044//6439 4042//6439
f 4045//6440 4044//6441 4041//6442
f 4041//6443 4044//6444 4040//6445
f 4040//6446 4044//6446 4038//6446
f 4043//6447 4046//6448 4047//6449
f 4047//6450 4046//6451 4048//6452
f 4042//6453 4046//6454 4043//6455
f 4045//6456 4049//6457 4044//6458
f 4042//6459 4049//6460 4046//6461
f 4050//6462 4049//6463 4045//6464
f 4044//6465 4049//6466 4042//6467
f 4048//6468 4051//6469 4052//6470
f 4052//6471 4051//6472 4053//6473
f 4046//6474 4051//6475 4048//6476
f 4053//6477 4054//6478 4055//6479
f 4055//6480 4054//6481 4056//6482
f 4049//6483 4054//6483 4046//6483
f 4050//6484 4054//6485 4049//6486
f 4046//6487 4054//6487 4051//6487
f 4057//6488 4054//6489 4050//6490
f 4056//6491 4054//6492 4057//6493
f 4051//6494 4054//6495 4053//6496
f 4058//37 4059//37 4060//37
f 4058//36 4060//36 4061//36
f 4058//36 4061//36 4062//36
f 4063//36 4064//36 4059//36
f 4063//37 4059//37 4058//37
f 4052//37 4064//37 4063//37
f 4065//36 4062//36 4066//36
f 4065//37 4058//37 4062//37
f 4067//37 4065//37 4066//37
f 4068//37 4048//37 4052//37
f 4068//36 4052//36 4063//36
f 4069//36 4065//36 4067//36
f 4047//36 4048//36 4068//36
f 4070//37 4069//37 4067//37
f 4071//36 4047//36 4068//36
f 4043//36 4047//36 4071//36
f 4072//36 4070//36 4073//36
f 4072//36 4069//36 4070//36
f 4039//36 4043//36 4071//36
f 4074//36 4072//36 4073//36
f 4075//36 4039//36 4071//36
f 4076//36 4072//36 4074//36
f 4035//36 4039//36 4075//36
f 4077//36 4076//36 4074//36
f 4078//37 4035//37 4075//37
f 4031//37 4035//37 4078//37
f 4011//37 4076//37 4077//37
f 4079//36 4076//36 4011//36
f 4027//37 4078//37 4080//37
f 4027//36 4031//36 4078//36
f 4012//37 4079//37 4011//37
f 4015//36 4079//36 4012//36
f 4015//36 4080//36 4079//36
f 4023//37 4027//37 4080//37
f 4020//37 4023//37 4080//37
f 4020//37 4080//37 4015//37
f 4056//6497 4081//6498 4055//6499
f 4053//6500 4082//6501 4052//6502
f 4052//6503 4082//6504 4064//6505
f 4055//6506 4083//6507 4053//6508
f 4081//6509 4083//6510 4055//6511
f 4053//6512 4083//6513 4082//6514
f 4064//6515 4084//6516 4059//6517
f 4082//6518 4084//6519 4064//6520
f 4085//6521 4086//6522 4081//6523
f 4087//6524 4086//6525 4085//6526
f 4081//6527 4086//6528 4083//6529
f 4083//6530 4086//6531 4082//6532
f 4082//6533 4086//6534 4084//6535
f 4059//6536 4088//6537 4060//6538
f 4086//6539 4088//6539 4084//6539
f 4084//6540 4088//6541 4059//6542
f 4087//6543 4089//6544 4086//6545
f 4086//6546 4089//6546 4088//6546
f 4060//6547 4090//6548 4061//6549
f 4088//6550 4090//6551 4060//6552
f 4091//6553 4092//6554 4087//6555
f 4087//6556 4092//6557 4089//6558
f 4088//6559 4092//6560 4090//6561
f 4089//6562 4092//6563 4088//6564
f 4061//6565 4093//6566 4062//6567
f 4090//6568 4093//6569 4061//6570
f 4094//6571 4095//6572 4091//6573
f 4090//6574 4095//6575 4093//6576
f 4092//6577 4095//6578 4090//6579
f 4091//6580 4095//6581 4092//6582
f 4062//6583 4096//6584 4066//6585
f 4095//6586 4096//6587 4093//6588
f 4093//6589 4096//6590 4062//6591
f 4097//6592 4098//6593 4094//6594
f 4095//6595 4098//6596 4096//6597
f 4094//6598 4098//6599 4095//6600
f 4066//6601 4099//6602 4067//6603
f 4096//6604 4099//6605 4066//6606
f 4100//6607 4101//6608 4097//6609
f 4097//6610 4101//6611 4098//6612
f 4098//6613 4101//6614 4096//6615
f 4096//6616 4101//6617 4099//6618
f 4067//6619 4102//6620 4070//6621
f 4099//6622 4102//6623 4067//6624
f 4101//6625 4102//6626 4099//6627
f 4101//6628 4103//6629 4102//6630
f 4104//6631 4103//6632 4100//6633
f 4100//6634 4103//6635 4101//6636
f 4070//6637 4105//6638 4073//6639
f 4102//6640 4105//6641 4070//6642
f 4104//6643 4106//6644 4103//6645
f 4102//6646 4106//6647 4105//6648
f 4107//6649 4106//6650 4104//6651
f 4103//6652 4106//6653 4102//6654
f 4073//6655 4108//6656 4074//6657
f 4105//6658 4108//6659 4073//6660
f 4106//6661 4109//6662 4105//6663
f 4107//6664 4109//6665 4106//6666
f 4110//6667 4109//6668 4107//6669
f 4105//6670 4109//6671 4108//6672
f 4074//6673 4111//6674 4077//6675
f 4077//6676 4111//6677 4011//6678
f 4011//6679 4111//6680 4009//6681
f 4108//6682 4111//6683 4074//6684
f 4009//6685 4112//6686 4008//6687
f 4008//6688 4112//6689 4006//6690
f 4109//6691 4112//6692 4108//6693
f 4110//6694 4112//6695 4109//6696
f 4108//6697 4112//6698 4111//6699
f 4113//6700 4112//6701 4110//6702
f 4006//6703 4112//6704 4113//6705
f 4111//6706 4112//6707 4009//6708
f 4114//6709 4115//6710 4056//6711
f 4056//6712 4115//6713 4081//6714
f 3830//6715 4116//6716 3829//6717
f 4117//6718 4116//6719 4114//6720
f 3829//6721 4116//6722 4117//6723
f 4114//6724 4116//6725 4115//6726
f 4081//6727 4118//6728 4085//6729
f 4115//6730 4118//6731 4081//6732
f 3833//6733 4119//6734 3830//6735
f 4116//6736 4119//6737 4115//6738
f 3830//6739 4119//6740 4116//6741
f 4115//6742 4119//6743 4118//6744
f 4085//6745 4120//6746 4087//6747
f 4119//6748 4120//6749 4118//6750
f 4118//6751 4120//6752 4085//6753
f 3834//6754 4121//6755 3833//6756
f 4119//6757 4121//6758 4120//6759
f 3833//6760 4121//6761 4119//6762
f 4087//6763 4122//6763 4091//6763
f 4120//6764 4122//6764 4087//6764
f 3839//6765 4123//6766 3834//6767
f 4121//6768 4123//6769 4120//6770
f 3834//6771 4123//6772 4121//6773
f 4120//6774 4123//6775 4122//6776
f 4091//6777 4124//6778 4094//6779
f 4122//6780 4124//6781 4091//6782
f 4123//6783 4124//6784 4122//6785
f 3843//6786 4125//6787 3842//6788
f 3842//6789 4125//6790 3839//6791
f 3839//6792 4125//6793 4123//6794
f 4123//6795 4125//6796 4124//6797
f 4094//6798 4126//6799 4097//6800
f 4097//6801 4126//6802 4100//6803
f 4124//6804 4126//6805 4094//6806
f 3848//6807 4127//6808 3843//6809
f 3843//6810 4127//6811 4125//6812
f 4125//6813 4127//6814 4124//6815
f 4124//6816 4127//6817 4126//6818
f 4100//6819 4128//6820 4104//6821
f 4126//6822 4128//6823 4100//6824
f 3848//6825 4129//6826 4127//6827
f 4127//6828 4129//6829 4126//6830
f 4126//6831 4129//6832 4128//6833
f 4128//6834 4130//6835 4104//6836
f 4128//6837 4131//6838 4130//6839
f 3849//6840 4131//6841 3848//6840
f 3848//6842 4131//6843 4129//6842
f 4129//6844 4131//6845 4128//6846
f 4104//6847 4132//6848 4107//6849
f 4130//6850 4132//6851 4104//6852
f 3852//6853 4133//6854 3849//6855
f 4130//6856 4133//6857 4132//6858
f 4131//6859 4133//6860 4130//6861
f 3849//6862 4133//6863 4131//6864
f 4107//6865 4134//6866 4110//6867
f 4132//6868 4134//6869 4107//6870
f 3855//6871 4135//6872 3852//6873
f 4132//6874 4135//6875 4134//6876
f 4133//6877 4135//6878 4132//6879
f 3852//6880 4135//6881 4133//6882
f 4134//6883 4136//6884 4110//6885
f 4110//6886 4136//6887 4113//6888
f 4113//6889 4136//6890 4006//6891
f 4006//6892 4136//6893 4137//6894
f 3861//6895 4138//6896 3862//6897
f 3862//6898 4138//6899 3855//6900
f 3855//6901 4138//6902 4135//6903
f 4135//6904 4138//6905 4134//6906
f 4134//6907 4138//6908 4136//6909
f 4136//6910 4138//6911 4137//6912
f 4137//6910 4138//6913 4139//6914
f 4139//6915 4138//6916 3861//6917
f 4137//6918 4140//6919 4006//6920
f 4006//6921 4140//6922 4007//6923
f 3866//6924 4141//6925 3861//6926
f 4139//6927 4141//6928 4137//6929
f 3861//6930 4141//6931 4139//6932
f 4137//6933 4141//6934 4140//6935
f 4007//6936 4142//6937 4016//6938
f 4016//6939 4142//6940 4018//6941
f 4140//6942 4142//6943 4007//6944
f 3869//6945 4143//6945 3866//6946
f 4141//6947 4143//6948 4140//6949
f 3866//6950 4143//6951 4141//6951
f 4140//6952 4143//6953 4142//6954
f 4142//6955 4144//6956 4018//6957
f 3872//6958 4145//6959 3869//6960
f 4143//6961 4145//6962 4142//6963
f 4142//6964 4145//6965 4144//6966
f 3869//6967 4145//6968 4143//6969
f 4018//6970 4146//6971 4024//6972
f 4144//6973 4146//6974 4018//6975
f 3873//6976 4147//6977 3872//6978
f 4145//6979 4147//6980 4144//6981
f 4144//6982 4147//6983 4146//6984
f 3872//6985 4147//6986 4145//6987
f 4024//6988 4148//6989 4028//6990
f 4146//6991 4148//6992 4024//6993
f 4147//6994 4148//6995 4146//6996
f 3878//6997 4149//6998 3873//6999
f 3873//7000 4149//7001 4147//7002
f 4147//7003 4149//7004 4148//7005
f 4028//7006 4150//7007 4032//7008
f 4148//7009 4150//7010 4028//7011
f 3881//7012 4151//7013 3878//7014
f 3878//7015 4151//7016 4149//7017
f 4148//7018 4151//7019 4150//7020
f 4149//7021 4151//7022 4148//7023
f 4032//7024 4152//7025 4036//7026
f 4150//7027 4152//7028 4032//7029
f 3884//7030 4153//7031 3881//7032
f 3881//7031 4153//7033 4151//7034
f 4151//7035 4153//7036 4150//7037
f 4150//7038 4153//7039 4152//7040
f 4036//7041 4154//7042 4041//7043
f 4152//7044 4154//7045 4036//7046
f 4152//7047 4155//7048 4154//7049
f 3887//7050 4155//7051 3884//7052
f 3884//7053 4155//7054 4153//7055
f 4153//7056 4155//7057 4152//7058
f 4041//7059 4156//7060 4045//7061
f 4045//7062 4156//7063 4050//7064
f 4154//7065 4156//7066 4041//7066
f 3888//7067 4157//7068 3887//7069
f 4154//7070 4157//7071 4156//7072
f 4155//7073 4157//7074 4154//7075
f 3887//7076 4157//7077 4155//7078
f 4156//7079 4158//7080 4050//7081
f 3893//7082 4159//7083 3888//7084
f 4156//7085 4159//7086 4158//7087
f 4157//7088 4159//7089 4156//7090
f 3888//7091 4159//7092 4157//7093
f 4158//7094 4160//7095 4050//7096
f 4050//7097 4160//7098 4057//7099
f 4057//7100 4160//7101 4056//7102
f 4056//7103 4160//7104 4114//7105
f 3829//7106 4161//7107 3863//7108
f 3863//7109 4161//7110 3893//7111
f 4159//7112 4161//7113 4158//7114
f 4158//7115 4161//7116 4160//7117
f 4160//7118 4161//7119 4114//7120
f 4114//7121 4161//7122 4117//7123
f 4117//7124 4161//7125 3829//7126
f 3893//7127 4161//7128 4159//7129
f 4162//7130 4163//7130 4164//7130
f 4164//7131 4165//7131 4166//7131
f 4166//7132 4165//7132 4167//7132
f 4167//7133 4165//7133 4168//7133
f 4163//7134 4165//7134 4164//7134
f 4168//7135 4169//7135 4170//7135
f 4170//7136 4169//7136 4171//7136
f 4165//7137 4169//7137 4168//7137
f 4169//7138 4172//7138 4171//7138
f 4172//7139 4173//7139 4171//7139
f 4173//7140 4174//7140 4175//7140
f 4175//7141 4174//7141 4162//7141
f 4172//7142 4174//7142 4173//7142
f 4172//7143 4169//7143 4176//7143
f 4165//453 4177//453 4176//453
f 4165//513 4176//513 4169//513
f 4163//640 4177//640 4165//640
f 4178//7144 4163//7144 4172//7144
f 4179//7145 4178//7145 4172//7145
f 4179//7146 4172//7146 4176//7146
f 4180//453 4163//453 4178//453
f 4181//7147 4182//7147 4179//7147
f 4181//7146 4179//7146 4176//7146
f 4183//453 4182//453 4181//453
f 4183//453 4177//453 4163//453
f 4183//453 4163//453 4182//453
f 4182//453 4163//453 4180//453
f 4184//36 4185//36 4176//36
f 4186//36 4184//36 4176//36
f 4187//58 4188//58 4189//58
f 4190//1264 4187//1264 4189//1264
f 4191//37 4176//37 4177//37
f 4192//1024 4176//1024 4191//1024
f 4192//37 4186//37 4176//37
f 4193//37 4186//37 4192//37
f 4194//1024 4189//1024 4186//1024
f 4194//58 4190//58 4189//58
f 4194//112 4186//112 4193//112
f 4195//58 4194//58 4196//58
f 4197//36 4190//36 4194//36
f 4197//198 4194//198 4195//198
f 4187//467 4190//467 4198//467
f 4187//608 4198//608 4199//608
f 4188//471 4199//471 4200//471
f 4187//7148 4199//7148 4188//7148
f 4201//453 4188//453 4200//453
f 4201//7149 4189//858 4188//858
f 4189//471 4201//471 4202//471
f 4189//745 4202//745 4186//745
f 4184//7150 4186//7150 4202//7150
f 4184//7150 4202//7150 4203//7150
f 4185//7151 4203//7151 4204//7151
f 4185//7152 4184//7152 4203//7152
f 4176//7153 4204//7153 4181//7153
f 4176//7153 4185//7153 4204//7153
f 4204//300 4203//7154 4181//300
f 4203//341 4202//340 4181//340
f 4200//358 4199//358 4201//358
f 4199//300 4198//300 4201//300
f 4181//300 4205//300 4183//300
f 4181//300 4206//300 4205//300
f 4202//300 4206//300 4181//300
f 4202//301 4207//301 4206//301
f 4201//300 4208//300 4202//300
f 4202//301 4208//301 4207//301
f 4198//300 4209//300 4201//300
f 4201//300 4209//300 4208//300
f 4208//359 4210//359 4211//359
f 4209//330 4210//330 4208//330
f 4191//7155 4177//7155 4183//7155
f 4191//7155 4183//7155 4205//7155
f 4192//7156 4205//7156 4206//7156
f 4192//7156 4191//7156 4205//7156
f 4193//7157 4206//7157 4207//7157
f 4193//7157 4192//7157 4206//7157
f 4208//520 4193//520 4207//520
f 4208//457 4194//457 4193//457
f 4208//513 4196//513 4194//513
f 4211//713 4196//713 4208//713
f 4211//1026 4195//1026 4196//1026
f 4210//574 4195//574 4211//574
f 4210//459 4209//459 4197//459
f 4210//692 4197//692 4195//692
f 4190//9 4209//9 4198//9
f 4197//9 4209//9 4190//9
f 4212//7158 4182//7158 4213//7158
f 4213//7159 4180//7159 4214//7159
f 4214//7160 4180//7160 4215//7160
f 4215//7161 4180//7161 4216//7161
f 4182//7162 4180//7162 4213//7162
f 4216//7163 4178//7163 4217//7163
f 4217//7164 4178//7164 4218//7164
f 4180//7165 4178//7165 4216//7165
f 4178//7166 4179//7166 4218//7166
f 4179//7167 4219//7167 4218//7167
f 4219//7168 4220//7168 4221//7168
f 4221//7169 4220//7169 4212//7169
f 4179//7170 4220//7170 4219//7170
f 4222//7171 4223//7171 4224//7171
f 4224//7172 4225//7172 4226//7172
f 4226//7173 4225//7173 4227//7173
f 4227//7174 4225//7174 4228//7174
f 4223//7175 4225//7175 4224//7175
f 4228//7176 4229//7176 4230//7176
f 4230//7177 4229//7177 4231//7177
f 4225//7178 4229//7178 4228//7178
f 4229//7179 4232//7179 4231//7179
f 4232//7180 4233//7180 4231//7180
f 4233//7181 4234//7181 4235//7181
f 4235//7182 4234//7182 4222//7182
f 4232//7183 4234//7183 4233//7183
f 4232//7143 4229//7143 4236//7143
f 4225//453 4237//7184 4236//453
f 4225//713 4236//713 4229//713
f 4223//7185 4237//7185 4225//7185
f 4238//7186 4223//7186 4232//7186
f 4239//7187 4238//7187 4232//7187
f 4239//7146 4232//7146 4236//7146
f 4240//7188 4223//7188 4238//7188
f 4241//7189 4242//7189 4239//7189
f 4241//7146 4239//7146 4236//7146
f 4243//453 4242//453 4241//453
f 4243//453 4237//453 4223//453
f 4243//453 4223//453 4242//453
f 4242//7190 4223//7190 4240//7190
f 4244//36 4245//36 4236//36
f 4246//36 4244//36 4236//36
f 4247//60 4248//60 4249//60
f 4250//155 4247//155 4249//155
f 4251//205 4236//205 4237//205
f 4252//1024 4236//1024 4251//1024
f 4252//37 4246//37 4236//37
f 4253//42 4246//42 4252//42
f 4254//36 4249//36 4246//36
f 4254//37 4250//37 4249//37
f 4254//112 4246//112 4253//112
f 4255//268 4254//268 4256//268
f 4257//36 4250//36 4254//36
f 4257//1266 4254//1266 4255//1266
f 4247//608 4250//608 4258//608
f 4247//608 4258//608 4259//608
f 4248//745 4259//745 4260//745
f 4247//7148 4259//7148 4248//7148
f 4261//513 4248//513 4260//513
f 4261//453 4249//453 4248//453
f 4249//471 4261//471 4262//471
f 4249//7191 4262//7191 4246//7191
f 4244//7150 4246//7150 4262//7150
f 4244//7150 4262//7150 4263//7150
f 4245//7151 4263//7151 4264//7151
f 4245//7151 4244//7151 4263//7151
f 4236//7153 4264//7153 4241//7153
f 4236//7153 4245//7153 4264//7153
f 4264//300 4263//300 4241//300
f 4263//301 4262//301 4241//301
f 4260//300 4259//300 4261//300
f 4259//301 4258//301 4261//301
f 4241//300 4265//300 4243//300
f 4241//301 4266//301 4265//301
f 4262//300 4266//300 4241//300
f 4262//301 4267//301 4266//301
f 4261//301 4268//301 4262//301
f 4262//300 4268//300 4267//300
f 4258//301 4269//301 4261//301
f 4261//300 4269//300 4268//300
f 4268//411 4270//411 4271//411
f 4269//340 4270//340 4268//340
f 4251//7155 4237//7155 4243//7155
f 4251//7155 4243//7155 4265//7155
f 4252//7156 4265//7156 4266//7156
f 4252//7156 4251//7156 4265//7156
f 4253//7192 4266//7192 4267//7192
f 4253//7193 4252//7193 4266//7193
f 4268//1026 4253//1026 4267//1026
f 4268//574 4254//574 4253//574
f 4268//513 4256//513 4254//513
f 4271//713 4256//713 4268//713
f 4271//1026 4255//1026 4256//1026
f 4270//1026 4255//1026 4271//1026
f 4270//459 4269//459 4257//459
f 4270//459 4257//459 4255//459
f 4250//9 4269//9 4258//9
f 4257//9 4269//9 4250//9
f 4272//7194 4242//7194 4273//7194
f 4273//7195 4240//7195 4274//7195
f 4274//7196 4240//7196 4275//7196
f 4275//7197 4240//7197 4276//7197
f 4242//7198 4240//7198 4273//7198
f 4276//7199 4238//7199 4277//7199
f 4277//7200 4238//7200 4278//7200
f 4240//7201 4238//7201 4276//7201
f 4238//7202 4239//7202 4278//7202
f 4239//7203 4279//7203 4278//7203
f 4279//7204 4280//7204 4281//7204
f 4281//7205 4280//7205 4272//7205
f 4239//7206 4280//7206 4279//7206
f 4282//7207 4283//7207 4284//7207
f 4284//7208 4285//7208 4286//7208
f 4286//7209 4285//7209 4287//7209
f 4287//7210 4285//7210 4288//7210
f 4283//7211 4285//7211 4284//7211
f 4288//7212 4289//7212 4290//7212
f 4290//7213 4289//7213 4291//7213
f 4285//7214 4289//7214 4288//7214
f 4289//7215 4292//7215 4291//7215
f 4292//7216 4293//7216 4291//7216
f 4293//7217 4294//7217 4295//7217
f 4295//7218 4294//7218 4282//7218
f 4292//7219 4294//7219 4293//7219
f 4292//7220 4289//7220 4296//7220
f 4285//9 4297//9 4296//9
f 4285//7221 4296//19 4289//7221
f 4283//9 4297//9 4285//9
f 4298//7222 4283//7222 4292//7222
f 4299//7223 4298//7223 4292//7223
f 4299//7224 4292//7224 4296//7224
f 4300//7225 4283//7225 4298//7225
f 4301//7226 4302//7226 4299//7226
f 4301//7224 4299//7224 4296//7224
f 4303//9 4302//9 4301//9
f 4303//9 4297//9 4283//9
f 4303//9 4283//9 4302//9
f 4302//627 4283//627 4300//627
f 4304//36 4305//36 4296//36
f 4306//36 4304//36 4296//36
f 4307//7227 4308//252 4309//252
f 4310//51 4307//151 4309//51
f 4311//36 4296//36 4297//36
f 4312//36 4296//36 4311//36
f 4312//37 4306//37 4296//37
f 4313//37 4306//37 4312//37
f 4314//172 4309//172 4306//172
f 4314//58 4310//58 4309//58
f 4314//1024 4306//1024 4313//1024
f 4315//58 4314//58 4316//58
f 4317//1239 4310//1239 4314//1239
f 4317//85 4314//85 4315//85
f 4307//1011 4310//1011 4318//1011
f 4307//614 4318//614 4319//614
f 4308//457 4319//457 4320//457
f 4307//574 4319//574 4308//574
f 4321//787 4308//787 4320//787
f 4321//785 4309//785 4308//785
f 4309//574 4321//574 4322//574
f 4309//520 4322//520 4306//520
f 4304//7228 4306//7228 4322//7228
f 4304//7228 4322//7228 4323//7228
f 4305//7229 4323//7229 4324//7229
f 4305//7229 4304//7229 4323//7229
f 4296//7230 4324//7230 4301//7230
f 4296//7230 4305//7230 4324//7230
f 4324//300 4323//300 4301//300
f 4323//340 4322//340 4301//340
f 4320//7231 4319//7231 4321//7231
f 4319//301 4318//301 4321//301
f 4301//300 4325//300 4303//300
f 4301//301 4326//301 4325//301
f 4322//301 4326//301 4301//301
f 4322//301 4327//301 4326//301
f 4321//300 4328//300 4322//300
f 4322//300 4328//300 4327//300
f 4318//301 4329//301 4321//301
f 4321//301 4329//301 4328//301
f 4328//386 4330//386 4331//386
f 4329//3208 4330//3208 4328//3208
f 4311//7232 4297//7232 4303//7232
f 4311//7232 4303//7232 4325//7232
f 4312//7233 4325//7233 4326//7233
f 4312//7234 4311//7234 4325//7234
f 4313//7235 4326//7235 4327//7235
f 4313//7235 4312//7235 4326//7235
f 4328//7236 4313//7237 4327//7236
f 4328//745 4314//745 4313//7236
f 4328//23 4316//23 4314//23
f 4331//23 4316//23 4328//23
f 4331//7148 4315//7148 4316//7148
f 4330//745 4315//745 4331//745
f 4330//476 4329//476 4317//476
f 4330//476 4317//476 4315//476
f 4310//453 4329//453 4318//453
f 4317//453 4329//453 4310//453
f 4332//7238 4302//7238 4333//7238
f 4333//7239 4300//7239 4334//7239
f 4334//7240 4300//7240 4335//7240
f 4335//7241 4300//7241 4336//7241
f 4302//7242 4300//7242 4333//7242
f 4336//7243 4298//7243 4337//7243
f 4337//7244 4298//7244 4338//7244
f 4300//7245 4298//7245 4336//7245
f 4298//7246 4299//7246 4338//7246
f 4299//7247 4339//7247 4338//7247
f 4339//7248 4340//7248 4341//7248
f 4341//7249 4340//7249 4332//7249
f 4299//7250 4340//7250 4339//7250
f 4342//7251 4343//7251 4344//7251
f 4344//7252 4345//7252 4346//7252
f 4346//7209 4345//7209 4347//7209
f 4347//7253 4345//7253 4348//7253
f 4343//7254 4345//7254 4344//7254
f 4348//7255 4349//7255 4350//7255
f 4350//7256 4349//7256 4351//7256
f 4345//7257 4349//7257 4348//7257
f 4349//7258 4352//7258 4351//7258
f 4352//7259 4353//7259 4351//7259
f 4353//7260 4354//7260 4355//7260
f 4355//7261 4354//7261 4342//7261
f 4352//7262 4354//7262 4353//7262
f 4352//7263 4349//7263 4356//7263
f 4345//9 4357//9 4356//9
f 4345//7264 4356//7264 4349//7264
f 4343//9 4357//9 4345//9
f 4358//7265 4343//7265 4352//7265
f 4359//7266 4358//7266 4352//7266
f 4359//7224 4352//7224 4356//7224
f 4360//7267 4343//7267 4358//7267
f 4361//7268 4362//7268 4359//7268
f 4361//7224 4359//7224 4356//7224
f 4363//9 4362//9 4361//9
f 4363//9 4357//9 4343//9
f 4363//9 4343//9 4362//9
f 4362//7269 4343//7270 4360//7269
f 4364//37 4365//37 4356//37
f 4366//37 4364//37 4356//37
f 4367//238 4368//1024 4369//1024
f 4370//155 4367//92 4369//155
f 4371//37 4356//37 4357//37
f 4372//37 4356//37 4371//37
f 4372//36 4366//36 4356//36
f 4373//36 4366//36 4372//36
f 4374//42 4369//42 4366//42
f 4374//36 4370//36 4369//36
f 4374//37 4366//37 4373//37
f 4375//1024 4374//1024 4376//1024
f 4377//99 4370//99 4374//99
f 4377//279 4374//279 4375//279
f 4367//614 4370//614 4378//614
f 4367//614 4378//614 4379//614
f 4368//574 4379//574 4380//574
f 4367//457 4379//457 4368//457
f 4381//662 4368//662 4380//662
f 4381//7271 4369//7271 4368//7271
f 4369//574 4381//574 4382//574
f 4369//574 4382//574 4366//574
f 4364//7228 4366//7228 4382//7228
f 4364//7228 4382//7228 4383//7228
f 4365//7229 4383//7229 4384//7229
f 4365//7272 4364//7272 4383//7272
f 4356//7273 4384//7273 4361//7273
f 4356//7274 4365//7274 4384//7274
f 4384//359 4383//359 4361//359
f 4383//340 4382//340 4361//340
f 4380//359 4379//359 4381//359
f 4379//359 4378//359 4381//359
f 4361//301 4385//301 4363//301
f 4361//300 4386//300 4385//300
f 4382//301 4386//301 4361//301
f 4382//300 4387//300 4386//300
f 4381//300 4388//300 4382//300
f 4382//301 4388//301 4387//301
f 4378//300 4389//300 4381//300
f 4381//301 4389//301 4388//301
f 4388//6297 4390//6297 4391//6297
f 4389//300 4390//300 4388//300
f 4371//7232 4357//7232 4363//7232
f 4371//7232 4363//7232 4385//7232
f 4372//7234 4385//7234 4386//7234
f 4372//7234 4371//7234 4385//7234
f 4373//7235 4386//7235 4387//7235
f 4373//7235 4372//7235 4386//7235
f 4388//470 4373//470 4387//470
f 4388//745 4374//745 4373//745
f 4388//9 4376//9 4374//9
f 4391//662 4376//662 4388//662
f 4391//7148 4375//7148 4376//7148
f 4390//470 4375//470 4391//470
f 4390//3383 4389//3383 4377//3383
f 4390//7275 4377//7275 4375//7275
f 4370//453 4389//453 4378//453
f 4377//453 4389//453 4370//453
f 4392//7276 4362//7276 4393//7276
f 4393//7277 4360//7277 4394//7277
f 4394//7278 4360//7278 4395//7278
f 4395//7279 4360//7279 4396//7279
f 4362//7280 4360//7280 4393//7280
f 4396//7281 4358//7281 4397//7281
f 4397//7282 4358//7282 4398//7282
f 4360//7283 4358//7283 4396//7283
f 4358//7258 4359//7258 4398//7258
f 4359//7284 4399//7284 4398//7284
f 4399//7285 4400//7285 4401//7285
f 4401//7286 4400//7286 4392//7286
f 4359//7287 4400//7287 4399//7287
f 4402//457 4403//457 4404//457
f 4402//457 4404//457 4405//457
f 4406//7288 4407//7288 4408//7288
f 4406//518 4408//518 4409//518
f 4410//455 4409//455 4411//455
f 4410//614 4406//614 4409//614
f 4402//836 4411//836 4403//836
f 4402//514 4410//514 4411//514
f 4405//7289 4412//7289 4413//49
f 4405//1243 4413//172 4414//1243
f 4415//37 4414//37 4416//37
f 4415//36 4405//36 4414//36
f 4407//37 4417//37 4418//37
f 4402//1239 4415//1239 4417//1239
f 4402//36 4405//36 4415//36
f 4402//36 4417//36 4407//36
f 4406//183 4410//183 4402//183
f 4406//189 4402//189 4407//189
f 4408//453 4407//453 4418//453
f 4408//453 4418//453 4419//453
f 4420//36 260//36 259//36
f 4421//36 259//36 262//36
f 4421//36 4420//36 259//36
f 4422//37 264//37 260//37
f 4422//37 260//37 4420//37
f 4423//36 264//36 4422//36
f 4424//37 4421//37 262//37
f 4425//36 4423//36 4426//36
f 4427//36 4428//36 4424//36
f 4429//36 4424//36 262//36
f 4429//172 4427//172 4424//172
f 4430//37 264//37 4423//37
f 4430//189 4423//189 4425//189
f 4431//92 4429//92 262//92
f 4432//42 4425//42 4426//42
f 4433//37 4428//37 4427//37
f 4434//1255 264//1255 4430//1255
f 4435//36 4432//36 4426//36
f 4435//36 4426//36 4436//36
f 4437//37 4428//37 4433//37
f 4437//36 4436//36 4428//36
f 4438//37 4431//37 262//37
f 4439//36 4435//36 4436//36
f 4439//37 4436//37 4437//37
f 4440//37 4439//37 4437//37
f 4441//37 4435//37 4439//37
f 4442//36 4435//36 4441//36
f 4442//37 4443//37 4444//37
f 4442//36 4444//36 4445//36
f 4442//36 4445//36 4435//36
f 4446//37 4437//37 4447//37
f 4446//36 4447//36 4448//36
f 4446//37 4448//37 4449//37
f 4446//36 4440//36 4437//36
f 347//37 264//37 4434//37
f 347//37 4434//37 4450//37
f 347//1024 4450//1024 4451//1024
f 346//1250 4452//1250 4438//1250
f 346//36 4438//36 262//36
f 4453//36 4452//36 346//36
f 4453//92 4454//92 4452//92
f 4455//1024 4451//1024 4456//1024
f 4455//37 347//37 4451//37
f 4457//37 4443//37 4442//37
f 4458//36 4446//36 4449//36
f 4459//36 4453//36 346//36
f 4460//36 347//36 4455//36
f 4461//36 4454//36 4453//36
f 4461//36 4449//36 4462//36
f 4461//36 4462//36 4454//36
f 4463//36 4455//36 4456//36
f 4463//36 4456//36 4464//36
f 4463//37 4464//37 4443//37
f 359//36 4459//36 346//36
f 360//37 347//37 4460//37
f 4465//37 4449//37 4461//37
f 4466//37 4458//37 4449//37
f 4466//36 4449//36 4465//36
f 4467//36 4443//36 4457//36
f 4468//37 4459//37 359//37
f 4469//36 360//36 4460//36
f 4470//37 4443//37 4467//37
f 4470//37 4463//37 4443//37
f 367//37 4468//37 359//37
f 368//36 360//36 4469//36
f 4471//36 4468//36 367//36
f 4472//37 368//37 4469//37
f 374//36 4471//36 367//36
f 374//36 4473//36 4471//36
f 376//37 368//37 4472//37
f 4474//36 376//36 4472//36
f 4475//37 4474//37 4472//37
f 4476//36 4472//36 4477//36
f 4476//36 4475//36 4472//36
f 4478//37 4476//37 4477//37
f 4479//36 4480//36 4470//36
f 4479//36 4470//36 4467//36
f 4479//36 4467//36 4481//36
f 4479//37 4481//37 4482//37
f 4483//36 4466//36 4465//36
f 4483//37 4484//37 4485//37
f 4483//36 4485//36 4466//36
f 4483//36 4465//36 4486//36
f 4487//37 4483//37 4486//37
f 4488//37 4480//37 4479//37
f 4489//36 4487//36 4486//36
f 4489//37 4486//37 4473//37
f 4490//36 4480//36 4488//36
f 4490//37 4477//37 4480//37
f 4491//36 4478//36 4477//36
f 4491//123 4477//123 4490//123
f 4492//148 4489//148 4473//148
f 4492//36 4473//36 374//36
f 4404//42 4478//42 4491//42
f 4493//1259 4492//1259 374//1259
f 4494//36 4479//36 4482//36
f 4495//36 4484//36 4483//36
f 4496//37 4494//37 4482//37
f 4497//36 4484//36 4495//36
f 4419//36 4496//36 4482//36
f 4419//36 4482//36 4498//36
f 4419//37 4498//37 4499//37
f 4500//36 4484//36 4497//36
f 4500//37 4499//37 4501//37
f 4500//36 4501//36 4484//36
f 4403//37 4478//37 4404//37
f 4502//36 4499//36 4500//36
f 4502//36 4419//36 4499//36
f 4503//36 4419//36 4502//36
f 4503//99 4409//99 4408//99
f 4503//36 4408//36 4419//36
f 4504//37 4500//37 4505//37
f 4504//37 4505//37 4506//37
f 4504//37 4502//37 4500//37
f 4507//36 4409//36 4503//36
f 4507//1243 4411//1243 4409//1243
f 4508//151 4506//151 4509//151
f 4508//36 4504//36 4506//36
f 4510//36 4478//36 4403//36
f 4510//36 4411//36 4507//36
f 4510//227 4403//227 4411//227
f 4511//36 4507//36 4512//36
f 4511//37 4510//37 4507//37
f 4513//36 4511//36 4512//36
f 4514//37 4513//37 4512//37
f 473//36 4515//36 4508//36
f 473//85 4509//85 4516//85
f 473//36 4516//36 4493//36
f 473//36 4508//36 4509//36
f 473//36 4493//36 374//36
f 471//36 4514//36 4512//36
f 477//36 4512//36 4517//36
f 477//37 471//37 4512//37
f 475//36 4517//36 4515//36
f 475//37 4515//37 473//37
f 475//37 477//37 4517//37
f 368//461 376//461 4518//461
f 368//461 4518//461 4519//461
f 360//459 4519//459 4520//459
f 360//459 368//459 4519//459
f 347//458 4520//458 4521//458
f 347//458 360//458 4520//458
f 4522//300 4523//300 4524//300
f 4523//301 4525//301 4524//301
f 4525//301 4526//301 4524//301
f 4527//301 4528//301 4522//301
f 4522//300 4528//300 4523//300
f 4525//357 4529//357 4526//357
f 4527//301 4530//301 4528//301
f 4529//300 4531//300 4526//300
f 4532//301 4533//301 4534//301
f 4535//300 4533//300 4532//300
f 4536//300 4537//300 4538//300
f 4539//359 4537//359 4536//359
f 4540//301 4537//301 4539//301
f 4538//300 4537//300 4541//300
f 4535//300 4542//300 4533//300
f 4537//301 4543//301 4541//301
f 4530//301 4544//301 4535//301
f 4535//300 4544//300 4542//300
f 4543//301 4545//301 4541//301
f 4541//301 4545//301 4531//301
f 4530//300 4546//300 4544//300
f 4545//300 4547//300 4531//300
f 4548//300 4549//300 4550//300
f 4551//301 4552//301 4553//301
f 4553//300 4554//300 4547//300
f 4531//301 4554//301 4526//301
f 4547//301 4554//301 4531//301
f 4552//301 4554//301 4553//301
f 4527//301 4555//301 4530//301
f 4546//301 4555//301 4548//301
f 4548//301 4555//301 4549//301
f 4530//300 4555//300 4546//300
f 4549//300 4556//300 4550//300
f 4551//300 4557//300 4552//300
f 4549//301 4558//301 4556//301
f 4527//301 4521//301 4555//301
f 4554//300 4559//300 4526//300
f 4557//300 4560//300 4552//300
f 4521//301 4561//301 4555//301
f 4554//300 4562//300 4559//300
f 4557//300 4563//300 4560//300
f 4557//301 4564//301 4563//301
f 4557//300 4565//300 4564//300
f 4558//300 4566//300 4556//300
f 4521//301 4520//301 4561//301
f 4562//300 4567//300 4559//300
f 4520//301 4568//301 4561//301
f 4562//301 4569//301 4567//301
f 4520//300 4519//300 4568//300
f 4568//340 4519//340 4570//340
f 4571//300 4572//300 4569//300
f 4569//300 4572//300 4567//300
f 4571//300 4573//300 4572//300
f 4574//301 4573//301 4571//301
f 4519//300 4518//300 4570//300
f 4570//301 4518//301 4575//301
f 4518//300 4576//300 4575//300
f 4576//300 4577//300 4575//300
f 4578//301 4579//301 4580//301
f 4581//330 4579//330 4578//330
f 4582//359 4579//359 4581//359
f 4583//301 4584//301 4585//301
f 4574//301 4586//301 4573//301
f 4582//300 4587//300 4579//300
f 4577//340 4588//340 4575//340
f 4584//300 4589//300 4585//300
f 4577//301 4590//301 4588//301
f 4588//300 4591//300 4587//300
f 4590//300 4591//300 4588//300
f 4587//300 4592//300 4579//300
f 4591//301 4592//301 4587//301
f 4584//301 4593//301 4589//301
f 4591//300 4594//300 4592//300
f 4593//300 4595//300 4589//300
f 4589//301 4595//301 4586//301
f 4591//300 4596//300 4594//300
f 4595//301 4597//301 4586//301
f 4598//301 4599//301 4600//301
f 4598//300 4601//300 4599//300
f 4598//340 4602//340 4601//340
f 4603//300 4604//300 4605//300
f 4606//301 4607//301 4598//301
f 4598//300 4607//300 4602//300
f 4604//340 4608//340 4605//340
f 4609//300 4608//300 4610//300
f 4605//301 4608//301 4609//301
f 4586//300 4611//300 4573//300
f 4597//300 4611//300 4586//300
f 4610//300 4611//300 4597//300
f 4608//301 4611//301 4610//301
f 4612//301 4613//301 4606//301
f 4596//301 4613//301 4612//301
f 4591//301 4613//301 4596//301
f 4607//300 4613//300 4614//300
f 4606//301 4613//301 4607//301
f 4613//300 4615//300 4614//300
f 4615//340 4616//340 4614//340
f 4616//301 4617//301 4614//301
f 4616//340 4618//340 4617//340
f 4618//312 4619//312 4617//312
f 4611//301 4620//301 4573//301
f 4621//300 4620//300 4611//300
f 4621//300 4622//300 4620//300
f 4619//300 4623//300 4617//300
f 4617//301 4623//301 4624//301
f 4622//301 4625//301 4620//301
f 4623//301 4625//301 4624//301
f 4624//300 4625//300 4622//300
f 471//1026 4619//1026 4618//1026
f 471//574 4618//574 4514//574
f 4613//1035 4510//1035 4615//1035
f 4615//1034 4511//1034 4616//1034
f 4510//7290 4511//7290 4615//7290
f 4616//1037 4513//1037 4618//1037
f 4511//1034 4513//1034 4616//1034
f 4513//1037 4514//1037 4618//1037
f 4626//574 4627//574 4591//574
f 4628//457 4591//457 4627//457
f 4478//457 4629//457 4630//457
f 4478//574 4630//574 4626//574
f 4478//457 4626//457 4591//457
f 4631//457 4613//457 4591//457
f 4631//457 4591//457 4628//457
f 4632//457 4628//457 4633//457
f 4632//457 4631//457 4628//457
f 4634//574 4613//574 4631//574
f 4635//457 4633//457 4629//457
f 4635//457 4629//457 4478//457
f 4635//574 4632//574 4633//574
f 4636//457 4613//457 4634//457
f 4510//457 4636//457 4637//457
f 4510//457 4637//457 4635//457
f 4510//457 4635//457 4478//457
f 4510//457 4613//457 4636//457
f 4478//1029 4591//1029 4476//1029
f 4476//1028 4590//1028 4475//1028
f 4591//1029 4590//1029 4476//1029
f 4475//1032 4577//1032 4474//1032
f 4590//1031 4577//1031 4475//1031
f 4577//1032 4576//1032 4474//1032
f 4474//457 4576//457 4518//457
f 4474//574 4518//574 376//574
f 4632//7291 4635//7291 4638//7291
f 4639//301 4635//301 4640//301
f 4638//7291 4635//7291 4639//7291
f 4640//7292 4637//7292 4641//7292
f 4635//300 4637//300 4640//300
f 4637//7292 4636//7292 4641//7292
f 4641//7293 4634//7293 4642//7293
f 4636//7293 4634//7293 4641//7293
f 4643//7294 4631//7294 4638//7294
f 4642//36 4631//36 4643//36
f 4634//36 4631//36 4642//36
f 4631//7294 4632//7294 4638//7294
f 4641//7295 4642//7295 4644//7295
f 4642//7296 4643//7296 4644//7296
f 4643//7297 4638//7297 4644//7297
f 4638//7298 4639//7298 4644//7298
f 4639//7299 4640//7299 4644//7299
f 4640//7300 4641//7300 4644//7300
f 4626//7301 4630//7301 4645//7301
f 4645//7301 4630//7301 4646//7301
f 4646//301 4629//301 4647//301
f 4630//301 4629//301 4646//301
f 4647//7292 4633//7292 4648//7292
f 4629//7292 4633//7292 4647//7292
f 4648//7293 4633//7293 4649//7293
f 4649//36 4628//36 4650//36
f 4633//7302 4628//7302 4649//7302
f 4628//37 4627//37 4650//37
f 4650//7294 4626//7294 4645//7294
f 4627//7294 4626//7294 4650//7294
f 4648//7295 4649//7295 4651//7295
f 4649//7296 4650//7296 4651//7296
f 4650//7297 4645//7297 4651//7297
f 4645//7298 4646//7298 4651//7298
f 4646//7299 4647//7299 4651//7299
f 4647//7300 4648//7300 4651//7300
f 475//456 473//456 4620//456
f 475//456 4620//456 4625//456
f 477//455 4625//455 4623//455
f 477//455 475//455 4625//455
f 471//454 4623//454 4619//454
f 471//454 477//454 4623//454
f 4620//453 473//453 374//453
f 4620//453 374//453 4573//453
f 359//612 346//612 4559//612
f 359//612 4559//612 4567//612
f 367//610 4567//610 4572//610
f 367//610 359//610 4567//610
f 374//548 4572//548 4573//548
f 374//609 367//609 4572//609
f 4559//471 346//471 262//471
f 4559//471 262//471 4526//471
f 260//462 264//462 4527//462
f 260//462 4527//462 4522//462
f 259//608 4522//608 4524//608
f 259//608 260//608 4522//608
f 262//607 4524//607 4526//607
f 262//607 259//607 4524//607
f 4652//9 4527//9 264//9
f 4653//9 4521//9 4527//9
f 4653//9 4527//9 4652//9
f 4654//9 4652//9 264//9
f 4655//9 4521//9 4653//9
f 4656//9 4654//9 264//9
f 347//9 4655//9 4657//9
f 347//9 4657//9 4656//9
f 347//9 4521//9 4655//9
f 347//9 4656//9 264//9
f 4658//7303 4653//7303 4659//7303
f 4659//7304 4653//7304 4660//7304
f 4660//7305 4653//7305 4661//7305
f 4661//7306 4653//7306 4662//7306
f 4662//7307 4653//7307 4663//7307
f 4663//7308 4653//7308 4664//7308
f 4664//7309 4653//7309 4665//7309
f 4665//7310 4653//7310 4666//7310
f 4666//7311 4653//7311 4667//7311
f 4667//7312 4653//7312 4668//7312
f 4668//7313 4652//7313 4669//7313
f 4669//7314 4652//7314 4670//7314
f 4670//7315 4652//7315 4671//7315
f 4671//7316 4652//7316 4672//7316
f 4672//7317 4652//7317 4673//7317
f 4673//7318 4652//7318 4674//7318
f 4674//7319 4652//7319 4675//7319
f 4675//7320 4652//7320 4676//7320
f 4676//7321 4652//7321 4677//7321
f 4677//7322 4652//7322 4678//7322
f 4678//7323 4652//7323 4679//7323
f 4679//7324 4652//7324 4680//7324
f 4680//7325 4652//7325 4681//7325
f 4681//7326 4652//7326 4682//7326
f 4682//7327 4652//7327 4683//7327
f 4683//7328 4652//7328 4684//7328
f 4684//7329 4652//7329 4685//7329
f 4685//7330 4652//7330 4686//7330
f 4686//7331 4652//7331 4687//7331
f 4687//7332 4652//7332 4688//7332
f 4688//7333 4652//7333 4689//7333
f 4689//7334 4652//7334 4690//7334
f 4653//7335 4652//7335 4668//7335
f 4652//7336 4654//7336 4690//7336
f 4690//7337 4654//7337 4691//7337
f 4691//7338 4654//7338 4692//7338
f 4692//7339 4654//7339 4693//7339
f 4693//7340 4654//7340 4694//7340
f 4694//7341 4654//7341 4695//7341
f 4695//7342 4654//7342 4696//7342
f 4696//7343 4654//7343 4697//7343
f 4697//7344 4654//7344 4698//7344
f 4698//7345 4654//7345 4699//7345
f 4699//7346 4654//7346 4700//7346
f 4700//7347 4654//7347 4701//7347
f 4701//7348 4654//7348 4702//7348
f 4702//7349 4654//7349 4703//7349
f 4703//7350 4654//7350 4704//7350
f 4704//7351 4654//7351 4705//7351
f 4705//7352 4654//7352 4706//7352
f 4706//7353 4654//7353 4707//7353
f 4707//7354 4654//7354 4708//7354
f 4708//7355 4654//7355 4709//7355
f 4709//7356 4654//7356 4710//7356
f 4654//7357 4656//7357 4710//7357
f 4710//7358 4656//7358 4711//7358
f 4711//7359 4656//7359 4712//7359
f 4712//7360 4656//7360 4713//7360
f 4713//7361 4656//7361 4714//7361
f 4714//7362 4656//7362 4715//7362
f 4715//7363 4656//7363 4716//7363
f 4716//7364 4656//7364 4717//7364
f 4717//7365 4656//7365 4718//7365
f 4718//7366 4656//7366 4719//7366
f 4719//7367 4656//7367 4720//7367
f 4720//7368 4656//7368 4721//7368
f 4721//7369 4656//7369 4722//7369
f 4722//7370 4656//7370 4723//7370
f 4723//7371 4656//7371 4724//7371
f 4724//7372 4656//7372 4725//7372
f 4725//7373 4656//7373 4726//7373
f 4726//7374 4656//7374 4727//7374
f 4727//7375 4656//7375 4728//7375
f 4728//7376 4656//7376 4729//7376
f 4729//7377 4656//7377 4730//7377
f 4730//7378 4656//7378 4731//7378
f 4731//7379 4657//7379 4732//7379
f 4732//7380 4657//7380 4733//7380
f 4733//7381 4657//7381 4734//7381
f 4734//7382 4657//7382 4735//7382
f 4735//7383 4657//7383 4736//7383
f 4736//7384 4657//7384 4737//7384
f 4737//7385 4657//7385 4738//7385
f 4738//7386 4657//7386 4739//7386
f 4739//7387 4657//7387 4740//7387
f 4740//7388 4657//7388 4741//7388
f 4741//7389 4657//7389 4742//7389
f 4742//7390 4657//7390 4743//7390
f 4743//7391 4657//7391 4744//7391
f 4744//7392 4657//7392 4745//7392
f 4745//7393 4657//7393 4746//7393
f 4746//7394 4657//7394 4747//7394
f 4747//7395 4657//7395 4748//7395
f 4748//7396 4657//7396 4749//7396
f 4749//7397 4657//7397 4750//7397
f 4750//7398 4657//7398 4751//7398
f 4751//7399 4657//7399 4752//7399
f 4752//7400 4657//7400 4753//7400
f 4656//7401 4657//7401 4731//7401
f 4657//7402 4655//7402 4753//7402
f 4753//7403 4655//7403 4754//7403
f 4754//7404 4655//7404 4755//7404
f 4755//7405 4655//7405 4756//7405
f 4756//7406 4655//7406 4757//7406
f 4757//7407 4655//7407 4758//7407
f 4758//7408 4655//7408 4759//7408
f 4759//7409 4655//7409 4760//7409
f 4760//7410 4655//7410 4761//7410
f 4761//7411 4655//7411 4762//7411
f 4762//7412 4655//7412 4763//7412
f 4763//7413 4655//7413 4764//7413
f 4764//7414 4655//7414 4765//7414
f 4765//7415 4655//7415 4766//7415
f 4766//7416 4655//7416 4767//7416
f 4767//7417 4655//7417 4768//7417
f 4768//7418 4655//7418 4769//7418
f 4769//7419 4655//7419 4770//7419
f 4770//7420 4655//7420 4771//7420
f 4771//7421 4655//7421 4772//7421
f 4772//7422 4655//7422 4773//7422
f 4655//7423 4653//7423 4773//7423
f 4773//7424 4653//7424 4774//7424
f 4774//7425 4653//7425 4775//7425
f 4775//7426 4653//7426 4776//7426
f 4776//7427 4653//7427 4777//7427
f 4777//7428 4653//7428 4778//7428
f 4778//7429 4653//7429 4779//7429
f 4779//7430 4653//7430 4780//7430
f 4780//7431 4653//7431 4781//7431
f 4781//7432 4653//7432 4782//7432
f 4782//7433 4653//7433 4783//7433
f 4783//7434 4653//7434 4658//7434
f 4784//7435 4673//7435 4674//7435
f 4785//7436 4674//7436 4675//7436
f 4785//7437 4784//7437 4674//7437
f 4786//7438 4672//7438 4673//7438
f 4786//787 4673//787 4784//787
f 4787//7439 4675//7439 4676//7439
f 4787//7439 4785//7439 4675//7439
f 4788//785 4671//785 4672//785
f 4788//786 4672//786 4786//786
f 4789//1574 4676//1574 4677//1574
f 4789//7437 4787//7437 4676//7437
f 4790//7440 4670//7440 4671//7440
f 4790//2109 4671//2109 4788//2109
f 4791//741 4677//741 4678//741
f 4791//7440 4789//7440 4677//7440
f 4792//7269 4669//7269 4670//7269
f 4792//7441 4670//7441 4790//7441
f 4793//10 4678//10 4679//10
f 4793//7442 4791//7442 4678//7442
f 4794//627 4668//627 4669//627
f 4794//787 4669//787 4792//787
f 4795//7443 4793//7443 4679//7443
f 4795//7444 4679//7444 4680//7444
f 4796//23 4667//23 4668//23
f 4796//23 4668//23 4794//23
f 4797//7445 4680//7445 4681//7445
f 4797//7446 4795//7446 4680//7446
f 4798//7436 4666//7436 4667//7436
f 4798//7447 4667//7447 4796//7447
f 4799//787 4681//787 4682//787
f 4799//662 4797//662 4681//662
f 4800//23 4665//23 4666//23
f 4800//564 4666//564 4798//564
f 4801//9 4799//9 4682//9
f 4801//9 4682//9 4683//9
f 4802//7448 4664//7448 4665//7448
f 4802//9 4665//9 4800//9
f 4803//741 4801//741 4683//741
f 4803//7449 4683//7449 4684//7449
f 4804//23 4663//23 4664//23
f 4804//7443 4664//7443 4802//7443
f 4805//662 4803//662 4684//662
f 4805//9 4684//9 4685//9
f 4806//786 4662//786 4663//786
f 4806//663 4663//663 4804//663
f 4807//786 4685//786 4686//786
f 4807//740 4805//740 4685//740
f 4808//23 4661//23 4662//23
f 4808//627 4662//627 4806//627
f 4809//7437 4686//7437 4687//7437
f 4809//7450 4807//7450 4686//7450
f 4810//7449 4660//7449 4661//7449
f 4810//11 4661//11 4808//11
f 4811//7436 4687//7436 4688//7436
f 4811//7451 4809//7451 4687//7451
f 4812//7269 4659//7269 4660//7269
f 4812//7443 4660//7443 4810//7443
f 4813//7449 4688//7449 4689//7449
f 4813//7452 4811//7452 4688//7452
f 4814//785 4658//785 4659//785
f 4814//7436 4659//7436 4812//7436
f 4815//25 4689//25 4690//25
f 4815//7447 4813//7447 4689//7447
f 4816//7267 4783//7267 4658//7267
f 4816//7437 4658//7437 4814//7437
f 4817//7449 4690//7449 4691//7449
f 4817//787 4815//787 4690//787
f 4818//23 4782//23 4783//23
f 4818//740 4783//740 4816//740
f 4819//12 4691//7264 4692//7264
f 4819//7269 4817//7269 4691//7269
f 4820//7453 4781//7453 4782//7453
f 4820//7445 4782//7445 4818//7445
f 4821//7450 4692//7450 4693//7450
f 4821//7437 4819//7437 4692//7437
f 4822//786 4781//786 4820//786
f 4822//7225 4780//7225 4781//7225
f 4823//7442 4821//7442 4693//7442
f 4823//16 4693//16 4694//16
f 4824//7443 4780//7443 4822//7443
f 4824//7435 4779//7435 4780//7435
f 4825//1859 4823//1859 4694//1859
f 4825//16 4694//16 4695//16
f 4826//9 4779//9 4824//9
f 4826//7454 4778//7454 4779//7454
f 4827//9 4825//9 4695//9
f 4827//7455 4695//7455 4696//7455
f 4828//7436 4778//7436 4826//7436
f 4828//741 4777//741 4778//741
f 4829//23 4827//23 4696//23
f 4829//7444 4696//7444 4697//7444
f 4830//16 4777//16 4828//16
f 4776//7436 4777//7436 4830//7436
f 4831//7225 4829//7225 4697//7225
f 4698//7456 4831//7456 4697//7456
f 4832//7457 4776//7457 4830//7457
f 4775//627 4776//627 4832//627
f 4833//13 4831//13 4698//13
f 4699//23 4833//23 4698//23
f 4834//7458 4775//7458 4832//7458
f 4774//18 4775//18 4834//18
f 4835//7436 4833//7436 4699//7436
f 4700//785 4835//785 4699//785
f 4836//627 4774//627 4834//627
f 4773//7459 4774//7459 4836//7459
f 4837//740 4835//740 4700//740
f 4701//23 4837//23 4700//23
f 4838//7460 4773//7460 4836//7460
f 4772//18 4773//18 4838//18
f 4839//627 4837//627 4701//627
f 4702//7436 4839//7436 4701//7436
f 4840//22 4772//22 4838//22
f 4771//9 4772//9 4840//9
f 4841//7449 4839//7449 4702//7449
f 4703//7461 4841//7461 4702//7461
f 4842//9 4771//9 4840//9
f 4770//786 4771//786 4842//786
f 4843//7440 4841//7440 4703//7440
f 4704//24 4843//24 4703//24
f 4844//787 4770//787 4842//787
f 4769//9 4770//9 4844//9
f 4845//7437 4843//7437 4704//7437
f 4705//7447 4845//7447 4704//7447
f 4846//7225 4769//7225 4844//7225
f 4847//7437 4845//7437 4705//7437
f 4768//15 4769//15 4846//15
f 4848//2109 4768//2109 4846//2109
f 4706//7443 4847//7443 4705//7443
f 4849//7462 4847//7462 4706//7462
f 4767//7445 4768//7445 4848//7445
f 4850//741 4767//741 4848//741
f 4707//741 4849//741 4706//741
f 4851//7463 4849//7463 4707//7463
f 4766//627 4767//627 4850//627
f 4852//7444 4766//7444 4850//7444
f 4708//741 4851//741 4707//741
f 4853//627 4851//627 4708//627
f 4765//564 4766//564 4852//564
f 4854//7437 4765//7437 4852//7437
f 4709//7443 4853//7443 4708//7443
f 4855//7464 4853//7464 4709//7464
f 4764//7437 4765//7437 4854//7437
f 4856//662 4764//662 4854//662
f 4710//7449 4855//7449 4709//7449
f 4857//7454 4855//7454 4710//7454
f 4763//7447 4764//7447 4856//7447
f 4858//741 4763//741 4856//741
f 4711//7449 4857//7449 4710//7449
f 4859//785 4857//785 4711//785
f 4762//7225 4763//7225 4858//7225
f 4860//7450 4762//7450 4858//7450
f 4712//9 4859//9 4711//9
f 4861//7465 4859//7465 4712//7465
f 4761//1187 4762//1187 4860//1187
f 4862//7454 4761//7454 4860//7454
f 4713//18 4861//18 4712//18
f 4863//7466 4861//7466 4713//7466
f 4760//23 4761//23 4862//23
f 4760//566 4862//566 4864//566
f 4714//785 4865//785 4863//785
f 4714//16 4863//16 4713//16
f 4759//627 4760//627 4864//627
f 4759//7225 4864//7225 4866//7225
f 4715//7447 4867//7447 4865//7447
f 4715//7267 4865//7267 4714//7267
f 4758//7460 4759//7460 4866//7460
f 4758//23 4866//23 4868//23
f 4716//7465 4869//7465 4867//7465
f 4716//16 4867//16 4715//16
f 4757//740 4868//740 4870//740
f 4757//787 4758//787 4868//787
f 4717//18 4871//18 4869//18
f 4717//7436 4869//7436 4716//7436
f 4756//7438 4870//7438 4872//7438
f 4756//7455 4757//7455 4870//7455
f 4718//18 4873//18 4871//18
f 4718//23 4871//23 4717//23
f 4755//7456 4756//7456 4872//7456
f 4755//7467 4872//7467 4874//7467
f 4719//16 4873//16 4718//16
f 4719//16 4875//16 4873//16
f 4754//7468 4755//7468 4874//7468
f 4754//7439 4874//7439 4876//7439
f 4720//7437 4877//7437 4875//7437
f 4720//9 4875//9 4719//9
f 4753//741 4754//741 4876//741
f 4753//7445 4876//7445 4878//7445
f 4721//787 4877//787 4720//787
f 4721//740 4879//740 4877//740
f 4752//7469 4753//7469 4878//7469
f 4752//785 4878//785 4880//785
f 4722//7461 4879//7461 4721//7461
f 4722//7269 4881//7269 4879//7269
f 4751//741 4752//741 4880//741
f 4751//7435 4880//7435 4882//7435
f 4723//7460 4881//7460 4722//7460
f 4723//9 4883//9 4881//9
f 4750//7269 4751//7269 4882//7269
f 4750//7438 4882//7438 4884//7438
f 4724//9 4885//9 4883//9
f 4724//7461 4883//7461 4723//7461
f 4749//1187 4750//1187 4884//1187
f 4749//7457 4884//7457 4886//7457
f 4725//7448 4887//7448 4885//7448
f 4725//23 4885//23 4724//23
f 4748//7269 4749//7269 4886//7269
f 4748//7463 4886//7463 4888//7463
f 4726//9 4889//9 4887//9
f 4726//7436 4887//7436 4725//7436
f 4747//7271 4748//7271 4888//7271
f 4747//7440 4888//7440 4890//7440
f 4727//9 4891//9 4889//9
f 4727//7440 4889//7440 4726//7440
f 4746//627 4747//627 4890//627
f 4746//9 4890//9 4892//9
f 4728//7442 4893//7442 4891//7442
f 4728//7436 4891//7436 4727//7436
f 4745//9 4746//9 4892//9
f 4745//7443 4892//7443 4894//7443
f 4729//7437 4895//7437 4893//7437
f 4729//9 4893//9 4728//9
f 4744//7269 4745//7269 4894//7269
f 4744//7457 4894//7457 4896//7457
f 4730//7457 4897//7457 4895//7457
f 4730//9 4895//9 4729//9
f 4743//7470 4744//7470 4896//7470
f 4743//7269 4896//7269 4898//7269
f 4731//7437 4899//7437 4897//7437
f 4731//7443 4897//7443 4730//7443
f 4742//16 4743//16 4898//16
f 4742//7471 4898//7471 4900//7471
f 4732//740 4901//740 4899//740
f 4732//7225 4899//7225 4731//7225
f 4741//7443 4742//7443 4900//7443
f 4741//16 4900//16 4902//16
f 4733//7448 4903//7448 4901//7448
f 4733//1574 4901//1574 4732//1574
f 4740//7269 4902//7269 4904//7269
f 4740//785 4741//785 4902//785
f 4734//7440 4905//7440 4903//7440
f 4734//7465 4903//7465 4733//7465
f 4739//7443 4904//7443 4906//7443
f 4739//7436 4740//7436 4904//7436
f 4735//663 4907//663 4905//663
f 4735//16 4905//16 4734//16
f 4738//7440 4906//7440 4908//7440
f 4738//7449 4739//7449 4906//7449
f 4736//627 4909//627 4907//627
f 4736//7472 4907//7472 4735//7472
f 4737//23 4908//23 4909//23
f 4737//7443 4909//7443 4736//7443
f 4737//7473 4738//7473 4908//7473
f 4880//7474 4878//7474 4910//7474
f 4882//7475 4880//7475 4910//7475
f 4884//7476 4882//7476 4910//7476
f 4886//7477 4884//7477 4910//7477
f 4888//7478 4886//7478 4910//7478
f 4890//7479 4888//7479 4910//7479
f 4892//7480 4890//7480 4910//7480
f 4894//7481 4892//7481 4910//7481
f 4896//7482 4894//7482 4910//7482
f 4898//7483 4896//7483 4910//7483
f 4900//7484 4910//7484 4911//7484
f 4900//7485 4898//7485 4910//7485
f 4902//7486 4900//7486 4911//7486
f 4904//7487 4902//7487 4911//7487
f 4906//7488 4904//7488 4911//7488
f 4908//7489 4906//7489 4911//7489
f 4909//7490 4908//7490 4911//7490
f 4907//7491 4909//7491 4911//7491
f 4905//7492 4907//7492 4911//7492
f 4903//7493 4905//7493 4911//7493
f 4901//7494 4903//7494 4911//7494
f 4899//7495 4901//7495 4911//7495
f 4897//7496 4899//7496 4911//7496
f 4895//7497 4897//7497 4911//7497
f 4893//7498 4895//7498 4911//7498
f 4891//7499 4893//7499 4911//7499
f 4889//7500 4891//7500 4911//7500
f 4887//7501 4889//7501 4911//7501
f 4885//7502 4887//7502 4911//7502
f 4883//7503 4885//7503 4911//7503
f 4881//7504 4883//7504 4911//7504
f 4879//7505 4881//7505 4911//7505
f 4877//7506 4911//7506 4912//7506
f 4877//7507 4879//7507 4911//7507
f 4875//7508 4877//7508 4912//7508
f 4873//7509 4875//7509 4912//7509
f 4871//7510 4873//7510 4912//7510
f 4869//7511 4871//7511 4912//7511
f 4867//7512 4869//7512 4912//7512
f 4865//7513 4867//7513 4912//7513
f 4863//7514 4865//7514 4912//7514
f 4861//7515 4863//7515 4912//7515
f 4859//7516 4861//7516 4912//7516
f 4857//7517 4859//7517 4912//7517
f 4855//7518 4857//7518 4912//7518
f 4853//7519 4855//7519 4912//7519
f 4851//7520 4853//7520 4912//7520
f 4849//7521 4851//7521 4912//7521
f 4847//7522 4849//7522 4912//7522
f 4845//7523 4847//7523 4912//7523
f 4843//7524 4845//7524 4912//7524
f 4841//7525 4843//7525 4912//7525
f 4839//7526 4841//7526 4912//7526
f 4837//7527 4839//7527 4912//7527
f 4835//7528 4912//7528 4913//7528
f 4835//7529 4837//7529 4912//7529
f 4833//7530 4835//7530 4913//7530
f 4831//7531 4833//7531 4913//7531
f 4829//7532 4831//7532 4913//7532
f 4827//7533 4829//7533 4913//7533
f 4825//7534 4827//7534 4913//7534
f 4823//7535 4825//7535 4913//7535
f 4821//7536 4823//7536 4913//7536
f 4819//7537 4821//7537 4913//7537
f 4817//7538 4819//7538 4913//7538
f 4815//7539 4817//7539 4913//7539
f 4813//7540 4815//7540 4913//7540
f 4811//7541 4813//7541 4913//7541
f 4809//7542 4811//7542 4913//7542
f 4807//7543 4809//7543 4913//7543
f 4805//7544 4807//7544 4913//7544
f 4803//7545 4805//7545 4913//7545
f 4801//7546 4803//7546 4913//7546
f 4799//7547 4801//7547 4913//7547
f 4797//7548 4799//7548 4913//7548
f 4795//7549 4797//7549 4913//7549
f 4793//7550 4913//7551 4914//7550
f 4793//7552 4795//7552 4913//7553
f 4791//7554 4793//7554 4914//7554
f 4789//7555 4791//7555 4914//7555
f 4787//7556 4789//7556 4914//7556
f 4785//7557 4787//7557 4914//7557
f 4784//7558 4785//7558 4914//7558
f 4786//7559 4784//7559 4914//7559
f 4788//7560 4786//7560 4914//7560
f 4790//7561 4788//7561 4914//7561
f 4792//7562 4790//7562 4914//7562
f 4794//7563 4792//7563 4914//7563
f 4796//7564 4794//7564 4914//7564
f 4798//7565 4796//7565 4914//7565
f 4800//7566 4798//7566 4914//7566
f 4802//7567 4800//7567 4914//7567
f 4804//7568 4802//7568 4914//7568
f 4806//7569 4804//7569 4914//7569
f 4808//7570 4806//7570 4914//7570
f 4810//7571 4808//7571 4914//7571
f 4812//7572 4810//7572 4914//7572
f 4814//7573 4812//7573 4914//7573
f 4816//7574 4814//7574 4914//7574
f 4816//7575 4914//7575 4915//7575
f 4818//7576 4816//7576 4915//7576
f 4820//7577 4818//7577 4915//7577
f 4822//7578 4820//7578 4915//7578
f 4824//7579 4822//7579 4915//7579
f 4826//7580 4824//7580 4915//7580
f 4828//7581 4826//7581 4915//7581
f 4830//7582 4828//7582 4915//7582
f 4832//7583 4830//7583 4915//7583
f 4834//7584 4832//7584 4915//7584
f 4836//7585 4834//7585 4915//7585
f 4838//7586 4836//7586 4915//7586
f 4840//7587 4838//7587 4915//7587
f 4842//7588 4840//7588 4915//7588
f 4844//7589 4842//7589 4915//7589
f 4846//7590 4844//7590 4915//7590
f 4848//7591 4846//7591 4915//7591
f 4850//7592 4848//7592 4915//7592
f 4852//7593 4850//7593 4915//7593
f 4854//7594 4852//7594 4915//7594
f 4856//7595 4854//7595 4915//7595
f 4858//7596 4915//7596 4910//7596
f 4858//7597 4856//7597 4915//7597
f 4860//7598 4858//7598 4910//7598
f 4862//7599 4860//7599 4910//7599
f 4864//7600 4862//7600 4910//7600
f 4866//7601 4864//7601 4910//7601
f 4868//7602 4866//7602 4910//7602
f 4870//7603 4868//7603 4910//7603
f 4872//7604 4870//7604 4910//7604
f 4874//7605 4872//7605 4910//7605
f 4876//7606 4874//7606 4910//7606
f 4878//7607 4876//7607 4910//7607
f 4913//23 4916//23 4914//23
f 4917//9 4916//9 4913//9
f 4918//7436 4915//7436 4914//7436
f 4918//23 4914//23 4916//23
f 4912//23 4919//23 4917//23
f 4912//9 4917//9 4913//9
f 4910//787 4918//787 4920//787
f 4910//9 4915//9 4918//9
f 4911//23 4920//23 4921//23
f 4911//9 4921//9 4919//9
f 4911//9 4919//9 4912//9
f 4911//9 4910//9 4920//9
f 4917//7608 4919//7608 4922//7608
f 4919//7609 4921//7609 4922//7609
f 4921//7610 4920//7610 4922//7610
f 4920//7611 4918//7611 4922//7611
f 4918//7612 4916//7612 4922//7612
f 4916//7613 4917//7613 4922//7613
f 4538//458 4541//458 4923//458
f 4923//980 4541//980 4924//980
f 4924//459 4531//459 4925//459
f 4541//459 4531//459 4924//459
f 4925//461 4529//461 4926//461
f 4531//704 4529//704 4925//704
f 4926//454 4525//454 4927//454
f 4529//454 4525//454 4926//454
f 4927//455 4523//455 4928//455
f 4525//455 4523//455 4927//455
f 4928//456 4528//456 4929//456
f 4523//456 4528//456 4928//456
f 4528//7614 4530//7614 4929//7614
f 4929//7615 4530//7615 4930//7615
f 4930//7616 4535//7616 4931//7616
f 4530//7617 4535//7617 4930//7617
f 4931//7618 4532//7618 4932//7618
f 4535//7619 4532//7619 4931//7619
f 4932//7620 4534//7620 4933//7620
f 4532//7621 4534//7621 4932//7621
f 4934//7622 4935//7622 4534//7622
f 4534//7623 4936//7623 4933//7623
f 4935//7624 4936//7624 4534//7624
f 4933//7625 4937//7625 4938//7625
f 4936//7625 4937//7625 4933//7625
f 4939//7626 4540//7626 4937//7626
f 4937//7627 4540//7627 4938//7627
f 4939//7628 4940//7628 4540//7628
f 4938//7629 4539//7629 4923//7629
f 4540//7630 4539//7630 4938//7630
f 4539//7631 4536//7631 4923//7631
f 4536//7632 4538//7632 4923//7632
f 4941//7633 4940//7633 4939//7633
f 4942//7634 4940//7634 4941//7634
f 4943//7635 4942//7635 4941//7635
f 4944//7636 4942//7636 4943//7636
f 4945//7637 4944//7637 4943//7637
f 4946//7638 4944//7638 4945//7638
f 4947//7639 4946//7639 4945//7639
f 4948//7640 4946//7640 4947//7640
f 4949//7641 4947//7641 4950//7641
f 4949//7642 4948//7642 4947//7642
f 4951//7643 4950//7643 4952//7643
f 4951//7644 4949//7644 4950//7644
f 4953//7645 4951//7645 4952//7645
f 4954//7646 4953//7646 4952//7646
f 4955//7647 4953//7647 4954//7647
f 4956//7648 4955//7648 4954//7648
f 4560//7649 4563//7649 4957//7649
f 4957//7650 4564//7650 4958//7650
f 4563//7651 4564//7651 4957//7651
f 4564//7652 4565//7652 4958//7652
f 4955//7653 4956//7653 4565//7653
f 4956//7654 4959//7654 4565//7654
f 4565//7655 4959//7655 4958//7655
f 4958//7656 4960//7656 4961//7656
f 4959//7656 4960//7656 4958//7656
f 4962//7657 4583//7657 4960//7657
f 4961//7658 4583//7658 4963//7658
f 4960//7659 4583//7659 4961//7659
f 4962//7660 4964//7660 4583//7660
f 4963//7661 4585//7661 4965//7661
f 4583//7662 4585//7662 4963//7662
f 4965//7663 4589//7663 4966//7663
f 4585//7664 4589//7664 4965//7664
f 4966//7665 4586//7665 4967//7665
f 4589//7666 4586//7666 4966//7666
f 4586//7667 4574//7667 4967//7667
f 4968//7668 4964//7668 4962//7668
f 4969//7669 4964//7669 4968//7669
f 4970//7670 4969//7670 4968//7670
f 4971//7671 4969//7671 4970//7671
f 4972//7672 4971//7672 4970//7672
f 4973//7673 4971//7673 4972//7673
f 4974//7674 4973//7674 4972//7674
f 4975//7675 4973//7675 4974//7675
f 4976//7676 4974//7676 4977//7676
f 4976//7677 4975//7677 4974//7677
f 4978//7678 4977//7678 4979//7678
f 4978//7679 4976//7679 4977//7679
f 4980//7680 4978//7680 4979//7680
f 4981//7681 4980//7681 4979//7681
f 4982//7682 4980//7682 4981//7682
f 4983//7683 4982//7683 4981//7683
f 4583//7684 4964//7684 4969//7684
f 4584//7685 4969//7685 4971//7685
f 4584//7686 4583//7686 4969//7686
f 4593//7687 4971//7687 4973//7687
f 4593//7685 4584//7685 4971//7685
f 4595//7688 4973//7688 4975//7688
f 4595//7689 4593//7689 4973//7689
f 4597//7690 4975//7690 4976//7690
f 4597//7688 4595//7688 4975//7688
f 4610//7691 4976//7691 4978//7691
f 4610//7690 4597//7690 4976//7690
f 4609//7692 4978//7692 4980//7692
f 4609//7691 4610//7691 4978//7691
f 4605//7693 4980//7693 4982//7693
f 4605//7694 4609//7694 4980//7694
f 4603//7693 4605//7693 4982//7693
f 4621//7695 4611//7695 4984//7695
f 4984//7696 4611//7696 4985//7696
f 4985//7697 4608//7697 4986//7697
f 4611//7698 4608//7698 4985//7698
f 4986//7699 4604//7699 4987//7699
f 4608//7700 4604//7700 4986//7700
f 4987//7701 4603//7701 4988//7701
f 4604//7702 4603//7702 4987//7702
f 4982//7703 4983//7703 4603//7703
f 4603//7704 4989//7704 4988//7704
f 4983//7705 4989//7705 4603//7705
f 4988//7706 4990//7706 4991//7706
f 4989//7707 4990//7707 4988//7707
f 4992//7708 4600//7708 4990//7708
f 4990//7709 4600//7709 4991//7709
f 4992//7710 4993//7710 4600//7710
f 4991//7711 4599//7711 4994//7711
f 4600//7712 4599//7712 4991//7712
f 4599//7713 4601//7713 4994//7713
f 4601//7714 4602//7714 4994//7714
f 4995//7715 4993//7715 4992//7715
f 4996//7716 4993//7716 4995//7716
f 4997//7717 4996//7717 4995//7717
f 4998//7718 4996//7718 4997//7718
f 4999//7719 4998//7719 4997//7719
f 5000//7720 4998//7720 4999//7720
f 5001//7721 5000//7721 4999//7721
f 5002//7722 5000//7722 5001//7722
f 5003//7723 5001//7723 5004//7723
f 5003//7724 5002//7724 5001//7724
f 5005//7725 5004//7725 5006//7725
f 5005//7726 5003//7726 5004//7726
f 5007//7727 5005//7727 5006//7727
f 5008//7728 5007//7728 5006//7728
f 5009//7729 5007//7729 5008//7729
f 5010//7730 5009//7730 5008//7730
f 4582//7731 4581//7731 5011//7731
f 5011//7732 4578//7732 5012//7732
f 4581//7733 4578//7733 5011//7733
f 4578//7734 4580//7734 5012//7734
f 5009//7735 5010//7735 4580//7735
f 5010//7736 5013//7736 4580//7736
f 4580//7737 5013//7737 5012//7737
f 5012//7738 5014//7738 5015//7738
f 5013//7738 5014//7738 5012//7738
f 5016//7739 4566//7739 5014//7739
f 5015//7740 4566//7740 5017//7740
f 5014//7741 4566//7741 5015//7741
f 5016//7742 5018//7742 4566//7742
f 5017//7743 4558//7743 5019//7743
f 4566//7744 4558//7744 5017//7744
f 5019//7745 4549//7745 5020//7745
f 4558//7746 4549//7746 5019//7746
f 5020//7747 4555//7747 5021//7747
f 4549//7748 4555//7748 5020//7748
f 4555//7749 4561//7749 5021//7749
f 5022//7750 5018//7750 5016//7750
f 5023//7751 5018//7751 5022//7751
f 5024//7752 5023//7752 5022//7752
f 5025//7753 5023//7753 5024//7753
f 5026//7754 5025//7754 5024//7754
f 5027//7755 5025//7755 5026//7755
f 5028//7756 5027//7756 5026//7756
f 5029//7757 5027//7757 5028//7757
f 5030//7758 5028//7758 5031//7758
f 5030//7759 5029//7759 5028//7759
f 5032//7760 5031//7760 5033//7760
f 5032//7761 5030//7761 5031//7761
f 5034//7762 5032//7762 5033//7762
f 5035//7763 5034//7763 5033//7763
f 4934//7764 5034//7764 5035//7764
f 4935//7765 4934//7765 5035//7765
f 4937//301 5036//301 4939//301
f 4936//301 5036//301 4937//301
f 5035//301 5037//301 4935//301
f 4935//300 5037//300 4936//300
f 4936//301 5037//301 5036//301
f 4941//301 5038//301 4943//301
f 4939//301 5038//301 4941//301
f 5036//300 5038//300 4939//300
f 5033//300 5039//300 5035//300
f 5035//301 5039//301 5037//301
f 4943//301 5040//301 4945//301
f 5038//301 5040//301 4943//301
f 5031//300 5041//300 5033//300
f 5033//300 5041//300 5039//300
f 5040//301 5042//301 4945//301
f 4945//301 5042//301 4947//301
f 5031//301 5043//301 5041//301
f 5028//300 5043//300 5031//300
f 5028//300 5026//300 5043//300
f 5042//301 5044//301 4947//301
f 4947//300 5044//300 4950//300
f 5026//300 5045//300 5043//300
f 5026//300 5024//300 5045//300
f 5044//301 5046//301 4950//301
f 4950//301 5046//301 4952//301
f 5024//301 5047//301 5045//301
f 5024//300 5022//300 5047//300
f 5046//300 5048//300 4952//300
f 4952//301 5048//301 4954//301
f 5022//301 5049//301 5047//301
f 5022//300 5016//300 5049//300
f 5048//300 4956//300 4954//300
f 5048//301 5050//301 4956//301
f 5050//300 4959//300 4956//300
f 5016//301 5014//301 5049//301
f 5050//301 4960//301 4959//301
f 5014//300 5051//300 5049//300
f 5013//300 5051//300 5014//300
f 5013//300 5010//300 5051//300
f 4960//300 5052//300 4962//300
f 5050//301 5052//301 4960//301
f 5010//300 5053//300 5051//300
f 5010//301 5008//301 5053//301
f 5052//301 4968//301 4962//301
f 5052//301 5054//301 4968//301
f 5008//300 5006//300 5053//300
f 5053//300 5006//300 5055//300
f 5054//301 4970//301 4968//301
f 5054//301 5056//301 4970//301
f 5055//300 5004//300 5057//300
f 5006//301 5004//301 5055//301
f 5056//301 4972//301 4970//301
f 5056//300 5058//300 4972//300
f 5057//300 5001//300 5059//300
f 5004//301 5001//301 5057//301
f 5058//300 4974//300 4972//300
f 5059//300 4999//300 5060//300
f 5001//301 4999//301 5059//301
f 5061//301 4977//301 5058//301
f 5058//300 4977//300 4974//300
f 5060//301 4997//301 5062//301
f 4999//300 4997//300 5060//300
f 5063//301 4979//301 5061//301
f 5061//300 4979//300 4977//300
f 4997//300 4995//300 5062//300
f 5064//301 4981//301 5063//301
f 5063//301 4981//301 4979//301
f 4990//301 4989//301 5065//301
f 5065//301 4989//301 5064//301
f 4995//300 4992//300 5062//300
f 5065//301 4992//301 4990//301
f 5062//301 4992//301 5065//301
f 5064//301 4983//301 4981//301
f 4989//301 4983//301 5064//301
f 5066//7766 5058//7766 5067//7766
f 5067//7767 5056//7767 5068//7767
f 5058//7766 5056//7766 5067//7766
f 5056//7767 5054//7767 5068//7767
f 5068//2336 5052//2336 5069//2336
f 5054//2336 5052//2336 5068//2336
f 5069//7768 5050//7768 5070//7768
f 5052//7768 5050//7768 5069//7768
f 5070//7769 5048//7769 5071//7769
f 5050//7770 5048//7770 5070//7770
f 5071//7771 5046//7771 5072//7771
f 5048//7771 5046//7771 5071//7771
f 5072//7772 5044//7772 5073//7772
f 5046//7772 5044//7772 5072//7772
f 5073//457 5042//457 5074//457
f 5044//457 5042//457 5073//457
f 5074//7773 5040//7773 5075//7773
f 5042//7773 5040//7773 5074//7773
f 5075//7774 5038//7774 5076//7774
f 5040//7774 5038//7774 5075//7774
f 5076//7775 5036//7775 5077//7775
f 5038//7776 5036//7776 5076//7776
f 5077//7777 5037//7777 5078//7777
f 5036//7777 5037//7777 5077//7777
f 5078//2324 5039//2324 5079//2324
f 5037//2324 5039//2324 5078//2324
f 5079//7778 5041//7778 5080//7778
f 5080//7779 5041//7779 5081//7779
f 5039//7778 5041//7778 5079//7778
f 5041//7779 5043//7779 5081//7779
f 5081//7780 5043//7780 5082//7780
f 5082//7781 5045//7781 5083//7781
f 5043//7780 5045//7780 5082//7780
f 5083//2325 5047//2325 5084//2325
f 5045//7781 5047//7781 5083//7781
f 5047//2326 5049//2326 5084//2326
f 5084//7782 5051//7782 5085//7782
f 5049//7782 5051//7782 5084//7782
f 5085//7783 5053//7783 5086//7783
f 5051//7783 5053//7783 5085//7783
f 5086//7784 5055//7784 5087//7784
f 5053//7784 5055//7784 5086//7784
f 5087//7785 5057//7785 5088//7785
f 5055//7786 5057//7786 5087//7786
f 5088//471 5059//471 5089//471
f 5057//471 5059//471 5088//471
f 5089//7787 5060//7787 5090//7787
f 5059//7787 5060//7787 5089//7787
f 5090//7788 5062//7788 5091//7788
f 5060//7788 5062//7788 5090//7788
f 5091//7789 5065//7789 5092//7789
f 5092//7790 5065//7790 5093//7790
f 5062//7791 5065//7791 5091//7791
f 5065//7790 5064//7790 5093//7790
f 5093//2335 5063//2335 5094//2335
f 5064//2335 5063//2335 5093//2335
f 5094//7792 5061//7792 5095//7792
f 5095//7793 5061//7793 5066//7793
f 5063//7792 5061//7792 5094//7792
f 5061//7793 5058//7793 5066//7793
f 5096//1239 5070//1239 5097//1239
f 5098//36 5069//36 5096//36
f 5096//36 5069//36 5070//36
f 5097//36 5071//36 5099//36
f 5070//36 5071//36 5097//36
f 5100//36 5068//36 5098//36
f 5098//37 5068//37 5069//37
f 5071//37 5072//37 5099//37
f 5072//36 5101//36 5099//36
f 5100//37 5067//37 5068//37
f 5100//37 5102//37 5067//37
f 5072//36 5073//36 5101//36
f 5073//36 5103//36 5101//36
f 5102//37 5066//37 5067//37
f 5102//37 5104//37 5066//37
f 5073//36 5074//36 5103//36
f 5074//36 5105//36 5103//36
f 5104//36 5095//36 5066//36
f 5104//36 5106//36 5095//36
f 5074//36 5075//36 5105//36
f 5075//37 5107//37 5105//37
f 5106//36 5094//36 5095//36
f 5106//36 5108//36 5094//36
f 5075//36 5076//36 5107//36
f 5076//37 5109//37 5107//37
f 5108//37 5093//37 5094//37
f 5108//37 5110//37 5093//37
f 5076//37 5077//37 5109//37
f 5110//37 5092//37 5093//37
f 5077//37 5111//37 5109//37
f 5077//37 5078//37 5111//37
f 5110//36 5112//36 5092//36
f 5112//36 5091//36 5092//36
f 5078//36 5113//36 5111//36
f 5078//37 5079//37 5113//37
f 5112//37 5114//37 5091//37
f 5114//36 5090//36 5091//36
f 5079//37 5115//37 5113//37
f 5079//36 5080//36 5115//36
f 5114//37 5116//37 5090//37
f 5116//37 5089//37 5090//37
f 5080//36 5117//36 5115//36
f 5080//37 5081//37 5117//37
f 5116//36 5118//36 5089//36
f 5118//36 5088//36 5089//36
f 5081//36 5119//36 5117//36
f 5081//36 5082//36 5119//36
f 5118//37 5120//37 5088//37
f 5120//37 5087//37 5088//37
f 5083//36 5121//36 5082//36
f 5082//36 5121//36 5119//36
f 5087//37 5122//37 5086//37
f 5120//36 5122//36 5087//36
f 5084//36 5123//36 5083//36
f 5083//37 5123//37 5121//37
f 5086//36 5124//36 5085//36
f 5122//1239 5124//1239 5086//1239
f 5085//36 5125//36 5084//36
f 5124//37 5125//37 5085//37
f 5084//36 5125//36 5123//36
f 5118//7794 5126//7794 5120//7794
f 5120//7795 5127//7795 5122//7795
f 5126//7794 5127//7794 5120//7794
f 5122//7796 5128//7796 5124//7796
f 5127//7795 5128//7795 5122//7795
f 5128//1447 5129//1447 5124//1447
f 5124//7797 5130//7797 5125//7797
f 5129//7797 5130//7797 5124//7797
f 5125//7798 5131//7798 5123//7798
f 5130//7799 5131//7799 5125//7799
f 5123//7800 5132//7800 5121//7800
f 5131//7800 5132//7800 5123//7800
f 5121//7801 5133//7801 5119//7801
f 5132//7802 5133//7802 5121//7802
f 5119//453 5134//453 5117//453
f 5133//453 5134//453 5119//453
f 5117//7803 5135//7803 5115//7803
f 5134//7803 5135//7803 5117//7803
f 5115//7804 5136//7804 5113//7804
f 5113//7805 5136//7805 5111//7805
f 5135//7804 5136//7804 5115//7804
f 5111//7806 5137//7806 5109//7806
f 5136//7805 5137//7805 5111//7805
f 5137//7806 5138//7806 5109//7806
f 5109//1458 5139//1458 5107//1458
f 5138//1458 5139//1458 5109//1458
f 5107//7807 5140//7807 5105//7807
f 5139//7808 5140//7808 5107//7808
f 5105//7809 5141//7809 5103//7809
f 5140//7810 5141//7810 5105//7810
f 5103//7811 5141//7811 5101//7811
f 5101//7812 5142//7812 5099//7812
f 5141//7811 5142//7811 5101//7811
f 5142//7812 5143//7812 5099//7812
f 5099//1457 5144//1457 5097//1457
f 5143//1457 5144//1457 5099//1457
f 5097//7813 5145//7813 5096//7813
f 5144//7814 5145//7814 5097//7814
f 5096//7815 5146//7815 5098//7815
f 5145//7815 5146//7815 5096//7815
f 5098//7816 5147//7816 5100//7816
f 5146//7816 5147//7816 5098//7816
f 5100//7817 5148//7817 5102//7817
f 5147//7818 5148//7818 5100//7818
f 5102//9 5149//9 5104//9
f 5148//9 5149//9 5102//9
f 5104//7819 5150//7819 5106//7819
f 5106//7820 5150//7820 5108//7820
f 5149//7819 5150//7819 5104//7819
f 5150//7820 5151//7820 5108//7820
f 5108//7821 5152//7821 5110//7821
f 5151//7821 5152//7821 5108//7821
f 5110//7822 5153//7822 5112//7822
f 5112//1448 5153//1448 5114//1448
f 5152//7822 5153//7822 5110//7822
f 5153//1448 5154//1448 5114//1448
f 5114//7823 5155//7823 5116//7823
f 5154//7823 5155//7823 5114//7823
f 5116//7824 5126//7824 5118//7824
f 5155//7824 5126//7824 5116//7824
o rod2
v -6.174616 38.643410 9.002175
v -6.135839 38.635525 8.939570
v -6.198921 38.694584 8.819325
v -6.094479 38.567631 9.158631
v -6.065324 38.563427 9.103245
v -6.141787 38.677757 8.752112
v -6.164459 38.714973 8.632135
v -5.968173 38.476379 9.269822
v -5.940974 38.472443 9.218217
v -6.082258 38.683697 8.569407
v -6.075387 38.702122 8.463184
v -5.810933 38.380665 9.322336
v -5.781720 38.376427 9.266985
v -5.966316 38.652439 8.419273
v -5.942451 38.657578 8.332849
v -5.641724 38.292034 9.309841
v -5.611807 38.289986 9.242121
v -5.811613 38.588745 8.324566
v -5.781684 38.586720 8.256850
v -5.480957 38.221172 9.233842
v -5.457104 38.226292 9.147413
v -5.641701 38.502308 8.299703
v -5.612476 38.498089 8.244354
v -5.348021 38.176632 9.103506
v -5.341163 38.195034 8.997279
v -5.482447 38.406288 8.348469
v -5.455236 38.402374 8.296868
v -5.258950 38.163780 8.934555
v -5.281632 38.200974 8.814575
v -5.358096 38.315304 8.463442
v -5.328929 38.311123 8.408059
v -5.224489 38.184166 8.747365
v -5.287580 38.243210 8.627116
v -5.248792 38.235340 8.564516
v -5.513575 38.379623 8.371930
v -5.662034 38.469131 8.326469
v -5.820426 38.549709 8.349647
v -5.964643 38.609085 8.437935
v -6.072724 38.638226 8.577891
v -6.128219 38.632690 8.748211
v -6.122675 38.593319 8.922961
v -6.056940 38.526108 9.075541
v -5.941019 38.441296 9.182720
v -5.792561 38.351784 9.228180
v -5.634165 38.271206 9.205003
v -5.489951 38.211826 9.116715
v -5.381867 38.182690 8.976758
v -5.326375 38.188229 8.806439
v -5.331917 38.227596 8.631688
v -5.397654 38.294807 8.479109
v -5.455295 38.371197 8.261365
v -5.332753 38.283539 8.365054
v -5.248833 38.208302 8.509098
v -5.211749 38.152847 8.679398
v -5.225131 38.122612 8.859283
v -5.287669 38.120556 9.031146
v -5.393240 38.146870 9.178163
v -5.531515 38.198986 9.285941
v -5.688952 38.271805 9.343933
v -5.850145 38.358189 9.346461
v -5.999314 38.449692 9.293280
v -6.121856 38.537350 9.189590
v -6.205777 38.612587 9.045546
v -6.242860 38.668037 8.875245
v -6.229478 38.698269 8.695360
v -6.166941 38.700333 8.523498
v -6.061368 38.674015 8.376481
v -5.923095 38.621899 8.268703
v -5.765656 38.549084 8.210710
v -5.604463 38.462700 8.208181
v -5.410574 38.204746 8.435438
v -5.537035 38.297276 8.318516
v -5.536972 38.336227 8.362897
v -5.421051 38.251415 8.470075
v -5.338862 38.131428 8.601889
v -5.355315 38.184204 8.622654
v -5.332816 38.088482 8.792525
v -5.349771 38.144836 8.797405
v -5.393354 38.082439 8.978328
v -5.405264 38.139297 8.967724
v -5.511261 38.114227 9.131008
v -5.513347 38.168434 9.107681
v -5.668589 38.179001 9.227322
v -5.657563 38.227814 9.195969
v -5.841383 38.266907 9.252606
v -5.815957 38.308392 9.219147
v -6.003336 38.364552 9.203012
v -5.964416 38.397900 9.173686
v -5.722456 37.626312 8.315014
v -5.848915 37.718842 8.198092
v -5.650743 37.552994 8.481464
v -5.644697 37.510048 8.672102
v -5.705235 37.504005 8.857904
v -5.823143 37.535793 9.010585
v -5.980470 37.600567 9.106898
v -6.153263 37.688473 9.132183
v -6.315217 37.786121 9.082589
v -6.315280 37.747166 9.038209
v -6.166822 37.657654 9.083669
v -6.008429 37.577076 9.060493
v -5.864213 37.517696 8.972204
v -5.756131 37.488560 8.832248
v -5.700636 37.494099 8.661929
v -5.706180 37.533466 8.487178
v -5.771915 37.600677 8.334599
v -5.887836 37.685493 8.227420
v -6.496938 37.899189 8.778451
v -6.502481 37.938560 8.603699
v -6.446987 37.944096 8.433381
v -6.338904 37.914959 8.293425
v -6.194688 37.855579 8.205136
v -6.036294 37.775002 8.181959
v -6.431201 37.831982 8.931030
v -6.010870 37.816490 8.148499
v -6.183662 37.904392 8.173783
v -6.340989 37.969170 8.270097
v -6.458897 38.000954 8.422777
v -6.519435 37.994915 8.608580
v -6.513389 37.951965 8.799217
v -6.441677 37.878647 8.965668
v -6.129797 38.457077 9.086091
v -6.201509 38.530399 8.919641
v -6.207554 38.573349 8.729003
v -6.147017 38.579388 8.543201
v -6.029109 38.547600 8.390521
v -5.871782 38.482822 8.294207
v -5.698988 38.394920 8.268922
v -6.080337 38.482716 9.066507
v -6.146071 38.549927 8.913928
v -6.151616 38.589298 8.739177
v -6.096121 38.594833 8.568858
v -5.988039 38.565693 8.428901
v -5.843823 38.506317 8.340613
v -5.685430 38.425739 8.317435
v -5.925430 38.470207 9.188738
v -6.041350 38.555019 9.081560
v -6.107087 38.622231 8.928981
v -6.112629 38.661602 8.754230
v -6.057137 38.667137 8.583911
v -5.949055 38.638000 8.443954
v -5.804839 38.578621 8.355666
v -5.646444 38.498043 8.332489
v -5.497985 38.408531 8.377949
v -5.382064 38.323719 8.485127
v -5.316329 38.256508 8.637708
v -5.310785 38.217140 8.812458
v -5.366280 38.211601 8.982777
v -5.474361 38.240738 9.122734
v -5.618577 38.300117 9.211021
v -5.776971 38.380695 9.234200
v -5.947699 38.662529 8.322612
v -5.783278 38.590057 8.244885
v -6.083654 38.708084 8.455908
v -5.610226 38.499413 8.232106
v -5.449412 38.401524 8.285814
v -6.174749 38.721226 8.628699
v -5.320237 38.308201 8.399531
v -6.209993 38.700375 8.820142
v -5.238278 38.230698 8.559543
v -6.185139 38.648041 9.007146
v -5.213421 38.178360 8.746547
v -6.103179 38.570538 9.167157
v -5.248666 38.157513 8.937989
v -5.974003 38.477211 9.280873
v -5.339760 38.170654 9.110780
v -5.813190 38.379326 9.334581
v -5.475718 38.216209 9.244077
v -5.640139 38.288677 9.321801
v -5.921373 38.574821 9.301195
v -6.050550 38.668148 9.187478
v -6.132509 38.745651 9.027467
v -6.157364 38.797985 8.840462
v -6.122119 38.818840 8.649020
v -6.031025 38.805695 8.476229
v -5.895069 38.760143 8.342934
v -5.730649 38.687672 8.265207
v -5.557596 38.597023 8.252427
v -5.396782 38.499134 8.306135
v -5.267607 38.405811 8.419853
v -5.185648 38.328304 8.579864
v -5.160792 38.275970 8.766868
v -5.196036 38.255116 8.958311
v -5.287130 38.268265 9.131102
v -5.423088 38.313820 9.264398
v -5.587509 38.386288 9.342123
v -5.760561 38.476936 9.354902
v -5.380233 38.574677 8.363744
v -5.250134 38.479488 8.484031
v -5.176360 38.404057 8.655271
v -5.170138 38.359871 8.851395
v -5.232419 38.353661 9.042542
v -5.353720 38.386364 9.199615
v -5.515574 38.452999 9.298701
v -5.693338 38.543434 9.324715
v -5.859953 38.643890 9.273692
v -5.980947 38.731560 9.165944
v -6.055857 38.803612 9.013854
v -6.075119 38.850853 8.836845
v -6.036273 38.867241 8.657521
v -5.944281 38.850689 8.498782
v -5.810888 38.803307 8.380900
v -5.653131 38.731148 8.318929
v -5.558135 38.681358 8.312063
v -5.465830 38.628433 8.327222
v -5.251390 38.423466 8.756364
v -5.289522 38.476379 8.600966
v -5.273320 38.400826 8.921919
v -5.351737 38.412140 9.070663
v -5.620368 38.694534 8.409952
v -5.473867 38.455566 9.178367
v -5.766318 38.763000 8.459070
v -5.619819 38.524036 9.227486
v -5.888451 38.806431 8.566773
v -5.950665 38.742191 9.036470
v -5.966866 38.817741 8.715517
v -5.988797 38.795101 8.881073
v -5.162819 38.711365 8.649889
v -5.124689 38.658451 8.805285
v -5.146618 38.635811 8.970841
v -5.225036 38.647121 9.119585
v -5.347167 38.690556 9.227289
v -5.493117 38.759022 9.276407
v -5.493667 38.929520 8.458874
v -5.823965 38.977177 9.085393
v -5.862094 39.030090 8.929995
v -5.840166 39.052731 8.764440
v -5.761748 39.041416 8.615695
v -5.639617 38.997990 8.507993
v -5.254157 38.743202 8.733529
v -5.242306 38.700359 8.908621
v -5.357388 38.824650 8.609662
v -5.326361 38.712486 9.068061
v -5.512568 38.913593 8.584335
v -5.474216 38.774952 9.150947
v -5.660424 38.976059 8.667220
v -5.629396 38.863895 9.125619
v -5.744480 38.988186 8.826659
v -5.732628 38.945343 9.001753
v -5.590412 38.936199 9.140672
v -5.693644 39.017647 9.016806
v -5.705493 39.060490 8.841713
v -5.621439 39.048363 8.682274
v -5.473583 38.985897 8.599387
v -5.318402 38.896954 8.624715
v -5.215170 38.815502 8.748582
v -5.203321 38.772659 8.923675
v -5.287375 38.784790 9.083113
v -5.435232 38.847256 9.165999
v -5.443913 38.889324 9.218073
v -5.590349 38.975155 9.185052
v -5.295067 38.820484 9.163246
v -5.183693 38.787075 9.035262
v -5.139634 38.798058 8.868414
v -5.174695 38.850479 8.707409
v -5.279480 38.930302 8.595387
v -4.733691 39.942554 8.806129
v -4.628903 39.862736 8.918150
v -4.593843 39.810310 9.079155
v -4.637904 39.799332 9.246004
v -4.749279 39.832741 9.373988
v -4.898125 39.901581 9.428815
v -5.044559 39.987408 9.395794
v -5.149344 40.067226 9.283772
v -5.695135 39.054977 9.073030
v -5.184404 40.119652 9.122767
v -5.730196 39.107399 8.912026
v -5.140346 40.130630 8.955919
v -5.686134 39.118378 8.745178
v -5.574760 39.084972 8.617193
v -5.028971 40.097225 8.827934
v -4.880125 40.028385 8.773108
v -5.425914 39.016132 8.562366
v -5.005637 40.020756 9.366467
v -5.108869 40.102203 9.242599
v -5.120718 40.145046 9.067507
v -5.036664 40.132919 8.908069
v -4.888807 40.070454 8.825182
v -4.733626 39.981510 8.850510
v -4.630395 39.900063 8.974376
v -4.618545 39.857220 9.149468
v -4.702600 39.869350 9.308908
v -4.850456 39.931812 9.391793
v -5.118721 39.041077 8.805236
v -4.985332 39.009949 8.609303
v -4.915115 38.938156 8.772286
v -5.107886 39.001907 8.965321
v -4.909194 38.896103 8.958952
v -4.968472 38.890186 9.140883
v -5.213105 39.115543 8.691986
v -5.109159 39.100548 8.494818
v -5.267738 39.196163 8.446257
v -5.184738 39.012993 9.111094
v -5.083922 38.921310 9.290382
v -5.354985 39.196865 8.668830
v -5.436933 39.282238 8.471015
v -5.237971 38.984741 9.384690
v -5.319921 39.070110 9.186874
v -5.490167 39.253979 8.744611
v -5.590981 39.345661 8.565322
v -5.407166 39.070812 9.409447
v -5.461800 39.151428 9.163718
v -5.706432 39.376785 8.714822
v -5.567018 39.265068 8.890384
v -5.565745 39.166428 9.360888
v -5.689571 39.257027 9.246402
v -5.556182 39.225899 9.050468
v -5.765709 39.370872 8.896753
v -5.759789 39.328815 9.083419
v -5.141098 39.171448 8.897455
v -5.164505 39.195377 8.843128
v -5.254089 39.288097 8.960040
v -5.074919 39.102665 8.726215
v -5.139124 39.157429 8.959679
v -5.028107 39.054802 8.834870
v -5.158884 39.155457 9.020322
v -5.024159 39.026768 8.959314
v -5.197368 39.165833 9.070155
v -5.063677 39.022823 9.080603
v -5.248716 39.186981 9.101590
v -5.140646 39.043571 9.180268
v -5.305115 39.215672 9.109842
v -5.243344 39.085861 9.243140
v -5.356141 39.143242 9.259645
v -5.422656 39.301674 9.001166
v -5.399251 39.277740 9.055494
v -5.544411 39.267384 9.150948
v -5.424630 39.315689 8.938944
v -5.591222 39.315243 9.042293
v -5.404871 39.317661 8.878300
v -5.595170 39.343281 8.917849
v -5.366386 39.307285 8.828467
v -5.555652 39.347221 8.796561
v -5.315036 39.286144 8.797031
v -5.478683 39.326473 8.696895
v -5.258638 39.257454 8.788779
v -5.375985 39.284187 8.634023
v -5.263188 39.226810 8.617518
v -5.274662 38.751865 8.745024
v -5.369044 38.826332 8.631774
v -5.263826 38.712696 8.905108
v -5.340678 38.723785 9.050881
v -5.475861 38.780891 9.126663
v -5.617740 38.862213 9.103506
v -5.141273 38.720730 8.549091
v -5.071055 38.648941 8.712074
v -5.065135 38.606888 8.898740
v -5.124412 38.600971 9.080671
v -5.265098 38.811333 8.434606
v -5.423678 38.906948 8.386045
v -5.239862 38.632099 9.230170
v -5.510923 38.907650 8.608618
v -5.592873 38.993019 8.410803
v -5.393911 38.695526 9.324478
v -5.646107 38.964760 8.684399
v -5.746922 39.056446 8.505110
v -5.563106 38.781597 9.349236
v -5.862371 39.087570 8.654609
v -5.722958 38.975849 8.830173
v -5.721685 38.877213 9.300675
v -5.921649 39.081654 8.836541
v -5.712122 38.936680 8.990257
v -5.845510 38.967808 9.186190
v -5.915730 39.039600 9.023207
v -5.567656 38.750950 9.177976
v -5.576755 38.689663 8.835452
v -5.515807 38.691616 8.998461
v -5.464458 38.670475 8.967025
v -5.454860 38.693573 9.161469
v -5.425973 38.660099 8.917192
v -5.352160 38.651287 9.098598
v -5.406215 38.662071 8.856548
v -5.275193 38.630539 8.998932
v -5.408187 38.676090 8.794326
v -5.235674 38.634480 8.877645
v -5.431594 38.700020 8.739999
v -5.239622 38.662514 8.753201
v -5.286435 38.710377 8.644546
v -5.525730 38.762093 8.685650
v -5.582128 38.790779 8.693903
v -5.474703 38.834518 8.535847
v -5.633477 38.811924 8.725338
v -5.587501 38.891899 8.552353
v -5.671960 38.822300 8.775171
v -5.690198 38.934185 8.615225
v -5.691720 38.820328 8.835815
v -5.767167 38.954933 8.714890
v -5.689745 38.806309 8.898037
v -5.806684 38.950989 8.836178
v -5.666339 38.782379 8.952365
v -5.802738 38.922955 8.960622
v -5.755926 38.875095 9.069277
v -4.956048 38.974007 8.505123
v -5.079759 39.062500 8.400445
v -5.083177 39.066925 8.411417
v -4.948870 38.976807 8.652998
v -4.871326 38.898052 8.650541
v -4.833889 38.842072 8.822465
v -4.840956 38.837872 8.884314
v -4.847397 38.811550 9.004066
v -4.962420 38.881729 9.144783
v -4.910532 38.809467 9.177567
v -5.017114 38.836037 9.325986
v -5.110176 38.876717 9.394979
v -5.156705 38.888649 9.434794
v -5.352775 39.035126 9.418952
v -5.315647 38.962162 9.493340
v -5.478376 39.049370 9.495892
v -5.621615 39.144615 9.432747
v -5.628966 39.141747 9.442201
v -5.505068 38.752426 9.360101
v -5.236227 38.642937 9.346306
v -5.747667 38.910831 9.384076
v -5.600495 38.822884 9.448739
v -5.751086 38.915257 9.395048
v -5.437766 38.735672 9.446186
v -5.278824 38.662163 9.387641
v -5.139233 38.609547 9.278833
v -5.114761 38.599075 9.085836
v -5.032651 38.582981 9.130415
v -4.969518 38.585060 8.956913
v -4.967007 38.604092 8.835642
v -4.956007 38.615585 8.775312
v -5.101314 38.694210 8.594060
v -4.993445 38.671562 8.603388
v -5.078166 38.747517 8.457969
v -5.209228 38.833141 8.362746
v -5.201878 38.836014 8.353292
v -5.352468 38.928391 8.299602
v -5.478171 38.942688 8.376548
v -5.515199 39.015598 8.302154
v -5.674139 39.089108 8.360700
v -5.720668 39.101040 8.400515
v -5.813732 39.141720 8.469506
v -5.868477 39.096035 8.650812
v -5.920311 39.168285 8.617926
v -5.983446 39.166206 8.791427
v -5.989889 39.139885 8.911180
v -5.996955 39.135685 8.973028
v -5.881927 39.000904 9.142589
v -5.959517 39.079704 9.144952
v -5.874796 39.003750 9.290370
v -5.729578 39.283596 9.201337
v -5.863838 39.373669 8.959851
v -5.752677 39.230240 9.337523
v -5.837399 39.306194 9.192105
v -5.874836 39.362171 9.020182
v -5.861327 39.392696 8.838579
v -5.716028 39.378674 8.709554
v -5.798192 39.394775 8.665077
v -5.691611 39.368210 8.516659
v -5.594617 39.334824 8.449186
v -5.552020 39.315598 8.407852
v -5.325674 39.225281 8.435384
v -5.393080 39.242088 8.349307
v -5.230350 39.154877 8.346754
v -5.513575 38.379623 8.371930
v -5.662034 38.469131 8.326469
v -5.820426 38.549709 8.349647
v -6.072724 38.638226 8.577891
v -6.128219 38.632690 8.748211
v -6.122675 38.593319 8.922961
v -6.056940 38.526108 9.075541
v -5.941019 38.441296 9.182720
v -5.792561 38.351784 9.228180
v -5.634165 38.271206 9.205003
v -5.489951 38.211826 9.116715
v -5.381867 38.182690 8.976758
v -5.326375 38.188229 8.806439
v -5.331917 38.227596 8.631688
v -5.397654 38.294807 8.479109
v -20.547235 10.197425 2.629531
v -20.663157 10.282240 2.522352
v -20.481499 10.130216 2.782110
v -20.475958 10.090846 2.956861
v -20.531450 10.085308 3.127180
v -20.639532 10.114447 3.267137
v -20.783749 10.173824 3.355425
v -20.942142 10.254401 3.378602
v -21.090601 10.343912 3.333142
v -21.206524 10.428728 3.225963
v -21.272259 10.495937 3.073384
v -21.277802 10.535307 2.898632
v -21.222307 10.540844 2.728314
v -21.114225 10.511706 2.588357
v -20.970009 10.452329 2.500069
v -20.811615 10.371750 2.476891
v -21.167274 9.598911 2.199047
v -21.018108 9.507411 2.252230
v -21.328468 9.685299 2.201575
v -21.485907 9.758113 2.259567
v -21.624182 9.810229 2.367346
v -21.729753 9.836545 2.514363
v -21.792292 9.834484 2.686225
v -21.805674 9.804250 2.866110
v -21.768589 9.748800 3.036410
v -21.684669 9.673563 3.180455
v -21.562128 9.585904 3.284143
v -21.412958 9.494403 3.337326
v -21.251766 9.408016 3.334799
v -21.094330 9.335201 3.276806
v -20.956057 9.283086 3.169027
v -20.850483 9.256770 3.022011
v -20.787945 9.258831 2.850148
v -20.774563 9.289065 2.670263
v -20.811646 9.344515 2.499963
v -20.895567 9.419752 2.355918
v -5.455295 38.371197 8.261365
v -5.332753 38.283539 8.365054
v -5.248833 38.208302 8.509098
v -5.225131 38.122612 8.859283
v -5.287669 38.120556 9.031146
v -5.393240 38.146870 9.178163
v -5.531515 38.198986 9.285941
v -5.688952 38.271805 9.343933
v -5.999314 38.449692 9.293280
v -6.121856 38.537350 9.189590
v -6.205777 38.612587 9.045546
v -6.229478 38.698269 8.695360
v -6.166941 38.700333 8.523498
v -6.061368 38.674015 8.376481
v -5.923095 38.621899 8.268703
v -5.765656 38.549084 8.210710
v -5.513575 38.379623 8.371930
v -5.662034 38.469131 8.326469
v -5.820426 38.549709 8.349647
v -5.964643 38.609085 8.437935
v -6.072724 38.638226 8.577891
v -6.128219 38.632690 8.748211
v -6.122675 38.593319 8.922961
v -6.056940 38.526108 9.075541
v -5.941019 38.441296 9.182720
v -5.792561 38.351784 9.228180
v -5.634165 38.271206 9.205003
v -5.489951 38.211826 9.116715
v -5.381867 38.182690 8.976758
v -5.326375 38.188229 8.806439
v -5.331917 38.227596 8.631688
v -5.397654 38.294807 8.479109
v -20.547235 10.197425 2.629531
v -20.663157 10.282240 2.522352
v -20.481499 10.130216 2.782110
v -20.475958 10.090846 2.956861
v -20.531450 10.085308 3.127180
v -20.639532 10.114447 3.267137
v -20.783749 10.173824 3.355425
v -20.942142 10.254401 3.378602
v -21.090601 10.343912 3.333142
v -21.206524 10.428728 3.225963
v -21.272259 10.495937 3.073384
v -21.277802 10.535307 2.898632
v -21.222307 10.540844 2.728314
v -21.114225 10.511706 2.588357
v -20.970009 10.452329 2.500069
v -20.811615 10.371750 2.476891
v -21.167274 9.598911 2.199047
v -21.018108 9.507411 2.252230
v -21.328468 9.685299 2.201575
v -21.485907 9.758113 2.259567
v -21.624182 9.810229 2.367346
v -21.729753 9.836545 2.514363
v -21.792292 9.834484 2.686225
v -21.805674 9.804250 2.866110
v -21.768589 9.748800 3.036410
v -21.684669 9.673563 3.180455
v -21.562128 9.585904 3.284143
v -21.412958 9.494403 3.337326
v -21.251766 9.408016 3.334799
v -21.094330 9.335201 3.276806
v -20.956057 9.283086 3.169027
v -20.850483 9.256770 3.022011
v -20.787945 9.258831 2.850148
v -20.774563 9.289065 2.670263
v -20.811646 9.344515 2.499963
v -20.895567 9.419752 2.355918
v -5.455295 38.371197 8.261365
v -5.332753 38.283539 8.365054
v -5.248833 38.208302 8.509098
v -5.211749 38.152847 8.679398
v -5.225131 38.122612 8.859283
v -5.287669 38.120556 9.031146
v -5.393240 38.146870 9.178163
v -5.531515 38.198986 9.285941
v -5.688952 38.271805 9.343933
v -5.850145 38.358189 9.346461
v -5.999314 38.449692 9.293280
v -6.121856 38.537350 9.189590
v -6.205777 38.612587 9.045546
v -6.242860 38.668037 8.875245
v -6.229478 38.698269 8.695360
v -6.166941 38.700333 8.523498
v -6.061368 38.674015 8.376481
v -5.923095 38.621899 8.268703
v -5.765656 38.549084 8.210710
v -5.604463 38.462700 8.208181
v -5.513575 38.379623 8.371930
v -5.662034 38.469131 8.326469
v -5.820426 38.549709 8.349647
v -6.072724 38.638226 8.577891
v -6.128219 38.632690 8.748211
v -6.122675 38.593319 8.922961
v -6.056940 38.526108 9.075541
v -5.941019 38.441296 9.182720
v -5.792561 38.351784 9.228180
v -5.634165 38.271206 9.205003
v -5.489951 38.211826 9.116715
v -5.381867 38.182690 8.976758
v -5.326375 38.188229 8.806439
v -5.331917 38.227596 8.631688
v -5.397654 38.294807 8.479109
v -20.547235 10.197425 2.629531
v -20.663157 10.282240 2.522352
v -20.481499 10.130216 2.782110
v -20.475958 10.090846 2.956861
v -20.531450 10.085308 3.127180
v -20.639532 10.114447 3.267137
v -20.783749 10.173824 3.355425
v -20.942142 10.254401 3.378602
v -21.090601 10.343912 3.333142
v -21.206524 10.428728 3.225963
v -21.272259 10.495937 3.073384
v -21.277802 10.535307 2.898632
v -21.222307 10.540844 2.728314
v -21.114225 10.511706 2.588357
v -20.970009 10.452329 2.500069
v -20.811615 10.371750 2.476891
v -21.167274 9.598911 2.199047
v -21.018108 9.507411 2.252230
v -21.328468 9.685299 2.201575
v -21.485907 9.758113 2.259567
v -21.624182 9.810229 2.367346
v -21.729753 9.836545 2.514363
v -21.792292 9.834484 2.686225
v -21.805674 9.804250 2.866110
v -21.768589 9.748800 3.036410
v -21.684669 9.673563 3.180455
v -21.562128 9.585904 3.284143
v -21.412958 9.494403 3.337326
v -21.251766 9.408016 3.334799
v -21.094330 9.335201 3.276806
v -20.956057 9.283086 3.169027
v -20.850483 9.256770 3.022011
v -20.787945 9.258831 2.850148
v -20.774563 9.289065 2.670263
v -20.811646 9.344515 2.499963
v -20.895567 9.419752 2.355918
v -5.455295 38.371197 8.261365
v -5.332753 38.283539 8.365054
v -5.248833 38.208302 8.509098
v -5.225131 38.122612 8.859283
v -5.287669 38.120556 9.031146
v -5.393240 38.146870 9.178163
v -5.531515 38.198986 9.285941
v -5.688952 38.271805 9.343933
v -5.999314 38.449692 9.293280
v -6.121856 38.537350 9.189590
v -6.205777 38.612587 9.045546
v -6.229478 38.698269 8.695360
v -6.166941 38.700333 8.523498
v -6.061368 38.674015 8.376481
v -5.923095 38.621899 8.268703
v -5.765656 38.549084 8.210710
v -5.513575 38.379623 8.371930
v -5.662034 38.469131 8.326469
v -5.820426 38.549709 8.349647
v -6.072724 38.638226 8.577891
v -6.128219 38.632690 8.748211
v -6.122675 38.593319 8.922961
v -6.056940 38.526108 9.075541
v -5.941019 38.441296 9.182720
v -5.792561 38.351784 9.228180
v -5.634165 38.271206 9.205003
v -5.489951 38.211826 9.116715
v -5.381867 38.182690 8.976758
v -5.326375 38.188229 8.806439
v -5.331917 38.227596 8.631688
v -5.397654 38.294807 8.479109
v -20.547235 10.197425 2.629531
v -20.663157 10.282240 2.522352
v -20.481499 10.130216 2.782110
v -20.475958 10.090846 2.956861
v -20.531450 10.085308 3.127180
v -20.639532 10.114447 3.267137
v -20.783749 10.173824 3.355425
v -20.942142 10.254401 3.378602
v -21.090601 10.343912 3.333142
v -21.206524 10.428728 3.225963
v -21.272259 10.495937 3.073384
v -21.277802 10.535307 2.898632
v -21.222307 10.540844 2.728314
v -21.114225 10.511706 2.588357
v -20.970009 10.452329 2.500069
v -20.811615 10.371750 2.476891
v -21.167274 9.598911 2.199047
v -21.018108 9.507411 2.252230
v -21.328468 9.685299 2.201575
v -21.485907 9.758113 2.259567
v -21.624182 9.810229 2.367346
v -21.729753 9.836545 2.514363
v -21.792292 9.834484 2.686225
v -21.805674 9.804250 2.866110
v -21.768589 9.748800 3.036410
v -21.684669 9.673563 3.180455
v -21.562128 9.585904 3.284143
v -21.412958 9.494403 3.337326
v -21.251766 9.408016 3.334799
v -21.094330 9.335201 3.276806
v -20.956057 9.283086 3.169027
v -20.850483 9.256770 3.022011
v -20.787945 9.258831 2.850148
v -20.774563 9.289065 2.670263
v -20.811646 9.344515 2.499963
v -20.895567 9.419752 2.355918
v -5.455295 38.371197 8.261365
v -5.332753 38.283539 8.365054
v -5.248833 38.208302 8.509098
v -5.225131 38.122612 8.859283
v -5.287669 38.120556 9.031146
v -5.393240 38.146870 9.178163
v -5.531515 38.198986 9.285941
v -5.688952 38.271805 9.343933
v -5.999314 38.449692 9.293280
v -6.121856 38.537350 9.189590
v -6.205777 38.612587 9.045546
v -6.229478 38.698269 8.695360
v -6.166941 38.700333 8.523498
v -6.061368 38.674015 8.376481
v -5.923095 38.621899 8.268703
v -5.765656 38.549084 8.210710
vn 0.4670 0.8657 0.1802
vn 0.4669 0.8657 0.1801
vn 0.4670 0.8657 0.1803
vn 0.4670 0.8658 0.1800
vn 0.4669 0.8658 0.1800
vn 0.4669 0.8658 0.1801
vn 0.4669 0.8657 0.1804
vn 0.4670 0.8657 0.1804
vn 0.4668 0.8658 0.1801
vn 0.4668 0.8658 0.1800
vn 0.4667 0.8659 0.1800
vn 0.4668 0.8658 0.1804
vn 0.4668 0.8657 0.1805
vn 0.4667 0.8659 0.1801
vn 0.4667 0.8658 0.1806
vn 0.4668 0.8658 0.1803
vn 0.4666 0.8659 0.1801
vn 0.4667 0.8659 0.1802
vn 0.4667 0.8658 0.1805
vn 0.4667 0.8658 0.1803
vn 0.4666 0.8659 0.1802
vn 0.4667 0.8659 0.1803
vn 0.4666 0.8659 0.1804
vn 0.1059 0.5844 0.8045
vn 0.1059 0.5842 0.8047
vn 0.3490 0.4495 0.8223
vn 0.5887 0.3386 0.7340
vn 0.5888 0.3386 0.7340
vn 0.7887 0.2686 0.5531
vn 0.7886 0.2685 0.5531
vn 0.9182 0.2498 0.3073
vn 0.9578 0.2854 0.0339
vn 0.9013 0.3698 -0.2254
vn 0.7574 0.4903 -0.4313
vn 0.7574 0.4903 -0.4312
vn 0.5480 0.6284 -0.5520
vn 0.5480 0.6284 -0.5522
vn 0.3049 0.7631 -0.5698
vn 0.3049 0.7632 -0.5697
vn 0.0651 0.8740 -0.4815
vn 0.0651 0.8741 -0.4814
vn -0.1348 0.9442 -0.3007
vn -0.2643 0.9629 -0.0548
vn -0.2644 0.9629 -0.0548
vn -0.3040 0.9273 0.2186
vn -0.3039 0.9273 0.2186
vn -0.2475 0.8429 0.4778
vn -0.2475 0.8428 0.4779
vn -0.1035 0.7224 0.6837
vn -0.0828 0.7106 0.6987
vn -0.0576 0.7386 0.6717
vn -0.1572 0.8548 0.4946
vn -0.2463 0.7928 0.5575
vn -0.3551 0.8634 0.3584
vn -0.1987 0.9366 0.2885
vn -0.3928 0.9112 0.1239
vn -0.1804 0.9808 0.0737
vn -0.3524 0.9285 -0.1172
vn -0.1052 0.9858 -0.1307
vn -0.2379 0.9120 -0.3341
vn 0.0195 0.9520 -0.3055
vn -0.0640 0.8638 -0.4998
vn 0.1828 0.8816 -0.4352
vn 0.1470 0.7909 -0.5940
vn 0.3705 0.7786 -0.5064
vn 0.3678 0.7042 -0.6073
vn 0.5652 0.6489 -0.5095
vn 0.5713 0.6163 -0.5421
vn 0.7387 0.5058 -0.4455
vn 0.7426 0.5318 -0.4071
vn 0.8629 0.4539 -0.2221
vn 0.8736 0.3706 -0.3154
vn 0.9586 0.2557 -0.1254
vn 0.9178 0.3970 -0.0109
vn 0.9791 0.1760 0.1024
vn 0.9070 0.3668 0.2069
vn 0.9296 0.1421 0.3400
vn 0.8343 0.3663 0.4120
vn 0.8152 0.1586 0.5570
vn 0.7071 0.3956 0.5860
vn 0.6502 0.2235 0.7262
vn 0.5362 0.4520 0.7129
vn 0.4564 0.3282 0.8270
vn 0.3352 0.5301 0.7788
vn 0.2594 0.4593 0.8496
vn 0.1199 0.6216 0.7741
vn 0.0846 0.6002 0.7953
vn 0.7574 0.4902 -0.4313
vn 0.7575 0.4902 -0.4313
vn 0.9014 0.3697 -0.2255
vn 0.9579 0.2852 0.0339
vn 0.9578 0.2853 0.0339
vn 0.9183 0.2497 0.3073
vn 0.7886 0.2684 0.5532
vn 0.7886 0.2683 0.5532
vn 0.5887 0.3385 0.7340
vn 0.3490 0.4494 0.8223
vn 0.3490 0.4494 0.8224
vn 0.1058 0.5842 0.8047
vn 0.6031 -0.1626 -0.7809
vn 0.8047 -0.3313 -0.4926
vn 0.8838 -0.4496 -0.1293
vn 0.8284 -0.4995 0.2537
vn 0.8284 -0.4994 0.2537
vn 0.6468 -0.4733 0.5980
vn 0.3668 -0.3750 0.8514
vn 0.0309 -0.2197 0.9751
vn -0.3096 -0.0309 0.9504
vn -0.5479 -0.6283 0.5523
vn -0.3048 -0.7632 0.5698
vn -0.3048 -0.7630 0.5700
vn -0.0650 -0.8740 0.4816
vn 0.1349 -0.9441 0.3008
vn 0.1349 -0.9441 0.3007
vn 0.2645 -0.9628 0.0549
vn 0.3041 -0.9272 -0.2185
vn 0.2476 -0.8428 -0.4779
vn 0.1037 -0.7223 -0.6837
vn 0.1036 -0.7223 -0.6837
vn -0.4669 -0.8658 -0.1802
vn -0.4668 -0.8658 -0.1802
vn -0.4668 -0.8658 -0.1803
vn -0.1058 -0.5842 -0.8047
vn -0.3490 -0.4494 -0.8223
vn -0.3490 -0.4494 -0.8224
vn -0.5887 -0.3385 -0.7340
vn -0.5888 -0.3385 -0.7340
vn -0.7887 -0.2684 -0.5532
vn -0.9183 -0.2496 -0.3073
vn -0.9183 -0.2497 -0.3073
vn -0.9579 -0.2852 -0.0339
vn -0.9578 -0.2853 -0.0339
vn -0.9014 -0.3697 0.2255
vn -0.7574 -0.4901 0.4313
vn -0.7574 -0.4902 0.4314
vn -0.6031 0.1626 0.7809
vn -0.8047 0.3313 0.4927
vn -0.8047 0.3313 0.4926
vn -0.8838 0.4496 0.1293
vn -0.8284 0.4995 -0.2537
vn -0.6468 0.4733 -0.5980
vn -0.3668 0.3750 -0.8514
vn -0.0309 0.2197 -0.9751
vn 0.3097 0.0309 -0.9503
vn 0.3096 0.0309 -0.9503
vn -0.1037 0.7224 0.6837
vn -0.1037 0.7223 0.6837
vn -0.2476 0.8427 0.4780
vn -0.2476 0.8428 0.4779
vn -0.3041 0.9272 0.2186
vn -0.3041 0.9272 0.2185
vn -0.2645 0.9628 -0.0550
vn -0.2645 0.9628 -0.0549
vn -0.1349 0.9441 -0.3008
vn -0.1349 0.9441 -0.3007
vn 0.0650 0.8740 -0.4816
vn 0.3048 0.7630 -0.5700
vn 0.3048 0.7631 -0.5700
vn 0.5479 0.6283 -0.5523
vn -0.6030 0.1626 0.7810
vn -0.8284 0.4995 -0.2536
vn -0.6468 0.4732 -0.5980
vn 0.3096 0.0309 -0.9504
vn 0.8047 -0.3313 -0.4927
vn -0.3097 -0.0309 0.9503
vn -0.5888 0.1522 0.7938
vn -0.7790 0.3061 0.5473
vn -0.8752 0.4230 0.2347
vn -0.8658 0.4889 -0.1062
vn -0.8658 0.4889 -0.1061
vn -0.7521 0.4959 -0.4342
vn -0.5476 0.4430 -0.7099
vn -0.2770 0.3367 -0.8999
vn 0.0269 0.1898 -0.9815
vn 0.3276 0.0200 -0.9446
vn 0.5888 -0.1522 -0.7938
vn 0.7790 -0.3061 -0.5473
vn 0.7790 -0.3061 -0.5472
vn 0.8752 -0.4230 -0.2347
vn 0.8658 -0.4889 0.1061
vn 0.8658 -0.4890 0.1062
vn 0.7520 -0.4959 0.4342
vn 0.5475 -0.4430 0.7099
vn 0.5476 -0.4430 0.7099
vn 0.2770 -0.3367 0.8999
vn -0.0269 -0.1898 0.9815
vn -0.0269 -0.1898 0.9814
vn -0.3276 -0.0200 0.9446
vn 0.7584 0.3165 -0.5697
vn 0.7426 0.2956 -0.6010
vn 0.9289 0.1978 -0.3131
vn 0.9068 0.1333 -0.3999
vn 0.9932 0.1160 -0.0054
vn 0.9915 0.0075 -0.1297
vn 0.9467 0.0835 0.3112
vn 0.9826 -0.0656 0.1737
vn 0.8796 -0.0766 0.4695
vn 0.7975 0.1051 0.5941
vn 0.6957 -0.0242 0.7179
vn 0.5660 0.1777 0.8050
vn 0.4561 0.0848 0.8859
vn 0.2819 0.2911 0.9142
vn 0.1940 0.2361 0.9522
vn -0.0183 0.4285 0.9033
vn -0.0541 0.4105 0.9102
vn -0.2839 0.5563 0.7810
vn -0.2811 0.5603 0.7791
vn -0.2812 0.5645 0.7760
vn -0.2779 0.5640 0.7776
vn -0.2750 0.5721 0.7727
vn -0.2780 0.5682 0.7745
vn -0.4383 0.7093 0.5520
vn -0.4528 0.6891 0.5657
vn -0.5116 0.8146 0.2731
vn -0.5432 0.7870 0.2925
vn -0.4890 0.8719 -0.0262
vn -0.5410 0.8410 -0.0080
vn -0.3738 0.8749 -0.3079
vn -0.4460 0.8435 -0.2993
vn -0.1809 0.8245 -0.5362
vn -0.2695 0.7933 -0.5460
vn 0.0648 0.7279 -0.6826
vn -0.0328 0.6954 -0.7178
vn 0.4224 0.5251 -0.7388
vn 0.2372 0.5619 -0.7925
vn 0.2381 0.5626 -0.7917
vn 0.2353 0.5611 -0.7936
vn 0.2365 0.5611 -0.7932
vn 0.5658 0.4181 -0.7107
vn 0.4970 0.3917 -0.7743
vn 0.4668 0.8658 0.1802
vn 0.4668 0.8658 0.1805
vn 0.8549 -0.3897 -0.3425
vn 0.8549 -0.3897 -0.3424
vn 0.8747 -0.4820 0.0499
vn 0.7521 -0.4959 0.4342
vn 0.5068 -0.4290 0.7477
vn 0.1791 -0.2922 0.9394
vn 0.4653 -0.0671 -0.8826
vn -0.8549 0.3897 0.3424
vn -0.8747 0.4820 -0.0499
vn -0.8747 0.4820 -0.0500
vn -0.7520 0.4959 -0.4342
vn -0.5069 0.4290 -0.7477
vn -0.1791 0.2922 -0.9394
vn -0.1791 0.2921 -0.9395
vn -0.4653 0.0671 0.8826
vn -0.6749 0.2171 0.7052
vn -0.8819 0.4407 0.1675
vn -0.8819 0.4406 0.1675
vn -0.3349 0.3617 -0.8701
vn -0.3349 0.3618 -0.8700
vn 0.2101 0.0894 -0.9736
vn 0.6749 -0.2171 -0.7053
vn 0.6749 -0.2171 -0.7052
vn 0.8819 -0.4407 -0.1675
vn 0.3349 -0.3617 0.8700
vn 0.3349 -0.3617 0.8701
vn -0.2101 -0.0894 0.9736
vn -0.5076 -0.6472 0.5688
vn -0.4913 -0.7157 0.4964
vn -0.1373 -0.7816 0.6085
vn -0.1656 -0.9067 0.3880
vn 0.2108 -0.8852 0.4146
vn 0.0748 -0.9906 0.1148
vn 0.4048 -0.9132 0.0468
vn 0.1682 -0.9548 -0.2450
vn 0.3731 -0.8552 -0.3597
vn 0.0844 -0.7988 -0.5956
vn 0.1389 -0.7404 -0.6576
vn 0.6441 -0.1932 -0.7402
vn 0.8608 -0.3981 -0.3171
vn 0.6441 -0.1932 -0.7401
vn 0.8468 -0.4964 0.1910
vn 0.8469 -0.4964 0.1910
vn 0.6060 -0.4616 0.6478
vn 0.2028 -0.3032 0.9311
vn 0.6060 -0.4616 0.6479
vn -0.2548 -0.0635 0.9649
vn -0.6441 0.1932 0.7402
vn -0.8608 0.3981 0.3171
vn -0.6441 0.1932 0.7401
vn -0.8468 0.4964 -0.1910
vn -0.6060 0.4616 -0.6478
vn -0.2028 0.3032 -0.9311
vn 0.2548 0.0635 -0.9649
vn -0.1411 -0.5559 -0.8192
vn -0.2179 -0.5995 -0.7702
vn -0.4519 -0.3112 -0.8360
vn -0.5742 -0.4653 -0.6736
vn -0.7648 -0.1421 -0.6284
vn -0.8236 -0.3981 -0.4039
vn -0.9587 -0.1141 -0.2607
vn -0.9079 -0.4172 -0.0406
vn -0.9623 -0.2376 0.1322
vn -0.7936 -0.5164 0.3218
vn -0.7876 -0.4626 0.4071
vn -0.1390 0.7405 0.6576
vn -0.0844 0.7988 0.5956
vn -0.3731 0.8552 0.3597
vn -0.1681 0.9548 0.2450
vn -0.4047 0.9132 -0.0468
vn -0.0749 0.9906 -0.1147
vn -0.2109 0.8852 -0.4146
vn 0.1656 0.9067 -0.3880
vn 0.1373 0.7816 -0.6085
vn 0.4912 0.7158 -0.4964
vn 0.5076 0.6472 -0.5688
vn 0.7876 0.4626 -0.4071
vn 0.7936 0.5164 -0.3218
vn 0.9623 0.2376 -0.1322
vn 0.9079 0.4172 0.0406
vn 0.9587 0.1141 0.2607
vn 0.8236 0.3981 0.4039
vn 0.7648 0.1420 0.6285
vn 0.5742 0.4653 0.6737
vn 0.4519 0.3113 0.8360
vn 0.2179 0.5995 0.7701
vn 0.1410 0.5558 0.8193
vn 0.7176 0.6964 -0.0024
vn 0.6475 0.7551 -0.1027
vn 0.9847 -0.1232 0.1231
vn 0.9847 -0.1231 0.1231
vn 0.7452 0.6553 0.1239
vn 0.7176 0.6964 -0.0025
vn 0.7258 0.6379 0.2573
vn 0.7451 0.6553 0.1240
vn 0.6627 0.6470 0.3770
vn 0.7259 0.6379 0.2572
vn 0.6627 0.6471 0.3771
vn 0.5653 0.6812 0.4651
vn 0.6627 0.6471 0.3770
vn 0.6627 0.6470 0.3771
vn 0.4484 0.7353 0.5082
vn 0.5653 0.6812 0.4652
vn 0.3299 0.8010 0.4996
vn 0.3299 0.8009 0.4996
vn 0.9981 0.0623 -0.0000
vn 0.9981 0.0624 -0.0000
vn 0.4484 0.7353 0.5083
vn 0.1579 0.9270 0.3401
vn 0.2278 0.8683 0.4407
vn -0.0000 -1.0000 -0.0000
vn 0.0001 -1.0000 -0.0000
vn 0.1302 0.9681 0.2142
vn 0.1577 0.9270 0.3404
vn 0.1301 0.9682 0.2138
vn 0.1577 0.9269 0.3405
vn 0.1577 0.9270 0.3403
vn 0.1494 0.9855 0.0809
vn 0.1302 0.9681 0.2140
vn 0.1302 0.9681 0.2141
vn 0.2126 0.9763 -0.0391
vn 0.1495 0.9855 0.0807
vn 0.1495 0.9855 0.0808
vn 0.1494 0.9855 0.0807
vn 0.2126 0.9764 -0.0391
vn 0.3100 0.9422 -0.1272
vn 0.2126 0.9764 -0.0390
vn 0.4272 0.8880 -0.1701
vn 0.4269 0.8881 -0.1702
vn 0.3100 0.9422 -0.1273
vn 0.3101 0.9422 -0.1272
vn 0.4266 0.8883 -0.1703
vn 0.5454 0.8224 -0.1617
vn 0.5454 0.8224 -0.1616
vn -1.0000 -0.0078 -0.0000
vn -1.0000 -0.0077 -0.0000
vn 0.4269 0.8881 -0.1703
vn 0.8819 -0.4406 -0.1675
vn -0.5454 -0.8224 0.1617
vn -0.5454 -0.8225 0.1616
vn -0.4269 -0.8881 0.1702
vn -0.3100 -0.9422 0.1272
vn -0.4269 -0.8881 0.1703
vn -0.4269 -0.8882 0.1702
vn -0.2126 -0.9763 0.0391
vn -0.3100 -0.9422 0.1274
vn -0.2126 -0.9764 0.0391
vn -0.1494 -0.9855 -0.0806
vn -0.2126 -0.9764 0.0390
vn -0.1302 -0.9681 -0.2139
vn -0.1495 -0.9855 -0.0807
vn -0.1494 -0.9855 -0.0807
vn -0.1302 -0.9681 -0.2140
vn -0.1577 -0.9270 -0.3403
vn -0.2278 -0.8683 -0.4407
vn -0.2279 -0.8683 -0.4407
vn -0.1577 -0.9270 -0.3404
vn -0.0000 -1.0000 -0.0001
vn -0.0001 -1.0000 -0.0000
vn -0.3299 -0.8010 -0.4996
vn -0.4484 -0.7353 -0.5082
vn -0.3299 -0.8009 -0.4996
vn -0.5653 -0.6812 -0.4652
vn -0.4484 -0.7353 -0.5083
vn -0.6627 -0.6471 -0.3770
vn -0.7259 -0.6379 -0.2573
vn -0.6627 -0.6470 -0.3771
vn -0.6627 -0.6470 -0.3770
vn -0.7258 -0.6380 -0.2572
vn -0.7451 -0.6553 -0.1240
vn -0.7259 -0.6379 -0.2572
vn -0.7258 -0.6379 -0.2573
vn -0.7176 -0.6964 0.0024
vn -0.7452 -0.6553 -0.1240
vn -0.6475 -0.7551 0.1027
vn -1.0000 -0.0000 -0.0001
vn -1.0000 -0.0001 -0.0000
vn -1.0000 -0.0000 -0.0000
vn -0.3349 0.3617 -0.8700
vn 0.6377 0.7626 -0.1086
vn 0.6107 0.7906 -0.0446
vn 0.7110 0.7016 -0.0478
vn 0.7118 0.6986 0.0724
vn 0.6705 0.7310 0.1264
vn 0.9212 0.3668 0.1302
vn 0.6724 0.7145 0.1932
vn 0.7200 0.6394 0.2696
vn 0.6697 0.6466 0.3653
vn 0.5846 0.7272 0.3598
vn 0.6516 0.4056 0.6410
vn 0.5295 0.7514 0.3937
vn 0.5068 0.7282 0.4614
vn 0.4077 0.7453 0.5276
vn 0.3590 0.8269 0.4330
vn 0.3198 0.8085 0.4940
vn -0.5563 -0.8162 0.1561
vn -0.5387 -0.8381 0.0861
vn -0.4612 -0.8662 0.1920
vn -0.3804 -0.9172 0.1189
vn -0.3749 -0.9260 0.0445
vn -0.0678 -0.9295 0.3627
vn -0.3186 -0.9478 0.0110
vn -0.2063 -0.9781 0.0269
vn -0.1559 -0.9854 -0.0686
vn -0.2307 -0.9605 -0.1555
vn 0.2020 -0.9682 -0.1477
vn -0.2340 -0.9463 -0.2229
vn -0.1754 -0.9467 -0.2701
vn -0.1579 -0.9100 -0.3833
vn -0.2870 -0.8744 -0.3913
vn -0.2383 -0.8620 -0.4473
vn -0.3197 -0.8084 -0.4943
vn -0.3590 -0.8269 -0.4329
vn -0.4077 -0.7453 -0.5275
vn -0.5067 -0.7282 -0.4615
vn -0.5295 -0.7514 -0.3938
vn -0.6522 -0.4055 -0.6405
vn -0.5846 -0.7272 -0.3597
vn -0.6697 -0.6467 -0.3651
vn -0.7201 -0.6393 -0.2697
vn -0.6724 -0.7145 -0.1932
vn -0.9212 -0.3666 -0.1301
vn -0.6705 -0.7311 -0.1262
vn -0.7118 -0.6987 -0.0725
vn -0.7110 -0.7015 0.0479
vn -0.6108 -0.7906 0.0447
vn -0.6376 -0.7626 0.1090
vn 0.2384 0.8621 0.4472
vn 0.2870 0.8744 0.3913
vn 0.1579 0.9100 0.3833
vn 0.1753 0.9467 0.2701
vn 0.2338 0.9464 0.2230
vn -0.2024 0.9681 0.1478
vn 0.2311 0.9604 0.1555
vn 0.1560 0.9854 0.0686
vn 0.2063 0.9781 -0.0269
vn 0.3185 0.9478 -0.0111
vn 0.0674 0.9295 -0.3626
vn 0.3749 0.9260 -0.0444
vn 0.3804 0.9172 -0.1188
vn 0.4612 0.8662 -0.1921
vn 0.5387 0.8380 -0.0863
vn 0.5563 0.8162 -0.1560
vn 0.5772 -0.1439 -0.8038
vn 0.7560 -0.2849 -0.5893
vn 0.8813 -0.4723 -0.0138
vn 0.8156 -0.5003 0.2908
vn 0.6700 -0.4793 0.5669
vn 0.4588 -0.4114 0.7876
vn -0.3419 -0.0113 0.9397
vn -0.0732 -0.1653 0.9835
vn -0.5772 0.1439 0.8038
vn -0.7560 0.2849 0.5893
vn -0.8813 0.4723 0.0138
vn -0.8156 0.5003 -0.2908
vn -0.6700 0.4793 -0.5669
vn -0.4588 0.4114 -0.7876
vn 0.3419 0.0113 -0.9397
vn 0.0732 0.1653 -0.9835
vn -0.3096 -0.0309 0.9503
s 0
usemtl mat3.001
f 5156//7825 5157//7825 5158//7825
f 5159//7825 5160//7825 5156//7825
f 5156//7826 5160//7826 5157//7826
f 5157//7825 5161//7825 5158//7825
f 5161//7827 5162//7827 5158//7827
f 5163//7826 5164//7826 5159//7826
f 5159//7828 5164//7828 5160//7828
f 5161//7827 5165//7827 5162//7827
f 5165//7827 5166//7827 5162//7827
f 5163//7829 5167//7829 5164//7829
f 5167//7830 5168//7830 5164//7830
f 5165//7831 5169//7831 5166//7831
f 5169//7832 5170//7832 5166//7832
f 5167//7833 5171//7833 5168//7833
f 5171//7834 5172//7834 5168//7834
f 5169//7831 5173//7831 5170//7831
f 5173//7831 5174//7831 5170//7831
f 5171//7835 5175//7835 5172//7835
f 5175//7835 5176//7835 5172//7835
f 5173//7836 5177//7836 5174//7836
f 5177//7837 5178//7837 5174//7837
f 5175//7838 5179//7838 5176//7838
f 5179//7838 5180//7838 5176//7838
f 5177//7839 5181//7839 5178//7839
f 5181//7840 5182//7840 5178//7840
f 5179//7841 5183//7841 5180//7841
f 5183//7842 5184//7842 5180//7842
f 5185//7843 5186//7843 5181//7843
f 5181//7844 5186//7844 5182//7844
f 5184//7844 5187//7844 5188//7844
f 5183//7845 5187//7845 5184//7845
f 5187//7846 5189//7846 5188//7846
f 5188//7846 5189//7846 5185//7846
f 5185//7847 5189//7847 5186//7847
f 5181//7848 5177//7848 5190//7848
f 5190//7849 5177//7849 5191//7849
f 5191//7850 5173//7850 5192//7850
f 5177//7850 5173//7850 5191//7850
f 5192//7851 5169//7851 5193//7851
f 5173//7852 5169//7852 5192//7852
f 5193//7853 5165//7853 5194//7853
f 5169//7854 5165//7854 5193//7854
f 5194//7855 5161//7855 5195//7855
f 5165//7855 5161//7855 5194//7855
f 5195//7856 5157//7856 5196//7856
f 5161//7856 5157//7856 5195//7856
f 5196//7857 5160//7857 5197//7857
f 5157//7857 5160//7857 5196//7857
f 5197//7858 5164//7858 5198//7858
f 5160//7859 5164//7859 5197//7859
f 5164//7860 5168//7860 5198//7860
f 5198//7861 5168//7861 5199//7861
f 5168//7862 5200//7862 5199//7862
f 5168//7863 5172//7863 5200//7863
f 5200//7864 5176//7864 5201//7864
f 5172//7865 5176//7865 5200//7865
f 5176//7866 5202//7866 5201//7866
f 5176//7866 5180//7866 5202//7866
f 5202//7867 5184//7867 5203//7867
f 5180//7868 5184//7868 5202//7868
f 5203//7869 5188//7869 5204//7869
f 5184//7870 5188//7870 5203//7870
f 5204//7871 5185//7871 5205//7871
f 5188//7872 5185//7872 5204//7872
f 5205//7873 5181//7873 5190//7873
f 5185//7873 5181//7873 5205//7873
f 5217//7874 5216//7874 5163//7874
f 5217//7875 5163//7875 5159//7875
f 5218//7876 5159//7876 5156//7876
f 5218//7877 5217//7877 5159//7877
f 5219//7878 5218//7878 5156//7878
f 5158//7879 5219//7879 5156//7879
f 5220//7880 5219//7880 5158//7880
f 5162//7881 5220//7881 5158//7881
f 5221//7882 5220//7882 5162//7882
f 5166//7883 5221//7883 5162//7883
f 5222//7884 5221//7884 5166//7884
f 5170//7885 5222//7885 5166//7885
f 5223//7886 5222//7886 5170//7886
f 5174//7887 5223//7887 5170//7887
f 5224//7888 5223//7888 5174//7888
f 5178//7889 5224//7889 5174//7889
f 5225//7890 5224//7890 5178//7890
f 5182//7891 5225//7891 5178//7891
f 5206//7892 5225//7892 5182//7892
f 5207//7893 5206//7893 5182//7893
f 5207//7894 5182//7894 5186//7894
f 5208//7895 5186//7895 5189//7895
f 5208//7896 5207//7896 5186//7896
f 5209//7897 5208//7897 5189//7897
f 5187//7898 5209//7898 5189//7898
f 5210//7899 5209//7899 5187//7899
f 5183//7900 5210//7900 5187//7900
f 5211//7901 5210//7901 5183//7901
f 5179//7902 5211//7902 5183//7902
f 5212//7903 5211//7903 5179//7903
f 5175//7904 5212//7904 5179//7904
f 5213//7905 5212//7905 5175//7905
f 5171//7906 5213//7906 5175//7906
f 5214//7907 5213//7907 5171//7907
f 5167//7908 5214//7908 5171//7908
f 5215//7909 5214//7909 5167//7909
f 5163//7910 5215//7910 5167//7910
f 5216//7911 5215//7911 5163//7911
f 5226//7912 5227//7912 5228//7912
f 5226//7913 5228//7913 5229//7913
f 5230//7914 5229//7914 5231//7914
f 5230//7914 5226//7914 5229//7914
f 5232//7915 5231//7915 5233//7915
f 5232//7916 5230//7916 5231//7916
f 5234//7917 5233//7917 5235//7917
f 5234//7917 5232//7917 5233//7917
f 5236//7918 5235//7918 5237//7918
f 5236//7919 5234//7919 5235//7919
f 5238//7920 5237//7920 5239//7920
f 5238//7920 5236//7920 5237//7920
f 5240//7921 5239//7921 5241//7921
f 5240//7922 5238//7922 5239//7922
f 5242//7923 5241//7923 5243//7923
f 5242//7923 5240//7923 5241//7923
f 5244//7924 5245//7924 5227//7924
f 5244//7924 5227//7924 5226//7924
f 5246//7925 5226//7925 5230//7925
f 5246//7925 5244//7925 5226//7925
f 5247//7926 5230//7926 5232//7926
f 5247//7927 5232//7927 5234//7927
f 5247//7926 5246//7926 5230//7926
f 5248//7928 5247//7928 5234//7928
f 5249//7929 5234//7929 5236//7929
f 5249//7929 5248//7929 5234//7929
f 5250//7930 5236//7930 5238//7930
f 5250//7930 5249//7930 5236//7930
f 5251//7931 5238//7931 5240//7931
f 5251//7932 5240//7932 5242//7932
f 5251//7931 5250//7931 5238//7931
f 5252//7932 5251//7932 5242//7932
f 5251//7933 5252//7933 5253//7933
f 5251//7933 5253//7933 5254//7933
f 5250//7934 5254//7934 5255//7934
f 5250//7935 5251//7935 5254//7935
f 5249//7936 5255//7936 5256//7936
f 5249//7936 5250//7936 5255//7936
f 5248//7937 5256//7937 5257//7937
f 5248//7938 5249//7938 5256//7938
f 5258//7939 5248//7939 5257//7939
f 5247//7939 5248//7939 5258//7939
f 5259//7940 5247//7940 5258//7940
f 5246//7940 5247//7940 5259//7940
f 5244//7941 5259//7941 5260//7941
f 5244//7941 5246//7941 5259//7941
f 5245//7942 5260//7942 5261//7942
f 5245//7943 5244//7943 5260//7943
f 5262//7944 5263//7944 5264//7944
f 5262//7945 5264//7945 5265//7945
f 5262//7946 5265//7946 5266//7946
f 5262//7946 5266//7946 5267//7946
f 5268//7945 5267//7945 5261//7945
f 5268//7945 5262//7945 5267//7945
f 5258//7944 5260//7944 5259//7944
f 5254//7945 5253//7945 5268//7945
f 5254//7946 5268//7946 5261//7946
f 5255//7945 5261//7945 5260//7945
f 5255//7946 5258//7946 5257//7946
f 5255//7945 5257//7945 5256//7945
f 5255//7946 5260//7946 5258//7946
f 5255//7946 5254//7946 5261//7946
f 5269//7947 5245//7947 5261//7947
f 5269//7947 5261//7947 5267//7947
f 5270//7948 5267//7948 5266//7948
f 5270//7949 5269//7949 5267//7949
f 5265//7950 5270//7950 5266//7950
f 5271//7951 5270//7951 5265//7951
f 5272//7952 5265//7952 5264//7952
f 5272//7952 5271//7952 5265//7952
f 5273//7953 5264//7953 5263//7953
f 5273//7954 5272//7954 5264//7954
f 5274//7955 5263//7955 5262//7955
f 5274//7956 5273//7956 5263//7956
f 5275//7957 5262//7957 5268//7957
f 5275//7957 5274//7957 5262//7957
f 5252//7958 5268//7958 5253//7958
f 5252//7959 5275//7959 5268//7959
f 5275//7960 5252//7960 5242//7960
f 5275//7960 5242//7960 5276//7960
f 5274//7961 5276//7961 5277//7961
f 5274//7962 5275//7962 5276//7962
f 5273//7963 5277//7963 5278//7963
f 5273//7963 5274//7963 5277//7963
f 5272//7964 5278//7964 5279//7964
f 5272//7965 5279//7965 5280//7965
f 5272//7964 5273//7964 5278//7964
f 5271//7965 5272//7965 5280//7965
f 5270//7966 5280//7966 5281//7966
f 5270//7966 5271//7966 5280//7966
f 5269//7967 5281//7967 5282//7967
f 5269//7967 5270//7967 5281//7967
f 5245//7968 5282//7968 5227//7968
f 5245//7969 5269//7969 5282//7969
f 5276//7970 5242//7970 5243//7970
f 5276//7971 5243//7971 5283//7971
f 5277//7972 5283//7972 5284//7972
f 5277//7973 5276//7973 5283//7973
f 5278//7974 5284//7974 5285//7974
f 5278//7975 5277//7975 5284//7975
f 5286//7976 5278//7976 5285//7976
f 5279//7977 5278//7977 5286//7977
f 5280//7978 5286//7978 5287//7978
f 5280//7979 5279//7979 5286//7979
f 5281//7980 5287//7980 5288//7980
f 5281//7980 5280//7980 5287//7980
f 5289//7981 5281//7981 5288//7981
f 5282//7982 5281//7982 5289//7982
f 5228//7983 5282//7983 5289//7983
f 5227//7983 5282//7983 5228//7983
f 5283//7960 5243//7960 5290//7960
f 5283//7984 5290//7984 5291//7984
f 5284//7961 5291//7961 5292//7961
f 5284//7962 5283//7962 5291//7962
f 5285//7964 5293//7964 5294//7964
f 5285//7963 5292//7963 5293//7963
f 5285//7963 5284//7963 5292//7963
f 5286//7985 5285//7985 5294//7985
f 5287//7986 5294//7986 5295//7986
f 5287//7965 5286//7965 5294//7965
f 5288//7966 5295//7966 5296//7966
f 5288//7966 5287//7966 5295//7966
f 5289//7967 5296//7967 5297//7967
f 5289//7967 5288//7967 5296//7967
f 5228//7987 5297//7987 5298//7987
f 5228//7968 5289//7968 5297//7968
f 5229//7924 5228//7924 5298//7924
f 5229//7924 5298//7924 5299//7924
f 5231//7925 5299//7925 5300//7925
f 5231//7988 5229//7988 5299//7988
f 5233//7926 5300//7926 5301//7926
f 5233//7926 5231//7926 5300//7926
f 5235//7927 5301//7927 5302//7927
f 5235//7928 5233//7928 5301//7928
f 5237//7930 5303//7930 5304//7930
f 5237//7929 5302//7929 5303//7929
f 5237//7929 5235//7929 5302//7929
f 5239//7931 5304//7931 5305//7931
f 5239//7930 5237//7930 5304//7930
f 5241//7931 5239//7931 5305//7931
f 5243//7989 5305//7989 5290//7989
f 5243//7932 5241//7932 5305//7932
f 5296//7945 5306//7945 5307//7945
f 5295//7946 5308//7946 5306//7946
f 5295//7945 5306//7945 5296//7945
f 5297//7946 5307//7946 5309//7946
f 5297//7945 5296//7945 5307//7945
f 5294//7946 5308//7946 5295//7946
f 5298//7946 5309//7946 5310//7946
f 5298//7945 5297//7945 5309//7945
f 5311//7946 5308//7946 5294//7946
f 5312//7946 5298//7946 5310//7946
f 5293//7945 5311//7945 5294//7945
f 5299//7945 5298//7945 5312//7945
f 5313//7946 5311//7946 5293//7946
f 5314//7945 5299//7945 5312//7945
f 5292//7945 5313//7945 5293//7945
f 5300//7946 5299//7946 5314//7946
f 5315//7946 5313//7946 5292//7946
f 5316//7946 5300//7946 5314//7946
f 5291//7946 5315//7946 5292//7946
f 5301//7945 5300//7945 5316//7945
f 5317//7945 5315//7945 5291//7945
f 5318//7945 5301//7945 5316//7945
f 5290//7945 5317//7945 5291//7945
f 5302//7946 5301//7946 5318//7946
f 5319//7946 5317//7946 5290//7946
f 5320//7945 5303//7945 5302//7945
f 5320//7946 5302//7946 5318//7946
f 5321//7946 5290//7946 5305//7946
f 5321//7946 5319//7946 5290//7946
f 5322//7945 5304//7945 5303//7945
f 5322//7946 5303//7946 5320//7946
f 5323//7945 5305//7945 5304//7945
f 5323//7945 5321//7945 5305//7945
f 5323//7946 5304//7946 5322//7946
f 5317//7990 5319//7990 5324//7990
f 5317//7990 5324//7990 5325//7990
f 5317//7991 5325//7991 5326//7991
f 5315//7991 5317//7991 5326//7991
f 5313//7992 5326//7992 5327//7992
f 5313//7992 5315//7992 5326//7992
f 5311//7993 5327//7993 5328//7993
f 5311//7994 5313//7994 5327//7994
f 5308//7995 5328//7995 5329//7995
f 5308//7995 5311//7995 5328//7995
f 5306//7996 5329//7996 5330//7996
f 5306//7996 5308//7996 5329//7996
f 5307//7997 5330//7997 5331//7997
f 5307//7997 5306//7997 5330//7997
f 5309//7998 5331//7998 5332//7998
f 5309//7998 5307//7998 5331//7998
f 5310//7999 5332//7999 5333//7999
f 5310//7999 5309//7999 5332//7999
f 5312//8000 5310//8000 5333//8000
f 5312//8000 5333//8000 5334//8000
f 5312//8001 5334//8001 5335//8001
f 5314//8002 5312//8002 5335//8002
f 5316//8003 5335//8003 5336//8003
f 5316//8004 5336//8004 5337//8004
f 5316//8003 5314//8003 5335//8003
f 5318//8005 5316//8005 5337//8005
f 5320//8006 5337//8006 5338//8006
f 5320//8006 5318//8006 5337//8006
f 5322//8007 5338//8007 5339//8007
f 5322//8008 5320//8008 5338//8008
f 5323//8009 5339//8009 5340//8009
f 5323//8009 5322//8009 5339//8009
f 5321//8010 5340//8010 5341//8010
f 5321//8011 5323//8011 5340//8011
f 5319//8012 5341//8012 5324//8012
f 5319//8012 5321//8012 5341//8012
f 5334//8013 5342//8013 5343//8013
f 5334//8014 5333//8014 5342//8014
f 5335//8015 5343//8015 5344//8015
f 5335//8016 5334//8016 5343//8016
f 5336//8017 5344//8017 5345//8017
f 5336//8018 5335//8018 5344//8018
f 5337//8019 5345//8019 5346//8019
f 5337//8020 5336//8020 5345//8020
f 5338//8021 5337//8021 5346//8021
f 5347//8022 5338//8022 5346//8022
f 5339//8023 5338//8023 5347//8023
f 5348//8024 5339//8024 5347//8024
f 5340//8025 5339//8025 5348//8025
f 5349//8026 5340//8026 5348//8026
f 5341//8027 5340//8027 5349//8027
f 5350//8028 5341//8028 5349//8028
f 5324//8029 5341//8029 5350//8029
f 5325//8030 5324//8031 5350//8032
f 5325//8033 5350//8034 5351//8035
f 5326//8036 5351//8036 5352//8036
f 5326//8037 5325//8037 5351//8037
f 5327//8038 5352//8038 5353//8038
f 5327//8039 5326//8039 5352//8039
f 5328//8040 5353//8040 5354//8040
f 5328//8041 5327//8041 5353//8041
f 5329//8042 5354//8042 5355//8042
f 5329//8043 5328//8043 5354//8043
f 5330//8044 5355//8044 5356//8044
f 5330//8045 5329//8045 5355//8045
f 5331//8046 5356//8046 5357//8046
f 5331//8047 5330//8047 5356//8047
f 5332//8048 5358//8048 5359//8048
f 5332//8049 5357//8050 5358//8049
f 5332//8051 5331//8051 5357//8052
f 5333//8053 5359//8053 5342//8053
f 5333//8054 5332//8054 5359//8054
f 5360//7840 5345//7840 5344//7840
f 5361//8055 5344//8055 5343//8055
f 5361//7840 5360//7840 5344//7840
f 5342//8055 5361//8055 5343//8055
f 5362//8055 5346//8055 5345//8055
f 5362//8055 5345//8055 5360//8055
f 5363//7840 5346//7840 5362//7840
f 5347//8055 5346//8055 5363//8055
f 5364//8055 5342//8055 5359//8055
f 5364//7840 5359//7840 5358//7840
f 5364//7840 5361//7840 5342//7840
f 5357//8055 5364//8055 5358//8055
f 5365//7840 5347//7840 5363//7840
f 5348//8056 5347//8056 5365//8056
f 5366//8055 5364//8055 5357//8055
f 5367//7840 5348//7840 5365//7840
f 5356//8055 5366//8055 5357//8055
f 5349//7840 5348//7840 5367//7840
f 5368//8055 5366//8055 5356//8055
f 5355//7840 5368//7840 5356//7840
f 5350//7840 5349//7840 5367//7840
f 5369//7840 5350//7840 5367//7840
f 5354//7840 5370//7840 5368//7840
f 5354//7840 5368//7840 5355//7840
f 5351//7840 5350//7840 5369//7840
f 5353//8055 5371//8055 5370//8055
f 5353//7840 5370//7840 5354//7840
f 5352//7840 5369//7840 5371//7840
f 5352//8055 5351//8055 5369//8055
f 5352//8055 5371//8055 5353//8055
f 5360//8057 5372//8057 5373//8057
f 5360//8058 5361//8058 5372//8058
f 5362//8059 5373//8059 5374//8059
f 5362//8059 5360//8059 5373//8059
f 5363//8060 5374//8060 5375//8060
f 5363//8006 5362//8006 5374//8006
f 5365//8061 5375//8061 5376//8061
f 5365//8061 5363//8061 5375//8061
f 5367//8062 5376//8062 5377//8062
f 5367//8062 5365//8062 5376//8062
f 5361//8063 5364//8063 5372//8063
f 5372//8063 5364//8063 5378//8063
f 5371//8064 5369//8064 5379//8064
f 5371//8064 5379//8064 5380//8064
f 5370//8065 5380//8065 5381//8065
f 5370//8066 5371//8066 5380//8066
f 5368//8067 5381//8067 5382//8067
f 5368//7995 5370//7995 5381//7995
f 5366//8068 5382//8068 5383//8068
f 5366//8068 5368//8068 5382//8068
f 5364//8069 5383//8069 5378//8069
f 5364//8070 5366//8070 5383//8070
f 5384//7840 5373//7840 5372//7840
f 5385//8055 5374//8055 5373//8055
f 5385//8055 5373//8055 5384//8055
f 5386//7840 5384//7840 5372//7840
f 5387//7840 5375//7840 5374//7840
f 5387//7840 5374//7840 5385//7840
f 5378//8055 5386//8055 5372//8055
f 5376//8055 5375//8055 5387//8055
f 5388//7840 5386//7840 5378//7840
f 5389//8055 5376//8055 5387//8055
f 5383//7840 5388//7840 5378//7840
f 5377//7840 5376//7840 5389//7840
f 5390//8055 5388//8055 5383//8055
f 5391//7840 5377//7840 5389//7840
f 5382//8055 5390//8055 5383//8055
f 5381//8055 5392//8055 5390//8055
f 5381//7840 5390//7840 5382//7840
f 5379//7840 5391//7840 5393//7840
f 5379//8055 5377//8055 5391//8055
f 5380//8055 5393//8055 5392//8055
f 5380//7840 5392//7840 5381//7840
f 5380//8055 5379//8055 5393//8055
f 5369//8071 5367//8071 5379//8071
f 5379//8071 5367//8071 5377//8071
f 5393//8072 5391//8072 5394//8072
f 5393//8072 5394//8072 5395//8072
f 5392//8073 5395//8073 5396//8073
f 5392//8074 5393//8074 5395//8074
f 5390//7995 5396//7995 5397//7995
f 5390//8067 5392//8067 5396//8067
f 5388//8075 5397//8075 5398//8075
f 5388//8076 5390//8076 5397//8076
f 5386//8077 5398//8077 5399//8077
f 5386//8077 5388//8077 5398//8077
f 5384//8078 5386//8078 5399//8078
f 5384//8079 5399//8079 5400//8079
f 5385//8080 5400//8080 5401//8080
f 5385//8080 5384//8080 5400//8080
f 5387//8006 5401//8006 5402//8006
f 5387//8006 5385//8006 5401//8006
f 5389//8081 5402//8081 5403//8081
f 5389//8082 5387//8082 5402//8082
f 5391//8083 5403//8083 5394//8083
f 5391//8083 5389//8083 5403//8083
f 5404//8084 5405//8084 5394//8084
f 5404//8085 5394//8085 5403//8085
f 5406//8086 5404//8086 5403//8086
f 5402//8087 5406//8087 5403//8087
f 5407//8088 5406//8088 5402//8088
f 5401//8089 5407//8089 5402//8089
f 5408//8090 5407//8090 5401//8090
f 5400//8091 5408//8091 5401//8091
f 5409//8092 5408//8092 5400//8092
f 5399//8093 5409//8093 5400//8093
f 5410//8094 5409//8094 5399//8094
f 5410//8095 5411//8095 5412//8095
f 5409//8096 5412//8096 5413//8096
f 5409//8097 5410//8097 5412//8097
f 5408//8098 5413//8098 5414//8098
f 5408//8096 5409//8096 5413//8096
f 5407//8099 5408//8099 5414//8099
f 5406//8100 5414//8100 5415//8100
f 5406//8101 5415//8101 5416//8101
f 5406//8102 5407//8102 5414//8102
f 5404//8101 5406//8101 5416//8101
f 5405//8103 5416//8103 5417//8103
f 5405//8103 5404//8103 5416//8103
f 5405//8104 5417//8104 5418//8104
f 5419//8105 5418//8105 5420//8105
f 5419//8106 5405//8106 5418//8106
f 5421//8107 5420//8107 5422//8107
f 5421//8105 5419//8105 5420//8105
f 5423//8107 5421//8107 5422//8107
f 5424//8108 5422//8108 5425//8108
f 5424//8109 5425//8109 5426//8109
f 5424//8108 5423//8108 5422//8108
f 5427//8110 5426//8110 5411//8110
f 5427//8109 5424//8109 5426//8109
f 5410//8110 5427//8110 5411//8110
f 5427//8111 5410//8111 5399//8111
f 5427//8112 5399//8112 5398//8112
f 5424//8113 5427//8113 5398//8113
f 5397//8114 5424//8114 5398//8114
f 5423//8115 5424//8115 5397//8115
f 5396//8116 5423//8116 5397//8116
f 5421//8117 5423//8117 5396//8117
f 5395//8118 5421//8118 5396//8118
f 5419//8119 5421//8119 5395//8119
f 5394//8120 5419//8120 5395//8120
f 5405//8121 5419//8121 5394//8121
f 5418//8122 5417//8122 5428//8122
f 5418//8123 5428//8123 5429//8123
f 5420//8124 5418//8124 5429//8124
f 5430//8125 5420//8125 5429//8125
f 5422//8126 5420//8126 5430//8126
f 5431//8127 5422//8127 5430//8127
f 5425//8128 5422//8128 5431//8128
f 5432//8129 5425//8129 5431//8129
f 5426//8130 5425//8130 5432//8130
f 5433//8131 5426//8131 5432//8131
f 5411//8132 5426//8132 5433//8132
f 5412//8133 5411//8133 5433//8133
f 5412//8134 5433//8134 5434//8134
f 5413//8135 5412//8135 5434//8135
f 5435//8136 5413//8136 5434//8136
f 5414//8137 5413//8137 5435//8137
f 5436//8138 5414//8138 5435//8138
f 5415//8139 5414//8139 5436//8139
f 5437//8140 5415//8140 5436//8140
f 5416//8141 5415//8141 5437//8141
f 5428//8142 5416//8142 5437//8142
f 5417//8143 5416//8143 5428//8143
f 5436//7840 5435//7840 5434//7840
f 5437//8055 5436//8055 5434//8055
f 5428//7840 5434//7840 5433//7840
f 5428//7840 5437//7840 5434//7840
f 5429//8055 5433//8055 5432//8055
f 5429//8055 5432//8055 5431//8055
f 5429//8055 5431//8055 5430//8055
f 5429//7840 5428//7840 5433//7840
f 5438//7946 5439//7946 5440//7946
f 5441//7946 5442//7946 5443//7946
f 5441//7945 5440//7945 5442//7945
f 5441//7946 5438//7946 5440//7946
f 5444//7945 5445//7945 5439//7945
f 5444//7946 5439//7946 5438//7946
f 5446//7946 5445//7946 5444//7946
f 5447//7945 5443//7945 5448//7945
f 5447//7946 5441//7946 5443//7946
f 5449//7946 5446//7946 5444//7946
f 5450//7946 5446//7946 5449//7946
f 5451//7945 5447//7945 5448//7945
f 5452//7945 5447//7945 5451//7945
f 5453//7946 5450//7946 5449//7946
f 5454//7946 5450//7946 5453//7946
f 5455//7945 5452//7945 5451//7945
f 5456//7945 5452//7945 5455//7945
f 5457//7945 5453//7945 5458//7945
f 5457//7946 5454//7946 5453//7946
f 5459//7946 5456//7946 5455//7946
f 5460//7946 5461//7946 5456//7946
f 5460//7945 5456//7945 5459//7945
f 5462//7945 5457//7945 5458//7945
f 5463//7945 5458//7945 5461//7945
f 5463//7945 5461//7945 5460//7945
f 5463//7946 5462//7946 5458//7946
f 5464//8144 5465//8144 5466//8144
f 5467//8145 5445//8145 5466//8145
f 5467//8144 5440//8144 5439//8144
f 5467//8145 5439//8145 5445//8145
f 5467//8146 5466//8147 5465//8147
f 5468//8148 5464//8148 5466//8148
f 5469//8149 5465//8149 5464//8149
f 5469//8144 5440//8144 5467//8144
f 5469//8144 5467//8144 5465//8144
f 5470//8150 5468//8150 5466//8150
f 5471//8151 5442//8151 5440//8151
f 5471//8151 5440//8151 5469//8151
f 5471//8151 5464//8151 5468//8151
f 5471//8151 5469//8151 5464//8151
f 5472//8152 5470//8152 5466//8152
f 5473//8153 5443//8153 5442//8153
f 5473//8153 5442//8153 5471//8153
f 5473//8150 5468//8150 5470//8150
f 5473//8150 5471//8150 5468//8150
f 5473//8154 5470//8154 5472//8154
f 5474//8155 5472//8155 5466//8155
f 5475//8156 5448//8156 5443//8156
f 5475//8157 5443//8157 5473//8157
f 5475//8156 5473//8156 5472//8156
f 5476//8158 5474//8158 5466//8158
f 5477//8158 5455//8158 5451//8158
f 5477//8159 5451//8159 5448//8159
f 5477//8159 5448//8159 5475//8159
f 5477//8159 5472//8159 5474//8159
f 5477//8159 5475//8159 5472//8159
f 5478//8160 5466//8160 5459//8160
f 5478//8161 5459//8161 5455//8161
f 5478//8162 5476//8163 5466//8162
f 5478//8164 5455//8164 5477//8164
f 5478//8164 5474//8164 5476//8164
f 5478//8158 5477//8158 5474//8158
f 5479//8165 5480//8165 5466//8165
f 5481//8166 5459//8166 5466//8166
f 5481//8166 5460//8166 5459//8166
f 5481//8167 5466//8168 5480//8168
f 5482//8169 5479//8169 5466//8169
f 5483//8170 5463//8170 5460//8170
f 5483//8171 5479//8171 5482//8171
f 5483//8170 5460//8170 5481//8170
f 5483//8172 5480//8172 5479//8172
f 5483//8173 5481//8173 5480//8173
f 5484//8174 5482//8174 5466//8174
f 5485//8175 5462//8175 5463//8175
f 5485//8175 5463//8175 5483//8175
f 5485//8176 5483//8176 5482//8176
f 5486//8177 5484//8177 5466//8177
f 5487//8178 5457//8178 5462//8178
f 5487//8179 5462//8179 5485//8179
f 5487//8180 5482//8180 5484//8180
f 5487//8178 5485//8178 5482//8178
f 5487//8181 5484//8181 5486//8181
f 5488//8182 5486//8182 5466//8182
f 5489//8183 5454//8183 5457//8183
f 5489//8181 5457//8181 5487//8181
f 5489//8183 5487//8183 5486//8183
f 5490//8184 5488//8184 5466//8184
f 5491//8185 5446//8185 5450//8185
f 5491//8182 5450//8182 5454//8182
f 5491//8186 5454//8186 5489//8186
f 5491//8182 5486//8182 5488//8182
f 5491//8187 5489//8187 5486//8187
f 5491//8188 5488//8188 5490//8188
f 5492//8189 5466//8189 5445//8189
f 5492//8190 5445//8190 5446//8190
f 5492//8191 5490//8191 5466//8192
f 5492//8193 5491//8193 5490//8193
f 5492//8185 5446//8185 5491//8185
f 5493//8079 5494//8079 5444//8079
f 5493//8079 5444//8079 5438//8079
f 5495//8194 5438//8194 5441//8194
f 5495//8194 5493//8194 5438//8194
f 5496//8006 5441//8006 5447//8006
f 5496//8082 5447//8082 5452//8082
f 5496//8006 5495//8006 5441//8006
f 5497//8081 5496//8081 5452//8081
f 5498//8083 5452//8083 5456//8083
f 5498//8083 5497//8083 5452//8083
f 5499//8055 5493//8055 5500//8055
f 5500//7840 5495//7840 5501//7840
f 5501//7840 5495//7840 5502//7840
f 5493//8055 5495//8055 5500//8055
f 5503//7840 5494//7840 5499//7840
f 5499//8055 5494//8055 5493//8055
f 5503//7840 5504//7840 5494//7840
f 5502//7840 5496//7840 5505//7840
f 5495//8055 5496//8055 5502//8055
f 5504//8055 5506//8055 5494//8055
f 5504//7840 5507//7840 5506//7840
f 5496//8055 5508//8055 5505//8055
f 5496//7840 5497//7840 5508//7840
f 5507//8055 5509//8055 5506//8055
f 5507//7840 5510//7840 5509//7840
f 5497//8055 5511//8055 5508//8055
f 5497//8055 5498//8055 5511//8055
f 5509//8055 5512//8055 5513//8055
f 5510//7840 5512//7840 5509//7840
f 5498//7840 5514//7840 5511//7840
f 5512//7840 5515//7840 5513//7840
f 5516//8055 5517//8055 5498//8055
f 5498//8055 5517//8055 5514//8055
f 5513//8055 5518//8055 5516//8055
f 5516//7840 5518//7840 5517//7840
f 5515//7840 5518//7840 5513//7840
f 5519//8195 5514//8195 5520//8195
f 5519//8196 5511//8196 5514//8196
f 5519//8197 5520//8197 5521//8197
f 5522//8198 5521//8198 5520//8198
f 5523//8198 5505//8198 5508//8198
f 5523//8199 5508//8199 5511//8199
f 5523//8200 5511//8200 5519//8200
f 5523//8199 5519//8199 5521//8199
f 5524//8201 5522//8201 5520//8201
f 5525//8198 5521//8198 5522//8198
f 5525//8202 5505//8202 5523//8202
f 5525//8198 5523//8198 5521//8198
f 5525//8203 5522//8203 5524//8203
f 5526//8204 5524//8204 5520//8204
f 5527//8201 5502//8201 5505//8201
f 5527//8205 5505//8205 5525//8205
f 5527//8205 5525//8205 5524//8205
f 5528//8206 5526//8206 5520//8206
f 5529//8207 5501//8207 5502//8207
f 5529//8207 5502//8207 5527//8207
f 5529//8207 5524//8207 5526//8207
f 5529//8208 5527//8208 5524//8208
f 5529//8209 5526//8209 5528//8209
f 5530//8210 5528//8210 5520//8210
f 5531//8209 5500//8209 5501//8209
f 5531//8209 5501//8209 5529//8209
f 5531//8206 5529//8206 5528//8206
f 5532//8211 5520//8211 5503//8211
f 5532//8212 5503//8212 5499//8212
f 5532//8213 5499//8213 5500//8213
f 5532//8214 5530//8214 5520//8215
f 5532//8213 5500//8213 5531//8213
f 5532//8210 5528//8210 5530//8210
f 5532//8213 5531//8213 5528//8213
f 5533//8216 5503//8216 5520//8216
f 5534//8217 5533//8217 5520//8217
f 5535//8218 5504//8218 5503//8218
f 5535//8216 5503//8216 5533//8216
f 5536//8219 5534//8219 5520//8219
f 5537//8217 5507//8217 5504//8217
f 5537//8219 5534//8219 5536//8219
f 5537//8217 5535//8217 5533//8217
f 5537//8220 5533//8220 5534//8220
f 5537//8220 5504//8220 5535//8220
f 5538//8221 5536//8221 5520//8221
f 5539//8219 5510//8219 5507//8219
f 5539//8219 5507//8219 5537//8219
f 5539//8219 5537//8219 5536//8219
f 5540//8222 5538//8222 5520//8222
f 5541//8223 5512//8223 5510//8223
f 5541//8221 5510//8221 5539//8221
f 5541//8224 5536//8224 5538//8224
f 5541//8223 5539//8223 5536//8223
f 5541//8225 5538//8225 5540//8225
f 5542//8226 5540//8226 5520//8226
f 5543//8227 5515//8227 5512//8227
f 5543//8227 5512//8227 5541//8227
f 5543//8228 5541//8228 5540//8228
f 5543//8226 5540//8226 5542//8226
f 5544//8229 5542//8229 5520//8229
f 5545//8229 5517//8229 5518//8229
f 5545//8226 5518//8226 5515//8226
f 5545//8230 5515//8230 5543//8230
f 5545//8226 5543//8226 5542//8226
f 5546//8231 5520//8231 5514//8231
f 5546//8231 5514//8231 5517//8231
f 5546//8232 5544//8233 5520//8234
f 5546//8229 5517//8229 5545//8229
f 5546//8229 5542//8229 5544//8229
f 5546//8229 5545//8229 5542//8229
f 5516//8072 5498//8072 5456//8072
f 5516//8072 5456//8072 5461//8072
f 5513//8074 5461//8074 5458//8074
f 5513//8074 5516//8074 5461//8074
f 5509//7995 5458//7995 5453//7995
f 5509//8075 5453//8075 5449//8075
f 5509//8067 5513//8067 5458//8067
f 5506//8235 5509//8235 5449//8235
f 5494//8077 5449//8077 5444//8077
f 5494//8077 5506//8077 5449//8077
f 5547//8236 5548//8236 5549//8236
f 5550//8237 5547//8237 5549//8237
f 5551//8238 5547//8238 5550//8238
f 5552//8239 5551//8239 5550//8239
f 5553//8240 5552//8240 5550//8240
f 5554//8241 5552//8241 5553//8241
f 5555//8242 5554//8242 5553//8242
f 5556//8243 5554//8243 5555//8243
f 5557//8244 5556//8244 5555//8244
f 5558//8245 5557//8245 5555//8245
f 5559//8246 5557//8246 5558//8246
f 5560//8247 5559//8247 5558//8247
f 5561//8248 5559//8248 5560//8248
f 5562//8249 5561//8249 5560//8249
f 5563//8250 5562//8250 5560//8250
f 5564//8251 5562//8251 5563//8251
f 5565//7998 5558//7998 5566//7998
f 5567//7998 5560//7998 5565//7998
f 5565//7998 5560//7998 5558//7998
f 5567//7998 5563//7998 5560//7998
f 5568//8252 5569//8252 5567//8252
f 5565//8253 5568//8253 5567//8253
f 5570//8254 5568//8254 5565//8254
f 5571//8255 5570//8255 5565//8255
f 5566//8256 5571//8256 5565//8256
f 5572//8257 5571//8257 5566//8257
f 5573//8258 5572//8258 5566//8258
f 5574//8259 5572//8259 5573//8259
f 5575//8260 5574//8260 5573//8260
f 5576//8261 5575//8261 5573//8261
f 5577//8262 5575//8262 5576//8262
f 5578//8263 5577//8263 5576//8263
f 5579//8264 5577//8264 5578//8264
f 5580//8265 5579//8265 5578//8265
f 5581//8266 5580//8266 5578//8266
f 5582//8267 5580//8267 5581//8267
f 5583//8268 5582//8268 5581//8268
f 5584//8269 5583//8269 5581//8269
f 5585//8270 5583//8270 5584//8270
f 5586//8271 5585//8271 5584//8271
f 5587//8272 5586//8272 5584//8272
f 5588//8273 5586//8273 5587//8273
f 5589//8274 5588//8274 5587//8274
f 5590//8275 5588//8275 5589//8275
f 5591//8276 5590//8276 5589//8276
f 5592//8277 5591//8277 5589//8277
f 5593//8278 5591//8278 5592//8278
f 5594//8279 5593//8279 5592//8279
f 5595//8280 5593//8280 5594//8280
f 5596//8281 5595//8281 5594//8281
f 5567//8282 5596//8282 5594//8282
f 5569//8283 5596//8283 5567//8283
f 5594//8001 5563//8001 5567//8001
f 5592//8001 5597//8001 5594//8001
f 5594//8001 5597//8001 5563//8001
f 5592//8001 5598//8001 5597//8001
f 5599//8284 5564//8284 5563//8284
f 5597//8285 5599//8285 5563//8285
f 5600//8286 5599//8286 5597//8286
f 5601//8287 5600//8287 5597//8287
f 5598//8288 5601//8288 5597//8288
f 5602//8289 5601//8289 5598//8289
f 5603//8290 5602//8290 5598//8290
f 5604//8291 5602//8291 5603//8291
f 5605//8292 5604//8292 5603//8292
f 5606//8293 5605//8293 5603//8293
f 5607//8294 5605//8294 5606//8294
f 5608//8295 5607//8295 5606//8295
f 5609//8296 5607//8296 5608//8296
f 5610//8297 5609//8297 5608//8297
f 5549//8298 5610//8298 5608//8298
f 5548//8299 5610//8299 5549//8299
f 5608//8010 5581//8010 5549//8010
f 5606//8010 5584//8010 5608//8010
f 5608//8010 5584//8010 5581//8010
f 5606//8010 5587//8010 5584//8010
f 5603//8006 5587//8006 5606//8006
f 5598//8006 5589//8006 5603//8006
f 5603//8006 5589//8006 5587//8006
f 5598//8006 5592//8006 5589//8006
f 5550//7991 5576//7991 5553//7991
f 5549//7991 5578//7991 5550//7991
f 5550//7991 5578//7991 5576//7991
f 5549//7991 5581//7991 5578//7991
f 5573//8067 5553//8067 5576//8067
f 5566//8067 5555//8067 5573//8067
f 5573//8067 5555//8067 5553//8067
f 5566//8067 5558//8067 5555//8067
f 5678//7960 5694//7960 5693//7960
f 5693//7962 5696//7962 5692//7962
f 5692//7963 5697//7963 5691//7963
f 5691//7985 5698//7985 5690//7985
f 5690//7965 5699//7965 5689//7965
f 5689//7966 5700//7966 5688//7966
f 5688//7967 5701//7967 5687//7967
f 5687//7987 5702//7987 5686//7987
f 5686//7924 5703//7924 5685//7924
f 5685//7925 5704//7925 5684//7925
f 5684//7926 5705//7926 5683//7926
f 5683//7927 5706//7927 5682//7927
f 5682//7929 5707//7929 5681//7929
f 5681//7930 5707//7930 5680//7930
f 5680//7931 5709//7931 5679//7931
f 5679//7932 5695//7932 5678//7932
f 5711//8300 5730//8300 5731//8300
f 5728//8301 5731//8301 5732//8301
f 5727//8302 5733//8302 5734//8302
f 5727//8096 5732//8096 5733//8096
f 5725//8303 5734//8303 5735//8303
f 5724//8304 5735//8304 5736//8304
f 5723//8305 5736//8305 5737//8305
f 5722//8101 5737//8101 5738//8101
f 5721//8306 5739//8306 5740//8306
f 5721//8307 5738//8307 5739//8307
f 5720//8308 5740//8308 5741//8308
f 5718//8309 5741//8309 5742//8309
f 5717//8310 5743//8310 5744//8310
f 5717//8105 5742//8105 5743//8105
f 5715//8311 5744//8311 5745//8311
f 5714//8312 5745//8312 5746//8312
f 5713//8313 5746//8313 5747//8313
f 5712//8109 5747//8109 5748//8109
f 5710//8314 5749//8314 5730//8314
f 5710//8315 5748//8315 5749//8315
f 5833//7960 5832//7960 5817//7960
f 5832//7962 5834//7962 5831//7962
f 5834//7963 5835//7963 5830//7963
f 5835//7964 5836//7964 5829//7964
f 5836//7965 5837//7965 5828//7965
f 5837//7966 5838//7966 5827//7966
f 5838//7967 5839//7967 5826//7967
f 5839//7987 5840//7987 5825//7987
f 5840//7924 5841//7924 5824//7924
f 5841//7925 5842//7925 5823//7925
f 5842//7926 5843//7926 5822//7926
f 5843//7927 5844//7927 5821//7927
f 5844//7929 5845//7929 5820//7929
f 5845//7930 5846//7930 5819//7930
f 5846//7931 5847//7931 5819//7931
f 5847//8316 5833//8316 5818//8316
f 5867//8300 5849//8300 5869//8300
f 5866//8301 5867//8301 5869//8301
f 5865//8096 5866//8096 5870//8096
f 5864//8302 5865//8302 5871//8302
f 5863//8303 5864//8303 5871//8303
f 5862//8304 5863//8304 5872//8304
f 5861//8305 5862//8305 5873//8305
f 5860//8101 5861//8101 5874//8101
f 5859//8307 5860//8307 5875//8307
f 5858//8306 5859//8306 5876//8306
f 5857//8308 5858//8308 5877//8308
f 5856//8309 5857//8309 5877//8309
f 5855//8105 5856//8105 5878//8105
f 5854//8310 5855//8310 5879//8310
f 5853//8311 5854//8311 5879//8311
f 5852//8312 5853//8312 5880//8312
f 5851//8313 5852//8313 5881//8313
f 5850//8109 5851//8109 5882//8109
f 5848//8315 5850//8315 5883//8315
f 5849//8314 5848//8314 5868//8314
l 5622 5630
l 5622 5631
l 5614 5638
l 5614 5639
l 5643 5663
l 5643 5662
l 5659 5665
l 5659 5664
l 5651 5671
l 5623 5629
l 5623 5630
l 5615 5637
l 5615 5638
l 5660 5664
l 5660 5663
l 5652 5670
l 5652 5671
l 5644 5677
l 5644 5676
l 5624 5628
l 5624 5629
l 5616 5636
l 5616 5637
l 5661 5663
l 5653 5670
l 5653 5669
l 5645 5676
l 5645 5675
l 5625 5626
l 5625 5628
l 5617 5635
l 5617 5636
l 5654 5669
l 5654 5668
l 5646 5675
l 5646 5674
l 5611 5626
l 5611 5627
l 5618 5634
l 5618 5635
l 5655 5668
l 5655 5667
l 5647 5674
l 5647 5673
l 5619 5633
l 5619 5634
l 5612 5641
l 5612 5627
l 5656 5667
l 5656 5666
l 5648 5673
l 5620 5632
l 5620 5633
l 5613 5639
l 5613 5640
l 5613 5641
l 5657 5666
l 5657 5665
l 5649 5673
l 5649 5672
l 5621 5631
l 5621 5632
l 5658 5665
l 5650 5672
l 5650 5671
l 5642 5662
l 5642 5677
l 5719 5741
l 5729 5731
l 5716 5744
l 5680 5708
l 5726 5734
l 5761 5769
l 5761 5770
l 5753 5777
l 5753 5778
l 5782 5802
l 5782 5801
l 5798 5804
l 5798 5803
l 5790 5810
l 5762 5768
l 5762 5769
l 5754 5776
l 5754 5777
l 5799 5803
l 5799 5802
l 5791 5809
l 5791 5810
l 5783 5816
l 5783 5815
l 5763 5767
l 5763 5768
l 5755 5775
l 5755 5776
l 5800 5802
l 5792 5809
l 5792 5808
l 5784 5815
l 5784 5814
l 5764 5765
l 5764 5767
l 5756 5774
l 5756 5775
l 5793 5808
l 5793 5807
l 5785 5814
l 5785 5813
l 5750 5765
l 5750 5766
l 5757 5773
l 5757 5774
l 5794 5807
l 5794 5806
l 5786 5813
l 5786 5812
l 5758 5772
l 5758 5773
l 5751 5780
l 5751 5766
l 5795 5806
l 5795 5805
l 5787 5812
l 5759 5771
l 5759 5772
l 5752 5778
l 5752 5779
l 5752 5780
l 5796 5805
l 5796 5804
l 5788 5812
l 5788 5811
l 5760 5770
l 5760 5771
l 5797 5804
l 5789 5811
l 5789 5810
l 5781 5801
l 5781 5816
