# Blender 4.2.16 LTS
# www.blender.org
mtllib leg_3.mtl
o leg4
v -13.787476 11.786140 61.859184
v -13.692138 11.802364 61.852760
v -13.788884 11.806971 61.859333
v -13.685485 11.793056 61.855247
v -13.695109 11.811094 61.854580
v -13.695427 11.821806 61.865162
v -13.788884 11.817306 61.877472
v -13.694903 11.822639 61.880196
v -13.787476 11.806810 61.895466
v -13.693811 11.813160 61.891853
v -15.948609 35.871548 48.174114
v -15.947204 35.861053 48.192108
v -15.960195 36.063610 48.211273
v -15.960195 35.927197 47.971813
v -15.948609 35.861214 48.155975
v -15.945798 35.840221 48.191963
v -15.947204 35.840382 48.155827
v -15.945798 35.829887 48.173820
v -13.774486 11.719997 62.079483
v -13.786072 11.785980 61.895317
v -13.786072 11.775646 61.877178
v -13.774486 11.583580 61.840023
v -15.968522 35.922497 47.964882
v -13.778650 11.579718 61.833900
v -15.964358 35.923336 47.965691
v -15.961310 35.925053 47.968231
v -13.782813 11.578881 61.833088
v -13.775601 11.581438 61.836437
v -15.991418 36.719009 49.366642
v -15.952844 36.638165 49.218658
v -16.120935 36.645924 49.258766
v -15.814490 36.675995 49.263256
v -15.814490 36.754539 49.401131
v -16.010149 36.565586 49.100288
v -16.168343 36.554863 49.106396
v -15.676139 36.656921 49.207970
v -15.952844 36.500778 48.977497
v -16.167227 36.226299 48.529476
v -16.160017 36.224720 48.525574
v -16.164179 36.224995 48.526703
v -16.168343 36.228291 48.533146
v -16.101736 36.243622 48.549561
v -16.104782 36.241901 48.547020
v -16.105898 36.239758 48.543434
v -16.097572 36.244457 48.550369
v -16.114223 36.227825 48.523804
v -16.105898 36.232525 48.530735
v -16.110060 36.228661 48.524612
v -16.107014 36.230381 48.527153
v -15.814490 36.481705 48.922211
v -15.968522 36.253204 48.545383
v -15.964358 36.252930 48.544254
v -16.164179 36.110207 48.325207
v -16.168343 36.106342 48.319084
v -16.167227 36.108486 48.322670
v -16.160017 36.111042 48.326023
v -16.110060 36.113873 48.323116
v -16.107014 36.112568 48.320343
v -16.114223 36.114143 48.324253
v -16.105898 36.110573 48.316673
v -16.105898 36.103340 48.303978
v -16.104782 36.101353 48.300308
v -16.168343 36.042271 48.206612
v -16.164179 36.038971 48.200169
v -16.167227 36.040276 48.202942
v -16.160017 36.038700 48.199036
v -15.862365 36.197838 48.431469
v -15.865413 36.196117 48.428928
v -15.960195 36.249638 48.537811
v -15.866529 36.193977 48.425346
v -15.858203 36.198673 48.432285
v -15.961310 36.251625 48.541481
v -16.104782 36.055878 48.220486
v -16.101736 36.057598 48.223022
v -16.101736 36.100044 48.297527
v -16.105898 36.053734 48.216904
v -16.097572 36.058434 48.223835
v -16.097572 36.099770 48.296398
v -16.105898 36.046501 48.204201
v -16.114223 36.041801 48.197269
v -16.107014 36.044361 48.200615
v -16.110060 36.042641 48.198078
v -15.676139 36.519539 48.966816
v -15.484687 36.386196 48.702583
v -15.618831 36.592113 49.085178
v -15.353714 36.457386 48.806900
v -15.960195 36.113216 48.298351
v -15.585374 36.304459 48.574974
v -15.198670 36.514645 48.882973
v -15.968522 36.067181 48.218849
v -15.968522 36.108521 48.291412
v -15.964358 36.066910 48.217716
v -15.964358 36.109356 48.292229
v -15.961310 36.111076 48.294765
v -15.961310 36.065605 48.214943
v -15.650996 36.216049 48.430122
v -15.659699 36.212132 48.424618
v -16.167227 35.922462 47.996140
v -16.160017 35.925018 47.999485
v -16.168343 35.920319 47.992550
v -16.164179 35.924183 47.998676
v -15.026917 36.555252 48.927185
v -16.110060 35.927849 47.996586
v -16.107014 35.926544 47.993809
v -16.114223 35.928123 47.997719
v -16.105898 35.924553 47.990139
v -16.105898 35.917320 47.977440
v -16.104782 35.915325 47.973770
v -16.101736 35.914021 47.970993
v -14.846601 36.577286 48.937439
v -15.866529 35.995552 48.077042
v -15.865413 35.993561 48.073372
v -15.862365 35.992256 48.070599
v -15.858203 35.991982 48.069466
v -15.659728 36.005436 48.061798
v -15.650754 36.002464 48.055164
v -13.878712 36.885757 49.326374
v -16.168343 35.593746 47.419300
v -15.567836 35.908485 47.877129
v -14.017064 36.769382 49.143902
v -14.666229 36.579693 48.913242
v -15.952844 35.677048 47.531555
v -16.097572 35.913750 47.969860
v -14.074371 36.696808 49.025536
v -14.494424 36.562355 48.855732
v -13.878712 36.807213 49.188503
v -15.814490 35.714878 47.576160
v -16.010149 35.604473 47.413193
v -14.339346 36.526093 48.767632
v -13.701786 36.874210 49.278229
v -16.120935 35.509117 47.263268
v -14.017064 36.632000 48.902744
v -13.740360 36.788139 49.133217
v -15.676139 35.695805 47.520870
v -15.435342 35.831684 47.721439
v -15.952844 35.539665 47.290401
v -14.208361 36.472626 48.653133
v -13.572267 36.818687 49.160347
v -15.991418 35.453590 47.145393
v -13.878712 36.612926 48.847454
v -13.683052 36.723331 49.010426
v -15.814490 35.520588 47.235111
v -15.261934 35.777489 47.598969
v -15.618831 35.630997 47.398079
v -13.524859 36.734055 49.004314
v -13.740360 36.650757 48.892059
v -15.676139 35.558422 47.279713
v -15.814490 35.442047 47.097240
v -14.107690 36.404495 48.517677
v -13.728846 36.404472 48.457924
v -13.731893 36.402752 48.455383
v -13.724682 36.405308 48.458736
v -13.733008 36.400608 48.451801
v -13.835001 36.335823 48.354149
v -14.042103 36.324940 48.367691
v -14.033475 36.322369 48.361816
v -15.054749 35.746086 47.511200
v -15.054749 35.647530 47.338200
v -15.061109 35.749928 47.518944
v -13.830837 36.335548 48.353016
v -15.053635 35.645542 47.334526
v -15.050587 35.644234 47.331757
v -13.827790 36.334240 48.350243
v -15.046424 35.643963 47.330624
v -13.826674 36.332253 48.346573
v -13.595631 36.414055 48.453754
v -13.591467 36.413784 48.452621
v -13.587304 36.410484 48.446175
v -13.578978 36.399681 48.425896
v -13.587304 36.403252 48.433475
v -13.586189 36.401260 48.429806
v -13.583141 36.399952 48.427032
v -13.533186 36.402786 48.424129
v -13.524859 36.407482 48.431065
v -13.588419 36.412476 48.449848
v -13.529023 36.403622 48.424942
v -13.525975 36.405338 48.427483
v -13.733008 36.264191 48.212341
v -14.632093 35.779007 47.502373
v -14.469222 35.820999 47.550419
v -14.638453 35.774300 47.495110
v -14.033504 36.115673 47.999001
v -14.104608 36.026669 47.853977
v -14.042208 36.111755 47.993492
v -13.728846 36.260895 48.205898
v -13.731893 36.216728 48.128853
v -13.731893 36.262199 48.208672
v -13.728846 36.218449 48.131390
v -13.733008 36.214584 48.125263
v -13.724682 36.260624 48.204765
v -13.724682 36.219284 48.132202
v -13.583141 36.285164 48.225536
v -13.587304 36.281303 48.219414
v -13.586189 36.283447 48.223000
v -13.578978 36.286003 48.226349
v -13.587304 36.274071 48.206718
v -13.595631 36.269371 48.199780
v -13.835001 36.129128 47.991337
v -14.638453 35.675751 47.322128
v -14.646778 35.671051 47.315189
v -13.533186 36.289104 48.224579
v -13.529023 36.288834 48.223446
v -13.525975 36.287525 48.220673
v -13.524859 36.285534 48.217003
v -13.588419 36.271927 48.203129
v -13.591467 36.270206 48.200592
v -13.595631 36.228031 48.127216
v -13.591467 36.227760 48.126087
v -13.588419 36.226456 48.123314
v -13.587304 36.224461 48.119637
v -13.578978 36.213657 48.099361
v -13.587304 36.217228 48.106941
v -13.586189 36.215237 48.103271
v -13.583141 36.213928 48.100498
v -13.533186 36.216763 48.097591
v -13.524859 36.221462 48.104530
v -13.525975 36.219318 48.100945
v -13.529023 36.217598 48.098408
v -13.733008 36.078171 47.885811
v -13.826674 36.133827 47.998268
v -13.830837 36.129963 47.992146
v -13.827790 36.131683 47.994686
v -13.731893 36.076180 47.882133
v -13.728846 36.074871 47.879360
v -13.583141 36.099140 47.899002
v -13.587304 36.095280 47.892879
v -13.586189 36.097420 47.896461
v -13.578978 36.099976 47.899811
v -13.587304 36.088043 47.880180
v -13.533186 36.103081 47.898048
v -13.529023 36.102810 47.896912
v -13.524859 36.099514 47.890469
v -13.525975 36.101505 47.894138
v -13.588419 36.085903 47.876595
v -13.591467 36.084183 47.874054
v -14.199563 35.947609 47.730156
v -14.017064 35.808270 47.456806
v -14.322905 35.878033 47.627468
v -14.074371 35.735691 47.338436
v -14.639568 35.673607 47.318539
v -13.724682 36.074600 47.878231
v -13.878712 35.846100 47.501404
v -14.017064 35.670883 47.215645
v -14.642615 35.671886 47.315998
v -13.740360 35.827023 47.446117
v -13.595631 36.083347 47.873245
v -13.524859 35.772938 47.317219
v -13.683052 35.762218 47.323326
v -13.878712 35.573265 47.022488
v -13.878712 35.651810 47.160358
v -13.572267 35.681885 47.164848
v -13.740360 35.689640 47.204956
v -13.701786 35.608799 47.056973
v -11.340266 11.757888 61.762348
v -11.339151 11.755896 61.758678
v -11.343315 11.759193 61.765121
v -11.347478 11.759465 61.766251
v -13.767136 12.294548 63.086868
v -13.805708 12.375391 63.234856
v -13.935227 12.302305 63.126976
v -13.628782 12.332379 63.131466
v -13.628782 12.410922 63.269337
v -13.824442 12.221971 62.968502
v -13.982635 12.211247 62.974606
v -13.490431 12.313305 63.076180
v -13.767136 12.157164 62.845711
v -13.974309 11.881105 62.393776
v -13.982635 11.884675 62.401356
v -13.981520 11.882684 62.397686
v -13.978473 11.881378 62.394913
v -13.916028 11.900004 62.417770
v -13.919075 11.898285 62.415230
v -13.920190 11.896142 62.411644
v -13.911865 11.900841 62.418579
v -13.928516 11.884210 62.392010
v -13.920190 11.888907 62.398945
v -13.924353 11.885045 62.392822
v -13.921307 11.886765 62.395363
v -13.782813 11.909589 62.413593
v -13.628782 12.138089 62.790421
v -13.778650 11.909317 62.412464
v -13.982635 11.762727 62.187294
v -13.978473 11.766589 62.193417
v -13.981520 11.764869 62.190880
v -13.974309 11.767426 62.194229
v -13.920190 11.766960 62.184883
v -13.921307 11.768952 62.188553
v -13.924353 11.770258 62.191326
v -13.928516 11.770530 62.192463
v -13.920190 11.759726 62.172188
v -13.919075 11.757733 62.168510
v -13.982635 11.698653 62.074821
v -13.974309 11.695084 62.067245
v -13.981520 11.696661 62.071152
v -13.978473 11.695354 62.068378
v -13.676657 11.854221 62.299679
v -13.774486 11.906019 62.406017
v -13.679705 11.852504 62.297138
v -13.672493 11.855059 62.300488
v -13.775601 11.908010 62.409691
v -13.680820 11.850360 62.293556
v -13.919075 11.712262 62.088696
v -13.916028 11.713983 62.091232
v -13.916028 11.756428 62.165741
v -13.911865 11.714819 62.092045
v -13.911865 11.756157 62.164608
v -13.920190 11.710120 62.085106
v -13.928516 11.698188 62.065479
v -13.920190 11.702886 62.072411
v -13.924353 11.699023 62.066288
v -13.921307 11.700743 62.068825
v -13.299133 12.042481 62.570641
v -13.490431 12.175920 62.835022
v -13.168148 12.113706 62.675018
v -13.433124 12.248498 62.953388
v -13.774486 11.769603 62.166561
v -13.399805 11.960703 62.442955
v -13.013070 12.170994 62.751141
v -13.782813 11.723567 62.087059
v -13.782813 11.764905 62.159622
v -13.778650 11.723294 62.085926
v -13.778650 11.765740 62.160435
v -13.775601 11.721988 62.083157
v -13.775601 11.767460 62.162971
v -13.465391 11.872256 62.298038
v -13.474020 11.868513 62.292828
v -13.982635 11.576705 61.860760
v -13.978473 11.580567 61.866882
v -13.981520 11.578847 61.864342
v -13.974309 11.581404 61.867695
v -12.841266 12.211626 62.795383
v -13.920190 11.580937 61.858349
v -13.921307 11.582929 61.862019
v -13.924353 11.584235 61.864792
v -13.928516 11.584508 61.865929
v -13.920190 11.573703 61.845650
v -13.919075 11.571712 61.841976
v -13.916028 11.570405 61.839203
v -12.660893 12.233669 62.805649
v -13.680820 11.651937 61.945251
v -13.672493 11.648368 61.937672
v -13.676657 11.648639 61.938808
v -13.679705 11.649945 61.941582
v -13.465391 11.659248 61.924133
v -13.473991 11.661823 61.930008
v -11.693004 12.542141 63.194588
v -13.982635 11.250133 61.287510
v -13.382464 11.565162 61.745903
v -11.831355 12.425767 63.012112
v -12.480580 12.236080 62.781464
v -13.767136 11.333432 61.399765
v -13.911865 11.570133 61.838070
v -11.693004 12.463598 63.056713
v -11.888663 12.353190 62.893745
v -12.308825 12.218758 62.723988
v -13.628782 11.371264 61.444370
v -13.824442 11.260856 61.281399
v -12.153780 12.182520 62.635944
v -11.516078 12.530597 63.146435
v -13.935227 11.165502 61.131481
v -11.831355 12.288383 62.770954
v -11.554652 12.444523 63.001423
v -13.490431 11.352189 61.389080
v -13.767136 11.196048 61.158607
v -13.249628 11.488068 61.589645
v -12.022807 12.129088 62.521511
v -11.386558 12.475069 63.028549
v -13.805708 11.109975 61.013596
v -11.693004 12.269307 62.715664
v -11.497344 12.379716 62.878632
v -13.628782 11.176973 61.103321
v -13.076860 11.433995 61.467503
v -13.433124 11.287381 61.266289
v -11.339151 12.390439 62.872524
v -11.554652 12.307140 62.760269
v -13.628782 11.098431 60.965450
v -13.490431 11.214805 61.147923
v -11.922119 12.061001 62.386120
v -11.543139 12.060853 62.326134
v -11.546184 12.059134 62.323593
v -11.538974 12.061691 62.326942
v -11.649293 11.992204 62.222359
v -11.856500 11.981487 62.236206
v -11.847796 11.978749 62.230026
v -11.547300 12.056992 62.320011
v -12.869041 11.303917 61.206409
v -12.869041 11.402458 61.379387
v -12.876258 11.406426 61.387486
v -11.645129 11.991933 62.221226
v -12.867927 11.301925 61.202740
v -11.642082 11.990627 62.218456
v -12.864879 11.300618 61.199966
v -11.640966 11.988635 62.214783
v -12.860716 11.300348 61.198833
v -11.409923 12.070436 62.321964
v -11.405759 12.070166 62.320827
v -11.393269 12.056064 62.294106
v -11.401596 12.066868 62.314384
v -11.401596 12.059633 62.301685
v -11.400481 12.057643 62.298016
v -11.397433 12.056335 62.295238
v -11.347478 12.059168 62.292339
v -11.339151 12.063867 62.299274
v -11.402711 12.068859 62.318054
v -11.340266 12.061725 62.295689
v -11.343315 12.060004 62.293148
v -11.547300 11.920574 62.080551
v -11.543139 11.874831 61.999596
v -11.538974 11.917006 62.072975
v -11.543139 11.917276 62.074108
v -11.546184 11.918584 62.076881
v -11.546184 11.873111 61.997059
v -11.538974 11.875667 62.000412
v -11.547300 11.870969 61.993473
v -11.393269 11.942384 62.094559
v -11.397433 11.941548 62.093746
v -11.400481 11.939828 62.091209
v -11.401596 11.937686 62.087624
v -11.401596 11.930451 62.074924
v -11.649293 11.785512 61.859543
v -11.847767 11.772059 61.867207
v -11.856742 11.767866 61.861263
v -11.939657 11.662645 61.689636
v -12.452745 11.332135 61.190331
v -12.245562 11.490178 61.435104
v -12.446385 11.435392 61.370583
v -12.452745 11.430682 61.363319
v -12.461070 11.327436 61.183399
v -11.347478 11.945488 62.092789
v -11.340266 11.943910 62.088882
v -11.343315 11.945217 62.091656
v -11.339151 11.941920 62.085213
v -11.402711 11.928309 62.071339
v -11.409923 11.884415 61.995426
v -11.409923 11.925754 62.067989
v -11.405759 11.884144 61.994297
v -11.405759 11.926589 62.068802
v -11.402711 11.882836 61.991516
v -11.393269 11.870042 61.967571
v -11.401596 11.880846 61.987846
v -11.401596 11.873611 61.975151
v -11.400481 11.871620 61.971481
v -11.397433 11.870314 61.968708
v -11.347478 11.873146 61.965801
v -11.339151 11.877845 61.972740
v -11.343315 11.873982 61.966614
v -11.340266 11.875701 61.969151
v -11.547300 11.734552 61.754013
v -11.640966 11.790210 61.866478
v -11.642082 11.788068 61.862896
v -11.645129 11.786347 61.860355
v -11.546184 11.732561 61.750343
v -11.543139 11.731255 61.747570
v -11.393269 11.756361 61.768021
v -11.397433 11.755525 61.767212
v -11.400481 11.753806 61.764671
v -11.401596 11.751664 61.761089
v -11.401596 11.744430 61.748386
v -11.402711 11.742287 61.744804
v -11.405759 11.740567 61.742264
v -11.831355 11.464650 61.325008
v -12.072151 11.567886 61.544178
v -11.693004 11.502481 61.369614
v -11.538974 11.730984 61.746441
v -11.888663 11.392074 61.206646
v -12.453860 11.329991 61.186749
v -11.831355 11.327267 61.083855
v -12.456907 11.328273 61.184208
v -11.554652 11.483408 61.314327
v -11.409923 11.739732 61.741455
v -11.693004 11.229650 60.890694
v -11.693004 11.308192 61.028568
v -11.339151 11.429323 61.185429
v -11.497344 11.418600 61.191536
v -11.386558 11.338265 61.033058
v -11.554652 11.346024 61.073166
v -11.516078 11.265180 60.925182
v -15.948609 36.057568 48.500652
v -15.947204 36.047073 48.518646
v -15.948609 36.047234 48.482510
v -15.945798 36.026245 48.518497
v -15.947204 36.026405 48.482365
v -15.945798 36.015911 48.500355
v -13.788884 11.992993 62.185867
v -13.788884 12.003329 62.204010
v -13.787476 11.992833 62.222004
v -13.786072 11.972002 62.221855
v -13.787476 11.972164 62.185719
v -13.786072 11.961668 62.203712
v -11.558884 12.122974 62.135849
v -11.560290 12.143805 62.135998
v -11.558884 12.112640 62.117710
v -11.561697 12.154301 62.118004
v -11.560290 12.123136 62.099716
v -11.561697 12.143967 62.099865
v -13.718610 36.166882 48.414352
v -13.718610 36.177219 48.432491
v -13.720017 36.198048 48.432640
v -13.721424 36.208542 48.414646
v -13.721424 36.198208 48.396507
v -13.720017 36.177380 48.396358
v -11.558884 11.936952 61.809315
v -11.560290 11.957783 61.809460
v -11.558884 11.926617 61.791172
v -11.561697 11.968278 61.791470
v -11.560290 11.937114 61.773178
v -11.561697 11.957943 61.773327
v -13.718610 35.991192 48.105957
v -13.718610 35.980858 48.087814
v -13.720017 36.012024 48.106106
v -13.721424 36.022522 48.088112
v -13.721424 36.012184 48.069969
v -13.720017 35.991356 48.069824
v -11.653957 11.951433 61.813076
v -11.652864 11.936573 61.815289
v -11.652341 11.924069 61.806908
v -11.652658 11.920429 61.792294
v -11.655634 11.923315 61.783852
v -11.662283 11.930200 61.777119
v -11.657159 11.940303 61.774178
v -11.655256 11.949366 61.775810
v -11.655574 11.960080 61.786392
v -11.655050 11.960914 61.801422
v -13.822009 35.984444 48.073761
v -13.815360 35.977558 48.080498
v -13.812385 35.974670 48.088936
v -13.816885 35.994545 48.070820
v -13.814982 36.003609 48.072453
v -13.815300 36.014320 48.083035
v -13.814776 36.015156 48.098064
v -13.813684 36.005672 48.109718
v -13.812591 35.990814 48.111931
v -13.812067 35.978313 48.103550
v -13.815300 36.198391 48.406147
v -13.814982 36.202034 48.420757
v -13.814776 36.185886 48.397758
v -13.813684 36.171047 48.400009
v -13.812591 36.161549 48.411629
v -13.812067 36.162384 48.426655
v -11.655256 12.147791 62.124115
v -13.812385 36.173096 48.437244
v -11.655574 12.144150 62.109501
v -11.652341 12.108139 62.130013
v -11.652658 12.118853 62.140598
v -11.652864 12.107306 62.114986
v -11.655050 12.131645 62.101116
v -11.653957 12.116805 62.103367
v -11.657156 12.144577 62.132740
v -11.662283 12.136891 62.139931
v -11.655631 12.127580 62.142418
v -13.822009 36.191132 48.436577
v -15.845212 36.053989 48.514706
v -13.685485 11.999747 62.218063
v -15.851861 36.060871 48.507973
v -15.854836 36.063755 48.499531
v -15.854630 36.047615 48.476536
v -15.853539 36.032772 48.478779
v -15.855153 36.060116 48.484917
v -15.850337 36.043884 48.517647
v -15.852239 36.034821 48.516014
v -15.851920 36.024109 48.505432
v -15.852445 36.023273 48.490402
v -13.692194 11.969867 62.208790
v -13.692513 11.980579 62.219372
v -13.692719 11.969033 62.193760
v -13.692719 11.798300 61.894066
v -13.692194 11.785795 61.885681
v -13.693811 11.978532 62.182137
v -13.692513 11.782155 61.871067
v -13.694903 11.993372 62.179893
v -13.695427 12.005877 62.188274
v -13.695109 12.009516 62.202888
v -15.852445 35.852543 48.190708
v -15.851920 35.840034 48.182323
v -15.853539 35.867401 48.188496
v -15.852239 35.836395 48.167709
v -15.854630 35.876881 48.176838
v -15.855153 35.876049 48.161812
v -15.854836 35.865334 48.151226
v -13.690610 11.989642 62.221004
v -13.692136 12.006631 62.211330
v -15.851865 35.856606 48.149406
v -15.845212 35.847298 48.151894
v -15.850337 35.839611 48.159084
v -13.690611 11.785369 61.862442
v -13.815357 36.181824 48.439064
v -13.816883 36.198818 48.429382
v -13.947259 36.050804 48.040764
v -13.926819 36.119453 48.158043
v -13.953754 36.123146 47.999546
v -13.933315 36.191799 48.116833
v -13.926819 36.187481 48.277458
v -13.933315 36.259823 48.236244
v -13.947259 36.253361 48.396324
v -13.953754 36.325703 48.355106
v -13.826424 36.251217 48.373512
v -13.829213 36.256195 48.382694
v -13.836830 36.259460 48.389626
v -13.847238 36.260139 48.392460
v -13.847238 36.057583 48.036900
v -13.826424 36.069328 48.054234
v -13.829213 36.063972 48.045273
v -13.836830 36.059673 48.038929
v -13.853734 36.129925 47.995686
v -13.843328 36.132015 47.997711
v -13.835708 36.136314 48.004059
v -13.832920 36.141674 48.013023
v -13.832920 36.323559 48.332302
v -13.835708 36.328537 48.341484
v -13.843328 36.331806 48.348415
v -13.853734 36.332481 48.351250
v -15.976392 36.648258 49.240089
v -15.814490 36.692532 49.292286
v -16.043453 36.563328 49.101574
v -15.976392 36.487492 48.957886
v -15.652591 36.670208 49.227589
v -15.040179 36.652687 49.100311
v -15.849877 36.195786 48.425903
v -15.814490 36.465172 48.893185
v -15.047798 36.648392 49.093964
v -15.585528 36.594372 49.083893
v -15.857495 36.191490 48.419556
v -15.029772 36.654778 49.102341
v -15.839469 36.197876 48.427929
v -15.860284 36.186134 48.410595
v -15.050587 36.643036 49.085003
v -15.050587 36.593376 48.997833
v -15.652591 36.509441 48.945381
v -15.739448 36.204659 48.424068
v -15.201405 36.382317 48.651119
v -15.334948 36.306957 48.539890
v -15.860284 36.004246 48.091312
v -15.033134 36.436291 48.719345
v -15.420688 36.217602 48.396545
v -14.846601 36.463604 48.737892
v -14.642615 36.621029 48.982075
v -14.778095 36.621994 49.005127
v -14.915107 36.612705 49.010418
v -15.450231 36.122982 48.235119
v -15.759889 36.136005 48.306782
v -15.759889 36.067982 48.187370
v -15.739448 36.002102 48.068508
v -14.660069 36.461578 48.704941
v -15.420688 36.032372 48.071407
v -15.857495 35.999264 48.082138
v -14.663431 36.679611 49.088196
v -14.653024 36.678932 49.085361
v -15.976392 35.687145 47.552990
v -15.849877 35.995998 48.075199
v -14.040613 36.779480 49.165337
v -14.645405 36.675667 49.078430
v -16.043453 35.602215 47.414478
v -15.814490 35.731415 47.605183
v -15.839469 35.995319 48.072372
v -13.878712 36.823750 49.217529
v -14.107675 36.694550 49.026825
v -14.642615 36.670689 49.069248
v -14.491796 36.430416 48.623718
v -15.334948 35.954639 47.921444
v -15.652591 35.709091 47.540485
v -15.976392 35.526375 47.270782
v -14.040613 36.618710 48.883129
v -13.716811 36.801430 49.152832
v -14.358254 36.373165 48.502174
v -15.201405 35.897388 47.799896
v -15.814490 35.504051 47.206085
v -13.649749 36.725590 49.009136
v -13.716811 36.640659 48.870625
v -15.795087 35.443359 47.096489
v -15.755723 35.444870 47.092937
v -15.716910 35.444042 47.085361
v -15.652591 35.548325 47.258278
v -15.679194 35.440884 47.073872
v -13.878712 36.596390 48.818432
v -14.272515 36.295433 48.352207
v -14.242971 36.204819 48.188496
v -15.050587 35.706776 47.441540
v -15.585528 35.633255 47.396793
v -14.846601 35.864201 47.685722
v -15.033134 35.866222 47.718674
v -15.050587 35.657116 47.354366
v -15.047798 35.652138 47.345184
v -15.040179 35.648872 47.338253
v -15.029772 35.648190 47.335419
v -14.915107 35.705811 47.418495
v -14.778095 35.715099 47.413204
v -14.272515 36.110207 48.027069
v -14.358254 36.020844 47.883724
v -14.642615 35.734428 47.425781
v -14.491796 35.945488 47.772495
v -14.660069 35.891514 47.704269
v -14.040613 35.818363 47.478237
v -14.107675 35.733433 47.339722
v -14.642615 35.684772 47.338612
v -14.645405 35.679413 47.329651
v -13.878712 35.862633 47.530430
v -14.040613 35.657597 47.196033
v -14.653024 35.675114 47.323303
v -13.716811 35.840313 47.465729
v -14.014009 35.553761 47.009571
v -14.663431 35.673023 47.321274
v -13.976292 35.562031 47.018147
v -13.878712 35.635273 47.131332
v -13.937480 35.568123 47.022724
v -13.898116 35.571949 47.023239
v -13.649749 35.764477 47.322041
v -13.716811 35.679543 47.183525
v -13.989135 36.803104 46.321865
v -13.812208 36.838638 46.356346
v -13.682689 36.911724 46.464230
v -13.635283 37.002781 46.616592
v -16.101839 37.948845 48.666019
v -16.204319 37.869843 48.543495
v -16.231358 37.875763 48.558144
v -16.086227 37.936481 48.641853
v -15.924914 37.984379 48.700508
v -16.247543 37.786819 48.404572
v -16.278765 37.784706 48.405777
v -15.924914 37.968876 48.673294
v -16.204319 37.709660 48.262306
v -15.763598 37.958351 48.629391
v -15.763598 37.680901 48.142372
v -15.486520 37.687508 48.110306
v -15.620990 37.611629 47.998299
v -15.645507 37.747540 48.240730
v -15.722167 37.524826 47.861874
v -15.924914 37.648506 48.110928
v -15.325496 37.748661 48.192261
v -15.602282 37.830563 48.379654
v -15.784976 37.431442 47.707855
v -16.086227 37.659031 48.154827
v -15.145997 37.792011 48.240074
v -15.645507 37.907722 48.521912
v -15.806270 37.336174 47.543980
v -14.957023 37.815395 48.251335
v -16.086227 36.975365 46.954750
v -15.784976 37.243793 47.378460
v -14.268539 38.001064 48.468739
v -14.150448 38.067699 48.567101
v -14.768048 37.817631 48.225475
v -16.204319 36.908726 46.856392
v -16.278765 36.823589 46.718678
v -13.989134 38.115601 48.625751
v -16.247543 36.825706 46.717472
v -14.311764 37.918041 48.329815
v -14.588550 37.798615 48.163803
v -15.924914 37.007759 46.986195
v -15.722167 37.158928 47.219597
v -13.989134 38.100094 48.598545
v -16.204319 36.748543 46.575211
v -16.231358 36.738956 46.562653
v -14.268539 37.840878 48.187557
v -14.427527 37.759296 48.069408
v -15.763598 36.997234 46.942295
v -15.620990 37.085838 47.075352
v -13.812207 38.104053 48.577606
v -13.827819 38.089569 48.554642
v -14.150448 37.790249 48.080074
v -13.709727 38.038944 48.447159
v -13.682688 38.048527 48.459721
v -16.086227 36.697914 46.467731
v -16.101839 36.683434 46.444767
v -15.486520 37.028191 46.952961
v -15.645507 36.946606 46.834816
v -14.293055 37.701645 47.947021
v -15.924914 36.687389 46.423828
v -15.924914 36.671886 46.396622
v -13.635283 37.963898 48.303692
v -13.666503 37.961781 48.304901
v -15.905509 36.673203 46.395870
v -15.325497 36.988873 46.858562
v -15.602282 36.869446 46.692551
v -14.191879 37.628559 47.802776
v -13.989134 37.779724 48.036175
v -15.866145 36.674709 46.392311
v -15.763598 36.719784 46.455273
v -13.709727 37.878757 48.165977
v -15.827332 36.673882 46.384739
v -15.789617 36.670723 46.373253
v -15.645507 36.786423 46.553627
v -13.827819 37.812119 48.067616
v -14.129070 37.543694 47.643913
v -15.145998 36.969852 46.796890
v -14.957024 36.972092 46.771038
v -14.107780 37.451309 47.478390
v -14.191879 37.262661 47.160500
v -14.150449 37.106586 46.880001
v -14.293056 37.175858 47.024067
v -14.268540 37.039948 46.781643
v -14.427528 37.099976 46.912067
v -14.588552 37.038826 46.830105
v -13.989135 37.138981 46.911442
v -14.129070 37.356041 47.314518
v -14.311765 36.956924 46.642719
v -14.768049 36.995476 46.782299
v -13.827820 37.128456 46.867538
v -14.268540 36.879765 46.500454
v -13.709728 37.077827 46.760059
v -14.150449 36.829136 46.392975
v -14.124431 36.783604 46.308949
v -14.086715 36.791874 46.317520
v -14.047902 36.797962 46.322098
v -13.989135 36.818611 46.349075
v -14.008538 36.801792 46.322613
v -13.666504 37.000664 46.617798
v -13.709728 36.917645 46.478878
v -13.827820 36.851006 46.380520
v -15.395448 36.012421 46.748280
v -15.520663 36.064407 46.718666
v -15.281023 36.080650 46.709408
v -15.291818 36.200867 46.640923
v -15.417033 36.252853 46.611309
v -15.531457 36.184624 46.650173
v -14.521551 36.132133 46.680080
v -14.396335 36.080147 46.709694
v -14.532346 36.252350 46.611595
v -14.281912 36.148376 46.670830
v -14.292705 36.268593 46.602341
v -14.417923 36.320580 46.572723
v -15.395448 36.322456 47.292507
v -15.520663 36.374443 47.262886
v -15.531457 36.494659 47.194401
v -15.417033 36.562893 47.155537
v -15.291818 36.510906 47.185150
v -15.281023 36.390686 47.253635
v -15.406240 36.483948 47.296471
v -14.396335 36.390182 47.253922
v -14.521551 36.442169 47.224308
v -14.532346 36.562386 47.155819
v -14.417923 36.630619 47.116951
v -14.292705 36.578632 47.146564
v -14.281912 36.458416 47.215050
v -14.407128 36.551674 47.257885
v -13.968024 36.583492 46.483017
v -13.984106 36.582603 46.483986
v -14.000148 36.582111 46.485657
v -14.016110 36.582020 46.488018
v -14.031952 36.582333 46.491062
v -14.047635 36.583050 46.494785
v -14.063122 36.584160 46.499180
v -14.078370 36.585674 46.504238
v -14.093345 36.587574 46.509937
v -14.108008 36.589867 46.516270
v -14.122323 36.592541 46.523220
v -14.136254 36.595589 46.530769
v -14.149769 36.599007 46.538895
v -14.162830 36.602783 46.547585
v -14.175406 36.606911 46.556808
v -14.187468 36.611378 46.566555
v -14.198984 36.616173 46.576786
v -14.209926 36.621288 46.587490
v -14.220266 36.626705 46.598625
v -14.229980 36.632416 46.610176
v -14.239042 36.638397 46.622116
v -14.247429 36.644646 46.634399
v -14.255123 36.651138 46.647011
v -14.262103 36.657864 46.659908
v -14.268353 36.664795 46.673073
v -14.273854 36.671928 46.686455
v -14.278596 36.679241 46.700039
v -14.282565 36.686710 46.713776
v -14.285752 36.694324 46.727642
v -14.288151 36.702061 46.741596
v -14.289751 36.709900 46.755611
v -14.290554 36.717819 46.769646
v -14.290554 36.725807 46.783665
v -14.289751 36.733841 46.797638
v -14.288151 36.741898 46.811527
v -14.285752 36.749954 46.825298
v -14.282565 36.757999 46.838917
v -14.278596 36.766010 46.852348
v -14.273854 36.773964 46.865566
v -14.268353 36.781845 46.878529
v -14.262103 36.789627 46.891205
v -14.255123 36.797295 46.903564
v -14.247429 36.804832 46.915581
v -14.239042 36.812214 46.927223
v -14.229980 36.819427 46.938457
v -14.220266 36.826454 46.949257
v -14.209926 36.833275 46.959599
v -14.198984 36.839870 46.969452
v -14.187468 36.846230 46.978794
v -14.175406 36.852329 46.987610
v -14.162830 36.858162 46.995865
v -14.149769 36.863708 47.003544
v -14.136254 36.868958 47.010628
v -14.122323 36.873898 47.017101
v -14.108008 36.878513 47.022942
v -14.093345 36.882790 47.028145
v -14.078370 36.886723 47.032688
v -14.063122 36.890301 47.036568
v -14.047635 36.893517 47.039764
v -14.031952 36.896355 47.042274
v -14.016110 36.898815 47.044102
v -14.000148 36.900890 47.045227
v -13.984106 36.902576 47.045654
v -13.968024 36.903866 47.045383
v -13.951942 36.904755 47.044411
v -13.935901 36.905247 47.042744
v -13.919939 36.905334 47.040386
v -13.904097 36.905022 47.037342
v -13.888412 36.904308 47.033615
v -13.872928 36.903194 47.029221
v -13.857678 36.901684 47.024166
v -13.842704 36.899780 47.018467
v -13.828040 36.897491 47.012131
v -13.813725 36.894817 47.005184
v -13.799793 36.891766 46.997635
v -13.786281 36.888348 46.989510
v -13.773219 36.884571 46.980820
v -13.760642 36.880447 46.971592
v -13.748580 36.875977 46.961845
v -13.737064 36.871181 46.951618
v -13.726122 36.866070 46.940914
v -13.715782 36.860649 46.929775
v -13.706069 36.854942 46.918224
v -13.697007 36.848957 46.906288
v -13.688619 36.842712 46.894005
v -13.680925 36.836216 46.881393
v -13.673944 36.829494 46.868492
v -13.667697 36.822559 46.855331
v -13.662194 36.815426 46.841946
v -13.657453 36.808113 46.828362
v -13.653483 36.800644 46.814625
v -13.650295 36.793030 46.800762
v -13.647898 36.785297 46.786804
v -13.646297 36.777458 46.772789
v -13.645494 36.769535 46.758755
v -13.645494 36.761547 46.744736
v -13.646297 36.753517 46.730766
v -13.647898 36.745461 46.716877
v -13.650295 36.737400 46.703102
v -13.653483 36.729355 46.689484
v -13.657453 36.721344 46.676052
v -13.662194 36.713394 46.662834
v -13.667697 36.705513 46.649876
v -13.673944 36.697731 46.637196
v -13.680925 36.690060 46.624836
v -13.688619 36.682526 46.612816
v -13.697007 36.675140 46.601181
v -13.706069 36.667927 46.589947
v -13.715782 36.660904 46.579144
v -13.726122 36.654083 46.568802
v -13.737064 36.647488 46.558949
v -13.748580 36.641129 46.549606
v -13.760642 36.635025 46.540794
v -13.773219 36.629192 46.532536
v -13.786281 36.623646 46.524860
v -13.799793 36.618397 46.517776
v -13.813725 36.613457 46.511303
v -13.828040 36.608845 46.505459
v -13.842704 36.604565 46.500256
v -13.857678 36.600632 46.495716
v -13.872928 36.597054 46.491837
v -13.888412 36.593842 46.488640
v -13.904097 36.591003 46.486126
v -13.919939 36.588539 46.484303
v -13.935901 36.586464 46.483177
v -13.951942 36.584782 46.482746
v -14.186029 36.617928 46.577824
v -14.196899 36.622723 46.587959
v -14.174617 36.613441 46.568157
v -14.207200 36.627823 46.598526
v -14.162691 36.609283 46.558971
v -14.216908 36.633205 46.609509
v -14.150282 36.605457 46.550301
v -14.225994 36.638866 46.620876
v -14.137420 36.601974 46.542160
v -14.234441 36.644787 46.632599
v -14.124135 36.598846 46.534576
v -14.242225 36.650951 46.644650
v -14.110463 36.596077 46.527557
v -14.249327 36.657349 46.657001
v -14.096437 36.593674 46.521130
v -14.255730 36.663960 46.669617
v -14.082092 36.591640 46.515305
v -14.261417 36.670769 46.682465
v -14.067463 36.589989 46.510098
v -14.266375 36.677761 46.695515
v -14.052588 36.588722 46.505527
v -14.270592 36.684914 46.708740
v -14.037500 36.587837 46.501591
v -14.274055 36.692219 46.722099
v -14.022241 36.587341 46.498314
v -14.276760 36.699646 46.735569
v -14.006847 36.587231 46.495701
v -14.278695 36.707184 46.749107
v -13.991357 36.587509 46.493752
v -14.279859 36.714813 46.762680
v -13.975808 36.588181 46.492474
v -14.280246 36.722515 46.776260
v -13.960239 36.589237 46.491871
v -14.279859 36.730267 46.789806
v -13.944692 36.590672 46.491947
v -14.278695 36.738052 46.803295
v -13.929202 36.592495 46.492702
v -14.276760 36.745853 46.816681
v -13.913807 36.594688 46.494129
v -14.274055 36.753651 46.829937
v -13.898548 36.597256 46.496231
v -14.270592 36.761417 46.843033
v -13.883462 36.600185 46.498993
v -14.266375 36.769146 46.855927
v -13.868586 36.603474 46.502419
v -14.261417 36.776810 46.868599
v -13.853957 36.607105 46.506496
v -14.255730 36.784389 46.881012
v -13.839611 36.611084 46.511211
v -14.249327 36.791870 46.893131
v -13.825584 36.615387 46.516556
v -14.242225 36.799229 46.904926
v -13.811912 36.620010 46.522514
v -14.234441 36.806450 46.916382
v -13.798629 36.624943 46.529076
v -14.225994 36.813519 46.927452
v -13.785766 36.630165 46.536221
v -14.216908 36.820408 46.938114
v -13.773356 36.635677 46.543938
v -14.207200 36.827110 46.948349
v -13.761431 36.641453 46.552197
v -14.196899 36.833603 46.958122
v -13.750019 36.647484 46.560986
v -14.186029 36.839870 46.967419
v -13.739149 36.653755 46.570282
v -14.174617 36.845905 46.976208
v -13.728848 36.660248 46.580051
v -14.162691 36.851681 46.984463
v -13.719142 36.666946 46.590286
v -14.150282 36.857189 46.992180
v -13.710053 36.673840 46.600952
v -14.137420 36.862415 46.999329
v -13.701608 36.680908 46.612022
v -14.124135 36.867348 47.005886
v -13.693824 36.688126 46.623474
v -14.110463 36.871971 47.011845
v -13.686721 36.695488 46.635269
v -14.096437 36.876274 47.017193
v -13.680319 36.702969 46.647392
v -14.082092 36.880249 47.021908
v -13.674630 36.710545 46.659801
v -14.067463 36.883884 47.025986
v -13.669673 36.718208 46.672474
v -14.052588 36.887173 47.029411
v -13.665457 36.725933 46.685371
v -14.037500 36.890099 47.032173
v -13.661992 36.733707 46.698463
v -14.022241 36.892666 47.034271
v -13.659289 36.741501 46.711723
v -14.006847 36.894863 47.035702
v -13.657353 36.749302 46.725109
v -13.991357 36.896679 47.036453
v -13.656190 36.757088 46.738594
v -13.975808 36.898121 47.036530
v -13.655802 36.764843 46.752144
v -13.960239 36.899174 47.035931
v -13.656190 36.772545 46.765724
v -13.944692 36.899845 47.034649
v -13.657353 36.780170 46.779297
v -13.929202 36.900127 47.032703
v -13.659289 36.787712 46.792835
v -13.913807 36.900017 47.030087
v -13.661992 36.795139 46.806301
v -13.898548 36.899521 47.026810
v -13.665457 36.802441 46.819660
v -13.883462 36.898636 47.022877
v -13.669673 36.809593 46.832890
v -13.868586 36.897366 47.018303
v -13.674630 36.816586 46.845936
v -13.853957 36.895714 47.013100
v -13.680319 36.823395 46.858788
v -13.839611 36.893684 47.007275
v -13.686721 36.830006 46.871403
v -13.825584 36.891281 47.000847
v -13.693824 36.836403 46.883755
v -13.811912 36.888508 46.993828
v -13.701608 36.842567 46.895802
v -13.798629 36.885380 46.986240
v -13.710053 36.848488 46.907528
v -13.785766 36.881897 46.978104
v -13.719142 36.854149 46.918892
v -13.773356 36.878075 46.969433
v -13.728848 36.859535 46.929878
v -13.761431 36.873913 46.960247
v -13.739149 36.864632 46.940445
v -13.750019 36.869427 46.950577
v -14.298109 36.921459 46.662922
v -14.238480 36.834381 46.500675
v -14.082368 36.788651 46.395794
v -13.889404 36.801731 46.388344
v -13.733293 36.868629 46.481167
v -13.673664 36.963787 46.638809
v -13.733293 37.050861 46.801056
v -13.889404 37.096596 46.905937
v -14.082368 37.083515 46.913383
v -14.238480 37.016617 46.820564
v -13.696102 36.980461 46.629307
v -13.751758 37.061733 46.780739
v -13.897460 37.104416 46.878624
v -14.077560 37.092209 46.885582
v -14.223264 37.029770 46.798946
v -14.278918 36.940956 46.651817
v -14.223264 36.859684 46.500385
v -14.077560 36.817001 46.402496
v -13.897460 36.829212 46.395546
v -13.751758 36.891647 46.482178
v -13.847686 37.039612 46.757023
v -13.987511 37.058887 46.812901
v -13.789769 36.974113 46.632927
v -14.127335 37.020653 46.767822
v -13.847686 36.900764 46.513298
v -14.185251 36.947308 46.648197
v -13.987511 36.862530 46.468224
v -14.127335 36.881805 46.524101
v -13.820565 36.919518 46.553047
v -13.818556 36.944866 46.649590
v -13.987084 36.860497 46.475689
v -14.153603 36.896942 46.565907
v -14.151593 36.922291 46.662449
v -14.153603 36.992409 46.733482
v -14.141038 36.852467 46.813210
v -14.141038 36.757000 46.645626
v -13.974520 36.720554 46.555408
v -13.808002 36.779575 46.632767
v -13.808002 36.875042 46.800346
v -13.820565 37.014984 46.720623
v -13.987084 37.051430 46.810844
v -13.974520 36.911488 46.890568
v -13.974520 36.743195 46.595150
v -13.847488 36.788219 46.654167
v -13.847488 36.861046 46.782001
v -14.101550 36.770996 46.663971
v -13.974520 36.888847 46.850826
v -14.101550 36.843826 46.791817
v -14.093691 36.766315 46.671444
v -13.973869 36.740093 46.606529
v -14.093691 36.835011 46.792030
v -13.973869 36.877483 46.847691
v -13.854050 36.851257 46.782772
v -13.854050 36.782562 46.662189
v -13.893327 35.980419 47.358734
v -13.773507 35.954197 47.293816
v -13.773507 35.885502 47.173233
v -13.893327 35.843033 47.117573
v -14.013146 35.869259 47.182487
v -14.013146 35.937950 47.303066
v -13.886842 35.839493 47.279301
v -13.968023 37.544605 48.170116
v -13.984105 37.543716 48.171089
v -14.000147 37.543224 48.172756
v -14.016109 37.543140 48.175114
v -14.031951 37.543449 48.178162
v -14.047634 37.544167 48.181885
v -14.063121 37.545280 48.186283
v -14.078369 37.546787 48.191334
v -14.093344 37.548691 48.197037
v -14.108007 37.550983 48.203369
v -14.122322 37.553658 48.210316
v -14.136253 37.556705 48.217865
v -14.149768 37.560123 48.225994
v -14.162829 37.563900 48.234680
v -14.175406 37.568027 48.243912
v -14.187468 37.572495 48.253654
v -14.198983 37.577290 48.263889
v -14.209925 37.582401 48.274586
v -14.220265 37.587822 48.285725
v -14.229980 37.593529 48.297279
v -14.239041 37.599514 48.309212
v -14.247428 37.605759 48.321495
v -14.255122 37.612255 48.334106
v -14.262102 37.618977 48.347008
v -14.268351 37.625916 48.360168
v -14.273853 37.633045 48.373558
v -14.278595 37.640358 48.387138
v -14.282564 37.647827 48.400879
v -14.285751 37.655441 48.414745
v -14.288150 37.663174 48.428699
v -14.289750 37.671013 48.442711
v -14.290553 37.678940 48.456745
v -14.290553 37.686924 48.470768
v -14.289750 37.694958 48.484737
v -14.288150 37.703011 48.498627
v -14.285751 37.711075 48.512398
v -14.282564 37.719116 48.526016
v -14.278595 37.727127 48.539452
v -14.273853 37.735081 48.552662
v -14.268351 37.742958 48.565624
v -14.262102 37.750744 48.578304
v -14.255122 37.758411 48.590668
v -14.247428 37.765945 48.602684
v -14.239041 37.773331 48.614319
v -14.229980 37.780544 48.625553
v -14.220265 37.787571 48.636356
v -14.209925 37.794388 48.646698
v -14.198983 37.800983 48.656551
v -14.187468 37.807343 48.665897
v -14.175406 37.813446 48.674706
v -14.162829 37.819279 48.682964
v -14.149768 37.824825 48.690643
v -14.136253 37.830074 48.697731
v -14.122322 37.835014 48.704197
v -14.108007 37.839626 48.710045
v -14.093344 37.843906 48.715244
v -14.078369 37.847839 48.719784
v -14.063121 37.851418 48.723663
v -14.047634 37.854630 48.726864
v -14.031951 37.857468 48.729378
v -14.016109 37.859932 48.731197
v -14.000147 37.862007 48.732323
v -13.984105 37.863689 48.732758
v -13.968023 37.864979 48.732483
v -13.951941 37.865871 48.731514
v -13.935900 37.866360 48.729847
v -13.919938 37.866451 48.727486
v -13.904096 37.866138 48.724438
v -13.888412 37.865425 48.720715
v -13.872927 37.864311 48.716320
v -13.857677 37.862797 48.711262
v -13.842703 37.860897 48.705563
v -13.828039 37.858604 48.699234
v -13.813725 37.855934 48.692280
v -13.799792 37.852882 48.684738
v -13.786280 37.849464 48.676605
v -13.773218 37.845688 48.667915
v -13.760641 37.841560 48.658691
v -13.748579 37.837093 48.648949
v -13.737063 37.832298 48.638714
v -13.726121 37.827183 48.628014
v -13.715781 37.821766 48.616875
v -13.706068 37.816059 48.605324
v -13.697006 37.810074 48.593391
v -13.688618 37.803825 48.581100
v -13.680924 37.797333 48.568489
v -13.673944 37.790611 48.555588
v -13.667696 37.783676 48.542427
v -13.662193 37.776543 48.529045
v -13.657452 37.769234 48.515465
v -13.653482 37.761761 48.501724
v -13.650294 37.754147 48.487858
v -13.647897 37.746410 48.473904
v -13.646297 37.738571 48.459888
v -13.645494 37.730652 48.445858
v -13.645494 37.722664 48.431835
v -13.646297 37.714630 48.417862
v -13.647897 37.706573 48.403973
v -13.650294 37.698517 48.390205
v -13.653482 37.690472 48.376587
v -13.657452 37.682465 48.363152
v -13.662193 37.674507 48.349937
v -13.667696 37.666630 48.336975
v -13.673944 37.658844 48.324295
v -13.680924 37.651176 48.311935
v -13.688618 37.643639 48.299919
v -13.697006 37.636257 48.288277
v -13.706068 37.629044 48.277042
v -13.715781 37.622017 48.266243
v -13.726121 37.615196 48.255905
v -13.737063 37.608601 48.246048
v -13.748579 37.602245 48.236706
v -13.760641 37.596142 48.227890
v -13.773218 37.590309 48.219639
v -13.786280 37.584763 48.211956
v -13.799792 37.579514 48.204872
v -13.813725 37.574577 48.198399
v -13.828039 37.569962 48.192558
v -13.842703 37.565681 48.187359
v -13.857677 37.561749 48.182812
v -13.872927 37.558170 48.178940
v -13.888412 37.554958 48.175735
v -13.904096 37.552116 48.173225
v -13.919938 37.549656 48.171398
v -13.935900 37.547581 48.170273
v -13.951941 37.545895 48.169846
v -14.186028 37.579044 48.264923
v -14.196898 37.583839 48.275055
v -14.174616 37.574562 48.255253
v -14.207199 37.588936 48.285625
v -14.162690 37.570400 48.246075
v -14.216908 37.594322 48.296608
v -14.150281 37.566574 48.237396
v -14.225993 37.599983 48.307972
v -14.137419 37.563091 48.229263
v -14.234440 37.605904 48.319698
v -14.124134 37.559963 48.221672
v -14.242224 37.612068 48.331753
v -14.110462 37.557190 48.214653
v -14.249326 37.618465 48.344097
v -14.096437 37.554787 48.208225
v -14.255729 37.625076 48.356712
v -14.082091 37.552761 48.202400
v -14.261416 37.631886 48.369564
v -14.067462 37.551105 48.197197
v -14.266375 37.638878 48.382618
v -14.052586 37.549835 48.192623
v -14.270591 37.646034 48.395840
v -14.037499 37.548954 48.188694
v -14.274054 37.653332 48.409199
v -14.022240 37.548454 48.185417
v -14.276759 37.660763 48.422665
v -14.006846 37.548344 48.182796
v -14.278694 37.668301 48.436203
v -13.991356 37.548626 48.180851
v -14.279858 37.675930 48.449776
v -13.975807 37.549297 48.179577
v -14.280245 37.683628 48.463356
v -13.960238 37.550350 48.178974
v -14.279858 37.691383 48.476906
v -13.944691 37.551792 48.179047
v -14.278694 37.699169 48.490391
v -13.929201 37.553612 48.179798
v -14.276759 37.706970 48.503777
v -13.913806 37.555805 48.181225
v -14.274054 37.714767 48.517033
v -13.898547 37.558372 48.183327
v -14.270591 37.722538 48.530128
v -13.883461 37.561302 48.186096
v -14.266375 37.730263 48.543030
v -13.868585 37.564587 48.189514
v -14.261416 37.737926 48.555698
v -13.853956 37.568226 48.193592
v -14.255729 37.745506 48.568108
v -13.839610 37.572197 48.198307
v -14.249326 37.752983 48.580231
v -13.825583 37.576504 48.203655
v -14.242224 37.760345 48.592030
v -13.811912 37.581127 48.209614
v -14.234440 37.767567 48.603477
v -13.798628 37.586056 48.216179
v -14.225993 37.774632 48.614548
v -13.785765 37.591286 48.223324
v -14.216908 37.781525 48.625214
v -13.773355 37.596790 48.231037
v -14.207199 37.788223 48.635448
v -13.761430 37.602566 48.239300
v -14.196898 37.794720 48.645222
v -13.750018 37.608601 48.248085
v -14.186028 37.800991 48.654514
v -13.739148 37.614868 48.257378
v -14.174616 37.807018 48.663303
v -13.728848 37.621365 48.267155
v -14.162690 37.812798 48.671566
v -13.719141 37.628063 48.277386
v -14.150281 37.818306 48.679279
v -13.710052 37.634956 48.288055
v -14.137419 37.823528 48.686424
v -13.701607 37.642021 48.299126
v -14.124134 37.828461 48.692986
v -13.693823 37.649242 48.310574
v -14.110462 37.833084 48.698948
v -13.686720 37.656601 48.322372
v -14.096437 37.837391 48.704288
v -13.680318 37.664082 48.334496
v -14.082091 37.841366 48.709011
v -13.674629 37.671661 48.346901
v -14.067462 37.844997 48.713081
v -13.669672 37.679325 48.359573
v -14.052586 37.848286 48.716507
v -13.665456 37.687054 48.372467
v -14.037499 37.851215 48.719276
v -13.661991 37.694824 48.385563
v -14.022240 37.853783 48.721371
v -13.659288 37.702618 48.398819
v -14.006846 37.855980 48.722801
v -13.657352 37.710419 48.412212
v -13.991356 37.857800 48.723553
v -13.656189 37.718204 48.425694
v -13.975807 37.859234 48.723629
v -13.655801 37.725960 48.439240
v -13.960238 37.860294 48.723026
v -13.656189 37.733658 48.452820
v -13.944691 37.860962 48.721752
v -13.657352 37.741291 48.466400
v -13.929201 37.861240 48.719799
v -13.659288 37.748825 48.479931
v -13.913806 37.861134 48.717186
v -13.661991 37.756256 48.493401
v -13.898547 37.860634 48.713909
v -13.665456 37.763557 48.506763
v -13.883461 37.859749 48.709980
v -13.669672 37.770710 48.519985
v -13.868585 37.858482 48.705402
v -13.674629 37.777702 48.533039
v -13.853956 37.856831 48.700195
v -13.680318 37.784512 48.545891
v -13.839610 37.854797 48.694374
v -13.686720 37.791122 48.558506
v -13.825583 37.852394 48.687943
v -13.693823 37.797520 48.570850
v -13.811912 37.849628 48.680931
v -13.701607 37.803688 48.582901
v -13.798628 37.846497 48.673340
v -13.710052 37.809608 48.594624
v -13.785765 37.843014 48.665199
v -13.719141 37.815266 48.605991
v -13.773355 37.839188 48.656528
v -13.728848 37.820648 48.616974
v -13.761430 37.835030 48.647350
v -13.739148 37.825748 48.627548
v -13.750018 37.830544 48.637680
v -14.298108 37.882572 48.350021
v -14.238479 37.795498 48.187778
v -14.082367 37.749767 48.082897
v -13.889403 37.762848 48.075443
v -13.733293 37.829742 48.168266
v -13.673663 37.924904 48.325905
v -13.733293 38.011978 48.488155
v -13.889403 38.057709 48.593033
v -14.082367 38.044632 48.600487
v -14.238479 37.977734 48.507660
v -13.696101 37.941578 48.316410
v -13.751757 38.022846 48.467838
v -13.897459 38.065533 48.565723
v -14.077559 38.053326 48.572681
v -14.223263 37.990887 48.486050
v -14.278917 37.902073 48.338913
v -14.223263 37.820801 48.187485
v -14.077559 37.778118 48.089596
v -13.897459 37.790325 48.082642
v -13.751757 37.852764 48.169273
v -13.847685 38.000725 48.444126
v -13.789768 37.935230 48.320023
v -13.987510 38.020004 48.500000
v -13.847685 37.861881 48.200401
v -14.127334 37.981770 48.454922
v -13.987510 37.823647 48.155323
v -14.185250 37.908421 48.335300
v -14.127334 37.842926 48.211197
v -13.820564 37.880634 48.240147
v -13.818555 37.905983 48.336685
v -13.987083 37.821613 48.162785
v -14.153602 37.858059 48.253006
v -14.151592 37.883408 48.349545
v -14.153602 37.953526 48.420586
v -14.141037 37.813583 48.500305
v -14.141037 37.718117 48.332729
v -13.974519 37.681671 48.242512
v -13.808000 37.740692 48.319870
v -13.808000 37.836159 48.487446
v -13.820564 37.976101 48.407726
v -13.987083 38.012547 48.497940
v -13.974519 37.872604 48.577667
v -13.974519 37.704308 48.282249
v -13.847487 37.749336 48.341263
v -13.847487 37.822163 48.469101
v -14.101549 37.732113 48.351074
v -13.974519 37.849968 48.537930
v -14.101549 37.804939 48.478912
v -13.973868 37.701210 48.293625
v -14.093690 37.727436 48.358543
v -14.093690 37.796127 48.479126
v -13.973868 37.838596 48.534794
v -13.854049 37.812370 48.469872
v -13.854049 37.743679 48.349293
v -13.893327 36.941536 49.045834
v -13.773507 36.915310 48.980915
v -13.773507 36.846619 48.860336
v -13.893327 36.804150 48.804668
v -14.013146 36.830372 48.869587
v -14.013146 36.899067 48.990170
v -13.886842 36.800610 48.966404
v -15.903804 37.413387 48.244869
v -15.919885 37.412498 48.245842
v -15.935927 37.412006 48.247509
v -15.951888 37.411919 48.249870
v -15.967731 37.412231 48.252914
v -15.983415 37.412945 48.256641
v -15.998900 37.414059 48.261032
v -16.014147 37.415569 48.266090
v -16.029123 37.417473 48.271790
v -16.043787 37.419765 48.278126
v -16.058102 37.422436 48.285072
v -16.072033 37.425484 48.292622
v -16.085546 37.428902 48.300751
v -16.098608 37.432682 48.309437
v -16.111185 37.436806 48.318661
v -16.123247 37.441273 48.328407
v -16.134762 37.446072 48.338642
v -16.145704 37.451183 48.349342
v -16.156044 37.456600 48.360481
v -16.165758 37.462311 48.372028
v -16.174820 37.468296 48.383968
v -16.183208 37.474541 48.396252
v -16.190901 37.481033 48.408863
v -16.197882 37.487759 48.421764
v -16.204130 37.494694 48.434925
v -16.209633 37.501827 48.448311
v -16.214375 37.509136 48.461895
v -16.218344 37.516609 48.475632
v -16.221531 37.524220 48.489498
v -16.223928 37.531956 48.503456
v -16.225531 37.539795 48.517467
v -16.226332 37.547718 48.531502
v -16.226332 37.555706 48.545517
v -16.225531 37.563736 48.559490
v -16.223928 37.571793 48.573380
v -16.221531 37.579853 48.587151
v -16.218344 37.587898 48.600773
v -16.214375 37.595909 48.614201
v -16.209633 37.603863 48.627419
v -16.204130 37.611740 48.640381
v -16.197882 37.619522 48.653057
v -16.190901 37.627190 48.665421
v -16.183208 37.634727 48.677437
v -16.174820 37.642113 48.689075
v -16.165758 37.649326 48.700310
v -16.156044 37.656349 48.711109
v -16.145704 37.663170 48.721451
v -16.134762 37.669765 48.731304
v -16.123247 37.676125 48.740646
v -16.111185 37.682224 48.749462
v -16.098608 37.688061 48.757717
v -16.085546 37.693607 48.765396
v -16.072033 37.698856 48.772480
v -16.058102 37.703793 48.778954
v -16.043787 37.708408 48.784801
v -16.029123 37.712685 48.789997
v -16.014147 37.716618 48.794540
v -15.998900 37.720196 48.798420
v -15.983415 37.723412 48.801617
v -15.967731 37.726250 48.804134
v -15.951888 37.728710 48.805954
v -15.935927 37.730785 48.807079
v -15.919885 37.732471 48.807507
v -15.903804 37.733761 48.807240
v -15.887721 37.734650 48.806271
v -15.871680 37.735142 48.804596
v -15.855718 37.735229 48.802242
v -15.839875 37.734917 48.799194
v -15.824191 37.734203 48.795467
v -15.808707 37.733089 48.791073
v -15.793456 37.731579 48.786018
v -15.778483 37.729679 48.780319
v -15.763820 37.727386 48.773983
v -15.749503 37.724712 48.767036
v -15.735574 37.721664 48.759487
v -15.722060 37.718246 48.751362
v -15.708999 37.714466 48.742672
v -15.696420 37.710342 48.733444
v -15.684361 37.705875 48.723701
v -15.672843 37.701077 48.713470
v -15.661901 37.695965 48.702766
v -15.651561 37.690548 48.691628
v -15.641847 37.684837 48.680077
v -15.632787 37.678852 48.668144
v -15.624398 37.672607 48.655857
v -15.616704 37.666115 48.643246
v -15.609723 37.659389 48.630344
v -15.603476 37.652454 48.617184
v -15.597974 37.645321 48.603798
v -15.593232 37.638012 48.590214
v -15.589263 37.630539 48.576477
v -15.586076 37.622929 48.562614
v -15.583676 37.615192 48.548656
v -15.582076 37.607353 48.534645
v -15.581273 37.599434 48.520607
v -15.581273 37.591446 48.506592
v -15.582076 37.583412 48.492619
v -15.583676 37.575356 48.478729
v -15.586076 37.567295 48.464958
v -15.589263 37.559250 48.451336
v -15.593232 37.551243 48.437904
v -15.597974 37.543289 48.424690
v -15.603476 37.535408 48.411728
v -15.609723 37.527626 48.399052
v -15.616704 37.519958 48.386688
v -15.624398 37.512421 48.374676
v -15.632787 37.505035 48.363033
v -15.641847 37.497826 48.351799
v -15.651561 37.490799 48.341000
v -15.661901 37.483978 48.330654
v -15.672843 37.477383 48.320805
v -15.684361 37.471027 48.311459
v -15.696420 37.464924 48.302647
v -15.708999 37.459091 48.294388
v -15.722060 37.453545 48.286713
v -15.735574 37.448292 48.279629
v -15.749503 37.443356 48.273155
v -15.763820 37.438740 48.267315
v -15.778483 37.434464 48.262108
v -15.793456 37.430531 48.257568
v -15.808707 37.426952 48.253693
v -15.824191 37.423737 48.250492
v -15.839875 37.420898 48.247978
v -15.855718 37.418438 48.246155
v -15.871680 37.416363 48.245029
v -15.887721 37.414677 48.244598
v -16.121807 37.447823 48.339680
v -16.132677 37.452621 48.349812
v -16.110395 37.443340 48.330009
v -16.142979 37.457718 48.360378
v -16.098471 37.439178 48.320824
v -16.152685 37.463104 48.371361
v -16.086060 37.435352 48.312153
v -16.161772 37.468761 48.382729
v -16.073196 37.431873 48.304012
v -16.170218 37.474682 48.394451
v -16.059914 37.428741 48.296429
v -16.178003 37.480850 48.406502
v -16.046242 37.425972 48.289410
v -16.185104 37.487247 48.418854
v -16.032215 37.423569 48.282982
v -16.191507 37.493858 48.431469
v -16.017870 37.421539 48.277157
v -16.197195 37.500668 48.444317
v -16.003241 37.419888 48.271950
v -16.202154 37.507656 48.457367
v -15.988366 37.418617 48.267380
v -16.206369 37.514812 48.470592
v -15.973279 37.417732 48.263451
v -16.209833 37.522114 48.483955
v -15.958020 37.417236 48.260166
v -16.212538 37.529541 48.497421
v -15.942626 37.417126 48.257553
v -16.214474 37.537079 48.510960
v -15.927136 37.417408 48.255604
v -16.215637 37.544708 48.524532
v -15.911588 37.418076 48.254326
v -16.216024 37.552410 48.538113
v -15.896020 37.419132 48.253723
v -16.215637 37.560162 48.551659
v -15.880471 37.420570 48.253799
v -16.214474 37.567951 48.565147
v -15.864980 37.422390 48.254555
v -16.212538 37.575752 48.578533
v -15.849585 37.424587 48.255981
v -16.209833 37.583546 48.591789
v -15.834327 37.427151 48.258083
v -16.206369 37.591316 48.604885
v -15.819241 37.430080 48.260845
v -16.202154 37.599041 48.617779
v -15.804364 37.433369 48.264271
v -16.197195 37.606705 48.630451
v -15.789737 37.437004 48.268349
v -16.191507 37.614285 48.642864
v -15.775390 37.440979 48.273064
v -16.185104 37.621765 48.654984
v -15.761363 37.445282 48.278408
v -16.178003 37.629128 48.666779
v -15.747691 37.449905 48.284367
v -16.170218 37.636345 48.678234
v -15.734408 37.454838 48.290932
v -16.161772 37.643414 48.689304
v -15.721545 37.460064 48.298080
v -16.152685 37.650303 48.699966
v -15.709136 37.465572 48.305790
v -16.142979 37.657005 48.710201
v -15.697211 37.471348 48.314049
v -16.132677 37.663498 48.719978
v -15.685798 37.477379 48.322838
v -16.121807 37.669769 48.729271
v -15.674928 37.483650 48.332134
v -16.110395 37.675800 48.738060
v -15.664626 37.490143 48.341904
v -16.098471 37.681576 48.746315
v -15.654920 37.496845 48.352142
v -16.086060 37.687084 48.754032
v -15.645833 37.503735 48.362804
v -16.073196 37.692310 48.761181
v -15.637385 37.510803 48.373875
v -16.059914 37.697243 48.767738
v -15.629603 37.518021 48.385326
v -16.046242 37.701866 48.773697
v -15.622500 37.525383 48.397129
v -16.032215 37.706169 48.779045
v -15.616097 37.532864 48.409245
v -16.017870 37.710144 48.783760
v -15.610410 37.540443 48.421658
v -16.003241 37.713779 48.787838
v -15.605452 37.548107 48.434326
v -15.988366 37.717068 48.791264
v -15.601235 37.555832 48.447224
v -15.973279 37.719997 48.794025
v -15.597772 37.563602 48.460320
v -15.958020 37.722561 48.796127
v -15.595069 37.571396 48.473576
v -15.942626 37.724758 48.797554
v -15.593133 37.579197 48.486961
v -15.927136 37.726578 48.798306
v -15.591969 37.586987 48.500446
v -15.911588 37.728016 48.798386
v -15.591580 37.594738 48.513996
v -15.896020 37.729073 48.797783
v -15.591969 37.602440 48.527576
v -15.880471 37.729740 48.796501
v -15.593133 37.610069 48.541149
v -15.864980 37.730022 48.794556
v -15.595069 37.617607 48.554688
v -15.849585 37.729912 48.791943
v -15.597772 37.625034 48.568153
v -15.834327 37.729416 48.788662
v -15.601235 37.632336 48.581512
v -15.819241 37.728531 48.784733
v -15.605452 37.639492 48.594742
v -15.804364 37.727261 48.780155
v -15.610410 37.646481 48.607788
v -15.789737 37.725609 48.774952
v -15.616097 37.653290 48.620640
v -15.775390 37.723579 48.769127
v -15.622500 37.659901 48.633255
v -15.761363 37.721176 48.762699
v -15.629603 37.666298 48.645607
v -15.747691 37.718407 48.755684
v -15.637385 37.672466 48.657654
v -15.734408 37.715275 48.748096
v -15.645833 37.678387 48.669380
v -15.721545 37.711796 48.739956
v -15.654920 37.684044 48.680744
v -15.709136 37.707970 48.731285
v -15.664626 37.689430 48.691730
v -15.697211 37.703808 48.722099
v -15.674928 37.694527 48.702301
v -15.685798 37.699326 48.712429
v -16.233887 37.751354 48.424774
v -16.174257 37.664280 48.262527
v -16.018147 37.618546 48.157646
v -15.825183 37.631630 48.150200
v -15.669072 37.698524 48.243019
v -15.609443 37.793682 48.400661
v -15.669072 37.880760 48.562908
v -15.825183 37.926491 48.667789
v -16.018147 37.913410 48.675240
v -16.174257 37.846516 48.582417
v -15.631883 37.810360 48.391159
v -15.687535 37.891628 48.542591
v -15.833241 37.934311 48.640476
v -16.013338 37.922104 48.647434
v -16.159042 37.859665 48.560799
v -16.214697 37.770851 48.413670
v -16.159042 37.689583 48.262238
v -16.013338 37.646896 48.164349
v -15.833241 37.659107 48.157398
v -15.687535 37.721542 48.244030
v -15.783465 37.869507 48.518875
v -15.725549 37.804008 48.394779
v -15.923289 37.888783 48.574757
v -16.063112 37.850552 48.529675
v -15.783465 37.730663 48.275154
v -15.923289 37.692429 48.230080
v -16.121029 37.777203 48.410049
v -16.063112 37.711704 48.285954
v -15.756345 37.749413 48.314899
v -15.754334 37.774765 48.411442
v -15.922864 37.690395 48.237541
v -16.089380 37.726837 48.327759
v -16.087372 37.752190 48.424301
v -16.089380 37.822304 48.495335
v -16.076817 37.682362 48.575062
v -16.076817 37.586899 48.407482
v -15.910298 37.550449 48.317265
v -15.743779 37.609474 48.394619
v -15.743779 37.704937 48.562202
v -15.756345 37.844879 48.482475
v -15.922864 37.881329 48.572697
v -15.910298 37.741383 48.652420
v -15.910298 37.573090 48.357002
v -15.783267 37.618114 48.416019
v -15.783267 37.690941 48.543858
v -16.037329 37.600891 48.425827
v -15.910298 37.718746 48.612679
v -16.037329 37.673721 48.553669
v -16.029469 37.596214 48.433296
v -15.909648 37.569992 48.368382
v -16.029469 37.664909 48.553883
v -15.909648 37.707378 48.609543
v -15.789828 37.681152 48.544624
v -15.789828 37.612457 48.424046
v -15.829106 36.810318 49.120586
v -15.709287 36.784092 49.055668
v -15.709287 36.715401 48.935085
v -15.829106 36.672928 48.879425
v -15.948926 36.699154 48.944344
v -15.948926 36.767849 49.064922
v -15.822621 36.669388 49.041157
v -15.903804 36.452271 46.557774
v -15.919885 36.451382 46.558743
v -15.935927 36.450890 46.560410
v -15.951888 36.450802 46.562767
v -15.967731 36.451115 46.565815
v -15.983415 36.451828 46.569542
v -15.998900 36.452942 46.573936
v -16.014147 36.454453 46.578991
v -16.029123 36.456356 46.584690
v -16.043787 36.458645 46.591022
v -16.058102 36.461319 46.597973
v -16.072033 36.464371 46.605518
v -16.085546 36.467789 46.613647
v -16.098608 36.471565 46.622337
v -16.111185 36.475693 46.631565
v -16.123247 36.480160 46.641304
v -16.134762 36.484955 46.651539
v -16.145704 36.490067 46.662239
v -16.156044 36.495487 46.673382
v -16.165758 36.501194 46.684933
v -16.174820 36.507179 46.696865
v -16.183208 36.513424 46.709152
v -16.190901 36.519920 46.721764
v -16.197882 36.526642 46.734665
v -16.204130 36.533577 46.747826
v -16.209633 36.540710 46.761211
v -16.214375 36.548019 46.774792
v -16.218344 36.555492 46.788532
v -16.221531 36.563107 46.802399
v -16.223928 36.570839 46.816353
v -16.225531 36.578678 46.830364
v -16.226332 36.586601 46.844398
v -16.226332 36.594589 46.858421
v -16.225531 36.602623 46.872391
v -16.223928 36.610676 46.886280
v -16.221531 36.618736 46.900055
v -16.218344 36.626781 46.913670
v -16.214375 36.634789 46.927105
v -16.209633 36.642742 46.940315
v -16.204130 36.650623 46.953278
v -16.197882 36.658409 46.965961
v -16.190901 36.666077 46.978321
v -16.183208 36.673611 46.990334
v -16.174820 36.680996 47.001976
v -16.165758 36.688210 47.013210
v -16.156044 36.695236 47.024014
v -16.145704 36.702053 47.034351
v -16.134762 36.708649 47.044209
v -16.123247 36.715008 47.053551
v -16.111185 36.721111 47.062363
v -16.098608 36.726940 47.070618
v -16.085546 36.732491 47.078297
v -16.072033 36.737740 47.085384
v -16.058102 36.742680 47.091854
v -16.043787 36.747292 47.097698
v -16.029123 36.751572 47.102898
v -16.014147 36.755505 47.107445
v -15.998900 36.759083 47.111317
v -15.983415 36.762295 47.114517
v -15.967731 36.765133 47.117031
v -15.951888 36.767597 47.118855
v -15.935927 36.769672 47.119984
v -15.919885 36.771355 47.120411
v -15.903804 36.772644 47.120140
v -15.887721 36.773537 47.119167
v -15.871680 36.774025 47.117500
v -15.855718 36.774117 47.115139
v -15.839875 36.773804 47.112091
v -15.824191 36.773087 47.108372
v -15.808707 36.771976 47.103973
v -15.793456 36.770462 47.098919
v -15.778483 36.768559 47.093216
v -15.763820 36.766270 47.086887
v -15.749503 36.763596 47.079937
v -15.735574 36.760548 47.072392
v -15.722060 36.757130 47.064259
v -15.708999 36.753353 47.055573
v -15.696420 36.749226 47.046345
v -15.684361 36.744759 47.036602
v -15.672843 36.739964 47.026367
v -15.661901 36.734848 47.015667
v -15.651561 36.729431 47.004532
v -15.641847 36.723724 46.992977
v -15.632787 36.717739 46.981045
v -15.624398 36.711491 46.968758
v -15.616704 36.704998 46.956150
v -15.609723 36.698277 46.943249
v -15.603476 36.691341 46.930088
v -15.597974 36.684208 46.916695
v -15.593232 36.676895 46.903118
v -15.589263 36.669426 46.889374
v -15.586076 36.661812 46.875511
v -15.583676 36.654076 46.861553
v -15.582076 36.646236 46.847542
v -15.581273 36.638313 46.833511
v -15.581273 36.630325 46.819489
v -15.582076 36.622295 46.805515
v -15.583676 36.614239 46.791630
v -15.586076 36.606178 46.777859
v -15.589263 36.598137 46.764240
v -15.593232 36.590126 46.750809
v -15.597974 36.582172 46.737591
v -15.603476 36.574295 46.724628
v -15.609723 36.566509 46.711952
v -15.616704 36.558842 46.699593
v -15.624398 36.551304 46.687572
v -15.632787 36.543922 46.675934
v -15.641847 36.536705 46.664703
v -15.651561 36.529682 46.653900
v -15.661901 36.522861 46.643559
v -15.672843 36.516266 46.633705
v -15.684361 36.509907 46.624359
v -15.696420 36.503807 46.615551
v -15.708999 36.497974 46.607292
v -15.722060 36.492424 46.599609
v -15.735574 36.487179 46.592525
v -15.749503 36.482239 46.586056
v -15.763820 36.477627 46.580212
v -15.778483 36.473347 46.575012
v -15.793456 36.469414 46.570469
v -15.808707 36.465836 46.566589
v -15.824191 36.462624 46.563389
v -15.839875 36.459782 46.560879
v -15.855718 36.457321 46.559059
v -15.871680 36.455246 46.557930
v -15.887721 36.453560 46.557503
v -16.127312 36.489067 46.657585
v -16.116167 36.484425 46.647682
v -16.137901 36.494015 46.667942
v -16.104496 36.480103 46.638252
v -16.147907 36.499256 46.678722
v -16.092323 36.476109 46.629326
v -16.157307 36.504784 46.689903
v -16.079683 36.472454 46.620918
v -16.166077 36.510574 46.701447
v -16.066607 36.469147 46.613052
v -16.174196 36.516621 46.713341
v -16.053125 36.466194 46.605747
v -16.181641 36.522903 46.725540
v -16.039270 36.463608 46.599018
v -16.188395 36.529411 46.738029
v -16.025080 36.461391 46.592892
v -16.194441 36.536125 46.750763
v -16.010588 36.459549 46.587376
v -16.199766 36.543026 46.763718
v -15.995833 36.458088 46.582485
v -16.204355 36.550098 46.776859
v -15.980845 36.457008 46.578232
v -16.208197 36.557331 46.790157
v -15.965669 36.456318 46.574623
v -16.211281 36.564697 46.803581
v -15.950337 36.456017 46.571678
v -16.213602 36.572182 46.817081
v -15.934892 36.456104 46.569393
v -16.215151 36.579769 46.830647
v -15.919366 36.456577 46.567783
v -16.215927 36.587437 46.844223
v -15.903804 36.457439 46.566841
v -16.215927 36.595165 46.857792
v -15.888240 36.458687 46.566582
v -16.215151 36.602936 46.871311
v -15.872716 36.460320 46.566994
v -16.213602 36.610733 46.884750
v -15.857268 36.462326 46.568085
v -16.211281 36.618534 46.898083
v -15.841937 36.464706 46.569847
v -16.208197 36.626320 46.911263
v -15.826760 36.467457 46.572281
v -16.204355 36.634071 46.924259
v -15.811774 36.470566 46.575378
v -16.199766 36.641769 46.937050
v -15.797017 36.474026 46.579128
v -16.194441 36.649391 46.949593
v -15.782525 36.477833 46.583523
v -16.188395 36.656925 46.961861
v -15.768336 36.481972 46.588558
v -16.181641 36.664345 46.973827
v -15.754481 36.486439 46.594212
v -16.174196 36.671638 46.985451
v -15.741000 36.491219 46.600475
v -16.166077 36.678783 46.996716
v -15.727923 36.496300 46.607334
v -16.157307 36.685768 47.007587
v -15.715281 36.501667 46.614765
v -16.147907 36.692562 47.018044
v -15.703111 36.507313 46.622757
v -16.137901 36.699165 47.028049
v -15.691438 36.513218 46.631279
v -16.127312 36.705547 47.037586
v -15.680293 36.519367 46.640327
v -16.116167 36.711700 47.046627
v -15.669705 36.525753 46.649864
v -16.104496 36.717606 47.055157
v -15.659697 36.532352 46.659870
v -16.092323 36.723248 47.063145
v -15.650298 36.539150 46.670322
v -16.079683 36.728619 47.070576
v -15.641528 36.546131 46.681190
v -16.066607 36.733696 47.077431
v -15.633410 36.553276 46.692455
v -16.053125 36.738476 47.083694
v -15.625966 36.560574 46.704086
v -16.039270 36.742943 47.089352
v -15.619210 36.567993 46.716049
v -16.025080 36.747082 47.094383
v -15.613164 36.575523 46.728321
v -16.010588 36.750889 47.098782
v -15.607839 36.583149 46.740864
v -15.995833 36.754353 47.102535
v -15.603251 36.590847 46.753647
v -15.980845 36.757462 47.105629
v -15.599408 36.598598 46.766651
v -15.965669 36.760212 47.108059
v -15.596324 36.606384 46.779831
v -15.950337 36.762592 47.109825
v -15.934892 36.764599 47.110916
v -15.594005 36.614185 46.793156
v -15.592454 36.621979 46.806599
v -15.919366 36.766232 47.111332
v -15.591678 36.629749 46.820118
v -15.903804 36.767475 47.111069
v -15.888240 36.768337 47.110130
v -15.591678 36.637482 46.833683
v -15.592454 36.645149 46.847267
v -15.872716 36.768814 47.108513
v -15.857268 36.768898 47.106232
v -15.594005 36.652733 46.860825
v -15.596324 36.660221 46.874332
v -15.841937 36.768597 47.103283
v -15.599408 36.667587 46.887749
v -15.603251 36.674816 46.901047
v -15.811774 36.766830 47.095425
v -15.826760 36.767906 47.099682
v -15.607839 36.681892 46.914188
v -15.782525 36.763527 47.085014
v -15.797017 36.765366 47.090534
v -15.613164 36.688793 46.927147
v -15.619210 36.695507 46.939884
v -15.768336 36.761311 47.078888
v -15.625966 36.702015 46.952366
v -15.754481 36.758720 47.072166
v -15.633410 36.708298 46.964569
v -15.641528 36.714340 46.976460
v -15.741000 36.755772 47.064861
v -15.715281 36.748810 47.048588
v -15.727923 36.752464 47.056992
v -15.650298 36.720135 46.988010
v -15.659697 36.725658 46.999187
v -15.691438 36.740490 47.030228
v -15.703111 36.744816 47.039654
v -15.669705 36.730904 47.009968
v -15.680293 36.735847 47.020321
v -15.921666 36.966423 46.997730
v -16.105185 36.924377 46.952850
v -16.218605 36.839180 46.821175
v -16.218605 36.743374 46.653000
v -16.105185 36.673550 46.512562
v -15.921666 36.656384 46.453506
v -15.738147 36.698429 46.498390
v -15.624724 36.783627 46.630066
v -15.624724 36.879433 46.798237
v -15.738147 36.949257 46.938675
v -15.923289 36.684807 46.461346
v -15.752004 36.724049 46.503231
v -15.646144 36.803566 46.626133
v -15.646144 36.892986 46.783092
v -15.752004 36.958153 46.914169
v -15.923289 36.974174 46.969288
v -16.094574 36.934929 46.927399
v -16.200434 36.855415 46.804501
v -16.200434 36.765995 46.647533
v -16.094574 36.700825 46.516460
v -15.783465 36.769543 46.588055
v -15.725549 36.842892 46.707680
v -15.923289 36.731308 46.542976
v -15.783465 36.908390 46.831776
v -16.063112 36.750587 46.598858
v -15.923289 36.927670 46.887653
v -16.121029 36.816086 46.722954
v -16.063112 36.889435 46.842579
v -16.019003 36.735550 46.576607
v -15.920854 36.719685 46.585644
v -16.115143 36.811710 46.725445
v -16.019003 36.900902 46.866859
v -15.920854 36.885036 46.875900
v -15.826724 36.913937 46.859436
v -15.814158 36.773994 46.939156
v -16.006437 36.760963 46.946583
v -16.102577 36.671768 46.805164
v -16.006437 36.595608 46.656326
v -15.814158 36.608643 46.648899
v -15.826724 36.748585 46.569180
v -15.730584 36.837776 46.710590
v -15.718020 36.697838 46.790318
v -16.056980 36.674858 46.803406
v -15.983640 36.616760 46.689861
v -15.836957 36.626701 46.684196
v -15.983640 36.742901 46.911282
v -15.763618 36.694744 46.792076
v -15.836957 36.752846 46.905621
v -15.978827 36.732368 46.908962
v -16.048004 36.668190 46.807205
v -15.840470 36.741749 46.903618
v -15.771293 36.686947 46.796520
v -15.840470 36.622765 46.694763
v -15.978827 36.613388 46.700108
v -15.690749 35.789886 47.307564
v -15.759927 35.725708 47.205811
v -15.898284 35.716328 47.211151
v -15.967462 35.771126 47.318249
v -15.898284 35.835308 47.420002
v -15.759927 35.844688 47.414661
v -15.822621 35.708275 47.354053
v -14.957197 37.813198 48.242970
v -14.770075 37.815414 48.217369
v -14.957404 37.813786 48.238655
v -14.771048 37.815994 48.213161
v -14.769053 37.815975 48.221569
v -14.957067 37.813747 48.247295
v -14.592336 37.796585 48.156300
v -14.594038 37.797237 48.152340
v -14.590464 37.797054 48.160210
v -14.432892 37.757648 48.062828
v -14.435249 37.758465 48.059258
v -14.430258 37.757935 48.066296
v -14.299740 37.700565 47.941643
v -14.302642 37.701614 47.938560
v -14.202868 37.629539 47.796318
v -14.296470 37.700577 47.944523
v -14.199555 37.628193 47.798809
v -14.195807 37.627857 47.801014
v -14.137361 37.544159 47.641506
v -14.140930 37.545853 47.639656
v -14.133316 37.543423 47.642952
v -14.116278 37.452682 47.477608
v -14.119932 37.454750 47.476429
v -14.112132 37.451511 47.478275
v -14.137361 37.358349 47.315338
v -14.140930 37.360802 47.314827
v -14.202868 37.268715 47.162945
v -14.133316 37.356724 47.315231
v -14.199555 37.265884 47.162834
v -14.302642 37.183113 47.028412
v -14.195807 37.263821 47.161999
v -14.299741 37.179932 47.027744
v -14.296471 37.177452 47.026260
v -14.432893 37.104794 46.916840
v -14.435250 37.108288 46.917961
v -14.430259 37.101959 46.914825
v -14.592337 37.044243 46.835682
v -14.594039 37.047985 46.837135
v -14.590465 37.041119 46.833282
v -14.770076 37.001316 46.788338
v -14.771049 37.005234 46.789989
v -14.957405 36.982174 46.778885
v -14.957198 36.978165 46.777191
v -14.769053 36.997986 46.785713
v -14.957068 36.974728 46.774517
v -15.144320 36.975948 46.802788
v -15.143760 36.979969 46.804386
v -15.145083 36.972500 46.800236
v -15.322059 36.994778 46.863857
v -15.320769 36.998722 46.865200
v -15.323672 36.991421 46.861595
v -15.481503 37.033714 46.957333
v -15.479558 37.037495 46.958290
v -15.483876 37.030537 46.955517
v -15.614655 37.090797 47.078522
v -15.612164 37.094345 47.078979
v -15.711940 37.166424 47.221222
v -15.617665 37.087894 47.077282
v -15.714841 37.163170 47.221352
v -15.718328 37.160614 47.220795
v -15.777034 37.247200 47.378658
v -15.773877 37.250111 47.377884
v -15.794875 37.341209 47.541111
v -15.780818 37.245049 47.378853
v -15.798118 37.338676 47.542553
v -15.802003 37.336960 47.543533
v -15.777034 37.433014 47.704823
v -15.773877 37.435162 47.702713
v -15.711940 37.527245 47.854595
v -15.780818 37.431747 47.706577
v -15.714841 37.525478 47.857327
v -15.612164 37.612846 47.989128
v -15.718328 37.524651 47.859810
v -15.614655 37.611435 47.992420
v -15.617665 37.611019 47.995548
v -15.481503 37.686569 48.103325
v -15.479558 37.687675 48.099579
v -15.483876 37.686512 48.106979
v -15.322058 37.747116 48.184483
v -15.320768 37.747978 48.180405
v -15.143759 37.790726 48.227551
v -15.323671 37.747353 48.188526
v -15.144319 37.790047 48.231823
v -15.145082 37.790485 48.236092
v -15.157576 36.993332 46.806087
v -15.345248 37.015949 46.875370
v -15.510434 37.061367 46.981121
v -15.345247 37.748016 48.160400
v -15.510434 37.680206 48.067406
v -15.157575 37.796078 48.215183
v -14.958322 37.821594 48.228573
v -14.957986 37.818130 48.231205
v -14.957673 37.815468 48.234642
v -14.958322 36.994831 46.777309
v -15.143439 36.984287 46.804901
v -14.957987 36.990803 46.778946
v -14.957674 36.986485 46.779484
v -15.319890 37.002979 46.865524
v -15.478179 37.041630 46.958321
v -15.610364 37.098301 47.078629
v -15.643533 37.126934 47.117195
v -15.643664 37.122997 47.119064
v -15.644719 37.118950 47.120281
v -15.709823 37.170151 47.220428
v -15.736810 37.208851 47.275692
v -15.737006 37.204975 47.277668
v -15.738248 37.201084 47.279202
v -15.771567 37.253574 47.376595
v -15.784844 37.302357 47.447395
v -15.785071 37.298538 47.449490
v -15.786412 37.294838 47.451366
v -15.792497 37.344387 47.539303
v -15.784844 37.402012 47.622326
v -15.785071 37.398266 47.624542
v -15.786412 37.394764 47.626766
v -15.771567 37.438042 47.700394
v -15.736810 37.502026 47.790318
v -15.737006 37.498348 47.792648
v -15.738248 37.495045 47.795212
v -15.709823 37.529831 47.851795
v -15.643533 37.596592 47.941608
v -15.643664 37.592976 47.944046
v -15.644719 37.589863 47.946911
v -15.610364 37.615166 47.985909
v -15.510474 37.676651 48.069923
v -15.511264 37.673702 48.073044
v -15.345175 37.744503 48.162983
v -15.345635 37.741692 48.166286
v -15.157374 37.792595 48.217804
v -15.157458 37.789883 48.221214
v -15.008336 38.378643 47.911232
v -15.207589 38.353123 47.897842
v -15.395263 38.305061 47.843060
v -15.560449 38.237255 47.750065
v -15.693549 38.153637 47.624268
v -15.786826 38.059074 47.472977
v -15.834861 37.959061 47.304985
v -15.834861 37.859402 47.130054
v -15.786826 37.765900 46.958351
v -15.693549 37.683983 46.799854
v -15.560449 37.618408 46.663780
v -15.395263 37.572994 46.558029
v -15.207589 37.550381 46.488747
v -15.008336 37.551876 46.459969
v -14.809085 37.577393 46.473358
v -14.759070 37.020348 46.790699
v -14.621411 37.625454 46.528141
v -14.571398 37.068409 46.845482
v -14.456225 37.693260 46.621136
v -14.406212 37.136215 46.938477
v -14.323127 37.776878 46.746933
v -14.273111 37.219833 47.064274
v -14.179833 37.314396 47.215565
v -14.229848 37.871441 46.898224
v -14.181815 37.971455 47.066216
v -14.131800 37.414413 47.383556
v -14.181815 38.071114 47.241146
v -14.131800 37.514069 47.558487
v -14.179833 37.607571 47.730190
v -14.229848 38.164616 47.412849
v -14.273111 37.689487 47.888687
v -14.323127 38.246532 47.571350
v -14.406211 37.755058 48.024769
v -14.456225 38.312107 47.707428
v -14.571397 37.800472 48.130520
v -14.621411 38.357517 47.813179
v -14.809085 38.380135 47.882454
v -14.759069 37.823090 48.199795
v -15.008986 37.563244 46.463104
v -14.811727 37.588505 46.476360
v -14.625930 37.636086 46.530594
v -14.462396 37.703217 46.622662
v -14.330627 37.785995 46.747200
v -14.238283 37.879616 46.896980
v -14.190728 37.978630 47.063290
v -14.190728 38.077290 47.236473
v -14.238283 38.169857 47.406460
v -14.330627 38.250954 47.563370
v -14.462396 38.315868 47.698086
v -14.625930 38.360828 47.802780
v -14.811727 38.383221 47.871365
v -15.008986 38.381741 47.899857
v -15.555577 38.241768 47.740299
v -15.392043 38.308895 47.832367
v -15.539014 38.233608 47.723366
v -15.666789 38.153336 47.602600
v -15.687346 38.158989 47.615761
v -15.380435 38.298706 47.812637
v -15.756335 38.062553 47.457359
v -15.779691 38.065372 47.465984
v -15.206246 38.356476 47.886600
v -15.200269 38.344841 47.865231
v -15.802449 37.966541 47.296089
v -15.827245 37.966354 47.299667
v -15.008986 38.369339 47.878086
v -15.802449 37.870869 47.128155
v -15.827245 37.867695 47.126488
v -14.817704 38.370773 47.850460
v -15.756335 37.781109 46.963322
v -15.779691 37.775127 46.956501
v -14.637538 38.349064 47.783951
v -15.666789 37.702465 46.811165
v -15.687346 37.694027 46.799595
v -14.478959 38.305466 47.682430
v -15.539014 37.639519 46.680527
v -15.555577 37.629112 46.664875
v -14.351184 38.242516 47.551796
v -15.380435 37.595921 46.579006
v -15.392043 37.584152 46.560177
v -14.261638 38.163876 47.399639
v -15.206246 37.561764 46.491596
v -15.200269 37.574207 46.512501
v -14.215525 38.074112 47.234806
v -15.008986 37.575642 46.484871
v -14.215525 37.978443 47.066875
v -14.817704 37.600140 46.497726
v -14.261638 37.882427 46.905602
v -14.637538 37.646282 46.550320
v -14.351184 37.791649 46.760361
v -14.478959 37.711376 46.639591
v -15.197627 37.571121 46.523590
v -15.008336 37.572544 46.496250
v -15.375916 37.592609 46.589405
v -15.532844 37.635754 46.689865
v -15.659287 37.698044 46.819141
v -15.747903 37.775867 46.969711
v -15.793534 37.864697 47.132832
v -15.793534 37.959366 47.299015
v -15.747903 38.054382 47.458611
v -15.659287 38.144218 47.602333
v -15.532844 38.223656 47.721844
v -15.375916 38.288071 47.810188
v -15.197627 38.333729 47.862236
v -15.008336 38.357971 47.874950
v -14.819047 38.359390 47.847610
v -14.640759 38.337906 47.781796
v -14.483830 38.294762 47.681335
v -14.357387 38.232468 47.552059
v -14.268773 38.154648 47.401489
v -14.223140 38.065819 47.238373
v -14.223140 37.971146 47.072186
v -14.268773 37.876129 46.912594
v -14.357387 37.786297 46.768867
v -14.483830 37.706860 46.649361
v -14.640759 37.642441 46.561016
v -14.819047 37.596786 46.508972
v -14.830128 37.569775 46.520721
v -15.006133 37.548000 46.510231
v -14.662947 37.610153 46.565247
v -14.512975 37.667107 46.641582
v -14.387733 37.737778 46.745899
v -14.293499 37.818626 46.872967
v -14.235000 37.905598 47.016411
v -14.215170 37.994328 47.169044
v -14.235000 38.080372 47.323200
v -14.293499 38.159412 47.471165
v -14.387733 38.227486 47.605511
v -14.512975 38.281178 47.719498
v -14.662947 38.317799 47.807419
v -14.830128 38.335510 47.864853
v -15.006133 38.333427 47.888939
v -15.182139 38.311649 47.878448
v -15.349319 38.271271 47.833923
v -15.499291 38.214317 47.757584
v -15.624534 38.143646 47.653271
v -15.718768 38.062798 47.526203
v -15.777267 37.975826 47.382759
v -15.797097 37.887093 47.230129
v -15.777267 37.801052 47.075970
v -15.718768 37.722012 46.928005
v -15.624534 37.653938 46.793659
v -15.499291 37.600246 46.679672
v -15.349319 37.563625 46.591751
v -15.182139 37.545914 46.534309
v -15.785422 37.901665 47.221828
v -15.762813 37.810745 47.058674
v -15.696301 37.728180 46.903255
v -15.589749 37.658760 46.764606
v -15.449351 37.606522 46.650780
v -15.283266 37.574501 46.568401
v -15.101148 37.564560 46.522243
v -14.913578 37.577271 46.515003
v -14.731460 37.611904 46.547089
v -14.565375 37.666443 46.616646
v -14.424977 37.737713 46.719627
v -14.318426 37.821579 46.850044
v -14.251912 37.913166 47.000332
v -14.229304 38.007149 47.161739
v -14.251912 38.098064 47.324890
v -14.318426 38.180630 47.480312
v -14.424977 38.250053 47.618961
v -14.565375 38.302292 47.732788
v -14.731460 38.334312 47.815166
v -14.913578 38.344254 47.861320
v -15.101148 38.331539 47.868565
v -15.283266 38.296906 47.836479
v -15.449351 38.242367 47.766922
v -15.589749 38.171097 47.663940
v -15.696301 38.087231 47.533516
v -15.762813 37.995647 47.383236
v -15.469447 37.658314 46.744862
v -15.600970 37.724758 46.882225
v -15.300489 37.615852 46.643700
v -15.684403 37.809807 47.044670
v -15.107783 37.600822 46.586945
v -15.712987 37.906574 47.219032
v -14.906941 37.614437 46.579189
v -15.684403 38.007214 47.391190
v -14.714236 37.655594 46.621063
v -15.600970 38.103577 47.547188
v -14.545278 37.720955 46.709175
v -15.469447 38.187855 47.674393
v -14.413754 37.805237 46.836380
v -15.300489 38.253216 47.762505
v -14.330322 37.901596 46.992378
v -15.107783 38.294376 47.804375
v -14.301740 38.002235 47.164536
v -14.906941 38.307991 47.796623
v -14.330322 38.099003 47.338898
v -14.714236 38.292957 47.739868
v -14.413754 38.184055 47.501339
v -14.545278 38.250500 47.638706
v -15.640178 37.981953 47.176090
v -15.609511 37.887909 47.006172
v -15.520520 37.807220 46.850513
v -15.381913 37.747799 46.724358
v -15.207256 37.715454 46.640057
v -15.013649 37.713356 46.605854
v -14.820043 37.741703 46.625107
v -14.645386 37.797726 46.695915
v -14.506779 37.875938 46.811367
v -14.417789 37.968689 46.960148
v -14.387123 38.066895 47.127701
v -15.597138 37.992409 47.170132
v -15.568614 37.904922 47.012070
v -15.485829 37.829868 46.867275
v -15.356893 37.774593 46.749920
v -15.194422 37.744503 46.671497
v -15.014321 37.742550 46.639683
v -14.834222 37.768917 46.657593
v -14.671751 37.821033 46.723461
v -14.542814 37.893791 46.830856
v -14.460032 37.980068 46.969257
v -14.431507 38.071423 47.125122
v -15.579081 37.801006 47.063992
v -15.608605 37.891556 47.227589
v -15.493401 37.723324 46.914127
v -15.359950 37.666115 46.792667
v -15.191794 37.634968 46.711502
v -15.005390 37.632950 46.678570
v -14.818987 37.660240 46.697105
v -14.650831 37.714184 46.765285
v -14.517381 37.789486 46.876438
v -14.431701 37.878784 47.019684
v -14.402176 37.973335 47.181000
v -14.431701 38.063881 47.344601
v -14.460032 38.158909 47.283184
v -14.517381 38.141563 47.494461
v -14.542814 38.233967 47.427979
v -14.650831 38.198776 47.615925
v -14.671751 38.289242 47.545334
v -14.818987 38.229919 47.697086
v -14.834222 38.319332 47.623756
v -15.005390 38.231941 47.730019
v -15.014321 38.321285 47.655571
v -15.194422 38.294914 47.637661
v -15.191794 38.204647 47.711487
v -15.359950 38.150707 47.643307
v -15.356893 38.242798 47.571793
v -15.485829 38.170040 47.464397
v -15.493401 38.075401 47.532150
v -15.568614 38.083763 47.325996
v -15.579081 37.986103 47.388905
v -15.594338 37.732658 47.318111
v -15.564816 37.827206 47.479427
v -15.479136 37.916504 47.622673
v -15.345685 37.991810 47.733826
v -15.177527 38.045750 47.802006
v -14.991124 38.073044 47.820541
v -14.804720 38.071022 47.787613
v -14.636564 38.039879 47.706444
v -14.503114 37.982666 47.584984
v -14.417434 37.904987 47.435120
v -14.387911 37.814438 47.271523
v -15.494512 37.955990 47.694405
v -15.597007 37.869854 47.559364
v -15.351231 38.027344 47.797077
v -15.178779 38.078136 47.859055
v -15.650420 37.775921 47.402893
v -14.991124 38.104252 47.875324
v -15.650420 37.681789 47.237659
v -14.803469 38.103577 47.844563
v -15.564816 37.642109 47.154514
v -15.597007 37.595093 47.077065
v -14.631017 38.076164 47.769260
v -15.479136 37.564426 47.004646
v -15.494512 37.522858 46.934105
v -14.487739 38.024239 47.655529
v -15.345685 37.507214 46.883194
v -15.351231 37.470928 46.820370
v -14.385242 37.951996 47.512573
v -15.177527 37.476074 46.802025
v -15.178779 37.443516 46.745068
v -14.331829 37.865303 47.351971
v -14.991124 37.474052 46.769096
v -14.991124 37.442841 46.714306
v -14.331829 37.771175 47.186741
v -14.417434 37.719887 47.110207
v -14.803469 37.468956 46.730579
v -14.804720 37.501343 46.787624
v -14.385242 37.677238 47.030266
v -14.503114 37.630589 46.966961
v -14.631017 37.519749 46.792553
v -14.636564 37.555283 46.855804
v -14.487739 37.591103 46.895226
v -14.989500 38.086166 47.885620
v -14.791277 38.084621 47.851669
v -14.611015 38.053246 47.768185
v -14.465053 37.994884 47.642738
v -14.366613 37.914829 47.486694
v -14.324620 37.820332 47.314201
v -14.342878 37.719955 47.140881
v -14.419731 37.622795 46.982445
v -14.548216 37.537659 46.853252
v -14.716689 37.472260 46.765003
v -14.804576 37.450291 46.740292
v -14.896115 37.434353 46.726738
v -14.989500 37.424755 46.724613
v -15.177155 37.425430 46.755375
v -15.349607 37.452843 46.830669
v -15.492886 37.504772 46.944408
v -15.595384 37.577011 47.087364
v -15.648797 37.663704 47.247963
v -15.648797 37.757835 47.413193
v -15.595384 37.851772 47.569668
v -15.492886 37.937904 47.704712
v -15.349607 38.009258 47.807377
v -15.177155 38.060051 47.869362
v -15.285311 37.479183 46.866776
v -15.111362 37.458130 46.802402
v -15.430306 37.527279 46.974056
v -14.925482 37.466183 46.787243
v -15.532153 37.597713 47.113743
v -14.745868 37.502548 46.822769
v -15.580878 37.683590 47.272163
v -14.590104 37.563675 46.905518
v -15.571717 37.776497 47.433807
v -14.473436 37.643574 47.027382
v -15.505565 37.867348 47.582859
v -14.407284 37.734425 47.176430
v -15.388898 37.947247 47.704720
v -14.398123 37.827335 47.338074
v -15.233131 38.008373 47.787468
v -14.446850 37.913208 47.496494
v -15.053519 38.044739 47.822998
v -14.548695 37.983643 47.636185
v -14.867639 38.052792 47.807838
v -14.693689 38.031738 47.743465
v -15.226585 37.985176 47.788025
v -15.050602 38.020813 47.822838
v -14.868479 38.028698 47.807983
v -14.698043 38.008072 47.744911
v -14.555976 37.960945 47.639797
v -14.456189 37.891937 47.502934
v -14.408446 37.807796 47.347713
v -14.417422 37.716763 47.189335
v -14.482238 37.627747 47.043297
v -14.596550 37.549465 46.923893
v -14.749167 37.489571 46.842823
v -14.925150 37.453941 46.808010
v -15.107274 37.446049 46.822861
v -15.277710 37.466679 46.885933
v -15.419778 37.513805 46.991051
v -15.519565 37.582817 47.127914
v -15.567307 37.666954 47.283134
v -15.558331 37.757988 47.441513
v -15.493516 37.847004 47.587551
v -15.379203 37.925289 47.706947
v -15.130779 36.918110 48.395920
v -15.283396 36.858219 48.314846
v -15.397708 36.779934 48.195442
v -15.462523 36.690918 48.049404
v -15.471499 36.599888 47.891022
v -15.423757 36.515747 47.735806
v -15.323969 36.446735 47.598938
v -15.181904 36.399609 47.493824
v -15.011467 36.378983 47.430759
v -14.829343 36.386871 47.415901
v -14.653360 36.422504 47.450714
v -14.500743 36.482395 47.531788
v -14.386432 36.560680 47.651192
v -14.321615 36.649693 47.797226
v -14.312639 36.740726 47.955608
v -14.360382 36.824867 48.110828
v -14.460171 36.893875 48.247696
v -14.602236 36.941002 48.352802
v -14.772672 36.961632 48.415874
v -14.954795 36.953743 48.430733
v -15.078602 36.372627 47.430183
v -15.246874 36.403790 47.511406
v -14.892069 36.370605 47.397232
v -15.380416 36.461040 47.632946
v -14.705538 36.397919 47.415775
v -15.466157 36.538780 47.782917
v -14.537264 36.451893 47.484001
v -15.495700 36.629391 47.946629
v -14.403723 36.527248 47.595234
v -15.466157 36.724007 48.108055
v -14.317984 36.616608 47.738575
v -15.380416 36.813366 48.251400
v -14.288440 36.711224 47.900005
v -15.246874 36.888721 48.362629
v -14.317984 36.801834 48.063717
v -15.078602 36.942699 48.430855
v -14.403723 36.879570 48.213680
v -14.892069 36.970009 48.449398
v -14.537264 36.936825 48.335228
v -14.705538 36.967983 48.416447
v -14.417789 38.160942 47.297619
v -14.506779 38.241627 47.453278
v -14.645386 38.301048 47.579426
v -14.820043 38.333393 47.663734
v -15.013649 38.335495 47.697937
v -15.207256 38.307144 47.678684
v -15.381913 38.251122 47.607868
v -15.520520 38.172909 47.492424
v -15.609511 38.080158 47.343643
v -14.771907 37.817669 48.209225
v -14.595455 37.798973 48.148598
v -14.437168 37.760323 48.055805
v -14.304980 37.703651 47.935497
v -14.272307 37.685932 47.891083
v -14.270626 37.683006 47.893841
v -14.205522 37.631805 47.793701
v -14.178967 37.603962 47.732479
v -14.177098 37.600868 47.734921
v -14.143780 37.548382 47.637535
v -14.130900 37.510395 47.560661
v -14.128935 37.507118 47.562759
v -14.122849 37.457565 47.474827
v -14.130900 37.410671 47.385612
v -14.128935 37.407196 47.387360
v -14.143780 37.363918 47.313732
v -14.178967 37.310589 47.217503
v -14.177098 37.306911 47.218918
v -14.205522 37.272121 47.162334
v -14.272307 37.215958 47.066109
v -14.270626 37.212093 47.067223
v -14.304980 37.186790 47.028221
v -14.405499 37.132286 46.940224
v -14.404082 37.128254 46.941086
v -14.570797 37.064430 46.847172
v -14.569712 37.060261 46.847843
v -14.758598 37.016338 46.792347
v -14.757887 37.012074 46.792912
v -14.656936 35.600681 47.362488
v -15.023276 35.575848 47.376637
v -15.041302 35.579796 47.386402
v -15.044091 35.584770 47.395576
v -15.033685 35.576527 47.379463
v -14.646527 35.602768 47.364513
v -14.638909 35.607071 47.370861
v -14.636121 35.612427 47.379826
v -14.771600 35.642754 47.454414
v -14.636121 35.662086 47.466995
v -14.908612 35.633469 47.459705
v -15.044091 35.634430 47.482750
v -15.853789 36.113789 48.451805
v -15.853789 35.931900 48.132526
v -15.843381 36.123444 48.467113
v -15.832972 36.125534 48.469143
v -15.850999 36.119144 48.460766
v -15.850999 35.926922 48.123348
v -15.843381 35.923656 48.116417
v -15.832972 35.922977 48.113583
v -15.753392 35.995636 48.228584
v -15.732953 35.929756 48.109718
v -15.753392 36.063663 48.347996
v -15.732953 36.132313 48.465282
v -14.656936 36.607269 49.129406
v -15.023276 36.582436 49.143555
v -14.638909 36.603325 49.119640
v -14.636121 36.598343 49.110466
v -14.646527 36.606590 49.126575
v -15.033685 36.580345 49.141525
v -15.041302 36.576046 49.135181
v -15.044091 36.570690 49.126213
v -14.908612 36.540363 49.051628
v -15.044091 36.521030 49.039047
v -14.771600 36.549648 49.046337
v -14.636121 36.548687 49.023293
v -15.903804 37.459892 48.326508
v -15.741902 37.504162 48.378700
v -15.674840 37.589096 48.517212
v -15.741902 37.664932 48.660908
v -15.903804 37.687256 48.725605
v -15.745925 37.660469 48.658588
v -15.903720 37.684227 48.722473
v -15.903617 37.682209 48.721603
v -15.903720 37.461044 48.330708
v -15.744792 37.504501 48.381943
v -15.903617 37.460762 48.332882
v -15.745925 37.503883 48.383724
v -15.743419 37.504597 48.380230
v -15.903783 37.460747 48.328529
v -15.678962 37.587872 48.517910
v -15.680606 37.586605 48.518631
v -15.676995 37.588722 48.517426
v -15.744792 37.662315 48.658962
v -15.743419 37.663837 48.659756
v -15.903783 37.685947 48.723839
v -16.018284 37.664265 48.703289
v -16.017178 37.663174 48.701736
v -16.061306 37.639091 48.670765
v -16.062645 37.640770 48.671238
v -16.102091 37.616970 48.633484
v -16.064146 37.642097 48.672138
v -16.100187 37.616333 48.632591
v -16.126625 37.556370 48.535854
v -16.128475 37.557400 48.535267
v -16.132765 37.558052 48.534897
v -16.130569 37.557976 48.534943
v -16.102089 37.503292 48.433933
v -16.100185 37.503731 48.434940
v -16.061306 37.482506 48.395901
v -16.062645 37.482952 48.394218
v -16.018282 37.467365 48.357662
v -16.064146 37.482857 48.392612
v -16.017176 37.468147 48.359390
v -16.013428 37.464130 48.367931
v -15.903329 37.458637 48.336597
v -15.903163 37.456936 48.337921
v -15.903329 37.677933 48.721539
v -16.013748 37.655758 48.700012
v -15.903163 37.675926 48.722328
v -16.013428 37.653782 48.700832
v -16.014324 37.657814 48.699688
v -15.903483 37.680073 48.721291
v -16.060236 37.637211 48.670757
v -16.094149 37.608231 48.633602
v -16.094582 37.610146 48.632690
v -16.095467 37.612026 48.632103
v -16.123695 37.551479 48.538643
v -16.124168 37.553314 48.537598
v -16.094149 37.498737 48.441399
v -16.125168 37.554981 48.536648
v -16.094582 37.500496 48.440220
v -16.095467 37.501961 48.438896
v -16.060236 37.481556 48.397522
v -16.013748 37.465843 48.366646
v -15.903483 37.459942 48.334881
v -16.014324 37.467175 48.365047
v -15.695811 36.856659 48.762035
v -15.617709 36.719563 49.012573
v -15.678676 36.642353 48.886650
v -15.845185 36.815815 48.713882
v -15.825858 36.602108 48.839203
v -15.712949 37.070965 48.637424
v -15.682628 37.581379 48.521606
v -15.994555 36.836407 48.773575
v -15.973041 36.622398 48.898018
v -16.034004 36.691341 49.028648
v -15.864510 37.029522 48.588562
v -15.730084 37.285271 48.512810
v -15.792895 37.479080 48.359413
v -15.712173 37.524628 48.426647
v -16.016071 37.050415 48.649128
v -15.883836 37.243229 48.463238
v -16.037586 37.264423 48.524685
v -15.659184 36.654285 48.939571
v -15.633609 36.703411 49.021774
v -15.729060 36.614853 48.881371
v -15.824513 36.595684 48.862766
v -15.919965 36.601913 48.888741
v -15.989841 36.631870 48.952339
v -16.015417 36.677528 49.036518
v -15.919965 36.766083 49.176922
v -15.915736 36.756126 49.175419
v -15.824513 36.785252 49.195526
v -15.823167 36.763699 49.192528
v -15.822406 36.752823 49.193165
v -15.823874 36.774570 49.193325
v -15.972104 36.699764 49.123627
v -15.977036 36.709164 49.121052
v -15.989841 36.726654 49.118721
v -15.982984 36.718178 49.119404
v -16.007597 36.670902 49.040295
v -15.972104 36.613941 48.972973
v -15.977036 36.620949 48.966198
v -15.982984 36.626957 48.959282
v -15.915736 36.598129 48.898079
v -15.822406 36.581173 48.891865
v -15.823167 36.587273 48.882835
v -15.823874 36.592133 48.873077
v -15.973041 36.768551 49.154572
v -15.825858 36.808796 49.202019
v -15.729060 36.779026 49.169552
v -15.678676 36.788506 49.143204
v -15.659184 36.749069 49.105953
v -15.994555 36.984734 49.033939
v -15.845185 37.025578 49.082100
v -16.016071 37.200920 48.913311
v -15.695811 37.004986 49.022404
v -15.864510 37.242363 48.962173
v -16.037586 37.417099 48.792686
v -15.712949 37.221466 48.901608
v -15.883836 37.459145 48.842251
v -15.792895 37.668732 48.692318
v -15.730084 37.437946 48.780807
v -15.712173 37.634125 48.618851
v -15.792909 37.480812 48.358120
v -15.792642 37.482201 48.356483
v -15.746728 37.502808 48.385414
v -15.712075 37.526424 48.425449
v -15.711499 37.527988 48.424068
v -15.682488 37.583256 48.520542
v -15.681800 37.585037 48.519527
v -15.712075 37.636074 48.617916
v -15.711499 37.638058 48.617275
v -15.746728 37.658463 48.658649
v -15.792909 37.670727 48.691486
v -15.792642 37.672844 48.691124
v -15.732011 36.610584 48.890984
v -15.672709 36.634235 48.961411
v -15.669299 36.641808 48.954315
v -15.664765 36.648529 48.946991
v -15.640151 36.695808 49.026104
v -15.672709 36.720058 49.112061
v -15.669299 36.730022 49.109165
v -15.664765 36.739750 49.107117
v -15.732011 36.768578 49.168324
v -15.820767 36.565723 48.907162
v -15.737153 36.582520 48.923458
v -15.819920 36.556637 48.913162
v -15.736661 36.573357 48.929390
v -15.736922 36.590958 48.916527
v -15.821601 36.573952 48.900021
v -15.675941 36.617058 48.974442
v -15.675712 36.607750 48.980156
v -15.674935 36.625938 48.968163
v -15.653537 36.660091 49.046455
v -15.653401 36.650600 49.051857
v -15.652246 36.669518 49.041080
v -15.675941 36.700089 49.120190
v -15.675712 36.690430 49.125282
v -15.674935 36.710022 49.115761
v -15.737153 36.726330 49.175903
v -15.736661 36.716560 49.180759
v -15.819920 36.721989 49.203415
v -15.820767 36.731785 49.198654
v -15.736922 36.736599 49.172176
v -15.821601 36.742123 49.195221
v -15.542422 35.414555 49.756020
v -15.625680 35.480511 49.884914
v -15.792199 35.469223 49.891350
v -15.903178 36.705273 49.187187
v -15.964129 36.670879 49.136417
v -15.875459 35.391979 49.768879
v -15.986440 36.628025 49.064716
v -15.830581 35.358631 49.787876
v -15.768136 35.416561 49.879726
v -15.643250 35.425030 49.874905
v -15.580804 35.375561 49.778233
v -15.643250 35.317627 49.686378
v -15.768136 35.309162 49.691200
v -15.625680 35.337311 49.633549
v -15.792199 35.326023 49.639980
v -15.964129 36.588200 48.991291
v -15.903178 36.562069 48.935818
v -15.904384 36.714993 49.182362
v -15.906281 36.725117 49.178715
v -15.965594 36.680454 49.131378
v -15.968268 36.690136 49.127087
v -15.987998 36.637421 49.059368
v -15.990956 36.646557 49.054161
v -15.965594 36.597424 48.985630
v -15.968268 36.606052 48.979488
v -15.904384 36.571182 48.929916
v -15.906281 36.579479 48.923065
v -15.903804 36.498779 46.639404
v -15.789321 36.521767 46.661720
v -15.705516 36.569057 46.731525
v -15.674840 36.627979 46.830116
v -15.705516 36.682739 46.931068
v -15.789321 36.718670 47.007351
v -15.903804 36.726139 47.038506
v -16.102091 36.542175 46.746838
v -16.100187 36.542618 46.747841
v -16.132765 36.596939 46.847797
v -16.128475 36.596283 46.848171
v -16.126625 36.595253 46.848755
v -16.130569 36.596859 46.847843
v -16.061306 36.521389 46.708801
v -16.062645 36.521839 46.707115
v -16.018284 36.506248 46.670563
v -16.064146 36.521740 46.705513
v -16.017178 36.507027 46.672291
v -15.903617 36.499649 46.645786
v -15.903720 36.499928 46.643604
v -15.903783 36.499630 46.641434
v -15.790389 36.522400 46.663536
v -15.745925 36.542767 46.696621
v -15.744792 36.543385 46.694839
v -15.743419 36.543480 46.693127
v -15.707377 36.569244 46.732674
v -15.680606 36.625488 46.831532
v -15.678962 36.626755 46.830811
v -15.676995 36.627605 46.830326
v -16.018284 36.703148 47.016193
v -16.102091 36.655857 46.946388
v -15.707377 36.681843 46.930325
v -15.745925 36.699356 46.971485
v -15.744792 36.701202 46.971863
v -15.743419 36.702721 46.972652
v -15.790389 36.717434 47.005878
v -15.903617 36.721096 47.034504
v -15.903720 36.723110 47.035374
v -15.903783 36.724831 47.036739
v -16.017178 36.702061 47.014637
v -16.061306 36.677975 46.983669
v -16.062645 36.679653 46.984138
v -16.064146 36.680981 46.985039
v -16.100187 36.655216 46.945496
v -16.094149 36.647118 46.946499
v -16.124168 36.592201 46.850494
v -16.123695 36.590366 46.851540
v -15.682488 36.622139 46.833439
v -15.712075 36.674957 46.930817
v -15.682628 36.620262 46.834511
v -15.712173 36.673008 46.931755
v -15.711499 36.676941 46.930172
v -15.681800 36.623920 46.832424
v -15.746728 36.697346 46.971546
v -15.792895 36.707615 47.005219
v -15.792909 36.709610 47.004387
v -15.792642 36.711727 47.004025
v -15.903163 36.714809 47.035225
v -15.903329 36.716816 47.034435
v -16.013428 36.692665 47.013737
v -15.903483 36.718960 47.034191
v -16.013748 36.694641 47.012917
v -16.014324 36.696701 47.012589
v -16.060236 36.676098 46.983658
v -16.094582 36.649029 46.945587
v -16.095467 36.650913 46.945000
v -16.125168 36.593868 46.849545
v -15.994555 35.875290 47.086472
v -15.825858 35.640987 47.152103
v -15.973041 35.661282 47.210922
v -16.056427 35.945259 47.219048
v -16.034004 35.730225 47.341553
v -16.016071 36.089302 46.962032
v -15.903163 36.495819 46.650822
v -15.994555 36.023621 47.346844
v -15.973041 35.807434 47.467472
v -15.825858 35.847683 47.514923
v -16.078850 36.160294 47.096546
v -16.037586 36.303310 46.837582
v -16.094149 36.537621 46.754299
v -16.013428 36.503014 46.680828
v -16.016071 36.239799 47.226212
v -16.101273 36.375332 46.974045
v -16.037586 36.455986 47.105583
v -15.919965 35.640797 47.201645
v -15.824513 35.634567 47.175671
v -15.989841 35.670753 47.265244
v -16.015417 35.716412 47.349422
v -15.989841 35.765537 47.431625
v -15.919965 35.804966 47.489822
v -15.824513 35.824139 47.508430
v -15.659184 35.787952 47.418850
v -15.664765 35.778633 47.420017
v -15.633609 35.742294 47.334675
v -15.645495 35.726414 47.343723
v -15.649548 35.717598 47.348743
v -15.640151 35.734692 47.339008
v -15.735978 35.786068 47.482544
v -15.734330 35.796787 47.481255
v -15.729060 35.817909 47.482452
v -15.732011 35.807461 47.481224
v -15.823874 35.813457 47.506222
v -15.908834 35.774349 47.489223
v -15.912005 35.784744 47.488117
v -15.915736 35.795006 47.488316
v -15.982984 35.757061 47.432308
v -15.995263 35.694164 47.362095
v -16.000839 35.702324 47.357445
v -16.007597 35.709782 47.353195
v -15.678676 35.827389 47.456104
v -15.617709 35.758446 47.325474
v -15.659184 35.693169 47.252472
v -15.678676 35.681236 47.199554
v -15.729060 35.653736 47.194275
v -15.695811 36.043869 47.335308
v -15.633939 35.973900 47.202736
v -15.712949 36.260349 47.214508
v -15.695811 35.895542 47.074940
v -15.650168 36.189354 47.079990
v -15.730084 36.476830 47.093712
v -15.712949 36.109848 46.950321
v -15.666398 36.404808 46.957249
v -15.712173 36.563515 46.739548
v -15.730084 36.324154 46.825710
v -15.792895 36.517963 46.672310
v -16.094582 36.539379 46.753117
v -16.095467 36.540844 46.751797
v -16.060236 36.520439 46.710423
v -16.013748 36.504726 46.679550
v -16.014324 36.506062 46.677944
v -15.903329 36.497520 46.649498
v -15.903483 36.498829 46.647778
v -15.792909 36.519699 46.671021
v -15.792642 36.521088 46.669384
v -15.746728 36.541691 46.698318
v -15.712075 36.565311 46.738346
v -15.711499 36.566875 46.736969
v -15.982984 35.665844 47.272182
v -15.908834 35.625698 47.228287
v -15.912005 35.631950 47.219913
v -15.915736 35.637012 47.210976
v -15.823874 35.631020 47.185982
v -15.735978 35.637417 47.221615
v -15.734330 35.643997 47.213051
v -15.732011 35.649467 47.203880
v -15.664765 35.687412 47.259895
v -15.987998 35.676304 47.372269
v -15.965594 35.636311 47.298531
v -15.986440 35.666912 47.377621
v -15.964129 35.627083 47.304195
v -15.968268 35.644936 47.292389
v -15.990956 35.685440 47.367062
v -15.904384 35.610065 47.242821
v -15.903178 35.600952 47.248722
v -15.906281 35.618362 47.235970
v -15.820767 35.604610 47.220062
v -15.819920 35.595520 47.226067
v -15.821601 35.612835 47.212925
v -15.737153 35.621403 47.236362
v -15.736661 35.612240 47.242290
v -15.736922 35.629841 47.229427
v -15.675941 35.655945 47.287342
v -15.675712 35.646637 47.293056
v -15.653401 35.689487 47.364758
v -15.653537 35.698978 47.359352
v -15.674935 35.664822 47.281059
v -15.652246 35.708401 47.353985
v -15.708941 34.359474 47.930222
v -15.564731 34.410587 47.997211
v -15.564731 34.493267 48.142342
v -15.675712 35.729313 47.438183
v -15.736661 35.755440 47.493656
v -15.708941 34.524826 48.220474
v -15.819920 35.760876 47.516315
v -15.705693 34.467987 48.204800
v -15.597535 34.444313 48.146198
v -15.597535 34.382309 48.037354
v -15.813849 34.429649 48.154552
v -15.853148 34.391037 48.008354
v -15.853148 34.473713 48.153477
v -15.903178 35.744152 47.500092
v -15.964129 35.709759 47.449322
v -15.675941 35.738972 47.433094
v -15.674935 35.748905 47.428658
v -15.737153 35.765213 47.488804
v -15.736922 35.775482 47.485077
v -15.820767 35.770672 47.511559
v -15.821601 35.781010 47.508121
v -15.904384 35.753880 47.495262
v -15.906281 35.764000 47.491619
v -15.965594 35.719337 47.444275
v -15.968268 35.729023 47.439987
v -13.968023 37.591114 48.251751
v -13.806122 37.635384 48.303947
v -13.739060 37.720314 48.442459
v -13.806122 37.796154 48.586151
v -13.968023 37.818474 48.650852
v -13.810144 37.791691 48.583832
v -13.967939 37.815445 48.647720
v -13.967836 37.813431 48.646851
v -13.967939 37.592262 48.255951
v -13.809011 37.635723 48.307190
v -13.967836 37.591984 48.258129
v -13.810144 37.635101 48.308968
v -13.807639 37.635815 48.305477
v -13.968003 37.591965 48.253777
v -13.743181 37.719090 48.443157
v -13.744826 37.717823 48.443878
v -13.741214 37.719940 48.442673
v -13.809011 37.793537 48.584209
v -13.807639 37.795055 48.584999
v -13.968003 37.817165 48.649082
v -14.082505 37.795483 48.628536
v -14.081398 37.794395 48.626980
v -14.125526 37.770313 48.596012
v -14.126865 37.771988 48.596485
v -14.166311 37.748192 48.558731
v -14.128366 37.773319 48.597385
v -14.164408 37.747555 48.557842
v -14.190844 37.687592 48.461102
v -14.192696 37.688622 48.460518
v -14.196986 37.689274 48.460140
v -14.194791 37.689194 48.460186
v -14.166310 37.634510 48.359184
v -14.164407 37.634953 48.360188
v -14.125526 37.613724 48.321144
v -14.126865 37.614174 48.319462
v -14.082503 37.598583 48.282906
v -14.128366 37.614075 48.317863
v -14.081396 37.599365 48.284634
v -14.077649 37.595348 48.293175
v -13.967548 37.589855 48.261845
v -13.967381 37.588154 48.263168
v -13.967548 37.809155 48.646782
v -14.077969 37.786980 48.625263
v -13.967381 37.807144 48.647572
v -14.077649 37.785000 48.626083
v -14.078545 37.789036 48.624931
v -13.967704 37.811295 48.646538
v -14.124457 37.768433 48.596001
v -14.158370 37.739452 48.558846
v -14.158801 37.741364 48.557934
v -14.159687 37.743248 48.557346
v -14.188389 37.684536 48.462841
v -14.187916 37.682701 48.463886
v -14.189386 37.686203 48.461895
v -14.158801 37.631718 48.365463
v -14.158370 37.629955 48.366642
v -14.159687 37.633179 48.364143
v -14.124457 37.612774 48.322765
v -14.077969 37.597061 48.291893
v -14.078545 37.598396 48.290291
v -13.967704 37.591164 48.260124
v -13.760033 36.987877 48.687286
v -13.681930 36.850780 48.937817
v -13.742896 36.773571 48.811897
v -13.909404 36.947033 48.639126
v -13.890078 36.733326 48.764446
v -13.777167 37.202183 48.562668
v -13.746848 37.712601 48.446850
v -14.058777 36.967625 48.698822
v -14.037262 36.753616 48.823269
v -14.098228 36.822563 48.953896
v -13.928730 37.160740 48.513809
v -13.794304 37.416489 48.438053
v -13.857115 37.610298 48.284660
v -13.776394 37.655849 48.351891
v -14.080292 37.181637 48.574371
v -13.948055 37.374447 48.388489
v -14.101810 37.395645 48.449928
v -13.723406 36.785503 48.864822
v -13.697829 36.834629 48.947021
v -13.793283 36.746075 48.806614
v -13.888734 36.726902 48.788010
v -13.984186 36.733131 48.813992
v -14.054063 36.763088 48.877590
v -14.079638 36.808746 48.961765
v -13.984186 36.897301 49.102165
v -13.979957 36.887344 49.100662
v -13.888734 36.916473 49.120770
v -13.887388 36.894920 49.117779
v -13.886626 36.884041 49.118416
v -13.888094 36.905792 49.118568
v -14.036325 36.830982 49.048870
v -14.041258 36.840382 49.046295
v -14.054063 36.857872 49.043968
v -14.047204 36.849396 49.044651
v -14.071818 36.802120 48.965542
v -14.036325 36.745159 48.898216
v -14.041258 36.752167 48.891449
v -14.047204 36.758179 48.884533
v -13.979957 36.729347 48.823326
v -13.886626 36.712395 48.817112
v -13.887388 36.718491 48.808079
v -13.888094 36.723354 48.798325
v -14.037262 36.899769 49.079815
v -13.890078 36.940018 49.127266
v -13.793283 36.910244 49.094795
v -13.742896 36.919724 49.068447
v -13.723406 36.880287 49.031197
v -14.058777 37.115955 48.959190
v -13.909404 37.156799 49.007343
v -14.080292 37.332138 48.838558
v -13.760033 37.136204 48.947651
v -13.928729 37.373581 48.887421
v -14.101810 37.548321 48.717930
v -13.777167 37.352684 48.826851
v -13.948055 37.590363 48.767494
v -13.857115 37.799950 48.617565
v -13.794304 37.569164 48.706055
v -13.776394 37.765343 48.544094
v -13.857128 37.612034 48.283363
v -13.856861 37.613422 48.281727
v -13.810948 37.634026 48.310661
v -13.776296 37.657646 48.350693
v -13.775720 37.659210 48.349316
v -13.746708 37.714474 48.445786
v -13.746019 37.716255 48.444771
v -13.776296 37.767292 48.543163
v -13.775720 37.769276 48.542519
v -13.810948 37.789684 48.583893
v -13.857128 37.801945 48.616734
v -13.856861 37.804062 48.616375
v -13.796232 36.741802 48.816231
v -13.736928 36.765453 48.886658
v -13.733519 36.773029 48.879562
v -13.728986 36.779747 48.872242
v -13.704371 36.827026 48.951351
v -13.736928 36.851276 49.037308
v -13.733519 36.861240 49.034409
v -13.728986 36.870968 49.032364
v -13.796232 36.899796 49.093567
v -13.884989 36.696945 48.832409
v -13.801373 36.713737 48.848701
v -13.884140 36.687855 48.838406
v -13.800881 36.704578 48.854637
v -13.801144 36.722179 48.841770
v -13.885822 36.705170 48.825268
v -13.740162 36.748280 48.899689
v -13.739932 36.738972 48.905403
v -13.739156 36.757156 48.893406
v -13.717757 36.791313 48.971699
v -13.717622 36.781822 48.977108
v -13.716466 36.800735 48.966328
v -13.740162 36.831310 49.045433
v -13.739932 36.821648 49.050533
v -13.739156 36.841240 49.041004
v -13.801373 36.857548 49.101147
v -13.800881 36.847778 49.106003
v -13.884140 36.853210 49.128662
v -13.884989 36.863007 49.123905
v -13.801144 36.867817 49.097427
v -13.885822 36.873344 49.120468
v -13.606643 35.545773 49.681263
v -13.689901 35.611732 49.810162
v -13.856421 35.600445 49.816593
v -13.967400 36.836491 49.112431
v -14.028350 36.802097 49.061668
v -13.939679 35.523197 49.694122
v -14.050659 36.759247 48.989967
v -13.894802 35.489849 49.713123
v -13.832357 35.547783 49.804970
v -13.707469 35.556248 49.800148
v -13.645024 35.506779 49.703476
v -13.707469 35.448849 49.611626
v -13.832357 35.440380 49.616447
v -13.689901 35.468529 49.558792
v -13.856421 35.457241 49.565224
v -14.028350 36.719421 48.916542
v -13.967400 36.693291 48.861069
v -13.968604 36.846214 49.107605
v -13.970499 36.856335 49.103966
v -14.029815 36.811676 49.056622
v -14.032489 36.821358 49.052330
v -14.052219 36.768639 48.984615
v -14.055178 36.777779 48.979412
v -14.029815 36.728645 48.910873
v -14.032489 36.737274 48.904732
v -13.968604 36.702400 48.855160
v -13.970499 36.710697 48.848316
v -13.968024 36.629997 46.564655
v -13.806123 36.674267 46.616844
v -13.739061 36.759197 46.755360
v -13.806123 36.835037 46.899052
v -13.968024 36.857357 46.963749
v -13.810145 36.830574 46.896736
v -13.967940 36.854332 46.960617
v -13.967837 36.852314 46.959751
v -13.967940 36.631149 46.568855
v -13.809012 36.674603 46.620090
v -13.967837 36.630867 46.571030
v -13.810145 36.673988 46.621864
v -13.807640 36.674702 46.618374
v -13.968004 36.630848 46.566677
v -13.743182 36.757973 46.756058
v -13.744827 36.756710 46.756779
v -13.741215 36.758823 46.755573
v -13.809012 36.832420 46.897106
v -13.807640 36.833942 46.897900
v -13.968004 36.856052 46.961987
v -14.082506 36.834366 46.941437
v -14.081399 36.833279 46.939884
v -14.125527 36.809196 46.908913
v -14.126866 36.810871 46.909382
v -14.166312 36.787075 46.871632
v -14.128366 36.812199 46.910282
v -14.164409 36.786434 46.870739
v -14.190845 36.726475 46.774002
v -14.192697 36.727501 46.773415
v -14.196987 36.728153 46.773041
v -14.194792 36.728077 46.773087
v -14.166311 36.673397 46.672081
v -14.164408 36.673836 46.673088
v -14.125527 36.652607 46.634048
v -14.126866 36.653057 46.632366
v -14.082504 36.637466 46.595806
v -14.128366 36.652958 46.630760
v -14.081397 36.638248 46.597534
v -14.077650 36.634235 46.606075
v -13.967549 36.628742 46.574745
v -13.967382 36.627041 46.576065
v -13.967549 36.848034 46.959686
v -14.077971 36.825859 46.938160
v -13.967382 36.846031 46.960476
v -14.077650 36.823883 46.938980
v -14.078546 36.827919 46.937836
v -13.967705 36.850178 46.959435
v -14.124458 36.807316 46.908901
v -14.158371 36.778336 46.871750
v -14.158802 36.780247 46.870838
v -14.159688 36.782131 46.870251
v -14.187917 36.721584 46.776787
v -14.188390 36.723419 46.775745
v -14.158371 36.668839 46.679546
v -14.189387 36.725086 46.774792
v -14.158802 36.670601 46.678368
v -14.159688 36.672066 46.677040
v -14.124458 36.651657 46.635670
v -14.077971 36.635948 46.604794
v -14.078546 36.637280 46.603195
v -13.967705 36.630047 46.573029
v -13.760033 36.026760 47.000183
v -13.681930 35.889664 47.250721
v -13.742896 35.812454 47.124798
v -13.909404 35.985916 46.952030
v -13.890078 35.772209 47.077351
v -13.777168 36.241066 46.875572
v -13.746849 36.751484 46.759754
v -14.058777 36.006512 47.011723
v -14.037262 35.792503 47.136166
v -14.098228 35.861443 47.266796
v -13.928730 36.199623 46.826710
v -13.794305 36.455372 46.750957
v -13.857116 36.649185 46.597561
v -13.776395 36.694733 46.664795
v -14.080293 36.220520 46.887276
v -13.948056 36.413334 46.701385
v -14.101810 36.434528 46.762833
v -13.723406 35.824387 47.177719
v -13.697829 35.873512 47.259922
v -13.793283 35.784958 47.119518
v -13.888734 35.765789 47.100914
v -13.984186 35.772018 47.126888
v -14.054063 35.801971 47.190487
v -14.079638 35.847630 47.274666
v -13.984186 35.936188 47.415070
v -13.979957 35.926231 47.413567
v -13.888734 35.955357 47.433674
v -13.887388 35.933804 47.430676
v -13.886626 35.922928 47.431313
v -13.888094 35.944675 47.431465
v -14.036325 35.869869 47.361771
v -14.041258 35.879265 47.359192
v -14.047204 35.888283 47.357552
v -14.054063 35.896759 47.356869
v -14.071818 35.841003 47.278442
v -14.036325 35.784042 47.211121
v -14.041258 35.791054 47.204346
v -14.047204 35.797062 47.197430
v -13.979957 35.768230 47.136227
v -13.886626 35.751278 47.130013
v -13.887388 35.757374 47.120983
v -13.888094 35.762238 47.111225
v -14.037262 35.938656 47.392719
v -13.890078 35.978901 47.440166
v -13.793283 35.949127 47.407700
v -13.742896 35.958611 47.381351
v -13.723406 35.919174 47.344101
v -14.058777 36.154839 47.272087
v -13.909404 36.195683 47.320244
v -14.080293 36.371021 47.151459
v -13.760033 36.175091 47.260551
v -13.928730 36.412464 47.200317
v -14.101810 36.587204 47.030834
v -13.777168 36.391571 47.139755
v -13.948056 36.629246 47.080399
v -13.857116 36.838837 46.930462
v -13.794305 36.608051 47.018955
v -13.776395 36.804226 46.856998
v -13.857129 36.650917 46.596268
v -13.856862 36.652306 46.594631
v -13.810949 36.672913 46.623562
v -13.776297 36.696529 46.663597
v -13.775721 36.698093 46.662212
v -13.746709 36.753357 46.758690
v -13.746020 36.755138 46.757668
v -13.776297 36.806179 46.856064
v -13.775721 36.808159 46.855423
v -13.810949 36.828568 46.896797
v -13.857129 36.840832 46.929634
v -13.856862 36.842945 46.929272
v -13.796232 35.780685 47.129131
v -13.736928 35.804337 47.199558
v -13.733519 35.811913 47.192463
v -13.728986 35.818634 47.185139
v -13.704371 35.865913 47.264252
v -13.736928 35.890163 47.350208
v -13.733519 35.900127 47.347313
v -13.728986 35.909851 47.345264
v -13.796232 35.938683 47.406471
v -13.884989 35.735828 47.145309
v -13.801373 35.752621 47.161606
v -13.884140 35.726742 47.151310
v -13.800881 35.743462 47.167538
v -13.801144 35.761059 47.154675
v -13.885822 35.744057 47.138168
v -13.740162 35.787163 47.212589
v -13.739932 35.777855 47.218304
v -13.739156 35.796040 47.206303
v -13.717757 35.830196 47.284595
v -13.717622 35.820705 47.290005
v -13.716466 35.839622 47.279228
v -13.740162 35.870193 47.358337
v -13.739932 35.860531 47.363430
v -13.739156 35.880127 47.353901
v -13.801373 35.896435 47.414047
v -13.800881 35.886662 47.418903
v -13.884140 35.892094 47.441563
v -13.884989 35.901890 47.436802
v -13.801144 35.906704 47.410324
v -13.885822 35.912228 47.433369
v -13.606643 34.584660 47.994164
v -13.689901 34.650616 48.123062
v -13.856421 34.639328 48.129490
v -13.967400 35.875374 47.425335
v -14.028350 35.840981 47.374565
v -13.939679 34.562080 48.007027
v -14.050659 35.798130 47.302864
v -13.894802 34.528732 48.026024
v -13.832357 34.586666 48.117874
v -13.707469 34.595131 48.113052
v -13.645024 34.545666 48.016380
v -13.832357 34.479267 47.929348
v -13.707469 34.487732 47.924526
v -13.689901 34.507416 47.871696
v -13.856421 34.496128 47.878128
v -14.028350 35.758305 47.229439
v -13.967400 35.732174 47.173965
v -13.968604 35.885098 47.420506
v -13.970499 35.895222 47.416862
v -14.029815 35.850559 47.369526
v -14.032489 35.860241 47.365234
v -14.052219 35.807526 47.297512
v -14.055178 35.816662 47.292309
v -14.029815 35.767529 47.223778
v -14.032489 35.776157 47.217632
v -13.968604 35.741287 47.168064
v -13.970499 35.749580 47.161213
v -15.179007 37.391331 46.635784
v -14.991803 37.392735 46.608746
v -14.991435 37.391685 46.616463
v -15.355331 37.412582 46.700878
v -15.188137 37.395134 46.661617
v -15.510530 37.455250 46.800232
v -15.371722 37.420448 46.734982
v -15.635581 37.516853 46.928082
v -15.529372 37.469822 46.846497
v -15.371722 38.075047 47.884045
v -15.510530 38.036667 47.820835
v -15.529372 38.004303 47.784706
v -15.188137 38.125252 47.943230
v -15.355331 38.100380 47.908199
v -14.991124 38.151482 47.958229
v -15.179007 38.145531 47.959671
v -14.991203 38.156189 47.964439
v -14.991435 38.162338 47.969223
v -14.991803 38.169506 47.972256
v -15.177163 37.390293 46.643288
v -14.991124 37.395611 46.631405
v -14.991203 37.392666 46.624187
v -15.352098 37.411377 46.707863
v -15.506072 37.453705 46.806438
v -15.630137 37.514828 46.933277
v -15.650342 37.539890 46.988567
v -15.657094 37.538410 46.984966
v -15.663543 37.538792 46.980606
v -15.723218 37.593819 47.076992
v -15.717084 37.591187 47.081013
v -15.726386 37.625889 47.151508
v -15.733907 37.625275 47.149555
v -15.741073 37.626469 47.146732
v -15.768348 37.681667 47.238312
v -15.761859 37.678341 47.241066
v -15.752322 37.721947 47.324211
v -15.760106 37.722309 47.324009
v -15.767518 37.724403 47.322815
v -15.768348 37.775299 47.402668
v -15.761859 37.771233 47.404125
v -15.726386 37.821526 47.494911
v -15.733907 37.822891 47.496433
v -15.741073 37.825924 47.496853
v -15.723218 37.869263 47.560501
v -15.717084 37.864460 47.560715
v -15.650342 37.917828 47.651981
v -15.657094 37.920170 47.655090
v -15.663543 37.924114 47.656986
v -15.635581 37.958111 47.702641
v -15.630137 37.952606 47.701733
v -15.534900 38.007519 47.789162
v -15.540208 38.012280 47.792305
v -15.375655 38.078979 47.889503
v -15.379476 38.084408 47.893593
v -15.190209 38.129688 47.949291
v -15.192300 38.135590 47.953934
v -15.515632 38.031944 47.831059
v -15.642075 37.952511 47.711552
v -15.358703 38.096363 47.919403
v -15.730689 37.862675 47.567825
v -15.180413 38.142017 47.971447
v -15.776322 37.767658 47.408230
v -14.991124 38.166260 47.984169
v -15.776322 37.672985 47.242046
v -14.801834 38.167683 47.956829
v -14.794112 38.151958 47.928013
v -15.730689 37.584156 47.078930
v -14.623545 38.146194 47.891014
v -14.610525 38.126648 47.854649
v -15.642075 37.506336 46.928360
v -14.466618 38.103050 47.790546
v -14.452875 38.077274 47.743134
v -15.515632 37.444042 46.799084
v -14.340174 38.040760 47.661278
v -14.331906 38.007198 47.601067
v -15.358703 37.400898 46.698620
v -14.251559 37.962936 47.510700
v -14.255863 37.921204 47.438129
v -15.180413 37.379414 46.632805
v -14.205927 37.874111 47.347588
v -14.229926 37.825146 47.265419
v -14.991124 37.380833 46.605461
v -14.205927 37.779438 47.181404
v -14.255863 37.725571 47.094719
v -14.801834 37.405075 46.618183
v -14.794112 37.421844 46.646404
v -14.251559 37.684422 47.021809
v -14.331906 37.629265 46.937656
v -14.623545 37.450733 46.670231
v -14.610525 37.472046 46.705585
v -14.340174 37.594585 46.878078
v -14.452875 37.542793 46.804932
v -14.466618 37.515152 46.758575
v -14.993446 37.406696 46.590733
v -14.817440 37.428471 46.601215
v -14.650260 37.468849 46.645744
v -14.500288 37.525803 46.722080
v -14.375046 37.596478 46.826401
v -14.280812 37.677326 46.953461
v -14.222313 37.764294 47.096909
v -14.202482 37.853027 47.249538
v -14.222313 37.939068 47.403698
v -14.280812 38.018108 47.551662
v -14.375046 38.086182 47.686005
v -14.500288 38.139874 47.799999
v -14.650260 38.176498 47.887913
v -14.817440 38.194206 47.945354
v -14.993446 38.192123 47.969433
v -14.804601 38.170910 47.945217
v -14.628276 38.149662 47.880127
v -14.473080 38.106995 47.780773
v -14.628276 37.461868 46.672802
v -14.473080 37.525574 46.760166
v -14.804601 37.416710 46.621330
v -14.992286 37.395744 46.601574
v -14.992845 37.400505 46.595425
v -14.817064 38.187008 47.948315
v -14.992286 38.177212 47.973328
v -14.992845 38.184925 47.972363
v -14.650099 38.169319 47.890945
v -14.500320 38.132744 47.803143
v -14.375237 38.079121 47.689297
v -14.348029 38.045391 47.652920
v -14.344616 38.052341 47.652061
v -14.342731 38.059586 47.649887
v -14.281126 38.011135 47.555130
v -14.260392 37.968426 47.504009
v -14.256451 37.974915 47.502251
v -14.254229 37.981865 47.499508
v -14.222702 37.932198 47.407356
v -14.215262 37.880573 47.342690
v -14.211047 37.886532 47.339951
v -14.208655 37.893150 47.336597
v -14.202895 37.846264 47.253391
v -14.215262 37.786949 47.178333
v -14.211047 37.792339 47.174610
v -14.208655 37.798595 47.170628
v -14.222702 37.757645 47.100956
v -14.260392 37.692978 47.020500
v -14.256451 37.697803 47.015816
v -14.254229 37.703705 47.011238
v -14.281126 37.670788 46.957699
v -14.348029 37.604134 46.878361
v -14.344616 37.608418 46.872814
v -14.342731 37.613983 46.867699
v -14.375237 37.590042 46.830791
v -14.470424 37.529385 46.753914
v -14.469012 37.534653 46.748341
v -14.626559 37.465294 46.666012
v -14.625738 37.470314 46.660110
v -14.803949 37.419865 46.614227
v -14.803798 37.424717 46.608131
v -15.182736 38.167881 47.956715
v -15.180621 37.394333 46.628777
v -15.181891 37.399086 46.622730
v -15.182736 37.405273 46.618073
v -15.358011 37.415710 46.694260
v -15.359953 37.420547 46.688465
v -15.361025 37.426762 46.683887
v -15.514148 37.458633 46.794216
v -15.516679 37.463634 46.788799
v -15.517953 37.469906 46.784348
v -15.644397 37.532196 46.913624
v -15.639956 37.520611 46.922840
v -15.642962 37.525848 46.917908
v -15.728122 37.598042 47.072651
v -15.731461 37.603569 47.068287
v -15.733010 37.610020 47.064194
v -15.773524 37.686424 47.234943
v -15.777036 37.692284 47.231194
v -15.778644 37.698849 47.227314
v -15.773524 37.780621 47.400291
v -15.777036 37.786835 47.397167
v -15.778644 37.793522 47.393497
v -15.728122 37.875153 47.559078
v -15.731461 37.881725 47.556553
v -15.733010 37.888535 47.553089
v -15.639956 37.964539 47.702080
v -15.642962 37.971447 47.700100
v -15.644397 37.978371 47.696815
v -15.514148 38.043571 47.820988
v -15.516679 38.050781 47.819450
v -15.517953 38.057808 47.816322
v -15.358011 38.107666 47.908890
v -15.359953 38.115116 47.907681
v -15.361025 38.122223 47.904667
v -15.180621 38.153091 47.960670
v -15.181891 38.160713 47.959656
v -14.805707 38.163731 47.942398
v -14.630773 38.142647 47.877823
v -14.476798 38.100319 47.779247
v -14.352733 38.039196 47.652409
v -14.325315 38.010445 47.603664
v -14.319329 38.015232 47.605076
v -14.265787 37.962837 47.504665
v -14.248501 37.923580 47.439075
v -14.241798 37.927555 47.438953
v -14.221012 37.875683 47.344620
v -14.222300 37.826550 47.264622
v -14.215354 37.829620 47.262871
v -14.221012 37.782791 47.181561
v -14.248501 37.725967 47.092194
v -14.241798 37.728096 47.088833
v -14.265787 37.689564 47.024971
v -14.325315 37.628685 46.933537
v -14.319329 37.629910 46.928696
v -14.352733 37.601418 46.883945
v -14.447507 37.541336 46.799465
v -14.442663 37.541744 46.793373
v -14.606752 37.469875 46.699123
v -14.603395 37.469616 46.692093
v -14.792196 37.419167 46.639339
v -14.790570 37.418434 46.631752
v -14.892069 37.001015 48.503822
v -14.894668 37.029953 48.487339
v -14.704415 37.000336 48.473061
v -14.696445 37.028404 48.453381
v -14.531961 36.972923 48.397766
v -14.516184 36.997028 48.369892
v -14.388684 36.920998 48.284027
v -14.370219 36.938667 48.244446
v -14.286187 36.848759 48.141071
v -14.271781 36.858612 48.088406
v -14.232775 36.762062 47.980469
v -14.229788 36.764114 47.915913
v -14.232775 36.667934 47.815243
v -14.248045 36.663738 47.742592
v -14.286187 36.573997 47.658764
v -14.324899 36.566578 47.584156
v -14.388684 36.487862 47.523724
v -14.453383 36.481441 47.454960
v -14.531961 36.416512 47.421059
v -14.621857 36.416042 47.366711
v -14.704415 36.365715 47.359077
v -14.709744 36.394073 47.342007
v -14.801283 36.378132 47.328453
v -14.892069 36.339600 47.342812
v -14.894668 36.368538 47.326321
v -14.627134 36.395279 47.398792
v -14.804117 36.358089 47.361404
v -14.988225 36.346195 47.369545
v -15.092892 36.370087 47.360279
v -15.164543 36.360561 47.422546
v -15.273152 36.401463 47.443768
v -15.318787 36.400017 47.516117
v -15.419116 36.459820 47.569214
v -15.438460 36.461372 47.642673
v -15.517554 36.539879 47.725254
v -15.513869 36.539654 47.791969
v -15.559546 36.634373 47.897751
v -15.538903 36.628517 47.951904
v -15.541289 36.734749 48.071072
v -15.511535 36.720768 48.109524
v -15.464436 36.831909 48.229507
v -15.433980 36.808933 48.252064
v -15.335952 36.917046 48.358700
v -15.312524 36.885864 48.367962
v -15.167478 36.982445 48.446949
v -15.157004 36.945332 48.447842
v -15.079724 36.340275 47.373573
v -15.252176 36.367691 47.448868
v -15.395455 36.419617 47.562603
v -15.497952 36.491856 47.705563
v -15.551364 36.578552 47.866158
v -15.551364 36.672680 48.031391
v -15.497952 36.766617 48.187862
v -15.395455 36.852749 48.322906
v -15.252176 36.924107 48.425575
v -15.079724 36.974895 48.487556
v -15.079592 37.004414 48.471661
v -14.988051 37.020355 48.485214
v -14.471615 36.454750 47.478672
v -14.350160 36.531681 47.594570
v -14.272604 36.619846 47.737103
v -14.980022 36.982521 48.485229
v -14.245236 36.712097 47.894726
v -14.795915 36.994415 48.477089
v -14.270269 36.800964 48.054665
v -14.619596 36.980053 48.424088
v -14.345679 36.879242 48.203960
v -14.465352 36.940598 48.330517
v -15.492303 37.947247 47.630360
v -15.368836 38.091961 47.864925
v -15.524522 38.022095 47.766827
v -15.643983 37.936699 47.635750
v -15.719081 37.841595 47.480644
v -15.163644 38.081310 47.813892
v -15.187537 38.141537 47.923374
v -14.992980 38.167442 47.938183
v -15.618258 37.751831 47.307186
v -15.744693 37.743259 47.312069
v -15.719081 37.648399 47.141518
v -14.767813 38.099102 47.782734
v -14.798423 38.167915 47.908348
v -15.567105 37.632328 47.089352
v -15.643983 37.563473 46.980610
v -14.617124 38.142918 47.835896
v -14.564202 38.049232 47.663109
v -14.461439 38.094158 47.725773
v -15.421758 37.539200 46.902973
v -15.524522 37.494274 46.840309
v -15.368836 37.445515 46.730186
v -14.341977 38.024960 47.585472
v -14.418856 37.956108 47.476730
v -15.218146 37.489330 46.783348
v -15.187537 37.420517 46.657734
v -14.266880 37.940033 47.424564
v -14.367702 37.836601 47.258896
v -14.992980 37.420990 46.627895
v -14.241267 37.845173 47.254013
v -14.822316 37.507122 46.752190
v -14.798423 37.446896 46.642708
v -14.266880 37.746838 47.085438
v -14.493658 37.641186 46.935722
v -14.617124 37.496471 46.701157
v -14.341977 37.651733 46.930332
v -14.461439 37.566338 46.799255
v -14.992985 37.420597 46.627068
v -14.798191 38.168430 47.909073
v -14.992985 38.167957 47.938946
v -14.797976 38.169052 47.909710
v -14.797784 38.169773 47.910244
v -14.993029 38.169304 47.940186
v -14.993002 38.168583 47.939621
v -14.616673 38.143402 47.836536
v -14.616243 38.143997 47.837086
v -14.615846 38.144691 47.837540
v -14.459612 38.095760 47.727028
v -14.460799 38.094582 47.726273
v -14.460185 38.095119 47.726696
v -14.339728 38.026318 47.586231
v -14.341192 38.025299 47.585804
v -14.340437 38.025757 47.586060
v -14.266006 37.940273 47.424702
v -14.265162 37.940628 47.424770
v -14.264367 37.941090 47.424755
v -14.240360 37.845295 47.253941
v -14.239485 37.845535 47.253803
v -14.238663 37.845894 47.253601
v -14.264367 37.747211 47.084431
v -14.266006 37.746841 47.085163
v -14.265162 37.746967 47.084827
v -14.341192 37.651619 46.929867
v -14.340437 37.651634 46.929344
v -14.339728 37.651772 46.928776
v -14.460799 37.566120 46.798634
v -14.460185 37.566032 46.797958
v -14.459612 37.566074 46.797245
v -14.615846 37.495960 46.698792
v -14.616673 37.496170 46.700413
v -14.616243 37.495998 46.699623
v -14.798191 37.446533 46.641895
v -14.797976 37.446304 46.641029
v -14.993002 37.420338 46.626186
v -14.993029 37.420216 46.625275
v -14.797784 37.446213 46.640137
v -15.187779 37.420124 46.656937
v -15.188026 37.419865 46.656094
v -15.188272 37.419743 46.655216
v -15.369299 37.445152 46.729477
v -15.369761 37.444920 46.728718
v -15.370211 37.444828 46.727921
v -15.526446 37.493759 46.838440
v -15.525172 37.493973 46.839741
v -15.525821 37.493797 46.839111
v -15.646329 37.563202 46.979233
v -15.644780 37.563255 46.980206
v -15.645568 37.563164 46.979744
v -15.719968 37.648285 47.141308
v -15.720843 37.648293 47.141037
v -15.721690 37.648426 47.140709
v -15.745612 37.743259 47.312069
v -15.746520 37.743382 47.312004
v -15.747396 37.743626 47.311867
v -15.719968 37.841713 47.480846
v -15.720843 37.841949 47.480980
v -15.721690 37.842304 47.481030
v -15.644780 37.936935 47.636150
v -15.645568 37.937286 47.636459
v -15.646329 37.937744 47.636688
v -15.526446 38.023441 47.768223
v -15.525172 38.022434 47.767376
v -15.525821 38.022884 47.767845
v -15.370211 38.093555 47.866669
v -15.369299 38.092384 47.865601
v -15.369761 38.092918 47.866184
v -15.187779 38.142021 47.924118
v -15.188026 38.142612 47.924770
v -15.188272 38.143303 47.925327
v -14.993065 38.170101 47.940639
v -15.188513 37.419762 46.654335
v -14.993065 37.420235 46.624359
v -15.188741 37.419918 46.653458
v -14.993111 37.420395 46.623455
v -14.993165 37.420689 46.622589
v -15.188951 37.420216 46.652611
v -15.370641 37.444874 46.727112
v -15.371038 37.445053 46.726307
v -15.371395 37.445370 46.725521
v -15.528064 37.494434 46.836346
v -15.527038 37.493855 46.837746
v -15.527583 37.494080 46.837036
v -15.647046 37.563370 46.978683
v -15.647702 37.563663 46.978111
v -15.648280 37.564072 46.977528
v -15.722485 37.648685 47.140331
v -15.723212 37.649055 47.139908
v -15.723851 37.649536 47.139454
v -15.749627 37.744995 47.311081
v -15.748218 37.743977 47.311661
v -15.748967 37.744438 47.311398
v -15.722485 37.842762 47.481007
v -15.723212 37.843315 47.480904
v -15.723851 37.843952 47.480721
v -15.648280 37.939655 47.636810
v -15.647046 37.938305 47.636826
v -15.647702 37.938946 47.636868
v -15.528064 38.025593 47.768711
v -15.527038 38.024090 47.768497
v -15.527583 38.024815 47.768661
v -15.371395 38.095898 47.867435
v -15.370641 38.094276 47.867046
v -15.371038 38.095062 47.867302
v -15.188513 38.144077 47.925762
v -14.993111 38.170959 47.940968
v -15.188741 38.144909 47.926071
v -14.993165 38.171856 47.941154
v -15.188951 38.145786 47.926250
v -14.797378 37.446758 46.637493
v -14.797617 38.170574 47.910667
v -14.797481 38.171432 47.910965
v -14.797378 38.172329 47.911125
v -14.615490 38.145462 47.837887
v -14.615183 38.146297 47.838116
v -14.614934 38.147175 47.838215
v -14.459093 38.096481 47.727257
v -14.458640 38.097271 47.727379
v -14.458266 38.098110 47.727398
v -14.338050 38.028473 47.586212
v -14.339085 38.026966 47.586315
v -14.338521 38.027691 47.586308
v -14.263645 37.941650 47.424671
v -14.263010 37.942295 47.424515
v -14.262479 37.943012 47.424290
v -14.237914 37.846359 47.253342
v -14.237256 37.846912 47.253017
v -14.236703 37.847549 47.252655
v -14.263645 37.747570 47.083992
v -14.263010 37.748039 47.083515
v -14.262479 37.748596 47.083019
v -14.339085 37.652031 46.928177
v -14.338521 37.652409 46.927555
v -14.338050 37.652889 46.926933
v -14.458266 37.566956 46.795033
v -14.459093 37.566246 46.796505
v -14.458640 37.566544 46.795761
v -14.615490 37.496059 46.697952
v -14.615183 37.496292 46.697113
v -14.614934 37.496647 46.696308
v -14.797617 37.446259 46.639236
v -14.797481 37.446442 46.638348
v -14.216836 37.983974 47.174942
v -14.250753 38.085144 47.332249
v -14.228145 37.994228 47.169098
v -14.239745 38.076099 47.340256
v -14.317266 38.167713 47.487667
v -14.307140 38.159760 47.497742
v -14.423818 38.237133 47.626320
v -14.415107 38.230103 47.638229
v -14.564215 38.289371 47.740147
v -14.557366 38.283035 47.753563
v -14.725657 38.315479 47.837040
v -14.730299 38.321392 47.822529
v -14.910190 38.325550 47.883804
v -14.912417 38.331333 47.868683
v -15.099988 38.318619 47.875927
v -15.100247 38.312668 47.891148
v -15.284783 38.277576 47.858631
v -15.282106 38.283985 47.843838
v -15.453074 38.222317 47.788151
v -15.448192 38.229450 47.774284
v -15.595334 38.150101 47.683807
v -15.588588 38.158176 47.671299
v -15.695140 38.074310 47.540878
v -15.703298 38.065117 47.551651
v -15.770694 37.972321 47.399380
v -15.761653 37.982727 47.390598
v -15.784261 37.888744 47.229191
v -15.793603 37.877090 47.235832
v -14.228135 37.994125 47.169155
v -14.250744 38.085045 47.332310
v -14.317257 38.167610 47.487728
v -14.423809 38.237030 47.626377
v -14.564206 38.289268 47.740204
v -14.730289 38.321289 47.822590
v -14.912409 38.331230 47.868744
v -15.099977 38.318520 47.875988
v -15.282097 38.283886 47.843895
v -15.448182 38.229347 47.774338
v -15.588580 38.158073 47.671360
v -15.695130 38.074211 47.540939
v -15.761643 37.982624 47.390659
v -15.784253 37.888641 47.229252
v -15.478040 37.615070 46.700775
v -15.448182 37.593498 46.658203
v -15.588580 37.645737 46.772022
v -15.688722 37.731808 46.938896
v -15.695130 37.715160 46.910675
v -15.282097 37.561478 46.575817
v -15.761643 37.797726 47.066093
v -15.173045 37.563129 46.561531
v -15.099977 37.551537 46.529663
v -15.763854 37.890026 47.228462
v -14.970750 37.568020 46.538231
v -14.912409 37.564251 46.522419
v -14.733029 37.609024 46.572739
v -14.730289 37.598885 46.554512
v -15.701884 38.043213 47.487595
v -14.564206 37.653423 46.624065
v -14.486468 37.702896 46.698658
v -15.525920 38.179874 47.699745
v -14.423809 37.724693 46.727047
v -14.310503 37.839554 46.910809
v -14.317257 37.808559 46.857468
v -15.279358 38.273746 47.825668
v -14.250744 37.900143 47.007748
v -15.041637 38.314747 47.860176
v -14.248533 37.992744 47.169945
v -14.839342 38.319637 47.836876
v -14.323667 38.150959 47.459511
v -14.534349 38.267696 47.697632
v -15.770694 37.784966 47.070507
v -15.703298 37.701305 46.913033
v -15.595334 37.630962 46.772537
v -15.453074 37.578033 46.657204
v -15.284783 37.545586 46.573727
v -15.100247 37.535515 46.526958
v -14.910190 37.548397 46.519619
v -14.725657 37.583488 46.552135
v -14.557366 37.638748 46.622616
v -14.415107 37.710968 46.726963
v -14.307140 37.795944 46.859112
v -14.239745 37.888744 47.011391
v -15.761653 37.797829 47.066032
v -15.695140 37.715260 46.910614
v -15.588588 37.645844 46.771965
v -15.448192 37.593605 46.658142
v -15.282106 37.561584 46.575760
v -15.099988 37.551640 46.529606
v -14.912417 37.564354 46.522362
v -14.730299 37.598988 46.554451
v -14.564215 37.653522 46.624004
v -14.423818 37.724796 46.726986
v -14.317266 37.808662 46.857407
v -14.250753 37.900249 47.007690
v -15.478047 38.203831 47.734016
v -15.688729 38.058529 47.512165
v -15.173055 38.297119 47.849701
v -15.763865 37.890129 47.228401
v -14.970758 38.319656 47.857376
v -14.733039 38.310883 47.804508
v -15.701894 37.745342 46.964481
v -14.486478 38.250439 47.659550
v -15.525929 37.632538 46.738739
v -14.310512 38.137634 47.433807
v -15.279366 37.572090 46.593773
v -15.041646 37.563320 46.540913
v -14.248544 37.992847 47.169884
v -14.839351 37.585857 46.548584
v -14.323676 37.824444 46.886124
v -14.534358 37.679146 46.664272
v -14.993026 38.169247 47.940182
v -14.797790 38.169720 47.910240
v -14.992998 38.168510 47.939598
v -14.992981 38.167873 47.938911
v -14.798204 38.168343 47.909042
v -14.992974 38.167347 47.938137
v -14.798441 38.167816 47.908302
v -14.797987 38.168980 47.909695
v -14.616703 38.143318 47.836510
v -14.617163 38.142826 47.835861
v -14.615861 38.144638 47.837532
v -14.616266 38.143929 47.837074
v -14.459633 38.095707 47.727028
v -14.460844 38.094505 47.726261
v -14.461497 38.094070 47.725746
v -14.460218 38.095055 47.726688
v -14.341249 38.025227 47.585804
v -14.342050 38.024879 47.585468
v -14.339756 38.026268 47.586239
v -14.340479 38.025696 47.586063
v -14.266068 37.940208 47.424717
v -14.266962 37.939964 47.424580
v -14.264399 37.941044 47.424770
v -14.265207 37.940571 47.424786
v -14.240426 37.845242 47.253971
v -14.241351 37.845116 47.254044
v -14.238695 37.845856 47.253624
v -14.239532 37.845490 47.253830
v -14.266068 37.746796 47.085209
v -14.266962 37.746792 47.085491
v -14.264399 37.747181 47.084461
v -14.265207 37.746925 47.084862
v -14.341249 37.651585 46.929928
v -14.342050 37.651699 46.930401
v -14.340479 37.651600 46.929394
v -14.339756 37.651741 46.928814
v -14.460844 37.566093 46.798710
v -14.461497 37.566315 46.799343
v -14.460218 37.566006 46.798019
v -14.459633 37.566048 46.797283
v -14.616703 37.496147 46.700500
v -14.617163 37.496452 46.701252
v -14.798441 37.446884 46.642815
v -14.616266 37.495975 46.699688
v -14.615861 37.495937 46.698841
v -14.798204 37.446518 46.641983
v -14.992974 37.420982 46.628006
v -14.992981 37.420586 46.627155
v -14.797987 37.446285 46.641102
v -14.992998 37.420319 46.626259
v -14.993026 37.420197 46.625332
v -14.797790 37.446194 46.640190
v -15.492299 37.573441 46.974319
v -15.368787 37.445503 46.730282
v -15.524455 37.494259 46.840393
v -15.643901 37.563450 46.980675
v -15.718987 37.648365 47.141563
v -15.163640 37.483932 46.765400
v -15.187510 37.420513 46.657837
v -15.618255 37.751778 47.307217
v -15.744599 37.743214 47.312096
v -15.718987 37.841537 47.480648
v -14.767809 37.519806 46.765987
v -15.567100 37.878220 47.521099
v -15.643901 37.936630 47.635742
v -14.564197 37.597279 46.869888
v -15.421754 37.991051 47.696251
v -15.524455 38.022018 47.766796
v -15.368787 38.091873 47.864883
v -14.418852 37.710110 47.045040
v -15.218143 38.068523 47.800156
v -15.187510 38.141445 47.923328
v -14.367698 37.836552 47.258926
v -14.822310 38.104397 47.800735
v -14.493653 38.014889 47.591824
v -15.188261 37.419724 46.655273
v -15.187756 37.420109 46.657024
v -15.188008 37.419849 46.656162
v -15.369258 37.445137 46.729557
v -15.370190 37.444805 46.727974
v -15.369729 37.444901 46.728783
v -15.526418 37.493732 46.838478
v -15.525119 37.493950 46.839809
v -15.525779 37.493774 46.839169
v -15.644713 37.563229 46.980263
v -15.646295 37.563175 46.979271
v -15.645518 37.563133 46.979790
v -15.719893 37.648247 47.141354
v -15.721652 37.648396 47.140739
v -15.720788 37.648258 47.141075
v -15.745538 37.743214 47.312096
v -15.747355 37.743587 47.311882
v -15.746463 37.743340 47.312023
v -15.719893 37.841660 47.480858
v -15.721652 37.842266 47.481045
v -15.720788 37.841904 47.480991
v -15.644713 37.936871 47.636143
v -15.645518 37.937229 47.636459
v -15.646295 37.937702 47.636696
v -15.525119 38.022362 47.767361
v -15.525779 38.022823 47.767841
v -15.526418 38.023392 47.768223
v -15.369258 38.092308 47.865574
v -15.369729 38.092854 47.866169
v -15.370190 38.093502 47.866665
v -15.187756 38.141937 47.924084
v -15.188008 38.142544 47.924755
v -15.188261 38.143250 47.925316
v -14.993063 37.420219 46.624393
v -15.188505 37.419743 46.654366
v -15.188737 37.419910 46.653473
v -14.993110 37.420383 46.623470
v -15.370627 37.444855 46.727146
v -15.371033 37.445042 46.726322
v -15.527022 37.493835 46.837772
v -15.527575 37.494072 46.837051
v -15.647025 37.563351 46.978710
v -15.647693 37.563648 46.978123
v -15.722463 37.648663 47.140347
v -15.723203 37.649044 47.139915
v -15.748195 37.743954 47.311676
v -15.748958 37.744427 47.311409
v -15.722463 37.842735 47.481014
v -15.723203 37.843304 47.480907
v -15.647025 37.938274 47.636833
v -15.647693 37.938931 47.636868
v -15.527022 38.024055 47.768497
v -15.527575 38.024796 47.768661
v -15.370627 38.094238 47.867046
v -15.371033 38.095043 47.867302
v -15.188505 38.144039 47.925762
v -14.993063 38.170063 47.940639
v -15.188737 38.144894 47.926071
v -14.993110 38.170940 47.940968
v -14.797621 38.170536 47.910664
v -14.797482 38.171413 47.910965
v -14.615498 38.145428 47.837887
v -14.615187 38.146282 47.838116
v -14.459105 38.096447 47.727257
v -14.458646 38.097256 47.727383
v -14.339101 38.026932 47.586323
v -14.338528 38.027672 47.586315
v -14.263663 37.941620 47.424683
v -14.263018 37.942280 47.424519
v -14.237932 37.846329 47.253357
v -14.237264 37.846897 47.253029
v -14.263663 37.747547 47.084011
v -14.263018 37.748024 47.083527
v -14.339101 37.652008 46.928200
v -14.338528 37.652393 46.927570
v -14.459105 37.566223 46.796532
v -14.458646 37.566528 46.795776
v -14.615498 37.496040 46.697987
v -14.615187 37.496281 46.697128
v -14.797621 37.446239 46.639271
v -14.797482 37.446434 46.638363
v -15.951367 36.034389 48.497040
v -15.947204 36.034672 48.496876
v -15.951493 36.035965 48.496525
v -15.947486 36.038837 48.496906
v -15.951600 36.037617 48.496662
v -15.951671 36.039085 48.497437
v -15.951678 36.040501 48.499680
v -15.947486 36.040905 48.500534
v -15.951562 36.040287 48.502319
v -15.951367 36.038525 48.504295
v -15.945804 36.038898 48.504078
v -15.951087 36.034359 48.504265
v -15.938798 36.035244 48.496555
v -15.951087 36.032291 48.500637
v -15.960195 36.230373 48.504002
v -15.960195 36.132481 48.332161
v -13.787759 11.986664 62.203892
v -13.786076 11.984660 62.207436
v -13.787759 11.984597 62.200264
v -13.774486 11.886758 62.372211
v -13.787476 11.980432 62.200233
v -13.774486 11.788863 62.200371
v -16.058008 36.235909 48.529129
v -16.006519 36.238434 48.525452
v -16.105898 36.223221 48.514408
v -16.156168 36.224983 48.525421
v -16.126713 36.226978 48.524284
v -16.126713 36.221813 48.515213
v -16.168343 36.218113 48.515282
v -16.006519 36.118137 48.314285
v -16.058008 36.113686 48.314583
v -16.105898 36.119877 48.333000
v -16.126713 36.118465 48.333805
v -16.156168 36.111301 48.325874
v -16.126713 36.113300 48.324734
v -16.168343 36.116520 48.336952
v -13.982635 11.874496 62.383492
v -13.970461 11.881367 62.393631
v -13.941006 11.883364 62.392494
v -13.941006 11.878196 62.383427
v -13.920190 11.879607 62.382618
v -13.872300 11.892292 62.397339
v -13.820811 11.894820 62.393661
v -13.820811 11.774522 62.182495
v -13.872300 11.770068 62.182789
v -13.920190 11.776262 62.201210
v -13.941006 11.774851 62.202015
v -13.982635 11.772905 62.205162
v -13.970464 11.767687 62.194080
v -13.941006 11.769684 62.192944
v -13.791640 11.980149 62.200394
v -13.791767 11.981723 62.199879
v -13.791873 11.983374 62.200016
v -13.791945 11.984843 62.200794
v -13.791952 11.986260 62.203037
v -13.791837 11.986045 62.205677
v -13.791640 11.984282 62.207649
v -13.791360 11.980117 62.207623
v -13.779072 11.981001 62.199909
v -13.791360 11.978050 62.203995
v -15.951367 35.848366 48.170502
v -15.947204 35.848652 48.170338
v -15.951493 35.849941 48.169987
v -15.947486 35.852814 48.170368
v -15.951600 35.851593 48.170124
v -15.951671 35.853062 48.170898
v -15.951678 35.854481 48.173141
v -15.947486 35.854881 48.174000
v -15.951562 35.854263 48.175781
v -15.951367 35.852501 48.177761
v -15.945804 35.852879 48.177540
v -15.951087 35.848335 48.177731
v -15.938798 35.849220 48.170017
v -15.951087 35.846268 48.174099
v -15.960195 36.044353 48.177464
v -15.960195 35.946457 48.005623
v -13.787759 11.800641 61.877357
v -13.786076 11.798638 61.880898
v -13.787759 11.798574 61.873726
v -13.774486 11.700736 62.045673
v -13.787476 11.794409 61.873695
v -13.774486 11.602841 61.873833
v -16.058008 36.049885 48.202595
v -16.006519 36.052414 48.198914
v -16.105898 36.037201 48.187874
v -16.156168 36.038960 48.198887
v -16.126713 36.040958 48.197746
v -16.126713 36.035789 48.188679
v -16.168343 36.032089 48.188744
v -16.006519 35.932114 47.987747
v -16.058008 35.927662 47.988049
v -16.105898 35.933853 48.006466
v -16.126713 35.932442 48.007271
v -16.156168 35.925278 47.999340
v -16.126713 35.927277 47.998196
v -16.168343 35.930500 48.010414
v -13.982635 11.688475 62.056953
v -13.970461 11.695345 62.067093
v -13.941006 11.697340 62.065956
v -13.941006 11.692173 62.056889
v -13.920190 11.693584 62.056084
v -13.872300 11.706270 62.070805
v -13.820811 11.708797 62.067123
v -13.820811 11.588499 61.855957
v -13.872300 11.584045 61.856258
v -13.920190 11.590239 61.874676
v -13.941006 11.588827 61.875481
v -13.982635 11.586883 61.878624
v -13.970464 11.581663 61.867542
v -13.941006 11.583660 61.866405
v -13.791640 11.794127 61.873859
v -13.791767 11.795701 61.873344
v -13.791873 11.797352 61.873482
v -13.791945 11.798820 61.874256
v -13.791952 11.800239 61.876499
v -13.791837 11.800023 61.879139
v -13.791640 11.798261 61.881119
v -13.791360 11.794094 61.881088
v -13.779072 11.794978 61.873375
v -13.791360 11.792027 61.877457
v -13.715854 36.190063 48.417965
v -13.720017 36.189781 48.418129
v -13.715981 36.191307 48.416874
v -13.720299 36.191879 48.414524
v -13.716087 36.192032 48.415382
v -13.716157 36.192116 48.413723
v -13.716166 36.190910 48.411358
v -13.720299 36.189812 48.410900
v -13.716050 36.188526 48.410202
v -13.715854 36.185928 48.410706
v -13.721417 36.185551 48.410927
v -13.715572 36.183830 48.414307
v -13.728422 36.189209 48.418449
v -13.715572 36.185894 48.417934
v -13.733008 36.283451 48.246151
v -13.733008 36.381348 48.417992
v -11.560573 12.135570 62.114258
v -11.561691 12.131309 62.114285
v -11.560573 12.137637 62.117882
v -11.547300 11.939836 62.114361
v -11.560290 12.135537 62.121479
v -11.547300 12.037731 62.286201
v -13.635195 36.277916 48.221020
v -13.686684 36.275391 48.224701
v -13.587304 36.290604 48.235741
v -13.537033 36.288845 48.224731
v -13.566490 36.286846 48.225868
v -13.566490 36.292015 48.234936
v -13.524859 36.295715 48.234871
v -13.686684 36.395687 48.435867
v -13.635195 36.400143 48.435566
v -13.587304 36.393951 48.417149
v -13.566490 36.395359 48.416344
v -13.537034 36.402523 48.424282
v -13.566490 36.400528 48.425419
v -13.524859 36.397308 48.413200
v -11.339151 11.952097 62.103081
v -11.351325 11.945227 62.092937
v -11.380782 11.943230 62.094078
v -11.380782 11.948398 62.103146
v -11.401596 11.946987 62.103951
v -11.449487 11.934301 62.089230
v -11.500976 11.931774 62.092911
v -11.500976 12.052073 62.304077
v -11.449487 12.056525 62.303776
v -11.401596 12.050332 62.285358
v -11.380782 12.051744 62.284554
v -11.339151 12.053689 62.281406
v -11.351324 12.058908 62.292484
v -11.380782 12.056911 62.293621
v -11.556129 12.135819 62.121323
v -11.556255 12.137066 62.120232
v -11.556360 12.137789 62.118736
v -11.556431 12.137872 62.117081
v -11.556439 12.136665 62.114716
v -11.556324 12.134283 62.113556
v -11.556129 12.131686 62.114063
v -11.555846 12.129586 62.117664
v -11.568696 12.134967 62.121807
v -11.555846 12.131653 62.121292
v -13.715854 36.004040 48.091431
v -13.720017 36.003757 48.091591
v -13.715981 36.005283 48.090340
v -13.720299 36.005856 48.087994
v -13.716087 36.006008 48.088844
v -13.716157 36.006092 48.087189
v -13.716166 36.004883 48.084827
v -13.720299 36.003788 48.084366
v -13.716050 36.002502 48.083668
v -13.715854 35.999905 48.084171
v -13.721417 35.999527 48.084389
v -13.715572 35.997807 48.087776
v -13.728422 36.003185 48.091915
v -13.715572 35.999874 48.091400
v -13.733008 36.097427 47.919613
v -13.733008 36.195324 48.091454
v -11.560573 11.949547 61.787724
v -11.561691 11.945286 61.787746
v -11.560573 11.951613 61.791351
v -11.547300 11.753813 61.787823
v -11.560290 11.949515 61.794949
v -11.547300 11.851708 61.959663
v -13.635195 36.091896 47.894485
v -13.686684 36.089367 47.898163
v -13.587304 36.104580 47.909206
v -13.537033 36.102821 47.898193
v -13.566490 36.100822 47.899330
v -13.566490 36.105991 47.908401
v -13.524859 36.109692 47.908333
v -13.686684 36.209667 48.109329
v -13.635195 36.214119 48.109035
v -13.587304 36.207924 48.090614
v -13.566490 36.209339 48.089809
v -13.537034 36.216503 48.097744
v -13.566490 36.214504 48.098881
v -13.524859 36.211285 48.086662
v -11.339151 11.766075 61.776543
v -11.351325 11.759205 61.766407
v -11.380782 11.757208 61.767544
v -11.380782 11.762376 61.776611
v -11.401596 11.760965 61.777416
v -11.449487 11.748280 61.762695
v -11.500976 11.745751 61.766376
v -11.500976 11.866050 61.977543
v -11.449487 11.870503 61.977242
v -11.401596 11.864310 61.958824
v -11.380782 11.865721 61.958019
v -11.339151 11.867665 61.954872
v -11.351324 11.872885 61.965950
v -11.380782 11.870889 61.967091
v -11.556129 11.949797 61.794785
v -11.556255 11.951043 61.793697
v -11.556360 11.951765 61.792202
v -11.556431 11.951850 61.790546
v -11.556439 11.950643 61.788185
v -11.556324 11.948259 61.787022
v -11.556129 11.945662 61.787529
v -11.555846 11.943564 61.791126
v -11.568696 11.948945 61.795269
v -11.555846 11.945631 61.794754
v -12.484218 11.401751 61.148270
v -12.477723 11.329408 61.189484
v -12.844064 11.304575 61.203629
v -12.850559 11.376920 61.162418
v -12.466192 11.408140 61.156643
v -12.463404 11.413497 61.165611
v -12.456907 11.341153 61.206821
v -12.459697 11.335796 61.197861
v -12.473811 11.403841 61.150299
v -12.467316 11.331497 61.191513
v -12.860967 11.377599 61.165249
v -12.868586 11.380865 61.172184
v -12.871373 11.385843 61.181362
v -12.735894 11.434538 61.245487
v -12.871373 11.435503 61.268532
v -12.598882 11.443826 61.240196
v -12.463404 11.463157 61.252777
v -12.456907 11.390814 61.293991
v -13.790685 12.304644 63.108295
v -13.628782 12.348915 63.160492
v -13.857745 12.219714 62.969784
v -13.790685 12.143875 62.826096
v -13.466882 12.326593 63.095791
v -13.664168 11.852173 62.294113
v -13.628782 12.121553 62.761398
v -12.862090 12.304774 62.962173
v -13.399819 12.250754 62.952103
v -12.854471 12.309074 62.968521
v -13.671786 11.847873 62.287766
v -12.844064 12.311164 62.970551
v -13.653761 11.854262 62.296139
v -12.864879 12.299418 62.953213
v -13.674576 11.842517 62.278801
v -13.553741 11.861041 62.292278
v -13.466882 12.165825 62.813587
v -12.864879 12.249758 62.866043
v -12.477723 12.335995 62.956406
v -12.984695 11.959105 62.374729
v -12.836134 12.018462 62.455505
v -13.083962 11.878615 62.249084
v -13.118819 11.789245 62.097702
v -13.553741 11.658484 61.936718
v -13.574180 11.724364 62.055580
v -13.574180 11.792392 62.174992
v -12.660893 12.047647 62.479115
v -12.729399 12.269091 62.878620
v -12.592387 12.278378 62.873329
v -12.456907 12.277411 62.850285
v -13.674576 11.660627 61.959522
v -13.671786 11.655649 61.950344
v -12.467316 12.335318 62.953571
v -11.854905 12.435863 63.033546
v -12.459697 12.332051 62.946640
v -13.790685 11.343528 61.421200
v -13.664168 11.652383 61.943409
v -13.083962 11.704601 61.943623
v -12.485653 12.042217 62.441971
v -11.693004 12.480133 63.085739
v -13.857745 11.258599 61.282688
v -11.921968 12.350932 62.895031
v -12.456907 12.327072 62.937458
v -13.628782 11.387797 61.473392
v -13.653761 11.651704 61.940575
v -11.854905 12.275094 62.751339
v -12.337090 12.003003 62.349716
v -12.984695 11.637568 61.810318
v -11.531103 12.457811 63.021042
v -13.790685 11.182759 61.138992
v -13.466882 11.365478 61.408695
v -11.464041 12.381973 62.877346
v -13.628782 11.160439 61.074295
v -11.531103 12.297044 62.738838
v -13.609379 11.099746 60.964699
v -13.570014 11.101254 60.961147
v -13.531202 11.100426 60.953571
v -13.466882 11.204709 61.126488
v -13.493486 11.097267 60.942081
v -12.864879 11.363160 61.309750
v -13.399819 11.289639 61.264999
v -12.836134 11.598352 61.718063
v -12.660893 11.592926 61.680920
v -11.768045 11.982087 62.223316
v -12.202967 11.851327 62.062332
v -12.237823 11.935969 62.216404
v -11.693004 12.252773 62.686642
v -11.668026 11.988867 62.219452
v -12.864879 11.313499 61.222576
v -11.657619 11.988189 62.216625
v -12.862090 11.308521 61.213398
v -12.854471 11.305255 61.206463
v -11.650000 11.984921 62.209686
v -11.647210 11.979944 62.200512
v -12.729399 11.362195 61.286697
v -11.747606 11.916206 62.104454
v -12.592387 11.371482 61.281406
v -11.747606 11.848181 61.985043
v -12.485653 11.622110 61.704529
v -12.337090 11.681467 61.785305
v -11.768045 11.779529 61.867756
v -12.237823 11.761956 61.910950
v -11.854905 11.474747 61.346443
v -11.921968 11.389816 61.207932
v -11.693004 11.519018 61.398640
v -11.668026 11.786309 61.863895
v -11.657619 11.788400 61.865921
v -11.854905 11.313978 61.064236
v -11.531103 11.496696 61.333939
v -11.650000 11.792699 61.872269
v -11.828300 11.210143 60.877777
v -11.790584 11.218413 60.886356
v -11.693004 11.291656 60.999538
v -11.751772 11.224506 60.890934
v -11.712408 11.228333 60.891441
v -11.464041 11.420857 61.190250
v -11.647210 11.798055 61.881229
v -11.531103 11.335927 61.051735
v -13.456654 9.181326 62.057598
v -13.633581 9.192870 62.105747
v -13.763100 9.248396 62.223629
v -13.810507 9.333027 62.379658
v -13.763100 10.385201 64.219116
v -13.736060 10.379282 64.204468
v -13.633581 10.458286 64.326996
v -13.617970 10.445919 64.302826
v -13.456654 10.493816 64.361481
v -13.810507 10.294143 64.066757
v -13.779281 10.296259 64.065544
v -13.456654 10.478315 64.334267
v -13.742250 10.224253 63.933315
v -13.295340 10.467790 64.290375
v -13.495037 10.156479 63.775387
v -13.439929 10.095168 63.659077
v -13.341612 10.176270 63.785946
v -13.639649 10.173799 63.828579
v -13.136404 10.320417 64.006630
v -13.005305 10.340420 64.021080
v -13.134025 10.339999 64.040634
v -13.143508 10.300802 63.973324
v -13.155233 10.281443 63.941185
v -13.177249 10.417162 64.182884
v -13.512148 10.008797 63.518848
v -12.841208 10.387401 64.077690
v -13.556288 9.919528 63.369110
v -12.667439 10.421095 64.109444
v -13.571136 9.829811 63.213959
v -12.488765 10.440578 64.115486
v -13.556288 9.742106 63.057671
v -13.639649 9.476535 62.604637
v -13.512148 9.658822 62.904522
v -12.136323 10.435181 64.050468
v -11.800281 10.510501 64.129715
v -12.310093 10.445317 64.095642
v -11.682191 10.577138 64.228073
v -13.742250 9.412170 62.507820
v -13.439929 9.582242 62.758709
v -11.972224 10.410448 63.981190
v -13.495037 9.513459 62.646660
v -11.520875 10.625036 64.286728
v -11.843501 10.427478 63.990799
v -13.779281 9.335143 62.378448
v -11.520875 10.609532 64.259521
v -11.841124 10.408218 63.956615
v -11.834021 10.389566 63.922756
v -11.822297 10.371797 63.889713
v -13.341612 9.514467 62.624245
v -11.343949 10.613491 64.238579
v -13.736060 9.257980 62.236187
v -11.359561 10.599008 64.215614
v -13.617970 9.207353 62.128708
v -11.241470 10.548381 64.108139
v -11.214431 10.557965 64.120697
v -11.167024 10.473333 63.964676
v -11.198246 10.471217 63.965878
v -13.456654 9.196828 62.084805
v -13.437250 9.182641 62.056847
v -13.397886 9.184150 62.053291
v -13.143508 9.416794 62.421574
v -13.005305 9.395913 62.363136
v -13.155233 9.434564 62.454613
v -13.136404 9.398142 62.387711
v -13.134025 9.378883 62.353531
v -11.635918 10.291893 63.720081
v -11.537601 10.224119 63.585617
v -11.482493 10.292901 63.697670
v -11.235280 10.394190 63.836506
v -13.177249 9.295860 62.214611
v -13.295340 9.229223 62.116249
v -11.337881 10.329826 63.739693
v -13.359075 9.183320 62.045715
v -13.321358 9.180162 62.034233
v -12.841208 9.371180 62.293861
v -11.465382 10.147539 63.439808
v -12.667439 9.361044 62.248680
v -11.421243 10.064254 63.286655
v -12.488765 9.365782 62.228836
v -11.406393 9.976550 63.130367
v -11.972224 9.465940 62.323242
v -11.834021 9.505559 62.371002
v -11.822297 9.524919 62.403141
v -11.841124 9.485944 62.337692
v -11.843501 9.466362 62.303696
v -11.635918 9.630090 62.558380
v -11.482493 9.649883 62.568943
v -11.537601 9.711193 62.685249
v -12.136323 9.418961 62.266640
v -11.800281 9.389197 62.161438
v -11.337881 9.632563 62.515747
v -11.465382 9.797564 62.825478
v -11.421243 9.886832 62.975220
v -11.235280 9.582108 62.411011
v -12.310093 9.385265 62.234882
v -11.656172 9.293038 61.969925
v -11.682191 9.338572 62.053951
v -11.618456 9.301310 61.978500
v -11.579643 9.307401 61.983078
v -11.520875 9.328046 62.010056
v -11.540280 9.311229 61.983593
v -11.520875 9.312544 61.982841
v -11.167024 9.512218 62.277573
v -11.198246 9.510102 62.278778
v -11.241470 9.427078 62.139854
v -11.343949 9.348075 62.017330
v -11.359561 9.360442 62.041496
v -11.214431 9.421161 62.125206
v -13.253339 10.604058 61.223057
v -13.174812 10.504638 61.279694
v -13.036456 10.514015 61.274353
v -13.055151 10.722238 61.155731
v -13.193508 10.712859 61.161072
v -12.175700 10.572363 61.241116
v -12.254227 10.671784 61.184475
v -12.976626 10.622816 61.212372
v -12.037345 10.581742 61.235771
v -12.194396 10.780585 61.122494
v -11.977514 10.690541 61.173790
v -12.056040 10.789963 61.117149
v -12.254226 10.981822 61.728703
v -12.194395 11.090622 61.666721
v -12.056039 11.100000 61.661377
v -11.977513 11.000579 61.718014
v -12.037344 10.891779 61.779995
v -12.175699 10.882400 61.785343
v -12.115870 11.032475 61.795811
v -13.253338 10.914097 61.767281
v -13.193507 11.022897 61.705299
v -13.055150 11.032275 61.699959
v -12.976625 10.932854 61.756599
v -13.036456 10.824054 61.818581
v -13.174812 10.814674 61.823921
v -13.114981 10.964750 61.834393
v -13.936110 11.259964 62.509514
v -13.931808 11.164602 62.453552
v -13.944717 11.355820 62.454903
v -13.936110 11.165094 62.342983
v -13.949020 11.356312 62.344334
v -13.944717 11.260949 62.288372
v -13.848549 11.170245 62.450336
v -13.848559 11.173095 62.455059
v -13.848591 11.176175 62.459637
v -13.848644 11.179480 62.464058
v -13.848720 11.182999 62.468304
v -13.848815 11.186725 62.472370
v -13.848931 11.190649 62.476250
v -13.849068 11.194759 62.479923
v -13.849224 11.199048 62.483395
v -13.849401 11.203504 62.486645
v -13.849596 11.208114 62.489670
v -13.849813 11.212869 62.492458
v -13.850043 11.217756 62.495007
v -13.850295 11.222763 62.497311
v -13.850562 11.227879 62.499359
v -13.850846 11.233089 62.501156
v -13.851146 11.238381 62.502686
v -13.851460 11.243742 62.503948
v -13.851789 11.249159 62.504948
v -13.852131 11.254619 62.505672
v -13.852486 11.260105 62.506119
v -13.852852 11.265608 62.506298
v -13.853230 11.271111 62.506203
v -13.853616 11.276603 62.505825
v -13.854011 11.282066 62.505180
v -13.854415 11.287494 62.504257
v -13.854825 11.292865 62.503071
v -13.855240 11.298171 62.501614
v -13.855660 11.303396 62.499897
v -13.856085 11.308530 62.497917
v -13.856512 11.313558 62.495686
v -13.856940 11.318466 62.493210
v -13.857369 11.323246 62.490482
v -13.857798 11.327884 62.487526
v -13.858226 11.332368 62.484341
v -13.858650 11.336686 62.480934
v -13.859071 11.340830 62.477314
v -13.859487 11.344789 62.473492
v -13.859897 11.348550 62.469475
v -13.860299 11.352108 62.465282
v -13.860696 11.355451 62.460907
v -13.861082 11.358572 62.456375
v -13.861459 11.361464 62.451691
v -13.861825 11.364117 62.446865
v -13.862179 11.366528 62.441914
v -13.862521 11.368689 62.436855
v -13.862850 11.370594 62.431686
v -13.863165 11.372240 62.426430
v -13.863464 11.373623 62.421093
v -13.863750 11.374738 62.415699
v -13.864016 11.375582 62.410252
v -13.864266 11.376155 62.404774
v -13.864499 11.376453 62.399265
v -13.864714 11.376479 62.393753
v -13.864909 11.376227 62.388248
v -13.865086 11.375705 62.382755
v -13.865242 11.374908 62.377296
v -13.865380 11.373842 62.371883
v -13.865496 11.372507 62.366531
v -13.865591 11.370909 62.361256
v -13.865665 11.369048 62.356064
v -13.865719 11.366933 62.350967
v -13.865750 11.364567 62.345982
v -13.865762 11.361956 62.341122
v -13.865750 11.359106 62.336399
v -13.865719 11.356027 62.331821
v -13.865665 11.352722 62.327400
v -13.865591 11.349202 62.323151
v -13.865496 11.345476 62.319084
v -13.865380 11.341553 62.315208
v -13.865242 11.337442 62.311527
v -13.865086 11.333153 62.308064
v -13.864909 11.328698 62.304810
v -13.864714 11.324087 62.301788
v -13.864499 11.319331 62.299000
v -13.864266 11.314445 62.296448
v -13.864016 11.309438 62.294147
v -13.863750 11.304321 62.292095
v -13.863464 11.299113 62.290306
v -13.863165 11.293820 62.288769
v -13.862850 11.288458 62.287506
v -13.862521 11.283042 62.286510
v -13.862179 11.277583 62.285789
v -13.861825 11.272096 62.285336
v -13.861459 11.266593 62.285160
v -13.861082 11.261090 62.285259
v -13.860696 11.255598 62.285629
v -13.860299 11.250134 62.286278
v -13.859897 11.244708 62.287193
v -13.859487 11.239336 62.288387
v -13.859071 11.234030 62.289841
v -13.858650 11.228805 62.291557
v -13.858226 11.223672 62.293537
v -13.857798 11.218644 62.295769
v -13.857369 11.213734 62.298252
v -13.856940 11.208955 62.300972
v -13.856512 11.204317 62.303928
v -13.856085 11.199833 62.307121
v -13.855660 11.195514 62.310524
v -13.855240 11.191371 62.314144
v -13.854825 11.187412 62.317966
v -13.854415 11.183651 62.321980
v -13.854011 11.180094 62.326180
v -13.853616 11.176750 62.330551
v -13.853230 11.173629 62.335083
v -13.852852 11.170738 62.339767
v -13.852486 11.168083 62.344589
v -13.852131 11.165673 62.349537
v -13.851789 11.163512 62.354607
v -13.851460 11.161606 62.359776
v -13.851146 11.159961 62.365028
v -13.850846 11.158579 62.370361
v -13.850562 11.157463 62.375759
v -13.850295 11.156619 62.381203
v -13.850043 11.156047 62.386688
v -13.849813 11.155747 62.392193
v -13.849596 11.155723 62.397701
v -13.849401 11.155972 62.403214
v -13.849224 11.156496 62.408703
v -13.849068 11.157292 62.414162
v -13.848931 11.158360 62.419567
v -13.848815 11.159694 62.424923
v -13.848720 11.161293 62.430202
v -13.848644 11.163153 62.435394
v -13.848591 11.165268 62.440495
v -13.848559 11.167634 62.445473
v -13.851343 11.237445 62.495941
v -13.851633 11.242472 62.497261
v -13.851067 11.232490 62.494370
v -13.851936 11.247558 62.498325
v -13.850807 11.227617 62.492561
v -13.852253 11.252689 62.499138
v -13.850562 11.222841 62.490505
v -13.852582 11.257854 62.499691
v -13.850334 11.218172 62.488213
v -13.852921 11.263040 62.499989
v -13.850124 11.213623 62.485695
v -13.853272 11.268232 62.500023
v -13.849930 11.209204 62.482952
v -13.853632 11.273421 62.499805
v -13.849754 11.204926 62.479992
v -13.854002 11.278590 62.499321
v -13.849598 11.200800 62.476822
v -13.854379 11.283729 62.498581
v -13.849459 11.196837 62.473450
v -13.854762 11.288824 62.497585
v -13.849338 11.193046 62.469883
v -13.855152 11.293861 62.496338
v -13.849239 11.189437 62.466137
v -13.855546 11.298831 62.494843
v -13.849159 11.186018 62.462212
v -13.855945 11.303719 62.493095
v -13.849099 11.182797 62.458122
v -13.856346 11.308513 62.491112
v -13.849059 11.179786 62.453876
v -13.856750 11.313201 62.488884
v -13.849038 11.176988 62.449490
v -13.857156 11.317773 62.486435
v -13.849038 11.174411 62.444969
v -13.857559 11.322217 62.483753
v -13.849059 11.172063 62.440323
v -13.857965 11.326520 62.480854
v -13.849099 11.169948 62.435562
v -13.858365 11.330674 62.477745
v -13.849159 11.168072 62.430710
v -13.858764 11.334666 62.474426
v -13.849239 11.166440 62.425766
v -13.859159 11.338490 62.470917
v -13.849338 11.165055 62.420750
v -13.859550 11.342133 62.467216
v -13.849459 11.163923 62.415676
v -13.859932 11.345586 62.463345
v -13.849598 11.163044 62.410545
v -13.860310 11.348842 62.459301
v -13.849754 11.162421 62.405380
v -13.860678 11.351892 62.455097
v -13.849930 11.162056 62.400188
v -13.861038 11.354729 62.450748
v -13.850124 11.161949 62.394989
v -13.861389 11.357346 62.446262
v -13.850334 11.162103 62.389790
v -13.861729 11.359735 62.441650
v -13.850562 11.162514 62.384609
v -13.862058 11.361892 62.436924
v -13.850807 11.163182 62.379456
v -13.862373 11.363811 62.432098
v -13.851067 11.164108 62.374336
v -13.862678 11.365487 62.427177
v -13.851343 11.165285 62.369274
v -13.862967 11.366917 62.422184
v -13.851633 11.166714 62.364281
v -13.863243 11.368093 62.417122
v -13.851936 11.168390 62.359360
v -13.863503 11.369019 62.412006
v -13.852253 11.170308 62.354530
v -13.863748 11.369687 62.406845
v -13.852582 11.172466 62.349804
v -13.863975 11.370098 62.401661
v -13.852921 11.174855 62.345196
v -13.864187 11.370252 62.396469
v -13.853272 11.177472 62.340706
v -13.864381 11.370146 62.391266
v -13.853632 11.180308 62.336357
v -13.864556 11.369780 62.386074
v -13.854002 11.183359 62.332157
v -13.864714 11.369157 62.380913
v -13.854379 11.186615 62.328114
v -13.864852 11.368279 62.375786
v -13.854762 11.190069 62.324238
v -13.864971 11.367146 62.370701
v -13.855152 11.193711 62.320541
v -13.865071 11.365761 62.365688
v -13.855546 11.197534 62.317028
v -13.865151 11.364129 62.360748
v -13.855945 11.201527 62.313717
v -13.865211 11.362254 62.355888
v -13.856346 11.205680 62.310608
v -13.865252 11.360139 62.351135
v -13.856750 11.209984 62.307705
v -13.865273 11.357790 62.346489
v -13.857156 11.214428 62.305023
v -13.865273 11.355213 62.341965
v -13.857559 11.218999 62.302567
v -13.865252 11.352416 62.337574
v -13.857965 11.223688 62.300346
v -13.865211 11.349402 62.333336
v -13.858365 11.228482 62.298359
v -13.865151 11.346184 62.329243
v -13.858764 11.233370 62.296616
v -13.865071 11.342765 62.325321
v -13.859159 11.238339 62.295116
v -13.864971 11.339154 62.321571
v -13.859550 11.243378 62.293869
v -13.864852 11.335363 62.318008
v -13.859932 11.248472 62.292873
v -13.864714 11.331401 62.314632
v -13.860310 11.253611 62.292133
v -13.864556 11.327275 62.311466
v -13.860678 11.258780 62.291656
v -13.864381 11.322998 62.308506
v -13.861038 11.263968 62.291431
v -13.864187 11.318579 62.305763
v -13.861389 11.269161 62.291466
v -13.863975 11.314030 62.303242
v -13.861729 11.274346 62.291767
v -13.863748 11.309361 62.300953
v -13.862058 11.279511 62.292316
v -13.863503 11.304585 62.298897
v -13.862373 11.284644 62.293133
v -13.863243 11.299711 62.297085
v -13.862678 11.289730 62.294197
v -13.862967 11.294756 62.295517
v -13.919599 11.210195 62.307438
v -13.926632 11.314345 62.308174
v -13.926632 11.366017 62.398880
v -13.919599 11.313540 62.488846
v -13.912568 11.209390 62.488106
v -13.912568 11.157717 62.397400
v -13.913975 11.219886 62.470112
v -13.919599 11.303205 62.470703
v -13.913975 11.178547 62.397549
v -13.925224 11.345188 62.398731
v -13.919599 11.220529 62.325577
v -13.925224 11.303850 62.326168
v -13.898786 11.263279 62.397335
v -13.156758 10.593202 63.896385
v -13.199983 10.670364 64.038643
v -13.318074 10.720992 64.146126
v -13.479388 10.731518 64.190025
v -13.640703 10.699121 64.158585
v -13.758795 10.632484 64.060226
v -13.802019 10.549461 63.921303
v -13.758795 10.472299 63.779045
v -13.640703 10.421672 63.671562
v -13.479388 10.411145 63.627663
v -13.318074 10.443542 63.659103
v -13.336740 10.122013 63.816856
v -13.291647 10.117011 63.843273
v -13.243602 10.136735 63.870327
v -13.202321 10.160029 63.904713
v -13.199983 10.510179 63.757462
v -13.169153 10.186132 63.945305
v -13.150361 10.227185 63.972095
v -13.016892 10.249940 64.033310
v -13.000434 10.286162 64.051994
v -12.848126 10.300810 64.096008
v -12.836335 10.333142 64.108597
v -12.668066 10.337171 64.131454
v -12.662566 10.366838 64.140358
v -12.482269 10.357900 64.138557
v -12.483892 10.386321 64.146400
v -12.305223 10.391060 64.126556
v -12.296474 10.362359 64.117104
v -12.131452 10.380923 64.081375
v -12.116412 10.350409 64.067749
v -11.967353 10.356191 64.012100
v -11.947647 10.322420 63.992020
v -11.817426 10.317539 63.920624
v -11.795385 10.279254 63.892254
v -11.866239 10.680680 63.846554
v -11.823014 10.603518 63.704288
v -11.762219 10.257648 63.849102
v -11.720937 10.239950 63.811523
v -11.704925 10.552890 63.596809
v -11.672893 10.226740 63.780762
v -11.543610 10.542365 63.552910
v -11.631045 10.237636 63.750988
v -11.382294 10.574760 63.584347
v -11.264204 10.641397 63.682709
v -11.220980 10.724421 63.821632
v -11.565166 10.158444 63.643902
v -11.532730 10.169862 63.616528
v -11.485750 10.080035 63.493752
v -11.460510 10.093282 63.470722
v -11.437099 9.993933 63.334942
v -11.416371 10.009996 63.317566
v -11.420712 9.902796 63.172382
v -11.401522 9.922293 63.161278
v -11.416371 9.832575 63.006126
v -11.437099 9.809437 63.011086
v -11.460510 9.743306 62.856388
v -11.485750 9.716739 62.856037
v -11.532730 9.656936 62.716160
v -11.565166 9.627563 62.712021
v -11.631045 9.575832 62.589291
v -11.672893 9.544662 62.583481
v -11.220980 9.763304 62.134533
v -11.264204 9.840467 62.276791
v -11.382294 9.891094 62.384277
v -11.543610 9.901620 62.428173
v -11.704925 9.869225 62.396732
v -11.720937 9.524939 62.556427
v -11.762219 9.501644 62.522041
v -11.823014 9.802588 62.298374
v -11.795385 9.475541 62.481449
v -11.817426 9.470661 62.434052
v -11.866239 9.719564 62.159451
v -11.947647 9.411734 62.393440
v -11.967353 9.411683 62.354153
v -12.116412 9.360864 62.330746
v -12.131452 9.364703 62.297546
v -12.296474 9.324503 62.295300
v -12.305223 9.331008 62.265793
v -12.482269 9.303773 62.288193
v -12.483892 9.311524 62.259747
v -12.662566 9.306786 62.279591
v -12.668066 9.299314 62.309647
v -12.836335 9.316922 62.324772
v -12.848126 9.311264 62.359005
v -13.000434 9.341655 62.394047
v -13.016892 9.339254 62.434734
v -13.150361 9.380306 62.485527
v -13.169153 9.382420 62.534500
v -13.156758 9.632086 62.209286
v -13.199983 9.709249 62.351547
v -13.202321 9.404025 62.577652
v -13.243602 9.421723 62.615231
v -13.318074 9.759876 62.459026
v -13.291647 9.434934 62.645992
v -13.479388 9.770402 62.502930
v -13.336740 9.460210 62.655155
v -13.640703 9.738006 62.471489
v -13.758795 9.671370 62.373127
v -13.802019 9.588346 62.234203
v -13.399374 9.503229 62.782852
v -13.435058 9.527984 62.789619
v -13.478788 9.581639 62.933002
v -13.507276 9.604564 62.935429
v -13.527440 9.667741 63.091812
v -13.551415 9.687849 63.088581
v -13.543826 9.758879 63.254372
v -13.566265 9.775553 63.244869
v -13.551415 9.865271 63.400017
v -13.527440 9.852237 63.415665
v -13.507276 9.954538 63.549759
v -13.478788 9.944935 63.570717
v -13.435058 10.040910 63.689987
v -13.399374 10.034110 63.714733
v -13.086403 10.123016 63.821468
v -13.212702 10.044812 63.704102
v -12.933702 10.188452 63.912266
v -13.307077 9.957255 63.565277
v -12.761271 10.238257 63.972515
v -13.365404 9.864174 63.411083
v -12.576645 10.270257 63.999588
v -13.385134 9.769635 63.248245
v -12.387895 10.283051 63.992302
v -13.365404 9.677772 63.083881
v -12.203270 10.276082 63.950966
v -13.307077 9.592598 62.925175
v -12.030837 10.249653 63.877399
v -13.212702 9.517836 62.779068
v -11.878136 10.204920 63.774811
v -13.086403 9.456754 62.651943
v -11.751838 10.143838 63.647686
v -12.933702 9.412021 62.549355
v -11.657462 10.069077 63.501579
v -12.761271 9.385592 62.475784
v -11.599134 9.983902 63.342873
v -12.576645 9.378623 62.434452
v -11.579406 9.892038 63.178509
v -12.387895 9.391417 62.427162
v -12.203270 9.423416 62.454239
v -11.599134 9.797500 63.015671
v -12.030837 9.473222 62.514488
v -11.657462 9.704418 62.861473
v -11.751838 9.616861 62.722652
v -11.878136 9.538657 62.605286
v -11.608635 10.217585 62.993053
v -11.628366 10.309448 63.157417
v -11.686691 10.394622 63.316120
v -11.781067 10.469384 63.462223
v -11.907366 10.530466 63.589352
v -12.060067 10.575199 63.691940
v -12.232498 10.601627 63.765507
v -12.417124 10.608597 63.806839
v -12.605874 10.595803 63.814129
v -12.790499 10.563804 63.787056
v -12.962932 10.513998 63.726810
v -13.115633 10.448563 63.636013
v -13.241931 10.370358 63.518639
v -13.336307 10.282802 63.379822
v -13.394634 10.189720 63.225624
v -13.414363 10.095181 63.062782
v -13.394634 10.003318 62.898418
v -13.336307 9.918143 62.739719
v -13.241931 9.843382 62.593613
v -13.115633 9.782300 62.466484
v -12.962932 9.737567 62.363892
v -12.790499 9.711139 62.290325
v -12.605874 9.704169 62.248997
v -12.417124 9.716963 62.241707
v -12.232498 9.748962 62.268780
v -12.060067 9.798768 62.329029
v -11.907366 9.864203 62.419823
v -11.781067 9.942408 62.537197
v -11.686691 10.029964 62.676014
v -11.628366 10.123046 62.830215
v -11.807685 10.518732 63.553047
v -11.954822 10.574537 63.674191
v -11.691308 10.447092 63.408947
v -12.126289 10.612064 63.767094
v -11.610778 10.362746 63.248199
v -12.314591 10.629678 63.827686
v -11.569613 10.269382 63.077824
v -12.511499 10.626606 63.853325
v -11.569613 10.171078 62.905266
v -12.708407 10.602983 63.842892
v -11.610778 10.072132 62.738071
v -12.896708 10.559842 63.796844
v -11.691308 9.976869 62.583542
v -13.068175 10.499066 63.717186
v -11.807685 9.889451 62.448433
v -13.215312 10.423315 63.607403
v -11.954822 9.813699 62.338650
v -13.331690 10.335897 63.472298
v -12.126289 9.752924 62.258991
v -13.412221 10.240634 63.317764
v -12.314591 9.709783 62.212944
v -13.453385 10.141687 63.150574
v -12.511499 9.686159 62.202511
v -13.453385 10.043385 62.978012
v -12.708407 9.683087 62.228149
v -13.412221 9.950020 62.807640
v -12.896708 9.700701 62.288746
v -13.331690 9.865674 62.646889
v -13.068175 9.738230 62.381645
v -13.215312 9.794034 62.502792
v -12.517994 9.758503 62.161293
v -12.714903 9.755431 62.186939
v -12.903204 9.773045 62.247536
v -13.074671 9.810574 62.340431
v -13.221808 9.866377 62.461578
v -13.338185 9.938018 62.605671
v -13.418715 10.022364 62.766422
v -13.459881 10.115728 62.936802
v -13.459881 10.214031 63.109356
v -13.418715 10.312978 63.276554
v -13.338185 10.408241 63.431080
v -13.221808 10.495659 63.566193
v -13.074671 10.571410 63.675968
v -12.903204 10.632186 63.755627
v -12.714903 10.675326 63.801682
v -12.517994 10.698950 63.812115
v -12.321086 10.702022 63.786472
v -12.132785 10.684408 63.725876
v -11.961318 10.646880 63.632980
v -11.814181 10.591076 63.511829
v -11.697803 10.519436 63.367737
v -11.617273 10.435090 63.206989
v -11.576108 10.341725 63.036610
v -11.576108 10.243422 62.864056
v -11.617273 10.144476 62.696857
v -11.697803 10.049212 62.542328
v -11.814181 9.961795 62.407219
v -11.961318 9.886043 62.297440
v -12.132785 9.825268 62.217781
v -12.321086 9.782126 62.171730
v -15.708941 34.359474 47.930222
v -15.597535 34.444313 48.146198
v -15.597535 34.382309 48.037354
v -15.705693 34.343971 47.987110
v -15.813849 34.429649 48.154552
v -15.813849 34.367641 48.045708
v -15.853148 34.391037 48.008354
v -15.853148 34.473713 48.153477
vn 0.0676 -0.0030 0.9977
vn 0.0188 0.2715 0.9623
vn 0.0578 -0.1848 0.9811
vn 0.1065 -0.8639 0.4922
vn 0.0668 -0.7002 0.7108
vn 0.0634 -0.8599 -0.5065
vn 0.0550 -0.9971 0.0534
vn 0.0281 -0.7739 -0.6327
vn -0.9970 -0.0676 0.0385
vn -0.9970 -0.0676 0.0382
vn -0.9970 -0.0675 0.0391
vn -0.9970 -0.0674 0.0382
vn -0.9970 -0.0675 0.0382
vn -0.9970 -0.0675 0.0385
vn -0.9970 -0.0674 0.0380
vn -0.9970 -0.0671 0.0375
vn -0.9969 -0.0679 0.0387
vn -0.9970 -0.0679 0.0379
vn -0.9969 -0.0679 0.0388
vn -0.9969 -0.0678 0.0392
vn -0.9970 -0.0675 0.0387
vn -0.9969 -0.0681 0.0385
vn -0.9970 -0.0671 0.0384
vn -0.9969 -0.0680 0.0388
vn -0.2585 0.4607 0.8491
vn -0.2579 0.4613 0.8489
vn -0.2578 0.4609 0.8492
vn -0.7052 0.3019 0.6415
vn -0.7052 0.3025 0.6412
vn -0.7047 0.3024 0.6419
vn -0.2592 0.4605 0.8490
vn -0.2582 0.4608 0.8491
vn -0.2587 0.4600 0.8494
vn -0.7050 0.3023 0.6415
vn -0.7045 0.3026 0.6420
vn -0.7044 0.3019 0.6424
vn -0.9630 0.0628 0.2622
vn -0.9629 0.0634 0.2624
vn -0.9628 0.0628 0.2627
vn -0.9630 0.0628 0.2620
vn -0.9629 0.0628 0.2623
vn -0.9630 0.0623 0.2622
vn -0.0778 0.8663 -0.4935
vn -0.0777 0.8663 -0.4935
vn -0.0762 0.8663 -0.4936
vn -0.0772 0.8668 -0.4926
vn -0.0770 0.8665 -0.4932
vn -0.0772 0.8658 -0.4943
vn -0.0773 0.8662 -0.4937
vn -0.0771 0.8663 -0.4936
vn -0.0781 0.8664 -0.4932
vn -0.0776 0.8660 -0.4939
vn -0.0780 0.8662 -0.4936
vn -0.0778 0.8661 -0.4939
vn -0.0779 0.8662 -0.4936
vn -0.0779 0.8661 -0.4937
vn -0.0778 0.8662 -0.4936
vn -0.0783 0.8661 -0.4937
vn -0.0773 0.8660 -0.4940
vn -0.0769 0.8664 -0.4933
vn -0.0784 0.8667 -0.4927
vn -0.0782 0.8662 -0.4935
vn -0.0780 0.8665 -0.4930
vn -0.0777 0.8668 -0.4925
vn -0.0780 0.8660 -0.4939
vn -0.0765 0.8673 -0.4919
vn -0.0750 0.8683 -0.4904
vn -0.0766 0.8681 -0.4904
vn -0.0820 0.8651 -0.4949
vn -0.0790 0.8651 -0.4954
vn -0.0801 0.8652 -0.4949
vn -0.0788 0.8654 -0.4949
vn -0.0778 0.8658 -0.4943
vn -0.0762 0.8657 -0.4947
vn -0.0798 0.8662 -0.4933
vn -0.0801 0.8665 -0.4928
vn -0.0790 0.8658 -0.4942
vn -0.0798 0.8660 -0.4936
vn -0.0801 0.8665 -0.4927
vn -0.0789 0.8653 -0.4950
vn -0.0777 0.8662 -0.4935
vn -0.0771 0.8664 -0.4933
vn -0.0774 0.8659 -0.4942
vn -0.0781 0.8659 -0.4940
vn -0.0767 0.8661 -0.4939
vn -0.0768 0.8658 -0.4945
vn -0.0791 0.8662 -0.4934
vn -0.0776 0.8659 -0.4942
vn -0.0773 0.8661 -0.4939
vn -0.0777 0.8666 -0.4930
vn -0.0784 0.8666 -0.4929
vn -0.0784 0.8658 -0.4943
vn -0.0794 0.8662 -0.4934
vn -0.0835 0.8649 -0.4950
vn -0.0812 0.8659 -0.4935
vn -0.0750 0.8669 -0.4928
vn -0.0770 0.8666 -0.4930
vn -0.0795 0.8664 -0.4929
vn -0.0786 0.8660 -0.4938
vn -0.0802 0.8669 -0.4920
vn -0.0780 0.8665 -0.4931
vn -0.0799 0.8674 -0.4911
vn -0.0787 0.8673 -0.4915
vn -0.0781 0.8670 -0.4922
vn -0.0772 0.8665 -0.4931
vn -0.0739 0.8662 -0.4943
vn -0.0757 0.8671 -0.4924
vn -0.0780 0.8666 -0.4929
vn -0.0785 0.8658 -0.4941
vn -0.0790 0.8661 -0.4936
vn -0.0784 0.8663 -0.4934
vn -0.0792 0.8666 -0.4926
vn -0.0772 0.8662 -0.4937
vn -0.0761 0.8668 -0.4928
vn -0.0754 0.8661 -0.4942
vn -0.0782 0.8657 -0.4944
vn -0.0788 0.8666 -0.4927
vn -0.0788 0.8660 -0.4938
vn -0.0772 0.8675 -0.4914
vn -0.0771 0.8667 -0.4928
vn -0.0782 0.8658 -0.4942
vn -0.0771 0.8660 -0.4940
vn -0.0781 0.8663 -0.4934
vn -0.0778 0.8667 -0.4927
vn -0.0780 0.8661 -0.4937
vn -0.0794 0.8667 -0.4925
vn -0.0789 0.8665 -0.4929
vn -0.0785 0.8660 -0.4939
vn -0.0781 0.8660 -0.4940
vn -0.0771 0.8664 -0.4934
vn -0.0798 0.8670 -0.4918
vn -0.0783 0.8679 -0.4905
vn -0.0801 0.8664 -0.4928
vn -0.0789 0.8652 -0.4952
vn -0.0791 0.8665 -0.4928
vn -0.0783 0.8660 -0.4939
vn -0.0778 0.8662 -0.4935
vn -0.0772 0.8661 -0.4938
vn -0.0786 0.8674 -0.4914
vn -0.0764 0.8660 -0.4942
vn -0.0767 0.8668 -0.4928
vn -0.0777 0.8664 -0.4933
vn -0.0770 0.8671 -0.4922
vn -0.0778 0.8663 -0.4934
vn -0.0768 0.8665 -0.4933
vn -0.0777 0.8660 -0.4939
vn -0.0772 0.8666 -0.4931
vn -0.0776 0.8656 -0.4946
vn -0.0784 0.8662 -0.4934
vn -0.0772 0.8663 -0.4936
vn -0.0796 0.8655 -0.4946
vn -0.0806 0.8662 -0.4932
vn -0.0782 0.8664 -0.4932
vn -0.0776 0.8657 -0.4945
vn -0.0765 0.8666 -0.4930
vn -0.0784 0.8667 -0.4926
vn -0.0793 0.8656 -0.4945
vn -0.0785 0.8661 -0.4936
vn -0.0782 0.8662 -0.4936
vn -0.0779 0.8662 -0.4937
vn -0.0779 0.8665 -0.4931
vn -0.0785 0.8659 -0.4940
vn -0.0764 0.8664 -0.4935
vn -0.0765 0.8663 -0.4936
vn -0.0781 0.8650 -0.4956
vn -0.0810 0.8658 -0.4937
vn -0.0785 0.8676 -0.4911
vn -0.0773 0.8642 -0.4972
vn -0.0794 0.8636 -0.4978
vn -0.0744 0.8653 -0.4956
vn -0.0773 0.8650 -0.4958
vn -0.0796 0.8649 -0.4956
vn -0.0759 0.8648 -0.4964
vn -0.0782 0.8654 -0.4949
vn -0.0798 0.8669 -0.4920
vn -0.0779 0.8660 -0.4939
vn -0.0786 0.8654 -0.4949
vn -0.0781 0.8664 -0.4931
vn -0.0757 0.8660 -0.4943
vn -0.0779 0.8653 -0.4952
vn -0.0786 0.8665 -0.4929
vn -0.0762 0.8671 -0.4922
vn -0.0767 0.8669 -0.4926
vn -0.0759 0.8659 -0.4945
vn -0.0782 0.8659 -0.4941
vn -0.0798 0.8663 -0.4931
vn -0.0753 0.8656 -0.4951
vn -0.0760 0.8670 -0.4925
vn -0.0742 0.8683 -0.4904
vn -0.0742 0.8683 -0.4905
vn -0.0768 0.8658 -0.4944
vn -0.0783 0.8666 -0.4928
vn -0.0775 0.8660 -0.4939
vn -0.0779 0.8656 -0.4947
vn -0.0774 0.8660 -0.4940
vn -0.0771 0.8657 -0.4946
vn -0.0775 0.8662 -0.4936
vn -0.0757 0.8675 -0.4917
vn -0.0778 0.8666 -0.4929
vn -0.0778 0.8664 -0.4933
vn -0.0777 0.8666 -0.4929
vn -0.0764 0.8671 -0.4922
vn -0.0759 0.8659 -0.4944
vn -0.0772 0.8667 -0.4928
vn -0.0776 0.8666 -0.4929
vn -0.0772 0.8665 -0.4932
vn -0.0777 0.8667 -0.4927
vn -0.0765 0.8664 -0.4935
vn -0.0776 0.8670 -0.4922
vn -0.0785 0.8678 -0.4907
vn -0.0780 0.8683 -0.4899
vn -0.0782 0.8660 -0.4939
vn -0.0800 0.8664 -0.4930
vn -0.0787 0.8671 -0.4918
vn -0.0783 0.8667 -0.4927
vn -0.0771 0.8668 -0.4926
vn -0.0766 0.8663 -0.4937
vn -0.0779 0.8663 -0.4934
vn -0.0788 0.8662 -0.4934
vn -0.0789 0.8660 -0.4938
vn -0.0779 0.8659 -0.4941
vn -0.0775 0.8666 -0.4930
vn -0.0780 0.8664 -0.4931
vn -0.0786 0.8661 -0.4936
vn -0.0776 0.8661 -0.4939
vn -0.0785 0.8652 -0.4952
vn -0.0764 0.8657 -0.4947
vn -0.0777 0.8657 -0.4946
vn -0.0772 0.8664 -0.4934
vn -0.0778 0.8667 -0.4928
vn -0.0763 0.8665 -0.4933
vn -0.0740 0.8667 -0.4933
vn -0.0765 0.8663 -0.4937
vn -0.0782 0.8661 -0.4937
vn -0.0790 0.8666 -0.4928
vn -0.0790 0.8662 -0.4934
vn -0.0784 0.8670 -0.4921
vn -0.0769 0.8668 -0.4926
vn -0.0781 0.8661 -0.4937
vn -0.0787 0.8655 -0.4947
vn -0.0775 0.8663 -0.4935
vn -0.0763 0.8662 -0.4938
vn -0.0781 0.8662 -0.4935
vn -0.0777 0.8664 -0.4932
vn -0.0779 0.8663 -0.4935
vn -0.0783 0.8662 -0.4935
vn -0.0772 0.8664 -0.4933
vn -0.0786 0.8661 -0.4937
vn -0.0773 0.8665 -0.4932
vn -0.0774 0.8666 -0.4929
vn -0.0783 0.8670 -0.4922
vn -0.0768 0.8670 -0.4924
vn -0.0780 0.8654 -0.4950
vn -0.0769 0.8661 -0.4939
vn -0.0768 0.8667 -0.4929
vn -0.0760 0.8668 -0.4929
vn -0.0774 0.8673 -0.4918
vn -0.0782 0.8655 -0.4948
vn -0.0771 0.8663 -0.4935
vn -0.0784 0.8661 -0.4936
vn -0.0778 0.8660 -0.4939
vn -0.0781 0.8662 -0.4936
vn -0.0784 0.8664 -0.4932
vn -0.0792 0.8661 -0.4936
vn -0.0788 0.8663 -0.4933
vn -0.0787 0.8658 -0.4941
vn -0.0779 0.8665 -0.4930
vn -0.0780 0.8664 -0.4933
vn -0.0770 0.8651 -0.4956
vn -0.0781 0.8661 -0.4938
vn -0.0753 0.8663 -0.4938
vn -0.0773 0.8664 -0.4934
vn -0.0769 0.8661 -0.4938
vn -0.0757 0.8657 -0.4948
vn -0.0777 0.8663 -0.4934
vn -0.0790 0.8656 -0.4945
vn -0.0764 0.8648 -0.4963
vn -0.0783 0.8660 -0.4938
vn -0.0741 0.8669 -0.4929
vn -0.0731 0.8668 -0.4932
vn -0.0759 0.8660 -0.4942
vn -0.0710 0.8667 -0.4937
vn -0.0678 0.8663 -0.4950
vn -0.0691 0.8677 -0.4922
vn -0.0784 0.8654 -0.4949
vn -0.0781 0.8667 -0.4926
vn -0.0783 0.8661 -0.4936
vn -0.0785 0.8661 -0.4937
vn -0.0781 0.8660 -0.4938
vn -0.0780 0.8661 -0.4938
vn -0.0780 0.8663 -0.4934
vn -0.0773 0.8672 -0.4920
vn -0.0768 0.8676 -0.4914
vn -0.0775 0.8675 -0.4913
vn -0.0764 0.8662 -0.4938
vn -0.0745 0.8669 -0.4928
vn -0.0745 0.8655 -0.4954
vn -0.0767 0.8657 -0.4946
vn -0.0796 0.8659 -0.4939
vn -0.0795 0.8654 -0.4948
vn -0.0780 0.8657 -0.4944
vn -0.0783 0.8665 -0.4930
vn -0.0786 0.8663 -0.4933
vn -0.0762 0.8641 -0.4975
vn -0.0734 0.8668 -0.4933
vn -0.0743 0.8655 -0.4953
vn -0.0783 0.8673 -0.4915
vn -0.0765 0.8680 -0.4906
vn -0.0755 0.8662 -0.4940
vn -0.0791 0.8664 -0.4931
vn -0.0784 0.8661 -0.4937
vn -0.0761 0.8659 -0.4944
vn -0.0774 0.8668 -0.4926
vn -0.0770 0.8664 -0.4934
vn -0.0784 0.8662 -0.4935
vn -0.0787 0.8662 -0.4934
vn -0.0778 0.8662 -0.4937
vn -0.0797 0.8656 -0.4944
vn -0.0813 0.8661 -0.4932
vn -0.0787 0.8654 -0.4949
vn -0.0786 0.8659 -0.4940
vn -0.0771 0.8666 -0.4930
vn -0.0763 0.8663 -0.4937
vn -0.0788 0.8659 -0.4940
vn -0.0776 0.8661 -0.4938
vn -0.0788 0.8665 -0.4929
vn -0.0781 0.8665 -0.4930
vn -0.0782 0.8663 -0.4934
vn -0.0776 0.8660 -0.4940
vn -0.0773 0.8666 -0.4930
vn -0.0777 0.8658 -0.4943
vn -0.0794 0.8660 -0.4937
vn -0.0789 0.8662 -0.4934
vn -0.0779 0.8664 -0.4932
vn -0.0775 0.8656 -0.4946
vn -0.0777 0.8661 -0.4939
vn -0.0769 0.8659 -0.4942
vn -0.0772 0.8656 -0.4947
vn -0.0776 0.8663 -0.4934
vn -0.0771 0.8661 -0.4939
vn -0.0774 0.8662 -0.4936
vn -0.0795 0.8662 -0.4933
vn -0.0793 0.8664 -0.4930
vn -0.0782 0.8656 -0.4945
vn -0.0774 0.8667 -0.4928
vn -0.0770 0.8658 -0.4945
vn -0.0777 0.8665 -0.4931
vn -0.0772 0.8670 -0.4923
vn -0.0771 0.8666 -0.4931
vn -0.0777 0.8654 -0.4950
vn -0.0767 0.8663 -0.4936
vn -0.0770 0.8659 -0.4943
vn -0.0769 0.8666 -0.4931
vn -0.0765 0.8672 -0.4921
vn -0.0768 0.8662 -0.4937
vn -0.0775 0.8659 -0.4942
vn -0.0773 0.8664 -0.4933
vn -0.0775 0.8664 -0.4933
vn -0.0791 0.8649 -0.4957
vn -0.0788 0.8656 -0.4945
vn -0.0741 0.8664 -0.4938
vn -0.0744 0.8656 -0.4952
vn -0.0716 0.8677 -0.4920
vn -0.0764 0.8665 -0.4934
vn -0.0752 0.8656 -0.4951
vn -0.0762 0.8660 -0.4943
vn -0.0780 0.8664 -0.4932
vn -0.0764 0.8667 -0.4930
vn -0.0794 0.8670 -0.4920
vn -0.0784 0.8660 -0.4939
vn -0.0767 0.8657 -0.4947
vn -0.0773 0.8663 -0.4935
vn -0.0775 0.8665 -0.4931
vn -0.0780 0.8667 -0.4927
vn -0.0783 0.8669 -0.4923
vn -0.0784 0.8671 -0.4919
vn -0.0776 0.8665 -0.4931
vn -0.0767 0.8660 -0.4941
vn -0.0783 0.8662 -0.4934
vn -0.0776 0.8661 -0.4937
vn -0.0762 0.8667 -0.4929
vn -0.0772 0.8661 -0.4939
vn -0.0778 0.8659 -0.4941
vn -0.0783 0.8664 -0.4931
vn -0.0779 0.8667 -0.4928
vn -0.0772 0.8663 -0.4935
vn -0.0778 0.8660 -0.4940
vn -0.0786 0.8662 -0.4934
vn 0.9631 0.1932 0.1872
vn 0.9631 0.1932 0.1874
vn 0.9631 0.1934 0.1873
vn 0.9630 0.1935 0.1874
vn 0.9631 0.1934 0.1874
vn 0.9631 0.1934 0.1870
vn 0.7046 0.3982 0.5873
vn 0.7047 0.3979 0.5874
vn 0.7047 0.3979 0.5875
vn 0.7049 0.3977 0.5873
vn 0.2583 0.4957 0.8292
vn 0.2581 0.4957 0.8293
vn 0.2584 0.4952 0.8295
vn 0.2582 0.4955 0.8293
vn 0.2580 0.4960 0.8291
vn 0.2580 0.4955 0.8294
vn 0.0778 -0.8663 0.4935
vn 0.0777 -0.8663 0.4935
vn 0.0776 -0.8661 0.4938
vn 0.0783 -0.8666 0.4928
vn 0.0777 -0.8656 0.4947
vn 0.0762 -0.8650 0.4960
vn 0.0791 -0.8653 0.4950
vn 0.0773 -0.8651 0.4956
vn 0.0778 -0.8666 0.4929
vn 0.0781 -0.8666 0.4928
vn 0.0777 -0.8664 0.4933
vn 0.0780 -0.8657 0.4945
vn 0.0778 -0.8663 0.4934
vn 0.0781 -0.8666 0.4929
vn 0.0778 -0.8661 0.4938
vn 0.0776 -0.8663 0.4935
vn 0.0775 -0.8664 0.4933
vn 0.0790 -0.8661 0.4936
vn 0.0768 -0.8663 0.4936
vn 0.0780 -0.8666 0.4929
vn 0.0769 -0.8666 0.4930
vn 0.0782 -0.8662 0.4936
vn 0.0770 -0.8666 0.4930
vn 0.0805 -0.8658 0.4939
vn 0.0792 -0.8661 0.4936
vn 0.0796 -0.8657 0.4943
vn 0.0777 -0.8662 0.4935
vn 0.0793 -0.8658 0.4940
vn 0.0784 -0.8667 0.4926
vn 0.0791 -0.8662 0.4933
vn 0.0776 -0.8665 0.4931
vn 0.0786 -0.8663 0.4934
vn 0.0781 -0.8661 0.4937
vn 0.0807 -0.8659 0.4937
vn 0.0798 -0.8653 0.4949
vn 0.0792 -0.8647 0.4960
vn 0.0796 -0.8668 0.4922
vn 0.0796 -0.8658 0.4940
vn 0.0791 -0.8665 0.4929
vn 0.0778 -0.8659 0.4942
vn 0.0790 -0.8657 0.4942
vn 0.0782 -0.8663 0.4933
vn 0.0784 -0.8660 0.4938
vn 0.0774 -0.8661 0.4938
vn 0.0778 -0.8664 0.4933
vn 0.0778 -0.8662 0.4935
vn 0.0778 -0.8658 0.4943
vn 0.0779 -0.8660 0.4939
vn 0.0786 -0.8659 0.4941
vn 0.0782 -0.8659 0.4940
vn 0.0785 -0.8664 0.4931
vn 0.0789 -0.8650 0.4955
vn 0.0788 -0.8659 0.4940
vn 0.0786 -0.8664 0.4931
vn 0.0781 -0.8663 0.4933
vn 0.0770 -0.8675 0.4914
vn 0.0782 -0.8669 0.4923
vn 0.0772 -0.8665 0.4931
vn 0.0787 -0.8673 0.4915
vn 0.0771 -0.8662 0.4936
vn 0.0793 -0.8665 0.4928
vn 0.0778 -0.8657 0.4944
vn 0.0766 -0.8672 0.4921
vn 0.0770 -0.8683 0.4900
vn 0.0776 -0.8666 0.4930
vn 0.0784 -0.8661 0.4936
vn 0.0779 -0.8664 0.4933
vn 0.0797 -0.8669 0.4920
vn 0.0784 -0.8661 0.4937
vn 0.0777 -0.8662 0.4937
vn 0.0779 -0.8662 0.4936
vn 0.0784 -0.8662 0.4935
vn 0.0779 -0.8665 0.4931
vn 0.0782 -0.8667 0.4926
vn 0.0787 -0.8666 0.4927
vn 0.0772 -0.8662 0.4937
vn 0.0788 -0.8662 0.4934
vn 0.0779 -0.8661 0.4937
vn 0.0788 -0.8652 0.4952
vn 0.0778 -0.8662 0.4936
vn 0.0772 -0.8665 0.4932
vn 0.0783 -0.8667 0.4926
vn 0.0804 -0.8633 0.4983
vn 0.0786 -0.8645 0.4965
vn 0.0767 -0.8649 0.4961
vn 0.0779 -0.8653 0.4952
vn 0.0761 -0.8668 0.4928
vn 0.0781 -0.8667 0.4927
vn 0.0790 -0.8671 0.4918
vn 0.0779 -0.8669 0.4924
vn 0.0771 -0.8670 0.4923
vn 0.0777 -0.8663 0.4934
vn 0.0790 -0.8665 0.4928
vn 0.0774 -0.8663 0.4934
vn 0.0774 -0.8659 0.4942
vn 0.0774 -0.8658 0.4944
vn 0.0774 -0.8662 0.4937
vn 0.0784 -0.8670 0.4921
vn 0.0788 -0.8665 0.4930
vn 0.0782 -0.8665 0.4931
vn 0.0770 -0.8658 0.4944
vn 0.0773 -0.8660 0.4941
vn 0.0763 -0.8663 0.4937
vn 0.0776 -0.8664 0.4933
vn 0.0764 -0.8660 0.4941
vn 0.0785 -0.8670 0.4921
vn 0.0775 -0.8677 0.4910
vn 0.0771 -0.8660 0.4940
vn 0.0782 -0.8666 0.4929
vn 0.0768 -0.8668 0.4927
vn 0.0775 -0.8669 0.4924
vn 0.0781 -0.8673 0.4917
vn 0.0772 -0.8660 0.4940
vn 0.0775 -0.8666 0.4930
vn 0.0775 -0.8661 0.4939
vn 0.0773 -0.8660 0.4940
vn 0.0777 -0.8664 0.4932
vn 0.0772 -0.8662 0.4936
vn 0.0778 -0.8661 0.4939
vn 0.0778 -0.8659 0.4941
vn 0.0776 -0.8662 0.4936
vn 0.0767 -0.8661 0.4940
vn 0.0775 -0.8660 0.4939
vn 0.0775 -0.8668 0.4927
vn 0.0783 -0.8665 0.4930
vn 0.0769 -0.8658 0.4944
vn 0.0771 -0.8653 0.4952
vn 0.0779 -0.8658 0.4943
vn 0.0794 -0.8665 0.4929
vn 0.0785 -0.8665 0.4930
vn 0.0789 -0.8662 0.4934
vn 0.0774 -0.8666 0.4930
vn 0.0777 -0.8665 0.4931
vn 0.0786 -0.8665 0.4929
vn 0.0778 -0.8664 0.4932
vn 0.0784 -0.8663 0.4933
vn 0.0785 -0.8661 0.4936
vn 0.0782 -0.8662 0.4935
vn 0.0780 -0.8666 0.4928
vn 0.0772 -0.8664 0.4933
vn 0.0780 -0.8658 0.4942
vn 0.0772 -0.8660 0.4941
vn 0.0776 -0.8661 0.4939
vn 0.0781 -0.8661 0.4938
vn 0.0771 -0.8658 0.4945
vn 0.0780 -0.8659 0.4942
vn 0.0764 -0.8656 0.4949
vn 0.0783 -0.8663 0.4934
vn 0.0786 -0.8661 0.4937
vn 0.0785 -0.8667 0.4925
vn 0.0774 -0.8668 0.4926
vn 0.0777 -0.8666 0.4928
vn 0.0775 -0.8667 0.4927
vn 0.0775 -0.8665 0.4932
vn 0.0766 -0.8678 0.4910
vn 0.0777 -0.8667 0.4927
vn 0.0768 -0.8669 0.4926
vn 0.0780 -0.8665 0.4930
vn 0.0775 -0.8662 0.4936
vn 0.0766 -0.8666 0.4930
vn 0.0766 -0.8663 0.4936
vn 0.0774 -0.8660 0.4940
vn 0.0785 -0.8661 0.4937
vn 0.0783 -0.8657 0.4944
vn 0.0779 -0.8660 0.4940
vn 0.0780 -0.8664 0.4933
vn 0.0771 -0.8667 0.4928
vn 0.0758 -0.8670 0.4926
vn 0.0769 -0.8669 0.4925
vn 0.0774 -0.8667 0.4928
vn 0.0761 -0.8666 0.4931
vn 0.0784 -0.8659 0.4940
vn 0.0770 -0.8663 0.4936
vn 0.0764 -0.8667 0.4929
vn 0.0793 -0.8649 0.4956
vn 0.0786 -0.8659 0.4940
vn 0.0772 -0.8654 0.4952
vn 0.0775 -0.8658 0.4943
vn 0.0782 -0.8660 0.4939
vn 0.0777 -0.8659 0.4941
vn 0.0770 -0.8658 0.4945
vn 0.0762 -0.8658 0.4946
vn 0.0779 -0.8661 0.4938
vn 0.0781 -0.8651 0.4955
vn 0.0773 -0.8643 0.4969
vn 0.0805 -0.8650 0.4952
vn 0.0787 -0.8646 0.4963
vn 0.0758 -0.8660 0.4942
vn 0.0777 -0.8662 0.4936
vn 0.0788 -0.8655 0.4947
vn 0.0779 -0.8657 0.4944
vn 0.0783 -0.8660 0.4939
vn 0.0779 -0.8654 0.4950
vn 0.0768 -0.8651 0.4958
vn 0.0785 -0.8655 0.4948
vn 0.0786 -0.8656 0.4946
vn 0.0768 -0.8661 0.4939
vn 0.0775 -0.8668 0.4925
vn 0.0787 -0.8647 0.4961
vn 0.0773 -0.8659 0.4941
vn 0.0801 -0.8647 0.4959
vn 0.0776 -0.8647 0.4963
vn 0.0808 -0.8637 0.4974
vn 0.0789 -0.8642 0.4969
vn 0.0770 -0.8667 0.4928
vn 0.0779 -0.8663 0.4934
vn 0.0787 -0.8663 0.4933
vn 0.0766 -0.8658 0.4945
vn 0.0767 -0.8666 0.4930
vn 0.0764 -0.8664 0.4934
vn 0.0798 -0.8666 0.4925
vn 0.0779 -0.8663 0.4933
vn 0.0788 -0.8662 0.4935
vn 0.0775 -0.8663 0.4935
vn 0.0779 -0.8665 0.4930
vn 0.0766 -0.8661 0.4940
vn 0.0766 -0.8664 0.4935
vn 0.0819 -0.8634 0.4979
vn 0.0791 -0.8633 0.4984
vn 0.0789 -0.8610 0.5024
vn 0.0801 -0.8665 0.4928
vn 0.0794 -0.8647 0.4961
vn 0.0778 -0.8669 0.4924
vn 0.0783 -0.8661 0.4937
vn 0.0809 -0.8656 0.4942
vn 0.0775 -0.8665 0.4931
vn 0.0780 -0.8663 0.4934
vn 0.0778 -0.8661 0.4937
vn 0.0776 -0.8658 0.4943
vn 0.0782 -0.8664 0.4931
vn 0.0780 -0.8661 0.4937
vn 0.0775 -0.8657 0.4946
vn 0.0766 -0.8665 0.4933
vn 0.0773 -0.8649 0.4960
vn 0.0780 -0.8660 0.4938
vn 0.0763 -0.8673 0.4919
vn 0.0781 -0.8672 0.4918
vn 0.0793 -0.8674 0.4913
vn 0.0768 -0.8666 0.4930
vn 0.0773 -0.8665 0.4932
vn 0.0764 -0.8659 0.4943
vn 0.0776 -0.8668 0.4925
vn 0.0783 -0.8658 0.4942
vn 0.0786 -0.8663 0.4933
vn 0.0775 -0.8659 0.4941
vn 0.0775 -0.8662 0.4937
vn 0.0781 -0.8662 0.4935
vn 0.0777 -0.8661 0.4938
vn 0.0778 -0.8662 0.4937
vn 0.0769 -0.8660 0.4941
vn 0.0780 -0.8657 0.4944
vn 0.0779 -0.8655 0.4948
vn 0.0792 -0.8658 0.4941
vn 0.0786 -0.8656 0.4945
vn 0.0783 -0.8659 0.4941
vn 0.0776 -0.8666 0.4929
vn 0.0778 -0.8666 0.4928
vn 0.0776 -0.8660 0.4940
vn 0.0784 -0.8652 0.4953
vn 0.0794 -0.8649 0.4957
vn 0.0757 -0.8658 0.4946
vn 0.0768 -0.8664 0.4934
vn 0.0771 -0.8664 0.4934
vn 0.0777 -0.8668 0.4926
vn 0.0776 -0.8652 0.4954
vn 0.0791 -0.8659 0.4938
vn 0.0783 -0.8655 0.4947
vn 0.0766 -0.8662 0.4938
vn 0.0774 -0.8665 0.4931
vn 0.0772 -0.8663 0.4936
vn 0.0773 -0.8658 0.4943
vn 0.0790 -0.8656 0.4944
vn 0.0781 -0.8663 0.4935
vn 0.0787 -0.8659 0.4939
vn 0.0782 -0.8661 0.4937
vn 0.0773 -0.8661 0.4938
vn 0.0802 -0.8649 0.4956
vn 0.0793 -0.8639 0.4974
vn 0.0766 -0.8659 0.4943
vn 0.0790 -0.8658 0.4941
vn 0.0786 -0.8652 0.4952
vn 0.0785 -0.8660 0.4938
vn 0.0799 -0.8660 0.4936
vn 0.0780 -0.8660 0.4940
vn 0.0776 -0.8655 0.4948
vn 0.0783 -0.8660 0.4938
vn 0.0780 -0.8660 0.4939
vn 0.0772 -0.8658 0.4944
vn 0.0783 -0.8664 0.4931
vn 0.0772 -0.8661 0.4939
vn 0.0784 -0.8658 0.4943
vn 0.0782 -0.8659 0.4941
vn 0.0785 -0.8659 0.4939
vn 0.0775 -0.8663 0.4934
vn 0.0775 -0.8659 0.4942
vn 0.0780 -0.8664 0.4932
vn 0.0773 -0.8668 0.4926
vn 0.0782 -0.8668 0.4925
vn 0.0776 -0.8665 0.4930
vn 0.0786 -0.8661 0.4936
vn 0.0779 -0.8664 0.4932
vn 0.0772 -0.8663 0.4935
vn 0.0777 -0.8660 0.4940
vn 0.0780 -0.8661 0.4938
vn 0.0773 -0.8666 0.4931
vn 0.9970 0.0676 -0.0385
vn 0.2580 -0.4606 -0.8493
vn 0.2580 -0.4606 -0.8492
vn 0.7050 -0.3022 -0.6416
vn 0.9630 -0.0628 -0.2621
vn -0.0000 -0.4950 -0.8689
vn -0.9630 -0.1934 -0.1877
vn -0.7050 -0.3978 -0.5872
vn -0.2581 -0.4956 -0.8293
vn -0.2580 -0.4956 -0.8293
vn -0.9631 0.0630 0.2617
vn -0.9631 0.0633 0.2616
vn -0.9629 0.0629 0.2624
vn -0.9631 0.0626 0.2619
vn -0.9629 0.0632 0.2625
vn -0.7049 0.3015 0.6421
vn -0.7051 0.3023 0.6414
vn -0.7050 0.3020 0.6417
vn -0.7051 0.3021 0.6415
vn -0.7056 0.3023 0.6409
vn -0.7056 0.3031 0.6405
vn -0.2584 0.4600 0.8495
vn -0.2583 0.4606 0.8492
vn -0.2588 0.4604 0.8491
vn -0.2586 0.4605 0.8492
vn -0.2578 0.4607 0.8493
vn -0.2581 0.4611 0.8490
vn -0.0000 0.4950 0.8689
vn 0.0001 0.4950 0.8689
vn 0.9630 0.1934 0.1878
vn 0.9628 0.1936 0.1884
vn 0.9630 0.1931 0.1880
vn 0.9629 0.1938 0.1878
vn 0.9629 0.1935 0.1881
vn 0.9630 0.1934 0.1875
vn 0.7053 0.3978 0.5867
vn 0.7051 0.3976 0.5871
vn 0.7054 0.3975 0.5869
vn 0.7052 0.3976 0.5870
vn 0.7049 0.3978 0.5872
vn 0.7050 0.3976 0.5873
vn 0.2583 0.4970 0.8284
vn 0.2587 0.4955 0.8292
vn 0.2585 0.4962 0.8288
vn 0.2584 0.4959 0.8290
vn 0.2585 0.4952 0.8294
vn 0.2586 0.4944 0.8299
vn 0.9970 0.0675 -0.0385
vn 0.9629 0.1935 0.1880
vn 0.9629 0.1939 0.1877
vn 0.7050 0.3978 0.5872
vn 0.9630 0.1935 0.1875
vn 0.9630 0.1932 0.1879
vn 0.7050 0.3977 0.5872
vn 0.2579 0.4956 0.8294
vn 0.2572 0.4961 0.8293
vn 0.2574 0.4955 0.8296
vn 0.2580 0.4957 0.8293
vn 0.2581 0.4951 0.8296
vn -0.0001 0.4950 0.8689
vn -0.9629 -0.1937 -0.1880
vn -0.9629 -0.1932 -0.1883
vn -0.7049 -0.3978 -0.5872
vn -0.9630 -0.1935 -0.1877
vn -0.9629 -0.1934 -0.1881
vn -0.9631 -0.1929 -0.1879
vn -0.7046 -0.3981 -0.5874
vn -0.2580 -0.4957 -0.8293
vn -0.2578 -0.4958 -0.8293
vn 0.0001 -0.4950 -0.8689
vn 0.2577 -0.4607 -0.8493
vn 0.2573 -0.4608 -0.8494
vn 0.2577 -0.4612 -0.8491
vn 0.7050 -0.3020 -0.6416
vn 0.7050 -0.3018 -0.6418
vn 0.2578 -0.4606 -0.8494
vn 0.2577 -0.4610 -0.8492
vn 0.2579 -0.4610 -0.8491
vn 0.7050 -0.3021 -0.6416
vn 0.7048 -0.3023 -0.6418
vn 0.9631 -0.0627 -0.2617
vn 0.9630 -0.0628 -0.2620
vn 0.2581 -0.4609 -0.8491
vn 0.2576 -0.4606 -0.8494
vn 0.7052 -0.3013 -0.6418
vn 0.7051 -0.3018 -0.6417
vn 0.7052 -0.3020 -0.6415
vn 0.7053 -0.3024 -0.6412
vn 0.7050 -0.3027 -0.6414
vn 0.9630 -0.0628 -0.2622
vn 0.9630 -0.0629 -0.2619
vn -0.0001 -0.4950 -0.8689
vn -0.9630 -0.1935 -0.1878
vn -0.9629 -0.1934 -0.1882
vn -0.9630 -0.1932 -0.1879
vn -0.7051 -0.3979 -0.5869
vn -0.7053 -0.3976 -0.5870
vn -0.2574 -0.4948 -0.8300
vn -0.2575 -0.4956 -0.8295
vn -0.2574 -0.4952 -0.8298
vn -0.2577 -0.4955 -0.8295
vn -0.2579 -0.4958 -0.8293
vn -0.2578 -0.4963 -0.8290
vn -0.9629 0.0633 0.2625
vn -0.9627 0.0633 0.2629
vn -0.9628 0.0629 0.2626
vn -0.7053 0.3022 0.6412
vn -0.7047 0.3024 0.6418
vn -0.7052 0.3022 0.6414
vn -0.7054 0.3022 0.6412
vn -0.7054 0.3026 0.6409
vn -0.2577 0.4600 0.8497
vn -0.2583 0.4605 0.8493
vn -0.2577 0.4605 0.8494
vn -0.2581 0.4605 0.8493
vn -0.2587 0.4604 0.8492
vn -0.2588 0.4608 0.8489
vn 0.9630 0.1934 0.1876
vn 0.9630 0.1932 0.1876
vn 0.9630 0.1935 0.1879
vn 0.7045 0.3979 0.5876
vn 0.7048 0.3977 0.5874
vn 0.2590 0.4955 0.8291
vn 0.2588 0.4957 0.8290
vn 0.2594 0.4960 0.8287
vn 0.2592 0.4959 0.8288
vn 0.2589 0.4961 0.8288
vn 0.9631 0.1935 0.1871
vn 0.9627 0.1948 0.1877
vn 0.7053 0.3979 0.5867
vn 0.7052 0.3985 0.5865
vn 0.9632 0.1934 0.1865
vn 0.9630 0.1935 0.1877
vn 0.9634 0.1921 0.1871
vn 0.7053 0.3976 0.5870
vn 0.7046 0.3978 0.5876
vn 0.7049 0.3970 0.5878
vn 0.2578 0.4956 0.8294
vn 0.2583 0.4960 0.8290
vn 0.2583 0.4956 0.8293
vn 0.2577 0.4957 0.8294
vn 0.2581 0.4956 0.8293
vn 0.2577 0.4953 0.8296
vn -0.2582 0.4607 0.8492
vn -0.2589 0.4609 0.8488
vn -0.7049 0.3024 0.6416
vn -0.2580 0.4607 0.8492
vn -0.2585 0.4605 0.8492
vn -0.2579 0.4601 0.8496
vn -0.9970 -0.0676 0.0384
vn -0.9969 -0.0678 0.0387
vn -0.9969 -0.0678 0.0391
vn -0.9969 -0.0681 0.0388
vn -0.9970 -0.0675 0.0378
vn -0.9970 -0.0673 0.0375
vn -0.9970 -0.0680 0.0382
vn -0.9970 -0.0673 0.0383
vn -0.9970 -0.0673 0.0382
vn -0.9970 -0.0675 0.0379
vn -0.9970 -0.0674 0.0386
vn -0.9970 -0.0677 0.0386
vn -0.9970 -0.0675 0.0388
vn -0.9970 -0.0674 0.0383
vn -0.9970 -0.0678 0.0385
vn -0.9970 -0.0675 0.0383
vn -0.9631 -0.1931 -0.1875
vn -0.9632 -0.1928 -0.1875
vn -0.9632 -0.1931 -0.1872
vn -0.7047 -0.3979 -0.5874
vn -0.7048 -0.3976 -0.5875
vn -0.7046 -0.3978 -0.5877
vn -0.9630 -0.1932 -0.1881
vn -0.9631 -0.1932 -0.1875
vn -0.9629 -0.1937 -0.1878
vn -0.7046 -0.3979 -0.5875
vn -0.7043 -0.3979 -0.5879
vn -0.7040 -0.3983 -0.5880
vn -0.2586 -0.4952 -0.8294
vn -0.2584 -0.4958 -0.8291
vn -0.2575 -0.4959 -0.8293
vn -0.2580 -0.4958 -0.8292
vn -0.2574 -0.4964 -0.8291
vn 0.7050 -0.3020 -0.6417
vn 0.2580 -0.4607 -0.8492
vn 0.2577 -0.4609 -0.8492
vn 0.7051 -0.3023 -0.6414
vn 0.9631 -0.0628 -0.2618
vn 0.9631 -0.0624 -0.2618
vn 0.9632 -0.0628 -0.2615
vn 0.9970 0.0678 -0.0387
vn 0.2578 -0.4607 -0.8493
vn 0.2591 -0.4609 -0.8488
vn 0.2584 -0.4614 -0.8487
vn 0.2581 -0.4598 -0.8497
vn 0.2584 -0.4606 -0.8491
vn 0.2575 -0.4607 -0.8494
vn 0.7045 -0.3025 -0.6420
vn 0.7052 -0.3021 -0.6414
vn 0.7049 -0.3019 -0.6418
vn 0.7050 -0.3021 -0.6417
vn 0.7056 -0.3018 -0.6411
vn 0.9631 -0.0631 -0.2617
vn 0.9630 -0.0630 -0.2621
vn -0.9629 -0.1940 -0.1878
vn -0.9630 -0.1932 -0.1878
vn -0.7047 -0.3980 -0.5874
vn -0.2578 -0.4941 -0.8303
vn -0.2589 -0.4954 -0.8292
vn -0.2577 -0.4952 -0.8297
vn -0.2583 -0.4954 -0.8294
vn -0.2593 -0.4960 -0.8287
vn -0.2591 -0.4969 -0.8282
vn -0.2580 0.4606 0.8493
vn -0.2581 0.4606 0.8493
vn -0.7049 0.3022 0.6416
vn -0.7050 0.3022 0.6416
vn -0.9630 0.0628 0.2621
vn 0.9630 0.1934 0.1877
vn 0.2580 0.4956 0.8293
vn 0.9630 -0.0626 -0.2623
vn 0.9632 -0.0629 -0.2614
vn 0.7052 -0.3024 -0.6413
vn 0.7049 -0.3024 -0.6416
vn 0.7050 -0.3023 -0.6416
vn 0.7048 -0.3026 -0.6416
vn 0.2577 -0.4613 -0.8490
vn 0.2583 -0.4606 -0.8492
vn 0.2581 -0.4606 -0.8493
vn 0.2588 -0.4606 -0.8490
vn 0.2587 -0.4601 -0.8493
vn -0.0002 -0.4950 -0.8689
vn -0.9632 -0.1934 -0.1866
vn -0.9631 -0.1943 -0.1861
vn -0.9630 -0.1924 -0.1887
vn -0.9631 -0.1933 -0.1873
vn -0.7046 -0.3967 -0.5884
vn -0.7050 -0.3978 -0.5871
vn -0.7045 -0.3977 -0.5878
vn -0.7048 -0.3978 -0.5873
vn -0.7056 -0.3979 -0.5864
vn -0.7055 -0.3989 -0.5858
vn -0.2585 -0.4946 -0.8298
vn -0.2579 -0.4955 -0.8294
vn -0.2589 -0.4955 -0.8291
vn -0.2586 -0.4955 -0.8292
vn -0.2575 -0.4957 -0.8294
vn -0.2579 -0.4965 -0.8289
vn -0.9632 -0.1929 -0.1873
vn -0.9632 -0.1934 -0.1869
vn -0.7044 -0.3977 -0.5879
vn -0.7045 -0.3972 -0.5882
vn -0.9630 -0.1933 -0.1880
vn -0.9631 -0.1933 -0.1874
vn -0.9629 -0.1936 -0.1880
vn -0.7047 -0.3978 -0.5876
vn -0.7050 -0.3984 -0.5867
vn -0.2586 -0.4958 -0.8290
vn -0.2575 -0.4953 -0.8296
vn -0.2575 -0.4962 -0.8291
vn -0.2591 -0.4956 -0.8290
vn -0.2579 -0.4961 -0.8291
vn -0.2588 -0.4967 -0.8285
vn 0.2581 -0.4606 -0.8492
vn 0.2588 -0.4601 -0.8493
vn 0.2588 -0.4608 -0.8489
vn 0.2578 -0.4606 -0.8493
vn 0.2585 -0.4607 -0.8491
vn 0.2579 -0.4613 -0.8489
vn 0.7049 -0.3022 -0.6417
vn 0.7050 -0.3026 -0.6414
vn 0.9629 -0.0631 -0.2622
vn 0.9629 -0.0630 -0.2623
vn 0.9970 0.0673 -0.0385
vn 0.9969 0.0680 -0.0387
vn 0.9969 0.0681 -0.0388
vn 0.9969 0.0682 -0.0382
vn 0.9969 0.0682 -0.0385
vn 0.9969 0.0684 -0.0389
vn 0.9969 0.0681 -0.0384
vn 0.9970 0.0677 -0.0389
vn 0.9969 0.0680 -0.0394
vn 0.9970 0.0679 -0.0384
vn 0.9970 0.0678 -0.0384
vn 0.9629 0.1937 0.1878
vn 0.9628 0.1942 0.1879
vn 0.9628 0.1936 0.1882
vn 0.7050 0.3978 0.5871
vn 0.9631 0.1936 0.1871
vn 0.9632 0.1927 0.1875
vn 0.7049 0.3975 0.5874
vn 0.2578 0.4959 0.8292
vn 0.2566 0.4969 0.8290
vn 0.2572 0.4958 0.8295
vn 0.2583 0.4959 0.8291
vn 0.2572 0.4956 0.8296
vn 0.2585 0.4948 0.8297
vn -0.2581 0.4607 0.8492
vn -0.7051 0.3025 0.6413
vn -0.7051 0.3030 0.6411
vn -0.2579 0.4609 0.8491
vn -0.7050 0.3025 0.6415
vn -0.7047 0.3023 0.6419
vn -0.7046 0.3019 0.6422
vn -0.9630 0.0626 0.2621
vn -0.9632 0.0627 0.2615
vn -0.9970 -0.0677 0.0385
vn -0.2579 0.4606 0.8493
vn -0.2578 0.4603 0.8495
vn -0.2583 0.4603 0.8494
vn -0.2579 0.4605 0.8494
vn -0.7055 0.3029 0.6408
vn -0.7046 0.3025 0.6419
vn -0.7055 0.3019 0.6412
vn -0.7052 0.3021 0.6415
vn -0.7044 0.3026 0.6420
vn -0.7043 0.3017 0.6426
vn -0.9632 0.0632 0.2614
vn -0.9631 0.0630 0.2616
vn -0.9630 0.0630 0.2620
vn 0.0002 0.4950 0.8689
vn 0.9630 0.1933 0.1877
vn 0.9631 0.1936 0.1868
vn 0.9632 0.1932 0.1871
vn 0.7049 0.3979 0.5872
vn 0.7052 0.3981 0.5867
vn 0.7050 0.3979 0.5870
vn 0.2573 0.4955 0.8296
vn 0.9631 -0.0628 -0.2616
vn 0.9630 -0.0626 -0.2622
vn 0.9631 -0.0628 -0.2617
vn 0.9633 -0.0628 -0.2610
vn 0.7052 -0.3018 -0.6415
vn 0.7048 -0.3022 -0.6418
vn 0.7051 -0.3025 -0.6413
vn 0.7049 -0.3021 -0.6418
vn 0.7047 -0.3026 -0.6418
vn 0.2576 -0.4614 -0.8490
vn 0.2582 -0.4605 -0.8493
vn 0.2576 -0.4607 -0.8494
vn 0.2579 -0.4605 -0.8494
vn 0.2589 -0.4603 -0.8492
vn 0.2587 -0.4597 -0.8495
vn -0.9631 -0.1931 -0.1873
vn -0.9632 -0.1932 -0.1868
vn -0.9632 -0.1940 -0.1861
vn -0.9630 -0.1926 -0.1883
vn -0.9632 -0.1933 -0.1870
vn -0.9630 -0.1934 -0.1878
vn -0.7044 -0.3972 -0.5883
vn -0.7048 -0.3978 -0.5874
vn -0.7043 -0.3978 -0.5879
vn -0.7045 -0.3978 -0.5877
vn -0.7052 -0.3975 -0.5871
vn -0.7050 -0.3985 -0.5867
vn -0.2596 -0.4955 -0.8289
vn -0.2587 -0.4957 -0.8291
vn -0.7049 -0.3978 -0.5873
vn -0.9631 -0.1932 -0.1874
vn -0.7051 -0.3980 -0.5869
vn -0.2573 -0.4955 -0.8296
vn -0.2585 -0.4951 -0.8295
vn -0.2584 -0.4961 -0.8289
vn -0.2574 -0.4954 -0.8296
vn -0.2580 -0.4959 -0.8292
vn -0.2573 -0.4961 -0.8293
vn 0.2585 -0.4605 -0.8492
vn 0.2580 -0.4605 -0.8493
vn 0.2580 -0.4609 -0.8491
vn 0.7051 -0.3019 -0.6416
vn 0.2588 -0.4603 -0.8492
vn 0.2589 -0.4607 -0.8490
vn 0.9631 -0.0627 -0.2618
vn 0.9629 -0.0628 -0.2624
vn 0.9629 -0.0632 -0.2622
vn 0.9969 0.0681 -0.0383
vn 0.9970 0.0678 -0.0385
vn 0.9969 0.0676 -0.0392
vn 0.9970 0.0672 -0.0385
vn 0.7047 0.3976 0.5876
vn 0.9631 0.1933 0.1875
vn 0.2579 0.4959 0.8292
vn -0.2577 0.4609 0.8492
vn -0.2582 0.4613 0.8488
vn -0.2583 0.4609 0.8490
vn -0.7052 0.3030 0.6410
vn -0.7046 0.3024 0.6419
vn -0.2575 0.4610 0.8492
vn -0.2580 0.4609 0.8491
vn -0.2576 0.4605 0.8494
vn -0.7044 0.3024 0.6422
vn -0.9630 0.0627 0.2621
vn -0.9629 0.0629 0.2626
vn -0.2579 0.4604 0.8494
vn -0.2576 0.4605 0.8495
vn -0.7051 0.3022 0.6415
vn -0.7049 0.3023 0.6417
vn -0.7044 0.3024 0.6421
vn -0.9631 0.0629 0.2618
vn -0.0280 -0.1504 -0.9882
vn -0.0551 0.5544 -0.8304
vn -0.0634 0.0027 -0.9980
vn -0.0666 0.9685 -0.2399
vn -0.0578 0.9383 0.3411
vn -0.1064 0.8639 -0.4922
vn -0.0188 0.6901 0.7235
vn -0.0678 0.8592 0.5071
vn 0.0188 0.2706 0.9625
vn 0.0433 -0.1859 0.9816
vn 0.0829 -0.6990 0.7103
vn 0.0100 -0.0062 0.9999
vn 0.0840 -0.9951 0.0522
vn 0.0491 -0.8678 0.4944
vn 0.0281 -0.7741 -0.6324
vn 0.0143 -0.8632 -0.5047
vn -0.3813 0.4315 0.8176
vn -0.3813 0.4314 0.8176
vn -0.9211 0.1270 0.3680
vn -0.9214 0.1269 0.3674
vn -0.9212 0.1272 0.3676
vn -0.9210 0.1269 0.3683
vn -0.9210 0.1264 0.3686
vn -0.2577 0.4608 0.8492
vn -0.7051 0.3010 0.6421
vn -0.3867 0.4329 0.8143
vn -0.9630 0.0631 0.2621
vn -0.9229 0.1280 0.3631
vn 0.0188 0.2707 0.9625
vn 0.0430 -0.1858 0.9816
vn 0.0830 -0.6986 0.7107
vn 0.0101 -0.0063 0.9999
vn 0.0841 -0.9951 0.0522
vn 0.0490 -0.8678 0.4944
vn 0.0281 -0.7743 -0.6322
vn -0.0280 -0.1487 -0.9885
vn -0.0550 0.5543 -0.8305
vn -0.0634 0.0028 -0.9980
vn -0.0668 0.9685 -0.2399
vn -0.0578 0.9382 0.3414
vn -0.0189 0.6899 0.7237
vn -0.0676 0.8594 0.5068
vn -0.9970 -0.0675 0.0386
vn -0.9970 -0.0676 0.0386
vn -0.9970 -0.0674 0.0385
vn -0.9970 -0.0674 0.0387
vn -0.9970 -0.0678 0.0383
vn 0.0282 0.1516 0.9880
vn 0.0841 -0.5525 0.8292
vn 0.0142 -0.0062 0.9999
vn 0.0830 -0.9674 0.2394
vn 0.0431 -0.9392 -0.3407
vn 0.0188 -0.6901 -0.7235
vn 0.0101 -0.8634 -0.5044
vn -0.0187 -0.2706 -0.9625
vn -0.0578 0.1859 -0.9809
vn -0.0667 0.7005 -0.7105
vn -0.0678 0.0026 -0.9977
vn -0.0550 0.9971 -0.0532
vn -0.0275 0.7726 0.6343
vn -0.0635 0.8599 0.5065
vn -0.9629 -0.1938 -0.1878
vn -0.9223 -0.2532 -0.2921
vn -0.3866 -0.4855 -0.7841
vn -0.7051 -0.3964 -0.5879
vn -0.2576 -0.4957 -0.8294
vn -0.6084 -0.4333 -0.6649
vn -0.5917 -0.4385 -0.6765
vn -0.9296 -0.2419 -0.2782
vn -0.8294 -0.3309 -0.4501
vn -0.9294 -0.2421 -0.2784
vn -0.6900 -0.4041 -0.6006
vn -0.8293 -0.3310 -0.4503
vn -0.5177 -0.4581 -0.7226
vn -0.6897 -0.4042 -0.6007
vn -0.3207 -0.4904 -0.8103
vn -0.5175 -0.4582 -0.7227
vn -0.1086 -0.4994 -0.8595
vn 0.1086 -0.4847 -0.8679
vn 0.3206 -0.4470 -0.8351
vn 0.5175 -0.3880 -0.7627
vn 0.3208 -0.4469 -0.8351
vn 0.6898 -0.3106 -0.6540
vn 0.5176 -0.3880 -0.7626
vn 0.8293 -0.2186 -0.5143
vn 0.8295 -0.2183 -0.5140
vn 0.6899 -0.3106 -0.6539
vn 0.9294 -0.1161 -0.3502
vn 0.8295 -0.2184 -0.5141
vn 0.9296 -0.1159 -0.3499
vn 0.6081 -0.3510 -0.7121
vn 0.5912 -0.3585 -0.7224
vn 0.2592 -0.4605 -0.8490
vn 0.7046 -0.3037 -0.6414
vn 0.3856 -0.4272 -0.8178
vn 0.9631 -0.0629 -0.2616
vn 0.9223 -0.1220 -0.3668
vn 0.0635 -0.0027 0.9980
vn 0.0275 0.1513 0.9881
vn 0.0550 -0.5542 0.8306
vn 0.0668 -0.9685 0.2399
vn 0.0677 -0.8595 -0.5066
vn 0.0578 -0.9383 -0.3410
vn 0.0189 -0.6901 -0.7235
vn -0.0101 0.0065 -0.9999
vn -0.0189 -0.2700 -0.9627
vn -0.0431 0.1859 -0.9816
vn -0.0490 0.8679 -0.4943
vn -0.0830 0.6990 -0.7103
vn -0.0143 0.8631 0.5048
vn -0.0841 0.9951 -0.0524
vn -0.0283 0.7726 0.6342
vn 0.9970 0.0674 -0.0384
vn 0.9970 0.0676 -0.0384
vn 0.9970 0.0677 -0.0385
vn 0.9970 0.0677 -0.0386
vn 0.9970 0.0674 -0.0385
vn 0.9970 0.0675 -0.0387
vn 0.9970 0.0677 -0.0384
vn 0.9970 0.0676 -0.0386
vn 0.9970 0.0678 -0.0386
vn 0.9970 0.0674 -0.0389
vn 0.9970 0.0674 -0.0386
vn 0.9970 0.0675 -0.0386
vn -0.0189 -0.2706 -0.9625
vn -0.0431 0.1850 -0.9818
vn -0.0491 0.8676 -0.4947
vn -0.0829 0.6994 -0.7099
vn -0.0143 0.8630 0.5049
vn -0.0841 0.9951 -0.0521
vn -0.0283 0.7727 0.6341
vn 0.0635 -0.0028 0.9980
vn 0.1065 -0.8640 0.4921
vn 0.0549 -0.5544 0.8304
vn 0.0678 -0.8592 -0.5071
vn 0.0578 -0.9382 -0.3411
vn 0.0187 -0.6897 -0.7238
vn 0.3809 -0.4319 -0.8175
vn 0.3815 -0.4314 -0.8176
vn 0.3811 -0.4321 -0.8174
vn 0.3813 -0.4315 -0.8176
vn 0.3819 -0.4316 -0.8172
vn 0.9211 -0.1270 -0.3679
vn 0.9211 -0.1268 -0.3681
vn 0.3864 -0.4331 -0.8143
vn 0.9228 -0.1283 -0.3633
vn 0.7046 -0.3007 -0.6428
vn 0.9630 -0.0627 -0.2621
vn 0.7049 0.3964 0.5882
vn 0.9224 0.2532 0.2918
vn 0.2590 0.4959 0.8288
vn 0.3857 0.4853 0.7847
vn 0.0676 -0.0023 0.9977
vn 0.0188 0.2702 0.9626
vn 0.0577 -0.1852 0.9810
vn 0.1064 -0.8639 0.4923
vn 0.0669 -0.7004 0.7106
vn 0.0551 -0.9971 0.0532
vn 0.0280 -0.7741 -0.6325
vn -0.0141 0.0065 -0.9999
vn -0.0280 -0.1492 -0.9884
vn -0.0490 0.8677 -0.4946
vn -0.0841 0.5521 -0.8295
vn -0.0829 0.9674 -0.2392
vn -0.0101 0.8634 0.5044
vn -0.0431 0.9394 0.3402
vn -0.0188 0.6898 0.7238
vn 0.9211 0.2517 0.2971
vn 0.9210 0.2521 0.2969
vn 0.9211 0.2518 0.2968
vn 0.3810 0.4831 0.7883
vn 0.3811 0.4835 0.7881
vn 0.3814 0.4832 0.7881
vn 0.9211 0.2518 0.2969
vn 0.9212 0.2517 0.2966
vn 0.3815 0.4831 0.7881
vn 0.3817 0.4832 0.7879
vn 0.3819 0.4829 0.7880
vn 0.9631 0.1932 0.1873
vn 0.9230 0.2470 0.2952
vn 0.3863 0.4795 0.7880
vn 0.7049 0.3994 0.5862
vn 0.2591 0.4954 0.8291
vn -0.0142 0.0065 -0.9999
vn -0.0491 0.8678 -0.4944
vn -0.0841 0.5525 -0.8292
vn -0.0101 0.8636 0.5041
vn -0.0431 0.9393 0.3404
vn -0.0189 0.6895 0.7240
vn 0.6249 0.4281 0.6529
vn 0.5928 0.4381 0.6758
vn 0.9215 0.2514 0.2960
vn 0.9214 0.2515 0.2963
vn 0.7914 0.3547 0.4979
vn 0.7911 0.3549 0.4982
vn 0.7915 0.3547 0.4978
vn 0.7915 0.3543 0.4981
vn 0.6062 0.4341 0.6664
vn 0.6067 0.4339 0.6661
vn 0.6063 0.4340 0.6663
vn 0.6067 0.4335 0.6663
vn 0.3805 0.4833 0.7884
vn 0.3809 0.4833 0.7883
vn 0.7772 0.3628 0.5142
vn 0.8016 0.3487 0.4857
vn 0.9631 0.1931 0.1874
vn 0.9628 0.1940 0.1881
vn 0.9629 0.1934 0.1883
vn 0.9631 0.1931 0.1875
vn 0.9629 0.1933 0.1882
vn 0.9632 0.1925 0.1878
vn 0.7046 0.3979 0.5876
vn 0.2575 0.4959 0.8293
vn 0.2575 0.4957 0.8294
vn -0.2577 0.4604 0.8495
vn -0.2577 0.4608 0.8493
vn -0.7053 0.3024 0.6412
vn -0.7054 0.3030 0.6408
vn -0.7050 0.3021 0.6417
vn -0.2578 0.4604 0.8495
vn -0.7048 0.3019 0.6420
vn -0.7047 0.3013 0.6423
vn -0.8022 0.2396 0.5469
vn -0.8023 0.2396 0.5468
vn -0.3564 0.4381 0.8252
vn -0.5425 0.3784 0.7500
vn -0.3805 0.4319 0.8177
vn -0.7048 0.3022 0.6418
vn -0.6063 0.3521 0.7131
vn -0.8362 0.2127 0.5055
vn -0.7911 0.2478 0.5592
vn -0.9310 0.1140 0.3468
vn -0.9214 0.1268 0.3674
vn -0.6247 0.3434 0.7013
vn -0.6086 0.3508 0.7117
vn -0.9213 -0.2515 -0.2966
vn -0.9211 -0.2518 -0.2969
vn -0.3812 -0.4833 -0.7881
vn -0.9212 -0.2518 -0.2967
vn -0.9210 -0.2523 -0.2967
vn -0.3814 -0.4831 -0.7881
vn -0.3811 -0.4832 -0.7882
vn -0.3812 -0.4835 -0.7880
vn -0.0579 0.1848 -0.9811
vn -0.0668 0.6999 -0.7111
vn -0.0677 0.0026 -0.9977
vn -0.0551 0.9971 -0.0534
vn -0.1064 0.8641 -0.4920
vn -0.0274 0.7727 0.6341
vn -0.0635 0.8598 0.5066
vn 0.0282 0.1519 0.9880
vn 0.0840 -0.5533 0.8288
vn 0.0829 -0.9674 0.2393
vn 0.0427 -0.9394 -0.3402
vn 0.0491 -0.8678 0.4945
vn 0.0189 -0.6895 -0.7240
vn 0.0101 -0.8636 -0.5042
vn -0.9630 -0.1934 -0.1875
vn -0.7050 -0.3992 -0.5861
vn -0.9228 -0.2468 -0.2958
vn -0.2571 -0.4962 -0.8293
vn -0.3868 -0.4795 -0.7877
vn -0.2587 0.4605 0.8491
vn -0.3860 0.4272 0.8176
vn -0.9222 0.1220 0.3669
vn -0.7050 0.3037 0.6409
vn -0.9629 0.0631 0.2622
vn -0.3815 0.4315 0.8175
vn -0.9211 0.1270 0.3681
vn -0.9211 -0.2519 -0.2969
vn -0.9211 -0.2519 -0.2970
vn -0.3815 -0.4832 -0.7880
vn 0.3815 -0.4315 -0.8175
vn 0.9211 -0.1270 -0.3681
vn 0.9211 0.2519 0.2969
vn 0.3815 0.4832 0.7880
vn 0.3816 0.4832 0.7880
vn -0.3816 0.4314 0.8175
vn -0.3816 -0.4832 -0.7880
vn 0.3816 -0.4315 -0.8175
vn 0.9211 -0.1270 -0.3680
vn 0.9211 0.2519 0.2970
vn -0.9858 0.0071 0.1677
vn -0.9858 0.0070 0.1677
vn -0.9858 -0.1407 -0.0916
vn -0.9858 -0.1407 -0.0915
vn 0.0753 -0.8661 0.4942
vn 0.0757 -0.8666 0.4933
vn 0.0767 -0.8672 0.4919
vn 0.0777 -0.8657 0.4945
vn 0.0767 -0.8663 0.4935
vn 0.0773 -0.8668 0.4927
vn 0.0781 -0.8675 0.4913
vn 0.2579 -0.4606 -0.8493
vn 0.2582 -0.4607 -0.8492
vn 0.7047 -0.3025 -0.6418
vn 0.7052 -0.3022 -0.6414
vn 0.9631 0.1932 0.1876
vn 0.7049 0.3978 0.5873
vn 0.2578 0.4957 0.8293
vn 0.2585 0.4956 0.8292
vn 0.0001 0.4951 0.8689
vn 0.0780 -0.8665 0.4931
vn 0.0776 -0.8664 0.4932
vn 0.0781 -0.8665 0.4930
vn 0.0784 -0.8663 0.4934
vn 0.0778 -0.8660 0.4940
vn 0.0779 -0.8663 0.4935
vn 0.0771 -0.8662 0.4937
vn 0.0781 -0.8664 0.4932
vn 0.0777 -0.8661 0.4937
vn 0.0781 -0.8662 0.4936
vn 0.0785 -0.8662 0.4935
vn 0.0782 -0.8664 0.4932
vn 0.0779 -0.8662 0.4937
vn 0.0780 -0.8663 0.4933
vn 0.2580 -0.4607 -0.8493
vn -0.0776 0.8663 -0.4935
vn -0.0779 0.8662 -0.4935
vn -0.0777 0.8661 -0.4938
vn -0.0778 0.8661 -0.4938
vn -0.0777 0.8662 -0.4936
vn -0.0777 0.8661 -0.4937
vn -0.2581 0.4606 0.8492
vn -0.0000 -0.4953 -0.8687
vn 0.0003 -0.4950 -0.8689
vn 0.0002 -0.4950 -0.8689
vn -0.2909 -0.4932 -0.8198
vn -0.1763 -0.4992 -0.8484
vn -0.2910 -0.4932 -0.8198
vn -0.0592 -0.4981 -0.8651
vn -0.1763 -0.4991 -0.8484
vn -0.0588 -0.4981 -0.8651
vn -0.0001 -0.4951 -0.8689
vn 0.2907 -0.4539 -0.8423
vn 0.1762 -0.4752 -0.8620
vn 0.2909 -0.4537 -0.8423
vn 0.0591 -0.4901 -0.8696
vn 0.1763 -0.4752 -0.8620
vn 0.4311 0.7840 -0.4466
vn 0.5658 -0.7164 0.4081
vn -0.4311 -0.7840 0.4466
vn -0.5658 0.7164 -0.4081
vn -0.2458 -0.8536 -0.4593
vn -0.5683 -0.4452 -0.6919
vn -0.3225 0.0017 -0.9466
vn 0.2458 0.0402 -0.9685
vn 0.5683 -0.3682 -0.7358
vn 0.3226 -0.8150 -0.4813
vn -0.5659 0.7164 -0.4081
vn -0.2457 -0.8536 -0.4593
vn -0.5683 -0.4452 -0.6920
vn -0.3226 0.0017 -0.9465
vn 0.3226 -0.8151 -0.4813
vn 0.0248 0.4966 0.8676
vn 0.0749 0.4960 0.8651
vn 0.1245 0.4919 0.8617
vn 0.1742 0.4838 0.8577
vn 0.2239 0.4717 0.8529
vn 0.2666 0.4612 0.8463
vn 0.2787 0.4565 0.8449
vn 0.2724 0.4629 0.8435
vn 0.3193 0.4705 0.8226
vn 0.3651 0.4742 0.8012
vn 0.4110 0.4741 0.7787
vn 0.4551 0.4703 0.7561
vn 0.4983 0.4629 0.7331
vn 0.5409 0.4515 0.7096
vn 0.5823 0.4366 0.6858
vn 0.6226 0.4180 0.6616
vn 0.6614 0.3956 0.6373
vn 0.6981 0.3699 0.6131
vn 0.6945 0.3655 0.6197
vn 0.7032 0.3656 0.6098
vn 0.2609 0.4601 0.8486
vn 0.2689 0.4620 0.8451
vn 0.2562 0.4650 0.8474
vn 0.7329 0.3605 0.5770
vn 0.7649 0.3545 0.5378
vn 0.7953 0.3451 0.4984
vn 0.8242 0.3319 0.4588
vn 0.8505 0.3156 0.4207
vn 0.8755 0.2962 0.3817
vn 0.8985 0.2731 0.3437
vn 0.9193 0.2469 0.3064
vn 0.9381 0.2173 0.2698
vn 0.9546 0.1847 0.2337
vn 0.7014 0.3674 0.6108
vn 0.7075 0.3624 0.6067
vn 0.7105 0.3657 0.6012
vn 0.9668 0.1568 0.2017
vn 0.9700 0.1473 0.1935
vn 0.9683 0.1560 0.1951
vn 0.9788 0.1440 0.1458
vn 0.9867 0.1294 0.0979
vn 0.9925 0.1116 0.0508
vn 0.9958 0.0913 0.0055
vn 0.9969 0.0679 -0.0387
vn 0.9958 0.0418 -0.0810
vn 0.9924 0.0133 -0.1220
vn 0.9867 -0.0182 -0.1613
vn 0.9788 -0.0520 -0.1983
vn 0.9684 -0.0881 -0.2335
vn 0.9700 -0.0911 -0.2254
vn 0.9668 -0.0935 -0.2378
vn 0.9654 0.1582 0.2075
vn 0.9674 0.1566 0.1991
vn 0.9640 0.1648 0.2088
vn 0.9546 -0.1068 -0.2781
vn 0.9381 -0.1212 -0.3246
vn 0.9674 -0.0913 -0.2363
vn 0.9654 -0.0979 -0.2419
vn 0.9640 -0.0956 -0.2483
vn 0.9194 -0.1376 -0.3685
vn 0.8985 -0.1565 -0.4102
vn 0.8756 -0.1773 -0.4492
vn 0.8509 -0.2004 -0.4857
vn 0.8240 -0.2255 -0.5199
vn 0.7955 -0.2527 -0.5508
vn 0.7650 -0.2817 -0.5792
vn 0.7327 -0.3127 -0.6045
vn 0.7076 -0.3371 -0.6211
vn 0.7013 -0.3381 -0.6276
vn 0.7105 -0.3306 -0.6212
vn 0.7032 -0.3381 -0.6255
vn 0.6946 -0.3468 -0.6303
vn 0.6983 -0.3386 -0.6306
vn 0.6614 -0.3464 -0.6652
vn 0.6227 -0.3559 -0.6968
vn 0.5820 -0.3674 -0.7255
vn 0.5412 -0.3801 -0.7501
vn 0.4984 -0.3945 -0.7720
vn 0.4547 -0.4106 -0.7903
vn 0.4107 -0.4282 -0.8050
vn 0.3654 -0.4471 -0.8164
vn 0.3196 -0.4675 -0.8242
vn 0.2728 -0.4896 -0.8282
vn 0.2784 -0.4940 -0.8237
vn 0.2665 -0.4928 -0.8283
vn 0.2688 -0.4914 -0.8284
vn 0.2609 -0.4954 -0.8286
vn 0.2562 -0.4918 -0.8322
vn 0.2242 -0.4929 -0.8407
vn 0.1745 -0.4911 -0.8535
vn 0.1246 -0.4905 -0.8625
vn 0.0749 -0.4911 -0.8679
vn 0.0248 -0.4932 -0.8696
vn -0.0248 -0.4966 -0.8676
vn -0.0745 -0.5012 -0.8621
vn -0.1233 -0.5072 -0.8530
vn -0.1715 -0.5144 -0.8402
vn -0.2197 -0.5230 -0.8236
vn -0.2605 -0.5286 -0.8079
vn -0.2718 -0.5313 -0.8024
vn -0.2672 -0.5261 -0.8074
vn -0.3153 -0.5108 -0.7998
vn -0.3635 -0.4967 -0.7882
vn -0.4094 -0.4838 -0.7735
vn -0.4544 -0.4724 -0.7553
vn -0.4985 -0.4622 -0.7334
vn -0.5406 -0.4534 -0.7087
vn -0.5817 -0.4461 -0.6802
vn -0.6202 -0.4405 -0.6491
vn -0.6577 -0.4359 -0.6143
vn -0.6926 -0.4331 -0.5768
vn -0.6878 -0.4407 -0.5768
vn -0.6971 -0.4331 -0.5714
vn -0.2546 -0.5303 -0.8087
vn -0.2630 -0.5274 -0.8079
vn -0.2508 -0.5262 -0.8126
vn -0.7283 -0.4116 -0.5479
vn -0.7623 -0.3852 -0.5201
vn -0.7940 -0.3604 -0.4896
vn -0.8236 -0.3372 -0.4561
vn -0.8505 -0.3159 -0.4205
vn -0.8757 -0.2959 -0.3815
vn -0.8979 -0.2783 -0.3410
vn -0.9180 -0.2624 -0.2975
vn -0.9353 -0.2481 -0.2521
vn -0.9499 -0.2360 -0.2047
vn -0.6954 -0.4329 -0.5736
vn -0.7012 -0.4326 -0.5667
vn -0.7050 -0.4266 -0.5666
vn -0.9608 -0.2242 -0.1633
vn -0.9633 -0.2222 -0.1507
vn -0.9626 -0.2192 -0.1590
vn -0.9751 -0.1845 -0.1230
vn -0.9848 -0.1517 -0.0850
vn -0.9916 -0.1214 -0.0454
vn -0.9956 -0.0931 -0.0044
vn -0.9970 -0.0673 0.0384
vn -0.9956 -0.0438 0.0823
vn -0.9916 -0.0227 0.1275
vn -0.9847 -0.0043 0.1739
vn -0.9751 0.0117 0.2213
vn -0.9626 0.0251 0.2696
vn -0.9632 0.0164 0.2682
vn -0.9608 0.0262 0.2762
vn -0.9591 -0.2283 -0.1676
vn -0.9615 -0.2220 -0.1618
vn -0.9585 -0.2259 -0.1741
vn -0.9500 0.0557 0.3072
vn -0.9353 0.0903 0.3422
vn -0.9615 0.0259 0.2736
vn -0.9591 0.0277 0.2819
vn -0.9585 0.0344 0.2831
vn -0.9181 0.1223 0.3771
vn -0.8980 0.1513 0.4132
vn -0.8756 0.1773 0.4492
vn -0.8506 0.2005 0.4860
vn -0.8235 0.2204 0.5227
vn -0.7941 0.2373 0.5595
vn -0.7622 0.2510 0.5968
vn -0.7283 0.2615 0.6335
vn -0.7012 0.2669 0.6611
vn -0.6955 0.2727 0.6648
vn -0.7050 0.2697 0.6559
vn -0.6972 0.2707 0.6638
vn -0.6878 0.2718 0.6731
vn -0.6929 0.2754 0.6664
vn -0.6578 0.3061 0.6882
vn -0.6205 0.3336 0.7097
vn -0.5815 0.3577 0.7307
vn -0.5406 0.3782 0.7515
vn -0.4986 0.3951 0.7715
vn -0.4547 0.4087 0.7913
vn -0.4101 0.4185 0.8104
vn -0.3631 0.4250 0.8292
vn -0.3157 0.4274 0.8472
vn -0.2668 0.4265 0.8642
vn -0.2720 0.4193 0.8662
vn -0.2605 0.4255 0.8667
vn -0.2630 0.4260 0.8656
vn -0.2546 0.4252 0.8686
vn -0.2507 0.4307 0.8670
vn -0.2190 0.4419 0.8699
vn -0.1717 0.4604 0.8710
vn -0.1232 0.4750 0.8713
vn -0.0745 0.4860 0.8708
vn -0.0248 0.4932 0.8696
vn -0.0776 0.8662 -0.4936
vn -0.0776 0.8664 -0.4933
vn -0.0775 0.8661 -0.4938
vn -0.0779 0.8664 -0.4933
vn -0.0774 0.8662 -0.4937
vn -0.0776 0.8666 -0.4930
vn -0.0778 0.8661 -0.4937
vn -0.0777 0.8665 -0.4932
vn -0.0781 0.8663 -0.4933
vn -0.0779 0.8661 -0.4938
vn -0.0776 0.8662 -0.4937
vn -0.0777 0.8662 -0.4937
vn -0.0770 0.8663 -0.4936
vn -0.0782 0.8663 -0.4933
vn -0.0783 0.8664 -0.4932
vn -0.0784 0.8659 -0.4940
vn -0.0775 0.8664 -0.4932
vn -0.0774 0.8665 -0.4932
vn -0.0768 0.8664 -0.4934
vn -0.0774 0.8663 -0.4935
vn -0.0775 0.8662 -0.4937
vn -0.0783 0.8662 -0.4936
vn -0.0781 0.8663 -0.4935
vn -0.0779 0.8660 -0.4940
vn -0.0771 0.8662 -0.4936
vn -0.0778 0.8665 -0.4931
vn -0.0774 0.8667 -0.4929
vn -0.0774 0.8664 -0.4934
vn -0.0775 0.8663 -0.4934
vn -0.0777 0.8664 -0.4934
vn -0.0780 0.8660 -0.4938
vn -0.0775 0.8664 -0.4934
vn -0.0782 0.8661 -0.4938
vn -0.0779 0.8663 -0.4933
vn -0.0776 0.8664 -0.4934
vn -0.0780 0.8659 -0.4941
vn -0.0775 0.8666 -0.4929
vn -0.0774 0.8666 -0.4930
vn -0.0781 0.8664 -0.4933
vn -0.0781 0.8665 -0.4931
vn -0.0776 0.8664 -0.4932
vn -0.0780 0.8660 -0.4940
vn -0.0778 0.8659 -0.4942
vn -0.0775 0.8660 -0.4940
vn -0.0774 0.8661 -0.4938
vn -0.0781 0.8660 -0.4939
vn -0.0775 0.8661 -0.4939
vn -0.0778 0.8664 -0.4932
vn -0.9967 -0.0799 0.0169
vn -0.9944 -0.1016 -0.0279
vn -0.9899 -0.1200 -0.0749
vn -0.9832 -0.1349 -0.1230
vn -0.9741 -0.1466 -0.1723
vn -0.9529 -0.1558 -0.2603
vn -0.9512 -0.1592 -0.2642
vn -0.9492 -0.1650 -0.2681
vn -0.9625 -0.1552 -0.2227
vn -0.9481 -0.1675 -0.2704
vn -0.9490 -0.1622 -0.2704
vn -0.9457 -0.1713 -0.2761
vn -0.9305 -0.2059 -0.3028
vn -0.9106 -0.2409 -0.3359
vn -0.8884 -0.2719 -0.3698
vn -0.8640 -0.3002 -0.4043
vn -0.8376 -0.3239 -0.4399
vn -0.8095 -0.3441 -0.4757
vn -0.7796 -0.3606 -0.5121
vn -0.7476 -0.3734 -0.5492
vn -0.7147 -0.3821 -0.5859
vn -0.6796 -0.3869 -0.6232
vn -0.6435 -0.3876 -0.6601
vn -0.5899 -0.3815 -0.7116
vn -0.6054 -0.3844 -0.6969
vn -0.5651 -0.3992 -0.7220
vn -0.5223 -0.4255 -0.7390
vn -0.4785 -0.4472 -0.7556
vn -0.4334 -0.4650 -0.7720
vn -0.3877 -0.4785 -0.7878
vn -0.3409 -0.4879 -0.8036
vn -0.2936 -0.4933 -0.8188
vn -0.2462 -0.4943 -0.8337
vn -0.1984 -0.4911 -0.8482
vn -0.1500 -0.4838 -0.8622
vn -0.1021 -0.4725 -0.8754
vn -0.0531 -0.4566 -0.8881
vn -0.0051 -0.4366 -0.8996
vn -0.0053 -0.4366 -0.8996
vn 0.0462 -0.4499 -0.8919
vn 0.0971 -0.4589 -0.8832
vn 0.1472 -0.4637 -0.8737
vn 0.1968 -0.4644 -0.8635
vn 0.2454 -0.4610 -0.8528
vn 0.2939 -0.4532 -0.8415
vn 0.3410 -0.4417 -0.8299
vn 0.3867 -0.4260 -0.8179
vn 0.4318 -0.4063 -0.8053
vn 0.4753 -0.3826 -0.7923
vn 0.5166 -0.3549 -0.7792
vn 0.5796 -0.3022 -0.7568
vn 0.5562 -0.3235 -0.7655
vn 0.5967 -0.3028 -0.7432
vn 0.6370 -0.3008 -0.7098
vn 0.6759 -0.2949 -0.6755
vn 0.7128 -0.2852 -0.6407
vn 0.7469 -0.2720 -0.6068
vn 0.7793 -0.2550 -0.5724
vn 0.8095 -0.2345 -0.5383
vn 0.8373 -0.2104 -0.5046
vn 0.8629 -0.1828 -0.4711
vn 0.8857 -0.1520 -0.4387
vn 0.9063 -0.1177 -0.4060
vn 0.9237 -0.0803 -0.3746
vn 0.9423 -0.0273 -0.3335
vn 0.9394 -0.0369 -0.3409
vn 0.9409 -0.0309 -0.3372
vn 0.9386 -0.0342 -0.3432
vn 0.9384 -0.0394 -0.3432
vn 0.9363 -0.0436 -0.3485
vn 0.9546 -0.0252 -0.2968
vn 0.9689 -0.0149 -0.2471
vn 0.9801 -0.0018 -0.1986
vn 0.9884 0.0143 -0.1513
vn 0.9939 0.0333 -0.1050
vn 0.9967 0.0552 -0.0602
vn 0.9967 0.0800 -0.0168
vn 0.9939 0.1074 0.0249
vn 0.9884 0.1374 0.0649
vn 0.9801 0.1699 0.1028
vn 0.9688 0.2053 0.1392
vn 0.9424 0.2729 0.1935
vn 0.9409 0.2743 0.1986
vn 0.9393 0.2745 0.2056
vn 0.9546 0.2425 0.1731
vn 0.9384 0.2750 0.2091
vn 0.9386 0.2779 0.2044
vn 0.9362 0.2778 0.2153
vn 0.9237 0.2814 0.2600
vn 0.9063 0.2892 0.3082
vn 0.8860 0.2995 0.3540
vn 0.8628 0.3121 0.3976
vn 0.8376 0.3265 0.4379
vn 0.8095 0.3435 0.4762
vn 0.7795 0.3622 0.5110
vn 0.7469 0.3832 0.5434
vn 0.7126 0.4059 0.5722
vn 0.6759 0.4306 0.5982
vn 0.6375 0.4569 0.6204
vn 0.5795 0.4969 0.6460
vn 0.5964 0.4850 0.6396
vn 0.5563 0.4937 0.6685
vn 0.5163 0.4893 0.7029
vn 0.4752 0.4865 0.7332
vn 0.4316 0.4855 0.7603
vn 0.3876 0.4861 0.7832
vn 0.3405 0.4886 0.8033
vn 0.2941 0.4927 0.8190
vn 0.2457 0.4985 0.8314
vn 0.1968 0.5059 0.8398
vn 0.1473 0.5151 0.8444
vn 0.0963 0.5258 0.8452
vn 0.0462 0.5378 0.8418
vn -0.0052 0.5512 0.8343
vn -0.0051 0.5514 0.8342
vn -0.0533 0.5313 0.8455
vn -0.1021 0.5123 0.8527
vn -0.1500 0.4949 0.8559
vn -0.1979 0.4792 0.8551
vn -0.2460 0.4650 0.8505
vn -0.2941 0.4529 0.8417
vn -0.3414 0.4423 0.8294
vn -0.3877 0.4337 0.8134
vn -0.4334 0.4269 0.7936
vn -0.4782 0.4221 0.7702
vn -0.5224 0.4187 0.7428
vn -0.5899 0.4176 0.6911
vn -0.5650 0.4176 0.7116
vn -0.6059 0.4029 0.6859
vn -0.6433 0.3707 0.6699
vn -0.6803 0.3385 0.6501
vn -0.7147 0.3091 0.6274
vn -0.7479 0.2819 0.6010
vn -0.7796 0.2565 0.5714
vn -0.8093 0.2339 0.5388
vn -0.8376 0.2132 0.5030
vn -0.8640 0.1950 0.4642
vn -0.8883 0.1794 0.4229
vn -0.9105 0.1663 0.3786
vn -0.9306 0.1554 0.3314
vn -0.9529 0.1444 0.2667
vn -0.9492 0.1465 0.2786
vn -0.9512 0.1460 0.2717
vn -0.9490 0.1500 0.2773
vn -0.9481 0.1472 0.2820
vn -0.9457 0.1503 0.2881
vn -0.9624 0.1127 0.2471
vn -0.9740 0.0735 0.2141
vn -0.9832 0.0371 0.1788
vn -0.9899 0.0034 0.1414
vn -0.9944 -0.0275 0.1016
vn -0.9967 -0.0552 0.0601
vn 0.6335 0.7544 -0.1720
vn 0.6334 0.7544 -0.1722
vn 0.3710 0.9159 0.1530
vn 0.3709 0.9160 0.1530
vn -0.0536 0.9556 0.2897
vn -0.0536 0.9558 0.2891
vn -0.4783 0.8584 0.1856
vn -0.4782 0.8583 0.1859
vn -0.7407 0.6612 -0.1190
vn -0.7406 0.6613 -0.1191
vn -0.7407 0.4396 -0.5081
vn -0.7406 0.4396 -0.5083
vn -0.4782 0.2780 -0.8331
vn -0.4782 0.2783 -0.8330
vn -0.4782 0.2775 -0.8333
vn -0.4783 0.2781 -0.8330
vn -0.0536 0.2384 -0.9697
vn -0.0534 0.2382 -0.9698
vn -0.0538 0.2387 -0.9696
vn -0.0536 0.2383 -0.9697
vn 0.3711 0.3357 -0.8658
vn 0.3709 0.3357 -0.8659
vn 0.6336 0.5327 -0.5611
vn 0.6334 0.5327 -0.5613
vn -0.7466 0.6471 -0.1547
vn -0.4579 -0.6418 0.6152
vn -0.3331 0.9047 0.2656
vn -0.3331 0.9047 0.2657
vn 0.2274 0.9427 0.2442
vn 0.6387 0.7409 -0.2078
vn 0.5857 -0.5713 0.5750
vn -0.1844 0.9315 -0.3136
vn 0.0326 0.9461 -0.3221
vn 0.4985 0.4625 0.7332
vn -0.4985 0.3949 0.7717
vn 0.6387 0.5566 -0.5313
vn 0.5858 -0.7859 0.1981
vn 0.2274 0.2711 -0.9353
vn -0.3333 0.2331 -0.9135
vn -0.7467 0.4627 -0.4779
vn -0.4575 -0.8566 0.2384
vn -0.1845 0.7447 -0.6414
vn 0.0326 0.7593 -0.6499
vn -0.4985 -0.4625 -0.7332
vn 0.4985 -0.3949 -0.7717
vn 0.3262 0.9165 0.2314
vn 0.3258 0.9167 0.2314
vn 0.7025 0.6184 -0.3522
vn 0.7032 0.6179 -0.3518
vn 0.7028 0.6181 -0.3521
vn 0.7023 0.6186 -0.3524
vn 0.7028 0.6181 -0.3522
vn 0.3259 0.2687 -0.9064
vn 0.3259 0.2688 -0.9064
vn -0.4278 0.2176 -0.8773
vn -0.4276 0.2160 -0.8778
vn -0.4280 0.2168 -0.8774
vn -0.4278 0.2189 -0.8770
vn -0.4278 0.2177 -0.8773
vn -0.4279 0.2174 -0.8773
vn -0.8044 0.5162 -0.2940
vn -0.8045 0.5161 -0.2941
vn -0.4279 0.8655 0.2602
vn -0.4277 0.8655 0.2606
vn 0.4985 0.4625 0.7333
vn 0.2203 0.9754 0.0125
vn 0.5044 0.7503 -0.4274
vn 0.2203 0.4867 -0.8454
vn -0.3480 0.4481 -0.8235
vn -0.6322 0.6732 -0.3835
vn -0.3481 0.9368 0.0345
vn 0.0248 0.4965 0.8677
vn 0.0747 0.4959 0.8652
vn 0.2239 0.4719 0.8528
vn 0.2787 0.4565 0.8450
vn 0.2725 0.4629 0.8435
vn 0.3192 0.4705 0.8227
vn 0.3654 0.4743 0.8010
vn 0.4103 0.4739 0.7791
vn 0.4547 0.4704 0.7563
vn 0.4986 0.4627 0.7330
vn 0.6225 0.4178 0.6618
vn 0.6613 0.3956 0.6373
vn 0.6985 0.3697 0.6127
vn 0.6947 0.3654 0.6195
vn 0.7033 0.3656 0.6097
vn 0.2562 0.4651 0.8474
vn 0.7327 0.3605 0.5772
vn 0.7648 0.3547 0.5378
vn 0.7955 0.3451 0.4981
vn 0.8240 0.3321 0.4591
vn 0.8506 0.3158 0.4204
vn 0.8757 0.2959 0.3815
vn 0.8984 0.2733 0.3439
vn 0.9194 0.2467 0.3063
vn 0.9381 0.2174 0.2698
vn 0.9546 0.1848 0.2338
vn 0.7014 0.3673 0.6108
vn 0.7105 0.3656 0.6013
vn 0.9700 0.1473 0.1934
vn 0.9787 0.1442 0.1458
vn 0.9924 0.1117 0.0509
vn 0.9958 0.0914 0.0050
vn 0.9958 0.0418 -0.0813
vn 0.9924 0.0132 -0.1220
vn 0.9867 -0.0181 -0.1613
vn 0.9683 -0.0881 -0.2335
vn 0.9700 -0.0912 -0.2253
vn 0.9674 0.1566 0.1990
vn 0.9545 -0.1069 -0.2784
vn 0.9381 -0.1211 -0.3245
vn 0.9674 -0.0913 -0.2362
vn 0.9639 -0.0956 -0.2483
vn 0.9192 -0.1377 -0.3689
vn 0.8984 -0.1565 -0.4104
vn 0.8757 -0.1773 -0.4491
vn 0.8506 -0.2004 -0.4860
vn 0.8240 -0.2256 -0.5197
vn 0.7955 -0.2525 -0.5509
vn 0.7650 -0.2818 -0.5792
vn 0.7326 -0.3127 -0.6045
vn 0.7075 -0.3371 -0.6211
vn 0.7015 -0.3381 -0.6274
vn 0.7104 -0.3308 -0.6212
vn 0.7033 -0.3380 -0.6254
vn 0.6948 -0.3466 -0.6301
vn 0.6985 -0.3386 -0.6304
vn 0.6611 -0.3466 -0.6655
vn 0.6225 -0.3559 -0.6970
vn 0.5826 -0.3672 -0.7251
vn 0.5412 -0.3800 -0.7501
vn 0.4983 -0.3947 -0.7720
vn 0.4551 -0.4106 -0.7901
vn 0.4103 -0.4283 -0.8051
vn 0.3651 -0.4474 -0.8164
vn 0.3195 -0.4678 -0.8241
vn 0.2724 -0.4894 -0.8284
vn 0.2788 -0.4939 -0.8236
vn 0.2666 -0.4928 -0.8283
vn 0.2690 -0.4913 -0.8284
vn 0.2610 -0.4954 -0.8286
vn 0.2242 -0.4928 -0.8408
vn 0.1742 -0.4911 -0.8535
vn 0.1246 -0.4904 -0.8625
vn 0.0750 -0.4911 -0.8679
vn 0.0244 -0.4932 -0.8696
vn -0.0244 -0.4965 -0.8677
vn -0.0744 -0.5011 -0.8622
vn -0.1233 -0.5073 -0.8529
vn -0.1717 -0.5146 -0.8401
vn -0.2190 -0.5230 -0.8237
vn -0.2717 -0.5315 -0.8023
vn -0.2669 -0.5262 -0.8074
vn -0.3159 -0.5107 -0.7996
vn -0.3632 -0.4966 -0.7883
vn -0.4098 -0.4838 -0.7733
vn -0.4550 -0.4722 -0.7549
vn -0.4984 -0.4622 -0.7335
vn -0.5409 -0.4535 -0.7084
vn -0.5814 -0.4462 -0.6803
vn -0.6206 -0.4403 -0.6488
vn -0.6577 -0.4358 -0.6144
vn -0.6927 -0.4330 -0.5768
vn -0.6879 -0.4403 -0.5770
vn -0.6972 -0.4330 -0.5714
vn -0.2547 -0.5303 -0.8087
vn -0.2630 -0.5275 -0.8078
vn -0.2509 -0.5261 -0.8126
vn -0.7282 -0.4117 -0.5480
vn -0.7624 -0.3851 -0.5201
vn -0.8235 -0.3373 -0.4561
vn -0.8509 -0.3156 -0.4200
vn -0.8756 -0.2961 -0.3817
vn -0.8979 -0.2783 -0.3411
vn -0.9180 -0.2622 -0.2975
vn -0.9354 -0.2478 -0.2522
vn -0.6955 -0.4327 -0.5736
vn -0.7050 -0.4267 -0.5665
vn -0.9627 -0.2191 -0.1590
vn -0.9751 -0.1845 -0.1229
vn -0.9847 -0.1520 -0.0851
vn -0.9916 -0.1212 -0.0454
vn -0.9956 -0.0932 -0.0044
vn -0.9956 -0.0438 0.0824
vn -0.9916 -0.0228 0.1275
vn -0.9847 -0.0042 0.1743
vn -0.9751 0.0117 0.2214
vn -0.9627 0.0250 0.2694
vn -0.9633 0.0163 0.2681
vn -0.9591 -0.2283 -0.1675
vn -0.9500 0.0557 0.3074
vn -0.9353 0.0906 0.3421
vn -0.9591 0.0277 0.2818
vn -0.9585 0.0345 0.2830
vn -0.9180 0.1222 0.3773
vn -0.8979 0.1513 0.4134
vn -0.8755 0.1774 0.4494
vn -0.8236 0.2205 0.5226
vn -0.7941 0.2372 0.5595
vn -0.7622 0.2510 0.5967
vn -0.7284 0.2614 0.6333
vn -0.6956 0.2726 0.6647
vn -0.7049 0.2697 0.6560
vn -0.6972 0.2706 0.6638
vn -0.6881 0.2716 0.6729
vn -0.6930 0.2754 0.6663
vn -0.6575 0.3064 0.6883
vn -0.6205 0.3337 0.7097
vn -0.4990 0.3951 0.7713
vn -0.4546 0.4087 0.7914
vn -0.4098 0.4185 0.8105
vn -0.3632 0.4248 0.8292
vn -0.3155 0.4274 0.8472
vn -0.2668 0.4263 0.8643
vn -0.2721 0.4191 0.8662
vn -0.2606 0.4254 0.8667
vn -0.2631 0.4260 0.8656
vn -0.2547 0.4252 0.8685
vn -0.2194 0.4418 0.8699
vn -0.1717 0.4601 0.8711
vn -0.1233 0.4751 0.8713
vn -0.0740 0.4860 0.8708
vn -0.0253 0.4931 0.8696
vn -0.0783 0.8663 -0.4934
vn -0.0779 0.8666 -0.4929
vn -0.0778 0.8665 -0.4930
vn -0.0780 0.8663 -0.4933
vn -0.0771 0.8665 -0.4932
vn -0.0782 0.8661 -0.4936
vn -0.0774 0.8661 -0.4939
vn -0.0776 0.8665 -0.4932
vn -0.0780 0.8662 -0.4935
vn -0.0779 0.8659 -0.4940
vn -0.0774 0.8664 -0.4933
vn -0.0782 0.8664 -0.4931
vn -0.0781 0.8661 -0.4936
vn -0.0774 0.8663 -0.4934
vn -0.0773 0.8663 -0.4936
vn -0.9967 -0.0798 0.0169
vn -0.9944 -0.1014 -0.0282
vn -0.9900 -0.1198 -0.0748
vn -0.9832 -0.1349 -0.1231
vn -0.9740 -0.1468 -0.1725
vn -0.9529 -0.1558 -0.2602
vn -0.9492 -0.1649 -0.2681
vn -0.9625 -0.1550 -0.2228
vn -0.9481 -0.1674 -0.2703
vn -0.9490 -0.1621 -0.2704
vn -0.9458 -0.1712 -0.2761
vn -0.9305 -0.2061 -0.3028
vn -0.9106 -0.2407 -0.3359
vn -0.8882 -0.2723 -0.3700
vn -0.8638 -0.3003 -0.4046
vn -0.8376 -0.3239 -0.4398
vn -0.8093 -0.3443 -0.4759
vn -0.7795 -0.3606 -0.5121
vn -0.7479 -0.3733 -0.5489
vn -0.7147 -0.3820 -0.5859
vn -0.6435 -0.3875 -0.6601
vn -0.5899 -0.3815 -0.7117
vn -0.6057 -0.3841 -0.6969
vn -0.5646 -0.3997 -0.7221
vn -0.5227 -0.4252 -0.7389
vn -0.4785 -0.4472 -0.7557
vn -0.4335 -0.4649 -0.7720
vn -0.3413 -0.4879 -0.8034
vn -0.2941 -0.4931 -0.8187
vn -0.1984 -0.4912 -0.8482
vn -0.1500 -0.4839 -0.8622
vn -0.1015 -0.4722 -0.8756
vn -0.0531 -0.4564 -0.8882
vn -0.0052 -0.4366 -0.8996
vn -0.0052 -0.4370 -0.8994
vn -0.0053 -0.4368 -0.8996
vn -0.0054 -0.4372 -0.8993
vn 0.0459 -0.4497 -0.8920
vn 0.0968 -0.4589 -0.8832
vn 0.1471 -0.4638 -0.8736
vn 0.2462 -0.4609 -0.8526
vn 0.2936 -0.4533 -0.8416
vn 0.3414 -0.4416 -0.8297
vn 0.3867 -0.4262 -0.8178
vn 0.4317 -0.4062 -0.8053
vn 0.4748 -0.3826 -0.7926
vn 0.5795 -0.3023 -0.7568
vn 0.5565 -0.3235 -0.7653
vn 0.5966 -0.3028 -0.7432
vn 0.6369 -0.3009 -0.7098
vn 0.7126 -0.2852 -0.6410
vn 0.7472 -0.2719 -0.6064
vn 0.7791 -0.2552 -0.5726
vn 0.8097 -0.2342 -0.5381
vn 0.8627 -0.1830 -0.4714
vn 0.8859 -0.1519 -0.4383
vn 0.9062 -0.1177 -0.4062
vn 0.9237 -0.0804 -0.3745
vn 0.9424 -0.0274 -0.3335
vn 0.9394 -0.0368 -0.3409
vn 0.9386 -0.0341 -0.3432
vn 0.9385 -0.0396 -0.3431
vn 0.9363 -0.0434 -0.3486
vn 0.9688 -0.0150 -0.2474
vn 0.9801 -0.0018 -0.1987
vn 0.9967 0.0553 -0.0602
vn 0.9967 0.0798 -0.0169
vn 0.9939 0.1073 0.0248
vn 0.9884 0.1376 0.0649
vn 0.9801 0.1699 0.1029
vn 0.9688 0.2051 0.1391
vn 0.9424 0.2729 0.1936
vn 0.9393 0.2746 0.2056
vn 0.9545 0.2428 0.1731
vn 0.9384 0.2752 0.2091
vn 0.9362 0.2779 0.2152
vn 0.9238 0.2811 0.2599
vn 0.8859 0.2997 0.3542
vn 0.8629 0.3121 0.3974
vn 0.8374 0.3267 0.4383
vn 0.8095 0.3434 0.4762
vn 0.7795 0.3623 0.5110
vn 0.7470 0.3832 0.5434
vn 0.6758 0.4307 0.5981
vn 0.6369 0.4571 0.6208
vn 0.5795 0.4969 0.6459
vn 0.5963 0.4850 0.6396
vn 0.5565 0.4934 0.6685
vn 0.5166 0.4893 0.7027
vn 0.4745 0.4867 0.7334
vn 0.4318 0.4856 0.7601
vn 0.3871 0.4862 0.7834
vn 0.3409 0.4886 0.8032
vn 0.2456 0.4985 0.8314
vn 0.1968 0.5060 0.8398
vn 0.0969 0.5258 0.8450
vn 0.0461 0.5376 0.8419
vn -0.0051 0.5512 0.8343
vn -0.0054 0.5514 0.8342
vn -0.0052 0.5513 0.8343
vn -0.0057 0.5513 0.8343
vn -0.0531 0.5311 0.8456
vn -0.1015 0.5122 0.8528
vn -0.1505 0.4948 0.8559
vn -0.1982 0.4791 0.8551
vn -0.2458 0.4651 0.8505
vn -0.2941 0.4528 0.8417
vn -0.3407 0.4424 0.8296
vn -0.3879 0.4337 0.8133
vn -0.4785 0.4220 0.7700
vn -0.5651 0.4174 0.7117
vn -0.6054 0.4036 0.6861
vn -0.6436 0.3700 0.6700
vn -0.6797 0.3388 0.6506
vn -0.7150 0.3090 0.6271
vn -0.7479 0.2818 0.6011
vn -0.7796 0.2566 0.5713
vn -0.8095 0.2338 0.5386
vn -0.8376 0.2132 0.5029
vn -0.8640 0.1951 0.4642
vn -0.8883 0.1794 0.4228
vn -0.9106 0.1662 0.3784
vn -0.9306 0.1553 0.3314
vn -0.9529 0.1443 0.2667
vn -0.9491 0.1466 0.2787
vn -0.9513 0.1461 0.2716
vn -0.9490 0.1501 0.2773
vn -0.9480 0.1473 0.2821
vn -0.9457 0.1504 0.2882
vn -0.9624 0.1126 0.2472
vn -0.9741 0.0734 0.2140
vn -0.9832 0.0371 0.1789
vn -0.9900 0.0035 0.1412
vn -0.9967 -0.0553 0.0601
vn 0.6334 0.7544 -0.1721
vn 0.6337 0.7542 -0.1720
vn 0.3710 0.9159 0.1532
vn 0.3711 0.9160 0.1527
vn -0.0536 0.9557 0.2895
vn -0.4782 0.8584 0.1856
vn -0.4783 0.8583 0.1856
vn -0.7407 0.6613 -0.1189
vn -0.7406 0.6613 -0.1190
vn -0.7407 0.4395 -0.5081
vn -0.4782 0.2779 -0.8331
vn -0.4782 0.2784 -0.8330
vn -0.4780 0.2784 -0.8331
vn -0.0536 0.2382 -0.9697
vn 0.3708 0.3356 -0.8659
vn 0.3710 0.3355 -0.8659
vn 0.6335 0.5327 -0.5612
vn 0.6334 0.5328 -0.5611
vn -0.7468 0.6469 -0.1544
vn -0.4576 -0.6420 0.6152
vn -0.3329 0.9048 0.2656
vn 0.2276 0.9427 0.2440
vn 0.6386 0.7410 -0.2078
vn 0.5863 -0.5709 0.5748
vn -0.1844 0.9315 -0.3137
vn 0.0326 0.9462 -0.3221
vn 0.4985 0.4624 0.7332
vn 0.5859 -0.7858 0.1980
vn 0.2274 0.2719 -0.9351
vn -0.3332 0.2334 -0.9135
vn -0.7467 0.4628 -0.4778
vn -0.4581 -0.8564 0.2383
vn -0.1844 0.7449 -0.6412
vn 0.0326 0.7592 -0.6500
vn 0.3257 0.9168 0.2309
vn 0.3255 0.9169 0.2311
vn 0.3257 0.9167 0.2312
vn 0.3265 0.9165 0.2312
vn 0.3259 0.9168 0.2308
vn 0.3261 0.9166 0.2311
vn 0.7026 0.6183 -0.3523
vn 0.7026 0.6183 -0.3521
vn 0.3257 0.2688 -0.9065
vn 0.3260 0.2687 -0.9064
vn 0.3259 0.2686 -0.9064
vn -0.4277 0.2177 -0.8773
vn -0.4276 0.2165 -0.8777
vn -0.4279 0.2172 -0.8774
vn -0.4276 0.2187 -0.8771
vn -0.4276 0.2183 -0.8772
vn -0.4275 0.2175 -0.8775
vn -0.8046 0.5160 -0.2939
vn -0.8043 0.5164 -0.2939
vn -0.8043 0.5162 -0.2943
vn -0.8049 0.5156 -0.2938
vn -0.8049 0.5157 -0.2935
vn -0.8045 0.5160 -0.2940
vn -0.4278 0.8655 0.2606
vn -0.4276 0.8657 0.2603
vn -0.4985 0.3949 0.7718
vn 0.2202 0.9754 0.0125
vn 0.2203 0.4866 -0.8454
vn -0.3481 0.4481 -0.8234
vn 0.0744 0.4960 0.8651
vn 0.1246 0.4919 0.8617
vn 0.1746 0.4838 0.8576
vn 0.2238 0.4718 0.8528
vn 0.2665 0.4612 0.8463
vn 0.2785 0.4567 0.8449
vn 0.2725 0.4628 0.8435
vn 0.3194 0.4705 0.8225
vn 0.3652 0.4742 0.8011
vn 0.4109 0.4742 0.7787
vn 0.4986 0.4628 0.7329
vn 0.5413 0.4513 0.7095
vn 0.5820 0.4366 0.6860
vn 0.6224 0.4181 0.6617
vn 0.6611 0.3957 0.6375
vn 0.6988 0.3694 0.6126
vn 0.2610 0.4601 0.8486
vn 0.2688 0.4620 0.8452
vn 0.7327 0.3605 0.5773
vn 0.7651 0.3545 0.5376
vn 0.7955 0.3452 0.4980
vn 0.8241 0.3321 0.4588
vn 0.8506 0.3159 0.4204
vn 0.8758 0.2959 0.3815
vn 0.8983 0.2733 0.3439
vn 0.9381 0.2174 0.2696
vn 0.7105 0.3657 0.6013
vn 0.9668 0.1568 0.2018
vn 0.9700 0.1474 0.1935
vn 0.9683 0.1559 0.1951
vn 0.9787 0.1442 0.1459
vn 0.9868 0.1294 0.0978
vn 0.9958 0.0912 0.0054
vn 0.9969 0.0678 -0.0387
vn 0.9958 0.0419 -0.0811
vn 0.9924 0.0131 -0.1221
vn 0.9868 -0.0181 -0.1612
vn 0.9788 -0.0519 -0.1982
vn 0.9683 -0.0882 -0.2336
vn 0.9700 -0.0911 -0.2253
vn 0.9668 -0.0935 -0.2377
vn 0.9654 0.1581 0.2075
vn 0.9546 -0.1069 -0.2782
vn 0.9381 -0.1211 -0.3246
vn 0.9193 -0.1377 -0.3687
vn 0.8984 -0.1565 -0.4103
vn 0.8755 -0.1772 -0.4496
vn 0.8507 -0.2005 -0.4860
vn 0.8240 -0.2256 -0.5198
vn 0.7955 -0.2526 -0.5508
vn 0.7649 -0.2816 -0.5793
vn 0.7327 -0.3128 -0.6045
vn 0.7013 -0.3381 -0.6275
vn 0.7105 -0.3307 -0.6212
vn 0.6946 -0.3467 -0.6303
vn 0.6984 -0.3386 -0.6306
vn 0.6614 -0.3465 -0.6652
vn 0.6227 -0.3561 -0.6968
vn 0.5823 -0.3673 -0.7253
vn 0.5413 -0.3799 -0.7501
vn 0.4986 -0.3946 -0.7718
vn 0.3650 -0.4474 -0.8165
vn 0.3195 -0.4677 -0.8241
vn 0.2727 -0.4894 -0.8283
vn 0.2788 -0.4940 -0.8236
vn 0.2689 -0.4913 -0.8284
vn 0.2610 -0.4953 -0.8286
vn 0.2561 -0.4917 -0.8322
vn 0.1742 -0.4910 -0.8536
vn 0.0248 -0.4931 -0.8696
vn -0.0244 -0.4966 -0.8676
vn -0.0749 -0.5012 -0.8621
vn -0.1231 -0.5073 -0.8530
vn -0.1721 -0.5144 -0.8401
vn -0.2195 -0.5230 -0.8236
vn -0.2606 -0.5286 -0.8079
vn -0.2719 -0.5316 -0.8022
vn -0.3156 -0.5108 -0.7997
vn -0.3629 -0.4967 -0.7884
vn -0.4100 -0.4839 -0.7731
vn -0.4547 -0.4723 -0.7551
vn -0.4986 -0.4621 -0.7334
vn -0.5406 -0.4535 -0.7086
vn -0.5817 -0.4461 -0.6801
vn -0.6205 -0.4403 -0.6490
vn -0.6578 -0.4361 -0.6141
vn -0.6925 -0.4332 -0.5769
vn -0.6879 -0.4405 -0.5768
vn -0.6972 -0.4330 -0.5713
vn -0.2547 -0.5303 -0.8086
vn -0.2631 -0.5275 -0.8078
vn -0.2508 -0.5260 -0.8127
vn -0.7282 -0.4117 -0.5479
vn -0.7622 -0.3853 -0.5202
vn -0.7941 -0.3603 -0.4895
vn -0.8507 -0.3158 -0.4203
vn -0.8755 -0.2961 -0.3818
vn -0.8979 -0.2782 -0.3411
vn -0.9179 -0.2622 -0.2977
vn -0.9500 -0.2360 -0.2046
vn -0.6955 -0.4328 -0.5735
vn -0.9608 -0.2242 -0.1634
vn -0.9633 -0.2221 -0.1508
vn -0.9752 -0.1844 -0.1228
vn -0.9847 -0.1519 -0.0851
vn -0.9916 -0.1214 -0.0457
vn -0.9956 -0.0931 -0.0039
vn -0.9970 -0.0672 0.0383
vn -0.9956 -0.0437 0.0824
vn -0.9847 -0.0042 0.1741
vn -0.9752 0.0117 0.2210
vn -0.9625 0.0250 0.2700
vn -0.9607 0.0262 0.2762
vn -0.9584 -0.2260 -0.1741
vn -0.9500 0.0558 0.3073
vn -0.9353 0.0904 0.3421
vn -0.9585 0.0344 0.2830
vn -0.9179 0.1223 0.3774
vn -0.8755 0.1775 0.4495
vn -0.8508 0.2004 0.4858
vn -0.8234 0.2205 0.5228
vn -0.7942 0.2374 0.5594
vn -0.7623 0.2509 0.5965
vn -0.7281 0.2615 0.6337
vn -0.7013 0.2669 0.6611
vn -0.6954 0.2727 0.6649
vn -0.7050 0.2699 0.6558
vn -0.6971 0.2707 0.6639
vn -0.6877 0.2714 0.6733
vn -0.6927 0.2754 0.6666
vn -0.6580 0.3061 0.6880
vn -0.6207 0.3335 0.7095
vn -0.5812 0.3577 0.7309
vn -0.5412 0.3781 0.7511
vn -0.4988 0.3951 0.7714
vn -0.4545 0.4087 0.7914
vn -0.4098 0.4186 0.8105
vn -0.3633 0.4249 0.8291
vn -0.3156 0.4274 0.8472
vn -0.2721 0.4193 0.8661
vn -0.2606 0.4255 0.8666
vn -0.2192 0.4418 0.8699
vn -0.1723 0.4602 0.8709
vn -0.0741 0.4860 0.8708
vn -0.0777 0.8660 -0.4940
vn -0.0782 0.8664 -0.4933
vn -0.0771 0.8662 -0.4937
vn -0.0772 0.8666 -0.4930
vn -0.0782 0.8663 -0.4935
vn -0.0780 0.8663 -0.4935
vn -0.0783 0.8663 -0.4933
vn -0.0777 0.8659 -0.4941
vn -0.0774 0.8664 -0.4932
vn -0.0782 0.8660 -0.4938
vn -0.0778 0.8663 -0.4933
vn -0.0773 0.8662 -0.4938
vn -0.0777 0.8665 -0.4930
vn -0.0778 0.8666 -0.4930
vn -0.0778 0.8665 -0.4932
vn -0.0779 0.8658 -0.4942
vn -0.0773 0.8666 -0.4929
vn -0.0782 0.8665 -0.4930
vn -0.9900 -0.1199 -0.0749
vn -0.9832 -0.1349 -0.1232
vn -0.9740 -0.1467 -0.1724
vn -0.9491 -0.1650 -0.2681
vn -0.9624 -0.1552 -0.2230
vn -0.9480 -0.1675 -0.2705
vn -0.9490 -0.1621 -0.2705
vn -0.9457 -0.1713 -0.2763
vn -0.8883 -0.2723 -0.3699
vn -0.8638 -0.3000 -0.4047
vn -0.7795 -0.3607 -0.5121
vn -0.7481 -0.3731 -0.5487
vn -0.7147 -0.3820 -0.5858
vn -0.6797 -0.3869 -0.6232
vn -0.6435 -0.3877 -0.6600
vn -0.6053 -0.3844 -0.6970
vn -0.5650 -0.3995 -0.7219
vn -0.5221 -0.4256 -0.7391
vn -0.4334 -0.4649 -0.7720
vn -0.2939 -0.4932 -0.8187
vn -0.1983 -0.4912 -0.8482
vn -0.0537 -0.4566 -0.8881
vn -0.0052 -0.4364 -0.8997
vn 0.0462 -0.4498 -0.8919
vn 0.0967 -0.4589 -0.8832
vn 0.1467 -0.4638 -0.8737
vn 0.2455 -0.4609 -0.8528
vn 0.2941 -0.4532 -0.8415
vn 0.3410 -0.4416 -0.8299
vn 0.3870 -0.4261 -0.8177
vn 0.4313 -0.4064 -0.8055
vn 0.4753 -0.3825 -0.7923
vn 0.5566 -0.3235 -0.7652
vn 0.6758 -0.2950 -0.6755
vn 0.7129 -0.2851 -0.6407
vn 0.7792 -0.2549 -0.5726
vn 0.8094 -0.2346 -0.5384
vn 0.8372 -0.2105 -0.5048
vn 0.8630 -0.1825 -0.4710
vn 0.8858 -0.1520 -0.4384
vn 0.9062 -0.1178 -0.4062
vn 0.9238 -0.0804 -0.3743
vn 0.9424 -0.0273 -0.3334
vn 0.9393 -0.0369 -0.3410
vn 0.9386 -0.0341 -0.3433
vn 0.9384 -0.0398 -0.3432
vn 0.9362 -0.0436 -0.3487
vn 0.9547 -0.0252 -0.2965
vn 0.9687 -0.0150 -0.2478
vn 0.9800 -0.0018 -0.1987
vn 0.9939 0.0333 -0.1049
vn 0.9939 0.1072 0.0249
vn 0.9884 0.1374 0.0648
vn 0.9801 0.1698 0.1028
vn 0.9688 0.2052 0.1391
vn 0.9424 0.2728 0.1934
vn 0.9393 0.2745 0.2058
vn 0.9546 0.2426 0.1730
vn 0.9384 0.2751 0.2092
vn 0.9386 0.2780 0.2045
vn 0.9361 0.2779 0.2157
vn 0.9238 0.2811 0.2598
vn 0.9063 0.2893 0.3083
vn 0.8857 0.2998 0.3545
vn 0.8630 0.3120 0.3974
vn 0.8371 0.3269 0.4386
vn 0.8097 0.3433 0.4759
vn 0.7795 0.3621 0.5111
vn 0.7471 0.3831 0.5432
vn 0.6758 0.4306 0.5982
vn 0.6375 0.4568 0.6204
vn 0.5961 0.4852 0.6397
vn 0.5565 0.4933 0.6685
vn 0.5167 0.4893 0.7026
vn 0.4746 0.4866 0.7335
vn 0.4318 0.4855 0.7602
vn 0.3873 0.4863 0.7833
vn 0.3409 0.4885 0.8032
vn 0.2941 0.4924 0.8192
vn 0.2461 0.4985 0.8313
vn 0.1468 0.5151 0.8444
vn 0.0967 0.5257 0.8451
vn 0.0461 0.5377 0.8419
vn -0.0054 0.5513 0.8343
vn -0.0537 0.5311 0.8456
vn -0.1015 0.5121 0.8529
vn -0.2457 0.4653 0.8504
vn -0.3409 0.4423 0.8296
vn -0.3872 0.4339 0.8135
vn -0.4334 0.4270 0.7936
vn -0.4782 0.4220 0.7702
vn -0.5225 0.4187 0.7427
vn -0.6055 0.4032 0.6861
vn -0.6432 0.3704 0.6702
vn -0.6798 0.3388 0.6505
vn -0.7147 0.3092 0.6274
vn -0.7481 0.2817 0.6008
vn -0.8093 0.2338 0.5388
vn -0.8641 0.1949 0.4641
vn -0.8881 0.1794 0.4232
vn -0.9105 0.1662 0.3786
vn -0.9305 0.1554 0.3315
vn -0.9480 0.1472 0.2821
vn -0.9458 0.1503 0.2880
vn -0.9624 0.1129 0.2472
vn -0.9741 0.0735 0.2140
vn -0.9832 0.0368 0.1788
vn -0.9900 0.0033 0.1412
vn -0.9944 -0.0274 0.1017
vn 0.6335 0.7544 -0.1721
vn 0.3710 0.9160 0.1530
vn 0.3710 0.9159 0.1531
vn -0.4783 0.8584 0.1857
vn -0.4782 0.8584 0.1855
vn -0.7407 0.6613 -0.1190
vn -0.0535 0.2383 -0.9697
vn 0.3711 0.3356 -0.8658
vn 0.3709 0.3356 -0.8659
vn 0.6337 0.5325 -0.5611
vn -0.7467 0.6470 -0.1544
vn -0.4578 -0.6418 0.6152
vn -0.3330 0.9047 0.2657
vn 0.2275 0.9428 0.2435
vn 0.5858 -0.5712 0.5749
vn -0.1845 0.9315 -0.3134
vn 0.0325 0.9462 -0.3221
vn 0.4985 0.4624 0.7333
vn 0.6386 0.5566 -0.5314
vn 0.5861 -0.7856 0.1981
vn 0.2275 0.2715 -0.9352
vn -0.3332 0.2324 -0.9138
vn -0.4580 -0.8563 0.2385
vn 0.0326 0.7595 -0.6497
vn -0.4984 -0.4625 -0.7333
vn 0.3259 0.9167 0.2313
vn 0.3256 0.9168 0.2311
vn 0.7029 0.6180 -0.3520
vn 0.7027 0.6182 -0.3522
vn 0.3261 0.2688 -0.9063
vn -0.4274 0.2169 -0.8777
vn -0.4277 0.2173 -0.8774
vn -0.4279 0.2185 -0.8770
vn -0.4276 0.2180 -0.8773
vn -0.8046 0.5159 -0.2940
vn -0.8046 0.5159 -0.2939
vn -0.4279 0.8654 0.2606
vn -0.4274 0.8658 0.2602
vn 0.5045 0.7502 -0.4274
vn 0.2202 0.4866 -0.8454
vn -0.6323 0.6732 -0.3835
vn 0.0745 0.4960 0.8651
vn 0.2239 0.4718 0.8528
vn 0.2785 0.4566 0.8449
vn 0.3192 0.4705 0.8226
vn 0.3649 0.4742 0.8012
vn 0.4103 0.4742 0.7790
vn 0.4548 0.4704 0.7562
vn 0.4987 0.4627 0.7330
vn 0.5412 0.4515 0.7094
vn 0.5826 0.4364 0.6856
vn 0.6983 0.3697 0.6129
vn 0.6946 0.3654 0.6197
vn 0.7329 0.3604 0.5770
vn 0.7652 0.3544 0.5374
vn 0.7953 0.3450 0.4984
vn 0.8239 0.3322 0.4591
vn 0.8507 0.3156 0.4204
vn 0.8757 0.2960 0.3816
vn 0.8984 0.2732 0.3438
vn 0.9193 0.2469 0.3065
vn 0.9381 0.2173 0.2697
vn 0.9545 0.1849 0.2339
vn 0.9700 0.1474 0.1934
vn 0.9683 0.1559 0.1950
vn 0.9787 0.1440 0.1461
vn 0.9867 0.1295 0.0980
vn 0.9958 0.0911 0.0054
vn 0.9958 0.0419 -0.0812
vn 0.9787 -0.0520 -0.1984
vn 0.9684 -0.0880 -0.2335
vn 0.9674 0.1567 0.1990
vn 0.9639 -0.0957 -0.2483
vn 0.9194 -0.1376 -0.3684
vn 0.8984 -0.1566 -0.4104
vn 0.8755 -0.1775 -0.4495
vn 0.8508 -0.2004 -0.4858
vn 0.8241 -0.2256 -0.5196
vn 0.7956 -0.2527 -0.5507
vn 0.7651 -0.2816 -0.5791
vn 0.7329 -0.3126 -0.6042
vn 0.7105 -0.3307 -0.6211
vn 0.6944 -0.3467 -0.6305
vn 0.6617 -0.3465 -0.6649
vn 0.6224 -0.3562 -0.6970
vn 0.5409 -0.3801 -0.7503
vn 0.4987 -0.3946 -0.7718
vn 0.4548 -0.4107 -0.7903
vn 0.4106 -0.4282 -0.8050
vn 0.3653 -0.4473 -0.8164
vn 0.3190 -0.4675 -0.8244
vn 0.2728 -0.4894 -0.8283
vn 0.2790 -0.4940 -0.8234
vn 0.2667 -0.4928 -0.8283
vn 0.2691 -0.4913 -0.8284
vn 0.2561 -0.4917 -0.8323
vn 0.2241 -0.4929 -0.8407
vn 0.1744 -0.4909 -0.8536
vn 0.1245 -0.4905 -0.8625
vn 0.0745 -0.4911 -0.8679
vn 0.0253 -0.4931 -0.8696
vn -0.0253 -0.4966 -0.8676
vn -0.0741 -0.5012 -0.8621
vn -0.1237 -0.5072 -0.8529
vn -0.1720 -0.5145 -0.8401
vn -0.2605 -0.5285 -0.8080
vn -0.2719 -0.5313 -0.8024
vn -0.2672 -0.5260 -0.8074
vn -0.3636 -0.4965 -0.7882
vn -0.4090 -0.4840 -0.7736
vn -0.4550 -0.4723 -0.7550
vn -0.4984 -0.4621 -0.7335
vn -0.6205 -0.4403 -0.6489
vn -0.6577 -0.4360 -0.6143
vn -0.6928 -0.4328 -0.5768
vn -0.6880 -0.4404 -0.5767
vn -0.2507 -0.5261 -0.8126
vn -0.7620 -0.3855 -0.5204
vn -0.7940 -0.3605 -0.4896
vn -0.8980 -0.2781 -0.3409
vn -0.9354 -0.2481 -0.2521
vn -0.9500 -0.2360 -0.2047
vn -0.9607 -0.2242 -0.1634
vn -0.9632 -0.2223 -0.1508
vn -0.9627 -0.2190 -0.1590
vn -0.9847 -0.1518 -0.0851
vn -0.9956 -0.0933 -0.0043
vn -0.9956 -0.0437 0.0823
vn -0.9752 0.0117 0.2212
vn -0.9626 0.0250 0.2697
vn -0.9632 0.0164 0.2681
vn -0.9615 -0.2221 -0.1618
vn -0.9585 -0.2259 -0.1740
vn -0.9500 0.0557 0.3073
vn -0.9585 0.0345 0.2831
vn -0.9180 0.1223 0.3773
vn -0.8978 0.1514 0.4135
vn -0.8756 0.1774 0.4493
vn -0.8507 0.2005 0.4860
vn -0.8237 0.2203 0.5225
vn -0.7938 0.2375 0.5598
vn -0.7622 0.2508 0.5968
vn -0.7282 0.2614 0.6335
vn -0.6881 0.2715 0.6729
vn -0.6925 0.2754 0.6667
vn -0.6576 0.3063 0.6883
vn -0.5814 0.3577 0.7308
vn -0.4987 0.3953 0.7714
vn -0.4547 0.4087 0.7914
vn -0.4094 0.4186 0.8106
vn -0.3632 0.4249 0.8292
vn -0.2673 0.4263 0.8642
vn -0.2718 0.4193 0.8662
vn -0.2605 0.4254 0.8667
vn -0.2630 0.4260 0.8657
vn -0.2508 0.4306 0.8670
vn -0.1716 0.4604 0.8710
vn -0.1233 0.4749 0.8714
vn -0.0745 0.4859 0.8708
vn -0.0249 0.4931 0.8696
vn -0.0771 0.8662 -0.4938
vn -0.0770 0.8664 -0.4933
vn -0.0782 0.8667 -0.4927
vn -0.0781 0.8659 -0.4942
vn -0.0790 0.8663 -0.4933
vn -0.0787 0.8661 -0.4936
vn -0.0785 0.8663 -0.4934
vn -0.0772 0.8662 -0.4936
vn -0.0769 0.8662 -0.4938
vn -0.0781 0.8666 -0.4929
vn -0.0776 0.8667 -0.4928
vn -0.0786 0.8664 -0.4931
vn -0.0773 0.8663 -0.4934
vn -0.0784 0.8665 -0.4930
vn -0.0769 0.8664 -0.4935
vn -0.0772 0.8668 -0.4927
vn -0.0771 0.8665 -0.4931
vn -0.0787 0.8662 -0.4935
vn -0.0786 0.8662 -0.4935
vn -0.0782 0.8665 -0.4931
vn -0.0785 0.8662 -0.4936
vn -0.0773 0.8662 -0.4936
vn -0.0775 0.8660 -0.4941
vn -0.0245 0.4931 0.8696
vn -0.0750 0.4915 0.8676
vn -0.1249 0.4914 0.8619
vn -0.1745 0.4932 0.8522
vn -0.2247 0.4965 0.8385
vn -0.3075 0.5085 0.8043
vn -0.3125 0.5065 0.8036
vn -0.3186 0.5024 0.8038
vn -0.2735 0.5012 0.8210
vn -0.3220 0.5006 0.8036
vn -0.3195 0.5053 0.8016
vn -0.3287 0.4987 0.8021
vn -0.3677 0.4733 0.8005
vn -0.4120 0.4474 0.7938
vn -0.4562 0.4232 0.7828
vn -0.4989 0.4010 0.7683
vn -0.5413 0.3805 0.7498
vn -0.5819 0.3621 0.7282
vn -0.6213 0.3458 0.7031
vn -0.6601 0.3313 0.6741
vn -0.6974 0.3189 0.6418
vn -0.7326 0.3089 0.6065
vn -0.7663 0.3009 0.5677
vn -0.8099 0.2934 0.5078
vn -0.7981 0.2945 0.5256
vn -0.8269 0.2695 0.4936
vn -0.8531 0.2323 0.4672
vn -0.8772 0.1968 0.4379
vn -0.8991 0.1641 0.4059
vn -0.9190 0.1338 0.3708
vn -0.9369 0.1063 0.3330
vn -0.9526 0.0812 0.2930
vn -0.9663 0.0586 0.2505
vn -0.9779 0.0393 0.2055
vn -0.9871 0.0226 0.1587
vn -0.9939 0.0087 0.1095
vn -0.9983 -0.0022 0.0586
vn -0.9999 -0.0101 0.0058
vn -0.9999 -0.0101 0.0057
vn -0.9983 -0.0513 -0.0280
vn -0.9939 -0.0899 -0.0633
vn -0.9870 -0.1251 -0.1004
vn -0.9778 -0.1570 -0.1386
vn -0.9663 -0.1855 -0.1783
vn -0.9526 -0.2109 -0.2193
vn -0.9368 -0.2325 -0.2613
vn -0.9191 -0.2505 -0.3042
vn -0.8992 -0.2652 -0.3479
vn -0.8771 -0.2763 -0.3929
vn -0.8529 -0.2835 -0.4385
vn -0.8100 -0.2872 -0.5114
vn -0.8267 -0.2873 -0.4838
vn -0.7980 -0.3017 -0.5216
vn -0.7663 -0.3349 -0.5482
vn -0.7323 -0.3643 -0.5753
vn -0.6972 -0.3894 -0.6019
vn -0.6601 -0.4108 -0.6289
vn -0.6213 -0.4286 -0.6560
vn -0.5819 -0.4417 -0.6829
vn -0.5409 -0.4512 -0.7099
vn -0.4990 -0.4564 -0.7367
vn -0.4561 -0.4576 -0.7633
vn -0.4116 -0.4546 -0.7899
vn -0.3672 -0.4474 -0.8155
vn -0.3075 -0.4325 -0.8476
vn -0.3187 -0.4353 -0.8420
vn -0.3126 -0.4330 -0.8455
vn -0.3196 -0.4319 -0.8434
vn -0.3217 -0.4360 -0.8405
vn -0.3288 -0.4357 -0.8379
vn -0.2734 -0.4505 -0.8499
vn -0.2247 -0.4680 -0.8547
vn -0.1744 -0.4815 -0.8589
vn -0.1248 -0.4907 -0.8623
vn -0.0743 -0.4958 -0.8653
vn -0.0250 -0.4965 -0.8677
vn 0.0253 -0.4932 -0.8695
vn 0.0743 -0.4856 -0.8710
vn 0.1231 -0.4741 -0.8718
vn 0.1712 -0.4581 -0.8722
vn 0.2191 -0.4383 -0.8717
vn 0.2970 -0.3916 -0.8709
vn 0.3022 -0.3913 -0.8692
vn 0.3088 -0.3927 -0.8663
vn 0.2658 -0.4139 -0.8707
vn 0.3122 -0.3929 -0.8650
vn 0.3091 -0.3893 -0.8677
vn 0.3191 -0.3916 -0.8630
vn 0.3603 -0.3981 -0.8436
vn 0.4078 -0.3990 -0.8213
vn 0.4535 -0.3959 -0.7985
vn 0.4979 -0.3888 -0.7752
vn 0.5409 -0.3778 -0.7515
vn 0.5819 -0.3629 -0.7278
vn 0.6214 -0.3441 -0.7039
vn 0.6591 -0.3216 -0.6798
vn 0.6950 -0.2951 -0.6556
vn 0.7286 -0.2650 -0.6316
vn 0.7601 -0.2316 -0.6071
vn 0.7996 -0.1781 -0.5735
vn 0.7889 -0.1943 -0.5829
vn 0.8183 -0.1757 -0.5472
vn 0.8472 -0.1684 -0.5038
vn 0.8736 -0.1576 -0.4604
vn 0.8973 -0.1436 -0.4175
vn 0.9183 -0.1262 -0.3752
vn 0.9368 -0.1054 -0.3335
vn 0.9527 -0.0816 -0.2928
vn 0.9660 -0.0546 -0.2529
vn 0.9765 -0.0245 -0.2142
vn 0.9843 0.0086 -0.1763
vn 0.9892 0.0445 -0.1397
vn 0.9910 0.0833 -0.1047
vn 0.9896 0.1247 -0.0711
vn 0.9896 0.1247 -0.0712
vn 0.9910 0.1326 -0.0186
vn 0.9891 0.1433 0.0331
vn 0.9843 0.1561 0.0824
vn 0.9765 0.1717 0.1302
vn 0.9659 0.1898 0.1760
vn 0.9528 0.2101 0.2193
vn 0.9367 0.2333 0.2610
vn 0.9183 0.2586 0.2999
vn 0.8972 0.2860 0.3365
vn 0.8735 0.3157 0.3706
vn 0.8473 0.3475 0.4018
vn 0.7996 0.4025 0.4457
vn 0.8183 0.3811 0.4302
vn 0.7892 0.4022 0.4641
vn 0.7597 0.4046 0.5091
vn 0.7284 0.4082 0.5503
vn 0.6950 0.4134 0.5883
vn 0.6594 0.4207 0.6230
vn 0.6216 0.4299 0.6548
vn 0.5820 0.4410 0.6832
vn 0.5409 0.4540 0.7081
vn 0.4979 0.4686 0.7297
vn 0.4536 0.4850 0.7477
vn 0.4074 0.5032 0.7621
vn 0.3607 0.5225 0.7726
vn 0.2972 0.5495 0.7808
vn 0.3086 0.5449 0.7797
vn 0.3022 0.5481 0.7799
vn 0.3090 0.5478 0.7775
vn 0.3118 0.5436 0.7793
vn 0.3186 0.5425 0.7773
vn 0.2660 0.5379 0.7999
vn 0.2190 0.5265 0.8215
vn 0.1712 0.5167 0.8388
vn 0.1232 0.5084 0.8522
vn 0.0745 0.5016 0.8619
vn 0.0252 0.4966 0.8676
vn 0.1696 0.2710 -0.9475
vn 0.1696 0.2708 -0.9476
vn 0.5308 0.4255 -0.7330
vn 0.5310 0.4252 -0.7329
vn 0.6689 0.6458 -0.3680
vn 0.6688 0.6460 -0.3680
vn 0.5309 0.8474 0.0074
vn 0.5308 0.8475 0.0074
vn 0.1696 0.9532 0.2501
vn -0.2768 0.9230 0.2674
vn -0.2768 0.9230 0.2672
vn -0.6383 0.7680 0.0526
vn -0.6378 0.7684 0.0524
vn -0.7760 0.5481 -0.3122
vn -0.7761 0.5479 -0.3122
vn -0.6381 0.3465 -0.6876
vn -0.6382 0.3464 -0.6876
vn -0.2769 0.2407 -0.9303
vn -0.2771 0.2405 -0.9303
vn 0.1315 0.9583 0.2536
vn 0.2802 -0.4404 0.8530
vn 0.6236 0.7729 -0.1169
vn 0.6235 0.4949 -0.6053
vn 0.1315 0.2704 -0.9537
vn 0.2805 -0.9582 -0.0565
vn 0.1120 0.9121 -0.3943
vn 0.1121 0.8044 -0.5834
vn 0.8634 -0.1890 -0.4678
vn 0.8634 0.3060 0.4011
vn -0.2396 0.2453 -0.9394
vn -0.1520 -0.9876 -0.0401
vn -0.7294 0.4027 -0.5530
vn -0.7293 0.6811 -0.0648
vn -0.2397 0.9332 0.2678
vn -0.1520 -0.4701 0.8694
vn -0.2638 0.8866 -0.3800
vn -0.2639 0.7788 -0.5691
vn -0.8634 0.1890 0.4678
vn -0.8634 -0.3060 -0.4011
vn 0.6019 0.4240 -0.6767
vn 0.6016 0.4246 -0.6766
vn 0.6023 0.4237 -0.6765
vn 0.6020 0.4240 -0.6767
vn -0.0509 0.1931 -0.9799
vn -0.0504 0.1915 -0.9802
vn -0.0509 0.1926 -0.9800
vn -0.0512 0.1942 -0.9796
vn -0.0510 0.1931 -0.9799
vn -0.7036 0.3357 -0.6262
vn -0.7037 0.3356 -0.6263
vn -0.7037 0.7099 0.0308
vn -0.7039 0.7096 0.0304
vn -0.7037 0.7098 0.0310
vn -0.0509 0.9412 0.3340
vn -0.0509 0.9414 0.3334
vn -0.0511 0.9411 0.3343
vn -0.0509 0.9412 0.3341
vn 0.6014 0.7987 -0.0201
vn 0.6015 0.7986 -0.0200
vn 0.4282 0.6040 -0.6721
vn -0.0639 0.4296 -0.9008
vn -0.5560 0.5373 -0.6341
vn -0.5561 0.8195 -0.1388
vn -0.0639 0.9939 0.0898
vn 0.4283 0.8862 -0.1768
vn 0.0066 0.9908 0.1349
vn 0.0067 0.9908 0.1353
vn 0.0067 0.9909 0.1346
vn 0.0066 0.9908 0.1350
vn -0.0624 0.9241 -0.3771
vn -0.0287 0.9918 -0.1245
vn -0.0624 0.9243 -0.3766
vn -0.0289 0.9918 -0.1248
vn 0.1407 0.9847 0.1026
vn 0.1395 0.9849 0.1027
vn 0.1402 0.9848 0.1028
vn 0.1394 0.9849 0.1030
vn 0.1391 0.9849 0.1032
vn 0.1400 0.9848 0.1030
vn -0.0340 0.9230 -0.3833
vn -0.0335 0.9231 -0.3832
vn -0.0341 0.9227 -0.3839
vn 0.0549 0.9879 -0.1448
vn 0.0551 0.9879 -0.1449
vn -0.0337 0.9230 -0.3833
vn -0.0333 0.9233 -0.3827
vn -0.0332 0.9231 -0.3831
vn 0.2610 0.9642 0.0478
vn 0.2631 0.9636 0.0468
vn 0.2619 0.9640 0.0468
vn 0.2637 0.9635 0.0467
vn 0.2647 0.9632 0.0457
vn 0.2626 0.9638 0.0465
vn 0.1319 0.9745 -0.1813
vn 0.1321 0.9747 -0.1804
vn -0.0072 0.9190 -0.3941
vn -0.0076 0.9184 -0.3955
vn -0.0076 0.9196 -0.3929
vn -0.0073 0.9187 -0.3948
vn -0.0072 0.9177 -0.3972
vn -0.0078 0.9182 -0.3960
vn 0.1322 0.9748 -0.1799
vn 0.1323 0.9748 -0.1795
vn 0.1322 0.9747 -0.1805
vn 0.3682 0.9292 -0.0306
vn 0.3691 0.9288 -0.0317
vn 0.3684 0.9291 -0.0313
vn 0.4547 0.8814 -0.1279
vn 0.3694 0.9287 -0.0317
vn 0.3697 0.9286 -0.0326
vn 0.3688 0.9290 -0.0315
vn 0.0366 0.9016 -0.4310
vn 0.0338 0.9008 -0.4329
vn 0.0349 0.9013 -0.4317
vn 0.0155 0.9109 -0.4123
vn 0.0155 0.9111 -0.4119
vn 0.0159 0.9107 -0.4127
vn 0.1996 0.9525 -0.2300
vn 0.1995 0.9525 -0.2303
vn 0.1993 0.9526 -0.2299
vn 0.0155 0.9110 -0.4122
vn 0.0152 0.9113 -0.4114
vn 0.0153 0.9112 -0.4116
vn 0.1990 0.9528 -0.2293
vn 0.1993 0.9526 -0.2298
vn 0.1990 0.9527 -0.2296
vn 0.4546 0.8815 -0.1279
vn 0.0343 0.9011 -0.4323
vn 0.0332 0.9006 -0.4333
vn 0.0315 0.9004 -0.4340
vn 0.2534 0.9228 -0.2902
vn 0.2538 0.9226 -0.2905
vn 0.2528 0.9229 -0.2904
vn 0.2521 0.9233 -0.2899
vn 0.2532 0.9229 -0.2900
vn 0.2526 0.9230 -0.2902
vn 0.5140 0.8243 -0.2375
vn 0.5136 0.8245 -0.2374
vn 0.0484 0.8886 -0.4561
vn 0.0472 0.8886 -0.4562
vn 0.0495 0.8888 -0.4557
vn 0.2895 0.8872 -0.3593
vn 0.2892 0.8875 -0.3588
vn 0.2901 0.8871 -0.3590
vn 0.2906 0.8868 -0.3594
vn 0.2898 0.8871 -0.3592
vn 0.2904 0.8870 -0.3590
vn 0.0479 0.8886 -0.4562
vn 0.0457 0.8884 -0.4569
vn 0.0466 0.8886 -0.4562
vn 0.5449 0.7598 -0.3546
vn 0.5445 0.7603 -0.3543
vn 0.5442 0.7605 -0.3542
vn 0.5447 0.7601 -0.3542
vn 0.0536 0.8748 -0.4815
vn 0.0539 0.8748 -0.4814
vn 0.0536 0.8746 -0.4818
vn 0.0535 0.8748 -0.4815
vn 0.0538 0.8750 -0.4811
vn 0.3093 0.8468 -0.4328
vn 0.3095 0.8466 -0.4330
vn 0.3088 0.8469 -0.4330
vn 0.3082 0.8473 -0.4326
vn 0.5446 0.6926 -0.4730
vn 0.5444 0.6926 -0.4732
vn 0.5136 0.6246 -0.5883
vn 0.3084 0.8045 -0.5076
vn 0.3089 0.8042 -0.5077
vn 0.0535 0.8602 -0.5071
vn 0.0539 0.8602 -0.5071
vn 0.0535 0.8600 -0.5074
vn 0.3092 0.8040 -0.5079
vn 0.0538 0.8604 -0.5068
vn 0.5136 0.6244 -0.5885
vn 0.4555 0.5587 -0.6931
vn 0.4542 0.5600 -0.6929
vn 0.4566 0.5595 -0.6917
vn 0.0463 0.8459 -0.5313
vn 0.0468 0.8455 -0.5319
vn 0.0457 0.8460 -0.5312
vn 0.2896 0.7613 -0.5801
vn 0.2891 0.7617 -0.5799
vn 0.2902 0.7615 -0.5796
vn 0.2910 0.7610 -0.5799
vn 0.2899 0.7614 -0.5798
vn 0.2906 0.7614 -0.5795
vn 0.0464 0.8456 -0.5318
vn 0.0475 0.8453 -0.5322
vn 0.0464 0.8453 -0.5322
vn 0.4523 0.5600 -0.6942
vn 0.4536 0.5606 -0.6928
vn 0.4550 0.5591 -0.6931
vn 0.0350 0.8317 -0.5542
vn 0.0337 0.8317 -0.5542
vn 0.0362 0.8321 -0.5535
vn 0.2533 0.7206 -0.6454
vn 0.2538 0.7211 -0.6447
vn 0.2533 0.7200 -0.6461
vn 0.0345 0.8317 -0.5542
vn 0.0321 0.8312 -0.5550
vn 0.0332 0.8317 -0.5542
vn 0.2526 0.7194 -0.6471
vn 0.2532 0.7204 -0.6457
vn 0.2531 0.7197 -0.6465
vn 0.3683 0.5021 -0.7825
vn 0.3693 0.5033 -0.7813
vn 0.3697 0.5007 -0.7827
vn 0.3690 0.4992 -0.7840
vn 0.3689 0.5015 -0.7826
vn 0.3703 0.5001 -0.7828
vn -0.0063 0.8097 -0.5868
vn -0.0073 0.8085 -0.5885
vn -0.0074 0.8093 -0.5873
vn 0.0145 0.8188 -0.5739
vn 0.0154 0.8191 -0.5734
vn 0.0138 0.8184 -0.5744
vn 0.1997 0.6831 -0.7025
vn 0.1992 0.6824 -0.7033
vn 0.1998 0.6837 -0.7019
vn 0.0147 0.8191 -0.5735
vn 0.0162 0.8197 -0.5725
vn 0.0154 0.8193 -0.5731
vn 0.2002 0.6846 -0.7009
vn 0.1998 0.6833 -0.7023
vn 0.1995 0.6841 -0.7016
vn 0.2631 0.4504 -0.8532
vn 0.2633 0.4505 -0.8530
vn -0.0342 0.8007 -0.5981
vn -0.0340 0.8002 -0.5987
vn -0.0342 0.8003 -0.5986
vn -0.0073 0.8089 -0.5879
vn -0.0075 0.8081 -0.5890
vn -0.0084 0.8077 -0.5896
vn 0.1319 0.6520 -0.7467
vn 0.1312 0.6512 -0.7475
vn 0.1318 0.6529 -0.7459
vn 0.1328 0.6542 -0.7446
vn 0.1320 0.6520 -0.7466
vn 0.1319 0.6535 -0.7454
vn 0.1382 0.4123 -0.9005
vn 0.1397 0.4142 -0.8994
vn 0.1397 0.4127 -0.9001
vn 0.0066 0.3895 -0.9210
vn 0.0067 0.3899 -0.9208
vn 0.0068 0.3902 -0.9207
vn 0.1398 0.4148 -0.8991
vn 0.1412 0.4152 -0.8987
vn 0.1397 0.4136 -0.8997
vn -0.0635 0.7931 -0.6058
vn -0.0623 0.7952 -0.6032
vn -0.0625 0.7941 -0.6045
vn -0.0289 0.6128 -0.7897
vn -0.0624 0.7958 -0.6023
vn -0.0612 0.7969 -0.6009
vn -0.0625 0.7950 -0.6034
vn 0.0547 0.6299 -0.7747
vn 0.0567 0.6304 -0.7742
vn 0.0549 0.6284 -0.7760
vn -0.0289 0.6134 -0.7892
vn 0.0531 0.6271 -0.7771
vn 0.0548 0.6292 -0.7753
vn 0.0551 0.6278 -0.7764
vn -0.0341 0.8002 -0.5988
vn -0.0337 0.7999 -0.5992
vn -0.0336 0.7996 -0.5996
vn -0.1298 0.3800 -0.9158
vn -0.1306 0.3787 -0.9163
vn -0.1297 0.3815 -0.9152
vn -0.1286 0.3834 -0.9146
vn -0.1297 0.3807 -0.9156
vn -0.1298 0.3820 -0.9150
vn -0.0917 0.7930 -0.6023
vn -0.0917 0.7936 -0.6015
vn -0.0911 0.7926 -0.6028
vn -0.1145 0.6067 -0.7866
vn -0.1152 0.6061 -0.7870
vn -0.1148 0.6075 -0.7860
vn -0.0917 0.7933 -0.6019
vn -0.0923 0.7943 -0.6005
vn -0.0917 0.7939 -0.6011
vn -0.1142 0.6084 -0.7854
vn -0.1148 0.6073 -0.7862
vn -0.1147 0.6076 -0.7859
vn -0.2655 0.3851 -0.8839
vn -0.2624 0.3870 -0.8840
vn -0.2633 0.3849 -0.8846
vn -0.2622 0.3876 -0.8838
vn -0.2596 0.3877 -0.8845
vn -0.2628 0.3858 -0.8843
vn -0.1198 0.7947 -0.5951
vn -0.1199 0.7947 -0.5950
vn -0.1983 0.6109 -0.7665
vn -0.1976 0.6108 -0.7667
vn -0.1989 0.6108 -0.7664
vn -0.1997 0.6110 -0.7660
vn -0.1984 0.6112 -0.7662
vn -0.1991 0.6110 -0.7662
vn -0.1203 0.7945 -0.5953
vn -0.1205 0.7942 -0.5956
vn -0.3844 0.4096 -0.8273
vn -0.3859 0.4073 -0.8278
vn -0.3854 0.4086 -0.8273
vn -0.3861 0.4068 -0.8279
vn -0.3870 0.4058 -0.8280
vn -0.3856 0.4081 -0.8275
vn -0.2764 0.6232 -0.7315
vn -0.2760 0.6244 -0.7307
vn -0.2757 0.6238 -0.7314
vn -0.1461 0.7991 -0.5832
vn -0.1467 0.7991 -0.5830
vn -0.1462 0.7994 -0.5827
vn -0.1465 0.7991 -0.5830
vn -0.1470 0.7988 -0.5834
vn -0.1470 0.7990 -0.5830
vn -0.2761 0.6247 -0.7304
vn -0.2755 0.6253 -0.7302
vn -0.2759 0.6241 -0.7310
vn -0.4928 0.4425 -0.7493
vn -0.4923 0.4429 -0.7493
vn -0.5775 0.4891 -0.6537
vn -0.3435 0.6460 -0.6817
vn -0.3423 0.6469 -0.6814
vn -0.3429 0.6463 -0.6817
vn -0.4920 0.4431 -0.7494
vn -0.4915 0.4430 -0.7497
vn -0.4923 0.4428 -0.7494
vn -0.1701 0.8062 -0.5667
vn -0.1690 0.8071 -0.5658
vn -0.1704 0.8051 -0.5681
vn -0.1696 0.8066 -0.5662
vn -0.1684 0.8085 -0.5639
vn -0.1684 0.8075 -0.5653
vn -0.3445 0.6454 -0.6818
vn -0.3439 0.6458 -0.6817
vn -0.3431 0.6462 -0.6817
vn -0.5775 0.4892 -0.6536
vn -0.1883 0.8170 -0.5450
vn -0.1882 0.8167 -0.5454
vn -0.1885 0.8171 -0.5448
vn -0.3962 0.6778 -0.6193
vn -0.3966 0.6760 -0.6210
vn -0.3964 0.6770 -0.6201
vn -0.3965 0.6761 -0.6211
vn -0.3966 0.6750 -0.6221
vn -0.3965 0.6766 -0.6204
vn -0.1883 0.8168 -0.5454
vn -0.1880 0.8165 -0.5459
vn -0.1884 0.8165 -0.5457
vn -0.6374 0.5460 -0.5436
vn -0.6671 0.6109 -0.4265
vn -0.6674 0.6106 -0.4264
vn -0.6370 0.5463 -0.5439
vn -0.2001 0.8289 -0.5223
vn -0.2010 0.8287 -0.5224
vn -0.2010 0.8289 -0.5221
vn -0.2000 0.8289 -0.5224
vn -0.2004 0.8289 -0.5222
vn -0.1995 0.8293 -0.5220
vn -0.4311 0.7128 -0.5532
vn -0.4338 0.7124 -0.5517
vn -0.4324 0.7128 -0.5522
vn -0.4345 0.7118 -0.5519
vn -0.4358 0.7116 -0.5511
vn -0.4331 0.7125 -0.5521
vn -0.6678 0.6101 -0.4265
vn -0.6675 0.6104 -0.4264
vn -0.2087 0.8571 -0.4711
vn -0.2064 0.8573 -0.4716
vn -0.2076 0.8571 -0.4715
vn -0.2070 0.8427 -0.4970
vn -0.4531 0.7524 -0.4780
vn -0.4536 0.7526 -0.4773
vn -0.4521 0.7529 -0.4782
vn -0.2070 0.8426 -0.4971
vn -0.4517 0.7525 -0.4793
vn -0.4530 0.7524 -0.4781
vn -0.4521 0.7527 -0.4786
vn -0.4532 0.7951 -0.4031
vn -0.4511 0.7957 -0.4042
vn -0.4522 0.7952 -0.4039
vn -0.6659 0.6794 -0.3081
vn -0.6674 0.6782 -0.3076
vn -0.6667 0.6788 -0.3076
vn -0.6378 0.7456 -0.1931
vn -0.6365 0.7466 -0.1934
vn -0.6383 0.7449 -0.1943
vn -0.6677 0.6779 -0.3075
vn -0.6686 0.6773 -0.3070
vn -0.6670 0.6786 -0.3075
vn -0.2073 0.8571 -0.4716
vn -0.2061 0.8574 -0.4717
vn -0.2051 0.8573 -0.4722
vn -0.4547 0.7946 -0.4024
vn -0.4536 0.7950 -0.4028
vn -0.4527 0.7951 -0.4036
vn -0.6356 0.7478 -0.1922
vn -0.6361 0.7470 -0.1933
vn -0.6372 0.7461 -0.1931
vn -0.5773 0.8117 -0.0885
vn -0.1884 0.8858 -0.4242
vn -0.2010 0.8718 -0.4468
vn -0.2012 0.8719 -0.4465
vn -0.2006 0.8719 -0.4466
vn -0.2013 0.8719 -0.4465
vn -0.2018 0.8716 -0.4467
vn -0.2016 0.8719 -0.4463
vn -0.4336 0.8381 -0.3311
vn -0.4340 0.8379 -0.3310
vn -0.5773 0.8118 -0.0882
vn -0.3968 0.8788 -0.2649
vn -0.1883 0.8858 -0.4240
vn -0.3969 0.8787 -0.2654
vn -0.4919 0.8706 0.0018
vn -0.4918 0.8707 0.0023
vn -0.4917 0.8708 0.0012
vn -0.4918 0.8707 0.0016
vn -0.1458 0.9096 -0.3891
vn -0.1474 0.9090 -0.3898
vn -0.1468 0.9093 -0.3894
vn -0.1708 0.8987 -0.4040
vn -0.1703 0.8984 -0.4047
vn -0.1717 0.8987 -0.4036
vn -0.1704 0.8985 -0.4045
vn -0.1691 0.8983 -0.4055
vn -0.1700 0.8984 -0.4050
vn -0.3427 0.9160 -0.2087
vn -0.3425 0.9159 -0.2096
vn -0.3430 0.9159 -0.2086
vn -0.3435 0.9158 -0.2079
vn -0.3427 0.9160 -0.2088
vn -0.3437 0.9156 -0.2085
vn -0.3861 0.9197 0.0708
vn -0.3866 0.9195 0.0708
vn -0.3856 0.9199 0.0715
vn -0.3846 0.9202 0.0722
vn -0.3858 0.9198 0.0713
vn -0.3853 0.9200 0.0719
vn -0.2625 0.9576 0.1190
vn -0.2627 0.9575 0.1187
vn -0.2754 0.9471 -0.1648
vn -0.2756 0.9471 -0.1643
vn -0.1468 0.9091 -0.3899
vn -0.1472 0.9087 -0.3905
vn -0.1484 0.9085 -0.3907
vn -0.2753 0.9470 -0.1653
vn -0.2755 0.9470 -0.1651
vn -0.2753 0.9472 -0.1645
vn -0.1295 0.9818 0.1391
vn -0.1300 0.9815 0.1403
vn -0.1285 0.9820 0.1385
vn -0.1298 0.9817 0.1397
vn -0.1312 0.9812 0.1413
vn -0.1299 0.9815 0.1407
vn -0.2624 0.9577 0.1178
vn -0.2623 0.9577 0.1183
vn -0.1985 0.9707 -0.1351
vn -0.1986 0.9706 -0.1361
vn -0.1987 0.9706 -0.1356
vn -0.0919 0.9228 -0.3742
vn -0.0917 0.9222 -0.3756
vn -0.0919 0.9226 -0.3746
vn -0.1985 0.9708 -0.1349
vn -0.1985 0.9707 -0.1356
vn -0.1204 0.9172 -0.3797
vn -0.1205 0.9174 -0.3794
vn -0.1202 0.9173 -0.3797
vn -0.1147 0.9860 -0.1214
vn -0.0917 0.9220 -0.3761
vn -0.0920 0.9217 -0.3768
vn -0.0918 0.9223 -0.3754
vn -0.1203 0.9172 -0.3799
vn -0.1206 0.9173 -0.3796
vn -0.1201 0.9173 -0.3795
vn -0.1146 0.9859 -0.1216
vn -0.3382 -0.2322 -0.9120
vn -0.5358 -0.2947 -0.7912
vn -0.7090 -0.3130 -0.6320
vn -0.4982 0.8178 0.2880
vn -0.3375 0.8450 0.4148
vn -0.1426 0.8406 0.5226
vn -0.1035 0.5943 0.7976
vn -0.1271 0.7774 0.6160
vn -0.1359 0.9106 0.3903
vn -0.1418 -0.0922 -0.9856
vn -0.1361 0.1249 -0.9828
vn -0.1358 0.1280 -0.9824
vn -0.1350 0.1220 -0.9833
vn -0.1149 -0.3814 -0.9172
vn -0.1331 -0.1313 -0.9824
vn -0.1360 0.1264 -0.9826
vn -0.1370 0.1323 -0.9817
vn -0.1357 0.1293 -0.9823
vn -0.0073 0.1171 -0.9931
vn -0.3410 0.0454 -0.9390
vn -0.3332 0.1385 -0.9326
vn -0.2977 0.1337 -0.9452
vn -0.4977 0.1705 -0.8504
vn -0.4993 0.1700 -0.8496
vn -0.4973 0.1706 -0.8507
vn -0.4971 0.1732 -0.8503
vn -0.4951 0.1717 -0.8517
vn -0.4966 0.1761 -0.8499
vn -0.4946 0.1760 -0.8511
vn -0.4979 0.1709 -0.8502
vn -0.4962 0.1732 -0.8507
vn -0.6157 0.2792 -0.7368
vn -0.6372 0.2231 -0.7377
vn -0.8155 -0.2255 -0.5330
vn -0.7082 -0.6906 -0.1465
vn -0.6829 0.2499 -0.6864
vn -0.7693 0.0079 -0.6388
vn -0.6974 0.3809 -0.6071
vn -0.8601 -0.1955 -0.4712
vn -0.7315 0.2829 -0.6203
vn -0.8267 0.0458 -0.5608
vn -0.9243 -0.1353 -0.3569
vn -0.7350 -0.6744 0.0698
vn -0.8761 0.0943 -0.4728
vn -0.7737 0.3233 -0.5448
vn -0.9533 -0.0979 -0.2857
vn -0.7451 0.4757 -0.4675
vn -0.8044 0.3624 -0.4708
vn -0.9120 0.1385 -0.3862
vn -0.9860 -0.0310 -0.1636
vn -0.7460 -0.6178 0.2488
vn -0.8269 0.4068 -0.3883
vn -0.9371 0.1914 -0.2918
vn -0.7608 0.5640 -0.3212
vn -0.9491 0.2416 -0.2019
vn -0.8368 0.4502 -0.3117
vn -0.9960 0.0109 -0.0882
vn -0.9961 0.0813 0.0348
vn -0.9492 0.2967 -0.1049
vn -0.7456 -0.5292 0.4049
vn -0.8372 0.4970 -0.2280
vn -0.9861 0.1246 0.1099
vn -0.9370 0.3491 -0.0156
vn -0.8274 0.5408 -0.1514
vn -0.7450 0.6448 -0.1709
vn -0.9535 0.1959 0.2290
vn -0.8055 0.5883 -0.0713
vn -0.9120 0.4026 0.0780
vn -0.7346 -0.4038 0.5453
vn -0.6974 0.7165 -0.0180
vn -0.9243 0.2385 0.2980
vn -0.8764 0.4538 0.1613
vn -0.7742 0.6330 -0.0000
vn -0.8604 0.3060 0.4076
vn -0.7317 0.6776 0.0732
vn -0.7069 -0.2274 0.6698
vn -0.8265 0.5062 0.2463
vn -0.6161 0.7759 0.1358
vn -0.8146 0.3453 0.4662
vn -0.7703 0.5523 0.3188
vn -0.6827 0.7182 0.1348
vn -0.7209 0.4072 0.5608
vn -0.7029 0.4159 0.5770
vn -0.6481 0.0224 0.7612
vn -0.6214 0.7583 0.1972
vn -0.6420 0.6319 0.4343
vn -0.6983 0.5998 0.3906
vn -0.5335 0.4936 0.6868
vn -0.5525 0.4861 0.6771
vn -0.5274 0.3582 0.7704
vn -0.4775 0.7012 0.5295
vn -0.5272 0.6822 0.5066
vn -0.3272 0.5553 0.7646
vn -0.4479 0.5211 0.7265
vn -0.3372 0.6936 0.6365
vn -0.3168 0.7461 0.5856
vn -0.3355 0.7410 0.5816
vn -0.1201 0.4832 0.8672
vn -0.3535 0.4389 0.8261
vn -0.1202 0.4832 0.8672
vn -0.5664 0.3690 0.7369
vn -0.7463 0.2777 0.6050
vn -0.5663 0.3690 0.7370
vn -0.7462 0.2777 0.6050
vn -0.8828 0.1702 0.4379
vn -0.9680 0.0528 0.2453
vn -0.9680 -0.1841 -0.1706
vn -0.8828 -0.2899 -0.3697
vn -0.7462 -0.3788 -0.5474
vn -0.5663 -0.4458 -0.6932
vn -0.5664 -0.4458 -0.6932
vn -0.3536 -0.4868 -0.7988
vn -0.3535 -0.4868 -0.7988
vn -0.1202 -0.4995 -0.8579
vn 0.1202 -0.4832 -0.8672
vn 0.3535 -0.4389 -0.8261
vn 0.1201 -0.4832 -0.8672
vn 0.5663 -0.3690 -0.7370
vn 0.3536 -0.4389 -0.8261
vn 0.7462 -0.2777 -0.6050
vn 0.5664 -0.3690 -0.7369
vn 0.8828 -0.1702 -0.4379
vn 0.9680 -0.0528 -0.2453
vn 0.9680 0.1841 0.1706
vn 0.8828 0.2899 0.3697
vn 0.7462 0.3788 0.5474
vn 0.7463 0.3788 0.5474
vn 0.5663 0.4458 0.6932
vn 0.3535 0.4868 0.7988
vn 0.5664 0.4458 0.6932
vn 0.1202 0.4995 0.8579
vn 0.0304 0.2674 -0.9631
vn 0.0305 0.2675 -0.9631
vn 0.1960 0.2988 -0.9340
vn 0.1958 0.3004 -0.9335
vn 0.1961 0.2997 -0.9337
vn 0.1963 0.2978 -0.9342
vn 0.1960 0.2985 -0.9340
vn 0.1961 0.2996 -0.9337
vn 0.3473 0.3483 -0.8707
vn 0.3471 0.3484 -0.8707
vn 0.4749 0.4134 -0.7769
vn 0.4748 0.4140 -0.7766
vn 0.4749 0.4135 -0.7769
vn 0.5716 0.4897 -0.6583
vn 0.5714 0.4896 -0.6586
vn 0.6323 0.5726 -0.5219
vn 0.6320 0.5729 -0.5219
vn 0.6524 0.6585 -0.3751
vn 0.6529 0.6581 -0.3750
vn 0.6323 0.7408 -0.2267
vn 0.6319 0.7411 -0.2268
vn 0.5715 0.8161 -0.0856
vn 0.5717 0.8160 -0.0854
vn 0.5719 0.8159 -0.0851
vn 0.4748 0.8792 0.0407
vn 0.4749 0.8791 0.0409
vn 0.3470 0.9267 0.1443
vn 0.3475 0.9265 0.1446
vn 0.3475 0.9265 0.1442
vn 0.3470 0.9268 0.1437
vn 0.1961 0.9558 0.2192
vn 0.1958 0.9558 0.2192
vn 0.1956 0.9559 0.2192
vn 0.0305 0.9648 0.2612
vn 0.0305 0.9648 0.2611
vn -0.1401 0.9533 0.2676
vn -0.1401 0.9532 0.2680
vn -0.3057 0.9218 0.2385
vn -0.3058 0.9218 0.2384
vn -0.4570 0.8720 0.1754
vn -0.4564 0.8724 0.1751
vn -0.4570 0.8720 0.1752
vn -0.4567 0.8722 0.1753
vn -0.5846 0.8072 0.0818
vn -0.5842 0.8075 0.0816
vn -0.6813 0.7311 -0.0366
vn -0.6815 0.7309 -0.0367
vn -0.7417 0.6479 -0.1735
vn -0.7419 0.6476 -0.1737
vn -0.7623 0.5623 -0.3204
vn -0.7624 0.5622 -0.3203
vn -0.7417 0.4796 -0.4689
vn -0.7418 0.4796 -0.4687
vn -0.6814 0.4044 -0.6101
vn -0.6815 0.4046 -0.6099
vn -0.5847 0.3415 -0.7359
vn -0.5846 0.3413 -0.7360
vn -0.4566 0.2933 -0.8399
vn -0.4568 0.2937 -0.8397
vn -0.4573 0.2938 -0.8394
vn -0.4574 0.2941 -0.8392
vn -0.4571 0.2936 -0.8395
vn -0.3057 0.2650 -0.9145
vn -0.3053 0.2659 -0.9144
vn -0.3055 0.2655 -0.9144
vn -0.3058 0.2646 -0.9146
vn -0.3057 0.2651 -0.9145
vn -0.3056 0.2653 -0.9144
vn -0.1401 0.2562 -0.9564
vn -0.1389 0.2549 -0.9569
vn -0.1402 0.2550 -0.9567
vn -0.1413 0.2569 -0.9560
vn -0.1401 0.2566 -0.9563
vn -0.1401 0.2560 -0.9565
vn 0.0304 0.9649 0.2610
vn 0.1961 0.9557 0.2195
vn 0.3470 0.9267 0.1445
vn 0.3472 0.9266 0.1447
vn 0.4748 0.8791 0.0410
vn 0.4748 0.8791 0.0411
vn 0.5719 0.8159 -0.0852
vn 0.5716 0.8161 -0.0852
vn 0.5717 0.8160 -0.0856
vn 0.5712 0.8164 -0.0851
vn 0.6324 0.7408 -0.2265
vn 0.6321 0.7410 -0.2267
vn 0.6528 0.6582 -0.3750
vn 0.6326 0.5729 -0.5211
vn 0.6323 0.5727 -0.5217
vn 0.6319 0.5728 -0.5221
vn 0.6322 0.5730 -0.5216
vn 0.5715 0.4896 -0.6585
vn 0.5720 0.4893 -0.6583
vn 0.4746 0.4135 -0.7770
vn 0.4752 0.4130 -0.7770
vn 0.3470 0.3484 -0.8707
vn 0.3462 0.3487 -0.8709
vn 0.3481 0.3475 -0.8707
vn 0.3473 0.3480 -0.8708
vn 0.3471 0.3483 -0.8707
vn 0.1962 0.2985 -0.9340
vn 0.1964 0.2986 -0.9339
vn 0.0305 0.2677 -0.9630
vn 0.0310 0.2665 -0.9633
vn 0.0305 0.2671 -0.9632
vn 0.0302 0.2685 -0.9628
vn 0.0305 0.2678 -0.9630
vn 0.0305 0.2674 -0.9631
vn -0.1399 0.2556 -0.9566
vn -0.1407 0.2565 -0.9562
vn -0.1400 0.2566 -0.9563
vn -0.1393 0.2552 -0.9568
vn -0.1400 0.2553 -0.9567
vn -0.1400 0.2560 -0.9565
vn -0.3058 0.2650 -0.9145
vn -0.3056 0.2646 -0.9147
vn -0.4565 0.2939 -0.8398
vn -0.4563 0.2935 -0.8401
vn -0.4571 0.2943 -0.8393
vn -0.4570 0.2940 -0.8395
vn -0.4567 0.2937 -0.8397
vn -0.5844 0.3415 -0.7361
vn -0.5845 0.3414 -0.7361
vn -0.6813 0.4046 -0.6100
vn -0.6814 0.4045 -0.6099
vn -0.7418 0.4795 -0.4688
vn -0.7625 0.5621 -0.3203
vn -0.7623 0.5624 -0.3204
vn -0.7417 0.6478 -0.1736
vn -0.7418 0.6478 -0.1735
vn -0.6810 0.7314 -0.0367
vn -0.6813 0.7311 -0.0369
vn -0.6813 0.7310 -0.0371
vn -0.5844 0.8073 0.0815
vn -0.5844 0.8073 0.0819
vn -0.4573 0.8718 0.1756
vn -0.4569 0.8721 0.1754
vn -0.4567 0.8721 0.1756
vn -0.4564 0.8723 0.1753
vn -0.3056 0.9218 0.2387
vn -0.3058 0.9216 0.2389
vn -0.1400 0.9533 0.2678
vn -0.1400 0.9533 0.2675
vn -0.1158 0.4358 0.8926
vn -0.1116 0.4843 0.8678
vn -0.3441 0.3506 0.8710
vn -0.3327 0.4876 0.8072
vn -0.5505 0.2476 0.7973
vn -0.5353 0.4605 0.7081
vn -0.7234 0.1315 0.6778
vn -0.7091 0.4073 0.5756
vn -0.8533 0.0077 0.5214
vn -0.8462 0.3326 0.4163
vn -0.9339 -0.1181 0.3374
vn -0.9410 0.2407 0.2377
vn -0.9613 -0.2394 0.1364
vn -0.9893 0.1377 0.0484
vn -0.9339 -0.3504 -0.0705
vn -0.9893 0.0286 -0.1432
vn -0.8533 -0.4446 -0.2725
vn -0.9409 -0.0816 -0.3286
vn -0.7233 -0.5161 -0.4587
vn -0.8464 -0.1886 -0.4980
vn -0.5506 -0.5593 -0.6197
vn -0.7092 -0.2873 -0.6438
vn -0.3440 -0.5706 -0.7458
vn -0.5353 -0.3743 -0.7572
vn -0.1158 -0.5455 -0.8301
vn -0.3327 -0.4457 -0.8311
vn -0.1116 -0.4997 -0.8590
vn 0.1241 -0.5295 -0.8392
vn 0.1116 -0.4846 -0.8676
vn 0.3596 -0.5228 -0.7729
vn 0.3249 -0.4010 -0.8565
vn 0.5716 -0.4834 -0.6630
vn 0.5213 -0.3024 -0.7980
vn 0.7489 -0.4163 -0.5156
vn 0.6898 -0.1924 -0.6979
vn 0.8820 -0.3269 -0.3395
vn 0.8233 -0.0755 -0.5625
vn 0.9645 -0.2217 -0.1437
vn 0.9154 0.0441 -0.4001
vn 0.9924 -0.1071 0.0610
vn 0.9625 0.1609 -0.2186
vn 0.9645 0.0107 0.2640
vn 0.9625 0.2700 -0.0269
vn 0.8821 0.1253 0.4542
vn 0.9154 0.3666 0.1661
vn 0.7489 0.2313 0.6210
vn 0.8233 0.4455 0.3518
vn 0.5717 0.3237 0.7539
vn 0.6898 0.5022 0.5214
vn 0.3595 0.3980 0.8440
vn 0.5212 0.5322 0.6672
vn 0.1242 0.4520 0.8833
vn 0.3250 0.5321 0.7818
vn 0.1117 0.4995 0.8591
vn -0.8177 0.4515 -0.3572
vn -0.7844 0.4892 -0.3813
vn -0.8073 0.3247 -0.4928
vn -0.7166 0.4406 -0.5407
vn -0.7495 0.2047 -0.6295
vn -0.6198 0.3985 -0.6760
vn -0.6460 0.0999 -0.7568
vn -0.5001 0.3662 -0.7848
vn -0.5023 0.0181 -0.8645
vn -0.3629 0.3450 -0.8656
vn -0.3282 -0.0346 -0.9440
vn -0.2140 0.3364 -0.9171
vn -0.1347 -0.0551 -0.9894
vn -0.0593 0.3406 -0.9383
vn 0.0646 -0.0416 -0.9970
vn 0.0958 0.3572 -0.9291
vn 0.2563 0.0040 -0.9666
vn 0.2455 0.3863 -0.8891
vn 0.4271 0.0813 -0.9005
vn 0.3842 0.4261 -0.8190
vn 0.5665 0.1824 -0.8036
vn 0.5067 0.4750 -0.7195
vn 0.6647 0.3005 -0.6840
vn 0.6071 0.5303 -0.5918
vn 0.7159 0.4282 -0.5514
vn 0.6796 0.5885 -0.4379
vn 0.7195 0.5557 -0.4166
vn 0.7191 0.6421 -0.2658
vn 0.6798 0.6767 -0.2829
vn 0.7162 0.6925 -0.0870
vn 0.6069 0.7797 -0.1544
vn 0.6645 0.7419 0.0900
vn 0.5067 0.8611 -0.0416
vn 0.5667 0.7841 0.2530
vn 0.3844 0.9218 0.0510
vn 0.4275 0.8159 0.3892
vn 0.2455 0.9618 0.1213
vn 0.2562 0.8338 0.4889
vn 0.0958 0.9814 0.1665
vn 0.0646 0.8364 0.5442
vn -0.0593 0.9808 0.1859
vn -0.1348 0.8230 0.5518
vn -0.2141 0.9604 0.1784
vn -0.3281 0.7942 0.5114
vn -0.3626 0.9207 0.1444
vn -0.5024 0.7529 0.4251
vn -0.4998 0.8619 0.0851
vn -0.6460 0.7019 0.3001
vn -0.6198 0.7847 0.0019
vn -0.7496 0.6458 0.1450
vn -0.7167 0.6897 -0.1035
vn -0.8073 0.5894 -0.0282
vn -0.7844 0.5775 -0.2264
vn -0.8176 0.5376 -0.2063
vn -0.7620 0.5051 -0.4052
vn -0.7497 0.5124 -0.4189
vn -0.6736 0.4245 -0.6051
vn -0.7131 0.4000 -0.5757
vn -0.5414 0.3550 -0.7621
vn -0.6069 0.3108 -0.7315
vn -0.3660 0.3104 -0.8773
vn -0.4519 0.2455 -0.8576
vn -0.1632 0.2947 -0.9416
vn -0.2611 0.2100 -0.9422
vn -0.0518 0.2075 -0.9769
vn 0.0492 0.3091 -0.9498
vn 0.1574 0.2383 -0.9583
vn 0.2523 0.3524 -0.9012
vn 0.3475 0.2996 -0.8885
vn 0.4286 0.4207 -0.7996
vn 0.5016 0.3859 -0.7743
vn 0.5617 0.5082 -0.6528
vn 0.6064 0.4895 -0.6266
vn 0.6394 0.6065 -0.4725
vn 0.6536 0.6011 -0.4599
vn -0.2692 0.8212 -0.5031
vn -0.2690 0.8213 -0.5031
vn -0.2501 0.7937 -0.5545
vn -0.2503 0.7937 -0.5544
vn -0.2144 0.7717 -0.5988
vn -0.2144 0.7715 -0.5990
vn -0.1649 0.7571 -0.6322
vn -0.1649 0.7571 -0.6321
vn -0.1068 0.7517 -0.6508
vn -0.0457 0.7558 -0.6532
vn -0.0457 0.7559 -0.6531
vn 0.0123 0.7691 -0.6390
vn 0.0123 0.7692 -0.6389
vn 0.0618 0.7903 -0.6096
vn 0.0977 0.8173 -0.5679
vn 0.0978 0.8173 -0.5679
vn 0.1166 0.8474 -0.5180
vn 0.1164 0.8474 -0.5180
vn 0.9833 -0.0081 0.1819
vn 0.8883 0.1305 0.4403
vn 0.8884 0.1305 0.4402
vn 0.7078 0.2416 0.6638
vn 0.7078 0.2416 0.6639
vn 0.4593 0.3144 0.8308
vn 0.4592 0.3145 0.8308
vn 0.1671 0.3418 0.9248
vn 0.1670 0.3418 0.9248
vn -0.1401 0.3209 0.9367
vn -0.4322 0.2540 0.8652
vn -0.4323 0.2540 0.8652
vn -0.6808 0.1475 0.7175
vn -0.6808 0.1475 0.7174
vn -0.8614 0.0119 0.5078
vn -0.9563 -0.1397 0.2569
vn -0.9563 -0.1396 0.2568
vn -0.9563 -0.2922 -0.0109
vn -0.8614 -0.4308 -0.2692
vn -0.6808 -0.5419 -0.4928
vn -0.6808 -0.5419 -0.4927
vn -0.4323 -0.6147 -0.6597
vn -0.1401 -0.6421 -0.7537
vn 0.1671 -0.6213 -0.7656
vn 0.4592 -0.5543 -0.6942
vn 0.4593 -0.5543 -0.6941
vn 0.7078 -0.4478 -0.5464
vn 0.8884 -0.3121 -0.3367
vn 0.8883 -0.3121 -0.3368
vn 0.9833 -0.1607 -0.0858
vn 0.9833 -0.1606 -0.0858
vn 0.9847 -0.0107 -0.1739
vn 0.9847 -0.0107 -0.1740
vn 0.8883 -0.1645 -0.4288
vn 0.7049 -0.3023 -0.6416
vn 0.4526 -0.4104 -0.7917
vn 0.1560 -0.4783 -0.8642
vn -0.1559 -0.4995 -0.8522
vn -0.1560 -0.4995 -0.8522
vn -0.4526 -0.4717 -0.7567
vn -0.8883 -0.2849 -0.3602
vn -0.9847 -0.1442 -0.0979
vn -0.1420 -0.4990 -0.8549
vn -0.1554 -0.4329 -0.8879
vn -0.4432 -0.3480 -0.8261
vn -0.4077 -0.5384 -0.7375
vn -0.6854 -0.2286 -0.6913
vn -0.6366 -0.5297 -0.5605
vn -0.8615 -0.0830 -0.5010
vn -0.8101 -0.4783 -0.3391
vn -0.9579 0.0783 -0.2762
vn -0.9141 -0.3951 -0.0911
vn -0.9689 0.2443 -0.0394
vn -0.9428 -0.2897 0.1651
vn -0.8959 0.4027 0.1875
vn -0.8953 -0.1739 0.4101
vn -0.7466 0.5425 0.3852
vn -0.7769 -0.0586 0.6269
vn -0.5345 0.6532 0.5363
vn -0.5971 0.0468 0.8008
vn -0.3440 0.4492 0.8245
vn -0.2080 0.4613 0.8625
vn -0.3697 0.1338 0.9195
vn -0.0700 0.4894 0.8692
vn -0.1109 0.1885 0.9758
vn 0.1422 0.4988 0.8550
vn 0.1419 0.4996 0.8546
vn 0.1419 0.4991 0.8548
vn 0.1418 0.4997 0.8545
vn 0.1415 0.5004 0.8542
vn 0.1418 0.4994 0.8547
vn 0.4143 0.4778 0.7746
vn 0.4143 0.4785 0.7742
vn 0.6526 0.4187 0.6315
vn 0.6529 0.4181 0.6316
vn 0.6529 0.4184 0.6314
vn 0.6528 0.4183 0.6316
vn 0.6532 0.4179 0.6315
vn 0.8387 0.3244 0.4375
vn 0.8387 0.3245 0.4374
vn 0.9566 0.2043 0.2079
vn 0.9566 0.2042 0.2080
vn 0.9566 -0.0747 -0.2817
vn 0.9566 -0.0746 -0.2818
vn 0.8388 -0.2107 -0.5021
vn 0.8386 -0.2108 -0.5022
vn 0.6531 -0.3295 -0.6818
vn 0.6528 -0.3297 -0.6820
vn 0.6528 -0.3303 -0.6817
vn 0.6526 -0.3303 -0.6819
vn 0.6527 -0.3298 -0.6820
vn 0.4142 -0.4225 -0.8062
vn 0.4141 -0.4220 -0.8065
vn 0.1417 -0.4800 -0.8658
vn 0.1418 -0.4801 -0.8657
vn 0.1882 0.0295 -0.9817
vn -0.0811 -0.0036 -0.9967
vn -0.0811 -0.0032 -0.9967
vn -0.0812 -0.0032 -0.9967
vn -0.0811 -0.0029 -0.9967
vn -0.3464 0.0061 -0.9381
vn -0.3463 0.0064 -0.9381
vn -0.5812 0.0569 -0.8118
vn -0.5815 0.0574 -0.8115
vn -0.5814 0.0574 -0.8116
vn -0.5815 0.0569 -0.8116
vn -0.7634 0.1447 -0.6295
vn -0.7635 0.1446 -0.6294
vn -0.7632 0.1450 -0.6297
vn -0.8743 0.2599 -0.4098
vn -0.8745 0.2597 -0.4097
vn -0.9036 0.3915 -0.1739
vn -0.9035 0.3916 -0.1739
vn -0.8479 0.5272 0.0554
vn -0.8479 0.5272 0.0550
vn -0.7133 0.6530 0.2547
vn -0.7134 0.6529 0.2546
vn -0.5125 0.7568 0.4057
vn -0.2651 0.8287 0.4930
vn -0.2653 0.8288 0.4927
vn 0.0041 0.8615 0.5077
vn 0.0041 0.8614 0.5079
vn 0.2694 0.8518 0.4492
vn 0.2693 0.8518 0.4493
vn 0.5044 0.8010 0.3225
vn 0.5043 0.8010 0.3227
vn 0.6864 0.7135 0.1405
vn 0.6864 0.7136 0.1405
vn 0.7974 0.5983 -0.0791
vn 0.7974 0.5983 -0.0790
vn 0.8265 0.4665 -0.3150
vn 0.8265 0.4666 -0.3150
vn 0.7711 0.3310 -0.5440
vn 0.7710 0.3312 -0.5439
vn 0.6362 0.2053 -0.7437
vn 0.6361 0.2054 -0.7437
vn 0.4353 0.1015 -0.8945
vn 0.4354 0.1014 -0.8945
vn 0.5456 -0.3773 -0.7483
vn 0.9319 -0.1128 -0.3449
vn 0.7767 -0.2577 -0.5747
vn 0.9319 -0.1128 -0.3448
vn 0.9958 0.0431 -0.0812
vn 0.9622 0.1948 0.1903
vn 0.8344 0.3274 0.4433
vn 0.3544 0.4867 0.7985
vn 0.6250 0.4280 0.6528
vn 0.0490 0.4977 0.8660
vn 0.0491 0.4977 0.8659
vn -0.2610 0.4600 0.8487
vn -0.2611 0.4600 0.8487
vn -0.5456 0.3773 0.7483
vn -0.7767 0.2577 0.5747
vn -0.7768 0.2576 0.5747
vn -0.9958 -0.0431 0.0812
vn -0.9319 0.1128 0.3449
vn -0.9319 0.1128 0.3448
vn -0.9622 -0.1948 -0.1903
vn -0.6250 -0.4280 -0.6528
vn -0.8345 -0.3274 -0.4433
vn -0.8344 -0.3275 -0.4433
vn -0.3544 -0.4867 -0.7985
vn -0.3544 -0.4867 -0.7984
vn -0.0491 -0.4977 -0.8660
vn -0.0491 -0.4977 -0.8659
vn 0.2611 -0.4600 -0.8487
vn 0.2610 -0.4600 -0.8487
vn 0.0780 -0.8662 0.4936
vn 0.0780 -0.8662 0.4935
vn 0.0773 -0.8663 0.4935
vn 0.0778 -0.8660 0.4939
vn -0.9847 0.0107 0.1739
vn -0.8883 0.1645 0.4288
vn -0.4526 0.4104 0.7917
vn -0.1559 0.4783 0.8642
vn -0.1560 0.4783 0.8642
vn 0.1559 0.4995 0.8522
vn 0.4526 0.4717 0.7567
vn 0.8883 0.2849 0.3602
vn 0.9847 0.1442 0.0979
vn 0.1559 -0.4783 -0.8642
vn -0.9847 0.0107 0.1740
vn -0.4527 0.4103 0.7917
vn -0.1559 0.4784 0.8642
vn 0.1560 0.4995 0.8522
vn 0.4526 0.4718 0.7567
vn 0.4527 0.4717 0.7567
vn 0.1165 0.8777 -0.4647
vn 0.1167 0.8777 -0.4648
vn 0.0978 0.9053 -0.4134
vn 0.0977 0.9053 -0.4135
vn 0.0618 0.9274 -0.3689
vn 0.0619 0.9274 -0.3689
vn 0.0124 0.9419 -0.3357
vn 0.0124 0.9418 -0.3359
vn -0.0457 0.9473 -0.3171
vn -0.0457 0.9474 -0.3168
vn -0.1068 0.9431 -0.3148
vn -0.1068 0.9432 -0.3146
vn -0.1649 0.9299 -0.3289
vn -0.1651 0.9298 -0.3290
vn -0.2142 0.9087 -0.3583
vn -0.2144 0.9087 -0.3582
vn -0.2501 0.8817 -0.4000
vn -0.2502 0.8817 -0.4000
vn -0.2693 0.8515 -0.4498
vn -0.2691 0.8516 -0.4499
vn 0.6536 0.7021 -0.2825
vn 0.6394 0.7158 -0.2808
vn 0.5618 0.8207 -0.1042
vn 0.6064 0.7887 -0.1015
vn 0.4285 0.9024 0.0458
vn 0.5015 0.8628 0.0629
vn 0.2524 0.9549 0.1565
vn 0.3474 0.9171 0.1953
vn 0.0492 0.9746 0.2184
vn 0.1573 0.9459 0.2837
vn -0.0518 0.9461 0.3196
vn -0.1631 0.9602 0.2267
vn -0.2611 0.9175 0.2999
vn -0.3660 0.9130 0.1803
vn -0.4518 0.8630 0.2262
vn -0.5414 0.8366 0.0832
vn -0.6069 0.7877 0.1057
vn -0.6736 0.7369 -0.0565
vn -0.7131 0.6992 -0.0505
vn -0.7497 0.6216 -0.2271
vn -0.7620 0.6062 -0.2279
vn 0.2953 0.7086 0.6409
vn 0.5084 0.6015 0.6162
vn 0.6946 0.4780 0.5376
vn 0.4039 0.2305 -0.8853
vn 0.2511 0.1141 -0.9612
vn 0.0679 -0.0070 -0.9977
vn 0.0831 -0.3700 -0.9253
vn 0.0678 -0.1177 -0.9907
vn 0.0416 0.1383 -0.9895
vn 0.0767 0.8161 0.5727
vn 0.0415 0.9223 0.3842
vn 0.0948 0.6068 0.7892
vn 0.0737 0.7918 0.6063
vn 0.0416 0.9226 0.3836
vn -0.0851 0.9098 0.4061
vn 0.2588 0.8715 0.4165
vn 0.2388 0.9122 0.3329
vn 0.2041 0.9155 0.3466
vn 0.4037 0.8794 0.2523
vn 0.4052 0.8789 0.2516
vn 0.4022 0.8800 0.2525
vn 0.4028 0.8804 0.2504
vn 0.4010 0.8805 0.2527
vn 0.4022 0.8813 0.2481
vn 0.3971 0.8832 0.2494
vn 0.4022 0.8801 0.2523
vn 0.4000 0.8815 0.2508
vn 0.5142 0.8527 0.0924
vn 0.5423 0.8289 0.1373
vn 0.7943 0.4534 0.4044
vn 0.7813 -0.1258 0.6113
vn 0.5874 0.8047 0.0861
vn 0.7102 0.6537 0.2612
vn 0.5908 0.8040 -0.0676
vn 0.8403 0.4202 0.3426
vn 0.6373 0.7703 0.0207
vn 0.7662 0.6156 0.1844
vn 0.9042 0.3614 0.2279
vn 0.8226 -0.2975 0.4845
vn 0.8168 0.5689 0.0956
vn 0.6802 0.7309 -0.0561
vn 0.9332 0.3237 0.1564
vn 0.6363 0.7382 -0.2240
vn 0.7104 0.6918 -0.1298
vn 0.8527 0.5224 0.0104
vn 0.9658 0.2571 0.0346
vn 0.8389 -0.4222 0.3434
vn 0.7321 0.6475 -0.2117
vn 0.8774 0.4720 -0.0859
vn 0.6512 0.6594 -0.3756
vn 0.8897 0.4212 -0.1761
vn 0.7426 0.6041 -0.2892
vn 0.9758 0.2150 -0.0405
vn 0.9758 0.1446 -0.1638
vn 0.8897 0.3660 -0.2730
vn 0.8389 -0.5108 0.1878
vn 0.7428 0.5566 -0.3721
vn 0.9656 0.1014 -0.2394
vn 0.8778 0.3145 -0.3614
vn 0.7320 0.5124 -0.4490
vn 0.6363 0.5692 -0.5207
vn 0.9331 0.0306 -0.3583
vn 0.7104 0.4643 -0.5289
vn 0.8529 0.2572 -0.4544
vn 0.8225 -0.5686 0.0096
vn 0.5911 0.4679 -0.6570
vn 0.9043 -0.0115 -0.4266
vn 0.8167 0.2082 -0.5382
vn 0.6794 0.4214 -0.6007
vn 0.8399 -0.0803 -0.5368
vn 0.6366 0.3755 -0.6736
vn 0.7809 -0.5904 -0.2042
vn 0.7674 0.1551 -0.6221
vn 0.5144 0.3556 -0.7804
vn 0.7951 -0.1173 -0.5950
vn 0.7091 0.1107 -0.6964
vn 0.5885 0.3352 -0.7357
vn 0.7014 -0.1787 -0.6900
vn 0.6823 -0.1895 -0.7061
vn 0.6949 -0.5509 -0.4621
vn 0.5269 0.2953 -0.7970
vn 0.5827 0.0303 -0.8121
vn 0.6388 0.0588 -0.7672
vn 0.5131 -0.2679 -0.8155
vn 0.5326 -0.2615 -0.8050
vn 0.5320 -0.4083 -0.7418
vn 0.4183 -0.0371 -0.9076
vn 0.4682 -0.0211 -0.8834
vn 0.3066 -0.3287 -0.8933
vn 0.4285 -0.2993 -0.8525
vn 0.2883 -0.1491 -0.9459
vn 0.2575 -0.0856 -0.9625
vn 0.2761 -0.0836 -0.9575
vn -0.0000 -0.4951 -0.8689
vn -0.9629 -0.1937 -0.1879
vn -0.7052 -0.3978 -0.5869
vn -0.2581 -0.4954 -0.8294
vn -0.2579 -0.4956 -0.8294
vn -0.2574 -0.4956 -0.8296
vn -0.2574 -0.4961 -0.8292
vn 0.0790 -0.8650 0.4955
vn 0.0781 -0.8653 0.4952
vn 0.0766 -0.8657 0.4947
vn 0.0777 -0.8659 0.4942
vn 0.0768 -0.8666 0.4931
vn 0.0768 -0.8663 0.4935
vn 0.0771 -0.8661 0.4939
vn 0.0778 -0.8667 0.4927
vn 0.0778 -0.8682 0.4900
vn 0.0780 -0.8674 0.4915
vn 0.0789 -0.8676 0.4910
vn 0.1487 0.4995 0.8534
vn -0.0000 0.4949 0.8689
vn -0.1487 0.4794 0.8649
vn -0.1488 0.4794 0.8649
vn 0.7051 -0.3021 -0.6416
vn 0.9629 -0.0629 -0.2623
vn 0.9631 -0.0632 -0.2618
vn -0.7050 0.3022 0.6417
vn -0.7049 0.3021 0.6417
vn -0.9630 0.0630 0.2622
vn 0.0774 -0.8667 0.4929
vn 0.0782 -0.8666 0.4928
vn 0.0776 -0.8659 0.4941
vn 0.0778 -0.8665 0.4931
vn 0.0778 -0.8665 0.4930
vn 0.0785 -0.8664 0.4932
vn 0.0781 -0.8677 0.4910
vn 0.0791 -0.8669 0.4921
vn 0.0794 -0.8666 0.4927
vn 0.9858 -0.0070 -0.1677
vn 0.9858 0.1407 0.0916
vn -0.9630 -0.1933 -0.1876
vn -0.7049 -0.3977 -0.5873
vn -0.7052 -0.3976 -0.5870
vn -0.2583 -0.4957 -0.8292
vn 0.9629 0.1935 0.1879
vn 0.7053 0.3978 0.5868
vn 0.7050 0.3979 0.5871
vn 0.7054 0.3980 0.5865
vn 0.2581 0.4955 0.8294
vn 0.0781 -0.8659 0.4941
vn 0.0775 -0.8657 0.4945
vn 0.0765 -0.8659 0.4943
vn 0.0793 -0.8663 0.4933
vn 0.0789 -0.8660 0.4938
vn 0.0775 -0.8660 0.4940
vn 0.0767 -0.8658 0.4945
vn 0.0774 -0.8658 0.4943
vn 0.0772 -0.8666 0.4930
vn -0.1487 -0.4996 -0.8534
vn -0.1488 -0.4995 -0.8535
vn 0.1488 -0.4794 -0.8649
vn 0.1487 -0.4794 -0.8649
vn -0.7048 0.3024 0.6417
vn -0.7052 0.3020 0.6414
vn -0.9630 0.0628 0.2623
vn -0.9630 0.0629 0.2621
vn 0.0001 -0.4951 -0.8689
vn 0.2990 -0.3661 0.8812
vn 0.3017 -0.3642 0.8811
vn 0.3012 -0.3664 0.8804
vn 0.3030 -0.9433 -0.1359
vn 0.3011 -0.9438 -0.1365
vn 0.3013 -0.9439 -0.1351
vn 0.3023 -0.9437 -0.1342
vn 0.3022 -0.9436 -0.1353
vn 0.3003 -0.9443 -0.1348
vn 0.1262 -0.9145 0.3844
vn 0.1263 -0.9146 0.3840
vn 0.1267 -0.9144 0.3845
vn 0.2238 -0.9665 0.1256
vn 0.2233 -0.9667 0.1253
vn 0.2239 -0.9665 0.1253
vn 0.1263 -0.9146 0.3841
vn 0.1262 -0.9147 0.3839
vn 0.1264 -0.9148 0.3837
vn 0.2239 -0.9665 0.1254
vn 0.2238 -0.9665 0.1255
vn 0.2240 -0.9665 0.1251
vn 0.6430 -0.7509 0.1505
vn 0.6437 -0.7507 0.1488
vn 0.6423 -0.7518 0.1490
vn 0.6443 -0.7501 0.1487
vn 0.6436 -0.7510 0.1473
vn 0.6429 -0.7513 0.1490
vn 0.1976 -0.8753 0.4413
vn 0.1959 -0.8752 0.4424
vn 0.1986 -0.8742 0.4430
vn 0.1972 -0.8267 0.5269
vn 0.1951 -0.8268 0.5276
vn 0.1965 -0.8259 0.5284
vn 0.4402 -0.8447 0.3046
vn 0.4397 -0.8453 0.3035
vn 0.4392 -0.8449 0.3053
vn 0.4392 -0.8444 0.3067
vn 0.4398 -0.8448 0.3049
vn 0.4387 -0.8450 0.3056
vn 0.1969 -0.8752 0.4418
vn 0.1941 -0.8762 0.4412
vn 0.1950 -0.8751 0.4430
vn 0.6435 -0.5107 0.5702
vn 0.6443 -0.5096 0.5703
vn 0.6431 -0.5112 0.5701
vn 0.6437 -0.5119 0.5689
vn 0.6439 -0.5100 0.5704
vn 0.4397 -0.6934 0.5708
vn 0.4402 -0.6924 0.5717
vn 0.4417 -0.6926 0.5702
vn 0.3014 -0.3655 0.8807
vn 0.3020 -0.3633 0.8814
vn 0.3041 -0.3636 0.8805
vn 0.1307 -0.7947 0.5928
vn 0.1264 -0.7964 0.5914
vn 0.1273 -0.7942 0.5942
vn 0.2229 -0.6028 0.7661
vn 0.2199 -0.6000 0.7692
vn 0.2228 -0.6004 0.7681
vn 0.1263 -0.7973 0.5902
vn 0.1226 -0.7969 0.5915
vn 0.1270 -0.7952 0.5930
vn 0.1959 -0.8263 0.5280
vn 0.1945 -0.8273 0.5271
vn 0.1938 -0.8264 0.5286
vn 0.4390 -0.6922 0.5728
vn 0.4388 -0.6937 0.5711
vn 0.4409 -0.6929 0.5705
vn 0.2229 -0.6039 0.7653
vn 0.2227 -0.6014 0.7672
vn 0.2257 -0.6042 0.7642
vn 0.0457 -0.8016 0.5961
vn 0.0456 -0.8025 0.5949
vn 0.0465 -0.8008 0.5971
vn -0.0933 -0.3972 0.9130
vn -0.0271 -0.6231 0.7817
vn 0.0456 -0.8020 0.5956
vn 0.0444 -0.8036 0.5936
vn 0.0455 -0.8029 0.5943
vn 0.0341 -0.8122 0.5824
vn -0.3145 -0.4786 0.8198
vn -0.1096 0.8793 -0.4635
vn -0.1574 -0.6691 0.7263
vn 0.0049 -0.8183 0.5747
vn -0.0267 -0.8464 0.5318
vn -0.4123 -0.5321 0.7395
vn -0.0197 -0.8311 0.5557
vn -0.2256 -0.7080 0.6693
vn -0.5341 -0.6454 0.5460
vn -0.0438 -0.8514 0.5227
vn -0.0418 -0.8519 0.5221
vn -0.0454 -0.8506 0.5239
vn -0.0429 -0.8516 0.5224
vn -0.0395 -0.8530 0.5204
vn -0.0409 -0.8521 0.5218
vn -0.2981 -0.7757 0.5563
vn -0.0438 -0.8832 0.4669
vn -0.0394 -0.8837 0.4664
vn -0.0474 -0.8818 0.4693
vn -0.0267 -0.8892 0.4568
vn -0.2984 -0.8741 0.3832
vn -0.5324 -0.7995 0.2780
vn -0.0419 -0.8835 0.4666
vn -0.0348 -0.8857 0.4630
vn -0.0374 -0.8839 0.4662
vn -0.4124 -0.9070 0.0850
vn -0.1094 0.8470 -0.5202
vn -0.0197 -0.9022 0.4309
vn -0.2243 -0.9369 0.2681
vn 0.0440 -0.9205 0.3883
vn 0.0452 -0.9211 0.3867
vn 0.0452 -0.9206 0.3879
vn 0.0342 -0.9153 0.4013
vn -0.0933 -0.9881 -0.1226
vn -0.0269 -0.9903 0.1365
vn 0.0450 -0.9214 0.3861
vn 0.0463 -0.9214 0.3858
vn 0.0451 -0.9208 0.3873
vn 0.0017 -0.9114 0.4115
vn -0.3113 -0.9503 -0.0045
vn -0.1561 -0.9662 0.2054
vn 0.7055 -0.3081 -0.6383
vn 0.3805 -0.4197 -0.8241
vn 0.9199 -0.1153 -0.3747
vn 0.7054 0.3919 0.5906
vn 0.9199 0.2635 0.2902
vn 0.3804 0.4948 0.7813
vn -0.2458 -0.6131 -0.7508
vn -0.2450 -0.6097 -0.7538
vn -0.2447 -0.6115 -0.7524
vn -0.2448 0.3338 0.9103
vn -0.2416 0.3339 0.9111
vn -0.2448 0.3369 0.9092
vn -0.2482 0.3379 0.9079
vn -0.2448 0.3352 0.9098
vn -0.2450 0.3382 0.9086
vn -0.1240 0.9126 -0.3895
vn -0.2096 0.0997 0.9727
vn -0.2106 0.1003 0.9724
vn -0.2091 0.0985 0.9729
vn -0.1593 -0.1557 0.9749
vn -0.2077 0.0973 0.9733
vn -0.2093 0.0991 0.9728
vn -0.2088 0.0979 0.9730
vn -0.2323 -0.6525 0.7213
vn -0.5834 0.2274 0.7797
vn -0.4323 -0.2519 0.8658
vn -0.5285 -0.0136 0.8488
vn -0.7783 0.1216 0.6160
vn -0.1903 0.8753 -0.4445
vn -0.6984 -0.1084 0.7075
vn -0.6984 -0.1084 0.7074
vn -0.5778 -0.3365 0.7436
vn -0.9433 -0.3100 -0.1188
vn -0.9429 -0.3116 -0.1181
vn -0.9438 -0.3090 -0.1172
vn -0.9435 -0.0588 0.3260
vn -0.9431 -0.0564 0.3276
vn -0.9434 -0.0575 0.3267
vn -0.9430 -0.0558 0.3281
vn -0.9428 -0.0546 0.3289
vn -0.9433 -0.0570 0.3271
vn -0.7247 -0.4687 0.5051
vn -0.8604 -0.2719 0.4311
vn -0.8601 -0.2714 0.4319
vn -0.8609 -0.2718 0.4302
vn -0.8613 -0.2723 0.4290
vn -0.8605 -0.2717 0.4309
vn -0.8610 -0.2718 0.4298
vn -0.9421 -0.3132 -0.1195
vn -0.9426 -0.3123 -0.1179
vn -0.9431 -0.3106 -0.1185
vn -0.1901 0.8287 -0.5264
vn -0.7231 -0.6751 0.1463
vn -0.8618 -0.5071 0.0135
vn -0.8614 -0.5077 0.0141
vn -0.8618 -0.5071 0.0140
vn -0.8613 -0.5079 0.0142
vn -0.8613 -0.5079 0.0148
vn -0.8615 -0.5075 0.0140
vn -0.2324 -0.9532 0.1935
vn -0.5771 -0.8114 -0.0929
vn -0.7785 -0.4692 -0.4169
vn -0.6981 -0.6642 -0.2674
vn -0.2093 -0.7873 -0.5800
vn -0.2093 -0.7882 -0.5787
vn -0.2093 -0.7866 -0.5810
vn -0.2444 -0.6109 -0.7530
vn -0.2450 -0.6087 -0.7546
vn -0.2440 -0.6071 -0.7562
vn -0.5832 -0.5527 -0.5953
vn -0.1600 -0.9169 -0.3657
vn -0.1241 0.8005 -0.5863
vn -0.2091 -0.7870 -0.5804
vn -0.2095 -0.7861 -0.5815
vn -0.2092 -0.7853 -0.5827
vn -0.4330 -0.8728 -0.2254
vn -0.5294 -0.7354 -0.4230
vn 0.9219 -0.1370 -0.3623
vn 0.3824 -0.4414 -0.8117
vn 0.3823 -0.4414 -0.8117
vn 0.9219 -0.1370 -0.3624
vn -0.9201 -0.2619 -0.2912
vn -0.3806 -0.4931 -0.7823
vn -0.3806 -0.4932 -0.7823
vn 0.7034 -0.2867 -0.6504
vn 0.9660 -0.1485 -0.2118
vn -0.3805 -0.4931 -0.7823
vn -0.9201 -0.2618 -0.2912
vn -0.2570 -0.5060 -0.8233
vn 0.2589 -0.4711 -0.8433
vn 0.3862 -0.4923 -0.7801
vn -0.9505 -0.2784 -0.1378
vn -0.7062 -0.3823 -0.5959
vn -0.3750 -0.5439 -0.7507
vn 0.7467 -0.6470 0.1544
vn 0.9206 -0.2753 -0.2770
vn 0.4771 -0.8785 0.0223
vn 0.2397 -0.9331 -0.2681
vn 0.3892 -0.5750 -0.7196
vn -0.1316 -0.9583 -0.2538
vn -0.3624 -0.6260 -0.6905
vn -0.3512 -0.9347 0.0543
vn -0.6386 -0.7409 0.2078
vn -0.8937 -0.3981 -0.2069
vn -0.1466 -0.2090 0.9669
vn -0.1465 -0.2085 0.9670
vn -0.1471 -0.2092 0.9667
vn -0.1851 0.0453 0.9817
vn -0.1745 -0.0832 0.9811
vn -0.1467 -0.2085 0.9670
vn -0.1463 -0.2080 0.9671
vn -0.1468 -0.2080 0.9670
vn -0.1732 -0.5669 0.8054
vn -0.6127 -0.1069 0.7830
vn -0.4872 -0.3293 0.8088
vn -0.4875 -0.3292 0.8087
vn -0.4871 -0.3295 0.8088
vn -0.5501 -0.2161 0.8067
vn -0.4878 -0.3294 0.8084
vn -0.4879 -0.3289 0.8086
vn -0.4875 -0.3291 0.8087
vn -0.6844 -0.5122 0.5189
vn -0.4146 -0.7907 0.4505
vn -0.6844 -0.5120 0.5190
vn -0.7669 -0.4171 0.4878
vn -0.8314 -0.3099 0.4612
vn -0.8313 -0.5549 0.0311
vn -0.6845 -0.7075 0.1758
vn -0.6847 -0.7073 0.1757
vn -0.7669 -0.6324 0.1098
vn -0.1465 -0.9381 -0.3139
vn -0.4878 -0.8634 -0.1292
vn -0.4875 -0.8635 -0.1291
vn -0.4882 -0.8632 -0.1290
vn -0.1733 -0.9819 0.0769
vn -0.1850 -0.8219 -0.5387
vn -0.1745 -0.8863 -0.4290
vn -0.1467 -0.9381 -0.3137
vn -0.6126 -0.7282 -0.3074
vn -0.4879 -0.8633 -0.1291
vn -0.4869 -0.8639 -0.1292
vn -0.4873 -0.8637 -0.1289
vn -0.5501 -0.8040 -0.2258
vn -0.6389 -0.5564 0.5313
vn -0.8937 -0.0251 0.4479
vn -0.3512 -0.5234 0.7763
vn -0.1314 -0.2704 0.9538
vn -0.3622 0.2749 0.8907
vn 0.2397 -0.2453 0.9394
vn 0.3893 0.3255 0.8617
vn 0.4771 -0.4672 0.7444
vn 0.7466 -0.4628 0.4778
vn 0.9206 0.0981 0.3779
vn -0.9201 0.1170 0.3738
vn -0.3806 0.4214 0.8231
vn -0.3807 0.4214 0.8231
vn -0.9201 0.1170 0.3737
vn 0.9219 0.2418 0.3026
vn 0.3824 0.4731 0.7937
vn -0.3806 0.4214 0.8232
vn -0.7062 0.3176 0.6327
vn -0.9505 -0.0235 0.3098
vn 0.9219 0.2419 0.3026
vn 0.2589 0.4851 0.8352
vn -0.2571 0.4502 0.8551
vn -0.3750 0.3684 0.8507
vn 0.9660 0.1064 0.2357
vn 0.7035 0.4132 0.5783
vn 0.3861 0.4200 0.8213
vn 0.3824 0.4732 0.7937
vn 0.2602 0.3773 0.8888
vn 0.2661 0.3710 0.8897
vn 0.2662 0.3765 0.8873
vn 0.2656 -0.5766 -0.7727
vn 0.2626 -0.5772 -0.7732
vn 0.2667 -0.5741 -0.7741
vn 0.2701 -0.5725 -0.7742
vn 0.2664 -0.5757 -0.7730
vn 0.2672 -0.5731 -0.7747
vn -0.0301 0.8067 -0.5903
vn 0.2683 -0.7555 -0.5977
vn 0.2674 -0.7557 -0.5979
vn 0.2687 -0.7549 -0.5983
vn 0.2530 -0.8890 -0.3816
vn 0.2698 -0.7544 -0.5984
vn 0.2685 -0.7552 -0.5980
vn 0.2689 -0.7546 -0.5986
vn 0.3729 -0.9121 0.1702
vn 0.6025 -0.4752 -0.6412
vn 0.5281 -0.8074 -0.2631
vn 0.5888 -0.6618 -0.4641
vn 0.8000 -0.3615 -0.4788
vn 0.0360 0.8442 -0.5348
vn 0.7595 -0.5643 -0.3236
vn 0.6731 -0.7259 -0.1414
vn 0.9652 -0.1787 -0.1907
vn 0.9645 -0.1814 -0.1918
vn 0.9648 -0.1796 -0.1922
vn 0.9644 -0.1822 -0.1917
vn 0.9639 -0.1832 -0.1932
vn 0.9646 -0.1804 -0.1921
vn 0.9205 -0.3870 -0.0544
vn 0.9192 -0.3898 -0.0555
vn 0.9199 -0.3883 -0.0552
vn 0.8163 -0.5710 0.0873
vn 0.9213 -0.3850 -0.0540
vn 0.9207 -0.3864 -0.0544
vn 0.9202 -0.3877 -0.0549
vn 0.9644 0.0743 0.2539
vn 0.9644 0.0726 0.2544
vn 0.9646 0.0732 0.2535
vn 0.9643 0.0723 0.2547
vn 0.9645 0.0712 0.2545
vn 0.9645 0.0729 0.2539
vn 0.0359 0.8906 -0.4534
vn 0.8156 -0.3670 0.4474
vn 0.9210 -0.1498 0.3595
vn 0.9216 -0.1488 0.3585
vn 0.9205 -0.1504 0.3607
vn 0.9197 -0.1517 0.3622
vn 0.9208 -0.1501 0.3601
vn 0.9202 -0.1507 0.3613
vn 0.3726 -0.6119 0.6977
vn 0.6733 -0.2499 0.6958
vn 0.7582 -0.0051 0.6520
vn 0.7997 0.2241 0.5569
vn 0.6050 0.3101 0.7333
vn 0.2661 0.3741 0.8884
vn 0.2660 0.3684 0.8908
vn 0.2719 0.3671 0.8896
vn 0.2683 0.1286 0.9547
vn 0.2704 0.1320 0.9537
vn 0.2689 0.1306 0.9543
vn 0.2521 -0.1247 0.9596
vn -0.0304 0.9190 -0.3930
vn 0.2681 0.1276 0.9549
vn 0.2688 0.1297 0.9544
vn 0.2664 0.1263 0.9556
vn 0.5287 -0.1837 0.8287
vn 0.5897 0.0663 0.8049
vn 0.2471 -0.9113 -0.3293
vn 0.2525 -0.7916 -0.5564
vn 0.2591 -0.8567 -0.4461
vn 0.2475 -0.9114 -0.3289
vn 0.3093 -0.9492 0.0582
vn 0.6797 -0.6407 -0.3571
vn 0.5884 -0.7904 -0.1707
vn 0.5880 -0.7907 -0.1705
vn 0.6347 -0.7236 -0.2714
vn 0.7849 -0.6081 0.1190
vn 0.7852 -0.6077 0.1189
vn 0.7851 -0.6077 0.1196
vn 0.5506 -0.7253 0.4132
vn 0.7853 -0.6076 0.1190
vn 0.7852 -0.6078 0.1185
vn 0.8513 -0.5225 0.0476
vn 0.8985 -0.4374 -0.0355
vn 0.8984 -0.1929 0.3946
vn 0.7849 -0.4124 0.4624
vn 0.7848 -0.4123 0.4627
vn 0.7851 -0.4125 0.4620
vn 0.7853 -0.4121 0.4620
vn 0.8512 -0.3074 0.4254
vn 0.3093 -0.5343 0.7867
vn 0.2524 0.0742 0.9648
vn 0.2587 -0.0538 0.9644
vn 0.2472 -0.1810 0.9519
vn 0.2462 -0.1806 0.9522
vn 0.2472 -0.1816 0.9518
vn 0.2483 -0.1824 0.9514
vn 0.2472 -0.1813 0.9519
vn 0.2474 -0.1824 0.9516
vn 0.5881 -0.2559 0.7672
vn 0.5880 -0.2563 0.7672
vn 0.5884 -0.2554 0.7672
vn 0.6796 -0.0195 0.7333
vn 0.5882 -0.2560 0.7671
vn 0.5880 -0.2570 0.7669
vn 0.5881 -0.2567 0.7670
vn 0.6345 -0.1358 0.7609
vn 0.2625 -0.5143 -0.8164
vn 0.2626 -0.5145 -0.8163
vn 0.1628 0.5837 -0.7955
vn 0.2683 -0.6158 -0.7408
vn 0.2692 -0.7077 -0.6532
vn 0.2682 -0.6157 -0.7409
vn 0.7085 -0.3565 -0.6090
vn 0.7086 -0.3562 -0.6091
vn 0.6942 -0.5572 -0.4557
vn 0.7072 -0.4600 -0.5369
vn 0.7070 -0.4602 -0.5370
vn 0.9660 -0.1174 -0.2305
vn 0.9660 -0.1174 -0.2302
vn 0.3943 0.7985 -0.4549
vn 0.9604 -0.2249 -0.1644
vn 0.9602 -0.2257 -0.1644
vn 0.9604 -0.2252 -0.1642
vn 0.9393 -0.3297 -0.0954
vn 0.9659 0.1385 0.2187
vn 0.9659 0.1384 0.2188
vn 0.9604 0.0268 0.2774
vn 0.9604 0.0266 0.2772
vn 0.9394 -0.0861 0.3318
vn 0.9605 0.0261 0.2772
vn 0.9605 0.0262 0.2772
vn 0.7085 0.3418 0.6174
vn 0.7084 0.3425 0.6171
vn 0.7082 0.3424 0.6175
vn 0.2623 0.4401 0.8588
vn 0.2624 0.4401 0.8588
vn 0.7085 0.3429 0.6168
vn 0.7083 0.3432 0.6168
vn 0.7086 0.3421 0.6171
vn 0.2680 0.3230 0.9076
vn 0.2680 0.3245 0.9071
vn 0.2679 0.3238 0.9074
vn 0.2694 0.2001 0.9420
vn 0.1627 0.9820 -0.0963
vn 0.2683 0.3227 0.9077
vn 0.2679 0.3232 0.9076
vn 0.2682 0.3220 0.9080
vn 0.6939 0.1083 0.7119
vn 0.7072 0.2267 0.6697
vn 0.7070 0.2272 0.6697
vn 0.8645 0.2924 0.4088
vn 0.0012 0.4814 0.8765
vn -0.8621 0.1754 0.4755
vn -0.6017 -0.4243 0.6767
vn 0.0510 -0.1929 0.9799
vn 0.0509 -0.1930 0.9799
vn 0.7036 -0.3358 0.6263
vn 0.7036 -0.7100 -0.0305
vn 0.7036 -0.7099 -0.0305
vn 0.0509 -0.9414 -0.3335
vn 0.0509 -0.9413 -0.3338
vn -0.6017 -0.7985 0.0200
vn -0.6018 -0.7984 0.0198
vn -0.8621 -0.3196 -0.3933
vn 0.2581 -0.4607 -0.8492
vn 0.0012 -0.5085 -0.8611
vn 0.8645 -0.2025 -0.4600
vn -0.2525 0.4064 0.8781
vn -0.2530 0.4075 0.8775
vn -0.2525 0.4051 0.8787
vn -0.2523 0.4034 0.8796
vn -0.2525 0.4055 0.8785
vn -0.2527 0.4045 0.8790
vn -0.3005 0.9506 -0.0782
vn -0.2387 0.2892 0.9270
vn -0.2389 0.2899 0.9268
vn -0.2388 0.2885 0.9272
vn -0.2211 0.1680 0.9607
vn -0.2386 0.2874 0.9276
vn -0.2387 0.2891 0.9271
vn -0.2388 0.2881 0.9274
vn -0.6986 0.2471 0.6715
vn -0.6987 0.2466 0.6716
vn -0.6990 0.2462 0.6714
vn -0.6988 0.2461 0.6716
vn -0.6988 0.2467 0.6714
vn -0.6454 0.0173 0.7637
vn -0.6778 0.1335 0.7231
vn -0.9562 0.0080 0.2927
vn -0.9562 0.0078 0.2926
vn -0.5319 0.7358 -0.4192
vn -0.9310 -0.1016 0.3505
vn -0.9311 -0.1013 0.3504
vn -0.9310 -0.1019 0.3505
vn -0.9309 -0.1025 0.3506
vn -0.9310 -0.1018 0.3505
vn -0.8909 -0.2105 0.4024
vn -0.9561 -0.2483 -0.1559
vn -0.9563 -0.2473 -0.1561
vn -0.9561 -0.2479 -0.1562
vn -0.9562 -0.2476 -0.1562
vn -0.9311 -0.3532 -0.0911
vn -0.9312 -0.3529 -0.0911
vn -0.8910 -0.4533 -0.0245
vn -0.9310 -0.3536 -0.0912
vn -0.9311 -0.3533 -0.0910
vn -0.6981 -0.4528 -0.5546
vn -0.6989 -0.4518 -0.5545
vn -0.6983 -0.4524 -0.5548
vn -0.2525 -0.5504 -0.7958
vn -0.2526 -0.5498 -0.7962
vn -0.2520 -0.5509 -0.7956
vn -0.2526 -0.5501 -0.7960
vn -0.2532 -0.5488 -0.7967
vn -0.2526 -0.5497 -0.7963
vn -0.6986 -0.4517 -0.5550
vn -0.6987 -0.4513 -0.5552
vn -0.6984 -0.4521 -0.5549
vn -0.2388 -0.6499 -0.7216
vn -0.2207 -0.7409 -0.6344
vn -0.3005 0.5523 -0.7776
vn -0.2386 -0.6500 -0.7215
vn -0.6460 -0.6474 -0.4044
vn -0.6774 -0.5546 -0.4833
vn -0.6775 -0.5548 -0.4829
vn -0.6778 -0.5541 -0.4833
vn -0.6779 -0.5534 -0.4839
vn -0.6777 -0.5541 -0.4834
vn -0.6779 -0.5539 -0.4834
vn -0.7045 0.2963 0.6449
vn -0.3825 0.4431 0.8107
vn -0.9220 0.1387 0.3614
vn -0.7044 -0.4037 -0.5838
vn -0.9220 -0.2401 -0.3036
vn -0.3825 -0.4714 -0.7946
vn -0.0404 -0.8835 0.4666
vn -0.0431 -0.8839 0.4658
vn -0.0387 -0.8846 0.4647
vn -0.5349 -0.7982 0.2771
vn -0.3015 -0.8732 0.3828
vn -0.0419 -0.8835 0.4665
vn -0.0450 -0.8827 0.4677
vn -0.0442 -0.8840 0.4654
vn -0.0269 -0.8892 0.4567
vn -0.4123 -0.9071 0.0842
vn -0.1100 0.8465 -0.5208
vn -0.2245 -0.9365 0.2695
vn -0.0198 -0.9023 0.4306
vn 0.0342 -0.9152 0.4015
vn -0.3133 -0.9496 -0.0057
vn 0.0049 -0.9123 0.4096
vn -0.1565 -0.9656 0.2076
vn -0.0925 -0.9882 -0.1223
vn 0.0461 -0.9220 0.3844
vn 0.0443 -0.9209 0.3872
vn 0.0471 -0.9232 0.3813
vn 0.0451 -0.9215 0.3858
vn 0.0429 -0.9191 0.3916
vn 0.0436 -0.9204 0.3885
vn -0.0264 -0.9902 0.1368
vn 0.1083 -0.9171 0.3837
vn 0.1094 -0.9171 0.3834
vn 0.1080 -0.9167 0.3846
vn 0.1203 -0.9094 0.3982
vn 0.1700 -0.9770 0.1289
vn 0.2158 -0.9671 -0.1345
vn 0.1088 -0.9171 0.3836
vn 0.1098 -0.9175 0.3822
vn 0.1100 -0.9171 0.3833
vn 0.4339 -0.9004 -0.0334
vn 0.4339 -0.9003 -0.0334
vn -0.0454 0.8516 -0.5223
vn 0.1495 -0.9029 0.4031
vn 0.3024 -0.9343 0.1889
vn 0.1922 -0.8677 0.4584
vn 0.1953 -0.8678 0.4569
vn 0.1941 -0.8673 0.4584
vn 0.1814 -0.8750 0.4488
vn 0.6552 -0.7190 0.2318
vn 0.4440 -0.8227 0.3550
vn 0.1957 -0.8681 0.4562
vn 0.1973 -0.8673 0.4570
vn 0.1946 -0.8675 0.4577
vn 0.1708 -0.8900 0.4228
vn 0.5338 -0.8442 0.0480
vn 0.3713 -0.8954 0.2456
vn 0.7055 -0.3081 -0.6382
vn 0.3804 -0.4197 -0.8241
vn 0.7055 0.3919 0.5905
vn 0.9199 0.2636 0.2903
vn 0.3805 0.4948 0.7813
vn 0.1955 -0.8362 0.5125
vn 0.1969 -0.8356 0.5128
vn 0.1945 -0.8358 0.5135
vn 0.6559 -0.5651 0.5004
vn 0.4411 -0.7260 0.5276
vn 0.1962 -0.8359 0.5126
vn 0.1980 -0.8360 0.5117
vn 0.1975 -0.8354 0.5130
vn 0.1812 -0.8323 0.5239
vn 0.5343 -0.4731 0.7005
vn -0.0450 0.8837 -0.4660
vn 0.3704 -0.6681 0.6453
vn 0.1729 -0.8166 0.5507
vn 0.1203 -0.8061 0.5795
vn 0.4370 -0.4273 0.7915
vn 0.1516 -0.8072 0.5704
vn 0.3004 -0.6402 0.7070
vn 0.2144 -0.3782 0.9006
vn 0.1098 -0.7974 0.5934
vn 0.1091 -0.7985 0.5920
vn 0.1111 -0.7964 0.5944
vn 0.1095 -0.7979 0.5928
vn 0.1072 -0.7998 0.5906
vn 0.1089 -0.7993 0.5910
vn 0.1714 -0.6082 0.7750
vn 0.0458 -0.8040 0.5929
vn 0.0448 -0.8024 0.5950
vn 0.0438 -0.8052 0.5914
vn 0.0342 -0.8120 0.5826
vn -0.0267 -0.6231 0.7817
vn -0.0928 -0.4029 0.9105
vn 0.0454 -0.8033 0.5938
vn 0.0471 -0.8012 0.5966
vn 0.0444 -0.8018 0.5960
vn -0.3136 -0.4815 0.8184
vn -0.1107 0.8791 -0.4636
vn 0.0049 -0.8194 0.5732
vn -0.1565 -0.6670 0.7284
vn -0.0425 -0.8512 0.5231
vn -0.0411 -0.8519 0.5220
vn -0.0417 -0.8515 0.5226
vn -0.0268 -0.8462 0.5321
vn -0.5322 -0.6467 0.5465
vn -0.2998 -0.7749 0.5564
vn -0.0410 -0.8521 0.5218
vn -0.0400 -0.8523 0.5215
vn -0.0416 -0.8517 0.5223
vn -0.0184 -0.8305 0.5567
vn -0.4119 -0.5347 0.7379
vn -0.9440 -0.0565 0.3251
vn -0.9431 -0.0569 0.3276
vn -0.9436 -0.0556 0.3265
vn 0.9646 0.0730 0.2533
vn 0.9648 0.0727 0.2528
vn 0.9647 0.0733 0.2531
vn 0.9646 0.0737 0.2532
vn 0.9647 0.0731 0.2530
vn 0.9647 0.0735 0.2530
vn 0.9204 -0.1497 0.3613
vn 0.9202 -0.1496 0.3618
vn 0.9204 -0.1501 0.3610
vn 0.8162 -0.3666 0.4466
vn 0.9206 -0.1503 0.3604
vn 0.9204 -0.1498 0.3612
vn 0.9204 -0.1503 0.3608
vn 0.3730 -0.6113 0.6980
vn 0.7997 0.2270 0.5558
vn 0.6736 -0.2482 0.6962
vn 0.7589 -0.0136 0.6511
vn 0.6044 0.3103 0.7338
vn -0.0303 0.9191 -0.3929
vn 0.5898 0.0633 0.8051
vn 0.5269 -0.1870 0.8291
vn -0.2441 0.3373 0.9092
vn -0.2445 0.3387 0.9086
vn -0.2450 0.3358 0.9095
vn 0.2676 0.3706 0.8894
vn 0.2662 0.3734 0.8886
vn 0.2661 0.3718 0.8893
vn 0.2661 0.3743 0.8883
vn 0.2651 0.3756 0.8881
vn 0.2663 0.3724 0.8891
vn 0.2529 -0.1247 0.9594
vn 0.2691 0.1272 0.9547
vn 0.2710 0.1271 0.9542
vn 0.2682 0.1290 0.9547
vn 0.2659 0.1300 0.9552
vn 0.2686 0.1280 0.9547
vn 0.2678 0.1298 0.9547
vn -0.2440 0.3407 0.9080
vn -0.2446 0.3394 0.9083
vn -0.2445 0.3379 0.9089
vn -0.1240 0.9128 -0.3892
vn -0.1597 -0.1524 0.9753
vn -0.2103 0.0953 0.9730
vn -0.2092 0.0935 0.9734
vn -0.2089 0.0949 0.9733
vn -0.2093 0.0929 0.9734
vn -0.2081 0.0921 0.9738
vn -0.2091 0.0942 0.9734
vn -0.2323 -0.6523 0.7215
vn -0.4310 -0.2521 0.8664
vn -0.5827 0.2276 0.7802
vn -0.5293 -0.0136 0.8483
vn -0.9434 -0.0562 0.3270
vn -0.9430 -0.0575 0.3279
vn -0.9425 -0.0567 0.3295
vn -0.7788 0.1177 0.6161
vn -0.8609 -0.2714 0.4303
vn -0.8595 -0.2730 0.4321
vn -0.8601 -0.2715 0.4318
vn -0.7233 -0.4707 0.5053
vn -0.1899 0.8753 -0.4448
vn -0.8612 -0.2713 0.4298
vn -0.8605 -0.2714 0.4312
vn -0.8617 -0.2698 0.4298
vn -0.5796 -0.3336 0.7435
vn -0.6985 -0.1072 0.7076
vn -0.3806 -0.4932 -0.7822
vn -0.2490 -0.5792 -0.7762
vn -0.9620 0.0524 0.2680
vn -0.9620 -0.2038 -0.1817
vn -0.9132 -0.3132 -0.2609
vn -0.2489 0.3724 0.8941
vn -0.7063 0.3176 0.6327
vn -0.9131 0.0647 0.4025
vn -0.1315 -0.9583 -0.2538
vn -0.3623 -0.6259 -0.6906
vn -0.3513 -0.9347 0.0545
vn -0.8937 -0.3981 -0.2070
vn -0.6387 -0.5566 0.5312
vn -0.8937 -0.0250 0.4480
vn -0.3513 -0.5234 0.7763
vn -0.1317 -0.2705 0.9537
vn -0.3622 0.2747 0.8907
vn 0.7850 -0.4126 0.4621
vn 0.7852 -0.4120 0.4622
vn 0.9060 -0.2059 0.3698
vn 0.8512 -0.3074 0.4255
vn 0.7851 -0.4123 0.4622
vn 0.7854 -0.4121 0.4619
vn 0.4857 -0.6102 0.6259
vn 0.6589 -0.0109 0.7522
vn 0.5879 -0.2561 0.7673
vn 0.5882 -0.2564 0.7670
vn 0.5881 -0.2555 0.7673
vn 0.6344 -0.1361 0.7610
vn 0.5883 -0.2562 0.7670
vn 0.5882 -0.2574 0.7667
vn 0.5883 -0.2566 0.7669
vn 0.2471 -0.1825 0.9517
vn 0.2471 -0.1815 0.9519
vn 0.2461 -0.1831 0.9518
vn 0.0680 -0.5184 0.8524
vn 0.2472 -0.1818 0.9518
vn 0.2483 -0.1807 0.9517
vn 0.2471 -0.1809 0.9520
vn 0.2589 -0.0535 0.9644
vn 0.2803 0.0724 0.9572
vn -0.2134 0.0391 0.9762
vn -0.1468 -0.2086 0.9669
vn -0.1464 -0.2078 0.9672
vn -0.1464 -0.2088 0.9669
vn -0.1748 -0.0825 0.9812
vn -0.6844 -0.5121 0.5190
vn -0.4872 -0.3295 0.8087
vn -0.4874 -0.3293 0.8087
vn -0.3498 -0.6666 0.6583
vn -0.8387 -0.3245 0.4373
vn -0.7673 -0.4165 0.4877
vn -0.5920 -0.0957 0.8002
vn -0.4877 -0.3291 0.8086
vn -0.4873 -0.3288 0.8089
vn -0.5504 -0.2151 0.8067
vn 0.2397 -0.2454 0.9393
vn 0.4773 -0.4671 0.7443
vn 0.7465 -0.4630 0.4779
vn 0.9207 0.0980 0.3779
vn 0.7470 -0.6467 0.1541
vn 0.9207 -0.2750 -0.2771
vn 0.2396 -0.9331 -0.2680
vn 0.3894 -0.5751 -0.7195
vn 0.7034 0.4132 0.5783
vn 0.2645 0.4072 0.8742
vn 0.3825 0.4731 0.7937
vn 0.9639 -0.0733 -0.2561
vn 0.9639 0.1829 0.1936
vn 0.9243 0.1893 0.3315
vn 0.2644 -0.5444 -0.7961
vn 0.7035 -0.2867 -0.6503
vn 0.9243 -0.1886 -0.3319
vn 0.3824 -0.4414 -0.8118
vn 0.9648 -0.1796 -0.1920
vn 0.9648 -0.1807 -0.1913
vn -0.9431 -0.3109 -0.1177
vn -0.9432 -0.3107 -0.1175
vn -0.9432 -0.3106 -0.1181
vn -0.9430 -0.3109 -0.1188
vn -0.9431 -0.3108 -0.1181
vn -0.9431 -0.3107 -0.1184
vn -0.1903 0.8289 -0.5261
vn -0.8604 -0.5094 0.0142
vn -0.8602 -0.5097 0.0160
vn -0.8614 -0.5078 0.0141
vn -0.7224 -0.6756 0.1473
vn -0.8618 -0.5072 0.0123
vn -0.8609 -0.5085 0.0140
vn -0.8617 -0.5073 0.0140
vn -0.2324 -0.9531 0.1939
vn -0.7783 -0.4697 -0.4167
vn -0.5771 -0.8114 -0.0925
vn -0.6997 -0.6623 -0.2679
vn -0.5814 -0.5542 -0.5957
vn -0.1240 0.8005 -0.5863
vn -0.5295 -0.7359 -0.4220
vn -0.4330 -0.8729 -0.2250
vn 0.2661 -0.5748 -0.7738
vn 0.2661 -0.5737 -0.7747
vn 0.2671 -0.5755 -0.7730
vn -0.2433 -0.6100 -0.7541
vn -0.2444 -0.6122 -0.7520
vn -0.2453 -0.6105 -0.7531
vn -0.2440 -0.6130 -0.7514
vn -0.2458 -0.6137 -0.7503
vn -0.2449 -0.6112 -0.7526
vn -0.1597 -0.9165 -0.3668
vn -0.2078 -0.7900 -0.5768
vn -0.2113 -0.7905 -0.5749
vn -0.2089 -0.7875 -0.5798
vn -0.2055 -0.7865 -0.5824
vn -0.2083 -0.7889 -0.5782
vn -0.2094 -0.7864 -0.5812
vn 0.2652 -0.5725 -0.7758
vn 0.2659 -0.5734 -0.7749
vn 0.2662 -0.5744 -0.7741
vn -0.0302 0.8065 -0.5905
vn 0.2529 -0.8885 -0.3829
vn 0.2677 -0.7576 -0.5953
vn 0.2680 -0.7559 -0.5973
vn 0.2682 -0.7566 -0.5963
vn 0.2679 -0.7556 -0.5977
vn 0.2682 -0.7548 -0.5987
vn 0.2676 -0.7565 -0.5967
vn 0.3727 -0.9121 0.1706
vn 0.5292 -0.8066 -0.2633
vn 0.6044 -0.4740 -0.6403
vn 0.5900 -0.6597 -0.4655
vn 0.9200 -0.3881 -0.0545
vn 0.9197 -0.3887 -0.0547
vn 0.9202 -0.3876 -0.0548
vn 0.9647 -0.1805 -0.1919
vn 0.9648 -0.1808 -0.1911
vn 0.9646 -0.1816 -0.1911
vn 0.7997 -0.3634 -0.4779
vn 0.8173 -0.5696 0.0874
vn 0.0356 0.8441 -0.5350
vn 0.9201 -0.3878 -0.0546
vn 0.9203 -0.3873 -0.0548
vn 0.9206 -0.3866 -0.0547
vn 0.6715 -0.7274 -0.1416
vn 0.6714 -0.7274 -0.1416
vn 0.7609 -0.5619 -0.3244
vn -0.6845 -0.7075 0.1759
vn -0.8389 -0.5415 0.0560
vn -0.7671 -0.6320 0.1099
vn -0.6845 -0.7075 0.1757
vn -0.3499 -0.9062 0.2376
vn -0.5921 -0.7371 -0.3259
vn -0.1466 -0.9382 -0.3136
vn -0.1466 -0.9380 -0.3141
vn -0.4877 -0.8634 -0.1292
vn -0.4875 -0.8635 -0.1293
vn -0.5498 -0.8042 -0.2256
vn 0.0681 -0.9976 0.0113
vn -0.1745 -0.8862 -0.4291
vn -0.1466 -0.9381 -0.3140
vn -0.1463 -0.9381 -0.3139
vn -0.2132 -0.8199 -0.5313
vn 0.2803 -0.7864 -0.5505
vn 0.2471 -0.9114 -0.3291
vn 0.2590 -0.8567 -0.4461
vn 0.2472 -0.9115 -0.3288
vn 0.4860 -0.8495 0.2054
vn 0.9059 -0.4233 -0.0114
vn 0.8513 -0.5225 0.0474
vn 0.7851 -0.6078 0.1191
vn 0.7850 -0.6080 0.1191
vn 0.5882 -0.7904 -0.1711
vn 0.5882 -0.7905 -0.1707
vn 0.6593 -0.6521 -0.3743
vn 0.6346 -0.7236 -0.2715
vn -0.9562 -0.2477 -0.1563
vn -0.9561 -0.2477 -0.1563
vn -0.4701 0.6248 -0.6234
vn -0.9310 -0.3534 -0.0911
vn -0.8909 -0.4534 -0.0245
vn -0.9310 -0.3534 -0.0912
vn -0.6985 -0.4529 -0.5540
vn -0.6985 -0.4517 -0.5551
vn -0.6984 -0.4523 -0.5547
vn -0.6986 -0.4507 -0.5558
vn -0.6458 -0.6477 -0.4043
vn -0.6776 -0.5542 -0.4834
vn -0.6775 -0.5542 -0.4836
vn -0.2530 -0.5516 -0.7948
vn -0.2528 -0.5493 -0.7965
vn -0.2525 -0.5506 -0.7957
vn -0.2528 -0.5486 -0.7969
vn -0.2523 -0.5477 -0.7978
vn -0.2525 -0.5498 -0.7962
vn -0.0689 0.5370 -0.8407
vn -0.2387 -0.6504 -0.7211
vn -0.2388 -0.6503 -0.7212
vn -0.2210 -0.7410 -0.6341
vn 0.2632 -0.5138 -0.8165
vn 0.2625 -0.5147 -0.8162
vn 0.2624 -0.5140 -0.8166
vn 0.2625 -0.5150 -0.8160
vn 0.2619 -0.5153 -0.8161
vn 0.2625 -0.5144 -0.8164
vn 0.2682 -0.6153 -0.7412
vn 0.2693 -0.7077 -0.6532
vn 0.2679 -0.6161 -0.7407
vn 0.7086 -0.3564 -0.6090
vn 0.9660 -0.1177 -0.2303
vn 0.9660 -0.1175 -0.2304
vn 0.7084 -0.3564 -0.6092
vn 0.9393 -0.3296 -0.0951
vn 0.3323 0.6793 -0.6543
vn 0.9604 -0.2250 -0.1643
vn 0.6941 -0.5571 -0.4559
vn 0.7071 -0.4604 -0.5367
vn 0.7072 -0.4601 -0.5369
vn 0.4996 -0.4084 -0.7639
vn 0.9981 0.0540 -0.0308
vn 0.4996 0.4488 0.7409
vn 0.4278 -0.2175 0.8773
vn 0.4276 -0.2175 0.8774
vn 0.8048 -0.5157 0.2938
vn 0.8046 -0.5160 0.2939
vn 0.4277 -0.8656 -0.2603
vn -0.3258 -0.2686 0.9065
vn -0.3260 -0.2686 0.9064
vn -0.2580 0.4607 0.8493
vn -0.4972 0.3812 0.7794
vn -0.9956 -0.0812 0.0462
vn -0.4973 -0.4760 -0.7254
vn 0.9660 0.1383 0.2185
vn 0.9659 0.1384 0.2187
vn 0.3324 0.9092 -0.2507
vn 0.9604 0.0263 0.2775
vn 0.9605 0.0259 0.2771
vn 0.9393 -0.0861 0.3320
vn 0.9604 0.0264 0.2772
vn 0.7084 0.3421 0.6174
vn 0.2624 0.4391 0.8592
vn 0.2623 0.4398 0.8589
vn 0.2621 0.4385 0.8597
vn 0.7087 0.3424 0.6168
vn 0.6942 0.1088 0.7116
vn 0.7061 0.2281 0.6704
vn 0.7068 0.2277 0.6698
vn 0.7072 0.2263 0.6698
vn 0.7079 0.2259 0.6692
vn 0.7070 0.2271 0.6698
vn 0.2626 0.4409 0.8583
vn 0.2624 0.4402 0.8587
vn 0.2625 0.4398 0.8589
vn -0.0689 0.9971 -0.0333
vn 0.2681 0.3238 0.9073
vn 0.2679 0.3244 0.9072
vn 0.2680 0.3231 0.9076
vn 0.2684 0.3221 0.9079
vn 0.2682 0.3232 0.9075
vn 0.2681 0.3227 0.9078
vn 0.2692 0.2012 0.9418
vn -0.2526 0.4047 0.8789
vn -0.6987 0.2469 0.6715
vn -0.6988 0.2462 0.6716
vn -0.2527 0.4050 0.8787
vn -0.2211 0.1679 0.9607
vn -0.2389 0.2890 0.9270
vn -0.2387 0.2888 0.9272
vn -0.2388 0.2884 0.9272
vn -0.2386 0.2882 0.9274
vn -0.2386 0.2888 0.9272
vn -0.9562 0.0084 0.2927
vn -0.9562 0.0081 0.2927
vn -0.9561 0.0086 0.2930
vn -0.9561 0.0080 0.2928
vn -0.9562 0.0075 0.2926
vn -0.6986 0.2478 0.6712
vn -0.6987 0.2474 0.6713
vn -0.9310 -0.1016 0.3506
vn -0.9311 -0.1016 0.3503
vn -0.8907 -0.2107 0.4028
vn -0.4700 0.8549 -0.2196
vn -0.6458 0.0173 0.7633
vn -0.9310 -0.1015 0.3506
vn -0.9309 -0.1017 0.3509
vn -0.6774 0.1334 0.7234
vn -0.6777 0.1339 0.7231
vn -0.6774 0.1324 0.7236
vn -0.6776 0.1332 0.7232
vn -0.6776 0.1327 0.7234
vn 0.2992 -0.3666 0.8810
vn 0.3012 -0.3647 0.8811
vn 0.3019 -0.3670 0.8799
vn 0.3033 -0.9430 -0.1368
vn 0.3011 -0.9436 -0.1375
vn 0.3013 -0.9438 -0.1358
vn 0.3026 -0.9436 -0.1347
vn 0.3024 -0.9434 -0.1364
vn 0.3004 -0.9442 -0.1354
vn 0.1275 -0.9148 0.3833
vn 0.1268 -0.9149 0.3832
vn 0.1282 -0.9146 0.3835
vn 0.1943 -0.8765 0.4405
vn 0.1964 -0.8753 0.4419
vn 0.1947 -0.8756 0.4420
vn 0.2248 -0.9662 0.1265
vn 0.2245 -0.9662 0.1264
vn 0.2246 -0.9662 0.1262
vn 0.1273 -0.9148 0.3833
vn 0.1258 -0.9151 0.3832
vn 0.1264 -0.9149 0.3833
vn 0.2248 -0.9662 0.1261
vn 0.2247 -0.9662 0.1263
vn 0.2245 -0.9663 0.1261
vn 0.6456 -0.7493 0.1476
vn 0.6435 -0.7510 0.1482
vn 0.6446 -0.7499 0.1487
vn 0.6430 -0.7514 0.1482
vn 0.6430 -0.7512 0.1493
vn 0.6440 -0.7505 0.1484
vn 0.1968 -0.8263 0.5277
vn 0.1969 -0.8264 0.5276
vn 0.1965 -0.8260 0.5283
vn 0.4383 -0.8454 0.3054
vn 0.4398 -0.8452 0.3037
vn 0.4403 -0.8443 0.3054
vn 0.4403 -0.8449 0.3036
vn 0.4391 -0.8449 0.3054
vn 0.4412 -0.8438 0.3056
vn 0.1954 -0.8755 0.4420
vn 0.1972 -0.8752 0.4418
vn 0.1958 -0.8758 0.4411
vn 0.6420 -0.5111 0.5714
vn 0.6430 -0.5103 0.5711
vn 0.6431 -0.5125 0.5690
vn 0.6429 -0.5094 0.5720
vn 0.6442 -0.5106 0.5695
vn 0.6432 -0.5116 0.5698
vn 0.3016 -0.3660 0.8804
vn 0.3009 -0.3634 0.8817
vn 0.3036 -0.3638 0.8806
vn 0.1291 -0.7952 0.5925
vn 0.1253 -0.7966 0.5914
vn 0.1263 -0.7947 0.5937
vn 0.2250 -0.5992 0.7683
vn 0.2199 -0.6025 0.7672
vn 0.2244 -0.6032 0.7654
vn 0.1249 -0.7974 0.5904
vn 0.1220 -0.7970 0.5916
vn 0.1259 -0.7956 0.5926
vn 0.2253 -0.5976 0.7695
vn 0.2247 -0.6015 0.7666
vn 0.2285 -0.6000 0.7667
vn 0.1966 -0.8262 0.5279
vn 0.1970 -0.8265 0.5274
vn 0.4404 -0.6926 0.5713
vn 0.4409 -0.6933 0.5701
vn 0.4394 -0.6936 0.5709
vn 0.4384 -0.6934 0.5719
vn 0.4397 -0.6931 0.5712
vn 0.4389 -0.6940 0.5707
vn 0.0455 -0.8034 0.5936
vn 0.0472 -0.8000 0.5981
vn -0.0923 -0.3977 0.9129
vn -0.0284 -0.6231 0.7816
vn 0.0455 -0.8024 0.5951
vn 0.0432 -0.8054 0.5912
vn 0.0454 -0.8041 0.5927
vn 0.0342 -0.8117 0.5831
vn -0.3106 -0.4815 0.8196
vn -0.1105 0.8791 -0.4637
vn -0.1572 -0.6699 0.7257
vn 0.0049 -0.8181 0.5750
vn -0.0267 -0.8463 0.5320
vn -0.4111 -0.5328 0.7396
vn -0.0165 -0.8296 0.5582
vn -0.2261 -0.7112 0.6657
vn -0.5341 -0.6457 0.5457
vn -0.0405 -0.8517 0.5224
vn -0.0408 -0.8523 0.5215
vn -0.0396 -0.8515 0.5229
vn -0.0404 -0.8520 0.5220
vn -0.0419 -0.8524 0.5211
vn -0.0408 -0.8524 0.5212
vn -0.2992 -0.7749 0.5568
vn -0.0268 -0.8891 0.4569
vn -0.5341 -0.7987 0.2771
vn -0.0443 -0.8833 0.4668
vn -0.4104 -0.9079 0.0850
vn -0.1109 0.8471 -0.5197
vn -0.0181 -0.9030 0.4293
vn -0.2284 -0.9358 0.2687
vn 0.0441 -0.9200 0.3894
vn 0.0452 -0.9211 0.3868
vn 0.0455 -0.9203 0.3885
vn 0.0339 -0.9153 0.4013
vn -0.0924 -0.9881 -0.1226
vn -0.0281 -0.9902 0.1370
vn 0.0451 -0.9215 0.3859
vn 0.0467 -0.9215 0.3856
vn 0.0454 -0.9207 0.3876
vn 0.0049 -0.9125 0.4091
vn -0.3098 -0.9508 -0.0041
vn -0.3097 -0.9508 -0.0041
vn -0.1587 -0.9655 0.2066
vn 0.9200 0.2635 0.2902
vn -0.2438 -0.6106 -0.7535
vn -0.2450 -0.6107 -0.7530
vn -0.2444 -0.6106 -0.7533
vn -0.2445 0.3426 0.9071
vn -0.2464 0.3476 0.9047
vn -0.2452 0.3371 0.9090
vn -0.2434 0.3298 0.9121
vn -0.2447 0.3401 0.9080
vn -0.2454 0.3347 0.9098
vn -0.2090 0.0961 0.9732
vn -0.2092 0.0978 0.9730
vn -0.2095 0.0949 0.9732
vn -0.1602 -0.1455 0.9763
vn -0.2094 0.0929 0.9734
vn -0.2092 0.0957 0.9732
vn -0.2096 0.0944 0.9732
vn -0.2325 -0.6524 0.7214
vn -0.5832 0.2273 0.7799
vn -0.4332 -0.2514 0.8655
vn -0.5287 -0.0136 0.8487
vn -0.7777 0.1213 0.6168
vn -0.1904 0.8752 -0.4448
vn -0.6983 -0.1070 0.7078
vn -0.5786 -0.3360 0.7432
vn -0.9428 -0.0594 0.3281
vn -0.9432 -0.0557 0.3276
vn -0.9431 -0.0576 0.3276
vn -0.9432 -0.0550 0.3277
vn -0.9434 -0.0532 0.3272
vn -0.9430 -0.0569 0.3278
vn -0.7229 -0.4698 0.5066
vn -0.8610 -0.2724 0.4296
vn -0.8605 -0.2725 0.4305
vn -0.8613 -0.2713 0.4296
vn -0.8619 -0.2711 0.4286
vn -0.8611 -0.2720 0.4296
vn -0.8614 -0.2710 0.4296
vn -0.9432 -0.3105 -0.1182
vn -0.9431 -0.3106 -0.1183
vn -0.1905 0.8287 -0.5263
vn -0.8591 -0.5115 0.0152
vn -0.8619 -0.5069 0.0139
vn -0.8604 -0.5094 0.0140
vn -0.7217 -0.6765 0.1466
vn -0.8624 -0.5061 0.0137
vn -0.8638 -0.5037 0.0127
vn -0.8610 -0.5084 0.0139
vn -0.2326 -0.9531 0.1934
vn -0.7781 -0.4690 -0.4179
vn -0.5787 -0.8102 -0.0931
vn -0.6983 -0.6643 -0.2667
vn -0.5819 -0.5557 -0.5938
vn -0.5819 -0.5557 -0.5937
vn -0.2447 -0.6106 -0.7532
vn -0.2453 -0.6107 -0.7529
vn -0.2460 -0.6107 -0.7527
vn -0.2097 -0.7855 -0.5823
vn -0.2057 -0.7880 -0.5804
vn -0.2089 -0.7876 -0.5797
vn -0.1592 -0.9170 -0.3657
vn -0.1240 0.8005 -0.5864
vn -0.2100 -0.7847 -0.5833
vn -0.2093 -0.7867 -0.5807
vn -0.2133 -0.7843 -0.5825
vn -0.4317 -0.8736 -0.2245
vn -0.5311 -0.7337 -0.4238
vn 0.3824 -0.4415 -0.8117
vn -0.2570 -0.5061 -0.8233
vn 0.2589 -0.4711 -0.8432
vn 0.3861 -0.4923 -0.7801
vn -0.7063 -0.3823 -0.5959
vn 0.7468 -0.6469 0.1544
vn 0.9206 -0.2752 -0.2770
vn 0.4770 -0.8786 0.0225
vn 0.2396 -0.9332 -0.2679
vn 0.3893 -0.5749 -0.7197
vn -0.1319 -0.9582 -0.2537
vn -0.3624 -0.6261 -0.6904
vn -0.3513 -0.9347 0.0541
vn -0.6387 -0.7408 0.2079
vn -0.8937 -0.3980 -0.2071
vn -0.1466 -0.2091 0.9668
vn -0.1469 -0.2083 0.9670
vn -0.1471 -0.2093 0.9667
vn -0.1852 0.0454 0.9817
vn -0.1746 -0.0826 0.9812
vn -0.1466 -0.2086 0.9670
vn -0.1462 -0.2080 0.9671
vn -0.1467 -0.2081 0.9671
vn -0.1733 -0.5669 0.8054
vn -0.6125 -0.1070 0.7832
vn -0.4878 -0.3292 0.8085
vn -0.5503 -0.2161 0.8065
vn -0.4876 -0.3292 0.8086
vn -0.4876 -0.3289 0.8087
vn -0.6845 -0.5122 0.5188
vn -0.6845 -0.5119 0.5190
vn -0.4146 -0.7907 0.4504
vn -0.6848 -0.5119 0.5186
vn -0.6844 -0.5117 0.5194
vn -0.7670 -0.4168 0.4878
vn -0.8315 -0.3096 0.4613
vn -0.8312 -0.5552 0.0313
vn -0.6845 -0.7075 0.1756
vn -0.6843 -0.7076 0.1761
vn -0.7670 -0.6322 0.1099
vn -0.4876 -0.8634 -0.1294
vn -0.1732 -0.9819 0.0769
vn -0.1852 -0.8215 -0.5392
vn -0.1747 -0.8861 -0.4293
vn -0.1465 -0.9381 -0.3138
vn -0.6125 -0.7282 -0.3075
vn -0.4877 -0.8635 -0.1289
vn -0.5504 -0.8037 -0.2261
vn -0.6384 -0.5568 0.5315
vn -0.8937 -0.0247 0.4480
vn -0.1314 -0.2707 0.9537
vn -0.3622 0.2750 0.8906
vn 0.2396 -0.2455 0.9393
vn 0.3894 0.3259 0.8615
vn 0.4771 -0.4671 0.7445
vn 0.7467 -0.4628 0.4777
vn 0.9206 0.0980 0.3781
vn 0.3824 0.4731 0.7936
vn -0.9505 -0.0235 0.3097
vn 0.2590 0.4851 0.8352
vn -0.2571 0.4501 0.8552
vn 0.9660 0.1065 0.2357
vn 0.3860 0.4200 0.8213
vn 0.2666 0.3679 0.8908
vn 0.2663 0.3706 0.8898
vn 0.2661 0.3693 0.8904
vn 0.2669 -0.5742 -0.7740
vn 0.2681 -0.5734 -0.7742
vn 0.2663 -0.5754 -0.7733
vn 0.2647 -0.5767 -0.7729
vn 0.2666 -0.5748 -0.7737
vn 0.2660 -0.5760 -0.7730
vn -0.0304 0.8068 -0.5901
vn 0.2676 -0.7570 -0.5961
vn 0.2654 -0.7575 -0.5964
vn 0.2680 -0.7556 -0.5977
vn 0.2526 -0.8891 -0.3816
vn 0.2704 -0.7545 -0.5980
vn 0.2678 -0.7564 -0.5968
vn 0.2682 -0.7550 -0.5984
vn 0.3729 -0.9122 0.1701
vn 0.6039 -0.4770 -0.6386
vn 0.5269 -0.8082 -0.2630
vn 0.8011 -0.3606 -0.4777
vn 0.0360 0.8442 -0.5349
vn 0.7586 -0.5650 -0.3245
vn 0.6750 -0.7242 -0.1411
vn 0.9647 -0.1805 -0.1916
vn 0.9647 -0.1807 -0.1917
vn 0.9205 -0.3867 -0.0552
vn 0.9199 -0.3884 -0.0549
vn 0.9202 -0.3875 -0.0553
vn 0.8153 -0.5724 0.0876
vn 0.9210 -0.3855 -0.0555
vn 0.9207 -0.3863 -0.0552
vn 0.9203 -0.3872 -0.0553
vn 0.9639 0.0751 0.2554
vn 0.9645 0.0721 0.2542
vn 0.9645 0.0741 0.2536
vn 0.9645 0.0712 0.2544
vn 0.9650 0.0702 0.2526
vn 0.9645 0.0732 0.2538
vn 0.0359 0.8906 -0.4533
vn 0.8166 -0.3660 0.4464
vn 0.9200 -0.1507 0.3618
vn 0.9200 -0.1513 0.3616
vn 0.9202 -0.1504 0.3614
vn 0.9202 -0.1500 0.3615
vn 0.9202 -0.1503 0.3615
vn 0.9204 -0.1502 0.3610
vn 0.3729 -0.6116 0.6978
vn 0.6737 -0.2502 0.6954
vn 0.7589 -0.0068 0.6511
vn 0.8000 0.2254 0.5561
vn 0.8000 0.2254 0.5560
vn 0.6043 0.3119 0.7332
vn 0.2662 0.3699 0.8901
vn 0.2663 0.3714 0.8895
vn 0.2660 0.3725 0.8891
vn 0.2681 0.1299 0.9546
vn 0.2662 0.1266 0.9556
vn 0.2685 0.1275 0.9548
vn 0.2533 -0.1247 0.9593
vn -0.0302 0.9190 -0.3931
vn 0.2680 0.1310 0.9545
vn 0.2682 0.1286 0.9547
vn 0.2704 0.1311 0.9538
vn 0.5277 -0.1872 0.8286
vn 0.5889 0.0614 0.8058
vn 0.2473 -0.9113 -0.3292
vn 0.2521 -0.7924 -0.5555
vn 0.2593 -0.8564 -0.4465
vn 0.2471 -0.9114 -0.3292
vn 0.7851 -0.6079 0.1190
vn 0.5879 -0.7907 -0.1708
vn 0.5885 -0.7903 -0.1707
vn 0.5876 -0.7911 -0.1703
vn 0.5883 -0.7904 -0.1708
vn 0.5890 -0.7898 -0.1713
vn 0.5889 -0.7900 -0.1706
vn 0.6345 -0.7237 -0.2715
vn 0.5506 -0.7253 0.4131
vn 0.8513 -0.5226 0.0474
vn 0.7851 -0.6078 0.1190
vn 0.7849 -0.6080 0.1191
vn 0.8985 -0.4376 -0.0354
vn 0.8987 -0.1922 0.3942
vn 0.7854 -0.4117 0.4621
vn 0.7851 -0.4123 0.4621
vn 0.7856 -0.4114 0.4621
vn 0.7851 -0.4121 0.4623
vn 0.7847 -0.4130 0.4623
vn 0.7849 -0.4127 0.4621
vn 0.3093 -0.5346 0.7865
vn 0.2523 0.0751 0.9647
vn 0.2590 -0.0528 0.9644
vn 0.2471 -0.1817 0.9518
vn 0.2471 -0.1816 0.9518
vn 0.5883 -0.2563 0.7670
vn 0.5882 -0.2565 0.7669
vn 0.5879 -0.2567 0.7671
vn 0.6797 -0.0189 0.7333
vn 0.6343 -0.1356 0.7611
vn 0.2622 -0.5151 -0.8161
vn 0.2620 -0.5151 -0.8161
vn 0.2625 -0.5146 -0.8162
vn 0.2629 -0.5146 -0.8161
vn 0.2623 -0.5151 -0.8160
vn 0.2626 -0.5148 -0.8161
vn 0.1628 0.5836 -0.7956
vn 0.2683 -0.6154 -0.7412
vn 0.2696 -0.7073 -0.6535
vn 0.2680 -0.6155 -0.7411
vn 0.7082 -0.3567 -0.6093
vn 0.7086 -0.3564 -0.6089
vn 0.6943 -0.5571 -0.4557
vn 0.7071 -0.4601 -0.5369
vn 0.7070 -0.4601 -0.5371
vn 0.9660 -0.1171 -0.2304
vn 0.9660 -0.1176 -0.2303
vn 0.9604 -0.2251 -0.1641
vn 0.9603 -0.2255 -0.1642
vn 0.9392 -0.3299 -0.0953
vn 0.9660 0.1382 0.2183
vn 0.9603 0.0267 0.2775
vn 0.9660 0.1382 0.2186
vn 0.9393 -0.0862 0.3321
vn 0.9604 0.0266 0.2773
vn 0.7087 0.3420 0.6171
vn 0.7084 0.3424 0.6173
vn 0.2625 0.4403 0.8586
vn 0.2624 0.4398 0.8589
vn 0.7085 0.3428 0.6169
vn 0.7083 0.3430 0.6170
vn 0.7085 0.3426 0.6170
vn 0.2678 0.3231 0.9077
vn 0.2695 0.2009 0.9418
vn 0.6941 0.1081 0.7117
vn 0.2680 0.3235 0.9075
vn 0.2681 0.3228 0.9077
vn 0.7069 0.2271 0.6699
vn 0.7071 0.2264 0.6699
vn 0.7070 0.2269 0.6698
vn 0.7070 0.2266 0.6700
vn -0.7049 0.3022 0.6417
vn -0.6018 -0.4242 0.6767
vn -0.6018 -0.4243 0.6767
vn 0.0508 -0.1928 0.9799
vn 0.7035 -0.7100 -0.0305
vn 0.0509 -0.9413 -0.3337
vn -0.6018 -0.7984 0.0199
vn -0.6017 -0.7984 0.0199
vn 0.0012 -0.5085 -0.8610
vn -0.2526 0.4048 0.8788
vn -0.2529 0.4048 0.8787
vn -0.3005 0.9505 -0.0785
vn -0.2387 0.2885 0.9272
vn -0.2383 0.2885 0.9273
vn -0.2389 0.2892 0.9270
vn -0.2210 0.1677 0.9607
vn -0.2392 0.2888 0.9270
vn -0.2387 0.2884 0.9273
vn -0.2388 0.2888 0.9271
vn -0.6989 0.2472 0.6711
vn -0.6988 0.2470 0.6713
vn -0.6986 0.2466 0.6717
vn -0.6984 0.2465 0.6719
vn -0.6455 0.0172 0.7636
vn -0.6778 0.1336 0.7230
vn -0.6777 0.1338 0.7231
vn -0.6775 0.1330 0.7234
vn -0.6775 0.1336 0.7233
vn -0.9562 0.0072 0.2926
vn -0.9561 0.0079 0.2928
vn -0.9562 0.0076 0.2927
vn -0.9560 0.0083 0.2931
vn -0.9561 0.0084 0.2928
vn -0.9562 0.0077 0.2926
vn -0.9310 -0.1017 0.3505
vn -0.5322 0.7356 -0.4191
vn -0.8908 -0.2100 0.4029
vn -0.9562 -0.2477 -0.1561
vn -0.6986 -0.4519 -0.5547
vn -0.9562 -0.2477 -0.1562
vn -0.8912 -0.4529 -0.0246
vn -0.9311 -0.3533 -0.0912
vn -0.2528 -0.5500 -0.7960
vn -0.2525 -0.5493 -0.7965
vn -0.2524 -0.5503 -0.7959
vn -0.2526 -0.5492 -0.7966
vn -0.2530 -0.5483 -0.7971
vn -0.6987 -0.4518 -0.5546
vn -0.2388 -0.6498 -0.7216
vn -0.2209 -0.7414 -0.6337
vn -0.3006 0.5522 -0.7777
vn -0.6456 -0.6480 -0.4040
vn -0.2389 -0.6500 -0.7214
vn -0.6776 -0.5543 -0.4833
vn -0.6779 -0.5542 -0.4830
vn -0.6777 -0.5540 -0.4835
vn -0.6775 -0.5536 -0.4843
vn -0.6777 -0.5539 -0.4836
vn -0.6777 -0.5536 -0.4840
vn 0.2950 -0.3678 0.8819
vn 0.3023 -0.3621 0.8818
vn 0.3017 -0.3688 0.8792
vn 0.3014 -0.9438 -0.1360
vn 0.3006 -0.9440 -0.1362
vn 0.3019 -0.9437 -0.1352
vn 0.3029 -0.9435 -0.1347
vn 0.3016 -0.9437 -0.1357
vn 0.3021 -0.9437 -0.1349
vn 0.1245 -0.9154 0.3828
vn 0.1267 -0.9149 0.3832
vn 0.1266 -0.9149 0.3834
vn 0.1966 -0.8749 0.4425
vn 0.1965 -0.8748 0.4428
vn 0.1935 -0.8760 0.4418
vn 0.2226 -0.9667 0.1259
vn 0.2225 -0.9670 0.1244
vn 0.2239 -0.9666 0.1249
vn 0.1254 -0.9152 0.3829
vn 0.1255 -0.9153 0.3827
vn 0.1276 -0.9147 0.3834
vn 0.2228 -0.9669 0.1241
vn 0.2232 -0.9667 0.1255
vn 0.2244 -0.9665 0.1245
vn 0.6416 -0.7520 0.1509
vn 0.6422 -0.7519 0.1491
vn 0.6410 -0.7528 0.1496
vn 0.6428 -0.7515 0.1489
vn 0.6422 -0.7522 0.1477
vn 0.6415 -0.7524 0.1494
vn 0.4417 -0.8441 0.3039
vn 0.4412 -0.8447 0.3031
vn 0.4409 -0.8443 0.3046
vn 0.4410 -0.8438 0.3059
vn 0.4414 -0.8442 0.3043
vn 0.4406 -0.8443 0.3050
vn 0.1948 -0.8755 0.4423
vn 0.1978 -0.8744 0.4432
vn 0.1989 -0.8755 0.4403
vn 0.6425 -0.5088 0.5730
vn 0.6417 -0.5125 0.5706
vn 0.6447 -0.5099 0.5695
vn 0.6402 -0.5138 0.5711
vn 0.6419 -0.5158 0.5674
vn 0.6435 -0.5109 0.5699
vn 0.3019 -0.3660 0.8803
vn 0.3025 -0.3592 0.8829
vn 0.3092 -0.3602 0.8802
vn 0.2001 -0.8255 0.5277
vn 0.1964 -0.8263 0.5278
vn 0.1987 -0.8239 0.5308
vn 0.1309 -0.8000 0.5856
vn 0.1264 -0.7953 0.5929
vn 0.1251 -0.7991 0.5880
vn 0.2235 -0.6027 0.7660
vn 0.2219 -0.5997 0.7688
vn 0.2251 -0.6001 0.7676
vn 0.1270 -0.7938 0.5948
vn 0.1259 -0.7975 0.5900
vn 0.1257 -0.7976 0.5900
vn 0.2244 -0.6013 0.7669
vn 0.2260 -0.6043 0.7640
vn 0.1986 -0.8259 0.5277
vn 0.1964 -0.8284 0.5246
vn 0.1950 -0.8268 0.5277
vn 0.4426 -0.6913 0.5711
vn 0.4440 -0.6929 0.5682
vn 0.4371 -0.6927 0.5736
vn 0.4414 -0.6922 0.5710
vn 0.4385 -0.6943 0.5706
vn 0.0454 -0.8040 0.5929
vn 0.0453 -0.8024 0.5951
vn 0.0429 -0.8046 0.5923
vn -0.0938 -0.3972 0.9129
vn -0.0275 -0.6211 0.7833
vn 0.0453 -0.8034 0.5937
vn 0.0478 -0.8012 0.5965
vn 0.0452 -0.8017 0.5960
vn 0.0341 -0.8120 0.5826
vn -0.3124 -0.4813 0.8190
vn -0.1106 0.8793 -0.4633
vn -0.1572 -0.6678 0.7275
vn 0.0049 -0.8192 0.5735
vn -0.4118 -0.5348 0.7378
vn -0.0181 -0.8306 0.5565
vn -0.2272 -0.7079 0.6688
vn -0.5332 -0.6462 0.5460
vn -0.0422 -0.8519 0.5221
vn -0.0412 -0.8521 0.5217
vn -0.0427 -0.8514 0.5227
vn -0.0417 -0.8520 0.5219
vn -0.0405 -0.8528 0.5206
vn -0.0409 -0.8523 0.5215
vn -0.2998 -0.7748 0.5566
vn -0.0405 -0.8833 0.4670
vn -0.0431 -0.8834 0.4666
vn -0.0393 -0.8845 0.4649
vn -0.0268 -0.8892 0.4567
vn -0.2954 -0.8751 0.3832
vn -0.5341 -0.7986 0.2775
vn -0.0416 -0.8834 0.4668
vn -0.0449 -0.8823 0.4686
vn -0.0442 -0.8835 0.4664
vn -0.4116 -0.9075 0.0840
vn -0.1112 0.8468 -0.5201
vn -0.0181 -0.9022 0.4308
vn -0.0181 -0.9022 0.4309
vn -0.2261 -0.9363 0.2687
vn 0.0415 -0.9208 0.3879
vn 0.0458 -0.9212 0.3864
vn 0.0437 -0.9209 0.3873
vn 0.0342 -0.9154 0.4012
vn 0.0467 -0.9213 0.3861
vn 0.0490 -0.9214 0.3855
vn 0.0446 -0.9210 0.3870
vn 0.0049 -0.9122 0.4097
vn -0.3128 -0.9498 -0.0050
vn -0.1582 -0.9655 0.2070
vn 0.9200 -0.1153 -0.3747
vn 0.9199 0.2635 0.2903
vn 0.3804 0.4949 0.7813
vn -0.2439 -0.6143 -0.7505
vn -0.2453 -0.6096 -0.7538
vn -0.2440 -0.6119 -0.7524
vn -0.2457 0.3339 0.9100
vn -0.2399 0.3328 0.9120
vn -0.2449 0.3397 0.9081
vn -0.2505 0.3426 0.9055
vn -0.2454 0.3364 0.9092
vn -0.2446 0.3421 0.9073
vn -0.1241 0.9126 -0.3895
vn -0.2087 0.1031 0.9725
vn -0.2106 0.1083 0.9716
vn -0.2091 0.0974 0.9730
vn -0.2068 0.0898 0.9743
vn -0.2087 0.1006 0.9728
vn -0.2090 0.0950 0.9733
vn -0.2324 -0.6524 0.7214
vn -0.4339 -0.2484 0.8660
vn -0.5281 -0.0136 0.8491
vn -0.7779 0.1209 0.6166
vn -0.1903 0.8754 -0.4444
vn -0.6986 -0.1073 0.7075
vn -0.5770 -0.3353 0.7447
vn -0.5771 -0.3353 0.7447
vn -0.9436 -0.3094 -0.1182
vn -0.9437 -0.3091 -0.1180
vn -0.9433 -0.0570 0.3269
vn -0.9432 -0.0563 0.3274
vn -0.9433 -0.0567 0.3271
vn -0.9431 -0.0558 0.3277
vn -0.9431 -0.0554 0.3278
vn -0.9432 -0.0562 0.3275
vn -0.7231 -0.4706 0.5056
vn -0.8612 -0.2716 0.4296
vn -0.8608 -0.2715 0.4304
vn -0.8614 -0.2707 0.4297
vn -0.8620 -0.2703 0.4288
vn -0.8613 -0.2711 0.4297
vn -0.8616 -0.2701 0.4297
vn -0.9435 -0.3096 -0.1178
vn -0.9436 -0.3094 -0.1180
vn -0.1906 0.8289 -0.5260
vn -0.7225 -0.6757 0.1465
vn -0.8602 -0.5098 0.0138
vn -0.8610 -0.5084 0.0137
vn -0.8606 -0.5091 0.0136
vn -0.8613 -0.5079 0.0138
vn -0.8617 -0.5072 0.0136
vn -0.8609 -0.5086 0.0137
vn -0.2325 -0.9531 0.1936
vn -0.5760 -0.8122 -0.0926
vn -0.7779 -0.4692 -0.4179
vn -0.6989 -0.6634 -0.2672
vn -0.2445 -0.6109 -0.7530
vn -0.2457 -0.6087 -0.7544
vn -0.2460 -0.6062 -0.7563
vn -0.5814 -0.5548 -0.5951
vn -0.2097 -0.7867 -0.5806
vn -0.2049 -0.7892 -0.5790
vn -0.2085 -0.7889 -0.5781
vn -0.1594 -0.9174 -0.3646
vn -0.1240 0.8007 -0.5860
vn -0.2103 -0.7858 -0.5817
vn -0.2090 -0.7880 -0.5791
vn -0.2137 -0.7855 -0.5808
vn -0.4304 -0.8744 -0.2239
vn -0.5314 -0.7340 -0.4228
vn -0.9201 -0.2619 -0.2913
vn -0.2571 -0.5060 -0.8233
vn 0.2590 -0.4710 -0.8432
vn 0.9206 -0.2751 -0.2771
vn 0.4771 -0.8785 0.0224
vn 0.2395 -0.9332 -0.2679
vn -0.1315 -0.9584 -0.2535
vn -0.3623 -0.6260 -0.6906
vn -0.1470 -0.2085 0.9669
vn -0.1466 -0.2079 0.9671
vn -0.1851 0.0454 0.9817
vn -0.1744 -0.0826 0.9812
vn -0.1465 -0.2087 0.9670
vn -0.1732 -0.5670 0.8053
vn -0.6128 -0.1060 0.7831
vn -0.6843 -0.5123 0.5190
vn -0.6847 -0.5121 0.5187
vn -0.4874 -0.3294 0.8087
vn -0.4879 -0.3293 0.8084
vn -0.5499 -0.2168 0.8066
vn -0.4877 -0.3292 0.8086
vn -0.4145 -0.7907 0.4505
vn -0.7669 -0.4169 0.4879
vn -0.8314 -0.3096 0.4614
vn -0.6845 -0.5120 0.5190
vn -0.8313 -0.5550 0.0312
vn -0.6842 -0.7078 0.1758
vn -0.7672 -0.6320 0.1098
vn -0.1466 -0.9381 -0.3139
vn -0.1732 -0.9819 0.0770
vn -0.1851 -0.8217 -0.5390
vn -0.1746 -0.8862 -0.4291
vn -0.1468 -0.9382 -0.3135
vn -0.6128 -0.7281 -0.3073
vn -0.5502 -0.8040 -0.2257
vn -0.4877 -0.8634 -0.1291
vn -0.6385 -0.5567 0.5314
vn -0.8937 -0.0249 0.4479
vn -0.1315 -0.2705 0.9537
vn -0.3622 0.2748 0.8906
vn 0.2396 -0.2454 0.9394
vn 0.3895 0.3255 0.8616
vn 0.4772 -0.4672 0.7443
vn 0.7468 -0.4628 0.4777
vn 0.9206 0.0980 0.3780
vn 0.3823 0.4732 0.7937
vn -0.3805 0.4214 0.8232
vn -0.2571 0.4501 0.8551
vn -0.3749 0.3684 0.8507
vn 0.9660 0.1065 0.2358
vn 0.3862 0.4200 0.8213
vn 0.2638 0.3739 0.8891
vn 0.2662 0.3721 0.8892
vn 0.2656 0.3738 0.8887
vn 0.2661 -0.5743 -0.7742
vn 0.2646 -0.5746 -0.7745
vn 0.2667 -0.5730 -0.7750
vn 0.2685 -0.5721 -0.7749
vn 0.2664 -0.5737 -0.7745
vn 0.2670 -0.5725 -0.7752
vn -0.0304 0.8066 -0.5903
vn 0.2680 -0.7557 -0.5976
vn 0.2533 -0.8884 -0.3828
vn 0.2682 -0.7556 -0.5976
vn 0.2678 -0.7557 -0.5977
vn 0.3730 -0.9121 0.1700
vn 0.6028 -0.4775 -0.6392
vn 0.5281 -0.8075 -0.2628
vn 0.8006 -0.3604 -0.4786
vn 0.0359 0.8442 -0.5348
vn 0.7593 -0.5641 -0.3244
vn 0.6733 -0.7259 -0.1408
vn 0.6733 -0.7258 -0.1408
vn 0.9652 -0.1795 -0.1902
vn 0.9645 -0.1816 -0.1917
vn 0.9648 -0.1802 -0.1914
vn 0.9640 -0.1829 -0.1929
vn 0.9647 -0.1808 -0.1915
vn 0.8166 -0.5705 0.0876
vn 0.8167 -0.5705 0.0876
vn 0.9198 -0.3885 -0.0554
vn 0.9195 -0.3891 -0.0564
vn 0.9202 -0.3875 -0.0552
vn 0.9205 -0.3870 -0.0545
vn 0.9199 -0.3882 -0.0553
vn 0.9204 -0.3872 -0.0550
vn 0.9642 0.0744 0.2547
vn 0.9646 0.0722 0.2537
vn 0.9646 0.0735 0.2533
vn 0.9646 0.0714 0.2540
vn 0.9650 0.0706 0.2526
vn 0.9646 0.0729 0.2535
vn 0.0357 0.8907 -0.4532
vn 0.9194 -0.1515 0.3631
vn 0.9206 -0.1497 0.3607
vn 0.9199 -0.1503 0.3621
vn 0.8157 -0.3672 0.4470
vn 0.9210 -0.1490 0.3600
vn 0.9215 -0.1481 0.3591
vn 0.9203 -0.1499 0.3615
vn 0.3728 -0.6118 0.6977
vn 0.7997 0.2242 0.5569
vn 0.6745 -0.2480 0.6954
vn 0.7599 -0.0068 0.6500
vn 0.2690 0.1310 0.9542
vn 0.2664 0.1323 0.9547
vn 0.2679 0.1284 0.9548
vn 0.6036 0.3121 0.7337
vn 0.2659 0.3730 0.8889
vn 0.2664 0.3713 0.8895
vn 0.2683 0.3712 0.8890
vn 0.2528 -0.1281 0.9590
vn -0.0304 0.9191 -0.3929
vn 0.2685 0.1299 0.9545
vn 0.2675 0.1273 0.9551
vn 0.2697 0.1254 0.9547
vn 0.5288 -0.1836 0.8287
vn 0.5888 0.0652 0.8057
vn 0.2472 -0.9114 -0.3289
vn 0.2524 -0.7919 -0.5561
vn 0.2470 -0.9115 -0.3288
vn 0.3094 -0.9492 0.0582
vn 0.6799 -0.6404 -0.3572
vn 0.5877 -0.7909 -0.1704
vn 0.5885 -0.7902 -0.1709
vn 0.5876 -0.7910 -0.1704
vn 0.5879 -0.7908 -0.1706
vn 0.6348 -0.7234 -0.2714
vn 0.5507 -0.7253 0.4131
vn 0.8512 -0.5226 0.0476
vn 0.8985 -0.4376 -0.0356
vn 0.8985 -0.1927 0.3944
vn 0.7851 -0.4124 0.4621
vn 0.7851 -0.4121 0.4624
vn 0.8513 -0.3073 0.4252
vn 0.3093 -0.5343 0.7866
vn 0.2521 0.0741 0.9649
vn 0.2589 -0.0545 0.9644
vn 0.2463 -0.1807 0.9522
vn 0.2472 -0.1821 0.9517
vn 0.2480 -0.1824 0.9514
vn 0.2472 -0.1815 0.9518
vn 0.5882 -0.2559 0.7672
vn 0.5882 -0.2568 0.7669
vn 0.5885 -0.2549 0.7673
vn 0.6799 -0.0194 0.7331
vn 0.5881 -0.2561 0.7672
vn 0.5878 -0.2578 0.7669
vn 0.5881 -0.2570 0.7669
vn 0.6344 -0.1357 0.7610
vn 0.2621 -0.5150 -0.8161
vn 0.2618 -0.5151 -0.8162
vn 0.2622 -0.5145 -0.8165
vn 0.2632 -0.5142 -0.8163
vn 0.2624 -0.5149 -0.8161
vn 0.2625 -0.5145 -0.8163
vn 0.2693 -0.7078 -0.6531
vn 0.2679 -0.6159 -0.7409
vn 0.7086 -0.3563 -0.6091
vn 0.6940 -0.5571 -0.4560
vn 0.7069 -0.4602 -0.5372
vn 0.7065 -0.4604 -0.5375
vn 0.9660 -0.1176 -0.2302
vn 0.9604 -0.2251 -0.1642
vn 0.9604 -0.2250 -0.1645
vn 0.9393 -0.3296 -0.0952
vn 0.9659 0.1382 0.2187
vn 0.9659 0.1385 0.2186
vn 0.9604 0.0260 0.2776
vn 0.9604 0.0266 0.2775
vn 0.7089 0.3420 0.6168
vn 0.7083 0.3426 0.6172
vn 0.2625 0.4399 0.8588
vn 0.7085 0.3422 0.6172
vn 0.7081 0.3425 0.6175
vn 0.2682 0.3231 0.9076
vn 0.2684 0.3256 0.9066
vn 0.2694 0.2004 0.9419
vn 0.1627 0.9820 -0.0962
vn 0.2680 0.3230 0.9077
vn 0.2675 0.3216 0.9083
vn 0.6942 0.1083 0.7116
vn 0.7070 0.2271 0.6697
vn 0.7068 0.2276 0.6698
vn 0.7070 0.2275 0.6696
vn 0.0012 0.4813 0.8765
vn -0.6017 -0.4242 0.6767
vn 0.0509 -0.1929 0.9799
vn 0.7036 -0.3357 0.6263
vn 0.7036 -0.3358 0.6262
vn -0.6017 -0.7984 0.0198
vn -0.6017 -0.7985 0.0199
vn -0.2525 0.4057 0.8785
vn -0.2527 0.4062 0.8782
vn -0.2527 0.4052 0.8786
vn -0.2523 0.4046 0.8790
vn -0.2527 0.4053 0.8786
vn -0.3004 0.9506 -0.0782
vn -0.2386 0.2886 0.9272
vn -0.2213 0.1680 0.9606
vn -0.2387 0.2890 0.9271
vn -0.6984 0.2466 0.6719
vn -0.6456 0.0169 0.7635
vn -0.6774 0.1336 0.7234
vn -0.9561 -0.2480 -0.1561
vn -0.9562 0.0084 0.2926
vn -0.9562 0.0079 0.2926
vn -0.9562 0.0078 0.2927
vn -0.9312 -0.1016 0.3502
vn -0.9313 -0.1016 0.3499
vn -0.9310 -0.1019 0.3506
vn -0.9309 -0.1020 0.3506
vn -0.8910 -0.2099 0.4026
vn -0.9562 -0.2476 -0.1564
vn -0.9310 -0.3533 -0.0912
vn -0.8909 -0.4534 -0.0246
vn -0.9310 -0.3536 -0.0910
vn -0.6984 -0.4530 -0.5541
vn -0.6988 -0.4519 -0.5545
vn -0.6985 -0.4523 -0.5546
vn -0.2525 -0.5496 -0.7964
vn -0.2525 -0.5501 -0.7960
vn -0.2527 -0.5498 -0.7962
vn -0.2525 -0.5495 -0.7964
vn -0.6989 -0.4511 -0.5551
vn -0.6989 -0.4505 -0.5555
vn -0.6986 -0.4518 -0.5548
vn -0.2212 -0.7404 -0.6347
vn -0.3003 0.5521 -0.7778
vn -0.2385 -0.6500 -0.7216
vn -0.6777 -0.5543 -0.4832
vn -0.6776 -0.5542 -0.4835
vn -0.6774 -0.5542 -0.4837
vn -0.6778 -0.5543 -0.4832
vn -0.0123 -0.9908 -0.1348
vn -0.0119 -0.9909 -0.1343
vn -0.0119 -0.9910 -0.1337
vn -0.0754 -0.9900 0.1190
vn -0.1791 -0.9740 0.1387
vn -0.2757 -0.9433 0.1849
vn -0.1218 -0.7069 0.6968
vn -0.0554 -0.6701 0.7402
vn 0.0261 -0.6366 0.7708
vn 0.0299 -0.7962 0.6044
vn 0.0148 -0.6140 0.7892
vn -0.0119 -0.3919 0.9199
vn 0.0453 -0.9589 0.2802
vn 0.0505 -0.9250 0.3766
vn 0.0255 -0.9918 0.1255
vn -0.4302 -0.9025 -0.0190
vn -0.0119 -0.9909 -0.1342
vn -0.0119 -0.9908 -0.1346
vn -0.0116 -0.9909 -0.1338
vn -0.0057 -0.9495 0.3137
vn -0.1287 -0.9855 -0.1106
vn -0.3926 -0.9194 0.0234
vn -0.0455 -0.9356 0.3502
vn -0.2653 -0.9629 -0.0492
vn -0.4451 -0.8900 0.0988
vn -0.0755 -0.9182 0.3888
vn -0.3797 -0.9243 0.0376
vn -0.0171 -0.9130 0.4077
vn -0.8426 -0.4773 -0.2495
vn -0.4517 -0.8829 0.1283
vn -0.2503 -0.9236 0.2904
vn -0.0953 -0.8980 0.4295
vn -0.0488 -0.8881 0.4571
vn -0.4880 -0.8530 0.1853
vn -0.2741 -0.9047 0.3262
vn -0.0404 -0.8985 0.4372
vn -0.9499 -0.2945 -0.1049
vn -0.2917 -0.8831 0.3675
vn -0.5160 -0.8190 0.2509
vn -0.1050 -0.8757 0.4713
vn -0.0552 -0.8710 0.4882
vn -0.5354 -0.7844 0.3132
vn -0.3037 -0.8616 0.4067
vn -0.0529 -0.8818 0.4686
vn -0.9847 -0.1513 0.0862
vn -0.5448 -0.7462 0.3826
vn -0.3096 -0.8373 0.4506
vn -0.1049 -0.8520 0.5129
vn -0.5447 -0.7096 0.4469
vn -0.0535 -0.8527 0.5196
vn -0.3091 -0.8146 0.4908
vn -0.0554 -0.8638 0.5007
vn -0.9497 -0.0598 0.3074
vn -0.5355 -0.6695 0.5147
vn -0.3037 -0.7894 0.5335
vn -0.0402 -0.8341 0.5501
vn -0.2920 -0.7664 0.5721
vn -0.0951 -0.8274 0.5534
vn -0.5156 -0.6342 0.5761
vn -0.0494 -0.8459 0.5310
vn -0.4878 -0.5944 0.6393
vn -0.8427 -0.0294 0.5375
vn -0.2736 -0.7421 0.6119
vn -0.0755 -0.8025 0.5918
vn -0.0170 -0.8166 0.5769
vn -0.2513 -0.7204 0.6465
vn -0.4514 -0.5605 0.6943
vn -0.0331 -0.8296 0.5574
vn 0.0756 -0.7618 0.6434
vn -0.4060 -0.5236 0.7490
vn -0.1601 -0.6616 0.7325
vn -0.6645 -0.0625 0.7446
vn -0.2222 -0.6984 0.6804
vn -0.0319 -0.8216 0.5692
vn 0.1725 -0.7356 0.6551
vn -0.0569 -0.6260 0.7778
vn -0.1629 -0.6636 0.7301
vn -0.4379 -0.1493 0.8866
vn -0.0033 -0.8078 0.5895
vn 0.3797 -0.6797 0.6276
vn -0.2061 -0.2670 0.9414
vn 0.0992 -0.5935 0.7987
vn -0.0789 -0.6339 0.7694
vn -0.1117 0.4842 0.8678
vn -0.3251 0.4033 0.8553
vn -0.1240 0.5270 0.8408
vn -0.5217 0.3067 0.7961
vn -0.3593 0.5187 0.7758
vn -0.6909 0.1981 0.6952
vn -0.5716 0.4780 0.6669
vn -0.8248 0.0818 0.5595
vn -0.7493 0.4094 0.5205
vn -0.9173 -0.0369 0.3965
vn -0.8827 0.3193 0.3447
vn -0.9646 -0.1535 0.2146
vn -0.9655 0.2135 0.1490
vn -0.9646 -0.2629 0.0226
vn -0.9936 0.0984 -0.0561
vn -0.9173 -0.3599 -0.1704
vn -0.9655 -0.0193 -0.2596
vn -0.8247 -0.4395 -0.3559
vn -0.8827 -0.1335 -0.4506
vn -0.6909 -0.4970 -0.5250
vn -0.7493 -0.2389 -0.6176
vn -0.5217 -0.5285 -0.6698
vn -0.5716 -0.3298 -0.7513
vn -0.3252 -0.5300 -0.7832
vn -0.3593 -0.4030 -0.8417
vn -0.1116 -0.4995 -0.8591
vn -0.1239 -0.4545 -0.8821
vn 0.3367 0.1801 0.9242
vn 0.5310 0.1959 0.8244
vn 0.7032 0.1797 0.6880
vn 0.5264 -0.7603 -0.3806
vn 0.3476 -0.8001 -0.4889
vn 0.1421 -0.8124 -0.5655
vn 0.1685 -0.9050 -0.3906
vn 0.1441 -0.7759 -0.6142
vn 0.1208 -0.5917 -0.7971
vn 0.1209 0.3833 0.9157
vn 0.1209 0.3825 0.9160
vn 0.1217 0.3825 0.9159
vn 0.1471 -0.1265 0.9810
vn 0.1328 0.1320 0.9823
vn 0.1200 0.3836 0.9157
vn 0.1207 0.3826 0.9160
vn 0.1207 0.3837 0.9156
vn 0.1431 -0.0787 0.9866
vn 0.6055 0.3305 0.7240
vn 0.3263 -0.1520 0.9330
vn 0.3106 0.3766 0.8728
vn 0.6333 0.3122 0.7081
vn 0.4794 -0.2291 0.8472
vn 0.5169 0.3439 0.7839
vn 0.7487 0.2652 0.6075
vn 0.6008 -0.3099 0.7369
vn 0.6964 0.2874 0.6576
vn 0.6602 -0.2365 0.7129
vn 0.7484 0.6304 0.2060
vn 0.8038 0.2331 0.5474
vn 0.7692 -0.0087 0.6389
vn 0.6879 -0.3949 0.6090
vn 0.7401 -0.2885 0.6074
vn 0.8648 0.1919 0.4641
vn 0.8264 -0.0464 0.5612
vn 0.7626 -0.3098 0.5679
vn 0.8147 0.5798 0.0125
vn 0.8762 -0.0935 0.4728
vn 0.9184 0.1424 0.3690
vn 0.8104 -0.3695 0.4547
vn 0.7407 -0.4809 0.4692
vn 0.9563 0.0935 0.2769
vn 0.9117 -0.1392 0.3866
vn 0.8228 -0.3943 0.4093
vn 0.8470 0.5030 -0.1718
vn 0.9839 0.0374 0.1747
vn 0.9373 -0.1911 0.2915
vn 0.7584 -0.5664 0.3226
vn 0.8388 -0.4590 0.2926
vn 0.9968 -0.0163 0.0779
vn 0.9494 -0.2409 0.2015
vn 0.8386 -0.4861 0.2459
vn 0.9494 -0.2962 0.1046
vn 0.8470 0.4042 -0.3452
vn 0.9968 -0.0755 -0.0259
vn 0.8228 -0.5532 0.1304
vn 0.9372 -0.3483 0.0158
vn 0.9839 -0.1312 -0.1212
vn 0.7407 -0.6488 0.1745
vn 0.8106 -0.5793 0.0859
vn 0.9563 -0.1908 -0.2215
vn 0.9118 -0.4032 -0.0776
vn 0.8149 0.2847 -0.5049
vn 0.7627 -0.6463 -0.0237
vn 0.8761 -0.4546 -0.1609
vn 0.9184 -0.2454 -0.3105
vn 0.6880 -0.7251 0.0292
vn 0.7406 -0.6691 -0.0617
vn 0.8648 -0.3013 -0.4016
vn 0.8264 -0.5065 -0.2461
vn 0.7490 0.1441 -0.6467
vn 0.6006 -0.7922 -0.1087
vn 0.6605 -0.7335 -0.1605
vn 0.7694 -0.5537 -0.3185
vn 0.8038 -0.3516 -0.4799
vn 0.6321 -0.7514 -0.1895
vn 0.4431 -0.8366 -0.3220
vn 0.7268 -0.4022 -0.5567
vn 0.6457 -0.0183 -0.7634
vn 0.5852 -0.6575 -0.4746
vn 0.6981 -0.6001 -0.3906
vn 0.5132 -0.8114 -0.2799
vn 0.2069 -0.8936 -0.3983
vn 0.5038 -0.2012 -0.8401
vn 0.3772 -0.7305 -0.5693
vn 0.5446 -0.6747 -0.4982
vn 0.3490 -0.8679 -0.3535
vn -0.1707 -0.8946 -0.4131
vn 0.3249 -0.3990 -0.8575
vn 0.0988 -0.7794 -0.6187
vn 0.3531 -0.7363 -0.5772
vn -0.0485 -0.1407 0.9889
vn -0.0460 -0.1374 0.9894
vn -0.0485 -0.1378 0.9893
vn -0.1091 0.3678 0.9235
vn -0.1096 0.3687 0.9231
vn -0.1091 0.3666 0.9240
vn -0.0484 -0.9224 -0.3832
vn -0.0485 -0.9223 -0.3835
vn -0.1092 -0.6067 -0.7874
vn -0.1092 -0.6070 -0.7872
vn -0.1095 -0.6070 -0.7871
vn -0.0805 -0.7922 -0.6049
vn -0.0815 -0.7921 -0.6050
vn -0.0815 -0.7917 -0.6055
vn -0.1087 -0.6065 -0.7876
vn -0.1091 -0.6067 -0.7874
vn -0.1093 -0.6064 -0.7876
vn -0.0815 -0.7920 -0.6051
vn -0.0828 -0.7911 -0.6060
vn -0.0816 -0.7912 -0.6061
vn -0.2340 -0.9121 -0.3365
vn -0.2340 -0.9123 -0.3362
vn -0.3406 -0.5952 -0.7279
vn -0.2973 -0.7800 -0.5507
vn -0.2975 -0.7794 -0.5514
vn -0.3404 -0.5952 -0.7279
vn -0.4036 -0.8794 -0.2525
vn -0.4022 -0.8799 -0.2530
vn -0.4028 -0.8798 -0.2524
vn -0.4047 -0.8790 -0.2520
vn -0.4040 -0.8792 -0.2525
vn -0.4034 -0.8795 -0.2523
vn -0.5517 -0.5540 -0.6235
vn -0.7299 -0.4879 -0.4788
vn -0.7290 -0.4886 -0.4794
vn -0.7295 -0.4884 -0.4789
vn -0.4939 -0.7418 -0.4537
vn -0.5516 -0.5544 -0.6232
vn -0.4943 -0.7418 -0.4532
vn -0.5466 -0.8262 -0.1362
vn -0.5463 -0.8264 -0.1362
vn -0.6602 -0.6803 -0.3183
vn -0.6606 -0.6800 -0.3182
vn -0.6606 -0.6797 -0.3187
vn -0.6606 -0.6798 -0.3186
vn -0.6610 -0.6793 -0.3188
vn -0.6604 -0.6797 -0.3191
vn -0.7300 -0.4880 -0.4785
vn -0.7296 -0.4882 -0.4789
vn -0.7304 -0.4876 -0.4783
vn -0.6553 -0.7553 0.0048
vn -0.7872 -0.5972 -0.1541
vn -0.6551 -0.7556 0.0050
vn -0.8652 -0.3999 -0.3025
vn -0.8652 -0.3998 -0.3028
vn -0.7871 -0.5972 -0.1546
vn -0.7226 -0.6717 0.1633
vn -0.7460 -0.5786 0.3297
vn -0.7230 -0.6712 0.1633
vn -0.9497 -0.2951 -0.1053
vn -0.9498 -0.2945 -0.1052
vn -0.8659 -0.4994 0.0300
vn -0.8656 -0.4998 0.0299
vn -0.7458 -0.5788 0.3299
vn -0.9784 -0.1795 0.1021
vn -0.9784 -0.1795 0.1022
vn -0.8926 -0.3916 0.2232
vn -0.8924 -0.3921 0.2233
vn -0.7231 -0.4828 0.4940
vn -0.7233 -0.4822 0.4944
vn -0.7234 -0.4824 0.4939
vn -0.6550 -0.3895 0.6474
vn -0.6549 -0.3891 0.6478
vn -0.7229 -0.4835 0.4936
vn -0.7228 -0.4830 0.4942
vn -0.7233 -0.4826 0.4939
vn -0.8656 -0.2808 0.4147
vn -0.9498 -0.0601 0.3072
vn -0.8657 -0.2805 0.4145
vn -0.9498 -0.0594 0.3070
vn -0.6549 -0.3897 0.6475
vn -0.6548 -0.3898 0.6476
vn -0.7866 -0.1719 0.5931
vn -0.7868 -0.1717 0.5929
vn -0.7870 -0.1722 0.5924
vn -0.8650 0.0567 0.4985
vn -0.8651 0.0562 0.4984
vn -0.8653 0.0563 0.4981
vn -0.8655 0.0564 0.4977
vn -0.7869 -0.1720 0.5927
vn -0.7873 -0.1723 0.5920
vn -0.7870 -0.1723 0.5924
vn -0.5470 -0.3040 0.7800
vn -0.5465 -0.3030 0.7807
vn -0.5469 -0.3035 0.7802
vn -0.4032 -0.2321 0.8852
vn -0.4037 -0.2314 0.8852
vn -0.4043 -0.2318 0.8848
vn -0.5471 -0.3045 0.7798
vn -0.5467 -0.3042 0.7801
vn -0.5466 -0.3039 0.7803
vn -0.7299 0.1633 0.6637
vn -0.7298 0.1633 0.6639
vn -0.6604 -0.0730 0.7474
vn -0.6606 -0.0726 0.7472
vn -0.6607 -0.0724 0.7472
vn -0.6604 -0.0722 0.7475
vn -0.4028 -0.2326 0.8852
vn -0.4022 -0.2323 0.8856
vn -0.4033 -0.2319 0.8852
vn -0.5516 0.2534 0.7947
vn -0.5514 0.2536 0.7947
vn -0.5513 0.2541 0.7947
vn -0.5517 0.2524 0.7949
vn -0.5518 0.2530 0.7947
vn -0.5517 0.2529 0.7948
vn -0.4947 0.0120 0.8690
vn -0.4943 0.0123 0.8692
vn -0.4944 0.0126 0.8691
vn -0.4939 0.0122 0.8694
vn -0.4941 0.0127 0.8693
vn -0.4943 0.0125 0.8692
vn -0.2346 -0.1779 0.9557
vn -0.2337 -0.1776 0.9560
vn -0.2342 -0.1763 0.9561
vn -0.2338 -0.1772 0.9560
vn -0.2332 -0.1757 0.9564
vn -0.2340 -0.1762 0.9561
vn -0.0485 -0.1414 0.9888
vn -0.0485 -0.1390 0.9891
vn -0.0510 -0.1420 0.9886
vn -0.3405 0.3225 0.8832
vn -0.3399 0.3221 0.8836
vn -0.2987 0.0758 0.9513
vn -0.2975 0.0763 0.9517
vn -0.2974 0.0773 0.9516
vn -0.0816 0.1177 0.9897
vn -0.0816 0.1172 0.9897
vn -0.0815 0.1168 0.9898
vn -0.0815 0.1178 0.9897
vn -0.3409 0.3232 0.8828
vn -0.3406 0.3226 0.8831
vn -0.3403 0.3230 0.8831
vn -0.2975 0.0771 0.9516
vn -0.2961 0.0785 0.9519
vn -0.2973 0.0781 0.9516
vn -0.1091 0.3660 0.9242
vn -0.1085 0.3652 0.9246
vn -0.1090 0.3672 0.9237
vn 0.1202 -0.4833 -0.8672
vn 0.1201 -0.4836 -0.8670
vn 0.3536 -0.4390 -0.8260
vn 0.3536 -0.4388 -0.8261
vn 0.7463 -0.2777 -0.6049
vn 0.5663 -0.3691 -0.7370
vn 0.5664 -0.3691 -0.7368
vn 0.7461 -0.2777 -0.6051
vn 0.8828 -0.1703 -0.4378
vn 0.8827 -0.1702 -0.4379
vn 0.9680 -0.0529 -0.2453
vn 0.9680 0.1840 0.1706
vn 0.8828 0.2899 0.3696
vn 0.7463 0.3789 0.5472
vn 0.5667 0.4454 0.6931
vn 0.5664 0.4456 0.6933
vn 0.5664 0.4459 0.6931
vn 0.5660 0.4459 0.6934
vn 0.5665 0.4453 0.6934
vn 0.3536 0.4868 0.7987
vn 0.1201 0.4994 0.8580
vn 0.1202 0.4996 0.8579
vn 0.1335 -0.3811 0.9149
vn 0.1349 -0.3811 0.9147
vn 0.1350 -0.3797 0.9152
vn 0.2169 -0.5875 0.7796
vn 0.3188 -0.5820 0.7480
vn 0.4137 -0.5932 0.6906
vn 0.2691 -0.9334 0.2375
vn 0.2019 -0.9610 0.1892
vn 0.1192 -0.9813 0.1514
vn 0.1241 -0.9193 0.3736
vn 0.1288 -0.9843 0.1210
vn 0.1352 -0.9809 -0.1401
vn 0.1059 -0.7261 0.6794
vn 0.1037 -0.7920 0.6017
vn 0.1179 -0.6079 0.7852
vn 0.5447 -0.3781 0.7486
vn 0.1351 -0.3791 0.9154
vn 0.1350 -0.3803 0.9150
vn 0.1364 -0.3790 0.9153
vn 0.1576 -0.7427 0.6508
vn 0.2515 -0.3820 0.8893
vn 0.5137 -0.4271 0.7441
vn 0.1985 -0.7613 0.6173
vn 0.3871 -0.4050 0.8283
vn 0.5680 -0.4699 0.6757
vn 0.2280 -0.7824 0.5796
vn 0.5031 -0.4434 0.7418
vn 0.1715 -0.8034 0.5702
vn 0.8778 0.0875 0.4710
vn 0.5756 -0.4905 0.6543
vn 0.3942 -0.6771 0.6215
vn 0.2482 -0.8042 0.5401
vn 0.2024 -0.8293 0.5209
vn 0.6107 -0.5199 0.5973
vn 0.4176 -0.6949 0.5853
vn 0.1946 -0.8183 0.5409
vn 0.9700 0.0695 0.2332
vn 0.4355 -0.7172 0.5441
vn 0.6399 -0.5550 0.5316
vn 0.2579 -0.8274 0.4990
vn 0.2097 -0.8462 0.4898
vn 0.6587 -0.5886 0.4688
vn 0.4472 -0.7384 0.5047
vn 0.2073 -0.8350 0.5097
vn 0.9998 -0.0169 0.0095
vn 0.6685 -0.6272 0.3997
vn 0.4527 -0.7630 0.4614
vn 0.2578 -0.8511 0.4574
vn 0.6685 -0.6636 0.3358
vn 0.2075 -0.8641 0.4585
vn 0.4529 -0.7859 0.4211
vn 0.2092 -0.8533 0.4777
vn 0.9698 -0.1653 -0.1793
vn 0.6584 -0.7036 0.2674
vn 0.4474 -0.8105 0.3780
vn 0.1951 -0.8825 0.4280
vn 0.4352 -0.8338 0.3396
vn 0.2479 -0.8748 0.4162
vn 0.6396 -0.7404 0.2067
vn 0.2027 -0.8710 0.4476
vn 0.6111 -0.7786 0.1424
vn 0.8776 -0.3601 -0.3166
vn 0.4180 -0.8576 0.2996
vn 0.1709 -0.9003 0.4002
vn 0.2280 -0.8977 0.3770
vn 0.3951 -0.8793 0.2658
vn 0.5750 -0.8134 0.0884
vn 0.1876 -0.8875 0.4208
vn 0.0778 -0.9418 0.3270
vn 0.5288 -0.8481 0.0335
vn 0.3029 -0.9362 0.1782
vn 0.7218 -0.5782 -0.3803
vn 0.3660 -0.9015 0.2309
vn 0.1856 -0.8937 0.4084
vn -0.0219 -0.9515 0.3070
vn 0.2008 -0.9708 0.1316
vn 0.3066 -0.9345 0.1811
vn 0.5205 -0.7738 -0.3608
vn 0.1579 -0.9083 0.3874
vn -0.2345 -0.9284 0.2881
vn 0.3117 -0.9114 -0.2688
vn 0.0438 -0.9935 0.1053
vn 0.2226 -0.9647 0.1408
vn -0.1419 -0.4995 -0.8546
vn -0.4171 -0.4394 -0.7956
vn -0.1462 -0.5400 -0.8289
vn -0.6571 -0.3449 -0.6703
vn -0.4280 -0.5495 -0.7175
vn -0.8421 -0.2216 -0.4918
vn -0.6686 -0.5112 -0.5401
vn -0.9578 -0.0774 -0.2767
vn -0.8461 -0.4319 -0.3122
vn -0.9961 0.0766 -0.0436
vn -0.9453 -0.3216 -0.0539
vn -0.9548 0.2308 0.1874
vn -0.9580 -0.1926 0.2125
vn -0.8380 0.3737 0.3977
vn -0.8837 -0.0581 0.4643
vn -0.6553 0.4953 0.5703
vn -0.7298 0.0692 0.6801
vn -0.4214 0.5863 0.6918
vn -0.5098 0.1775 0.8418
vn -0.3429 0.4362 0.8319
vn -0.1545 0.6435 0.7497
vn -0.2093 0.4752 0.8546
vn -0.0702 0.4891 0.8694
vn 0.3364 -0.8148 -0.4721
vn 0.2648 -0.8920 -0.3662
vn 0.2196 -0.8418 -0.4930
vn 0.0994 -0.8538 -0.5110
vn 0.0426 -0.9222 -0.3845
vn -0.1160 -0.7574 -0.6426
vn -0.1794 -0.9205 -0.3472
vn -0.3859 -0.7359 -0.5564
vn -0.3843 -0.8857 -0.2603
vn -0.6164 -0.6770 -0.4021
vn -0.5574 -0.8201 -0.1294
vn -0.7858 -0.5871 -0.1944
vn -0.6852 -0.7275 0.0354
vn -0.8783 -0.4758 0.0469
vn -0.7576 -0.6137 0.2224
vn -0.7679 -0.4857 0.4176
vn -0.8855 -0.3555 0.2992
vn -0.7137 -0.3516 0.6058
vn -0.8081 -0.2388 0.5385
vn -0.5971 -0.2195 0.7715
vn -0.6549 -0.1392 0.7428
vn -0.4246 -0.0982 0.9000
vn -0.4425 -0.0668 0.8943
vn 0.4102 0.5164 0.7517
vn 0.1536 0.4583 0.8754
vn 0.6441 0.4889 0.5883
vn 0.4418 0.3960 0.8050
vn 0.8239 0.4230 0.3771
vn 0.6878 0.2959 0.6628
vn 0.9355 0.3266 0.1349
vn 0.8702 0.1647 0.4644
vn 0.9704 0.2100 -0.1196
vn 0.9731 0.0124 0.2301
vn 0.9265 0.0840 -0.3667
vn 0.9886 -0.1492 -0.0178
vn 0.8080 -0.0399 -0.5879
vn 0.9165 -0.3071 -0.2564
vn 0.6245 -0.1517 -0.7661
vn 0.7639 -0.4486 -0.4640
vn 0.3904 -0.2413 -0.8885
vn 0.5444 -0.5623 -0.6224
vn 0.3439 -0.4466 -0.8260
vn 0.1234 -0.2978 -0.9466
vn 0.2083 -0.4644 -0.8608
vn 0.0701 -0.4887 -0.8696
vn -0.2588 -0.0495 0.9647
vn -0.1696 -0.1693 0.9709
vn -0.1414 -0.0296 0.9895
vn -0.0222 -0.0043 0.9997
vn 0.0526 -0.1388 0.9889
vn 0.1674 0.1857 0.9682
vn 0.2746 -0.1400 0.9513
vn 0.4376 0.1594 0.8849
vn 0.4792 -0.1693 0.8612
vn 0.6693 0.0881 0.7378
vn 0.6512 -0.2249 0.7249
vn 0.8405 -0.0221 0.5414
vn 0.7776 -0.3023 0.5513
vn 0.9354 -0.1600 0.3154
vn 0.8481 -0.3955 0.3525
vn 0.8561 -0.4968 0.1421
vn 0.9457 -0.3145 0.0825
vn 0.7990 -0.5978 -0.0650
vn 0.8719 -0.4711 -0.1341
vn 0.6787 -0.6891 -0.2539
vn 0.7228 -0.6164 -0.3125
vn 0.5019 -0.7615 -0.4101
vn 0.5148 -0.7385 -0.4356
vn 0.0864 -0.9014 0.4242
vn 0.0829 -0.9000 0.4280
vn 0.0879 -0.8993 0.4284
vn 0.0855 -0.8243 0.5597
vn 0.0872 -0.8243 0.5595
vn 0.0876 -0.8251 0.5581
vn 0.0874 -0.8247 0.5588
vn 0.0893 -0.8255 0.5573
vn 0.0878 -0.8255 0.5576
vn 0.1217 -0.6075 0.7849
vn 0.1192 -0.6138 0.7804
vn 0.1272 -0.6138 0.7792
vn 0.1051 -0.7285 0.6769
vn 0.1059 -0.7285 0.6769
vn 0.1055 -0.7291 0.6762
vn 0.1147 -0.6049 0.7880
vn 0.1203 -0.6112 0.7823
vn 0.1227 -0.6049 0.7868
vn 0.1058 -0.7288 0.6765
vn 0.1062 -0.7293 0.6759
vn 0.1054 -0.7293 0.6760
vn 0.1073 -0.8244 0.5558
vn 0.1144 -0.8305 0.5451
vn 0.1060 -0.8295 0.5484
vn 0.0996 -0.8210 0.5622
vn 0.1079 -0.8222 0.5589
vn 0.1066 -0.8273 0.5515
vn 0.2163 -0.6198 0.7544
vn 0.2156 -0.6160 0.7577
vn 0.2202 -0.6167 0.7558
vn 0.3017 -0.6384 0.7081
vn 0.2992 -0.6334 0.7137
vn 0.3031 -0.6346 0.7109
vn 0.1628 -0.7346 0.6587
vn 0.1691 -0.7313 0.6608
vn 0.1637 -0.7306 0.6629
vn 0.1570 -0.7355 0.6591
vn 0.1625 -0.7362 0.6569
vn 0.1633 -0.7322 0.6612
vn 0.2119 -0.6206 0.7549
vn 0.2159 -0.6176 0.7563
vn 0.2164 -0.6213 0.7531
vn 0.1280 -0.8293 0.5440
vn 0.1271 -0.8302 0.5428
vn 0.1239 -0.8292 0.5451
vn 0.1263 -0.8281 0.5462
vn 0.1296 -0.8291 0.5439
vn 0.1256 -0.8292 0.5447
vn 0.3781 -0.6617 0.6475
vn 0.2132 -0.7441 0.6331
vn 0.2163 -0.7450 0.6310
vn 0.2147 -0.7430 0.6339
vn 0.3011 -0.6399 0.7070
vn 0.3025 -0.6362 0.7098
vn 0.3050 -0.6411 0.7042
vn 0.2156 -0.7442 0.6322
vn 0.2172 -0.7431 0.6329
vn 0.2139 -0.7422 0.6352
vn 0.1408 -0.8360 0.5303
vn 0.1397 -0.8390 0.5259
vn 0.1372 -0.8376 0.5288
vn 0.1398 -0.8339 0.5339
vn 0.1423 -0.8354 0.5309
vn 0.1388 -0.8369 0.5294
vn 0.2490 -0.7607 0.5994
vn 0.2596 -0.7593 0.5967
vn 0.2537 -0.7636 0.5938
vn 0.2620 -0.7575 0.5979
vn 0.2667 -0.7603 0.5923
vn 0.2561 -0.7618 0.5951
vn 0.3670 -0.6729 0.6423
vn 0.1504 -0.8433 0.5159
vn 0.1538 -0.8454 0.5115
vn 0.1518 -0.8445 0.5136
vn 0.1478 -0.8420 0.5189
vn 0.1499 -0.8428 0.5169
vn 0.1512 -0.8440 0.5146
vn 0.4217 -0.7049 0.5703
vn 0.4205 -0.7064 0.5694
vn 0.4223 -0.7052 0.5695
vn 0.2867 -0.7850 0.5491
vn 0.2883 -0.7869 0.5456
vn 0.2862 -0.7853 0.5490
vn 0.2869 -0.7863 0.5472
vn 0.2870 -0.7865 0.5469
vn 0.2853 -0.7846 0.5504
vn 0.4213 -0.7058 0.5695
vn 0.4210 -0.7058 0.5698
vn 0.4222 -0.7043 0.5707
vn 0.1600 -0.8628 0.4795
vn 0.1567 -0.8633 0.4797
vn 0.1572 -0.8617 0.4825
vn 0.1564 -0.8532 0.4976
vn 0.1526 -0.8561 0.4938
vn 0.1520 -0.8540 0.4976
vn 0.3012 -0.8124 0.4993
vn 0.2994 -0.8137 0.4983
vn 0.3015 -0.8135 0.4973
vn 0.1577 -0.8507 0.5014
vn 0.1582 -0.8529 0.4975
vn 0.1539 -0.8537 0.4975
vn 0.4524 -0.7492 0.4837
vn 0.4446 -0.7518 0.4870
vn 0.4456 -0.7562 0.4792
vn 0.4486 -0.8004 0.3977
vn 0.4461 -0.8004 0.4005
vn 0.4481 -0.7996 0.3998
vn 0.2985 -0.8138 0.4987
vn 0.2988 -0.8149 0.4967
vn 0.3006 -0.8136 0.4978
vn 0.4546 -0.7437 0.4901
vn 0.4478 -0.7507 0.4857
vn 0.4557 -0.7481 0.4824
vn 0.1614 -0.8626 0.4794
vn 0.1609 -0.8643 0.4765
vn 0.1582 -0.8631 0.4796
vn 0.2996 -0.8416 0.4494
vn 0.2993 -0.8430 0.4470
vn 0.3020 -0.8422 0.4467
vn 0.4488 -0.8007 0.3968
vn 0.4484 -0.7999 0.3989
vn 0.4507 -0.8002 0.3957
vn 0.3004 -0.8427 0.4468
vn 0.3028 -0.8433 0.4440
vn 0.3031 -0.8419 0.4464
vn 0.1452 -0.8749 0.4620
vn 0.1462 -0.8751 0.4614
vn 0.1476 -0.8734 0.4641
vn 0.1455 -0.8739 0.4639
vn 0.1442 -0.8755 0.4612
vn 0.1465 -0.8740 0.4632
vn 0.2916 -0.8680 0.4019
vn 0.2916 -0.8719 0.3934
vn 0.2896 -0.8705 0.3979
vn 0.2924 -0.8725 0.3914
vn 0.2904 -0.8750 0.3874
vn 0.2905 -0.8711 0.3960
vn 0.4216 -0.8489 0.3187
vn 0.4211 -0.8493 0.3182
vn 0.4203 -0.8497 0.3184
vn 0.4226 -0.8484 0.3189
vn 0.4213 -0.8492 0.3184
vn 0.4218 -0.8487 0.3189
vn 0.1391 -0.8838 0.4468
vn 0.1371 -0.8838 0.4472
vn 0.1384 -0.8829 0.4486
vn 0.1407 -0.8832 0.4474
vn 0.1394 -0.8841 0.4460
vn 0.1387 -0.8833 0.4478
vn 0.2598 -0.9007 0.3483
vn 0.2581 -0.9008 0.3493
vn 0.2614 -0.8984 0.3529
vn 0.3693 -0.8962 0.2457
vn 0.3683 -0.8970 0.2443
vn 0.3671 -0.8979 0.2431
vn 0.2991 -0.9357 0.1871
vn 0.3051 -0.9338 0.1872
vn 0.3024 -0.9349 0.1857
vn 0.2624 -0.8992 0.3500
vn 0.2591 -0.9016 0.3463
vn 0.2607 -0.8993 0.3510
vn 0.3710 -0.8951 0.2475
vn 0.3687 -0.8967 0.2449
vn 0.3698 -0.8959 0.2463
vn 0.1255 -0.8907 0.4369
vn 0.1130 -0.8948 0.4319
vn 0.1187 -0.8923 0.4355
vn 0.1341 -0.8874 0.4410
vn 0.1284 -0.8900 0.4374
vn 0.1216 -0.8917 0.4360
vn 0.2221 -0.9209 0.3203
vn 0.2140 -0.9243 0.3160
vn 0.2180 -0.9226 0.3183
vn 0.2978 -0.9360 0.1879
vn 0.3009 -0.9353 0.1861
vn 0.2949 -0.9372 0.1861
vn 0.2124 -0.9250 0.3150
vn 0.2082 -0.9266 0.3131
vn 0.2163 -0.9233 0.3173
vn 0.1066 -0.8975 0.4279
vn 0.1058 -0.8976 0.4279
vn 0.1063 -0.8975 0.4281
vn 0.1072 -0.8975 0.4279
vn 0.1069 -0.8976 0.4278
vn 0.1064 -0.8975 0.4280
vn 0.0858 -0.9023 0.4224
vn 0.0873 -0.9002 0.4267
vn 0.0907 -0.9017 0.4228
vn 0.0993 -0.9556 0.2773
vn 0.1072 -0.9534 0.2820
vn 0.1046 -0.9550 0.2777
vn 0.1204 -0.9844 0.1287
vn 0.1213 -0.9842 0.1286
vn 0.1217 -0.9843 0.1280
vn 0.2219 -0.9636 0.1493
vn 0.2181 -0.9647 0.1479
vn 0.2200 -0.9641 0.1487
vn 0.1634 -0.9425 0.2915
vn 0.1603 -0.9433 0.2905
vn 0.1636 -0.9429 0.2901
vn 0.1617 -0.9432 0.2903
vn 0.1619 -0.9436 0.2889
vn 0.1650 -0.9427 0.2899
vn 0.2192 -0.9644 0.1483
vn 0.2173 -0.9649 0.1474
vn 0.2154 -0.9654 0.1469
vn 0.1214 -0.9843 0.1285
vn 0.1225 -0.9842 0.1278
vn 0.1219 -0.9843 0.1276
vn 0.1056 -0.9543 0.2797
vn 0.1083 -0.9527 0.2839
vn 0.1135 -0.9520 0.2843
vn 0.0716 -0.9014 0.4270
vn 0.0670 -0.9014 0.4277
vn 0.0671 -0.9034 0.4235
vn 0.0670 -0.9022 0.4261
vn 0.0625 -0.9042 0.4225
vn 0.0671 -0.9042 0.4218
vn 0.0226 -0.9910 0.1323
vn 0.0234 -0.9912 0.1305
vn 0.0211 -0.9912 0.1309
vn 0.0489 -0.9594 0.2778
vn 0.0440 -0.9594 0.2785
vn 0.0467 -0.9581 0.2825
vn 0.0247 -0.9908 0.1333
vn 0.0231 -0.9910 0.1315
vn 0.0224 -0.9908 0.1337
vn 0.0452 -0.9589 0.2802
vn 0.0430 -0.9576 0.2849
vn 0.0479 -0.9576 0.2841
vn 0.0481 -0.9015 0.4301
vn 0.0470 -0.9015 0.4302
vn 0.0474 -0.9015 0.4303
vn 0.0490 -0.9014 0.4303
vn 0.0484 -0.9015 0.4301
vn 0.0479 -0.9015 0.4302
vn -0.0742 -0.9845 0.1587
vn -0.0735 -0.9847 0.1583
vn -0.0744 -0.9845 0.1586
vn -0.1596 -0.9660 0.2036
vn -0.1581 -0.9656 0.2063
vn -0.1563 -0.9665 0.2037
vn -0.0737 -0.9846 0.1586
vn -0.0738 -0.9846 0.1585
vn -0.0746 -0.9845 0.1589
vn -0.0116 -0.9553 0.2954
vn -0.0146 -0.9540 0.2993
vn -0.0118 -0.9544 0.2983
vn -0.0088 -0.9560 0.2931
vn -0.0115 -0.9557 0.2941
vn -0.0117 -0.9548 0.2970
vn 0.0322 -0.8974 0.4400
vn 0.0316 -0.8977 0.4395
vn 0.0331 -0.8982 0.4384
vn 0.0333 -0.8976 0.4395
vn 0.0318 -0.8971 0.4406
vn 0.0327 -0.8978 0.4391
vn -0.2267 -0.9365 0.2677
vn -0.2249 -0.9377 0.2647
vn -0.2260 -0.9371 0.2661
vn -0.0640 -0.9444 0.3226
vn -0.0675 -0.9433 0.3251
vn -0.0635 -0.9429 0.3271
vn -0.1610 -0.9657 0.2036
vn -0.1577 -0.9662 0.2037
vn -0.1604 -0.9665 0.2004
vn -0.0659 -0.9431 0.3259
vn -0.0654 -0.9416 0.3304
vn -0.0620 -0.9427 0.3279
vn 0.0169 -0.8916 0.4526
vn 0.0172 -0.8914 0.4529
vn 0.0189 -0.8924 0.4509
vn 0.0177 -0.8922 0.4513
vn 0.0160 -0.8912 0.4533
vn 0.0180 -0.8920 0.4517
vn -0.1055 -0.9254 0.3640
vn -0.1087 -0.9235 0.3678
vn -0.1053 -0.9253 0.3642
vn -0.1073 -0.9243 0.3663
vn -0.1072 -0.9243 0.3664
vn -0.1041 -0.9261 0.3626
vn -0.2270 -0.9362 0.2683
vn -0.2263 -0.9368 0.2667
vn -0.2281 -0.9356 0.2697
vn 0.0079 -0.8831 0.4692
vn 0.0077 -0.8825 0.4702
vn -0.0000 -0.8832 0.4690
vn 0.0069 -0.8860 0.4636
vn 0.0112 -0.8830 0.4693
vn 0.0033 -0.8831 0.4691
vn -0.2776 -0.8964 0.3457
vn -0.2747 -0.8976 0.3446
vn -0.2760 -0.8962 0.3473
vn -0.1353 -0.9035 0.4066
vn -0.1365 -0.9021 0.4093
vn -0.1373 -0.9008 0.4120
vn -0.1369 -0.9015 0.4105
vn -0.1390 -0.8987 0.4159
vn -0.1378 -0.9001 0.4133
vn -0.2776 -0.8972 0.3434
vn -0.2760 -0.8971 0.3450
vn -0.2787 -0.8959 0.3461
vn -0.0004 -0.8738 0.4863
vn -0.0000 -0.8734 0.4869
vn -0.0000 -0.8736 0.4866
vn -0.0004 -0.8740 0.4859
vn -0.0005 -0.8738 0.4863
vn -0.0002 -0.8737 0.4865
vn -0.3018 -0.8521 0.4277
vn -0.3020 -0.8517 0.4282
vn -0.3021 -0.8514 0.4287
vn -0.3016 -0.8525 0.4269
vn -0.3019 -0.8519 0.4279
vn -0.3017 -0.8522 0.4275
vn -0.1510 -0.8740 0.4619
vn -0.1515 -0.8735 0.4626
vn -0.1517 -0.8731 0.4634
vn -0.1516 -0.8733 0.4629
vn -0.1522 -0.8725 0.4644
vn -0.1518 -0.8729 0.4637
vn -0.0014 -0.8637 0.5040
vn -0.0018 -0.8624 0.5062
vn -0.0048 -0.8633 0.5047
vn -0.0004 -0.8656 0.5007
vn -0.0000 -0.8639 0.5037
vn -0.0034 -0.8635 0.5044
vn -0.1476 -0.8441 0.5155
vn -0.1475 -0.8441 0.5155
vn -0.1488 -0.8441 0.5151
vn -0.3052 -0.8018 0.5138
vn -0.3021 -0.8025 0.5145
vn -0.3031 -0.8006 0.5170
vn -0.3037 -0.8030 0.5128
vn -0.3035 -0.8021 0.5143
vn -0.3065 -0.8015 0.5134
vn -0.1470 -0.8441 0.5157
vn -0.1482 -0.8437 0.5160
vn -0.1482 -0.8441 0.5153
vn 0.0143 -0.8430 0.5378
vn 0.0142 -0.8447 0.5351
vn 0.0123 -0.8461 0.5329
vn 0.0068 -0.8536 0.5208
vn 0.0106 -0.8529 0.5219
vn 0.0095 -0.8544 0.5195
vn 0.0046 -0.8548 0.5190
vn 0.0057 -0.8533 0.5214
vn 0.0083 -0.8541 0.5201
vn -0.1384 -0.8148 0.5630
vn -0.1375 -0.8139 0.5645
vn -0.1429 -0.8122 0.5657
vn -0.2781 -0.7511 0.5987
vn -0.2732 -0.7561 0.5947
vn -0.2701 -0.7522 0.6011
vn -0.2288 -0.7090 0.6671
vn -0.2264 -0.7122 0.6645
vn -0.2222 -0.7092 0.6690
vn -0.2832 -0.7529 0.5941
vn -0.2753 -0.7540 0.5964
vn -0.2801 -0.7490 0.6004
vn -0.1416 -0.8168 0.5593
vn -0.1365 -0.8159 0.5619
vn -0.1410 -0.8133 0.5645
vn 0.0143 -0.8423 0.5389
vn 0.0162 -0.8409 0.5410
vn 0.0142 -0.8440 0.5362
vn -0.2316 -0.7088 0.6663
vn -0.2250 -0.7091 0.6682
vn -0.2274 -0.7058 0.6709
vn -0.1072 -0.7864 0.6084
vn -0.1077 -0.7857 0.6091
vn -0.1090 -0.7866 0.6077
vn -0.1546 -0.6669 0.7290
vn -0.1643 -0.6751 0.7192
vn -0.1605 -0.6703 0.7246
vn -0.1075 -0.7871 0.6074
vn -0.1063 -0.7862 0.6087
vn -0.1082 -0.7865 0.6080
vn 0.0278 -0.8388 0.5437
vn 0.0329 -0.8365 0.5470
vn 0.0265 -0.8368 0.5469
vn 0.0302 -0.8366 0.5470
vn 0.0289 -0.8346 0.5501
vn 0.0238 -0.8369 0.5468
vn -0.0662 -0.7619 0.6443
vn -0.0632 -0.7629 0.6434
vn -0.0660 -0.7642 0.6416
vn -0.1521 -0.6654 0.7308
vn -0.1580 -0.6689 0.7264
vn -0.1479 -0.6608 0.7359
vn -0.0692 -0.7622 0.6437
vn -0.0663 -0.7609 0.6455
vn -0.0661 -0.7632 0.6427
vn 0.0744 -0.8227 0.5635
vn 0.0674 -0.8271 0.5580
vn 0.0682 -0.8236 0.5631
vn 0.0481 -0.7335 0.6780
vn 0.0456 -0.7310 0.6809
vn 0.0454 -0.7341 0.6775
vn 0.0431 -0.8315 0.5539
vn 0.0483 -0.8301 0.5556
vn 0.0473 -0.8332 0.5510
vn 0.0679 -0.8250 0.5610
vn 0.0671 -0.8286 0.5558
vn 0.0609 -0.8294 0.5554
vn 0.0477 -0.8313 0.5538
vn 0.0521 -0.8331 0.5507
vn 0.0469 -0.8345 0.5491
vn 0.0242 -0.6188 0.7852
vn 0.0217 -0.6191 0.7850
vn 0.0227 -0.6173 0.7864
vn -0.0770 -0.6320 0.7712
vn -0.0704 -0.6474 0.7589
vn 0.0221 -0.6184 0.7856
vn 0.0207 -0.6169 0.7868
vn 0.0231 -0.6165 0.7870
vn -0.0138 -0.7398 0.6727
vn -0.0099 -0.7387 0.6739
vn -0.0130 -0.7407 0.6717
vn 0.0454 -0.7354 0.6761
vn 0.0455 -0.7323 0.6794
vn 0.0408 -0.7352 0.6766
vn -0.0112 -0.7396 0.6730
vn -0.0103 -0.7404 0.6721
vn -0.0143 -0.7415 0.6708
vn -0.0010 -0.4983 0.8670
vn 0.0003 -0.4989 0.8666
vn -0.0006 -0.4991 0.8666
vn 0.0006 -0.9997 -0.0224
vn -0.0010 -0.9998 -0.0220
vn -0.0008 -0.9998 -0.0209
vn -0.0009 -0.9998 -0.0213
vn -0.0026 -0.9998 -0.0197
vn -0.0012 -0.9998 -0.0200
vn -0.0246 -0.9849 -0.1712
vn -0.0229 -0.9850 -0.1708
vn -0.0243 -0.9848 -0.1719
vn -0.0455 -0.9456 -0.3222
vn -0.0471 -0.9462 -0.3200
vn -0.0476 -0.9456 -0.3219
vn -0.0474 -0.9459 -0.3211
vn -0.0469 -0.9466 -0.3191
vn -0.0489 -0.9466 -0.3188
vn -0.0234 -0.9850 -0.1712
vn -0.0231 -0.9847 -0.1726
vn -0.0249 -0.9847 -0.1723
vn -0.1296 -0.9915 0.0150
vn -0.1306 -0.9913 0.0139
vn -0.1286 -0.9916 0.0132
vn -0.1281 -0.9916 0.0150
vn -0.1300 -0.9914 0.0158
vn -0.1290 -0.9915 0.0139
vn -0.2364 -0.9337 -0.2688
vn -0.2337 -0.9348 -0.2673
vn -0.2367 -0.9344 -0.2661
vn -0.4062 -0.8968 -0.1752
vn -0.4038 -0.8972 -0.1789
vn -0.4059 -0.8965 -0.1775
vn -0.1848 -0.9745 -0.1271
vn -0.1852 -0.9744 -0.1275
vn -0.1845 -0.9745 -0.1277
vn -0.2345 -0.9337 -0.2706
vn -0.2348 -0.9344 -0.2679
vn -0.2375 -0.9333 -0.2694
vn -0.1844 -0.9746 -0.1271
vn -0.1850 -0.9745 -0.1268
vn -0.1847 -0.9745 -0.1274
vn -0.2476 -0.9657 0.0777
vn -0.2535 -0.9643 0.0769
vn -0.2507 -0.9649 0.0786
vn -0.2438 -0.9666 0.0795
vn -0.2463 -0.9661 0.0773
vn -0.2494 -0.9652 0.0782
vn -0.4064 -0.8970 -0.1740
vn -0.4060 -0.8967 -0.1766
vn -0.4084 -0.8963 -0.1726
vn -0.3279 -0.9437 -0.0434
vn -0.3264 -0.9440 -0.0490
vn -0.3318 -0.9421 -0.0489
vn -0.3287 -0.9432 -0.0489
vn -0.3341 -0.9410 -0.0546
vn -0.3341 -0.9413 -0.0488
vn -0.3393 -0.9259 0.1660
vn -0.3395 -0.9263 0.1634
vn -0.3458 -0.9237 0.1646
vn -0.4127 -0.8705 0.2682
vn -0.4099 -0.8717 0.2686
vn -0.4088 -0.8730 0.2661
vn -0.3428 -0.9250 0.1639
vn -0.3366 -0.9268 0.1666
vn -0.3431 -0.9247 0.1652
vn -0.4488 -0.8917 0.0585
vn -0.4484 -0.8919 0.0585
vn -0.4488 -0.8918 0.0572
vn -0.5448 -0.8371 -0.0502
vn -0.5399 -0.8403 -0.0493
vn -0.5435 -0.8382 -0.0450
vn -0.5432 -0.8378 -0.0548
vn -0.5419 -0.8390 -0.0497
vn -0.5468 -0.8357 -0.0505
vn -0.4483 -0.8919 0.0590
vn -0.4488 -0.8918 0.0578
vn -0.4485 -0.8919 0.0577
vn -0.4413 -0.8110 0.3840
vn -0.4453 -0.8090 0.3838
vn -0.4448 -0.8111 0.3798
vn -0.4138 -0.8700 0.2681
vn -0.4150 -0.8687 0.2705
vn -0.4111 -0.8712 0.2684
vn -0.6409 -0.7609 0.1013
vn -0.6412 -0.7605 0.1019
vn -0.6417 -0.7601 0.1026
vn -0.6916 -0.6708 0.2678
vn -0.6907 -0.6717 0.2678
vn -0.6909 -0.6710 0.2691
vn -0.5332 -0.8249 0.1879
vn -0.5313 -0.8255 0.1905
vn -0.5296 -0.8274 0.1868
vn -0.6405 -0.7614 0.1004
vn -0.6411 -0.7607 0.1015
vn -0.6408 -0.7610 0.1010
vn -0.5330 -0.8257 0.1846
vn -0.5346 -0.8238 0.1883
vn -0.5310 -0.8264 0.1872
vn -0.4396 -0.8119 0.3841
vn -0.4402 -0.8098 0.3880
vn -0.4436 -0.8098 0.3839
vn -0.5774 -0.7467 0.3302
vn -0.5781 -0.7462 0.3302
vn -0.5778 -0.7470 0.3289
vn -0.6919 -0.6707 0.2671
vn -0.6912 -0.6709 0.2685
vn -0.6921 -0.6700 0.2684
vn -0.5770 -0.7473 0.3296
vn -0.5772 -0.7466 0.3309
vn -0.5776 -0.7469 0.3294
vn -0.4454 -0.7432 0.4993
vn -0.4395 -0.7415 0.5069
vn -0.4403 -0.7445 0.5019
vn -0.4086 -0.6772 0.6119
vn -0.4072 -0.6770 0.6131
vn -0.4079 -0.6779 0.6117
vn -0.4484 -0.7455 0.4932
vn -0.4476 -0.7426 0.4982
vn -0.4425 -0.7439 0.5008
vn -0.6944 -0.5709 0.4381
vn -0.6961 -0.5688 0.4380
vn -0.6958 -0.5675 0.4403
vn -0.6438 -0.4730 0.6014
vn -0.6431 -0.4745 0.6010
vn -0.6424 -0.4736 0.6025
vn -0.5788 -0.6667 0.4695
vn -0.5780 -0.6636 0.4750
vn -0.5728 -0.6662 0.4776
vn -0.6940 -0.5731 0.4358
vn -0.6954 -0.5697 0.4381
vn -0.6936 -0.5717 0.4382
vn -0.5758 -0.6647 0.4761
vn -0.5698 -0.6641 0.4841
vn -0.5706 -0.6673 0.4787
vn -0.4092 -0.6772 0.6115
vn -0.4085 -0.6764 0.6129
vn -0.4078 -0.6771 0.6126
vn -0.5310 -0.5830 0.6150
vn -0.5320 -0.5813 0.6157
vn -0.5328 -0.5823 0.6141
vn -0.5419 -0.3850 0.7471
vn -0.5440 -0.3832 0.7465
vn -0.5412 -0.3812 0.7495
vn -0.6445 -0.4728 0.6009
vn -0.6430 -0.4734 0.6021
vn -0.6437 -0.4718 0.6025
vn -0.5310 -0.5843 0.6137
vn -0.5302 -0.5832 0.6154
vn -0.5320 -0.5826 0.6145
vn -0.3434 -0.6125 0.7120
vn -0.3352 -0.6142 0.7144
vn -0.3391 -0.6171 0.7101
vn -0.2472 -0.5595 0.7911
vn -0.2403 -0.5653 0.7891
vn -0.2477 -0.5686 0.7844
vn -0.3492 -0.6134 0.7084
vn -0.3452 -0.6105 0.7128
vn -0.3409 -0.6151 0.7109
vn -0.4506 -0.5037 0.7370
vn -0.4431 -0.5052 0.7406
vn -0.4465 -0.5077 0.7368
vn -0.4042 -0.3072 0.8615
vn -0.4099 -0.3035 0.8602
vn -0.4047 -0.3011 0.8635
vn -0.5422 -0.3866 0.7461
vn -0.5415 -0.3828 0.7485
vn -0.5394 -0.3846 0.7491
vn -0.4558 -0.5045 0.7333
vn -0.4523 -0.5020 0.7372
vn -0.4483 -0.5060 0.7369
vn -0.2502 -0.5570 0.7919
vn -0.2428 -0.5537 0.7965
vn -0.2432 -0.5629 0.7899
vn -0.3310 -0.4395 0.8350
vn -0.3286 -0.4384 0.8366
vn -0.3302 -0.4358 0.8373
vn -0.4039 -0.3100 0.8607
vn -0.4045 -0.3037 0.8626
vn -0.3987 -0.3076 0.8639
vn -0.3292 -0.4373 0.8369
vn -0.3279 -0.4348 0.8387
vn -0.3308 -0.4347 0.8376
vn -0.1313 -0.5160 0.8465
vn -0.1282 -0.5138 0.8483
vn -0.1327 -0.5118 0.8488
vn -0.0236 -0.3585 0.9332
vn -0.1354 -0.5190 0.8440
vn -0.1308 -0.5178 0.8455
vn -0.1321 -0.5135 0.8478
vn -0.0012 -0.4980 0.8672
vn -0.0008 -0.4987 0.8668
vn -0.0021 -0.4982 0.8671
vn -0.1960 -0.3851 0.9018
vn -0.1873 -0.3828 0.9046
vn -0.1844 -0.3912 0.9017
vn -0.1862 -0.3863 0.9034
vn -0.1746 -0.3923 0.9031
vn -0.1832 -0.3947 0.9004
vn -0.2401 -0.2544 0.9368
vn -0.2347 -0.2469 0.9402
vn -0.2342 -0.2529 0.9387
vn -0.0456 -0.2073 0.9772
vn -0.0461 -0.2075 0.9771
vn -0.0467 -0.2069 0.9772
vn -0.0243 -0.3409 0.9398
vn -0.2345 -0.2503 0.9393
vn -0.2349 -0.2443 0.9408
vn -0.2292 -0.2428 0.9426
vn -0.0464 -0.2072 0.9772
vn -0.0476 -0.2068 0.9772
vn -0.0470 -0.2067 0.9773
vn 0.1343 -0.9906 -0.0262
vn 0.1342 -0.9906 -0.0262
vn 0.1339 -0.9906 -0.0274
vn 0.1490 -0.9329 -0.3278
vn 0.1485 -0.9330 -0.3278
vn 0.1493 -0.9329 -0.3276
vn 0.1269 -0.4895 0.8627
vn 0.1333 -0.4895 0.8617
vn 0.1342 -0.4839 0.8648
vn 0.1337 -0.4872 0.8630
vn 0.1392 -0.4850 0.8633
vn 0.1346 -0.4816 0.8660
vn 0.1494 -0.1883 0.9707
vn 0.1418 -0.3460 0.9275
vn 0.1434 -0.3461 0.9272
vn 0.1428 -0.3474 0.9268
vn 0.1499 -0.1879 0.9707
vn 0.1431 -0.3466 0.9270
vn 0.1437 -0.3479 0.9264
vn 0.1422 -0.3479 0.9267
vn 0.2615 -0.4966 0.8277
vn 0.2665 -0.4990 0.8246
vn 0.2634 -0.4986 0.8258
vn 0.2575 -0.4953 0.8297
vn 0.2606 -0.4957 0.8285
vn 0.2626 -0.4977 0.8266
vn 0.3384 -0.2039 0.9187
vn 0.3407 -0.2068 0.9172
vn 0.3370 -0.2070 0.9185
vn 0.3409 -0.2013 0.9183
vn 0.3397 -0.2056 0.9178
vn 0.3374 -0.2027 0.9193
vn 0.3036 -0.3516 0.8856
vn 0.3062 -0.3520 0.8845
vn 0.3048 -0.3499 0.8858
vn 0.3056 -0.3511 0.8851
vn 0.3069 -0.3494 0.8853
vn 0.3042 -0.3490 0.8864
vn 0.3793 -0.5169 0.7675
vn 0.3804 -0.5204 0.7645
vn 0.3779 -0.5195 0.7663
vn 0.3773 -0.5150 0.7697
vn 0.3799 -0.5158 0.7679
vn 0.3785 -0.5184 0.7668
vn 0.5066 -0.2480 0.8257
vn 0.5037 -0.2448 0.8285
vn 0.5078 -0.2461 0.8256
vn 0.6484 -0.3021 0.6988
vn 0.6456 -0.3024 0.7012
vn 0.6466 -0.3046 0.6994
vn 0.4434 -0.3727 0.8152
vn 0.4503 -0.3749 0.8104
vn 0.4513 -0.3826 0.8062
vn 0.5037 -0.2481 0.8275
vn 0.5049 -0.2461 0.8273
vn 0.5078 -0.2494 0.8246
vn 0.4507 -0.3782 0.8086
vn 0.4585 -0.3879 0.7995
vn 0.4516 -0.3858 0.8045
vn 0.4766 -0.5567 0.6804
vn 0.4757 -0.5635 0.6754
vn 0.4716 -0.5612 0.6802
vn 0.4746 -0.5524 0.6853
vn 0.4787 -0.5548 0.6805
vn 0.4737 -0.5593 0.6803
vn 0.5666 -0.4336 0.7007
vn 0.5661 -0.4369 0.6990
vn 0.5686 -0.4348 0.6983
vn 0.6492 -0.3011 0.6985
vn 0.6474 -0.3035 0.6991
vn 0.6488 -0.3040 0.6976
vn 0.5650 -0.4379 0.6992
vn 0.5671 -0.4391 0.6969
vn 0.5675 -0.4358 0.6986
vn 0.5435 -0.6107 0.5759
vn 0.5413 -0.6149 0.5734
vn 0.5395 -0.6129 0.5774
vn 0.5762 -0.6742 0.4621
vn 0.5766 -0.6748 0.4607
vn 0.5764 -0.6740 0.4621
vn 0.5434 -0.6077 0.5792
vn 0.5452 -0.6098 0.5753
vn 0.5412 -0.6119 0.5767
vn 0.7452 -0.3816 0.5469
vn 0.7424 -0.3829 0.5497
vn 0.7440 -0.3848 0.5463
vn 0.7448 -0.3792 0.5491
vn 0.7436 -0.3824 0.5485
vn 0.7464 -0.3810 0.5456
vn 0.6516 -0.5009 0.5697
vn 0.6514 -0.5082 0.5634
vn 0.6492 -0.5057 0.5682
vn 0.6504 -0.4964 0.5750
vn 0.6526 -0.4988 0.5704
vn 0.6502 -0.5037 0.5687
vn 0.5760 -0.6739 0.4627
vn 0.5762 -0.6747 0.4614
vn 0.5764 -0.6745 0.4613
vn 0.7954 -0.4712 0.3811
vn 0.7965 -0.4697 0.3807
vn 0.7968 -0.4706 0.3790
vn 0.7947 -0.4709 0.3829
vn 0.7961 -0.4703 0.3808
vn 0.7950 -0.4719 0.3813
vn 0.6971 -0.5761 0.4267
vn 0.6927 -0.5799 0.4289
vn 0.6969 -0.5777 0.4249
vn 0.6945 -0.5790 0.4272
vn 0.6948 -0.5781 0.4278
vn 0.6987 -0.5768 0.4232
vn 0.5757 -0.7415 0.3447
vn 0.5757 -0.7418 0.3440
vn 0.5767 -0.7410 0.3440
vn 0.5759 -0.7408 0.3458
vn 0.5753 -0.7417 0.3450
vn 0.5763 -0.7412 0.3442
vn 0.7945 -0.5696 0.2106
vn 0.7969 -0.5661 0.2110
vn 0.7964 -0.5682 0.2073
vn 0.7941 -0.5689 0.2142
vn 0.7959 -0.5675 0.2108
vn 0.7935 -0.5710 0.2105
vn 0.6957 -0.6614 0.2804
vn 0.6958 -0.6610 0.2810
vn 0.6961 -0.6610 0.2802
vn 0.6960 -0.6610 0.2806
vn 0.6966 -0.6604 0.2804
vn 0.6963 -0.6610 0.2799
vn 0.5423 -0.8073 0.2327
vn 0.5423 -0.8084 0.2289
vn 0.5419 -0.8081 0.2309
vn 0.4768 -0.8690 0.1325
vn 0.4808 -0.8664 0.1345
vn 0.4849 -0.8646 0.1318
vn 0.5418 -0.8068 0.2355
vn 0.5426 -0.8069 0.2335
vn 0.5421 -0.8077 0.2317
vn 0.6528 -0.7441 0.1418
vn 0.6469 -0.7504 0.1355
vn 0.6490 -0.7478 0.1399
vn 0.7444 -0.6661 0.0472
vn 0.7462 -0.6640 0.0481
vn 0.7451 -0.6654 0.0458
vn 0.6472 -0.7561 -0.0973
vn 0.6465 -0.7579 -0.0870
vn 0.6406 -0.7622 -0.0935
vn 0.7447 -0.6656 0.0490
vn 0.7454 -0.6649 0.0477
vn 0.7436 -0.6670 0.0468
vn 0.6565 -0.7398 0.1469
vn 0.6544 -0.7426 0.1425
vn 0.6506 -0.7463 0.1407
vn 0.4751 -0.8700 0.1317
vn 0.4715 -0.8715 0.1352
vn 0.4791 -0.8675 0.1336
vn 0.6499 -0.7535 -0.0989
vn 0.6433 -0.7597 -0.0951
vn 0.6440 -0.7577 -0.1054
vn 0.5657 -0.8244 0.0195
vn 0.5662 -0.8241 0.0150
vn 0.5686 -0.8224 0.0176
vn 0.5670 -0.8234 0.0229
vn 0.5645 -0.8252 0.0203
vn 0.5674 -0.8232 0.0184
vn 0.3838 -0.9219 0.0536
vn 0.3834 -0.9222 0.0514
vn 0.3848 -0.9215 0.0523
vn 0.3847 -0.9214 0.0551
vn 0.3833 -0.9220 0.0543
vn 0.3843 -0.9217 0.0528
vn 0.5136 -0.8304 -0.2158
vn 0.5086 -0.8345 -0.2122
vn 0.5125 -0.8322 -0.2118
vn 0.4437 -0.8926 -0.0798
vn 0.4437 -0.8926 -0.0799
vn 0.4458 -0.8917 -0.0786
vn 0.5108 -0.8332 -0.2120
vn 0.5069 -0.8354 -0.2124
vn 0.5065 -0.8368 -0.2080
vn 0.3368 -0.8959 -0.2898
vn 0.3369 -0.8960 -0.2891
vn 0.3361 -0.8963 -0.2894
vn 0.4448 -0.8921 -0.0790
vn 0.4427 -0.8930 -0.0803
vn 0.4449 -0.8921 -0.0791
vn 0.2628 -0.9649 -0.0017
vn 0.2619 -0.9651 -0.0003
vn 0.2647 -0.9643 0.0006
vn 0.2649 -0.9643 -0.0019
vn 0.2620 -0.9651 -0.0028
vn 0.2639 -0.9645 -0.0004
vn 0.1343 -0.9906 -0.0257
vn 0.1339 -0.9906 -0.0267
vn 0.1350 -0.9905 -0.0268
vn 0.3087 -0.9402 -0.1442
vn 0.3040 -0.9415 -0.1457
vn 0.3076 -0.9398 -0.1490
vn 0.3055 -0.9408 -0.1471
vn 0.3043 -0.9404 -0.1519
vn 0.3090 -0.9391 -0.1503
vn 0.3371 -0.8957 -0.2899
vn 0.3363 -0.8961 -0.2895
vn 0.3363 -0.8959 -0.2902
vn 0.1433 -0.9734 -0.1785
vn 0.1403 -0.9743 -0.1760
vn 0.1443 -0.9738 -0.1757
vn 0.1406 -0.9736 -0.1798
vn 0.1416 -0.9740 -0.1771
vn 0.1446 -0.9731 -0.1796
vn 0.1496 -0.9329 -0.3275
vn 0.1499 -0.9329 -0.3274
vn 0.1492 -0.9329 -0.3277
vn -0.7189 -0.6448 0.2596
vn -0.7187 -0.6450 0.2597
vn -0.6743 -0.7316 0.1002
vn -0.6741 -0.7318 0.1000
vn -0.6745 -0.7314 0.1003
vn -0.6744 -0.7315 0.1004
vn -0.5877 -0.8077 -0.0470
vn -0.5876 -0.8078 -0.0470
vn -0.4638 -0.8688 -0.1736
vn -0.4640 -0.8687 -0.1733
vn -0.3103 -0.9110 -0.2715
vn -0.3104 -0.9109 -0.2718
vn -0.3107 -0.9108 -0.2718
vn -0.3104 -0.9109 -0.2717
vn -0.1359 -0.9320 -0.3360
vn -0.1361 -0.9319 -0.3362
vn 0.0490 -0.9305 -0.3630
vn 0.0490 -0.9306 -0.3628
vn 0.2348 -0.9065 -0.3510
vn 0.2342 -0.9068 -0.3507
vn 0.2344 -0.9066 -0.3509
vn 0.2342 -0.9069 -0.3503
vn 0.2338 -0.9071 -0.3501
vn 0.2342 -0.9068 -0.3506
vn 0.4086 -0.8622 -0.2995
vn 0.4089 -0.8620 -0.2998
vn 0.4085 -0.8622 -0.2996
vn 0.5622 -0.7990 -0.2132
vn 0.5620 -0.7993 -0.2128
vn 0.6856 -0.7216 -0.0961
vn 0.6858 -0.7214 -0.0964
vn 0.7724 -0.6336 0.0444
vn 0.7725 -0.6335 0.0441
vn 0.8170 -0.5407 0.2004
vn 0.8170 -0.5406 0.2004
vn 0.7158 0.6474 -0.2617
vn 0.7156 0.6476 -0.2616
vn 0.7159 0.6475 -0.2612
vn 0.6712 0.7341 -0.1029
vn 0.6713 0.7341 -0.1025
vn 0.5849 0.8099 0.0441
vn 0.5849 0.8099 0.0439
vn 0.4617 0.8707 0.1696
vn 0.4617 0.8706 0.1699
vn 0.3088 0.9126 0.2678
vn 0.3087 0.9127 0.2677
vn 0.1351 0.9336 0.3319
vn 0.1351 0.9336 0.3318
vn -0.0493 0.9320 0.3591
vn -0.0493 0.9322 0.3586
vn -0.0493 0.9321 0.3589
vn -0.2340 0.9085 0.3463
vn -0.2336 0.9086 0.3462
vn -0.4077 0.8639 0.2956
vn -0.4075 0.8641 0.2955
vn -0.5604 0.8013 0.2093
vn -0.5603 0.8014 0.2095
vn -0.6836 0.7240 0.0928
vn -0.6838 0.7237 0.0932
vn -0.7702 0.6360 -0.0471
vn -0.7700 0.6363 -0.0468
vn -0.8145 0.5437 -0.2026
vn -0.8144 0.5438 -0.2026
vn -0.8143 0.4516 -0.3646
vn -0.7698 0.3651 -0.5235
vn -0.7699 0.3650 -0.5235
vn -0.6834 0.2891 -0.6704
vn -0.6833 0.2890 -0.6705
vn -0.6835 0.2895 -0.6700
vn -0.6837 0.2889 -0.6701
vn -0.5604 0.2287 -0.7961
vn -0.5599 0.2293 -0.7962
vn -0.5607 0.2275 -0.7962
vn -0.5605 0.2281 -0.7961
vn -0.5602 0.2285 -0.7962
vn -0.4075 0.1862 -0.8940
vn -0.4071 0.1853 -0.8944
vn -0.4075 0.1856 -0.8942
vn -0.4080 0.1865 -0.8937
vn -0.4075 0.1864 -0.8940
vn -0.4075 0.1859 -0.8941
vn -0.2330 0.1673 -0.9580
vn -0.2338 0.1651 -0.9582
vn -0.2338 0.1661 -0.9580
vn -0.2339 0.1643 -0.9583
vn -0.2346 0.1631 -0.9583
vn -0.2341 0.1654 -0.9580
vn -0.0494 0.1671 -0.9847
vn -0.0493 0.1670 -0.9847
vn 0.1350 0.1907 -0.9723
vn 0.1347 0.1914 -0.9722
vn 0.1353 0.1898 -0.9725
vn 0.1351 0.1906 -0.9723
vn 0.3086 0.2356 -0.9215
vn 0.3094 0.2347 -0.9215
vn 0.3088 0.2345 -0.9218
vn 0.3078 0.2361 -0.9217
vn 0.3086 0.2359 -0.9215
vn 0.3088 0.2352 -0.9216
vn 0.4613 0.2979 -0.8357
vn 0.4619 0.2976 -0.8355
vn 0.5848 0.3754 -0.7191
vn 0.5849 0.3752 -0.7191
vn 0.6714 0.4627 -0.5789
vn 0.6715 0.4626 -0.5789
vn 0.7158 0.5552 -0.4235
vn 0.7157 0.5553 -0.4236
vn 0.8171 -0.4480 0.3629
vn 0.8170 -0.4481 0.3630
vn 0.7724 -0.3611 0.5225
vn 0.7724 -0.3610 0.5226
vn 0.6860 -0.2850 0.6695
vn 0.6857 -0.2850 0.6698
vn 0.5619 -0.2242 0.7963
vn 0.5622 -0.2242 0.7960
vn 0.4085 -0.1819 0.8944
vn 0.4085 -0.1815 0.8945
vn 0.2343 -0.1611 0.9587
vn 0.2342 -0.1607 0.9588
vn 0.2342 -0.1612 0.9587
vn 0.0488 -0.1615 0.9857
vn 0.0491 -0.1625 0.9855
vn 0.0491 -0.1620 0.9856
vn 0.0491 -0.1629 0.9854
vn 0.0493 -0.1633 0.9853
vn -0.1356 -0.1869 0.9730
vn -0.1360 -0.1861 0.9731
vn -0.1361 -0.1866 0.9730
vn -0.1360 -0.1862 0.9730
vn -0.1364 -0.1858 0.9731
vn -0.3110 -0.2294 0.9223
vn -0.3104 -0.2312 0.9221
vn -0.3105 -0.2301 0.9223
vn -0.3103 -0.2318 0.9219
vn -0.3098 -0.2326 0.9219
vn -0.3104 -0.2308 0.9222
vn -0.4642 -0.2935 0.8357
vn -0.4639 -0.2937 0.8358
vn -0.5876 -0.3713 0.7189
vn -0.5875 -0.3714 0.7189
vn -0.6743 -0.4593 0.5782
vn -0.6745 -0.4590 0.5783
vn -0.7188 -0.5523 0.4222
vn -0.7190 -0.5521 0.4222
vn 0.0778 -0.8665 0.4932
vn 0.0781 -0.8663 0.4934
vn 0.0776 -0.8662 0.4935
vn 0.0774 -0.8663 0.4935
vn -0.1204 0.6113 -0.7822
vn -0.1249 0.6112 -0.7815
vn -0.1210 0.6076 -0.7849
vn -0.0887 0.8214 -0.5634
vn -0.0913 0.8214 -0.5630
vn -0.0887 0.8230 -0.5611
vn -0.0860 0.8236 -0.5606
vn -0.0887 0.8221 -0.5624
vn -0.0887 0.8236 -0.5602
vn -0.1063 0.7304 -0.6747
vn -0.1101 0.7304 -0.6741
vn -0.1056 0.7279 -0.6775
vn -0.1207 0.6097 -0.7834
vn -0.1212 0.6061 -0.7861
vn -0.1167 0.6061 -0.7868
vn -0.1015 0.7269 -0.6792
vn -0.1060 0.7294 -0.6759
vn -0.1053 0.7269 -0.6786
vn -0.1056 0.8222 -0.5593
vn -0.1075 0.8249 -0.5550
vn -0.1092 0.8228 -0.5578
vn -0.1067 0.8258 -0.5538
vn -0.1104 0.8263 -0.5524
vn -0.1085 0.8237 -0.5566
vn -0.2149 0.6194 -0.7551
vn -0.2151 0.6200 -0.7546
vn -0.2150 0.6200 -0.7546
vn -0.3060 0.6351 -0.7092
vn -0.3013 0.6372 -0.7094
vn -0.3028 0.6341 -0.7115
vn -0.2150 0.6197 -0.7548
vn -0.2147 0.6199 -0.7548
vn -0.2153 0.6203 -0.7543
vn -0.1646 0.7326 -0.6604
vn -0.1656 0.7328 -0.6600
vn -0.1640 0.7322 -0.6610
vn -0.1628 0.7319 -0.6617
vn -0.1644 0.7325 -0.6606
vn -0.1636 0.7320 -0.6614
vn -0.1229 0.8270 -0.5486
vn -0.1227 0.8294 -0.5450
vn -0.1261 0.8280 -0.5464
vn -0.1212 0.8300 -0.5444
vn -0.1244 0.8310 -0.5422
vn -0.1246 0.8286 -0.5458
vn -0.3022 0.6354 -0.7106
vn -0.3007 0.6385 -0.7085
vn -0.2976 0.6375 -0.7107
vn -0.2134 0.7394 -0.6385
vn -0.2174 0.7416 -0.6346
vn -0.2159 0.7403 -0.6367
vn -0.2180 0.7422 -0.6338
vn -0.2204 0.7429 -0.6321
vn -0.2165 0.7408 -0.6359
vn -0.1395 0.8301 -0.5399
vn -0.1402 0.8360 -0.5305
vn -0.1436 0.8324 -0.5352
vn -0.1388 0.8374 -0.5287
vn -0.1429 0.8398 -0.5238
vn -0.1421 0.8340 -0.5332
vn -0.3726 0.6614 -0.6509
vn -0.3732 0.6664 -0.6455
vn -0.3788 0.6618 -0.6469
vn -0.2599 0.7612 -0.5941
vn -0.2617 0.7622 -0.5921
vn -0.2605 0.7594 -0.5962
vn -0.3729 0.6635 -0.6486
vn -0.3666 0.6702 -0.6454
vn -0.3734 0.6685 -0.6431
vn -0.2590 0.7576 -0.5992
vn -0.2602 0.7604 -0.5950
vn -0.2608 0.7586 -0.5971
vn -0.1516 0.8409 -0.5196
vn -0.1530 0.8436 -0.5148
vn -0.1527 0.8421 -0.5172
vn -0.1531 0.8442 -0.5137
vn -0.1542 0.8454 -0.5114
vn -0.1528 0.8427 -0.5162
vn -0.4249 0.7066 -0.5658
vn -0.4235 0.7048 -0.5691
vn -0.4234 0.7049 -0.5691
vn -0.2799 0.7894 -0.5464
vn -0.2883 0.7852 -0.5480
vn -0.2818 0.7847 -0.5522
vn -0.4243 0.7059 -0.5672
vn -0.4244 0.7058 -0.5672
vn -0.4229 0.7041 -0.5705
vn -0.2911 0.7854 -0.5463
vn -0.2897 0.7814 -0.5527
vn -0.2845 0.7849 -0.5504
vn -0.1505 0.8520 -0.5014
vn -0.1561 0.8529 -0.4982
vn -0.1511 0.8543 -0.4973
vn -0.1581 0.8522 -0.4988
vn -0.1588 0.8547 -0.4942
vn -0.1534 0.8538 -0.4974
vn -0.3060 0.8122 -0.4966
vn -0.3067 0.8122 -0.4963
vn -0.3066 0.8118 -0.4970
vn -0.4459 0.7522 -0.4852
vn -0.4480 0.7506 -0.4858
vn -0.4454 0.7508 -0.4877
vn -0.4467 0.7515 -0.4855
vn -0.4493 0.7512 -0.4835
vn -0.4490 0.7498 -0.4860
vn -0.3057 0.8121 -0.4971
vn -0.3058 0.8125 -0.4964
vn -0.3063 0.8120 -0.4968
vn -0.1536 0.8603 -0.4861
vn -0.1598 0.8625 -0.4802
vn -0.1527 0.8639 -0.4799
vn -0.1628 0.8619 -0.4803
vn -0.1619 0.8655 -0.4740
vn -0.1556 0.8633 -0.4801
vn -0.4446 0.8012 -0.4006
vn -0.4487 0.8002 -0.3980
vn -0.4452 0.7987 -0.4048
vn -0.4463 0.8008 -0.3995
vn -0.4497 0.8022 -0.3928
vn -0.4504 0.7997 -0.3970
vn -0.3059 0.8423 -0.4439
vn -0.3055 0.8417 -0.4452
vn -0.3050 0.8420 -0.4450
vn -0.3041 0.8427 -0.4442
vn -0.3055 0.8422 -0.4443
vn -0.3045 0.8419 -0.4456
vn -0.1491 0.8731 -0.4642
vn -0.1491 0.8731 -0.4641
vn -0.1486 0.8736 -0.4634
vn -0.1493 0.8729 -0.4645
vn -0.1490 0.8734 -0.4637
vn -0.1489 0.8734 -0.4638
vn -0.2973 0.8677 -0.3985
vn -0.2866 0.8729 -0.3948
vn -0.2942 0.8717 -0.3919
vn -0.4215 0.8500 -0.3161
vn -0.4223 0.8497 -0.3158
vn -0.4218 0.8496 -0.3167
vn -0.4218 0.8498 -0.3160
vn -0.4222 0.8500 -0.3150
vn -0.4225 0.8496 -0.3157
vn -0.2834 0.8734 -0.3961
vn -0.2803 0.8773 -0.3895
vn -0.2911 0.8722 -0.3932
vn -0.1464 0.8798 -0.4522
vn -0.1374 0.8818 -0.4511
vn -0.1427 0.8825 -0.4481
vn -0.1353 0.8815 -0.4524
vn -0.1316 0.8842 -0.4483
vn -0.1406 0.8823 -0.4492
vn -0.2642 0.8984 -0.3509
vn -0.2599 0.9007 -0.3481
vn -0.2625 0.8996 -0.3489
vn -0.3736 0.8948 -0.2445
vn -0.3720 0.8954 -0.2447
vn -0.3720 0.8955 -0.2445
vn -0.3729 0.8951 -0.2446
vn -0.3726 0.8949 -0.2457
vn -0.3713 0.8957 -0.2448
vn -0.2588 0.9012 -0.3478
vn -0.2570 0.9024 -0.3458
vn -0.2613 0.9001 -0.3486
vn -0.1190 0.8914 -0.4372
vn -0.1207 0.8915 -0.4367
vn -0.1206 0.8901 -0.4396
vn -0.1075 0.8970 -0.4287
vn -0.1072 0.8982 -0.4262
vn -0.1049 0.8977 -0.4279
vn -0.1208 0.8920 -0.4356
vn -0.1204 0.8907 -0.4384
vn -0.1207 0.8906 -0.4384
vn -0.3041 0.9341 -0.1870
vn -0.3033 0.9350 -0.1838
vn -0.3052 0.9341 -0.1850
vn -0.2173 0.9244 -0.3135
vn -0.2172 0.9244 -0.3135
vn -0.2169 0.9242 -0.3144
vn -0.3036 0.9341 -0.1880
vn -0.3047 0.9341 -0.1859
vn -0.3054 0.9332 -0.1892
vn -0.2173 0.9245 -0.3132
vn -0.2164 0.9246 -0.3136
vn -0.2170 0.9243 -0.3141
vn -0.0883 0.9017 -0.4233
vn -0.0879 0.9022 -0.4222
vn -0.0872 0.9018 -0.4232
vn -0.0882 0.9019 -0.4228
vn -0.0890 0.9023 -0.4219
vn -0.0878 0.9024 -0.4218
vn -0.1097 0.8981 -0.4260
vn -0.1071 0.8988 -0.4251
vn -0.1074 0.8976 -0.4276
vn -0.1059 0.9541 -0.2800
vn -0.1078 0.9533 -0.2821
vn -0.1058 0.9536 -0.2819
vn -0.1219 0.9845 -0.1263
vn -0.1203 0.9848 -0.1255
vn -0.1210 0.9848 -0.1248
vn -0.1641 0.9430 -0.2895
vn -0.1678 0.9422 -0.2901
vn -0.1660 0.9417 -0.2926
vn -0.2175 0.9652 -0.1449
vn -0.2142 0.9660 -0.1445
vn -0.2159 0.9657 -0.1445
vn -0.1631 0.9415 -0.2950
vn -0.1649 0.9425 -0.2908
vn -0.1668 0.9412 -0.2939
vn -0.2181 0.9651 -0.1450
vn -0.2165 0.9655 -0.1446
vn -0.2197 0.9647 -0.1449
vn -0.1215 0.9846 -0.1257
vn -0.1206 0.9849 -0.1242
vn -0.1060 0.9544 -0.2791
vn -0.1058 0.9538 -0.2812
vn -0.1039 0.9547 -0.2790
vn -0.0222 0.9911 -0.1311
vn -0.0217 0.9911 -0.1312
vn -0.0221 0.9911 -0.1315
vn -0.0681 0.9016 -0.4271
vn -0.0647 0.9016 -0.4276
vn -0.0671 0.9031 -0.4242
vn -0.0700 0.9036 -0.4225
vn -0.0677 0.9022 -0.4259
vn -0.0666 0.9037 -0.4230
vn -0.0454 0.9582 -0.2824
vn -0.0414 0.9582 -0.2830
vn -0.0448 0.9594 -0.2786
vn -0.0221 0.9911 -0.1314
vn -0.0220 0.9910 -0.1318
vn -0.0225 0.9910 -0.1317
vn -0.0485 0.9598 -0.2764
vn -0.0451 0.9587 -0.2808
vn -0.0446 0.9598 -0.2770
vn -0.0498 0.9009 -0.4311
vn -0.0489 0.9015 -0.4299
vn -0.0449 0.9003 -0.4330
vn -0.0506 0.9021 -0.4286
vn -0.0457 0.9014 -0.4305
vn -0.0466 0.9008 -0.4317
vn 0.0737 0.9851 -0.1551
vn 0.0725 0.9849 -0.1571
vn 0.0715 0.9854 -0.1542
vn 0.1589 0.9665 -0.2018
vn 0.1578 0.9665 -0.2025
vn 0.1575 0.9669 -0.2008
vn 0.0732 0.9851 -0.1559
vn 0.0742 0.9845 -0.1588
vn 0.0720 0.9848 -0.1579
vn 0.0140 0.9546 -0.2974
vn 0.0149 0.9545 -0.2978
vn 0.0135 0.9549 -0.2966
vn 0.0123 0.9551 -0.2959
vn 0.0138 0.9548 -0.2970
vn 0.0133 0.9550 -0.2963
vn -0.0313 0.8984 -0.4381
vn -0.0292 0.8979 -0.4393
vn -0.0325 0.8965 -0.4419
vn 0.0672 0.9433 -0.3252
vn 0.0672 0.9423 -0.3281
vn 0.0653 0.9429 -0.3267
vn -0.0278 0.8985 -0.4382
vn -0.0251 0.8970 -0.4414
vn -0.0311 0.8971 -0.4408
vn 0.1576 0.9667 -0.2015
vn 0.1580 0.9663 -0.2032
vn 0.1565 0.9667 -0.2023
vn 0.0660 0.9440 -0.3233
vn 0.0679 0.9434 -0.3245
vn 0.0660 0.9431 -0.3260
vn -0.0169 0.8916 -0.4526
vn -0.0176 0.8909 -0.4538
vn -0.0156 0.8908 -0.4542
vn -0.0186 0.8910 -0.4536
vn -0.0173 0.8903 -0.4551
vn -0.0164 0.8909 -0.4540
vn 0.2252 0.9375 -0.2654
vn 0.2266 0.9369 -0.2663
vn 0.2241 0.9381 -0.2642
vn 0.2258 0.9372 -0.2658
vn 0.2283 0.9360 -0.2679
vn 0.2272 0.9366 -0.2666
vn 0.1079 0.9251 -0.3640
vn 0.1076 0.9251 -0.3643
vn 0.1091 0.9245 -0.3654
vn 0.1069 0.9253 -0.3638
vn 0.1081 0.9246 -0.3652
vn 0.1084 0.9247 -0.3648
vn -0.0097 0.8817 -0.4718
vn -0.0062 0.8828 -0.4697
vn -0.0099 0.8836 -0.4682
vn -0.0047 0.8825 -0.4703
vn -0.0067 0.8841 -0.4673
vn -0.0083 0.8832 -0.4689
vn 0.2780 0.8964 -0.3451
vn 0.2782 0.8972 -0.3430
vn 0.2771 0.8974 -0.3433
vn 0.1413 0.9002 -0.4119
vn 0.1417 0.9007 -0.4106
vn 0.1364 0.9017 -0.4104
vn 0.1439 0.9003 -0.4107
vn 0.1388 0.9003 -0.4126
vn 0.1386 0.9013 -0.4105
vn 0.2781 0.8968 -0.3442
vn 0.2792 0.8965 -0.3439
vn 0.2783 0.8975 -0.3421
vn -0.0004 0.8755 -0.4833
vn -0.0033 0.8737 -0.4865
vn -0.0000 0.8740 -0.4859
vn 0.1559 0.8729 -0.4623
vn 0.1587 0.8720 -0.4631
vn 0.1582 0.8734 -0.4606
vn -0.0046 0.8736 -0.4867
vn -0.0042 0.8719 -0.4896
vn -0.0014 0.8738 -0.4863
vn 0.3059 0.8506 -0.4276
vn 0.3059 0.8508 -0.4272
vn 0.1547 0.8740 -0.4607
vn 0.1551 0.8726 -0.4632
vn 0.1573 0.8732 -0.4613
vn 0.3059 0.8507 -0.4275
vn 0.3056 0.8509 -0.4272
vn -0.0018 0.8647 -0.5023
vn -0.0011 0.8636 -0.5042
vn -0.0036 0.8638 -0.5038
vn -0.0000 0.8637 -0.5040
vn -0.0003 0.8622 -0.5066
vn -0.0025 0.8637 -0.5040
vn 0.3050 0.8017 -0.5141
vn 0.3058 0.8015 -0.5139
vn 0.3051 0.8021 -0.5133
vn 0.3054 0.8016 -0.5140
vn 0.3061 0.8010 -0.5145
vn 0.3062 0.8014 -0.5138
vn 0.1530 0.8429 -0.5159
vn 0.1528 0.8421 -0.5172
vn 0.1538 0.8434 -0.5148
vn 0.1543 0.8444 -0.5130
vn 0.1533 0.8431 -0.5154
vn 0.1542 0.8437 -0.5142
vn -0.0068 0.8544 -0.5196
vn -0.0088 0.8539 -0.5204
vn -0.0073 0.8537 -0.5208
vn -0.0093 0.8539 -0.5203
vn -0.0099 0.8532 -0.5215
vn -0.0079 0.8537 -0.5206
vn 0.1410 0.8117 -0.5668
vn 0.1377 0.8119 -0.5673
vn 0.1391 0.8136 -0.5645
vn 0.1432 0.8126 -0.5650
vn 0.1418 0.8108 -0.5678
vn 0.1399 0.8128 -0.5655
vn 0.2729 0.7538 -0.5977
vn 0.2767 0.7539 -0.5959
vn 0.2745 0.7559 -0.5943
vn 0.2745 0.7539 -0.5969
vn 0.2767 0.7519 -0.5984
vn 0.2784 0.7539 -0.5950
vn -0.0177 0.8448 -0.5347
vn -0.0160 0.8436 -0.5368
vn -0.0207 0.8427 -0.5380
vn -0.0140 0.8440 -0.5362
vn -0.0170 0.8418 -0.5395
vn -0.0187 0.8431 -0.5375
vn 0.2266 0.7090 -0.6678
vn 0.2251 0.7092 -0.6681
vn 0.2259 0.7098 -0.6672
vn 0.1052 0.7883 -0.6062
vn 0.2269 0.7086 -0.6681
vn 0.2262 0.7095 -0.6675
vn 0.2277 0.7092 -0.6673
vn 0.1169 0.7808 -0.6137
vn -0.0233 0.8386 -0.5442
vn -0.0345 0.8382 -0.5443
vn -0.0288 0.8362 -0.5477
vn -0.0369 0.8390 -0.5428
vn -0.0424 0.8365 -0.5463
vn -0.0312 0.8371 -0.5462
vn 0.0598 0.7642 -0.6422
vn 0.0529 0.7611 -0.6465
vn 0.0671 0.7607 -0.6456
vn 0.1589 0.6675 -0.7274
vn 0.1596 0.6664 -0.7283
vn 0.1623 0.6676 -0.7267
vn 0.1576 0.6675 -0.7277
vn 0.1609 0.6675 -0.7270
vn 0.1603 0.6687 -0.7261
vn 0.0771 0.7623 -0.6426
vn 0.0629 0.7627 -0.6437
vn 0.0702 0.7592 -0.6470
vn -0.0470 0.8309 -0.5545
vn -0.0470 0.8309 -0.5544
vn -0.0491 0.8303 -0.5552
vn -0.0663 0.8277 -0.5572
vn -0.0670 0.8261 -0.5595
vn -0.0692 0.8273 -0.5574
vn -0.0666 0.8271 -0.5581
vn -0.0643 0.8258 -0.5603
vn -0.0672 0.8254 -0.5605
vn -0.0462 0.8312 -0.5541
vn -0.0482 0.8306 -0.5548
vn -0.0457 0.7285 -0.6835
vn -0.0401 0.7336 -0.6784
vn -0.0464 0.7328 -0.6789
vn -0.0221 0.6198 -0.7844
vn -0.0209 0.6169 -0.7867
vn -0.0224 0.6168 -0.7868
vn 0.0116 0.7430 -0.6692
vn 0.0106 0.7438 -0.6683
vn 0.0117 0.7441 -0.6680
vn 0.0745 0.6331 -0.7705
vn 0.0115 0.7434 -0.6688
vn 0.0116 0.7434 -0.6687
vn 0.0118 0.7446 -0.6675
vn 0.0713 0.6439 -0.7618
vn -0.0261 0.6169 -0.7866
vn -0.0222 0.6186 -0.7854
vn -0.0226 0.6155 -0.7878
vn -0.0454 0.7267 -0.6854
vn -0.0461 0.7310 -0.6808
vn -0.0516 0.7259 -0.6859
vn 0.0012 0.9998 0.0218
vn 0.0016 0.9998 0.0217
vn 0.0007 0.9998 0.0219
vn -0.0000 0.9998 0.0221
vn 0.0009 0.9998 0.0219
vn 0.0004 0.9998 0.0221
vn 0.0474 0.9442 0.3261
vn 0.0474 0.9444 0.3255
vn 0.0471 0.9442 0.3260
vn 0.0253 0.9842 0.1752
vn 0.0269 0.9842 0.1749
vn 0.0245 0.9840 0.1767
vn 0.0474 0.9442 0.3259
vn 0.0477 0.9442 0.3259
vn 0.0474 0.9443 0.3256
vn 0.0226 0.9839 0.1775
vn 0.0250 0.9841 0.1758
vn 0.0242 0.9839 0.1773
vn 0.1322 0.9912 -0.0109
vn 0.1321 0.9911 -0.0129
vn 0.1353 0.9907 -0.0121
vn 0.1308 0.9913 -0.0132
vn 0.1338 0.9909 -0.0144
vn 0.1339 0.9909 -0.0124
vn 0.2378 0.9328 0.2709
vn 0.2377 0.9324 0.2723
vn 0.2364 0.9330 0.2714
vn 0.1882 0.9733 0.1313
vn 0.1907 0.9727 0.1326
vn 0.1855 0.9737 0.1319
vn 0.2377 0.9326 0.2715
vn 0.2390 0.9321 0.2723
vn 0.2376 0.9322 0.2729
vn 0.1818 0.9745 0.1313
vn 0.1871 0.9735 0.1317
vn 0.1844 0.9739 0.1322
vn 0.2517 0.9647 -0.0778
vn 0.2520 0.9647 -0.0763
vn 0.2504 0.9651 -0.0767
vn 0.3297 0.9426 0.0535
vn 0.3298 0.9425 0.0534
vn 0.3295 0.9427 0.0526
vn 0.2528 0.9645 -0.0761
vn 0.2512 0.9650 -0.0758
vn 0.2511 0.9649 -0.0766
vn 0.4030 0.8977 0.1781
vn 0.4105 0.8938 0.1807
vn 0.3961 0.8998 0.1829
vn 0.3291 0.9428 0.0535
vn 0.3297 0.9425 0.0539
vn 0.3296 0.9426 0.0531
vn 0.4061 0.8961 0.1792
vn 0.4204 0.8899 0.1769
vn 0.4135 0.8922 0.1818
vn 0.3470 0.9239 -0.1614
vn 0.3461 0.9240 -0.1626
vn 0.3491 0.9227 -0.1637
vn 0.3450 0.9245 -0.1621
vn 0.3470 0.9233 -0.1645
vn 0.3479 0.9232 -0.1633
vn 0.5454 0.8365 0.0531
vn 0.5453 0.8365 0.0541
vn 0.5448 0.8368 0.0538
vn 0.4576 0.8875 -0.0543
vn 0.4503 0.8912 -0.0550
vn 0.4503 0.8911 -0.0555
vn 0.5453 0.8365 0.0534
vn 0.5459 0.8361 0.0537
vn 0.5453 0.8365 0.0543
vn 0.4539 0.8891 -0.0592
vn 0.4546 0.8890 -0.0548
vn 0.4472 0.8927 -0.0560
vn 0.4130 0.8716 -0.2643
vn 0.4112 0.8718 -0.2664
vn 0.4145 0.8698 -0.2675
vn 0.4098 0.8726 -0.2659
vn 0.4114 0.8708 -0.2692
vn 0.4131 0.8706 -0.2671
vn 0.5348 0.8243 -0.1857
vn 0.5372 0.8223 -0.1878
vn 0.5364 0.8232 -0.1861
vn 0.6937 0.6690 -0.2669
vn 0.6937 0.6690 -0.2670
vn 0.6953 0.6672 -0.2673
vn 0.6458 0.7569 -0.1007
vn 0.6445 0.7582 -0.0985
vn 0.6449 0.7579 -0.0982
vn 0.6453 0.7574 -0.0996
vn 0.6450 0.7576 -0.1000
vn 0.6439 0.7588 -0.0977
vn 0.5333 0.8257 -0.1839
vn 0.5340 0.8249 -0.1856
vn 0.5357 0.8237 -0.1860
vn 0.4415 0.8131 -0.3795
vn 0.4455 0.8094 -0.3826
vn 0.4408 0.8111 -0.3845
vn 0.4447 0.7422 -0.5014
vn 0.4475 0.7412 -0.5003
vn 0.4473 0.7405 -0.5015
vn 0.4476 0.8086 -0.3818
vn 0.4483 0.8060 -0.3865
vn 0.4428 0.8104 -0.3837
vn 0.6941 0.5675 -0.4429
vn 0.6975 0.5682 -0.4367
vn 0.6947 0.5696 -0.4394
vn 0.6946 0.6679 -0.2672
vn 0.6929 0.6699 -0.2668
vn 0.6941 0.6680 -0.2682
vn 0.5777 0.7474 -0.3282
vn 0.5780 0.7461 -0.3304
vn 0.5797 0.7456 -0.3286
vn 0.5802 0.7462 -0.3263
vn 0.5785 0.7467 -0.3283
vn 0.5806 0.7448 -0.3288
vn 0.4128 0.6724 -0.6145
vn 0.4115 0.6752 -0.6122
vn 0.4113 0.6706 -0.6174
vn 0.4473 0.7430 -0.4978
vn 0.4487 0.7408 -0.4998
vn 0.4459 0.7418 -0.5009
vn 0.6959 0.5690 -0.4382
vn 0.6986 0.5677 -0.4355
vn 0.6992 0.5697 -0.4319
vn 0.5803 0.6620 -0.4744
vn 0.5800 0.6609 -0.4763
vn 0.5784 0.6632 -0.4750
vn 0.5779 0.6648 -0.4734
vn 0.5795 0.6625 -0.4746
vn 0.5776 0.6637 -0.4753
vn 0.4124 0.6782 -0.6082
vn 0.4110 0.6764 -0.6112
vn 0.4122 0.6736 -0.6135
vn 0.5448 0.5772 -0.6083
vn 0.5374 0.5776 -0.6144
vn 0.5425 0.5741 -0.6133
vn 0.6437 0.4736 -0.6012
vn 0.6431 0.4723 -0.6028
vn 0.6445 0.4746 -0.5994
vn 0.6435 0.4730 -0.6018
vn 0.6420 0.4707 -0.6053
vn 0.6428 0.4717 -0.6035
vn 0.5353 0.5791 -0.6149
vn 0.5329 0.5761 -0.6198
vn 0.5404 0.5756 -0.6137
vn 0.3537 0.6107 -0.7085
vn 0.3440 0.6123 -0.7119
vn 0.3494 0.6076 -0.7133
vn 0.3418 0.6143 -0.7113
vn 0.3374 0.6111 -0.7161
vn 0.3471 0.6096 -0.7127
vn 0.5450 0.3787 -0.7481
vn 0.5423 0.3824 -0.7481
vn 0.5477 0.3807 -0.7451
vn 0.4524 0.5040 -0.7357
vn 0.4539 0.4986 -0.7385
vn 0.4489 0.5014 -0.7396
vn 0.4559 0.4974 -0.7380
vn 0.4524 0.4948 -0.7419
vn 0.4510 0.5003 -0.7391
vn 0.5438 0.3802 -0.7481
vn 0.5395 0.3808 -0.7510
vn 0.5412 0.3839 -0.7482
vn 0.2401 0.5575 -0.7947
vn 0.2472 0.5521 -0.7963
vn 0.2486 0.5598 -0.7904
vn 0.2465 0.5488 -0.7988
vn 0.2523 0.5543 -0.7931
vn 0.2480 0.5566 -0.7929
vn 0.4018 0.3048 -0.8635
vn 0.4072 0.3039 -0.8613
vn 0.4065 0.3069 -0.8606
vn 0.3316 0.4417 -0.8337
vn 0.3330 0.4348 -0.8367
vn 0.3351 0.4383 -0.8340
vn 0.3319 0.4333 -0.8379
vn 0.3361 0.4308 -0.8375
vn 0.3341 0.4368 -0.8352
vn 0.4039 0.3045 -0.8626
vn 0.4047 0.3015 -0.8633
vn 0.4095 0.3036 -0.8603
vn 0.1322 0.5104 -0.8497
vn 0.1297 0.5097 -0.8505
vn 0.1302 0.5121 -0.8490
vn 0.1318 0.5135 -0.8479
vn 0.1313 0.5111 -0.8494
vn 0.1293 0.5128 -0.8487
vn 0.0006 0.4910 -0.8711
vn 0.0010 0.4956 -0.8686
vn -0.0046 0.4903 -0.8715
vn 0.0007 0.4929 -0.8701
vn 0.0064 0.4982 -0.8670
vn 0.0012 0.4975 -0.8675
vn 0.0379 0.2064 -0.9777
vn 0.0475 0.1982 -0.9790
vn 0.0477 0.2077 -0.9770
vn 0.2379 0.2310 -0.9434
vn 0.2371 0.2486 -0.9391
vn 0.1872 0.3789 -0.9063
vn 0.1858 0.3808 -0.9058
vn 0.1873 0.3810 -0.9054
vn 0.1874 0.3798 -0.9059
vn 0.1872 0.3798 -0.9059
vn 0.1873 0.3818 -0.9051
vn 0.0248 0.3421 -0.9393
vn 0.0248 0.3474 -0.9374
vn 0.0191 0.3413 -0.9398
vn 0.0248 0.3444 -0.9385
vn 0.0305 0.3507 -0.9360
vn 0.0247 0.3498 -0.9365
vn 0.0474 0.1941 -0.9798
vn 0.0571 0.1955 -0.9790
vn 0.0475 0.2038 -0.9779
vn -0.1354 0.4668 -0.8739
vn -0.1338 0.4862 -0.8635
vn -0.1494 0.1931 -0.9697
vn -0.1492 0.1873 -0.9709
vn -0.1435 0.1931 -0.9706
vn -0.1426 0.3404 -0.9294
vn -0.1500 0.3403 -0.9283
vn -0.1430 0.3474 -0.9267
vn -0.1493 0.1906 -0.9702
vn -0.1549 0.1848 -0.9705
vn -0.1490 0.1848 -0.9714
vn -0.1357 0.3504 -0.9267
vn -0.1428 0.3433 -0.9283
vn -0.1432 0.3504 -0.9256
vn -0.2575 0.4928 -0.8312
vn -0.2651 0.4859 -0.8329
vn -0.2666 0.4940 -0.8276
vn -0.3832 0.5171 -0.7653
vn -0.3811 0.5125 -0.7695
vn -0.3772 0.5192 -0.7669
vn -0.2644 0.4825 -0.8350
vn -0.2735 0.4837 -0.8314
vn -0.2660 0.4906 -0.8298
vn -0.3391 0.2030 -0.9186
vn -0.3388 0.2028 -0.9187
vn -0.3388 0.2029 -0.9187
vn -0.3046 0.3508 -0.8855
vn -0.3069 0.3511 -0.8846
vn -0.3068 0.3498 -0.8852
vn -0.3387 0.2028 -0.9188
vn -0.3388 0.2026 -0.9188
vn -0.3384 0.2026 -0.9189
vn -0.3055 0.3491 -0.8859
vn -0.3055 0.3503 -0.8854
vn -0.3077 0.3494 -0.8850
vn -0.3860 0.5106 -0.7683
vn -0.3801 0.5105 -0.7713
vn -0.3823 0.5152 -0.7671
vn -0.5071 0.2397 -0.8279
vn -0.5104 0.2398 -0.8258
vn -0.5038 0.2387 -0.8302
vn -0.4488 0.3794 -0.8091
vn -0.4518 0.3803 -0.8070
vn -0.4516 0.3807 -0.8069
vn -0.4498 0.3804 -0.8081
vn -0.4500 0.3800 -0.8082
vn -0.4529 0.3812 -0.8060
vn -0.5085 0.2397 -0.8270
vn -0.5151 0.2408 -0.8226
vn -0.5119 0.2399 -0.8249
vn -0.4704 0.5603 -0.6818
vn -0.4757 0.5572 -0.6806
vn -0.4744 0.5625 -0.6772
vn -0.4763 0.5549 -0.6821
vn -0.4803 0.5572 -0.6774
vn -0.4749 0.5603 -0.6786
vn -0.6493 0.2947 -0.7011
vn -0.6500 0.2950 -0.7003
vn -0.6486 0.2943 -0.7019
vn -0.5698 0.4366 -0.6962
vn -0.5741 0.4390 -0.6912
vn -0.5714 0.4303 -0.6989
vn -0.5678 0.4251 -0.7049
vn -0.5705 0.4339 -0.6973
vn -0.5720 0.4276 -0.7000
vn -0.6496 0.2949 -0.7008
vn -0.6510 0.2956 -0.6991
vn -0.6503 0.2952 -0.6999
vn -0.5406 0.6085 -0.5809
vn -0.5421 0.6111 -0.5768
vn -0.5416 0.6096 -0.5788
vn -0.5423 0.6118 -0.5759
vn -0.5433 0.6129 -0.5738
vn -0.5418 0.6103 -0.5779
vn -0.6544 0.4983 -0.5687
vn -0.6551 0.4984 -0.5678
vn -0.6549 0.4981 -0.5684
vn -0.7481 0.3786 -0.5450
vn -0.7467 0.3780 -0.5473
vn -0.7471 0.3775 -0.5472
vn -0.7475 0.3784 -0.5459
vn -0.7472 0.3789 -0.5460
vn -0.7462 0.3777 -0.5482
vn -0.6539 0.4982 -0.5694
vn -0.6541 0.4985 -0.5689
vn -0.6546 0.4982 -0.5686
vn -0.5792 0.6722 -0.4611
vn -0.5794 0.6721 -0.4612
vn -0.7968 0.4698 -0.3800
vn -0.7974 0.4686 -0.3803
vn -0.7966 0.4691 -0.3813
vn -0.7970 0.4693 -0.3801
vn -0.7978 0.4687 -0.3792
vn -0.7977 0.4680 -0.3804
vn -0.6982 0.5752 -0.4262
vn -0.6975 0.5760 -0.4262
vn -0.6985 0.5762 -0.4244
vn -0.6971 0.5759 -0.4270
vn -0.6974 0.5769 -0.4252
vn -0.6981 0.5761 -0.4252
vn -0.5785 0.7388 -0.3457
vn -0.5806 0.7382 -0.3435
vn -0.5781 0.7405 -0.3427
vn -0.5815 0.7373 -0.3438
vn -0.5811 0.7390 -0.3409
vn -0.5791 0.7396 -0.3431
vn -0.7988 0.5646 -0.2078
vn -0.7994 0.5634 -0.2087
vn -0.7989 0.5639 -0.2091
vn -0.7990 0.5641 -0.2081
vn -0.7994 0.5638 -0.2077
vn -0.7996 0.5629 -0.2091
vn -0.6970 0.6600 -0.2804
vn -0.6966 0.6613 -0.2782
vn -0.6955 0.6619 -0.2795
vn -0.6952 0.6614 -0.2813
vn -0.6963 0.6608 -0.2800
vn -0.6949 0.6627 -0.2791
vn -0.5493 0.8020 -0.2346
vn -0.5435 0.8069 -0.2313
vn -0.5475 0.8043 -0.2308
vn -0.5418 0.8080 -0.2315
vn -0.5399 0.8103 -0.2277
vn -0.5458 0.8054 -0.2311
vn -0.6539 0.7429 -0.1433
vn -0.6553 0.7424 -0.1393
vn -0.6524 0.7448 -0.1402
vn -0.7499 0.6602 -0.0437
vn -0.7476 0.6627 -0.0446
vn -0.7483 0.6618 -0.0464
vn -0.7489 0.6612 -0.0441
vn -0.7489 0.6613 -0.0437
vn -0.7467 0.6637 -0.0449
vn -0.6565 0.7414 -0.1389
vn -0.6550 0.7433 -0.1359
vn -0.6536 0.7438 -0.1398
vn -0.4820 0.8662 -0.1319
vn -0.4788 0.8679 -0.1324
vn -0.4802 0.8675 -0.1298
vn -0.3828 0.9225 -0.0496
vn -0.3815 0.9229 -0.0516
vn -0.3808 0.9234 -0.0482
vn -0.4781 0.8681 -0.1335
vn -0.4764 0.8694 -0.1315
vn -0.4796 0.8677 -0.1310
vn -0.6443 0.7584 0.0982
vn -0.6470 0.7559 0.1000
vn -0.6468 0.7566 0.0954
vn -0.5698 0.8216 -0.0168
vn -0.5701 0.8214 -0.0162
vn -0.5670 0.8236 -0.0137
vn -0.5715 0.8204 -0.0173
vn -0.5687 0.8224 -0.0141
vn -0.5683 0.8227 -0.0147
vn -0.6454 0.7574 0.0990
vn -0.6457 0.7566 0.1035
vn -0.6482 0.7547 0.1007
vn -0.3829 0.9222 -0.0539
vn -0.3809 0.9231 -0.0526
vn -0.3822 0.9227 -0.0505
vn -0.5092 0.8333 0.2154
vn -0.5086 0.8334 0.2160
vn -0.5100 0.8329 0.2148
vn -0.4580 0.8852 0.0818
vn -0.4509 0.8886 0.0844
vn -0.4547 0.8867 0.0840
vn -0.4493 0.8894 0.0845
vn -0.4459 0.8909 0.0867
vn -0.4531 0.8875 0.0841
vn -0.5089 0.8334 0.2156
vn -0.5076 0.8339 0.2169
vn -0.5084 0.8335 0.2164
vn -0.2643 0.9644 0.0029
vn -0.2633 0.9647 0.0033
vn -0.2652 0.9642 0.0026
vn -0.2666 0.9638 0.0021
vn -0.2647 0.9643 0.0028
vn -0.2657 0.9641 0.0024
vn -0.1337 0.9906 0.0278
vn -0.1344 0.9906 0.0267
vn -0.1324 0.9908 0.0279
vn -0.1340 0.9906 0.0273
vn -0.1361 0.9903 0.0262
vn -0.1348 0.9905 0.0263
vn -0.1495 0.9312 0.3323
vn -0.1495 0.9313 0.3321
vn -0.1499 0.9312 0.3323
vn -0.3358 0.8956 0.2919
vn -0.3383 0.8935 0.2954
vn -0.3403 0.8943 0.2904
vn -0.3037 0.9407 0.1513
vn -0.3047 0.9404 0.1508
vn -0.3043 0.9407 0.1502
vn -0.3034 0.9410 0.1497
vn -0.3040 0.9407 0.1508
vn -0.3046 0.9406 0.1498
vn -0.1449 0.9719 0.1854
vn -0.1426 0.9731 0.1812
vn -0.1400 0.9726 0.1858
vn -0.1439 0.9724 0.1836
vn -0.1465 0.9729 0.1790
vn -0.1416 0.9735 0.1794
vn -0.1493 0.9314 0.3320
vn -0.1499 0.9313 0.3319
vn -0.1497 0.9313 0.3322
vn -0.3369 0.8947 0.2934
vn -0.3349 0.8938 0.2984
vn -0.3394 0.8926 0.2969
vn 0.0160 0.3142 0.9492
vn -0.0342 -0.0804 0.9962
vn 0.0849 -0.4604 0.8837
vn 0.0168 -0.8456 0.5336
vn -0.0854 -0.0150 0.9962
vn 0.1117 -0.9901 -0.0853
vn -0.1672 -0.7440 -0.6469
vn -0.0167 -0.8689 0.4947
vn 0.0376 -0.8620 -0.5056
vn -0.0397 0.0084 -0.9992
vn -0.3494 0.8142 -0.4637
vn -0.0390 0.8614 0.5065
vn -0.4790 0.5273 -0.7018
vn 0.9157 0.0687 -0.3959
vn 0.9969 0.0679 -0.0389
vn 0.9970 0.0674 -0.0388
vn 0.9832 -0.0158 -0.1819
vn 0.8269 -0.2205 -0.5173
vn 0.9969 0.0749 -0.0256
vn 0.9970 0.0671 -0.0385
vn 0.9970 0.0679 -0.0381
vn 0.9969 0.0679 -0.0386
vn 0.9860 -0.1036 -0.1308
vn 0.9970 0.0675 -0.0388
vn 0.9970 0.0678 -0.0381
vn 0.9969 0.0678 -0.0390
vn 0.9969 0.0684 -0.0395
vn 0.9969 0.0683 -0.0390
vn 0.9969 0.0683 -0.0389
vn -0.7049 0.3023 0.6416
vn -0.7052 0.3021 0.6414
vn 0.0003 0.4950 0.8689
vn -0.0000 0.4949 0.8690
vn -0.3677 0.4351 0.8219
vn -0.3677 0.4352 0.8218
vn 0.0376 0.4972 0.8668
vn 0.0377 0.4972 0.8668
vn 0.4364 0.4746 0.7644
vn 0.4365 0.4746 0.7643
vn 0.4367 -0.4154 -0.7980
vn 0.4366 -0.4154 -0.7980
vn 0.0378 -0.4921 -0.8697
vn 0.0377 -0.4921 -0.8697
vn -0.3681 -0.4850 -0.7933
vn -0.3678 -0.4850 -0.7934
vn 0.9970 0.0675 -0.0384
vn -0.7048 -0.3979 -0.5873
vn 0.0159 0.3145 0.9491
vn -0.0338 -0.0842 0.9959
vn 0.0849 -0.4602 0.8837
vn 0.0173 -0.8462 0.5325
vn -0.0856 -0.0121 0.9963
vn 0.1132 -0.9899 -0.0856
vn -0.1701 -0.7416 -0.6489
vn -0.0171 -0.8688 0.4948
vn 0.0388 -0.8622 -0.5051
vn -0.0387 0.0033 -0.9992
vn -0.3495 0.8141 -0.4637
vn -0.0388 0.8628 0.5041
vn -0.4787 0.5271 -0.7021
vn 0.0158 0.3142 0.9492
vn 0.0843 -0.4634 0.8821
vn 0.0169 -0.8449 0.5347
vn 0.1129 -0.9899 -0.0854
vn 0.1129 -0.9899 -0.0853
vn -0.1717 -0.7434 -0.6464
vn -0.0167 -0.8688 0.4948
vn 0.0386 -0.8625 -0.5046
vn -0.0396 0.0081 -0.9992
vn -0.3501 0.8140 -0.4635
vn -0.0387 0.8611 0.5070
vn -0.4780 0.5284 -0.7017
vn 0.9156 0.0685 -0.3963
vn 0.9970 0.0676 -0.0388
vn 0.9832 -0.0155 -0.1820
vn 0.8266 -0.2203 -0.5178
vn 0.9969 0.0677 -0.0390
vn 0.9860 -0.1037 -0.1309
vn -0.7051 0.3027 0.6412
vn -0.0001 0.4949 0.8689
vn -0.0000 0.4951 0.8689
vn 0.9970 0.0673 -0.0382
vn -0.3678 0.4352 0.8218
vn -0.3679 0.4351 0.8218
vn 0.0375 0.4972 0.8668
vn 0.4366 0.4746 0.7643
vn 0.0779 -0.8662 0.4935
vn 0.4365 -0.4154 -0.7980
vn 0.4368 -0.4153 -0.7979
vn 0.0374 -0.4921 -0.8697
vn -0.3679 -0.4850 -0.7934
vn -0.0003 -0.4950 -0.8689
vn -0.7049 -0.3980 -0.5872
vn -0.7052 -0.3977 -0.5870
vn 0.0161 0.3145 0.9491
vn -0.0339 -0.0842 0.9959
vn 0.0845 -0.4666 0.8804
vn 0.0185 -0.8460 0.5329
vn 0.1129 -0.9899 -0.0856
vn -0.1700 -0.7437 -0.6466
vn -0.0179 -0.8688 0.4948
vn 0.0384 -0.8618 -0.5058
vn -0.0397 0.0029 -0.9992
vn -0.3496 0.8141 -0.4637
vn -0.0388 0.8621 0.5053
vn -0.4784 0.5275 -0.7020
vn 0.0154 -0.6569 -0.7539
vn 0.1209 -0.8912 -0.4371
vn 0.0459 -0.9976 -0.0524
vn 0.1367 -0.8827 0.4497
vn 0.1643 -0.8463 -0.5068
vn 0.0162 -0.4349 0.9003
vn 0.2182 0.2003 0.9551
vn 0.1744 -0.8548 0.4887
vn 0.0397 -0.0046 0.9992
vn -0.0378 0.8611 0.5070
vn 0.2002 0.8511 -0.4853
vn -0.0388 0.0060 -0.9992
vn 0.3474 0.9290 -0.1277
vn -0.9444 0.2492 0.2143
vn -0.9970 -0.0676 0.0388
vn -0.9970 -0.0676 0.0387
vn -0.9969 -0.0672 0.0397
vn -0.9970 -0.0673 0.0394
vn -0.9831 0.0159 0.1822
vn -0.8273 0.2199 0.5170
vn -0.9969 -0.0749 0.0256
vn -0.9970 -0.0677 0.0381
vn -0.9969 -0.0680 0.0384
vn -0.9700 -0.0728 0.2317
vn -0.9970 -0.0673 0.0389
vn 0.7054 -0.3020 -0.6413
vn -0.9970 -0.0674 0.0388
vn -0.0004 -0.4950 -0.8689
vn 0.3678 -0.4351 -0.8218
vn 0.3680 -0.4351 -0.8218
vn -0.0377 -0.4972 -0.8668
vn -0.0372 -0.4972 -0.8668
vn -0.4364 -0.4746 -0.7644
vn -0.4364 -0.4747 -0.7644
vn 0.0780 -0.8659 0.4941
vn -0.4364 0.4155 0.7981
vn -0.4366 0.4154 0.7980
vn -0.0373 0.4921 0.8697
vn -0.0375 0.4921 0.8697
vn 0.3677 0.4850 0.7934
vn 0.3678 0.4850 0.7934
vn -0.9970 -0.0675 0.0384
vn 0.0004 0.4950 0.8689
vn -0.0003 0.4950 0.8689
vn 0.0164 -0.6500 -0.7598
vn 0.1230 -0.8877 -0.4437
vn 0.0465 -0.9976 -0.0519
vn 0.1367 -0.8836 0.4478
vn 0.1631 -0.8476 -0.5049
vn 0.0162 -0.4407 0.8975
vn 0.2197 0.2025 0.9543
vn 0.1727 -0.8552 0.4887
vn 0.0397 -0.0068 0.9992
vn -0.0384 0.8625 0.5046
vn 0.2005 0.8512 -0.4851
vn -0.0389 0.0020 -0.9992
vn 0.3475 0.9289 -0.1278
vn 0.0134 -0.6566 -0.7541
vn 0.1217 -0.8891 -0.4412
vn 0.0468 -0.9975 -0.0523
vn 0.1393 -0.8815 0.4512
vn 0.1619 -0.8473 -0.5058
vn 0.0147 -0.4368 0.8994
vn 0.2183 0.1981 0.9556
vn 0.1704 -0.8562 0.4877
vn 0.0397 -0.0023 0.9992
vn -0.0400 0.8616 0.5061
vn 0.2009 0.8507 -0.4857
vn -0.0388 0.0081 -0.9992
vn 0.3478 0.9288 -0.1282
vn -0.9444 0.2493 0.2144
vn -0.9969 -0.0677 0.0390
vn -0.9969 -0.0678 0.0386
vn -0.9969 -0.0674 0.0393
vn -0.9969 -0.0674 0.0401
vn -0.9970 -0.0669 0.0396
vn -0.9831 0.0154 0.1822
vn -0.8272 0.2198 0.5170
vn -0.9970 -0.0674 0.0389
vn -0.9701 -0.0728 0.2314
vn -0.9970 -0.0673 0.0390
vn -0.9969 -0.0681 0.0387
vn 0.7054 -0.3020 -0.6412
vn 0.7049 -0.3023 -0.6417
vn -0.0375 -0.4972 -0.8668
vn -0.4367 -0.4746 -0.7643
vn 0.0775 -0.8661 0.4938
vn 0.0772 -0.8659 0.4942
vn 0.0775 -0.8664 0.4932
vn -0.0377 0.4921 0.8697
vn 0.3679 0.4850 0.7934
vn 0.0149 -0.6542 -0.7562
vn 0.1208 -0.8895 -0.4407
vn 0.0465 -0.9975 -0.0526
vn 0.1384 -0.8813 0.4519
vn 0.1628 -0.8471 -0.5059
vn 0.0152 -0.4368 0.8994
vn 0.2181 0.2026 0.9547
vn 0.1722 -0.8560 0.4875
vn 0.0398 -0.0047 0.9992
vn -0.0381 0.8629 0.5039
vn 0.2003 0.8512 -0.4850
vn -0.0388 0.0020 -0.9992
vn 0.3475 0.9289 -0.1280
vn -0.0000 -0.4949 -0.8689
vn 0.9630 -0.0629 -0.2621
vn 0.9628 -0.0629 -0.2628
vn 0.2576 -0.4608 -0.8493
vn -0.0779 0.8671 -0.4920
vn -0.0773 0.8670 -0.4923
vn -0.0764 0.8667 -0.4929
vn -0.0784 0.8663 -0.4933
vn -0.0775 0.8668 -0.4927
vn -0.0776 0.8665 -0.4930
vn -0.0774 0.8656 -0.4947
vn -0.0778 0.8657 -0.4945
vn -0.0785 0.8657 -0.4944
vn -0.0780 0.8658 -0.4942
vn -0.0786 0.8659 -0.4939
vn -0.0780 0.8671 -0.4921
vn 0.2911 -0.4537 -0.8423
vn 0.1762 -0.4753 -0.8620
vn 0.2913 -0.4537 -0.8422
vn 0.0589 -0.4901 -0.8697
vn 0.0589 -0.4902 -0.8696
vn -0.2911 -0.4932 -0.8198
vn -0.1761 -0.4992 -0.8484
vn -0.2911 -0.4931 -0.8198
vn -0.0587 -0.4981 -0.8651
vn -0.1761 -0.4991 -0.8485
vn -0.0591 -0.4981 -0.8651
vn 0.9023 -0.3746 0.2134
vn -0.8245 -0.4917 0.2801
vn -0.9023 0.3746 -0.2134
vn 0.8245 0.4916 -0.2801
vn 0.8245 0.4917 -0.2801
vn -0.5144 -0.1931 -0.8355
vn -0.0443 0.0871 -0.9952
vn 0.4700 -0.1264 -0.8735
vn 0.5143 -0.6202 -0.5922
vn 0.0443 -0.9005 -0.4326
vn -0.4701 -0.6869 -0.5542
vn -0.8245 -0.4916 0.2801
vn -0.5143 -0.1932 -0.8356
vn 0.4700 -0.1264 -0.8736
vn 0.5144 -0.6202 -0.5922
vn -0.2580 0.4606 0.8492
vn -0.0776 0.8542 -0.5141
vn -0.0742 0.8270 -0.5572
vn -0.0674 0.7985 -0.5982
vn -0.0568 0.7684 -0.6374
vn -0.0431 0.7366 -0.6750
vn -0.0260 0.7019 -0.7118
vn -0.0053 0.6679 -0.7442
vn 0.0183 0.6292 -0.7770
vn 0.0456 0.5882 -0.8074
vn 0.0747 0.5500 -0.8318
vn 0.1074 0.5061 -0.8558
vn 0.1077 0.5057 -0.8560
vn 0.0788 0.4644 -0.8821
vn 0.0529 0.4201 -0.9059
vn 0.0298 0.3735 -0.9272
vn 0.0098 0.3264 -0.9452
vn -0.0068 0.2769 -0.9609
vn -0.0202 0.2272 -0.9736
vn -0.0303 0.1810 -0.9830
vn -0.0371 0.1276 -0.9911
vn -0.0406 0.0795 -0.9960
vn -0.0406 0.0313 -0.9987
vn -0.0372 -0.0222 -0.9991
vn -0.0304 -0.0702 -0.9971
vn -0.0206 -0.1201 -0.9925
vn -0.0067 -0.1681 -0.9857
vn 0.0097 -0.2161 -0.9763
vn 0.0299 -0.2621 -0.9646
vn 0.0527 -0.3078 -0.9500
vn 0.0788 -0.3532 -0.9322
vn 0.1080 -0.3962 -0.9118
vn 0.1395 -0.4357 -0.8892
vn 0.1741 -0.4764 -0.8618
vn 0.1742 -0.4767 -0.8616
vn 0.1075 0.5068 -0.8553
vn 0.1739 -0.4759 -0.8621
vn 0.1738 -0.4756 -0.8623
vn 0.1476 -0.5214 -0.8404
vn 0.1239 -0.5670 -0.8143
vn 0.1023 -0.6094 -0.7862
vn 0.0836 -0.6495 -0.7557
vn 0.0681 -0.6897 -0.7209
vn 0.0554 -0.7259 -0.6855
vn 0.0464 -0.7596 -0.6488
vn 0.0400 -0.7924 -0.6087
vn 0.0371 -0.8212 -0.5694
vn 0.0372 -0.8491 -0.5269
vn 0.0406 -0.8746 -0.4831
vn 0.0472 -0.8962 -0.4411
vn 0.0566 -0.9171 -0.3947
vn 0.0698 -0.9343 -0.3495
vn 0.0853 -0.9494 -0.3023
vn 0.1046 -0.9614 -0.2546
vn 0.1264 -0.9700 -0.2076
vn 0.1509 -0.9758 -0.1581
vn 0.1787 -0.9777 -0.1107
vn 0.2083 -0.9761 -0.0617
vn 0.2402 -0.9706 -0.0137
vn 0.2398 -0.9707 -0.0138
vn 0.2119 -0.9766 0.0370
vn 0.1864 -0.9786 0.0870
vn 0.1628 -0.9770 0.1378
vn 0.1421 -0.9718 0.1883
vn 0.1235 -0.9636 0.2373
vn 0.1084 -0.9519 0.2864
vn 0.0963 -0.9373 0.3349
vn 0.0869 -0.9204 0.3813
vn 0.0808 -0.9010 0.4261
vn 0.0778 -0.8778 0.4726
vn 0.0777 -0.8535 0.5152
vn 0.0809 -0.8264 0.5572
vn 0.0869 -0.7977 0.5967
vn 0.0961 -0.7660 0.6356
vn 0.1084 -0.7316 0.6731
vn 0.1239 -0.6957 0.7076
vn 0.1414 -0.6578 0.7398
vn 0.1629 -0.6162 0.7706
vn 0.1860 -0.5746 0.7970
vn 0.2121 -0.5288 0.8218
vn 0.2398 -0.4838 0.8417
vn 0.2395 -0.4840 0.8417
vn 0.2087 -0.4444 0.8712
vn 0.1780 -0.4040 0.8973
vn 0.1514 -0.3607 0.9203
vn 0.1261 -0.3154 0.9406
vn 0.1047 -0.2730 0.9563
vn 0.0853 -0.2237 0.9709
vn 0.0695 -0.1755 0.9820
vn 0.0567 -0.1293 0.9900
vn 0.0471 -0.0776 0.9959
vn 0.0405 -0.0295 0.9987
vn 0.0371 0.0206 0.9991
vn 0.0370 0.0721 0.9967
vn 0.0400 0.1201 0.9920
vn 0.0462 0.1682 0.9847
vn 0.0557 0.2231 0.9732
vn 0.0678 0.2680 0.9610
vn 0.0835 0.3153 0.9453
vn 0.1021 0.3661 0.9250
vn 0.1234 0.4127 0.9025
vn 0.1474 0.4566 0.8774
vn 0.1739 0.4987 0.8491
vn 0.2401 -0.4832 0.8419
vn 0.1739 0.4992 0.8488
vn 0.1399 0.5413 0.8291
vn 0.1075 0.5845 0.8043
vn 0.0789 0.6218 0.7792
vn 0.0529 0.6598 0.7496
vn 0.0297 0.6968 0.7166
vn 0.0099 0.7298 0.6836
vn -0.0070 0.7627 0.6467
vn -0.0202 0.7933 0.6085
vn -0.0304 0.8221 0.5685
vn -0.0374 0.8492 0.5268
vn -0.0405 0.8745 0.4833
vn -0.0406 0.8966 0.4409
vn -0.0370 0.9182 0.3944
vn -0.0303 0.9374 0.3470
vn -0.0201 0.9537 0.3002
vn -0.0067 0.9680 0.2509
vn 0.0099 0.9794 0.2018
vn 0.0302 0.9879 0.1521
vn 0.0533 0.9934 0.1013
vn 0.0788 0.9956 0.0507
vn 0.1075 0.9942 0.0002
vn 0.1074 0.9942 0.0005
vn 0.0753 0.9960 -0.0479
vn 0.0452 0.9943 -0.0961
vn 0.0184 0.9893 -0.1448
vn -0.0056 0.9811 -0.1936
vn -0.0257 0.9702 -0.2410
vn -0.0431 0.9563 -0.2891
vn -0.0570 0.9402 -0.3358
vn -0.0674 0.9215 -0.3824
vn -0.0742 0.9012 -0.4270
vn -0.0778 0.8782 -0.4720
vn -0.9969 -0.0676 0.0391
vn -0.9970 -0.0676 0.0383
vn -0.9970 -0.0676 0.0380
vn -0.9970 -0.0680 0.0377
vn -0.9970 -0.0671 0.0386
vn -0.9970 -0.0673 0.0385
vn -0.9970 -0.0677 0.0384
vn -0.9970 -0.0673 0.0386
vn -0.9970 -0.0672 0.0384
vn -0.9970 -0.0677 0.0382
vn -0.9970 -0.0673 0.0388
vn -0.9969 -0.0681 0.0383
vn -0.9969 -0.0678 0.0388
vn -0.9970 -0.0678 0.0384
vn -0.9970 -0.0677 0.0387
vn -0.9970 -0.0677 0.0388
vn -0.9969 -0.0677 0.0389
vn -0.9970 -0.0678 0.0386
vn -0.9970 -0.0678 0.0382
vn -0.9970 -0.0672 0.0385
vn -0.9970 -0.0672 0.0387
vn -0.9970 -0.0676 0.0390
vn -0.9969 -0.0679 0.0385
vn -0.9970 -0.0676 0.0381
vn -0.9970 -0.0674 0.0384
vn -0.9970 -0.0677 0.0383
vn -0.9970 -0.0677 0.0380
vn -0.9970 -0.0676 0.0389
vn -0.9970 -0.0675 0.0389
vn -0.9969 -0.0680 0.0382
vn -0.9970 -0.0673 0.0381
vn -0.9969 -0.0677 0.0391
vn -0.9970 -0.0678 0.0387
vn -0.9970 -0.0674 0.0381
vn -0.9969 -0.0681 0.0392
vn -0.9970 -0.0674 0.0391
vn -0.9970 -0.0674 0.0379
vn -0.9970 -0.0679 0.0373
vn -0.9970 -0.0672 0.0386
vn -0.9970 -0.0679 0.0382
vn -0.9970 -0.0679 0.0381
vn -0.9970 -0.0672 0.0380
vn -0.9970 -0.0679 0.0384
vn -0.9970 -0.0675 0.0381
vn -0.9970 -0.0678 0.0378
vn -0.9969 -0.0681 0.0382
vn -0.9970 -0.0673 0.0387
vn -0.9970 -0.0672 0.0389
vn -0.9969 -0.0679 0.0386
vn -0.9970 -0.0673 0.0379
vn -0.9970 -0.0678 0.0380
vn -0.0020 -0.4730 -0.8810
vn -0.0100 -0.4306 -0.9025
vn -0.0221 -0.3840 -0.9231
vn -0.0382 -0.3393 -0.9399
vn -0.0584 -0.2898 -0.9553
vn -0.0824 -0.2475 -0.9654
vn -0.1104 -0.2002 -0.9735
vn -0.1417 -0.1504 -0.9784
vn -0.1770 -0.1033 -0.9788
vn -0.2143 -0.0567 -0.9751
vn -0.2544 -0.0091 -0.9671
vn -0.2547 -0.0087 -0.9670
vn -0.2547 -0.0104 -0.9670
vn -0.2558 -0.0068 -0.9667
vn -0.2547 -0.0076 -0.9670
vn -0.2534 -0.0064 -0.9673
vn -0.2205 0.0411 -0.9745
vn -0.1903 0.0930 -0.9773
vn -0.1614 0.1452 -0.9762
vn -0.1376 0.1950 -0.9711
vn -0.1156 0.2451 -0.9626
vn -0.0983 0.2925 -0.9512
vn -0.0842 0.3443 -0.9351
vn -0.0745 0.3893 -0.9181
vn -0.0684 0.4382 -0.8963
vn -0.0664 0.4807 -0.8744
vn -0.0682 0.5247 -0.8486
vn -0.0742 0.5664 -0.8208
vn -0.0841 0.6023 -0.7938
vn -0.0979 0.6439 -0.7588
vn -0.1155 0.6783 -0.7256
vn -0.1368 0.7116 -0.6891
vn -0.1614 0.7419 -0.6508
vn -0.1903 0.7703 -0.6086
vn -0.2216 0.7936 -0.5666
vn -0.2553 0.8155 -0.5193
vn -0.2927 0.8308 -0.4733
vn -0.2932 0.8307 -0.4733
vn -0.2933 0.8306 -0.4733
vn -0.2937 0.8306 -0.4731
vn -0.2559 0.8632 -0.4353
vn -0.2215 0.8916 -0.3949
vn -0.1901 0.9165 -0.3519
vn -0.1617 0.9378 -0.3072
vn -0.1368 0.9556 -0.2611
vn -0.1158 0.9699 -0.2141
vn -0.0977 0.9813 -0.1656
vn -0.0840 0.9896 -0.1169
vn -0.0743 0.9949 -0.0676
vn -0.0681 0.9975 -0.0177
vn -0.0665 0.9973 0.0322
vn -0.0684 0.9943 0.0819
vn -0.0743 0.9885 0.1314
vn -0.0842 0.9798 0.1813
vn -0.0980 0.9681 0.2306
vn -0.1153 0.9533 0.2793
vn -0.1372 0.9349 0.3273
vn -0.1618 0.9133 0.3739
vn -0.1895 0.8884 0.4182
vn -0.2213 0.8588 0.4621
vn -0.2547 0.8265 0.5020
vn -0.2551 0.8263 0.5022
vn -0.2550 0.8263 0.5022
vn -0.2551 0.8262 0.5023
vn -0.2138 0.8108 0.5449
vn -0.1773 0.7886 0.5888
vn -0.1419 0.7637 0.6298
vn -0.1102 0.7375 0.6663
vn -0.0827 0.7061 0.7033
vn -0.0581 0.6724 0.7379
vn -0.0384 0.6353 0.7714
vn -0.0384 0.6352 0.7714
vn -0.0219 0.5977 0.8014
vn -0.0100 0.5569 0.8305
vn -0.0022 0.5165 0.8563
vn 0.0020 0.4728 0.8812
vn 0.0017 0.4283 0.9036
vn -0.0028 0.3836 0.9235
vn -0.0111 0.3343 0.9424
vn -0.0237 0.2867 0.9577
vn -0.0403 0.2397 0.9700
vn -0.0610 0.1848 0.9809
vn -0.0854 0.1349 0.9872
vn -0.1129 0.0827 0.9902
vn -0.1451 0.0308 0.9889
vn -0.1791 -0.0186 0.9836
vn -0.1787 -0.0184 0.9837
vn -0.1788 -0.0191 0.9837
vn -0.1785 -0.0172 0.9838
vn -0.1787 -0.0178 0.9838
vn -0.1787 -0.0172 0.9838
vn -0.1381 -0.0642 0.9883
vn -0.0999 -0.1111 0.9888
vn -0.0655 -0.1608 0.9848
vn -0.0346 -0.2056 0.9780
vn -0.0072 -0.2553 0.9668
vn 0.0160 -0.3003 0.9537
vn 0.0345 -0.3470 0.9372
vn 0.0496 -0.3919 0.9187
vn 0.0602 -0.4382 0.8968
vn 0.0665 -0.4806 0.8744
vn 0.0684 -0.5228 0.8497
vn 0.0658 -0.5682 0.8202
vn 0.0593 -0.6062 0.7931
vn 0.0485 -0.6455 0.7622
vn 0.0328 -0.6838 0.7289
vn 0.0140 -0.7199 0.6939
vn -0.0100 -0.7542 0.6565
vn -0.0370 -0.7846 0.6189
vn -0.0687 -0.8139 0.5770
vn -0.1030 -0.8394 0.5337
vn -0.1409 -0.8600 0.4905
vn -0.1410 -0.8597 0.4910
vn -0.1408 -0.8602 0.4901
vn -0.1408 -0.8600 0.4905
vn -0.1032 -0.8872 0.4496
vn -0.0683 -0.9111 0.4064
vn -0.0374 -0.9320 0.3606
vn -0.0096 -0.9497 0.3130
vn 0.0139 -0.9640 0.2656
vn 0.0333 -0.9756 0.2172
vn 0.0485 -0.9846 0.1681
vn 0.0591 -0.9913 0.1173
vn 0.0658 -0.9955 0.0676
vn 0.0684 -0.9975 0.0179
vn 0.0664 -0.9973 -0.0322
vn 0.0602 -0.9948 -0.0816
vn 0.0496 -0.9901 -0.1309
vn 0.0347 -0.9832 -0.1794
vn 0.0159 -0.9738 -0.2271
vn -0.0073 -0.9615 -0.2747
vn -0.0345 -0.9467 -0.3204
vn -0.0652 -0.9291 -0.3640
vn -0.1004 -0.9071 -0.4087
vn -0.1381 -0.8835 -0.4475
vn -0.1789 -0.8559 -0.4853
vn -0.1785 -0.8561 -0.4851
vn -0.1442 -0.8343 -0.5320
vn -0.1442 -0.8343 -0.5321
vn -0.1132 -0.8088 -0.5772
vn -0.0855 -0.7803 -0.6195
vn -0.0614 -0.7474 -0.6615
vn -0.0402 -0.7138 -0.6992
vn -0.0239 -0.6766 -0.7360
vn -0.0112 -0.6395 -0.7687
vn -0.0026 -0.6002 -0.7998
vn 0.0017 -0.5588 -0.8293
vn 0.0019 -0.5150 -0.8572
vn -0.9471 -0.3040 -0.1033
vn -0.9363 -0.3052 0.1739
vn -0.9471 -0.0662 0.3141
vn -0.9687 0.1741 0.1772
vn -0.9794 0.1753 -0.0999
vn -0.9687 -0.0637 -0.2401
vn 0.7049 -0.3022 -0.6416
vn 0.9679 0.1842 0.1708
vn 0.9638 0.1843 0.1929
vn 0.7063 0.3810 0.5966
vn 0.7449 0.3875 0.5431
vn 0.2600 0.4725 0.8421
vn 0.3509 0.5022 0.7904
vn -0.2553 0.4328 0.8646
vn -0.1238 0.5036 0.8550
vn -0.4237 0.4193 0.8029
vn -0.4958 0.4076 0.7668
vn -0.5566 0.2855 0.7802
vn -0.7027 0.2798 0.6542
vn -0.8095 0.1428 0.5695
vn -0.8665 0.1984 0.4581
vn -0.9023 0.1493 0.4043
vn -0.9594 0.0303 0.2804
vn -0.9491 0.0623 0.3088
vn -0.9791 0.0092 0.2034
vn -0.9951 -0.0374 0.0912
vn -0.3215 -0.4100 0.8535
vn -0.3562 -0.2954 0.8865
vn -0.2263 -0.3634 0.9037
vn -0.2426 -0.2744 0.9305
vn -0.1199 -0.3219 0.9391
vn -0.1236 -0.2642 0.9565
vn -0.0047 -0.2867 0.9580
vn -0.0036 -0.2662 0.9639
vn 0.1168 -0.2778 0.9535
vn 0.1134 -0.2583 0.9594
vn 0.2339 -0.2980 0.9255
vn 0.2312 -0.2400 0.9428
vn 0.3480 -0.2339 0.9078
vn 0.3418 -0.3245 0.8820
vn 0.4598 -0.2398 0.8550
vn 0.4384 -0.3588 0.8241
vn 0.9951 0.0975 0.0143
vn 0.9652 0.1608 0.2061
vn 0.9816 0.1421 0.1277
vn 0.9529 0.1912 0.2353
vn 0.9024 0.2716 0.3345
vn 0.8241 0.2536 0.5065
vn 0.8644 0.3158 0.3913
vn 0.7068 0.3753 0.5997
vn 0.5712 0.3620 0.7367
vn 0.2604 0.4678 0.8446
vn 0.4937 0.4747 0.7287
vn 0.4239 0.4767 0.7701
vn -0.2558 0.4375 0.8620
vn 0.1201 0.5201 0.8456
vn -0.7033 0.2854 0.6511
vn -0.3536 0.4544 0.8176
vn -0.9621 0.0537 0.2673
vn -0.7465 0.2864 0.6007
vn -0.9679 0.0530 0.2455
vn 0.5954 -0.4260 0.6812
vn 0.6739 -0.3319 0.6601
vn 0.6614 -0.4618 0.5909
vn 0.7236 -0.3951 0.5659
vn 0.7116 -0.5029 0.4906
vn 0.7521 -0.4633 0.4688
vn 0.7446 -0.5475 0.3820
vn 0.7587 -0.5347 0.3721
vn 0.7446 -0.6078 0.2761
vn 0.7586 -0.5929 0.2702
vn 0.7117 -0.6785 0.1823
vn 0.7521 -0.6395 0.1596
vn 0.7237 -0.6882 0.0512
vn 0.6614 -0.7439 0.0959
vn 0.6739 -0.7370 -0.0511
vn 0.5956 -0.8030 0.0188
vn 0.8337 0.3280 0.4443
vn 0.9125 0.2613 0.3148
vn 0.9663 0.1874 0.1766
vn 0.9125 0.2613 0.3147
vn 0.9935 0.1083 0.0336
vn 0.9663 0.1873 0.1766
vn 0.9935 0.0264 -0.1103
vn 0.9935 0.1084 0.0336
vn 0.9663 -0.0564 -0.2513
vn 0.9125 -0.1375 -0.3852
vn 0.9663 -0.0563 -0.2512
vn 0.8337 -0.2149 -0.5087
vn 0.9125 -0.1375 -0.3853
vn -0.9679 -0.1842 -0.1708
vn -0.9621 -0.2025 -0.1825
vn -0.7033 -0.4145 -0.5775
vn -0.7464 -0.3707 -0.5526
vn -0.2558 -0.5184 -0.8160
vn -0.3537 -0.4715 -0.8078
vn 0.2603 -0.4880 -0.8331
vn 0.1202 -0.4622 -0.8786
vn 0.4238 -0.4193 -0.8028
vn 0.4937 -0.3847 -0.7799
vn 0.5713 -0.4491 -0.6870
vn 0.7067 -0.3245 -0.6287
vn 0.7069 -0.3244 -0.6286
vn 0.8242 -0.3063 -0.4764
vn 0.8644 -0.1755 -0.4712
vn 0.9024 -0.1493 -0.4043
vn 0.9652 -0.0953 -0.2434
vn 0.9529 -0.1049 -0.2845
vn 0.9816 -0.0374 -0.1873
vn 0.9951 0.0374 -0.0912
vn 0.4385 -0.8917 -0.1120
vn 0.4598 -0.8579 -0.2295
vn 0.3418 -0.9242 -0.1702
vn 0.3478 -0.9003 -0.2617
vn 0.2339 -0.9481 -0.2155
vn 0.2312 -0.9334 -0.2744
vn 0.1168 -0.9620 -0.2467
vn 0.1133 -0.9571 -0.2668
vn -0.0047 -0.9703 -0.2419
vn -0.0036 -0.9649 -0.2627
vn -0.1198 -0.9720 -0.2020
vn -0.1236 -0.9575 -0.2606
vn -0.2426 -0.9402 -0.2389
vn -0.2262 -0.9627 -0.1483
vn -0.3562 -0.9132 -0.1980
vn -0.3215 -0.9433 -0.0828
vn -0.9951 -0.0975 -0.0143
vn -0.9594 -0.2257 -0.1691
vn -0.9791 -0.1703 -0.1116
vn -0.9491 -0.2337 -0.2110
vn -0.9024 -0.2717 -0.3346
vn -0.8095 -0.4171 -0.4133
vn -0.8665 -0.2929 -0.4043
vn -0.7027 -0.4200 -0.5742
vn -0.7027 -0.4200 -0.5743
vn -0.5566 -0.5252 -0.6437
vn -0.2554 -0.5230 -0.8132
vn -0.4958 -0.4518 -0.7417
vn -0.4236 -0.4768 -0.7702
vn 0.2600 -0.4834 -0.8359
vn -0.1238 -0.4787 -0.8692
vn 0.7063 -0.3190 -0.6320
vn 0.3509 -0.4238 -0.8350
vn 0.9638 -0.0720 -0.2569
vn 0.7450 -0.2696 -0.6102
vn 0.9679 -0.0530 -0.2455
vn -0.4787 -0.8759 0.0603
vn -0.5704 -0.8214 -0.0031
vn -0.5458 -0.8257 0.1425
vn -0.6182 -0.7792 0.1030
vn -0.5975 -0.7673 0.2329
vn -0.6447 -0.7340 0.2135
vn -0.6325 -0.7011 0.3293
vn -0.6488 -0.6883 0.3246
vn -0.6325 -0.6408 0.4351
vn -0.6488 -0.6302 0.4265
vn -0.5976 -0.5916 0.5412
vn -0.6445 -0.5580 0.5227
vn -0.6182 -0.4860 0.6178
vn -0.5459 -0.5437 0.6375
vn -0.5704 -0.4163 0.7081
vn -0.4786 -0.4985 0.7228
vn -0.9915 -0.1190 -0.0525
vn -0.9482 -0.2172 -0.2319
vn -0.7409 -0.3815 -0.5528
vn -0.7409 -0.3814 -0.5528
vn -0.5860 -0.4402 -0.6803
vn -0.4055 -0.4797 -0.7781
vn -0.2073 -0.4982 -0.8419
vn 0.2072 -0.4701 -0.8579
vn 0.2073 -0.4701 -0.8579
vn 0.4055 -0.4247 -0.8094
vn 0.5860 -0.3607 -0.7256
vn 0.7409 -0.2810 -0.6100
vn 0.9482 -0.0887 -0.3051
vn 0.9915 0.0155 -0.1291
vn 0.9915 0.1190 0.0525
vn 0.9482 0.2172 0.2319
vn 0.7409 0.3815 0.5528
vn 0.7409 0.3814 0.5528
vn 0.5861 0.4402 0.6803
vn 0.5860 0.4402 0.6803
vn 0.4055 0.4797 0.7781
vn 0.2073 0.4982 0.8419
vn -0.2073 0.4701 0.8579
vn -0.4055 0.4247 0.8094
vn -0.5860 0.3608 0.7256
vn -0.7409 0.2810 0.6100
vn -0.5860 0.3607 0.7256
vn -0.9482 0.0887 0.3051
vn -0.9915 -0.0155 0.1291
vn 0.1042 0.4994 0.8601
vn 0.3081 0.4916 0.8145
vn 0.1043 0.4993 0.8601
vn 0.6671 0.4131 0.6199
vn 0.8065 0.3457 0.4796
vn 0.8066 0.3456 0.4795
vn 0.9108 0.2631 0.3182
vn 0.9752 0.1690 0.1430
vn 0.9752 -0.0368 -0.2183
vn 0.9108 -0.1396 -0.3886
vn 0.8066 -0.2363 -0.5419
vn 0.6671 -0.3226 -0.6715
vn 0.6671 -0.3227 -0.6715
vn 0.4984 -0.3949 -0.7717
vn 0.3081 -0.4499 -0.8383
vn 0.3081 -0.4499 -0.8382
vn 0.1042 -0.4852 -0.8682
vn 0.1043 -0.4852 -0.8682
vn -0.1042 -0.4993 -0.8601
vn -0.3080 -0.4917 -0.8145
vn -0.1043 -0.4994 -0.8601
vn -0.3080 -0.4917 -0.8144
vn -0.4985 -0.4624 -0.7332
vn -0.6671 -0.4131 -0.6199
vn -0.6671 -0.4131 -0.6200
vn -0.8066 -0.3456 -0.4796
vn -0.8065 -0.3457 -0.4796
vn -0.9108 -0.2631 -0.3183
vn -0.9752 -0.1690 -0.1430
vn -0.9752 0.0368 0.2183
vn -0.9108 0.1396 0.3886
vn -0.8066 0.2363 0.5419
vn -0.6671 0.3226 0.6715
vn -0.4985 0.3948 0.7717
vn -0.3080 0.4499 0.8383
vn -0.3081 0.4499 0.8383
vn -0.1042 0.4853 0.8681
vn -0.1042 0.4852 0.8682
vn -0.3259 -0.9167 -0.2311
vn -0.3259 -0.9167 -0.2313
vn -0.7027 -0.6182 0.3522
vn -0.7028 -0.6182 0.3522
s 0
usemtl mat8.001
f 1//1 2//1 3//1
f 4//2 2//2 1//2
f 2//3 5//3 3//3
f 3//4 6//4 7//4
f 5//5 6//5 3//5
f 7//6 8//6 9//6
f 6//7 8//7 7//7
f 8//8 10//8 9//8
f 11//9 12//9 13//9
f 14//9 15//9 13//9
f 13//10 15//10 11//10
f 12//11 16//11 13//11
f 14//12 17//13 15//14
f 14//15 18//16 17//13
f 18//17 3//9 16//9
f 16//9 3//9 7//9
f 9//12 19//18 7//18
f 20//14 19//14 9//19
f 21//14 19//14 20//14
f 7//9 19//9 16//9
f 16//9 19//9 13//9
f 3//20 22//20 1//21
f 1//22 22//23 21//23
f 21//9 22//9 19//9
f 14//9 22//9 18//12
f 18//24 22//9 3//9
f 23//25 24//26 25//27
f 25//28 24//29 26//30
f 27//31 24//32 23//33
f 24//34 28//35 26//36
f 26//37 22//38 14//39
f 28//40 22//41 26//42
f 29//43 30//43 31//43
f 29//43 32//43 30//43
f 33//43 32//43 29//43
f 30//43 34//43 31//43
f 31//43 34//43 35//43
f 33//43 36//43 32//43
f 34//44 37//44 35//44
f 38//45 39//46 40//47
f 41//48 39//49 38//50
f 37//43 42//43 35//43
f 35//43 42//43 41//43
f 42//51 43//51 41//51
f 41//52 44//53 39//50
f 43//54 44//55 41//54
f 37//56 45//56 42//56
f 44//57 46//58 39//59
f 47//60 46//61 44//62
f 47//63 48//64 46//65
f 49//66 48//67 47//68
f 50//43 51//43 37//43
f 37//43 51//43 45//43
f 50//57 52//57 51//57
f 53//69 54//70 55//71
f 53//72 56//73 54//74
f 57//75 58//76 59//77
f 58//78 60//79 59//80
f 56//81 61//82 54//83
f 60//84 61//85 59//86
f 59//87 61//88 56//89
f 61//90 62//91 54//92
f 63//93 64//94 65//95
f 63//96 66//97 64//98
f 67//99 68//99 69//100
f 68//101 70//101 69//102
f 69//103 71//104 67//105
f 72//106 71//107 69//85
f 62//44 73//108 54//109
f 54//110 73//111 63//112
f 74//113 73//114 75//115
f 75//116 73//117 62//118
f 73//57 76//108 63//119
f 63//120 76//121 66//43
f 75//122 77//123 74//124
f 78//125 77//125 75//60
f 79//126 80//127 76//128
f 76//129 80//57 66//130
f 81//131 82//132 79//133
f 79//134 82//135 80//136
f 83//43 84//43 50//43
f 85//43 86//43 83//43
f 83//137 86//137 84//137
f 70//137 87//138 69//139
f 84//43 88//43 50//43
f 72//140 88//137 71//141
f 50//43 88//43 52//43
f 52//142 88//142 72//143
f 85//43 89//43 86//43
f 78//144 90//144 77//144
f 91//57 90//57 78//57
f 91//145 92//146 90//147
f 93//148 92//149 91//150
f 94//151 92//152 93//153
f 94//154 95//155 92//156
f 87//157 95//158 94//159
f 87//160 13//161 95//162
f 88//43 96//43 71//163
f 71//164 96//144 97//144
f 98//165 99//166 100//167
f 101//168 99//169 98//170
f 36//43 102//43 85//43
f 85//137 102//137 89//137
f 103//171 104//172 105//173
f 104//174 106//175 105//176
f 105//177 107//178 99//179
f 99//180 107//181 100//182
f 106//62 107//183 105//184
f 107//185 108//186 100//187
f 108//188 109//189 100//190
f 33//43 110//43 36//43
f 36//57 110//57 102//57
f 111//43 14//191 13//43
f 112//192 14//193 111//192
f 113//158 14//194 112//158
f 114//195 14//196 113//197
f 114//47 26//198 14//199
f 115//200 116//200 114//201
f 33//43 117//43 110//43
f 109//202 118//43 100//203
f 116//137 119//204 114//205
f 114//206 119//207 26//208
f 26//209 119//210 25//211
f 117//43 120//43 110//43
f 110//43 120//43 121//43
f 23//43 122//43 123//43
f 123//212 122//212 109//213
f 109//214 122//43 118//43
f 120//43 124//43 121//43
f 121//137 124//137 125//137
f 117//43 126//43 120//43
f 119//215 127//43 25//216
f 23//44 127//44 122//44
f 25//217 127//218 23//218
f 122//137 128//137 118//137
f 124//43 129//43 125//43
f 117//43 130//43 126//43
f 128//43 131//43 118//43
f 124//44 132//44 129//44
f 130//43 133//43 126//43
f 119//219 134//43 127//43
f 135//43 134//43 119//220
f 128//43 136//43 131//43
f 132//43 137//43 129//43
f 130//43 138//43 133//43
f 136//43 139//43 131//43
f 132//43 140//43 137//43
f 138//43 141//43 133//43
f 136//43 142//43 139//43
f 134//137 143//137 144//137
f 135//43 143//43 134//43
f 141//44 145//44 146//44
f 138//137 145//137 141//137
f 147//221 148//222 142//43
f 142//43 148//223 139//43
f 140//137 149//137 137//137
f 140//43 150//224 149//225
f 150//226 151//227 149//228
f 146//43 152//43 140//43
f 140//229 152//229 150//230
f 153//231 154//232 151//233
f 149//234 154//235 155//43
f 155//43 154//236 156//43
f 151//237 154//238 149//176
f 157//239 158//239 159//239
f 143//43 158//43 144//43
f 159//44 158//44 143//44
f 153//240 160//241 154//242
f 144//43 161//243 147//244
f 158//245 161//246 144//245
f 147//247 162//248 148//249
f 161//250 162//251 147//252
f 153//253 163//254 160//254
f 162//255 164//256 148//257
f 153//258 165//259 163//259
f 146//43 166//43 152//43
f 146//260 167//261 166//260
f 145//43 167//225 146//43
f 168//57 169//262 170//57
f 171//263 169//264 172//265
f 170//136 169//266 171//224
f 168//137 173//267 169//268
f 145//43 174//269 167//270
f 168//245 174//271 173//272
f 175//273 174//274 168//275
f 167//276 174//277 175//278
f 174//279 176//280 173//281
f 177//282 176//283 174//284
f 153//285 178//286 165//43
f 179//287 180//288 181//289
f 182//290 183//290 184//290
f 185//291 186//292 187//293
f 188//223 186//294 185//270
f 186//295 189//296 187//297
f 187//298 189//299 178//300
f 190//239 191//44 185//301
f 185//266 191//302 188//303
f 192//304 193//305 194//306
f 195//307 193//308 192//309
f 195//310 196//311 193//312
f 190//43 197//43 191//113
f 182//137 198//229 183//137
f 180//43 199//43 181//243
f 164//313 200//43 148//314
f 195//315 201//316 196//317
f 202//318 203//319 201//320
f 203//321 204//322 201//323
f 196//239 204//239 205//239
f 201//324 204//325 196//325
f 206//326 207//327 197//51
f 197//57 207//328 191//52
f 206//329 208//330 207//60
f 205//49 209//49 206//331
f 206//332 209//333 208//239
f 210//275 211//275 212//334
f 213//335 211//329 214//329
f 212//250 211//108 213//44
f 210//218 215//218 211//218
f 205//137 216//137 209//137
f 209//336 216//336 210//336
f 204//43 216//43 205//43
f 210//275 216//275 215//275
f 217//337 218//338 216//337
f 216//339 218//340 215//339
f 189//44 219//61 220//44
f 221//341 219//120 198//314
f 222//342 219//343 221//344
f 220//217 219//345 222//346
f 198//347 223//244 183//43
f 219//150 223//348 198//349
f 223//161 224//161 183//161
f 225//350 226//351 227//352
f 228//353 226//354 225//355
f 228//356 229//357 226//50
f 228//358 230//328 229//349
f 231//184 232//359 230//360
f 233//361 232//362 231//363
f 234//364 232//365 235//366
f 229//367 232//368 234//369
f 230//370 232//371 229//372
f 236//43 237//43 238//43
f 180//43 239//43 199//43
f 238//137 239//137 180//137
f 199//334 239//334 240//373
f 237//43 239//43 238//43
f 241//218 242//218 224//144
f 224//43 242//43 183//43
f 183//43 242//43 236//43
f 236//43 242//43 237//43
f 240//374 243//375 244//376
f 239//43 243//377 240//43
f 235//254 245//259 246//378
f 246//379 245//244 241//43
f 241//43 245//101 242//43
f 245//380 247//44 248//44
f 232//381 247//44 235//382
f 235//383 247//43 245//372
f 200//43 249//43 148//259
f 250//44 249//44 243//176
f 243//384 249//137 244//385
f 244//386 249//387 200//387
f 248//43 251//43 252//43
f 247//44 251//44 248//44
f 252//43 253//43 250//43
f 251//43 253//43 252//43
f 250//43 253//43 249//43
f 70//43 111//43 87//212
f 87//388 111//43 13//43
f 220//43 165//43 189//43
f 189//44 165//44 178//118
f 254//389 255//390 232//391
f 254//392 232//393 233//394
f 256//395 233//396 231//396
f 256//397 254//398 233//398
f 257//399 231//400 230//401
f 257//402 256//403 231//404
f 258//405 259//405 260//405
f 261//405 259//405 258//405
f 261//405 262//405 259//405
f 263//405 258//405 260//405
f 263//405 260//405 264//405
f 265//405 262//405 261//405
f 266//406 263//406 264//406
f 267//407 268//408 269//409
f 267//410 269//411 270//412
f 271//405 266//405 264//405
f 271//406 264//406 268//406
f 272//413 271//413 268//414
f 273//415 268//415 267//416
f 273//417 272//413 268//418
f 274//419 266//419 271//419
f 275//420 273//421 267//422
f 275//423 276//424 273//425
f 277//426 276//417 275//427
f 277//428 278//429 276//430
f 279//405 266//405 274//405
f 279//405 280//405 266//405
f 281//431 280//431 279//431
f 282//432 283//433 284//434
f 285//435 283//436 282//437
f 286//438 287//439 288//440
f 286//441 288//442 289//443
f 290//444 286//445 289//446
f 290//417 285//417 282//447
f 290//448 289//449 285//450
f 291//451 290//452 282//453
f 292//454 291//405 282//455
f 293//456 292//457 294//458
f 293//459 294//460 295//461
f 296//462 297//463 298//464
f 299//422 297//465 296//466
f 299//467 300//468 297//469
f 301//470 298//471 297//472
f 302//405 291//405 292//473
f 302//474 303//474 304//474
f 302//471 304//471 291//471
f 305//475 304//475 303//475
f 305//476 306//476 304//476
f 307//477 302//478 292//479
f 307//480 292//459 293//481
f 308//482 309//483 307//435
f 308//484 307//485 293//486
f 310//487 311//488 309//489
f 310//490 309//491 308//492
f 312//405 313//405 280//405
f 314//405 315//405 313//405
f 314//405 313//405 312//405
f 316//406 301//406 297//493
f 317//405 300//494 299//495
f 317//405 312//405 280//405
f 317//405 280//405 281//405
f 317//496 281//496 300//497
f 318//405 315//405 314//405
f 319//405 306//405 305//405
f 319//405 320//405 306//405
f 321//498 320//498 319//498
f 321//405 322//405 320//405
f 323//499 322//484 321//484
f 323//500 324//425 322//501
f 19//502 324//503 323//504
f 19//505 316//506 324//417
f 325//405 317//405 299//507
f 325//508 299//509 326//508
f 327//510 328//511 329//510
f 330//512 328//513 327//512
f 331//405 265//405 315//405
f 331//450 315//450 318//450
f 332//514 333//515 334//516
f 332//517 334//518 335//519
f 336//484 335//484 330//484
f 336//405 330//405 327//405
f 336//520 332//521 335//522
f 337//466 336//523 327//524
f 338//417 337//525 327//417
f 339//405 265//405 331//405
f 339//405 262//405 265//405
f 22//526 340//405 19//480
f 22//527 341//528 342//529
f 22//530 342//415 343//415
f 22//531 343//532 340//532
f 28//533 341//534 22//535
f 344//536 345//537 341//538
f 346//405 262//405 339//405
f 347//405 338//405 327//405
f 348//405 344//539 341//540
f 348//405 341//414 28//541
f 348//542 28//543 24//542
f 349//405 346//405 339//405
f 349//405 339//405 350//405
f 351//405 27//405 352//405
f 351//449 352//449 338//449
f 351//405 338//405 347//405
f 353//405 346//405 349//405
f 354//406 349//406 350//406
f 354//405 350//405 355//405
f 356//544 24//544 27//544
f 356//405 27//405 351//405
f 356//405 348//405 24//405
f 357//405 351//405 347//405
f 358//405 354//405 355//405
f 359//405 346//405 353//405
f 360//405 357//405 347//405
f 361//405 354//405 358//405
f 362//405 359//405 353//405
f 363//405 348//405 356//405
f 364//405 357//405 360//405
f 365//405 348//405 363//405
f 366//405 361//405 358//405
f 367//405 359//405 362//405
f 368//405 364//405 360//405
f 369//405 361//405 366//405
f 370//405 367//405 362//405
f 371//405 364//405 368//405
f 372//405 363//405 373//405
f 372//405 365//405 363//405
f 374//405 370//405 375//405
f 374//405 367//405 370//405
f 376//545 377//485 371//405
f 376//546 371//405 368//405
f 378//547 369//405 366//405
f 379//512 369//405 378//548
f 379//549 378//550 380//551
f 381//405 375//405 369//405
f 381//552 369//552 379//553
f 382//554 383//555 384//556
f 382//557 385//558 380//559
f 382//560 380//561 378//405
f 382//455 378//446 383//562
f 386//563 387//563 388//563
f 386//405 388//405 372//405
f 386//405 372//405 373//405
f 389//420 385//564 382//565
f 390//566 373//405 377//567
f 390//568 386//569 373//569
f 391//570 385//571 389//570
f 392//572 390//573 377//574
f 392//575 377//413 376//576
f 393//577 385//578 391//577
f 394//579 392//580 376//581
f 395//406 375//406 381//406
f 396//582 375//583 395//583
f 396//584 374//405 375//405
f 397//585 398//449 399//563
f 397//586 399//587 400//588
f 397//589 400//590 401//591
f 402//592 398//593 397//594
f 403//595 374//405 396//596
f 403//565 398//469 402//597
f 403//598 396//599 404//600
f 403//601 404//602 398//405
f 405//603 403//604 402//605
f 405//606 402//607 406//608
f 407//405 385//609 393//405
f 408//451 409//610 410//611
f 408//612 410//613 411//614
f 412//615 408//616 411//617
f 413//618 409//618 408//451
f 414//619 411//405 407//405
f 414//620 412//584 411//621
f 415//622 416//623 417//624
f 415//625 417//626 418//627
f 419//628 415//629 418//630
f 420//631 421//632 422//633
f 420//634 422//635 423//405
f 424//405 425//405 426//405
f 424//542 426//542 427//542
f 428//405 394//636 376//567
f 429//637 415//638 419//639
f 430//640 431//641 429//642
f 432//643 419//619 433//644
f 432//645 430//646 429//537
f 432//506 429//435 419//647
f 434//405 435//405 409//405
f 434//405 409//405 413//405
f 436//553 433//648 437//648
f 436//587 437//610 435//610
f 436//649 435//650 434//650
f 438//651 433//651 436//540
f 439//652 440//437 441//653
f 439//654 441//524 442//655
f 439//656 442//657 443//658
f 444//526 440//484 439//659
f 445//406 432//660 433//406
f 445//405 433//405 438//405
f 445//661 438//661 440//661
f 445//521 440//521 444//444
f 446//662 445//663 444//664
f 446//665 447//666 445//666
f 448//667 449//668 450//475
f 448//669 450//670 451//671
f 448//672 451//673 420//674
f 448//675 414//469 449//405
f 452//676 448//677 420//678
f 452//596 420//679 423//405
f 453//415 452//680 423//415
f 454//681 455//603 456//682
f 457//683 454//684 456//685
f 458//686 454//687 457//688
f 257//420 454//689 458//690
f 254//691 256//691 257//690
f 255//480 458//610 459//692
f 255//646 459//693 460//492
f 255//694 257//635 458//695
f 255//466 254//696 257//697
f 461//405 423//405 462//405
f 461//405 462//405 425//405
f 463//698 464//698 453//698
f 463//405 453//405 423//405
f 463//405 423//405 461//405
f 465//405 461//405 425//405
f 465//435 424//435 466//435
f 465//405 425//405 424//405
f 467//419 466//419 468//699
f 467//405 465//405 466//405
f 469//700 460//700 470//700
f 469//405 470//405 464//405
f 469//405 464//405 463//405
f 471//537 472//405 467//405
f 471//701 468//414 428//702
f 471//405 428//703 376//704
f 471//705 467//405 468//452
f 473//405 469//405 474//405
f 473//405 255//413 460//405
f 473//406 460//406 469//406
f 475//405 474//405 476//405
f 475//405 473//405 474//405
f 477//450 476//450 472//450
f 477//405 472//405 471//421
f 477//406 475//406 476//406
f 393//405 449//405 414//706
f 393//406 414//707 407//406
f 340//405 301//405 316//405
f 340//405 316//708 19//709
f 255//710 247//710 232//710
f 473//710 247//710 255//710
f 477//711 471//711 249//711
f 477//712 249//712 253//712
f 475//713 253//713 251//713
f 475//713 477//713 253//713
f 473//714 251//714 247//714
f 473//714 475//714 251//714
f 249//715 471//715 376//715
f 249//715 376//715 148//715
f 360//716 347//716 118//716
f 360//716 118//716 131//716
f 368//717 131//717 139//717
f 368//717 360//717 131//717
f 376//718 139//718 148//718
f 376//719 368//719 139//719
f 118//9 347//9 327//9
f 118//9 327//9 100//9
f 98//720 100//720 327//721
f 98//722 327//723 329//724
f 101//725 329//726 328//727
f 101//728 98//729 329//730
f 99//731 328//732 330//733
f 99//734 101//735 328//736
f 330//737 105//737 99//737
f 335//738 105//738 330//738
f 333//739 332//740 106//741
f 333//742 106//743 104//744
f 334//745 104//746 103//747
f 334//748 333//749 104//750
f 335//751 103//752 105//753
f 335//754 334//755 103//756
f 332//710 107//710 106//710
f 336//757 107//757 332//757
f 107//758 337//759 108//758
f 108//760 337//760 109//760
f 336//761 337//762 107//761
f 337//763 338//763 109//763
f 109//764 352//765 123//766
f 338//767 352//766 109//768
f 27//737 23//737 352//737
f 352//769 23//769 123//769
f 13//716 323//770 95//771
f 95//772 323//772 92//772
f 19//773 323//774 13//775
f 323//776 321//776 92//776
f 92//777 319//777 90//777
f 321//778 319//778 92//778
f 90//779 319//779 77//779
f 77//715 319//715 305//715
f 77//780 303//781 74//782
f 74//783 303//784 73//783
f 305//785 303//786 77//787
f 303//788 302//789 73//789
f 73//790 307//790 76//790
f 302//791 307//791 73//791
f 307//710 79//710 76//710
f 309//710 79//710 307//710
f 310//792 308//792 80//792
f 310//793 80//793 82//793
f 311//794 82//788 81//795
f 311//796 310//797 82//798
f 309//799 81//799 79//799
f 309//800 311//800 81//800
f 66//801 308//801 293//801
f 80//715 308//715 66//715
f 294//802 292//803 63//770
f 294//804 63//770 65//802
f 295//805 65//805 64//805
f 295//806 294//806 65//806
f 293//807 64//808 66//809
f 293//810 295//811 64//812
f 63//9 292//9 282//9
f 63//9 282//9 54//9
f 55//813 54//813 282//814
f 55//815 282//815 284//815
f 53//727 284//816 283//817
f 53//818 55//819 284//820
f 56//821 283//822 285//823
f 56//824 53//825 283//826
f 285//738 59//738 56//738
f 289//737 59//737 285//737
f 287//827 286//758 60//828
f 287//742 60//829 58//744
f 288//830 58//830 57//830
f 288//831 287//831 58//831
f 289//832 57//833 59//834
f 289//835 288//752 57//836
f 286//710 61//710 60//710
f 290//757 61//757 286//757
f 61//837 291//838 62//740
f 62//839 291//840 75//749
f 290//841 291//842 61//843
f 291//844 304//845 75//846
f 75//847 306//848 78//849
f 304//850 306//851 75//852
f 306//769 91//769 78//769
f 320//737 91//737 306//737
f 91//853 322//854 93//733
f 93//855 322//855 94//855
f 320//856 322//857 91//858
f 322//728 324//728 94//728
f 94//37 316//37 87//37
f 324//41 316//41 94//41
f 478//859 479//859 69//859
f 87//9 480//9 69//9
f 69//860 480//9 478//9
f 479//861 481//11 69//862
f 87//9 482//9 480//9
f 87//863 483//864 482//863
f 483//9 484//9 481//865
f 481//866 484//9 485//9
f 486//867 297//868 485//868
f 487//869 297//869 486//870
f 481//871 297//9 69//9
f 485//9 297//9 481//872
f 484//861 316//861 488//21
f 489//9 316//9 487//9
f 488//873 316//874 489//874
f 487//9 316//9 297//9
f 87//9 316//9 483//9
f 483//9 316//9 484//9
f 69//875 300//876 72//877
f 72//878 300//879 52//880
f 297//881 300//882 69//883
f 300//884 281//885 52//886
f 52//811 279//887 51//888
f 281//889 279//890 52//891
f 51//801 279//801 45//801
f 45//715 279//715 274//715
f 45//781 271//781 42//781
f 42//892 271//892 43//892
f 274//893 271//894 45//893
f 271//895 272//895 43//895
f 43//896 273//897 44//898
f 272//714 273//714 43//714
f 276//899 47//899 273//899
f 273//710 47//710 44//710
f 277//900 275//901 46//902
f 277//903 46//904 48//905
f 278//906 48//907 49//908
f 278//909 277//797 48//910
f 276//911 49//911 47//911
f 276//912 278//912 49//912
f 39//715 275//715 267//715
f 46//715 275//715 39//715
f 269//802 268//802 41//913
f 269//914 41//914 38//914
f 270//915 38//915 40//915
f 270//878 269//878 38//878
f 267//916 40//917 39//918
f 267//919 270//920 40//921
f 35//9 268//9 264//9
f 41//9 268//9 35//9
f 259//922 262//922 33//922
f 259//923 33//923 29//923
f 260//924 29//924 31//924
f 260//925 259//925 29//925
f 264//926 31//926 35//926
f 264//926 260//926 31//926
f 346//737 117//737 33//737
f 346//737 33//737 262//737
f 367//927 374//927 145//927
f 367//927 145//927 138//927
f 359//760 138//760 130//760
f 359//760 367//760 138//760
f 346//851 130//851 117//851
f 346//928 359//928 130//928
f 374//710 174//710 145//710
f 403//710 174//710 374//710
f 177//714 174//714 403//929
f 177//930 403//930 405//930
f 176//931 405//932 406//932
f 176//933 177//934 405//934
f 173//935 406//936 402//785
f 173//937 176//938 406//939
f 169//801 402//801 397//801
f 173//940 402//940 169//940
f 400//914 399//941 170//942
f 400//943 170//944 171//774
f 401//945 171//946 172//947
f 401//948 400//949 171//950
f 397//951 172//952 169//953
f 397//954 401//955 172//956
f 168//9 399//9 398//9
f 170//14 399//14 168//14
f 168//875 404//957 175//958
f 175//959 404//960 167//948
f 398//961 404//962 168//963
f 404//964 396//946 167//965
f 167//966 395//967 166//968
f 396//969 395//970 167//971
f 166//801 395//801 152//801
f 152//779 395//779 381//779
f 152//972 379//973 150//974
f 150//784 379//784 151//713
f 381//975 379//976 152//977
f 379//978 380//978 151//979
f 151//980 385//980 153//980
f 380//981 385//981 151//981
f 490//710 491//982 385//983
f 407//710 492//710 385//710
f 385//984 492//710 490//710
f 491//985 493//986 385//987
f 407//757 494//757 492//757
f 407//988 495//988 494//988
f 495//710 496//710 493//710
f 493//757 496//757 497//757
f 498//989 153//990 497//990
f 499//757 153//757 498//757
f 500//710 153//710 499//710
f 493//710 153//710 385//991
f 497//710 153//710 493//710
f 496//992 178//992 501//992
f 501//757 178//757 500//757
f 500//710 178//710 153//710
f 407//710 178//710 495//710
f 495//710 178//710 496//710
f 178//993 411//994 187//995
f 187//996 411//996 185//996
f 407//997 411//743 178//998
f 411//999 410//999 185//999
f 185//1000 409//1001 190//1002
f 410//1003 409//1004 185//1005
f 435//738 197//738 409//738
f 409//738 197//738 190//738
f 197//1006 437//1006 206//1006
f 206//1007 437//1008 205//817
f 435//1009 437//1009 197//1009
f 437//1010 433//1011 205//1012
f 205//1013 419//1013 196//1013
f 433//40 419//1014 205//723
f 193//1015 419//1015 418//1015
f 196//9 419//9 193//9
f 416//1016 415//1016 195//1017
f 416//1018 195//1019 192//1018
f 417//1020 192//1021 194//1022
f 417//1023 416//1024 192//1025
f 418//1026 194//1027 193//1027
f 418//1014 417//1028 194//1028
f 429//1029 201//1029 415//1029
f 415//737 201//737 195//737
f 430//1030 432//1030 204//1030
f 430//1031 204//1030 203//1032
f 431//1033 203//1033 202//1034
f 431//1035 430//845 203//1035
f 429//1036 202//1036 201//1036
f 429//847 431//847 202//847
f 445//710 216//710 204//710
f 445//710 204//710 432//710
f 217//1037 216//1038 445//1037
f 217//1039 445//1039 447//1040
f 218//1041 447//1042 446//1043
f 218//1043 217//1044 447//1045
f 215//1046 446//1047 444//1048
f 215//1049 218//1050 446//1051
f 215//940 444//940 211//940
f 211//715 444//715 439//715
f 442//1052 441//1053 212//1054
f 442//1055 212//1056 213//1057
f 443//1058 213//1059 214//1060
f 443//1061 442//1062 213//1063
f 439//1064 214//1064 211//1064
f 439//1065 443//1065 214//1065
f 212//9 441//9 210//9
f 210//9 441//9 440//9
f 210//1057 438//1057 209//1057
f 209//1066 438//1066 208//1066
f 440//1067 438//1067 210//1067
f 438//1068 436//1068 208//1068
f 208//1069 434//1070 207//1071
f 436//1072 434//1073 208//1074
f 207//801 434//801 191//801
f 191//715 434//715 413//715
f 191//1075 408//1076 188//1077
f 188//1078 408//1078 186//1078
f 413//1079 408//936 191//1080
f 408//1042 412//1042 186//1042
f 186//714 414//1081 189//1081
f 412//1082 414//1082 186//1083
f 502//710 503//710 414//710
f 448//710 504//710 414//710
f 414//710 504//710 502//710
f 503//1084 505//1084 414//1084
f 448//757 506//757 504//757
f 448//1085 507//1085 506//1085
f 505//710 508//710 414//710
f 507//710 509//710 505//710
f 505//710 509//710 508//710
f 510//982 189//1086 508//1086
f 511//710 189//710 510//983
f 512//710 189//710 511//710
f 508//710 189//710 414//710
f 509//1087 219//1087 513//1087
f 513//710 219//710 512//710
f 512//710 219//710 189//710
f 448//710 219//710 507//710
f 507//710 219//710 509//710
f 219//739 452//739 223//739
f 223//1088 452//1088 224//1088
f 448//1089 452//1089 219//1089
f 452//1088 453//1088 224//1088
f 224//767 464//1090 241//767
f 453//403 464//400 224//403
f 470//737 246//737 464//737
f 464//737 246//737 241//737
f 246//1091 460//1092 235//1093
f 235//726 460//1094 234//1095
f 470//1096 460//1097 246//1098
f 460//728 459//1099 234//36
f 234//1100 458//1100 229//1100
f 459//1101 458//1101 234//1101
f 226//9 458//9 457//9
f 229//9 458//9 226//9
f 455//1102 454//1102 228//1103
f 455//1098 228//1098 225//1098
f 456//29 225//1104 227//1104
f 456//1105 455//1106 225//36
f 457//1107 227//1107 226//1107
f 457//1107 456//1107 227//1107
f 257//737 230//737 454//737
f 454//769 230//769 228//769
f 514//1108 503//1108 515//1108
f 515//1109 502//1109 516//1109
f 503//1110 502//1110 515//1110
f 516//1111 504//1111 517//1111
f 517//1112 504//1112 518//1112
f 502//1113 504//1113 516//1113
f 518//1114 506//1114 519//1114
f 504//1115 506//1115 518//1115
f 519//1116 506//1116 520//1116
f 520//1117 507//1117 521//1117
f 521//1118 507//1118 522//1118
f 506//1119 507//1119 520//1119
f 522//1120 505//1120 523//1120
f 507//1121 505//1121 522//1121
f 523//1122 503//1122 514//1122
f 505//1123 503//1123 523//1123
f 519//1124 520//1124 524//1124
f 524//1125 520//1125 525//1125
f 525//1126 521//1127 526//1128
f 520//1129 521//1126 525//1130
f 420//769 519//769 421//769
f 519//769 182//769 421//769
f 519//737 524//737 182//737
f 524//737 198//737 182//737
f 198//1131 524//1131 221//1131
f 221//1132 527//1132 222//1132
f 524//1133 527//1133 221//1133
f 222//1134 528//1134 220//1134
f 527//1135 528//1135 222//1135
f 524//1136 513//1136 527//1136
f 527//1137 512//1137 528//1137
f 528//1138 512//1138 529//1138
f 513//1139 512//1139 527//1139
f 529//1140 511//1140 530//1140
f 512//1141 511//1141 529//1141
f 530//1142 510//1142 531//1142
f 511//1123 510//1123 530//1123
f 531//1143 510//1143 532//1143
f 532//1144 508//1144 533//1144
f 510//1145 508//1145 532//1145
f 533//1146 509//1146 526//1146
f 526//1147 509//1147 525//1147
f 508//1113 509//1113 533//1113
f 525//1148 513//1148 524//1148
f 509//1149 513//1149 525//1149
f 165//14 534//14 535//14
f 165//9 536//9 534//9
f 165//9 220//9 536//9
f 220//9 530//9 536//9
f 220//1015 529//1015 530//1015
f 536//14 531//14 537//14
f 530//14 531//14 536//14
f 220//9 528//9 529//9
f 537//870 532//870 538//870
f 531//9 532//9 537//9
f 538//873 533//1150 539//873
f 532//1015 533//1015 538//1015
f 539//12 540//12 541//12
f 539//14 542//14 540//14
f 543//1151 393//1151 544//1151
f 545//9 393//9 543//9
f 542//9 523//9 546//9
f 533//9 522//9 539//9
f 539//9 522//9 542//9
f 542//1152 522//1152 523//1152
f 546//872 514//872 547//872
f 523//9 514//9 546//9
f 526//14 521//14 533//14
f 533//9 521//9 522//9
f 547//1153 515//1153 545//1153
f 545//9 515//9 393//9
f 514//9 515//9 547//9
f 516//1154 449//1154 515//1154
f 517//859 449//859 516//859
f 515//9 449//9 393//9
f 547//1155 494//1155 546//1155
f 546//1156 495//1156 542//1156
f 494//1157 495//1157 546//1157
f 542//1158 493//1158 540//1158
f 540//1159 493//1159 548//1159
f 495//1141 493//1141 542//1141
f 548//1160 491//1160 549//1160
f 493//1161 491//1161 548//1161
f 549//1162 491//1162 550//1162
f 550//1163 490//1163 544//1163
f 544//1164 490//1164 543//1164
f 491//1165 490//1165 550//1165
f 543//1166 492//1166 545//1166
f 490//1113 492//1113 543//1113
f 545//1167 494//1167 547//1167
f 492//1168 494//1168 545//1168
f 393//1169 391//1169 544//1169
f 544//1170 391//1170 550//1170
f 550//1171 389//1171 549//1171
f 391//1172 389//1172 550//1172
f 389//1173 382//1173 549//1173
f 154//715 551//715 156//715
f 551//715 384//715 156//715
f 551//715 549//715 384//715
f 549//715 382//715 384//715
f 384//1174 383//1174 155//1174
f 384//1175 155//1175 156//1175
f 155//1176 383//1176 149//1176
f 149//1177 378//1177 137//1177
f 383//1178 378//1178 149//1178
f 137//1179 366//1179 129//1179
f 378//1180 366//1180 137//1180
f 129//1181 358//1181 125//1181
f 366//1182 358//1182 129//1182
f 125//1183 355//1183 121//1183
f 358//1184 355//1184 125//1184
f 121//1185 350//1185 110//1185
f 355//1183 350//1183 121//1183
f 110//1186 339//1186 102//1186
f 350//1185 339//1185 110//1185
f 102//1187 331//1187 89//1187
f 339//1186 331//1186 102//1186
f 89//1188 318//1188 86//1188
f 331//1189 318//1189 89//1189
f 86//1190 314//1190 84//1190
f 318//1191 314//1191 86//1191
f 84//1192 312//1192 88//1193
f 314//1194 312//1194 84//1194
f 88//1195 317//1195 96//1195
f 312//1196 317//1196 88//1196
f 317//1197 325//1197 96//1197
f 97//1198 96//1198 325//1198
f 97//1199 325//1199 326//1199
f 71//715 97//715 552//715
f 553//715 326//715 299//715
f 97//715 326//715 553//715
f 97//715 553//715 552//715
f 71//1200 552//1200 67//1200
f 67//1201 554//1201 68//1201
f 552//1202 554//1202 67//1202
f 68//1203 555//1203 70//1203
f 554//1204 555//1204 68//1204
f 482//1205 556//1205 480//1205
f 557//1206 556//1206 482//1206
f 480//4 558//4 478//4
f 556//1207 558//1207 480//1207
f 558//1208 555//1208 478//1208
f 478//1209 554//1209 479//1209
f 555//1210 554//1210 478//1210
f 554//1211 552//1211 479//1211
f 479//1212 559//1212 481//1212
f 552//1213 559//1213 479//1213
f 559//1214 560//1214 481//1214
f 481//1215 561//1215 483//1215
f 560//1216 561//1216 481//1216
f 483//1217 562//1217 482//1217
f 561//1218 562//1218 483//1218
f 562//1219 557//1219 482//1219
f 301//1220 563//1220 564//1220
f 301//982 565//982 563//982
f 301//710 340//710 565//710
f 340//710 566//710 565//710
f 340//1221 567//1221 566//1221
f 565//1222 10//1222 568//1222
f 566//757 10//757 565//757
f 340//1223 569//1223 567//1223
f 568//757 8//757 570//757
f 10//1224 8//1224 568//1224
f 570//1225 6//1225 571//1225
f 8//982 6//982 570//982
f 571//757 560//757 572//757
f 571//1226 561//1226 560//1226
f 558//710 70//710 555//710
f 556//1227 70//1227 558//1227
f 561//1228 573//1229 562//1228
f 6//710 574//710 571//710
f 571//710 574//710 561//710
f 561//1087 574//1087 573//1227
f 562//757 575//757 557//757
f 573//1230 575//1222 562//1222
f 5//757 576//757 6//757
f 6//1231 576//1231 574//1231
f 557//757 577//757 556//757
f 556//710 577//710 70//710
f 575//757 577//757 557//757
f 578//1222 111//1222 577//1222
f 579//1231 111//1231 578//1231
f 577//710 111//710 70//710
f 486//1212 580//1212 487//1212
f 553//1232 580//1232 486//1232
f 580//1233 564//1233 487//1233
f 487//1234 563//1234 489//1234
f 564//1235 563//1235 487//1235
f 489//1236 565//1236 488//1236
f 563//1237 565//1237 489//1237
f 565//1238 568//1238 488//1238
f 488//1239 570//1239 484//1239
f 568//1206 570//1206 488//1206
f 484//1240 571//1240 485//1240
f 570//1241 571//1241 484//1241
f 571//1208 572//1208 485//1208
f 485//1242 581//1242 486//1242
f 572//1243 581//1243 485//1243
f 581//1244 553//1244 486//1244
f 553//1245 581//1246 552//1247
f 552//1248 581//1249 559//1248
f 559//1250 572//1250 560//1250
f 581//1251 572//1251 559//1251
f 299//1049 296//1049 553//1049
f 553//1252 296//1252 580//1252
f 580//1253 298//1253 564//1253
f 296//1254 298//1254 580//1254
f 298//1255 301//1255 564//1255
f 111//391 579//391 112//391
f 112//1256 582//1256 113//1256
f 579//1257 582//1257 112//1257
f 113//1258 583//1258 114//1258
f 582//1259 583//1259 113//1259
f 17//1260 582//1260 15//1260
f 583//1261 582//1261 17//1261
f 582//1262 579//1262 15//1262
f 15//1263 578//1263 11//1263
f 579//1264 578//1264 15//1264
f 11//6 577//6 12//6
f 578//1265 577//1265 11//1265
f 577//1266 575//1266 12//1266
f 12//1267 573//1267 16//1267
f 575//1268 573//1268 12//1268
f 16//1269 574//1269 18//1269
f 573//1270 574//1270 16//1270
f 574//1271 576//1271 18//1271
f 18//1272 584//1272 17//1272
f 576//1273 584//1273 18//1273
f 584//1274 583//1274 17//1274
f 576//1275 5//1276 584//1277
f 584//1278 2//1279 583//1280
f 5//1281 2//1282 584//1282
f 2//1283 4//1284 583//1285
f 341//737 345//737 4//737
f 583//737 115//737 114//737
f 345//737 115//737 583//737
f 345//737 583//737 4//737
f 340//1286 343//1286 569//1286
f 569//1287 343//1287 585//1287
f 585//1288 342//1288 4//1288
f 343//1289 342//1289 585//1289
f 342//1290 341//1290 4//1290
f 9//1291 566//1291 20//1291
f 10//1108 566//1108 9//1108
f 20//1292 567//1292 21//1292
f 566//1293 567//1293 20//1293
f 567//1271 569//1271 21//1271
f 21//1294 585//1294 1//1294
f 569//1295 585//1295 21//1295
f 585//1296 4//1296 1//1296
f 344//1297 116//1297 115//1297
f 345//1298 344//1298 115//1298
f 344//1299 348//1299 116//1299
f 116//1300 348//1300 119//1300
f 119//1301 365//1302 135//1302
f 348//1303 365//1303 119//1304
f 135//1305 372//1305 143//1305
f 365//1306 372//1307 135//1308
f 143//1309 388//1309 159//1309
f 372//1310 388//1310 143//1310
f 159//1311 388//1311 387//1311
f 157//1312 159//1312 387//1312
f 386//710 158//710 387//710
f 387//710 158//710 157//710
f 158//1313 390//1314 161//1315
f 161//996 390//996 162//996
f 386//1316 390//1317 158//1318
f 390//1319 392//1319 162//1319
f 162//1320 394//1320 164//1320
f 392//1321 394//1321 162//1321
f 428//737 164//737 394//737
f 428//737 200//737 164//737
f 200//1322 468//1323 244//1322
f 244//1324 468//1325 240//1326
f 428//856 468//1327 200//856
f 468//1104 466//1328 240//1329
f 240//1013 424//1013 199//1013
f 466//1028 424//1028 240//1028
f 199//9 424//9 181//9
f 181//9 424//9 427//9
f 427//1330 426//1330 179//1330
f 427//1331 179//1331 181//1331
f 179//1332 426//1332 180//1332
f 180//1333 425//1333 238//1333
f 426//1334 425//1334 180//1334
f 238//1335 462//1335 236//1335
f 425//1336 462//1336 238//1336
f 236//1337 423//1337 183//1337
f 462//1338 423//1338 236//1338
f 183//1339 422//1339 184//1339
f 423//1340 422//1340 183//1340
f 184//1341 422//1341 421//1341
f 182//1342 184//1342 421//1342
f 541//1343 540//1343 586//1344
f 586//1345 548//1345 551//1345
f 540//1346 548//1346 586//1347
f 548//1348 549//1349 551//1350
f 551//1162 498//1162 586//1162
f 586//1351 497//1351 541//1351
f 541//1352 497//1352 539//1352
f 498//1353 497//1353 586//1353
f 539//1354 496//1354 538//1354
f 497//1355 496//1355 539//1355
f 538//1356 501//1356 537//1356
f 496//1357 501//1357 538//1357
f 537//1358 501//1358 536//1358
f 536//1359 500//1359 534//1359
f 501//1157 500//1157 536//1157
f 534//1360 499//1360 535//1360
f 535//1361 499//1361 587//1361
f 500//1362 499//1362 534//1362
f 587//1363 498//1363 551//1363
f 499//1364 498//1364 587//1364
f 165//1365 535//1365 163//1365
f 163//1366 587//1366 160//1366
f 535//1367 587//1367 163//1367
f 160//1368 551//1368 154//1368
f 587//1369 551//1369 160//1369
f 420//1370 451//1370 519//1370
f 519//1371 451//1371 518//1371
f 518//1372 450//1372 517//1372
f 451//1373 450//1373 518//1373
f 450//1374 449//1374 517//1374
f 50//1375 313//1375 83//1375
f 280//1375 313//1375 50//1375
f 83//1376 315//1376 85//1376
f 313//1376 315//1376 83//1376
f 85//1377 265//1377 36//1377
f 315//1378 265//1378 85//1378
f 36//1379 261//1379 32//1379
f 265//1379 261//1379 36//1379
f 32//1380 258//1380 30//1380
f 261//1380 258//1380 32//1380
f 30//1381 263//1381 34//1381
f 258//1381 263//1381 30//1381
f 34//1382 266//1382 37//1382
f 263//1382 266//1382 34//1382
f 37//1383 280//1383 50//1383
f 266//1384 280//1384 37//1384
f 142//1385 377//1385 147//1385
f 371//1375 377//1375 142//1375
f 147//1376 373//1376 144//1376
f 377//1376 373//1376 147//1376
f 144//1378 363//1378 134//1378
f 373//1377 363//1377 144//1377
f 134//1379 356//1379 127//1379
f 363//1386 356//1386 134//1386
f 127//1387 351//1387 122//1387
f 356//1380 351//1380 127//1380
f 122//1381 357//1381 128//1381
f 351//1381 357//1381 122//1381
f 128//1382 364//1382 136//1382
f 357//1382 364//1382 128//1382
f 136//1384 371//1384 142//1384
f 364//1383 371//1383 136//1383
f 140//1385 375//1385 146//1385
f 369//1375 375//1375 140//1375
f 146//1376 370//1376 141//1376
f 375//1376 370//1376 146//1376
f 141//1377 362//1377 133//1377
f 370//1377 362//1377 141//1377
f 133//1379 353//1379 126//1379
f 362//1379 353//1379 133//1379
f 126//1380 349//1380 120//1380
f 353//1380 349//1380 126//1380
f 120//1381 354//1381 124//1381
f 349//1381 354//1381 120//1381
f 124//1281 361//1281 132//1281
f 354//1382 361//1382 124//1382
f 132//1384 369//1384 140//1384
f 361//1383 369//1383 132//1383
f 250//1375 476//1375 252//1375
f 472//1385 476//1385 250//1385
f 252//1126 474//1126 248//1126
f 476//1376 474//1376 252//1376
f 248//1378 469//1378 245//1378
f 474//1378 469//1378 248//1378
f 245//1386 463//1386 242//1386
f 469//1379 463//1379 245//1379
f 242//1380 461//1380 237//1380
f 463//1380 461//1380 242//1380
f 237//1388 465//1388 239//1388
f 461//1381 465//1381 237//1381
f 239//1389 467//1389 243//1389
f 465//1389 467//1389 239//1389
f 243//1383 472//1383 250//1383
f 467//1384 472//1384 243//1384
f 588//1390 589//1390 590//1390
f 590//1391 589//1391 591//1391
f 591//9 592//9 593//9
f 589//9 592//9 591//9
f 593//1392 594//1392 595//1392
f 592//1393 594//1393 593//1393
f 596//1394 597//1395 598//1396
f 596//1397 598//621 599//628
f 592//450 599//450 594//450
f 592//610 596//1398 599//610
f 600//450 589//450 588//450
f 601//405 592//405 589//405
f 601//406 596//1399 592//406
f 601//484 589//484 600//484
f 602//1400 600//515 603//515
f 602//462 601//699 600//699
f 603//1401 600//1401 604//1401
f 603//1402 604//1402 605//1402
f 602//1403 605//1403 606//1403
f 602//1404 603//1404 605//1404
f 601//1081 606//1081 607//1081
f 601//800 602//800 606//800
f 601//710 607//710 608//710
f 601//710 608//710 596//710
f 597//827 596//827 608//827
f 597//1405 608//1405 609//1405
f 598//1406 609//1406 610//1406
f 598//763 597//763 609//763
f 599//1407 610//1407 611//1407
f 599//1408 598//1408 610//1408
f 599//769 611//769 595//769
f 599//1409 595//1409 594//1409
f 612//405 29//405 31//405
f 613//405 33//405 29//405
f 613//450 29//450 612//450
f 614//405 31//405 35//405
f 614//405 612//405 31//405
f 615//405 614//405 35//405
f 616//405 33//405 613//405
f 617//1410 33//450 616//450
f 618//450 619//450 615//450
f 620//1411 617//1412 616//1411
f 620//405 616//405 621//405
f 622//405 615//405 35//405
f 622//1413 618//1413 615//1413
f 623//1414 33//1414 617//448
f 624//1415 619//1415 618//1415
f 625//593 622//593 35//593
f 626//450 620//450 621//450
f 627//484 626//484 621//484
f 627//405 621//405 628//405
f 629//405 619//405 624//405
f 629//405 628//405 619//405
f 630//405 627//405 628//405
f 631//405 628//405 629//405
f 631//405 630//405 628//405
f 632//405 625//405 35//405
f 633//405 627//405 630//405
f 634//405 631//405 629//405
f 635//405 636//405 637//405
f 635//405 637//405 638//405
f 635//450 638//450 627//450
f 635//405 627//405 633//405
f 639//405 629//405 640//405
f 639//405 640//405 641//405
f 639//405 641//405 642//405
f 639//405 634//405 629//405
f 643//405 636//405 635//405
f 644//405 639//405 642//405
f 118//405 632//405 35//405
f 118//1416 645//544 632//1416
f 117//405 33//405 623//405
f 117//471 646//471 647//471
f 117//405 623//405 646//405
f 648//405 645//1417 118//405
f 648//405 649//405 645//677
f 650//1418 647//1418 651//1418
f 650//405 117//405 647//405
f 652//405 648//405 118//405
f 653//405 649//405 648//405
f 653//405 642//405 654//405
f 653//406 654//406 649//406
f 655//450 117//450 650//450
f 656//450 650//450 651//450
f 656//449 651//449 657//449
f 656//417 657//417 636//417
f 658//405 636//405 643//405
f 659//405 644//405 642//405
f 131//405 652//405 118//405
f 130//405 117//405 655//405
f 660//405 642//405 653//405
f 660//405 659//405 642//405
f 661//405 652//405 131//405
f 662//405 636//405 658//405
f 662//405 656//405 636//405
f 663//405 130//405 655//405
f 139//450 661//450 131//450
f 138//405 130//405 663//405
f 664//405 662//405 658//405
f 665//405 659//405 660//405
f 666//405 661//405 139//405
f 667//405 138//405 663//405
f 145//1419 667//450 668//450
f 145//570 138//406 667//406
f 148//405 666//405 139//405
f 669//405 666//405 148//405
f 670//406 666//406 669//406
f 671//405 672//405 666//405
f 671//405 666//405 670//405
f 673//406 672//406 671//406
f 595//405 674//405 662//405
f 595//405 662//405 664//405
f 595//405 664//405 675//405
f 595//450 675//450 676//450
f 677//405 660//405 678//405
f 677//405 665//405 660//405
f 677//405 679//405 680//405
f 677//405 680//405 665//405
f 611//405 674//405 595//405
f 681//417 677//417 678//417
f 610//405 668//405 674//405
f 610//1415 674//1415 611//1415
f 682//405 678//405 672//405
f 682//484 681//484 678//484
f 609//405 145//405 668//405
f 609//406 668//406 610//406
f 683//450 682//450 672//450
f 683//405 672//405 673//405
f 608//1420 145//1421 609//1420
f 684//471 683//471 673//471
f 593//405 595//405 676//405
f 685//405 679//405 677//405
f 591//405 593//405 676//405
f 686//405 679//405 685//405
f 590//450 591//450 676//450
f 590//405 676//405 687//405
f 590//405 687//405 688//405
f 689//450 679//450 686//450
f 689//405 690//405 691//405
f 689//405 691//405 679//405
f 692//405 590//405 688//405
f 692//405 690//405 689//405
f 692//405 688//405 690//405
f 693//405 692//405 689//405
f 693//405 689//405 694//405
f 693//652 694//652 695//652
f 696//405 590//405 692//405
f 696//542 605//542 604//542
f 696//406 604//406 590//406
f 697//1422 695//1422 698//1422
f 697//450 693//450 695//450
f 699//405 605//405 696//405
f 699//542 606//542 605//542
f 700//405 684//405 673//405
f 700//482 698//482 701//482
f 700//405 701//405 684//405
f 700//405 697//405 698//405
f 702//405 697//405 700//405
f 702//405 703//405 697//405
f 704//525 703//525 702//525
f 705//593 703//593 704//593
f 247//405 699//405 706//405
f 247//405 606//405 699//405
f 247//1423 607//1423 606//1423
f 249//405 703//405 705//405
f 251//405 706//405 707//405
f 251//406 247//406 706//406
f 253//405 707//405 703//405
f 253//405 703//405 249//405
f 253//405 251//405 707//405
f 247//405 145//587 608//405
f 247//405 608//405 607//405
f 253//711 249//711 708//711
f 253//1424 708//1424 709//1424
f 251//713 709//713 710//713
f 251//713 253//713 709//713
f 247//714 710//714 711//714
f 247//714 251//714 710//714
f 712//81 713//81 714//81
f 715//1425 713//1425 712//1425
f 712//144 716//144 715//144
f 714//137 717//137 718//137
f 713//44 717//44 714//44
f 716//57 719//57 715//57
f 717//275 720//275 718//275
f 716//144 721//144 719//144
f 722//43 723//43 724//43
f 725//43 723//43 722//43
f 724//43 726//43 722//43
f 722//43 726//43 727//43
f 725//57 728//57 723//57
f 729//43 728//43 725//43
f 726//43 730//43 727//43
f 727//137 730//137 731//137
f 729//43 732//43 728//43
f 733//57 732//57 729//57
f 730//43 734//43 731//43
f 733//144 735//144 732//144
f 734//43 736//43 731//43
f 737//43 736//43 734//43
f 733//43 738//43 735//43
f 739//43 738//43 721//43
f 721//137 738//137 733//137
f 735//43 738//43 740//43
f 731//43 741//43 720//43
f 736//44 741//44 731//44
f 720//44 742//44 718//44
f 741//43 742//43 720//43
f 716//144 743//144 721//144
f 721//57 743//57 739//57
f 741//1426 744//1426 742//1426
f 738//43 745//43 740//43
f 740//43 745//43 746//43
f 737//43 747//43 736//43
f 748//43 747//43 737//43
f 743//1427 749//1427 739//1427
f 742//245 750//245 751//245
f 744//57 750//57 742//57
f 745//43 752//43 746//43
f 746//137 752//137 753//137
f 748//43 754//43 747//43
f 755//43 754//43 748//43
f 756//1428 757//1428 743//1428
f 743//56 757//56 749//56
f 752//43 758//43 753//43
f 756//57 759//57 757//57
f 756//144 760//144 759//144
f 761//1425 762//1425 750//1425
f 750//1426 762//1426 751//1426
f 754//43 763//43 764//43
f 755//43 763//43 754//43
f 758//137 765//137 753//137
f 761//43 766//43 762//43
f 766//57 767//57 762//57
f 760//44 768//44 759//44
f 759//137 768//137 769//137
f 766//1427 770//1427 767//1427
f 763//43 771//43 764//43
f 764//43 771//43 772//43
f 758//43 773//43 765//43
f 774//43 773//43 758//43
f 766//144 775//144 770//144
f 766//43 776//43 775//43
f 768//1426 777//1426 769//1426
f 776//81 778//81 775//81
f 776//55 779//55 778//55
f 780//57 779//57 776//57
f 781//44 782//44 774//44
f 774//43 782//43 773//43
f 771//137 783//137 772//137
f 772//43 783//43 780//43
f 780//137 784//137 779//137
f 783//43 784//43 780//43
f 781//43 785//43 782//43
f 786//43 787//43 788//43
f 787//43 789//43 788//43
f 790//137 789//137 791//137
f 788//137 789//137 790//137
f 786//43 792//43 787//43
f 793//43 792//43 786//43
f 789//43 794//43 791//43
f 791//43 794//43 795//43
f 781//43 796//43 785//43
f 777//44 796//44 781//44
f 793//43 796//43 792//43
f 785//43 796//43 793//43
f 794//144 797//144 795//144
f 795//137 797//137 784//137
f 777//44 798//44 796//44
f 799//43 800//43 797//43
f 784//43 800//43 779//43
f 797//137 800//137 784//137
f 799//44 801//44 800//44
f 799//275 802//275 801//275
f 799//57 803//57 802//57
f 803//43 804//43 802//43
f 803//1429 708//1429 804//1429
f 798//43 711//43 805//43
f 711//241 806//241 805//241
f 711//1425 710//1425 806//1425
f 807//200 709//200 803//200
f 806//1430 709//1430 807//1430
f 803//43 709//43 708//43
f 710//44 709//44 806//44
f 768//43 711//43 798//43
f 768//43 798//43 777//43
f 247//710 768//710 145//710
f 247//710 711//710 768//710
f 138//927 145//927 768//927
f 138//927 768//927 760//927
f 130//760 760//760 756//760
f 130//749 138//749 760//749
f 117//928 756//928 743//928
f 117//928 130//928 756//928
f 117//737 716//737 33//737
f 117//737 743//737 716//737
f 29//922 33//922 716//922
f 29//1431 716//1431 712//1431
f 31//925 712//925 714//925
f 31//924 29//924 712//924
f 35//926 714//926 718//926
f 35//926 31//926 714//926
f 118//9 35//9 718//9
f 742//9 118//9 718//9
f 131//716 118//716 742//716
f 131//716 742//716 751//716
f 139//717 751//717 762//717
f 139//717 131//717 751//717
f 148//719 762//719 767//719
f 148//718 139//718 762//718
f 770//1432 669//715 148//715
f 770//1433 148//1434 767//1434
f 779//1435 673//1435 778//1435
f 778//1436 671//1436 775//1436
f 673//1437 671//1437 778//1437
f 775//1438 670//1438 770//1438
f 671//1439 670//1439 775//1439
f 670//1440 669//1440 770//1440
f 808//715 673//715 809//715
f 810//715 673//715 808//715
f 779//715 811//715 812//715
f 779//715 812//715 813//715
f 779//1441 813//1441 809//1441
f 779//715 809//715 673//715
f 814//715 700//715 673//715
f 814//715 810//715 811//715
f 814//715 673//715 810//715
f 815//715 700//715 814//715
f 816//715 811//715 779//715
f 816//715 814//715 811//715
f 817//715 700//715 815//715
f 800//715 818//715 819//715
f 800//801 819//801 816//801
f 800//715 816//715 779//715
f 800//715 700//715 817//715
f 800//801 817//801 818//801
f 700//1442 800//1442 702//1442
f 702//1443 801//1443 704//1443
f 800//1444 801//1444 702//1444
f 704//1445 802//1445 705//1445
f 801//1446 802//1446 704//1446
f 802//1445 804//1445 705//1445
f 708//1434 249//1434 705//1434
f 708//715 705//715 804//715
f 808//1447 809//1447 820//1447
f 820//1447 809//1447 821//1447
f 821//710 813//710 822//710
f 809//710 813//710 821//710
f 822//1448 812//1448 823//1448
f 813//1448 812//1448 822//1448
f 823//1449 812//1449 824//1449
f 812//1449 811//1449 824//1449
f 825//1450 810//1450 820//1450
f 824//9 810//9 825//9
f 811//9 810//9 824//9
f 810//1450 808//1450 820//1450
f 823//1451 824//1451 826//1451
f 824//1452 825//1452 826//1452
f 825//1453 820//1453 826//1453
f 820//1454 821//1454 826//1454
f 821//1455 822//1455 826//1455
f 822//1456 823//1456 826//1456
f 815//1447 814//1447 827//1447
f 828//710 814//710 829//710
f 827//1447 814//1447 828//1447
f 829//1448 816//1448 830//1448
f 814//710 816//710 829//710
f 816//1448 819//1448 830//1448
f 819//1449 818//1449 830//1449
f 830//1449 818//1449 831//1449
f 832//1457 817//1457 827//1457
f 831//9 817//9 832//9
f 818//9 817//9 831//9
f 817//1450 815//1450 827//1450
f 830//1458 831//1458 833//1458
f 831//1459 832//1459 833//1459
f 832//1460 827//1460 833//1460
f 827//1454 828//1454 833//1454
f 828//1455 829//1455 833//1455
f 829//1461 830//1461 833//1461
f 834//1462 803//1462 835//1462
f 835//1463 803//1463 836//1463
f 836//1464 803//1464 837//1464
f 837//1465 803//1465 838//1465
f 838//1466 803//1466 839//1466
f 839//1467 799//1468 840//1469
f 840//1470 799//1470 841//1470
f 841//1471 799//1471 842//1471
f 842//1472 799//1472 843//1472
f 843//1473 799//1473 844//1473
f 844//1474 799//1474 845//1474
f 845//1475 799//1475 846//1475
f 846//1476 799//1476 847//1476
f 847//1477 799//1477 848//1477
f 848//1478 799//1478 849//1478
f 849//1479 799//1480 850//1481
f 803//1482 799//1483 839//1484
f 850//1485 797//1485 851//1485
f 851//1486 797//1486 852//1486
f 852//1487 797//1487 853//1487
f 853//1488 797//1488 854//1488
f 854//1489 797//1489 855//1489
f 855//1490 797//1490 856//1490
f 856//1491 797//1491 857//1491
f 857//1492 797//1492 858//1492
f 858//1493 797//1493 859//1493
f 859//1494 797//1494 860//1494
f 799//1495 797//1496 850//1497
f 860//1498 794//1499 861//1500
f 861//1501 794//1501 862//1501
f 862//1502 794//1502 863//1502
f 863//1503 794//1503 864//1503
f 864//1504 794//1504 865//1504
f 865//1505 794//1505 866//1505
f 866//1506 794//1506 867//1506
f 867//1507 794//1507 868//1507
f 868//1508 794//1508 869//1508
f 869//1509 794//1509 870//1509
f 870//1510 794//1511 871//1512
f 797//1513 794//1514 860//1515
f 871//1516 789//1516 872//1516
f 872//1517 789//1517 873//1517
f 794//1518 789//1519 871//1520
f 873//1521 789//1521 874//1521
f 874//1522 789//1522 875//1522
f 875//1523 789//1523 876//1523
f 876//1524 789//1524 877//1524
f 877//1525 789//1525 878//1525
f 878//1526 789//1526 879//1526
f 879//1527 789//1527 880//1527
f 880//1528 789//1528 881//1528
f 789//1529 787//1530 881//1531
f 881//1532 787//1533 882//1534
f 882//1535 787//1535 883//1535
f 883//1536 787//1536 884//1536
f 884//1537 787//1537 885//1537
f 885//1538 787//1538 886//1538
f 886//1539 787//1539 887//1539
f 887//1540 787//1540 888//1540
f 888//1541 787//1541 889//1541
f 889//1542 787//1542 890//1542
f 890//1543 787//1543 891//1543
f 891//1544 787//1545 892//1546
f 787//1547 792//1548 892//1549
f 892//1550 792//1550 893//1550
f 893//1551 792//1551 894//1551
f 894//1552 792//1552 895//1552
f 895//1553 792//1553 896//1553
f 896//1554 792//1554 897//1554
f 897//1555 792//1555 898//1555
f 898//1556 792//1556 899//1556
f 899//1557 792//1557 900//1557
f 900//1558 792//1558 901//1558
f 901//1559 792//1559 902//1559
f 902//1560 796//1561 903//1562
f 903//1563 796//1563 904//1563
f 904//1564 796//1564 905//1564
f 905//1565 796//1565 906//1565
f 906//1566 796//1566 907//1566
f 907//1567 796//1567 908//1567
f 908//1568 796//1568 909//1568
f 909//1569 796//1569 910//1569
f 910//1570 796//1570 911//1570
f 911//1571 796//1571 912//1571
f 912//1572 796//1573 913//1574
f 792//1575 796//1576 902//1577
f 913//1578 798//1578 914//1578
f 914//1579 798//1579 915//1579
f 915//1580 798//1580 916//1580
f 916//1581 798//1581 917//1581
f 917//1582 798//1582 918//1582
f 918//1583 798//1583 919//1583
f 919//1584 798//1584 920//1584
f 920//1585 798//1585 921//1585
f 921//1586 798//1586 922//1586
f 922//1587 798//1587 923//1587
f 796//1588 798//1589 913//1590
f 923//1591 805//1592 924//1593
f 924//1594 805//1594 925//1594
f 925//1595 805//1595 926//1595
f 926//1596 805//1596 927//1596
f 927//1597 805//1597 928//1597
f 928//1598 805//1598 929//1598
f 929//1599 805//1599 930//1599
f 930//1600 805//1600 931//1600
f 931//1601 805//1601 932//1601
f 932//1602 805//1602 933//1602
f 933//1603 805//1604 934//1605
f 798//1606 805//1607 923//1608
f 934//1609 806//1609 935//1609
f 935//1610 806//1610 936//1610
f 805//1611 806//1612 934//1613
f 936//1614 806//1614 937//1614
f 937//1615 806//1615 938//1615
f 938//1616 806//1616 939//1616
f 939//1617 806//1617 940//1617
f 940//1618 806//1618 941//1618
f 941//1619 806//1619 942//1619
f 942//1620 806//1620 943//1620
f 943//1621 806//1621 944//1621
f 806//1622 807//1623 944//1624
f 944//1625 807//1626 945//1627
f 945//1628 807//1628 946//1628
f 946//1629 807//1629 947//1629
f 947//1630 807//1630 948//1630
f 948//1631 807//1631 949//1631
f 949//1632 807//1632 950//1632
f 950//1633 807//1633 951//1633
f 951//1634 807//1634 952//1634
f 952//1635 807//1635 953//1635
f 953//1636 807//1636 954//1636
f 954//1637 807//1638 955//1639
f 807//1640 803//1641 955//1642
f 955//1643 803//1643 956//1643
f 956//1644 803//1644 957//1644
f 957//1645 803//1645 958//1645
f 958//1646 803//1646 959//1646
f 959//1647 803//1647 834//1647
f 960//1648 849//1648 850//1648
f 961//367 850//367 851//367
f 961//1649 960//1649 850//1649
f 962//372 848//372 849//372
f 962//1425 849//1425 960//1425
f 963//1650 851//1650 852//1650
f 963//1425 961//1425 851//1425
f 964//1426 847//1426 848//1426
f 964//1651 848//1651 962//1651
f 965//56 852//56 853//56
f 965//1652 963//1652 852//1652
f 966//176 846//176 847//176
f 966//1653 847//1653 964//1653
f 967//1654 853//1654 854//1654
f 967//1655 965//1655 853//1655
f 968//241 845//241 846//241
f 968//334 846//334 966//334
f 969//55 854//55 855//55
f 969//1656 967//1656 854//1656
f 970//160 844//160 845//160
f 970//55 845//55 968//55
f 971//138 855//138 856//138
f 971//1428 969//1428 855//1428
f 972//317 843//317 844//317
f 972//1651 844//1651 970//1651
f 973//153 971//153 856//153
f 973//291 856//291 857//291
f 974//160 843//160 972//160
f 974//241 842//241 843//241
f 975//1425 973//1425 857//1425
f 975//1426 857//1426 858//1426
f 976//142 841//142 842//142
f 976//1657 842//1657 974//1657
f 977//82 858//82 859//82
f 977//1651 975//1651 858//1651
f 978//1658 840//1658 841//1658
f 978//1659 841//1659 976//1659
f 979//125 977//125 859//125
f 979//1650 859//1650 860//1650
f 980//244 839//244 840//244
f 980//334 840//334 978//334
f 981//382 860//382 861//382
f 981//101 979//101 860//101
f 982//358 838//358 839//358
f 982//53 839//53 980//53
f 983//1426 861//1426 862//1426
f 983//241 981//241 861//241
f 984//146 837//146 838//146
f 984//275 838//275 982//275
f 985//1651 862//1651 863//1651
f 985//372 983//372 862//372
f 986//377 836//377 837//377
f 986//55 837//55 984//55
f 987//1660 863//1660 864//1660
f 987//1651 985//1651 863//1651
f 988//200 835//200 836//200
f 988//287 836//287 986//287
f 989//160 864//160 865//160
f 989//386 987//386 864//386
f 990//1425 834//1425 835//1425
f 990//1661 835//1661 988//1661
f 991//1662 865//1662 866//1662
f 991//339 989//339 865//339
f 992//1428 959//1428 834//1428
f 992//81 834//81 990//81
f 993//81 866//81 867//81
f 993//1663 991//1663 866//1663
f 994//1664 958//1664 959//1664
f 994//1665 959//1665 992//1665
f 995//1666 867//1666 868//1666
f 995//1667 993//1667 867//1667
f 996//243 958//243 994//243
f 957//1668 958//1668 996//1668
f 997//247 995//247 868//247
f 869//53 997//53 868//53
f 998//1669 957//1669 996//1669
f 956//55 957//55 998//55
f 999//44 997//44 869//44
f 870//1670 999//1670 869//1670
f 1000//53 956//53 998//53
f 955//1671 956//1671 1000//1671
f 1001//373 999//373 870//373
f 871//212 1001//212 870//212
f 1002//1670 955//1670 1000//1670
f 954//1654 955//1654 1002//1654
f 1003//1672 1001//1672 871//1672
f 872//44 1003//44 871//44
f 1004//1659 954//1659 1002//1659
f 953//241 954//241 1004//241
f 1005//62 1003//62 872//62
f 873//1429 1005//1429 872//1429
f 1006//1427 953//1427 1004//1427
f 952//243 953//243 1006//243
f 1007//275 1005//275 873//275
f 874//43 1007//43 873//43
f 1008//1673 952//1673 1006//1673
f 951//197 952//197 1008//197
f 1009//339 1007//339 874//339
f 875//1429 1009//1429 874//1429
f 1010//144 951//144 1008//144
f 950//1674 951//1674 1010//1674
f 1011//65 1009//65 875//65
f 876//1675 1011//1675 875//1675
f 1012//62 950//62 1010//62
f 949//1676 950//1676 1012//1676
f 1013//317 1011//317 876//317
f 877//275 1013//275 876//275
f 1014//317 949//317 1012//317
f 948//1650 949//1650 1014//1650
f 1015//136 1013//136 877//136
f 878//327 1015//327 877//327
f 1016//1658 948//1658 1014//1658
f 947//1425 948//1425 1016//1425
f 1017//377 1015//377 878//377
f 879//1655 1017//1655 878//1655
f 1018//1677 947//1677 1016//1677
f 946//1654 947//1654 1018//1654
f 1019//142 1017//142 879//142
f 880//218 1019//218 879//218
f 1020//142 946//142 1018//142
f 945//358 946//358 1020//358
f 1021//1678 1019//1678 880//1678
f 881//1664 1021//1664 880//1664
f 1022//1668 945//1668 1020//1668
f 1023//358 1021//358 881//358
f 944//218 945//218 1022//218
f 1024//53 944//53 1022//53
f 882//1679 1023//1679 881//1679
f 1025//49 1023//49 882//49
f 943//334 944//334 1024//334
f 1026//244 943//244 1024//244
f 883//372 1025//372 882//372
f 1027//1680 1025//1680 883//1680
f 942//241 943//241 1026//241
f 1028//1665 942//1665 1026//1665
f 884//1659 1027//1659 883//1659
f 1029//1681 1027//1681 884//1681
f 941//56 942//56 1028//56
f 1030//1682 941//1682 1028//1682
f 885//1425 1029//1425 884//1425
f 1031//44 1029//44 885//44
f 940//159 941//159 1030//159
f 1032//1425 940//1425 1030//1425
f 886//176 1031//176 885//176
f 1033//1683 1031//1683 886//1683
f 939//1427 940//1427 1032//1427
f 1034//1684 939//1684 1032//1684
f 887//339 1033//339 886//339
f 1035//58 1033//58 887//58
f 938//1654 939//1654 1034//1654
f 1036//123 938//123 1034//123
f 888//1667 1035//1667 887//1667
f 1037//1676 1035//1676 888//1676
f 937//1428 938//1428 1036//1428
f 1038//1682 937//1682 1036//1682
f 889//1685 1037//1685 888//1685
f 1039//125 1037//125 889//125
f 936//244 937//244 1038//244
f 1040//1655 936//1655 1038//1655
f 890//1686 1039//1686 889//1686
f 1041//334 1039//334 890//334
f 935//44 936//44 1040//44
f 1042//243 935//243 1040//243
f 891//218 1041//218 890//218
f 1043//334 1041//334 891//334
f 934//1687 935//1687 1042//1687
f 1044//1425 934//1425 1042//1425
f 892//51 1043//51 891//51
f 1045//1425 1043//1425 892//1425
f 933//123 934//123 1044//123
f 1046//1426 933//1426 1044//1426
f 893//1688 1045//1688 892//1688
f 1047//58 1045//58 893//58
f 932//1661 933//1661 1046//1661
f 1048//1656 932//1656 1046//1656
f 894//275 1047//275 893//275
f 1049//315 1047//315 894//315
f 931//1651 932//1651 1048//1651
f 931//1650 1048//1650 1050//1650
f 895//160 1049//160 894//160
f 895//65 1051//65 1049//65
f 930//1679 931//1679 1050//1679
f 930//82 1050//82 1052//82
f 896//1430 1051//1430 895//1430
f 896//1689 1053//1689 1051//1689
f 929//56 930//56 1052//56
f 929//373 1052//373 1054//373
f 897//329 1053//329 896//329
f 897//53 1055//53 1053//53
f 928//262 1054//262 1056//262
f 928//1680 929//1680 1054//1680
f 898//1690 1055//1690 897//1690
f 898//62 1057//62 1055//62
f 927//1659 1056//1659 1058//1659
f 927//244 928//244 1056//244
f 899//1430 1057//1430 898//1430
f 899//44 1059//44 1057//44
f 926//1668 1058//1668 1060//1668
f 926//322 927//322 1058//322
f 900//1657 1059//1657 899//1657
f 900//1691 1061//1691 1059//1691
f 925//373 1060//373 1062//373
f 925//1657 926//1657 1060//1657
f 901//146 1063//146 1061//146
f 901//55 1061//55 900//55
f 924//1657 1062//1657 1064//1657
f 924//1692 925//1692 1062//1692
f 902//1656 1065//1656 1063//1656
f 902//1657 1063//1657 901//1657
f 923//1427 1064//1427 1066//1427
f 923//142 924//142 1064//142
f 903//1693 1067//1693 1065//1693
f 903//358 1065//358 902//358
f 922//328 1066//328 1068//328
f 922//142 923//142 1066//142
f 904//1667 1069//1667 1067//1667
f 904//1649 1067//1649 903//1649
f 921//246 1068//246 1070//246
f 921//1694 922//1694 1068//1694
f 905//1681 1071//1681 1069//1681
f 905//62 1069//62 904//62
f 920//1651 1070//1651 1072//1651
f 920//377 921//377 1070//377
f 906//1667 1073//1667 1071//1667
f 906//55 1071//55 905//55
f 919//160 920//160 1072//160
f 919//1668 1072//1668 1074//1668
f 907//58 1075//58 1073//58
f 907//56 1073//56 906//56
f 918//1695 919//1695 1074//1695
f 918//1667 1074//1667 1076//1667
f 908//243 1075//243 907//243
f 908//89 1077//89 1075//89
f 917//1689 918//1689 1076//1689
f 917//159 1076//159 1078//159
f 909//1676 1077//1676 908//1676
f 909//358 1079//358 1077//358
f 916//51 917//51 1078//51
f 916//1650 1078//1650 1080//1650
f 910//1695 1079//1695 909//1695
f 910//290 1081//290 1079//290
f 915//339 916//339 1080//339
f 915//1427 1080//1427 1082//1427
f 911//1425 1081//1425 910//1425
f 911//1651 1083//1651 1081//1651
f 914//243 1082//243 1084//243
f 914//137 915//137 1082//137
f 912//43 1085//43 1083//43
f 912//43 1083//43 911//43
f 913//1673 1085//1673 912//1673
f 913//55 1084//55 1085//55
f 913//291 914//291 1084//291
f 989//1696 991//1696 1086//1696
f 987//1697 989//1697 1086//1697
f 985//1698 987//1698 1086//1698
f 983//1699 985//1699 1086//1699
f 981//1700 983//1700 1086//1700
f 979//1701 1086//1702 1087//1703
f 979//1704 981//1704 1086//1704
f 977//1705 979//1706 1087//1707
f 975//1708 977//1708 1087//1708
f 973//1709 975//1709 1087//1709
f 971//1710 973//1710 1087//1710
f 969//1711 971//1711 1087//1711
f 967//1712 969//1712 1087//1712
f 965//1713 967//1713 1087//1713
f 963//1714 965//1714 1087//1714
f 961//1715 963//1715 1087//1715
f 960//1716 961//1716 1087//1716
f 962//1717 960//1717 1087//1717
f 964//1718 962//1718 1087//1718
f 966//1719 1087//1719 1088//1719
f 966//1720 964//1720 1087//1720
f 968//1721 966//1721 1088//1721
f 970//1722 968//1722 1088//1722
f 972//1723 970//1723 1088//1723
f 974//1724 972//1724 1088//1724
f 976//1725 974//1725 1088//1725
f 978//1726 976//1726 1088//1726
f 980//1727 978//1727 1088//1727
f 982//1728 980//1728 1088//1728
f 984//1729 982//1729 1088//1729
f 986//1730 984//1730 1088//1730
f 988//1731 986//1731 1088//1731
f 990//1732 988//1732 1088//1732
f 992//1733 1088//1733 1089//1733
f 992//1734 990//1734 1088//1734
f 994//1735 992//1735 1089//1735
f 996//1736 994//1736 1089//1736
f 998//1737 996//1737 1089//1737
f 1000//1738 998//1738 1089//1738
f 1002//1739 1000//1739 1089//1739
f 1004//1740 1002//1740 1089//1740
f 1006//1741 1004//1741 1089//1741
f 1008//1742 1006//1742 1089//1742
f 1010//1743 1008//1743 1089//1743
f 1012//1744 1010//1744 1089//1744
f 1014//1745 1012//1745 1089//1745
f 1016//1746 1089//1746 1090//1746
f 1016//1747 1014//1747 1089//1747
f 1018//1748 1016//1748 1090//1748
f 1020//1749 1018//1749 1090//1749
f 1022//1750 1020//1750 1090//1750
f 1024//1751 1022//1751 1090//1751
f 1026//1752 1024//1752 1090//1752
f 1028//1753 1026//1753 1090//1753
f 1030//1754 1028//1754 1090//1754
f 1032//1755 1030//1755 1090//1755
f 1034//1756 1032//1756 1090//1756
f 1036//1757 1034//1757 1090//1757
f 1038//1758 1036//1758 1090//1758
f 1040//1759 1038//1759 1090//1759
f 1042//1760 1090//1761 1091//1762
f 1042//1763 1040//1764 1090//1765
f 1044//1766 1042//1766 1091//1766
f 1046//1767 1044//1767 1091//1767
f 1048//1768 1046//1768 1091//1768
f 1050//1769 1048//1769 1091//1769
f 1052//1770 1050//1770 1091//1770
f 1054//1771 1052//1771 1091//1771
f 1056//1772 1054//1772 1091//1772
f 1058//1773 1056//1773 1091//1773
f 1060//1774 1058//1774 1091//1774
f 1062//1775 1060//1775 1091//1775
f 1064//1776 1062//1776 1091//1776
f 1066//1777 1091//1778 1092//1779
f 1066//1780 1064//1780 1091//1780
f 1068//1781 1066//1782 1092//1783
f 1070//1784 1068//1784 1092//1784
f 1072//1785 1070//1785 1092//1785
f 1074//1786 1072//1786 1092//1786
f 1076//1787 1074//1787 1092//1787
f 1078//1788 1076//1788 1092//1788
f 1080//1789 1078//1789 1092//1789
f 1082//1790 1080//1790 1092//1790
f 1084//1791 1082//1791 1092//1791
f 1085//1792 1084//1792 1092//1792
f 1083//1793 1085//1793 1092//1793
f 1081//1794 1083//1794 1092//1794
f 1079//1795 1092//1795 1093//1795
f 1079//1796 1081//1796 1092//1796
f 1077//1797 1079//1797 1093//1797
f 1075//1798 1077//1798 1093//1798
f 1073//1799 1075//1799 1093//1799
f 1071//1800 1073//1800 1093//1800
f 1069//1801 1071//1801 1093//1801
f 1067//1802 1069//1802 1093//1802
f 1065//1803 1067//1803 1093//1803
f 1063//1804 1065//1804 1093//1804
f 1061//1805 1063//1805 1093//1805
f 1059//1806 1061//1806 1093//1806
f 1057//1807 1059//1807 1093//1807
f 1055//1808 1057//1808 1093//1808
f 1053//1809 1093//1809 1094//1809
f 1053//1810 1055//1810 1093//1810
f 1051//1811 1053//1811 1094//1811
f 1049//1812 1051//1812 1094//1812
f 1047//1813 1049//1813 1094//1813
f 1045//1814 1047//1814 1094//1814
f 1043//1815 1045//1815 1094//1815
f 1041//1816 1043//1816 1094//1816
f 1039//1817 1041//1817 1094//1817
f 1037//1818 1039//1818 1094//1818
f 1035//1819 1037//1819 1094//1819
f 1033//1820 1035//1820 1094//1820
f 1031//1821 1033//1821 1094//1821
f 1029//1822 1094//1822 1095//1822
f 1029//1823 1031//1823 1094//1823
f 1027//1824 1029//1824 1095//1824
f 1025//1825 1027//1825 1095//1825
f 1023//1826 1025//1826 1095//1826
f 1021//1827 1023//1827 1095//1827
f 1019//1828 1021//1828 1095//1828
f 1017//1829 1019//1829 1095//1829
f 1015//1830 1017//1830 1095//1830
f 1013//1831 1015//1831 1095//1831
f 1011//1832 1013//1832 1095//1832
f 1009//1833 1011//1833 1095//1833
f 1007//1834 1009//1834 1095//1834
f 1005//1835 1007//1835 1095//1835
f 1003//1836 1095//1837 1086//1838
f 1003//1839 1005//1840 1095//1841
f 1001//1842 1003//1842 1086//1842
f 999//1843 1001//1843 1086//1843
f 997//1844 999//1844 1086//1844
f 995//1845 997//1845 1086//1845
f 993//1846 995//1846 1086//1846
f 991//1847 993//1847 1086//1847
f 1092//1848 1091//1848 1096//1848
f 1092//1849 1096//1849 1097//1849
f 1093//1850 1097//1850 1098//1850
f 1093//1851 1092//1851 1097//1851
f 1094//1852 1098//1852 1099//1852
f 1094//1853 1093//1853 1098//1853
f 1095//1854 1099//1854 1100//1854
f 1095//1855 1094//1855 1099//1855
f 1101//1856 1095//1856 1100//1856
f 1086//1857 1095//1857 1101//1857
f 1087//1858 1086//1858 1101//1858
f 1087//1859 1101//1859 1102//1859
f 1088//1860 1102//1861 1103//1861
f 1088//1862 1087//1863 1102//1863
f 1089//1864 1103//1865 1104//1864
f 1089//1866 1088//1867 1103//1867
f 1090//1868 1104//1868 1105//1868
f 1090//1869 1089//1869 1104//1869
f 1091//1870 1105//1870 1096//1870
f 1091//1871 1090//1871 1105//1871
f 1106//43 1098//43 1097//43
f 1107//43 1098//43 1106//43
f 1108//43 1097//43 1096//43
f 1108//137 1106//137 1097//137
f 1099//43 1098//43 1107//43
f 1105//43 1108//43 1096//43
f 1109//43 1099//43 1107//43
f 1110//43 1108//43 1105//43
f 1100//43 1099//43 1109//43
f 1104//137 1110//137 1105//137
f 1111//43 1100//43 1109//43
f 1112//43 1110//43 1104//43
f 1101//43 1100//43 1111//43
f 1103//43 1113//43 1112//43
f 1103//137 1112//137 1104//137
f 1102//1429 1111//1429 1113//1429
f 1102//218 1101//218 1111//218
f 1102//43 1113//43 1103//43
f 1108//1872 1114//1872 1115//1872
f 1108//1873 1110//1873 1114//1873
f 1110//1874 1112//1875 1116//1874
f 1112//1876 1113//1876 1116//1876
f 1117//1877 1111//1877 1118//1877
f 1113//1878 1111//1878 1117//1878
f 1116//1879 1114//1879 1110//1879
f 1117//1880 1116//1880 1113//1880
f 1119//710 1120//710 1118//710
f 1118//710 1121//710 1117//710
f 1120//710 1121//710 1118//710
f 1117//1881 1121//1881 1116//1881
f 1116//1881 1121//1881 1122//1881
f 1116//1882 1122//1882 1114//1882
f 1114//1882 1122//1882 1123//1882
f 1114//9 1123//9 1115//9
f 1115//9 1124//9 1125//9
f 1123//9 1124//9 1115//9
f 1111//1883 1119//1883 1118//1883
f 1111//1884 1109//1884 1119//1884
f 1109//1885 1107//1885 1126//1885
f 1107//1886 1106//1886 1126//1886
f 1125//1887 1108//1887 1115//1887
f 1106//1888 1108//1888 1125//1888
f 1125//1889 1126//1889 1106//1889
f 1126//1890 1119//1890 1109//1890
f 1127//1891 1126//1891 1124//1891
f 1124//1891 1126//1891 1125//1891
f 1120//1892 1119//1892 1127//1892
f 1127//1892 1119//1892 1126//1892
f 1122//43 1128//43 1123//43
f 1123//43 1128//43 1129//43
f 1123//43 1130//43 1124//43
f 1129//1426 1130//1426 1123//1426
f 1128//43 1121//43 1131//43
f 1122//57 1121//57 1128//57
f 1130//144 1132//144 1124//144
f 1132//1429 1127//1429 1124//1429
f 1121//44 1133//44 1131//44
f 1133//57 1120//57 1132//57
f 1121//275 1120//275 1133//275
f 1132//43 1120//43 1127//43
f 1128//1893 1134//1893 1135//1893
f 1128//1894 1131//1894 1134//1894
f 1131//1895 1136//1896 1134//1897
f 1131//1898 1133//1899 1136//1899
f 1133//1900 1137//1900 1136//1900
f 1133//1901 1132//1901 1137//1901
f 1132//1902 1138//1903 1137//1904
f 1132//1905 1130//1906 1138//1907
f 1130//1908 1139//1908 1138//1908
f 1130//1909 1129//1909 1139//1909
f 1139//1910 1128//1910 1135//1910
f 1129//1911 1128//1911 1139//1911
f 1137//1891 1138//1891 1140//1891
f 1140//1891 1138//1891 1141//1891
f 1141//9 1139//9 1142//9
f 1138//9 1139//9 1141//9
f 1142//1882 1135//1882 1143//1882
f 1139//1882 1135//1882 1142//1882
f 1135//1912 1134//1912 1143//1912
f 1143//1881 1134//1881 1144//1881
f 1144//710 1136//710 1145//710
f 1134//710 1136//710 1144//710
f 1145//1892 1137//1892 1140//1892
f 1136//1892 1137//1892 1145//1892
f 1143//1913 1144//1913 1146//1913
f 1144//1914 1145//1914 1146//1914
f 1145//1915 1140//1915 1146//1915
f 1140//1916 1141//1916 1146//1916
f 1141//1917 1142//1917 1146//1917
f 1142//1918 1143//1918 1146//1918
f 1147//1919 774//1919 1148//1919
f 1148//1920 774//1920 1149//1920
f 1149//1464 774//1464 1150//1464
f 1150//1465 774//1465 1151//1465
f 1151//1921 774//1921 1152//1921
f 1152//1467 758//1922 1153//1923
f 1153//1924 758//1924 1154//1924
f 1154//1925 758//1925 1155//1925
f 1155//1926 758//1926 1156//1926
f 1156//1927 758//1927 1157//1927
f 1157//1928 758//1928 1158//1928
f 1158//1475 758//1475 1159//1475
f 1159//1476 758//1476 1160//1476
f 1160//1929 758//1929 1161//1929
f 1161//1930 758//1930 1162//1930
f 1162//1931 758//1932 1163//1933
f 774//1482 758//1483 1152//1934
f 1163//1935 752//1935 1164//1935
f 1164//1936 752//1936 1165//1936
f 1165//1937 752//1937 1166//1937
f 1166//1938 752//1938 1167//1938
f 1167//1939 752//1939 1168//1939
f 1168//1940 752//1940 1169//1940
f 1169//1941 752//1941 1170//1941
f 1170//1942 752//1942 1171//1942
f 1171//1943 752//1943 1172//1943
f 1172//1944 752//1944 1173//1944
f 758//1945 752//1496 1163//1946
f 1173//1498 745//1947 1174//1500
f 1174//1948 745//1948 1175//1948
f 1175//1502 745//1502 1176//1502
f 1176//1949 745//1949 1177//1949
f 1177//1950 745//1950 1178//1950
f 1178//1505 745//1505 1179//1505
f 1179//1951 745//1951 1180//1951
f 1180//1952 745//1952 1181//1952
f 1181//1953 745//1953 1182//1953
f 1182//1509 745//1509 1183//1509
f 1183//1954 745//1955 1184//1512
f 752//1513 745//1956 1173//1515
f 1184//1957 738//1957 1185//1957
f 1185//1958 738//1958 1186//1958
f 745//1959 738//1519 1184//1960
f 1186//1961 738//1961 1187//1961
f 1187//1962 738//1962 1188//1962
f 1188//1963 738//1963 1189//1963
f 1189//1964 738//1964 1190//1964
f 1190//1965 738//1965 1191//1965
f 1191//1966 738//1966 1192//1966
f 1192//1967 738//1967 1193//1967
f 1193//1968 738//1968 1194//1968
f 738//1969 739//1970 1194//1971
f 1194//1972 739//1973 1195//1974
f 1195//1975 739//1975 1196//1975
f 1196//1976 739//1976 1197//1976
f 1197//1977 739//1977 1198//1977
f 1198//1978 739//1978 1199//1978
f 1199//1979 739//1979 1200//1979
f 1200//1980 739//1980 1201//1980
f 1201//1981 739//1981 1202//1981
f 1202//1982 739//1982 1203//1982
f 1203//1983 739//1983 1204//1983
f 1204//1984 739//1985 1205//1986
f 739//1987 749//1988 1205//1549
f 1205//1989 749//1989 1206//1989
f 1206//1990 749//1990 1207//1990
f 1207//1991 749//1991 1208//1991
f 1208//1992 749//1992 1209//1992
f 1209//1993 749//1993 1210//1993
f 1210//1994 749//1994 1211//1994
f 1211//1995 749//1995 1212//1995
f 1212//1996 749//1996 1213//1996
f 1213//1997 749//1997 1214//1997
f 1214//1998 749//1998 1215//1998
f 1215//1560 757//1999 1216//2000
f 1216//2001 757//2001 1217//2001
f 1217//2002 757//2002 1218//2002
f 1218//2003 757//2003 1219//2003
f 1219//2004 757//2004 1220//2004
f 1220//2005 757//2005 1221//2005
f 1221//2006 757//2006 1222//2006
f 1222//2007 757//2007 1223//2007
f 1223//2008 757//2008 1224//2008
f 1224//2009 757//2009 1225//2009
f 1225//2010 757//2011 1226//2012
f 749//2013 757//2014 1215//2015
f 1226//2016 759//2016 1227//2016
f 1227//2017 759//2017 1228//2017
f 1228//1580 759//1580 1229//1580
f 1229//2018 759//2018 1230//2018
f 1230//2019 759//2019 1231//2019
f 1231//2020 759//2020 1232//2020
f 1232//2021 759//2021 1233//2021
f 1233//2022 759//2022 1234//2022
f 1234//2023 759//2023 1235//2023
f 1235//1587 759//1587 1236//1587
f 757//2024 759//1589 1226//2025
f 1236//1591 769//1592 1237//2026
f 1237//2027 769//2027 1238//2027
f 1238//2028 769//2028 1239//2028
f 1239//2029 769//2029 1240//2029
f 1240//2030 769//2030 1241//2030
f 1241//1152 769//1152 1242//1152
f 1242//2031 769//2031 1243//2031
f 1243//2032 769//2032 1244//2032
f 1244//2033 769//2033 1245//2033
f 1245//2034 769//2034 1246//2034
f 1246//2035 769//2036 1247//1605
f 759//2037 769//1607 1236//1608
f 1247//2038 777//2038 1248//2038
f 1248//2039 777//2039 1249//2039
f 769//1611 777//2040 1247//2041
f 1249//2042 777//2042 1250//2042
f 1250//2043 777//2043 1251//2043
f 1251//2044 777//2044 1252//2044
f 1252//1617 777//1617 1253//1617
f 1253//2045 777//2045 1254//2045
f 1254//2046 777//2046 1255//2046
f 1255//2047 777//2047 1256//2047
f 1256//2048 777//2048 1257//2048
f 777//1622 781//2049 1257//2050
f 1257//2051 781//2052 1258//2053
f 1258//2054 781//2054 1259//2054
f 1259//2055 781//2055 1260//2055
f 1260//1630 781//1630 1261//1630
f 1261//1631 781//1631 1262//1631
f 1262//2056 781//2056 1263//2056
f 1263//2057 781//2057 1264//2057
f 1264//2058 781//2058 1265//2058
f 1265//2059 781//2059 1266//2059
f 1266//2060 781//2060 1267//2060
f 1267//2061 781//2062 1268//2063
f 781//2064 774//2065 1268//1642
f 1268//2066 774//2066 1269//2066
f 1269//2067 774//2067 1270//2067
f 1270//2068 774//2068 1271//2068
f 1271//2069 774//2069 1272//2069
f 1272//2070 774//2070 1147//2070
f 1273//243 1162//243 1163//243
f 1274//176 1163//176 1164//176
f 1274//1657 1273//1657 1163//1657
f 1275//317 1161//317 1162//317
f 1275//55 1162//55 1273//55
f 1276//1654 1164//1654 1165//1654
f 1276//161 1274//161 1164//161
f 1277//244 1160//244 1161//244
f 1277//1649 1161//1649 1275//1649
f 1278//2071 1165//2071 1166//2071
f 1278//82 1276//82 1165//82
f 1279//1427 1159//1427 1160//1427
f 1279//2072 1160//2072 1277//2072
f 1280//176 1166//176 1167//176
f 1280//290 1278//290 1166//290
f 1281//267 1158//267 1159//267
f 1281//272 1159//272 1279//272
f 1282//150 1167//150 1168//150
f 1282//1648 1280//1648 1167//1648
f 1283//1676 1157//1676 1158//1676
f 1283//1426 1158//1426 1281//1426
f 1284//372 1168//372 1169//372
f 1284//142 1282//142 1168//142
f 1285//373 1156//373 1157//373
f 1285//218 1157//218 1283//218
f 1286//347 1169//347 1170//347
f 1286//339 1284//339 1169//339
f 1287//125 1156//125 1285//125
f 1287//123 1155//123 1156//123
f 1288//54 1286//54 1170//54
f 1288//229 1170//229 1171//229
f 1289//291 1154//291 1155//291
f 1289//290 1155//290 1287//290
f 1290//1681 1288//1681 1171//1681
f 1290//2073 1171//2073 1172//2073
f 1291//1688 1153//1688 1154//1688
f 1291//176 1154//176 1289//176
f 1292//1658 1290//1658 1172//1658
f 1292//241 1172//241 1173//241
f 1293//385 1153//385 1291//385
f 1293//200 1152//200 1153//200
f 1294//241 1292//241 1173//241
f 1294//1662 1173//1662 1174//1662
f 1295//56 1151//56 1152//56
f 1295//330 1152//330 1293//330
f 1296//43 1174//43 1175//43
f 1296//290 1294//290 1174//290
f 1297//161 1150//161 1151//161
f 1297//193 1151//193 1295//193
f 1298//218 1175//218 1176//218
f 1298//1427 1296//1427 1175//1427
f 1299//147 1149//147 1150//147
f 1299//1425 1150//1425 1297//1425
f 1300//218 1176//218 1177//218
f 1300//53 1298//53 1176//53
f 1301//367 1148//367 1149//367
f 1301//1430 1149//1430 1299//1430
f 1302//185 1177//185 1178//185
f 1302//2074 1300//2074 1177//2074
f 1303//1695 1147//1695 1148//1695
f 1303//1425 1148//1425 1301//1425
f 1304//384 1178//384 1179//384
f 1304//339 1302//339 1178//339
f 1305//1429 1272//1429 1147//1429
f 1305//1425 1147//1425 1303//1425
f 1306//2075 1179//2075 1180//2075
f 1306//2076 1304//2076 1179//2076
f 1307//1428 1271//1428 1272//1428
f 1307//1426 1272//1426 1305//1426
f 1308//57 1180//57 1181//57
f 1308//290 1306//290 1180//290
f 1309//1427 1271//1427 1307//1427
f 1270//56 1271//56 1309//56
f 1310//43 1308//43 1181//43
f 1182//1427 1310//1427 1181//1427
f 1311//1668 1270//1668 1309//1668
f 1269//1649 1270//1649 1311//1649
f 1312//386 1310//386 1182//386
f 1183//1661 1312//1661 1182//1661
f 1313//1651 1269//1651 1311//1651
f 1268//56 1269//56 1313//56
f 1314//275 1312//275 1183//275
f 1184//123 1314//123 1183//123
f 1315//44 1268//44 1313//44
f 1267//197 1268//197 1315//197
f 1316//339 1314//339 1184//339
f 1185//57 1316//57 1184//57
f 1317//1649 1267//1649 1315//1649
f 1266//268 1267//268 1317//268
f 1318//81 1316//81 1185//81
f 1186//44 1318//44 1185//44
f 1319//2077 1266//2077 1317//2077
f 1265//1429 1266//1429 1319//1429
f 1320//2076 1318//2076 1186//2076
f 1187//291 1320//291 1186//291
f 1321//53 1265//53 1319//53
f 1264//55 1265//55 1321//55
f 1322//1651 1320//1651 1187//1651
f 1188//1429 1322//1429 1187//1429
f 1323//1670 1264//1670 1321//1670
f 1263//1651 1264//1651 1323//1651
f 1324//62 1322//62 1188//62
f 1189//138 1324//138 1188//138
f 1325//291 1263//291 1323//291
f 1262//200 1263//200 1325//200
f 1326//2071 1324//2071 1189//2071
f 1190//55 1326//55 1189//55
f 1327//1648 1262//1648 1325//1648
f 1261//328 1262//328 1327//328
f 1328//2076 1326//2076 1190//2076
f 1191//200 1328//200 1190//200
f 1329//317 1261//317 1327//317
f 1260//49 1261//49 1329//49
f 1330//1657 1328//1657 1191//1657
f 1192//2078 1330//2078 1191//2078
f 1331//241 1260//241 1329//241
f 1259//1657 1260//1657 1331//1657
f 1332//1649 1330//1649 1192//1649
f 1193//358 1332//358 1192//358
f 1333//1653 1259//1653 1331//1653
f 1258//334 1259//334 1333//334
f 1334//291 1332//291 1193//291
f 1194//1692 1334//1692 1193//1692
f 1335//137 1258//137 1333//137
f 1336//153 1334//153 1194//153
f 1257//2079 1258//2079 1335//2079
f 1337//1676 1257//1676 1335//1676
f 1195//197 1336//197 1194//197
f 1338//239 1336//239 1195//239
f 1256//241 1257//241 1337//241
f 1339//44 1256//44 1337//44
f 1196//245 1338//245 1195//245
f 1340//1657 1338//1657 1196//1657
f 1255//1654 1256//1654 1339//1654
f 1341//144 1255//144 1339//144
f 1197//1667 1340//1667 1196//1667
f 1342//55 1340//55 1197//55
f 1254//2080 1255//2080 1341//2080
f 1343//123 1254//123 1341//123
f 1198//212 1342//212 1197//212
f 1344//386 1342//386 1198//386
f 1253//1688 1254//1688 1343//1688
f 1345//137 1253//137 1343//137
f 1199//44 1344//44 1198//44
f 1346//1663 1344//1663 1199//1663
f 1252//218 1253//218 1345//218
f 1347//2078 1252//2078 1345//2078
f 1200//339 1346//339 1199//339
f 1348//290 1346//290 1200//290
f 1251//197 1252//197 1347//197
f 1349//125 1251//125 1347//125
f 1201//113 1348//113 1200//113
f 1350//268 1348//268 1201//268
f 1250//57 1251//57 1349//57
f 1351//1684 1250//1684 1349//1684
f 1202//56 1350//56 1201//56
f 1352//125 1350//125 1202//125
f 1249//55 1250//55 1351//55
f 1353//2079 1249//2079 1351//2079
f 1203//218 1352//218 1202//218
f 1354//267 1352//267 1203//267
f 1248//206 1249//206 1353//206
f 1355//2071 1248//2071 1353//2071
f 1204//275 1354//275 1203//275
f 1356//1648 1354//1648 1204//1648
f 1247//51 1248//51 1355//51
f 1357//176 1247//176 1355//176
f 1205//1676 1356//1676 1204//1676
f 1358//55 1356//55 1205//55
f 1246//1665 1247//1665 1357//1665
f 1359//146 1246//146 1357//146
f 1206//62 1358//62 1205//62
f 1360//367 1358//367 1206//367
f 1245//2081 1246//2081 1359//2081
f 1361//2081 1245//2081 1359//2081
f 1207//1695 1360//1695 1206//1695
f 1362//1426 1360//1426 1207//1426
f 1244//1679 1361//1679 1363//1679
f 1244//1425 1245//1425 1361//1425
f 1208//2077 1362//2077 1207//2077
f 1208//53 1364//53 1362//53
f 1243//347 1244//347 1363//347
f 1243//1667 1363//1667 1365//1667
f 1209//247 1364//247 1208//247
f 1209//1428 1366//1428 1364//1428
f 1242//58 1243//58 1365//58
f 1242//2082 1365//2082 1367//2082
f 1210//1429 1366//1429 1209//1429
f 1210//55 1368//55 1366//55
f 1241//241 1367//241 1369//241
f 1241//2083 1242//2083 1367//2083
f 1211//123 1368//123 1210//123
f 1211//144 1370//144 1368//144
f 1240//218 1369//218 1371//218
f 1240//142 1241//142 1369//142
f 1212//1649 1370//1649 1211//1649
f 1212//384 1372//384 1370//384
f 1239//197 1371//197 1373//197
f 1239//1659 1240//1659 1371//1659
f 1213//275 1372//275 1212//275
f 1213//1429 1374//1429 1372//1429
f 1238//241 1373//241 1375//241
f 1238//291 1239//291 1373//291
f 1214//1693 1376//1693 1374//1693
f 1214//2084 1374//2084 1213//2084
f 1237//44 1375//44 1377//44
f 1237//290 1238//290 1375//290
f 1215//218 1378//218 1376//218
f 1215//221 1376//221 1214//221
f 1236//1649 1377//1649 1379//1649
f 1236//291 1237//291 1377//291
f 1216//123 1380//123 1378//123
f 1216//317 1378//317 1215//317
f 1235//1426 1379//1426 1381//1426
f 1235//218 1236//218 1379//218
f 1217//2078 1382//2078 1380//2078
f 1217//241 1380//241 1216//241
f 1234//159 1381//159 1383//159
f 1234//1426 1235//1426 1381//1426
f 1218//57 1384//57 1382//57
f 1218//1426 1382//1426 1217//1426
f 1233//275 1383//275 1385//275
f 1233//270 1234//270 1383//270
f 1219//1429 1386//1429 1384//1429
f 1219//1425 1384//1425 1218//1425
f 1232//123 1233//123 1385//123
f 1232//146 1385//146 1387//146
f 1220//1659 1388//1659 1386//1659
f 1220//144 1386//144 1219//144
f 1231//200 1232//200 1387//200
f 1231//334 1387//334 1389//334
f 1221//225 1388//225 1220//225
f 1221//1649 1390//1649 1388//1649
f 1230//138 1231//138 1389//138
f 1230//386 1389//386 1391//386
f 1222//358 1390//358 1221//358
f 1222//330 1392//330 1390//330
f 1229//1429 1230//1429 1391//1429
f 1229//2085 1391//2085 1393//2085
f 1223//161 1392//161 1222//161
f 1223//290 1394//290 1392//290
f 1228//144 1229//144 1393//144
f 1228//241 1393//241 1395//241
f 1224//1426 1394//1426 1223//1426
f 1224//81 1396//81 1394//81
f 1227//1651 1395//1651 1397//1651
f 1227//160 1228//160 1395//160
f 1225//339 1396//339 1224//339
f 1225//81 1398//81 1396//81
f 1226//334 1398//334 1225//334
f 1226//245 1397//245 1398//245
f 1226//218 1227//218 1397//218
f 1302//2086 1304//2086 1399//2086
f 1300//2087 1302//2087 1399//2087
f 1298//2088 1300//2088 1399//2088
f 1296//2089 1298//2089 1399//2089
f 1294//2090 1296//2090 1399//2090
f 1292//2091 1399//1702 1400//2092
f 1292//2093 1294//2093 1399//2093
f 1290//2094 1292//2095 1400//2096
f 1288//2097 1290//2097 1400//2097
f 1286//2098 1288//2098 1400//2098
f 1284//2099 1286//2099 1400//2099
f 1282//2100 1284//2100 1400//2100
f 1280//2101 1282//2101 1400//2101
f 1278//2102 1280//2102 1400//2102
f 1276//2103 1278//2103 1400//2103
f 1274//2104 1276//2104 1400//2104
f 1273//2105 1274//2105 1400//2105
f 1275//1717 1273//1717 1400//1717
f 1277//2106 1275//2106 1400//2106
f 1279//2107 1400//2107 1401//2107
f 1279//2108 1277//2108 1400//2108
f 1281//2109 1279//2109 1401//2109
f 1283//2110 1281//2110 1401//2110
f 1285//2111 1283//2111 1401//2111
f 1287//2112 1285//2112 1401//2112
f 1289//1725 1287//1725 1401//1725
f 1291//2113 1289//2113 1401//2113
f 1293//2114 1291//2114 1401//2114
f 1295//1728 1293//1728 1401//1728
f 1297//2115 1295//2115 1401//2115
f 1299//2116 1297//2116 1401//2116
f 1301//2117 1299//2117 1401//2117
f 1303//2118 1301//2118 1401//2118
f 1305//2119 1401//2120 1402//2119
f 1305//2121 1303//2121 1401//2122
f 1307//2123 1305//2123 1402//2123
f 1309//2124 1307//2124 1402//2124
f 1311//2125 1309//2125 1402//2125
f 1313//1738 1311//1738 1402//1738
f 1315//2126 1313//2126 1402//2126
f 1317//2127 1315//2127 1402//2127
f 1319//2128 1317//2128 1402//2128
f 1321//2129 1319//2129 1402//2129
f 1323//2130 1321//2130 1402//2130
f 1325//2131 1323//2131 1402//2131
f 1327//1745 1325//1745 1402//1745
f 1329//2132 1402//2132 1403//2132
f 1329//2133 1327//2133 1402//2133
f 1331//2134 1329//2134 1403//2134
f 1333//2135 1331//2135 1403//2135
f 1335//1750 1333//1750 1403//1750
f 1337//2136 1335//2136 1403//2136
f 1339//2137 1337//2137 1403//2137
f 1341//2138 1339//2138 1403//2138
f 1343//2139 1341//2139 1403//2139
f 1345//1755 1343//1755 1403//1755
f 1347//2140 1345//2140 1403//2140
f 1349//2141 1347//2141 1403//2141
f 1351//2142 1349//2142 1403//2142
f 1353//2143 1351//2143 1403//2143
f 1355//2144 1403//2145 1404//1762
f 1355//2146 1353//2147 1403//2148
f 1357//1766 1355//1766 1404//1766
f 1359//2149 1357//2149 1404//2149
f 1361//2150 1359//2150 1404//2150
f 1363//1769 1361//1769 1404//1769
f 1365//1770 1363//1770 1404//1770
f 1367//2151 1365//2151 1404//2151
f 1369//2152 1367//2152 1404//2152
f 1371//2153 1369//2153 1404//2153
f 1373//2154 1371//2154 1404//2154
f 1375//2155 1373//2155 1404//2155
f 1377//2156 1375//2156 1404//2156
f 1379//2157 1404//1778 1405//2158
f 1379//2159 1377//2159 1404//2159
f 1381//2160 1379//1782 1405//2161
f 1383//2162 1381//2162 1405//2162
f 1385//1785 1383//1785 1405//1785
f 1387//2163 1385//2163 1405//2163
f 1389//2164 1387//2164 1405//2164
f 1391//2165 1389//2165 1405//2165
f 1393//2166 1391//2166 1405//2166
f 1395//2167 1393//2167 1405//2167
f 1397//2168 1395//2168 1405//2168
f 1398//1792 1397//1792 1405//1792
f 1396//2169 1398//2169 1405//2169
f 1394//2170 1396//2170 1405//2170
f 1392//2171 1405//2171 1406//2171
f 1392//2172 1394//2172 1405//2172
f 1390//2173 1392//2173 1406//2173
f 1388//2174 1390//2174 1406//2174
f 1386//2175 1388//2175 1406//2175
f 1384//2176 1386//2176 1406//2176
f 1382//2177 1384//2177 1406//2177
f 1380//2178 1382//2178 1406//2178
f 1378//1803 1380//1803 1406//1803
f 1376//2179 1378//2179 1406//2179
f 1374//2180 1376//2180 1406//2180
f 1372//1806 1374//1806 1406//1806
f 1370//2181 1372//2181 1406//2181
f 1368//2182 1370//2182 1406//2182
f 1366//2183 1406//2184 1407//2183
f 1366//2185 1368//2185 1406//2186
f 1364//2187 1366//2187 1407//2187
f 1362//2188 1364//2188 1407//2188
f 1360//2189 1362//2189 1407//2189
f 1358//2190 1360//2190 1407//2190
f 1356//2191 1358//2191 1407//2191
f 1354//2192 1356//2192 1407//2192
f 1352//2193 1354//2193 1407//2193
f 1350//2194 1352//2194 1407//2194
f 1348//1819 1350//1819 1407//1819
f 1346//2195 1348//2195 1407//2195
f 1344//1821 1346//1821 1407//1821
f 1342//1822 1407//1822 1408//1822
f 1342//2196 1344//2196 1407//2196
f 1340//2197 1342//2197 1408//2197
f 1338//2198 1340//2198 1408//2198
f 1336//2199 1338//2199 1408//2199
f 1334//2200 1336//2200 1408//2200
f 1332//2201 1334//2201 1408//2201
f 1330//2202 1332//2202 1408//2202
f 1328//2203 1330//2203 1408//2203
f 1326//2204 1328//2204 1408//2204
f 1324//2205 1326//2205 1408//2205
f 1322//2206 1324//2206 1408//2206
f 1320//2207 1322//2207 1408//2207
f 1318//2208 1320//2208 1408//2208
f 1316//2209 1408//2210 1399//2211
f 1316//2212 1318//2213 1408//2214
f 1314//2215 1316//2215 1399//2215
f 1312//2216 1314//2216 1399//2216
f 1310//2217 1312//2217 1399//2217
f 1308//2218 1310//2218 1399//2218
f 1306//1846 1308//1846 1399//1846
f 1304//2219 1306//2219 1399//2219
f 1405//2220 1404//2220 1409//2220
f 1405//2221 1409//2221 1410//2221
f 1406//2222 1410//2222 1411//2222
f 1406//2223 1405//2223 1410//2223
f 1412//2224 1406//2224 1411//2224
f 1407//1852 1406//1852 1412//1852
f 1408//2225 1412//2225 1413//2225
f 1408//2226 1407//2226 1412//2226
f 1399//2227 1413//2227 1414//2227
f 1399//2228 1408//2228 1413//2228
f 1400//2229 1399//2229 1414//2229
f 1400//1858 1414//1858 1415//1858
f 1401//2230 1415//1862 1416//2230
f 1401//2231 1400//2232 1415//2230
f 1402//1867 1416//1867 1417//1867
f 1402//2233 1401//2233 1416//2233
f 1403//2234 1417//2234 1418//2234
f 1403//2235 1402//2235 1417//2235
f 1409//2236 1403//2236 1418//2236
f 1404//2237 1403//2237 1409//2237
f 1419//43 1411//43 1410//43
f 1420//44 1410//44 1409//44
f 1420//43 1419//43 1410//43
f 1421//81 1411//81 1419//81
f 1412//43 1411//43 1421//43
f 1418//44 1420//44 1409//44
f 1422//43 1420//43 1418//43
f 1423//137 1412//137 1421//137
f 1413//43 1412//43 1423//43
f 1417//137 1422//137 1418//137
f 1424//57 1422//57 1417//57
f 1425//43 1413//43 1423//43
f 1414//43 1413//43 1425//43
f 1416//137 1426//137 1424//137
f 1416//43 1424//43 1417//43
f 1415//43 1425//43 1426//43
f 1415//43 1426//43 1416//43
f 1415//43 1414//43 1425//43
f 1420//2238 1427//2238 1428//2238
f 1420//2239 1422//2239 1427//2239
f 1422//2240 1424//2240 1429//2240
f 1424//2241 1426//2241 1429//2241
f 1430//2242 1425//2242 1431//2242
f 1426//2243 1425//2243 1430//2243
f 1429//2244 1427//2244 1422//2244
f 1430//2245 1429//2245 1426//2245
f 1432//710 1433//710 1431//710
f 1431//710 1434//710 1430//710
f 1433//710 1434//710 1431//710
f 1430//2246 1434//2246 1429//2246
f 1429//1881 1434//1881 1435//1881
f 1429//1882 1435//1882 1427//1882
f 1427//1882 1435//1882 1436//1882
f 1427//9 1436//9 1428//9
f 1428//9 1437//9 1438//9
f 1436//9 1437//9 1428//9
f 1425//1883 1432//1883 1431//1883
f 1425//2247 1423//2247 1432//2247
f 1423//2248 1421//2248 1439//2248
f 1421//2249 1419//2249 1439//2249
f 1438//2250 1420//2250 1428//2250
f 1419//2251 1420//2251 1438//2251
f 1438//2252 1439//2252 1419//2252
f 1439//2253 1432//2253 1423//2253
f 1440//1891 1439//1891 1437//1891
f 1437//1891 1439//1891 1438//1891
f 1433//1892 1432//1892 1440//1892
f 1440//1892 1432//1892 1439//1892
f 1435//137 1441//137 1436//137
f 1436//275 1441//275 1442//275
f 1436//137 1443//137 1437//137
f 1442//44 1443//44 1436//44
f 1441//275 1434//275 1444//275
f 1435//53 1434//53 1441//53
f 1443//144 1445//144 1437//144
f 1445//137 1440//137 1437//137
f 1434//137 1446//137 1444//137
f 1446//57 1433//57 1445//57
f 1445//275 1433//275 1440//275
f 1434//44 1433//44 1446//44
f 1441//2254 1444//2255 1447//2256
f 1447//2257 1444//2258 1448//2259
f 1444//2260 1449//2260 1448//2260
f 1444//2261 1446//2261 1449//2261
f 1449//2262 1445//2263 1450//2263
f 1446//2264 1445//2264 1449//2264
f 1445//2265 1451//2266 1450//2267
f 1445//2268 1443//2269 1451//2270
f 1443//2271 1452//2272 1451//2273
f 1443//2274 1442//2275 1452//2276
f 1442//2277 1447//2277 1452//2277
f 1442//2278 1441//2278 1447//2278
f 1450//1891 1451//1891 1453//1891
f 1453//1891 1451//1891 1454//1891
f 1454//9 1452//9 1455//9
f 1451//9 1452//9 1454//9
f 1455//2279 1447//2279 1456//2279
f 1452//1882 1447//1882 1455//1882
f 1447//1912 1448//1912 1456//1912
f 1456//1881 1448//1881 1457//1881
f 1457//710 1449//710 1458//710
f 1448//710 1449//710 1457//710
f 1458//1892 1450//1892 1453//1892
f 1449//1892 1450//1892 1458//1892
f 1456//2280 1457//2280 1459//2280
f 1457//1914 1458//1914 1459//1914
f 1458//2281 1453//2281 1459//2281
f 1453//2282 1454//2282 1459//2282
f 1454//1917 1455//1917 1459//1917
f 1455//1918 1456//1918 1459//1918
f 1460//1462 727//1462 1461//1462
f 1461//2283 727//2283 1462//2283
f 1462//2284 727//2284 1463//2284
f 1463//2285 727//2285 1464//2285
f 1464//2286 727//2286 1465//2286
f 1465//2287 731//2288 1466//2289
f 1466//2290 731//2290 1467//2290
f 1467//2291 731//2291 1468//2291
f 1468//2292 731//2292 1469//2292
f 1469//1927 731//1927 1470//1927
f 1470//2293 731//2293 1471//2293
f 1471//2294 731//2294 1472//2294
f 1472//2295 731//2295 1473//2295
f 1473//2296 731//2296 1474//2296
f 1474//2297 731//2297 1475//2297
f 1475//2298 731//1932 1476//1933
f 727//2299 731//2300 1465//1484
f 1476//2301 720//2301 1477//2301
f 1477//2302 720//2302 1478//2302
f 1478//2303 720//2303 1479//2303
f 1479//2304 720//2304 1480//2304
f 1480//2305 720//2305 1481//2305
f 1481//2306 720//2306 1482//2306
f 1482//2307 720//2307 1483//2307
f 1483//1942 720//1942 1484//1942
f 1484//2308 720//2308 1485//2308
f 1485//1944 720//1944 1486//1944
f 731//1945 720//1496 1476//2309
f 1486//2310 717//2311 1487//2312
f 1487//2313 717//2313 1488//2313
f 1488//2314 717//2314 1489//2314
f 1489//1949 717//1949 1490//1949
f 1490//2315 717//2315 1491//2315
f 1491//2316 717//2316 1492//2316
f 1492//2317 717//2317 1493//2317
f 1493//2318 717//2318 1494//2318
f 1494//2319 717//2319 1495//2319
f 1495//2320 717//2320 1496//2320
f 1496//2321 717//2322 1497//2323
f 720//2324 717//1514 1486//1515
f 1497//2325 713//2325 1498//2325
f 1498//2326 713//2326 1499//2326
f 717//1518 713//1519 1497//1520
f 1499//2327 713//2327 1500//2327
f 1500//2328 713//2328 1501//2328
f 1501//2329 713//2329 1502//2329
f 1502//2330 713//2330 1503//2330
f 1503//2331 713//2331 1504//2331
f 1504//2332 713//2332 1505//2332
f 1505//2333 713//2333 1506//2333
f 1506//2334 713//2334 1507//2334
f 713//1969 715//2335 1507//2336
f 1507//1532 715//2337 1508//2338
f 1508//2339 715//2339 1509//2339
f 1509//2340 715//2340 1510//2340
f 1510//2341 715//2341 1511//2341
f 1511//2342 715//2342 1512//2342
f 1512//2343 715//2343 1513//2343
f 1513//1540 715//1540 1514//1540
f 1514//1541 715//1541 1515//1541
f 1515//2344 715//2344 1516//2344
f 1516//2345 715//2345 1517//2345
f 1517//2346 715//2347 1518//1986
f 715//2348 719//2349 1518//2350
f 1518//1989 719//1989 1519//1989
f 1519//2351 719//2351 1520//2351
f 1520//1991 719//1991 1521//1991
f 1521//1553 719//1553 1522//1553
f 1522//2352 719//2352 1523//2352
f 1523//2353 719//2353 1524//2353
f 1524//2354 719//2354 1525//2354
f 1525//2355 719//2355 1526//2355
f 1526//2356 719//2356 1527//2356
f 1527//2357 719//2357 1528//2357
f 1528//2358 721//2359 1529//1562
f 1529//2360 721//2360 1530//2360
f 1530//2361 721//2361 1531//2361
f 1531//2362 721//2362 1532//2362
f 1532//2363 721//2363 1533//2363
f 1533//2364 721//2364 1534//2364
f 1534//2365 721//2365 1535//2365
f 1535//2366 721//2366 1536//2366
f 1536//2367 721//2367 1537//2367
f 1537//2368 721//2368 1538//2368
f 1538//2369 721//2370 1539//2371
f 719//2372 721//2373 1528//2374
f 1539//2375 733//2375 1540//2375
f 1540//2376 733//2376 1541//2376
f 1541//2377 733//2377 1542//2377
f 1542//1581 733//1581 1543//1581
f 1543//2378 733//2378 1544//2378
f 1544//2379 733//2379 1545//2379
f 1545//2380 733//2380 1546//2380
f 1546//2381 733//2381 1547//2381
f 1547//1586 733//1586 1548//1586
f 1548//2382 733//2382 1549//2382
f 721//2383 733//1589 1539//1590
f 1549//2384 729//2385 1550//2026
f 1550//2386 729//2386 1551//2386
f 1551//2387 729//2387 1552//2387
f 1552//2388 729//2388 1553//2388
f 1553//2389 729//2389 1554//2389
f 1554//2390 729//2390 1555//2390
f 1555//2391 729//2391 1556//2391
f 1556//2032 729//2032 1557//2032
f 1557//2392 729//2392 1558//2392
f 1558//2393 729//2393 1559//2393
f 1559//2394 729//1604 1560//2395
f 733//1606 729//1607 1549//2396
f 1560//2397 725//2397 1561//2397
f 1561//2398 725//2398 1562//2398
f 729//1611 725//2040 1560//2399
f 1562//2400 725//2400 1563//2400
f 1563//2043 725//2043 1564//2043
f 1564//2401 725//2401 1565//2401
f 1565//2402 725//2402 1566//2402
f 1566//2403 725//2403 1567//2403
f 1567//2404 725//2404 1568//2404
f 1568//2405 725//2405 1569//2405
f 1569//2406 725//2406 1570//2406
f 725//2407 722//2408 1570//2409
f 1570//2410 722//2411 1571//2412
f 1571//2413 722//2413 1572//2413
f 1572//2414 722//2414 1573//2414
f 1573//2415 722//2415 1574//2415
f 1574//2416 722//2416 1575//2416
f 1575//2417 722//2417 1576//2417
f 1576//2418 722//2418 1577//2418
f 1577//2419 722//2419 1578//2419
f 1578//2420 722//2420 1579//2420
f 1579//2421 722//2421 1580//2421
f 1580//2061 722//2422 1581//2423
f 722//2064 727//2065 1581//1642
f 1581//2424 727//2424 1582//2424
f 1582//2425 727//2425 1583//2425
f 1583//1645 727//1645 1584//1645
f 1584//2426 727//2426 1585//2426
f 1585//2070 727//2070 1460//2070
f 1586//142 1475//142 1476//142
f 1587//56 1476//56 1477//56
f 1587//1652 1586//1652 1476//1652
f 1588//367 1474//367 1475//367
f 1588//2076 1475//2076 1586//2076
f 1589//325 1477//325 1478//325
f 1589//53 1587//53 1477//53
f 1590//358 1473//358 1474//358
f 1590//43 1474//43 1588//43
f 1591//2427 1478//2427 1479//2427
f 1591//153 1589//153 1478//153
f 1592//44 1472//44 1473//44
f 1592//105 1473//105 1590//105
f 1593//243 1479//243 1480//243
f 1593//339 1591//339 1479//339
f 1594//1695 1471//1695 1472//1695
f 1594//159 1472//159 1592//159
f 1595//1428 1480//1428 1481//1428
f 1595//81 1593//81 1480//81
f 1596//234 1470//234 1471//234
f 1596//1428 1471//1428 1594//1428
f 1597//176 1481//176 1482//176
f 1597//1426 1595//1426 1481//1426
f 1598//1675 1470//1675 1596//1675
f 1598//206 1469//206 1470//206
f 1599//1681 1597//1681 1482//1681
f 1599//1667 1482//1667 1483//1667
f 1600//55 1468//55 1469//55
f 1600//290 1469//290 1598//290
f 1601//1425 1599//1425 1483//1425
f 1601//334 1483//334 1484//334
f 1602//241 1467//241 1468//241
f 1602//55 1468//55 1600//55
f 1603//43 1601//43 1484//43
f 1603//200 1484//200 1485//200
f 1604//2428 1466//2428 1467//2428
f 1604//1651 1467//1651 1602//1651
f 1605//57 1485//57 1486//57
f 1605//2429 1603//2429 1485//2429
f 1606//347 1465//347 1466//347
f 1606//2430 1466//2430 1604//2430
f 1607//161 1605//161 1486//161
f 1607//55 1486//55 1487//55
f 1608//249 1464//249 1465//249
f 1608//1673 1465//1673 1606//1673
f 1609//200 1487//200 1488//200
f 1609//1681 1607//1681 1487//1681
f 1610//57 1463//57 1464//57
f 1610//62 1464//62 1608//62
f 1611//241 1488//241 1489//241
f 1611//56 1609//56 1488//56
f 1612//244 1462//244 1463//244
f 1612//1427 1463//1427 1610//1427
f 1613//1668 1489//1668 1490//1668
f 1613//2431 1611//2431 1489//2431
f 1614//380 1461//380 1462//380
f 1614//275 1462//275 1612//275
f 1615//162 1490//162 1491//162
f 1615//81 1613//81 1490//81
f 1616//57 1460//57 1461//57
f 1616//218 1461//218 1614//218
f 1617//55 1491//55 1492//55
f 1617//197 1615//197 1491//197
f 1618//161 1585//161 1460//161
f 1618//56 1460//56 1616//56
f 1619//56 1492//56 1493//56
f 1619//1657 1617//1657 1492//1657
f 1620//1654 1584//1654 1585//1654
f 1620//334 1585//334 1618//334
f 1621//55 1493//55 1494//55
f 1621//1651 1619//1651 1493//1651
f 1622//1667 1584//1667 1620//1667
f 1583//339 1584//339 1622//339
f 1623//291 1621//291 1494//291
f 1495//270 1623//270 1494//270
f 1624//218 1583//218 1622//218
f 1582//234 1583//234 1624//234
f 1625//1670 1623//1670 1495//1670
f 1496//2432 1625//2432 1495//2432
f 1626//334 1582//334 1624//334
f 1581//52 1582//52 1626//52
f 1627//2433 1625//2433 1496//2433
f 1497//57 1627//57 1496//57
f 1628//161 1581//161 1626//161
f 1580//1681 1581//1681 1628//1681
f 1629//123 1627//123 1497//123
f 1498//1660 1629//1660 1497//1660
f 1630//1428 1580//1428 1628//1428
f 1579//358 1580//358 1630//358
f 1631//1429 1629//1429 1498//1429
f 1499//1679 1631//1679 1498//1679
f 1632//1671 1579//1671 1630//1671
f 1578//245 1579//245 1632//245
f 1633//1668 1631//1668 1499//1668
f 1500//241 1633//241 1499//241
f 1634//334 1578//334 1632//334
f 1577//176 1578//176 1634//176
f 1635//218 1633//218 1500//218
f 1501//1668 1635//1668 1500//1668
f 1636//2077 1577//2077 1634//2077
f 1576//51 1577//51 1636//51
f 1637//2434 1635//2434 1501//2434
f 1502//327 1637//327 1501//327
f 1638//142 1576//142 1636//142
f 1575//176 1576//176 1638//176
f 1639//144 1637//144 1502//144
f 1503//2077 1639//2077 1502//2077
f 1640//243 1575//243 1638//243
f 1574//241 1575//241 1640//241
f 1641//1668 1639//1668 1503//1668
f 1504//2435 1641//2435 1503//2435
f 1642//142 1574//142 1640//142
f 1573//62 1574//62 1642//62
f 1643//55 1641//55 1504//55
f 1505//142 1643//142 1504//142
f 1644//246 1573//246 1642//246
f 1572//1668 1573//1668 1644//1668
f 1645//245 1643//245 1505//245
f 1506//1650 1645//1650 1505//1650
f 1646//1426 1572//1426 1644//1426
f 1571//2076 1572//2076 1646//2076
f 1647//105 1645//105 1506//105
f 1507//387 1647//387 1506//387
f 1648//137 1571//137 1646//137
f 1649//377 1647//377 1507//377
f 1570//372 1571//372 1648//372
f 1650//2081 1570//2081 1648//2081
f 1508//1427 1649//1427 1507//1427
f 1651//176 1649//176 1508//176
f 1569//218 1570//218 1650//218
f 1652//144 1569//144 1650//144
f 1509//1654 1651//1654 1508//1654
f 1653//1426 1651//1426 1509//1426
f 1568//1654 1569//1654 1652//1654
f 1654//275 1568//275 1652//275
f 1510//55 1653//55 1509//55
f 1655//218 1653//218 1510//218
f 1567//2436 1568//2436 1654//2436
f 1656//327 1567//327 1654//327
f 1511//317 1655//317 1510//317
f 1657//218 1655//218 1511//218
f 1566//241 1567//241 1656//241
f 1658//2437 1566//2437 1656//2437
f 1512//138 1657//138 1511//138
f 1659//225 1657//225 1512//225
f 1565//2438 1566//2438 1658//2438
f 1660//2439 1565//2439 1658//2439
f 1513//56 1659//56 1512//56
f 1661//200 1659//200 1513//200
f 1564//176 1565//176 1660//176
f 1662//200 1564//200 1660//200
f 1514//1649 1661//1649 1513//1649
f 1663//200 1661//200 1514//200
f 1563//153 1564//153 1662//153
f 1664//159 1563//159 1662//159
f 1515//1680 1663//1680 1514//1680
f 1665//160 1663//160 1515//160
f 1562//1654 1563//1654 1664//1654
f 1666//1695 1562//1695 1664//1695
f 1516//1695 1665//1695 1515//1695
f 1667//142 1665//142 1516//142
f 1561//1427 1562//1427 1666//1427
f 1668//1694 1561//1694 1666//1694
f 1517//334 1667//334 1516//334
f 1669//334 1667//334 1517//334
f 1560//246 1561//246 1668//246
f 1670//1657 1560//1657 1668//1657
f 1518//243 1669//243 1517//243
f 1671//1648 1669//1648 1518//1648
f 1559//62 1560//62 1670//62
f 1672//197 1559//197 1670//197
f 1519//44 1671//44 1518//44
f 1673//358 1671//358 1519//358
f 1558//1648 1559//1648 1672//1648
f 1674//142 1558//142 1672//142
f 1520//1662 1673//1662 1519//1662
f 1675//325 1673//325 1520//325
f 1557//2427 1674//2427 1676//2427
f 1557//2440 1558//2440 1674//2440
f 1521//137 1677//137 1675//137
f 1521//218 1675//218 1520//218
f 1556//218 1557//218 1676//218
f 1556//218 1676//218 1678//218
f 1522//123 1677//123 1521//123
f 1522//261 1679//261 1677//261
f 1555//1429 1556//1429 1678//1429
f 1555//245 1678//245 1680//245
f 1523//336 1679//336 1522//336
f 1523//275 1681//275 1679//275
f 1554//55 1680//55 1682//55
f 1554//1681 1555//1681 1680//1681
f 1524//176 1681//176 1523//176
f 1524//142 1683//142 1681//142
f 1553//1650 1682//1650 1684//1650
f 1553//2441 1554//2441 1682//2441
f 1525//268 1683//268 1524//268
f 1525//43 1685//43 1683//43
f 1552//358 1684//358 1686//358
f 1552//1682 1553//1682 1684//1682
f 1526//142 1685//142 1525//142
f 1526//1692 1687//1692 1685//1692
f 1551//267 1686//267 1688//267
f 1551//1659 1552//1659 1686//1659
f 1527//383 1689//383 1687//383
f 1527//51 1687//51 1526//51
f 1550//1691 1688//1691 1690//1691
f 1550//57 1551//57 1688//57
f 1528//1429 1691//1429 1689//1429
f 1528//160 1689//160 1527//160
f 1549//1663 1690//1663 1692//1663
f 1549//1426 1550//1426 1690//1426
f 1529//44 1693//44 1691//44
f 1529//55 1691//55 1528//55
f 1548//1425 1692//1425 1694//1425
f 1548//334 1549//334 1692//334
f 1530//222 1695//222 1693//222
f 1530//159 1693//159 1529//159
f 1547//334 1694//334 1696//334
f 1547//59 1548//59 1694//59
f 1531//146 1697//146 1695//146
f 1531//2433 1695//2433 1530//2433
f 1546//377 1696//377 1698//377
f 1546//1675 1547//1675 1696//1675
f 1532//218 1699//218 1697//218
f 1532//161 1697//161 1531//161
f 1545//1668 1546//1668 1698//1668
f 1545//1669 1698//1669 1700//1669
f 1533//243 1701//243 1699//243
f 1533//2442 1699//2442 1532//2442
f 1544//2443 1545//2443 1700//2443
f 1544//1652 1700//1652 1702//1652
f 1534//122 1701//122 1533//122
f 1534//1659 1703//1659 1701//1659
f 1543//144 1544//144 1702//144
f 1543//161 1702//161 1704//161
f 1535//1657 1703//1657 1534//1657
f 1535//2444 1705//2444 1703//2444
f 1542//1675 1543//1675 1704//1675
f 1542//1648 1704//1648 1706//1648
f 1536//2075 1705//2075 1535//2075
f 1536//1427 1707//1427 1705//1427
f 1541//44 1542//44 1706//44
f 1541//291 1706//291 1708//291
f 1537//159 1707//159 1536//159
f 1537//1429 1709//1429 1707//1429
f 1540//212 1708//212 1710//212
f 1540//1680 1541//1680 1708//1680
f 1538//218 1711//218 1709//218
f 1538//334 1709//334 1537//334
f 1539//2427 1710//2427 1711//2427
f 1539//291 1540//291 1710//291
f 1539//1682 1711//1682 1538//1682
f 1615//2086 1617//2086 1712//2086
f 1613//2087 1615//2087 1712//2087
f 1611//2445 1613//2445 1712//2445
f 1609//2446 1611//2446 1712//2446
f 1607//2447 1609//2447 1712//2447
f 1605//2091 1712//1702 1713//2448
f 1605//2449 1607//2449 1712//2449
f 1603//2450 1605//2451 1713//2452
f 1601//2097 1603//2097 1713//2097
f 1599//2098 1601//2098 1713//2098
f 1597//2453 1599//2453 1713//2453
f 1595//2454 1597//2454 1713//2454
f 1593//2101 1595//2101 1713//2101
f 1591//1713 1593//1713 1713//1713
f 1589//2455 1591//2455 1713//2455
f 1587//2456 1589//2456 1713//2456
f 1586//2457 1587//2457 1713//2457
f 1588//2458 1586//2458 1713//2458
f 1590//2459 1588//2459 1713//2459
f 1592//2107 1713//2107 1714//2107
f 1592//2460 1590//2460 1713//2460
f 1594//2461 1592//2461 1714//2461
f 1596//2462 1594//2462 1714//2462
f 1598//2111 1596//2111 1714//2111
f 1600//2463 1598//2463 1714//2463
f 1602//1725 1600//1725 1714//1725
f 1604//1726 1602//1726 1714//1726
f 1606//2464 1604//2464 1714//2464
f 1608//1728 1606//1728 1714//1728
f 1610//2465 1608//2465 1714//2465
f 1612//2116 1610//2116 1714//2116
f 1614//2117 1612//2117 1714//2117
f 1616//2466 1614//2466 1714//2466
f 1618//1733 1714//1733 1715//1733
f 1618//2467 1616//2467 1714//2467
f 1620//2468 1618//2468 1715//2468
f 1622//2469 1620//2469 1715//2469
f 1624//2470 1622//2470 1715//2470
f 1626//1738 1624//1738 1715//1738
f 1628//2471 1626//2471 1715//2471
f 1630//2472 1628//2472 1715//2472
f 1632//2473 1630//2473 1715//2473
f 1634//2474 1632//2474 1715//2474
f 1636//2475 1634//2475 1715//2475
f 1638//2476 1636//2476 1715//2476
f 1640//1745 1638//1745 1715//1745
f 1642//2132 1715//2132 1716//2132
f 1642//2477 1640//2477 1715//2477
f 1644//1748 1642//1748 1716//1748
f 1646//2135 1644//2135 1716//2135
f 1648//2478 1646//2478 1716//2478
f 1650//2479 1648//2479 1716//2479
f 1652//1752 1650//1752 1716//1752
f 1654//2480 1652//2480 1716//2480
f 1656//2481 1654//2481 1716//2481
f 1658//2482 1656//2482 1716//2482
f 1660//2483 1658//2483 1716//2483
f 1662//2484 1660//2484 1716//2484
f 1664//2485 1662//2485 1716//2485
f 1666//2486 1664//2486 1716//2486
f 1668//2487 1716//2488 1717//1762
f 1668//2489 1666//2490 1716//2491
f 1670//2492 1668//2492 1717//2492
f 1672//2493 1670//2493 1717//2493
f 1674//2494 1672//2494 1717//2494
f 1676//1769 1674//1769 1717//1769
f 1678//2495 1676//2495 1717//2495
f 1680//1771 1678//1771 1717//1771
f 1682//1772 1680//1772 1717//1772
f 1684//2496 1682//2496 1717//2496
f 1686//2497 1684//2497 1717//2497
f 1688//2498 1686//2498 1717//2498
f 1690//2499 1688//2499 1717//2499
f 1692//2500 1717//1778 1718//2501
f 1692//2502 1690//2502 1717//2502
f 1694//2503 1692//2504 1718//2505
f 1696//2506 1694//2506 1718//2506
f 1698//2507 1696//2507 1718//2507
f 1700//2508 1698//2508 1718//2508
f 1702//2509 1700//2509 1718//2509
f 1704//2510 1702//2510 1718//2510
f 1706//2511 1704//2511 1718//2511
f 1708//2512 1706//2512 1718//2512
f 1710//2513 1708//2513 1718//2513
f 1711//1792 1710//1792 1718//1792
f 1709//2514 1711//2514 1718//2514
f 1707//2515 1709//2515 1718//2515
f 1705//2171 1718//2171 1719//2171
f 1705//2516 1707//2516 1718//2516
f 1703//2517 1705//2517 1719//2517
f 1701//2518 1703//2518 1719//2518
f 1699//2519 1701//2519 1719//2519
f 1697//2520 1699//2520 1719//2520
f 1695//2521 1697//2521 1719//2521
f 1693//2522 1695//2522 1719//2522
f 1691//2523 1693//2523 1719//2523
f 1689//2524 1691//2524 1719//2524
f 1687//1805 1689//1805 1719//1805
f 1685//2525 1687//2525 1719//2525
f 1683//2526 1685//2526 1719//2526
f 1681//2527 1683//2527 1719//2527
f 1679//2183 1719//2183 1720//2183
f 1679//2528 1681//2528 1719//2528
f 1677//2529 1679//2529 1720//2529
f 1675//2530 1677//2530 1720//2530
f 1673//2189 1675//2189 1720//2189
f 1671//1814 1673//1814 1720//1814
f 1669//2531 1671//2531 1720//2531
f 1667//2192 1669//2192 1720//2192
f 1665//2532 1667//2532 1720//2532
f 1663//2533 1665//2533 1720//2533
f 1661//2534 1663//2534 1720//2534
f 1659//2535 1661//2535 1720//2535
f 1657//2536 1659//2536 1720//2536
f 1655//1822 1720//1822 1721//1822
f 1655//2196 1657//2196 1720//2196
f 1653//2537 1655//2537 1721//2537
f 1651//2538 1653//2538 1721//2538
f 1649//2539 1651//2539 1721//2539
f 1647//2540 1649//2540 1721//2540
f 1645//2541 1647//2541 1721//2541
f 1643//2202 1645//2202 1721//2202
f 1641//2542 1643//2542 1721//2542
f 1639//2204 1641//2204 1721//2204
f 1637//2543 1639//2543 1721//2543
f 1635//2544 1637//2544 1721//2544
f 1633//2545 1635//2545 1721//2545
f 1631//2546 1633//2546 1721//2546
f 1629//2209 1721//1837 1712//1838
f 1629//1839 1631//2547 1721//2548
f 1627//2549 1629//2549 1712//2549
f 1625//2550 1627//2550 1712//2550
f 1623//2551 1625//2551 1712//2551
f 1621//2552 1623//2552 1712//2552
f 1619//2553 1621//2553 1712//2553
f 1617//2219 1619//2219 1712//2219
f 1718//1848 1717//1848 1722//1848
f 1718//2554 1722//2554 1723//2554
f 1719//2555 1723//2555 1724//2555
f 1719//2556 1718//2556 1723//2556
f 1720//1852 1724//1852 1725//1852
f 1720//1853 1719//1853 1724//1853
f 1726//2557 1720//2557 1725//2557
f 1721//2558 1720//2558 1726//2558
f 1712//2228 1726//2228 1727//2228
f 1712//2559 1721//2559 1726//2559
f 1713//1858 1712//1858 1727//1858
f 1713//1858 1727//1858 1728//1858
f 1714//1860 1728//1860 1729//1860
f 1714//1860 1713//1860 1728//1860
f 1715//1867 1729//1867 1730//1867
f 1715//2560 1714//2560 1729//2560
f 1716//2561 1730//2561 1731//2561
f 1716//2562 1715//2562 1730//2562
f 1717//2236 1731//2236 1722//2236
f 1717//2563 1716//2563 1731//2563
f 1732//43 1724//43 1723//43
f 1733//43 1723//43 1722//43
f 1733//81 1732//81 1723//81
f 1734//43 1724//43 1732//43
f 1725//137 1724//137 1734//137
f 1731//43 1733//43 1722//43
f 1735//43 1725//43 1734//43
f 1736//44 1733//44 1731//44
f 1726//144 1725//144 1735//144
f 1730//57 1736//57 1731//57
f 1737//57 1736//57 1730//57
f 1738//43 1726//43 1735//43
f 1727//43 1726//43 1738//43
f 1729//43 1739//43 1737//43
f 1729//81 1737//81 1730//81
f 1728//44 1738//44 1739//44
f 1728//44 1739//44 1729//44
f 1728//43 1727//43 1738//43
f 1733//2564 1740//2564 1741//2564
f 1733//2565 1736//2565 1740//2565
f 1736//2566 1737//2566 1742//2566
f 1737//2567 1739//2567 1742//2567
f 1743//1877 1738//1877 1744//1877
f 1739//2568 1738//2568 1743//2568
f 1742//2569 1740//2569 1736//2569
f 1743//2570 1742//2570 1739//2570
f 1745//710 1746//710 1744//710
f 1744//710 1747//710 1743//710
f 1746//710 1747//710 1744//710
f 1743//1881 1747//1881 1742//1881
f 1742//2571 1747//2571 1748//2571
f 1742//1882 1748//1882 1740//1882
f 1740//1882 1748//1882 1749//1882
f 1740//9 1749//9 1741//9
f 1741//9 1750//9 1751//9
f 1749//9 1750//9 1741//9
f 1738//2572 1745//2572 1744//2572
f 1738//2573 1735//2573 1745//2573
f 1735//2574 1734//2574 1752//2574
f 1734//2575 1732//2575 1752//2575
f 1751//1887 1733//1887 1741//1887
f 1732//2576 1733//2576 1751//2576
f 1751//1889 1752//1889 1732//1889
f 1752//2577 1745//2577 1735//2577
f 1753//2578 1752//2578 1750//2578
f 1750//1891 1752//1891 1751//1891
f 1746//1892 1745//1892 1753//1892
f 1753//1892 1745//1892 1752//1892
f 1748//144 1754//144 1749//144
f 1749//218 1754//218 1755//218
f 1749//43 1756//43 1750//43
f 1755//245 1756//245 1749//245
f 1754//44 1747//44 1757//44
f 1748//57 1747//57 1754//57
f 1756//57 1758//57 1750//57
f 1758//44 1753//44 1750//44
f 1747//43 1759//43 1757//43
f 1759//43 1746//43 1758//43
f 1747//44 1746//44 1759//44
f 1758//144 1746//144 1753//144
f 1754//2579 1760//2580 1761//2580
f 1754//1894 1757//1894 1760//1894
f 1757//2581 1762//2581 1760//2581
f 1757//2582 1759//2582 1762//2582
f 1762//1900 1758//1900 1763//1900
f 1759//2583 1758//2583 1762//2583
f 1758//1902 1764//2584 1763//2585
f 1758//2586 1756//2587 1764//2587
f 1756//2588 1765//1908 1764//1908
f 1756//2589 1755//2589 1765//2589
f 1755//2590 1761//2590 1765//2590
f 1755//2591 1754//2591 1761//2591
f 1763//1891 1764//1891 1766//1891
f 1766//1891 1764//1891 1767//1891
f 1767//9 1765//9 1768//9
f 1764//9 1765//9 1767//9
f 1768//1882 1761//1882 1769//1882
f 1765//1882 1761//1882 1768//1882
f 1761//1881 1760//1881 1769//1881
f 1769//1881 1760//1881 1770//1881
f 1770//710 1762//710 1771//710
f 1760//710 1762//710 1770//710
f 1771//1892 1763//1892 1766//1892
f 1762//1892 1763//1892 1771//1892
f 1769//1913 1770//1913 1772//1913
f 1770//2592 1771//2592 1772//2592
f 1771//2593 1766//2593 1772//2593
f 1766//1916 1767//1916 1772//1916
f 1767//2594 1768//2594 1772//2594
f 1768//1918 1769//1918 1772//1918
f 1773//1919 766//1919 1774//1919
f 1774//2595 766//2595 1775//2595
f 1775//2284 766//2284 1776//2284
f 1776//1465 766//1465 1777//1465
f 1777//2596 766//2596 1778//2596
f 1778//2287 761//2597 1779//1469
f 1779//2598 761//2598 1780//2598
f 1780//2599 761//2599 1781//2599
f 1781//2600 761//2600 1782//2600
f 1782//2601 761//2601 1783//2601
f 1783//2602 761//2602 1784//2602
f 1784//2603 761//2603 1785//2603
f 1785//2604 761//2604 1786//2604
f 1786//2296 761//2296 1787//2296
f 1787//2297 761//2297 1788//2297
f 1788//2605 761//2606 1789//1481
f 766//2299 761//2300 1778//1484
f 1789//2607 750//2607 1790//2607
f 1790//2608 750//2608 1791//2608
f 1791//2609 750//2609 1792//2609
f 1792//2610 750//2610 1793//2610
f 1793//2611 750//2611 1794//2611
f 1794//2612 750//2612 1795//2612
f 1795//2613 750//2613 1796//2613
f 1796//2614 750//2614 1797//2614
f 1797//2615 750//2615 1798//2615
f 1798//2616 750//2616 1799//2616
f 761//1495 750//1496 1789//1497
f 1799//1498 744//2617 1800//2618
f 1800//2619 744//2619 1801//2619
f 1801//2620 744//2620 1802//2620
f 1802//1949 744//1949 1803//1949
f 1803//2621 744//2621 1804//2621
f 1804//1505 744//1505 1805//1505
f 1805//2622 744//2622 1806//2622
f 1806//2318 744//2318 1807//2318
f 1807//2319 744//2319 1808//2319
f 1808//2623 744//2623 1809//2623
f 1809//2624 744//1511 1810//1512
f 750//2324 744//2625 1799//1515
f 1810//2325 741//2325 1811//2325
f 1811//2326 741//2326 1812//2326
f 744//1518 741//1519 1810//2626
f 1812//2627 741//2627 1813//2627
f 1813//2628 741//2628 1814//2628
f 1814//2629 741//2629 1815//2629
f 1815//2630 741//2630 1816//2630
f 1816//2631 741//2631 1817//2631
f 1817//2632 741//2632 1818//2632
f 1818//2633 741//2633 1819//2633
f 1819//2634 741//2634 1820//2634
f 741//1969 736//1530 1820//2635
f 1820//1532 736//2636 1821//2338
f 1821//2637 736//2637 1822//2637
f 1822//2638 736//2638 1823//2638
f 1823//2341 736//2341 1824//2341
f 1824//2639 736//2639 1825//2639
f 1825//2640 736//2640 1826//2640
f 1826//2641 736//2641 1827//2641
f 1827//2642 736//2642 1828//2642
f 1828//2643 736//2643 1829//2643
f 1829//2644 736//2644 1830//2644
f 1830//2645 736//2646 1831//2647
f 736//2648 747//1548 1831//2649
f 1831//2650 747//2650 1832//2650
f 1832//2651 747//2651 1833//2651
f 1833//2652 747//2652 1834//2652
f 1834//2653 747//2653 1835//2653
f 1835//2654 747//2654 1836//2654
f 1836//2655 747//2655 1837//2655
f 1837//2656 747//2656 1838//2656
f 1838//2657 747//2657 1839//2657
f 1839//2658 747//2658 1840//2658
f 1840//1998 747//1998 1841//1998
f 1841//2659 754//2660 1842//2661
f 1842//2360 754//2360 1843//2360
f 1843//2662 754//2662 1844//2662
f 1844//2663 754//2663 1845//2663
f 1845//2664 754//2664 1846//2664
f 1846//2665 754//2665 1847//2665
f 1847//2006 754//2006 1848//2006
f 1848//2007 754//2007 1849//2007
f 1849//2666 754//2666 1850//2666
f 1850//2667 754//2667 1851//2667
f 1851//2668 754//2669 1852//2371
f 747//2372 754//1576 1841//2670
f 1852//1578 764//1578 1853//1578
f 1853//2671 764//2671 1854//2671
f 1854//2672 764//2672 1855//2672
f 1855//1581 764//1581 1856//1581
f 1856//2378 764//2378 1857//2378
f 1857//2020 764//2020 1858//2020
f 1858//2673 764//2673 1859//2673
f 1859//2381 764//2381 1860//2381
f 1860//2674 764//2674 1861//2674
f 1861//2675 764//2675 1862//2675
f 754//2383 764//1589 1852//2025
f 1862//2676 772//2677 1863//2678
f 1863//2386 772//2386 1864//2386
f 1864//2679 772//2679 1865//2679
f 1865//2029 772//2029 1866//2029
f 1866//2680 772//2680 1867//2680
f 1867//866 772//866 1868//866
f 1868//2681 772//2681 1869//2681
f 1869//2032 772//2032 1870//2032
f 1870//2392 772//2392 1871//2392
f 1871//2682 772//2682 1872//2682
f 1872//2683 772//2684 1873//2395
f 764//1606 772//2685 1862//2686
f 1873//2687 780//2687 1874//2687
f 1874//2398 780//2398 1875//2398
f 772//1611 780//2040 1873//2688
f 1875//2689 780//2689 1876//2689
f 1876//2690 780//2690 1877//2690
f 1877//2691 780//2691 1878//2691
f 1878//2692 780//2692 1879//2692
f 1879//2693 780//2693 1880//2693
f 1880//2694 780//2694 1881//2694
f 1881//2695 780//2695 1882//2695
f 1882//2696 780//2696 1883//2696
f 780//1622 776//2049 1883//2050
f 1883//2051 776//2697 1884//2698
f 1884//2699 776//2699 1885//2699
f 1885//1629 776//1629 1886//1629
f 1886//2700 776//2700 1887//2700
f 1887//1631 776//1631 1888//1631
f 1888//2701 776//2701 1889//2701
f 1889//2702 776//2702 1890//2702
f 1890//2703 776//2703 1891//2703
f 1891//2704 776//2704 1892//2704
f 1892//2421 776//2421 1893//2421
f 1893//2705 776//2706 1894//2707
f 776//2708 766//2065 1894//2709
f 1894//1643 766//1643 1895//1643
f 1895//2710 766//2710 1896//2710
f 1896//2711 766//2711 1897//2711
f 1897//2712 766//2712 1898//2712
f 1898//2713 766//2713 1773//2713
f 1899//2439 1789//2439 1790//2439
f 1900//379 1787//379 1788//379
f 1900//358 1788//358 1789//358
f 1900//200 1789//200 1899//200
f 1901//218 1899//218 1790//218
f 1902//218 1786//218 1787//218
f 1902//1428 1787//1428 1900//1428
f 1903//241 1790//241 1791//241
f 1903//373 1791//373 1792//373
f 1903//1648 1901//1648 1790//1648
f 1904//62 1785//62 1786//62
f 1904//2714 1786//2714 1902//2714
f 1905//2084 1792//2084 1793//2084
f 1905//1427 1903//1427 1792//1427
f 1906//1689 1784//1429 1785//1429
f 1906//222 1785//2715 1904//2715
f 1907//1657 1793//1657 1794//1657
f 1907//146 1905//146 1793//146
f 1908//82 1783//222 1784//82
f 1908//347 1784//347 1906//1667
f 1909//1655 1794//1655 1795//1655
f 1909//1430 1907//1430 1794//1430
f 1910//1427 1782//2074 1783//1425
f 1910//246 1783//2716 1908//153
f 1911//153 1795//245 1796//245
f 1911//2717 1909//261 1795//261
f 1912//218 1782//218 1910//247
f 1912//1671 1781//1671 1782//1671
f 1913//2071 1911//2718 1796//2719
f 1913//153 1796//153 1797//153
f 1914//113 1781//113 1912//113
f 1914//245 1780//245 1781//245
f 1915//1429 1913//2434 1797//1675
f 1915//1657 1797//243 1798//1657
f 1916//81 1779//81 1780//81
f 1916//1428 1780//1428 1914//1428
f 1917//44 1915//44 1798//44
f 1917//44 1798//44 1799//44
f 1918//1649 1779//1649 1916//1649
f 1918//44 1778//44 1779//44
f 1919//144 1917//144 1799//144
f 1920//62 1777//2720 1778//62
f 1920//44 1778//44 1918//44
f 1921//2721 1799//2721 1800//2721
f 1921//2720 1919//2720 1799//2720
f 1801//1676 1921//1676 1800//1676
f 1922//1658 1777//43 1920//1658
f 1776//1429 1777//1676 1922//1429
f 1923//144 1921//144 1801//144
f 1924//234 1776//234 1922//234
f 1925//62 1801//62 1802//62
f 1925//377 1923//1429 1801//1429
f 1803//218 1925//1430 1802//218
f 1926//1427 1775//1427 1776//1427
f 1926//55 1776//55 1924//55
f 1774//268 1775//268 1926//268
f 1927//130 1925//2722 1803//130
f 1928//1682 1774//1682 1926//1682
f 1773//1655 1774//1655 1928//1655
f 1929//1650 1803//1650 1804//1650
f 1929//317 1927//317 1803//317
f 1805//1649 1929//1649 1804//1649
f 1930//1659 1773//1659 1928//1659
f 1898//1429 1773//1429 1930//1429
f 1931//1657 1929//1657 1805//1657
f 1932//1659 1898//1659 1930//1659
f 1933//150 1805//150 1806//150
f 1933//2079 1931//2079 1805//2079
f 1807//123 1933//123 1806//123
f 1934//2079 1897//2079 1898//2079
f 1934//275 1898//275 1932//275
f 1935//1659 1933//1659 1807//1659
f 1896//2723 1897//1653 1934//1653
f 1936//2077 1896//53 1934//2077
f 1808//2724 1935//347 1807//347
f 1937//246 1935//246 1808//2725
f 1895//56 1896//56 1936//56
f 1938//1657 1895//1657 1936//1657
f 1809//2726 1937//2726 1808//339
f 1939//315 1937//315 1809//315
f 1894//347 1895//347 1938//347
f 1940//144 1894//144 1938//144
f 1810//1427 1939//1427 1809//1427
f 1941//1429 1939//1429 1810//1429
f 1893//1428 1894//1428 1940//1428
f 1942//1648 1893//1648 1940//1648
f 1943//57 1941//57 1810//57
f 1943//55 1810//55 1811//55
f 1944//334 1893//334 1942//334
f 1944//317 1892//317 1893//317
f 1812//123 1943//123 1811//123
f 1945//314 1943//314 1812//314
f 1891//1428 1892//1428 1944//1428
f 1946//261 1891//261 1944//261
f 1947//244 1945//244 1812//244
f 1947//1429 1812//1429 1813//1429
f 1890//56 1891//56 1946//56
f 1948//347 1890//347 1946//347
f 1814//2726 1947//2726 1813//2726
f 1949//1430 1947//1430 1814//1430
f 1950//241 1889//241 1890//241
f 1950//2439 1890//2439 1948//2439
f 1815//2727 1949//55 1814//55
f 1951//1659 1949//1659 1815//2079
f 1888//239 1889//239 1950//239
f 1952//153 1888//153 1950//153
f 1816//2728 1951//2728 1815//382
f 1953//241 1951//241 1816//241
f 1954//1687 1887//1687 1888//1687
f 1954//1429 1888//1429 1952//1429
f 1955//327 1816//327 1817//327
f 1955//144 1953//144 1816//144
f 1956//291 1886//291 1887//291
f 1956//1667 1887//1667 1954//1667
f 1957//1429 1817//1429 1818//1429
f 1957//101 1955//101 1817//101
f 1885//55 1886//55 1956//55
f 1958//53 1885//53 1956//53
f 1959//1654 1818//1654 1819//1654
f 1959//2427 1957//2427 1818//2427
f 1884//317 1885//317 1958//317
f 1960//358 1884//358 1958//358
f 1961//1655 1819//1655 1820//1655
f 1961//1657 1959//1657 1819//1657
f 1962//275 1884//275 1960//275
f 1883//1662 1884//1662 1962//1662
f 1963//358 1961//59 1820//59
f 1821//244 1963//2729 1820//244
f 1882//1655 1883//1655 1962//1655
f 1882//243 1962//243 1964//243
f 1822//2730 1965//2730 1963//164
f 1822//2731 1963//53 1821//2732
f 1881//53 1882//53 1964//53
f 1881//44 1964//44 1966//44
f 1967//302 1965//2440 1822//2440
f 1823//218 1967//234 1822//1654
f 1880//1668 1881//1668 1966//1668
f 1880//270 1966//270 1968//270
f 1969//44 1967//373 1823//44
f 1824//291 1969//291 1823//2733
f 1970//1430 1880//1430 1968//1430
f 1879//1657 1880//1657 1970//1657
f 1971//44 1969//44 1824//44
f 1825//334 1971//334 1824//334
f 1972//372 1879//372 1970//372
f 1878//245 1879//245 1972//245
f 1973//245 1971//245 1825//245
f 1826//387 1973//387 1825//387
f 1877//218 1972//218 1974//218
f 1877//57 1878//57 1972//57
f 1827//53 1973//53 1826//53
f 1827//241 1975//241 1973//241
f 1976//153 1877//55 1974//55
f 1876//130 1877//130 1976//358
f 1828//243 1975//243 1827//243
f 1828//176 1977//176 1975//176
f 1875//263 1976//260 1978//263
f 1875//241 1876//241 1976//290
f 1979//377 1977//377 1828//377
f 1829//1427 1979//1427 1828//1427
f 1980//53 1875//53 1978//53
f 1874//55 1875//55 1980//55
f 1830//160 1979//160 1829//160
f 1830//144 1981//144 1979//144
f 1873//1653 1980//1653 1982//1653
f 1873//52 1874//52 1980//52
f 1983//43 1981//43 1830//43
f 1831//2427 1983//2427 1830//2427
f 1872//244 1982//244 1984//244
f 1872//89 1873//89 1982//89
f 1832//245 1983//245 1831//245
f 1832//178 1985//178 1983//178
f 1986//1693 1872//1693 1984//1693
f 1871//197 1872//197 1986//197
f 1833//1659 1987//1659 1985//1659
f 1833//223 1985//223 1832//223
f 1988//44 1987//44 1833//44
f 1870//241 1871//241 1986//241
f 1870//1648 1986//1648 1989//1648
f 1990//246 1870//239 1989//239
f 1834//261 1988//261 1833//261
f 1991//1650 1988//1650 1834//1650
f 1869//259 1870//259 1990//1648
f 1835//1426 1991//1426 1834//1426
f 1868//1688 1869//1688 1990//275
f 1868//2734 1990//278 1992//234
f 1836//241 1991//241 1835//241
f 1836//317 1993//317 1991//317
f 1994//56 1993//56 1836//56
f 1867//1429 1868//1429 1992//2084
f 1867//1430 1992//1425 1995//1430
f 1996//1427 1867//1427 1995//1427
f 1837//243 1994//243 1836//243
f 1997//370 1994//370 1837//370
f 1866//246 1867//246 1996//246
f 1838//1676 1997//1676 1837//1676
f 1998//261 1997//261 1838//261
f 1865//2437 1866//2437 1996//2437
f 1865//55 1996//55 1999//55
f 2000//57 1865//57 1999//57
f 1839//243 1998//243 1838//243
f 2001//262 1998//262 1839//262
f 1864//1662 1865//1662 2000//1662
f 2002//1667 1864//1667 2000//1667
f 1840//197 2001//197 1839//197
f 1863//55 1864//55 2002//55
f 1863//55 2002//55 2003//55
f 1841//244 2001//244 1840//244
f 1841//377 2004//377 2005//377
f 1841//1427 2005//1427 2001//1427
f 1862//1425 2003//1425 2006//1425
f 1862//200 1863//200 2003//200
f 1842//2433 2004//2433 1841//2433
f 1861//197 1862//197 2006//197
f 1843//1655 2007//1655 2008//1655
f 1843//317 2004//317 1842//317
f 1843//1650 2008//1650 2004//1650
f 1860//218 2006//218 2009//218
f 1860//1658 2009//1658 2010//1658
f 1860//317 1861//317 2006//317
f 1844//275 2007//275 1843//275
f 1859//218 1860//218 2010//218
f 1845//90 2007//90 1844//90
f 1845//1429 2011//1429 2007//1429
f 1858//2074 1859//2074 2010//2074
f 1858//113 2010//113 2012//113
f 1846//1679 2011//1679 1845//1679
f 1846//1427 2013//1427 2011//1427
f 1857//218 1858//218 2012//218
f 1857//206 2012//206 2014//206
f 1857//176 2014//176 2015//176
f 1847//43 2013//43 1846//43
f 1847//44 2016//44 2013//44
f 1856//268 1857//268 2015//268
f 1848//334 2016//334 1847//334
f 1848//1682 2017//1682 2018//1682
f 1848//123 2018//123 2016//123
f 1855//262 1856//262 2015//262
f 1855//197 2015//197 2019//197
f 1855//101 2019//101 2020//101
f 1849//218 2017//218 1848//218
f 1854//288 1855//288 2020//288
f 1850//1655 2017//1655 1849//1655
f 1850//388 2021//388 2022//388
f 1850//1651 2022//1651 2017//1651
f 1853//2735 2020//2735 2023//2735
f 1853//125 2023//125 2024//125
f 1853//380 1854//380 2020//380
f 1851//2736 2021//2736 1850//2736
f 1852//1695 1853//1695 2024//1695
f 1852//56 2021//56 1851//56
f 1852//2081 2024//2081 2021//2081
f 1991//2737 1993//2737 2025//2737
f 1988//2738 1991//2738 2025//2738
f 1987//2739 1988//2739 2025//2739
f 1985//2740 1987//2740 2025//2740
f 1983//2741 1985//2741 2025//2741
f 1981//2742 2025//2743 2026//2744
f 1981//2745 1983//2745 2025//2745
f 1979//2746 1981//2747 2026//2748
f 1977//2749 1979//2749 2026//2749
f 1975//2750 1977//2750 2026//2750
f 1973//2751 1975//2751 2026//2751
f 1971//2752 1973//2752 2026//2752
f 1969//2753 1971//2753 2026//2753
f 1967//2754 1969//2754 2026//2754
f 1965//2755 1967//2755 2026//2755
f 1963//2756 1965//2756 2026//2756
f 1961//2757 1963//2757 2026//2757
f 1959//2758 1961//2758 2026//2758
f 1957//2759 1959//2759 2026//2759
f 1955//2760 2026//2760 2027//2760
f 1955//2761 1957//2761 2026//2761
f 1953//2762 1955//2762 2027//2762
f 1951//2763 1953//2763 2027//2763
f 1949//2764 1951//2764 2027//2764
f 1947//2765 1949//2765 2027//2765
f 1945//2766 1947//2766 2027//2766
f 1943//2767 1945//2767 2027//2767
f 1941//2768 1943//2768 2027//2768
f 1939//2769 1941//2769 2027//2769
f 1937//2770 1939//2770 2027//2770
f 1935//2771 1937//2771 2027//2771
f 1933//2772 1935//2772 2027//2772
f 1931//2773 1933//2773 2027//2773
f 1929//2774 2027//2774 2028//2774
f 1929//2775 1931//2775 2027//2775
f 1927//2776 1929//2776 2028//2776
f 1925//2777 1927//2777 2028//2777
f 1923//2778 1925//2778 2028//2778
f 1921//2779 1923//2779 2028//2779
f 1919//2780 1921//2780 2028//2780
f 1917//2781 1919//2781 2028//2781
f 1915//2782 1917//2782 2028//2782
f 1913//2783 1915//2783 2028//2783
f 1911//2784 1913//2784 2028//2784
f 1909//2785 1911//2785 2028//2785
f 1907//2786 1909//2786 2028//2786
f 1905//2787 2028//2787 2029//2787
f 1905//2788 1907//2788 2028//2788
f 1903//2789 1905//2789 2029//2789
f 1901//2790 1903//2790 2029//2790
f 1899//2791 1901//2791 2029//2791
f 1900//2792 1899//2792 2029//2792
f 1902//2793 1900//2793 2029//2793
f 1904//2794 1902//2794 2029//2794
f 1906//2795 1904//2795 2029//2795
f 1908//2796 1906//2796 2029//2796
f 1910//2797 1908//2797 2029//2797
f 1912//2798 1910//2798 2029//2798
f 1914//2799 1912//2799 2029//2799
f 1916//2800 1914//2800 2029//2800
f 1918//2801 2029//2802 2030//2803
f 1918//2804 1916//2805 2029//2806
f 1920//2807 1918//2807 2030//2807
f 1922//2808 1920//2808 2030//2808
f 1924//2809 1922//2809 2030//2809
f 1926//2810 1924//2810 2030//2810
f 1928//2811 1926//2811 2030//2811
f 1930//2812 1928//2812 2030//2812
f 1932//2813 1930//2813 2030//2813
f 1934//2814 1932//2814 2030//2814
f 1936//2815 1934//2815 2030//2815
f 1938//2816 1936//2816 2030//2816
f 1940//2817 1938//2817 2030//2817
f 1942//2818 2030//2819 2031//2820
f 1942//2821 1940//2821 2030//2821
f 1944//2822 1942//2823 2031//2824
f 1946//2825 1944//2825 2031//2825
f 1948//2826 1946//2826 2031//2826
f 1950//2827 1948//2827 2031//2827
f 1952//2828 1950//2828 2031//2828
f 1954//2829 1952//2829 2031//2829
f 1956//2830 1954//2830 2031//2830
f 1958//2831 1956//2831 2031//2831
f 1960//2832 1958//2832 2031//2832
f 1962//2833 1960//2833 2031//2833
f 1964//2834 1962//2834 2031//2834
f 1966//2835 1964//2835 2031//2835
f 1968//2836 2031//2836 2032//2836
f 1968//2837 1966//2837 2031//2837
f 1970//2838 1968//2838 2032//2838
f 1972//2839 1970//2839 2032//2839
f 1974//2840 1972//2840 2032//2840
f 1976//2841 1974//2841 2032//2841
f 1978//2842 1976//2842 2032//2842
f 1980//2843 1978//2843 2032//2843
f 1982//2844 1980//2844 2032//2844
f 1984//2845 1982//2845 2032//2845
f 1986//2846 1984//2846 2032//2846
f 1989//2847 1986//2847 2032//2847
f 1990//2848 1989//2848 2032//2848
f 1992//2849 1990//2849 2032//2849
f 1995//2850 2032//2850 2033//2850
f 1995//2851 1992//2851 2032//2851
f 1996//2852 1995//2852 2033//2852
f 1999//2853 1996//2853 2033//2853
f 2000//2854 1999//2854 2033//2854
f 2002//2855 2000//2855 2033//2855
f 2003//2856 2002//2856 2033//2856
f 2006//2857 2003//2857 2033//2857
f 2009//2858 2006//2858 2033//2858
f 2010//2859 2009//2859 2033//2859
f 2012//2860 2010//2860 2033//2860
f 2014//2861 2012//2861 2033//2861
f 2015//2862 2014//2862 2033//2862
f 2019//2863 2033//2863 2034//2863
f 2019//2864 2015//2864 2033//2864
f 2020//2865 2019//2865 2034//2865
f 2023//2866 2020//2866 2034//2866
f 2024//2867 2023//2867 2034//2867
f 2021//2868 2024//2868 2034//2868
f 2022//2869 2021//2869 2034//2869
f 2017//2870 2022//2870 2034//2870
f 2018//2871 2017//2871 2034//2871
f 2016//2872 2018//2872 2034//2872
f 2013//2873 2016//2873 2034//2873
f 2011//2874 2013//2874 2034//2874
f 2007//2875 2011//2875 2034//2875
f 2008//2876 2007//2876 2034//2876
f 2004//2877 2034//2878 2025//2879
f 2004//2880 2008//2881 2034//2882
f 2005//2883 2004//2883 2025//2883
f 2001//2884 2005//2884 2025//2884
f 1998//2885 2001//2885 2025//2885
f 1997//2886 1998//2886 2025//2886
f 1994//2887 1997//2887 2025//2887
f 1993//2888 1994//2888 2025//2888
f 2031//2889 2030//2889 2035//2889
f 2031//2890 2035//2890 2036//2890
f 2032//2891 2036//2891 2037//2891
f 2032//2892 2031//2892 2036//2892
f 2033//2893 2037//2893 2038//2893
f 2033//2894 2032//2894 2037//2894
f 2034//2895 2038//2895 2039//2895
f 2034//2896 2033//2896 2038//2896
f 2025//2897 2039//2897 2040//2897
f 2025//2897 2034//2897 2039//2897
f 2026//2898 2025//2898 2040//2898
f 2026//2899 2040//2899 2041//2899
f 2027//2900 2041//2900 2042//2900
f 2027//2901 2026//2901 2041//2901
f 2043//2902 2027//2902 2042//2902
f 2028//2903 2027//2903 2043//2903
f 2029//2904 2043//2904 2044//2904
f 2029//2905 2028//2905 2043//2905
f 2030//2906 2044//2906 2035//2906
f 2030//2907 2029//2907 2044//2907
f 2045//43 2037//43 2036//43
f 2046//43 2037//43 2045//43
f 2047//144 2036//144 2035//144
f 2047//43 2045//43 2036//43
f 2038//137 2037//137 2046//137
f 2044//144 2047//144 2035//144
f 2048//137 2038//137 2046//137
f 2049//137 2047//137 2044//137
f 2039//43 2038//43 2048//43
f 2043//44 2049//44 2044//44
f 2050//144 2039//144 2048//144
f 2051//44 2049//44 2043//44
f 2040//57 2039//57 2050//57
f 2042//43 2052//43 2051//43
f 2042//44 2051//44 2043//44
f 2041//144 2050//144 2052//144
f 2041//43 2040//43 2050//43
f 2041//137 2052//137 2042//137
f 2047//2908 2053//2908 2054//2908
f 2047//2909 2049//2909 2053//2909
f 2049//2910 2051//2910 2055//2910
f 2051//2911 2052//2911 2055//2911
f 2056//2912 2050//2912 2057//2912
f 2052//2913 2050//2913 2056//2913
f 2055//2914 2053//2914 2049//2914
f 2056//2915 2055//2915 2052//2915
f 2058//715 2059//715 2057//715
f 2057//715 2060//715 2056//715
f 2059//715 2060//715 2057//715
f 2056//2916 2060//2916 2055//2916
f 2055//2916 2060//2916 2061//2916
f 2055//2917 2061//2917 2053//2917
f 2053//2917 2061//2917 2062//2917
f 2053//737 2062//737 2054//737
f 2054//737 2063//737 2064//737
f 2062//737 2063//737 2054//737
f 2050//2918 2058//2918 2057//2918
f 2050//2919 2048//2919 2058//2919
f 2048//2920 2046//2920 2065//2920
f 2046//2921 2045//2921 2065//2921
f 2064//2922 2047//2922 2054//2922
f 2045//2923 2047//2923 2064//2923
f 2064//2924 2065//2924 2045//2924
f 2065//2925 2058//2925 2048//2925
f 2066//2926 2065//2926 2063//2926
f 2063//2926 2065//2926 2064//2926
f 2059//2927 2058//2927 2066//2927
f 2066//2927 2058//2927 2065//2927
f 2061//44 2067//44 2062//44
f 2062//275 2067//275 2068//275
f 2062//200 2069//200 2063//200
f 2068//57 2069//57 2062//57
f 2067//44 2060//44 2070//44
f 2061//137 2060//137 2067//137
f 2069//275 2071//275 2063//275
f 2071//245 2066//245 2063//245
f 2060//57 2072//57 2070//57
f 2072//275 2059//275 2071//275
f 2060//144 2059//144 2072//144
f 2071//1429 2059//1429 2066//1429
f 2067//2928 2073//2929 2074//2929
f 2067//2930 2070//2931 2073//2931
f 2070//2932 2075//2933 2073//2934
f 2070//2935 2072//2936 2075//2936
f 2075//2937 2071//2937 2076//2937
f 2072//2938 2071//2938 2075//2938
f 2071//2939 2077//2940 2076//2940
f 2071//2941 2069//2939 2077//2939
f 2069//2942 2078//2943 2077//2943
f 2069//2944 2068//2945 2078//2945
f 2078//2946 2067//2946 2074//2946
f 2068//2947 2067//2947 2078//2947
f 2076//2926 2077//2926 2079//2926
f 2079//2926 2077//2926 2080//2926
f 2080//769 2078//769 2081//769
f 2077//737 2078//737 2080//737
f 2081//2917 2074//2917 2082//2917
f 2078//2917 2074//2917 2081//2917
f 2074//2916 2073//2916 2082//2916
f 2082//2916 2073//2916 2083//2916
f 2083//715 2075//715 2084//715
f 2073//715 2075//715 2083//715
f 2084//2927 2076//2927 2079//2927
f 2075//2927 2076//2927 2084//2927
f 2082//2948 2083//2948 2085//2948
f 2083//2949 2084//2949 2085//2949
f 2084//2950 2079//2950 2085//2950
f 2079//2951 2080//2951 2085//2951
f 2080//2952 2081//2952 2085//2952
f 2081//2953 2082//2953 2085//2953
f 2086//2954 2087//2955 2088//2954
f 2088//2956 2087//2957 2089//2956
f 740//2958 2090//2958 735//2958
f 2091//2959 2090//2959 2086//2959
f 735//2960 2090//2960 2091//2960
f 2086//2961 2090//2961 2087//2961
f 2089//2962 2092//2963 2093//2964
f 2087//2965 2092//2966 2089//2967
f 746//2968 2094//2969 740//2970
f 2090//2971 2094//2971 2087//2971
f 2087//2972 2094//2972 2092//2972
f 740//2973 2094//2974 2090//2975
f 2093//2976 2095//2977 2096//2978
f 2092//2979 2095//2980 2093//2981
f 2092//2982 2097//2983 2095//2982
f 753//2984 2097//2985 746//2986
f 746//2987 2097//2988 2094//2989
f 2094//2990 2097//2991 2092//2992
f 2096//2993 2098//2994 2099//2995
f 2099//2996 2098//2996 2100//2996
f 2095//2997 2098//2998 2096//2999
f 773//3000 2101//3001 765//3002
f 765//3003 2101//3004 753//3005
f 2097//3006 2101//3007 2095//3008
f 753//3009 2101//3010 2097//3011
f 2095//3012 2101//3013 2098//3014
f 2098//3015 2102//3015 2100//3015
f 773//3016 2103//3017 2101//3018
f 2101//3019 2103//3020 2098//3021
f 2098//3022 2103//3023 2102//3024
f 2100//3025 2104//3025 2105//3025
f 2102//3026 2104//3026 2100//3026
f 782//3027 2106//3028 773//3029
f 2103//3030 2106//3031 2102//3032
f 2102//3033 2106//3034 2104//3035
f 773//3036 2106//3037 2103//3038
f 2105//3039 2107//3040 2108//3040
f 2104//3041 2107//3041 2105//3042
f 785//3043 2109//3044 782//3045
f 782//3046 2109//3047 2106//3044
f 2106//3048 2109//3049 2104//3050
f 2104//3051 2109//3050 2107//3050
f 2107//3052 2110//3052 2108//3052
f 2108//3053 2110//3053 2111//3053
f 2111//3054 2110//3054 2112//3054
f 2109//3055 2113//3055 2107//3056
f 793//3057 2113//3058 785//3059
f 2107//3060 2113//3060 2110//3060
f 785//3057 2113//3061 2109//3058
f 2110//3062 2114//3062 2112//3062
f 2112//3063 2114//3064 2115//3065
f 786//3066 2116//3067 793//3068
f 2113//3069 2116//3070 2110//3071
f 2110//3072 2116//3073 2114//3074
f 793//3075 2116//3076 2113//3077
f 2114//3078 2117//3079 2115//3080
f 788//3081 2118//3082 786//3083
f 2116//3084 2118//3085 2114//3086
f 786//3087 2118//3088 2116//3089
f 2114//3090 2118//3091 2117//3092
f 2117//3093 2119//3094 2115//3095
f 2115//3096 2119//3097 2120//3098
f 791//3099 2121//3100 790//3101
f 790//3102 2121//3103 788//3104
f 2118//3105 2121//3106 2117//3107
f 788//3108 2121//3109 2118//3110
f 2117//3111 2121//3112 2119//3113
f 2119//3114 2122//3114 2120//3114
f 2120//3115 2122//3115 2123//3115
f 795//3116 2124//3117 791//3118
f 791//3119 2124//3120 2121//3121
f 2121//3122 2124//3123 2119//3124
f 2119//3125 2124//3126 2122//3127
f 2123//3128 2125//3129 2126//3130
f 2126//3131 2125//3131 2127//3131
f 2127//3132 2125//3133 2128//3133
f 2122//3134 2125//3135 2123//3136
f 784//3137 2129//3138 795//3139
f 2128//3140 2129//3140 2130//3140
f 2130//3141 2129//3142 784//3143
f 2124//3144 2129//3145 2122//3146
f 2125//3147 2129//3147 2128//3147
f 2122//3148 2129//3149 2125//3150
f 795//3151 2129//3152 2124//3153
f 2128//3154 2131//3155 2127//3156
f 2127//3157 2131//3158 2132//3159
f 783//3160 2133//3161 784//3162
f 2130//3163 2133//3164 2128//3165
f 784//3166 2133//3167 2130//3168
f 2128//3169 2133//3170 2131//3171
f 2132//3172 2134//3173 2135//3174
f 2131//3175 2134//3176 2132//3177
f 771//3178 2136//3178 783//3179
f 2133//3180 2136//3181 2131//3182
f 2131//3183 2136//3184 2134//3185
f 783//3186 2136//3187 2133//3187
f 2135//3188 2137//3189 2138//3190
f 2134//3191 2137//3192 2135//3193
f 2134//3194 2139//3195 2137//3196
f 763//3197 2139//3198 771//3199
f 771//3200 2139//3201 2136//3202
f 2136//3203 2139//3204 2134//3205
f 2138//3206 2140//3207 2141//3206
f 2141//3208 2140//3208 2142//3208
f 2139//3209 2140//3210 2137//3211
f 2137//3212 2140//3213 2138//3214
f 755//3215 2143//3216 763//3217
f 763//3218 2143//3219 2139//3220
f 2139//3221 2143//3222 2140//3223
f 2140//3224 2144//3224 2142//3224
f 748//3225 2145//3226 755//3227
f 2140//3228 2145//3229 2144//3230
f 2143//3231 2145//3232 2140//3233
f 755//3234 2145//3235 2143//3236
f 2142//3237 2146//3237 2147//3237
f 2147//3238 2146//3239 2148//3238
f 2144//3240 2146//3240 2142//3240
f 748//3241 2149//3242 2145//3243
f 737//3244 2149//3245 748//3246
f 2144//3247 2149//3248 2146//3249
f 2145//3250 2149//3251 2144//3252
f 2146//3253 2150//3254 2148//3254
f 730//3255 2151//3256 734//3257
f 734//3258 2151//3258 737//3258
f 2149//3259 2151//3260 2146//3261
f 737//3262 2151//3262 2149//3262
f 2146//3263 2151//3264 2150//3265
f 2151//3266 2152//3267 2150//3268
f 2148//3269 2152//3270 2153//3271
f 2153//3272 2152//3273 2154//3274
f 2150//3275 2152//3276 2148//3277
f 730//3278 2155//3279 2151//3280
f 2151//3281 2155//3282 2152//3283
f 2152//3284 2156//3285 2154//3286
f 2154//3287 2156//3287 2157//3287
f 724//3288 2158//3288 726//3288
f 726//3289 2158//3290 730//3291
f 730//3292 2158//3293 2155//3294
f 2155//3295 2158//3295 2152//3295
f 2152//3296 2158//3296 2156//3296
f 2156//3297 2159//3297 2157//3297
f 2158//3298 2159//3298 2156//3298
f 724//3299 2160//3299 2158//3299
f 2158//3300 2160//3300 2159//3300
f 2159//3301 2161//3302 2157//3301
f 2157//3303 2161//3304 2162//3303
f 728//3305 2163//3306 723//3307
f 723//3308 2163//3309 724//3310
f 724//3311 2163//3312 2160//3313
f 2160//3314 2163//3315 2159//3316
f 2159//3317 2163//3318 2161//3319
f 2161//3320 2164//3321 2162//3322
f 2162//3323 2164//3324 2165//3325
f 2165//3326 2164//3326 2166//3327
f 2163//3328 2164//3329 2161//3329
f 728//3330 2167//3331 2163//3332
f 2163//3333 2167//3334 2164//3335
f 2166//3336 2168//3337 2088//3338
f 2088//3339 2168//3340 2086//3341
f 2164//3342 2168//3342 2166//3343
f 2167//3344 2168//3345 2164//3346
f 735//3347 2169//3348 732//3349
f 2167//3350 2169//3344 2168//3351
f 732//3352 2169//3353 728//3354
f 2086//3355 2169//3355 2091//3355
f 2091//3356 2169//3357 735//3358
f 728//3359 2169//3360 2167//3361
f 2168//3362 2169//3362 2086//3362
f 2132//3363 2135//3363 2170//3363
f 2135//3364 2138//3364 2171//3364
f 2138//3365 2141//3365 2172//3365
f 2162//3366 2173//3366 2174//3366
f 2165//3367 2175//3367 2173//3367
f 2166//3368 2176//3368 2175//3368
f 2166//3369 2177//3369 2176//3369
f 2166//3370 2178//3370 2177//3370
f 2166//3371 2088//3371 2178//3371
f 2179//3372 2180//3372 2170//3372
f 2132//3373 2180//3374 2127//3375
f 2181//3376 2180//3376 2179//3376
f 2182//3377 2180//3377 2181//3377
f 2127//3378 2180//3379 2182//3380
f 2170//3381 2180//3381 2132//3381
f 2170//3382 2183//3382 2171//3382
f 2135//3383 2183//3383 2170//3383
f 2171//3384 2183//3384 2135//3384
f 2171//3385 2184//3386 2172//3387
f 2138//3388 2184//3389 2171//3390
f 2172//3391 2184//3392 2138//3393
f 2172//3394 2185//3394 2186//3394
f 2141//3395 2185//3395 2172//3395
f 2185//3396 2187//3396 2186//3396
f 2142//3397 2188//3397 2141//3397
f 2141//3398 2188//3398 2185//3398
f 2185//3399 2188//3399 2187//3399
f 2186//3400 2189//3400 2190//3400
f 2187//3401 2189//3401 2186//3401
f 2142//3402 2189//3402 2188//3402
f 2188//3403 2189//3403 2187//3403
f 2189//3404 2191//3404 2190//3404
f 2147//3405 2192//3405 2142//3405
f 2189//3406 2192//3406 2191//3406
f 2142//3407 2192//3407 2189//3407
f 2191//3408 2193//3408 2190//3408
f 2190//3409 2193//3409 2194//3409
f 2147//3410 2193//3410 2192//3410
f 2192//3411 2193//3411 2191//3411
f 2193//3412 2195//3412 2194//3412
f 2148//3413 2196//3413 2147//3413
f 2147//3414 2196//3414 2193//3414
f 2193//3415 2196//3415 2195//3415
f 2194//3416 2197//3416 2198//3416
f 2196//3417 2197//3417 2195//3417
f 2148//3418 2197//3418 2196//3418
f 2195//3419 2197//3419 2194//3419
f 2197//3420 2199//3420 2198//3420
f 2197//3421 2200//3421 2199//3421
f 2153//3422 2200//3422 2148//3422
f 2148//3423 2200//3423 2197//3423
f 2199//3424 2201//3424 2198//3424
f 2200//3425 2201//3425 2199//3425
f 2153//3426 2201//3426 2200//3426
f 2198//3427 2201//3427 2202//3427
f 2201//3428 2203//3428 2202//3428
f 2153//3429 2204//3429 2201//3429
f 2201//3430 2204//3430 2203//3430
f 2154//3431 2204//3431 2153//3431
f 2202//3432 2205//3432 2206//3432
f 2203//3433 2205//3433 2202//3433
f 2204//3434 2205//3434 2203//3434
f 2154//3435 2205//3435 2204//3435
f 2205//3436 2207//3436 2206//3436
f 2154//3437 2208//3437 2205//3437
f 2157//3438 2208//3438 2154//3438
f 2205//3439 2208//3439 2207//3439
f 2206//3440 2209//3440 2174//3440
f 2207//3441 2209//3441 2206//3441
f 2208//3442 2209//3442 2207//3442
f 2157//3443 2209//3443 2208//3443
f 2209//3444 2210//3444 2174//3444
f 2174//3445 2210//3445 2162//3445
f 2162//3446 2211//3446 2157//3446
f 2157//3447 2211//3447 2209//3447
f 2210//3448 2211//3448 2162//3448
f 2209//3449 2211//3449 2210//3449
f 2162//3450 2212//3450 2173//3450
f 2173//3451 2212//3451 2165//3451
f 2165//3452 2213//3452 2162//3452
f 2212//3453 2213//3453 2165//3453
f 2162//3454 2213//3454 2212//3454
f 2165//3455 2214//3455 2175//3455
f 2175//3456 2214//3456 2166//3456
f 2166//3457 2215//3457 2165//3457
f 2214//3458 2215//3458 2166//3458
f 2165//3459 2215//3459 2214//3459
f 2176//3460 2216//3460 2217//3460
f 2175//3461 2217//3461 2218//3461
f 2175//3462 2176//3462 2217//3462
f 2173//3463 2218//3463 2219//3463
f 2173//3461 2175//3461 2218//3461
f 2174//3464 2219//3464 2220//3464
f 2174//3465 2173//3465 2219//3465
f 2206//3466 2174//3466 2220//3466
f 2202//3467 2220//3467 2221//3467
f 2202//3468 2221//3468 2222//3468
f 2202//3467 2206//3467 2220//3467
f 2198//9 2222//9 2223//9
f 2198//3468 2202//3468 2222//3468
f 2194//9 2198//9 2223//9
f 2190//3469 2223//3469 2224//3469
f 2190//3469 2194//3469 2223//3469
f 2186//3470 2224//3470 2225//3470
f 2186//3470 2190//3470 2224//3470
f 2172//3471 2225//3471 2226//3471
f 2172//3472 2226//3472 2227//3472
f 2172//3471 2186//3471 2225//3471
f 2171//3473 2172//3473 2227//3473
f 2170//3474 2227//3474 2228//3474
f 2170//3475 2171//3475 2227//3475
f 2179//3476 2228//3476 2229//3476
f 2179//3476 2170//3476 2228//3476
f 2179//3477 2229//3477 2230//3477
f 2231//3478 2230//3478 2232//3478
f 2231//3479 2179//3479 2230//3479
f 2233//3480 2232//3480 2234//3480
f 2233//3481 2231//3481 2232//3481
f 2235//3482 2234//3482 2236//3482
f 2235//3483 2233//3483 2234//3483
f 2237//3482 2235//3482 2236//3482
f 2238//3484 2236//3484 2239//3484
f 2238//3485 2239//3485 2240//3485
f 2238//3484 2237//3484 2236//3484
f 2241//710 2240//710 2242//710
f 2241//3485 2238//3485 2240//3485
f 2243//710 2241//710 2242//710
f 2244//3486 2242//3486 2245//3486
f 2244//3486 2243//3486 2242//3486
f 2246//3487 2245//3487 2247//3487
f 2246//3487 2244//3487 2245//3487
f 2248//3488 2247//3488 2249//3488
f 2248//3489 2246//3489 2247//3489
f 2250//3490 2249//3490 2251//3490
f 2250//3491 2251//3491 2252//3491
f 2250//3492 2248//3492 2249//3492
f 2253//3491 2250//3491 2252//3491
f 2176//3493 2252//3493 2216//3493
f 2176//3493 2253//3493 2252//3493
f 2230//3494 2229//3494 2254//3494
f 2230//3495 2254//3495 2255//3495
f 2232//3496 2255//3497 2256//3498
f 2232//3499 2230//3500 2255//3501
f 2234//3502 2256//3502 2257//3502
f 2234//3503 2232//3503 2256//3503
f 2236//3504 2257//3504 2258//3504
f 2236//3505 2234//3506 2257//3506
f 2239//3507 2258//3507 2259//3507
f 2239//3508 2236//3508 2258//3508
f 2240//3509 2259//3509 2260//3509
f 2240//3510 2239//3510 2259//3510
f 2242//3511 2260//3511 2261//3511
f 2242//3512 2240//3512 2260//3512
f 2245//3513 2261//3513 2262//3513
f 2245//3514 2242//3514 2261//3514
f 2263//3515 2245//3516 2262//3515
f 2247//3517 2245//3517 2263//3517
f 2249//3518 2263//3518 2264//3518
f 2249//3519 2247//3519 2263//3519
f 2251//3520 2264//3521 2265//3522
f 2251//3523 2249//3523 2264//3523
f 2252//3524 2265//3525 2266//3524
f 2252//3524 2251//3524 2265//3526
f 2216//3527 2266//3527 2267//3527
f 2216//3528 2252//3528 2266//3528
f 2268//44 2269//44 2270//44
f 2268//1426 2271//1426 2272//1426
f 2270//339 2271//339 2268//339
f 2269//367 2273//367 2270//367
f 2272//57 2274//57 2275//57
f 2271//1648 2274//1648 2272//1648
f 2269//1429 2276//1429 2273//1429
f 2276//291 2277//291 2273//291
f 2275//2432 2278//2432 2279//2432
f 2274//1425 2278//1425 2275//1425
f 2276//1429 2267//1429 2277//1429
f 2267//144 2280//144 2277//144
f 2279//1425 2281//1425 2282//1425
f 2278//1425 2281//1425 2279//1425
f 2266//43 2283//43 2267//43
f 2267//1429 2283//1429 2280//1429
f 2282//275 2284//275 2285//275
f 2281//137 2284//137 2282//137
f 2266//57 2265//57 2283//57
f 2265//144 2286//144 2283//144
f 2285//44 2287//44 2288//44
f 2284//1429 2287//1429 2285//1429
f 2264//1429 2289//1429 2265//1429
f 2265//275 2289//275 2286//275
f 2287//57 2290//57 2288//57
f 2290//1681 2291//1681 2288//1681
f 2264//142 2263//142 2289//142
f 2289//44 2263//44 2292//44
f 2290//57 2293//57 2291//57
f 2293//57 2294//57 2291//57
f 2263//1425 2262//1425 2292//1425
f 2292//43 2262//43 2295//43
f 2293//1654 2296//1654 2294//1654
f 2297//44 2296//44 2293//44
f 2262//81 2261//81 2295//81
f 2295//245 2261//245 2298//245
f 2297//200 2254//200 2296//200
f 2299//43 2254//43 2297//43
f 2261//1426 2260//1426 2298//1426
f 2298//245 2260//245 2300//245
f 2299//275 2255//275 2254//275
f 2301//43 2255//43 2299//43
f 2260//123 2259//123 2300//123
f 2300//43 2259//43 2302//43
f 2303//218 2256//218 2301//218
f 2301//57 2256//57 2255//57
f 2302//144 2258//144 2304//144
f 2259//245 2258//245 2302//245
f 2258//245 2257//245 2304//245
f 2305//44 2257//44 2303//44
f 2304//241 2257//241 2305//241
f 2303//1429 2257//1429 2256//1429
f 2217//3529 2216//3529 2267//3529
f 2217//3530 2267//3530 2276//3530
f 2218//3531 2276//3531 2269//3531
f 2218//3532 2217//3532 2276//3532
f 2219//3533 2269//3534 2268//3534
f 2219//3535 2218//3536 2269//3536
f 2220//3537 2268//3537 2272//3537
f 2220//3538 2219//3538 2268//3538
f 2221//3539 2272//3539 2275//3539
f 2221//3540 2220//3540 2272//3540
f 2222//3541 2275//3541 2279//3541
f 2222//3542 2221//3542 2275//3542
f 2223//3543 2279//3543 2282//3543
f 2223//3544 2222//3544 2279//3544
f 2224//3545 2282//3545 2285//3545
f 2224//3546 2223//3546 2282//3546
f 2225//3547 2285//3547 2288//3547
f 2225//3548 2224//3548 2285//3548
f 2226//3549 2288//3549 2291//3549
f 2226//3550 2225//3550 2288//3550
f 2294//3551 2226//3552 2291//3552
f 2227//3553 2226//3554 2294//3555
f 2228//3556 2294//3557 2296//3558
f 2228//3559 2227//3560 2294//3561
f 2229//3562 2296//3563 2254//3564
f 2229//3565 2228//3566 2296//3567
f 2299//3568 2306//3568 2307//3568
f 2299//3528 2297//3528 2306//3528
f 2297//3569 2308//3569 2306//3569
f 2297//3524 2293//3524 2308//3524
f 2293//3570 2309//3570 2308//3570
f 2293//3571 2290//3571 2309//3571
f 2290//3572 2310//3572 2309//3572
f 2290//3573 2287//3573 2310//3573
f 2310//3574 2284//3575 2311//3574
f 2287//3576 2284//3577 2310//3576
f 2284//3578 2312//3578 2311//3578
f 2284//3579 2281//3579 2312//3579
f 2312//3580 2278//3580 2313//3580
f 2281//3580 2278//3580 2312//3580
f 2313//3581 2274//3582 2314//3582
f 2278//3583 2274//3583 2313//3584
f 2314//3585 2271//3585 2315//3585
f 2274//3586 2271//3586 2314//3586
f 2271//3587 2316//3587 2315//3587
f 2271//3588 2270//3588 2316//3588
f 2270//3589 2317//3590 2316//3589
f 2270//3591 2273//3592 2317//3593
f 2273//3594 2318//3594 2317//3594
f 2273//3595 2277//3595 2318//3595
f 2277//3596 2319//3597 2318//3598
f 2277//3599 2280//3600 2319//3601
f 2280//3602 2320//3603 2319//3604
f 2280//3605 2283//3606 2320//3607
f 2283//3608 2321//3608 2320//3608
f 2283//3609 2286//3609 2321//3609
f 2286//3610 2322//3611 2321//3610
f 2286//3612 2289//3613 2322//3614
f 2289//3615 2323//3615 2322//3615
f 2289//3616 2292//3616 2323//3616
f 2323//3617 2295//3617 2324//3617
f 2292//3618 2295//3618 2323//3618
f 2324//3546 2298//3546 2325//3546
f 2295//3619 2298//3619 2324//3619
f 2298//3620 2326//3620 2325//3620
f 2298//3621 2300//3621 2326//3621
f 2300//3622 2327//3622 2326//3622
f 2300//3623 2302//3623 2327//3623
f 2327//3624 2304//3625 2328//3624
f 2302//3626 2304//3540 2327//3626
f 2328//3627 2305//3627 2329//3627
f 2304//3628 2305//3628 2328//3628
f 2329//3629 2303//3630 2330//3630
f 2305//3631 2303//3632 2329//3631
f 2330//3633 2301//3633 2331//3633
f 2303//3634 2301//3634 2330//3634
f 2301//3635 2307//3635 2331//3635
f 2301//3636 2299//3636 2307//3636
f 2307//3637 2332//3637 2331//3637
f 2333//3638 2332//3638 2307//3638
f 2331//3639 2334//3639 2330//3639
f 2332//3640 2334//3640 2331//3640
f 2330//3641 2335//3641 2329//3641
f 2334//3642 2335//3642 2330//3642
f 2329//3643 2336//3643 2328//3643
f 2335//3644 2336//3644 2329//3644
f 2328//3645 2337//3645 2327//3645
f 2336//3646 2337//3646 2328//3646
f 2327//3647 2338//3647 2326//3647
f 2337//3648 2338//3648 2327//3648
f 2326//3649 2339//3649 2325//3649
f 2338//3650 2339//3650 2326//3650
f 2325//3651 2340//3651 2324//3651
f 2339//3652 2340//3652 2325//3652
f 2324//3653 2341//3653 2323//3653
f 2340//3654 2341//3654 2324//3654
f 2323//3655 2342//3655 2322//3655
f 2341//3656 2342//3656 2323//3656
f 2322//3657 2343//3657 2321//3657
f 2342//3658 2343//3658 2322//3658
f 2321//3659 2344//3659 2320//3659
f 2343//3660 2344//3660 2321//3660
f 2320//3661 2345//3661 2319//3661
f 2344//3662 2345//3662 2320//3662
f 2345//3663 2346//3663 2319//3663
f 2319//3664 2347//3664 2318//3664
f 2346//3665 2347//3665 2319//3665
f 2318//3666 2348//3666 2317//3666
f 2347//3667 2348//3667 2318//3667
f 2317//3668 2349//3668 2316//3668
f 2348//3669 2349//3669 2317//3669
f 2316//3670 2350//3670 2315//3670
f 2349//3671 2350//3671 2316//3671
f 2315//3672 2351//3672 2314//3672
f 2350//3673 2351//3673 2315//3673
f 2314//3674 2352//3674 2313//3674
f 2351//3675 2352//3675 2314//3675
f 2313//3676 2353//3676 2312//3676
f 2352//3677 2353//3677 2313//3677
f 2312//3678 2354//3678 2311//3678
f 2353//3679 2354//3679 2312//3679
f 2311//3680 2355//3680 2310//3680
f 2354//3681 2355//3681 2311//3681
f 2310//3682 2356//3682 2309//3682
f 2355//3683 2356//3683 2310//3683
f 2309//3684 2357//3684 2308//3684
f 2356//3685 2357//3685 2309//3685
f 2308//3686 2358//3686 2306//3686
f 2357//3687 2358//3687 2308//3687
f 2306//3688 2359//3688 2307//3688
f 2358//3689 2359//3689 2306//3689
f 2359//3690 2333//3690 2307//3690
f 2354//3691 2353//3691 2360//3691
f 2354//3692 2360//3692 2361//3692
f 2355//3693 2354//3693 2361//3693
f 2362//3694 2355//3694 2361//3694
f 2356//3695 2355//3695 2362//3695
f 2363//3696 2356//3696 2362//3696
f 2357//3697 2356//3697 2363//3697
f 2364//3698 2357//3698 2363//3698
f 2358//3699 2357//3699 2364//3699
f 2365//3700 2358//3700 2364//3700
f 2359//3701 2358//3701 2365//3701
f 2366//3702 2359//3702 2365//3702
f 2333//3703 2359//3703 2366//3703
f 2367//3704 2333//3704 2366//3704
f 2332//3705 2333//3705 2367//3705
f 2368//3706 2332//3706 2367//3706
f 2334//3707 2332//3707 2368//3707
f 2369//3708 2334//3708 2368//3708
f 2335//3709 2334//3709 2369//3709
f 2370//3710 2335//3710 2369//3710
f 2336//3711 2335//3711 2370//3711
f 2371//3712 2336//3712 2370//3712
f 2337//3713 2336//3713 2371//3713
f 2372//3714 2337//3714 2371//3714
f 2338//3715 2337//3715 2372//3715
f 2373//3716 2338//3716 2372//3716
f 2339//3717 2338//3717 2373//3717
f 2340//3718 2339//3718 2373//3718
f 2340//3719 2373//3719 2374//3719
f 2341//3720 2340//3720 2374//3720
f 2375//3721 2341//3721 2374//3721
f 2342//3722 2341//3722 2375//3722
f 2376//3723 2342//3723 2375//3723
f 2343//3724 2342//3724 2376//3724
f 2377//3725 2343//3725 2376//3725
f 2344//3726 2343//3726 2377//3726
f 2378//3727 2344//3727 2377//3727
f 2345//3728 2344//3728 2378//3728
f 2379//3729 2345//3729 2378//3729
f 2346//3730 2345//3730 2379//3730
f 2380//3731 2346//3731 2379//3731
f 2347//3732 2346//3732 2380//3732
f 2381//3733 2347//3733 2380//3733
f 2348//3734 2347//3734 2381//3734
f 2382//3735 2348//3735 2381//3735
f 2349//3736 2348//3736 2382//3736
f 2383//3737 2349//3737 2382//3737
f 2350//3738 2349//3738 2383//3738
f 2384//3739 2350//3739 2383//3739
f 2351//3740 2350//3740 2384//3740
f 2385//3741 2351//3741 2384//3741
f 2352//3742 2351//3742 2385//3742
f 2360//3743 2352//3743 2385//3743
f 2353//3744 2352//3744 2360//3744
f 2386//43 2364//43 2363//43
f 2387//44 2363//44 2362//44
f 2387//43 2386//43 2363//43
f 2388//43 2365//43 2364//43
f 2388//43 2364//43 2386//43
f 2389//43 2362//43 2361//43
f 2389//144 2387//144 2362//144
f 2390//43 2366//43 2365//43
f 2390//43 2365//43 2388//43
f 2391//81 2361//81 2360//81
f 2391//43 2389//43 2361//43
f 2392//1429 2367//1429 2366//1429
f 2392//144 2366//144 2390//144
f 2385//43 2391//43 2360//43
f 2393//43 2391//43 2385//43
f 2368//137 2367//137 2392//137
f 2394//57 2368//57 2392//57
f 2384//44 2393//44 2385//44
f 2395//43 2393//43 2384//43
f 2369//43 2368//43 2394//43
f 2396//43 2369//43 2394//43
f 2383//81 2395//81 2384//81
f 2370//144 2369//144 2396//144
f 2397//137 2395//137 2383//137
f 2382//43 2397//43 2383//43
f 2398//43 2370//43 2396//43
f 2371//44 2370//44 2398//44
f 2399//43 2397//43 2382//43
f 2381//57 2399//57 2382//57
f 2400//44 2371//44 2398//44
f 2372//43 2371//43 2400//43
f 2401//43 2399//43 2381//43
f 2380//57 2401//57 2381//57
f 2402//44 2372//44 2400//44
f 2373//245 2372//245 2402//245
f 2379//57 2401//57 2380//57
f 2379//144 2403//144 2401//144
f 2374//43 2373//43 2402//43
f 2374//43 2402//43 2404//43
f 2378//43 2403//43 2379//43
f 2378//43 2405//43 2403//43
f 2375//44 2404//44 2406//44
f 2375//43 2374//43 2404//43
f 2377//43 2407//43 2405//43
f 2377//57 2405//57 2378//57
f 2376//137 2407//137 2377//137
f 2376//43 2406//43 2407//43
f 2376//44 2375//44 2406//44
f 2389//3745 2391//3745 2408//3745
f 2389//3746 2408//3746 2409//3746
f 2387//3747 2409//3747 2410//3747
f 2387//3748 2389//3748 2409//3748
f 2386//3749 2410//3749 2411//3749
f 2386//3750 2387//3750 2410//3750
f 2388//3751 2411//3751 2412//3751
f 2388//3752 2386//3752 2411//3752
f 2390//3753 2412//3753 2413//3753
f 2390//3754 2388//3754 2412//3754
f 2392//3755 2390//3755 2413//3755
f 2414//3756 2392//3756 2413//3756
f 2394//3757 2392//3757 2414//3757
f 2415//3758 2394//3758 2414//3758
f 2396//3759 2394//3759 2415//3759
f 2416//3760 2396//3760 2415//3760
f 2398//3761 2396//3761 2416//3761
f 2417//3762 2398//3762 2416//3762
f 2400//3763 2398//3763 2417//3763
f 2418//3764 2400//3764 2417//3764
f 2402//3765 2400//3765 2418//3765
f 2409//3766 2408//3766 2419//3766
f 2409//3767 2419//3767 2420//3767
f 2410//3768 2420//3768 2421//3768
f 2410//3769 2409//3769 2420//3769
f 2422//3770 2410//3770 2421//3770
f 2411//3771 2410//3771 2422//3771
f 2412//3772 2422//3772 2423//3772
f 2412//3773 2411//3773 2422//3773
f 2424//3774 2412//3774 2423//3774
f 2413//3774 2412//3774 2424//3774
f 2414//3775 2424//3775 2425//3775
f 2414//3776 2413//3776 2424//3776
f 2415//3777 2425//3777 2426//3777
f 2415//3778 2414//3778 2425//3778
f 2416//3779 2426//3779 2427//3779
f 2416//3779 2415//3779 2426//3779
f 2417//3780 2427//3780 2428//3780
f 2417//3781 2416//3781 2427//3781
f 2429//3782 2417//3782 2428//3782
f 2418//3783 2417//3783 2429//3783
f 2419//3784 2430//3784 2420//3784
f 2431//3784 2430//3784 2419//3784
f 2420//3785 2432//3785 2421//3785
f 2430//3786 2432//3786 2420//3786
f 2421//3787 2433//3787 2422//3787
f 2432//3788 2433//3788 2421//3788
f 2422//3789 2434//3789 2423//3789
f 2433//3790 2434//3790 2422//3790
f 2423//3791 2435//3791 2424//3791
f 2434//3792 2435//3792 2423//3792
f 2435//3793 2425//3793 2424//3793
f 2435//3793 2436//3793 2425//3793
f 2425//3794 2437//3794 2426//3794
f 2436//3795 2437//3795 2425//3795
f 2426//3796 2438//3796 2427//3796
f 2437//3797 2438//3797 2426//3797
f 2427//3798 2439//3798 2428//3798
f 2438//3798 2439//3798 2427//3798
f 2428//3799 2440//3799 2429//3799
f 2439//3800 2440//3800 2428//3800
f 2440//3801 2441//3801 2429//3801
f 2429//3801 2441//3801 2442//3801
f 2442//3802 2443//3802 2444//3802
f 2441//3802 2443//3802 2442//3802
f 2444//3803 2445//3803 2446//3803
f 2443//3804 2445//3804 2444//3804
f 2446//3805 2447//3805 2448//3805
f 2445//3805 2447//3805 2446//3805
f 2448//3806 2449//3806 2450//3806
f 2447//3806 2449//3806 2448//3806
f 2449//3807 2451//3807 2450//3807
f 2449//3807 2452//3807 2451//3807
f 2451//3808 2453//3808 2454//3808
f 2452//3809 2453//3809 2451//3809
f 2453//3810 2455//3810 2454//3810
f 2453//3810 2456//3810 2455//3810
f 2456//3811 2457//3811 2455//3811
f 2456//3812 2458//3812 2457//3812
f 2457//3813 2431//3813 2419//3813
f 2458//3814 2431//3814 2457//3814
f 2459//3815 2458//3815 2460//3815
f 2431//3816 2458//3816 2459//3816
f 2460//3817 2456//3817 2461//3817
f 2458//3817 2456//3817 2460//3817
f 2461//713 2453//713 2462//713
f 2456//3818 2453//3818 2461//3818
f 2462//3819 2452//3819 2463//3819
f 2453//3819 2452//3819 2462//3819
f 2463//3820 2449//3820 2464//3820
f 2464//3821 2449//3821 2465//3821
f 2452//3820 2449//3820 2463//3820
f 2449//3822 2447//3822 2465//3822
f 2465//3823 2445//3823 2466//3823
f 2466//717 2445//717 2467//717
f 2447//3823 2445//3823 2465//3823
f 2445//717 2443//717 2467//717
f 2467//3824 2441//3824 2468//3824
f 2443//3824 2441//3824 2467//3824
f 2468//3825 2440//3825 2469//3825
f 2441//3825 2440//3825 2468//3825
f 2461//405 2470//405 2471//405
f 2462//405 2472//405 2470//405
f 2462//405 2470//405 2461//405
f 2460//1415 2461//1415 2471//1415
f 2463//484 2473//484 2472//484
f 2463//405 2472//405 2462//405
f 2474//405 2460//405 2471//405
f 2459//406 2460//406 2474//406
f 2464//406 2475//406 2473//406
f 2464//593 2473//593 2463//593
f 2476//406 2459//406 2474//406
f 2477//417 2475//417 2464//417
f 2465//405 2477//405 2464//405
f 2478//450 2459//450 2476//450
f 2479//405 2478//405 2476//405
f 2480//417 2477//417 2465//417
f 2466//484 2480//484 2465//484
f 2481//1415 2478//1415 2479//1415
f 2482//405 2481//405 2479//405
f 2483//405 2480//405 2466//405
f 2467//450 2483//450 2466//450
f 2484//405 2481//405 2482//405
f 2485//496 2484//496 2482//496
f 2486//484 2483//484 2467//484
f 2468//406 2486//406 2467//406
f 2487//405 2484//405 2485//405
f 2488//484 2487//484 2485//484
f 2489//496 2486//496 2468//496
f 2469//450 2489//450 2468//450
f 2490//417 2487//417 2488//417
f 2491//484 2490//484 2488//484
f 2492//405 2489//405 2469//405
f 2493//450 2492//450 2469//450
f 2494//405 2490//405 2491//405
f 2494//405 2495//405 2490//405
f 2496//405 2492//405 2493//405
f 2496//405 2493//405 2497//405
f 2498//417 2495//417 2494//417
f 2498//405 2499//405 2495//405
f 2500//450 2496//450 2497//450
f 2500//417 2499//417 2498//417
f 2500//405 2497//405 2499//405
f 2475//3826 2477//3826 2501//3826
f 2501//3827 2477//3827 2502//3827
f 2502//3828 2480//3828 2503//3828
f 2477//3829 2480//3829 2502//3829
f 2503//3830 2483//3830 2504//3830
f 2480//3831 2483//3831 2503//3831
f 2504//3832 2486//3832 2505//3832
f 2483//3833 2486//3833 2504//3833
f 2505//3834 2489//3834 2506//3834
f 2486//3835 2489//3835 2505//3835
f 2506//3836 2492//3836 2507//3836
f 2489//3837 2492//3837 2506//3837
f 2507//3838 2496//3838 2508//3838
f 2492//3839 2496//3839 2507//3839
f 2508//3840 2500//3840 2509//3840
f 2496//3841 2500//3841 2508//3841
f 2509//3842 2498//3842 2510//3842
f 2500//3843 2498//3843 2509//3843
f 2510//3844 2494//3844 2511//3844
f 2511//3845 2494//3845 2512//3845
f 2498//3846 2494//3846 2510//3846
f 2512//3847 2491//3847 2513//3847
f 2494//3848 2491//3848 2512//3848
f 2513//3849 2488//3850 2514//3851
f 2491//3852 2488//3853 2513//3854
f 2514//3855 2485//3855 2515//3855
f 2488//3856 2485//3856 2514//3856
f 2515//3857 2482//3858 2516//3859
f 2485//3860 2482//3861 2515//3860
f 2516//3862 2479//3862 2517//3862
f 2482//3863 2479//3863 2516//3863
f 2517//3864 2476//3864 2518//3864
f 2479//3865 2476//3865 2517//3865
f 2518//757 2474//757 2519//757
f 2476//757 2474//757 2518//757
f 2519//3866 2471//3866 2520//3866
f 2474//3867 2471//3867 2519//3867
f 2520//3868 2470//3868 2521//3868
f 2471//3869 2470//3869 2520//3869
f 2521//3870 2472//3871 2522//3871
f 2470//3872 2472//3873 2521//3874
f 2522//3875 2473//3875 2523//3875
f 2472//3876 2473//3876 2522//3876
f 2523//3877 2475//3877 2501//3877
f 2473//3878 2475//3878 2523//3878
f 2524//137 2514//137 2515//137
f 2525//43 2513//43 2514//43
f 2525//43 2514//43 2524//43
f 2526//144 2515//144 2516//144
f 2526//44 2524//44 2515//44
f 2527//81 2511//81 2512//81
f 2527//43 2512//43 2513//43
f 2527//137 2513//137 2525//137
f 2528//44 2516//44 2517//44
f 2528//137 2526//137 2516//137
f 2529//57 2510//57 2511//57
f 2529//137 2511//137 2527//137
f 2518//275 2528//275 2517//275
f 2509//43 2510//43 2529//43
f 2530//57 2528//57 2518//57
f 2531//44 2509//44 2529//44
f 2519//43 2530//43 2518//43
f 2508//137 2509//137 2531//137
f 2532//137 2530//137 2519//137
f 2533//144 2508//144 2531//144
f 2520//43 2532//43 2519//43
f 2507//43 2508//43 2533//43
f 2534//43 2532//43 2520//43
f 2535//43 2507//43 2533//43
f 2521//43 2534//43 2520//43
f 2536//43 2534//43 2521//43
f 2506//43 2535//43 2537//43
f 2506//43 2507//43 2535//43
f 2522//44 2536//44 2521//44
f 2538//43 2536//43 2522//43
f 2505//44 2506//44 2537//44
f 2505//44 2537//44 2539//44
f 2523//43 2538//43 2522//43
f 2523//144 2540//144 2538//144
f 2504//43 2505//43 2539//43
f 2504//44 2539//44 2541//44
f 2501//57 2540//57 2523//57
f 2501//137 2542//137 2540//137
f 2503//144 2504//144 2541//144
f 2503//137 2541//137 2543//137
f 2502//43 2542//43 2501//43
f 2502//43 2503//43 2543//43
f 2502//43 2543//43 2542//43
f 2538//3879 2540//3879 2544//3879
f 2544//3879 2540//3879 2545//3879
f 2545//3880 2542//3881 2546//3880
f 2540//3882 2542//3883 2545//3882
f 2546//3884 2543//3884 2547//3884
f 2542//3885 2543//3885 2546//3885
f 2547//3886 2541//3887 2548//3887
f 2543//3888 2541//3888 2547//3889
f 2548//3890 2539//3890 2549//3890
f 2541//3891 2539//3891 2548//3892
f 2539//3893 2550//3893 2549//3893
f 2539//3894 2537//3894 2550//3894
f 2537//3895 2551//3895 2550//3895
f 2537//3896 2535//3896 2551//3896
f 2535//3897 2552//3897 2551//3897
f 2535//3898 2533//3898 2552//3898
f 2533//3899 2553//3899 2552//3899
f 2533//3900 2531//3900 2553//3900
f 2531//3901 2554//3901 2553//3901
f 2531//3901 2529//3901 2554//3901
f 2529//3902 2527//3902 2554//3902
f 2554//3903 2527//3903 2555//3903
f 2555//3904 2525//3904 2556//3904
f 2527//3905 2525//3905 2555//3905
f 2556//3906 2524//3906 2557//3906
f 2525//3907 2524//3907 2556//3907
f 2557//3908 2526//3908 2558//3908
f 2524//3909 2526//3909 2557//3909
f 2558//3910 2528//3910 2559//3910
f 2526//3911 2528//3911 2558//3911
f 2528//3912 2560//3912 2559//3912
f 2528//3913 2530//3913 2560//3913
f 2530//3914 2561//3914 2560//3914
f 2530//3915 2532//3915 2561//3915
f 2532//3916 2562//3916 2561//3916
f 2532//3917 2534//3917 2562//3917
f 2534//3918 2563//3918 2562//3918
f 2534//3919 2536//3919 2563//3919
f 2536//3920 2544//3920 2563//3920
f 2536//3921 2538//3921 2544//3921
f 2544//3922 2564//3922 2563//3922
f 2564//3922 2565//3922 2563//3922
f 2562//3923 2566//3923 2561//3923
f 2563//3924 2566//3924 2562//3924
f 2565//3924 2566//3924 2563//3924
f 2566//3925 2567//3925 2561//3925
f 2561//3926 2568//3926 2560//3926
f 2567//3926 2568//3926 2561//3926
f 2560//3927 2569//3927 2559//3927
f 2568//3927 2569//3927 2560//3927
f 2559//3928 2570//3928 2558//3928
f 2569//3928 2570//3928 2559//3928
f 2557//3929 2571//3929 2556//3929
f 2558//3930 2571//3930 2557//3930
f 2570//3930 2571//3930 2558//3930
f 2571//3929 2572//3929 2556//3929
f 2556//3931 2573//3931 2555//3931
f 2572//3932 2573//3932 2556//3932
f 2555//3933 2574//3933 2554//3933
f 2573//3934 2574//3934 2555//3934
f 2554//3935 2575//3935 2553//3935
f 2574//3935 2575//3935 2554//3935
f 2553//3936 2576//3936 2552//3936
f 2575//3937 2576//3937 2553//3937
f 2551//3938 2577//3938 2550//3938
f 2552//3939 2577//3939 2551//3939
f 2576//3940 2577//3940 2552//3940
f 2577//3938 2578//3938 2550//3938
f 2550//3941 2579//3941 2549//3941
f 2578//3941 2579//3941 2550//3941
f 2548//3942 2580//3942 2547//3942
f 2549//3943 2580//3943 2548//3943
f 2579//3944 2580//3944 2549//3944
f 2547//3945 2581//3945 2546//3945
f 2580//3942 2581//3942 2547//3942
f 2581//3946 2582//3946 2546//3946
f 2546//3947 2583//3947 2545//3947
f 2582//3948 2583//3948 2546//3948
f 2545//3949 2564//3949 2544//3949
f 2583//3950 2564//3950 2545//3950
f 2584//653 2571//653 2585//653
f 2584//474 2572//474 2571//1417
f 2584//632 2586//632 2572//632
f 2571//417 2570//417 2585//417
f 2586//450 2573//450 2572//450
f 2570//653 2587//653 2585//653
f 2586//610 2588//610 2573//610
f 2570//496 2569//496 2587//496
f 2588//539 2574//539 2573//539
f 2569//525 2589//525 2587//525
f 2588//593 2590//593 2574//593
f 2569//406 2568//406 2589//406
f 2590//450 2575//450 2574//450
f 2568//3951 2591//3951 2589//3951
f 2590//406 2592//406 2575//406
f 2568//450 2567//450 2591//450
f 2592//450 2576//450 2575//450
f 2567//3952 2593//3952 2591//3952
f 2592//484 2594//484 2576//484
f 2567//700 2566//496 2593//496
f 2594//417 2577//417 2576//417
f 2566//406 2595//406 2593//406
f 2594//3953 2596//3953 2577//3953
f 2566//700 2565//700 2595//700
f 2596//405 2578//405 2577//405
f 2565//632 2597//632 2595//632
f 2596//484 2598//484 2578//484
f 2565//525 2564//525 2597//525
f 2598//1419 2579//1419 2578//1419
f 2564//417 2599//417 2597//417
f 2598//496 2600//496 2579//496
f 2564//484 2583//484 2599//484
f 2600//450 2580//450 2579//450
f 2583//3954 2601//3954 2599//3954
f 2583//484 2582//484 2601//484
f 2600//3951 2602//3951 2580//3951
f 2580//475 2602//475 2581//475
f 2602//632 2603//632 2581//632
f 2581//417 2603//417 2582//417
f 2582//539 2603//539 2601//539
f 635//3822 2603//3822 643//3822
f 2601//3821 2603//3821 635//3821
f 643//3823 2602//3823 658//3823
f 2603//3823 2602//3823 643//3823
f 658//717 2600//717 664//717
f 2602//717 2600//717 658//717
f 664//3824 2598//3824 675//3824
f 675//3825 2598//3825 676//3825
f 2600//3824 2598//3824 664//3824
f 2598//3825 2596//3825 676//3825
f 676//3955 2594//3955 687//3955
f 687//3956 2594//3956 688//3956
f 2596//3955 2594//3955 676//3955
f 2594//3956 2592//3956 688//3956
f 688//924 2590//924 690//924
f 690//3957 2590//3957 691//3957
f 2592//925 2590//925 688//925
f 691//3958 2588//3958 679//3958
f 2590//3957 2588//3957 691//3957
f 2588//3959 2586//3959 679//3959
f 679//3960 2586//3960 680//3960
f 2586//3960 2584//3960 680//3960
f 680//3961 2585//3961 665//3961
f 2584//3961 2585//3961 680//3961
f 665//749 2587//749 659//749
f 659//3962 2587//3962 644//3962
f 2585//760 2587//760 665//760
f 2587//3962 2589//3962 644//3962
f 644//3963 2591//3963 639//3963
f 2589//3963 2591//3963 644//3963
f 639//3816 2593//3816 634//3816
f 634//3817 2593//3817 631//3817
f 2591//3815 2593//3815 639//3815
f 2593//3817 2595//3817 631//3817
f 631//713 2597//713 630//713
f 2595//713 2597//713 631//713
f 630//3819 2599//3819 633//3819
f 2597//3819 2599//3819 630//3819
f 633//3964 2601//3964 635//3964
f 2599//3820 2601//3820 633//3820
f 2440//3965 2439//3965 2469//3965
f 2469//3955 2439//3955 2493//3955
f 2493//3956 2438//3956 2497//3956
f 2439//3956 2438//3956 2493//3956
f 2497//925 2437//925 2499//925
f 2438//925 2437//925 2497//925
f 2499//3957 2436//3957 2495//3957
f 2437//3966 2436//3966 2499//3966
f 2495//3967 2435//3967 2490//3967
f 2490//3968 2435//3968 2487//3968
f 2436//3959 2435//3959 2495//3959
f 2435//3968 2434//3968 2487//3968
f 2487//3969 2433//3969 2484//3969
f 2484//760 2433//760 2481//760
f 2434//3970 2433//3970 2487//3970
f 2433//760 2432//760 2481//760
f 2481//3962 2430//3962 2478//3962
f 2432//3962 2430//3962 2481//3962
f 2478//3963 2431//3963 2459//3963
f 2430//3963 2431//3963 2478//3963
f 2604//3971 2418//3971 2429//3971
f 2604//3972 2429//3972 2442//3972
f 2605//3973 2442//3973 2444//3973
f 2605//3974 2604//3974 2442//3974
f 2606//3975 2444//3975 2446//3975
f 2606//3976 2605//3976 2444//3976
f 2448//3977 2606//3977 2446//3977
f 2607//3978 2606//3978 2448//3978
f 2608//3979 2448//3979 2450//3979
f 2608//3980 2607//3980 2448//3980
f 2609//3981 2450//3981 2451//3981
f 2609//3982 2608//3982 2450//3982
f 2454//3983 2609//3983 2451//3983
f 2610//3984 2609//3984 2454//3984
f 2611//3985 2454//3985 2455//3985
f 2611//3986 2610//3986 2454//3986
f 2612//3987 2455//3987 2457//3987
f 2612//3988 2611//3988 2455//3988
f 2408//3989 2457//3989 2419//3989
f 2408//3990 2612//3990 2457//3990
f 2404//3991 2402//3991 2418//3991
f 2404//3992 2418//3992 2604//3992
f 2406//3993 2604//3993 2605//3993
f 2406//3994 2404//3994 2604//3994
f 2407//3995 2605//3995 2606//3995
f 2407//3996 2406//3996 2605//3996
f 2405//3997 2606//3997 2607//3997
f 2405//3998 2407//3998 2606//3998
f 2403//3999 2607//3999 2608//3999
f 2403//4000 2405//4000 2607//4000
f 2401//4001 2403//4001 2608//4001
f 2609//4002 2401//4002 2608//4002
f 2399//4003 2401//4003 2609//4003
f 2610//4004 2399//4004 2609//4004
f 2397//4005 2399//4005 2610//4005
f 2611//4006 2397//4006 2610//4006
f 2395//4007 2397//4007 2611//4007
f 2612//4008 2395//4008 2611//4008
f 2393//4009 2395//4009 2612//4009
f 2408//4010 2393//4010 2612//4010
f 2391//4011 2393//4011 2408//4011
f 2089//4012 2093//4012 2253//4012
f 2093//4013 2096//4013 2250//4013
f 2096//4014 2099//4014 2248//4014
f 2120//4015 2233//4015 2235//4015
f 2123//4016 2231//4016 2233//4016
f 2126//4017 2179//4017 2231//4017
f 2126//4018 2181//4018 2179//4018
f 2126//4019 2182//4019 2181//4019
f 2126//4020 2127//4020 2182//4020
f 2176//4021 2613//4021 2253//4021
f 2089//4022 2613//4022 2088//4022
f 2177//4023 2613//4023 2176//4023
f 2178//4024 2613//4024 2177//4024
f 2088//4025 2613//4025 2178//4025
f 2253//4026 2613//4026 2089//4026
f 2253//4027 2614//4027 2250//4027
f 2093//4028 2614//4028 2253//4028
f 2250//4029 2614//4029 2093//4029
f 2250//4030 2615//4031 2248//4032
f 2096//4033 2615//4034 2250//4035
f 2248//4036 2615//4037 2096//4038
f 2248//4039 2616//4039 2246//4039
f 2099//4040 2616//4040 2248//4040
f 2616//4041 2617//4041 2246//4041
f 2100//4042 2618//4042 2099//4042
f 2099//4043 2618//4043 2616//4043
f 2616//4044 2618//4044 2617//4044
f 2246//4045 2619//4045 2244//4045
f 2617//4046 2619//4046 2246//4046
f 2100//4047 2619//4047 2618//4047
f 2618//4048 2619//4048 2617//4048
f 2619//4049 2620//4049 2244//4049
f 2105//4050 2621//4050 2100//4050
f 2619//4051 2621//4051 2620//4051
f 2100//4052 2621//4052 2619//4052
f 2620//4053 2622//4053 2244//4053
f 2244//4054 2622//4054 2243//4054
f 2105//4055 2622//4055 2621//4055
f 2621//4056 2622//4056 2620//4056
f 2622//4057 2623//4057 2243//4057
f 2108//4058 2624//4058 2105//4058
f 2105//4059 2624//4059 2622//4059
f 2622//4060 2624//4060 2623//4060
f 2243//4061 2625//4061 2241//4061
f 2624//4062 2625//4062 2623//4062
f 2108//4063 2625//4063 2624//4063
f 2623//4064 2625//4064 2243//4064
f 2625//4065 2626//4065 2241//4065
f 2625//4066 2627//4066 2626//4066
f 2111//4067 2627//4067 2108//4067
f 2108//4068 2627//4068 2625//4068
f 2626//4069 2628//4069 2241//4069
f 2627//4070 2628//4070 2626//4070
f 2111//4071 2628//4071 2627//4071
f 2241//4072 2628//4072 2238//4072
f 2628//4073 2629//4073 2238//4073
f 2111//4074 2630//4074 2628//4074
f 2628//4075 2630//4075 2629//4075
f 2112//4076 2630//4076 2111//4076
f 2238//4077 2631//4077 2237//4077
f 2629//4078 2631//4078 2238//4078
f 2630//4079 2631//4079 2629//4079
f 2112//4080 2631//4080 2630//4080
f 2631//4081 2632//4081 2237//4081
f 2112//4082 2633//4082 2631//4082
f 2115//4083 2633//4083 2112//4083
f 2631//4084 2633//4084 2632//4084
f 2237//4085 2634//4085 2235//4085
f 2632//4086 2634//4086 2237//4086
f 2633//4087 2634//4087 2632//4087
f 2115//4088 2634//4088 2633//4088
f 2634//4089 2635//4089 2235//4089
f 2235//4090 2635//4090 2120//4090
f 2120//4091 2636//4091 2115//4091
f 2115//4092 2636//4092 2634//4092
f 2635//4093 2636//4093 2120//4093
f 2634//4094 2636//4094 2635//4094
f 2120//4095 2637//4095 2233//4095
f 2233//4096 2637//4096 2123//4096
f 2123//4097 2638//4097 2120//4097
f 2637//4098 2638//4098 2123//4098
f 2120//4099 2638//4099 2637//4099
f 2123//4100 2639//4100 2231//4100
f 2231//4101 2639//4101 2126//4101
f 2126//4102 2640//4102 2123//4102
f 2639//4103 2640//4103 2126//4103
f 2123//4104 2640//4104 2639//4104
f 684//715 701//715 2641//715
f 2642//4105 684//4105 2641//4105
f 2643//4106 2644//4106 681//4106
f 2643//882 681//802 682//882
f 2645//1059 682//1059 683//1059
f 2645//4107 2643//4107 682//4107
f 2642//4108 683//4109 684//4108
f 2642//4110 2645//4110 683//4111
f 2641//4112 2646//4113 2647//4114
f 2641//496 2647//451 2648//496
f 2649//450 2648//450 2650//450
f 2649//417 2641//4115 2648//417
f 2642//4116 2649//593 2651//593
f 2642//4117 2641//4118 2649//405
f 2644//405 2651//405 2652//405
f 2644//484 2642//4119 2651//484
f 2643//4120 2645//4121 2642//4122
f 2643//461 2642//504 2644//501
f 681//9 2644//9 2652//9
f 681//9 2652//9 677//9
f 2652//4123 2651//4123 677//4123
f 677//4123 2651//4123 685//4123
f 685//4124 2649//4124 686//4124
f 2651//737 2649//737 685//737
f 686//4125 2650//4125 689//4125
f 2649//4126 2650//4126 686//4126
f 2648//710 694//710 689//710
f 2648//710 689//710 2650//710
f 2646//1076 2641//1076 701//1076
f 2646//1401 701//1401 698//1401
f 2647//4127 698//4127 695//4127
f 2647//796 2646//796 698//796
f 2648//4128 695//791 694//4128
f 2648//799 2647//799 695//4129
f 2653//9 625//9 632//9
f 2653//9 632//9 2654//9
f 2655//822 2656//822 624//822
f 2655//923 624//923 618//923
f 2657//4130 618//4130 622//4130
f 2657//4131 2655//4131 618//4131
f 2653//926 622//926 625//926
f 2653//4132 2657//4132 622//4132
f 2654//4133 2658//4133 2659//4134
f 2654//4135 2659//4136 2660//4135
f 2661//405 2660//405 2662//405
f 2661//415 2654//415 2660//415
f 2656//405 2663//405 2664//405
f 2653//414 2661//450 2663//450
f 2653//4137 2654//405 2661//405
f 2653//4138 2663//417 2656//417
f 2655//4139 2657//4140 2653//4141
f 2655//538 2653//532 2656//694
f 624//737 2656//737 2664//737
f 624//769 2664//769 629//769
f 2664//4142 2663//4142 629//4142
f 629//4142 2663//4142 640//4142
f 640//710 2661//710 641//710
f 2663//710 2661//710 640//710
f 641//4143 2662//4143 642//4143
f 2661//4143 2662//4143 641//4143
f 2660//801 654//801 642//801
f 2660//801 642//801 2662//801
f 2658//4144 2654//4144 632//4144
f 2658//773 632//773 645//773
f 2659//4145 645//4145 649//4145
f 2659//4146 2658//4146 645//4146
f 2660//778 649//778 654//778
f 2660//4147 2659//4147 649//4147
f 2665//737 646//737 623//737
f 2665//737 623//737 2666//737
f 2667//927 2668//927 657//927
f 2667//4148 657//4148 651//4148
f 2669//749 651//4149 647//749
f 2669//4150 2667//4149 651//4151
f 2665//4152 647//4152 646//4152
f 2665//847 2669//847 647//847
f 2666//4153 2670//4154 2671//4155
f 2666//4156 2671//545 2672//4157
f 2673//405 2672//570 2674//405
f 2673//477 2666//679 2672//552
f 2668//405 2675//405 2676//405
f 2665//406 2673//406 2675//406
f 2665//405 2666//4158 2673//405
f 2665//593 2675//593 2668//593
f 2669//4159 2668//4160 2667//4160
f 2669//527 2665//4161 2668//4161
f 657//710 2668//710 2676//710
f 657//710 2676//710 636//710
f 2676//4162 2675//4162 636//4162
f 636//4163 2675//4163 637//4163
f 637//715 2673//715 638//715
f 2675//715 2673//715 637//715
f 638//4164 2674//4164 627//4164
f 2673//4165 2674//4165 638//4165
f 2672//9 626//9 627//9
f 2672//9 627//9 2674//9
f 2670//732 2666//732 623//732
f 2670//1006 623//1006 617//1006
f 2671//4166 617//4166 620//4166
f 2671//4167 2670//4167 617//4167
f 2672//4168 620//4168 626//4168
f 2672//4169 2671//4169 620//4169
f 604//715 600//715 588//715
f 604//4170 588//4170 590//4170
f 2677//1375 628//1375 2678//1375
f 619//1375 628//1375 2677//1375
f 2678//1376 621//1376 2679//1376
f 628//1376 621//1376 2678//1376
f 2679//1377 616//1377 2680//1377
f 621//1378 616//1378 2679//1378
f 2680//1379 613//1379 2681//1379
f 616//1379 613//1379 2680//1379
f 2682//4171 2683//4172 2684//4173
f 2685//4174 2686//4175 2687//4176
f 2687//4177 2686//4178 2688//4179
f 2678//4180 2689//4181 2677//4182
f 2690//4183 2689//4184 2685//4185
f 2677//4186 2689//4187 2690//4188
f 2685//4189 2689//4190 2686//4191
f 2688//4192 2691//4193 2692//4194
f 2686//4195 2691//4196 2688//4197
f 2679//4198 2693//4199 2678//4200
f 2680//4201 2693//4202 2679//4203
f 2689//4204 2693//4205 2686//4206
f 2686//4207 2693//4208 2691//4209
f 2678//4210 2693//4211 2689//4212
f 2692//4213 2694//4213 2682//4214
f 2691//4215 2694//4216 2692//4217
f 2693//4218 2694//4219 2691//4220
f 2682//4221 2694//4222 2683//4223
f 2681//4224 2695//4225 2680//4226
f 2683//4227 2695//4228 2696//4229
f 2696//4230 2695//4231 2681//4232
f 2680//4233 2695//4234 2693//4235
f 2693//4236 2695//4237 2694//4238
f 2694//4239 2695//4240 2683//4241
f 2697//4242 2698//4243 2681//4244
f 2683//4245 2698//4245 2684//4245
f 2696//4246 2698//4246 2683//4246
f 2681//4247 2698//4248 2696//4249
f 2684//4250 2698//4250 2699//4250
f 2698//4251 2700//4251 2699//4251
f 2701//4252 2702//4252 2697//4252
f 2698//4253 2702//4253 2700//4253
f 2697//4254 2702//4254 2698//4254
f 2699//4255 2703//4255 2704//4255
f 2700//4256 2703//4256 2699//4256
f 2701//4257 2703//4257 2702//4257
f 2702//4258 2703//4258 2700//4258
f 2703//4259 2705//4259 2704//4259
f 2706//4260 2707//4261 2701//4262
f 2701//4263 2707//4264 2703//4265
f 2703//4266 2707//4266 2705//4266
f 2708//4267 2709//4268 2706//4269
f 2704//4270 2709//4270 2710//4270
f 2707//4271 2709//4271 2705//4271
f 2705//4272 2709//4272 2704//4272
f 2706//4273 2709//4274 2707//4275
f 2709//4276 2711//4276 2710//4276
f 2712//4277 2713//4277 2708//4277
f 2708//4278 2713//4278 2709//4278
f 2709//4279 2713//4279 2711//4279
f 2677//4280 2714//4281 2712//4282
f 2710//4283 2714//4283 2687//4283
f 2687//4284 2714//4284 2685//4284
f 2685//4285 2714//4285 2690//4285
f 2690//4286 2714//4287 2677//4288
f 2712//4289 2714//4289 2713//4289
f 2711//4290 2714//4290 2710//4290
f 2713//4291 2714//4291 2711//4291
f 2681//972 613//972 2697//972
f 2697//4292 612//4292 2701//4292
f 613//4293 612//4293 2697//4293
f 2701//714 614//714 2706//714
f 2706//927 614//927 2708//927
f 612//4294 614//4294 2701//4294
f 2708//4295 615//4295 2712//4295
f 614//4296 615//4296 2708//4296
f 2712//928 619//928 2677//928
f 615//4297 619//4297 2712//4297
f 2715//4298 2716//4299 2717//4300
f 2718//4301 2719//4302 2720//4303
f 2720//4304 2719//4305 2721//4306
f 2699//4307 2722//4307 2684//4307
f 2723//4308 2722//4309 2718//4310
f 2684//4311 2722//4311 2723//4311
f 2718//4312 2722//4313 2719//4314
f 2721//4315 2724//4315 2725//4315
f 2719//4316 2724//4316 2721//4316
f 2699//4317 2724//4317 2722//4317
f 2722//4318 2724//4318 2719//4318
f 2724//4319 2726//4319 2725//4319
f 2704//4320 2727//4320 2699//4320
f 2724//4321 2727//4322 2726//4322
f 2699//4323 2727//4323 2724//4323
f 2728//4324 2729//4325 2730//4326
f 2725//4327 2729//4328 2728//4329
f 2726//4330 2729//4331 2725//4332
f 2704//4333 2731//4333 2727//4333
f 2727//4334 2731//4335 2726//4336
f 2726//4337 2731//4338 2729//4339
f 2729//4340 2732//4341 2730//4342
f 2710//4343 2733//4343 2704//4343
f 2704//4344 2733//4344 2731//4344
f 2729//4345 2733//4346 2732//4347
f 2731//4348 2733//4349 2729//4350
f 2730//4351 2734//4351 2715//4351
f 2710//4352 2734//4352 2733//4352
f 2732//4353 2734//4353 2730//4353
f 2733//4354 2734//4354 2732//4354
f 2716//4355 2735//4356 2736//4357
f 2715//4358 2735//4359 2716//4360
f 2734//4361 2735//4361 2715//4361
f 2736//4362 2737//4362 2687//4362
f 2687//4363 2737//4363 2710//4363
f 2735//4364 2737//4365 2736//4366
f 2710//4367 2737//4367 2734//4367
f 2734//4368 2737//4368 2735//4368
f 2738//4369 2739//4369 2740//4369
f 2741//4370 2740//4370 2742//4370
f 2741//4371 2738//4371 2740//4371
f 2743//4372 2744//4372 2739//4372
f 2743//4369 2739//4369 2738//4369
f 2745//4373 2746//4373 2747//4373
f 2745//4374 2742//4374 2746//4374
f 2745//4375 2741//4375 2742//4375
f 2748//4370 2738//4370 2741//4370
f 2748//4370 2743//4370 2738//4370
f 2749//4376 2750//4376 2751//4376
f 2749//4377 2751//4377 2744//4377
f 2749//4370 2743//4370 2748//4370
f 2749//4372 2744//4372 2743//4372
f 2752//4373 2747//4373 2728//4373
f 2752//4375 2741//4375 2745//4375
f 2752//4378 2748//4378 2741//4378
f 2752//4379 2745//4379 2747//4379
f 2753//4380 2715//4380 2717//4380
f 2753//4381 2717//4381 2750//4381
f 2753//4370 2749//4370 2748//4370
f 2753//4382 2750//4382 2749//4382
f 2754//4383 2728//4383 2730//4383
f 2754//4384 2730//4384 2715//4384
f 2754//4385 2715//4385 2753//4385
f 2754//4373 2752//4373 2728//4373
f 2754//4375 2748//4375 2752//4375
f 2754//4375 2753//4375 2748//4375
f 2755//4386 2739//4386 2756//4386
f 2740//4387 2739//4387 2755//4387
f 2757//4388 2740//4388 2755//4388
f 2742//4389 2757//4389 2758//4389
f 2742//4390 2740//4390 2757//4390
f 2759//4391 2742//4391 2758//4391
f 2746//4392 2742//4392 2759//4392
f 2760//4393 2746//4393 2759//4393
f 2747//4394 2760//4394 2761//4394
f 2747//4395 2746//4395 2760//4395
f 2762//4396 2763//4397 2764//4398
f 2765//4399 2763//4399 2766//4399
f 2767//4400 2763//4400 2765//4400
f 2764//4401 2763//4402 2767//4403
f 2766//4404 2763//4404 2768//4404
f 2763//4405 2769//4405 2768//4405
f 2770//4406 2771//4407 2762//4408
f 2763//4409 2771//4409 2769//4409
f 2762//4410 2771//4411 2763//4412
f 2761//4413 2772//4413 2770//4413
f 2768//4414 2772//4414 2773//4414
f 2770//4415 2772//4415 2771//4415
f 2771//4416 2772//4416 2769//4416
f 2769//4417 2772//4417 2768//4417
f 2772//4418 2774//4418 2773//4418
f 2760//4419 2775//4419 2761//4419
f 2761//4420 2775//4420 2772//4420
f 2772//4421 2775//4421 2774//4421
f 2758//4422 2776//4422 2759//4422
f 2759//4423 2776//4424 2760//4425
f 2773//4426 2776//4426 2777//4426
f 2777//4427 2776//4427 2778//4427
f 2778//4428 2776//4428 2779//4428
f 2779//4429 2776//4429 2758//4429
f 2774//4430 2776//4430 2773//4430
f 2760//4431 2776//4432 2775//4433
f 2775//4434 2776//4434 2774//4434
f 2770//4435 2747//4435 2761//4435
f 2780//4436 2747//4436 2770//4436
f 2762//4437 2780//4437 2770//4437
f 2781//4438 2762//4438 2764//4438
f 2781//4439 2780//4439 2762//4439
f 2782//4440 2781//4440 2764//4440
f 2783//4441 2781//4441 2782//4441
f 2784//4442 2783//4442 2782//4442
f 2739//4443 2784//4443 2756//4443
f 2739//4444 2783//4444 2784//4444
f 2785//4445 2747//4445 2780//4445
f 2786//4446 2780//4446 2781//4446
f 2786//4447 2785//4447 2780//4447
f 2787//4445 2728//4445 2747//4445
f 2787//4448 2747//4448 2785//4448
f 2788//4449 2783//4449 2739//4449
f 2788//4450 2781//4450 2783//4450
f 2788//4450 2786//4450 2781//4450
f 2789//4447 2785//4447 2786//4447
f 2789//4451 2787//4451 2785//4451
f 2790//4452 2721//4452 2725//4452
f 2790//4453 2725//4453 2728//4453
f 2790//4445 2728//4445 2787//4445
f 2791//4449 2739//4449 2744//4449
f 2791//4450 2786//4450 2788//4450
f 2791//4450 2789//4450 2786//4450
f 2791//4454 2788//4454 2739//4454
f 2792//4455 2793//4455 2720//4455
f 2792//4456 2720//4456 2721//4456
f 2792//4446 2787//4446 2789//4446
f 2792//4457 2721//4457 2790//4457
f 2792//4446 2790//4446 2787//4446
f 2794//4458 2744//4458 2795//4458
f 2794//4459 2795//4459 2793//4459
f 2794//4460 2793//4460 2792//4460
f 2794//4449 2791//4449 2744//4449
f 2794//4461 2789//4461 2791//4461
f 2794//4450 2792//4450 2789//4450
f 2793//4462 2718//4463 2720//4464
f 2716//4465 2796//4466 2717//4467
f 2717//4468 2796//4469 2750//4470
f 2688//4471 2797//4471 2687//4471
f 2736//4472 2797//4473 2716//4474
f 2687//4475 2797//4475 2736//4475
f 2716//4476 2797//4477 2796//4478
f 2750//4479 2798//4479 2751//4479
f 2796//4480 2798//4480 2750//4480
f 2688//4481 2798//4481 2797//4481
f 2797//4482 2798//4482 2796//4482
f 2798//4483 2799//4483 2751//4483
f 2692//4484 2800//4484 2688//4484
f 2798//4485 2800//4485 2799//4485
f 2688//4486 2800//4486 2798//4486
f 2751//4487 2801//4488 2744//4489
f 2799//4490 2801//4491 2751//4492
f 2800//4493 2801//4494 2799//4495
f 2692//4496 2802//4496 2800//4496
f 2800//4497 2802//4498 2801//4499
f 2744//4500 2803//4501 2795//4502
f 2801//4503 2803//4504 2744//4505
f 2682//4506 2804//4506 2692//4506
f 2692//4507 2804//4507 2802//4507
f 2802//4508 2804//4509 2801//4510
f 2801//4511 2804//4512 2803//4513
f 2795//4514 2805//4514 2793//4514
f 2682//4515 2805//4515 2804//4515
f 2804//4516 2805//4516 2803//4516
f 2803//4517 2805//4517 2795//4517
f 2805//4518 2806//4518 2793//4518
f 2793//4519 2806//4520 2718//4521
f 2718//4522 2807//4523 2723//4524
f 2723//4525 2807//4525 2684//4525
f 2684//4526 2807//4526 2682//4526
f 2806//4527 2807//4528 2718//4529
f 2682//4530 2807//4530 2805//4530
f 2805//4531 2807//4531 2806//4531
f 2757//4532 2808//4532 2758//4532
f 2778//4533 2808//4533 2777//4533
f 2779//4534 2808//4534 2778//4534
f 2758//4535 2808//4535 2779//4535
f 2777//4536 2808//4536 2809//4536
f 2808//4537 2810//4537 2809//4537
f 2755//4538 2811//4538 2757//4538
f 2757//4539 2811//4539 2808//4539
f 2808//4540 2811//4540 2810//4540
f 2756//4541 2812//4542 2755//4543
f 2809//4544 2812//4544 2813//4544
f 2755//4545 2812//4546 2811//4545
f 2811//4547 2812//4547 2810//4547
f 2810//4548 2812//4548 2809//4548
f 2812//4549 2814//4549 2813//4549
f 2784//4550 2815//4550 2756//4551
f 2756//4552 2815//4553 2812//4553
f 2812//4554 2815//4554 2814//4554
f 2813//4555 2816//4555 2766//4555
f 2766//4556 2816//4556 2765//4556
f 2765//4557 2816//4557 2767//4557
f 2767//4558 2816//4559 2764//4560
f 2764//4561 2816//4562 2782//4563
f 2782//4564 2816//4565 2784//4566
f 2814//4567 2816//4567 2813//4567
f 2784//4568 2816//4569 2815//4570
f 2815//4571 2816//4571 2814//4571
f 2817//4572 2818//4572 2819//4572
f 2819//4573 2818//4573 2820//4573
f 2809//4574 2821//4574 2777//4574
f 2822//4575 2821//4575 2817//4575
f 2777//4576 2821//4576 2822//4576
f 2817//4577 2821//4577 2818//4577
f 2820//4578 2823//4578 2824//4578
f 2818//4579 2823//4579 2820//4579
f 2809//4580 2825//4580 2821//4580
f 2818//4581 2825//4581 2823//4581
f 2821//4582 2825//4582 2818//4582
f 2824//4583 2826//4583 2827//4583
f 2823//4584 2826//4584 2824//4584
f 2813//4585 2828//4585 2809//4585
f 2825//4586 2828//4586 2823//4586
f 2823//4587 2828//4588 2826//4588
f 2809//4589 2828//4589 2825//4589
f 2827//4590 2829//4590 2830//4590
f 2826//4591 2829//4591 2827//4591
f 2828//4592 2831//4592 2826//4593
f 2813//4594 2831//4594 2828//4594
f 2826//4595 2831//4596 2829//4596
f 2830//4597 2832//4598 2833//4599
f 2833//4600 2832//4600 2834//4600
f 2834//4601 2832//4601 2835//4601
f 2829//4602 2832//4603 2830//4604
f 2835//4605 2836//4606 2837//4607
f 2837//4608 2836//4608 2766//4608
f 2766//4609 2836//4609 2813//4609
f 2832//4610 2836//4611 2835//4612
f 2813//4613 2836//4613 2831//4613
f 2831//4614 2836//4614 2829//4614
f 2829//4615 2836//4615 2832//4615
f 2838//927 2827//927 2830//927
f 2839//996 2830//996 2833//996
f 2839//928 2833//928 2834//928
f 2839//4616 2838//4616 2830//4616
f 2840//922 2834//922 2841//922
f 2840//925 2841//925 2842//925
f 2840//4617 2839//4617 2834//4617
f 2843//926 2842//926 2844//926
f 2843//4618 2840//4618 2842//4618
f 2840//4619 2843//4619 2845//4619
f 2840//4619 2845//4619 2846//4619
f 2839//4620 2846//4620 2847//4620
f 2839//4621 2840//4621 2846//4621
f 2838//4622 2847//4622 2848//4622
f 2838//4622 2839//4622 2847//4622
f 2847//406 2849//406 2848//406
f 2846//405 2845//405 2850//405
f 2846//450 2850//450 2849//450
f 2846//405 2849//405 2847//405
f 2851//4623 2838//4623 2848//4623
f 2851//4624 2848//4624 2849//4624
f 2852//4625 2849//4625 2850//4625
f 2852//4626 2851//4626 2849//4626
f 2843//4627 2850//4627 2845//4627
f 2843//4628 2852//4628 2850//4628
f 2843//716 2844//716 2853//716
f 2852//717 2853//717 2854//717
f 2852//719 2854//719 2819//719
f 2852//4629 2843//4629 2853//4629
f 2851//4630 2819//4630 2820//4630
f 2851//713 2820//713 2824//713
f 2851//4631 2852//4631 2819//4631
f 2838//714 2824//714 2827//714
f 2838//4632 2851//4632 2824//4632
f 2835//4633 2855//4634 2834//4635
f 2834//4636 2855//4637 2841//4638
f 2768//4639 2856//4639 2766//4639
f 2837//4640 2856//4641 2835//4642
f 2766//4643 2856//4643 2837//4643
f 2835//4644 2856//4645 2855//4646
f 2841//4647 2857//4648 2842//4648
f 2855//4649 2857//4650 2841//4651
f 2768//4652 2858//4652 2856//4652
f 2855//4653 2858//4653 2857//4653
f 2856//4653 2858//4653 2855//4653
f 2842//4654 2859//4654 2844//4654
f 2857//4655 2859//4655 2842//4655
f 2773//4656 2860//4656 2768//4656
f 2858//4657 2860//4658 2857//4659
f 2857//4660 2860//4661 2859//4661
f 2768//4662 2860//4662 2858//4662
f 2844//4663 2861//4664 2853//4665
f 2859//4666 2861//4666 2844//4666
f 2860//4667 2862//4668 2859//4667
f 2773//4669 2862//4669 2860//4669
f 2859//4670 2862//4671 2861//4670
f 2853//4672 2863//4673 2854//4674
f 2854//4675 2863//4676 2819//4677
f 2819//4678 2863//4679 2817//4680
f 2861//4681 2863//4682 2853//4683
f 2817//4684 2864//4684 2822//4684
f 2822//4685 2864//4685 2777//4685
f 2777//4686 2864//4686 2773//4686
f 2863//4687 2864//4687 2817//4687
f 2773//4688 2864//4688 2862//4688
f 2862//4689 2864//4690 2861//4691
f 2861//4692 2864//4693 2863//4694
f 2865//922 666//922 2866//922
f 2866//4695 672//4695 2867//4695
f 666//4696 672//4696 2866//4696
f 2867//926 678//926 2868//926
f 2868//716 678//716 2869//716
f 672//4697 678//4697 2867//4697
f 2869//4698 660//4698 2870//4698
f 678//4699 660//4699 2869//4699
f 2870//719 653//719 2871//719
f 660//4700 653//4700 2870//4700
f 2872//4701 2873//4702 2874//4703
f 2875//4704 2873//4704 2876//4704
f 2877//4705 2873//4705 2875//4705
f 2874//4706 2873//4707 2877//4708
f 2876//4709 2873//4709 2878//4709
f 2873//4710 2879//4710 2878//4710
f 2880//4711 2881//4711 2872//4711
f 2873//4712 2881//4712 2879//4712
f 2872//4713 2881//4713 2873//4713
f 2878//4714 2882//4714 2883//4714
f 2879//4715 2882//4715 2878//4715
f 2880//4716 2882//4716 2881//4716
f 2881//4717 2882//4717 2879//4717
f 2882//4718 2884//4718 2883//4718
f 2865//4719 2885//4720 2880//4721
f 2880//4722 2885//4723 2882//4724
f 2882//4725 2885//4725 2884//4725
f 2866//4726 2886//4727 2865//4728
f 2883//4729 2886//4729 2887//4729
f 2885//4730 2886//4730 2884//4730
f 2884//4731 2886//4731 2883//4731
f 2865//4732 2886//4733 2885//4734
f 2886//4735 2888//4735 2887//4736
f 2867//4737 2889//4737 2866//4737
f 2866//4738 2889//4738 2886//4738
f 2886//4739 2889//4739 2888//4739
f 2868//4740 2890//4741 2867//4742
f 2887//4743 2890//4743 2891//4743
f 2891//4744 2890//4744 2892//4744
f 2892//4745 2890//4745 2893//4745
f 2893//4746 2890//4747 2868//4748
f 2867//4749 2890//4749 2889//4749
f 2888//4750 2890//4750 2887//4750
f 2889//4751 2890//4751 2888//4751
f 2871//711 653//711 2894//711
f 2894//4752 648//4752 2895//4752
f 653//4753 648//4753 2894//4753
f 2895//714 652//714 2874//714
f 2874//927 652//927 2872//927
f 648//4294 652//4294 2895//4294
f 2872//4754 661//4754 2880//4754
f 652//4755 661//4755 2872//4755
f 2880//928 666//928 2865//928
f 661//4756 666//4756 2880//4756
f 2869//4757 2896//4758 2868//4759
f 2892//4760 2896//4760 2891//4760
f 2893//4761 2896//4761 2892//4761
f 2868//4762 2896//4763 2893//4764
f 2891//4765 2896//4765 2897//4765
f 2896//4766 2898//4766 2897//4766
f 2870//4767 2899//4767 2869//4767
f 2896//4768 2899//4768 2898//4768
f 2869//4769 2899//4769 2896//4769
f 2897//4770 2900//4770 2901//4770
f 2898//4771 2900//4771 2897//4771
f 2870//4772 2900//4772 2899//4772
f 2899//4773 2900//4773 2898//4773
f 2900//4774 2902//4774 2901//4774
f 2871//4775 2903//4776 2870//4777
f 2870//4778 2903//4779 2900//4780
f 2900//4781 2903//4781 2902//4781
f 2894//4782 2904//4783 2871//4784
f 2901//4785 2904//4785 2905//4785
f 2903//4786 2904//4786 2902//4786
f 2902//4787 2904//4787 2901//4787
f 2871//4788 2904//4789 2903//4790
f 2904//4791 2906//4791 2905//4791
f 2895//4792 2907//4792 2894//4792
f 2894//4793 2907//4793 2904//4793
f 2904//4794 2907//4794 2906//4794
f 2874//4795 2908//4796 2895//4797
f 2905//4798 2908//4798 2876//4798
f 2876//4799 2908//4799 2875//4799
f 2875//4800 2908//4800 2877//4800
f 2877//4801 2908//4802 2874//4803
f 2895//4804 2908//4804 2907//4804
f 2906//4805 2908//4805 2905//4805
f 2907//4258 2908//4258 2906//4258
f 2909//4806 2910//4807 2911//4808
f 2912//4809 2913//4810 2914//4811
f 2914//4812 2913//4813 2915//4814
f 2897//4506 2916//4506 2891//4506
f 2917//4815 2916//4816 2912//4817
f 2891//4818 2916//4818 2917//4818
f 2912//4819 2916//4820 2913//4821
f 2915//4822 2918//4822 2919//4822
f 2913//4823 2918//4823 2915//4823
f 2897//4824 2918//4824 2916//4824
f 2916//4825 2918//4825 2913//4825
f 2918//4826 2920//4826 2919//4826
f 2901//4827 2921//4827 2897//4827
f 2918//4828 2921//4828 2920//4828
f 2897//4829 2921//4829 2918//4829
f 2922//4830 2923//4831 2924//4832
f 2919//4833 2923//4834 2922//4835
f 2920//4836 2923//4837 2919//4838
f 2901//4839 2925//4839 2921//4839
f 2921//4840 2925//4841 2920//4842
f 2920//4843 2925//4844 2923//4845
f 2923//4846 2926//4847 2924//4848
f 2905//4849 2927//4849 2901//4849
f 2901//4850 2927//4850 2925//4850
f 2923//4851 2927//4852 2926//4853
f 2925//4854 2927//4855 2923//4856
f 2924//4857 2928//4857 2909//4857
f 2905//4858 2928//4858 2927//4858
f 2926//4859 2928//4859 2924//4859
f 2927//4860 2928//4860 2926//4860
f 2909//4861 2929//4862 2910//4863
f 2928//4864 2929//4864 2909//4864
f 2910//4865 2930//4866 2931//4867
f 2931//4868 2930//4868 2876//4868
f 2876//4869 2930//4869 2905//4869
f 2929//4870 2930//4871 2910//4872
f 2905//4873 2930//4873 2928//4873
f 2928//4874 2930//4874 2929//4874
f 2932//4875 2933//4875 2934//4875
f 2935//4373 2934//4373 2936//4373
f 2935//4373 2932//4373 2934//4373
f 2937//4375 2938//4375 2933//4375
f 2937//4374 2933//4374 2932//4374
f 2939//4446 2940//4446 2941//4446
f 2939//4445 2936//4445 2940//4445
f 2939//4448 2935//4448 2936//4448
f 2942//4379 2932//4379 2935//4379
f 2942//4445 2935//4445 2939//4445
f 2942//4373 2937//4373 2932//4373
f 2943//4384 2944//4384 2945//4384
f 2943//4876 2945//4876 2938//4876
f 2943//4375 2938//4375 2937//4375
f 2946//4446 2941//4446 2922//4446
f 2946//4445 2942//4445 2939//4445
f 2946//4446 2939//4446 2941//4446
f 2947//4877 2909//4877 2911//4877
f 2947//4878 2911//4878 2944//4878
f 2947//4373 2937//4373 2942//4373
f 2947//4879 2944//4879 2943//4879
f 2947//4379 2943//4379 2937//4379
f 2948//4880 2922//4880 2924//4880
f 2948//4881 2924//4881 2909//4881
f 2948//4446 2946//4446 2922//4446
f 2948//4882 2909//4882 2947//4882
f 2948//4445 2942//4445 2946//4445
f 2948//4448 2947//4448 2942//4448
f 2949//4883 2933//4883 2950//4883
f 2934//4884 2933//4884 2949//4884
f 2951//4885 2934//4885 2949//4885
f 2936//4394 2951//4394 2952//4394
f 2936//4886 2934//4886 2951//4886
f 2953//4887 2936//4887 2952//4887
f 2940//4888 2936//4888 2953//4888
f 2954//4889 2940//4889 2953//4889
f 2941//4890 2954//4890 2955//4890
f 2941//4891 2940//4891 2954//4891
f 2956//4892 2957//4893 2958//4892
f 2959//4894 2957//4894 2960//4894
f 2961//4895 2957//4895 2959//4895
f 2958//4896 2957//4897 2961//4896
f 2960//4898 2957//4898 2962//4898
f 2957//4899 2963//4899 2962//4899
f 2964//4900 2965//4901 2956//4902
f 2957//4903 2965//4903 2963//4903
f 2956//4904 2965//4905 2957//4906
f 2955//4907 2966//4908 2964//4909
f 2962//4910 2966//4910 2967//4910
f 2964//4911 2966//4912 2965//4913
f 2965//4914 2966//4914 2963//4914
f 2963//4915 2966//4915 2962//4915
f 2966//4916 2968//4916 2967//4916
f 2954//4917 2969//4917 2955//4918
f 2955//4919 2969//4919 2966//4919
f 2966//4920 2969//4920 2968//4920
f 2952//4921 2970//4921 2953//4921
f 2953//4922 2970//4923 2954//4922
f 2967//4924 2970//4924 2971//4924
f 2971//4925 2970//4925 2972//4925
f 2972//4926 2970//4926 2973//4926
f 2973//4413 2970//4413 2952//4413
f 2968//4927 2970//4927 2967//4927
f 2954//4928 2970//4929 2969//4928
f 2969//4930 2970//4930 2968//4930
f 2964//4931 2941//4931 2955//4931
f 2974//4441 2941//4441 2964//4441
f 2956//4932 2974//4932 2964//4932
f 2975//4933 2956//4933 2958//4933
f 2975//4934 2974//4934 2956//4934
f 2976//4935 2975//4935 2958//4935
f 2977//4936 2975//4936 2976//4936
f 2978//4388 2977//4388 2976//4388
f 2933//4937 2978//4937 2950//4937
f 2933//4938 2977//4938 2978//4938
f 2979//4450 2941//4450 2974//4450
f 2980//4449 2974//4449 2975//4449
f 2980//4454 2979//4454 2974//4454
f 2981//4461 2922//4461 2941//4461
f 2981//4461 2941//4461 2979//4461
f 2982//4370 2977//4370 2933//4370
f 2982//4372 2975//4372 2977//4372
f 2982//4369 2980//4369 2975//4369
f 2983//4454 2979//4454 2980//4454
f 2983//4449 2981//4449 2979//4449
f 2984//4939 2915//4939 2919//4939
f 2984//4940 2919//4940 2922//4940
f 2984//4449 2981//4449 2983//4449
f 2984//4941 2922//4941 2981//4941
f 2985//4370 2933//4370 2938//4370
f 2985//4372 2980//4372 2982//4372
f 2985//4372 2983//4372 2980//4372
f 2985//4370 2982//4370 2933//4370
f 2986//4942 2987//4942 2914//4942
f 2986//4943 2914//4943 2915//4943
f 2986//4449 2984//4449 2983//4449
f 2986//4944 2915//4944 2984//4944
f 2988//4945 2938//4945 2989//4945
f 2988//4946 2989//4946 2987//4946
f 2988//4947 2987//4947 2986//4947
f 2988//4948 2985//4948 2938//4948
f 2988//4369 2983//4369 2985//4369
f 2988//4372 2986//4372 2983//4372
f 2987//4949 2912//4950 2914//4492
f 2910//4951 2990//4952 2911//4953
f 2911//4954 2990//4955 2944//4956
f 2878//4957 2991//4957 2876//4957
f 2931//4958 2991//4959 2910//4960
f 2876//4961 2991//4961 2931//4961
f 2910//4962 2991//4963 2990//4964
f 2944//4965 2992//4965 2945//4965
f 2990//4966 2992//4966 2944//4966
f 2878//4967 2992//4967 2991//4967
f 2991//4968 2992//4968 2990//4968
f 2992//4969 2993//4969 2945//4969
f 2883//4970 2994//4970 2878//4970
f 2992//4971 2994//4971 2993//4971
f 2878//4972 2994//4972 2992//4972
f 2938//4973 2995//4974 2989//4975
f 2945//4976 2995//4977 2938//4978
f 2993//4979 2995//4980 2945//4981
f 2883//4982 2996//4982 2994//4982
f 2994//4983 2996//4984 2993//4985
f 2993//4986 2996//4987 2995//4988
f 2995//4989 2997//4990 2989//4991
f 2887//4992 2998//4992 2883//4992
f 2883//4993 2998//4993 2996//4993
f 2995//4994 2998//4995 2997//4996
f 2996//4997 2998//4998 2995//4999
f 2989//5000 2999//5000 2987//5000
f 2887//5001 2999//5001 2998//5001
f 2997//5002 2999//5002 2989//5002
f 2998//5003 2999//5003 2997//5003
f 2912//5004 3000//5005 2917//5006
f 2987//5007 3000//5008 2912//5009
f 2999//5010 3000//5010 2987//5010
f 2917//5011 3001//5011 2891//5011
f 2891//5012 3001//5012 2887//5012
f 3000//5013 3001//5014 2917//5015
f 2887//5016 3001//5017 2999//5017
f 2999//5018 3001//5018 3000//5018
f 2951//5019 3002//5019 2952//5019
f 2972//5020 3002//5020 2971//5020
f 2973//5021 3002//5021 2972//5021
f 2952//5022 3002//5022 2973//5022
f 2971//5023 3002//5023 3003//5023
f 3002//5024 3004//5024 3003//5024
f 2950//5025 3005//5026 2949//5025
f 2949//5027 3005//5027 2951//5027
f 2951//5028 3005//5028 3002//5028
f 3002//5029 3005//5029 3004//5029
f 3003//5030 3006//5030 3007//5030
f 3005//5031 3006//5031 3004//5031
f 2950//5032 3006//5032 3005//5033
f 3004//5034 3006//5034 3003//5034
f 3006//5035 3008//5035 3007//5035
f 2978//5036 3009//5036 2950//5036
f 3006//5037 3009//5037 3008//5037
f 2950//5038 3009//5038 3006//5038
f 3007//5039 3010//5039 2960//5039
f 2960//5040 3010//5040 2959//5040
f 2959//5041 3010//5041 2961//5041
f 2961//5042 3010//5042 2958//5042
f 2958//5043 3010//5043 2976//5043
f 2976//5044 3010//5044 2978//5044
f 2978//5045 3010//5045 3009//5045
f 3008//5046 3010//5046 3007//5046
f 3009//5047 3010//5047 3008//5047
f 3011//5048 3012//5048 3013//5048
f 3013//5049 3012//5049 3014//5049
f 3003//5050 3015//5050 2971//5050
f 3016//5051 3015//5051 3011//5051
f 2971//5052 3015//5052 3016//5052
f 3011//5053 3015//5053 3012//5053
f 3014//5054 3017//5055 3018//5056
f 3012//5055 3017//5057 3014//5055
f 3003//5058 3019//5058 3015//5058
f 3012//5059 3019//5059 3017//5059
f 3015//5060 3019//5060 3012//5060
f 3018//5061 3020//5062 3021//5063
f 3017//5064 3020//5065 3018//5066
f 3007//5067 3022//5067 3003//5067
f 3019//5068 3022//5068 3017//5068
f 3017//5069 3022//5069 3020//5069
f 3003//5070 3022//5070 3019//5070
f 3021//5071 3023//5072 3024//5073
f 3020//5074 3023//5075 3021//5076
f 3022//5077 3025//5077 3020//5077
f 3007//5078 3025//5078 3022//5078
f 3020//5079 3025//5079 3023//5079
f 3024//5080 3026//5080 3027//5080
f 3027//5081 3026//5081 3028//5081
f 3028//5082 3026//5082 3029//5082
f 3023//5083 3026//5083 3024//5083
f 3029//4588 3030//4588 3031//4588
f 3031//5084 3030//5084 2960//5084
f 2960//5085 3030//5085 3007//5085
f 3026//5086 3030//5086 3029//5086
f 3007//5087 3030//5087 3025//5087
f 3025//5088 3030//5088 3023//5088
f 3023//5089 3030//5089 3026//5089
f 3032//937 3021//937 3024//937
f 3033//713 3024//713 3027//713
f 3033//714 3027//714 3028//714
f 3033//5090 3032//5090 3024//5090
f 3034//927 3028//927 3035//927
f 3034//760 3035//760 3036//760
f 3034//5091 3033//5091 3028//5091
f 3037//851 3036//851 3038//851
f 3037//5092 3034//5092 3036//5092
f 3034//5093 3037//5093 3039//5093
f 3034//5094 3039//5094 3040//5094
f 3033//5095 3040//5095 3041//5095
f 3033//5096 3034//5096 3040//5096
f 3032//5097 3033//5097 3041//5097
f 3040//450 3039//450 3042//450
f 3037//5098 3042//5098 3039//5098
f 3037//5099 3044//5099 3042//5099
f 3037//5100 3038//5100 3045//5100
f 3044//925 3045//925 3046//925
f 3044//4169 3046//4169 3013//4169
f 3044//5101 3037//5101 3045//5101
f 3043//716 3013//716 3014//716
f 3043//772 3014//772 3018//772
f 3043//5102 3044//5102 3013//5102
f 3032//719 3018//719 3021//719
f 3032//5103 3043//5103 3018//5103
f 3029//5104 3047//5104 3028//5104
f 3028//5105 3047//5105 3035//5105
f 2962//5106 3048//5106 2960//5106
f 3031//5107 3048//5108 3029//5107
f 2960//5109 3048//5109 3031//5109
f 3029//5110 3048//5110 3047//5110
f 3035//5111 3049//5111 3036//5111
f 3036//5112 3049//5113 3038//5114
f 3047//5115 3049//5115 3035//5115
f 2962//5116 3050//5116 3048//5116
f 3047//5117 3050//4615 3049//5118
f 3048//5119 3050//5120 3047//5121
f 3049//5122 3051//5123 3038//5124
f 2967//5125 3052//5125 2962//5125
f 3050//5126 3052//5127 3049//5128
f 3049//5129 3052//5130 3051//5131
f 2962//5132 3052//5132 3050//5132
f 3038//5133 3053//5133 3045//5133
f 3045//5134 3053//5134 3046//5135
f 3051//5136 3053//5136 3038//5136
f 2967//5137 3054//5137 3052//5137
f 3051//5138 3054//4642 3053//5139
f 3052//5140 3054//5141 3051//5142
f 3046//5143 3055//5144 3013//5145
f 3013//5146 3055//5147 3011//5146
f 3053//5148 3055//5149 3046//5134
f 3011//5150 3056//5151 3016//5151
f 3016//5152 3056//5152 2971//5152
f 2971//5153 3056//5153 2967//5153
f 2967//5154 3056//5154 3054//5154
f 3055//5155 3056//5155 3011//5156
f 3054//5157 3056//5158 3053//5157
f 3053//5159 3056//5160 3055//5161
f 3057//1375 668//1375 3058//1375
f 674//1375 668//1375 3057//1375
f 3058//1376 667//1376 3059//1376
f 668//1376 667//1376 3058//1376
f 3059//1377 663//1377 3060//1377
f 667//1377 663//1377 3059//1377
f 3060//1379 655//1379 3061//1379
f 663//1379 655//1379 3060//1379
f 3062//5162 3063//5163 3064//5164
f 3065//5165 3066//5166 3067//5167
f 3067//5168 3066//5169 3068//5170
f 3058//5171 3069//5172 3057//5173
f 3059//5174 3069//5175 3058//5176
f 3070//5177 3069//5178 3065//5179
f 3057//5180 3069//5181 3070//5182
f 3065//5183 3069//5184 3066//5185
f 3068//5186 3071//5187 3072//5188
f 3066//5189 3071//5190 3068//5191
f 3060//5192 3073//5193 3059//5194
f 3069//5195 3073//5196 3066//5197
f 3066//5198 3073//5199 3071//5200
f 3059//5201 3073//5202 3069//5203
f 3072//5204 3074//5205 3062//5206
f 3071//5207 3074//5208 3072//5209
f 3062//5210 3074//5211 3063//5212
f 3061//5213 3075//5214 3060//5215
f 3063//5216 3075//5217 3076//5218
f 3076//5219 3075//5220 3061//5221
f 3074//5222 3075//5223 3063//5224
f 3060//5225 3075//5226 3073//5225
f 3073//5227 3075//5228 3071//5229
f 3071//5230 3075//5231 3074//5232
f 3077//4242 3078//5233 3061//5234
f 3063//5235 3078//5235 3064//5235
f 3076//5236 3078//5236 3063//5236
f 3061//5237 3078//5238 3076//5239
f 3064//5240 3078//5240 3079//5240
f 3078//5241 3080//5241 3079//5241
f 3081//5242 3082//5242 3077//5242
f 3078//5243 3082//5243 3080//5243
f 3077//5244 3082//5244 3078//5244
f 3079//5245 3083//5245 3084//5245
f 3080//5246 3083//5246 3079//5246
f 3081//5247 3083//5247 3082//5247
f 3082//5248 3083//5248 3080//5248
f 3083//5249 3085//5249 3084//5249
f 3086//5250 3087//5251 3081//5252
f 3081//5253 3087//5254 3083//5255
f 3083//5256 3087//5256 3085//5256
f 3088//4267 3089//4267 3086//4267
f 3084//5257 3089//5257 3090//5257
f 3087//4271 3089//4271 3085//4271
f 3085//5258 3089//5258 3084//5258
f 3086//5259 3089//5259 3087//5259
f 3089//5260 3091//5260 3090//5260
f 3092//5261 3093//5261 3088//5261
f 3088//5262 3093//5262 3089//5262
f 3089//5263 3093//5263 3091//5263
f 3057//5264 3094//5265 3092//5266
f 3090//5267 3094//5267 3067//5267
f 3067//5268 3094//5268 3065//5268
f 3065//5269 3094//5269 3070//5269
f 3070//5270 3094//5271 3057//5272
f 3092//5273 3094//5273 3093//5273
f 3091//5274 3094//5274 3090//5275
f 3093//5276 3094//5276 3091//5276
f 3061//893 655//893 3077//893
f 3077//4752 650//4752 3081//4752
f 655//4293 650//4293 3077//4293
f 3081//714 656//714 3086//714
f 3086//927 656//927 3088//927
f 650//4294 656//4294 3081//4294
f 3088//4754 662//4754 3092//4754
f 656//5277 662//5277 3088//5277
f 3092//928 674//928 3057//928
f 662//4297 674//4297 3092//4297
f 3095//5278 3096//5279 3097//5280
f 3098//5281 3099//5282 3100//5283
f 3100//5284 3099//5285 3101//5286
f 3079//4307 3102//4307 3064//4307
f 3103//5287 3102//5288 3098//5289
f 3064//5290 3102//5290 3103//5290
f 3098//5291 3102//5292 3099//5293
f 3101//5294 3104//5294 3105//5294
f 3099//5295 3104//5295 3101//5295
f 3079//5296 3104//5296 3102//5296
f 3102//5297 3104//5297 3099//5297
f 3104//5298 3106//5298 3105//5298
f 3084//5299 3107//5299 3079//5299
f 3104//5300 3107//5300 3106//5300
f 3079//5301 3107//5301 3104//5301
f 3105//5302 3108//5303 3109//5304
f 3106//5305 3108//5306 3105//5307
f 3084//5308 3110//5308 3107//5308
f 3107//5309 3110//5310 3106//5311
f 3106//5312 3110//5313 3108//5314
f 3109//5315 3111//5315 3112//5315
f 3108//5316 3111//5316 3109//5316
f 3090//5317 3113//5317 3084//5317
f 3108//5318 3113//5319 3111//5320
f 3084//5321 3113//5321 3110//5321
f 3110//5322 3113//5323 3108//5324
f 3112//5325 3114//5325 3095//5325
f 3111//5326 3114//5326 3112//5326
f 3090//5327 3114//5327 3113//5327
f 3113//5328 3114//5328 3111//5328
f 3114//5329 3115//5330 3095//5330
f 3095//5331 3115//5332 3096//5333
f 3096//5334 3116//5335 3117//5336
f 3117//5337 3116//5337 3067//5337
f 3067//5338 3116//5338 3090//5338
f 3115//5339 3116//5340 3096//5341
f 3090//5342 3116//5342 3114//5342
f 3114//5343 3116//5343 3115//5343
f 3118//4372 3119//4372 3120//4372
f 3121//4370 3120//4370 3122//4370
f 3121//4370 3118//4370 3120//4370
f 3123//4372 3124//4372 3119//4372
f 3123//4372 3119//4372 3118//4372
f 3125//4373 3126//4373 3127//4373
f 3125//4374 3122//4374 3126//4374
f 3125//4374 3121//4374 3122//4374
f 3128//4370 3118//4370 3121//4370
f 3128//5344 3123//5344 3118//5344
f 3129//4946 3130//4946 3131//4946
f 3129//4377 3131//4377 3124//4377
f 3129//4369 3124//4369 3123//4369
f 3132//4379 3127//4379 3109//4379
f 3132//4375 3121//4375 3125//4375
f 3132//4374 3128//4374 3121//4374
f 3132//4379 3125//4379 3127//4379
f 3133//5345 3095//5345 3097//5345
f 3133//5346 3097//5346 3130//5346
f 3133//4370 3123//4370 3128//4370
f 3133//5347 3130//5347 3129//5347
f 3133//4370 3129//4370 3123//4370
f 3133//4375 3128//4375 3132//4375
f 3134//4383 3109//4383 3112//4383
f 3134//5348 3112//5348 3095//5348
f 3134//4385 3095//4385 3133//4385
f 3134//4373 3132//4373 3109//4373
f 3134//4374 3133//4374 3132//4374
f 3135//5349 3119//5349 3136//5349
f 3120//5350 3119//5350 3135//5350
f 3137//5351 3120//5351 3135//5351
f 3122//5352 3137//5352 3138//5352
f 3122//5353 3120//5353 3137//5353
f 3139//5354 3122//5354 3138//5354
f 3126//5355 3122//5355 3139//5355
f 3140//5356 3126//5356 3139//5356
f 3127//5357 3140//5357 3141//5357
f 3127//5358 3126//5358 3140//5358
f 3142//5359 3143//5360 3144//5361
f 3145//5362 3143//5362 3146//5362
f 3147//5363 3143//5363 3145//5363
f 3144//5364 3143//5365 3147//5366
f 3146//5367 3143//5367 3148//5367
f 3143//5368 3149//5368 3148//5368
f 3150//5369 3151//5369 3142//5369
f 3143//5370 3151//5370 3149//5370
f 3142//5371 3151//5372 3143//5372
f 3141//5373 3152//5374 3150//5373
f 3148//5375 3152//5375 3153//5375
f 3150//5376 3152//5377 3151//5376
f 3151//5378 3152//5378 3149//5378
f 3149//5379 3152//5379 3148//5379
f 3152//5380 3154//5380 3153//5380
f 3140//5381 3155//5381 3141//5381
f 3141//5382 3155//5382 3152//5382
f 3152//5383 3155//5383 3154//5383
f 3138//4429 3156//4429 3139//4429
f 3139//5384 3156//5384 3140//5384
f 3153//5385 3156//5385 3157//5385
f 3157//5386 3156//5386 3158//5386
f 3158//5387 3156//5387 3159//5387
f 3159//5388 3156//5388 3138//5388
f 3154//5389 3156//5389 3153//5389
f 3140//5390 3156//5390 3155//5390
f 3155//5391 3156//5391 3154//5391
f 3150//5392 3127//5392 3141//5392
f 3160//5393 3127//5393 3150//5393
f 3142//4437 3160//4437 3150//4437
f 3161//5394 3142//5394 3144//5394
f 3161//5395 3160//5395 3142//5395
f 3162//5396 3161//5396 3144//5396
f 3163//5397 3161//5397 3162//5397
f 3164//5398 3163//5398 3162//5398
f 3119//5399 3164//5399 3136//5399
f 3119//5400 3163//5400 3164//5400
f 3165//4445 3127//4445 3160//4445
f 3166//4446 3160//4446 3161//4446
f 3166//4446 3165//4446 3160//4446
f 3167//4445 3109//4445 3127//4445
f 3167//4448 3127//4448 3165//4448
f 3168//4449 3163//4449 3119//4449
f 3168//5401 3161//5401 3163//5401
f 3168//4450 3166//4450 3161//4450
f 3169//4446 3165//4446 3166//4446
f 3169//4446 3167//4446 3165//4446
f 3170//4452 3101//4452 3105//4452
f 3170//5402 3105//5402 3109//5402
f 3170//4446 3167//4446 3169//4446
f 3170//4448 3109//4448 3167//4448
f 3171//4449 3119//4449 3124//4449
f 3171//4450 3166//4450 3168//4450
f 3171//4450 3169//4450 3166//4450
f 3171//4449 3168//4449 3119//4449
f 3172//5403 3173//5403 3100//5403
f 3172//5404 3100//5404 3101//5404
f 3172//4446 3170//4446 3169//4446
f 3172//4457 3101//4457 3170//4457
f 3174//5405 3124//5405 3175//5405
f 3174//4459 3175//4459 3173//4459
f 3174//5406 3173//5406 3172//5406
f 3174//4449 3171//4449 3124//4449
f 3174//4450 3169//4450 3171//4450
f 3174//4461 3172//4461 3169//4461
f 3173//5407 3098//5408 3100//5409
f 3096//5410 3176//5411 3097//5412
f 3097//5413 3176//5414 3130//5415
f 3068//5416 3177//5416 3067//5416
f 3117//5417 3177//5418 3096//5419
f 3067//5420 3177//5420 3117//5420
f 3096//5421 3177//5422 3176//5423
f 3130//5424 3178//5424 3131//5424
f 3176//5425 3178//5425 3130//5425
f 3068//5426 3178//5426 3177//5426
f 3177//5003 3178//5003 3176//5003
f 3178//5427 3179//5427 3131//5427
f 3072//5428 3180//5428 3068//5428
f 3178//5429 3180//5429 3179//5429
f 3068//5430 3180//5430 3178//5430
f 3131//5431 3181//5431 3124//5431
f 3179//5432 3181//5432 3131//5432
f 3180//5433 3181//5434 3179//5435
f 3072//5436 3182//5436 3180//5436
f 3180//5437 3182//5438 3181//5439
f 3124//5440 3183//5441 3175//5442
f 3181//5443 3183//5444 3124//5445
f 3062//5446 3184//5446 3072//5446
f 3072//5447 3184//5447 3182//5447
f 3182//5448 3184//5449 3181//5450
f 3181//5451 3184//5452 3183//5453
f 3175//5454 3185//5454 3173//5454
f 3062//5455 3185//5455 3184//5455
f 3184//5456 3185//5456 3183//5456
f 3183//5457 3185//5458 3175//5457
f 3185//5459 3186//5459 3173//5459
f 3173//5460 3186//5461 3098//5462
f 3098//5463 3187//5464 3103//5465
f 3103//5466 3187//5466 3064//5466
f 3064//5467 3187//5467 3062//5467
f 3186//5468 3187//5469 3098//5470
f 3062//5471 3187//5471 3185//5471
f 3185//5472 3187//5472 3186//5472
f 3137//5473 3188//5473 3138//5473
f 3158//5474 3188//5474 3157//5474
f 3159//5475 3188//5475 3158//5475
f 3138//5476 3188//5476 3159//5476
f 3157//4536 3188//4536 3189//4536
f 3188//4537 3190//4537 3189//4537
f 3136//5477 3191//5477 3135//5477
f 3135//5478 3191//5479 3137//5480
f 3137//5481 3191//5482 3188//5483
f 3188//5484 3191//5484 3190//5484
f 3189//5485 3192//5485 3193//5485
f 3191//5486 3192//5486 3190//5486
f 3136//5487 3192//5488 3191//5488
f 3190//5489 3192//5489 3189//5489
f 3192//5490 3194//5490 3193//5490
f 3164//5491 3195//5492 3136//5493
f 3192//4554 3195//4554 3194//4554
f 3136//5494 3195//5495 3192//5496
f 3193//5497 3196//5497 3146//5497
f 3146//5498 3196//5498 3145//5498
f 3145//5499 3196//5499 3147//5499
f 3147//5500 3196//5500 3144//5500
f 3144//5501 3196//5501 3162//5501
f 3162//5502 3196//5502 3164//5502
f 3164//5503 3196//5504 3195//5503
f 3194//5505 3196//5505 3193//5505
f 3195//5506 3196//5506 3194//5506
f 3197//5507 3198//5508 3199//5509
f 3199//5510 3198//5511 3200//5512
f 3189//5513 3201//5513 3157//5513
f 3202//5514 3201//5514 3197//5514
f 3157//5515 3201//5515 3202//5515
f 3197//5516 3201//5516 3198//5516
f 3200//5517 3203//5518 3204//5518
f 3198//4578 3203//4578 3200//4578
f 3189//5519 3205//5519 3201//5519
f 3198//5520 3205//5520 3203//5520
f 3201//5521 3205//5521 3198//5521
f 3204//5522 3206//5522 3207//5522
f 3203//5523 3206//5523 3204//5523
f 3193//4585 3208//4585 3189//4585
f 3205//5524 3208//5524 3203//5524
f 3203//5525 3208//5525 3206//5525
f 3189//5526 3208//5526 3205//5526
f 3207//5527 3209//5527 3210//5527
f 3208//5528 3209//5528 3206//5528
f 3206//5529 3209//5529 3207//5529
f 3193//5530 3211//5530 3208//5530
f 3208//5531 3211//5531 3209//5531
f 3210//5532 3212//5533 3213//5533
f 3213//5534 3212//5534 3214//5534
f 3214//5535 3212//5535 3215//5535
f 3209//5536 3212//5537 3210//5538
f 3215//5539 3216//5539 3217//5539
f 3217//5540 3216//5540 3146//5540
f 3146//4609 3216//4609 3193//4609
f 3193//5541 3216//5541 3211//5541
f 3212//5542 3216//5543 3215//5542
f 3211//5544 3216//5118 3209//5544
f 3209//5545 3216//5546 3212//5547
f 3218//927 3207//927 3210//927
f 3219//760 3210//760 3213//760
f 3219//928 3213//928 3214//928
f 3219//4616 3218//4616 3210//4616
f 3220//922 3214//922 3221//922
f 3220//5548 3221//5548 3222//5548
f 3220//4617 3219//4617 3214//4617
f 3223//926 3222//926 3224//926
f 3223//4618 3220//4618 3222//4618
f 3220//5549 3223//5549 3225//5549
f 3220//5550 3225//5550 3226//5550
f 3219//4621 3226//4621 3227//4621
f 3219//5551 3220//5551 3226//5551
f 3218//4622 3227//4622 3228//4622
f 3218//4622 3219//4622 3227//4622
f 3227//406 3229//406 3228//406
f 3226//405 3225//405 3230//405
f 3226//405 3230//405 3229//405
f 3226//450 3229//450 3227//450
f 3231//4624 3218//4624 3228//4624
f 3231//5552 3228//5552 3229//5552
f 3232//5553 3229//5553 3230//5553
f 3232//5553 3231//5553 3229//5553
f 3223//5554 3230//5554 3225//5554
f 3223//5555 3232//5555 3230//5555
f 3223//716 3224//716 3233//716
f 3232//717 3233//717 3234//717
f 3232//718 3234//718 3199//718
f 3232//4629 3223//4629 3233//4629
f 3231//937 3199//937 3200//937
f 3231//713 3200//713 3204//713
f 3231//5556 3232//5556 3199//5556
f 3218//714 3204//714 3207//714
f 3218//4632 3231//4632 3204//4632
f 3215//5557 3235//5557 3214//5557
f 3214//5558 3235//5558 3221//5558
f 3148//5559 3236//5559 3146//5559
f 3217//5560 3236//5561 3215//5562
f 3146//5563 3236//5563 3217//5563
f 3215//5564 3236//5565 3235//5566
f 3221//5567 3237//5568 3222//5568
f 3235//5569 3237//5570 3221//4647
f 3148//5571 3238//5571 3236//5571
f 3235//5572 3238//5573 3237//5573
f 3236//5574 3238//5574 3235//5575
f 3222//5576 3239//5577 3224//5578
f 3237//5579 3239//5580 3222//5581
f 3238//5582 3239//5582 3237//5582
f 3153//5583 3240//5583 3148//5583
f 3238//4659 3240//4659 3239//4659
f 3148//5584 3240//5584 3238//5584
f 3224//5585 3241//5585 3233//5585
f 3233//5586 3241//5586 3234//5586
f 3239//5587 3241//5587 3224//5587
f 3153//5588 3242//5588 3240//5588
f 3239//5589 3242//5589 3241//5589
f 3240//4670 3242//4670 3239//4670
f 3234//5590 3243//5591 3199//5592
f 3199//5593 3243//5594 3197//5593
f 3241//5595 3243//5595 3234//5595
f 3197//5596 3244//5596 3202//5596
f 3202//5597 3244//5597 3157//5597
f 3157//5598 3244//5598 3153//5598
f 3153//5599 3244//5599 3242//5599
f 3243//5600 3244//5600 3197//5600
f 3242//5601 3244//5602 3241//5603
f 3241//5604 3244//5605 3243//5606
f 3245//1375 707//1375 3246//1375
f 703//1375 707//1375 3245//1375
f 3246//1376 706//1376 3247//1376
f 707//1376 706//1376 3246//1376
f 3247//1377 699//1377 3248//1377
f 706//1378 699//1378 3247//1378
f 3248//1379 696//1379 3249//1379
f 699//1379 696//1379 3248//1379
f 3250//5607 3251//5608 3252//5609
f 3253//5610 3254//5611 3255//5612
f 3255//5613 3254//5614 3256//5615
f 3246//5616 3257//5617 3245//5618
f 3247//5619 3257//5620 3246//5621
f 3258//5622 3257//5623 3253//5624
f 3245//5625 3257//5626 3258//5627
f 3253//5628 3257//5629 3254//5630
f 3256//5631 3259//5632 3260//5633
f 3254//5634 3259//5635 3256//5636
f 3257//5637 3261//5638 3254//5639
f 3254//5640 3261//5641 3259//5642
f 3247//5643 3261//5644 3257//5645
f 3260//5646 3262//5647 3250//5648
f 3259//5649 3262//5650 3260//5651
f 3250//5652 3262//5653 3251//5654
f 3248//5655 3263//5656 3247//5657
f 3249//5658 3263//5659 3248//5660
f 3251//5661 3263//5662 3264//5663
f 3264//5664 3263//5665 3249//5666
f 3262//4239 3263//5667 3251//5668
f 3247//5669 3263//5670 3261//5671
f 3261//5672 3263//5673 3259//4218
f 3259//5674 3263//5675 3262//5676
f 3265//5677 3266//5678 3249//5679
f 3251//5680 3266//5680 3252//5680
f 3264//5681 3266//5681 3251//5681
f 3249//5682 3266//5683 3264//5684
f 3252//5685 3266//5685 3267//5685
f 3266//5686 3268//5686 3267//5686
f 3269//5687 3270//5687 3265//5687
f 3266//5688 3270//5688 3268//5688
f 3265//5689 3270//5689 3266//5689
f 3267//4255 3271//4255 3272//4255
f 3268//5690 3271//5690 3267//5690
f 3269//5691 3271//5691 3270//5691
f 3270//5692 3271//5692 3268//5692
f 3271//5693 3273//5693 3272//5693
f 3274//5694 3275//5695 3269//5696
f 3269//5697 3275//5698 3271//5699
f 3271//5700 3275//5700 3273//5700
f 3276//5701 3277//5702 3274//5703
f 3272//5704 3277//5704 3278//5704
f 3275//5705 3277//5705 3273//5705
f 3273//5706 3277//5706 3272//5706
f 3274//5707 3277//5708 3275//5709
f 3277//5710 3279//5710 3278//5710
f 3280//5711 3281//5711 3276//5711
f 3276//5712 3281//5713 3277//5713
f 3277//5714 3281//5714 3279//5714
f 3245//5715 3282//5716 3280//5717
f 3278//5718 3282//5718 3255//5718
f 3255//5268 3282//5268 3253//5268
f 3253//5269 3282//5269 3258//5269
f 3258//5719 3282//5720 3245//5721
f 3280//5722 3282//5722 3281//5722
f 3279//5723 3282//5723 3278//5723
f 3281//5724 3282//5724 3279//5724
f 3249//712 696//712 3265//712
f 3265//4752 692//4752 3269//4752
f 696//4753 692//4753 3265//4753
f 3269//714 693//714 3274//714
f 3274//927 693//927 3276//927
f 692//5725 693//5725 3269//5725
f 3276//4754 697//4754 3280//4754
f 693//5726 697//5726 3276//5726
f 3280//851 703//851 3245//851
f 697//5727 703//5727 3280//5727
f 3283//5728 3284//5729 3285//5730
f 3286//5731 3287//5732 3288//5733
f 3288//5734 3287//5735 3289//5736
f 3267//5737 3290//5737 3252//5737
f 3291//5738 3290//5739 3286//5740
f 3252//4311 3290//4311 3291//4311
f 3286//5741 3290//5742 3287//5743
f 3289//5744 3292//5744 3293//5744
f 3287//4859 3292//4859 3289//4859
f 3267//5745 3292//5745 3290//5745
f 3290//5746 3292//5746 3287//5746
f 3292//5747 3294//5747 3293//5747
f 3272//5748 3295//5748 3267//5748
f 3292//5749 3295//5749 3294//5749
f 3267//5750 3295//5751 3292//5750
f 3296//5752 3297//5752 3298//5753
f 3293//5754 3297//5755 3296//5756
f 3294//5757 3297//5758 3293//5759
f 3272//5760 3299//5760 3295//5760
f 3295//5761 3299//5762 3294//5763
f 3294//5764 3299//5765 3297//5766
f 3297//5767 3300//5767 3298//5768
f 3278//5769 3301//5769 3272//5769
f 3272//5770 3301//5770 3299//5770
f 3297//5771 3301//5772 3300//5773
f 3299//5774 3301//5775 3297//5776
f 3298//5777 3302//5777 3283//5777
f 3278//5778 3302//5778 3301//5778
f 3300//5779 3302//5779 3298//5779
f 3301//5780 3302//5780 3300//5780
f 3283//5781 3303//5782 3284//5783
f 3302//5784 3303//5784 3283//5784
f 3284//5785 3304//5786 3305//5787
f 3305//5788 3304//5788 3255//5788
f 3255//5789 3304//5789 3278//5789
f 3303//5790 3304//5791 3284//5792
f 3278//5793 3304//5793 3302//5793
f 3302//5794 3304//5794 3303//5794
f 3306//4372 3307//4372 3308//4372
f 3309//4370 3308//4370 3310//4370
f 3309//4370 3306//4370 3308//4370
f 3311//4372 3312//4372 3307//4372
f 3311//4369 3307//4369 3306//4369
f 3313//4373 3314//4373 3315//4373
f 3313//4375 3310//4375 3314//4375
f 3313//4374 3309//4374 3310//4374
f 3316//4370 3306//4370 3309//4370
f 3316//4370 3311//4370 3306//4370
f 3317//4946 3318//4946 3319//4946
f 3317//4377 3319//4377 3312//4377
f 3317//4369 3312//4369 3311//4369
f 3320//4379 3315//4379 3296//4379
f 3320//4875 3309//4875 3313//4875
f 3320//4375 3316//4375 3309//4375
f 3320//5795 3313//5795 3315//5795
f 3321//5796 3283//5796 3285//5796
f 3321//5797 3285//5797 3318//5797
f 3321//4370 3311//4370 3316//4370
f 3321//5347 3318//5347 3317//5347
f 3321//4370 3317//4370 3311//4370
f 3322//4383 3296//4383 3298//4383
f 3322//5348 3298//5348 3283//5348
f 3322//4385 3283//4385 3321//4385
f 3322//4373 3320//4373 3296//4373
f 3322//4374 3316//4374 3320//4374
f 3322//4375 3321//4375 3316//4375
f 3323//4386 3307//4386 3324//4386
f 3308//5798 3307//5798 3323//5798
f 3325//5799 3308//5799 3323//5799
f 3310//5800 3325//5800 3326//5800
f 3310//4390 3308//4390 3325//4390
f 3327//5801 3310//5801 3326//5801
f 3314//5802 3310//5802 3327//5802
f 3328//4393 3314//4393 3327//4393
f 3315//4394 3328//4394 3329//4394
f 3315//5358 3314//5358 3328//5358
f 3330//5803 3331//5803 3332//5804
f 3333//5805 3331//5805 3334//5805
f 3335//5806 3331//5806 3333//5806
f 3332//5807 3331//4396 3335//5807
f 3334//5808 3331//5808 3336//5808
f 3331//5809 3337//5809 3336//5809
f 3329//5810 3338//5811 3339//5810
f 3339//5812 3338//5812 3330//5813
f 3331//5814 3338//5814 3337//5814
f 3330//5815 3338//5815 3331//5815
f 3336//5816 3340//5816 3341//5816
f 3338//5817 3340//5817 3337//5817
f 3337//5818 3340//5818 3336//5818
f 3329//5819 3340//5819 3338//5819
f 3340//5820 3342//5820 3341//5820
f 3328//5821 3343//5821 3329//5821
f 3340//5822 3343//5822 3342//5822
f 3329//5022 3343//5022 3340//5022
f 3326//5823 3344//5823 3327//5823
f 3327//4424 3344//4424 3328//4424
f 3341//5824 3344//5824 3345//5824
f 3345//5825 3344//5825 3346//5825
f 3346//5826 3344//5826 3347//5826
f 3347//5827 3344//5827 3326//5827
f 3342//5828 3344//5828 3341//5828
f 3343//5829 3344//5829 3342//5829
f 3328//5830 3344//5830 3343//5830
f 3339//5831 3315//5831 3329//5831
f 3348//5832 3315//5832 3339//5832
f 3330//4437 3348//4437 3339//4437
f 3349//5833 3330//5833 3332//5833
f 3349//5834 3348//5834 3330//5834
f 3350//5835 3349//5835 3332//5835
f 3351//5836 3349//5836 3350//5836
f 3352//5837 3351//5837 3350//5837
f 3307//5838 3352//5838 3324//5838
f 3307//5839 3351//5839 3352//5839
f 3353//4448 3315//4448 3348//4448
f 3354//5840 3349//5840 3351//5840
f 3354//5841 3348//5841 3349//5841
f 3354//4446 3353//4446 3348//4446
f 3355//4448 3296//4448 3315//4448
f 3355//4445 3315//4445 3353//4445
f 3356//4449 3351//4449 3307//4449
f 3356//4461 3354//4461 3351//4461
f 3357//4446 3353//4446 3354//4446
f 3357//4450 3354//4450 3356//4450
f 3357//4446 3355//4446 3353//4446
f 3358//4452 3289//4452 3293//4452
f 3358//5402 3293//5402 3296//5402
f 3358//4448 3296//4448 3355//4448
f 3359//4449 3307//4449 3312//4449
f 3359//4450 3357//4450 3356//4450
f 3359//4449 3356//4449 3307//4449
f 3360//5403 3361//5403 3288//5403
f 3360//5842 3288//5842 3289//5842
f 3360//4446 3355//4446 3357//4446
f 3360//4451 3358//4451 3355//4451
f 3360//5843 3289//5843 3358//5843
f 3362//5844 3312//5844 3363//5844
f 3362//4939 3363//4939 3361//4939
f 3362//4449 3359//4449 3312//4449
f 3362//5845 3361//5845 3360//5845
f 3362//5840 3357//5840 3359//5840
f 3362//4450 3360//4450 3357//4450
f 3361//5846 3286//5847 3288//5848
f 3284//5849 3364//5850 3285//5851
f 3285//5852 3364//5853 3318//5854
f 3256//5855 3365//5855 3255//5855
f 3305//5856 3365//5856 3284//5856
f 3255//5857 3365//5857 3305//5857
f 3284//5858 3365//5859 3364//5858
f 3318//5860 3366//5860 3319//5860
f 3364//5861 3366//5861 3318//5861
f 3256//5862 3366//5862 3365//5862
f 3365//5003 3366//5003 3364//5003
f 3366//5863 3367//5863 3319//5863
f 3260//5864 3368//5864 3256//5864
f 3366//5865 3368//5865 3367//5865
f 3256//5866 3368//5867 3366//5867
f 3319//5868 3369//5869 3312//5870
f 3367//4490 3369//5871 3319//5872
f 3260//5873 3370//5874 3368//5874
f 3368//5875 3370//5876 3367//5877
f 3367//5878 3370//5879 3369//5880
f 3312//5881 3371//5882 3363//5883
f 3369//5884 3371//5885 3312//5886
f 3250//5887 3372//5887 3260//5887
f 3369//5888 3372//5889 3371//5890
f 3260//5891 3372//5891 3370//5891
f 3370//5892 3372//5893 3369//5894
f 3363//5895 3373//5895 3361//5895
f 3371//5896 3373//5896 3363//5896
f 3250//5897 3373//5897 3372//5897
f 3372//5898 3373//5898 3371//5898
f 3286//5899 3374//5900 3291//5901
f 3373//5902 3374//5902 3361//5902
f 3361//5903 3374//5904 3286//5905
f 3291//5906 3375//5906 3252//5906
f 3252//5907 3375//5907 3250//5907
f 3374//5908 3375//5909 3291//5910
f 3250//5911 3375//5911 3373//5911
f 3373//5912 3375//5912 3374//5912
f 3325//5913 3376//5913 3326//5913
f 3346//5914 3376//5914 3345//5914
f 3347//4534 3376//4534 3346//4534
f 3326//5915 3376//5915 3347//5915
f 3345//5916 3376//5916 3377//5916
f 3376//5917 3378//5917 3377//5917
f 3323//5045 3379//5918 3325//5919
f 3325//5481 3379//5920 3376//5921
f 3376//5922 3379//5922 3378//5922
f 3324//5043 3380//5043 3323//5043
f 3377//5923 3380//5923 3381//5923
f 3323//5477 3380//5477 3379//5477
f 3379//5924 3380//5924 3378//5924
f 3378//5925 3380//5925 3377//5925
f 3380//5926 3382//5926 3381//5926
f 3352//5927 3383//5927 3324//5927
f 3324//5928 3383//5928 3380//5928
f 3380//5929 3383//5929 3382//5929
f 3381//5930 3384//5930 3334//5930
f 3334//5931 3384//5931 3333//5931
f 3333//5932 3384//5932 3335//5932
f 3335//4913 3384//5933 3332//5934
f 3332//5935 3384//5936 3350//5934
f 3350//5937 3384//5938 3352//5939
f 3382//5940 3384//5940 3381//5940
f 3352//5941 3384//5942 3383//5943
f 3383//5944 3384//5944 3382//5944
f 3385//5945 3386//5946 3387//5947
f 3387//5948 3386//5949 3388//5950
f 3377//5513 3389//5513 3345//5513
f 3390//5077 3389//5077 3385//5077
f 3345//5951 3389//5951 3390//5951
f 3385//5952 3389//5952 3386//5952
f 3388//5953 3391//5953 3392//5953
f 3386//5080 3391//5080 3388//5080
f 3377//5954 3393//5954 3389//5954
f 3386//5955 3393//5955 3391//5955
f 3389//5956 3393//5956 3386//5956
f 3392//5082 3394//5082 3395//5082
f 3391//5957 3394//5957 3392//5957
f 3381//4585 3396//4585 3377//4585
f 3393//5958 3396//5958 3391//5958
f 3391//5959 3396//5959 3394//5959
f 3377//5960 3396//5960 3393//5960
f 3395//5961 3397//5961 3398//5961
f 3394//5962 3397//5962 3395//5962
f 3396//5963 3399//5963 3394//5963
f 3381//5530 3399//5530 3396//5530
f 3394//5964 3399//5964 3397//5964
f 3398//5965 3400//5966 3401//4604
f 3401//5967 3400//5967 3402//5967
f 3402//4601 3400//4601 3403//4601
f 3397//5968 3400//5969 3398//5968
f 3403//5970 3404//5971 3405//4606
f 3405//5972 3404//5972 3334//5972
f 3334//5973 3404//5973 3381//5973
f 3400//5974 3404//4607 3403//5975
f 3381//5976 3404//5976 3399//5976
f 3399//5546 3404//5546 3397//5977
f 3397//5978 3404//5979 3400//5979
f 3406//927 3395//927 3398//927
f 3407//749 3398//749 3401//749
f 3407//928 3401//928 3402//928
f 3407//4616 3406//4616 3398//4616
f 3408//922 3402//922 3409//922
f 3408//925 3409//925 3410//925
f 3408//5980 3407//5980 3402//5980
f 3411//926 3410//926 3412//926
f 3411//4618 3408//4618 3410//4618
f 3408//5981 3411//5981 3413//5981
f 3408//4619 3413//4619 3414//4619
f 3407//5982 3414//5982 3415//5982
f 3407//5982 3408//5982 3414//5982
f 3406//5983 3415//5983 3416//5983
f 3406//5984 3407//5984 3415//5984
f 3413//450 3417//450 3418//450
f 3413//450 3418//450 3416//450
f 3414//405 3416//405 3415//405
f 3414//405 3413//405 3416//405
f 3419//4623 3406//4623 3416//4623
f 3419//4623 3416//4623 3418//4623
f 3420//4626 3418//4626 3417//4626
f 3420//5553 3419//5553 3418//5553
f 3411//5985 3417//5985 3413//5985
f 3411//5986 3420//5986 3417//5986
f 3411//716 3412//716 3421//716
f 3420//717 3421//717 3422//717
f 3420//719 3422//719 3387//719
f 3420//4629 3411//4629 3421//4629
f 3419//711 3387//711 3388//711
f 3419//713 3388//713 3392//713
f 3419//5556 3420//5556 3387//5556
f 3406//714 3392//714 3395//714
f 3406//4632 3419//4632 3392//4632
f 3403//5987 3423//5988 3402//5989
f 3402//5990 3423//5991 3409//5991
f 3336//5992 3424//5992 3334//5992
f 3405//5993 3424//5993 3403//5993
f 3334//5994 3424//5994 3405//5994
f 3403//5995 3424//5995 3423//5995
f 3409//5134 3425//5996 3410//5134
f 3423//5569 3425//5996 3409//5569
f 3336//5997 3426//5997 3424//5997
f 3423//5998 3426//5998 3425//5998
f 3424//5157 3426//5157 3423//5157
f 3412//5999 3427//5999 3421//5999
f 3410//6000 3427//6001 3412//6001
f 3425//6002 3427//6002 3410//6002
f 3341//5583 3428//5583 3336//5583
f 3426//6003 3428//6004 3425//6005
f 3425//6006 3428//6006 3427//6006
f 3336//6007 3428//6007 3426//6007
f 3427//6008 3429//6008 3421//6008
f 3428//6009 3430//6009 3427//6009
f 3341//6010 3430//6010 3428//6010
f 3427//6011 3430//6011 3429//6011
f 3421//6012 3431//6013 3422//6014
f 3422//4676 3431//6015 3387//6016
f 3387//6017 3431//5593 3385//6018
f 3429//6019 3431//6020 3421//6021
f 3385//5069 3432//5069 3390//5069
f 3390//6022 3432//6022 3345//6022
f 3345//6023 3432//6023 3341//6023
f 3431//6024 3432//6024 3385//6024
f 3341//4688 3432//4688 3430//4688
f 3430//6025 3432//6025 3429//6026
f 3429//6027 3432//6028 3431//6028
f 3433//6029 3434//6030 3435//6031
f 3436//6032 3433//6032 3437//6032
f 3438//6033 3436//6033 3439//6033
f 3440//6034 3438//6034 3441//6034
f 3442//6035 3443//6035 3444//6035
f 3445//6036 3446//6036 3442//6036
f 3447//6037 3448//6037 3445//6037
f 3449//6038 3448//6038 3447//6038
f 3450//6039 3448//6039 3449//6039
f 3451//6040 3448//6040 3450//6040
f 3452//6041 3453//6041 3437//6041
f 3452//6042 3454//6042 3453//6042
f 3452//6043 3435//6043 3454//6043
f 3452//6044 3437//6044 3433//6044
f 3452//6045 3433//6046 3435//6047
f 3455//6048 3437//6048 3439//6048
f 3455//6049 3436//6049 3437//6049
f 3455//6050 3439//6050 3436//6050
f 3456//6051 3439//6051 3441//6051
f 3456//6052 3438//6052 3439//6052
f 3456//6053 3441//6053 3438//6053
f 3457//6054 3441//6054 3458//6054
f 3457//6055 3440//6055 3441//6055
f 3459//6056 3457//6056 3458//6056
f 3460//6057 3461//6057 3440//6057
f 3460//6058 3440//6058 3457//6058
f 3460//6059 3457//6059 3459//6059
f 3462//6060 3458//6060 3463//6060
f 3462//6061 3459//6061 3458//6061
f 3462//6062 3461//6062 3460//6062
f 3462//6063 3460//6063 3459//6063
f 3464//6064 3462//6064 3463//6064
f 3465//6065 3466//6065 3461//6065
f 3465//6066 3462//6066 3464//6066
f 3465//6067 3461//6067 3462//6067
f 3467//6068 3463//6068 3468//6068
f 3467//6069 3464//6069 3463//6069
f 3467//6070 3466//6070 3465//6070
f 3467//6071 3465//6071 3464//6071
f 3469//6072 3467//6072 3468//6072
f 3470//6073 3471//6073 3466//6073
f 3470//6074 3466//6074 3467//6074
f 3470//6075 3467//6075 3469//6075
f 3472//6076 3468//6076 3473//6076
f 3472//6077 3471//6077 3470//6077
f 3472//6078 3469//6078 3468//6078
f 3472//6079 3470//6079 3469//6079
f 3474//6080 3472//6080 3473//6080
f 3475//6081 3476//6081 3471//6081
f 3475//6082 3471//6082 3472//6082
f 3475//6083 3472//6083 3474//6083
f 3477//6084 3474//6084 3473//6084
f 3477//6085 3475//6085 3474//6085
f 3477//6086 3473//6086 3478//6086
f 3477//6087 3476//6087 3475//6087
f 3479//6088 3477//6088 3478//6088
f 3480//6089 3476//6089 3477//6089
f 3480//6090 3481//6090 3476//6090
f 3480//6091 3477//6091 3479//6091
f 3482//6092 3478//6092 3444//6092
f 3482//6093 3479//6093 3478//6093
f 3482//6094 3480//6094 3479//6094
f 3482//6095 3481//6095 3480//6095
f 3483//6096 3482//6096 3444//6096
f 3483//6097 3444//6097 3443//6097
f 3484//6098 3481//6098 3482//6098
f 3484//6099 3483//6099 3443//6099
f 3484//6100 3443//6100 3481//6100
f 3484//6101 3482//6101 3483//6101
f 3485//6102 3443//6102 3442//6102
f 3485//6103 3442//6103 3446//6103
f 3486//6104 3485//6104 3446//6104
f 3486//6105 3443//6105 3485//6105
f 3486//6106 3446//6106 3443//6106
f 3487//6107 3446//6107 3445//6107
f 3487//6108 3445//6108 3448//6108
f 3488//6109 3448//6109 3446//6109
f 3488//6110 3487//6110 3448//6110
f 3488//6111 3446//6111 3487//6111
f 3489//2437 3444//2437 3490//2437
f 3444//1429 3478//1429 3490//1429
f 3491//1659 3442//1659 3489//1659
f 3489//1429 3442//1429 3444//1429
f 3478//1425 3492//1425 3490//1425
f 3478//1429 3473//1429 3492//1429
f 3493//1695 3445//1695 3491//1695
f 3491//57 3445//57 3442//57
f 3473//291 3494//291 3492//291
f 3495//1695 3447//1695 3493//1695
f 3493//1659 3447//1659 3445//1659
f 3473//81 3468//81 3494//81
f 3468//1667 3496//1667 3494//1667
f 3495//144 3497//144 3447//144
f 3497//1654 3498//1654 3447//1654
f 3468//44 3463//44 3496//44
f 3463//1425 3499//1425 3496//1425
f 3497//144 3500//144 3498//144
f 3500//144 3501//144 3498//144
f 3463//43 3458//43 3499//43
f 3458//55 3502//55 3499//55
f 3500//317 3503//317 3501//317
f 3458//43 3441//43 3502//43
f 3503//57 3504//57 3501//57
f 3441//245 3505//245 3502//245
f 3503//1429 3506//1429 3504//1429
f 3441//57 3439//57 3505//57
f 3506//142 3507//142 3504//142
f 3439//245 3508//245 3505//245
f 3506//218 3509//218 3507//218
f 3439//43 3437//43 3508//43
f 3509//43 3510//43 3507//43
f 3437//1429 3511//1429 3508//1429
f 3509//43 3512//43 3510//43
f 3437//54 3453//54 3511//54
f 3512//1426 3513//1426 3510//1426
f 3453//144 3514//144 3511//144
f 3512//44 3515//44 3513//44
f 3515//1429 3516//1429 3513//1429
f 3453//317 3517//317 3514//317
f 3518//144 3517//144 3453//144
f 3515//245 3519//245 3516//245
f 3519//43 3520//43 3516//43
f 3518//144 3521//144 3517//144
f 3522//57 3521//57 3518//57
f 3519//43 3523//43 3520//43
f 3520//81 3523//81 3524//81
f 3524//43 3525//43 3522//43
f 3522//1429 3525//1429 3521//1429
f 3523//200 3525//200 3524//200
f 3526//6112 3514//6112 3527//6112
f 3527//6113 3517//6113 3528//6113
f 3514//6114 3517//6114 3527//6114
f 3528//6115 3521//6115 3529//6115
f 3517//6116 3521//6116 3528//6116
f 3529//6117 3525//6117 3530//6117
f 3521//6118 3525//6118 3529//6118
f 3530//6119 3523//6119 3531//6119
f 3525//6120 3523//6120 3530//6120
f 3531//6121 3519//6121 3532//6121
f 3523//6122 3519//6122 3531//6122
f 3532//6123 3515//6123 3533//6123
f 3519//6124 3515//6124 3532//6124
f 3533//6125 3512//6125 3534//6125
f 3515//6126 3512//6126 3533//6126
f 3534//6127 3509//6127 3535//6127
f 3512//6128 3509//6128 3534//6128
f 3535//6129 3506//6129 3536//6129
f 3509//6130 3506//6130 3535//6130
f 3536//6131 3503//6131 3537//6131
f 3506//6132 3503//6132 3536//6132
f 3537//6133 3500//6133 3538//6133
f 3503//6134 3500//6134 3537//6134
f 3538//6135 3497//6135 3539//6135
f 3500//6136 3497//6136 3538//6136
f 3539//6137 3495//6137 3540//6137
f 3497//6138 3495//6138 3539//6138
f 3538//6139 3539//6139 3541//6139
f 3537//6140 3538//6140 3542//6140
f 3536//6141 3537//6141 3543//6141
f 3544//6142 3529//6142 3545//6142
f 3546//6143 3528//6143 3544//6143
f 3434//6144 3527//6144 3546//6144
f 3547//6145 3527//6145 3434//6145
f 3548//6146 3527//6146 3547//6146
f 3526//6147 3527//6147 3548//6147
f 3549//6148 3539//6149 3540//6150
f 3549//6151 3550//6151 3451//6151
f 3549//6152 3551//6152 3550//6152
f 3549//6153 3540//6154 3551//6155
f 3549//6156 3451//6156 3541//6156
f 3549//6157 3541//6157 3539//6157
f 3552//6158 3541//6158 3542//6158
f 3552//6159 3538//6159 3541//6159
f 3552//6160 3542//6160 3538//6160
f 3553//6161 3542//6161 3543//6161
f 3553//6162 3537//6162 3542//6162
f 3553//6163 3543//6163 3537//6163
f 3554//6164 3543//6164 3555//6164
f 3554//6165 3536//6165 3543//6165
f 3556//6166 3554//6166 3555//6166
f 3557//6167 3535//6167 3536//6167
f 3557//6168 3536//6168 3554//6168
f 3557//6169 3554//6169 3556//6169
f 3558//6170 3555//6170 3559//6170
f 3558//6171 3556//6171 3555//6171
f 3558//6172 3535//6172 3557//6172
f 3558//6173 3557//6173 3556//6173
f 3560//6174 3558//6174 3559//6174
f 3561//6175 3534//6175 3535//6175
f 3561//6176 3558//6176 3560//6176
f 3561//6177 3535//6177 3558//6177
f 3562//6178 3560//6178 3559//6178
f 3562//6179 3559//6179 3563//6179
f 3562//6180 3534//6180 3561//6180
f 3562//6181 3561//6181 3560//6181
f 3564//6182 3562//6182 3563//6182
f 3565//6183 3533//6183 3534//6183
f 3565//6184 3534//6184 3562//6184
f 3565//6185 3562//6185 3564//6185
f 3566//6186 3563//6186 3567//6186
f 3566//6187 3564//6187 3563//6187
f 3566//6188 3533//6188 3565//6188
f 3566//6189 3565//6189 3564//6189
f 3568//6190 3566//6190 3567//6190
f 3569//6191 3566//6191 3568//6191
f 3569//6192 3532//6192 3533//6192
f 3569//6193 3533//6193 3566//6193
f 3570//6194 3568//6194 3567//6194
f 3570//6195 3569//6195 3568//6195
f 3570//6196 3532//6196 3569//6196
f 3570//6197 3567//6197 3571//6197
f 3572//6198 3570//6198 3571//6198
f 3573//6199 3532//6199 3570//6199
f 3573//6200 3570//6200 3572//6200
f 3573//6201 3531//6201 3532//6201
f 3574//6202 3572//6202 3571//6202
f 3574//6203 3573//6203 3572//6203
f 3574//6204 3531//6204 3573//6204
f 3574//6205 3571//6205 3575//6205
f 3576//6206 3574//6206 3575//6206
f 3577//6207 3531//6207 3574//6207
f 3577//6208 3574//6208 3576//6208
f 3577//6209 3530//6209 3531//6209
f 3578//6210 3575//6210 3545//6210
f 3578//6211 3576//6211 3575//6211
f 3578//6212 3577//6212 3576//6212
f 3578//6213 3530//6213 3577//6213
f 3579//6214 3578//6214 3545//6214
f 3579//6215 3545//6215 3529//6215
f 3580//6216 3530//6216 3578//6216
f 3580//6217 3529//6217 3530//6217
f 3580//6218 3579//6218 3529//6218
f 3580//6219 3578//6219 3579//6219
f 3581//6220 3529//6220 3544//6220
f 3581//6221 3544//6221 3528//6221
f 3582//6222 3528//6222 3529//6222
f 3582//6223 3581//6223 3528//6223
f 3582//6224 3529//6224 3581//6224
f 3583//6225 3528//6225 3546//6225
f 3583//6226 3546//6226 3527//6226
f 3584//6227 3527//6227 3528//6227
f 3584//6228 3583//6228 3527//6228
f 3584//6229 3528//6229 3583//6229
f 3550//6230 3448//6231 3451//6232
f 3540//6233 3585//6234 3551//6235
f 3586//6236 3547//6236 3434//6236
f 3586//6237 3434//6237 3433//6237
f 3587//6238 3588//6239 3526//6240
f 3587//6241 3548//6242 3547//6243
f 3587//6244 3526//6245 3548//6246
f 3587//6247 3547//6248 3586//6249
f 3589//6250 3433//6250 3436//6250
f 3589//6251 3586//6251 3433//6251
f 3590//6252 3591//6252 3588//6252
f 3590//6253 3587//6253 3586//6253
f 3590//6254 3586//6254 3589//6254
f 3590//6255 3588//6255 3587//6255
f 3592//6256 3436//6257 3438//6258
f 3592//6259 3589//6260 3436//6261
f 3593//6262 3594//6262 3591//6262
f 3593//6263 3595//6264 3594//6265
f 3593//6266 3589//6266 3592//6266
f 3593//6267 3591//6267 3590//6267
f 3593//6268 3590//6268 3589//6268
f 3596//6269 3438//6269 3440//6269
f 3596//6270 3592//6270 3438//6270
f 3597//6271 3593//6272 3592//6273
f 3597//6274 3592//6275 3596//6276
f 3597//6277 3595//6278 3593//6279
f 3598//6280 3440//6280 3461//6280
f 3598//6281 3597//6281 3596//6281
f 3598//6282 3596//6282 3440//6282
f 3599//6283 3600//6283 3595//6283
f 3599//6284 3595//6284 3597//6284
f 3599//6285 3597//6285 3598//6285
f 3601//6286 3461//6286 3466//6286
f 3601//6287 3466//6287 3471//6287
f 3601//6288 3598//6288 3461//6288
f 3602//6289 3603//6289 3600//6289
f 3602//6290 3600//6290 3599//6290
f 3602//6291 3598//6291 3601//6291
f 3602//6292 3599//6292 3598//6292
f 3604//6293 3601//6293 3471//6293
f 3605//6294 3606//6294 3603//6294
f 3605//6295 3603//6295 3602//6295
f 3605//6296 3602//6296 3601//6296
f 3605//6297 3601//6297 3604//6297
f 3607//6298 3471//6299 3476//6300
f 3607//6301 3476//6302 3481//6302
f 3607//6303 3604//6304 3471//6305
f 3608//6306 3605//6306 3604//6306
f 3608//6307 3609//6307 3606//6307
f 3608//6308 3604//6308 3607//6308
f 3608//6309 3606//6309 3605//6309
f 3610//6310 3607//6311 3481//6310
f 3611//6312 3608//6313 3607//6314
f 3611//6315 3609//6316 3608//6316
f 3611//6317 3612//6318 3609//6318
f 3611//6319 3607//6320 3610//6321
f 3613//6322 3481//6323 3443//6324
f 3613//6325 3443//6326 3446//6327
f 3613//6328 3610//6329 3481//6330
f 3614//6331 3612//6331 3611//6331
f 3614//6332 3615//6332 3612//6332
f 3614//6333 3611//6333 3610//6334
f 3614//6335 3610//6336 3613//6335
f 3616//6337 3613//6338 3446//6339
f 3617//6340 3618//6341 3615//6342
f 3617//6343 3615//6344 3614//6345
f 3617//6346 3614//6347 3613//6348
f 3617//6349 3613//6350 3616//6351
f 3619//6352 3616//6353 3446//6354
f 3619//6355 3446//6356 3448//6357
f 3619//6358 3448//6359 3550//6360
f 3620//6361 3585//6361 3618//6362
f 3620//6363 3617//6364 3616//6365
f 3620//6366 3619//6367 3550//6368
f 3620//6369 3550//6369 3551//6369
f 3620//6370 3618//6371 3617//6372
f 3620//6373 3616//6374 3619//6375
f 3620//6376 3551//6377 3585//6378
f 3495//6379 3493//6379 3540//6379
f 3540//6380 3493//6380 3585//6380
f 3585//6381 3491//6381 3618//6381
f 3493//6382 3491//6382 3585//6382
f 3615//6383 3489//6383 3612//6383
f 3618//6384 3489//6384 3615//6384
f 3491//6385 3489//6385 3618//6385
f 3489//6386 3490//6386 3612//6386
f 3612//6387 3492//6387 3609//6387
f 3490//6388 3492//6388 3612//6388
f 3606//710 3494//710 3603//710
f 3609//6389 3494//6389 3606//6389
f 3492//6389 3494//6389 3609//6389
f 3494//757 3496//757 3603//757
f 3603//6390 3499//6390 3600//6390
f 3496//6390 3499//6390 3603//6390
f 3600//6391 3502//6391 3595//6391
f 3499//3487 3502//3487 3600//3487
f 3595//3488 3505//3488 3594//3488
f 3502//6392 3505//6392 3595//6392
f 3594//6393 3508//6394 3591//6394
f 3505//6395 3508//6396 3594//6397
f 3591//6398 3511//6398 3588//6398
f 3508//3491 3511//3491 3591//3491
f 3588//6399 3514//6399 3526//6399
f 3511//6400 3514//6400 3588//6400
f 3541//6401 3451//6402 3450//6403
f 3542//6404 3541//6404 3498//6404
f 3543//6405 3542//6405 3501//6405
f 3555//6406 3543//6406 3504//6406
f 3522//6407 3545//6407 3524//6407
f 3518//6408 3544//6408 3522//6408
f 3453//6409 3546//6409 3518//6409
f 3454//6410 3546//6410 3453//6410
f 3435//6411 3546//6411 3454//6411
f 3434//6412 3546//6412 3435//6412
f 3621//6413 3447//6413 3498//6413
f 3621//6414 3449//6414 3447//6414
f 3621//6415 3450//6415 3449//6415
f 3621//6416 3498//6416 3541//6416
f 3621//6417 3541//6418 3450//6419
f 3622//6420 3498//6420 3501//6420
f 3622//6421 3542//6421 3498//6421
f 3622//6422 3501//6422 3542//6422
f 3623//6423 3501//6423 3504//6423
f 3623//6424 3543//6424 3501//6424
f 3623//6425 3504//6425 3543//6425
f 3624//6426 3504//6426 3507//6426
f 3624//6427 3555//6427 3504//6427
f 3625//6428 3624//6428 3507//6428
f 3626//6429 3559//6429 3555//6429
f 3626//6430 3555//6430 3624//6430
f 3626//6431 3624//6431 3625//6431
f 3627//6432 3507//6432 3510//6432
f 3627//6433 3625//6433 3507//6433
f 3627//6434 3559//6434 3626//6434
f 3627//6435 3626//6435 3625//6435
f 3628//6436 3627//6436 3510//6436
f 3629//6437 3563//6437 3559//6437
f 3629//6438 3627//6438 3628//6438
f 3629//6439 3559//6439 3627//6439
f 3630//6440 3510//6440 3513//6440
f 3630//6441 3628//6441 3510//6441
f 3630//6442 3563//6442 3629//6442
f 3630//6443 3629//6443 3628//6443
f 3631//6444 3630//6444 3513//6444
f 3632//6445 3567//6445 3563//6445
f 3632//6446 3563//6446 3630//6446
f 3632//6447 3630//6447 3631//6447
f 3633//6448 3513//6448 3516//6448
f 3633//6449 3567//6449 3632//6449
f 3633//6450 3631//6450 3513//6450
f 3633//6451 3632//6451 3631//6451
f 3634//6452 3633//6452 3516//6452
f 3635//6453 3571//6453 3567//6453
f 3635//6454 3567//6454 3633//6454
f 3635//6455 3633//6455 3634//6455
f 3636//6456 3634//6456 3516//6456
f 3636//6457 3635//6457 3634//6457
f 3636//6458 3516//6458 3520//6458
f 3636//6459 3571//6459 3635//6459
f 3637//6460 3636//6460 3520//6460
f 3638//6461 3571//6461 3636//6461
f 3638//6462 3575//6462 3571//6462
f 3638//6463 3636//6463 3637//6463
f 3639//6464 3637//6464 3520//6464
f 3639//6465 3520//6465 3524//6465
f 3639//6466 3638//6466 3637//6466
f 3639//6467 3575//6467 3638//6467
f 3640//6468 3639//6468 3524//6468
f 3640//6469 3524//6469 3545//6469
f 3641//6470 3575//6470 3639//6470
f 3641//6471 3640//6471 3545//6471
f 3641//6472 3545//6472 3575//6472
f 3641//6473 3639//6473 3640//6473
f 3642//6474 3545//6474 3522//6474
f 3642//6475 3522//6475 3544//6475
f 3643//6476 3642//6476 3544//6476
f 3643//6477 3545//6477 3642//6477
f 3643//6478 3544//6478 3545//6478
f 3644//6479 3544//6479 3518//6479
f 3644//6480 3518//6480 3546//6480
f 3645//6481 3546//6481 3544//6481
f 3645//6482 3644//6482 3546//6482
f 3645//6483 3544//6483 3644//6483
f 3646//6484 3647//6484 3648//6484
f 3648//6485 3649//6485 3650//6485
f 3647//6486 3649//6486 3648//6486
f 3650//6487 3651//6487 3652//6487
f 3649//6488 3651//6488 3650//6488
f 3652//6489 3653//6489 3654//6489
f 3651//6490 3653//6490 3652//6490
f 3654//6491 3655//6491 3656//6491
f 3653//6492 3655//6492 3654//6492
f 3656//6493 3657//6493 3658//6493
f 3655//6494 3657//6494 3656//6494
f 3658//6495 3659//6495 3660//6495
f 3657//6496 3659//6496 3658//6496
f 3660//6497 3661//6497 3662//6497
f 3659//6498 3661//6498 3660//6498
f 3662//6499 3663//6499 3664//6499
f 3661//6500 3663//6500 3662//6500
f 3664//6501 3665//6501 3666//6501
f 3663//6502 3665//6502 3664//6502
f 3665//6503 3667//6503 3666//6503
f 3666//6504 3668//6504 3669//6504
f 3667//6505 3668//6505 3666//6505
f 3668//6506 3670//6506 3669//6506
f 3667//6507 3665//6507 3671//6507
f 3672//6508 3667//6508 3671//6508
f 3668//6509 3667//6509 3672//6509
f 3670//6510 3668//6510 3672//6510
f 3673//6511 3670//6511 3672//6511
f 3674//6512 3670//6512 3673//6512
f 3675//6513 3674//6513 3673//6513
f 3676//6514 3674//6514 3675//6514
f 3677//6515 3676//6515 3675//6515
f 3678//6516 3676//6516 3677//6516
f 3679//6517 3678//6517 3677//6517
f 3680//6518 3678//6518 3679//6518
f 3681//6519 3680//6519 3679//6519
f 3682//6520 3680//6520 3681//6520
f 3683//6521 3682//6521 3681//6521
f 3684//6522 3683//6522 3685//6522
f 3684//6523 3682//6523 3683//6523
f 3686//6524 3685//6524 3687//6524
f 3686//6525 3684//6525 3685//6525
f 3688//6526 3687//6526 3689//6526
f 3688//6527 3686//6527 3687//6527
f 3690//6528 3689//6528 3691//6528
f 3690//6529 3688//6529 3689//6529
f 3669//3850 3670//3850 3692//3850
f 3692//6530 3674//6530 3693//6530
f 3670//6531 3674//6531 3692//6531
f 3693//6532 3676//6532 3694//6532
f 3674//6533 3676//6533 3693//6533
f 3694//6534 3678//6534 3695//6534
f 3676//6535 3678//6535 3694//6535
f 3695//6536 3680//6536 3696//6536
f 3678//6537 3680//6537 3695//6537
f 3696//6538 3682//6538 3697//6538
f 3680//6539 3682//6539 3696//6539
f 3697//6540 3684//6540 3698//6540
f 3682//6541 3684//6541 3697//6541
f 3698//6542 3686//6542 3699//6542
f 3684//6543 3686//6543 3698//6543
f 3699//6544 3688//6544 3700//6544
f 3686//6545 3688//6545 3699//6545
f 3700//6546 3690//6546 3701//6546
f 3688//6547 3690//6547 3700//6547
f 3690//6548 3702//6548 3701//6548
f 3701//6549 3703//6549 3646//6549
f 3702//6550 3703//6550 3701//6550
f 3703//6551 3647//6551 3646//6551
f 3677//43 3693//263 3694//43
f 3679//44 3677//44 3694//44
f 3695//218 3679//218 3694//218
f 3675//244 3693//51 3677//244
f 3692//1427 3693//341 3675//1427
f 3681//44 3679//44 3695//44
f 3696//241 3681//241 3695//241
f 3673//57 3692//57 3675//57
f 3669//57 3692//57 3673//57
f 3683//1425 3681//1425 3696//1425
f 3697//291 3683//291 3696//291
f 3672//43 3669//43 3673//43
f 3666//1673 3669//1688 3672//43
f 3685//44 3683//44 3697//44
f 3698//218 3685//218 3697//218
f 3671//43 3666//43 3672//341
f 3664//1428 3666//1428 3671//1428
f 3687//144 3685//144 3698//144
f 3704//43 3664//43 3671//43
f 3699//44 3687//44 3698//44
f 3662//1429 3664//1429 3704//1429
f 3689//57 3687//57 3699//57
f 3705//43 3662//43 3704//43
f 3700//2084 3689//2084 3699//2084
f 3691//1429 3689//1429 3700//1429
f 3660//339 3662//339 3705//339
f 3706//43 3660//43 3705//43
f 3701//1427 3691//1427 3700//1427
f 3707//57 3691//57 3701//57
f 3658//1648 3660//1648 3706//1648
f 3708//1425 3658//1425 3706//1425
f 3646//57 3707//57 3701//57
f 3709//43 3707//43 3646//43
f 3656//1667 3658//1667 3708//1667
f 3710//1425 3656//1425 3708//1425
f 3648//1654 3709//1654 3646//1654
f 3711//43 3709//43 3648//43
f 3654//1426 3656//1426 3710//1426
f 3712//275 3654//275 3710//275
f 3650//142 3711//142 3648//142
f 3650//244 3713//244 3711//244
f 3652//1426 3654//1426 3712//1426
f 3652//1430 3712//1430 3713//1430
f 3652//200 3713//200 3650//200
f 3702//6552 3690//6552 3691//6552
f 3707//6553 3702//6553 3691//6553
f 3703//6554 3702//6554 3707//6554
f 3647//6555 3703//6555 3707//6555
f 3709//6556 3647//6556 3707//6556
f 3649//6557 3647//6557 3709//6557
f 3711//6558 3649//6558 3709//6558
f 3651//6559 3649//6559 3711//6559
f 3713//6560 3651//6560 3711//6560
f 3653//6561 3651//6561 3713//6561
f 3712//6562 3653//6562 3713//6562
f 3655//6563 3653//6563 3712//6563
f 3710//6564 3655//6564 3712//6564
f 3657//6565 3655//6565 3710//6565
f 3708//6566 3657//6566 3710//6566
f 3659//6567 3708//6567 3706//6567
f 3659//6568 3657//6568 3708//6568
f 3661//6569 3706//6569 3705//6569
f 3661//6570 3659//6570 3706//6570
f 3663//6571 3705//6571 3704//6571
f 3663//6572 3661//6572 3705//6572
f 3665//6573 3704//6573 3671//6573
f 3665//6574 3663//6574 3704//6574
f 3714//405 3715//405 3716//405
f 3714//405 3716//405 3717//405
f 3714//406 3717//406 3718//406
f 3719//405 3720//405 3715//405
f 3719//405 3715//405 3714//405
f 3721//405 3720//405 3719//405
f 3722//405 3718//405 3723//405
f 3722//405 3714//405 3718//405
f 3724//405 3722//405 3723//405
f 3725//405 3726//405 3721//405
f 3725//405 3721//405 3719//405
f 3727//405 3722//405 3724//405
f 3728//450 3727//450 3724//450
f 3729//450 3726//450 3725//450
f 3730//405 3729//405 3725//405
f 3731//405 3729//405 3730//405
f 3732//405 3728//405 3733//405
f 3732//405 3727//405 3728//405
f 3734//405 3732//405 3733//405
f 3735//405 3731//405 3730//405
f 3736//405 3735//405 3730//405
f 3737//450 3732//450 3734//450
f 3738//450 3737//450 3734//450
f 3739//405 3735//405 3736//405
f 3740//405 3739//405 3736//405
f 3741//484 3737//484 3738//484
f 3742//405 3739//405 3740//405
f 3743//405 3737//405 3741//405
f 3744//405 3743//405 3741//405
f 3745//405 3740//405 3746//405
f 3745//405 3742//405 3740//405
f 3747//405 3743//405 3744//405
f 3747//405 3746//405 3743//405
f 3748//405 3745//405 3746//405
f 3749//405 3746//405 3747//405
f 3749//405 3748//405 3746//405
f 3750//6575 3744//6576 3741//6577
f 3751//6578 3752//6579 3721//6580
f 3751//6581 3721//6582 3726//6583
f 3753//6584 3754//6585 3755//6586
f 3753//6587 3756//6588 3752//6589
f 3753//6590 3755//6591 3756//6592
f 3753//6593 3752//6594 3751//6595
f 3757//6596 3726//6597 3729//6598
f 3757//6599 3751//6600 3726//6601
f 3758//6602 3759//6603 3754//6604
f 3758//6605 3760//6606 3759//6607
f 3758//6608 3751//6609 3757//6610
f 3758//6611 3753//6612 3751//6613
f 3758//6614 3754//6615 3753//6616
f 3761//6617 3729//6618 3731//6619
f 3761//6620 3757//6621 3729//6622
f 3762//6623 3763//6623 3760//6623
f 3762//6624 3758//6625 3757//6626
f 3762//6627 3760//6628 3758//6629
f 3762//6630 3757//6631 3761//6632
f 3764//6633 3731//6634 3735//6635
f 3764//6636 3761//6637 3731//6638
f 3764//6639 3762//6640 3761//6641
f 3765//6642 3762//6643 3764//6644
f 3765//6645 3763//6645 3762//6645
f 3766//6646 3735//6647 3739//6648
f 3766//6649 3764//6650 3735//6651
f 3767//6652 3768//6653 3763//6654
f 3767//6655 3765//6656 3764//6657
f 3767//6658 3764//6659 3766//6660
f 3767//6661 3763//6662 3765//6663
f 3769//6664 3742//6665 3745//6666
f 3769//6667 3739//6668 3742//6669
f 3769//6670 3767//6671 3766//6672
f 3769//6673 3766//6674 3739//6675
f 3770//6676 3771//6677 3768//6678
f 3770//6679 3772//6680 3771//6681
f 3770//6682 3767//6683 3769//6684
f 3770//6685 3768//6686 3767//6687
f 3773//6688 3769//6689 3745//6690
f 3774//6691 3770//6692 3769//6693
f 3774//6694 3772//6695 3770//6696
f 3774//6697 3769//6698 3773//6699
f 3775//6700 3745//6701 3748//6702
f 3775//6703 3773//6704 3745//6705
f 3775//6706 3774//6707 3773//6708
f 3776//6709 3774//6710 3775//6711
f 3776//6712 3777//6713 3772//6714
f 3776//6715 3772//6716 3774//6717
f 3778//6718 3748//6719 3749//6720
f 3778//6721 3775//6722 3748//6723
f 3779//6724 3775//6725 3778//6726
f 3779//6727 3780//6728 3777//6729
f 3779//6730 3781//6731 3780//6732
f 3779//6733 3776//6734 3775//6735
f 3779//6736 3777//6737 3776//6738
f 3782//6739 3749//6740 3747//6741
f 3782//6742 3778//6743 3749//6744
f 3782//6745 3779//6746 3778//6747
f 3783//6748 3781//6749 3779//6750
f 3783//6751 3779//6752 3782//6753
f 3784//6754 3747//6755 3744//6756
f 3784//6757 3782//6758 3747//6759
f 3784//6760 3744//6761 3750//6762
f 3785//6763 3750//6764 3786//6765
f 3785//6766 3786//6767 3787//6768
f 3785//6769 3781//6770 3783//6771
f 3785//6772 3783//6773 3782//6774
f 3785//6775 3782//6776 3784//6777
f 3785//6778 3788//6779 3781//6780
f 3785//6781 3787//6782 3788//6783
f 3785//6784 3784//6785 3750//6786
f 3789//6787 3750//6788 3741//6789
f 3789//6790 3741//6791 3738//6792
f 3790//6793 3791//6794 3787//6795
f 3790//6796 3786//6797 3750//6798
f 3790//6799 3787//6800 3786//6801
f 3790//6802 3750//6803 3789//6804
f 3792//6805 3738//6806 3734//6807
f 3792//6808 3789//6809 3738//6810
f 3793//6811 3794//6812 3791//6813
f 3793//6814 3795//6815 3794//6816
f 3793//6817 3791//6818 3790//6819
f 3793//6820 3789//6821 3792//6822
f 3793//6823 3790//6824 3789//6825
f 3796//6826 3734//6827 3733//6828
f 3796//6829 3792//6830 3734//6831
f 3797//6832 3798//6833 3795//6834
f 3797//6835 3793//6836 3792//6837
f 3797//6838 3795//6839 3793//6840
f 3797//6841 3792//6842 3796//6843
f 3799//6844 3733//6845 3728//6846
f 3799//6847 3796//6848 3733//6849
f 3800//6850 3797//6851 3796//6852
f 3800//6853 3796//6854 3799//6855
f 3800//6856 3798//6857 3797//6858
f 3801//6859 3728//6860 3724//6861
f 3801//6862 3799//6863 3728//6864
f 3802//6865 3803//6866 3798//6867
f 3802//6868 3800//6869 3799//6870
f 3802//6871 3799//6872 3801//6873
f 3802//6874 3798//6875 3800//6876
f 3804//6877 3724//6878 3723//6879
f 3804//6880 3801//6881 3724//6882
f 3805//6883 3806//6884 3803//6885
f 3805//6886 3803//6887 3802//6888
f 3805//6889 3802//6890 3801//6891
f 3805//6892 3801//6893 3804//6894
f 3807//6895 3723//6896 3718//6897
f 3807//6898 3804//6899 3723//6900
f 3807//6901 3805//6902 3804//6903
f 3808//6904 3809//6905 3806//6906
f 3808//6907 3806//6908 3805//6909
f 3808//6910 3805//6911 3807//6912
f 3810//6913 3717//6914 3716//6915
f 3810//6916 3718//6917 3717//6918
f 3810//6919 3807//6920 3718//6921
f 3811//6922 3807//6923 3810//6924
f 3811//6925 3812//6926 3809//6927
f 3811//6928 3813//6929 3812//6930
f 3811//6931 3809//6932 3808//6933
f 3811//6934 3808//6935 3807//6936
f 3814//6937 3810//6938 3716//6939
f 3815//6940 3813//6941 3811//6942
f 3815//6943 3810//6944 3814//6945
f 3815//6946 3816//6947 3813//6948
f 3815//6949 3811//6950 3810//6951
f 3817//6952 3814//6953 3716//6954
f 3817//6955 3716//6956 3715//6957
f 3818//6958 3814//6959 3817//6960
f 3818//6961 3816//6962 3815//6963
f 3818//6964 3815//6965 3814//6966
f 3819//6967 3721//6968 3752//6969
f 3819//6970 3752//6971 3756//6972
f 3819//6973 3817//6974 3715//6975
f 3819//6976 3720//6977 3721//6978
f 3819//6979 3715//6980 3720//6981
f 3820//6982 3756//6983 3755//6984
f 3820//6985 3816//6985 3818//6985
f 3820//6986 3821//6986 3816//6986
f 3820//6987 3755//6988 3821//6989
f 3820//6990 3818//6991 3817//6992
f 3820//6993 3819//6994 3756//6995
f 3820//6996 3817//6997 3819//6998
f 3822//6999 3821//7000 3755//7001
f 3823//7002 3824//7003 3787//7004
f 3823//7005 3787//7006 3791//7007
f 3825//7008 3826//7009 3824//7010
f 3825//7011 3827//7012 3826//7013
f 3825//7014 3828//7015 3827//7016
f 3825//7017 3824//7018 3823//7019
f 3829//7020 3791//7021 3794//7022
f 3829//7023 3823//7024 3791//7025
f 3830//7026 3831//7027 3828//7028
f 3830//7029 3832//7030 3831//7031
f 3830//7032 3823//7033 3829//7034
f 3830//7035 3828//7036 3825//7037
f 3830//7038 3825//7039 3823//7040
f 3833//7041 3794//7042 3795//7043
f 3833//7044 3829//7045 3794//7046
f 3834//7047 3832//7048 3830//7049
f 3834//7050 3830//7051 3829//7052
f 3834//7053 3829//7054 3833//7055
f 3835//7056 3795//7057 3798//7058
f 3835//7059 3798//7060 3803//7061
f 3835//7062 3833//7063 3795//7064
f 3835//7065 3834//7066 3833//7067
f 3836//7068 3837//7069 3832//7070
f 3836//7071 3832//7072 3834//7073
f 3836//7074 3834//7075 3835//7076
f 3838//7077 3803//7078 3806//7079
f 3838//7080 3835//7081 3803//7082
f 3839//7083 3840//7084 3837//7085
f 3839//7086 3841//7087 3840//7088
f 3839//7089 3835//7090 3838//7091
f 3839//7092 3837//7093 3836//7094
f 3839//7095 3836//7096 3835//7097
f 3842//7098 3838//7099 3806//7100
f 3843//7101 3838//7102 3842//7103
f 3843//7104 3841//7105 3839//7106
f 3843//7107 3839//7108 3838//7109
f 3844//7110 3806//7111 3809//7112
f 3844//7113 3809//7114 3812//7115
f 3844//7116 3842//7117 3806//7118
f 3845//7119 3846//7120 3841//7121
f 3845//7122 3847//7123 3846//7124
f 3845//7125 3843//7126 3842//7127
f 3845//7128 3841//7129 3843//7130
f 3845//7131 3842//7132 3844//7133
f 3848//7134 3844//7135 3812//7136
f 3849//7137 3844//7138 3848//7139
f 3849//7140 3850//7141 3847//7142
f 3849//7143 3847//7144 3845//7145
f 3849//7146 3845//7147 3844//7148
f 3851//7149 3812//7150 3813//7151
f 3851//7152 3813//7153 3816//7154
f 3851//7155 3848//7156 3812//7157
f 3852//7158 3848//7159 3851//7160
f 3852//7161 3853//7162 3850//7163
f 3852//7164 3850//7165 3849//7166
f 3852//7167 3849//7168 3848//7169
f 3854//7170 3851//7171 3816//7172
f 3855//7173 3852//7174 3851//7175
f 3855//7176 3853//7177 3852//7178
f 3855//7179 3851//7180 3854//7181
f 3856//7182 3816//7183 3821//7184
f 3856//7185 3822//7185 3857//7185
f 3856//7186 3854//7187 3816//7188
f 3856//7189 3821//7190 3822//7191
f 3858//7192 3855//7193 3854//7194
f 3858//7195 3854//7196 3856//7197
f 3858//7198 3853//7199 3855//7200
f 3858//7201 3857//7202 3859//7203
f 3858//7204 3856//7204 3857//7204
f 3858//7205 3860//7206 3853//7207
f 3858//7208 3859//7209 3860//7210
f 3824//7211 3788//7212 3787//7213
f 3827//7214 3861//7215 3826//7216
f 3862//7217 3822//7218 3755//7219
f 3862//7220 3755//7221 3754//7222
f 3863//7223 3864//7223 3859//7223
f 3863//7224 3857//7225 3822//7226
f 3863//7227 3859//7227 3857//7227
f 3863//7228 3822//7229 3862//7230
f 3865//7231 3754//7232 3759//7233
f 3865//7234 3862//7235 3754//7236
f 3866//7237 3867//7238 3864//7239
f 3866//7240 3864//7241 3863//7242
f 3866//7243 3863//7244 3862//7245
f 3866//7246 3862//7247 3865//7248
f 3868//7249 3759//7250 3760//7251
f 3868//7252 3865//7253 3759//7254
f 3869//7255 3870//7256 3867//7257
f 3869//7258 3871//7259 3870//7260
f 3869//7261 3866//7262 3865//7263
f 3869//7264 3867//7265 3866//7266
f 3869//7267 3865//7268 3868//7269
f 3872//7270 3760//7271 3763//7272
f 3872//7273 3868//7274 3760//7275
f 3872//7276 3869//7277 3868//7278
f 3873//7279 3871//7280 3869//7281
f 3873//7282 3869//7283 3872//7284
f 3874//7285 3763//7286 3768//7287
f 3874//7288 3768//7289 3771//7290
f 3874//7291 3872//7292 3763//7293
f 3875//7294 3876//7295 3871//7296
f 3875//7297 3871//7298 3873//7299
f 3875//7300 3872//7301 3874//7302
f 3875//7303 3873//7304 3872//7305
f 3877//7306 3874//7307 3771//7308
f 3878//7309 3879//7310 3876//7311
f 3878//7312 3876//7313 3875//7314
f 3878//7315 3875//7316 3874//7317
f 3878//7318 3874//7319 3877//7320
f 3880//7321 3771//7322 3772//7323
f 3880//7324 3877//7325 3771//7326
f 3881//7327 3882//7328 3879//7329
f 3881//7330 3879//7331 3878//7332
f 3881//7333 3878//7334 3877//7335
f 3881//7336 3877//7337 3880//7338
f 3883//7339 3772//7340 3777//7341
f 3883//7342 3777//7343 3780//7344
f 3883//7345 3880//7346 3772//7347
f 3884//7348 3880//7349 3883//7350
f 3884//7351 3885//7352 3882//7353
f 3884//7354 3886//7355 3885//7356
f 3884//7357 3882//7358 3881//7359
f 3884//7360 3881//7361 3880//7362
f 3887//7363 3883//7364 3780//7365
f 3888//7366 3886//7367 3884//7368
f 3888//7369 3883//7370 3887//7371
f 3888//7372 3884//7373 3883//7374
f 3889//7375 3780//7376 3781//7377
f 3889//7378 3887//7379 3780//7380
f 3890//7381 3886//7382 3888//7383
f 3890//7384 3887//7385 3889//7386
f 3890//7387 3891//7388 3886//7389
f 3890//7390 3861//7391 3891//7392
f 3890//7393 3888//7394 3887//7395
f 3892//7396 3781//7397 3788//7398
f 3892//7399 3889//7400 3781//7401
f 3892//7402 3788//7403 3824//7404
f 3893//7405 3890//7406 3889//7407
f 3893//7408 3889//7409 3892//7410
f 3893//7411 3861//7412 3890//7413
f 3893//7414 3892//7415 3824//7416
f 3893//7417 3824//7418 3826//7419
f 3893//7420 3826//7421 3861//7422
f 3894//7423 3895//7423 3896//7423
f 3894//7424 3897//7424 3895//7424
f 3897//7425 3898//7426 3895//7426
f 3897//7427 3899//7428 3898//7428
f 3899//7429 3900//7429 3898//7429
f 3899//7430 3901//7430 3900//7430
f 3901//7431 3902//7431 3900//7431
f 3901//7432 3903//7432 3902//7432
f 3902//7433 3904//7434 3905//7434
f 3903//7435 3904//7435 3902//7436
f 3905//7437 3906//7437 3907//7437
f 3904//7438 3906//7438 3905//7438
f 3906//7439 3908//7439 3907//7439
f 3906//7440 3909//7440 3908//7440
f 3908//7441 3910//7442 3911//7443
f 3909//7444 3910//7445 3908//7446
f 3911//7447 3912//7447 3913//7447
f 3910//7448 3912//7448 3911//7449
f 3913//7450 3914//7450 3915//7450
f 3912//7451 3914//7451 3913//7451
f 3914//7452 3916//7452 3915//7452
f 3914//7453 3917//7453 3916//7453
f 3916//7454 3918//7454 3919//7454
f 3917//7455 3918//7455 3916//7455
f 3918//7456 3920//7456 3919//7456
f 3918//7457 3921//7457 3920//7457
f 3897//7458 3894//7458 3922//7458
f 3897//7459 3922//7460 3923//7459
f 3899//7461 3923//7461 3924//7461
f 3899//7462 3897//7462 3923//7462
f 3901//7463 3924//7463 3925//7463
f 3901//7464 3899//7464 3924//7464
f 3903//7465 3925//7465 3926//7465
f 3903//7466 3901//7466 3925//7466
f 3904//7467 3926//7467 3927//7467
f 3904//7468 3903//7468 3926//7468
f 3906//7469 3927//7469 3928//7469
f 3906//7470 3904//7470 3927//7470
f 3909//7471 3928//7472 3929//7472
f 3909//7473 3906//7473 3928//7473
f 3910//7474 3929//7474 3930//7474
f 3910//7475 3909//7475 3929//7475
f 3912//7476 3930//7476 3931//7476
f 3912//7477 3910//7477 3930//7477
f 3914//7478 3931//7478 3932//7478
f 3914//7479 3912//7479 3931//7479
f 3933//7480 3914//7480 3932//7480
f 3917//7481 3914//7481 3933//7481
f 3918//7482 3933//7482 3934//7482
f 3918//7483 3917//7483 3933//7483
f 3935//7484 3918//7484 3934//7484
f 3921//7485 3918//7485 3935//7485
f 3936//275 3937//275 3938//275
f 3939//1667 3938//1667 3940//1667
f 3939//144 3936//144 3938//144
f 3941//200 3937//200 3936//200
f 3942//1679 3939//1679 3940//1679
f 3943//57 3941//57 3936//57
f 3944//137 3941//137 3943//137
f 3945//243 3942//243 3935//243
f 3945//137 3939//137 3942//137
f 3946//57 3944//57 3943//57
f 3947//1654 3944//1654 3946//1654
f 3934//2079 3945//2079 3935//2079
f 3948//1427 3949//1427 3947//1427
f 3948//144 3947//144 3946//144
f 3950//43 3945//43 3934//43
f 3933//1648 3950//1648 3934//1648
f 3951//1425 3949//1425 3948//1425
f 3932//1429 3950//1429 3933//1429
f 3952//275 3951//275 3948//275
f 3953//245 3950//245 3932//245
f 3954//1425 3951//1425 3952//1425
f 3931//1655 3953//1655 3932//1655
f 3955//44 3956//44 3954//44
f 3955//44 3954//44 3952//44
f 3957//57 3953//57 3931//200
f 3930//200 3957//200 3931//200
f 3958//1648 3956//1648 3955//1648
f 3929//1649 3957//1649 3930//1649
f 3959//1654 3957//1654 3929//1654
f 3960//44 3958//44 3955//44
f 3922//1425 3958//1425 3960//1425
f 3928//57 3959//57 3929//57
f 3961//43 3959//43 3928//43
f 3923//245 3922//245 3960//245
f 3927//1428 3961//1428 3928//1428
f 3962//57 3923//57 3960//57
f 3924//53 3923//53 3962//53
f 3963//57 3961//57 3927//57
f 3926//1648 3963//1648 3927//1648
f 3925//245 3963//245 3926//245
f 3925//57 3924//57 3962//57
f 3925//137 3962//137 3963//137
f 3964//7486 3921//7486 3935//7486
f 3964//7486 3935//7486 3942//7486
f 3965//7487 3942//7487 3940//7487
f 3965//7488 3964//7488 3942//7488
f 3966//7489 3940//7490 3938//7489
f 3966//7491 3965//7491 3940//7492
f 3967//7493 3938//7494 3937//7493
f 3967//7495 3966//7496 3938//7497
f 3968//7498 3937//7499 3941//7500
f 3968//7501 3967//7502 3937//7503
f 3944//7504 3968//7505 3941//7506
f 3969//7507 3968//7508 3944//7509
f 3970//7510 3944//7510 3947//7510
f 3970//7511 3969//7511 3944//7511
f 3971//7512 3947//7513 3949//7512
f 3971//7514 3970//7515 3947//7515
f 3972//7516 3949//7517 3951//7518
f 3972//7519 3971//7520 3949//7521
f 3954//7522 3972//7522 3951//7522
f 3973//7523 3972//7523 3954//7523
f 3956//7524 3973//7524 3954//7524
f 3974//7525 3973//7525 3956//7525
f 3975//7526 3956//7526 3958//7526
f 3975//7527 3974//7527 3956//7527
f 3894//7528 3958//7528 3922//7528
f 3894//7529 3975//7529 3958//7529
f 3921//7530 3976//7530 3920//7530
f 3921//7531 3964//7531 3976//7531
f 3964//7532 3977//7532 3976//7532
f 3964//7533 3965//7533 3977//7533
f 3965//7534 3978//7534 3977//7534
f 3965//7535 3966//7535 3978//7535
f 3978//7536 3967//7536 3979//7536
f 3966//7537 3967//7537 3978//7537
f 3967//7538 3980//7538 3979//7538
f 3967//7539 3968//7539 3980//7539
f 3968//7540 3981//7540 3980//7540
f 3968//7541 3969//7541 3981//7542
f 3981//7543 3970//7544 3982//7545
f 3969//7546 3970//7547 3981//7544
f 3982//7548 3971//7549 3983//7550
f 3970//7551 3971//7552 3982//7551
f 3983//7553 3972//7554 3984//7555
f 3971//7556 3972//7557 3983//7558
f 3984//7559 3973//7559 3985//7559
f 3972//7560 3973//7560 3984//7560
f 3985//7561 3974//7561 3986//7561
f 3973//7562 3974//7562 3985//7562
f 3974//7563 3987//7563 3986//7563
f 3974//7564 3975//7564 3987//7564
f 3987//7565 3894//7565 3896//7565
f 3975//7566 3894//7566 3987//7566
f 3988//484 3913//484 3915//484
f 3989//450 3915//450 3916//450
f 3989//406 3988//406 3915//406
f 3911//7567 3913//7567 3988//7567
f 3919//7568 3989//7568 3916//7568
f 3990//405 3911//405 3988//405
f 3908//417 3911//417 3990//417
f 3991//475 3919//475 3920//475
f 3991//406 3989//406 3919//406
f 3992//450 3908//450 3990//450
f 3907//419 3908//419 3992//419
f 3976//3952 3991//3952 3920//3952
f 3993//406 3905//406 3907//406
f 3993//525 3907//525 3992//525
f 3994//406 3991//406 3976//406
f 3977//417 3994//417 3976//417
f 3902//474 3905//474 3993//474
f 3978//593 3994//593 3977//593
f 3995//449 3902//449 3993//449
f 3996//405 3994//405 3978//3951
f 3900//415 3902//415 3995//415
f 3979//1422 3996//1422 3978//651
f 3997//482 3898//482 3900//482
f 3997//406 3900//406 3995//406
f 3998//496 3996//496 3979//496
f 3980//415 3998//415 3979//415
f 3895//7569 3898//7569 3997//7569
f 3981//1417 3998//449 3980//449
f 3999//632 3998//632 3981//449
f 4000//405 3895//405 3997//405
f 3896//7570 3895//7570 4000//7570
f 3982//417 3999//417 3981//7567
f 4001//419 3999//419 3982//419
f 3987//525 3896//525 4000//525
f 3983//593 4001//593 3982//593
f 4002//477 3987//698 4000//698
f 3986//405 3987//405 4002//405
f 4003//417 4001//417 3983//417
f 3984//474 4003//474 3983//474
f 3985//631 4003//631 3984//631
f 3985//593 3986//593 4002//519
f 3985//405 4002//547 4003//405
f 4004//7571 4005//7572 4006//7573
f 4007//7574 4008//7575 4009//7576
f 4009//7577 4008//7578 4010//7579
f 4006//7580 4011//7581 4007//7582
f 4005//7583 4011//7584 4006//7585
f 4007//7586 4011//7587 4008//7588
f 4010//7589 4012//7590 4013//7591
f 4008//7592 4012//7593 4010//7594
f 4014//7595 4015//7596 4005//7597
f 4016//7598 4015//7599 4014//7600
f 4005//7601 4015//7602 4011//7603
f 4011//7604 4015//7605 4008//7606
f 4008//7607 4015//7608 4012//7609
f 4013//7610 4017//7611 4018//7612
f 4012//7613 4017//7614 4013//7615
f 4016//7616 4019//7617 4015//7618
f 4012//7619 4019//7620 4017//7621
f 4015//7622 4019//7623 4012//7624
f 4018//7625 4020//7626 4021//7627
f 4017//7628 4020//7629 4018//7630
f 4022//7631 4023//7632 4016//7633
f 4019//7634 4023//7635 4017//7636
f 4016//7637 4023//7638 4019//7639
f 4017//7640 4023//7641 4020//7642
f 4021//7643 4024//7644 4025//7645
f 4020//7646 4024//7647 4021//7648
f 4026//7649 4027//7650 4022//7651
f 4020//7652 4027//7653 4024//7654
f 4022//7655 4027//7656 4023//7657
f 4023//7658 4027//7659 4020//7660
f 4025//7661 4028//7662 4029//7663
f 4024//7664 4028//7665 4025//7666
f 4027//7667 4028//7668 4024//7669
f 4030//7670 4031//7671 4026//7672
f 4026//7673 4031//7674 4027//7675
f 4027//7676 4031//7677 4028//7678
f 4029//7679 4032//7680 4033//7681
f 4028//7682 4032//7683 4029//7684
f 4034//7685 4035//7686 4030//7687
f 4030//7688 4035//7689 4031//7690
f 4031//7691 4035//7692 4028//7693
f 4028//7694 4035//7695 4032//7696
f 4033//7697 4036//7698 4037//7699
f 4032//7700 4036//7701 4033//7702
f 4032//7703 4038//7704 4036//7705
f 4039//7706 4038//7707 4034//7708
f 4034//7709 4038//7710 4035//7711
f 4035//7712 4038//7713 4032//7714
f 4037//7715 4040//7716 4041//7717
f 4036//7718 4040//7719 4037//7720
f 4036//7721 4042//7722 4040//7723
f 4043//7724 4042//7725 4039//7726
f 4039//7727 4042//7728 4038//7729
f 4038//7730 4042//7731 4036//7732
f 4041//7733 4044//7734 4045//7735
f 4045//7736 4044//7737 4046//7738
f 4040//7739 4044//7740 4041//7741
f 4043//7742 4047//7743 4042//7744
f 4040//7745 4047//7746 4044//7747
f 4048//7748 4047//7749 4043//7750
f 4042//7751 4047//7752 4040//7753
f 4046//7754 4049//7755 4050//7756
f 4050//7757 4049//7758 4051//7759
f 4044//7760 4049//7761 4046//7762
f 4051//7763 4052//7764 4053//7765
f 4053//7766 4052//7767 4054//7768
f 4047//7769 4052//7770 4044//7771
f 4048//7772 4052//7773 4047//7774
f 4044//7775 4052//7776 4049//7777
f 4055//7778 4052//7779 4048//7780
f 4054//7781 4052//7781 4055//7782
f 4049//7783 4052//7784 4051//7785
f 4056//44 4057//44 4058//44
f 4056//144 4058//144 4059//144
f 4056//43 4059//43 4060//43
f 4061//137 4062//137 4057//137
f 4061//43 4057//43 4056//43
f 4050//43 4062//43 4061//43
f 4063//43 4060//43 4064//43
f 4063//137 4056//137 4060//137
f 4065//43 4063//43 4064//43
f 4066//43 4046//43 4050//43
f 4066//43 4050//43 4061//43
f 4067//43 4063//43 4065//43
f 4045//43 4046//43 4066//43
f 4068//43 4067//43 4065//43
f 4069//43 4045//43 4066//43
f 4041//43 4045//43 4069//43
f 4070//137 4068//137 4071//137
f 4070//43 4067//43 4068//43
f 4037//43 4041//43 4069//43
f 4072//43 4070//43 4071//43
f 4073//43 4037//43 4069//43
f 4074//137 4070//137 4072//137
f 4033//43 4037//43 4073//43
f 4075//43 4074//43 4072//43
f 4076//43 4033//43 4073//43
f 4029//137 4033//137 4076//137
f 4009//43 4074//43 4075//43
f 4077//43 4074//43 4009//43
f 4025//43 4076//43 4078//43
f 4025//43 4029//43 4076//43
f 4010//43 4077//43 4009//43
f 4013//144 4077//144 4010//144
f 4013//43 4078//43 4077//43
f 4021//43 4025//43 4078//43
f 4018//44 4021//44 4078//44
f 4018//43 4078//43 4013//43
f 4054//7786 4079//7787 4053//7788
f 4051//7789 4080//7790 4050//7791
f 4050//7792 4080//7793 4062//7794
f 4053//7795 4081//7796 4051//7797
f 4079//7798 4081//7799 4053//7800
f 4051//7801 4081//7802 4080//7803
f 4062//7804 4082//7805 4057//7806
f 4080//7807 4082//7808 4062//7809
f 4083//7810 4084//7811 4079//7812
f 4085//7813 4084//7814 4083//7815
f 4079//7816 4084//7817 4081//7818
f 4081//7819 4084//7820 4080//7821
f 4080//7822 4084//7823 4082//7824
f 4057//7825 4086//7826 4058//7827
f 4084//7828 4086//7829 4082//7830
f 4082//7831 4086//7832 4057//7833
f 4085//7834 4087//7835 4084//7836
f 4084//7837 4087//7838 4086//7839
f 4058//7840 4088//7841 4059//7842
f 4086//7843 4088//7844 4058//7845
f 4089//7846 4090//7847 4085//7848
f 4085//7849 4090//7850 4087//7851
f 4086//7852 4090//7853 4088//7854
f 4087//7855 4090//7856 4086//7857
f 4059//7858 4091//7859 4060//7860
f 4088//7861 4091//7862 4059//7863
f 4092//7864 4093//7865 4089//7866
f 4088//7867 4093//7868 4091//7869
f 4090//7870 4093//7871 4088//7872
f 4089//7873 4093//7874 4090//7875
f 4060//7876 4094//7877 4064//7878
f 4093//7879 4094//7880 4091//7881
f 4091//7882 4094//7883 4060//7884
f 4095//7885 4096//7885 4092//7886
f 4093//7887 4096//7888 4094//7889
f 4092//7890 4096//7891 4093//7891
f 4064//7892 4097//7893 4065//7894
f 4094//7895 4097//7896 4064//7897
f 4098//7898 4099//7899 4095//7900
f 4095//7901 4099//7902 4096//7903
f 4096//7904 4099//7905 4094//7906
f 4094//7907 4099//7908 4097//7909
f 4065//7910 4100//7911 4068//7912
f 4097//7913 4100//7914 4065//7915
f 4099//7916 4100//7917 4097//7918
f 4099//7919 4101//7920 4100//7921
f 4102//7922 4101//7923 4098//7924
f 4098//7925 4101//7926 4099//7927
f 4068//7928 4103//7929 4071//7930
f 4100//7931 4103//7932 4068//7933
f 4102//7934 4104//7935 4101//7936
f 4100//7937 4104//7937 4103//7937
f 4105//7938 4104//7939 4102//7940
f 4101//7941 4104//7941 4100//7941
f 4071//7942 4106//7943 4072//7944
f 4103//7945 4106//7946 4071//7947
f 4104//7948 4107//7949 4103//7950
f 4105//7951 4107//7952 4104//7953
f 4108//7954 4107//7955 4105//7956
f 4103//7957 4107//7958 4106//7959
f 4072//7960 4109//7961 4075//7962
f 4075//7963 4109//7964 4009//7965
f 4009//7966 4109//7967 4007//7968
f 4106//7969 4109//7970 4072//7970
f 4007//7971 4110//7972 4006//7973
f 4006//7974 4110//7975 4004//7976
f 4107//7977 4110//7978 4106//7979
f 4108//7980 4110//7980 4107//7980
f 4106//7981 4110//7982 4109//7983
f 4111//7984 4110//7984 4108//7984
f 4004//7985 4110//7986 4111//7987
f 4109//7988 4110//7989 4007//7990
f 4112//7991 4113//7992 4054//7993
f 4054//7994 4113//7995 4079//7996
f 3828//7997 4114//7998 3827//7999
f 4115//8000 4114//8001 4112//8002
f 3827//8003 4114//8004 4115//8005
f 4112//8006 4114//8007 4113//8008
f 4079//8009 4116//8010 4083//8011
f 4113//8012 4116//8013 4079//8014
f 3831//8015 4117//8016 3828//8017
f 4114//8018 4117//8019 4113//8020
f 3828//8021 4117//8022 4114//8023
f 4113//8024 4117//8025 4116//8026
f 4083//8027 4118//8028 4085//8029
f 4117//8030 4118//8031 4116//8032
f 4116//8033 4118//8034 4083//8035
f 3832//8036 4119//8037 3831//8038
f 4117//8039 4119//8040 4118//8041
f 3831//8042 4119//8043 4117//8044
f 4085//8045 4120//8046 4089//8047
f 4118//8048 4120//8049 4085//8050
f 3837//8051 4121//8052 3832//8053
f 4119//8054 4121//8055 4118//8056
f 3832//8057 4121//8058 4119//8059
f 4118//8060 4121//8061 4120//8062
f 4089//8063 4122//8064 4092//8065
f 4120//8066 4122//8067 4089//8068
f 4121//8069 4122//8070 4120//8071
f 3841//8072 4123//8073 3840//8074
f 3840//8075 4123//8076 3837//8077
f 3837//8078 4123//8079 4121//8080
f 4121//8081 4123//8082 4122//8083
f 4092//8084 4124//8085 4095//8086
f 4095//8087 4124//8088 4098//8089
f 4122//8090 4124//8091 4092//8092
f 3846//8093 4125//8094 3841//8095
f 3841//8096 4125//8097 4123//8098
f 4123//8099 4125//8100 4122//8101
f 4122//8102 4125//8103 4124//8104
f 4098//8105 4126//8106 4102//8107
f 4124//8108 4126//8109 4098//8110
f 3846//8111 4127//8112 4125//8113
f 4125//8114 4127//8115 4124//8116
f 4124//8117 4127//8118 4126//8119
f 4126//8120 4128//8121 4102//8122
f 4126//8123 4129//8124 4128//8125
f 3847//8126 4129//8127 3846//8128
f 3846//8129 4129//8130 4127//8131
f 4127//8132 4129//8133 4126//8134
f 4102//8135 4130//8136 4105//8137
f 4128//8138 4130//8139 4102//8140
f 3850//8141 4131//8142 3847//8143
f 4128//8144 4131//8145 4130//8146
f 4129//8147 4131//8148 4128//8149
f 3847//8150 4131//8151 4129//8152
f 4105//8153 4132//8154 4108//8155
f 4130//8156 4132//8157 4105//8158
f 3853//8159 4133//8160 3850//8161
f 4130//8162 4133//8163 4132//8164
f 4131//8165 4133//8166 4130//8167
f 3850//8168 4133//8169 4131//8170
f 4132//8171 4134//8172 4108//8173
f 4108//8174 4134//8175 4111//8176
f 4111//8177 4134//8178 4004//8179
f 4004//8180 4134//8181 4135//8182
f 3859//8183 4136//8184 3860//8185
f 3860//8186 4136//8186 3853//8186
f 3853//8187 4136//8187 4133//8187
f 4133//8188 4136//8189 4132//8190
f 4132//8191 4136//8192 4134//8193
f 4134//8194 4136//8195 4135//8196
f 4135//8197 4136//8198 4137//8199
f 4137//8200 4136//8201 3859//8202
f 4135//8203 4138//8203 4004//8203
f 4004//8204 4138//8204 4005//8204
f 3864//8205 4139//8206 3859//8207
f 4137//8208 4139//8209 4135//8210
f 3859//8211 4139//8212 4137//8213
f 4135//8214 4139//8215 4138//8216
f 4005//8217 4140//8218 4014//8219
f 4014//8220 4140//8221 4016//8222
f 4138//8223 4140//8224 4005//8225
f 3867//8226 4141//8227 3864//8228
f 4139//8229 4141//8230 4138//8231
f 3864//8232 4141//8233 4139//8234
f 4138//8235 4141//8236 4140//8237
f 4140//8238 4142//8239 4016//8240
f 3870//8241 4143//8242 3867//8243
f 4141//8244 4143//8245 4140//8246
f 4140//8247 4143//8248 4142//8249
f 3867//8250 4143//8251 4141//8252
f 4016//8253 4144//8254 4022//8255
f 4142//8256 4144//8257 4016//8258
f 3871//8259 4145//8260 3870//8261
f 4143//8262 4145//8263 4142//8264
f 4142//8265 4145//8266 4144//8267
f 3870//8268 4145//8269 4143//8270
f 4022//8271 4146//8272 4026//8273
f 4144//8274 4146//8275 4022//8276
f 4145//8277 4146//8278 4144//8279
f 3876//8280 4147//8281 3871//8282
f 3871//8283 4147//8284 4145//8285
f 4145//8286 4147//8287 4146//8288
f 4026//8289 4148//8289 4030//8289
f 4146//8290 4148//8290 4026//8290
f 3879//8291 4149//8292 3876//8293
f 3876//8294 4149//8295 4147//8296
f 4146//8297 4149//8298 4148//8299
f 4147//8300 4149//8301 4146//8302
f 4030//8303 4150//8304 4034//8305
f 4148//8306 4150//8307 4030//8308
f 3882//8309 4151//8310 3879//8311
f 3879//8312 4151//8313 4149//8314
f 4149//8315 4151//8316 4148//8317
f 4148//8318 4151//8319 4150//8320
f 4034//8321 4152//8322 4039//8323
f 4150//8324 4152//8325 4034//8326
f 4150//8327 4153//8328 4152//8329
f 3885//8330 4153//8331 3882//8332
f 3882//8333 4153//8334 4151//8335
f 4151//8336 4153//8337 4150//8338
f 4039//8339 4154//8340 4043//8341
f 4043//8342 4154//8343 4048//8344
f 4152//8345 4154//8346 4039//8347
f 3886//8348 4155//8349 3885//8350
f 4152//8351 4155//8352 4154//8353
f 4153//8354 4155//8355 4152//8356
f 3885//8357 4155//8358 4153//8359
f 4154//8360 4156//8361 4048//8362
f 3891//8363 4157//8364 3886//8365
f 4154//8366 4157//8367 4156//8368
f 4155//8369 4157//8370 4154//8371
f 3886//8372 4157//8373 4155//8374
f 4156//8375 4158//8376 4048//8377
f 4048//8378 4158//8379 4055//8380
f 4055//8381 4158//8382 4054//8383
f 4054//8384 4158//8385 4112//8386
f 3827//8387 4159//8388 3861//8389
f 3861//8390 4159//8391 3891//8392
f 4157//8393 4159//8394 4156//8395
f 4156//8396 4159//8397 4158//8398
f 4158//8399 4159//8400 4112//8401
f 4112//8402 4159//8403 4115//8404
f 4115//8405 4159//8406 3827//8407
f 3891//8408 4159//8409 4157//8410
f 4160//8411 4161//8411 4162//8411
f 4162//8412 4163//8412 4164//8412
f 4164//8413 4163//8413 4165//8413
f 4165//8414 4163//8414 4166//8414
f 4161//8415 4163//8415 4162//8415
f 4166//8416 4167//8416 4168//8416
f 4168//8417 4167//8417 4169//8417
f 4163//8418 4167//8418 4166//8418
f 4167//8419 4170//8419 4169//8419
f 4170//8420 4171//8420 4169//8420
f 4171//8421 4172//8421 4173//8421
f 4173//8422 4172//8422 4160//8422
f 4170//8423 4172//8423 4171//8423
f 4170//8424 4167//8424 4174//8424
f 4163//710 4175//710 4174//710
f 4163//1223 4174//1223 4167//1223
f 4161//8425 4175//8426 4163//8426
f 4176//8427 4161//8427 4170//8427
f 4177//8428 4176//8428 4170//8428
f 4177//8429 4170//8429 4174//8429
f 4178//8430 4161//8431 4176//8432
f 4179//8433 4180//8433 4177//8433
f 4179//8429 4177//8429 4174//8429
f 4181//710 4180//710 4179//710
f 4181//710 4175//710 4161//8434
f 4181//710 4161//8435 4180//8436
f 4180//8437 4161//8438 4178//8439
f 4182//200 4183//200 4174//200
f 4184//144 4182//144 4174//144
f 4185//2072 4186//339 4187//339
f 4188//387 4185//57 4187//387
f 4189//44 4174//44 4175//44
f 4190//43 4174//43 4189//43
f 4190//43 4184//43 4174//43
f 4191//43 4184//43 4190//43
f 4192//339 4187//339 4184//339
f 4192//137 4188//137 4187//137
f 4192//1429 4184//1429 4191//1429
f 4193//1655 4192//268 4194//268
f 4195//137 4188//137 4192//137
f 4195//1429 4192//1429 4193//200
f 4185//8440 4188//8440 4196//8440
f 4185//8441 4196//8441 4197//8441
f 4186//737 4197//737 4198//737
f 4185//8442 4197//8442 4186//8442
f 4199//710 4186//710 4198//710
f 4199//710 4187//710 4186//710
f 4187//769 4199//769 4200//769
f 4187//8443 4200//8443 4184//8443
f 4182//8444 4184//8444 4200//8444
f 4182//8445 4200//8445 4201//8445
f 4183//8446 4201//8446 4202//8446
f 4183//8447 4182//8447 4201//8447
f 4174//8448 4202//8448 4179//8448
f 4174//8449 4183//8449 4202//8449
f 4202//653 4201//653 4179//653
f 4201//405 4200//405 4179//405
f 4198//653 4197//653 4199//653
f 4197//3954 4196//3954 4199//3954
f 4179//1415 4203//1415 4181//1415
f 4179//406 4204//406 4203//406
f 4200//405 4204//405 4179//405
f 4200//406 4205//406 4204//406
f 4199//475 4206//475 4200//475
f 4200//1415 4206//1415 4205//1415
f 4196//405 4207//405 4199//405
f 4199//405 4207//405 4206//405
f 4206//415 4208//415 4209//415
f 4207//419 4208//1415 4206//419
f 4189//8450 4175//8450 4181//8450
f 4189//8451 4181//8451 4203//8451
f 4190//8452 4203//8452 4204//8452
f 4190//8453 4189//8453 4203//8453
f 4191//8454 4204//8454 4205//8454
f 4191//8455 4190//8455 4204//8455
f 4206//715 4191//715 4205//715
f 4206//4170 4192//4170 4191//4170
f 4206//1222 4194//1222 4192//1222
f 4209//8456 4194//1223 4206//8456
f 4209//801 4193//801 4194//801
f 4208//715 4193//715 4209//715
f 4208//717 4207//717 4195//717
f 4208//8457 4195//8457 4193//8457
f 4188//9 4207//9 4196//9
f 4195//9 4207//9 4188//9
f 4210//8458 4180//8458 4211//8458
f 4211//8459 4178//8459 4212//8459
f 4212//8460 4178//8460 4213//8460
f 4213//8461 4178//8461 4214//8461
f 4180//8462 4178//8462 4211//8462
f 4214//8463 4176//8463 4215//8463
f 4215//8464 4176//8464 4216//8464
f 4178//8465 4176//8465 4214//8465
f 4176//8466 4177//8466 4216//8466
f 4177//8467 4217//8467 4216//8467
f 4217//8468 4218//8468 4219//8468
f 4219//8469 4218//8469 4210//8469
f 4177//8470 4218//8470 4217//8470
f 4220//8471 4221//8471 4222//8471
f 4222//8412 4223//8412 4224//8412
f 4224//8472 4223//8472 4225//8472
f 4225//8473 4223//8473 4226//8473
f 4221//8415 4223//8415 4222//8415
f 4226//8474 4227//8474 4228//8475
f 4228//8476 4227//8476 4229//8476
f 4223//8477 4227//8477 4226//8477
f 4227//8478 4230//8478 4229//8478
f 4230//8479 4231//8479 4229//8479
f 4231//8480 4232//8480 4233//8480
f 4233//8481 4232//8481 4220//8481
f 4230//8482 4232//8482 4231//8482
f 4230//8483 4227//8483 4234//8483
f 4223//710 4235//710 4234//710
f 4223//1231 4234//1231 4227//1231
f 4221//8484 4235//8484 4223//8484
f 4236//8485 4221//8485 4230//8485
f 4237//8486 4236//8486 4230//8486
f 4237//8429 4230//8429 4234//8429
f 4238//8487 4221//8487 4236//8487
f 4239//8488 4240//8488 4237//8488
f 4239//8429 4237//8429 4234//8429
f 4241//710 4240//710 4239//710
f 4241//710 4235//710 4221//710
f 4241//710 4221//710 4240//710
f 4240//1223 4221//1223 4238//1223
f 4242//1428 4243//1428 4234//1428
f 4244//57 4242//57 4234//57
f 4245//144 4246//144 4247//144
f 4248//43 4245//43 4247//43
f 4249//1425 4234//1425 4235//1425
f 4250//1426 4234//1426 4249//1426
f 4250//137 4244//137 4234//137
f 4251//43 4244//43 4250//43
f 4252//218 4247//218 4244//218
f 4252//44 4248//44 4247//44
f 4252//243 4244//243 4251//243
f 4253//101 4252//101 4254//101
f 4255//44 4248//44 4252//44
f 4255//88 4252//88 4253//88
f 4245//728 4248//728 4256//8489
f 4245//5548 4256//5548 4257//5548
f 4246//8490 4257//8490 4258//8490
f 4245//8491 4257//8491 4246//8491
f 4259//710 4246//8492 4258//710
f 4259//757 4247//757 4246//757
f 4247//738 4259//738 4260//738
f 4247//737 4260//737 4244//737
f 4242//8493 4244//8493 4260//8493
f 4242//8494 4260//8494 4261//8494
f 4243//8495 4261//8495 4262//8495
f 4243//8447 4242//8447 4261//8447
f 4234//8496 4262//8496 4239//8496
f 4234//8449 4243//8449 4262//8449
f 4262//405 4261//405 4239//405
f 4261//417 4260//417 4239//417
f 4258//635 4257//635 4259//635
f 4257//593 4256//593 4259//593
f 4239//405 4263//405 4241//405
f 4239//405 4264//405 4263//405
f 4260//405 4264//405 4239//405
f 4260//405 4265//405 4264//405
f 4259//8497 4266//8497 4260//8497
f 4260//635 4266//635 4265//635
f 4256//405 4267//405 4259//405
f 4259//406 4267//406 4266//406
f 4266//471 4268//471 4269//471
f 4267//419 4268//419 4266//419
f 4249//8498 4235//8498 4241//8498
f 4249//8499 4241//8499 4263//8499
f 4250//8500 4263//8500 4264//8500
f 4250//8453 4249//8453 4263//8453
f 4251//8501 4264//8501 4265//8501
f 4251//8455 4250//8455 4264//8455
f 4266//1441 4251//1441 4265//1441
f 4266//4105 4252//4105 4251//4105
f 4266//710 4254//710 4252//710
f 4269//710 4254//710 4266//710
f 4269//715 4253//715 4254//715
f 4268//8502 4253//8502 4269//8502
f 4268//8503 4267//8504 4255//8504
f 4268//878 4255//878 4253//878
f 4248//9 4267//9 4256//9
f 4255//9 4267//9 4248//9
f 4270//8505 4240//8505 4271//8505
f 4271//8506 4238//8506 4272//8506
f 4272//8507 4238//8507 4273//8507
f 4273//8508 4238//8508 4274//8508
f 4240//8462 4238//8462 4271//8462
f 4274//8509 4236//8509 4275//8509
f 4275//8510 4236//8510 4276//8510
f 4238//8511 4236//8511 4274//8511
f 4236//8512 4237//8512 4276//8512
f 4237//8513 4277//8513 4276//8513
f 4277//8514 4278//8514 4279//8514
f 4279//8515 4278//8515 4270//8515
f 4237//8516 4278//8516 4277//8516
f 4280//8517 4281//8517 4282//8517
f 4282//8518 4283//8518 4284//8518
f 4284//8519 4283//8519 4285//8519
f 4285//8520 4283//8520 4286//8520
f 4281//8521 4283//8521 4282//8521
f 4286//8522 4287//8522 4288//8522
f 4288//8523 4287//8523 4289//8523
f 4283//8524 4287//8524 4286//8524
f 4287//8525 4290//8525 4289//8525
f 4290//8526 4291//8526 4289//8526
f 4291//8527 4292//8527 4293//8527
f 4293//8528 4292//8528 4280//8528
f 4290//8529 4292//8529 4291//8529
f 4290//8530 4287//8530 4294//8530
f 4283//9 4295//8531 4294//9
f 4283//8532 4294//8532 4287//8532
f 4281//861 4295//8533 4283//8534
f 4296//8535 4281//8535 4290//8535
f 4297//8536 4296//8536 4290//8536
f 4297//8537 4290//8537 4294//8537
f 4298//8538 4281//8539 4296//8538
f 4299//8540 4300//8540 4297//8540
f 4299//8537 4297//8537 4294//8537
f 4301//9 4300//9 4299//9
f 4301//9 4295//8541 4281//13
f 4301//9 4281//860 4300//9
f 4300//1015 4281//862 4298//1015
f 4302//261 4303//261 4294//261
f 4304//43 4302//43 4294//43
f 4305//275 4306//275 4307//275
f 4308//317 4305//317 4307//317
f 4309//1425 4294//1425 4295//1425
f 4310//245 4294//245 4309//245
f 4310//43 4304//43 4294//43
f 4311//43 4304//43 4310//43
f 4312//2432 4307//2432 4304//2432
f 4312//44 4308//44 4307//44
f 4312//81 4304//81 4311//81
f 4313//317 4312//317 4314//317
f 4315//1426 4308//1426 4312//1426
f 4315//44 4312//44 4313//44
f 4305//8542 4308//8542 4316//8542
f 4305//1404 4316//1404 4317//1404
f 4306//801 4317//801 4318//801
f 4305//715 4317//715 4306//715
f 4319//9 4306//9 4318//9
f 4319//8543 4307//8543 4306//8543
f 4307//940 4319//940 4320//940
f 4307//8544 4320//8544 4304//8544
f 4302//8545 4304//8545 4320//8545
f 4302//8546 4320//8546 4321//8546
f 4303//8547 4321//8547 4322//8547
f 4303//8548 4302//8548 4321//8548
f 4294//8549 4322//8549 4299//8549
f 4294//8550 4303//8550 4322//8550
f 4322//632 4321//632 4299//632
f 4321//417 4320//417 4299//417
f 4318//1422 4317//1422 4319//1422
f 4317//406 4316//406 4319//406
f 4299//405 4323//405 4301//405
f 4299//405 4324//405 4323//405
f 4320//405 4324//405 4299//405
f 4320//406 4325//406 4324//406
f 4319//406 4326//406 4320//406
f 4320//8497 4326//8497 4325//8497
f 4316//405 4327//405 4319//405
f 4319//450 4327//450 4326//450
f 4326//3952 4328//8551 4329//3952
f 4327//450 4328//450 4326//450
f 4309//8552 4295//8552 4301//8552
f 4309//8553 4301//8553 4323//8553
f 4310//8554 4323//8554 4324//8554
f 4310//8555 4309//8555 4323//8555
f 4311//8556 4324//8556 4325//8556
f 4311//8557 4310//8557 4324//8557
f 4326//737 4311//737 4325//737
f 4326//737 4312//737 4311//737
f 4326//1151 4314//1151 4312//1151
f 4329//8558 4314//8558 4326//8558
f 4329//8559 4313//8559 4314//8559
f 4328//8560 4313//8560 4329//8560
f 4328//396 4327//396 4315//396
f 4328//763 4315//763 4313//763
f 4308//710 4327//710 4316//710
f 4315//710 4327//710 4308//710
f 4330//8561 4300//8561 4331//8561
f 4331//8562 4298//8562 4332//8562
f 4332//8563 4298//8563 4333//8563
f 4333//8564 4298//8564 4334//8564
f 4300//8565 4298//8565 4331//8565
f 4334//8566 4296//8566 4335//8566
f 4335//8567 4296//8567 4336//8567
f 4298//8568 4296//8568 4334//8568
f 4296//8569 4297//8569 4336//8569
f 4297//8570 4337//8570 4336//8570
f 4337//8571 4338//8571 4339//8571
f 4339//8572 4338//8572 4330//8572
f 4297//8573 4338//8573 4337//8573
f 4340//8574 4341//8574 4342//8574
f 4342//8575 4343//8575 4344//8575
f 4344//8576 4343//8576 4345//8576
f 4345//8577 4343//8577 4346//8577
f 4341//8578 4343//8578 4342//8578
f 4346//8579 4347//8579 4348//8579
f 4348//8580 4347//8580 4349//8580
f 4343//8581 4347//8581 4346//8581
f 4347//8582 4350//8582 4349//8582
f 4350//8583 4351//8583 4349//8583
f 4351//8584 4352//8584 4353//8584
f 4353//8585 4352//8585 4340//8585
f 4350//8586 4352//8586 4351//8586
f 4350//8587 4347//8587 4354//8587
f 4343//9 4355//8588 4354//9
f 4343//18 4354//8589 4347//8589
f 4341//8590 4355//8591 4343//8592
f 4356//8593 4341//8593 4350//8593
f 4357//8594 4356//8594 4350//8594
f 4357//8537 4350//8537 4354//8537
f 4358//8595 4341//8595 4356//8595
f 4359//8596 4360//8596 4357//8596
f 4359//8537 4357//8537 4354//8537
f 4361//9 4360//9 4359//9
f 4361//9 4355//8597 4341//9
f 4361//9 4341//9 4360//9
f 4360//8598 4341//8598 4358//8598
f 4362//137 4363//137 4354//137
f 4364//1430 4362//1430 4354//1430
f 4365//88 4366//1657 4367//1657
f 4368//1651 4365//1657 4367//1651
f 4369//44 4354//44 4355//44
f 4370//44 4354//44 4369//44
f 4370//43 4364//43 4354//43
f 4371//137 4364//137 4370//137
f 4372//245 4367//245 4364//245
f 4372//1425 4368//1425 4367//1425
f 4372//1426 4364//1426 4371//1426
f 4373//334 4372//334 4374//334
f 4375//43 4368//43 4372//43
f 4375//1657 4372//1657 4373//1657
f 4365//8599 4368//8599 4376//8599
f 4365//8600 4376//8600 4377//8600
f 4366//779 4377//779 4378//779
f 4365//1433 4377//1433 4366//1433
f 4379//14 4366//14 4378//14
f 4379//9 4367//9 4366//9
f 4367//801 4379//801 4380//801
f 4367//715 4380//715 4364//715
f 4362//8545 4364//8545 4380//8545
f 4362//8545 4380//8545 4381//8545
f 4363//8601 4381//8601 4382//8601
f 4363//8601 4362//8601 4381//8601
f 4354//8602 4382//8602 4359//8602
f 4354//8602 4363//8602 4382//8602
f 4382//484 4381//484 4359//484
f 4381//484 4380//449 4359//449
f 4378//406 4377//424 4379//406
f 4377//8603 4376//8604 4379//444
f 4359//406 4383//406 4361//406
f 4359//405 4384//405 4383//405
f 4380//405 4384//405 4359//405
f 4380//405 4385//405 4384//405
f 4379//1415 4386//1415 4380//1415
f 4380//1415 4386//1415 4385//1415
f 4376//3954 4387//405 4379//405
f 4379//406 4387//406 4386//406
f 4386//562 4388//8605 4389//562
f 4387//484 4388//484 4386//484
f 4369//8552 4355//8552 4361//8552
f 4369//8553 4361//8553 4383//8553
f 4370//8606 4383//8606 4384//8606
f 4370//8606 4369//8606 4383//8606
f 4371//8607 4384//8607 4385//8607
f 4371//8607 4370//8607 4384//8607
f 4386//737 4371//737 4385//737
f 4386//1029 4372//1029 4371//1029
f 4386//14 4374//14 4372//14
f 4389//1015 4374//1015 4386//1015
f 4389//738 4373//738 4374//738
f 4388//8442 4373//8442 4389//8442
f 4388//760 4387//760 4375//760
f 4388//749 4375//749 4373//749
f 4368//710 4387//710 4376//710
f 4375//710 4387//710 4368//710
f 4390//8608 4360//8608 4391//8608
f 4391//8609 4358//8609 4392//8609
f 4392//8610 4358//8610 4393//8610
f 4393//8611 4358//8611 4394//8611
f 4360//8612 4358//8612 4391//8612
f 4394//8613 4356//8613 4395//8613
f 4395//8614 4356//8614 4396//8614
f 4358//8615 4356//8615 4394//8615
f 4356//8616 4357//8616 4396//8616
f 4357//8617 4397//8617 4396//8617
f 4397//8618 4398//8618 4399//8618
f 4399//8619 4398//8619 4390//8619
f 4357//8620 4398//8620 4397//8620
f 4400//715 4401//715 4402//715
f 4400//8621 4402//8621 4403//8621
f 4404//8622 4405//8622 4406//896
f 4404//8623 4406//800 4407//4128
f 4408//1043 4407//1043 4409//1043
f 4408//788 4404//788 4407//788
f 4400//8624 4409//8624 4401//8624
f 4400//711 4408//711 4409//711
f 4403//8625 4410//8626 4411//8627
f 4403//8628 4411//8629 4412//56
f 4413//43 4412//43 4414//43
f 4413//43 4403//8630 4412//43
f 4405//137 4415//137 4416//137
f 4400//193 4413//137 4415//137
f 4400//138 4403//314 4413//43
f 4400//290 4415//43 4405//43
f 4404//8631 4408//8632 4400//8633
f 4404//8634 4400//8635 4405//125
f 4406//710 4405//710 4416//710
f 4406//710 4416//710 4417//710
f 4418//43 260//43 259//43
f 4419//43 259//43 262//43
f 4419//43 4418//43 259//43
f 4420//43 264//43 260//43
f 4420//43 260//43 4418//43
f 4421//137 264//137 4420//137
f 4422//43 4419//43 262//43
f 4423//43 4421//43 4424//43
f 4425//43 4426//43 4422//125
f 4427//43 4422//1658 262//43
f 4427//387 4425//387 4422//73
f 4428//44 264//44 4421//44
f 4428//1425 4421//1425 4423//1425
f 4429//57 4427//57 262//57
f 4430//218 4423//218 4424//218
f 4431//57 4426//57 4425//57
f 4432//386 264//386 4428//197
f 4433//44 4430//44 4424//44
f 4433//43 4424//43 4434//43
f 4435//137 4426//137 4431//137
f 4435//43 4434//43 4426//43
f 4436//43 4429//43 262//43
f 4437//43 4433//43 4434//43
f 4437//43 4434//43 4435//43
f 4438//43 4437//43 4435//43
f 4439//43 4433//43 4437//43
f 4440//43 4433//43 4439//43
f 4440//43 4441//43 4442//43
f 4440//43 4442//43 4443//43
f 4440//43 4443//43 4433//43
f 4444//43 4435//43 4445//43
f 4444//43 4445//43 4446//43
f 4444//43 4446//43 4447//43
f 4444//43 4438//43 4435//43
f 347//43 264//43 4432//43
f 347//43 4432//43 4448//43
f 347//270 4448//270 4449//270
f 346//268 4450//268 4436//268
f 346//43 4436//43 262//43
f 4451//43 4450//43 346//43
f 4451//380 4452//380 4450//380
f 4453//62 4449//62 4454//62
f 4453//43 347//43 4449//43
f 4455//43 4441//43 4440//43
f 4456//44 4444//44 4447//44
f 4457//43 4451//43 346//43
f 4458//43 347//43 4453//43
f 4459//43 4452//43 4451//43
f 4459//43 4447//43 4460//43
f 4459//200 4460//200 4452//200
f 4461//43 4453//43 4454//43
f 4461//53 4454//53 4462//53
f 4461//44 4462//44 4441//44
f 359//43 4457//43 346//43
f 360//43 347//43 4458//43
f 4463//43 4447//43 4459//43
f 4464//43 4456//43 4447//43
f 4464//43 4447//43 4463//43
f 4465//137 4441//137 4455//137
f 4466//137 4457//137 359//137
f 4467//44 360//44 4458//44
f 4468//43 4441//43 4465//43
f 4468//43 4461//43 4441//43
f 367//43 4466//43 359//43
f 368//43 360//43 4467//43
f 4469//43 4466//43 367//43
f 4470//43 368//43 4467//43
f 374//43 4469//43 367//43
f 374//43 4471//43 4469//43
f 376//43 368//43 4470//43
f 4472//43 376//43 4470//43
f 4473//44 4472//44 4470//44
f 4474//43 4470//43 4475//43
f 4474//43 4473//43 4470//43
f 4476//44 4474//44 4475//44
f 4477//43 4478//43 4468//43
f 4477//43 4468//43 4465//43
f 4477//43 4465//43 4479//43
f 4477//43 4479//43 4480//43
f 4481//43 4464//43 4463//43
f 4481//43 4482//43 4483//43
f 4481//43 4483//43 4464//43
f 4481//43 4463//43 4484//43
f 4485//43 4481//43 4484//43
f 4486//43 4478//43 4477//43
f 4487//1426 4485//1426 4484//1426
f 4487//44 4484//44 4471//44
f 4488//43 4478//43 4486//43
f 4488//43 4475//43 4478//43
f 4489//43 4476//43 4475//43
f 4489//275 4475//275 4488//275
f 4490//1426 4487//1426 4471//1426
f 4490//43 4471//43 374//43
f 4402//1426 4476//1426 4489//1426
f 4491//372 4490//372 374//372
f 4492//43 4477//43 4480//43
f 4493//43 4482//43 4481//43
f 4494//43 4492//43 4480//43
f 4495//43 4482//43 4493//43
f 4417//43 4494//43 4480//43
f 4417//43 4480//43 4496//43
f 4417//43 4496//43 4497//43
f 4498//43 4482//43 4495//43
f 4498//43 4497//43 4499//43
f 4498//43 4499//43 4482//43
f 4401//382 4476//43 4402//43
f 4500//43 4497//43 4498//43
f 4500//43 4417//43 4497//43
f 4501//43 4417//43 4500//43
f 4501//57 4407//57 4406//57
f 4501//137 4406//137 4417//137
f 4502//43 4498//43 4503//43
f 4502//1426 4503//1426 4504//1426
f 4502//44 4500//44 4498//44
f 4505//43 4407//43 4501//43
f 4505//144 4409//130 4407//144
f 4506//243 4504//243 4507//243
f 4506//43 4502//43 4504//43
f 4508//2433 4476//43 4401//373
f 4508//223 4409//1652 4505//43
f 4508//2430 4401//8636 4409//108
f 4509//43 4505//43 4510//43
f 4509//1425 4508//249 4505//1425
f 4511//1426 4509//1426 4510//1426
f 4512//2079 4511//2079 4510//2079
f 473//43 4513//43 4506//43
f 473//291 4507//291 4514//291
f 473//43 4514//43 4491//43
f 473//43 4506//43 4507//43
f 473//43 4491//43 374//43
f 471//43 4512//43 4510//43
f 477//43 4510//43 4515//43
f 477//43 471//43 4510//43
f 475//43 4515//43 4513//43
f 475//43 4513//43 473//43
f 475//44 477//44 4515//44
f 368//719 376//719 4516//719
f 368//718 4516//718 4517//718
f 360//717 4517//717 4518//717
f 360//717 368//717 4517//717
f 347//716 4518//716 4519//716
f 347//716 360//716 4518//716
f 4520//593 4521//593 4522//593
f 4521//632 4523//632 4522//632
f 4523//419 4524//419 4522//419
f 4525//1415 4526//1415 4520//1415
f 4520//406 4526//406 4521//406
f 4523//496 4527//496 4524//496
f 4525//651 4528//651 4526//651
f 4527//417 4529//417 4524//417
f 4530//405 4531//405 4532//405
f 4533//405 4531//405 4530//405
f 4534//417 4535//417 4536//417
f 4537//450 4535//450 4534//450
f 4538//496 4535//496 4537//496
f 4536//8497 4535//8497 4539//8497
f 4533//405 4540//405 4531//405
f 4535//405 4541//405 4539//405
f 4528//405 4542//405 4533//405
f 4533//405 4542//405 4540//405
f 4541//450 4543//450 4539//450
f 4539//405 4543//405 4529//405
f 4528//406 4544//406 4542//406
f 4543//405 4545//405 4529//405
f 4546//406 4547//406 4548//406
f 4549//431 4550//431 4551//431
f 4551//406 4552//406 4545//406
f 4529//405 4552//405 4524//405
f 4545//405 4552//405 4529//405
f 4550//405 4552//405 4551//405
f 4525//406 4553//406 4528//406
f 4544//405 4553//405 4546//405
f 4546//406 4553//406 4547//406
f 4528//405 4553//405 4544//405
f 4547//405 4554//405 4548//405
f 4549//405 4555//405 4550//405
f 4547//406 4556//406 4554//406
f 4525//1415 4519//1415 4553//1415
f 4552//405 4557//405 4524//405
f 4555//405 4558//405 4550//405
f 4519//631 4559//631 4553//631
f 4552//474 4560//474 4557//474
f 4555//405 4561//405 4558//405
f 4555//450 4562//450 4561//450
f 4555//496 4563//496 4562//496
f 4556//405 4564//405 4554//405
f 4519//1415 4518//1415 4559//1415
f 4560//484 4565//484 4557//484
f 4518//475 4566//475 4559//475
f 4560//417 4567//417 4565//417
f 4518//475 4517//475 4566//475
f 4566//406 4517//406 4568//406
f 4569//525 4570//525 4567//525
f 4567//1415 4570//1415 4565//1415
f 4569//406 4571//406 4570//406
f 4572//406 4571//406 4569//406
f 4517//450 4516//450 4568//450
f 4568//484 4516//484 4573//484
f 4516//593 4574//593 4573//593
f 4574//450 4575//4136 4573//4136
f 4576//593 4577//593 4578//593
f 4579//417 4577//417 4576//417
f 4580//450 4577//450 4579//450
f 4581//405 4582//405 4583//405
f 4572//406 4584//406 4571//406
f 4580//405 4585//405 4577//405
f 4575//450 4586//450 4573//450
f 4582//405 4587//405 4583//405
f 4575//610 4588//610 4586//610
f 4586//406 4589//406 4585//406
f 4588//431 4589//431 4586//431
f 4585//405 4590//405 4577//405
f 4589//405 4590//405 4585//405
f 4582//405 4591//405 4587//405
f 4589//405 4592//405 4590//405
f 4591//405 4593//405 4587//405
f 4587//405 4593//405 4584//405
f 4589//405 4594//405 4592//405
f 4593//405 4595//405 4584//405
f 4596//405 4597//405 4598//405
f 4596//405 4599//405 4597//405
f 4596//450 4600//450 4599//450
f 4601//405 4602//405 4603//405
f 4604//405 4605//405 4596//405
f 4596//405 4605//405 4600//405
f 4602//406 4606//406 4603//406
f 4607//406 4606//406 4608//406
f 4603//405 4606//405 4607//405
f 4584//405 4609//405 4571//405
f 4595//405 4609//405 4584//405
f 4608//405 4609//405 4595//405
f 4606//405 4609//405 4608//405
f 4610//405 4611//405 4604//405
f 4594//417 4611//417 4610//417
f 4589//405 4611//405 4594//405
f 4605//1415 4611//1415 4612//1415
f 4604//405 4611//405 4605//405
f 4611//406 4613//406 4612//406
f 4613//406 4614//406 4612//406
f 4614//450 4615//450 4612//450
f 4614//610 4616//610 4615//610
f 4616//420 4617//420 4615//420
f 4609//406 4618//406 4571//406
f 4619//406 4618//406 4609//406
f 4619//1415 4620//1415 4618//1415
f 4617//406 4621//406 4615//406
f 4615//484 4621//484 4622//484
f 4620//1415 4623//1415 4618//1415
f 4621//593 4623//593 4622//593
f 4622//450 4623//450 4620//450
f 471//940 4617//940 4616//940
f 471//715 4616//715 4512//715
f 4611//8637 4508//8637 4613//8637
f 4613//8638 4509//8638 4614//8638
f 4508//8639 4509//8639 4613//8639
f 4614//8640 4511//8640 4616//8640
f 4509//1443 4511//1443 4614//1443
f 4511//8641 4512//8641 4616//8641
f 4624//715 4625//715 4589//715
f 4626//715 4589//715 4625//715
f 4476//779 4627//779 4628//779
f 4476//715 4628//715 4624//715
f 4476//715 4624//715 4589//715
f 4629//715 4611//715 4589//715
f 4629//715 4589//715 4626//715
f 4630//715 4626//715 4631//715
f 4630//715 4629//715 4626//715
f 4632//779 4611//779 4629//779
f 4633//715 4631//715 4627//715
f 4633//715 4627//715 4476//715
f 4633//715 4630//715 4631//715
f 4634//801 4611//801 4632//801
f 4508//715 4634//715 4635//715
f 4508//715 4635//715 4633//715
f 4508//715 4633//715 4476//715
f 4508//715 4611//715 4634//715
f 4476//8642 4589//8642 4474//8642
f 4474//8643 4588//8643 4473//8643
f 4589//8644 4588//8644 4474//8644
f 4473//8645 4575//8645 4472//8645
f 4588//8646 4575//8646 4473//8646
f 4575//8647 4574//8647 4472//8647
f 4472//8502 4574//8502 4516//8502
f 4472//715 4516//715 376//715
f 4630//8648 4633//8648 4636//8648
f 4637//405 4633//405 4638//405
f 4636//8648 4633//8648 4637//8648
f 4638//8649 4635//8649 4639//8649
f 4633//406 4635//406 4638//406
f 4635//8649 4634//8649 4639//8649
f 4639//8650 4632//8650 4640//8650
f 4634//8650 4632//8650 4639//8650
f 4641//8651 4629//8651 4636//8651
f 4640//43 4629//43 4641//43
f 4632//43 4629//43 4640//43
f 4629//8652 4630//8652 4636//8652
f 4639//8653 4640//8653 4642//8653
f 4640//8654 4641//8654 4642//8654
f 4641//8655 4636//8655 4642//8655
f 4636//8656 4637//8656 4642//8656
f 4637//8657 4638//8657 4642//8657
f 4638//8658 4639//8658 4642//8658
f 4624//8648 4628//8648 4643//8648
f 4643//8648 4628//8648 4644//8648
f 4644//405 4627//405 4645//405
f 4628//405 4627//405 4644//405
f 4645//8659 4631//8659 4646//8659
f 4627//8659 4631//8659 4645//8659
f 4646//8650 4631//8650 4647//8650
f 4647//43 4626//43 4648//43
f 4631//8650 4626//8650 4647//8650
f 4626//43 4625//43 4648//43
f 4648//8651 4624//8651 4643//8651
f 4625//8652 4624//8652 4648//8652
f 4646//8660 4647//8660 4649//8660
f 4647//8654 4648//8654 4649//8654
f 4648//8661 4643//8661 4649//8661
f 4643//8662 4644//8662 4649//8662
f 4644//8657 4645//8657 4649//8657
f 4645//8658 4646//8658 4649//8658
f 475//714 473//714 4618//714
f 475//714 4618//714 4623//714
f 477//713 4623//713 4621//713
f 477//8600 475//8600 4623//8600
f 471//937 4621//937 4617//937
f 471//711 477//711 4621//711
f 4618//710 473//710 374//710
f 4618//710 374//710 4571//710
f 359//928 346//928 4557//928
f 359//928 4557//928 4565//928
f 367//749 4565//749 4570//749
f 367//760 359//760 4565//760
f 374//927 4570//927 4571//927
f 374//927 367//927 4570//927
f 4557//737 346//737 262//737
f 4557//737 262//737 4524//737
f 260//926 264//926 4525//926
f 260//926 4525//926 4520//926
f 259//925 4520//925 4522//925
f 259//925 260//925 4520//925
f 262//8663 4522//8663 4524//8663
f 262//922 259//922 4522//922
f 4650//9 4525//9 264//9
f 4651//9 4519//9 4525//9
f 4651//9 4525//9 4650//9
f 4652//9 4650//9 264//9
f 4653//9 4519//9 4651//9
f 4654//9 4652//9 264//9
f 347//9 4653//9 4655//9
f 347//9 4655//9 4654//9
f 347//9 4519//9 4653//9
f 347//9 4654//9 264//9
f 4656//8664 4651//8664 4657//8664
f 4657//8665 4651//8665 4658//8665
f 4658//8666 4651//8666 4659//8666
f 4659//8667 4651//8667 4660//8667
f 4660//8668 4651//8668 4661//8668
f 4661//8669 4651//8669 4662//8669
f 4662//8670 4651//8670 4663//8670
f 4663//8671 4651//8671 4664//8671
f 4664//8672 4651//8672 4665//8672
f 4665//8673 4651//8673 4666//8673
f 4666//8674 4650//8675 4667//8674
f 4667//8676 4650//8676 4668//8676
f 4668//8677 4650//8677 4669//8677
f 4669//8678 4650//8678 4670//8678
f 4670//8679 4650//8679 4671//8679
f 4671//8680 4650//8680 4672//8680
f 4672//8681 4650//8681 4673//8681
f 4673//8682 4650//8682 4674//8682
f 4674//8683 4650//8683 4675//8683
f 4675//8684 4650//8684 4676//8684
f 4676//8685 4650//8685 4677//8685
f 4677//8686 4650//8686 4678//8686
f 4678//8687 4650//8687 4679//8687
f 4679//8688 4650//8688 4680//8688
f 4680//8689 4650//8689 4681//8689
f 4681//8690 4650//8690 4682//8690
f 4682//8691 4650//8691 4683//8691
f 4683//8692 4650//8692 4684//8692
f 4684//8693 4650//8693 4685//8693
f 4685//8694 4650//8694 4686//8694
f 4686//8695 4650//8695 4687//8695
f 4687//8696 4650//8697 4688//8696
f 4651//8698 4650//8698 4666//8698
f 4650//8699 4652//8700 4688//8700
f 4688//8701 4652//8701 4689//8701
f 4689//8702 4652//8702 4690//8702
f 4690//8703 4652//8703 4691//8703
f 4691//8704 4652//8704 4692//8704
f 4692//8705 4652//8705 4693//8705
f 4693//8706 4652//8706 4694//8706
f 4694//8707 4652//8707 4695//8707
f 4695//8708 4652//8708 4696//8708
f 4696//8709 4652//8709 4697//8709
f 4697//8710 4652//8710 4698//8710
f 4698//8711 4652//8711 4699//8711
f 4699//8712 4652//8712 4700//8712
f 4700//8713 4652//8713 4701//8713
f 4701//8714 4652//8714 4702//8714
f 4702//8715 4652//8715 4703//8715
f 4703//8716 4652//8716 4704//8716
f 4704//8717 4652//8717 4705//8717
f 4705//8718 4652//8718 4706//8718
f 4706//8719 4652//8719 4707//8719
f 4707//8720 4652//8720 4708//8720
f 4652//8721 4654//8721 4708//8721
f 4708//8722 4654//8722 4709//8722
f 4709//8723 4654//8723 4710//8723
f 4710//8724 4654//8724 4711//8724
f 4711//8725 4654//8725 4712//8725
f 4712//8726 4654//8726 4713//8726
f 4713//8727 4654//8727 4714//8727
f 4714//8728 4654//8728 4715//8728
f 4715//8729 4654//8729 4716//8729
f 4716//8730 4654//8730 4717//8730
f 4717//8731 4654//8731 4718//8731
f 4718//8732 4654//8732 4719//8732
f 4719//8733 4654//8733 4720//8733
f 4720//8734 4654//8734 4721//8734
f 4721//8735 4654//8735 4722//8735
f 4722//8736 4654//8736 4723//8736
f 4723//8737 4654//8737 4724//8737
f 4724//8738 4654//8738 4725//8738
f 4725//8739 4654//8739 4726//8739
f 4726//8740 4654//8740 4727//8740
f 4727//8741 4654//8741 4728//8741
f 4728//8742 4654//8742 4729//8742
f 4729//8743 4655//8744 4730//8743
f 4730//8745 4655//8745 4731//8745
f 4731//8746 4655//8746 4732//8746
f 4732//8747 4655//8747 4733//8747
f 4733//8748 4655//8748 4734//8748
f 4734//8749 4655//8749 4735//8749
f 4735//8750 4655//8750 4736//8750
f 4736//8751 4655//8751 4737//8751
f 4737//8752 4655//8752 4738//8752
f 4738//8753 4655//8753 4739//8753
f 4739//8754 4655//8754 4740//8754
f 4740//8755 4655//8755 4741//8755
f 4741//8756 4655//8756 4742//8756
f 4742//8757 4655//8757 4743//8757
f 4743//8758 4655//8758 4744//8758
f 4744//8759 4655//8759 4745//8759
f 4745//8760 4655//8760 4746//8760
f 4746//8761 4655//8761 4747//8761
f 4747//8762 4655//8762 4748//8762
f 4748//8763 4655//8763 4749//8763
f 4749//8764 4655//8764 4750//8764
f 4750//8765 4655//8765 4751//8765
f 4654//8766 4655//8766 4729//8766
f 4655//8767 4653//8767 4751//8767
f 4751//8768 4653//8768 4752//8768
f 4752//8769 4653//8769 4753//8769
f 4753//8770 4653//8770 4754//8770
f 4754//8771 4653//8771 4755//8771
f 4755//8772 4653//8772 4756//8772
f 4756//8773 4653//8773 4757//8773
f 4757//8774 4653//8774 4758//8774
f 4758//8775 4653//8775 4759//8775
f 4759//8776 4653//8776 4760//8776
f 4760//8777 4653//8777 4761//8777
f 4761//8778 4653//8778 4762//8778
f 4762//8779 4653//8779 4763//8779
f 4763//8780 4653//8780 4764//8780
f 4764//8781 4653//8781 4765//8781
f 4765//8782 4653//8782 4766//8782
f 4766//8783 4653//8783 4767//8783
f 4767//8784 4653//8784 4768//8784
f 4768//8785 4653//8785 4769//8785
f 4769//8786 4653//8786 4770//8786
f 4770//8787 4653//8787 4771//8787
f 4653//8788 4651//8788 4771//8788
f 4771//8789 4651//8789 4772//8789
f 4772//8790 4651//8790 4773//8790
f 4773//8791 4651//8791 4774//8791
f 4774//8792 4651//8792 4775//8792
f 4775//8793 4651//8793 4776//8793
f 4776//8794 4651//8794 4777//8794
f 4777//8795 4651//8795 4778//8795
f 4778//8796 4651//8796 4779//8796
f 4779//8797 4651//8797 4780//8797
f 4780//8798 4651//8798 4781//8798
f 4781//8799 4651//8799 4656//8799
f 4782//8800 4671//8800 4672//8800
f 4783//8801 4672//8801 4673//8801
f 4783//870 4782//870 4672//870
f 4784//8802 4670//8802 4671//8802
f 4784//8803 4671//8803 4782//8803
f 4785//1152 4673//1152 4674//1152
f 4785//14 4783//14 4673//14
f 4786//8804 4669//8804 4670//8804
f 4786//10 4670//10 4784//10
f 4787//8595 4674//8595 4675//8595
f 4787//8805 4785//8805 4674//8805
f 4788//8806 4668//8806 4669//8806
f 4788//1154 4669//1154 4786//1154
f 4789//8807 4675//8807 4676//8807
f 4789//1152 4787//1152 4675//1152
f 4790//8808 4667//8808 4668//8808
f 4790//8809 4668//8809 4788//8809
f 4791//8801 4676//8801 4677//8801
f 4791//8810 4789//8810 4676//8810
f 4792//8811 4666//8811 4667//8811
f 4792//8805 4667//8805 4790//8805
f 4793//8558 4791//8558 4677//8558
f 4793//8532 4677//8532 4678//8532
f 4794//8807 4665//8807 4666//8807
f 4794//8812 4666//8812 4792//8812
f 4795//872 4678//872 4679//872
f 4795//8558 4793//8558 4678//8558
f 4796//8813 4664//8813 4665//8813
f 4796//14 4665//14 4794//14
f 4797//8814 4679//8814 4680//8814
f 4797//1151 4795//1151 4679//1151
f 4798//8815 4663//8815 4664//8815
f 4798//21 4664//21 4796//21
f 4799//8816 4797//8816 4680//8816
f 4799//8817 4680//8817 4681//8817
f 4800//8818 4662//8818 4663//8818
f 4800//873 4663//873 4798//873
f 4801//8813 4799//8813 4681//8813
f 4801//859 4681//859 4682//859
f 4802//12 4661//12 4662//12
f 4802//859 4662//859 4800//859
f 4803//8588 4801//8588 4682//8588
f 4803//8558 4682//8558 4683//8558
f 4804//8819 4660//8819 4661//8819
f 4804//1150 4661//1150 4802//1150
f 4805//1015 4683//1015 4684//1015
f 4805//12 4803//12 4683//12
f 4806//859 4659//859 4660//859
f 4806//870 4660//870 4804//870
f 4807//1152 4684//1152 4685//1152
f 4807//8820 4805//8820 4684//8820
f 4808//8538 4658//8538 4659//8538
f 4808//8821 4659//8821 4806//8821
f 4809//8558 4685//8558 4686//8558
f 4809//8807 4807//8807 4685//8807
f 4810//8821 4657//8821 4658//8821
f 4810//8822 4658//8822 4808//8822
f 4811//9 4686//9 4687//9
f 4811//873 4809//873 4686//873
f 4812//1015 4656//1015 4657//1015
f 4812//8823 4657//8823 4810//8823
f 4813//8824 4687//8824 4688//8824
f 4813//1151 4811//1151 4687//1151
f 4814//1015 4781//1015 4656//1015
f 4814//8824 4656//8824 4812//8824
f 4815//8805 4688//8805 4689//8805
f 4815//872 4813//872 4688//872
f 4816//22 4780//22 4781//22
f 4816//8807 4781//8807 4814//8807
f 4817//8825 4689//8825 4690//8825
f 4817//861 4815//861 4689//861
f 4818//8816 4779//8816 4780//8816
f 4818//1015 4780//1015 4816//1015
f 4819//8813 4690//8813 4691//8813
f 4819//866 4817//866 4690//866
f 4820//9 4779//9 4818//9
f 4820//12 4778//12 4779//12
f 4821//8558 4819//8558 4691//8558
f 4821//8826 4691//8826 4692//8826
f 4822//1152 4778//1152 4820//1152
f 4822//1150 4777//1150 4778//1150
f 4823//8827 4821//8827 4692//8827
f 4823//8558 4692//8558 4693//8558
f 4824//8809 4777//8809 4822//8809
f 4824//859 4776//859 4777//859
f 4825//8827 4823//8827 4693//8827
f 4825//1151 4693//1151 4694//1151
f 4826//8828 4776//8828 4824//8828
f 4826//8805 4775//8805 4776//8805
f 4827//8808 4825//8808 4694//8808
f 4827//1152 4694//1152 4695//1152
f 4828//17 4775//17 4826//17
f 4774//8829 4775//8829 4828//8829
f 4829//10 4827//10 4695//10
f 4696//8532 4829//8532 4695//8532
f 4830//874 4774//874 4828//874
f 4773//11 4774//11 4830//11
f 4831//1151 4829//1151 4696//1151
f 4697//8806 4831//8806 4696//8806
f 4832//8830 4773//8830 4830//8830
f 4772//8825 4773//8825 4832//8825
f 4833//8831 4831//8831 4697//8831
f 4698//8806 4833//8806 4697//8806
f 4834//8832 4772//8832 4832//8832
f 4771//8816 4772//8816 4834//8816
f 4835//1150 4833//1150 4698//1150
f 4699//8809 4835//8809 4698//8809
f 4836//12 4771//12 4834//12
f 4770//8833 4771//8833 4836//8833
f 4837//13 4835//13 4699//13
f 4700//8834 4837//8835 4699//8835
f 4838//14 4770//14 4836//14
f 4769//8531 4770//8531 4838//8531
f 4839//8836 4837//8836 4700//8837
f 4701//11 4839//11 4700//8807
f 4840//8838 4769//8838 4838//8838
f 4768//8809 4769//8809 4840//8809
f 4841//14 4839//14 4701//14
f 4702//8839 4841//8839 4701//8839
f 4842//8823 4768//8823 4840//8823
f 4767//1152 4768//1152 4842//1152
f 4843//8817 4841//8817 4702//8817
f 4703//8801 4843//8801 4702//8801
f 4844//1153 4767//1153 4842//1153
f 4845//8825 4843//8825 4703//8825
f 4766//873 4767//873 4844//873
f 4846//14 4766//14 4844//14
f 4704//8531 4845//8531 4703//8531
f 4847//1150 4845//1150 4704//1150
f 4765//14 4766//14 4846//14
f 4848//871 4765//871 4846//871
f 4705//11 4847//11 4704//11
f 4849//872 4847//872 4705//872
f 4764//8825 4765//8825 4848//8825
f 4850//873 4764//873 4848//873
f 4706//8840 4849//8840 4705//8840
f 4851//1015 4849//1015 4706//1015
f 4763//871 4764//871 4850//871
f 4852//22 4763//22 4850//22
f 4707//8818 4851//8818 4706//8818
f 4853//1151 4851//1151 4707//1151
f 4762//873 4763//873 4852//873
f 4854//10 4762//10 4852//10
f 4708//873 4853//873 4707//873
f 4855//10 4853//10 4708//10
f 4761//871 4762//871 4854//871
f 4856//873 4761//873 4854//873
f 4709//8558 4855//8558 4708//8558
f 4857//14 4855//14 4709//14
f 4760//870 4761//870 4856//870
f 4858//21 4760//21 4856//21
f 4710//8812 4857//8812 4709//8812
f 4859//8836 4857//8836 4710//8836
f 4759//15 4760//15 4858//15
f 4860//8588 4759//8588 4858//8588
f 4711//1152 4859//1152 4710//1152
f 4861//8841 4859//8841 4711//8841
f 4758//868 4759//868 4860//868
f 4758//8842 4860//8842 4862//8842
f 4712//1598 4863//1598 4861//1598
f 4712//8824 4861//8824 4711//8824
f 4757//1151 4758//1151 4862//1151
f 4757//9 4862//9 4864//9
f 4713//859 4865//859 4863//859
f 4713//24 4863//24 4712//24
f 4756//21 4757//21 4864//21
f 4756//871 4864//871 4866//871
f 4714//8532 4867//8532 4865//8532
f 4714//13 4865//13 4713//13
f 4755//8828 4866//8828 4868//8828
f 4755//872 4756//872 4866//872
f 4715//1152 4869//1152 4867//1152
f 4715//8597 4867//8597 4714//8597
f 4754//8843 4868//8843 4870//8843
f 4754//8830 4755//8830 4868//8830
f 4716//8806 4871//8806 4869//8806
f 4716//15 4869//15 4715//15
f 4753//8532 4754//8532 4870//8532
f 4753//8838 4870//8838 4872//8838
f 4717//8543 4871//8543 4716//8543
f 4717//8531 4873//8531 4871//8531
f 4752//8828 4753//8828 4872//8828
f 4752//8844 4872//8844 4874//8844
f 4718//8833 4875//8833 4873//8833
f 4718//872 4873//872 4717//872
f 4751//8543 4752//8543 4874//8543
f 4751//1151 4874//1151 4876//1151
f 4719//8800 4875//8800 4718//8800
f 4719//8814 4877//8814 4875//8814
f 4750//859 4751//859 4876//859
f 4750//8806 4876//8806 4878//8806
f 4720//8845 4877//8845 4719//8845
f 4720//8810 4879//8810 4877//8810
f 4749//1598 4750//1598 4878//1598
f 4749//8809 4878//8809 4880//8809
f 4721//8802 4879//8802 4720//8802
f 4721//859 4881//859 4879//859
f 4748//8817 4749//8817 4880//8817
f 4748//14 4880//14 4882//14
f 4722//8805 4883//8805 4881//8805
f 4722//8818 4881//8818 4721//8818
f 4747//8846 4748//8846 4882//8846
f 4747//8828 4882//8828 4884//8828
f 4723//12 4885//12 4883//12
f 4723//11 4883//11 4722//11
f 4746//8847 4747//8847 4884//8847
f 4746//8848 4884//8848 4886//8848
f 4724//8558 4887//8558 4885//8558
f 4724//8805 4885//8805 4723//8805
f 4745//8814 4746//8814 4886//8814
f 4745//1151 4886//1151 4888//1151
f 4725//8543 4889//8543 4887//8543
f 4725//8814 4887//8814 4724//8814
f 4744//8806 4745//8806 4888//8806
f 4744//1598 4888//1598 4890//1598
f 4726//8849 4891//8849 4889//8849
f 4726//1154 4889//1154 4725//1154
f 4743//859 4744//859 4890//859
f 4743//873 4890//873 4892//873
f 4727//8824 4893//8824 4891//8824
f 4727//8805 4891//8805 4726//8805
f 4742//1015 4743//1015 4892//1015
f 4742//12 4892//12 4894//12
f 4728//871 4895//871 4893//871
f 4728//14 4893//14 4727//14
f 4741//8820 4742//8820 4894//8820
f 4741//1151 4894//1151 4896//1151
f 4729//1015 4897//1015 4895//1015
f 4729//18 4895//18 4728//18
f 4740//870 4741//870 4896//870
f 4740//870 4896//870 4898//870
f 4730//872 4899//872 4897//872
f 4730//21 4897//21 4729//21
f 4739//1015 4740//1015 4898//1015
f 4739//13 4898//13 4900//13
f 4731//8558 4901//8558 4899//8558
f 4731//8809 4899//8809 4730//8809
f 4738//1152 4900//1152 4902//1152
f 4738//9 4739//9 4900//9
f 4732//1015 4903//1015 4901//1015
f 4732//9 4901//9 4731//9
f 4737//1151 4902//1151 4904//1151
f 4737//873 4738//873 4902//873
f 4733//871 4905//871 4903//871
f 4733//8816 4903//8816 4732//8816
f 4736//8827 4904//8827 4906//8827
f 4736//8813 4737//8813 4904//8813
f 4734//8848 4907//8848 4905//8848
f 4734//8850 4905//8850 4733//8850
f 4735//8825 4906//8825 4907//8825
f 4735//8819 4907//8819 4734//8819
f 4735//8823 4736//8823 4906//8823
f 4878//8851 4876//8851 4908//8851
f 4880//8852 4878//8852 4908//8852
f 4882//8853 4880//8853 4908//8853
f 4884//8854 4882//8854 4908//8854
f 4886//8855 4884//8855 4908//8855
f 4888//8856 4886//8856 4908//8856
f 4890//8857 4888//8857 4908//8857
f 4892//8858 4890//8858 4908//8858
f 4894//8859 4892//8859 4908//8859
f 4896//8860 4894//8860 4908//8860
f 4898//8861 4908//8862 4909//8863
f 4898//8864 4896//8865 4908//8866
f 4900//8867 4898//8867 4909//8867
f 4902//8868 4900//8868 4909//8868
f 4904//8869 4902//8869 4909//8869
f 4906//8870 4904//8870 4909//8870
f 4907//8871 4906//8871 4909//8871
f 4905//8872 4907//8872 4909//8872
f 4903//8873 4905//8873 4909//8873
f 4901//8874 4903//8874 4909//8874
f 4899//8875 4901//8875 4909//8875
f 4897//8876 4899//8876 4909//8876
f 4895//8877 4897//8877 4909//8877
f 4893//8878 4895//8878 4909//8878
f 4891//8879 4893//8879 4909//8879
f 4889//8880 4891//8880 4909//8880
f 4887//8881 4889//8881 4909//8881
f 4885//8882 4887//8882 4909//8882
f 4883//8883 4885//8883 4909//8883
f 4881//8884 4883//8884 4909//8884
f 4879//8885 4881//8885 4909//8885
f 4877//8886 4879//8886 4909//8886
f 4875//8887 4909//8888 4910//8887
f 4875//8889 4877//8889 4909//8890
f 4873//8891 4875//8891 4910//8891
f 4871//8892 4873//8892 4910//8892
f 4869//8893 4871//8893 4910//8893
f 4867//8894 4869//8894 4910//8894
f 4865//8895 4867//8895 4910//8895
f 4863//8896 4865//8896 4910//8896
f 4861//8897 4863//8897 4910//8897
f 4859//8898 4861//8898 4910//8898
f 4857//8899 4859//8899 4910//8899
f 4855//8900 4857//8900 4910//8900
f 4853//8901 4855//8901 4910//8901
f 4851//8902 4853//8902 4910//8902
f 4849//8903 4851//8903 4910//8903
f 4847//8904 4849//8904 4910//8904
f 4845//8905 4847//8905 4910//8905
f 4843//8906 4845//8906 4910//8906
f 4841//8907 4843//8907 4910//8907
f 4839//8908 4841//8908 4910//8908
f 4837//8909 4839//8909 4910//8909
f 4835//8910 4837//8910 4910//8910
f 4833//8911 4910//8912 4911//8911
f 4833//8913 4835//8913 4910//8914
f 4831//8915 4833//8915 4911//8915
f 4829//8916 4831//8916 4911//8916
f 4827//8917 4829//8917 4911//8917
f 4825//8918 4827//8918 4911//8918
f 4823//8919 4825//8919 4911//8919
f 4821//8920 4823//8920 4911//8920
f 4819//8921 4821//8922 4911//8922
f 4817//8923 4819//8923 4911//8923
f 4815//8924 4817//8924 4911//8924
f 4813//8925 4815//8925 4911//8925
f 4811//8926 4813//8926 4911//8926
f 4809//8927 4811//8927 4911//8927
f 4807//8928 4809//8928 4911//8928
f 4805//8929 4807//8929 4911//8929
f 4803//8930 4805//8930 4911//8930
f 4801//8931 4803//8931 4911//8931
f 4799//8932 4801//8932 4911//8932
f 4797//8933 4799//8933 4911//8933
f 4795//8934 4797//8934 4911//8934
f 4793//8935 4795//8935 4911//8935
f 4791//8936 4911//8937 4912//8938
f 4791//8939 4793//8940 4911//8941
f 4789//8942 4791//8942 4912//8942
f 4787//8943 4789//8943 4912//8943
f 4785//8944 4787//8944 4912//8944
f 4783//8945 4785//8945 4912//8945
f 4782//8946 4783//8946 4912//8946
f 4784//8947 4782//8947 4912//8947
f 4786//8948 4784//8948 4912//8948
f 4788//8949 4786//8949 4912//8949
f 4790//8950 4788//8950 4912//8950
f 4792//8951 4790//8951 4912//8951
f 4794//8952 4792//8952 4912//8952
f 4796//8953 4794//8953 4912//8953
f 4798//8954 4796//8954 4912//8954
f 4800//8955 4798//8955 4912//8955
f 4802//8956 4800//8956 4912//8956
f 4804//8957 4802//8957 4912//8957
f 4806//8958 4804//8958 4912//8958
f 4808//8959 4806//8959 4912//8959
f 4810//8960 4808//8960 4912//8960
f 4812//8961 4810//8961 4912//8961
f 4814//8962 4812//8962 4912//8963
f 4814//8964 4912//8965 4913//8964
f 4816//8966 4814//8966 4913//8966
f 4818//8967 4816//8967 4913//8967
f 4820//8968 4818//8968 4913//8968
f 4822//8969 4820//8969 4913//8969
f 4824//8970 4822//8970 4913//8970
f 4826//8971 4824//8971 4913//8971
f 4828//8972 4826//8972 4913//8972
f 4830//8973 4828//8973 4913//8973
f 4832//8974 4830//8974 4913//8974
f 4834//8975 4832//8975 4913//8975
f 4836//8976 4834//8976 4913//8976
f 4838//8977 4836//8977 4913//8977
f 4840//8978 4838//8978 4913//8978
f 4842//8979 4840//8979 4913//8979
f 4844//8980 4842//8980 4913//8980
f 4846//8981 4844//8981 4913//8981
f 4848//8982 4846//8982 4913//8982
f 4850//8983 4848//8983 4913//8983
f 4852//8984 4850//8984 4913//8984
f 4854//8985 4852//8985 4913//8985
f 4856//8986 4913//8986 4908//8986
f 4856//8987 4854//8987 4913//8987
f 4858//8988 4856//8988 4908//8989
f 4860//8990 4858//8990 4908//8990
f 4862//8991 4860//8991 4908//8991
f 4864//8992 4862//8992 4908//8992
f 4866//8993 4864//8993 4908//8993
f 4868//8994 4866//8994 4908//8994
f 4870//8995 4868//8995 4908//8995
f 4872//8996 4870//8996 4908//8996
f 4874//8997 4872//8997 4908//8997
f 4876//8998 4874//8998 4908//8998
f 4911//9 4914//9 4912//9
f 4915//9 4914//9 4911//9
f 4916//1015 4913//1015 4912//1015
f 4916//9 4912//9 4914//9
f 4910//1015 4917//1015 4915//1015
f 4910//9 4915//9 4911//9
f 4908//873 4916//873 4918//873
f 4908//9 4913//9 4916//9
f 4909//1151 4918//1151 4919//1151
f 4909//9 4919//9 4917//9
f 4909//9 4917//9 4910//9
f 4909//9 4908//9 4918//9
f 4915//8999 4917//8999 4920//8999
f 4917//9000 4919//9000 4920//9000
f 4919//9001 4918//9001 4920//9001
f 4918//9002 4916//9002 4920//9002
f 4916//9003 4914//9003 4920//9003
f 4914//9004 4915//9004 4920//9004
f 4536//716 4539//716 4921//716
f 4921//716 4539//716 4922//716
f 4922//772 4529//772 4923//772
f 4539//946 4529//946 4922//946
f 4923//719 4527//719 4924//719
f 4529//719 4527//719 4923//719
f 4924//711 4523//711 4925//711
f 4527//972 4523//972 4924//972
f 4925//9005 4521//9005 4926//9005
f 4523//713 4521//713 4925//713
f 4926//714 4526//714 4927//714
f 4521//714 4526//714 4926//714
f 4526//9006 4528//9006 4927//9006
f 4927//9007 4528//9007 4928//9007
f 4928//9008 4533//9008 4929//9008
f 4528//9009 4533//9009 4928//9009
f 4929//9010 4530//9010 4930//9010
f 4533//9011 4530//9011 4929//9011
f 4930//9012 4532//9012 4931//9012
f 4530//9013 4532//9013 4930//9013
f 4932//9014 4933//9014 4532//9014
f 4532//9015 4934//9015 4931//9015
f 4933//9016 4934//9016 4532//9016
f 4931//9017 4935//9017 4936//9017
f 4934//9017 4935//9017 4931//9017
f 4937//9018 4538//9018 4935//9018
f 4935//9019 4538//9019 4936//9019
f 4937//9020 4938//9020 4538//9020
f 4936//9021 4537//9021 4921//9021
f 4538//9022 4537//9022 4936//9022
f 4537//9023 4534//9023 4921//9023
f 4534//9024 4536//9024 4921//9024
f 4939//9025 4938//9025 4937//9025
f 4940//9026 4938//9026 4939//9026
f 4941//9027 4940//9027 4939//9027
f 4942//9028 4940//9028 4941//9028
f 4943//9029 4942//9029 4941//9029
f 4944//9030 4942//9030 4943//9030
f 4945//9031 4944//9031 4943//9031
f 4946//9032 4944//9032 4945//9032
f 4947//9033 4945//9033 4948//9033
f 4947//9034 4946//9034 4945//9034
f 4949//9035 4948//9035 4950//9035
f 4949//9036 4947//9036 4948//9036
f 4951//9037 4949//9037 4950//9037
f 4952//9038 4951//9038 4950//9038
f 4953//9039 4951//9039 4952//9039
f 4954//9040 4953//9040 4952//9040
f 4558//9041 4561//9041 4955//9041
f 4955//9042 4562//9042 4956//9042
f 4561//9043 4562//9043 4955//9043
f 4562//9044 4563//9044 4956//9044
f 4953//9045 4954//9045 4563//9045
f 4954//9046 4957//9046 4563//9046
f 4563//9047 4957//9047 4956//9047
f 4956//9048 4958//9048 4959//9048
f 4957//9048 4958//9048 4956//9048
f 4960//9049 4581//9049 4958//9049
f 4959//9050 4581//9050 4961//9050
f 4958//9051 4581//9051 4959//9051
f 4960//9052 4962//9052 4581//9052
f 4961//9053 4583//9053 4963//9053
f 4581//9054 4583//9054 4961//9054
f 4963//9055 4587//9055 4964//9055
f 4583//9056 4587//9056 4963//9056
f 4964//9057 4584//9057 4965//9057
f 4587//9058 4584//9058 4964//9058
f 4584//9059 4572//9059 4965//9059
f 4966//9060 4962//9060 4960//9060
f 4967//9061 4962//9061 4966//9061
f 4968//9062 4967//9062 4966//9062
f 4969//9063 4967//9063 4968//9063
f 4970//9064 4969//9064 4968//9064
f 4971//9065 4969//9065 4970//9065
f 4972//9066 4971//9066 4970//9066
f 4973//9067 4971//9067 4972//9067
f 4974//9068 4972//9068 4975//9068
f 4974//9069 4973//9069 4972//9069
f 4976//9070 4975//9070 4977//9070
f 4976//9071 4974//9071 4975//9071
f 4978//9072 4976//9072 4977//9072
f 4979//9073 4978//9073 4977//9073
f 4980//9074 4978//9074 4979//9074
f 4981//9075 4980//9075 4979//9075
f 4581//9076 4962//9076 4967//9076
f 4582//9077 4967//9077 4969//9077
f 4582//9076 4581//9076 4967//9076
f 4591//9078 4969//9078 4971//9078
f 4591//9079 4582//9079 4969//9079
f 4593//9080 4971//9080 4973//9080
f 4593//9081 4591//9081 4971//9081
f 4595//9082 4973//9082 4974//9082
f 4595//9083 4593//9083 4973//9083
f 4608//9084 4974//9084 4976//9084
f 4608//9082 4595//9082 4974//9082
f 4607//9085 4976//9085 4978//9085
f 4607//9086 4608//9086 4976//9086
f 4603//9087 4978//9087 4980//9087
f 4603//9088 4607//9088 4978//9088
f 4601//9087 4603//9087 4980//9087
f 4619//9089 4609//9089 4982//9089
f 4982//9090 4609//9090 4983//9090
f 4983//9091 4606//9091 4984//9091
f 4609//9092 4606//9092 4983//9092
f 4984//9093 4602//9093 4985//9093
f 4606//9094 4602//9094 4984//9094
f 4985//9095 4601//9095 4986//9095
f 4602//9096 4601//9096 4985//9096
f 4980//9097 4981//9097 4601//9097
f 4601//9098 4987//9098 4986//9098
f 4981//9099 4987//9099 4601//9099
f 4986//9100 4988//9100 4989//9100
f 4987//9101 4988//9101 4986//9101
f 4990//9102 4598//9102 4988//9102
f 4988//9103 4598//9103 4989//9103
f 4990//9104 4991//9104 4598//9104
f 4989//9105 4597//9105 4992//9105
f 4598//9106 4597//9106 4989//9106
f 4597//9107 4599//9107 4992//9107
f 4599//9108 4600//9108 4992//9108
f 4993//9109 4991//9109 4990//9109
f 4994//9110 4991//9110 4993//9110
f 4995//9111 4994//9111 4993//9111
f 4996//9112 4994//9112 4995//9112
f 4997//9113 4996//9113 4995//9113
f 4998//9114 4996//9114 4997//9114
f 4999//9115 4998//9115 4997//9115
f 5000//9116 4998//9116 4999//9116
f 5001//9117 4999//9117 5002//9117
f 5001//9118 5000//9118 4999//9118
f 5003//9119 5002//9119 5004//9119
f 5003//9120 5001//9120 5002//9120
f 5005//9121 5003//9121 5004//9121
f 5006//9122 5005//9122 5004//9122
f 5007//9123 5005//9123 5006//9123
f 5008//9124 5007//9124 5006//9124
f 4580//9125 4579//9125 5009//9125
f 5009//9126 4576//9126 5010//9126
f 4579//9127 4576//9127 5009//9127
f 4576//9128 4578//9128 5010//9128
f 5007//9129 5008//9129 4578//9129
f 5008//9130 5011//9130 4578//9130
f 4578//9131 5011//9131 5010//9131
f 5010//9132 5012//9132 5013//9132
f 5011//9133 5012//9133 5010//9133
f 5014//9134 4564//9134 5012//9134
f 5013//9135 4564//9135 5015//9135
f 5012//9136 4564//9136 5013//9136
f 5014//9137 5016//9137 4564//9137
f 5015//9138 4556//9138 5017//9138
f 4564//9139 4556//9139 5015//9139
f 5017//9140 4547//9140 5018//9140
f 4556//9141 4547//9141 5017//9141
f 5018//9142 4553//9142 5019//9142
f 4547//9143 4553//9143 5018//9143
f 4553//9144 4559//9144 5019//9144
f 5020//9145 5016//9145 5014//9145
f 5021//9146 5016//9146 5020//9146
f 5022//9147 5021//9147 5020//9147
f 5023//9148 5021//9148 5022//9148
f 5024//9149 5023//9149 5022//9149
f 5025//9150 5023//9150 5024//9150
f 5026//9151 5025//9151 5024//9151
f 5027//9152 5025//9152 5026//9152
f 5028//9153 5026//9153 5029//9153
f 5028//9154 5027//9154 5026//9154
f 5030//9155 5029//9155 5031//9155
f 5030//9156 5028//9156 5029//9156
f 5032//9157 5030//9157 5031//9157
f 5033//9158 5032//9158 5031//9158
f 4932//9159 5032//9159 5033//9159
f 4933//9160 4932//9160 5033//9160
f 4935//405 5034//405 4937//405
f 4934//405 5034//405 4935//405
f 5033//405 5035//405 4933//405
f 4933//405 5035//405 4934//405
f 4934//406 5035//406 5034//406
f 4939//405 5036//405 4941//405
f 4937//405 5036//405 4939//405
f 5034//405 5036//405 4937//405
f 5031//405 5037//405 5033//405
f 5033//405 5037//405 5035//405
f 4941//405 5038//405 4943//405
f 5036//405 5038//405 4941//405
f 5029//405 5039//405 5031//405
f 5031//405 5039//405 5037//405
f 5038//406 5040//406 4943//406
f 4943//405 5040//405 4945//405
f 5029//405 5041//405 5039//405
f 5026//405 5041//405 5029//405
f 5026//405 5024//405 5041//405
f 5040//406 5042//406 4945//406
f 4945//405 5042//405 4948//405
f 5024//405 5043//405 5041//405
f 5024//405 5022//405 5043//405
f 5042//405 5044//405 4948//405
f 4948//405 5044//405 4950//405
f 5022//405 5045//405 5043//405
f 5022//405 5020//405 5045//405
f 5044//406 5046//406 4950//406
f 4950//405 5046//405 4952//405
f 5020//405 5047//405 5045//405
f 5020//405 5014//405 5047//405
f 5046//405 4954//405 4952//405
f 5046//405 5048//405 4954//405
f 5048//405 4957//405 4954//405
f 5014//450 5012//450 5047//450
f 5048//417 4958//417 4957//417
f 5012//405 5049//405 5047//405
f 5011//405 5049//405 5012//405
f 5011//406 5008//406 5049//406
f 4958//406 5050//406 4960//406
f 5048//405 5050//405 4958//405
f 5008//405 5051//405 5049//405
f 5008//405 5006//405 5051//405
f 5050//405 4966//405 4960//405
f 5050//405 5052//405 4966//405
f 5006//405 5004//405 5051//405
f 5051//405 5004//405 5053//405
f 5052//405 4968//405 4966//405
f 5052//405 5054//405 4968//405
f 5053//405 5002//405 5055//405
f 5004//405 5002//405 5053//405
f 5054//405 4970//405 4968//405
f 5054//405 5056//405 4970//405
f 5055//405 4999//405 5057//405
f 5002//405 4999//405 5055//405
f 5056//405 4972//405 4970//405
f 5057//405 4997//405 5058//405
f 4999//405 4997//405 5057//405
f 5059//405 4975//405 5056//405
f 5056//405 4975//405 4972//405
f 5058//405 4995//405 5060//405
f 4997//405 4995//405 5058//405
f 5061//405 4977//405 5059//405
f 5059//405 4977//405 4975//405
f 4995//405 4993//405 5060//405
f 5062//405 4979//405 5061//405
f 5061//405 4979//405 4977//405
f 4988//405 4987//405 5063//405
f 5063//405 4987//405 5062//405
f 4993//405 4990//405 5060//405
f 5063//450 4990//450 4988//450
f 5060//405 4990//405 5063//405
f 5062//406 4981//406 4979//406
f 4987//406 4981//406 5062//406
f 5064//9161 5056//9161 5065//9161
f 5065//9162 5054//9162 5066//9162
f 5056//9161 5054//9161 5065//9161
f 5054//9162 5052//9162 5066//9162
f 5066//2927 5050//2927 5067//2927
f 5052//2927 5050//2927 5066//2927
f 5067//9163 5048//9163 5068//9163
f 5050//9164 5048//9164 5067//9164
f 5068//9165 5046//9165 5069//9165
f 5048//9165 5046//9165 5068//9165
f 5069//9166 5044//9166 5070//9166
f 5046//9166 5044//9166 5069//9166
f 5070//9167 5042//9167 5071//9167
f 5044//9167 5042//9167 5070//9167
f 5071//715 5040//715 5072//715
f 5042//715 5040//715 5071//715
f 5072//9168 5038//9168 5073//9168
f 5040//9169 5038//9169 5072//9169
f 5073//9170 5036//9170 5074//9170
f 5038//9170 5036//9170 5073//9170
f 5074//9171 5034//9171 5075//9171
f 5036//9171 5034//9171 5074//9171
f 5075//9172 5035//9172 5076//9172
f 5034//9172 5035//9172 5075//9172
f 5076//2916 5037//2916 5077//2916
f 5035//2916 5037//2916 5076//2916
f 5077//9173 5039//9173 5078//9173
f 5078//9174 5039//9174 5079//9174
f 5037//9173 5039//9173 5077//9173
f 5039//9174 5041//9174 5079//9174
f 5079//9175 5041//9175 5080//9175
f 5080//9176 5043//9176 5081//9176
f 5041//9175 5043//9175 5080//9175
f 5081//2917 5045//2917 5082//2917
f 5043//9176 5045//9176 5081//9176
f 5045//2917 5047//2917 5082//2917
f 5082//9177 5049//9177 5083//9177
f 5047//9178 5049//9178 5082//9178
f 5083//9179 5051//9179 5084//9179
f 5049//9180 5051//9180 5083//9180
f 5084//9181 5053//9181 5085//9181
f 5051//9181 5053//9181 5084//9181
f 5085//9182 5055//9182 5086//9182
f 5053//9182 5055//9182 5085//9182
f 5086//737 5057//737 5087//737
f 5055//737 5057//737 5086//737
f 5087//9183 5058//9183 5088//9183
f 5057//9183 5058//9183 5087//9183
f 5088//9184 5060//9184 5089//9184
f 5058//9184 5060//9184 5088//9184
f 5089//9185 5063//9185 5090//9185
f 5090//9186 5063//9186 5091//9186
f 5060//9187 5063//9187 5089//9187
f 5063//9186 5062//9186 5091//9186
f 5091//2926 5061//2926 5092//2926
f 5062//2926 5061//2926 5091//2926
f 5092//9188 5059//9188 5093//9188
f 5093//9189 5059//9189 5064//9189
f 5061//9188 5059//9188 5092//9188
f 5059//9189 5056//9189 5064//9189
f 5094//43 5068//43 5095//43
f 5096//275 5067//275 5094//275
f 5094//44 5067//44 5068//44
f 5095//43 5069//43 5097//43
f 5068//137 5069//137 5095//137
f 5098//1426 5066//1426 5096//1426
f 5096//81 5066//81 5067//81
f 5069//44 5070//44 5097//44
f 5070//44 5099//44 5097//44
f 5098//44 5065//44 5066//44
f 5098//44 5100//44 5065//44
f 5070//43 5071//43 5099//43
f 5071//43 5101//43 5099//43
f 5100//44 5064//44 5065//44
f 5100//245 5102//245 5064//245
f 5071//43 5072//43 5101//43
f 5072//43 5103//43 5101//43
f 5102//44 5093//44 5064//44
f 5102//43 5104//43 5093//43
f 5072//43 5073//43 5103//43
f 5073//137 5105//137 5103//137
f 5104//43 5092//43 5093//43
f 5104//43 5106//43 5092//43
f 5073//43 5074//43 5105//43
f 5074//44 5107//44 5105//44
f 5106//43 5091//43 5092//43
f 5106//44 5108//44 5091//44
f 5074//43 5075//43 5107//43
f 5108//44 5090//44 5091//44
f 5075//137 5109//137 5107//137
f 5075//44 5076//44 5109//44
f 5108//137 5110//137 5090//137
f 5110//44 5089//44 5090//44
f 5076//245 5111//245 5109//245
f 5076//43 5077//43 5111//43
f 5110//43 5112//43 5089//43
f 5112//43 5088//43 5089//43
f 5077//43 5113//43 5111//43
f 5077//43 5078//43 5113//43
f 5112//43 5114//43 5088//43
f 5114//43 5087//43 5088//43
f 5078//137 5115//137 5113//137
f 5078//43 5079//43 5115//43
f 5114//43 5116//43 5087//43
f 5116//43 5086//43 5087//43
f 5079//245 5117//245 5115//245
f 5079//44 5080//44 5117//44
f 5116//43 5118//43 5086//43
f 5118//43 5085//43 5086//43
f 5081//43 5119//43 5080//43
f 5080//137 5119//137 5117//137
f 5085//137 5120//137 5084//137
f 5118//43 5120//43 5085//43
f 5082//44 5121//44 5081//44
f 5081//245 5121//245 5119//245
f 5084//43 5122//43 5083//43
f 5120//137 5122//137 5084//137
f 5083//43 5123//43 5082//43
f 5122//43 5123//43 5083//43
f 5082//43 5123//43 5121//43
f 5116//9190 5124//9190 5118//9190
f 5118//9191 5125//9191 5120//9191
f 5124//9192 5125//9192 5118//9192
f 5120//1912 5126//1912 5122//1912
f 5125//9191 5126//9191 5120//9191
f 5126//1881 5127//1881 5122//1881
f 5122//9193 5128//9193 5123//9193
f 5127//9193 5128//9193 5122//9193
f 5123//9194 5129//9194 5121//9194
f 5128//9195 5129//9195 5123//9195
f 5121//9196 5130//9196 5119//9196
f 5129//9196 5130//9196 5121//9196
f 5119//9197 5131//9197 5117//9197
f 5130//9197 5131//9197 5119//9197
f 5117//710 5132//710 5115//710
f 5131//710 5132//710 5117//710
f 5115//9198 5133//9198 5113//9198
f 5132//9198 5133//9198 5115//9198
f 5113//9199 5134//9199 5111//9199
f 5111//9200 5134//9200 5109//9200
f 5133//9199 5134//9199 5113//9199
f 5109//9201 5135//9201 5107//9201
f 5134//9200 5135//9200 5109//9200
f 5135//9202 5136//9202 5107//9202
f 5107//9203 5137//9203 5105//9203
f 5136//1892 5137//1892 5107//1892
f 5105//9204 5138//9204 5103//9204
f 5137//9205 5138//9205 5105//9205
f 5103//9206 5139//9206 5101//9206
f 5138//9207 5139//9207 5103//9207
f 5101//9208 5139//9208 5099//9208
f 5099//9209 5140//9209 5097//9209
f 5139//9210 5140//9210 5099//9210
f 5140//9211 5141//9211 5097//9211
f 5097//9212 5142//9212 5095//9212
f 5141//1891 5142//1891 5097//1891
f 5095//9213 5143//9213 5094//9213
f 5142//9214 5143//9214 5095//9214
f 5094//9215 5144//9215 5096//9215
f 5143//9216 5144//9216 5094//9216
f 5096//9217 5145//9217 5098//9217
f 5144//9217 5145//9217 5096//9217
f 5098//9218 5146//9218 5100//9218
f 5145//9218 5146//9218 5098//9218
f 5100//9 5147//9 5102//9
f 5146//9 5147//9 5100//9
f 5102//9219 5148//9219 5104//9219
f 5104//9220 5148//9220 5106//9220
f 5147//9219 5148//9219 5102//9219
f 5148//9220 5149//9220 5106//9220
f 5106//9221 5150//9221 5108//9221
f 5149//9221 5150//9221 5106//9221
f 5108//9222 5151//9222 5110//9222
f 5110//9223 5151//9223 5112//9223
f 5150//9222 5151//9222 5108//9222
f 5151//2279 5152//2279 5112//2279
f 5112//9224 5153//9224 5114//9224
f 5152//9225 5153//9225 5112//9225
f 5114//9226 5124//9226 5116//9226
f 5153//9227 5124//9227 5114//9227
f 5154//5097 5156//5097 5157//5097
f 5155//1415 5157//1415 5156//1415
f 5155//450 5158//450 5159//450
f 5155//405 5159//405 5157//405
f 5160//9228 5154//9228 5157//9228
f 5160//9229 5157//9229 5159//9229
f 5161//9230 5159//9230 5158//9230
f 5161//9231 5160//9231 5159//9231
o rod4
v -14.629773 38.641277 47.208237
v -14.703376 38.633362 47.205967
v -14.775970 38.692272 47.320797
v -14.534350 38.565681 47.060509
v -14.596891 38.561455 47.062965
v -14.862741 38.675426 47.304928
v -14.955304 38.712524 47.384609
v -14.501211 38.474617 46.895424
v -14.559499 38.470654 46.897682
v -15.050725 38.681248 47.344772
v -15.146148 38.699585 47.391979
v -14.534350 38.379055 46.732906
v -14.596891 38.374786 46.735294
v -15.238708 38.649940 47.319447
v -15.325483 38.655025 47.342014
v -14.629773 38.290527 46.592545
v -14.703376 38.288441 46.600513
v -15.398074 38.586269 47.232792
v -15.471679 38.584206 47.240749
v -14.775970 38.219707 46.491280
v -14.862741 38.224770 46.513859
v -15.504560 38.499928 47.098015
v -15.567101 38.495678 47.100388
v -14.955304 38.175144 46.441319
v -15.050725 38.193462 46.488533
v -15.541951 38.404057 46.935623
v -15.600242 38.400116 46.937870
v -15.146148 38.162209 46.448689
v -15.238708 38.199284 46.528381
v -15.504560 38.313259 46.770348
v -15.567101 38.309048 46.772789
v -15.325483 38.182457 46.512501
v -15.398074 38.241352 46.627338
v -15.471679 38.233456 46.625061
v -15.506055 38.377392 46.950817
v -15.471198 38.466763 47.102200
v -15.371930 38.547253 47.227844
v -15.223369 38.606606 47.308620
v -15.048127 38.635792 47.332230
v -14.872888 38.630363 47.295086
v -14.724325 38.591148 47.202831
v -14.625058 38.524117 47.069519
v -14.590201 38.439472 46.915447
v -14.625058 38.350101 46.764065
v -14.724325 38.269611 46.638420
v -14.872888 38.210255 46.557644
v -15.048127 38.181072 46.534035
v -15.223369 38.186497 46.571178
v -15.371930 38.225712 46.663433
v -15.471198 38.292747 46.796738
v -12.947077 10.180019 62.812160
v -12.981934 10.264663 62.966232
v -12.847811 10.112987 62.678848
v -12.699249 10.073771 62.586597
v -12.524008 10.068343 62.549450
v -12.348767 10.097528 62.573059
v -12.200205 10.156885 62.653839
v -12.100940 10.237375 62.779480
v -12.066082 10.326745 62.930862
v -12.100940 10.411389 63.084942
v -12.200205 10.478421 63.218254
v -12.348767 10.517635 63.310501
v -12.524008 10.523064 63.347649
v -12.699249 10.493880 63.324036
v -12.847811 10.434524 63.243259
v -12.947077 10.354033 63.117615
v -13.009447 9.580713 63.563774
v -13.037972 9.489360 63.407913
v -12.926663 9.666991 63.702175
v -12.797727 9.739749 63.809570
v -12.635257 9.791864 63.875443
v -12.455156 9.818234 63.893349
v -12.275057 9.816280 63.861534
v -12.112587 9.786191 63.783112
v -11.983650 9.730914 63.665760
v -11.900867 9.655859 63.520966
v -11.872341 9.568373 63.362900
v -11.900867 9.477018 63.207039
v -11.983650 9.390741 63.068634
v -12.112587 9.317984 62.961243
v -12.275057 9.265868 62.895367
v -12.455156 9.239497 62.877460
v -12.635257 9.241452 62.909275
v -12.797727 9.271542 62.987698
v -12.926663 9.326818 63.105049
v -13.009447 9.401874 63.249844
v -15.630942 38.368912 46.955650
v -15.602418 38.281422 46.797581
v -15.519635 38.206371 46.652782
v -15.390698 38.151089 46.535431
v -15.228227 38.121006 46.457012
v -15.048126 38.119049 46.425194
v -14.868026 38.145420 46.443100
v -14.705556 38.197536 46.508976
v -14.576618 38.270294 46.616371
v -14.493836 38.356571 46.754772
v -14.465311 38.447926 46.910637
v -14.493836 38.535412 47.068699
v -14.576618 38.610466 47.213493
v -14.705556 38.665745 47.330849
v -14.868026 38.695831 47.409267
v -15.048126 38.697788 47.441086
v -15.228227 38.671413 47.423180
v -15.390698 38.619301 47.357304
v -15.519635 38.546543 47.249908
v -15.602418 38.460262 47.111511
v -15.502513 38.202641 46.829681
v -15.540538 38.294983 46.997761
v -15.502156 38.333977 46.975548
v -15.467299 38.249332 46.821476
v -15.394223 38.129513 46.684254
v -15.368032 38.182297 46.688164
v -15.232154 38.086735 46.583614
v -15.219471 38.143082 46.595917
v -15.040981 38.080814 46.543095
v -15.044230 38.137653 46.558765
v -14.849810 38.112652 46.568848
v -14.868988 38.166840 46.582378
v -14.687742 38.177406 46.656971
v -14.720428 38.226196 46.663158
v -14.579453 38.265213 46.794037
v -14.621161 38.306686 46.788799
v -14.541427 38.362709 46.959183
v -14.586304 38.396057 46.940186
v -15.450549 37.623894 47.159389
v -15.488576 37.716232 47.327469
v -15.342258 37.550766 47.013954
v -15.180190 37.507984 46.913322
v -14.989018 37.502064 46.872795
v -14.797847 37.533901 46.898556
v -14.635779 37.598656 46.986675
v -14.527490 37.686462 47.123737
v -14.489462 37.783958 47.288887
v -14.527845 37.744965 47.311100
v -14.562702 37.655594 47.159714
v -14.661967 37.575104 47.034073
v -14.810530 37.515751 46.953300
v -14.985771 37.486561 46.929684
v -15.161011 37.491993 46.966831
v -15.309574 37.531208 47.059082
v -15.408839 37.598236 47.192394
v -15.443698 37.682880 47.346466
v -14.661967 37.896641 47.598484
v -14.810530 37.935856 47.690735
v -14.985771 37.941284 47.727882
v -15.161011 37.912098 47.704269
v -15.309574 37.852741 47.623493
v -15.408839 37.772251 47.497849
v -14.562702 37.829609 47.465176
v -15.450549 37.813725 47.492611
v -15.342258 37.901535 47.629681
v -15.180190 37.966286 47.717800
v -14.989018 37.998123 47.743557
v -14.797847 37.992203 47.703033
v -14.635779 37.949421 47.602394
v -14.527490 37.876297 47.456966
v -14.579453 38.455048 47.127262
v -14.687742 38.528172 47.272690
v -14.849810 38.570953 47.373329
v -15.040981 38.576874 47.413849
v -15.232154 38.545033 47.388096
v -15.394223 38.480282 47.299973
v -15.502513 38.392475 47.162907
v -14.621161 38.480701 47.094257
v -14.720428 38.547733 47.227570
v -14.868988 38.586948 47.319817
v -15.044230 38.592377 47.356964
v -15.219471 38.563190 47.333351
v -15.368032 38.503834 47.252575
v -15.467299 38.423344 47.126930
v -14.592798 38.468399 46.898968
v -14.627657 38.553043 47.053040
v -14.726922 38.620079 47.186352
v -14.875484 38.659294 47.278606
v -15.050725 38.664719 47.315750
v -15.225965 38.635536 47.292141
v -15.374528 38.576180 47.211361
v -15.473794 38.495689 47.085720
v -15.508651 38.406315 46.934338
v -15.473794 38.321674 46.780258
v -15.374528 38.254642 46.646954
v -15.225965 38.215427 46.554699
v -15.050725 38.209999 46.517555
v -14.875484 38.239185 46.541164
v -14.726922 38.298538 46.621941
v -14.627657 38.379028 46.747585
v -15.331725 38.659962 47.351685
v -15.481242 38.587536 47.248116
v -15.148315 38.705536 47.402786
v -15.578834 38.496994 47.104568
v -15.612725 38.399261 46.938354
v -14.953135 38.718769 47.395245
v -15.578834 38.306126 46.769524
v -14.769724 38.698055 47.329983
v -15.481242 38.228817 46.618439
v -14.620207 38.645901 47.214867
v -15.331725 38.176659 46.503319
v -14.522617 38.568592 47.063782
v -15.148315 38.155949 46.438061
v -14.488724 38.475456 46.894951
v -14.953135 38.169182 46.430523
v -14.522617 38.377720 46.728737
v -14.769724 38.214756 46.481621
v -14.620207 38.287182 46.585186
v -14.497494 38.573120 46.839310
v -14.531386 38.666256 47.008144
v -14.628977 38.743565 47.159229
v -14.778494 38.795723 47.274345
v -14.961904 38.816433 47.339611
v -15.157084 38.803200 47.347145
v -15.340494 38.757626 47.296051
v -15.490010 38.685200 47.192478
v -15.587602 38.594662 47.048931
v -15.621495 38.496925 46.882717
v -15.587602 38.403790 46.713882
v -15.490012 38.326481 46.562798
v -15.340494 38.274326 46.447685
v -15.157084 38.253613 46.382420
v -14.961904 38.266842 46.374886
v -14.778494 38.312420 46.425980
v -14.628977 38.384846 46.529549
v -14.531386 38.475388 46.673096
v -15.579921 38.572529 46.839645
v -15.540799 38.477531 46.666729
v -15.429395 38.402302 46.517117
v -15.262662 38.358292 46.413582
v -15.065989 38.352200 46.371895
v -14.869317 38.384953 46.398396
v -14.702585 38.451569 46.489048
v -14.591179 38.541904 46.630062
v -14.552059 38.642204 46.799957
v -14.584873 38.729698 46.958706
v -14.679129 38.801567 47.099728
v -14.822787 38.848640 47.204994
v -14.997502 38.864899 47.261074
v -15.180964 38.848274 47.260796
v -15.349744 38.800880 47.204208
v -15.482285 38.728775 47.098530
v -15.535726 38.679043 47.019653
v -15.568751 38.626194 46.932091
v -15.304333 38.421745 46.531536
v -15.419843 38.474499 46.642342
v -15.149999 38.399231 46.467697
v -14.981980 38.410622 46.461208
v -15.419841 38.692261 47.024593
v -14.827646 38.454060 46.513130
v -15.304333 38.760674 47.126472
v -14.712137 38.522472 46.615009
v -15.149999 38.804111 47.178394
v -14.712137 38.740234 46.997261
v -14.981980 38.815502 47.171913
v -14.827646 38.792988 47.108067
v -15.440949 38.709614 46.508396
v -15.325442 38.656864 46.397594
v -15.171108 38.634350 46.333752
v -15.003090 38.645741 46.327263
v -14.848756 38.689178 46.379189
v -14.733248 38.757587 46.481071
v -15.440949 38.927380 46.890648
v -14.733248 38.975353 46.863319
v -14.848756 39.028103 46.974121
v -15.003090 39.050617 47.037968
v -15.171108 39.039227 47.044456
v -15.325442 38.995789 46.992531
v -15.322853 38.741459 46.545681
v -15.177149 38.698776 46.447796
v -15.378507 38.822727 46.697113
v -14.997050 38.710983 46.440838
v -15.322853 38.911545 46.844246
v -14.851346 38.773422 46.527473
v -15.177149 38.973984 46.930878
v -14.795691 38.862236 46.674606
v -14.997050 38.986191 46.923923
v -14.851346 38.943508 46.826038
v -14.802187 38.934578 46.633396
v -14.857840 39.015850 46.784821
v -15.003545 39.058533 46.882710
v -15.183645 39.046326 46.889668
v -15.329350 38.983891 46.803028
v -15.385003 38.895073 46.655899
v -15.329350 38.813805 46.504471
v -15.183645 38.771118 46.406582
v -15.003545 38.783329 46.399628
v -14.857840 38.845764 46.486259
v -14.808423 38.887875 46.467777
v -14.763805 38.973576 46.611176
v -14.930324 38.819088 46.366241
v -15.096843 38.785645 46.333786
v -15.263361 38.796513 46.379101
v -15.385261 38.848770 46.490051
v -15.429879 38.928425 46.636902
v -15.520816 39.941231 46.059914
v -15.476197 39.861580 45.913067
v -15.354298 39.809319 45.802120
v -15.187779 39.798454 45.756802
v -15.021260 39.831894 45.789261
v -14.899360 39.900681 45.890789
v -14.854741 39.986385 46.034195
v -14.899360 40.066036 46.181046
v -14.808423 39.053226 46.758026
v -15.021259 40.118298 46.291988
v -14.930324 39.105484 46.868977
v -15.187778 40.129162 46.337311
v -15.096843 39.116352 46.914295
v -15.263361 39.082909 46.881836
v -15.354298 40.095722 46.304855
v -15.476197 40.026936 46.203320
v -15.385261 39.014122 46.780304
v -14.899618 40.019733 46.015198
v -14.955274 40.101006 46.166626
v -15.100975 40.143688 46.264511
v -15.281075 40.131481 46.271469
v -15.426778 40.069042 46.184837
v -15.482434 39.980225 46.037701
v -15.426778 39.898956 45.886276
v -15.281076 39.856274 45.788383
v -15.100976 39.868484 45.781429
v -14.955274 39.930920 45.868061
v -15.328627 39.039494 46.392841
v -15.564994 39.008286 46.375313
v -15.458960 38.936680 46.232918
v -15.195412 39.000469 46.303349
v -15.300270 38.894794 46.134377
v -15.113081 38.888996 46.094700
v -15.379510 39.113796 46.531292
v -15.602229 39.098701 46.539898
v -15.564994 39.194164 46.701599
v -15.030750 39.011631 46.296989
v -14.925892 38.920170 46.119919
v -15.328627 39.195000 46.665817
v -15.458960 39.280140 46.835808
v -14.767201 38.983574 46.206203
v -14.897535 39.068714 46.376194
v -15.195412 39.252087 46.745022
v -15.300270 39.343544 46.922092
v -14.661167 39.069553 46.340412
v -14.846651 39.149918 46.510715
v -15.113081 39.374722 46.947315
v -15.030750 39.263245 46.738667
v -14.623933 39.165016 46.502117
v -14.661167 39.255432 46.666695
v -14.897535 39.224220 46.649170
v -14.925892 39.368923 46.907639
v -14.767201 39.327034 46.809093
v -15.237635 39.169930 46.366226
v -15.272979 39.193798 46.413692
v -15.126971 39.286552 46.432880
v -15.418986 39.101040 46.394505
v -15.184737 39.155964 46.333378
v -15.348298 39.053307 46.299568
v -15.122341 39.154034 46.320152
v -15.242504 39.025379 46.233875
v -15.059944 39.164425 46.328556
v -15.117710 39.021515 46.207424
v -15.007048 39.185558 46.357323
v -14.992919 39.042297 46.224239
v -14.971703 39.214218 46.402058
v -14.887124 39.084568 46.281761
v -14.816435 39.141884 46.371235
v -15.007048 39.300045 46.558289
v -14.971703 39.276176 46.510818
v -14.816435 39.265804 46.588760
v -15.059944 39.314007 46.591133
v -14.887124 39.313541 46.683689
v -15.122341 39.315941 46.604362
v -14.992919 39.341465 46.749386
v -15.184737 39.305550 46.595951
v -15.117710 39.345329 46.775837
v -15.237635 39.284412 46.567192
v -15.242504 39.324547 46.759026
v -15.272979 39.255756 46.522453
v -15.348298 39.282280 46.701500
v -15.418986 39.224960 46.612026
v -15.302646 38.750118 46.557697
v -15.353529 38.824425 46.696148
v -15.169431 38.711094 46.468201
v -15.004768 38.722256 46.461845
v -14.871553 38.779343 46.541050
v -14.820669 38.860542 46.675568
v -15.539012 38.718910 46.540169
v -15.432979 38.647308 46.397766
v -15.274288 38.605419 46.299229
v -15.087099 38.599621 46.259548
v -15.576247 38.809326 46.704750
v -15.539012 38.904789 46.866455
v -14.899910 38.630798 46.284771
v -15.302646 38.905624 46.830666
v -15.432979 38.990768 47.000664
v -14.741220 38.694199 46.371059
v -15.169431 38.962711 46.909878
v -15.274288 39.054169 47.086948
v -14.635185 38.780178 46.505268
v -15.087099 39.085346 47.112167
v -15.004768 38.973873 46.903519
v -14.597950 38.875641 46.666969
v -14.899910 39.079548 47.072491
v -14.871553 38.934849 46.814018
v -14.635185 38.966057 46.831547
v -14.741220 39.037659 46.973949
v -14.781193 38.749382 46.594841
v -15.073210 38.687790 46.773987
v -14.962547 38.689926 46.639675
v -15.015443 38.668793 46.610916
v -14.851883 38.692062 46.505363
v -15.077840 38.658401 46.602505
v -14.957677 38.649796 46.447842
v -15.140236 38.660332 46.615734
v -15.082470 38.629009 46.431026
v -15.193133 38.674297 46.648579
v -15.207263 38.632874 46.457481
v -15.228477 38.698162 46.696049
v -15.313056 38.660801 46.523174
v -15.383744 38.708538 46.618107
v -15.228477 38.760124 46.804810
v -15.193133 38.788780 46.849545
v -15.383744 38.832455 46.835632
v -15.140236 38.809917 46.878304
v -15.313056 38.889774 46.925102
v -15.077840 38.820309 46.886715
v -15.207263 38.932045 46.982628
v -15.015443 38.818375 46.873486
v -15.082470 38.952827 46.999439
v -14.962547 38.804413 46.840641
v -14.957677 38.948959 46.972988
v -14.927202 38.780544 46.793175
v -14.851883 38.921036 46.907295
v -14.781193 38.873302 46.812363
v -15.669839 38.972271 46.402035
v -15.698638 39.060593 46.561607
v -15.687428 39.065025 46.559082
v -15.545384 38.975204 46.321850
v -15.586267 38.896500 46.255856
v -15.456100 38.840698 46.137383
v -15.399009 38.836544 46.112564
v -15.292082 38.810322 46.058212
v -15.112728 38.880543 46.087498
v -15.110264 38.808350 46.026096
v -14.928446 38.834972 46.044170
v -14.822173 38.875645 46.090282
v -14.764426 38.887585 46.110672
v -14.680128 39.033909 46.288525
v -14.634259 38.961037 46.219090
v -14.550687 39.048138 46.358814
v -14.533754 39.143227 46.514526
v -14.521889 39.140362 46.516163
v -14.654796 38.751057 46.449543
v -14.801170 38.641735 46.223541
v -14.512752 38.909317 46.647785
v -14.530340 38.821522 46.487911
v -14.501542 38.913746 46.645260
v -14.613913 38.734421 46.348190
v -14.744079 38.660969 46.239773
v -14.908099 38.608356 46.173271
v -15.087452 38.597736 46.248608
v -15.089917 38.581734 46.155193
v -15.271735 38.583710 46.187313
v -15.378009 38.602634 46.245819
v -15.435756 38.614082 46.266483
v -15.520051 38.692451 46.483047
v -15.565921 38.669888 46.384953
v -15.649493 38.745659 46.531128
v -15.666425 38.831112 46.692337
v -15.678290 38.833977 46.690701
v -15.649493 38.926205 46.848053
v -15.519994 38.940487 46.918423
v -15.565921 39.013306 46.987770
v -15.435754 39.086758 47.096195
v -15.378007 39.098694 47.116577
v -15.271735 39.139370 47.162697
v -15.087336 39.093803 47.119366
v -15.089917 39.165993 47.180771
v -14.908099 39.164021 47.148655
v -14.801170 39.137794 47.094303
v -14.744079 39.133640 47.069481
v -14.654738 38.999088 46.884926
v -14.613913 39.077839 46.951012
v -14.530340 39.002068 46.804832
v -14.680187 39.281933 46.723911
v -14.822173 39.371708 46.961048
v -14.550687 39.228680 46.675735
v -14.634259 39.304451 46.821911
v -14.764426 39.360256 46.940384
v -14.928446 39.390633 47.019554
v -15.112844 39.376595 46.958263
v -15.110264 39.392605 47.051670
v -15.292082 39.365982 47.033596
v -15.399009 39.332607 46.983322
v -15.456100 39.313370 46.967091
v -15.545442 39.223228 46.757236
v -15.586267 39.239918 46.858673
v -15.669839 39.152817 46.718952
v -15.506055 38.377392 46.950817
v -15.471198 38.466763 47.102200
v -15.371930 38.547253 47.227844
v -15.048127 38.635792 47.332230
v -14.872888 38.630363 47.295086
v -14.724325 38.591148 47.202831
v -14.625058 38.524117 47.069519
v -14.590201 38.439472 46.915447
v -14.625058 38.350101 46.764065
v -14.724325 38.269611 46.638420
v -14.872888 38.210255 46.557644
v -15.048127 38.181072 46.534035
v -15.223369 38.186497 46.571178
v -15.371930 38.225712 46.663433
v -15.471198 38.292747 46.796738
v -12.947077 10.180019 62.812160
v -12.981934 10.264663 62.966232
v -12.847811 10.112987 62.678848
v -12.699249 10.073771 62.586597
v -12.524008 10.068343 62.549450
v -12.348767 10.097528 62.573059
v -12.200205 10.156885 62.653839
v -12.100940 10.237375 62.779480
v -12.066082 10.326745 62.930862
v -12.100940 10.411389 63.084942
v -12.200205 10.478421 63.218254
v -12.348767 10.517635 63.310501
v -12.524008 10.523064 63.347649
v -12.699249 10.493880 63.324036
v -12.847811 10.434524 63.243259
v -12.947077 10.354033 63.117615
v -13.009447 9.580713 63.563774
v -13.037972 9.489360 63.407913
v -12.926663 9.666991 63.702175
v -12.797727 9.739749 63.809570
v -12.635257 9.791864 63.875443
v -12.455156 9.818234 63.893349
v -12.275057 9.816280 63.861534
v -12.112587 9.786191 63.783112
v -11.983650 9.730914 63.665760
v -11.900867 9.655859 63.520966
v -11.872341 9.568373 63.362900
v -11.900867 9.477018 63.207039
v -11.983650 9.390741 63.068634
v -12.112587 9.317984 62.961243
v -12.275057 9.265868 62.895367
v -12.455156 9.239497 62.877460
v -12.635257 9.241452 62.909275
v -12.797727 9.271542 62.987698
v -12.926663 9.326818 63.105049
v -13.009447 9.401874 63.249844
v -15.630942 38.368912 46.955650
v -15.602418 38.281422 46.797581
v -15.519635 38.206371 46.652782
v -15.228227 38.121006 46.457012
v -15.048126 38.119049 46.425194
v -14.868026 38.145420 46.443100
v -14.705556 38.197536 46.508976
v -14.576618 38.270294 46.616371
v -14.465311 38.447926 46.910637
v -14.493836 38.535412 47.068699
v -14.576618 38.610466 47.213493
v -14.868026 38.695831 47.409267
v -15.048126 38.697788 47.441086
v -15.228227 38.671413 47.423180
v -15.390698 38.619301 47.357304
v -15.519635 38.546543 47.249908
vn -0.0779 0.8662 -0.4936
vn -0.0779 0.8662 -0.4935
vn -0.0778 0.8661 -0.4937
vn -0.0780 0.8663 -0.4935
vn -0.0780 0.8662 -0.4935
vn -0.0778 0.8661 -0.4938
vn -0.0778 0.8661 -0.4939
vn -0.0776 0.8661 -0.4938
vn -0.0779 0.8663 -0.4934
vn -0.0780 0.8663 -0.4934
vn -0.0777 0.8662 -0.4936
vn -0.0776 0.8662 -0.4937
vn -0.0780 0.8664 -0.4932
vn -0.0778 0.8663 -0.4934
vn -0.0776 0.8663 -0.4935
vn -0.0773 0.8662 -0.4936
vn -0.0778 0.8664 -0.4932
vn -0.0776 0.8662 -0.4936
vn -0.0777 0.8664 -0.4933
vn -0.0775 0.8663 -0.4935
vn -0.0777 0.8663 -0.4934
vn -0.0776 0.8663 -0.4934
vn 0.6435 0.5850 -0.4936
vn 0.5373 0.4504 -0.7130
vn 0.5372 0.4505 -0.7131
vn 0.3410 0.3397 -0.8766
vn 0.3409 0.3396 -0.8766
vn 0.0844 0.2695 -0.9593
vn -0.1932 0.2503 -0.9487
vn -0.1933 0.2510 -0.9485
vn -0.4499 0.2861 -0.8460
vn -0.4498 0.2860 -0.8461
vn -0.6462 0.3703 -0.6673
vn -0.6461 0.3702 -0.6674
vn -0.7525 0.4904 -0.4396
vn -0.7524 0.4904 -0.4397
vn -0.7524 0.6283 -0.1976
vn -0.7525 0.6282 -0.1977
vn -0.6461 0.7629 0.0217
vn -0.6463 0.7628 0.0219
vn -0.4498 0.8737 0.1852
vn -0.4499 0.8737 0.1853
vn -0.1932 0.9438 0.2680
vn -0.1933 0.9438 0.2680
vn 0.0843 0.9626 0.2574
vn 0.0844 0.9627 0.2573
vn 0.3409 0.9273 0.1548
vn 0.3410 0.9272 0.1548
vn 0.5373 0.8431 -0.0239
vn 0.5372 0.8431 -0.0239
vn 0.6435 0.7229 -0.2515
vn 0.6434 0.7230 -0.2516
vn 0.9778 0.1629 0.1318
vn 0.8289 0.3312 0.4507
vn 0.5539 0.4491 0.7011
vn 0.1944 0.4987 0.8447
vn -0.1945 0.4723 0.8597
vn -0.5539 0.3740 0.7439
vn -0.8289 0.2188 0.5147
vn -0.9778 0.0303 0.2073
vn -0.9778 -0.1629 -0.1318
vn -0.8290 -0.3312 -0.4507
vn -0.5539 -0.4491 -0.7011
vn -0.1945 -0.4987 -0.8447
vn 0.1945 -0.4723 -0.8597
vn 0.5539 -0.3740 -0.7439
vn 0.8290 -0.2188 -0.5147
vn 0.9778 -0.0303 -0.2073
vn -0.9847 -0.1442 -0.0979
vn -0.8883 -0.2849 -0.3602
vn -0.4526 -0.4717 -0.7567
vn -0.7050 -0.3978 -0.5872
vn -0.1560 -0.4995 -0.8522
vn 0.1559 -0.4783 -0.8642
vn 0.4526 -0.4104 -0.7917
vn 0.7050 -0.3022 -0.6416
vn 0.9847 -0.0107 -0.1740
vn 0.8883 -0.1645 -0.4288
vn 0.9847 0.1442 0.0979
vn 0.8883 0.2849 0.3602
vn 0.4526 0.4717 0.7567
vn 0.7050 0.3978 0.5872
vn 0.1560 0.4995 0.8522
vn -0.1560 0.4783 0.8642
vn -0.4526 0.4104 0.7917
vn -0.7050 0.3022 0.6416
vn -0.9847 0.0107 0.1740
vn -0.8883 0.1645 0.4288
vn 0.6462 0.7112 -0.2770
vn 0.6100 0.7393 -0.2853
vn 0.5066 0.8551 -0.1104
vn 0.6057 0.7931 -0.0648
vn 0.4877 0.8634 0.1291
vn 0.3488 0.9368 0.0286
vn 0.3034 0.9111 0.2792
vn 0.1536 0.9808 0.1204
vn 0.0745 0.9281 0.3647
vn -0.0608 0.9857 0.1574
vn -0.1707 0.9116 0.3741
vn -0.2746 0.9517 0.1370
vn -0.4011 0.8633 0.3063
vn -0.4687 0.8813 0.0602
vn -0.5882 0.7905 0.1706
vn -0.6241 0.7785 -0.0668
vn -0.7102 0.7039 -0.0139
vn -0.7242 0.6488 -0.2338
vn -0.7554 0.6161 -0.2229
vn -0.7554 0.5059 -0.4164
vn -0.7241 0.5320 -0.4389
vn -0.6241 0.4544 -0.6356
vn -0.7102 0.3710 -0.5983
vn -0.5882 0.2564 -0.7670
vn -0.4686 0.3976 -0.7889
vn -0.4011 0.1768 -0.8988
vn -0.2747 0.3676 -0.8885
vn -0.1706 0.1430 -0.9749
vn -0.0608 0.3673 -0.9281
vn 0.0744 0.1597 -0.9844
vn 0.1535 0.3967 -0.9050
vn 0.3034 0.2246 -0.9260
vn 0.3488 0.4530 -0.8205
vn 0.4878 0.3292 -0.8085
vn 0.5065 0.5310 -0.6793
vn 0.6058 0.4601 -0.6491
vn 0.6101 0.6224 -0.4903
vn 0.6461 0.6009 -0.4705
vn -0.7526 0.4903 -0.4396
vn -0.7525 0.4903 -0.4396
vn -0.6463 0.3698 -0.6675
vn -0.6462 0.3701 -0.6674
vn -0.4500 0.2859 -0.8460
vn -0.1933 0.2505 -0.9486
vn -0.1933 0.2506 -0.9486
vn 0.0844 0.2694 -0.9593
vn 0.0843 0.2693 -0.9594
vn 0.3410 0.3396 -0.8766
vn 0.5374 0.4504 -0.7130
vn 0.5375 0.4502 -0.7130
vn 0.6436 0.5849 -0.4935
vn 0.6436 0.5850 -0.4935
vn -0.9778 -0.1629 -0.1317
vn -0.8289 -0.3312 -0.4507
vn 0.5539 -0.3740 -0.7438
vn 0.8289 -0.2188 -0.5148
vn 0.8289 -0.2188 -0.5147
vn 0.7525 -0.6282 0.1976
vn 0.7526 -0.6282 0.1976
vn 0.6463 -0.7628 -0.0220
vn 0.6463 -0.7628 -0.0219
vn 0.4498 -0.8736 -0.1855
vn 0.4499 -0.8736 -0.1854
vn 0.1934 -0.9438 -0.2682
vn 0.1933 -0.9438 -0.2681
vn -0.0844 -0.9626 -0.2575
vn -0.3409 -0.9272 -0.1549
vn -0.5373 -0.8430 0.0237
vn -0.5374 -0.8430 0.0238
vn -0.6437 -0.7228 0.2515
vn 0.0778 -0.8662 0.4935
vn 0.0778 -0.8663 0.4934
vn 0.0778 -0.8663 0.4935
vn 0.0777 -0.8663 0.4935
vn 0.0779 -0.8663 0.4935
vn 0.0777 -0.8662 0.4935
vn 0.0779 -0.8663 0.4933
vn -0.6436 -0.5849 0.4935
vn -0.6436 -0.5850 0.4935
vn -0.5373 -0.4504 0.7131
vn -0.5373 -0.4504 0.7130
vn -0.3410 -0.3396 0.8766
vn -0.0844 -0.2694 0.9593
vn 0.1933 -0.2505 0.9486
vn 0.4499 -0.2859 0.8461
vn 0.4500 -0.2859 0.8460
vn 0.6463 -0.3701 0.6673
vn 0.7525 -0.4903 0.4397
vn 0.7526 -0.4903 0.4396
vn 0.9778 0.1628 0.1318
vn 0.8290 0.3312 0.4507
vn 0.1945 0.4987 0.8447
vn -0.8290 0.2188 0.5147
vn 0.6436 0.7229 -0.2515
vn 0.6436 0.7228 -0.2515
vn 0.5373 0.8430 -0.0238
vn 0.5374 0.8430 -0.0237
vn 0.3410 0.9272 0.1550
vn 0.3410 0.9272 0.1549
vn 0.0844 0.9626 0.2574
vn 0.0844 0.9626 0.2576
vn -0.1933 0.9438 0.2682
vn -0.1933 0.9437 0.2683
vn -0.4499 0.8736 0.1855
vn -0.7526 0.6282 -0.1975
vn -0.7525 0.6282 -0.1976
vn 0.9778 0.1629 0.1317
vn 0.1945 0.4986 0.8447
vn 0.5538 0.4491 0.7011
vn -0.1945 0.4722 0.8598
vn -0.8289 0.2188 0.5148
vn -0.9778 -0.1628 -0.1317
vn -0.8289 -0.3312 -0.4508
vn -0.1945 -0.4986 -0.8447
vn 0.5539 -0.3741 -0.7438
vn 0.9818 0.1525 0.1130
vn 0.8634 0.3061 0.4011
vn 0.8634 0.3060 0.4011
vn 0.6408 0.4226 0.6409
vn 0.3411 0.4883 0.8033
vn 0.3410 0.4882 0.8033
vn -0.0000 0.4950 0.8689
vn -0.3410 0.4420 0.8297
vn -0.6409 0.3358 0.6903
vn -0.6408 0.3357 0.6904
vn -0.8634 0.1890 0.4678
vn -0.9818 0.0194 0.1888
vn -0.9818 -0.1525 -0.1130
vn -0.8634 -0.3060 -0.4011
vn -0.8634 -0.3061 -0.4011
vn -0.6408 -0.4226 -0.6409
vn -0.3410 -0.4882 -0.8033
vn -0.3410 -0.4883 -0.8033
vn -0.0000 -0.4950 -0.8689
vn 0.3410 -0.4420 -0.8297
vn 0.3410 -0.4421 -0.8296
vn 0.6408 -0.3357 -0.6904
vn 0.6408 -0.3358 -0.6904
vn 0.8634 -0.1890 -0.4678
vn 0.9818 -0.0194 -0.1888
vn -0.8729 0.3165 -0.3714
vn -0.8920 0.2956 -0.3421
vn -0.7358 0.1981 -0.6476
vn -0.7999 0.1336 -0.5850
vn -0.5015 0.1167 -0.8572
vn -0.6083 0.0081 -0.7937
vn -0.2041 0.0845 -0.9753
vn -0.3410 -0.0648 -0.9378
vn -0.0334 -0.0756 -0.9966
vn 0.1154 0.1061 -0.9876
vn 0.2735 -0.0231 -0.9616
vn 0.4139 0.1788 -0.8926
vn 0.5389 0.0858 -0.8380
vn 0.6505 0.2921 -0.7011
vn 0.7273 0.2371 -0.6440
vn 0.7911 0.4294 -0.4356
vn 0.8150 0.4113 -0.4081
vn 0.8180 0.5568 -0.1443
vn 0.8151 0.5608 -0.1457
vn 0.8124 0.5650 -0.1441
vn 0.8121 0.5645 -0.1477
vn 0.8065 0.5725 -0.1477
vn 0.8095 0.5687 -0.1461
vn 0.6969 0.7095 0.1042
vn 0.7161 0.6893 0.1098
vn 0.4921 0.8145 0.3072
vn 0.5247 0.7869 0.3249
vn 0.2215 0.8715 0.4375
vn 0.2633 0.8406 0.4733
vn -0.0799 0.8744 0.4786
vn -0.0364 0.8429 0.5368
vn -0.3741 0.8239 0.4257
vn -0.3383 0.7926 0.5073
vn -0.6238 0.7274 0.2861
vn -0.6055 0.6948 0.3882
vn -0.8512 0.5248 0.0043
vn -0.8051 0.5614 0.1915
vn -0.8049 0.5621 0.1905
vn -0.8051 0.5606 0.1938
vn -0.8054 0.5606 0.1925
vn -0.8986 0.4179 -0.1340
vn -0.9193 0.3914 -0.0427
vn -0.0778 0.8662 -0.4936
vn -0.0778 0.8663 -0.4935
vn -0.0778 0.8662 -0.4935
vn -0.0777 0.8663 -0.4935
vn -0.0777 0.8662 -0.4935
vn -0.7240 -0.3894 -0.5694
vn -0.3941 -0.4814 -0.7829
vn 0.3941 -0.4280 -0.8134
vn 0.3941 -0.4280 -0.8133
vn 0.7240 -0.2912 -0.6253
vn -0.9970 -0.0676 0.0385
vn 0.7240 0.3894 0.5694
vn 0.3941 0.4814 0.7829
vn -0.3941 0.4280 0.8134
vn -0.3941 0.4280 0.8133
vn -0.7240 0.2912 0.6253
vn 0.9970 0.0676 -0.0385
vn 0.9482 0.2172 0.2319
vn 0.5860 0.4402 0.6803
vn -0.5860 0.3608 0.7255
vn -0.5860 0.3607 0.7256
vn -0.9482 0.0887 0.3052
vn -0.9482 0.0887 0.3051
vn -0.9482 -0.2172 -0.2319
vn -0.5860 -0.4402 -0.6803
vn -0.5860 -0.4401 -0.6804
vn -0.0000 -0.4947 -0.8690
vn 0.5860 -0.3608 -0.7256
vn 0.5860 -0.3607 -0.7256
vn 0.9482 -0.0887 -0.3051
vn 0.7468 -0.6469 0.1543
vn 0.6758 -0.7157 0.1764
vn 0.5960 -0.7811 -0.1862
vn 0.4192 -0.9064 -0.0518
vn 0.2539 -0.8847 -0.3909
vn 0.0624 -0.9904 -0.1233
vn -0.1616 -0.9129 -0.3748
vn -0.2954 -0.9551 -0.0239
vn -0.4977 -0.8553 -0.1439
vn -0.5576 -0.7993 0.2240
vn -0.6386 -0.7409 0.2079
vn -0.9630 -0.1934 -0.1877
vn -0.2580 -0.4956 -0.8293
vn 0.2580 -0.4606 -0.8493
vn 0.2581 -0.4606 -0.8492
vn 0.9630 -0.0628 -0.2621
vn 0.9630 0.1934 0.1877
vn 0.2580 0.4956 0.8293
vn -0.2580 0.4606 0.8493
vn -0.9630 0.0628 0.2621
vn -0.6387 -0.5566 0.5313
vn -0.5576 -0.6003 0.5733
vn -0.4977 -0.3123 0.8092
vn -0.2959 -0.4663 0.8337
vn -0.1616 -0.1431 0.9764
vn 0.0624 -0.3991 0.9148
vn 0.2538 -0.1150 0.9604
vn 0.4192 -0.4178 0.8060
vn 0.5959 -0.2382 0.7669
vn 0.6758 -0.5167 0.5257
vn 0.7468 -0.4626 0.4778
vn 0.6386 0.7409 -0.2078
vn 0.5576 0.7993 -0.2240
vn 0.4978 0.8553 0.1439
vn 0.2959 0.9549 0.0240
vn 0.1616 0.9129 0.3749
vn -0.0624 0.9904 0.1232
vn -0.2539 0.8848 0.3908
vn -0.4191 0.9065 0.0516
vn -0.5959 0.7811 0.1863
vn -0.6758 0.7157 -0.1764
vn -0.7467 0.6470 -0.1544
vn -0.7467 0.4627 -0.4779
vn -0.6758 0.5167 -0.5257
vn -0.5959 0.2382 -0.7670
vn -0.4192 0.4178 -0.8060
vn -0.2539 0.1149 -0.9604
vn -0.0623 0.3990 -0.9148
vn 0.1617 0.1431 -0.9764
vn 0.2959 0.4662 -0.8337
vn 0.4978 0.3122 -0.8092
vn 0.5577 0.6003 -0.5732
vn 0.6388 0.5565 -0.5312
vn -0.3613 0.6970 -0.6194
vn -0.4131 0.7555 -0.5086
vn -0.3613 0.6969 -0.6195
vn -0.4131 0.7555 -0.5085
vn -0.5571 -0.7427 -0.3715
vn -0.5571 -0.7428 -0.3714
vn -0.5571 -0.7427 -0.3714
vn -0.2656 0.6559 -0.7066
vn -0.3612 0.6970 -0.6195
vn -0.3614 0.6969 -0.6195
vn -0.1405 0.6386 -0.7566
vn -0.2656 0.6558 -0.7066
vn -0.2659 0.6558 -0.7065
vn -0.2657 0.6559 -0.7066
vn -0.0052 0.6478 -0.7618
vn -0.1406 0.6386 -0.7566
vn -0.1406 0.6386 -0.7565
vn -0.1410 0.6388 -0.7564
vn -0.1406 0.6387 -0.7565
vn -0.0053 0.6478 -0.7618
vn 0.1198 0.6820 -0.7214
vn 0.2154 0.7360 -0.6418
vn 0.2155 0.7360 -0.6418
vn 0.1198 0.6820 -0.7215
vn 0.1198 0.6821 -0.7214
vn 0.2673 0.8016 -0.5348
vn -0.0000 -0.0000 1.0000
vn -0.0000 0.0001 1.0000
vn 0.2155 0.7361 -0.6417
vn 0.2155 0.9274 -0.3059
vn 0.2673 0.8688 -0.4168
vn 0.2672 0.8688 -0.4169
vn 0.1232 -0.9847 0.1231
vn 0.1231 -0.9847 0.1230
vn 0.1231 -0.9847 0.1231
vn 0.1198 0.9684 -0.2187
vn 0.2155 0.9274 -0.3058
vn 0.2155 0.9273 -0.3059
vn -0.0052 0.9856 -0.1688
vn -0.1406 0.9765 -0.1636
vn -0.0053 0.9856 -0.1688
vn -0.0053 0.9856 -0.1687
vn -0.0053 0.9856 -0.1689
vn -0.1406 0.9765 -0.1635
vn -0.2657 0.9423 -0.2038
vn -0.3613 0.8883 -0.2835
vn -0.3613 0.8883 -0.2836
vn -0.2656 0.9423 -0.2039
vn -0.4131 0.8227 -0.3906
vn 0.6467 0.6468 0.4042
vn 0.6468 0.6467 0.4042
vn 0.0001 -0.4950 -0.8689
vn 0.4131 -0.8227 0.3905
vn 0.4131 -0.8227 0.3906
vn 0.3613 -0.8883 0.2835
vn 0.2656 -0.9423 0.2038
vn 0.2656 -0.9423 0.2039
vn 0.3613 -0.8883 0.2836
vn 0.1406 -0.9765 0.1636
vn 0.2657 -0.9423 0.2039
vn 0.1406 -0.9765 0.1635
vn 0.0053 -0.9856 0.1687
vn -0.1198 -0.9684 0.2189
vn 0.0053 -0.9856 0.1688
vn -0.1198 -0.9684 0.2187
vn -0.2155 -0.9273 0.3060
vn -0.1198 -0.9684 0.2188
vn -0.2673 -0.8688 0.4168
vn -0.2673 -0.8688 0.4169
vn -0.2155 -0.9274 0.3058
vn 0.0828 0.9935 -0.0776
vn 0.0829 0.9935 -0.0776
vn 0.0829 0.9935 -0.0775
vn -0.2155 -0.9274 0.3059
vn -0.2673 -0.8016 0.5348
vn -0.2155 -0.7360 0.6417
vn -0.1198 -0.6820 0.7215
vn -0.2155 -0.7360 0.6418
vn 0.0052 -0.6478 0.7618
vn -0.1198 -0.6820 0.7214
vn 0.1405 -0.6386 0.7566
vn 0.0053 -0.6478 0.7618
vn 0.1406 -0.6386 0.7566
vn 0.2657 -0.6558 0.7066
vn 0.1405 -0.6387 0.7565
vn 0.1406 -0.6387 0.7565
vn 0.2657 -0.6559 0.7066
vn 0.3612 -0.6970 0.6195
vn 0.3613 -0.6969 0.6195
vn 0.2656 -0.6559 0.7066
vn 0.4131 -0.7555 0.5085
vn 1.0000 -0.0000 -0.0000
vn 1.0000 -0.0001 -0.0000
vn 0.3613 -0.6969 0.6196
vn 0.3614 -0.6969 0.6194
vn 0.9482 0.2173 0.2319
vn -0.5860 0.3608 0.7256
vn -0.4134 0.7630 -0.4969
vn -0.3445 0.7909 -0.5057
vn -0.3974 0.7020 -0.5910
vn -0.2936 0.6991 -0.6519
vn -0.2262 0.7316 -0.6431
vn -0.3482 0.3685 -0.8620
vn -0.1693 0.7152 -0.6781
vn -0.1269 0.6401 -0.7577
vn -0.0190 0.6474 -0.7619
vn 0.0188 0.7279 -0.6854
vn 0.2283 0.4070 -0.8844
vn 0.0757 0.7521 -0.6546
vn 0.1457 0.7290 -0.6688
vn 0.2525 0.7460 -0.6162
vn 0.1949 0.8275 -0.5265
vn 0.2676 0.8091 -0.5233
vn 0.4134 -0.8166 0.4028
vn 0.3444 -0.8384 0.4225
vn 0.3973 -0.8664 0.3025
vn 0.2936 -0.9173 0.2690
vn 0.2263 -0.9262 0.3015
vn 0.3479 -0.9293 -0.1237
vn 0.1693 -0.9480 0.2694
vn 0.1269 -0.9782 0.1642
vn 0.0190 -0.9856 0.1683
vn -0.0188 -0.9608 0.2766
vn -0.2286 -0.9682 -0.1013
vn -0.0756 -0.9467 0.3131
vn -0.1457 -0.9471 0.2860
vn -0.2526 -0.9104 0.3276
vn -0.1950 -0.8749 0.4433
vn -0.2671 -0.8628 0.4291
vn -0.2673 -0.8092 0.5232
vn -0.1949 -0.8275 0.5265
vn -0.2525 -0.7461 0.6162
vn -0.1458 -0.7289 0.6689
vn -0.0753 -0.7520 0.6548
vn -0.2280 -0.4069 0.8846
vn -0.0188 -0.7280 0.6854
vn 0.0190 -0.6474 0.7619
vn 0.1269 -0.6400 0.7578
vn 0.1693 -0.7151 0.6782
vn 0.3478 -0.3687 0.8620
vn 0.2264 -0.7317 0.6430
vn 0.2935 -0.6992 0.6519
vn 0.3973 -0.7020 0.5910
vn 0.3445 -0.7909 0.5058
vn 0.4137 -0.7628 0.4969
vn 0.2681 0.8626 -0.4291
vn 0.1949 0.8749 -0.4433
vn 0.2526 0.9105 -0.3275
vn 0.1458 0.9471 -0.2859
vn 0.0756 0.9467 -0.3131
vn 0.2279 0.9684 0.1013
vn 0.0188 0.9608 -0.2766
vn -0.0191 0.9855 -0.1684
vn -0.1269 0.9782 -0.1642
vn -0.1693 0.9480 -0.2694
vn -0.3477 0.9294 0.1237
vn -0.2261 0.9263 -0.3015
vn -0.2935 0.9173 -0.2690
vn -0.3973 0.8664 -0.3025
vn -0.3445 0.8383 -0.4225
vn -0.4132 0.8166 -0.4029
vn 0.1946 0.4987 0.8447
vn 0.1560 -0.4783 -0.8642
vn 0.4527 -0.4104 -0.7916
vn 0.8883 0.2850 0.3602
vn -0.9847 0.0107 0.1739
s 0
usemtl mat3.001
f 5162//9232 5163//9232 5164//9232
f 5165//9232 5166//9232 5162//9232
f 5162//9233 5166//9233 5163//9233
f 5163//9232 5167//9232 5164//9232
f 5167//9234 5168//9234 5164//9234
f 5169//9235 5170//9235 5165//9235
f 5165//9236 5170//9236 5166//9236
f 5167//9234 5171//9234 5168//9234
f 5171//9237 5172//9237 5168//9237
f 5169//9236 5173//9236 5170//9236
f 5173//9235 5174//9235 5170//9235
f 5171//9238 5175//9238 5172//9238
f 5175//9239 5176//9239 5172//9239
f 5173//9240 5177//9240 5174//9240
f 5177//9241 5178//9241 5174//9241
f 5175//9242 5179//9242 5176//9242
f 5179//9243 5180//9243 5176//9243
f 5177//9244 5181//9244 5178//9244
f 5181//9245 5182//9245 5178//9245
f 5179//9246 5183//9246 5180//9246
f 5183//9247 5184//9247 5180//9247
f 5181//9245 5185//9245 5182//9245
f 5185//9248 5186//9248 5182//9248
f 5183//9249 5187//9249 5184//9249
f 5187//9249 5188//9249 5184//9249
f 5185//9248 5189//9248 5186//9248
f 5189//9250 5190//9250 5186//9250
f 5191//9251 5192//9251 5187//9251
f 5187//9246 5192//9246 5188//9246
f 5190//9250 5193//9250 5194//9250
f 5189//9252 5193//9252 5190//9252
f 5193//9253 5195//9253 5194//9253
f 5194//9253 5195//9253 5191//9253
f 5191//9253 5195//9253 5192//9253
f 5187//9254 5183//9254 5196//9254
f 5196//9254 5183//9254 5197//9254
f 5197//9255 5179//9255 5198//9255
f 5183//9256 5179//9256 5197//9256
f 5198//9257 5175//9257 5199//9257
f 5179//9258 5175//9258 5198//9258
f 5199//9259 5171//9259 5200//9259
f 5175//9259 5171//9259 5199//9259
f 5200//9260 5167//9260 5201//9260
f 5171//9261 5167//9261 5200//9261
f 5201//9262 5163//9262 5202//9262
f 5167//9263 5163//9263 5201//9263
f 5202//9264 5166//9264 5203//9264
f 5163//9265 5166//9265 5202//9265
f 5203//9266 5170//9266 5204//9266
f 5166//9267 5170//9267 5203//9267
f 5170//9268 5174//9268 5204//9268
f 5204//9269 5174//9269 5205//9269
f 5174//9270 5206//9270 5205//9270
f 5174//9271 5178//9271 5206//9271
f 5206//9272 5182//9272 5207//9272
f 5178//9273 5182//9273 5206//9273
f 5182//9274 5208//9274 5207//9274
f 5182//9275 5186//9275 5208//9275
f 5208//9276 5190//9276 5209//9276
f 5186//9277 5190//9277 5208//9277
f 5209//9278 5194//9278 5210//9278
f 5190//9279 5194//9279 5209//9279
f 5210//9280 5191//9280 5211//9280
f 5194//9281 5191//9281 5210//9281
f 5211//9282 5187//9282 5196//9282
f 5191//9283 5187//9283 5211//9283
f 5196//9284 5212//9284 5211//9284
f 5211//9285 5214//9285 5210//9285
f 5210//9286 5215//9286 5209//9286
f 5209//9287 5216//9287 5208//9287
f 5208//9288 5217//9288 5207//9288
f 5207//9289 5218//9289 5206//9289
f 5206//9290 5219//9290 5205//9290
f 5205//9291 5220//9291 5204//9291
f 5204//9292 5221//9292 5203//9292
f 5203//9293 5222//9293 5202//9293
f 5202//9294 5223//9294 5201//9294
f 5201//9295 5224//9295 5200//9295
f 5200//9296 5225//9296 5199//9296
f 5199//9297 5225//9297 5198//9297
f 5198//9298 5227//9298 5197//9298
f 5197//9299 5213//9299 5196//9299
f 5229//9300 5248//9300 5249//9300
f 5246//9301 5249//9301 5250//9301
f 5245//9302 5251//9302 5252//9302
f 5245//9303 5250//9303 5251//9303
f 5243//9304 5252//9304 5253//9304
f 5242//9305 5253//9305 5254//9305
f 5241//9306 5254//9306 5255//9306
f 5240//9307 5255//9307 5256//9307
f 5239//9308 5257//9308 5258//9308
f 5239//9309 5256//9309 5257//9309
f 5238//9310 5258//9310 5259//9310
f 5236//9311 5259//9311 5260//9311
f 5235//9312 5261//9312 5262//9312
f 5235//9313 5260//9313 5261//9313
f 5233//9314 5262//9314 5263//9314
f 5232//9315 5263//9315 5264//9315
f 5231//9316 5264//9316 5265//9316
f 5230//9317 5265//9317 5266//9317
f 5228//9318 5267//9318 5248//9318
f 5228//9319 5266//9319 5267//9319
f 5259//9320 5258//9320 5169//9320
f 5259//9321 5169//9321 5165//9321
f 5260//9322 5165//9322 5162//9322
f 5260//9323 5259//9323 5165//9323
f 5261//9324 5260//9324 5162//9324
f 5164//9325 5261//9325 5162//9325
f 5262//9326 5261//9326 5164//9326
f 5168//9327 5262//9327 5164//9327
f 5263//9328 5262//9328 5168//9328
f 5172//9329 5263//9329 5168//9329
f 5264//9330 5263//9330 5172//9330
f 5176//9331 5264//9331 5172//9331
f 5265//9332 5264//9332 5176//9332
f 5180//9333 5265//9333 5176//9333
f 5266//9334 5265//9334 5180//9334
f 5184//9335 5266//9335 5180//9335
f 5267//9336 5266//9336 5184//9336
f 5188//9337 5267//9337 5184//9337
f 5248//9338 5267//9338 5188//9338
f 5249//9339 5248//9339 5188//9339
f 5249//9340 5188//9340 5192//9340
f 5250//9341 5192//9341 5195//9341
f 5250//9342 5249//9342 5192//9342
f 5251//9343 5250//9343 5195//9343
f 5193//9344 5251//9344 5195//9344
f 5252//9345 5251//9345 5193//9345
f 5189//9346 5252//9346 5193//9346
f 5253//9347 5252//9347 5189//9347
f 5185//9348 5253//9348 5189//9348
f 5254//9349 5253//9349 5185//9349
f 5181//9350 5254//9350 5185//9350
f 5255//9351 5254//9351 5181//9351
f 5177//9352 5255//9352 5181//9352
f 5256//9353 5255//9353 5177//9353
f 5173//9354 5256//9354 5177//9354
f 5257//9355 5256//9355 5173//9355
f 5169//9356 5257//9356 5173//9356
f 5258//9357 5257//9357 5169//9357
f 5268//9358 5269//9358 5270//9358
f 5268//9359 5270//9359 5271//9359
f 5272//9360 5271//9360 5273//9360
f 5272//9361 5268//9361 5271//9361
f 5274//9263 5273//9263 5275//9263
f 5274//9362 5272//9362 5273//9362
f 5276//9363 5275//9363 5277//9363
f 5276//9364 5274//9364 5275//9364
f 5278//9365 5277//9365 5279//9365
f 5278//9366 5276//9366 5277//9366
f 5280//9367 5279//9367 5281//9367
f 5280//9367 5278//9367 5279//9367
f 5282//9368 5281//9368 5283//9368
f 5282//9369 5280//9369 5281//9369
f 5284//9370 5283//9370 5285//9370
f 5284//9371 5282//9371 5283//9371
f 5286//9292 5287//9292 5269//9292
f 5286//9372 5269//9372 5268//9372
f 5288//9373 5268//9373 5272//9373
f 5288//9293 5286//9293 5268//9293
f 5289//9294 5272//9294 5274//9294
f 5289//9295 5274//9295 5276//9295
f 5289//9294 5288//9294 5272//9294
f 5290//9295 5289//9295 5276//9295
f 5291//9296 5276//9296 5278//9296
f 5291//9296 5290//9296 5276//9296
f 5292//9374 5278//9374 5280//9374
f 5292//9374 5291//9374 5278//9374
f 5293//9375 5280//9375 5282//9375
f 5293//9299 5282//9299 5284//9299
f 5293//9376 5292//9376 5280//9376
f 5294//9299 5293//9299 5284//9299
f 5293//9377 5294//9377 5295//9377
f 5293//9378 5295//9378 5296//9378
f 5292//9379 5296//9379 5297//9379
f 5292//9380 5293//9380 5296//9380
f 5291//9381 5297//9381 5298//9381
f 5291//9382 5292//9382 5297//9382
f 5290//9383 5298//9383 5299//9383
f 5290//9384 5291//9384 5298//9384
f 5300//9385 5290//9385 5299//9385
f 5289//9385 5290//9385 5300//9385
f 5301//9386 5289//9386 5300//9386
f 5288//9386 5289//9386 5301//9386
f 5286//9387 5301//9387 5302//9387
f 5286//9388 5288//9388 5301//9388
f 5287//9389 5302//9389 5303//9389
f 5287//9389 5286//9389 5302//9389
f 5304//9390 5305//9390 5306//9390
f 5304//9391 5306//9391 5307//9391
f 5304//9392 5307//9392 5308//9392
f 5304//9392 5308//9392 5309//9392
f 5310//9392 5309//9392 5303//9392
f 5310//9392 5304//9392 5309//9392
f 5300//9393 5302//9393 5301//9393
f 5296//9394 5295//9394 5310//9394
f 5296//9392 5310//9392 5303//9392
f 5297//9392 5303//9392 5302//9392
f 5297//9395 5300//9395 5299//9395
f 5297//9396 5299//9396 5298//9396
f 5297//9392 5302//9392 5300//9392
f 5297//9392 5296//9392 5303//9392
f 5311//9397 5287//9397 5303//9397
f 5311//9398 5303//9398 5309//9398
f 5312//9399 5309//9399 5308//9399
f 5312//9400 5311//9400 5309//9400
f 5307//9401 5312//9401 5308//9401
f 5313//9401 5312//9401 5307//9401
f 5314//9402 5307//9402 5306//9402
f 5314//9402 5313//9402 5307//9402
f 5315//9403 5306//9403 5305//9403
f 5315//9403 5314//9403 5306//9403
f 5316//9404 5305//9404 5304//9404
f 5316//9405 5315//9405 5305//9405
f 5317//9406 5304//9406 5310//9406
f 5317//9406 5316//9406 5304//9406
f 5294//9407 5310//9407 5295//9407
f 5294//9408 5317//9408 5310//9408
f 5317//9409 5294//9409 5284//9409
f 5317//9284 5284//9284 5318//9284
f 5316//9410 5318//9410 5319//9410
f 5316//9410 5317//9410 5318//9410
f 5315//9286 5319//9286 5320//9286
f 5315//9286 5316//9286 5319//9286
f 5314//9411 5320//9411 5321//9411
f 5314//9288 5321//9288 5322//9288
f 5314//9411 5315//9411 5320//9411
f 5313//9288 5314//9288 5322//9288
f 5312//9289 5322//9289 5323//9289
f 5312//9289 5313//9289 5322//9289
f 5311//9412 5323//9412 5324//9412
f 5311//9412 5312//9412 5323//9412
f 5287//9291 5324//9291 5269//9291
f 5287//9291 5311//9291 5324//9291
f 5318//9413 5284//9413 5285//9413
f 5318//9414 5285//9414 5325//9414
f 5319//9415 5325//9415 5326//9415
f 5319//9416 5318//9416 5325//9416
f 5320//9417 5326//9417 5327//9417
f 5320//9418 5319//9418 5326//9418
f 5328//9419 5320//9419 5327//9419
f 5321//9420 5320//9420 5328//9420
f 5322//9421 5328//9421 5329//9421
f 5322//9422 5321//9422 5328//9422
f 5323//9423 5329//9423 5330//9423
f 5323//9423 5322//9423 5329//9423
f 5331//9271 5323//9271 5330//9271
f 5324//9271 5323//9271 5331//9271
f 5270//9424 5324//9424 5331//9424
f 5269//9425 5324//9425 5270//9425
f 5325//9284 5285//9284 5332//9284
f 5325//9426 5332//9426 5333//9426
f 5326//9410 5333//9410 5334//9410
f 5326//9285 5325//9285 5333//9285
f 5327//9427 5335//9427 5336//9427
f 5327//9286 5334//9286 5335//9286
f 5327//9428 5326//9428 5334//9428
f 5328//9411 5327//9411 5336//9411
f 5329//9429 5336//9429 5337//9429
f 5329//9288 5328//9288 5336//9288
f 5330//9289 5337//9289 5338//9289
f 5330//9289 5329//9289 5337//9289
f 5331//9430 5338//9430 5339//9430
f 5331//9290 5330//9290 5338//9290
f 5270//9291 5339//9291 5340//9291
f 5270//9291 5331//9291 5339//9291
f 5271//9431 5270//9431 5340//9431
f 5271//9292 5340//9292 5341//9292
f 5273//9432 5341//9432 5342//9432
f 5273//9293 5271//9293 5341//9293
f 5275//9294 5342//9294 5343//9294
f 5275//9294 5273//9294 5342//9294
f 5277//9433 5343//9433 5344//9433
f 5277//9295 5275//9295 5343//9295
f 5279//9374 5345//9374 5346//9374
f 5279//9296 5344//9296 5345//9296
f 5279//9296 5277//9296 5344//9296
f 5281//9298 5346//9298 5347//9298
f 5281//9434 5279//9434 5346//9434
f 5283//9375 5281//9375 5347//9375
f 5285//9299 5347//9299 5332//9299
f 5285//9299 5283//9299 5347//9299
f 5338//9392 5348//9392 5349//9392
f 5337//9391 5350//9391 5348//9391
f 5337//9392 5348//9392 5338//9392
f 5339//9392 5349//9392 5351//9392
f 5339//9392 5338//9392 5349//9392
f 5336//9392 5350//9392 5337//9392
f 5340//9393 5351//9393 5352//9393
f 5340//9390 5339//9390 5351//9390
f 5353//9392 5350//9392 5336//9392
f 5354//9392 5340//9392 5352//9392
f 5335//9392 5353//9392 5336//9392
f 5341//9392 5340//9392 5354//9392
f 5355//9392 5353//9392 5335//9392
f 5356//9392 5341//9392 5354//9392
f 5334//9392 5355//9392 5335//9392
f 5342//9392 5341//9392 5356//9392
f 5357//9392 5355//9392 5334//9392
f 5358//9390 5342//9390 5356//9390
f 5333//9392 5357//9392 5334//9392
f 5343//9392 5342//9392 5358//9392
f 5359//9392 5357//9392 5333//9392
f 5360//9390 5343//9390 5358//9390
f 5332//9392 5359//9392 5333//9392
f 5344//9390 5343//9390 5360//9390
f 5361//9392 5359//9392 5332//9392
f 5362//9390 5345//9390 5344//9390
f 5362//9392 5344//9392 5360//9392
f 5363//9390 5332//9390 5347//9390
f 5363//9390 5361//9390 5332//9390
f 5364//9393 5346//9393 5345//9393
f 5364//9392 5345//9392 5362//9392
f 5365//9392 5347//9392 5346//9392
f 5365//9392 5363//9392 5347//9392
f 5365//9392 5346//9392 5364//9392
f 5359//9435 5361//9435 5366//9435
f 5359//9435 5366//9435 5367//9435
f 5359//9436 5367//9436 5368//9436
f 5357//9437 5359//9437 5368//9437
f 5355//9438 5368//9438 5369//9438
f 5355//9438 5357//9438 5368//9438
f 5353//9439 5369//9439 5370//9439
f 5353//9440 5355//9440 5369//9440
f 5350//9441 5370//9441 5371//9441
f 5350//9441 5353//9441 5370//9441
f 5348//9442 5371//9442 5372//9442
f 5348//9442 5350//9442 5371//9442
f 5349//9443 5372//9443 5373//9443
f 5349//9444 5348//9444 5372//9444
f 5351//9445 5373//9445 5374//9445
f 5351//9445 5349//9445 5373//9445
f 5352//9446 5374//9446 5375//9446
f 5352//9446 5351//9446 5374//9446
f 5354//9447 5352//9447 5375//9447
f 5354//9447 5375//9447 5376//9447
f 5354//9448 5376//9448 5377//9448
f 5356//9449 5354//9449 5377//9449
f 5358//9450 5377//9450 5378//9450
f 5358//9451 5378//9451 5379//9451
f 5358//9450 5356//9450 5377//9450
f 5360//9452 5358//9452 5379//9452
f 5362//9453 5379//9453 5380//9453
f 5362//9453 5360//9453 5379//9453
f 5364//9454 5380//9454 5381//9454
f 5364//9455 5362//9455 5380//9455
f 5365//9456 5381//9456 5382//9456
f 5365//9457 5364//9457 5381//9457
f 5363//9458 5382//9458 5383//9458
f 5363//9458 5365//9458 5382//9458
f 5361//9459 5383//9459 5366//9459
f 5361//9459 5363//9459 5383//9459
f 5376//9460 5384//9460 5385//9460
f 5376//9461 5375//9461 5384//9461
f 5377//9462 5385//9462 5386//9462
f 5377//9463 5376//9463 5385//9463
f 5378//9464 5386//9464 5387//9464
f 5378//9465 5377//9465 5386//9465
f 5379//9466 5387//9466 5388//9466
f 5379//9467 5378//9467 5387//9467
f 5380//9468 5379//9468 5388//9468
f 5389//9469 5380//9469 5388//9469
f 5381//9470 5380//9470 5389//9470
f 5390//9471 5381//9471 5389//9471
f 5382//9472 5381//9472 5390//9472
f 5391//9473 5382//9473 5390//9473
f 5383//9474 5382//9474 5391//9474
f 5392//9475 5383//9475 5391//9475
f 5366//9476 5383//9476 5392//9476
f 5367//9477 5366//9478 5392//9479
f 5367//9480 5392//9481 5393//9482
f 5368//9483 5393//9483 5394//9483
f 5368//9484 5367//9484 5393//9484
f 5369//9485 5394//9485 5395//9485
f 5369//9486 5368//9486 5394//9486
f 5370//9487 5395//9487 5396//9487
f 5370//9488 5369//9488 5395//9488
f 5371//9489 5396//9489 5397//9489
f 5371//9490 5370//9490 5396//9490
f 5372//9491 5397//9491 5398//9491
f 5372//9492 5371//9492 5397//9492
f 5373//9493 5398//9493 5399//9493
f 5373//9494 5372//9494 5398//9494
f 5374//9495 5400//9495 5401//9495
f 5374//9496 5399//9497 5400//9496
f 5374//9498 5373//9498 5399//9499
f 5375//9500 5401//9500 5384//9500
f 5375//9501 5374//9501 5401//9501
f 5402//9502 5387//9502 5386//9502
f 5403//9245 5386//9245 5385//9245
f 5403//9503 5402//9503 5386//9503
f 5384//9504 5403//9504 5385//9504
f 5404//9245 5388//9245 5387//9245
f 5404//9505 5387//9505 5402//9505
f 5405//9503 5388//9503 5404//9503
f 5389//9505 5388//9505 5405//9505
f 5406//9505 5384//9505 5401//9505
f 5406//9502 5401//9502 5400//9502
f 5406//9503 5403//9503 5384//9503
f 5399//9505 5406//9505 5400//9505
f 5407//9504 5389//9504 5405//9504
f 5390//9504 5389//9504 5407//9504
f 5408//9504 5406//9504 5399//9504
f 5409//9504 5390//9504 5407//9504
f 5398//9503 5408//9503 5399//9503
f 5391//9504 5390//9504 5409//9504
f 5410//9503 5408//9503 5398//9503
f 5397//9503 5410//9503 5398//9503
f 5392//9505 5391//9505 5409//9505
f 5411//9503 5392//9503 5409//9503
f 5396//9245 5412//9245 5410//9245
f 5396//9503 5410//9503 5397//9503
f 5393//9506 5392//9506 5411//9506
f 5395//9245 5413//9245 5412//9245
f 5395//9503 5412//9503 5396//9503
f 5394//9504 5411//9504 5413//9504
f 5394//9503 5393//9503 5411//9503
f 5394//9245 5413//9245 5395//9245
f 5402//9507 5414//9507 5415//9507
f 5402//9507 5403//9507 5414//9507
f 5404//9508 5415//9508 5416//9508
f 5404//9508 5402//9508 5415//9508
f 5405//9453 5416//9453 5417//9453
f 5405//9453 5404//9453 5416//9453
f 5407//9509 5417//9509 5418//9509
f 5407//9510 5405//9510 5417//9510
f 5409//9511 5418//9511 5419//9511
f 5409//9511 5407//9511 5418//9511
f 5403//9512 5406//9512 5414//9512
f 5414//9512 5406//9512 5420//9512
f 5413//9513 5411//9513 5421//9513
f 5413//9513 5421//9513 5422//9513
f 5412//9514 5422//9514 5423//9514
f 5412//9514 5413//9514 5422//9514
f 5410//9441 5423//9441 5424//9441
f 5410//9441 5412//9441 5423//9441
f 5408//9515 5424//9515 5425//9515
f 5408//9516 5410//9516 5424//9516
f 5406//9517 5425//9517 5420//9517
f 5406//9517 5408//9517 5425//9517
f 5426//9504 5415//9504 5414//9504
f 5427//9503 5416//9503 5415//9503
f 5427//9503 5415//9503 5426//9503
f 5428//9505 5426//9505 5414//9505
f 5429//9503 5417//9503 5416//9503
f 5429//9503 5416//9503 5427//9503
f 5420//9503 5428//9503 5414//9503
f 5418//9503 5417//9503 5429//9503
f 5430//9504 5428//9504 5420//9504
f 5431//9503 5418//9503 5429//9503
f 5425//9503 5430//9503 5420//9503
f 5419//9505 5418//9505 5431//9505
f 5432//9503 5430//9503 5425//9503
f 5433//9506 5419//9506 5431//9506
f 5424//9503 5432//9503 5425//9503
f 5423//9503 5434//9503 5432//9503
f 5423//9503 5432//9503 5424//9503
f 5421//9504 5433//9504 5435//9504
f 5421//9503 5419//9503 5433//9503
f 5422//9503 5435//9503 5434//9503
f 5422//9503 5434//9503 5423//9503
f 5422//9503 5421//9503 5435//9503
f 5411//9518 5409//9518 5421//9518
f 5421//9518 5409//9518 5419//9518
f 5435//9519 5433//9519 5436//9519
f 5435//9519 5436//9519 5437//9519
f 5434//9520 5437//9520 5438//9520
f 5434//9520 5435//9520 5437//9520
f 5432//9441 5438//9441 5439//9441
f 5432//9441 5434//9441 5438//9441
f 5430//9521 5439//9521 5440//9521
f 5430//9522 5432//9522 5439//9522
f 5428//9523 5440//9523 5441//9523
f 5428//9524 5430//9524 5440//9524
f 5426//9525 5428//9525 5441//9525
f 5426//9525 5441//9525 5442//9525
f 5427//9526 5442//9526 5443//9526
f 5427//9527 5426//9527 5442//9527
f 5429//9453 5443//9453 5444//9453
f 5429//9528 5427//9528 5443//9528
f 5431//9529 5444//9529 5445//9529
f 5431//9530 5429//9530 5444//9530
f 5433//9531 5445//9531 5436//9531
f 5433//9531 5431//9531 5445//9531
f 5446//9532 5447//9532 5436//9532
f 5446//9533 5436//9533 5445//9533
f 5448//9534 5446//9534 5445//9534
f 5444//9535 5448//9535 5445//9535
f 5449//9536 5448//9536 5444//9536
f 5443//9537 5449//9537 5444//9537
f 5450//9538 5449//9538 5443//9538
f 5442//9539 5450//9539 5443//9539
f 5451//9540 5450//9540 5442//9540
f 5441//9541 5451//9541 5442//9541
f 5452//9542 5451//9542 5441//9542
f 5452//9543 5453//9543 5454//9543
f 5451//9303 5454//9303 5455//9303
f 5451//9543 5452//9543 5454//9543
f 5450//9544 5455//9544 5456//9544
f 5450//9303 5451//9303 5455//9303
f 5449//9544 5450//9544 5456//9544
f 5448//9545 5456//9545 5457//9545
f 5448//9307 5457//9307 5458//9307
f 5448//9546 5449//9546 5456//9546
f 5446//9307 5448//9307 5458//9307
f 5447//9547 5458//9547 5459//9547
f 5447//9547 5446//9547 5458//9547
f 5447//9548 5459//9548 5460//9548
f 5461//9313 5460//9313 5462//9313
f 5461//9548 5447//9548 5460//9548
f 5463//9549 5462//9549 5464//9549
f 5463//9313 5461//9313 5462//9313
f 5465//9549 5463//9549 5464//9549
f 5466//9550 5464//9550 5467//9550
f 5466//9317 5467//9317 5468//9317
f 5466//9550 5465//9550 5464//9550
f 5469//9551 5468//9551 5453//9551
f 5469//9317 5466//9317 5468//9317
f 5452//9551 5469//9551 5453//9551
f 5469//9552 5452//9552 5441//9552
f 5469//9553 5441//9553 5440//9553
f 5466//9554 5469//9554 5440//9554
f 5439//9555 5466//9555 5440//9555
f 5465//9556 5466//9556 5439//9556
f 5438//9557 5465//9557 5439//9557
f 5463//9558 5465//9558 5438//9558
f 5437//9559 5463//9559 5438//9559
f 5461//9560 5463//9560 5437//9560
f 5436//9561 5461//9561 5437//9561
f 5447//9562 5461//9562 5436//9562
f 5460//9563 5459//9563 5470//9563
f 5460//9564 5470//9564 5471//9564
f 5462//9565 5460//9565 5471//9565
f 5472//9566 5462//9566 5471//9566
f 5464//9567 5462//9567 5472//9567
f 5473//9568 5464//9568 5472//9568
f 5467//9569 5464//9569 5473//9569
f 5474//9570 5467//9570 5473//9570
f 5468//9571 5467//9571 5474//9571
f 5475//9572 5468//9572 5474//9572
f 5453//9573 5468//9573 5475//9573
f 5454//9574 5453//9574 5475//9574
f 5454//9575 5475//9575 5476//9575
f 5455//9576 5454//9576 5476//9576
f 5477//9577 5455//9577 5476//9577
f 5456//9578 5455//9578 5477//9578
f 5478//9579 5456//9579 5477//9579
f 5457//9580 5456//9580 5478//9580
f 5479//9581 5457//9581 5478//9581
f 5458//9582 5457//9582 5479//9582
f 5470//9583 5458//9583 5479//9583
f 5459//9584 5458//9584 5470//9584
f 5478//9245 5477//9245 5476//9245
f 5479//9503 5478//9503 5476//9503
f 5470//9503 5476//9503 5475//9503
f 5470//9245 5479//9245 5476//9245
f 5471//9503 5475//9503 5474//9503
f 5471//9503 5474//9503 5473//9503
f 5471//9504 5473//9504 5472//9504
f 5471//9504 5470//9504 5475//9504
f 5480//9392 5481//9392 5482//9392
f 5483//9392 5484//9392 5485//9392
f 5483//9392 5482//9392 5484//9392
f 5483//9392 5480//9392 5482//9392
f 5486//9392 5487//9392 5481//9392
f 5486//9393 5481//9393 5480//9393
f 5488//9392 5487//9392 5486//9392
f 5489//9392 5485//9392 5490//9392
f 5489//9392 5483//9392 5485//9392
f 5491//9392 5488//9392 5486//9392
f 5492//9390 5488//9390 5491//9390
f 5493//9392 5489//9392 5490//9392
f 5494//9392 5489//9392 5493//9392
f 5495//9392 5492//9392 5491//9392
f 5496//9392 5492//9392 5495//9392
f 5497//9392 5494//9392 5493//9392
f 5498//9392 5494//9392 5497//9392
f 5499//9393 5495//9393 5500//9393
f 5499//9392 5496//9392 5495//9392
f 5501//9392 5498//9392 5497//9392
f 5502//9392 5503//9392 5498//9392
f 5502//9390 5498//9390 5501//9390
f 5504//9392 5499//9392 5500//9392
f 5505//9392 5500//9392 5503//9392
f 5505//9392 5503//9392 5502//9392
f 5505//9392 5504//9392 5500//9392
f 5506//9585 5507//9585 5508//9585
f 5509//9586 5487//9586 5508//9586
f 5509//9587 5482//9587 5481//9587
f 5509//9588 5481//9588 5487//9588
f 5509//9589 5508//9590 5507//9591
f 5510//9592 5506//9592 5508//9592
f 5511//9593 5507//9593 5506//9593
f 5511//9594 5482//9594 5509//9594
f 5511//9594 5509//9594 5507//9594
f 5512//9595 5510//9595 5508//9595
f 5513//9592 5484//9592 5482//9592
f 5513//9596 5482//9596 5511//9596
f 5513//9597 5506//9597 5510//9597
f 5513//9598 5511//9598 5506//9598
f 5514//9599 5512//9599 5508//9599
f 5515//9600 5485//9600 5484//9600
f 5515//9601 5484//9601 5513//9601
f 5515//9602 5510//9602 5512//9602
f 5515//9603 5513//9603 5510//9603
f 5515//9604 5512//9604 5514//9604
f 5516//9605 5514//9605 5508//9605
f 5517//9599 5490//9599 5485//9599
f 5517//9599 5485//9599 5515//9599
f 5517//9599 5515//9599 5514//9599
f 5518//9606 5516//9606 5508//9606
f 5519//9607 5497//9607 5493//9607
f 5519//9608 5493//9608 5490//9608
f 5519//9608 5490//9608 5517//9608
f 5519//9609 5514//9609 5516//9609
f 5519//9608 5517//9608 5514//9608
f 5520//9610 5508//9610 5501//9610
f 5520//9610 5501//9610 5497//9610
f 5520//9611 5518//9612 5508//9612
f 5520//9607 5497//9607 5519//9607
f 5520//9606 5516//9606 5518//9606
f 5520//9613 5519//9613 5516//9613
f 5521//9614 5522//9614 5508//9614
f 5523//9615 5501//9615 5508//9615
f 5523//9616 5502//9616 5501//9616
f 5523//9617 5508//9618 5522//9619
f 5524//9620 5521//9620 5508//9620
f 5525//9614 5505//9614 5502//9614
f 5525//9620 5521//9620 5524//9620
f 5525//9621 5502//9621 5523//9621
f 5525//9614 5522//9614 5521//9614
f 5525//9622 5523//9622 5522//9622
f 5526//9623 5524//9623 5508//9623
f 5527//9620 5504//9620 5505//9620
f 5527//9620 5505//9620 5525//9620
f 5527//9620 5525//9620 5524//9620
f 5528//9624 5526//9624 5508//9624
f 5529//9625 5499//9625 5504//9625
f 5529//9626 5504//9626 5527//9626
f 5529//9623 5524//9623 5526//9623
f 5529//9627 5527//9627 5524//9627
f 5529//9628 5526//9628 5528//9628
f 5530//9629 5528//9629 5508//9629
f 5531//9624 5496//9624 5499//9624
f 5531//9624 5499//9624 5529//9624
f 5531//9628 5529//9628 5528//9628
f 5532//9630 5530//9630 5508//9630
f 5533//9631 5488//9631 5492//9631
f 5533//9632 5492//9632 5496//9632
f 5533//9632 5496//9632 5531//9632
f 5533//9629 5528//9629 5530//9629
f 5533//9632 5531//9632 5528//9632
f 5533//9631 5530//9631 5532//9631
f 5534//9633 5508//9633 5487//9633
f 5534//9633 5487//9633 5488//9633
f 5534//9634 5532//9635 5508//9635
f 5534//9631 5533//9631 5532//9631
f 5534//9630 5488//9630 5533//9630
f 5535//9525 5536//9525 5486//9525
f 5535//9525 5486//9525 5480//9525
f 5537//9526 5480//9526 5483//9526
f 5537//9526 5535//9526 5480//9526
f 5538//9453 5483//9453 5489//9453
f 5538//9530 5489//9530 5494//9530
f 5538//9636 5537//9636 5483//9636
f 5539//9529 5538//9529 5494//9529
f 5540//9531 5494//9531 5498//9531
f 5540//9531 5539//9531 5494//9531
f 5541//9245 5535//9245 5542//9245
f 5542//9503 5537//9503 5543//9503
f 5543//9503 5537//9503 5544//9503
f 5535//9503 5537//9503 5542//9503
f 5545//9503 5536//9503 5541//9503
f 5541//9504 5536//9504 5535//9504
f 5545//9503 5546//9503 5536//9503
f 5544//9503 5538//9503 5547//9503
f 5537//9503 5538//9503 5544//9503
f 5546//9245 5548//9245 5536//9245
f 5546//9504 5549//9504 5548//9504
f 5538//9503 5550//9503 5547//9503
f 5538//9503 5539//9503 5550//9503
f 5549//9503 5551//9503 5548//9503
f 5549//9503 5552//9503 5551//9503
f 5539//9503 5553//9503 5550//9503
f 5539//9503 5540//9503 5553//9503
f 5551//9503 5554//9503 5555//9503
f 5552//9503 5554//9503 5551//9503
f 5540//9503 5556//9503 5553//9503
f 5554//9505 5557//9505 5555//9505
f 5558//9503 5559//9503 5540//9503
f 5540//9504 5559//9504 5556//9504
f 5555//9503 5560//9503 5558//9503
f 5558//9503 5560//9503 5559//9503
f 5557//9503 5560//9503 5555//9503
f 5561//9637 5556//9637 5562//9637
f 5561//9638 5553//9638 5556//9638
f 5561//9639 5562//9639 5563//9639
f 5564//9640 5563//9640 5562//9640
f 5565//9641 5547//9641 5550//9641
f 5565//9642 5550//9642 5553//9642
f 5565//9639 5553//9639 5561//9639
f 5565//9642 5561//9642 5563//9642
f 5566//9643 5564//9643 5562//9643
f 5567//9644 5563//9644 5564//9644
f 5567//9640 5547//9640 5565//9640
f 5567//9641 5565//9641 5563//9641
f 5567//9645 5564//9645 5566//9645
f 5568//9646 5566//9646 5562//9646
f 5569//9643 5544//9643 5547//9643
f 5569//9645 5547//9645 5567//9645
f 5569//9643 5567//9643 5566//9643
f 5570//9647 5568//9647 5562//9647
f 5571//9648 5543//9648 5544//9648
f 5571//9648 5544//9648 5569//9648
f 5571//9648 5566//9648 5568//9648
f 5571//9648 5569//9648 5566//9648
f 5571//9649 5568//9649 5570//9649
f 5572//9650 5570//9650 5562//9650
f 5573//9649 5542//9649 5543//9649
f 5573//9649 5543//9649 5571//9649
f 5573//9651 5571//9651 5570//9651
f 5574//9652 5562//9652 5545//9652
f 5574//9653 5545//9653 5541//9653
f 5574//9654 5541//9654 5542//9654
f 5574//9655 5572//9656 5562//9657
f 5574//9658 5542//9658 5573//9658
f 5574//9654 5570//9654 5572//9654
f 5574//9658 5573//9658 5570//9658
f 5575//9659 5545//9659 5562//9659
f 5576//9660 5575//9660 5562//9660
f 5577//9659 5546//9659 5545//9659
f 5577//9659 5545//9659 5575//9659
f 5578//9661 5576//9661 5562//9661
f 5579//9660 5549//9660 5546//9660
f 5579//9661 5576//9661 5578//9661
f 5579//9662 5577//9662 5575//9662
f 5579//9660 5575//9660 5576//9660
f 5579//9662 5546//9662 5577//9662
f 5580//9663 5578//9663 5562//9663
f 5581//9664 5552//9664 5549//9664
f 5581//9661 5549//9661 5579//9661
f 5581//9664 5579//9664 5578//9664
f 5582//9665 5580//9665 5562//9665
f 5583//9666 5554//9666 5552//9666
f 5583//9663 5552//9663 5581//9663
f 5583//9663 5578//9663 5580//9663
f 5583//9666 5581//9666 5578//9666
f 5583//9667 5580//9667 5582//9667
f 5584//9668 5582//9668 5562//9668
f 5585//9667 5557//9667 5554//9667
f 5585//9669 5554//9669 5583//9669
f 5585//9670 5583//9670 5582//9670
f 5585//9671 5582//9671 5584//9671
f 5586//9672 5584//9672 5562//9672
f 5587//9673 5559//9673 5560//9673
f 5587//9674 5560//9674 5557//9674
f 5587//9671 5557//9671 5585//9671
f 5587//9674 5585//9674 5584//9674
f 5588//9675 5562//9675 5556//9675
f 5588//9675 5556//9675 5559//9675
f 5588//9676 5586//9676 5562//9677
f 5588//9673 5559//9673 5587//9673
f 5588//9678 5584//9678 5586//9678
f 5588//9679 5587//9679 5584//9679
f 5558//9519 5540//9519 5498//9519
f 5558//9680 5498//9680 5503//9680
f 5555//9520 5503//9520 5500//9520
f 5555//9520 5558//9520 5503//9520
f 5551//9441 5500//9441 5495//9441
f 5551//9681 5495//9681 5491//9681
f 5551//9441 5555//9441 5500//9441
f 5548//9522 5551//9522 5491//9522
f 5536//9524 5491//9524 5486//9524
f 5536//9524 5548//9524 5491//9524
f 5589//9682 5590//9682 5591//9682
f 5592//9683 5589//9683 5591//9683
f 5593//9684 5589//9684 5592//9684
f 5594//9685 5593//9685 5592//9685
f 5595//9686 5594//9686 5592//9686
f 5596//9687 5594//9687 5595//9687
f 5597//9688 5596//9688 5595//9688
f 5598//9689 5596//9689 5597//9689
f 5599//9690 5598//9690 5597//9690
f 5600//9691 5599//9691 5597//9691
f 5601//9692 5599//9692 5600//9692
f 5602//9693 5601//9693 5600//9693
f 5603//9694 5601//9694 5602//9694
f 5604//9695 5603//9695 5602//9695
f 5605//9696 5604//9696 5602//9696
f 5606//9697 5604//9697 5605//9697
f 5607//9445 5600//9445 5608//9445
f 5609//9445 5602//9445 5607//9445
f 5607//9445 5602//9445 5600//9445
f 5609//9445 5605//9445 5602//9445
f 5610//9698 5611//9698 5609//9698
f 5607//9699 5610//9699 5609//9699
f 5612//9700 5610//9700 5607//9700
f 5613//9701 5612//9701 5607//9701
f 5608//9702 5613//9702 5607//9702
f 5614//9703 5613//9703 5608//9703
f 5615//9704 5614//9704 5608//9704
f 5616//9705 5614//9705 5615//9705
f 5617//9706 5616//9706 5615//9706
f 5618//9707 5617//9707 5615//9707
f 5619//9708 5617//9708 5618//9708
f 5620//9709 5619//9709 5618//9709
f 5621//9710 5619//9710 5620//9710
f 5622//9711 5621//9711 5620//9711
f 5623//9712 5622//9712 5620//9712
f 5624//9713 5622//9713 5623//9713
f 5625//9714 5624//9714 5623//9714
f 5626//9715 5625//9715 5623//9715
f 5627//9716 5625//9716 5626//9716
f 5628//9717 5627//9717 5626//9717
f 5629//9718 5628//9718 5626//9718
f 5630//9719 5628//9719 5629//9719
f 5631//9720 5630//9720 5629//9720
f 5632//9721 5630//9721 5631//9721
f 5633//9722 5632//9722 5631//9722
f 5634//9723 5633//9723 5631//9723
f 5635//9724 5633//9724 5634//9724
f 5636//9725 5635//9725 5634//9725
f 5637//9726 5635//9726 5636//9726
f 5638//9727 5637//9727 5636//9727
f 5609//9728 5638//9728 5636//9728
f 5611//9729 5638//9729 5609//9729
f 5636//9448 5605//9448 5609//9448
f 5634//9448 5639//9448 5636//9448
f 5636//9448 5639//9448 5605//9448
f 5634//9448 5640//9448 5639//9448
f 5641//9730 5606//9730 5605//9730
f 5639//9731 5641//9731 5605//9731
f 5642//9732 5641//9732 5639//9732
f 5643//9733 5642//9733 5639//9733
f 5640//9734 5643//9734 5639//9734
f 5644//9735 5643//9735 5640//9735
f 5645//9736 5644//9736 5640//9736
f 5646//9737 5644//9737 5645//9737
f 5647//9738 5646//9738 5645//9738
f 5648//9739 5647//9739 5645//9739
f 5649//9740 5647//9740 5648//9740
f 5650//9741 5649//9741 5648//9741
f 5651//9742 5649//9742 5650//9742
f 5652//9743 5651//9743 5650//9743
f 5591//9744 5652//9744 5650//9744
f 5590//9745 5652//9745 5591//9745
f 5650//9458 5623//9458 5591//9458
f 5648//9458 5626//9458 5650//9458
f 5650//9458 5626//9458 5623//9458
f 5648//9458 5629//9458 5626//9458
f 5645//9453 5629//9453 5648//9453
f 5640//9453 5631//9453 5645//9453
f 5645//9453 5631//9453 5629//9453
f 5640//9453 5634//9453 5631//9453
f 5592//9437 5618//9437 5595//9437
f 5591//9437 5620//9437 5592//9437
f 5592//9437 5620//9437 5618//9437
f 5591//9437 5623//9437 5620//9437
f 5615//9441 5595//9441 5618//9441
f 5608//9441 5597//9441 5615//9441
f 5615//9441 5597//9441 5595//9441
f 5608//9441 5600//9441 5597//9441
f 5669//9284 5668//9284 5653//9284
f 5668//9410 5670//9410 5667//9410
f 5670//9286 5671//9286 5666//9286
f 5671//9746 5672//9746 5665//9746
f 5672//9288 5673//9288 5664//9288
f 5673//9289 5674//9289 5663//9289
f 5674//9412 5675//9412 5662//9412
f 5675//9291 5676//9291 5661//9291
f 5676//9372 5677//9372 5660//9372
f 5677//9373 5678//9373 5659//9373
f 5678//9294 5679//9294 5658//9294
f 5679//9295 5680//9295 5657//9295
f 5680//9296 5681//9296 5656//9296
f 5681//9374 5682//9374 5655//9374
f 5682//9298 5683//9298 5655//9298
f 5683//9299 5669//9299 5654//9299
f 5703//9300 5685//9300 5705//9300
f 5702//9301 5703//9301 5705//9301
f 5701//9303 5702//9303 5706//9303
f 5700//9302 5701//9302 5707//9302
f 5699//9304 5700//9304 5707//9304
f 5698//9747 5699//9747 5708//9747
f 5697//9748 5698//9748 5709//9748
f 5696//9307 5697//9307 5710//9307
f 5695//9309 5696//9309 5711//9309
f 5694//9308 5695//9308 5712//9308
f 5693//9310 5694//9310 5713//9310
f 5692//9749 5693//9749 5713//9749
f 5691//9313 5692//9313 5714//9313
f 5690//9312 5691//9312 5715//9312
f 5689//9314 5690//9314 5715//9314
f 5688//9315 5689//9315 5716//9315
f 5687//9316 5688//9316 5717//9316
f 5686//9317 5687//9317 5718//9317
f 5684//9319 5686//9319 5719//9319
f 5685//9750 5684//9750 5704//9750
l 5234 5262
l 5198 5226
l 5244 5252
l 5237 5259
l 5247 5249
