# Blender 4.2.16 LTS
# www.blender.org
mtllib leg_4.mtl
o leg5
v 12.831165 11.936386 61.773640
v 12.928028 11.939694 61.774574
v 12.832548 11.957218 61.773785
v 12.933168 11.929590 61.777512
v 12.926118 11.948750 61.776207
v 12.926431 11.959462 61.786793
v 12.832548 11.967552 61.791927
v 12.925916 11.960295 61.801826
v 12.831165 11.957055 61.809921
v 12.924841 11.950812 61.813477
v 14.955580 36.024364 48.087341
v 14.954197 36.013866 48.105339
v 14.966967 36.216442 48.124496
v 14.966967 36.080029 47.885033
v 14.955580 36.014030 48.069202
v 14.952814 35.993034 48.105190
v 14.954197 35.993195 48.069057
v 14.952814 35.982700 48.087051
v 12.818396 11.870226 61.993942
v 12.829782 11.936223 61.809776
v 12.829782 11.925888 61.791637
v 12.818396 11.733811 61.754482
v 14.958640 36.076447 47.877460
v 12.814233 11.730508 61.748047
v 14.962804 36.076725 47.878590
v 14.965852 36.078033 47.881363
v 12.810068 11.730231 61.746914
v 12.817279 11.731818 61.750813
v 14.935741 36.876022 49.277477
v 14.974319 36.789997 49.132442
v 14.806211 36.820351 49.159683
v 15.112686 36.809231 49.187641
v 15.112686 36.887772 49.325508
v 14.917006 36.725124 49.009689
v 14.758798 36.735664 49.003685
v 15.251052 36.771557 49.142948
v 14.974319 36.652615 48.891285
v 14.759912 36.406956 48.426846
v 14.767124 36.404408 48.423492
v 14.762960 36.405239 48.424301
v 14.758798 36.409096 48.430428
v 14.825412 36.415474 48.451942
v 14.822363 36.414162 48.449169
v 14.821248 36.412170 48.445499
v 14.829575 36.415749 48.453072
v 14.812922 36.401356 48.425228
v 14.821248 36.404934 48.432796
v 14.817085 36.401634 48.426357
v 14.820133 36.402943 48.429127
v 15.112686 36.614944 48.846592
v 14.958640 36.407150 48.457970
v 14.962804 36.406319 48.457157
v 14.762960 36.290451 48.222809
v 14.758798 36.287151 48.216366
v 14.759912 36.289143 48.220036
v 14.767124 36.290730 48.223942
v 14.817085 36.286846 48.224865
v 14.820133 36.285130 48.222324
v 14.812922 36.287678 48.225677
v 14.821248 36.282990 48.218739
v 14.821248 36.275753 48.206039
v 14.822363 36.273613 48.202450
v 14.758798 36.223076 48.103893
v 14.762960 36.219219 48.097767
v 14.759912 36.220936 48.100307
v 14.767124 36.218388 48.096954
v 15.064807 36.337513 48.352180
v 15.061759 36.336205 48.349407
v 14.966967 36.402458 48.451031
v 15.060643 36.334213 48.345737
v 15.068971 36.337791 48.353313
v 14.965852 36.404602 48.454613
v 14.822363 36.228142 48.122635
v 14.825412 36.229450 48.125401
v 14.825412 36.271896 48.199913
v 14.821248 36.226151 48.118965
v 14.829575 36.229729 48.126534
v 14.829575 36.271069 48.199097
v 14.821248 36.218914 48.106262
v 14.812922 36.215336 48.098694
v 14.820133 36.216923 48.102592
v 14.817085 36.215611 48.099819
v 15.251052 36.634174 48.901791
v 15.442523 36.475105 48.652218
v 15.308365 36.699051 49.024540
v 15.573510 36.528687 48.766567
v 14.966967 36.266045 48.211571
v 15.341825 36.406902 48.516895
v 15.728571 36.565102 48.854507
v 14.958640 36.221130 48.131432
v 14.958640 36.262466 48.203995
v 14.962804 36.220299 48.130615
v 14.962804 36.262745 48.205128
v 14.965852 36.264053 48.207901
v 14.965852 36.218582 48.128078
v 15.276197 36.327316 48.367020
v 15.267494 36.324566 48.360847
v 14.759912 36.103123 47.893501
v 14.767124 36.104710 47.897400
v 14.758798 36.101128 47.889832
v 14.762960 36.104431 47.896275
v 15.900343 36.582623 48.911873
v 14.817085 36.100826 47.898327
v 14.820133 36.099110 47.895782
v 14.812922 36.101658 47.899143
v 14.821248 36.096970 47.892200
v 14.821248 36.089733 47.879505
v 14.822363 36.087593 47.875916
v 14.825412 36.085880 47.873379
v 16.080675 36.580418 48.935940
v 15.060643 36.135792 47.997433
v 15.061759 36.133648 47.993851
v 15.064807 36.131935 47.991306
v 15.068971 36.131104 47.990494
v 15.267465 36.117878 47.998028
v 15.276442 36.113697 47.992081
v 17.048664 36.758781 49.398994
v 14.758798 35.774559 47.316574
v 15.359366 36.008572 47.820393
v 16.910295 36.661007 49.205925
v 16.261065 36.558582 48.925552
v 14.974319 35.828896 47.445335
v 14.829575 36.085045 47.872562
v 16.852983 36.596134 49.083168
v 16.432888 36.518147 48.881199
v 17.048664 36.680241 49.261124
v 15.112686 35.848125 47.500534
v 14.917006 35.764019 47.322578
v 16.587980 36.461040 48.804974
v 17.225607 36.723454 49.364391
v 14.806211 35.683559 47.164181
v 16.910295 36.523624 48.964767
v 17.187029 36.642567 49.216431
v 15.251052 35.810455 47.455841
v 15.491873 35.913967 47.674847
v 14.974319 35.691513 47.204178
v 16.718979 36.389965 48.700508
v 17.355139 36.650520 49.256428
v 14.935741 35.610626 47.056217
v 17.048664 36.485950 48.920074
v 17.244341 36.570057 49.098026
v 15.112686 35.653839 47.159485
v 15.665300 35.836456 47.565659
v 15.308365 35.737946 47.337437
v 17.402550 36.559517 49.104031
v 17.187029 36.505184 48.975273
v 15.251052 35.673073 47.214684
v 15.112686 35.575294 47.021610
v 16.819660 36.308304 48.572758
v 17.198545 36.257355 48.542015
v 17.195496 36.256046 48.539242
v 17.202707 36.257633 48.543148
v 17.194382 36.254051 48.535572
v 17.092379 36.202976 48.430111
v 16.885256 36.219936 48.427792
v 16.893885 36.216202 48.422577
v 15.872505 35.777210 47.493755
v 15.872505 35.678654 47.320755
v 15.866145 35.781906 47.501007
v 17.096540 36.202145 48.429298
v 15.873621 35.676514 47.317165
v 15.876668 35.674797 47.314629
v 17.099588 36.200432 48.426758
v 15.880833 35.673965 47.313812
v 17.100706 36.198288 48.423176
v 17.331774 36.249031 48.548046
v 17.335938 36.248199 48.547230
v 17.340099 36.244347 48.541103
v 17.348427 36.232422 48.521465
v 17.340099 36.237110 48.528408
v 17.341217 36.234970 48.524818
v 17.344263 36.233253 48.522278
v 17.394224 36.229370 48.523201
v 17.402550 36.232952 48.530777
v 17.338985 36.246487 48.544693
v 17.398388 36.229649 48.524334
v 17.401436 36.230957 48.527107
v 17.194382 36.117638 48.296112
v 16.295204 35.753319 47.517292
v 16.458092 35.773415 47.577812
v 16.288843 35.749462 47.509544
v 16.893856 36.009514 48.059761
v 16.822742 35.930069 47.909286
v 16.885151 36.006763 48.053581
v 17.198545 36.113781 48.289986
v 17.195496 36.070026 48.212708
v 17.195496 36.115498 48.292530
v 17.198545 36.071335 48.215481
v 17.194382 36.068035 48.209038
v 17.202707 36.112949 48.289173
v 17.202707 36.071613 48.216610
v 17.344263 36.118469 48.320789
v 17.340099 36.115166 48.314346
v 17.341217 36.117157 48.318016
v 17.348427 36.118744 48.321915
v 17.340099 36.107929 48.301643
v 17.331774 36.104351 48.294075
v 17.092379 35.996288 48.067295
v 16.288843 35.650917 47.336555
v 16.280518 35.647339 47.328983
v 17.394224 36.115692 48.323654
v 17.398388 36.114861 48.322842
v 17.401436 36.113144 48.320297
v 17.402550 36.111004 48.316715
v 17.338985 36.105934 48.297974
v 17.335938 36.104626 48.295204
v 17.331774 36.063011 48.221508
v 17.335938 36.062183 48.220695
v 17.338985 36.060467 48.218155
v 17.340099 36.058323 48.214569
v 17.348427 36.046402 48.194927
v 17.340099 36.051090 48.201870
v 17.341217 36.048950 48.198280
v 17.344263 36.047234 48.195744
v 17.394224 36.043350 48.196667
v 17.402550 36.046928 48.204239
v 17.401436 36.044937 48.200569
v 17.398388 36.043625 48.197796
v 17.194382 35.931618 47.969578
v 17.100706 35.999866 48.074867
v 17.096540 35.996563 48.068424
v 17.099588 35.997871 48.071198
v 17.195496 35.929478 47.965992
v 17.198545 35.927761 47.963448
v 17.344263 35.932446 47.994247
v 17.340099 35.929142 47.987808
v 17.341217 35.931137 47.991478
v 17.348427 35.932724 47.995377
v 17.340099 35.921909 47.975105
v 17.394224 35.929668 47.997116
v 17.398388 35.928841 47.996300
v 17.402550 35.924984 47.990177
v 17.401436 35.927124 47.993763
v 17.338985 35.919918 47.971436
v 17.335938 35.918606 47.968662
v 16.727779 35.863773 47.778198
v 16.910295 35.699902 47.518818
v 16.604425 35.810780 47.666065
v 16.852983 35.635029 47.396065
v 16.287729 35.648922 47.332886
v 17.202707 35.926929 47.962639
v 17.048664 35.719135 47.574013
v 16.910295 35.562519 47.277660
v 16.284681 35.647614 47.330112
v 17.187029 35.681465 47.529324
v 17.331774 35.918331 47.967537
v 17.402550 35.598415 47.416924
v 17.244341 35.608955 47.410919
v 17.048664 35.446308 47.095097
v 17.048664 35.524849 47.232967
v 17.355139 35.513729 47.260925
v 17.187029 35.544083 47.288162
v 17.225607 35.458057 47.143127
v 15.252864 11.580907 61.863216
v 15.253981 11.578766 61.859627
v 15.249817 11.582623 61.865753
v 15.245653 11.583454 61.866570
v 12.825748 12.443780 63.001896
v 12.787170 12.529808 63.146931
v 12.657638 12.474133 63.029133
v 12.964114 12.463015 63.057095
v 12.964114 12.541555 63.194962
v 12.768434 12.378908 62.879143
v 12.610225 12.389449 62.873138
v 13.102481 12.425343 63.012398
v 12.825748 12.306398 62.760738
v 12.618552 12.058192 62.292938
v 12.610225 12.062881 62.299881
v 12.611341 12.060740 62.296299
v 12.614389 12.059023 62.293755
v 12.676840 12.069257 62.321392
v 12.673792 12.067946 62.318619
v 12.672677 12.065954 62.314949
v 12.681004 12.069533 62.322525
v 12.664351 12.055141 62.294678
v 12.672677 12.058720 62.302254
v 12.668512 12.055418 62.295811
v 12.671561 12.056728 62.298584
v 12.810068 12.060933 62.327423
v 12.964114 12.268726 62.716042
v 12.814233 12.060102 62.326607
v 12.610225 11.940934 62.085819
v 12.614389 11.944237 62.092262
v 12.611341 11.942926 62.089489
v 12.618552 11.944514 62.093391
v 12.672677 11.936772 62.088192
v 12.671561 11.938913 62.091774
v 12.668512 11.940631 62.094318
v 12.664351 11.941462 62.095127
v 12.672677 11.929539 62.075489
v 12.673792 11.927399 62.071907
v 12.610225 11.876861 61.973347
v 12.618552 11.872172 61.966404
v 12.611341 11.874721 61.969757
v 12.614389 11.873004 61.967220
v 12.916235 11.991300 62.221634
v 12.818396 12.056245 62.320480
v 12.913187 11.989989 62.218861
v 12.920398 11.991575 62.222767
v 12.817279 12.058386 62.324070
v 12.912071 11.987997 62.215191
v 12.673792 11.881927 61.992085
v 12.676840 11.883236 61.994858
v 12.676840 11.925682 62.069366
v 12.681004 11.883512 61.995987
v 12.681004 11.924851 62.068550
v 12.672677 11.879933 61.988415
v 12.664351 11.869121 61.968143
v 12.672677 11.872701 61.975716
v 12.668512 11.869397 61.969273
v 12.671561 11.870708 61.972046
v 13.293797 12.128809 62.521503
v 13.102481 12.287961 62.771240
v 13.424795 12.182425 62.635914
v 13.159794 12.352833 62.893993
v 12.818396 11.919831 62.081024
v 13.193115 12.060564 62.386112
v 13.579889 12.218866 62.723911
v 12.810068 11.874914 62.000885
v 12.810068 11.916252 62.073448
v 12.814233 11.874083 62.000069
v 12.814233 11.916528 62.074581
v 12.817279 11.872367 61.997532
v 12.817279 11.917838 62.077351
v 13.127522 11.980933 62.236168
v 13.118893 11.978351 62.230301
v 12.610225 11.754914 61.759285
v 12.614389 11.758218 61.765724
v 12.611341 11.756907 61.762955
v 12.618552 11.758492 61.766853
v 13.751712 12.236403 62.781311
v 12.672677 11.750754 61.761654
v 12.671561 11.752894 61.765240
v 12.668512 11.754611 61.767776
v 12.664351 11.755443 61.768593
v 12.672677 11.743520 61.748951
v 12.673792 11.741378 61.745369
v 12.676840 11.739662 61.742825
v 13.932103 12.234200 62.805389
v 12.912071 11.789576 61.866886
v 12.920398 11.784886 61.859943
v 12.916235 11.785718 61.860760
v 12.913187 11.787435 61.863297
v 13.127522 11.767929 61.862263
v 13.118922 11.771660 61.867481
v 14.900091 12.412565 63.268444
v 12.610225 11.428346 61.186031
v 13.210459 11.662695 61.690388
v 14.761726 12.314790 63.075378
v 14.112434 12.212375 62.795017
v 12.825748 11.482677 61.314789
v 12.681004 11.738831 61.742016
v 14.900091 12.334024 63.130577
v 14.704412 12.249918 62.952621
v 14.284207 12.171965 62.750687
v 12.964114 11.501910 61.369987
v 12.768434 11.417805 61.192036
v 14.439268 12.114887 62.674515
v 15.077037 12.377238 63.233845
v 12.657638 11.337344 61.033630
v 14.761726 12.177408 62.834221
v 15.038459 12.296352 63.085884
v 13.102481 11.464238 61.325291
v 12.825748 11.345296 61.073631
v 13.343307 11.567747 61.544296
v 14.570255 12.043852 62.570114
v 15.206568 12.304302 63.125881
v 12.787170 11.264408 60.925667
v 14.900091 12.139736 62.789524
v 15.095772 12.223842 62.967476
v 12.964114 11.307624 61.028934
v 13.516093 11.490452 61.435379
v 13.159794 11.391729 61.206886
v 15.253981 12.213301 62.973480
v 15.038459 12.158970 62.844719
v 12.964114 11.229082 60.891064
v 13.102481 11.326857 61.084133
v 14.670952 11.962229 62.442436
v 15.049974 11.911139 62.411469
v 15.046926 11.909828 62.408695
v 15.054137 11.911415 62.412598
v 14.943808 11.856761 62.299564
v 14.736579 11.873896 62.297543
v 14.745284 11.869987 62.292034
v 15.045810 11.907837 62.405025
v 13.723933 11.332439 61.190205
v 13.723933 11.430981 61.363182
v 13.716716 11.435917 61.370731
v 14.947970 11.855928 62.298752
v 13.725049 11.330298 61.186623
v 14.951019 11.854213 62.296211
v 13.728097 11.328582 61.184078
v 14.952134 11.852071 62.292625
v 13.732260 11.327751 61.183266
v 15.183202 11.902816 62.417500
v 15.187366 11.901985 62.416683
v 15.199856 11.886205 62.390919
v 15.191529 11.898128 62.410557
v 15.191529 11.890894 62.397861
v 15.192645 11.888752 62.394272
v 15.195693 11.887037 62.391735
v 15.245653 11.883154 62.392654
v 15.253981 11.886733 62.400230
v 15.190413 11.900269 62.414139
v 15.252864 11.884740 62.396561
v 15.249817 11.883430 62.393787
v 15.045810 11.771422 62.165565
v 15.049974 11.725120 62.084934
v 15.054137 11.766733 62.158623
v 15.049974 11.767565 62.159439
v 15.046926 11.769281 62.161976
v 15.046926 11.723809 62.082161
v 15.054137 11.725396 62.086060
v 15.045810 11.721816 62.078491
v 15.199856 11.772526 62.191368
v 15.195693 11.772249 62.190235
v 15.192645 11.770939 62.187462
v 15.191529 11.768948 62.183792
v 15.191529 11.761713 62.171097
v 14.943808 11.650071 61.936749
v 14.745313 11.663297 61.929214
v 14.736337 11.660311 61.922585
v 14.653412 11.566238 61.744598
v 14.140273 11.304700 61.206005
v 14.347478 11.434892 61.466644
v 14.146633 11.407101 61.386745
v 14.140273 11.403246 61.378994
v 14.131946 11.301120 61.198437
v 15.245653 11.769475 62.193108
v 15.252864 11.766928 62.189751
v 15.249817 11.768643 62.192291
v 15.253981 11.764786 62.186165
v 15.190413 11.759720 62.167427
v 15.183202 11.716797 62.090958
v 15.183202 11.758134 62.163521
v 15.187366 11.715965 62.090149
v 15.187366 11.758410 62.164654
v 15.190413 11.714249 62.087605
v 15.199856 11.700185 62.064381
v 15.191529 11.712108 62.084023
v 15.191529 11.704873 62.071323
v 15.192645 11.702732 62.067738
v 15.195693 11.701016 62.065197
v 15.245653 11.697133 62.066120
v 15.253981 11.700713 62.073696
v 15.249817 11.697410 62.067253
v 15.252864 11.698720 62.070019
v 15.045810 11.585402 61.839031
v 14.952134 11.653650 61.944317
v 14.951019 11.651657 61.940647
v 14.947970 11.650348 61.937874
v 15.046926 11.583261 61.835442
v 15.049974 11.581544 61.832905
v 15.199856 11.586507 61.864834
v 15.195693 11.586230 61.863701
v 15.192645 11.584920 61.860928
v 15.191529 11.582927 61.857258
v 15.191529 11.575693 61.844559
v 15.190413 11.573701 61.840889
v 15.187366 11.572392 61.838120
v 14.761726 11.353687 61.388271
v 14.520904 11.489289 61.588997
v 14.900091 11.372920 61.443466
v 15.054137 11.580713 61.832088
v 14.704412 11.288815 61.265514
v 14.139157 11.302707 61.202335
v 14.761726 11.216304 61.147114
v 14.136108 11.301396 61.199566
v 15.038459 11.335248 61.398777
v 15.183202 11.572115 61.836987
v 14.900091 11.100091 60.964546
v 14.900091 11.178633 61.102421
v 15.253981 11.252198 61.286377
v 15.095772 11.262739 61.280373
v 15.206568 11.167514 61.130379
v 15.038459 11.197866 61.157619
v 15.077037 11.111838 61.012581
v 14.955580 36.210384 48.413879
v 14.954197 36.199886 48.431877
v 14.955580 36.200047 48.395737
v 14.952814 36.179054 48.431728
v 14.954197 36.179214 48.395596
v 14.952814 36.168716 48.413586
v 12.832548 12.143237 62.100323
v 12.832548 12.153572 62.118462
v 12.831165 12.143074 62.136459
v 12.829782 12.122243 62.136314
v 12.831165 12.122406 62.100178
v 12.829782 12.111909 62.118172
v 15.057198 11.973834 62.220856
v 15.058581 11.994666 62.221004
v 15.057198 11.963501 62.202713
v 15.059963 12.005164 62.203011
v 15.058581 11.973997 62.184723
v 15.059963 11.994829 62.184868
v 17.180229 36.020309 48.498131
v 17.180229 36.030647 48.516270
v 17.181612 36.051479 48.516418
v 17.182993 36.061974 48.498425
v 17.182993 36.051640 48.480286
v 17.181612 36.030807 48.480137
v 15.057198 11.787815 61.894318
v 15.058581 11.808647 61.894466
v 15.057198 11.777480 61.876179
v 15.059963 11.819142 61.876472
v 15.058581 11.787978 61.858185
v 15.059963 11.808809 61.858334
v 17.180229 35.844627 48.189735
v 17.180229 35.834293 48.171593
v 17.181612 35.865459 48.189880
v 17.182993 35.875957 48.171890
v 17.182993 35.865620 48.153748
v 17.181612 35.844788 48.153599
v 14.964905 11.814887 61.890911
v 14.963831 11.800028 61.893120
v 14.963315 11.787523 61.884743
v 14.963627 11.783882 61.870129
v 14.961716 11.787097 61.861504
v 14.956577 11.794774 61.854313
v 14.963215 11.804088 61.851826
v 14.966182 11.812822 61.853645
v 14.966494 11.823537 61.864227
v 14.965978 11.824369 61.879257
v 17.079609 35.851585 48.149727
v 17.084745 35.843906 48.156918
v 17.086658 35.840694 48.165543
v 17.086246 35.860901 48.147240
v 17.089212 35.869633 48.149059
v 17.089523 35.880348 48.159641
v 17.089008 35.881180 48.174671
v 17.087934 35.871700 48.186325
v 17.086861 35.856838 48.188538
v 17.086346 35.844334 48.180157
v 17.089523 36.064415 48.482750
v 17.089212 36.068058 48.497364
v 17.089008 36.051910 48.474373
v 17.087934 36.037067 48.476612
v 17.086861 36.027569 48.488235
v 17.086346 36.028404 48.503265
v 14.966182 12.011245 62.201950
v 17.086658 36.039116 48.513847
v 14.966494 12.007605 62.187336
v 14.963315 11.971590 62.207851
v 14.963627 11.982305 62.218433
v 14.963831 11.970757 62.192822
v 14.965978 11.995099 62.178951
v 14.964905 11.980258 62.181198
v 14.963218 12.008357 62.210384
v 14.956577 12.001462 62.217129
v 14.961718 11.991360 62.220070
v 17.079609 36.058273 48.512550
v 15.056201 36.193089 48.435745
v 12.933168 12.136278 62.140331
v 15.051062 36.200768 48.428558
v 15.049150 36.203979 48.419930
v 15.048947 36.187836 48.396935
v 15.047873 36.172997 48.399181
v 15.049462 36.200340 48.405319
v 15.049562 36.183777 48.438236
v 15.046596 36.175037 48.436417
v 15.046284 36.164326 48.425835
v 15.046799 36.163494 48.410805
v 12.923252 12.107516 62.130421
v 12.923565 12.118229 62.141003
v 12.923767 12.106683 62.115391
v 12.923767 11.935952 61.815689
v 12.923252 11.923448 61.807312
v 12.924841 12.116183 62.103767
v 12.923565 11.919808 61.792698
v 12.925916 12.131024 62.101521
v 12.926431 12.143529 62.109901
v 12.926118 12.147170 62.124512
v 15.046799 35.992764 48.111103
v 15.046284 35.980259 48.102726
v 15.047873 36.007626 48.108894
v 15.046596 35.976620 48.088112
v 15.048947 36.017105 48.097240
v 15.049462 36.016270 48.082211
v 15.049150 36.005558 48.071621
v 12.926531 12.126965 62.142822
v 12.928031 12.143956 62.133144
v 15.051060 35.996506 48.069992
v 15.056201 35.986401 48.072926
v 15.049559 35.979504 48.079674
v 12.926527 11.922695 61.784256
v 17.084749 36.048168 48.515484
v 17.086248 36.065170 48.505802
v 16.967228 35.933918 48.107632
v 16.987669 35.999817 48.226486
v 16.973612 36.006268 48.066414
v 16.994055 36.072170 48.185265
v 16.987669 36.067844 48.345898
v 16.994055 36.140198 48.304676
v 16.967228 36.136471 48.463192
v 16.973612 36.208824 48.421978
v 17.088074 36.118084 48.449638
v 17.085287 36.123436 48.458607
v 17.077665 36.127728 48.464958
v 17.067257 36.129807 48.466991
v 17.067257 35.927250 48.111427
v 17.088074 35.936199 48.130363
v 17.085287 35.931217 48.121181
v 17.077665 35.927940 48.114254
v 17.073643 35.999603 48.070210
v 17.084051 36.000294 48.073040
v 17.091671 36.003571 48.079967
v 17.094460 36.008549 48.089142
v 17.094460 36.190437 48.408424
v 17.091671 36.195789 48.417389
v 17.084051 36.200081 48.423740
v 17.073643 36.202160 48.425774
v 14.950768 36.803257 49.152073
v 15.112686 36.825768 49.216663
v 14.883699 36.727345 49.008423
v 14.950768 36.642490 48.869865
v 15.274604 36.781681 49.164368
v 15.887076 36.681843 49.083988
v 15.077296 36.333786 48.347569
v 15.112686 36.598408 48.817566
v 15.879457 36.678566 49.077057
v 15.341672 36.696831 49.025806
v 15.069677 36.330509 48.340641
v 15.897485 36.682533 49.086815
v 15.087705 36.334476 48.350399
v 15.066888 36.325527 48.331467
v 15.876668 36.673584 49.067883
v 15.876668 36.623924 48.980709
v 15.274604 36.620914 48.882156
v 15.187737 36.327812 48.354191
v 15.725833 36.433144 48.622448
v 15.592278 36.375736 48.500992
v 15.066888 36.143642 48.012184
v 15.894123 36.464500 48.703560
v 15.506530 36.297905 48.351082
v 16.080675 36.466740 48.736393
v 16.284681 36.596741 48.996197
v 16.149187 36.615917 49.008865
v 16.012161 36.625046 49.003670
v 15.476982 36.207264 48.187389
v 15.167295 36.261909 48.235340
v 15.167295 36.193882 48.115925
v 15.187737 36.125256 47.998631
v 16.267225 36.439640 48.717720
v 15.506530 36.112682 48.025940
v 15.069677 36.138290 48.003216
v 16.263865 36.658123 49.100719
v 16.274273 36.656044 49.098686
v 14.950768 35.842155 47.464966
v 15.077296 36.133999 47.996868
v 16.886745 36.674267 49.225555
v 16.281891 36.651752 49.092335
v 14.883699 35.766239 47.321316
v 15.112686 35.864662 47.529560
v 15.087705 36.131920 47.994831
v 17.048664 36.696777 49.290150
v 16.819675 36.598351 49.081905
v 16.284681 36.646400 49.083366
v 16.435516 36.385857 48.649384
v 15.592278 36.023422 47.882542
v 15.274604 35.820580 47.477261
v 14.950768 35.681389 47.182758
v 16.886745 36.513500 48.943348
v 17.210581 36.652691 49.237846
v 16.569073 36.310658 48.538067
v 15.725833 35.948223 47.771217
v 15.112686 35.637302 47.130459
v 17.277649 36.567841 49.099293
v 17.210581 36.491924 48.955643
v 15.132092 35.574005 47.022350
v 15.171459 35.570221 47.021809
v 15.210276 35.564175 47.017208
v 15.274604 35.659813 47.195053
v 15.247996 35.555946 47.008610
v 17.048664 36.469418 48.891045
v 16.654819 36.221397 48.394665
v 16.684366 36.126816 48.233219
v 15.876668 35.737339 47.424412
v 15.341672 35.735725 47.338703
v 16.080675 35.867340 47.684216
v 15.894123 35.894440 47.702885
v 15.876668 35.687679 47.337238
v 15.879457 35.682327 47.328274
v 15.887076 35.678036 47.321922
v 15.897485 35.675957 47.319889
v 16.012161 35.718163 47.411739
v 16.149187 35.709034 47.416939
v 16.654819 36.036175 48.069527
v 16.569073 35.958340 47.919613
v 16.284681 35.710155 47.439896
v 16.435516 35.900936 47.798157
v 16.267225 35.869579 47.717045
v 16.886745 35.713165 47.538452
v 16.819675 35.637249 47.394802
v 16.284681 35.660492 47.352726
v 16.281891 35.655514 47.343552
v 17.048664 35.735672 47.603043
v 16.886745 35.552399 47.256241
v 16.274273 35.652237 47.336617
v 17.210581 35.691589 47.550739
v 16.913351 35.444988 47.071819
v 16.263865 35.651546 47.333794
v 16.951073 35.448189 47.083282
v 17.048664 35.508312 47.203941
v 16.989889 35.449062 47.090832
v 17.029257 35.447601 47.094360
v 17.277649 35.606735 47.412182
v 17.210581 35.530819 47.268536
v 17.157207 36.676281 46.394409
v 17.334152 36.688026 46.442444
v 17.463684 36.743702 46.560238
v 17.511097 36.828384 46.716240
v 15.044289 38.105995 48.576794
v 14.941798 38.040768 48.446419
v 14.914756 38.050323 48.458992
v 15.059901 38.091534 48.553822
v 15.221231 38.117744 48.624825
v 14.898570 37.963558 48.304180
v 14.867345 37.965637 48.302998
v 15.221231 38.102242 48.597614
v 14.941798 37.880585 48.165234
v 15.382564 38.070034 48.566063
v 15.382564 37.792583 48.079037
v 15.659672 37.761951 48.068192
v 15.525186 37.704147 47.945889
v 15.500666 37.843349 48.186447
v 15.423999 37.630943 47.801712
v 15.221231 37.781876 48.035244
v 15.820709 37.801453 48.162483
v 15.543896 37.920559 48.328678
v 15.361184 37.546005 47.642887
v 15.059901 37.814083 48.066795
v 16.000227 37.820679 48.224037
v 15.500666 38.003532 48.467628
v 15.339889 37.453602 47.477383
v 16.189220 37.818657 48.249767
v 15.059900 37.130428 46.866714
v 15.361184 37.358356 47.313492
v 16.877773 37.911781 48.519897
v 16.995876 37.962540 48.627300
v 16.378216 37.795494 48.238388
v 14.941797 37.079666 46.759312
v 14.867344 37.004536 46.615891
v 17.157207 37.988754 48.698307
v 14.898569 37.002453 46.617077
v 16.834545 37.834568 48.377666
v 16.557732 37.752346 48.190456
v 15.221231 37.141140 46.910507
v 15.423999 37.265053 47.159435
v 17.157207 37.973251 48.671097
v 14.941797 36.919479 46.478123
v 14.914755 36.913532 46.463493
v 16.877773 37.751595 48.238712
v 16.718769 37.691387 48.108387
v 15.382564 37.108929 46.878963
v 15.525185 37.178364 47.022938
v 17.334152 37.953426 48.663708
v 17.318541 37.941044 48.639549
v 16.995876 37.685097 48.140274
v 17.436642 37.874542 48.541107
v 17.463684 37.880489 48.555744
v 15.059900 36.852982 46.379688
v 15.044288 36.840595 46.355526
v 15.659671 37.102638 46.910843
v 15.500665 37.042431 46.780521
v 16.853254 37.615662 47.996296
v 15.221231 36.820770 46.348141
v 15.221231 36.805271 46.320927
v 17.511097 37.789490 48.403347
v 17.479872 37.791569 48.402161
v 15.240637 36.803974 46.321667
v 15.820708 37.041676 46.828781
v 15.543895 36.959457 46.641571
v 16.954441 37.528973 47.859802
v 17.157207 37.652885 48.108730
v 15.280005 36.800194 46.321125
v 15.382564 36.831482 46.391937
v 17.436642 37.714359 48.259926
v 15.318822 36.794147 46.316525
v 15.356543 36.785919 46.307922
v 15.500665 36.882244 46.499340
v 17.318541 37.663597 48.152523
v 17.017258 37.435669 47.705746
v 16.000225 36.998531 46.780849
v 16.189219 36.975365 46.769470
v 17.038551 37.340424 47.541855
v 16.954441 37.163082 47.217522
v 16.995876 37.001438 46.940193
v 16.853254 37.089878 47.073349
v 16.877773 36.950676 46.832790
v 16.718769 37.032074 46.951046
v 16.557730 36.992569 46.856754
v 17.157207 37.012150 46.983990
v 17.017258 37.248016 47.376350
v 16.834545 36.873463 46.690559
v 16.378214 36.973343 46.795200
v 17.318541 36.979942 46.952442
v 16.877773 36.790489 46.551605
v 17.436642 36.913441 46.854008
v 16.995876 36.723991 46.453167
v 17.021898 36.674961 46.371136
v 17.059618 36.678162 46.382599
v 17.098433 36.679035 46.390148
v 17.157207 36.691780 46.421623
v 17.137802 36.677574 46.393673
v 17.479872 36.830467 46.715050
v 17.436642 36.753254 46.572819
v 17.318541 36.702492 46.465416
v 15.629519 36.082775 46.708485
v 15.514992 36.150875 46.669693
v 15.754657 36.134907 46.678791
v 15.765266 36.255135 46.610298
v 15.650739 36.323235 46.571503
v 15.525601 36.271107 46.601200
v 16.514206 36.084297 46.707619
v 16.628733 36.016201 46.746414
v 16.524817 36.204529 46.639130
v 16.753870 36.068333 46.716713
v 16.764481 36.188560 46.648224
v 16.649952 36.256660 46.609428
v 15.629519 36.392807 47.252712
v 15.514992 36.460907 47.213917
v 15.525601 36.581135 47.145428
v 15.650739 36.633266 47.115730
v 15.765266 36.565170 47.154526
v 15.754657 36.444939 47.223019
v 15.640129 36.554314 47.256680
v 16.628733 36.326233 47.290642
v 16.514206 36.394333 47.251846
v 16.524817 36.514561 47.183357
v 16.649952 36.566692 47.153660
v 16.764481 36.498596 47.192455
v 16.753870 36.378365 47.260944
v 16.639343 36.487740 47.294601
v 17.136457 36.456642 46.555576
v 17.120373 36.457909 46.555317
v 17.104330 36.459576 46.555756
v 17.088366 36.461632 46.556892
v 17.072521 36.464073 46.558727
v 17.056837 36.466900 46.561249
v 17.041349 36.470093 46.564461
v 17.026098 36.473652 46.568344
v 17.011124 36.477570 46.572895
v 16.996460 36.481831 46.578110
v 16.982141 36.486427 46.583961
v 16.968208 36.491348 46.590439
v 16.954695 36.496586 46.597534
v 16.941631 36.502117 46.605221
v 16.929052 36.507935 46.613491
v 16.916990 36.514023 46.622307
v 16.905474 36.520367 46.631660
v 16.894531 36.526951 46.641525
v 16.884188 36.533760 46.651871
v 16.874474 36.540771 46.662678
v 16.865412 36.547977 46.673916
v 16.857023 36.555351 46.685566
v 16.849329 36.562878 46.697582
v 16.842348 36.570538 46.709949
v 16.836098 36.578316 46.722630
v 16.830595 36.586185 46.735600
v 16.825853 36.594135 46.748814
v 16.821884 36.602139 46.762253
v 16.818695 36.610180 46.775871
v 16.816298 36.618237 46.789642
v 16.814695 36.626289 46.803535
v 16.813894 36.634319 46.817505
v 16.813894 36.642307 46.831528
v 16.814695 36.650230 46.845558
v 16.816298 36.658073 46.859573
v 16.818695 36.665810 46.873528
v 16.821884 36.673428 46.887386
v 16.825853 36.680904 46.901131
v 16.830595 36.688217 46.914703
v 16.836098 36.695358 46.928089
v 16.842348 36.702301 46.941246
v 16.849329 36.709034 46.954140
v 16.857023 36.715534 46.966747
v 16.865412 36.721790 46.979031
v 16.874474 36.727787 46.990955
v 16.884188 36.733505 47.002502
v 16.894531 36.738934 47.013634
v 16.905474 36.744061 47.024330
v 16.916990 36.748871 47.034554
v 16.929052 36.753349 47.044289
v 16.941631 36.757492 47.053505
v 16.954695 36.761284 47.062183
v 16.968208 36.764717 47.070305
v 16.982141 36.767784 47.077843
v 16.996460 36.770470 47.084785
v 17.011124 36.772781 47.091106
v 17.026098 36.774700 47.096802
v 17.041349 36.776230 47.101841
v 17.056837 36.777359 47.106232
v 17.072521 36.778091 47.109940
v 17.088366 36.778423 47.112980
v 17.104330 36.778351 47.115330
v 17.120373 36.777882 47.116985
v 17.136457 36.777008 47.117943
v 17.152540 36.775738 47.118202
v 17.168583 36.774071 47.117764
v 17.184547 36.772015 47.116627
v 17.200392 36.769573 47.114799
v 17.216076 36.766750 47.112270
v 17.231564 36.763554 47.109062
v 17.246813 36.759995 47.105175
v 17.261791 36.756081 47.100624
v 17.276455 36.751816 47.095413
v 17.290771 36.747219 47.089561
v 17.304705 36.742298 47.083080
v 17.318218 36.737064 47.075985
v 17.331282 36.731533 47.068298
v 17.343861 36.725712 47.060036
v 17.355923 36.719624 47.051212
v 17.367439 36.713280 47.041862
v 17.378384 36.706696 47.032001
v 17.388725 36.699890 47.021652
v 17.398439 36.692875 47.010845
v 17.407503 36.685673 46.999603
v 17.415892 36.678295 46.987961
v 17.423586 36.670769 46.975937
v 17.430567 36.663109 46.963570
v 17.436815 36.655334 46.950890
v 17.442318 36.647461 46.937920
v 17.447060 36.639511 46.924706
v 17.451031 36.631508 46.911266
v 17.454218 36.623470 46.897648
v 17.456615 36.615410 46.883877
v 17.458218 36.607357 46.869987
v 17.459021 36.599327 46.856014
v 17.459021 36.591339 46.841991
v 17.458218 36.583416 46.827961
v 17.456615 36.575577 46.813946
v 17.454218 36.567837 46.799995
v 17.451031 36.560219 46.786133
v 17.447060 36.552746 46.772396
v 17.442318 36.545429 46.758816
v 17.436815 36.538288 46.745430
v 17.430567 36.531345 46.732273
v 17.423586 36.524616 46.719379
v 17.415892 36.518112 46.706772
v 17.407503 36.511860 46.694496
v 17.398439 36.505863 46.682568
v 17.388725 36.500141 46.671021
v 17.378384 36.494713 46.659889
v 17.367439 36.489590 46.649197
v 17.355923 36.484776 46.638966
v 17.343861 36.480297 46.629234
v 17.331282 36.476154 46.620014
v 17.318218 36.472363 46.611336
v 17.304705 36.468929 46.603214
v 17.290771 36.465866 46.595676
v 17.276455 36.463177 46.588737
v 17.261791 36.460869 46.582413
v 17.246813 36.458946 46.576725
v 17.231564 36.457420 46.571678
v 17.216076 36.456287 46.567295
v 17.200392 36.455559 46.563580
v 17.184547 36.455227 46.560539
v 17.168583 36.455296 46.558189
v 17.152540 36.455765 46.556534
v 16.918428 36.520378 46.633686
v 16.907558 36.526638 46.642986
v 16.929842 36.514362 46.624893
v 16.897257 36.533119 46.652767
v 16.941769 36.508598 46.616627
v 16.887548 36.539810 46.663010
v 16.954180 36.503105 46.608902
v 16.878460 36.546688 46.673683
v 16.967045 36.497894 46.601746
v 16.870012 36.553745 46.684757
v 16.980330 36.492977 46.595177
v 16.862228 36.560955 46.696213
v 16.994003 36.488369 46.589207
v 16.855125 36.568310 46.708019
v 17.008032 36.484081 46.583851
v 16.848722 36.575783 46.720139
v 17.022377 36.480122 46.579124
v 16.843033 36.583355 46.732555
v 17.037008 36.476505 46.575043
v 16.838076 36.591011 46.745228
v 17.051886 36.473236 46.571606
v 16.833857 36.598736 46.758129
v 17.066973 36.470325 46.568832
v 16.830395 36.606499 46.771229
v 17.082235 36.467773 46.566723
v 16.827690 36.614292 46.784485
v 17.097631 36.465595 46.565285
v 16.825754 36.622089 46.797874
v 17.113123 36.463795 46.564522
v 16.824591 36.629875 46.811359
v 17.128672 36.462376 46.564434
v 16.824202 36.637630 46.824905
v 17.144241 36.461338 46.565025
v 16.824591 36.645332 46.838486
v 17.159792 36.460686 46.566296
v 16.825754 36.652958 46.852058
v 17.175283 36.460423 46.568233
v 16.827690 36.660500 46.865597
v 17.190680 36.460548 46.570835
v 16.830395 36.667931 46.879063
v 17.205940 36.461063 46.574104
v 16.833857 36.675236 46.892422
v 17.221029 36.461967 46.578030
v 16.838076 36.682396 46.905640
v 17.235907 36.463253 46.582592
v 16.843033 36.689392 46.918690
v 17.250536 36.464920 46.587784
v 16.848722 36.696209 46.931538
v 17.264883 36.466969 46.593601
v 16.855125 36.702827 46.944149
v 17.278912 36.469387 46.600025
v 16.862228 36.709232 46.956490
v 17.292583 36.472176 46.607025
v 16.870012 36.715408 46.968536
v 17.305870 36.475319 46.614605
v 16.878460 36.721336 46.980251
v 17.318733 36.478817 46.622742
v 16.887548 36.727009 46.991615
v 17.331144 36.482655 46.631401
v 16.897257 36.732403 47.002594
v 17.343071 36.486828 46.640575
v 16.907558 36.737514 47.013157
v 17.354485 36.491325 46.650242
v 16.918428 36.742321 47.023285
v 17.365355 36.496132 46.660362
v 16.929842 36.746819 47.032944
v 17.375658 36.501244 46.670929
v 16.941769 36.750992 47.042118
v 17.385365 36.506638 46.681904
v 16.954180 36.754833 47.050781
v 17.394453 36.512310 46.693268
v 16.967045 36.758331 47.058914
v 17.402901 36.518238 46.704983
v 16.980330 36.761475 47.066494
v 17.410686 36.524414 46.717030
v 16.994003 36.764259 47.073502
v 17.417789 36.530819 46.729374
v 17.008032 36.766678 47.079918
v 17.424192 36.537437 46.741985
v 17.022377 36.768726 47.085735
v 17.429880 36.544254 46.754829
v 17.037008 36.770393 47.090927
v 17.434839 36.551250 46.767879
v 17.051886 36.771683 47.095497
v 17.439054 36.558411 46.781101
v 17.066973 36.772583 47.099415
v 17.442520 36.565716 46.794460
v 17.082235 36.773098 47.102684
v 17.445225 36.573147 46.807922
v 17.097631 36.773224 47.105286
v 17.447161 36.580688 46.821461
v 17.113123 36.772961 47.107227
v 17.448324 36.588318 46.835033
v 17.128672 36.772312 47.108494
v 17.448711 36.596016 46.848614
v 17.144241 36.771275 47.109085
v 17.448324 36.603771 46.862160
v 17.159792 36.769852 47.108997
v 17.447161 36.611557 46.875648
v 17.175283 36.768051 47.108238
v 17.445225 36.619354 46.889038
v 17.190680 36.765873 47.106800
v 17.442520 36.627148 46.902298
v 17.205940 36.763325 47.104691
v 17.439054 36.634914 46.915390
v 17.221029 36.760414 47.101913
v 17.434839 36.642635 46.928291
v 17.235907 36.757141 47.098476
v 17.429880 36.650291 46.940964
v 17.250536 36.753525 47.094395
v 17.424192 36.657867 46.953381
v 17.264883 36.749565 47.089668
v 17.417789 36.665340 46.965508
v 17.278912 36.745277 47.084312
v 17.410686 36.672691 46.977306
v 17.292583 36.740669 47.078342
v 17.402901 36.679901 46.988766
v 17.305870 36.735756 47.071774
v 17.394453 36.686958 46.999840
v 17.318733 36.730541 47.064617
v 17.385365 36.693840 47.010509
v 17.331144 36.725048 47.056900
v 17.375658 36.700527 47.020752
v 17.343071 36.719284 47.048626
v 17.365355 36.707012 47.030533
v 17.354485 36.713268 47.039833
v 16.841761 36.836594 46.711559
v 16.901396 36.741505 46.553883
v 17.057524 36.674789 46.460957
v 17.250507 36.661934 46.468281
v 17.406635 36.707844 46.573059
v 17.466270 36.794983 46.735268
v 17.406635 36.890076 46.892948
v 17.250507 36.956791 46.985870
v 17.057524 36.969650 46.978546
v 16.901396 36.923740 46.873772
v 17.447048 36.814461 46.724171
v 17.391390 36.903210 46.871342
v 17.245670 36.965477 46.958069
v 17.065552 36.977478 46.951233
v 16.919834 36.934628 46.853439
v 16.864174 36.853294 46.702049
v 16.919834 36.764545 46.554878
v 17.065552 36.702278 46.468147
v 17.245670 36.690273 46.474983
v 17.391390 36.733128 46.572781
v 17.295450 36.893982 46.840279
v 17.155613 36.932056 46.885452
v 17.353373 36.820702 46.720619
v 17.015774 36.912617 46.829666
v 17.295450 36.755138 46.596558
v 16.957850 36.847054 46.705601
v 17.155613 36.735703 46.540775
v 17.015774 36.773773 46.585941
v 17.321728 36.770302 46.638344
v 17.319754 36.795650 46.734890
v 17.155193 36.733665 46.548237
v 16.988657 36.792496 46.625702
v 16.986681 36.817841 46.722244
v 16.988657 36.887959 46.793282
v 16.976307 36.748005 46.873013
v 16.976307 36.652538 46.705433
v 17.142841 36.593708 46.627968
v 17.309378 36.630348 46.718075
v 17.309378 36.725811 46.885654
v 17.321728 36.865768 46.805923
v 17.155193 36.924599 46.883392
v 17.142841 36.784641 46.963123
v 17.142841 36.616348 46.667706
v 17.269884 36.644295 46.736443
v 17.269884 36.717125 46.864288
v 17.015799 36.661224 46.726799
v 17.142841 36.762001 46.923386
v 17.015799 36.734051 46.854645
v 17.022371 36.655579 46.734825
v 17.142202 36.613247 46.679081
v 17.022371 36.724270 46.855408
v 17.142202 36.750633 46.920250
v 17.262035 36.708302 46.864506
v 17.262035 36.639610 46.743923
v 17.063030 35.853477 47.431339
v 17.182861 35.811146 47.375591
v 17.182861 35.742455 47.255013
v 17.063030 35.716091 47.190170
v 16.943197 35.758419 47.245914
v 16.943197 35.827114 47.366497
v 17.056652 35.712543 47.351910
v 17.136457 37.417744 48.242683
v 17.120373 37.419014 48.242424
v 17.104330 37.420677 48.242863
v 17.088366 37.422737 48.243999
v 17.072521 37.425179 48.245827
v 17.056837 37.428001 48.248356
v 17.041349 37.431198 48.251564
v 17.026098 37.434757 48.255451
v 17.011124 37.438671 48.260002
v 16.996460 37.442932 48.265213
v 16.982141 37.447533 48.271069
v 16.968208 37.452454 48.277550
v 16.954695 37.457687 48.284645
v 16.941631 37.463219 48.292332
v 16.929052 37.469040 48.300594
v 16.916990 37.475128 48.309418
v 16.905474 37.481472 48.318764
v 16.894531 37.488052 48.328629
v 16.884188 37.494862 48.338974
v 16.874474 37.501877 48.349785
v 16.865412 37.509079 48.361027
v 16.857023 37.516453 48.372665
v 16.849329 37.523979 48.384689
v 16.842348 37.531643 48.397057
v 16.836098 37.539417 48.409740
v 16.830595 37.547291 48.422707
v 16.825853 37.555237 48.435925
v 16.821884 37.563244 48.449360
v 16.818695 37.571281 48.462978
v 16.816298 37.579342 48.476753
v 16.814695 37.587395 48.490643
v 16.813894 37.595425 48.504612
v 16.813894 37.603413 48.518635
v 16.814695 37.611336 48.532669
v 16.816298 37.619175 48.546680
v 16.818695 37.626915 48.560631
v 16.821884 37.634533 48.574493
v 16.825853 37.642006 48.588230
v 16.830595 37.649323 48.601810
v 16.836098 37.656464 48.615196
v 16.842348 37.663403 48.628353
v 16.849329 37.670135 48.641247
v 16.857023 37.676636 48.653854
v 16.865412 37.682892 48.666134
v 16.874474 37.688889 48.678066
v 16.884188 37.694611 48.689610
v 16.894531 37.700039 48.700741
v 16.905474 37.705162 48.711430
v 16.916990 37.709972 48.721661
v 16.929052 37.714451 48.731396
v 16.941631 37.718597 48.740612
v 16.954695 37.722385 48.749294
v 16.968208 37.725819 48.757412
v 16.982141 37.728886 48.764950
v 16.996460 37.731575 48.771893
v 17.011124 37.733883 48.778214
v 17.026098 37.735806 48.783901
v 17.041349 37.737331 48.788948
v 17.056837 37.738464 48.793331
v 17.072521 37.739193 48.797047
v 17.088366 37.739525 48.800087
v 17.104330 37.739456 48.802437
v 17.120373 37.738983 48.804092
v 17.136457 37.738110 48.805050
v 17.152540 37.736839 48.805309
v 17.168583 37.735176 48.804874
v 17.184547 37.733120 48.803738
v 17.200392 37.730675 48.801903
v 17.216076 37.727852 48.799377
v 17.231564 37.724659 48.796165
v 17.246813 37.721096 48.792282
v 17.261791 37.717182 48.787731
v 17.276455 37.712921 48.782520
v 17.290771 37.708324 48.776665
v 17.304705 37.703400 48.770187
v 17.318218 37.698166 48.763092
v 17.331282 37.692635 48.755405
v 17.343861 37.686817 48.747135
v 17.355923 37.680729 48.738319
v 17.367439 37.674385 48.728966
v 17.378384 37.667801 48.719109
v 17.388725 37.660992 48.708759
v 17.398439 37.653976 48.697948
v 17.407503 37.646774 48.686710
v 17.415892 37.639400 48.675068
v 17.423586 37.631874 48.663044
v 17.430567 37.624210 48.650677
v 17.436815 37.616436 48.637997
v 17.442318 37.608562 48.625027
v 17.447060 37.600616 48.611813
v 17.451031 37.592613 48.598377
v 17.454218 37.584572 48.584755
v 17.456615 37.576511 48.570984
v 17.458218 37.568459 48.557095
v 17.459021 37.560429 48.543121
v 17.459021 37.552441 48.529099
v 17.458218 37.544518 48.515068
v 17.456615 37.536678 48.501057
v 17.454218 37.528942 48.487099
v 17.451031 37.521324 48.473240
v 17.447060 37.513847 48.459503
v 17.442318 37.506531 48.445923
v 17.436815 37.499393 48.432537
v 17.430567 37.492451 48.419384
v 17.423586 37.485718 48.406487
v 17.415892 37.479218 48.393883
v 17.407503 37.472961 48.381596
v 17.398439 37.466965 48.369671
v 17.388725 37.461246 48.358124
v 17.378384 37.455818 48.346992
v 17.367439 37.450691 48.336300
v 17.355923 37.445881 48.326073
v 17.343861 37.441402 48.316338
v 17.331282 37.437256 48.307121
v 17.318218 37.433468 48.298443
v 17.304705 37.430035 48.290321
v 17.290771 37.426968 48.282784
v 17.276455 37.424278 48.275841
v 17.261791 37.421970 48.269520
v 17.246813 37.420048 48.263828
v 17.231564 37.418522 48.258785
v 17.216076 37.417393 48.254402
v 17.200392 37.416660 48.250687
v 17.184547 37.416328 48.247646
v 17.168583 37.416401 48.245296
v 17.152540 37.416870 48.243641
v 16.918428 37.481483 48.320793
v 16.907558 37.487740 48.330093
v 16.929842 37.475468 48.312000
v 16.897257 37.494221 48.339878
v 16.941769 37.469700 48.303734
v 16.887548 37.500912 48.350117
v 16.954180 37.464211 48.296009
v 16.878460 37.507793 48.360786
v 16.967045 37.458996 48.288853
v 16.870012 37.514851 48.371861
v 16.980330 37.454082 48.282284
v 16.862228 37.522060 48.383320
v 16.994003 37.449474 48.276314
v 16.855125 37.529411 48.395126
v 17.008032 37.445187 48.270958
v 16.848722 37.536884 48.407246
v 17.022377 37.441227 48.266232
v 16.843033 37.544460 48.419662
v 17.037008 37.437611 48.262150
v 16.838076 37.552116 48.432335
v 17.051886 37.434338 48.258713
v 16.833857 37.559837 48.445236
v 17.066973 37.431427 48.255936
v 16.830395 37.567604 48.458332
v 17.082235 37.428879 48.253830
v 16.827690 37.575397 48.471592
v 17.097631 37.426701 48.252388
v 16.825754 37.583195 48.484978
v 17.113123 37.424900 48.251629
v 16.824591 37.590977 48.498466
v 17.128672 37.423477 48.251541
v 16.824202 37.598732 48.512012
v 17.144241 37.422440 48.252132
v 16.824591 37.606434 48.525593
v 17.159792 37.421791 48.253399
v 16.825754 37.614063 48.539165
v 17.175283 37.421528 48.255341
v 16.827690 37.621601 48.552704
v 17.190680 37.421654 48.257946
v 16.830395 37.629036 48.566166
v 17.205940 37.422169 48.261211
v 16.833857 37.636341 48.579525
v 17.221029 37.423069 48.265133
v 16.838076 37.643501 48.592747
v 17.235907 37.424358 48.269699
v 16.843033 37.650497 48.605797
v 17.250536 37.426025 48.274891
v 16.848722 37.657314 48.618641
v 17.264883 37.428074 48.280708
v 16.855125 37.663933 48.631252
v 17.278912 37.430492 48.287125
v 16.862228 37.670338 48.643597
v 17.292583 37.433277 48.294136
v 16.870012 37.676514 48.655643
v 17.305870 37.436420 48.301716
v 16.878460 37.682438 48.667362
v 17.318733 37.439919 48.309845
v 16.887548 37.688110 48.678722
v 17.331144 37.443760 48.318508
v 16.897257 37.693508 48.689701
v 17.343071 37.447929 48.327682
v 16.907558 37.698616 48.700264
v 17.354485 37.452431 48.337345
v 16.918428 37.703426 48.710392
v 17.365355 37.457237 48.347473
v 16.929842 37.707924 48.720051
v 17.375658 37.462345 48.358032
v 16.941769 37.712093 48.729225
v 17.385365 37.467743 48.369011
v 16.954180 37.715935 48.737892
v 17.394453 37.473415 48.380375
v 16.967045 37.719433 48.746021
v 17.402901 37.479343 48.392094
v 16.980330 37.722576 48.753601
v 17.410686 37.485519 48.404137
v 16.994003 37.725365 48.760609
v 17.417789 37.491920 48.416477
v 17.008032 37.727783 48.767025
v 17.424192 37.498543 48.429089
v 17.022377 37.729828 48.772842
v 17.429880 37.505360 48.441936
v 17.037008 37.731499 48.778034
v 17.434839 37.512356 48.454987
v 17.051886 37.732784 48.782597
v 17.439054 37.519512 48.468208
v 17.066973 37.733688 48.786522
v 17.442520 37.526817 48.481564
v 17.082235 37.734203 48.789791
v 17.445225 37.534252 48.495029
v 17.097631 37.734325 48.792397
v 17.447161 37.541790 48.508568
v 17.113123 37.734066 48.794338
v 17.448324 37.549419 48.522141
v 17.128672 37.733414 48.795601
v 17.448711 37.557121 48.535721
v 17.144241 37.732376 48.796192
v 17.448324 37.564877 48.549271
v 17.159792 37.730953 48.796104
v 17.447161 37.572659 48.562756
v 17.175283 37.729153 48.795341
v 17.445225 37.580460 48.576141
v 17.190680 37.726978 48.793903
v 17.442520 37.588253 48.589405
v 17.205940 37.724426 48.791794
v 17.439054 37.596016 48.602497
v 17.221029 37.721516 48.789021
v 17.434839 37.603741 48.615398
v 17.235907 37.718246 48.785583
v 17.429880 37.611397 48.628071
v 17.250536 37.714626 48.781502
v 17.424192 37.618969 48.640488
v 17.264883 37.710667 48.776775
v 17.417789 37.626442 48.652611
v 17.278912 37.706383 48.771420
v 17.410686 37.633793 48.664413
v 17.292583 37.701775 48.765450
v 17.402901 37.641006 48.675869
v 17.305870 37.696857 48.758881
v 17.394453 37.648064 48.686951
v 17.318733 37.691647 48.751724
v 17.385365 37.654942 48.697617
v 17.331144 37.686153 48.744003
v 17.375658 37.661633 48.707859
v 17.343071 37.680389 48.735733
v 17.365355 37.668114 48.717640
v 17.354485 37.674370 48.726940
v 16.841761 37.797699 48.398666
v 16.901396 37.702610 48.240986
v 17.057524 37.635891 48.148064
v 17.250507 37.623035 48.155388
v 17.406635 37.668945 48.260166
v 17.466270 37.756088 48.422375
v 17.406635 37.851177 48.580055
v 17.250507 37.917892 48.672977
v 17.057524 37.930752 48.665653
v 16.901396 37.884842 48.560875
v 17.447048 37.775562 48.411278
v 17.391390 37.864315 48.558449
v 17.245670 37.926582 48.645176
v 17.065552 37.938583 48.638344
v 16.919834 37.895733 48.540546
v 16.864174 37.814400 48.389156
v 16.919834 37.725647 48.241985
v 17.065552 37.663380 48.155258
v 17.245670 37.651379 48.162090
v 17.391390 37.694229 48.259888
v 17.295450 37.855087 48.527386
v 17.353373 37.781803 48.407726
v 17.155613 37.893158 48.572552
v 17.295450 37.716240 48.283665
v 17.015774 37.873718 48.516769
v 17.155613 37.696804 48.227875
v 16.957850 37.808155 48.392708
v 17.015774 37.734879 48.273048
v 17.321728 37.731407 48.325451
v 17.319754 37.756756 48.421993
v 17.155193 37.694771 48.235344
v 16.988657 37.753597 48.312809
v 16.986681 37.778946 48.409351
v 16.988657 37.849064 48.480392
v 16.976307 37.709106 48.560116
v 16.976307 37.613640 48.392540
v 17.142841 37.554813 48.315075
v 17.309378 37.591450 48.405182
v 17.309378 37.686916 48.572762
v 17.321728 37.826870 48.493031
v 17.155193 37.885700 48.570499
v 17.142841 37.745743 48.650230
v 17.142841 37.577450 48.354813
v 17.269884 37.605400 48.423553
v 17.269884 37.678226 48.551388
v 17.015799 37.622330 48.413910
v 17.142841 37.723106 48.610493
v 17.015799 37.695156 48.541744
v 17.142202 37.574352 48.366188
v 17.022371 37.616680 48.421932
v 17.022371 37.685371 48.542515
v 17.142202 37.711735 48.607357
v 17.262035 37.669407 48.551613
v 17.262035 37.600712 48.431030
v 17.063030 36.814579 49.118443
v 17.182861 36.772251 49.062698
v 17.182861 36.703556 48.942120
v 17.063030 36.677193 48.877277
v 16.943197 36.719524 48.933022
v 16.943197 36.788216 49.053604
v 17.056652 36.673645 49.039013
v 15.200481 37.546734 48.169201
v 15.184397 37.548004 48.168938
v 15.168354 37.549667 48.169376
v 15.152390 37.551723 48.170517
v 15.136546 37.554169 48.172348
v 15.120862 37.556992 48.174877
v 15.105374 37.560184 48.178082
v 15.090123 37.563747 48.181973
v 15.075148 37.567661 48.186523
v 15.060483 37.571926 48.191730
v 15.046166 37.576519 48.197582
v 15.032233 37.581444 48.204067
v 15.018718 37.586678 48.211163
v 15.005655 37.592209 48.218849
v 14.993076 37.598026 48.227112
v 14.981014 37.604115 48.235931
v 14.969497 37.610458 48.245281
v 14.958555 37.617046 48.255146
v 14.948213 37.623852 48.265491
v 14.938498 37.630867 48.276299
v 14.929436 37.638069 48.287540
v 14.921047 37.645443 48.299187
v 14.913353 37.652969 48.311207
v 14.906372 37.660633 48.323574
v 14.900122 37.668407 48.336258
v 14.894620 37.676281 48.349220
v 14.889878 37.684227 48.362438
v 14.885908 37.692230 48.375874
v 14.882720 37.700272 48.389496
v 14.880322 37.708332 48.403271
v 14.878720 37.716385 48.417160
v 14.877918 37.724415 48.431133
v 14.877918 37.732403 48.445152
v 14.878720 37.740326 48.459187
v 14.880322 37.748165 48.473194
v 14.882720 37.755901 48.487148
v 14.885908 37.763519 48.501015
v 14.889878 37.770996 48.514751
v 14.894620 37.778313 48.528328
v 14.900122 37.785450 48.541710
v 14.906372 37.792393 48.554871
v 14.913353 37.799126 48.567768
v 14.921047 37.805626 48.580372
v 14.929436 37.811882 48.592651
v 14.938498 37.817879 48.604580
v 14.948213 37.823597 48.616123
v 14.958555 37.829029 48.627254
v 14.969497 37.834152 48.637951
v 14.981014 37.838963 48.648174
v 14.993076 37.843445 48.657909
v 15.005655 37.847588 48.667130
v 15.018718 37.851379 48.675812
v 15.032233 37.854813 48.683933
v 15.046166 37.857876 48.691471
v 15.060483 37.860565 48.698406
v 15.075148 37.862873 48.704735
v 15.090123 37.864796 48.710423
v 15.105374 37.866322 48.715469
v 15.120862 37.867451 48.719852
v 15.136546 37.868183 48.723568
v 15.152390 37.868515 48.726604
v 15.168354 37.868446 48.728951
v 15.184397 37.867973 48.730606
v 15.200481 37.867100 48.731571
v 15.216564 37.865829 48.731831
v 15.232608 37.864166 48.731392
v 15.248572 37.862106 48.730255
v 15.264416 37.859665 48.728420
v 15.280101 37.856842 48.725895
v 15.295587 37.853645 48.722687
v 15.310838 37.850090 48.718800
v 15.325814 37.846172 48.714245
v 15.340479 37.841911 48.709034
v 15.354796 37.837315 48.703182
v 15.368730 37.832390 48.696705
v 15.382243 37.827156 48.689610
v 15.395306 37.821625 48.681919
v 15.407885 37.815804 48.673656
v 15.419947 37.809715 48.664837
v 15.431464 37.803371 48.655483
v 15.442408 37.796791 48.645622
v 15.452748 37.789982 48.635273
v 15.462464 37.782970 48.624470
v 15.471527 37.775764 48.613228
v 15.479916 37.768391 48.601582
v 15.487610 37.760864 48.589561
v 15.494590 37.753201 48.577198
v 15.500839 37.745426 48.564514
v 15.506342 37.737556 48.551548
v 15.511086 37.729607 48.538330
v 15.515054 37.721600 48.524895
v 15.518243 37.713562 48.511276
v 15.520639 37.705502 48.497501
v 15.522242 37.697449 48.483612
v 15.523044 37.689419 48.469635
v 15.523044 37.681431 48.455620
v 15.522242 37.673508 48.441586
v 15.520639 37.665668 48.427574
v 15.518243 37.657928 48.413616
v 15.515054 37.650311 48.399754
v 15.511086 37.642838 48.386017
v 15.506342 37.635521 48.372444
v 15.500839 37.628384 48.359058
v 15.494590 37.621441 48.345901
v 15.487610 37.614708 48.333004
v 15.479916 37.608208 48.320400
v 15.471527 37.601952 48.308117
v 15.462464 37.595955 48.296188
v 15.452748 37.590237 48.284645
v 15.442408 37.584805 48.273510
v 15.431464 37.579681 48.262817
v 15.419947 37.574871 48.252594
v 15.407885 37.570393 48.242855
v 15.395306 37.566250 48.233635
v 15.382243 37.562458 48.224960
v 15.368730 37.559025 48.216843
v 15.354796 37.555958 48.209301
v 15.340479 37.553268 48.202358
v 15.325814 37.550961 48.196037
v 15.310838 37.549042 48.190346
v 15.295587 37.547512 48.185303
v 15.280101 37.546379 48.180916
v 15.264416 37.545650 48.177200
v 15.248572 37.545319 48.174168
v 15.232608 37.545391 48.171818
v 15.216564 37.545860 48.170162
v 14.982453 37.610474 48.247311
v 14.971581 37.616730 48.256615
v 14.993867 37.604454 48.238514
v 14.961281 37.623211 48.266396
v 15.005793 37.598690 48.230247
v 14.951572 37.629902 48.276634
v 15.018205 37.593197 48.222523
v 14.942485 37.636784 48.287304
v 15.031069 37.587986 48.215374
v 14.934037 37.643837 48.298382
v 15.044353 37.583069 48.208801
v 14.926252 37.651051 48.309834
v 15.058027 37.578461 48.202827
v 14.919149 37.658401 48.321640
v 15.072055 37.574177 48.197475
v 14.912746 37.665874 48.333767
v 15.086401 37.570217 48.192753
v 14.907058 37.673447 48.346176
v 15.101032 37.566597 48.188663
v 14.902100 37.681103 48.358852
v 15.115910 37.563328 48.185234
v 14.897882 37.688828 48.371754
v 15.130998 37.560417 48.182457
v 14.894418 37.696590 48.384850
v 15.146258 37.557869 48.180344
v 14.891714 37.704384 48.398106
v 15.161654 37.555691 48.178909
v 14.889778 37.712185 48.411499
v 15.177146 37.553890 48.178146
v 14.888615 37.719967 48.424984
v 15.192697 37.552467 48.178062
v 14.888227 37.727722 48.438534
v 15.208266 37.551430 48.178654
v 14.888615 37.735424 48.452110
v 15.223816 37.550781 48.179916
v 14.889778 37.743053 48.465687
v 15.239307 37.550518 48.181854
v 14.891714 37.750595 48.479225
v 15.254704 37.550640 48.184464
v 14.894418 37.758026 48.492683
v 15.269963 37.551155 48.187729
v 14.897882 37.765331 48.506046
v 15.285052 37.552059 48.191650
v 14.902100 37.772488 48.519268
v 15.299930 37.553345 48.196217
v 14.907058 37.779484 48.532314
v 15.314560 37.555016 48.201412
v 14.912746 37.786304 48.545162
v 15.328907 37.557060 48.207226
v 14.919149 37.792923 48.557770
v 15.342935 37.559479 48.213646
v 14.926252 37.799324 48.570118
v 15.356608 37.562267 48.220654
v 14.934037 37.805500 48.582161
v 15.369894 37.565411 48.228233
v 14.942485 37.811432 48.593880
v 15.382758 37.568909 48.236362
v 14.951572 37.817101 48.605240
v 15.395168 37.572750 48.245029
v 14.961281 37.822498 48.616215
v 15.407096 37.576923 48.254204
v 14.971581 37.827606 48.626781
v 15.418508 37.581417 48.263863
v 14.982453 37.832413 48.636906
v 15.429379 37.586227 48.273991
v 14.993867 37.836914 48.646568
v 15.439682 37.591339 48.284554
v 15.005793 37.841084 48.655743
v 15.449389 37.596733 48.295532
v 15.018205 37.844925 48.664406
v 15.458478 37.602406 48.306889
v 15.031069 37.848423 48.672539
v 15.466926 37.608334 48.318607
v 15.044353 37.851566 48.680115
v 15.474710 37.614506 48.330654
v 15.058027 37.854351 48.687122
v 15.481812 37.620914 48.342995
v 15.072055 37.856770 48.693546
v 15.488216 37.627533 48.355606
v 15.086401 37.858818 48.699360
v 15.493905 37.634346 48.368450
v 15.101032 37.860489 48.704556
v 15.498863 37.641342 48.381504
v 15.115910 37.861774 48.709118
v 15.503079 37.648502 48.394722
v 15.130998 37.862675 48.713036
v 15.506544 37.655811 48.408081
v 15.146258 37.863190 48.716305
v 15.509249 37.663242 48.421551
v 15.161654 37.863319 48.718914
v 15.511184 37.670780 48.435081
v 15.177146 37.863056 48.720852
v 15.512347 37.678410 48.448654
v 15.192697 37.862404 48.722118
v 15.512735 37.686111 48.462234
v 15.208266 37.861366 48.722710
v 15.512347 37.693867 48.475788
v 15.223816 37.859943 48.722626
v 15.511184 37.701653 48.489269
v 15.239307 37.858143 48.721859
v 15.509249 37.709446 48.502659
v 15.254704 37.855965 48.720421
v 15.506544 37.717239 48.515919
v 15.269963 37.853416 48.718311
v 15.503079 37.725006 48.529018
v 15.285052 37.850506 48.715538
v 15.498863 37.732727 48.541920
v 15.299930 37.847233 48.712105
v 15.493905 37.740383 48.554592
v 15.314560 37.843616 48.708015
v 15.488216 37.747959 48.567001
v 15.328907 37.839661 48.703289
v 15.481812 37.755432 48.579128
v 15.342935 37.835369 48.697937
v 15.474710 37.762783 48.590935
v 15.356608 37.830761 48.691971
v 15.466926 37.769997 48.602386
v 15.369894 37.825848 48.685398
v 15.458478 37.777050 48.613464
v 15.382758 37.820637 48.678242
v 15.449389 37.783932 48.624138
v 15.395168 37.815144 48.670521
v 15.439682 37.790623 48.634377
v 15.407096 37.809380 48.662254
v 15.429379 37.797104 48.644157
v 15.418508 37.803360 48.653454
v 14.905785 37.926685 48.325188
v 14.965421 37.831600 48.167503
v 15.121548 37.764881 48.074577
v 15.314532 37.752026 48.081902
v 15.470659 37.797935 48.186680
v 15.530294 37.885078 48.348888
v 15.470659 37.980167 48.506569
v 15.314532 38.046883 48.599495
v 15.121548 38.059742 48.592171
v 14.965421 38.013832 48.487392
v 15.511073 37.904552 48.337795
v 15.455415 37.993305 48.484962
v 15.309695 38.055573 48.571697
v 15.129577 38.067574 48.564857
v 14.983858 38.024719 48.467068
v 14.928199 37.943386 48.315670
v 14.983858 37.854637 48.168503
v 15.129577 37.792370 48.081776
v 15.309695 37.780369 48.088612
v 15.455415 37.823219 48.186401
v 15.359474 37.984077 48.453907
v 15.417397 37.910793 48.334240
v 15.219637 38.022148 48.499073
v 15.079798 38.002708 48.443287
v 15.359474 37.845230 48.210178
v 15.219637 37.825794 48.154396
v 15.021874 37.937145 48.319229
v 15.079798 37.863865 48.199566
v 15.385753 37.860394 48.251972
v 15.383778 37.885742 48.348511
v 15.219217 37.823761 48.161858
v 15.052682 37.882587 48.239330
v 15.050706 37.907936 48.335869
v 15.052682 37.978054 48.406906
v 15.040330 37.838097 48.486633
v 15.040330 37.742634 48.319061
v 15.206865 37.683804 48.241589
v 15.373402 37.720440 48.331699
v 15.373402 37.815903 48.499275
v 15.385753 37.955860 48.419552
v 15.219217 38.014690 48.497017
v 15.206865 37.874733 48.576748
v 15.206865 37.706444 48.281330
v 15.333909 37.734390 48.350071
v 15.333909 37.807217 48.477909
v 15.079823 37.751320 48.340427
v 15.206865 37.852093 48.537006
v 15.079823 37.824146 48.468266
v 15.086394 37.745670 48.348450
v 15.206227 37.703342 48.292706
v 15.086394 37.814362 48.469036
v 15.206227 37.840725 48.533871
v 15.326059 37.798397 48.478127
v 15.326059 37.729702 48.357548
v 15.127051 36.943569 49.044960
v 15.246883 36.901241 48.989216
v 15.246883 36.832546 48.868633
v 15.127051 36.806183 48.803799
v 15.007220 36.848515 48.859539
v 15.007220 36.917206 48.980118
v 15.120676 36.802635 48.965530
v 15.200480 36.585629 46.482094
v 15.184396 36.586899 46.481834
v 15.168353 36.588566 46.482273
v 15.152389 36.590622 46.483410
v 15.136545 36.593067 46.485241
v 15.120861 36.595886 46.487766
v 15.105373 36.599083 46.490974
v 15.090122 36.602642 46.494862
v 15.075147 36.606560 46.499416
v 15.060482 36.610821 46.504623
v 15.046165 36.615417 46.510483
v 15.032232 36.620338 46.516960
v 15.018717 36.625572 46.524055
v 15.005654 36.631107 46.531742
v 14.993075 36.636925 46.540005
v 14.981013 36.643013 46.548828
v 14.969496 36.649357 46.558174
v 14.958554 36.655941 46.568039
v 14.948212 36.662746 46.578384
v 14.938497 36.669762 46.589195
v 14.929435 36.676968 46.600437
v 14.921046 36.684338 46.612080
v 14.913352 36.691864 46.624104
v 14.906371 36.699528 46.636467
v 14.900121 36.707306 46.649151
v 14.894619 36.715176 46.662117
v 14.889877 36.723125 46.675335
v 14.885907 36.731129 46.688770
v 14.882719 36.739170 46.702389
v 14.880322 36.747227 46.716164
v 14.878719 36.755283 46.730053
v 14.877917 36.763313 46.744022
v 14.877917 36.771297 46.758045
v 14.878719 36.779221 46.772079
v 14.880322 36.787064 46.786091
v 14.882719 36.794800 46.800041
v 14.885907 36.802418 46.813908
v 14.889877 36.809895 46.827644
v 14.894619 36.817207 46.841221
v 14.900121 36.824345 46.854607
v 14.906371 36.831291 46.867764
v 14.913352 36.838020 46.880661
v 14.921046 36.844524 46.893265
v 14.929435 36.850780 46.905544
v 14.938497 36.856773 46.917477
v 14.948212 36.862495 46.929016
v 14.958554 36.867924 46.940155
v 14.969496 36.873051 46.950844
v 14.981013 36.877857 46.961071
v 14.993075 36.882339 46.970806
v 15.005654 36.886482 46.980022
v 15.018717 36.890274 46.988705
v 15.032232 36.893707 46.996822
v 15.046165 36.896770 47.004364
v 15.060482 36.899460 47.011307
v 15.075147 36.901772 47.017624
v 15.090122 36.903690 47.023315
v 15.105373 36.905220 47.028358
v 15.120861 36.906349 47.032745
v 15.136545 36.907082 47.036461
v 15.152389 36.907413 47.039497
v 15.168353 36.907341 47.041847
v 15.184396 36.906868 47.043503
v 15.200480 36.905998 47.044464
v 15.216563 36.904728 47.044724
v 15.232607 36.903061 47.044285
v 15.248571 36.901001 47.043148
v 15.264415 36.898560 47.041313
v 15.280100 36.895741 47.038788
v 15.295587 36.892544 47.035580
v 15.310837 36.888985 47.031693
v 15.325813 36.885071 47.027142
v 15.340478 36.880806 47.021935
v 15.354795 36.876209 47.016075
v 15.368729 36.871284 47.009598
v 15.382242 36.866055 47.002502
v 15.395305 36.860519 46.994816
v 15.407884 36.854702 46.986549
v 15.419946 36.848614 46.977730
v 15.431463 36.842270 46.968376
v 15.442407 36.835686 46.958519
v 15.452747 36.828876 46.948170
v 15.462463 36.821865 46.937359
v 15.471526 36.814663 46.926121
v 15.479915 36.807289 46.914478
v 15.487609 36.799759 46.902454
v 15.494589 36.792099 46.890087
v 15.500838 36.784325 46.877407
v 15.506341 36.776451 46.864441
v 15.511084 36.768505 46.851223
v 15.515053 36.760498 46.837788
v 15.518242 36.752457 46.824165
v 15.520638 36.744400 46.810394
v 15.522241 36.736347 46.796505
v 15.523043 36.728313 46.782532
v 15.523043 36.720329 46.768513
v 15.522241 36.712406 46.754478
v 15.520638 36.704563 46.740467
v 15.518242 36.696823 46.726509
v 15.515053 36.689209 46.712650
v 15.511084 36.681736 46.698914
v 15.506341 36.674419 46.685333
v 15.500838 36.667278 46.671951
v 15.494589 36.660336 46.658794
v 15.487609 36.653606 46.645897
v 15.479915 36.647106 46.633293
v 15.471526 36.640846 46.621010
v 15.462463 36.634850 46.609081
v 15.452747 36.629131 46.597534
v 15.442407 36.623703 46.586403
v 15.431463 36.618576 46.575710
v 15.419946 36.613770 46.565483
v 15.407884 36.609287 46.555748
v 15.395305 36.605145 46.546532
v 15.382242 36.601353 46.537853
v 15.368729 36.597919 46.529732
v 15.354795 36.594856 46.522194
v 15.340478 36.592163 46.515251
v 15.325813 36.589859 46.508930
v 15.310837 36.587936 46.503239
v 15.295587 36.586411 46.498196
v 15.280100 36.585278 46.493813
v 15.264415 36.584545 46.490097
v 15.248571 36.584217 46.487061
v 15.232607 36.584286 46.484711
v 15.216563 36.584759 46.483051
v 14.976947 36.652470 46.564793
v 14.988093 36.646328 46.555744
v 14.966357 36.658840 46.574337
v 14.999767 36.640438 46.547207
v 14.956349 36.665428 46.584351
v 15.011939 36.634808 46.539207
v 14.946949 36.672215 46.594810
v 15.024580 36.629452 46.531773
v 14.938178 36.679188 46.605686
v 15.037660 36.624386 46.524906
v 14.930059 36.686321 46.616955
v 15.051143 36.619625 46.518631
v 14.922613 36.693607 46.628590
v 15.064999 36.615177 46.512970
v 14.915858 36.701019 46.640556
v 15.079189 36.611050 46.507927
v 14.909811 36.708546 46.652832
v 15.093683 36.607262 46.503525
v 14.904486 36.716164 46.665379
v 15.108441 36.603817 46.499763
v 14.899897 36.723854 46.678169
v 15.123428 36.600723 46.496651
v 14.896054 36.731602 46.691170
v 15.138608 36.597992 46.494209
v 14.892969 36.739384 46.704353
v 15.153940 36.595627 46.492435
v 14.890649 36.747181 46.717682
v 15.169390 36.593636 46.491337
v 14.889098 36.754974 46.731125
v 15.184916 36.592026 46.490913
v 14.888322 36.762745 46.744644
v 15.200480 36.590797 46.491161
v 14.888322 36.770477 46.758213
v 15.216044 36.589951 46.492096
v 14.889098 36.778145 46.771793
v 15.231570 36.589497 46.493694
v 14.890649 36.785732 46.785351
v 15.247019 36.589428 46.495968
v 14.892969 36.793221 46.798859
v 15.262353 36.589748 46.498909
v 14.896054 36.800591 46.812275
v 15.277531 36.590458 46.502502
v 14.899897 36.807827 46.825569
v 15.292519 36.591549 46.506744
v 14.904486 36.814907 46.838711
v 15.307278 36.593029 46.511627
v 14.909811 36.821812 46.851662
v 15.321771 36.594891 46.517132
v 14.915858 36.828533 46.864395
v 15.335962 36.597122 46.523254
v 14.922613 36.835049 46.876873
v 15.349816 36.599724 46.529968
v 14.930059 36.841339 46.889069
v 15.363301 36.602692 46.537266
v 14.938178 36.847393 46.900955
v 15.376379 36.606014 46.545120
v 14.946949 36.853195 46.912502
v 15.389020 36.609684 46.553520
v 14.956349 36.858730 46.923676
v 15.401194 36.613689 46.562447
v 14.966357 36.863983 46.934444
v 15.412867 36.618027 46.571865
v 14.976947 36.868942 46.944794
v 15.424012 36.622681 46.581760
v 14.988093 36.873600 46.954689
v 15.434603 36.627640 46.592113
v 14.999767 36.877937 46.964111
v 15.444610 36.632896 46.602882
v 15.011939 36.881943 46.973030
v 15.454012 36.638432 46.614056
v 15.024580 36.885616 46.981430
v 15.462782 36.644234 46.625603
v 15.037660 36.888935 46.989292
v 15.470900 36.650288 46.637489
v 15.051143 36.891903 46.996586
v 15.478347 36.656582 46.649685
v 15.064999 36.894508 47.003304
v 15.485102 36.663094 46.662163
v 15.079189 36.896740 47.009418
v 15.491150 36.669811 46.674896
v 15.093683 36.898598 47.014931
v 15.496475 36.676720 46.687847
v 15.108441 36.900074 47.019806
v 15.501064 36.683800 46.700989
v 15.123428 36.901173 47.024052
v 15.504906 36.691036 46.714283
v 15.138608 36.901878 47.027645
v 15.507991 36.698406 46.727699
v 15.153940 36.902199 47.030586
v 15.169390 36.902130 47.032860
v 15.510311 36.705894 46.741199
v 15.511861 36.713482 46.754765
v 15.184916 36.901672 47.034462
v 15.512637 36.721149 46.768341
v 15.200480 36.900829 47.035393
v 15.216044 36.899601 47.035645
v 15.512637 36.728878 46.781910
v 15.511861 36.736652 46.795433
v 15.231570 36.897987 47.035221
v 15.247019 36.895996 47.034119
v 15.510311 36.744446 46.808876
v 15.507991 36.752243 46.822205
v 15.262353 36.893635 47.032345
v 15.504906 36.760025 46.835384
v 15.501064 36.767769 46.848389
v 15.292519 36.887810 47.026794
v 15.277531 36.890903 47.029900
v 15.496475 36.775463 46.861179
v 15.321771 36.880577 47.018631
v 15.307278 36.884365 47.023033
v 15.491150 36.783081 46.873726
v 15.485102 36.790604 46.885998
v 15.335962 36.876453 47.013588
v 15.478347 36.798019 46.897964
v 15.349816 36.872002 47.007919
v 15.470900 36.805302 46.909599
v 15.462782 36.812443 46.920872
v 15.363301 36.867241 47.001652
v 15.389020 36.856819 46.987343
v 15.376379 36.862175 46.994785
v 15.454012 36.819412 46.931747
v 15.444610 36.826199 46.942204
v 15.412867 36.845299 46.970814
v 15.401194 36.851192 46.979347
v 15.434603 36.832787 46.952217
v 15.424012 36.839157 46.961761
v 15.218040 37.099796 46.922047
v 15.034501 37.082420 46.863110
v 14.921068 37.012466 46.722748
v 14.921068 36.916664 46.554573
v 15.034501 36.831596 46.422821
v 15.218040 36.789761 46.377815
v 15.401577 36.807140 46.436756
v 15.515011 36.877090 46.577118
v 15.515011 36.972897 46.745293
v 15.401577 37.057964 46.877045
v 15.219636 36.818188 46.385654
v 15.390938 36.834404 46.440659
v 15.496809 36.899689 46.571667
v 15.496809 36.989109 46.728630
v 15.390938 37.068504 46.851601
v 15.219636 37.107548 46.893600
v 15.048333 37.091331 46.838593
v 14.942462 37.026043 46.707588
v 14.942462 36.936626 46.550625
v 15.048333 36.857231 46.427658
v 15.359473 36.884129 46.523071
v 15.417396 36.949692 46.647133
v 15.219636 36.864689 46.467289
v 15.359473 37.022972 46.766800
v 15.079797 36.902760 46.512459
v 15.219636 37.061043 46.811966
v 15.021873 36.976044 46.632122
v 15.079797 37.041607 46.756180
v 15.123067 36.881851 46.493553
v 15.217241 36.853062 46.509956
v 15.026917 36.970932 46.635033
v 15.123067 37.047203 46.783806
v 15.217241 37.018410 46.800209
v 15.315366 37.034389 46.791107
v 15.303014 36.894436 46.870838
v 15.110715 36.907246 46.863537
v 15.014566 36.830978 46.714760
v 15.110715 36.741894 46.573284
v 15.303014 36.729084 46.580582
v 15.315366 36.869038 46.500851
v 15.411515 36.945309 46.649628
v 15.399163 36.805351 46.729359
v 15.060167 36.827938 46.716496
v 15.133516 36.759983 46.608566
v 15.280213 36.750206 46.614132
v 15.133516 36.886120 46.829987
v 15.353563 36.808388 46.727631
v 15.280213 36.876347 46.835560
v 15.137042 36.875031 46.827984
v 15.067857 36.820148 46.720928
v 15.275412 36.865810 46.833237
v 15.344597 36.801708 46.731434
v 15.275412 36.746830 46.624382
v 15.137042 36.756050 46.619129
v 15.265422 35.904552 47.242523
v 15.196237 35.849674 47.135468
v 15.057867 35.858894 47.130219
v 14.988682 35.922993 47.232018
v 15.057867 35.977871 47.339073
v 15.196237 35.968655 47.344326
v 15.120676 35.841534 47.278423
v 16.189392 37.816463 48.241409
v 16.376534 37.793526 48.230133
v 16.189594 37.817047 48.237091
v 16.375969 37.794205 48.225868
v 16.377298 37.793964 48.234406
v 16.189264 37.817009 48.245731
v 16.554291 37.750805 48.182678
v 16.552996 37.751659 48.178600
v 16.555906 37.751038 48.186722
v 16.713749 37.690437 48.101414
v 16.711802 37.691540 48.097675
v 16.716125 37.690384 48.105068
v 16.846914 37.615456 47.990425
v 16.844421 37.616867 47.987137
v 16.944204 37.531380 47.852535
v 16.849928 37.615044 47.993549
v 16.947111 37.529617 47.855267
v 16.950602 37.528797 47.857742
v 17.009310 37.437225 47.702717
v 17.006149 37.439369 47.700611
v 17.013100 37.435963 47.704472
v 17.030396 37.342915 47.540432
v 17.027149 37.345448 47.538998
v 17.034285 37.341202 47.541412
v 17.009310 37.251415 47.376549
v 17.006149 37.254322 47.375778
v 16.944204 37.170563 47.219158
v 17.013100 37.249264 47.376743
v 16.947111 37.167313 47.219284
v 16.844421 37.098373 47.076981
v 16.950602 37.164761 47.218723
v 16.846914 37.094826 47.076519
v 16.849928 37.091927 47.075279
v 16.713749 37.037590 46.955414
v 16.711802 37.041370 46.956371
v 16.716125 37.034420 46.953598
v 16.554291 36.998474 46.862049
v 16.552996 37.002415 46.863388
v 16.555904 36.995113 46.859787
v 16.376532 36.979439 46.801098
v 16.375967 36.983456 46.802689
v 16.189594 36.985451 46.777313
v 16.189392 36.981438 46.775620
v 16.377298 36.975990 46.798542
v 16.189264 36.977997 46.772945
v 16.002249 37.004375 46.786892
v 16.003220 37.008293 46.788544
v 16.001228 37.001045 46.784271
v 15.824493 37.047100 46.834351
v 15.826192 37.050838 46.835804
v 15.822622 37.043972 46.831951
v 15.665032 37.107464 46.915611
v 15.667386 37.110958 46.916733
v 15.662401 37.104626 46.913601
v 15.531867 37.182446 47.026608
v 15.534767 37.185631 47.027271
v 15.434983 37.271118 47.161877
v 15.528599 37.179966 47.025127
v 15.431673 37.268284 47.161762
v 15.427927 37.266212 47.160927
v 15.369473 37.360676 47.314308
v 15.373037 37.363132 47.313793
v 15.352038 37.457054 47.475414
v 15.365429 37.359047 47.314205
v 15.348387 37.454987 47.476593
v 15.344242 37.453808 47.477264
v 15.369473 37.546486 47.640476
v 15.373037 37.548180 47.638626
v 15.434983 37.631935 47.795246
v 15.365429 37.545742 47.641930
v 15.431673 37.630585 47.797745
v 15.534767 37.704124 47.937428
v 15.427927 37.630249 47.799946
v 15.531867 37.703072 47.940506
v 15.528600 37.703079 47.943398
v 15.665033 37.760311 48.061611
v 15.667387 37.761127 48.058033
v 15.662402 37.760593 48.065079
v 15.824494 37.799427 48.154976
v 15.826193 37.800087 48.151016
v 16.003222 37.819042 48.211720
v 15.822623 37.799892 48.158890
v 16.002251 37.818462 48.215927
v 16.001230 37.819023 48.220127
v 15.991224 37.023396 46.789261
v 15.803533 37.071236 46.844170
v 15.638330 37.138855 46.937267
v 15.803535 37.803291 48.129204
v 15.638330 37.757690 48.023567
v 15.991225 37.826126 48.198364
v 16.190496 37.824860 48.227009
v 16.190166 37.821396 48.229641
v 16.189859 37.818733 48.233074
v 16.190496 36.998104 46.775738
v 16.004072 37.012531 46.789104
v 16.190166 36.994076 46.777374
v 16.189857 36.989761 46.777916
v 15.827605 37.054947 46.836216
v 15.669302 37.114872 46.916889
v 15.537101 37.189312 47.027081
v 15.505217 37.222317 47.063152
v 15.504420 37.218441 47.064987
v 15.502742 37.214573 47.066105
v 15.437632 37.274529 47.161259
v 15.411930 37.316769 47.214508
v 15.411069 37.312962 47.216446
v 15.409206 37.309284 47.217865
v 15.375883 37.366249 47.312698
v 15.363891 37.416733 47.382534
v 15.362997 37.412987 47.384586
v 15.361037 37.409508 47.386337
v 15.354950 37.459877 47.473808
v 15.363891 37.516384 47.557465
v 15.362997 37.512711 47.559635
v 15.361037 37.509430 47.561741
v 15.375883 37.550713 47.636501
v 15.411930 37.609943 47.729137
v 15.411069 37.606331 47.731426
v 15.409206 37.603241 47.733871
v 15.437632 37.634205 47.792633
v 15.505217 37.691967 47.887573
v 15.504420 37.688412 47.889969
v 15.502742 37.685482 47.892731
v 15.537101 37.706165 47.934361
v 15.637624 37.754181 48.026054
v 15.636211 37.751381 48.029087
v 15.802939 37.799816 48.131767
v 15.801858 37.797108 48.135010
v 15.990759 37.822662 48.200974
v 15.990053 37.820000 48.204353
v 16.239662 38.381966 47.909645
v 16.040390 38.383232 47.880993
v 15.852698 38.360397 47.811840
v 15.687494 38.314793 47.706196
v 15.554381 38.249069 47.570202
v 15.461095 38.167046 47.411770
v 15.413055 38.073490 47.240097
v 15.413055 37.973835 47.065166
v 15.461095 37.873875 46.897137
v 15.554381 37.779423 46.745789
v 15.687494 37.695961 46.619904
v 15.852698 37.628342 46.526798
v 16.040390 37.580498 46.471889
v 16.239662 37.555210 46.458366
v 16.438936 37.553944 46.487019
v 16.389769 36.996841 46.804386
v 16.626627 37.576778 46.556171
v 16.577461 37.019672 46.873543
v 16.791828 37.622379 46.661816
v 16.742664 37.065273 46.979187
v 16.924942 37.688103 46.797810
v 16.875776 37.130997 47.115177
v 16.969065 37.213020 47.273613
v 17.018229 37.770126 46.956242
v 17.066269 37.863686 47.127914
v 17.017103 37.306580 47.445286
v 17.066269 37.963341 47.302845
v 17.017103 37.406235 47.620216
v 16.969065 37.506195 47.788239
v 17.018229 38.063297 47.470871
v 16.875776 37.600647 47.939594
v 16.924942 38.157757 47.622223
v 16.742664 37.684109 48.065479
v 16.791828 38.241215 47.748108
v 16.577463 37.751728 48.158581
v 16.626627 38.308834 47.841213
v 16.438936 38.356674 47.896122
v 16.389771 37.799572 48.213493
v 16.240301 37.566578 46.461502
v 16.437580 37.565327 46.489868
v 16.623396 37.587929 46.558327
v 16.786945 37.633076 46.662918
v 16.918728 37.698143 46.797550
v 17.011082 37.779346 46.954399
v 17.058641 37.871967 47.124355
v 17.058641 37.970627 47.297539
v 17.011082 38.069588 47.463879
v 16.918728 38.163097 47.613720
v 16.786945 38.245724 47.738346
v 16.623396 38.312668 47.830521
v 16.437580 38.360027 47.884876
v 16.240301 38.385067 47.898266
v 15.693656 38.318569 47.696850
v 15.857206 38.363716 47.801434
v 15.710220 38.308182 47.681187
v 15.582431 38.245087 47.550632
v 15.561873 38.253502 47.562218
v 15.868815 38.351959 47.782600
v 15.492876 38.166344 47.398537
v 15.469520 38.172298 47.405369
v 16.043020 38.386318 47.869900
v 16.049000 38.373882 47.848991
v 15.446758 38.076530 47.233730
v 15.421961 38.079678 47.235413
v 16.240301 38.372665 47.876495
v 15.446758 37.980858 47.065796
v 15.421961 37.981018 47.062233
v 16.431602 38.348389 47.863514
v 15.492876 37.884899 46.904495
v 15.469520 37.882057 46.895885
v 16.611788 38.302460 47.810802
v 15.582431 37.794224 46.759193
v 15.561873 37.788548 46.746048
v 16.770382 38.237545 47.721424
v 15.710220 37.714100 46.638344
v 15.693656 37.705921 46.621422
v 16.898170 38.157425 47.600574
v 15.868815 37.649189 46.548965
v 15.857206 37.638977 46.529247
v 16.987724 38.066746 47.455276
v 16.043020 37.591614 46.474888
v 16.049000 37.603256 46.496254
v 17.033844 37.970783 47.293968
v 16.240301 37.578979 46.483273
v 17.033844 37.875114 47.126038
v 16.431602 37.577766 46.510777
v 16.987724 37.785301 46.961231
v 16.611788 37.599686 46.577164
v 16.898170 37.706558 46.809135
v 16.770382 37.643463 46.678581
v 16.050352 37.599903 46.507496
v 16.239662 37.575878 46.494648
v 15.872046 37.645355 46.559658
v 15.715103 37.709591 46.648106
v 15.588646 37.788879 46.767696
v 15.500024 37.878613 46.911480
v 15.454386 37.973572 47.071106
v 15.454386 38.068245 47.237293
v 15.500024 38.157127 47.400379
v 15.588646 38.235046 47.550892
v 15.715103 38.297485 47.680088
v 15.872046 38.340809 47.780445
v 16.050352 38.362499 47.846142
v 16.239662 38.361298 47.873363
v 16.428972 38.337273 47.860516
v 16.607279 38.291821 47.808353
v 16.764221 38.227585 47.719906
v 16.890678 38.148296 47.600315
v 16.979301 38.058563 47.456528
v 17.024939 37.963604 47.296906
v 17.024939 37.868931 47.130718
v 16.979301 37.780052 46.967632
v 16.890678 37.702129 46.817116
v 16.764221 37.639690 46.687923
v 16.607279 37.596367 46.587566
v 16.428972 37.574677 46.521870
v 16.413521 37.549450 46.532597
v 16.237495 37.551331 46.508636
v 16.580717 37.567352 46.589931
v 16.730703 37.604149 46.677750
v 16.855959 37.657982 46.791656
v 16.950201 37.726162 46.925941
v 17.008707 37.805271 47.073868
v 17.028540 37.891335 47.228016
v 17.008707 37.980042 47.380657
v 16.950201 38.066944 47.524143
v 16.855959 38.147682 47.651272
v 16.730703 38.218208 47.755669
v 16.580717 38.274990 47.832104
v 16.413521 38.315174 47.876740
v 16.237495 38.336746 47.887344
v 16.061472 38.338631 47.863380
v 15.894275 38.320728 47.806049
v 15.744288 38.283932 47.718227
v 15.619033 38.230099 47.604321
v 15.524790 38.161919 47.470036
v 15.466286 38.082809 47.322113
v 15.446452 37.996746 47.167961
v 15.466286 37.908039 47.015320
v 15.524790 37.821136 46.871838
v 15.619033 37.740398 46.744705
v 15.744288 37.669868 46.640312
v 15.894275 37.613091 46.563873
v 16.061472 37.572903 46.519238
v 15.460567 38.009579 47.160652
v 15.483179 37.915627 46.999229
v 15.549699 37.824120 46.848904
v 15.656260 37.740376 46.718410
v 15.796673 37.669266 46.615341
v 15.962773 37.614922 46.545673
v 16.144911 37.580498 46.513462
v 16.332499 37.568001 46.520584
v 16.514637 37.578152 46.566620
v 16.680737 37.610363 46.648895
v 16.821148 37.662762 46.762630
v 16.927711 37.732307 46.901207
v 16.994230 37.814949 47.056583
v 17.016842 37.905891 47.219723
v 16.994230 37.999844 47.381145
v 16.927711 38.091351 47.531471
v 16.821148 38.175095 47.661964
v 16.680737 38.246204 47.765038
v 16.514637 38.300549 47.834705
v 16.332499 38.334972 47.866913
v 16.144911 38.347469 47.859795
v 15.962773 38.337318 47.813755
v 15.796673 38.305107 47.731480
v 15.656260 38.252708 47.617748
v 15.549699 38.183163 47.479172
v 15.483179 38.100521 47.323792
v 15.776573 37.723759 46.707878
v 15.645036 37.807880 46.835171
v 15.945548 37.658588 46.619659
v 15.561595 37.904148 46.991226
v 16.138273 37.617653 46.577656
v 15.533010 38.004753 47.163399
v 16.339136 37.604271 46.585281
v 15.561595 38.101551 47.337746
v 16.531860 37.619526 46.641911
v 15.645036 38.186695 47.500137
v 16.700834 37.662174 46.742958
v 15.776573 38.253296 47.637417
v 16.832371 37.728775 46.880241
v 15.945548 38.295944 47.738464
v 16.915813 37.813919 47.042629
v 16.138273 38.311199 47.795094
v 16.944399 37.910713 47.216972
v 16.339136 38.297817 47.802719
v 16.915813 38.011322 47.389149
v 16.531860 38.256882 47.760719
v 16.832371 38.107586 47.545204
v 16.700834 38.191711 47.672497
v 15.618294 38.069511 47.126511
v 15.648962 37.971340 46.958942
v 15.737963 37.878693 46.810101
v 15.876585 37.800640 46.694561
v 16.051258 37.744820 46.623627
v 16.244884 37.716694 46.604256
v 16.438513 37.719017 46.638329
v 16.613186 37.751564 46.722519
v 16.751806 37.811142 46.848583
v 16.840807 37.891933 47.004181
v 16.871473 37.986012 47.174080
v 15.662671 38.074089 47.123901
v 15.691199 37.982773 46.968021
v 15.773990 37.896587 46.829563
v 15.902941 37.823982 46.722084
v 16.065428 37.772053 46.656101
v 16.245546 37.745888 46.638081
v 16.425665 37.748051 46.669777
v 16.588152 37.778324 46.748096
v 16.717100 37.833752 46.865364
v 16.799891 37.908901 47.010101
v 16.828421 37.996418 47.168152
v 15.663018 37.881451 47.018467
v 15.633492 37.975967 47.179802
v 15.748707 37.792252 46.875164
v 15.882170 37.717102 46.763924
v 16.050344 37.663357 46.695633
v 16.236767 37.636280 46.676975
v 16.423189 37.638515 46.709782
v 16.591362 37.669849 46.790840
v 16.724825 37.727215 46.912212
v 16.810514 37.804993 47.062023
v 16.840040 37.895576 47.225597
v 16.810514 37.990089 47.386936
v 16.799891 38.087738 47.324032
v 16.724825 38.079288 47.530239
v 16.717100 38.173920 47.462486
v 16.591362 38.154438 47.641479
v 16.588152 38.246529 47.569965
v 16.423189 38.208183 47.709766
v 16.425665 38.298454 47.635948
v 16.236767 38.235264 47.728424
v 16.245546 38.324619 47.653973
v 16.065428 38.322456 47.622272
v 16.050344 38.233025 47.695618
v 15.882170 38.201691 47.614563
v 15.902941 38.292179 47.543961
v 15.773990 38.236755 47.426689
v 15.748707 38.144325 47.493187
v 15.691199 38.161610 47.281952
v 15.663018 38.066547 47.343380
v 15.619468 37.817051 47.270332
v 15.648992 37.907631 47.433907
v 15.734683 37.985413 47.583717
v 15.868147 38.042778 47.705090
v 16.036320 38.074112 47.786148
v 16.222742 38.076347 47.818954
v 16.409164 38.049271 47.800297
v 16.577339 37.995525 47.732006
v 16.710802 37.920376 47.620766
v 16.796490 37.831177 47.477463
v 16.826017 37.736660 47.316128
v 15.719306 38.026962 47.654274
v 15.616797 37.954605 47.511387
v 15.862598 38.079056 47.767918
v 16.035069 38.106667 47.843102
v 15.563380 37.867851 47.350819
v 16.222742 38.107559 47.873737
v 15.563380 37.773724 47.185589
v 16.410416 38.081657 47.857346
v 15.648992 37.722538 47.108994
v 15.616797 37.679852 47.029079
v 16.582886 38.031063 47.795258
v 15.734683 37.633339 46.965691
v 15.719306 37.593834 46.893967
v 16.726179 37.959877 47.692493
v 15.868147 37.558189 46.854450
v 15.862598 37.522648 46.791203
v 16.828686 37.873863 47.557381
v 16.036320 37.504444 46.786163
v 16.035069 37.472054 46.729111
v 16.882103 37.779987 47.400871
v 16.222742 37.477364 46.767506
v 16.222742 37.446156 46.712723
v 16.882103 37.685860 47.235641
v 16.796490 37.646080 47.152550
v 16.410416 37.447048 46.743355
v 16.409164 37.479603 46.800312
v 16.828686 37.599106 47.075077
v 16.710802 37.568302 47.002743
v 16.582886 37.474655 46.818546
v 16.577339 37.510937 46.881367
v 16.726179 37.526749 46.932186
v 16.221146 38.089466 47.884041
v 16.419390 38.061279 47.865269
v 16.599670 38.005672 47.795586
v 16.745646 37.927692 47.681316
v 16.844095 37.834404 47.532810
v 16.886093 37.734264 47.363529
v 16.867832 37.636345 47.188808
v 16.790972 37.549515 47.024490
v 16.662474 37.481651 46.885456
v 16.493984 37.438900 46.784306
v 16.406090 37.428745 46.752869
v 16.314539 37.425110 46.732300
v 16.221146 37.428066 46.723022
v 16.033472 37.453964 46.739414
v 15.861003 37.504562 46.801510
v 15.717709 37.575748 46.904274
v 15.615201 37.661762 47.039379
v 15.561784 37.755634 47.195889
v 15.561784 37.849766 47.361118
v 15.615201 37.936520 47.521687
v 15.717709 38.008877 47.664581
v 15.861003 38.060970 47.778221
v 16.033472 38.088577 47.853405
v 15.925305 37.522259 46.842537
v 16.099274 37.477821 46.791485
v 15.780296 37.589844 46.938709
v 16.285172 37.460888 46.790558
v 15.678441 37.673965 47.070602
v 16.464802 37.473110 46.839840
v 15.629707 37.766392 47.225288
v 16.620583 37.513298 46.934517
v 15.638870 37.858067 47.387642
v 16.737263 37.577511 47.065315
v 15.705030 37.940025 47.541756
v 16.803421 37.659470 47.219429
v 15.821710 38.004242 47.672554
v 16.812584 37.751148 47.381779
v 15.977490 38.044426 47.767227
v 16.763849 37.843571 47.536469
v 16.157122 38.056648 47.816513
v 16.661995 37.927692 47.668358
v 16.343019 38.039719 47.815586
v 16.516987 37.995281 47.764530
v 15.980816 38.020565 47.768162
v 16.156818 38.032547 47.816452
v 16.338961 38.015953 47.815544
v 16.509415 37.972412 47.765526
v 16.651491 37.906193 47.671288
v 16.751291 37.823769 47.542065
v 16.799038 37.733212 47.390499
v 16.790062 37.643387 47.231434
v 16.725237 37.563087 47.080429
v 16.610916 37.500168 46.952274
v 16.458282 37.460793 46.859516
v 16.282282 37.448818 46.811226
v 16.100140 37.465408 46.812134
v 15.929686 37.508945 46.862152
v 15.787606 37.575169 46.956387
v 15.687808 37.657593 47.085613
v 15.640061 37.748146 47.237175
v 15.649037 37.837975 47.396244
v 15.713861 37.918274 47.547245
v 15.828183 37.981194 47.675404
v 15.886636 36.953384 48.376114
v 15.734003 36.914009 48.283348
v 15.619680 36.851093 48.155197
v 15.554857 36.770790 48.004192
v 15.545881 36.680965 47.845123
v 15.593628 36.590412 47.693558
v 15.693427 36.507988 47.564335
v 15.835505 36.441765 47.470104
v 16.005959 36.398228 47.420078
v 16.188103 36.381634 47.419170
v 16.364103 36.393612 47.467464
v 16.516737 36.432987 47.560223
v 16.631058 36.495903 47.688381
v 16.695881 36.576206 47.839378
v 16.704859 36.666031 47.998447
v 16.657112 36.756588 48.150013
v 16.557312 36.839012 48.279236
v 16.415234 36.905231 48.373470
v 16.244780 36.948772 48.423492
v 16.062637 36.965363 48.424397
v 15.938819 36.400898 47.414364
v 15.770529 36.454681 47.482704
v 16.125370 36.373802 47.395699
v 15.636972 36.529881 47.594021
v 16.311920 36.376038 47.428532
v 15.551226 36.619141 47.737427
v 16.480209 36.407394 47.509644
v 15.521678 36.713722 47.898872
v 16.613766 36.464798 47.631096
v 15.551226 36.804367 48.062565
v 16.699514 36.542633 47.781010
v 15.636972 36.882198 48.212471
v 16.729061 36.633274 47.944702
v 15.770529 36.939606 48.333927
v 16.699514 36.727856 48.106152
v 15.938819 36.970959 48.415047
v 16.613766 36.817116 48.249550
v 16.125370 36.973198 48.447872
v 16.480209 36.892319 48.360867
v 16.311920 36.946098 48.429203
v 16.840807 38.084179 47.341648
v 16.751806 38.176826 47.490490
v 16.613186 38.254879 47.606033
v 16.438513 38.310699 47.676964
v 16.244884 38.338829 47.696335
v 16.051258 38.336502 47.662262
v 15.876585 38.303959 47.578072
v 15.737963 38.244377 47.452011
v 15.648962 38.163589 47.296410
v 16.375643 37.795963 48.221886
v 16.552113 37.753551 48.174774
v 16.710415 37.693619 48.094101
v 16.842617 37.619183 47.983913
v 16.875914 37.597034 47.942024
v 16.876974 37.593918 47.944889
v 16.942085 37.533966 47.849735
v 16.969265 37.502514 47.790569
v 16.970512 37.499214 47.793133
v 17.003834 37.442245 47.698296
v 17.017338 37.402489 47.622433
v 17.018681 37.398987 47.624653
v 17.024767 37.348621 47.537186
v 17.017338 37.302765 47.447380
v 17.018681 37.299065 47.449257
v 17.003834 37.257782 47.374489
v 16.969265 37.209145 47.275589
v 16.970512 37.205257 47.277122
v 16.942085 37.174290 47.218365
v 16.875914 37.127064 47.117046
v 16.876974 37.123013 47.118263
v 16.842617 37.102329 47.076630
v 16.742710 37.061295 46.980961
v 16.743505 37.057114 46.981911
v 16.577396 37.015659 46.875244
v 16.577860 37.011387 46.875980
v 16.389576 36.992809 46.806046
v 16.389666 36.988495 46.806644
v 16.257479 35.579197 47.375011
v 15.891101 35.603607 47.361103
v 15.873072 35.609974 47.369488
v 15.870284 35.615326 47.378456
v 15.880692 35.605686 47.363140
v 16.267887 35.579887 47.377834
v 16.275507 35.583160 47.384766
v 16.278296 35.588142 47.393940
v 16.142801 35.636681 47.458157
v 16.278296 35.637802 47.481113
v 16.005775 35.645809 47.452957
v 15.870284 35.664986 47.465626
v 15.060504 36.253178 48.372681
v 15.060504 36.071289 48.053398
v 15.070912 36.261433 48.388783
v 15.081321 36.262123 48.391613
v 15.063293 36.258160 48.381859
v 15.063293 36.065937 48.044434
v 15.070912 36.061649 48.038086
v 15.081321 36.059570 48.036049
v 15.160910 36.121532 48.157146
v 15.181351 36.052906 48.039845
v 15.160910 36.189556 48.276558
v 15.181351 36.255459 48.395409
v 16.257479 36.585770 49.141933
v 15.891101 36.610180 49.128029
v 16.275507 36.579399 49.133549
v 16.278296 36.574047 49.124584
v 16.267887 36.583694 49.139900
v 15.880692 36.609489 49.125206
v 15.873072 36.606216 49.118275
v 15.870284 36.601234 49.109097
v 16.005775 36.552692 49.044884
v 15.870284 36.551575 49.021927
v 16.142801 36.543564 49.050083
v 16.278296 36.524391 49.037415
v 15.200481 37.593235 48.250835
v 15.362398 37.615746 48.315426
v 15.429467 37.691662 48.459076
v 15.362398 37.776512 48.597637
v 15.200481 37.820595 48.649933
v 15.358005 37.772614 48.594997
v 15.200398 37.817570 48.646805
v 15.200296 37.815552 48.645939
v 15.200398 37.594387 48.255035
v 15.359342 37.616482 48.318443
v 15.200296 37.594105 48.257210
v 15.358005 37.616028 48.320126
v 15.360842 37.616383 48.316837
v 15.200460 37.594090 48.252857
v 15.425178 37.691002 48.459450
v 15.423329 37.689968 48.460037
v 15.427273 37.691578 48.459126
v 15.359342 37.774292 48.595467
v 15.360842 37.775623 48.596367
v 15.200460 37.819290 48.648170
v 15.085987 37.812996 48.618855
v 15.087055 37.811756 48.617382
v 15.042589 37.793629 48.583023
v 15.041454 37.795475 48.583401
v 15.002172 37.776966 48.542633
v 15.040080 37.796993 48.584190
v 15.004036 37.776073 48.541882
v 14.977265 37.719688 48.443111
v 14.975619 37.720955 48.442387
v 14.971494 37.722172 48.441692
v 14.973649 37.721802 48.441906
v 15.002174 37.663288 48.343082
v 15.004037 37.663475 48.344231
v 15.042589 37.637043 48.308151
v 15.041454 37.637661 48.306377
v 15.085988 37.616096 48.273228
v 15.040080 37.637756 48.304665
v 15.087056 37.616734 48.275036
v 15.089572 37.612293 48.283813
v 15.200013 37.591980 48.260925
v 15.199850 37.590279 48.262253
v 15.200013 37.811275 48.645870
v 15.089583 37.803940 48.615891
v 15.199850 37.809265 48.646660
v 15.089572 37.801945 48.616726
v 15.089314 37.806057 48.615528
v 15.200167 37.813416 48.645622
v 15.043396 37.791626 48.583084
v 15.008842 37.767246 48.543304
v 15.008741 37.769196 48.542374
v 15.008163 37.771175 48.541729
v 14.979294 37.714466 48.446083
v 14.979151 37.716343 48.445015
v 15.008842 37.657753 48.351101
v 14.978459 37.718124 48.444000
v 15.008741 37.659550 48.349903
v 15.008163 37.661110 48.348526
v 15.043396 37.635967 48.309849
v 15.089583 37.614029 48.282524
v 15.200167 37.593288 48.259209
v 15.089314 37.615421 48.280888
v 15.292245 36.969852 48.697842
v 15.332029 36.824829 48.952888
v 15.271057 36.755817 48.822300
v 15.142857 36.949089 48.638245
v 15.123859 36.735355 48.763577
v 15.313434 37.183887 48.573383
v 15.420407 37.685078 48.462826
v 14.993469 36.989761 48.686501
v 14.976662 36.775433 48.811123
v 14.915690 36.852573 48.937084
v 15.161855 37.162819 48.512917
v 15.334620 37.397923 48.448925
v 15.310129 37.597599 48.292187
v 15.390859 37.632298 48.365601
v 15.010277 37.204086 48.561874
v 15.180853 37.376549 48.387581
v 15.027085 37.418415 48.437248
v 15.287883 36.765308 48.876606
v 15.313462 36.810997 48.960770
v 15.217999 36.735271 48.813053
v 15.122537 36.728935 48.787140
v 15.027075 36.747993 48.805809
v 14.957191 36.787342 48.864056
v 14.931613 36.836437 48.946274
v 15.027075 36.912159 49.093990
v 15.030038 36.901718 49.092758
v 15.122537 36.918499 49.119904
v 15.121215 36.896946 49.116905
v 15.120466 36.886066 49.117546
v 15.121910 36.907818 49.117699
v 14.970753 36.853130 49.036533
v 14.967330 36.863094 49.033646
v 14.957191 36.882126 49.030437
v 14.962783 36.872814 49.031597
v 14.938167 36.828846 48.950600
v 14.970753 36.767307 48.885887
v 14.967330 36.774879 48.878792
v 14.962783 36.781593 48.871471
v 15.030038 36.743725 48.815418
v 15.120466 36.714424 48.816246
v 15.121215 36.720520 48.807205
v 15.121910 36.725384 48.797451
v 14.976662 36.921585 49.067673
v 15.123859 36.942047 49.126392
v 15.217999 36.899441 49.101234
v 15.271057 36.901970 49.078846
v 15.287883 36.860092 49.042988
v 14.993469 37.138084 48.946865
v 15.142857 37.158852 49.006462
v 15.010277 37.354588 48.826061
v 15.292245 37.118179 48.958206
v 15.161856 37.375656 48.886528
v 15.027085 37.571087 48.705254
v 15.313434 37.334385 48.837566
v 15.180853 37.592461 48.766594
v 15.310129 37.787247 48.625095
v 15.334620 37.550594 48.716927
v 15.390859 37.741795 48.557808
v 15.310446 37.599312 48.290901
v 15.311020 37.600647 48.289303
v 15.356936 37.615078 48.321751
v 15.391287 37.634060 48.364426
v 15.392170 37.635525 48.363098
v 15.420877 37.686913 48.461781
v 15.421874 37.688580 48.460835
v 15.391287 37.743706 48.556896
v 15.392170 37.745590 48.556309
v 15.356936 37.770733 48.594986
v 15.310446 37.789227 48.624275
v 15.311020 37.791286 48.623943
v 15.213780 36.731483 48.822392
v 15.270179 36.747360 48.897247
v 15.275101 36.754372 48.890476
v 15.281035 36.760387 48.883553
v 15.305652 36.804359 48.964554
v 15.270179 36.833179 49.047901
v 15.275101 36.842587 49.045322
v 15.281035 36.851608 49.043674
v 15.213780 36.889477 49.099735
v 15.118855 36.698971 48.831543
v 15.202479 36.704525 48.854240
v 15.118022 36.689880 48.837540
v 15.201291 36.695412 48.860142
v 15.204362 36.712818 48.847389
v 15.119675 36.707199 48.824398
v 15.263697 36.730835 48.909912
v 15.262247 36.721611 48.915577
v 15.266356 36.739468 48.903767
v 15.286104 36.770855 48.983635
v 15.284558 36.761459 48.988987
v 15.289048 36.779999 48.978428
v 15.263697 36.813866 49.055660
v 15.262247 36.804283 49.060707
v 15.266356 36.823551 49.051369
v 15.202479 36.848335 49.106682
v 15.201291 36.838608 49.111507
v 15.118022 36.855232 49.127796
v 15.118855 36.865028 49.123035
v 15.204362 36.858459 49.103039
v 15.119675 36.875366 49.119598
v 15.175465 35.525284 49.693211
v 15.092197 35.602428 49.815731
v 14.925662 35.613525 49.809410
v 15.034754 36.849705 49.105190
v 14.973798 36.823502 49.049755
v 14.842393 35.547474 49.680569
v 14.951487 36.783653 48.976349
v 14.880835 35.508522 49.702759
v 14.943285 35.558064 49.799389
v 15.068188 35.549740 49.804131
v 15.130639 35.491882 49.712238
v 15.068188 35.442341 49.615604
v 14.943285 35.450661 49.610867
v 15.092197 35.459232 49.564365
v 14.925662 35.470325 49.558044
v 14.973798 36.740829 48.904629
v 15.034754 36.706505 48.853821
v 15.035232 36.859474 49.100338
v 15.034988 36.869743 49.096611
v 14.974015 36.833164 49.044666
v 14.972994 36.843098 49.040230
v 14.951608 36.793144 48.970940
v 14.950301 36.802570 48.965572
v 14.974015 36.750137 48.898914
v 14.972994 36.759014 48.892632
v 15.035232 36.715668 48.847893
v 15.034988 36.724106 48.840961
v 15.200480 36.632133 46.563725
v 15.314973 36.639736 46.594810
v 15.398787 36.675762 46.671032
v 15.429466 36.730556 46.771973
v 15.398787 36.789436 46.870583
v 15.314973 36.836632 46.940437
v 15.200480 36.859493 46.962830
v 15.002172 36.702187 46.655975
v 15.004036 36.702374 46.657127
v 14.971493 36.761070 46.754585
v 14.975618 36.759853 46.755283
v 14.977264 36.758587 46.756001
v 14.973648 36.760696 46.754799
v 15.042588 36.675941 46.621048
v 15.041453 36.676559 46.619270
v 15.085987 36.654991 46.586117
v 15.040079 36.676651 46.617558
v 15.087054 36.655628 46.587929
v 15.200295 36.633003 46.570107
v 15.200397 36.633282 46.567932
v 15.200459 36.632988 46.565754
v 15.313866 36.640514 46.596539
v 15.358004 36.654926 46.633018
v 15.359341 36.655376 46.631336
v 15.360841 36.655281 46.629730
v 15.396885 36.676201 46.672035
v 15.423328 36.728867 46.772934
v 15.425177 36.729897 46.772343
v 15.427272 36.730473 46.772018
v 15.085987 36.851891 46.931747
v 15.002172 36.815865 46.855526
v 15.396885 36.788799 46.869690
v 15.358004 36.811512 46.907887
v 15.359341 36.813190 46.908356
v 15.360841 36.814518 46.909260
v 15.313866 36.835545 46.938885
v 15.200295 36.854450 46.958828
v 15.200397 36.856464 46.959698
v 15.200459 36.858185 46.961063
v 15.087054 36.850655 46.930275
v 15.042588 36.832527 46.895916
v 15.041453 36.834370 46.896294
v 15.040079 36.835892 46.897083
v 15.004036 36.814972 46.854782
v 15.008842 36.806141 46.856201
v 14.979150 36.755238 46.757908
v 14.979293 36.753365 46.758980
v 15.420877 36.725807 46.774673
v 15.391286 36.782604 46.869785
v 15.420406 36.723972 46.775719
v 15.390858 36.780689 46.870701
v 15.392169 36.784489 46.869202
v 15.421873 36.727478 46.773724
v 15.356936 36.809631 46.907879
v 15.310128 36.826145 46.937988
v 15.310445 36.828121 46.937168
v 15.311019 36.830181 46.936840
v 15.199849 36.848164 46.959553
v 15.200012 36.850170 46.958763
v 15.089571 36.840839 46.929619
v 15.200166 36.852310 46.958515
v 15.089582 36.842834 46.928787
v 15.089312 36.844952 46.928425
v 15.043395 36.830521 46.895977
v 15.008740 36.808090 46.855267
v 15.008162 36.810074 46.854622
v 14.978458 36.757019 46.756893
v 14.993469 36.028656 46.999393
v 15.123859 35.774250 47.076473
v 14.976662 35.814327 47.124020
v 14.931591 36.106941 47.127232
v 14.915690 35.891468 47.249977
v 15.010276 36.242981 46.874767
v 15.199849 36.629173 46.575146
v 14.993469 36.176979 47.259762
v 14.976662 35.960480 47.380566
v 15.123859 35.980942 47.439289
v 14.947492 36.322414 47.004478
v 15.027084 36.457310 46.750145
v 15.008842 36.696648 46.663998
v 15.089571 36.651192 46.596710
v 15.010276 36.393482 47.138954
v 14.963392 36.537888 46.881729
v 15.027084 36.609985 47.018147
v 15.027075 35.786888 47.118702
v 15.122537 35.767830 47.100037
v 14.957191 35.826237 47.176949
v 14.931613 35.875336 47.259171
v 14.957191 35.921021 47.343330
v 15.027075 35.951057 47.406883
v 15.122537 35.957397 47.432796
v 15.287883 35.898987 47.355881
v 15.281035 35.890503 47.356567
v 15.313462 35.849892 47.273663
v 15.298907 35.835789 47.281696
v 15.293340 35.827621 47.286350
v 15.305652 35.843254 47.277443
v 15.206903 35.907707 47.413536
v 15.210060 35.918106 47.412430
v 15.217999 35.938339 47.414131
v 15.213780 35.928371 47.412628
v 15.121910 35.946716 47.430588
v 15.034029 35.919224 47.406975
v 15.032369 35.929943 47.405685
v 15.030038 35.940617 47.405655
v 14.962783 35.911709 47.344494
v 14.947593 35.850658 47.273224
v 14.943523 35.859467 47.268208
v 14.938167 35.867741 47.263493
v 15.271057 35.940865 47.391743
v 15.332029 35.863728 47.265781
v 15.287883 35.804207 47.189503
v 15.271057 35.794716 47.135193
v 15.217999 35.774166 47.125950
v 15.292245 36.157074 47.271099
v 15.354123 36.078789 47.143265
v 15.313433 36.373283 47.150459
v 15.292245 36.008751 47.010735
v 15.376219 36.293850 47.020752
v 15.334620 36.589493 47.029819
v 15.313433 36.222782 46.886276
v 15.398314 36.508911 46.898235
v 15.390858 36.671196 46.678493
v 15.334620 36.436821 46.761818
v 15.310128 36.636497 46.605080
v 15.008740 36.698444 46.662796
v 15.008162 36.700008 46.661419
v 15.043395 36.674866 46.622742
v 15.089582 36.652924 46.595417
v 15.089312 36.654316 46.593781
v 15.200012 36.630878 46.573818
v 15.200166 36.632183 46.572102
v 15.310445 36.638210 46.603802
v 15.311019 36.639542 46.602196
v 15.356936 36.653976 46.634644
v 15.391286 36.672958 46.677319
v 15.392169 36.674423 46.675991
v 14.962783 35.820492 47.184368
v 15.034029 35.770573 47.146038
v 15.032369 35.777153 47.137474
v 15.030038 35.782623 47.128311
v 15.121910 35.764278 47.110348
v 15.206903 35.759056 47.152599
v 15.210060 35.765312 47.144218
v 15.213780 35.770382 47.135284
v 15.281035 35.799286 47.196449
v 14.951608 35.832043 47.283833
v 14.974015 35.789032 47.211807
v 14.951487 35.822548 47.289238
v 14.973798 35.779724 47.217522
v 14.972994 35.797909 47.205524
v 14.950301 35.841465 47.278465
v 15.035232 35.754562 47.160786
v 15.034754 35.745403 47.166718
v 15.034988 35.763004 47.153854
v 15.118855 35.737869 47.144432
v 15.118022 35.728779 47.150433
v 15.119675 35.746094 47.137291
v 15.202479 35.743420 47.167130
v 15.201291 35.734306 47.173038
v 15.204362 35.751717 47.160282
v 15.263697 35.769730 47.222801
v 15.262247 35.760506 47.228470
v 15.284558 35.800358 47.301880
v 15.286104 35.809753 47.296528
v 15.266356 35.778362 47.216660
v 15.289048 35.818893 47.291321
v 15.008929 34.492596 47.854656
v 15.153152 34.524326 47.932693
v 15.153152 34.607002 48.077820
v 15.262247 35.843182 47.373596
v 15.201291 35.877502 47.424408
v 15.008929 34.657951 48.144909
v 15.118022 35.894127 47.440685
v 15.005736 34.601105 48.129234
v 15.113905 34.562897 48.078922
v 15.113905 34.500889 47.970070
v 15.005736 34.477093 47.911545
v 14.897569 34.577309 48.070709
v 14.897569 34.515305 47.961864
v 14.864704 34.543545 47.921745
v 14.864704 34.626221 48.066872
v 15.034754 35.888599 47.418087
v 14.973798 35.862400 47.362648
v 15.263697 35.852760 47.368553
v 15.266356 35.862450 47.364262
v 15.202479 35.887230 47.419575
v 15.204362 35.897358 47.415936
v 15.118855 35.903927 47.435932
v 15.119675 35.914265 47.432491
v 15.035232 35.898373 47.413227
v 15.034988 35.908638 47.409504
v 14.974015 35.872063 47.357555
v 14.972994 35.881992 47.353127
v 17.136457 37.464249 48.324314
v 17.298374 37.486755 48.388912
v 17.365442 37.562668 48.532562
v 17.298374 37.647522 48.671116
v 17.136457 37.691605 48.723419
v 17.293980 37.643623 48.668476
v 17.136374 37.688576 48.720284
v 17.136272 37.686562 48.719418
v 17.136374 37.465397 48.328522
v 17.295317 37.487492 48.391926
v 17.136272 37.465115 48.330696
v 17.293980 37.487038 48.393604
v 17.296818 37.487392 48.390320
v 17.136436 37.465099 48.326344
v 17.361155 37.562012 48.532932
v 17.359304 37.560978 48.533524
v 17.363249 37.562588 48.532608
v 17.295317 37.645306 48.668945
v 17.296818 37.646633 48.669849
v 17.136436 37.690300 48.721649
v 17.021963 37.684006 48.692337
v 17.023031 37.682770 48.690865
v 16.978565 37.664639 48.656506
v 16.977430 37.666485 48.656879
v 16.938148 37.647976 48.616112
v 16.976057 37.668003 48.657669
v 16.940012 37.647087 48.615368
v 16.913240 37.590702 48.516590
v 16.911594 37.591965 48.515873
v 16.907471 37.593182 48.515175
v 16.909624 37.592812 48.515388
v 16.938150 37.534302 48.416565
v 16.940012 37.534485 48.417709
v 16.978565 37.508057 48.381638
v 16.977430 37.508671 48.379860
v 17.021965 37.487106 48.346706
v 16.976057 37.508766 48.378147
v 17.023031 37.487743 48.348515
v 17.025547 37.483307 48.357300
v 17.135990 37.462990 48.334408
v 17.135826 37.461288 48.335732
v 17.135990 37.682285 48.719353
v 17.025558 37.674953 48.689377
v 17.135826 37.680275 48.720142
v 17.025547 37.672955 48.690205
v 17.025290 37.677067 48.689014
v 17.136143 37.684429 48.719101
v 16.979372 37.662636 48.656567
v 16.944818 37.638256 48.616791
v 16.944717 37.640205 48.615852
v 16.944139 37.642189 48.615211
v 16.915127 37.587353 48.518497
v 16.915270 37.585480 48.519569
v 16.914434 37.589134 48.517483
v 16.944717 37.530560 48.423386
v 16.944818 37.528763 48.424587
v 16.944139 37.532120 48.422009
v 16.979372 37.506981 48.383331
v 17.025558 37.485039 48.356003
v 17.025290 37.486427 48.354366
v 17.136143 37.464294 48.332691
v 17.228222 36.840862 48.771324
v 17.268007 36.695843 49.026371
v 17.207033 36.626827 48.895782
v 17.078833 36.820099 48.711727
v 17.059835 36.606369 48.837063
v 17.249409 37.054897 48.646866
v 17.356382 37.556087 48.536308
v 16.929447 36.860771 48.759983
v 16.912638 36.646442 48.884609
v 16.851667 36.723579 49.010571
v 17.097832 37.033829 48.586395
v 17.270596 37.268932 48.522408
v 17.246105 37.468609 48.365669
v 17.326834 37.503311 48.439083
v 16.946253 37.075096 48.635357
v 17.116829 37.247559 48.461063
v 16.963060 37.289425 48.510735
v 17.223860 36.636318 48.950092
v 17.249439 36.682003 49.034252
v 17.153976 36.606281 48.886539
v 17.058514 36.599941 48.860626
v 16.963053 36.619003 48.879292
v 16.893167 36.658352 48.937538
v 16.867590 36.707447 49.019760
v 16.963053 36.783173 49.167473
v 16.966015 36.772728 49.166245
v 17.058514 36.789509 49.193386
v 17.057192 36.767956 49.190388
v 17.056442 36.757076 49.191025
v 17.057886 36.778828 49.191177
v 16.906729 36.724140 49.110020
v 16.903307 36.734104 49.107124
v 16.893167 36.753136 49.103920
v 16.898760 36.743824 49.105083
v 16.874144 36.699852 49.024082
v 16.906729 36.638321 48.959370
v 16.903307 36.645889 48.952274
v 16.898760 36.652603 48.944958
v 16.966015 36.614735 48.888901
v 17.056442 36.585430 48.889725
v 17.057192 36.591530 48.880692
v 17.057886 36.596394 48.870937
v 16.912638 36.792595 49.141159
v 17.059835 36.813057 49.199879
v 17.153976 36.770451 49.174721
v 17.207033 36.772980 49.152332
v 17.223860 36.731102 49.116470
v 16.929447 37.009098 49.020351
v 17.078833 37.029861 49.079941
v 16.946253 37.225597 48.899544
v 17.228222 36.989189 49.031693
v 17.097832 37.246666 48.960011
v 16.963060 37.442097 48.778736
v 17.249409 37.205395 48.911049
v 17.116829 37.463470 48.840073
v 17.246105 37.658260 48.698574
v 17.270596 37.421608 48.790405
v 17.326834 37.612801 48.631287
v 17.246422 37.470322 48.364388
v 17.246996 37.471657 48.362782
v 17.292913 37.486088 48.395233
v 17.327263 37.505070 48.437904
v 17.328146 37.506535 48.436581
v 17.356853 37.557922 48.535263
v 17.357849 37.559589 48.534313
v 17.327263 37.614716 48.630375
v 17.328146 37.616604 48.629787
v 17.292913 37.641743 48.668468
v 17.246422 37.660236 48.697754
v 17.246996 37.662296 48.697430
v 17.149757 36.602493 48.895874
v 17.206156 36.618370 48.970734
v 17.211077 36.625381 48.963955
v 17.217012 36.631401 48.957039
v 17.241629 36.675369 49.038033
v 17.206156 36.704189 49.121384
v 17.211077 36.713596 49.118809
v 17.217012 36.722618 49.117157
v 17.149757 36.760487 49.173214
v 17.054832 36.569981 48.905022
v 17.138456 36.575531 48.927719
v 17.053999 36.560890 48.911022
v 17.137268 36.566418 48.933628
v 17.140339 36.583832 48.920868
v 17.055651 36.578209 48.897881
v 17.199675 36.601845 48.983391
v 17.198223 36.592621 48.989059
v 17.202333 36.610477 48.977249
v 17.222080 36.641869 49.057117
v 17.220535 36.632469 49.062469
v 17.225025 36.651009 49.051914
v 17.199675 36.684875 49.129139
v 17.198223 36.675293 49.134186
v 17.202333 36.694561 49.124847
v 17.138456 36.719345 49.180164
v 17.137268 36.709618 49.184994
v 17.053999 36.726242 49.201275
v 17.054832 36.736038 49.196522
v 17.140339 36.729469 49.176525
v 17.055651 36.746376 49.193081
v 17.111441 35.396290 49.766693
v 17.028173 35.473438 49.889217
v 16.861639 35.484535 49.882893
v 16.970732 36.720715 49.178677
v 16.909775 36.694511 49.123238
v 16.778370 35.418484 49.754051
v 16.887463 36.654663 49.049828
v 16.816811 35.379532 49.776237
v 16.879263 35.429073 49.872871
v 17.004166 35.420750 49.877613
v 17.066616 35.362892 49.785721
v 17.004166 35.313351 49.689087
v 16.879263 35.321674 49.684345
v 17.028173 35.330242 49.637844
v 16.861639 35.341335 49.631523
v 16.909775 36.611839 48.978111
v 16.970732 36.577515 48.927307
v 16.971209 36.730488 49.173817
v 16.970966 36.740753 49.170090
v 16.909992 36.704174 49.118145
v 16.908972 36.714108 49.113716
v 16.887585 36.664154 49.044418
v 16.886278 36.673576 49.039051
v 16.909992 36.621147 48.972397
v 16.908972 36.630024 48.966110
v 16.971209 36.586678 48.921375
v 16.970966 36.595116 48.914440
v 17.136457 36.503143 46.637211
v 17.298374 36.525650 46.701805
v 17.365442 36.601566 46.845451
v 17.298374 36.686420 46.984009
v 17.136457 36.730503 47.036312
v 17.293980 36.682522 46.981369
v 17.136374 36.727474 47.033184
v 17.136272 36.725460 47.032310
v 17.136374 36.504295 46.641411
v 17.295317 36.526386 46.704815
v 17.136272 36.504013 46.643589
v 17.293980 36.525936 46.706505
v 17.296818 36.526291 46.703217
v 17.136436 36.503998 46.639236
v 17.361155 36.600910 46.845825
v 17.359304 36.599876 46.846416
v 17.363249 36.601486 46.845497
v 17.295317 36.684200 46.981838
v 17.296818 36.685528 46.982742
v 17.136436 36.729195 47.034542
v 17.021963 36.722900 47.005230
v 17.023031 36.721664 47.003761
v 16.978565 36.703537 46.969395
v 16.977430 36.705379 46.969772
v 16.938148 36.686874 46.929005
v 16.976057 36.706902 46.970562
v 16.940012 36.685982 46.928261
v 16.913240 36.629597 46.829483
v 16.911594 36.630859 46.828766
v 16.907471 36.632076 46.828068
v 16.909624 36.631710 46.828281
v 16.938150 36.573196 46.729458
v 16.940012 36.573383 46.730610
v 16.978565 36.546951 46.694530
v 16.977430 36.547569 46.692753
v 17.021965 36.526001 46.659599
v 16.976057 36.547665 46.691040
v 17.023031 36.526638 46.661415
v 17.025547 36.522202 46.670193
v 17.135990 36.501888 46.647305
v 17.135826 36.500187 46.648624
v 17.135990 36.721180 47.032246
v 17.025558 36.713848 47.002266
v 17.135826 36.719173 47.033035
v 17.025547 36.711853 47.003098
v 17.025290 36.715961 47.001907
v 17.136143 36.723324 47.032001
v 16.979372 36.701530 46.969456
v 16.944818 36.677151 46.929684
v 16.944717 36.679100 46.928753
v 16.944139 36.681084 46.928108
v 16.915270 36.624374 46.832458
v 16.915127 36.626247 46.831390
v 16.944818 36.567657 46.737480
v 16.914434 36.628029 46.830376
v 16.944717 36.569454 46.736275
v 16.944139 36.571018 46.734901
v 16.979372 36.545876 46.696224
v 17.025558 36.523937 46.668896
v 17.025290 36.525326 46.667259
v 17.136143 36.503193 46.645588
v 17.228222 35.879757 47.084217
v 17.268007 35.734737 47.339264
v 17.207033 35.665726 47.208672
v 17.078833 35.858994 47.024620
v 17.059835 35.645264 47.149952
v 17.249409 36.093796 46.959759
v 17.356382 36.594982 46.849205
v 16.929447 35.899666 47.072872
v 16.912638 35.685341 47.197502
v 16.851667 35.762478 47.323463
v 17.097832 36.072727 46.899288
v 17.270596 36.307827 46.835300
v 17.246105 36.507507 46.678562
v 17.326834 36.542206 46.751980
v 16.946253 36.113991 46.948254
v 17.116829 36.286457 46.773960
v 16.963060 36.328320 46.823627
v 17.223860 35.675217 47.262985
v 17.249439 35.720901 47.347145
v 17.153976 35.645180 47.199432
v 17.058514 35.638840 47.173519
v 16.963053 35.657898 47.192184
v 16.893167 35.697250 47.250431
v 16.867590 35.746346 47.332653
v 16.963053 35.822067 47.480362
v 16.966015 35.811626 47.479134
v 17.058514 35.828407 47.506279
v 17.057192 35.806854 47.503284
v 17.056442 35.795975 47.503922
v 17.057886 35.817726 47.504074
v 16.906729 35.763039 47.422913
v 16.903307 35.772999 47.420017
v 16.898760 35.782719 47.417973
v 16.893167 35.792030 47.416813
v 16.874144 35.738750 47.336979
v 16.906729 35.677216 47.272263
v 16.903307 35.684788 47.265171
v 16.898760 35.691502 47.257851
v 16.966015 35.653633 47.201794
v 17.056442 35.624329 47.202618
v 17.057192 35.630424 47.193584
v 17.057886 35.635288 47.183830
v 16.912638 35.831490 47.454052
v 17.059835 35.851952 47.512772
v 17.153976 35.809349 47.487610
v 17.207033 35.811878 47.465225
v 17.223860 35.769997 47.429367
v 16.929447 36.047993 47.333244
v 17.078833 36.068756 47.392834
v 16.946253 36.264492 47.212437
v 17.228222 36.028084 47.344585
v 17.097832 36.285564 47.272903
v 16.963060 36.480991 47.091625
v 17.249409 36.244293 47.223946
v 17.116829 36.502369 47.152969
v 17.246105 36.697155 47.011467
v 17.270596 36.460503 47.103298
v 17.326834 36.651699 46.944180
v 17.246422 36.509220 46.677280
v 17.246996 36.510551 46.675674
v 17.292913 36.524986 46.708126
v 17.327263 36.543968 46.750797
v 17.328146 36.545433 46.749477
v 17.356853 36.596817 46.848160
v 17.357849 36.598488 46.847206
v 17.327263 36.653614 46.943268
v 17.328146 36.655499 46.942680
v 17.292913 36.680641 46.981358
v 17.246422 36.699131 47.010654
v 17.246996 36.701191 47.010323
v 17.149757 35.641388 47.208771
v 17.206156 35.657265 47.283627
v 17.211077 35.664280 47.276852
v 17.217012 35.670296 47.269932
v 17.241629 35.714264 47.350925
v 17.206156 35.743088 47.434280
v 17.211077 35.752491 47.431702
v 17.217012 35.761513 47.430054
v 17.149757 35.799385 47.486107
v 17.054832 35.608879 47.217915
v 17.138456 35.614429 47.240616
v 17.053999 35.599789 47.223915
v 17.137268 35.605316 47.246521
v 17.140339 35.622726 47.233768
v 17.055651 35.617107 47.210773
v 17.199675 35.640739 47.296288
v 17.198223 35.631516 47.301952
v 17.202333 35.649372 47.290142
v 17.222080 35.680763 47.370010
v 17.220535 35.671368 47.375362
v 17.225025 35.689903 47.364803
v 17.199675 35.723770 47.442032
v 17.198223 35.714191 47.447079
v 17.202333 35.733459 47.437740
v 17.138456 35.758240 47.493061
v 17.137268 35.748512 47.497887
v 17.053999 35.765137 47.514168
v 17.054832 35.774937 47.509411
v 17.140339 35.768364 47.489418
v 17.055651 35.785271 47.505978
v 17.111441 34.435188 48.079582
v 17.028173 34.512337 48.202110
v 16.861639 34.523430 48.195789
v 16.970732 35.759609 47.491566
v 16.909775 35.733410 47.436131
v 16.778370 34.457382 48.066944
v 16.887463 35.693558 47.362720
v 16.816811 34.418430 48.089130
v 16.879263 34.467968 48.185764
v 17.004166 34.459648 48.190502
v 17.066616 34.401787 48.098610
v 16.879263 34.360569 47.997238
v 17.004166 34.352249 48.001980
v 17.028173 34.369137 47.950741
v 16.861639 34.380234 47.944420
v 16.909775 35.650734 47.291004
v 16.970732 35.616413 47.240200
v 16.971209 35.769382 47.486710
v 16.970966 35.779652 47.482990
v 16.909992 35.743073 47.431038
v 16.908972 35.753006 47.426609
v 16.887585 35.703049 47.357319
v 16.886278 35.712475 47.351944
v 16.909992 35.660042 47.285290
v 16.908972 35.668922 47.279011
v 16.971209 35.625572 47.234264
v 16.970966 35.634014 47.227333
v 16.036188 37.419811 46.619862
v 16.223412 37.396053 46.607159
v 16.223047 37.395000 46.614872
v 15.859847 37.464764 46.671452
v 16.025709 37.424931 46.644943
v 15.704634 37.528290 46.758923
v 15.842105 37.474922 46.704250
v 15.579569 37.606705 46.877193
v 15.684439 37.545486 46.803692
v 15.842105 38.129513 47.853313
v 15.704634 38.109703 47.779526
v 15.684439 38.079960 47.741901
v 16.025709 38.155037 47.926559
v 15.859847 38.152550 47.878780
v 16.222742 38.154785 47.956646
v 16.036188 38.174004 47.943752
v 16.222820 38.159492 47.962856
v 16.223047 38.165642 47.967640
v 16.223412 38.172813 47.970673
v 16.037302 37.418575 46.627476
v 16.222742 37.398926 46.629818
v 16.222820 37.395985 46.622601
v 15.862350 37.463173 46.678658
v 15.708359 37.526199 46.765438
v 15.584280 37.603992 46.882778
v 15.563458 37.631817 46.936501
v 15.556864 37.631229 46.932384
v 15.550874 37.632446 46.927547
v 15.491924 37.695446 47.019394
v 15.497326 37.692039 47.023861
v 15.487407 37.728035 47.093613
v 15.480042 37.728420 47.091091
v 15.473335 37.730545 47.087738
v 15.446790 37.789364 47.177258
v 15.452547 37.785213 47.180481
v 15.461466 37.827579 47.264336
v 15.453839 37.828972 47.263538
v 15.446888 37.832035 47.261795
v 15.446790 37.882992 47.341614
v 15.452547 37.878101 47.343540
v 15.487407 37.923668 47.437023
v 15.480042 37.926033 47.437977
v 15.473335 37.930004 47.437862
v 15.491924 37.970894 47.502903
v 15.497326 37.965309 47.503559
v 15.563458 38.009747 47.599915
v 15.556864 38.012989 47.602512
v 15.550874 38.017769 47.603935
v 15.579569 38.047958 47.651756
v 15.584280 38.041767 47.651241
v 15.679070 38.083908 47.745941
v 15.674220 38.089352 47.748699
v 15.838330 38.133965 47.858482
v 15.834968 38.139877 47.862289
v 16.023794 38.159744 47.932468
v 16.022163 38.165897 47.936970
v 15.698183 38.105755 47.789310
v 15.571726 38.043316 47.660114
v 15.855125 38.149078 47.889671
v 15.483103 37.965393 47.509605
v 16.033432 38.170769 47.955372
v 15.437466 37.876514 47.346516
v 16.222742 38.169563 47.982586
v 15.437466 37.781841 47.180332
v 16.412052 38.145538 47.969738
v 16.419775 38.128784 47.941517
v 15.483103 37.686878 47.020710
v 16.590359 38.100090 47.917576
v 16.603380 38.078793 47.882210
v 15.571726 37.597149 46.876923
v 16.747301 38.035854 47.829128
v 16.761044 38.008228 47.782764
v 15.698183 37.517860 46.757328
v 16.873758 37.956562 47.709538
v 16.882025 37.921894 47.649963
v 15.855125 37.453625 46.668880
v 16.962381 37.866833 47.565750
v 16.958076 37.825680 47.492847
v 16.033432 37.408173 46.616722
v 17.008018 37.771870 47.406128
v 16.984016 37.726135 47.322128
v 16.222742 37.384148 46.603878
v 17.008018 37.677200 47.239944
v 16.958076 37.630047 47.149441
v 16.412052 37.382946 46.631092
v 16.419775 37.398678 46.659901
v 16.962381 37.588322 47.076855
v 16.882025 37.543964 46.986549
v 16.590359 37.404636 46.696789
v 16.603380 37.424198 46.733147
v 16.873758 37.510399 46.926342
v 16.761044 37.473755 46.844555
v 16.747301 37.447960 46.797153
v 16.225023 37.410011 46.589142
v 16.401049 37.408131 46.613102
v 16.568245 37.426037 46.670437
v 16.718231 37.462826 46.758255
v 16.843487 37.516663 46.872162
v 16.937731 37.584846 47.006447
v 16.996235 37.663952 47.154373
v 17.016068 37.750015 47.308521
v 16.996235 37.838726 47.461163
v 16.937731 37.925625 47.604649
v 16.843487 38.006367 47.731777
v 16.718231 38.076893 47.836174
v 16.568245 38.133675 47.912609
v 16.401049 38.173859 47.957245
v 16.225023 38.195431 47.967850
v 16.410633 38.149055 47.957966
v 16.586975 38.104103 47.906380
v 16.742188 38.040573 47.818909
v 16.586975 37.416317 46.699047
v 16.742188 37.459160 46.798306
v 16.410633 37.394863 46.634071
v 16.223885 37.399059 46.599983
v 16.224434 37.403824 46.593834
v 16.400232 38.166687 47.960194
v 16.223885 38.180519 47.971741
v 16.224434 38.188232 47.970779
v 16.567215 38.126553 47.915611
v 16.717009 38.069847 47.839272
v 16.842104 37.999409 47.735008
v 16.867250 37.962162 47.700634
v 16.871618 37.968590 47.700073
v 16.874615 37.975506 47.698086
v 16.936226 37.918774 47.608044
v 16.954897 37.873417 47.558434
v 16.959793 37.879311 47.557011
v 16.963123 37.885887 47.554482
v 16.994654 37.831985 47.464741
v 17.000031 37.779503 47.400566
v 17.005199 37.784828 47.398193
v 17.008703 37.791050 47.395061
v 17.014463 37.743389 47.312294
v 17.000031 37.685871 47.236214
v 17.005199 37.690632 47.232845
v 17.008703 37.696499 47.229092
v 16.994654 37.657436 47.158344
v 16.954897 37.597973 47.074924
v 16.959793 37.602203 47.070580
v 16.963123 37.607735 47.066212
v 16.936226 37.578430 47.010609
v 16.867250 37.520908 46.926071
v 16.871618 37.524673 46.920826
v 16.874615 37.529907 46.915890
v 16.842104 37.510338 46.876499
v 16.745798 37.462551 46.792286
v 16.748320 37.467552 46.786865
v 16.589647 37.419445 46.692429
v 16.591579 37.424286 46.686634
v 16.412239 37.397865 46.627064
v 16.413500 37.402622 46.621017
v 16.035715 38.196632 47.940636
v 16.035528 37.422966 46.612762
v 16.035366 37.427814 46.606667
v 16.035715 37.434040 46.601986
v 15.858120 37.468185 46.664661
v 15.857289 37.473209 46.658764
v 15.857408 37.479488 46.654144
v 15.701969 37.532097 46.752663
v 15.700547 37.537365 46.747097
v 15.700465 37.543724 46.742596
v 15.574008 37.623013 46.862186
v 15.576149 37.610989 46.871651
v 15.574253 37.616547 46.866535
v 15.487973 37.700268 47.014713
v 15.485744 37.706165 47.010139
v 15.485386 37.712746 47.005974
v 15.442566 37.794750 47.173534
v 15.440166 37.801006 47.169552
v 15.439749 37.807709 47.165596
v 15.442566 37.888947 47.338882
v 15.440166 37.895557 47.335526
v 15.439749 37.902378 47.331779
v 15.487973 37.977375 47.501144
v 15.485744 37.984322 47.498409
v 15.485386 37.991257 47.494869
v 15.576149 38.054905 47.650902
v 15.574253 38.062145 47.648727
v 15.574008 38.069180 47.645386
v 15.701969 38.117027 47.779442
v 15.700547 38.124504 47.777752
v 15.700465 38.131618 47.774574
v 15.858120 38.160133 47.879295
v 15.857289 38.167770 47.877983
v 15.857408 38.174942 47.874935
v 16.035528 38.181713 47.944660
v 16.035366 38.189434 47.943596
v 16.408796 38.142067 47.955032
v 16.583748 38.097473 47.903854
v 16.737736 38.034447 47.817074
v 16.861814 37.956650 47.699730
v 16.888777 37.924244 47.653065
v 16.895222 37.928196 47.654964
v 16.948771 37.868603 47.558651
v 16.965597 37.827053 47.494362
v 16.972759 37.830097 47.494774
v 16.993549 37.775429 47.402031
v 16.991798 37.726501 47.321918
v 16.999208 37.728607 47.320713
v 16.993549 37.682541 47.238972
v 16.965597 37.629440 47.147476
v 16.972759 37.630642 47.144653
v 16.948771 37.595333 47.078949
v 16.888777 37.542488 46.982941
v 16.895222 37.542877 46.978577
v 16.861814 37.518875 46.931271
v 16.766571 37.471565 46.839516
v 16.771875 37.471291 46.833813
v 16.607311 37.421509 46.726974
v 16.611128 37.420769 46.720219
v 16.421846 37.395729 46.652988
v 16.423933 37.394749 46.645542
v 16.125370 37.004200 48.502293
v 16.127924 37.033142 48.485809
v 16.313044 36.978302 48.485905
v 16.326168 37.004951 48.467030
v 16.485514 36.927708 48.423813
v 16.506447 36.949345 48.397346
v 16.628807 36.856522 48.321049
v 16.652424 36.871365 48.283077
v 16.731314 36.770504 48.185936
v 16.750874 36.778076 48.134579
v 16.784733 36.676628 48.029427
v 16.792871 36.677937 47.965294
v 16.784733 36.582504 47.864197
v 16.774612 36.580013 47.790577
v 16.731314 36.495747 47.703632
v 16.697752 36.493187 47.626255
v 16.628807 36.423393 47.560741
v 16.569252 36.425323 47.487221
v 16.485514 36.371300 47.447098
v 16.400761 36.382572 47.386070
v 16.313044 36.343689 47.371914
v 16.312866 36.372414 47.354630
v 16.221317 36.368778 47.334068
v 16.125370 36.342796 47.341278
v 16.127924 36.371735 47.324787
v 16.390331 36.362862 47.417545
v 16.213331 36.349464 47.366611
v 16.029205 36.362320 47.360645
v 15.929680 36.399929 47.343567
v 15.852869 36.400383 47.400150
v 15.749400 36.455536 47.413250
v 15.698609 36.460571 47.481907
v 15.603422 36.533512 47.527519
v 15.578923 36.538013 47.599300
v 15.504973 36.626801 47.676025
v 15.503507 36.626427 47.742825
v 15.462976 36.726944 47.845303
v 15.478471 36.718658 47.900841
v 15.481236 36.824863 48.020023
v 15.505841 36.807228 48.060562
v 15.558096 36.911690 48.184341
v 15.583404 36.884964 48.209030
v 15.686594 36.979557 48.323376
v 15.704872 36.945572 48.334240
v 15.855085 37.022308 48.424526
v 15.860408 36.984135 48.426025
v 15.937696 36.368694 47.357670
v 15.765225 36.419292 47.419758
v 15.621932 36.490479 47.522522
v 15.519425 36.576492 47.657635
v 15.466008 36.670368 47.814144
v 15.466008 36.764496 47.979374
v 15.519425 36.851250 48.139938
v 15.621932 36.923607 48.282829
v 15.765225 36.975700 48.396469
v 15.937696 37.003307 48.471661
v 15.942981 37.032463 48.455971
v 16.034531 37.036098 48.476532
v 16.545866 36.401428 47.509335
v 16.667336 36.462032 47.634537
v 16.744898 36.539772 47.783012
v 16.037407 36.997532 48.476967
v 16.772268 36.628338 47.942730
v 16.221535 36.984680 48.482925
v 16.747232 36.720570 48.100746
v 16.397871 36.946613 48.443424
v 16.671816 36.808987 48.244270
v 16.552130 36.886425 48.361668
v 15.725193 38.017673 47.590534
v 15.848673 38.145790 47.834560
v 15.692971 38.096855 47.724533
v 15.573499 38.027515 47.584316
v 15.498394 37.942509 47.423454
v 16.053885 38.107559 47.799240
v 16.029989 38.170998 47.906891
v 16.224567 38.170750 47.936604
v 15.599225 37.839195 47.257717
v 15.472776 37.847618 47.252918
v 15.498394 37.749313 47.084328
v 16.449755 38.072144 47.798393
v 16.419144 38.145069 47.921661
v 15.650385 37.712814 47.043800
v 15.573499 37.654297 46.929169
v 16.600462 38.095703 47.863094
v 16.653387 37.994904 47.694355
v 16.756161 38.026016 47.764889
v 15.795745 37.600151 46.868553
v 15.692971 37.569038 46.798019
v 15.848673 37.499355 46.699810
v 16.875633 37.940762 47.633739
v 16.798748 37.882240 47.519108
v 15.999377 37.522915 46.764515
v 16.029989 37.449989 46.641243
v 16.950739 37.845741 47.478580
v 16.849907 37.755863 47.305187
v 16.224567 37.424309 46.626305
v 16.976355 37.747440 47.309990
v 16.395248 37.487499 46.763672
v 16.419144 37.424061 46.656017
v 16.950739 37.652546 47.139454
v 16.723938 37.577381 46.972374
v 16.600462 37.449265 46.728344
v 16.875633 37.567539 46.978592
v 16.756161 37.498203 46.838371
v 16.224571 37.423916 46.625477
v 16.419386 38.145554 47.922405
v 16.224571 38.171265 47.937363
v 16.419632 38.146145 47.923058
v 16.419878 38.146835 47.923615
v 16.224613 38.172607 47.938606
v 16.224588 38.171890 47.938034
v 16.600924 38.096127 47.863770
v 16.601385 38.096664 47.864349
v 16.601837 38.097298 47.864838
v 16.758085 38.027367 47.766285
v 16.756813 38.026356 47.765446
v 16.757458 38.026810 47.765915
v 16.877979 37.941807 47.634674
v 16.876431 37.940994 47.634129
v 16.877218 37.941345 47.634445
v 16.951626 37.845860 47.478783
v 16.952503 37.846100 47.478916
v 16.953350 37.846455 47.478966
v 16.977274 37.747440 47.309990
v 16.978180 37.747562 47.309917
v 16.979055 37.747803 47.309780
v 16.953350 37.652580 47.138641
v 16.951626 37.652431 47.139244
v 16.952503 37.652443 47.138973
v 16.876431 37.567318 46.978188
v 16.877218 37.567230 46.977726
v 16.877979 37.567268 46.977215
v 16.756813 37.497898 46.837795
v 16.757458 37.497726 46.837170
v 16.758085 37.497688 46.836498
v 16.601837 37.448578 46.726086
v 16.600924 37.448902 46.727642
v 16.601385 37.448673 46.726883
v 16.419386 37.423668 46.655220
v 16.419632 37.423409 46.654373
v 16.224588 37.423656 46.624596
v 16.224613 37.423534 46.623684
v 16.419878 37.423283 46.653500
v 16.029758 37.449627 46.640434
v 16.029543 37.449398 46.639568
v 16.029350 37.449306 46.638676
v 15.848220 37.499054 46.699070
v 15.847791 37.498882 46.698277
v 15.847393 37.498844 46.697453
v 15.691143 37.568779 46.796001
v 15.692330 37.568825 46.797398
v 15.691716 37.568733 46.796719
v 15.571248 37.654335 46.927616
v 15.572712 37.654182 46.928707
v 15.571957 37.654198 46.928185
v 15.497518 37.749317 47.084053
v 15.496673 37.749443 47.083717
v 15.495878 37.749687 47.083324
v 15.471869 37.847740 47.252850
v 15.470994 37.847980 47.252712
v 15.470172 37.848339 47.252510
v 15.497518 37.942745 47.423592
v 15.496673 37.943100 47.423656
v 15.495878 37.943565 47.423649
v 15.572712 38.027859 47.584648
v 15.571957 38.028313 47.584900
v 15.571248 38.028873 47.585075
v 15.691143 38.098454 47.725788
v 15.692330 38.097279 47.725040
v 15.691716 38.097816 47.725460
v 15.847393 38.147564 47.836205
v 15.848220 38.146275 47.835197
v 15.847791 38.146873 47.835751
v 16.029758 38.171513 47.907616
v 16.029543 38.172138 47.908253
v 16.029350 38.172859 47.908787
v 16.224651 38.173409 47.939053
v 16.029182 37.449352 46.637772
v 16.224651 37.423550 46.622768
v 16.029045 37.449535 46.636887
v 16.224695 37.423710 46.621864
v 16.224749 37.424007 46.620998
v 16.028942 37.449848 46.636028
v 15.847036 37.498940 46.696609
v 15.846729 37.499172 46.695774
v 15.846478 37.499527 46.694969
v 15.689794 37.569653 46.793793
v 15.690623 37.568947 46.795265
v 15.690170 37.569241 46.794521
v 15.570603 37.654594 46.927013
v 15.570039 37.654968 46.926395
v 15.569566 37.655449 46.925770
v 15.495156 37.750046 47.082886
v 15.494520 37.750511 47.082405
v 15.493987 37.751068 47.081913
v 15.468209 37.849991 47.251568
v 15.469421 37.848801 47.252243
v 15.468762 37.849354 47.251926
v 15.495156 37.944122 47.423561
v 15.494520 37.944767 47.423409
v 15.493987 37.945480 47.423180
v 15.569566 38.031029 47.585056
v 15.570603 38.029522 47.585155
v 15.570039 38.030247 47.585152
v 15.689794 38.100803 47.726162
v 15.690623 38.099174 47.726017
v 15.690170 38.099964 47.726143
v 15.846478 38.150047 47.836880
v 15.847036 38.148338 47.836552
v 15.846729 38.149170 47.836773
v 16.029182 38.173656 47.909210
v 16.224695 38.174267 47.939381
v 16.029045 38.174515 47.909508
v 16.224749 38.175163 47.939568
v 16.028942 38.175411 47.909668
v 16.420555 37.423759 46.650894
v 16.420118 38.147610 47.924049
v 16.420345 38.148441 47.924358
v 16.420555 38.149319 47.924534
v 16.602264 38.098019 47.865211
v 16.602661 38.098804 47.865467
v 16.603018 38.099644 47.865601
v 16.758677 38.028015 47.766560
v 16.759220 38.028736 47.766724
v 16.759701 38.029518 47.766769
v 16.879929 37.943722 47.634792
v 16.878696 37.942368 47.634808
v 16.879351 37.943008 47.634850
v 16.954144 37.846912 47.478943
v 16.954870 37.847469 47.478836
v 16.955507 37.848103 47.478657
v 16.979877 37.748161 47.309578
v 16.980627 37.748623 47.309311
v 16.981285 37.749180 47.308994
v 16.954144 37.652836 47.138260
v 16.954870 37.653210 47.137836
v 16.955507 37.653690 47.137383
v 16.878696 37.567436 46.976665
v 16.879351 37.567730 46.976093
v 16.879929 37.568142 46.975506
v 16.759701 37.498367 46.834404
v 16.758677 37.497784 46.835804
v 16.759220 37.498013 46.835102
v 16.602264 37.448620 46.725277
v 16.602661 37.448807 46.724464
v 16.603018 37.449120 46.723682
v 16.420118 37.423306 46.652611
v 16.420345 37.423462 46.651741
v 17.025059 37.881325 47.233715
v 16.993090 37.986923 47.388508
v 17.015701 37.892967 47.227085
v 17.002150 37.976528 47.397285
v 16.926571 38.078430 47.538834
v 16.934746 38.069248 47.549603
v 16.820009 38.162174 47.669327
v 16.826771 38.154099 47.681824
v 16.679596 38.233284 47.772396
v 16.684494 38.226154 47.786266
v 16.516191 38.281223 47.856857
v 16.513496 38.287628 47.842064
v 16.331636 38.316097 47.889496
v 16.331360 38.322048 47.874275
v 16.143770 38.334549 47.867153
v 16.141560 38.328766 47.882278
v 15.957006 38.318478 47.835632
v 15.961634 38.324398 47.821117
v 15.788700 38.285839 47.752270
v 15.795532 38.292187 47.738842
v 15.646425 38.232746 47.637024
v 15.655120 38.239788 47.625107
v 15.548558 38.170246 47.486526
v 15.538449 38.162281 47.496605
v 15.471046 38.078541 47.339165
v 15.482038 38.087601 47.331154
v 15.459427 37.996662 47.168015
v 15.448134 37.986393 47.173866
v 17.015692 37.892868 47.227139
v 16.993080 37.986820 47.388565
v 16.926561 38.078327 47.538891
v 16.819998 38.162071 47.669384
v 16.679586 38.233181 47.772457
v 16.513487 38.287525 47.842121
v 16.331350 38.321949 47.874329
v 16.143761 38.334446 47.867210
v 15.961624 38.324295 47.821178
v 15.795523 38.292084 47.738903
v 15.655110 38.239685 47.625168
v 15.548549 38.170139 47.486588
v 15.482030 38.087498 47.331211
v 15.459418 37.996555 47.168076
v 15.765662 37.681828 46.663044
v 15.795523 37.656242 46.622757
v 15.655110 37.727352 46.725834
v 15.554958 37.826885 46.885033
v 15.548549 37.811096 46.856319
v 15.961624 37.601898 46.553093
v 15.482030 37.902603 47.006645
v 16.070686 37.588890 46.547153
v 16.143761 37.567474 46.520885
v 15.479818 37.995197 47.168842
v 16.273003 37.566589 46.539345
v 16.331350 37.554977 46.528004
v 16.510748 37.575634 46.592056
v 16.513487 37.565128 46.574039
v 15.541795 38.140057 47.432724
v 16.679586 37.597340 46.656311
v 16.757332 37.636364 46.736858
v 15.717778 38.253059 47.658356
v 16.819998 37.649738 46.770046
v 16.933315 37.749367 46.962490
v 16.926561 37.719284 46.908627
v 15.964365 38.313789 47.803158
v 16.993080 37.801926 47.063999
v 16.202108 38.322834 47.855869
v 16.995293 37.894226 47.226364
v 16.404425 38.300533 47.848061
v 16.920151 38.062538 47.510181
v 16.709448 38.207596 47.732170
v 15.471046 37.891190 47.010296
v 15.538449 37.798470 46.857975
v 15.646425 37.713615 46.725754
v 15.788700 37.641563 46.621315
v 15.957006 37.586494 46.550724
v 16.141560 37.551617 46.518085
v 16.331636 37.538956 46.525299
v 16.516191 37.549240 46.571949
v 16.684494 37.581879 46.655312
v 16.826771 37.634972 46.770554
v 16.934746 37.705437 46.910973
v 17.002150 37.789177 47.068413
v 15.482038 37.902706 47.006592
v 15.548558 37.811199 46.856262
v 15.655120 37.727455 46.725769
v 15.795532 37.656349 46.622700
v 15.961634 37.602001 46.553032
v 16.143770 37.567581 46.520824
v 16.331360 37.555080 46.527943
v 16.513496 37.565231 46.573982
v 16.679596 37.597443 46.656254
v 16.820009 37.649845 46.769989
v 16.926571 37.719383 46.908566
v 16.993090 37.802029 47.063942
v 15.765672 38.270580 47.696289
v 15.554968 38.153603 47.458309
v 16.070696 38.322872 47.835331
v 15.479828 37.995300 47.168789
v 16.273012 38.318214 47.858498
v 16.510756 38.277489 47.823837
v 15.541804 37.842186 46.909611
v 16.757341 38.183899 47.697754
v 15.717787 37.705730 46.697346
v 16.933325 38.047443 47.485485
v 15.964374 37.612141 46.571259
v 16.202118 37.571415 46.536598
v 16.995300 37.894329 47.226311
v 16.404434 37.566761 46.559765
v 16.920160 37.736031 46.936790
v 16.709457 37.619049 46.698807
v 16.224611 38.172554 47.938595
v 16.419865 38.146782 47.923603
v 16.224585 38.171818 47.938015
v 16.224567 38.171177 47.937325
v 16.419363 38.145470 47.922371
v 16.224562 38.170654 47.936550
v 16.419117 38.144974 47.921616
v 16.419615 38.146076 47.923038
v 16.600883 38.096050 47.863739
v 16.600412 38.095615 47.863056
v 16.601814 38.097248 47.864834
v 16.601355 38.096596 47.864338
v 16.758057 38.027317 47.766285
v 16.756758 38.026283 47.765423
v 16.756094 38.025936 47.764862
v 16.757418 38.026749 47.765903
v 16.876364 37.940929 47.634125
v 16.875553 37.940693 47.633728
v 16.877945 37.941765 47.634674
v 16.877169 37.941292 47.634445
v 16.951553 37.845806 47.478794
v 16.950647 37.845684 47.478584
v 16.953312 37.846413 47.478977
v 16.952448 37.846050 47.478928
v 16.977198 37.747395 47.310017
v 16.976261 37.747395 47.310017
v 16.979017 37.747768 47.309803
v 16.978125 37.747520 47.309944
v 16.951553 37.652397 47.139286
v 16.950647 37.652515 47.139500
v 16.953312 37.652546 47.138668
v 16.952448 37.652409 47.139011
v 16.876364 37.567291 46.978245
v 16.875553 37.567513 46.978657
v 16.877169 37.567200 46.977776
v 16.877945 37.567242 46.977249
v 16.756758 37.497879 46.837868
v 16.756094 37.498188 46.838455
v 16.757418 37.497704 46.837227
v 16.758057 37.497665 46.836544
v 16.600883 37.448883 46.727722
v 16.600412 37.449253 46.728443
v 16.419117 37.424053 46.656116
v 16.601355 37.448650 46.726944
v 16.601814 37.448559 46.726131
v 16.419363 37.423653 46.655308
v 16.224562 37.424301 46.626415
v 16.224567 37.423901 46.625565
v 16.419615 37.423389 46.654446
v 16.224585 37.423634 46.624668
v 16.224611 37.423512 46.623741
v 16.419865 37.423267 46.653549
v 15.725189 37.643875 46.934490
v 15.848712 37.499340 46.699913
v 15.693030 37.569016 46.798103
v 15.573571 37.654263 46.929241
v 15.498475 37.749268 47.084377
v 16.053881 37.510189 46.750744
v 16.030006 37.449978 46.641350
v 15.599220 37.839142 47.257748
v 15.472862 37.847561 47.252953
v 15.498475 37.942440 47.423470
v 16.449751 37.492855 46.781635
v 15.650379 37.958706 47.475552
v 15.573571 38.027439 47.584309
v 16.653383 37.542957 46.901134
v 15.795739 38.051994 47.661835
v 15.693030 38.096767 47.724514
v 15.848712 38.145699 47.834522
v 16.798742 37.636250 47.087418
v 15.999373 38.102100 47.781326
v 16.030006 38.170902 47.906845
v 16.849903 37.755810 47.305218
v 16.395243 38.084763 47.812222
v 16.723934 37.951080 47.628471
v 16.029356 37.449284 46.638725
v 16.029772 37.449612 46.640522
v 16.029554 37.449375 46.639637
v 15.848252 37.499031 46.699154
v 15.847408 37.498821 46.697502
v 15.847814 37.498856 46.698341
v 15.691166 37.568748 46.796047
v 15.692376 37.568794 46.797466
v 15.691750 37.568707 46.796780
v 15.572769 37.654148 46.928768
v 15.571276 37.654305 46.927654
v 15.571999 37.654160 46.928238
v 15.497580 37.749271 47.084099
v 15.495911 37.749653 47.083355
v 15.496719 37.749401 47.083755
v 15.471936 37.847687 47.252880
v 15.470204 37.848297 47.252529
v 15.471043 37.847931 47.252739
v 15.497580 37.942680 47.423607
v 15.495911 37.943520 47.423664
v 15.496719 37.943043 47.423672
v 15.572769 38.027786 47.584648
v 15.571999 38.028252 47.584908
v 15.571276 38.028824 47.585079
v 15.692376 38.097202 47.725025
v 15.691750 38.097752 47.725456
v 15.691166 38.098400 47.725788
v 15.848252 38.146194 47.835175
v 15.847814 38.146801 47.835735
v 15.847408 38.147511 47.836197
v 16.029772 38.171425 47.907585
v 16.029554 38.172066 47.908237
v 16.029356 38.172802 47.908783
v 16.224648 37.423534 46.622803
v 16.029186 37.449333 46.637810
v 16.029047 37.449524 46.636902
v 16.224693 37.423702 46.621880
v 15.847045 37.498924 46.696640
v 15.846733 37.499161 46.695789
v 15.690636 37.568924 46.795292
v 15.690176 37.569229 46.794537
v 15.570620 37.654572 46.927040
v 15.570045 37.654957 46.926407
v 15.495173 37.750019 47.082905
v 15.494528 37.750496 47.082420
v 15.469440 37.848770 47.252266
v 15.468770 37.849339 47.251938
v 15.495173 37.944092 47.423576
v 15.494528 37.944752 47.423412
v 15.570620 38.029488 47.585167
v 15.570045 38.030228 47.585155
v 15.690636 38.099140 47.726021
v 15.690176 38.099945 47.726151
v 15.847045 38.148300 47.836552
v 15.846733 38.149155 47.836781
v 16.029186 38.173618 47.909210
v 16.224648 38.173370 47.939053
v 16.029047 38.174496 47.909508
v 16.224693 38.174248 47.939381
v 16.420111 38.147572 47.924049
v 16.420341 38.148426 47.924358
v 16.602251 38.097984 47.865211
v 16.602655 38.098789 47.865471
v 16.758659 38.027977 47.766560
v 16.759212 38.028721 47.766724
v 16.878675 37.942337 47.634815
v 16.879343 37.942993 47.634853
v 16.954121 37.846886 47.478951
v 16.954859 37.847454 47.478840
v 16.979855 37.748135 47.309593
v 16.980618 37.748608 47.309322
v 16.954121 37.652813 47.138283
v 16.954859 37.653198 47.137848
v 16.878675 37.567417 46.976688
v 16.879343 37.567719 46.976105
v 16.758659 37.497765 46.835831
v 16.759212 37.498001 46.835110
v 16.602251 37.448605 46.725307
v 16.602655 37.448795 46.724480
v 16.420111 37.423286 46.652645
v 16.420341 37.423450 46.651756
v 14.950034 36.187759 48.409946
v 14.954197 36.187485 48.410107
v 14.950157 36.189335 48.409431
v 14.954473 36.191650 48.410137
v 14.950263 36.190987 48.409569
v 14.950331 36.192455 48.410347
v 14.950341 36.193874 48.412586
v 14.954473 36.193718 48.413761
v 14.950226 36.193657 48.415230
v 14.950034 36.191895 48.417202
v 14.955598 36.191525 48.417416
v 14.949758 36.187729 48.417175
v 14.962605 36.186924 48.410423
v 14.949758 36.185661 48.413548
v 14.966967 36.383202 48.417221
v 14.966967 36.285305 48.245380
v 12.831442 12.136907 62.118347
v 12.832567 12.134713 62.122002
v 12.831442 12.134840 62.114723
v 12.818396 12.036985 62.286674
v 12.831165 12.130674 62.114693
v 12.818396 11.939090 62.114830
v 14.869142 36.401882 48.434864
v 14.920638 36.397491 48.435123
v 14.821248 36.395634 48.416473
v 14.770972 36.404152 48.423634
v 14.800431 36.402191 48.424755
v 14.800431 36.397022 48.415684
v 14.758798 36.398918 48.412563
v 14.920638 36.277191 48.223957
v 14.869142 36.279659 48.220310
v 14.821248 36.292290 48.235062
v 14.800431 36.293678 48.234272
v 14.770973 36.290474 48.224083
v 14.800431 36.288509 48.225204
v 14.758798 36.297329 48.234234
v 12.610225 12.052703 62.282017
v 12.622401 12.057936 62.293087
v 12.651859 12.055974 62.294205
v 12.651859 12.050806 62.285137
v 12.672677 12.049418 62.285927
v 12.720572 12.055667 62.304310
v 12.772066 12.051272 62.304577
v 12.772066 11.930977 62.093410
v 12.720572 11.933444 62.089767
v 12.672677 11.946074 62.104519
v 12.651859 11.947461 62.103725
v 12.610225 11.951113 62.103687
v 12.622398 11.944257 62.093536
v 12.651859 11.942295 62.094654
v 12.827002 12.130951 62.114532
v 12.827127 12.132524 62.114017
v 12.827231 12.134177 62.114155
v 12.827300 12.135645 62.114929
v 12.827310 12.137063 62.117172
v 12.827194 12.136847 62.119812
v 12.827002 12.135084 62.121788
v 12.826726 12.130919 62.121761
v 12.839572 12.130114 62.115005
v 12.826726 12.128852 62.118130
v 14.950034 36.001743 48.083412
v 14.954197 36.001465 48.083569
v 14.950157 36.003315 48.082893
v 14.954473 36.005630 48.083595
v 14.950263 36.004967 48.083035
v 14.950331 36.006435 48.083805
v 14.950341 36.007854 48.086052
v 14.954473 36.007698 48.087223
v 14.950226 36.007637 48.088692
v 14.950034 36.005875 48.090664
v 14.955598 36.005505 48.090878
v 14.949758 36.001709 48.090641
v 14.962605 36.000904 48.083885
v 14.949758 35.999641 48.087009
v 14.966967 36.197182 48.090687
v 14.966967 36.099285 47.918842
v 12.831442 11.950886 61.791809
v 12.832567 11.948694 61.795464
v 12.831442 11.948820 61.788181
v 12.818396 11.850965 61.960133
v 12.831165 11.944654 61.788155
v 12.818396 11.753071 61.788292
v 14.869142 36.215862 48.108322
v 14.920638 36.211468 48.108585
v 14.821248 36.209614 48.089935
v 14.770972 36.218132 48.097099
v 14.800431 36.216167 48.098221
v 14.800431 36.211002 48.089146
v 14.758798 36.212898 48.086025
v 14.920638 36.091171 47.897419
v 14.869142 36.093639 47.893776
v 14.821248 36.106270 47.908527
v 14.800431 36.107655 47.907738
v 14.770973 36.104454 47.897549
v 14.800431 36.102489 47.898670
v 14.758798 36.111305 47.907696
v 12.610225 11.866683 61.955479
v 12.622401 11.871916 61.966553
v 12.651859 11.869953 61.967667
v 12.651859 11.864786 61.958599
v 12.672677 11.863400 61.959389
v 12.720572 11.869647 61.977776
v 12.772066 11.865253 61.978039
v 12.772066 11.744956 61.766872
v 12.720572 11.747424 61.763229
v 12.672677 11.760054 61.777981
v 12.651859 11.761441 61.777191
v 12.610225 11.765093 61.777149
v 12.622398 11.758237 61.767002
v 12.651859 11.756274 61.768120
v 12.827002 11.944931 61.787998
v 12.827127 11.946506 61.787476
v 12.827231 11.948156 61.787621
v 12.827300 11.949625 61.788391
v 12.827310 11.951043 61.790638
v 12.827194 11.950828 61.793278
v 12.827002 11.949065 61.795250
v 12.826726 11.944899 61.795223
v 12.839572 11.944093 61.788471
v 12.826726 11.942831 61.791595
v 17.185776 36.042931 48.502064
v 17.181612 36.043209 48.501907
v 17.185898 36.044178 48.500973
v 17.181889 36.045311 48.498306
v 17.186005 36.044903 48.499481
v 17.186071 36.044987 48.497822
v 17.186083 36.043777 48.495457
v 17.181889 36.043243 48.494678
v 17.185966 36.041397 48.494297
v 17.185776 36.038799 48.494804
v 17.180210 36.039169 48.494598
v 17.185499 36.036697 48.498405
v 17.173204 36.043770 48.501583
v 17.185499 36.038765 48.502033
v 17.194382 36.136898 48.329922
v 17.194382 36.234795 48.501762
v 15.058858 11.986432 62.199265
v 15.057179 11.982358 62.199181
v 15.058858 11.988499 62.202892
v 15.045810 11.790682 62.199375
v 15.058581 11.986399 62.206490
v 15.045810 11.888576 62.371216
v 17.292206 36.118217 48.312279
v 17.240709 36.122612 48.312019
v 17.340099 36.124466 48.330669
v 17.390375 36.115948 48.323509
v 17.360916 36.117908 48.322388
v 17.360916 36.123077 48.331463
v 17.402550 36.121181 48.334579
v 17.240709 36.242908 48.523186
v 17.292206 36.240440 48.526833
v 17.340099 36.227810 48.512081
v 17.360916 36.226425 48.512871
v 17.390375 36.229626 48.523060
v 17.360916 36.231590 48.521938
v 17.402550 36.222771 48.512909
v 15.253981 11.774965 62.204033
v 15.241806 11.769732 62.192959
v 15.212347 11.771693 62.191841
v 15.212347 11.776861 62.200909
v 15.191529 11.778249 62.200119
v 15.143634 11.771999 62.181736
v 15.092139 11.776395 62.181469
v 15.092139 11.896690 62.392639
v 15.143634 11.894223 62.396286
v 15.191529 11.881593 62.381535
v 15.212347 11.880205 62.382324
v 15.253981 11.876554 62.382359
v 15.241807 11.883410 62.392509
v 15.212347 11.885372 62.391392
v 15.062744 11.986121 62.206650
v 15.062869 11.987369 62.205559
v 15.062974 11.988091 62.204063
v 15.063043 11.988175 62.202408
v 15.063051 11.986968 62.200043
v 15.062937 11.984585 62.198883
v 15.062744 11.981988 62.199390
v 15.062468 11.979888 62.202988
v 15.050175 11.986959 62.206169
v 15.062468 11.981956 62.206619
v 17.185776 35.856915 48.175529
v 17.181612 35.857189 48.175369
v 17.185898 35.858158 48.174438
v 17.181889 35.859287 48.171772
v 17.186005 35.858883 48.172943
v 17.186071 35.858963 48.171288
v 17.186083 35.857758 48.168922
v 17.181889 35.857224 48.168140
v 17.185966 35.855377 48.167759
v 17.185776 35.852779 48.168270
v 17.180210 35.853149 48.168060
v 17.185499 35.850677 48.171867
v 17.173204 35.857750 48.175049
v 17.185499 35.852745 48.175499
v 17.194382 35.950878 48.003387
v 17.194382 36.048775 48.175228
v 15.058858 11.800411 61.872726
v 15.057179 11.796338 61.872646
v 15.058858 11.802478 61.876358
v 15.045810 11.604663 61.872841
v 15.058581 11.800380 61.879955
v 15.045810 11.702557 62.044682
v 17.292206 35.932198 47.985744
v 17.240709 35.936588 47.985481
v 17.340099 35.938446 48.004135
v 17.390375 35.929928 47.996975
v 17.360916 35.931889 47.995853
v 17.360916 35.937057 48.004925
v 17.402550 35.935162 48.008045
v 17.240709 36.056889 48.196651
v 17.292206 36.054420 48.200294
v 17.340099 36.041786 48.185543
v 17.360916 36.040401 48.186333
v 17.390375 36.043606 48.196522
v 17.360916 36.045570 48.195400
v 17.402550 36.036751 48.186375
v 15.253981 11.588944 61.877495
v 15.241806 11.583711 61.866421
v 15.212347 11.585674 61.865307
v 15.212347 11.590840 61.874374
v 15.191529 11.592228 61.873585
v 15.143634 11.585980 61.855198
v 15.092139 11.590374 61.854935
v 15.092139 11.710671 62.066101
v 15.143634 11.708204 62.069744
v 15.191529 11.695572 62.054993
v 15.212347 11.694186 62.055782
v 15.253981 11.690534 62.055824
v 15.241807 11.697390 62.065971
v 15.212347 11.699353 62.064857
v 15.062744 11.800101 61.880112
v 15.062869 11.801348 61.879021
v 15.062974 11.802071 61.877529
v 15.063043 11.802155 61.875874
v 15.063051 11.800947 61.873508
v 15.062937 11.798565 61.872345
v 15.062744 11.795968 61.872856
v 15.062468 11.793868 61.876453
v 15.050175 11.800939 61.879635
v 15.062468 11.795935 61.880081
v 14.121677 11.377681 61.162025
v 14.115292 11.305330 61.203247
v 13.748914 11.329741 61.189339
v 13.755301 11.402094 61.148121
v 14.139705 11.381648 61.171783
v 14.142494 11.386629 61.180958
v 14.136108 11.314277 61.222179
v 14.133321 11.309296 61.212997
v 14.132086 11.378373 61.164856
v 14.125700 11.306021 61.206070
v 13.744891 11.404171 61.150154
v 13.737270 11.408462 61.156506
v 13.734482 11.413815 61.165474
v 13.869974 11.444298 61.239971
v 13.734482 11.463474 61.252644
v 14.007001 11.435166 61.245171
v 14.142494 11.436289 61.268131
v 14.136108 11.363936 61.309345
v 12.802197 12.457042 63.021526
v 12.964114 12.479549 63.086117
v 12.735127 12.381127 62.877876
v 12.802197 12.296275 62.739319
v 13.126033 12.435466 63.033817
v 12.928725 11.987569 62.217022
v 12.964114 12.252192 62.687019
v 13.730886 12.332351 62.946510
v 13.193101 12.350614 62.895260
v 13.738505 12.335626 62.953438
v 12.921105 11.984294 62.210094
v 13.748914 12.336318 62.956268
v 12.939134 11.988261 62.219845
v 13.728097 12.327370 62.937336
v 12.918317 11.979313 62.200916
v 13.039164 11.981595 62.223644
v 13.126033 12.274699 62.751610
v 13.728097 12.277710 62.850163
v 14.115292 12.311905 62.970173
v 13.608267 12.003167 62.349670
v 13.756845 12.042553 62.441822
v 13.508990 11.936022 62.216427
v 13.474130 11.851338 62.062374
v 13.039164 11.779041 61.868084
v 13.018722 11.847668 61.985382
v 13.018722 11.915694 62.104794
v 13.932103 12.048181 62.478855
v 13.863590 12.278830 62.873123
v 14.000617 12.269700 62.878323
v 14.136108 12.250525 62.865650
v 12.918317 11.797428 61.881638
v 12.921105 11.792074 61.872673
v 14.125700 12.309827 62.968140
v 14.738174 12.328052 63.095009
v 14.133321 12.305537 62.961788
v 12.802197 11.495937 61.334419
v 12.928725 11.787784 61.866322
v 13.508990 11.762009 61.910965
v 14.107362 12.019197 62.455128
v 14.900091 12.350559 63.159599
v 12.735127 11.420024 61.190769
v 14.671105 12.252136 62.951359
v 14.136108 12.300184 62.952820
v 12.964114 11.518446 61.399010
v 12.939134 11.785706 61.864288
v 14.738174 12.167285 62.812801
v 14.255938 11.960013 62.374256
v 13.608267 11.681634 61.785259
v 15.062010 12.306475 63.107296
v 12.802197 11.335173 61.052212
v 13.126033 11.474361 61.346706
v 15.129079 12.221623 62.968739
v 12.964114 11.291088 60.999912
v 15.062010 12.145709 62.825092
v 12.983521 11.227788 60.891800
v 13.022888 11.224007 60.891258
v 13.061705 11.217959 60.886662
v 13.126033 11.313597 61.064503
v 13.099423 11.209732 60.878063
v 13.728097 11.391123 61.293861
v 13.193101 11.389510 61.208153
v 13.756845 11.622450 61.704384
v 13.932103 11.593466 61.680656
v 14.825042 11.862606 62.291431
v 14.390076 11.790310 62.097137
v 14.355215 11.879638 62.248543
v 14.900091 12.123200 62.760498
v 14.925072 11.855941 62.295227
v 13.728097 11.341464 61.206688
v 14.935480 11.853863 62.293190
v 13.730886 11.336111 61.197727
v 13.738505 11.331820 61.191376
v 14.943100 11.849573 62.286839
v 14.945889 11.844220 62.277878
v 13.863590 11.371947 61.281189
v 14.845483 11.793980 62.174129
v 14.000617 11.362817 61.286392
v 14.845483 11.725954 62.054718
v 14.107362 11.599095 61.717686
v 14.255938 11.638480 61.809837
v 14.825042 11.660051 61.935867
v 14.355215 11.705626 61.943085
v 14.738174 11.366948 61.407898
v 14.671105 11.291033 61.264252
v 14.900091 11.389456 61.472492
v 14.925072 11.653387 61.939663
v 14.935480 11.654078 61.942486
v 14.738174 11.206182 61.125694
v 15.062010 11.345371 61.420193
v 14.943100 11.657352 61.949421
v 14.764782 11.098772 60.941273
v 14.802501 11.101973 60.952732
v 14.900091 11.162098 61.073391
v 14.841317 11.102848 60.960281
v 14.880686 11.101383 60.963814
v 15.129079 11.260520 61.281639
v 14.945889 11.662333 61.958595
v 15.062010 11.184606 61.137989
v 12.794909 9.311771 61.983311
v 12.617966 9.347098 62.017910
v 12.488433 9.420034 62.125874
v 12.441022 9.511036 62.278275
v 12.488433 10.556824 64.121376
v 12.515475 10.547271 64.108795
v 12.617966 10.612498 64.239174
v 12.633578 10.598033 64.216202
v 12.794909 10.624247 64.287209
v 12.441022 10.472139 63.965382
v 12.472251 10.470058 63.966564
v 12.794909 10.608745 64.259995
v 12.509285 10.393075 63.837170
v 12.956242 10.576535 64.228447
v 12.756524 10.292071 63.698166
v 12.811637 10.223354 63.586082
v 12.909966 10.291241 63.720478
v 12.611897 10.328830 63.740284
v 13.115192 10.407801 63.956879
v 13.246305 10.410181 63.981369
v 13.117573 10.427062 63.991058
v 13.108088 10.389141 63.923023
v 13.096363 10.371358 63.889992
v 13.074344 10.510035 64.130013
v 12.739411 10.146692 63.440323
v 13.410421 10.435102 64.050537
v 12.695267 10.063357 63.287197
v 13.584208 10.445438 64.095604
v 12.680416 9.975637 63.130913
v 13.762898 10.440906 64.115326
v 12.695267 9.885938 62.975758
v 12.611897 9.631576 62.516338
v 12.739411 9.796721 62.825989
v 14.115376 10.388132 64.077293
v 14.451453 10.418281 64.182281
v 13.941589 10.421626 64.109169
v 14.569556 10.469043 64.289680
v 12.509285 9.581004 62.411667
v 12.811637 9.710435 62.685707
v 14.279493 10.341341 64.020584
v 12.756524 9.649061 62.569435
v 14.730887 10.495255 64.360687
v 14.408228 10.341068 64.040047
v 12.472251 9.508955 62.279457
v 14.730887 10.479753 64.333481
v 14.410604 10.321490 64.006042
v 14.417709 10.301883 63.972733
v 14.429435 10.282537 63.940590
v 12.909966 9.629446 62.558773
v 14.907832 10.459929 64.326088
v 12.515475 9.425983 62.140507
v 14.892219 10.447544 64.301926
v 12.633578 9.359483 62.042072
v 15.010322 10.381044 64.203491
v 15.037364 10.386993 64.218124
v 15.084776 10.295991 64.065727
v 15.053551 10.298072 64.064545
v 12.794909 9.327273 62.010521
v 12.814316 9.310478 61.984043
v 12.853683 9.306696 61.983505
v 13.108088 9.505144 62.371269
v 13.246305 9.465686 62.323414
v 13.096363 9.524490 62.403412
v 13.115192 9.485538 62.337952
v 13.117573 9.465960 62.303955
v 14.615833 10.177582 63.785229
v 14.714161 10.096592 63.658291
v 14.769273 10.157967 63.774563
v 15.016512 10.226024 63.932331
v 13.074344 9.388747 62.161716
v 12.956242 9.337985 62.054314
v 14.913900 10.175451 63.827663
v 12.892500 9.300650 61.978901
v 12.930221 9.292421 61.970303
v 13.410421 9.418895 62.266705
v 14.786386 10.010306 63.518013
v 13.584208 9.385401 62.234833
v 14.830531 9.921088 63.368240
v 13.762898 9.366123 62.228676
v 14.845382 9.831389 63.213089
v 14.279493 9.396846 62.362633
v 14.417709 9.417886 62.420975
v 14.429435 9.435670 62.454010
v 14.410604 9.399226 62.387119
v 14.408229 9.379964 62.352943
v 14.615833 9.515786 62.623524
v 14.769273 9.514955 62.645832
v 14.714161 9.583673 62.757919
v 14.115376 9.371924 62.293461
v 14.451453 9.296993 62.213989
v 14.913900 9.478197 62.603714
v 14.786386 9.660335 62.903679
v 14.830531 9.743670 63.056805
v 15.016512 9.413952 62.506832
v 13.941589 9.361588 62.248394
v 14.595577 9.181462 62.033512
v 14.569556 9.230493 62.115551
v 14.633298 9.184663 62.044975
v 14.672112 9.185537 62.052525
v 14.730887 9.198282 62.084007
v 14.711481 9.184073 62.056057
v 14.730887 9.182781 62.056793
v 15.084776 9.334888 62.378616
v 15.053551 9.336968 62.377434
v 15.010322 9.259757 62.235203
v 14.907832 9.194530 62.104828
v 14.892219 9.208994 62.127800
v 15.037364 9.250204 62.222626
v 13.249429 10.690300 61.173969
v 13.309425 10.581569 61.235912
v 13.447797 10.572349 61.241161
v 13.466173 10.780593 61.122528
v 13.327804 10.789813 61.117279
v 14.308639 10.514992 61.273834
v 14.248644 10.623724 61.211891
v 13.526170 10.671862 61.184471
v 14.447011 10.505773 61.279087
v 14.327018 10.723236 61.155209
v 14.525384 10.605286 61.222397
v 14.465387 10.714017 61.160458
v 14.248645 10.933757 61.756123
v 14.327019 11.033269 61.699432
v 14.465388 11.024051 61.704685
v 14.525385 10.915318 61.766624
v 14.447011 10.815806 61.823315
v 14.308639 10.825026 61.818066
v 14.387015 10.965813 61.833824
v 13.249430 11.000334 61.718197
v 13.327806 11.099846 61.661507
v 13.466174 11.090627 61.666759
v 13.526171 10.981895 61.728703
v 13.447798 10.882382 61.785389
v 13.309426 10.891602 61.780136
v 13.387801 11.032389 61.795902
v 12.564493 11.438115 62.408066
v 12.560263 11.342749 62.352104
v 12.572953 11.533982 62.353447
v 12.564493 11.343246 62.241528
v 12.577183 11.534479 62.242882
v 12.572953 11.439112 62.186916
v 12.643530 11.337200 62.355263
v 12.643541 11.340050 62.359989
v 12.643572 11.343131 62.364567
v 12.643625 11.346435 62.368984
v 12.643699 11.349955 62.373230
v 12.643793 11.353681 62.377296
v 12.643906 11.357604 62.381176
v 12.644041 11.361716 62.384857
v 12.644197 11.366004 62.388325
v 12.644368 11.370460 62.391571
v 12.644561 11.375070 62.394596
v 12.644772 11.379826 62.397385
v 12.645000 11.384712 62.399933
v 12.645247 11.389720 62.402237
v 12.645511 11.394836 62.404289
v 12.645789 11.400046 62.406082
v 12.646084 11.405339 62.407612
v 12.646392 11.410700 62.408875
v 12.646716 11.416118 62.409874
v 12.647053 11.421577 62.410599
v 12.647400 11.427065 62.411045
v 12.647760 11.432568 62.411224
v 12.648131 11.438072 62.411121
v 12.648511 11.443563 62.410751
v 12.648900 11.449029 62.410103
v 12.649297 11.454454 62.409187
v 12.649699 11.459827 62.407997
v 12.650108 11.465133 62.406540
v 12.650522 11.470361 62.404823
v 12.650939 11.475493 62.402843
v 12.651359 11.480521 62.400612
v 12.651780 11.485432 62.398129
v 12.652202 11.490211 62.395409
v 12.652623 11.494850 62.392448
v 12.653043 11.499335 62.389259
v 12.653461 11.503654 62.385857
v 12.653873 11.507798 62.382236
v 12.654283 11.511756 62.378414
v 12.654685 11.515519 62.374397
v 12.655082 11.519076 62.370201
v 12.655470 11.522421 62.365829
v 12.655850 11.525540 62.361298
v 12.656220 11.528434 62.356613
v 12.656580 11.531088 62.351788
v 12.656929 11.533499 62.346836
v 12.657266 11.535661 62.341770
v 12.657588 11.537567 62.336609
v 12.657898 11.539213 62.331348
v 12.658193 11.540596 62.326015
v 12.658471 11.541711 62.320618
v 12.658735 11.542556 62.315174
v 12.658981 11.543129 62.309689
v 12.659210 11.543427 62.304184
v 12.659421 11.543452 62.298676
v 12.659613 11.543203 62.293163
v 12.659786 11.542679 62.287674
v 12.659941 11.541884 62.282215
v 12.660075 11.540817 62.276806
v 12.660189 11.539483 62.271454
v 12.660283 11.537884 62.266174
v 12.660357 11.536025 62.260979
v 12.660410 11.533908 62.255882
v 12.660440 11.531543 62.250896
v 12.660452 11.528933 62.246040
v 12.660440 11.526083 62.241314
v 12.660410 11.523002 62.236736
v 12.660357 11.519697 62.232319
v 12.660283 11.516178 62.228073
v 12.660189 11.512451 62.224007
v 12.660075 11.508528 62.220127
v 12.659941 11.504417 62.216450
v 12.659786 11.500128 62.212978
v 12.659613 11.495673 62.209732
v 12.659421 11.491062 62.206707
v 12.659210 11.486307 62.203918
v 12.658981 11.481420 62.201370
v 12.658735 11.476412 62.199066
v 12.658471 11.471295 62.197014
v 12.658193 11.466086 62.195221
v 12.657898 11.460793 62.193691
v 12.657588 11.455432 62.192429
v 12.657266 11.450015 62.191429
v 12.656929 11.444555 62.190704
v 12.656580 11.439068 62.190258
v 12.656220 11.433565 62.190079
v 12.655850 11.428060 62.190182
v 12.655470 11.422569 62.190552
v 12.655082 11.417104 62.191200
v 12.654685 11.411677 62.192116
v 12.654283 11.406304 62.193306
v 12.653873 11.400999 62.194763
v 12.653461 11.395772 62.196480
v 12.653043 11.390638 62.198460
v 12.652623 11.385611 62.200691
v 12.652202 11.380701 62.203175
v 12.651780 11.375921 62.205894
v 12.651359 11.371283 62.208855
v 12.650939 11.366798 62.212044
v 12.650522 11.362478 62.215446
v 12.650108 11.358335 62.219067
v 12.649699 11.354377 62.222889
v 12.649297 11.350614 62.226906
v 12.648900 11.347055 62.231106
v 12.648511 11.343712 62.235474
v 12.648131 11.340591 62.240009
v 12.647760 11.337698 62.244690
v 12.647400 11.335044 62.249516
v 12.647053 11.332633 62.254467
v 12.646716 11.330472 62.259533
v 12.646392 11.328566 62.264702
v 12.646084 11.326920 62.269955
v 12.645789 11.325537 62.275288
v 12.645511 11.324422 62.280685
v 12.645247 11.323577 62.286129
v 12.645000 11.323005 62.291615
v 12.644772 11.322705 62.297119
v 12.644561 11.322680 62.302628
v 12.644368 11.322929 62.308140
v 12.644197 11.323453 62.313629
v 12.644041 11.324247 62.319088
v 12.643906 11.325315 62.324497
v 12.643793 11.326649 62.329849
v 12.643699 11.328248 62.335129
v 12.643625 11.330108 62.340324
v 12.643572 11.332224 62.345421
v 12.643541 11.334589 62.350407
v 12.646277 11.404403 62.400867
v 12.646562 11.409430 62.402187
v 12.646007 11.399447 62.399296
v 12.646860 11.414516 62.403252
v 12.645751 11.394575 62.397488
v 12.647172 11.419648 62.404064
v 12.645511 11.389798 62.395435
v 12.647494 11.424813 62.404617
v 12.645288 11.385129 62.393139
v 12.647830 11.429999 62.404915
v 12.645079 11.380580 62.390621
v 12.648173 11.435192 62.404949
v 12.644889 11.376161 62.387878
v 12.648528 11.440381 62.404724
v 12.644715 11.371882 62.384918
v 12.648891 11.445551 62.404247
v 12.644561 11.367757 62.381748
v 12.649261 11.450690 62.403507
v 12.644424 11.363793 62.378380
v 12.649638 11.455785 62.402515
v 12.644307 11.360003 62.374817
v 12.650023 11.460823 62.401264
v 12.644209 11.356392 62.371063
v 12.650409 11.465794 62.399765
v 12.644131 11.352973 62.367138
v 12.650802 11.470681 62.398022
v 12.644072 11.349755 62.363052
v 12.651196 11.475476 62.396034
v 12.644032 11.346741 62.358807
v 12.651592 11.480166 62.393814
v 12.644011 11.343944 62.354416
v 12.651990 11.484738 62.391357
v 12.644011 11.341367 62.349895
v 12.652389 11.489182 62.388676
v 12.644032 11.339019 62.345253
v 12.652785 11.493486 62.385777
v 12.644072 11.336904 62.340496
v 12.653180 11.497641 62.382664
v 12.644131 11.335029 62.335640
v 12.653572 11.501634 62.379349
v 12.644209 11.333396 62.330700
v 12.653960 11.505457 62.375839
v 12.644307 11.332012 62.325680
v 12.654344 11.509100 62.372139
v 12.644424 11.330879 62.320602
v 12.654721 11.512553 62.368267
v 12.644561 11.330000 62.315475
v 12.655090 11.515811 62.364223
v 12.644715 11.329378 62.310307
v 12.655454 11.518862 62.360020
v 12.644889 11.329014 62.305119
v 12.655808 11.521699 62.355671
v 12.645079 11.328907 62.299919
v 12.656152 11.524315 62.351185
v 12.645288 11.329060 62.294720
v 12.656487 11.526706 62.346573
v 12.645511 11.329472 62.289536
v 12.656810 11.528863 62.341846
v 12.645751 11.330140 62.284382
v 12.657121 11.530783 62.337021
v 12.646007 11.331066 62.279263
v 12.657420 11.532459 62.332100
v 12.646277 11.332245 62.274200
v 12.657704 11.533888 62.327103
v 12.646562 11.333673 62.269203
v 12.657975 11.535067 62.322041
v 12.646860 11.335350 62.264282
v 12.658231 11.535992 62.316929
v 12.647172 11.337269 62.259457
v 12.658471 11.536661 62.311768
v 12.647494 11.339426 62.254730
v 12.658695 11.537072 62.306583
v 12.647830 11.341817 62.250118
v 12.658903 11.537225 62.301384
v 12.648173 11.344433 62.245632
v 12.659093 11.537118 62.296188
v 12.648528 11.347271 62.241283
v 12.659266 11.536754 62.290997
v 12.648891 11.350322 62.237083
v 12.659421 11.536132 62.285828
v 12.649261 11.353579 62.233036
v 12.659557 11.535253 62.280701
v 12.649638 11.357032 62.229164
v 12.659675 11.534120 62.275623
v 12.650023 11.360675 62.225464
v 12.659772 11.532736 62.270603
v 12.650409 11.364498 62.221954
v 12.659851 11.531103 62.265663
v 12.650802 11.368492 62.218639
v 12.659910 11.529229 62.260807
v 12.651196 11.372647 62.215530
v 12.659949 11.527114 62.256050
v 12.651592 11.376950 62.212627
v 12.659970 11.524765 62.251408
v 12.651990 11.381394 62.209946
v 12.659970 11.522188 62.246887
v 12.652389 11.385965 62.207489
v 12.659949 11.519391 62.242496
v 12.652785 11.390656 62.205269
v 12.659910 11.516377 62.238251
v 12.653180 11.395451 62.203281
v 12.659851 11.513159 62.234165
v 12.653572 11.400339 62.201538
v 12.659772 11.509740 62.230240
v 12.653960 11.405309 62.200039
v 12.659675 11.506130 62.226486
v 12.654344 11.410347 62.198788
v 12.659557 11.502338 62.222923
v 12.654721 11.415442 62.197796
v 12.659421 11.498376 62.219555
v 12.655090 11.420581 62.197056
v 12.659266 11.494249 62.216385
v 12.655454 11.425751 62.196579
v 12.659093 11.489972 62.213425
v 12.655808 11.430940 62.196354
v 12.658903 11.485553 62.210682
v 12.656152 11.436132 62.196388
v 12.658695 11.481003 62.208164
v 12.656487 11.441319 62.196686
v 12.658471 11.476335 62.205868
v 12.656810 11.446484 62.197239
v 12.658231 11.471557 62.203815
v 12.657121 11.451616 62.198051
v 12.657975 11.466684 62.202007
v 12.657420 11.456702 62.199116
v 12.657704 11.461729 62.200436
v 12.589539 11.385553 62.207577
v 12.596451 11.489713 62.208309
v 12.596451 11.541386 62.299015
v 12.589539 11.488899 62.388985
v 12.582627 11.384740 62.388252
v 12.582627 11.333069 62.297546
v 12.584010 11.395238 62.370258
v 12.589539 11.478564 62.370846
v 12.584010 11.353900 62.297695
v 12.595070 11.520554 62.298866
v 12.589539 11.395889 62.225719
v 12.595070 11.479217 62.226303
v 12.610356 11.435840 62.299072
v 13.139920 10.680292 63.846802
v 13.096692 10.763264 63.985752
v 12.978589 10.829764 64.084183
v 12.817259 10.861974 64.115738
v 12.655927 10.851263 64.071945
v 12.537823 10.800500 63.964542
v 12.494595 10.723289 63.822304
v 12.537823 10.640317 63.683353
v 12.655926 10.573815 63.584919
v 12.817258 10.541606 63.553368
v 12.978589 10.552318 63.597160
v 12.905175 10.236977 63.751392
v 12.947053 10.226130 63.781139
v 12.995103 10.239395 63.811871
v 13.036388 10.257140 63.849415
v 13.096692 10.603081 63.704571
v 13.069558 10.278784 63.892548
v 13.091575 10.317095 63.920906
v 13.221835 10.322124 63.992214
v 13.241516 10.355918 64.012283
v 13.390618 10.350307 64.067833
v 13.405633 10.380839 64.081451
v 13.570699 10.362465 64.117065
v 13.579420 10.391175 64.126511
v 13.756514 10.358219 64.138405
v 13.758109 10.386642 64.146240
v 13.936800 10.367363 64.140083
v 13.942329 10.337703 64.131180
v 14.110587 10.333868 64.108208
v 14.122408 10.301550 64.095612
v 14.274704 10.287078 64.051491
v 14.291191 10.250875 64.032799
v 14.424645 10.228273 63.971500
v 14.443468 10.187243 63.944695
v 14.430573 10.594297 63.895790
v 14.473801 10.511326 63.756836
v 14.476638 10.161179 63.904079
v 14.517924 10.137932 63.869667
v 14.591904 10.444825 63.658398
v 14.565974 10.118263 63.842587
v 14.753236 10.412616 63.626854
v 14.611045 10.123319 63.816135
v 14.914567 10.423327 63.670647
v 15.032670 10.474090 63.778049
v 15.075898 10.551302 63.920284
v 14.673712 10.035488 63.713974
v 14.709373 10.042329 63.689205
v 14.753135 9.946405 63.569901
v 14.781598 9.956042 63.548927
v 14.801791 9.853765 63.414822
v 14.825742 9.866825 63.399155
v 14.818179 9.760426 63.253513
v 14.840592 9.777125 63.243999
v 14.825742 9.689406 63.087719
v 14.801791 9.669271 63.090965
v 14.781598 9.606071 62.934593
v 14.753135 9.583114 62.932186
v 14.709373 9.529409 62.788834
v 14.673712 9.504614 62.782085
v 14.611045 9.461523 62.654438
v 14.565974 9.436195 62.645294
v 15.075898 9.590198 62.233173
v 15.032670 9.673170 62.372131
v 14.914567 9.739670 62.470566
v 14.753236 9.771880 62.502113
v 14.591904 9.761168 62.458317
v 14.517924 9.422930 62.614567
v 14.476638 9.405185 62.577023
v 14.473801 9.710405 62.350914
v 14.443468 9.383540 62.533890
v 14.424645 9.381406 62.484924
v 14.430573 9.633194 62.208683
v 14.291191 9.340200 62.434219
v 14.274704 9.342583 62.393543
v 14.122408 9.312016 62.358601
v 14.110587 9.317661 62.324375
v 13.942329 9.299860 62.309364
v 13.936800 9.307325 62.279308
v 13.756514 9.304106 62.288033
v 13.758109 9.311859 62.259583
v 13.579420 9.331138 62.265747
v 13.570699 9.324622 62.295258
v 13.405633 9.364632 62.297619
v 13.390618 9.360775 62.330822
v 13.241516 9.411423 62.354332
v 13.221835 9.411449 62.393631
v 13.091575 9.470226 62.434326
v 13.069558 9.475081 62.481739
v 13.139920 9.719189 62.159695
v 13.096692 9.802160 62.298645
v 13.036388 9.501145 62.522354
v 12.995104 9.524393 62.556767
v 12.978589 9.868661 62.397087
v 12.947053 9.544061 62.583847
v 12.817258 9.900871 62.428631
v 12.905175 9.575182 62.589687
v 12.655926 9.890160 62.384838
v 12.537823 9.839396 62.277435
v 12.494595 9.762185 62.135201
v 12.839314 9.626837 62.712460
v 12.806848 9.656172 62.716621
v 12.759892 9.715919 62.856529
v 12.734622 9.742458 62.856899
v 12.711235 9.808560 63.011612
v 12.690478 9.831675 63.006668
v 12.694848 9.901900 63.172916
v 12.675628 9.921373 63.161827
v 12.690478 10.009094 63.318111
v 12.711235 9.993054 63.335472
v 12.734622 10.092428 63.471230
v 12.759892 10.079211 63.494251
v 12.806848 10.169090 63.616989
v 12.839314 10.157710 63.644348
v 13.152318 10.204546 63.775047
v 13.026007 10.143319 63.648006
v 13.305036 10.249454 63.877537
v 12.931623 10.068450 63.501961
v 13.477485 10.276081 63.950993
v 12.873289 9.983211 63.343296
v 13.662129 10.283262 63.992203
v 12.853557 9.891325 63.178944
v 13.850899 10.270684 63.999371
v 12.873289 9.796810 63.016094
v 14.035542 10.238898 63.972176
v 12.931623 9.703797 62.861851
v 14.207994 10.189291 63.911812
v 13.026007 9.616350 62.722973
v 14.360709 10.124033 63.820919
v 13.152318 9.538292 62.605518
v 14.487021 10.045974 63.703465
v 13.305036 9.473034 62.514622
v 14.581406 9.958528 63.564579
v 13.477485 9.423427 62.454262
v 14.639738 9.865515 63.410343
v 13.662129 9.391641 62.427063
v 14.659472 9.771000 63.247490
v 13.850899 9.379062 62.434227
v 14.035542 9.386244 62.475441
v 14.639738 9.679114 63.083141
v 14.207994 9.412870 62.548893
v 14.581406 9.593875 62.924477
v 14.487021 9.519006 62.778427
v 14.360709 9.457779 62.651382
v 14.688203 10.096581 63.062012
v 14.668470 10.191095 63.224869
v 14.610139 10.284109 63.379105
v 14.515754 10.371556 63.517986
v 14.389441 10.449614 63.635441
v 14.236725 10.514873 63.726334
v 14.064276 10.564479 63.786701
v 13.879631 10.596265 63.813892
v 13.690861 10.608844 63.806728
v 13.506218 10.601662 63.765518
v 13.333767 10.575035 63.692066
v 13.181050 10.530127 63.589577
v 13.054738 10.468900 63.462528
v 12.960354 10.394031 63.316486
v 12.902021 10.308791 63.157822
v 12.882289 10.216906 62.993465
v 12.902021 10.122391 62.830616
v 12.960354 10.029378 62.676380
v 13.054738 9.941932 62.537498
v 13.181050 9.863873 62.420044
v 13.333767 9.798615 62.329144
v 13.506218 9.749007 62.268784
v 13.690861 9.717221 62.241592
v 13.879631 9.704643 62.248753
v 14.064276 9.711824 62.289963
v 14.236725 9.738451 62.363419
v 14.389441 9.783360 62.465908
v 14.515754 9.844586 62.592949
v 14.610139 9.919456 62.738998
v 14.668470 10.004696 62.897663
v 14.489133 10.424481 63.606766
v 14.341979 10.500063 63.716644
v 14.605522 10.337198 63.471584
v 14.170496 10.560639 63.796417
v 14.686060 10.242028 63.317001
v 13.982174 10.603562 63.842590
v 14.727230 10.143131 63.149776
v 13.785247 10.626961 63.853153
v 14.727230 10.044829 62.977215
v 13.588318 10.629807 63.827641
v 14.686060 9.951418 62.806870
v 13.399997 10.611977 63.767170
v 14.605522 9.866982 62.646168
v 13.228513 10.574251 63.674385
v 14.489133 9.795208 62.502148
v 13.081360 10.518278 63.553329
v 14.341979 9.739235 62.381100
v 12.964971 10.446506 63.409317
v 14.170496 9.701509 62.288311
v 12.884433 10.362068 63.248615
v 13.982174 9.683681 62.227844
v 12.843263 10.268657 63.078270
v 13.785247 9.686525 62.202328
v 12.843263 10.170355 62.905708
v 13.588318 9.709923 62.212894
v 12.884433 10.071458 62.738483
v 13.399997 9.752848 62.259068
v 12.964971 9.976288 62.583900
v 13.228513 9.813423 62.338840
v 13.081360 9.889006 62.448715
v 13.791631 9.758878 62.161110
v 13.594704 9.782274 62.171677
v 13.406382 9.825199 62.217854
v 13.234898 9.885775 62.297619
v 13.087746 9.961357 62.407497
v 12.971356 10.048638 62.542686
v 12.890817 10.143810 62.697269
v 12.849648 10.242705 62.864491
v 12.849648 10.341008 63.037048
v 12.890817 10.434420 63.207401
v 12.971356 10.518856 63.368095
v 13.087746 10.590630 63.512115
v 13.234898 10.646603 63.633167
v 13.406382 10.684328 63.725952
v 13.594704 10.702158 63.786427
v 13.791631 10.699312 63.811935
v 13.988560 10.675915 63.801376
v 14.176880 10.632991 63.755199
v 14.348365 10.572414 63.675430
v 14.495517 10.496833 63.565548
v 14.611906 10.409550 63.430367
v 14.692446 10.314380 63.275784
v 14.733614 10.215483 63.108555
v 14.733614 10.117181 62.936001
v 14.692446 10.023769 62.765648
v 14.611906 9.939332 62.604954
v 14.495517 9.867559 62.460934
v 14.348365 9.811586 62.339886
v 14.176880 9.773861 62.247097
v 13.988560 9.756031 62.186623
vn -0.0095 -0.0063 0.9999
vn -0.0185 0.2704 0.9626
vn -0.0422 -0.1859 0.9817
vn -0.0478 -0.8679 0.4943
vn -0.0816 -0.6997 0.7098
vn -0.0136 -0.8632 -0.5046
vn -0.0829 -0.9952 0.0524
vn -0.0276 -0.7740 -0.6326
vn -0.9971 0.0666 -0.0375
vn -0.9970 0.0671 -0.0379
vn -0.9971 0.0664 -0.0378
vn -0.9971 0.0665 -0.0382
vn -0.9971 0.0662 -0.0384
vn -0.9971 0.0664 -0.0379
vn -0.9971 0.0663 -0.0385
vn -0.9970 0.0665 -0.0387
vn -0.9970 0.0662 -0.0391
vn -0.9970 0.0668 -0.0382
vn -0.9970 0.0670 -0.0376
vn -0.9971 0.0666 -0.0376
vn -0.9971 0.0664 -0.0375
vn -0.9971 0.0663 -0.0373
vn -0.9970 0.0667 -0.0380
vn -0.9971 0.0661 -0.0377
vn -0.9970 0.0668 -0.0379
vn -0.9971 0.0661 -0.0373
vn -0.9971 0.0666 -0.0378
vn -0.9971 0.0660 -0.0381
vn -0.9971 0.0662 -0.0381
vn -0.9971 0.0658 -0.0391
vn -0.9970 0.0669 -0.0389
vn -0.9971 0.0658 -0.0385
vn -0.9971 0.0668 -0.0374
vn -0.9971 0.0665 -0.0379
vn -0.9970 0.0667 -0.0383
vn -0.9970 0.0668 -0.0381
vn -0.9971 0.0663 -0.0382
vn -0.9971 0.0660 -0.0385
vn -0.2585 0.4952 0.8294
vn -0.2588 0.4952 0.8293
vn -0.7052 0.3969 0.5876
vn -0.7051 0.3972 0.5875
vn -0.7048 0.3971 0.5879
vn -0.2582 0.4952 0.8295
vn -0.2581 0.4952 0.8295
vn -0.2582 0.4949 0.8297
vn -0.7049 0.3970 0.5878
vn -0.7046 0.3972 0.5880
vn -0.7047 0.3968 0.5882
vn -0.9631 0.1923 0.1882
vn -0.9631 0.1921 0.1883
vn 0.0764 0.8664 -0.4935
vn 0.0764 0.8663 -0.4936
vn 0.0765 0.8664 -0.4935
vn 0.0765 0.8663 -0.4936
vn 0.0821 0.8666 -0.4922
vn 0.0767 0.8687 -0.4894
vn 0.0788 0.8681 -0.4901
vn 0.0765 0.8651 -0.4957
vn 0.0749 0.8661 -0.4943
vn 0.0777 0.8670 -0.4922
vn 0.0766 0.8667 -0.4929
vn 0.0763 0.8665 -0.4933
vn 0.0784 0.8669 -0.4923
vn 0.0768 0.8663 -0.4936
vn 0.0767 0.8663 -0.4936
vn 0.0765 0.8664 -0.4934
vn 0.0763 0.8666 -0.4932
vn 0.0786 0.8662 -0.4934
vn 0.0754 0.8669 -0.4927
vn 0.0770 0.8666 -0.4930
vn 0.0769 0.8664 -0.4934
vn 0.0756 0.8666 -0.4933
vn 0.0750 0.8666 -0.4933
vn 0.0770 0.8672 -0.4920
vn 0.0741 0.8664 -0.4938
vn 0.0740 0.8673 -0.4922
vn 0.0735 0.8658 -0.4950
vn 0.0763 0.8662 -0.4938
vn 0.0761 0.8664 -0.4936
vn 0.0771 0.8662 -0.4937
vn 0.0770 0.8663 -0.4935
vn 0.0776 0.8664 -0.4932
vn 0.0781 0.8654 -0.4950
vn 0.0803 0.8672 -0.4915
vn 0.0798 0.8665 -0.4927
vn 0.0781 0.8667 -0.4926
vn 0.0747 0.8674 -0.4920
vn 0.0758 0.8676 -0.4915
vn 0.0774 0.8654 -0.4951
vn 0.0756 0.8661 -0.4942
vn 0.0786 0.8652 -0.4953
vn 0.0772 0.8660 -0.4941
vn 0.0780 0.8673 -0.4917
vn 0.0780 0.8666 -0.4928
vn 0.0763 0.8664 -0.4935
vn 0.0778 0.8667 -0.4928
vn 0.0760 0.8668 -0.4929
vn 0.0758 0.8664 -0.4935
vn 0.0768 0.8657 -0.4947
vn 0.0768 0.8657 -0.4946
vn 0.0762 0.8665 -0.4933
vn 0.0763 0.8660 -0.4942
vn 0.0766 0.8662 -0.4938
vn 0.0768 0.8664 -0.4934
vn 0.0783 0.8661 -0.4937
vn 0.0769 0.8659 -0.4942
vn 0.0771 0.8660 -0.4940
vn 0.0768 0.8661 -0.4939
vn 0.0769 0.8660 -0.4942
vn 0.0762 0.8662 -0.4938
vn 0.0771 0.8656 -0.4948
vn 0.0766 0.8665 -0.4933
vn 0.0777 0.8658 -0.4943
vn 0.0774 0.8660 -0.4940
vn 0.0764 0.8662 -0.4938
vn 0.0763 0.8667 -0.4930
vn 0.0741 0.8660 -0.4946
vn 0.0741 0.8662 -0.4942
vn 0.0756 0.8664 -0.4936
vn 0.0762 0.8667 -0.4930
vn 0.0778 0.8660 -0.4940
vn 0.0770 0.8656 -0.4947
vn 0.0758 0.8664 -0.4936
vn 0.0769 0.8663 -0.4936
vn 0.0781 0.8666 -0.4928
vn 0.0790 0.8661 -0.4935
vn 0.0767 0.8658 -0.4944
vn 0.0757 0.8667 -0.4931
vn 0.0759 0.8663 -0.4937
vn 0.0763 0.8661 -0.4940
vn 0.0764 0.8666 -0.4932
vn 0.0757 0.8664 -0.4937
vn 0.0761 0.8670 -0.4925
vn 0.0755 0.8664 -0.4936
vn 0.0752 0.8666 -0.4933
vn 0.0764 0.8667 -0.4929
vn 0.0778 0.8663 -0.4934
vn 0.0761 0.8668 -0.4928
vn 0.0758 0.8665 -0.4934
vn 0.0756 0.8664 -0.4935
vn 0.0795 0.8665 -0.4929
vn 0.0822 0.8657 -0.4937
vn 0.0792 0.8675 -0.4911
vn 0.0752 0.8676 -0.4916
vn 0.0778 0.8668 -0.4925
vn 0.0755 0.8668 -0.4929
vn 0.0767 0.8669 -0.4926
vn 0.0771 0.8655 -0.4948
vn 0.0768 0.8662 -0.4938
vn 0.0756 0.8665 -0.4935
vn 0.0754 0.8663 -0.4938
vn 0.0764 0.8665 -0.4933
vn 0.0767 0.8665 -0.4933
vn 0.0763 0.8659 -0.4944
vn 0.0762 0.8664 -0.4936
vn 0.0749 0.8665 -0.4935
vn 0.0769 0.8658 -0.4945
vn 0.0770 0.8670 -0.4923
vn 0.0773 0.8662 -0.4937
vn 0.0730 0.8672 -0.4925
vn 0.0745 0.8673 -0.4922
vn 0.0760 0.8667 -0.4930
vn 0.0755 0.8664 -0.4937
vn 0.0772 0.8665 -0.4931
vn 0.0774 0.8669 -0.4925
vn 0.0786 0.8658 -0.4941
vn 0.0793 0.8661 -0.4935
vn 0.0773 0.8658 -0.4943
vn 0.0779 0.8665 -0.4931
vn 0.0778 0.8663 -0.4935
vn 0.0785 0.8660 -0.4938
vn 0.0760 0.8668 -0.4927
vn 0.0765 0.8666 -0.4932
vn 0.0765 0.8660 -0.4941
vn 0.0768 0.8669 -0.4925
vn 0.0764 0.8666 -0.4930
vn 0.0745 0.8664 -0.4938
vn 0.0766 0.8678 -0.4910
vn 0.0780 0.8682 -0.4900
vn 0.0768 0.8690 -0.4887
vn 0.0741 0.8667 -0.4932
vn 0.0735 0.8671 -0.4927
vn 0.0752 0.8664 -0.4937
vn 0.0744 0.8664 -0.4938
vn 0.0750 0.8664 -0.4938
vn 0.0760 0.8657 -0.4948
vn 0.0755 0.8665 -0.4935
vn 0.0758 0.8667 -0.4930
vn 0.0748 0.8666 -0.4934
vn 0.0758 0.8668 -0.4928
vn 0.0756 0.8661 -0.4941
vn 0.0763 0.8664 -0.4934
vn 0.0754 0.8662 -0.4940
vn 0.0756 0.8668 -0.4930
vn 0.0763 0.8657 -0.4947
vn 0.0766 0.8664 -0.4934
vn 0.0775 0.8671 -0.4921
vn 0.0772 0.8671 -0.4921
vn 0.0760 0.8660 -0.4943
vn 0.0766 0.8662 -0.4937
vn 0.0747 0.8650 -0.4962
vn 0.0766 0.8659 -0.4943
vn 0.0765 0.8665 -0.4933
vn 0.0741 0.8652 -0.4960
vn 0.0768 0.8660 -0.4940
vn 0.0759 0.8669 -0.4926
vn 0.0731 0.8661 -0.4945
vn 0.0754 0.8666 -0.4934
vn 0.0748 0.8657 -0.4950
vn 0.0735 0.8655 -0.4955
vn 0.0763 0.8663 -0.4937
vn 0.0791 0.8652 -0.4951
vn 0.0819 0.8665 -0.4925
vn 0.0782 0.8667 -0.4926
vn 0.0765 0.8662 -0.4938
vn 0.0785 0.8661 -0.4937
vn 0.0771 0.8665 -0.4931
vn 0.0784 0.8661 -0.4936
vn 0.0779 0.8656 -0.4947
vn 0.0785 0.8668 -0.4925
vn 0.0780 0.8648 -0.4960
vn 0.0767 0.8657 -0.4946
vn 0.0775 0.8659 -0.4941
vn 0.0765 0.8662 -0.4939
vn 0.0765 0.8663 -0.4935
vn 0.0763 0.8666 -0.4931
vn 0.0769 0.8662 -0.4938
vn 0.0760 0.8663 -0.4937
vn 0.0752 0.8661 -0.4941
vn 0.0770 0.8665 -0.4933
vn 0.0769 0.8661 -0.4939
vn 0.0766 0.8658 -0.4945
vn 0.0770 0.8657 -0.4946
vn 0.0772 0.8661 -0.4939
vn 0.0765 0.8659 -0.4943
vn 0.0756 0.8662 -0.4939
vn 0.0745 0.8654 -0.4955
vn 0.0764 0.8661 -0.4941
vn 0.0754 0.8661 -0.4942
vn 0.0755 0.8662 -0.4940
vn 0.0753 0.8665 -0.4935
vn 0.0767 0.8661 -0.4939
vn 0.0773 0.8662 -0.4936
vn 0.0767 0.8662 -0.4937
vn 0.0768 0.8669 -0.4926
vn 0.0776 0.8662 -0.4937
vn 0.0779 0.8667 -0.4927
vn 0.0762 0.8665 -0.4934
vn 0.0758 0.8666 -0.4931
vn 0.0750 0.8670 -0.4927
vn 0.0757 0.8664 -0.4935
vn 0.0765 0.8660 -0.4942
vn 0.0770 0.8660 -0.4941
vn 0.0760 0.8666 -0.4932
vn 0.0769 0.8658 -0.4944
vn 0.0773 0.8661 -0.4938
vn 0.0761 0.8663 -0.4937
vn 0.0757 0.8671 -0.4923
vn 0.0767 0.8665 -0.4932
vn 0.0811 0.8653 -0.4947
vn 0.0784 0.8664 -0.4931
vn 0.0798 0.8660 -0.4937
vn 0.0774 0.8665 -0.4932
vn 0.0759 0.8673 -0.4920
vn 0.0788 0.8664 -0.4931
vn 0.0764 0.8664 -0.4934
vn 0.0780 0.8663 -0.4934
vn 0.0776 0.8665 -0.4930
vn 0.0763 0.8670 -0.4925
vn 0.0766 0.8670 -0.4924
vn 0.0767 0.8664 -0.4934
vn 0.0766 0.8667 -0.4928
vn 0.0768 0.8673 -0.4918
vn 0.0752 0.8669 -0.4927
vn 0.0782 0.8669 -0.4923
vn 0.0763 0.8665 -0.4934
vn 0.0796 0.8668 -0.4923
vn 0.0818 0.8665 -0.4924
vn 0.0783 0.8670 -0.4921
vn 0.0752 0.8670 -0.4926
vn 0.0770 0.8662 -0.4937
vn 0.0769 0.8666 -0.4931
vn 0.0759 0.8662 -0.4940
vn 0.0758 0.8672 -0.4922
vn 0.0775 0.8661 -0.4939
vn 0.0763 0.8665 -0.4932
vn 0.0769 0.8671 -0.4922
vn 0.0770 0.8659 -0.4942
vn 0.0794 0.8655 -0.4946
vn 0.0787 0.8651 -0.4954
vn 0.0766 0.8659 -0.4944
vn 0.0760 0.8672 -0.4921
vn 0.0771 0.8663 -0.4935
vn 0.0772 0.8664 -0.4933
vn 0.0755 0.8656 -0.4950
vn 0.0778 0.8664 -0.4932
vn 0.0770 0.8656 -0.4948
vn 0.0783 0.8654 -0.4950
vn 0.0804 0.8666 -0.4925
vn 0.0780 0.8655 -0.4948
vn 0.0756 0.8658 -0.4946
vn 0.0763 0.8662 -0.4937
vn 0.0773 0.8658 -0.4944
vn 0.0759 0.8667 -0.4930
vn 0.0780 0.8662 -0.4935
vn 0.0773 0.8663 -0.4935
vn 0.0766 0.8660 -0.4941
vn 0.0765 0.8667 -0.4929
vn 0.0761 0.8669 -0.4926
vn 0.0757 0.8669 -0.4927
vn 0.0777 0.8667 -0.4927
vn 0.0764 0.8670 -0.4925
vn 0.0770 0.8661 -0.4938
vn 0.0765 0.8658 -0.4945
vn 0.0772 0.8664 -0.4934
vn 0.0755 0.8660 -0.4944
vn 0.0750 0.8663 -0.4939
vn 0.0773 0.8666 -0.4930
vn 0.0773 0.8660 -0.4941
vn 0.0769 0.8660 -0.4941
vn 0.0765 0.8665 -0.4934
vn 0.0769 0.8662 -0.4937
vn 0.0759 0.8658 -0.4946
vn 0.0762 0.8659 -0.4944
vn 0.0759 0.8665 -0.4934
vn 0.0762 0.8663 -0.4937
vn 0.0770 0.8664 -0.4934
vn 0.0766 0.8663 -0.4936
vn 0.0753 0.8667 -0.4931
vn 0.0767 0.8666 -0.4931
vn 0.0763 0.8668 -0.4929
vn 0.0762 0.8668 -0.4927
vn 0.0757 0.8663 -0.4937
vn 0.0764 0.8662 -0.4939
vn 0.0749 0.8670 -0.4927
vn 0.0738 0.8660 -0.4946
vn 0.0758 0.8658 -0.4946
vn 0.0749 0.8663 -0.4939
vn 0.0760 0.8669 -0.4927
vn 0.0752 0.8659 -0.4945
vn 0.0775 0.8658 -0.4943
vn 0.0762 0.8653 -0.4954
vn 0.0770 0.8653 -0.4952
vn 0.0751 0.8657 -0.4949
vn 0.0767 0.8663 -0.4935
vn 0.0757 0.8658 -0.4947
vn 0.0753 0.8665 -0.4934
vn 0.0755 0.8667 -0.4931
vn 0.0743 0.8673 -0.4922
vn 0.0754 0.8664 -0.4936
vn 0.0761 0.8662 -0.4939
vn 0.0782 0.8650 -0.4956
vn 0.0804 0.8674 -0.4911
vn 0.0744 0.8661 -0.4944
vn 0.0765 0.8668 -0.4928
vn 0.0751 0.8663 -0.4938
vn 0.0778 0.8659 -0.4942
vn 0.0761 0.8659 -0.4944
vn 0.0767 0.8659 -0.4942
vn 0.0766 0.8662 -0.4939
vn 0.0771 0.8666 -0.4931
vn 0.0772 0.8667 -0.4928
vn 0.0767 0.8666 -0.4930
vn 0.0766 0.8666 -0.4931
vn 0.0763 0.8662 -0.4939
vn 0.0763 0.8664 -0.4936
vn 0.0768 0.8663 -0.4935
vn 0.0764 0.8660 -0.4941
vn 0.0764 0.8664 -0.4936
vn 0.0762 0.8662 -0.4939
vn 0.0765 0.8663 -0.4937
vn 0.0753 0.8664 -0.4937
vn 0.0760 0.8665 -0.4934
vn 0.0771 0.8664 -0.4934
vn 0.0755 0.8667 -0.4930
vn 0.0775 0.8660 -0.4941
vn 0.0764 0.8656 -0.4949
vn 0.0783 0.8653 -0.4951
vn 0.0762 0.8660 -0.4943
vn 0.0775 0.8662 -0.4936
vn 0.0772 0.8662 -0.4936
vn 0.0774 0.8665 -0.4931
vn 0.0773 0.8660 -0.4940
vn 0.9630 0.0639 0.2619
vn 0.9630 0.0640 0.2617
vn 0.7048 0.3036 0.6412
vn 0.7049 0.3033 0.6412
vn 0.7046 0.3032 0.6415
vn 0.7047 0.3033 0.6414
vn 0.7051 0.3034 0.6410
vn 0.7051 0.3031 0.6411
vn 0.2583 0.4613 0.8488
vn 0.2583 0.4610 0.8490
vn 0.2581 0.4607 0.8492
vn -0.0765 -0.8664 0.4935
vn -0.0764 -0.8664 0.4935
vn -0.0764 -0.8663 0.4936
vn -0.0764 -0.8664 0.4936
vn -0.0765 -0.8663 0.4935
vn -0.0745 -0.8648 0.4966
vn -0.0756 -0.8654 0.4953
vn -0.0751 -0.8671 0.4924
vn -0.0742 -0.8675 0.4918
vn -0.0768 -0.8700 0.4871
vn -0.0757 -0.8682 0.4903
vn -0.0769 -0.8660 0.4942
vn -0.0765 -0.8662 0.4938
vn -0.0766 -0.8665 0.4932
vn -0.0761 -0.8662 0.4939
vn -0.0769 -0.8667 0.4929
vn -0.0758 -0.8662 0.4940
vn -0.0750 -0.8674 0.4919
vn -0.0771 -0.8659 0.4942
vn -0.0769 -0.8660 0.4940
vn -0.0761 -0.8656 0.4950
vn -0.0763 -0.8662 0.4939
vn -0.0765 -0.8666 0.4930
vn -0.0769 -0.8675 0.4915
vn -0.0766 -0.8663 0.4936
vn -0.0768 -0.8665 0.4933
vn -0.0763 -0.8666 0.4932
vn -0.0773 -0.8667 0.4928
vn -0.0771 -0.8665 0.4931
vn -0.0758 -0.8668 0.4928
vn -0.0762 -0.8666 0.4931
vn -0.0762 -0.8669 0.4927
vn -0.0758 -0.8665 0.4934
vn -0.0762 -0.8661 0.4940
vn -0.0756 -0.8663 0.4937
vn -0.0766 -0.8667 0.4930
vn -0.0753 -0.8674 0.4919
vn -0.0753 -0.8669 0.4928
vn -0.0743 -0.8675 0.4919
vn -0.0767 -0.8665 0.4933
vn -0.0764 -0.8666 0.4931
vn -0.0772 -0.8661 0.4939
vn -0.0772 -0.8660 0.4941
vn -0.0758 -0.8663 0.4937
vn -0.0774 -0.8663 0.4934
vn -0.0770 -0.8662 0.4938
vn -0.0763 -0.8663 0.4937
vn -0.0769 -0.8663 0.4936
vn -0.0765 -0.8660 0.4942
vn -0.0769 -0.8661 0.4939
vn -0.0777 -0.8664 0.4932
vn -0.0764 -0.8670 0.4924
vn -0.0762 -0.8659 0.4943
vn -0.0768 -0.8652 0.4955
vn -0.0740 -0.8661 0.4943
vn -0.0757 -0.8655 0.4952
vn -0.0765 -0.8664 0.4934
vn -0.0758 -0.8666 0.4931
vn -0.0764 -0.8666 0.4932
vn -0.0757 -0.8667 0.4930
vn -0.0762 -0.8664 0.4935
vn -0.0774 -0.8665 0.4931
vn -0.0774 -0.8667 0.4927
vn -0.0772 -0.8659 0.4942
vn -0.0767 -0.8663 0.4936
vn -0.0768 -0.8663 0.4936
vn -0.0762 -0.8662 0.4939
vn -0.0764 -0.8662 0.4937
vn -0.0767 -0.8664 0.4934
vn -0.0767 -0.8668 0.4928
vn -0.0775 -0.8661 0.4938
vn -0.0776 -0.8665 0.4930
vn -0.0775 -0.8663 0.4935
vn -0.0763 -0.8667 0.4930
vn -0.0756 -0.8665 0.4935
vn -0.0770 -0.8660 0.4941
vn -0.0768 -0.8662 0.4938
vn -0.0759 -0.8659 0.4944
vn -0.0770 -0.8666 0.4930
vn -0.0758 -0.8664 0.4935
vn -0.0762 -0.8659 0.4944
vn -0.0769 -0.8662 0.4937
vn -0.0767 -0.8667 0.4928
vn -0.0767 -0.8666 0.4931
vn -0.0754 -0.8663 0.4938
vn -0.0766 -0.8659 0.4943
vn -0.0771 -0.8662 0.4937
vn -0.0771 -0.8662 0.4938
vn -0.0773 -0.8665 0.4931
vn -0.0772 -0.8664 0.4933
vn -0.0766 -0.8670 0.4924
vn -0.0760 -0.8668 0.4929
vn -0.0766 -0.8662 0.4938
vn -0.0764 -0.8664 0.4934
vn -0.0763 -0.8663 0.4936
vn -0.0769 -0.8664 0.4934
vn -0.0768 -0.8666 0.4930
vn -0.0766 -0.8665 0.4933
vn -0.0765 -0.8677 0.4912
vn -0.0757 -0.8666 0.4933
vn -0.0757 -0.8670 0.4925
vn -0.0768 -0.8653 0.4953
vn -0.0754 -0.8661 0.4941
vn -0.0795 -0.8652 0.4952
vn -0.0795 -0.8653 0.4949
vn -0.0765 -0.8659 0.4943
vn -0.0766 -0.8661 0.4939
vn -0.0763 -0.8661 0.4939
vn -0.0764 -0.8651 0.4958
vn -0.0747 -0.8662 0.4942
vn -0.0757 -0.8655 0.4951
vn -0.0775 -0.8664 0.4933
vn -0.0763 -0.8658 0.4945
vn -0.0765 -0.8663 0.4936
vn -0.0752 -0.8660 0.4943
vn -0.0756 -0.8665 0.4934
vn -0.0748 -0.8653 0.4956
vn -0.0760 -0.8661 0.4942
vn -0.0772 -0.8664 0.4934
vn -0.0765 -0.8661 0.4941
vn -0.0771 -0.8659 0.4943
vn -0.0766 -0.8658 0.4944
vn -0.0775 -0.8658 0.4943
vn -0.0754 -0.8655 0.4952
vn -0.0758 -0.8655 0.4952
vn -0.0774 -0.8662 0.4937
vn -0.0762 -0.8665 0.4934
vn -0.0760 -0.8661 0.4941
vn -0.0757 -0.8657 0.4948
vn -0.0758 -0.8661 0.4940
vn -0.0759 -0.8664 0.4935
vn -0.0766 -0.8660 0.4941
vn -0.0771 -0.8663 0.4936
vn -0.0773 -0.8664 0.4933
vn -0.0760 -0.8664 0.4935
vn -0.0759 -0.8656 0.4949
vn -0.0765 -0.8660 0.4941
vn -0.0763 -0.8662 0.4938
vn -0.0756 -0.8662 0.4940
vn -0.0769 -0.8662 0.4938
vn -0.0759 -0.8664 0.4936
vn -0.0770 -0.8655 0.4950
vn -0.0766 -0.8659 0.4944
vn -0.0766 -0.8655 0.4950
vn -0.0761 -0.8664 0.4935
vn -0.0770 -0.8664 0.4934
vn -0.0760 -0.8663 0.4936
vn -0.0770 -0.8661 0.4939
vn -0.0768 -0.8664 0.4934
vn -0.0769 -0.8665 0.4933
vn -0.0765 -0.8662 0.4937
vn -0.0764 -0.8668 0.4928
vn -0.0763 -0.8666 0.4931
vn -0.0751 -0.8667 0.4931
vn -0.0760 -0.8665 0.4933
vn -0.0748 -0.8670 0.4927
vn -0.0758 -0.8665 0.4933
vn -0.0757 -0.8667 0.4931
vn -0.0767 -0.8662 0.4937
vn -0.0773 -0.8666 0.4929
vn -0.0767 -0.8666 0.4930
vn -0.0759 -0.8662 0.4938
vn -0.0764 -0.8659 0.4943
vn -0.0756 -0.8664 0.4936
vn -0.0764 -0.8667 0.4929
vn -0.0760 -0.8667 0.4930
vn -0.0770 -0.8669 0.4925
vn -0.0766 -0.8666 0.4931
vn -0.0773 -0.8670 0.4923
vn -0.0767 -0.8668 0.4927
vn -0.0764 -0.8669 0.4926
vn -0.0763 -0.8664 0.4935
vn -0.0774 -0.8654 0.4951
vn -0.0757 -0.8664 0.4936
vn -0.0762 -0.8666 0.4932
vn -0.0781 -0.8661 0.4937
vn -0.0770 -0.8671 0.4922
vn -0.0764 -0.8652 0.4955
vn -0.0779 -0.8638 0.4977
vn -0.0733 -0.8654 0.4957
vn -0.0761 -0.8643 0.4971
vn -0.0752 -0.8664 0.4937
vn -0.0754 -0.8656 0.4951
vn -0.0762 -0.8668 0.4928
vn -0.0765 -0.8661 0.4939
vn -0.0760 -0.8662 0.4938
vn -0.0763 -0.8676 0.4914
vn -0.0770 -0.8680 0.4905
vn -0.0779 -0.8665 0.4931
vn -0.0761 -0.8671 0.4923
vn -0.0770 -0.8668 0.4927
vn -0.0767 -0.8661 0.4939
vn -0.0767 -0.8665 0.4932
vn -0.0767 -0.8664 0.4935
vn -0.0762 -0.8661 0.4941
vn -0.0762 -0.8663 0.4937
vn -0.0755 -0.8673 0.4920
vn -0.0769 -0.8674 0.4916
vn -0.0757 -0.8666 0.4932
vn -0.0753 -0.8663 0.4938
vn -0.0737 -0.8657 0.4951
vn -0.0757 -0.8660 0.4942
vn -0.0739 -0.8656 0.4952
vn -0.0761 -0.8670 0.4925
vn -0.0752 -0.8656 0.4950
vn -0.0783 -0.8666 0.4928
vn -0.0774 -0.8668 0.4927
vn -0.0760 -0.8670 0.4925
vn -0.0767 -0.8660 0.4940
vn -0.0768 -0.8664 0.4933
vn -0.0756 -0.8656 0.4951
vn -0.0778 -0.8666 0.4929
vn -0.0762 -0.8664 0.4936
vn -0.0764 -0.8665 0.4933
vn -0.0771 -0.8664 0.4934
vn -0.0769 -0.8667 0.4928
vn -0.0786 -0.8659 0.4940
vn -0.0779 -0.8663 0.4934
vn -0.0759 -0.8670 0.4925
vn -0.0771 -0.8667 0.4928
vn -0.0753 -0.8673 0.4921
vn -0.0768 -0.8667 0.4928
vn -0.0765 -0.8661 0.4940
vn -0.0765 -0.8663 0.4937
vn -0.0773 -0.8663 0.4936
vn -0.0776 -0.8664 0.4933
vn -0.0766 -0.8663 0.4937
vn -0.0761 -0.8669 0.4925
vn -0.0759 -0.8674 0.4918
vn -0.0762 -0.8663 0.4936
vn -0.0762 -0.8660 0.4941
vn -0.0751 -0.8664 0.4937
vn -0.0781 -0.8663 0.4934
vn -0.0776 -0.8668 0.4925
vn -0.0774 -0.8667 0.4928
vn -0.0766 -0.8661 0.4940
vn -0.0760 -0.8673 0.4919
vn -0.0761 -0.8666 0.4932
vn -0.0753 -0.8677 0.4914
vn -0.0756 -0.8673 0.4921
vn -0.0768 -0.8691 0.4886
vn -0.0750 -0.8684 0.4901
vn -0.0737 -0.8690 0.4893
vn -0.0760 -0.8659 0.4943
vn -0.0761 -0.8663 0.4937
vn -0.0753 -0.8662 0.4939
vn -0.0757 -0.8665 0.4934
vn -0.0760 -0.8663 0.4937
vn -0.0768 -0.8657 0.4946
vn -0.0772 -0.8663 0.4934
vn -0.0768 -0.8667 0.4929
vn -0.0772 -0.8663 0.4935
vn -0.0764 -0.8658 0.4945
vn -0.0762 -0.8662 0.4938
vn -0.0755 -0.8653 0.4956
vn -0.0764 -0.8654 0.4952
vn -0.0766 -0.8648 0.4963
vn -0.0768 -0.8664 0.4935
vn -0.0763 -0.8659 0.4944
vn -0.0761 -0.8662 0.4938
vn -0.0759 -0.8665 0.4934
vn -0.0770 -0.8660 0.4940
vn -0.0745 -0.8664 0.4938
vn -0.0755 -0.8661 0.4942
vn -0.0759 -0.8659 0.4945
vn -0.0763 -0.8665 0.4932
vn -0.0768 -0.8665 0.4932
vn -0.0771 -0.8657 0.4945
vn -0.0763 -0.8660 0.4941
vn -0.0768 -0.8655 0.4950
vn -0.0763 -0.8661 0.4940
vn -0.0752 -0.8663 0.4939
vn -0.0756 -0.8669 0.4927
vn -0.0750 -0.8663 0.4939
vn -0.0779 -0.8663 0.4935
vn -0.0770 -0.8657 0.4946
vn -0.0783 -0.8660 0.4938
vn 0.9971 -0.0664 0.0378
vn 0.2580 -0.4953 -0.8295
vn 0.7050 -0.3970 -0.5876
vn 0.7050 -0.3970 -0.5877
vn 0.9631 -0.1923 -0.1883
vn -0.0000 -0.4950 -0.8689
vn -0.9631 -0.0639 -0.2614
vn -0.9631 -0.0640 -0.2615
vn -0.7050 -0.3030 -0.6412
vn -0.2581 -0.4609 -0.8491
vn -0.2580 -0.4609 -0.8491
vn -0.9632 0.1921 0.1879
vn -0.7047 0.3966 0.5883
vn -0.7049 0.3970 0.5877
vn -0.7045 0.3970 0.5882
vn -0.7048 0.3970 0.5879
vn -0.7051 0.3970 0.5876
vn -0.7051 0.3975 0.5873
vn -0.2583 0.4943 0.8300
vn -0.2573 0.4954 0.8297
vn -0.2580 0.4953 0.8295
vn -0.2570 0.4954 0.8298
vn -0.2572 0.4963 0.8292
vn 0.0002 0.4950 0.8689
vn -0.0003 0.4950 0.8689
vn 0.9632 0.0642 0.2611
vn 0.9630 0.0639 0.2617
vn 0.9632 0.0637 0.2611
vn 0.9631 0.0640 0.2615
vn 0.9631 0.0640 0.2614
vn 0.9633 0.0640 0.2608
vn 0.7055 0.3037 0.6403
vn 0.7047 0.3034 0.6413
vn 0.7054 0.3028 0.6408
vn 0.7045 0.3037 0.6415
vn 0.7043 0.3028 0.6420
vn 0.2583 0.4608 0.8491
vn 0.9971 -0.0664 0.0382
vn 0.9971 -0.0664 0.0379
vn 0.9632 0.0640 0.2612
vn 0.9632 0.0639 0.2611
vn 0.9632 0.0636 0.2613
vn 0.7045 0.3029 0.6418
vn 0.7046 0.3037 0.6413
vn 0.7051 0.3032 0.6411
vn 0.9631 0.0641 0.2612
vn 0.9631 0.0638 0.2614
vn 0.7048 0.3031 0.6414
vn 0.7053 0.3033 0.6407
vn 0.7052 0.3025 0.6412
vn 0.2579 0.4611 0.8490
vn 0.2578 0.4609 0.8492
vn 0.0001 0.4950 0.8689
vn -0.0000 0.4950 0.8689
vn -0.9631 -0.0636 -0.2615
vn -0.9631 -0.0641 -0.2614
vn -0.7046 -0.3031 -0.6416
vn -0.9631 -0.0639 -0.2615
vn -0.9631 -0.0643 -0.2612
vn -0.7049 -0.3031 -0.6412
vn -0.2582 -0.4607 -0.8492
vn 0.2585 -0.4955 -0.8293
vn 0.2584 -0.4948 -0.8297
vn 0.2585 -0.4952 -0.8294
vn 0.7046 -0.3974 -0.5878
vn 0.7046 -0.3970 -0.5881
vn 0.7049 -0.3971 -0.5877
vn 0.2585 -0.4956 -0.8292
vn 0.2583 -0.4952 -0.8295
vn 0.2583 -0.4959 -0.8291
vn 0.7048 -0.3972 -0.5878
vn 0.7051 -0.3970 -0.5876
vn 0.7051 -0.3974 -0.5873
vn 0.9631 -0.1919 -0.1890
vn 0.9631 -0.1922 -0.1886
vn 0.9631 -0.1921 -0.1883
vn 0.9631 -0.1920 -0.1887
vn 0.9631 -0.1926 -0.1881
vn 0.9971 -0.0665 0.0378
vn 0.9971 -0.0666 0.0375
vn 0.9970 -0.0669 0.0379
vn 0.2576 -0.4951 -0.8298
vn 0.2577 -0.4955 -0.8295
vn 0.2580 -0.4947 -0.8299
vn 0.2582 -0.4952 -0.8296
vn 0.2573 -0.4950 -0.8299
vn 0.7051 -0.3969 -0.5876
vn 0.9632 -0.1918 -0.1881
vn 0.9630 -0.1924 -0.1886
vn 0.9632 -0.1922 -0.1879
vn 0.9631 -0.1924 -0.1884
vn 0.9630 -0.1927 -0.1882
vn 0.0002 -0.4950 -0.8689
vn -0.0002 -0.4950 -0.8689
vn -0.9632 -0.0639 -0.2612
vn -0.9633 -0.0644 -0.2607
vn -0.9629 -0.0635 -0.2621
vn -0.9632 -0.0639 -0.2610
vn -0.9630 -0.0640 -0.2618
vn -0.7053 -0.3025 -0.6412
vn -0.7048 -0.3031 -0.6414
vn -0.7053 -0.3031 -0.6409
vn -0.7051 -0.3031 -0.6410
vn -0.7047 -0.3030 -0.6415
vn -0.7047 -0.3035 -0.6413
vn -0.2574 -0.4605 -0.8495
vn -0.2579 -0.4607 -0.8493
vn -0.2576 -0.4611 -0.8491
vn -0.2577 -0.4611 -0.8491
vn -0.2585 -0.4607 -0.8491
vn -0.2584 -0.4613 -0.8488
vn -0.9629 0.1929 0.1887
vn -0.9631 0.1925 0.1881
vn -0.7047 0.3972 0.5879
vn -0.7053 0.3968 0.5874
vn -0.2575 0.4950 0.8298
vn -0.2583 0.4953 0.8294
vn -0.2575 0.4958 0.8294
vn -0.2579 0.4955 0.8294
vn -0.2586 0.4950 0.8295
vn -0.2586 0.4958 0.8290
vn 0.9632 0.0639 0.2612
vn 0.9629 0.0642 0.2622
vn 0.9630 0.0635 0.2617
vn 0.9633 0.0642 0.2608
vn 0.9631 0.0640 0.2613
vn 0.9632 0.0638 0.2610
vn 0.7047 0.3043 0.6409
vn 0.7053 0.3030 0.6409
vn 0.7046 0.3035 0.6414
vn 0.7050 0.3033 0.6411
vn 0.7056 0.3028 0.6406
vn 0.7055 0.3020 0.6411
vn 0.2578 0.4613 0.8490
vn 0.2575 0.4607 0.8494
vn 0.2584 0.4607 0.8491
vn 0.2578 0.4607 0.8493
vn 0.2570 0.4607 0.8495
vn 0.2579 0.4600 0.8496
vn 0.7046 0.3033 0.6415
vn 0.9631 0.0642 0.2612
vn 0.7049 0.3031 0.6413
vn 0.2584 0.4610 0.8489
vn -0.2579 0.4951 0.8297
vn -0.2578 0.4954 0.8295
vn -0.7050 0.3970 0.5877
vn -0.7049 0.3974 0.5876
vn -0.7046 0.3971 0.5881
vn -0.2583 0.4954 0.8294
vn -0.2581 0.4952 0.8296
vn -0.7047 0.3971 0.5880
vn -0.7044 0.3971 0.5883
vn -0.7044 0.3969 0.5884
vn -0.9631 0.1923 0.1883
vn -0.9633 0.1920 0.1877
vn -0.9971 0.0663 -0.0376
vn -0.9970 0.0666 -0.0384
vn -0.9971 0.0662 -0.0386
vn -0.9971 0.0665 -0.0378
vn -0.9970 0.0664 -0.0385
vn -0.9971 0.0663 -0.0384
vn -0.9970 0.0660 -0.0392
vn -0.9971 0.0663 -0.0379
vn -0.9971 0.0670 -0.0374
vn -0.9971 0.0662 -0.0373
vn -0.9970 0.0669 -0.0380
vn -0.9971 0.0660 -0.0376
vn -0.9971 0.0662 -0.0375
vn -0.9971 0.0661 -0.0372
vn -0.9971 0.0661 -0.0381
vn -0.9971 0.0661 -0.0383
vn -0.9971 0.0659 -0.0390
vn -0.9970 0.0665 -0.0389
vn -0.9971 0.0667 -0.0374
vn -0.9631 -0.0641 -0.2612
vn -0.9631 -0.0638 -0.2613
vn -0.7052 -0.3029 -0.6410
vn -0.7052 -0.3025 -0.6413
vn -0.7052 -0.3028 -0.6411
vn -0.7050 -0.3029 -0.6413
vn -0.2576 -0.4609 -0.8493
vn -0.2573 -0.4602 -0.8497
vn -0.2573 -0.4608 -0.8494
vn -0.2585 -0.4609 -0.8490
vn -0.2573 -0.4610 -0.8493
vn -0.2581 -0.4617 -0.8487
vn 0.0001 -0.4950 -0.8689
vn 0.2580 -0.4954 -0.8295
vn 0.2571 -0.4944 -0.8303
vn 0.2570 -0.4952 -0.8299
vn 0.2584 -0.4954 -0.8293
vn 0.2574 -0.4953 -0.8297
vn 0.2583 -0.4963 -0.8288
vn 0.7052 -0.3970 -0.5875
vn 0.2578 -0.4953 -0.8296
vn 0.2578 -0.4949 -0.8299
vn 0.7054 -0.3968 -0.5874
vn 0.9632 -0.1918 -0.1882
vn 0.9630 -0.1925 -0.1884
vn 0.9630 -0.1925 -0.1888
vn 0.9629 -0.1930 -0.1886
vn -0.9630 -0.0641 -0.2617
vn -0.9631 -0.0640 -0.2613
vn -0.9632 -0.0643 -0.2611
vn -0.9630 -0.0635 -0.2620
vn -0.9631 -0.0640 -0.2614
vn -0.9629 -0.0643 -0.2620
vn -0.7054 -0.3030 -0.6407
vn -0.7052 -0.3030 -0.6410
vn -0.7052 -0.3027 -0.6411
vn -0.7053 -0.3032 -0.6409
vn -0.2577 -0.4612 -0.8491
vn -0.2579 -0.4609 -0.8491
vn -0.7050 0.3970 0.5876
vn 0.9631 0.0639 0.2615
vn 0.9631 0.0639 0.2614
vn 0.7051 0.3030 0.6411
vn 0.7050 0.3031 0.6412
vn 0.2581 0.4609 0.8491
vn 0.2580 0.4609 0.8491
vn 0.9630 -0.1924 -0.1887
vn 0.9632 -0.1920 -0.1881
vn 0.9629 -0.1928 -0.1886
vn 0.9630 -0.1923 -0.1889
vn 0.7054 -0.3967 -0.5873
vn 0.7051 -0.3970 -0.5875
vn 0.2591 -0.4954 -0.8291
vn -0.9632 -0.0638 -0.2610
vn -0.9633 -0.0642 -0.2608
vn -0.9631 -0.0637 -0.2615
vn -0.7049 -0.3036 -0.6410
vn -0.7048 -0.3034 -0.6412
vn -0.7048 -0.3028 -0.6416
vn -0.2577 -0.4601 -0.8496
vn -0.2584 -0.4608 -0.8491
vn -0.2580 -0.4608 -0.8492
vn -0.2588 -0.4608 -0.8489
vn -0.2588 -0.4614 -0.8486
vn -0.9630 -0.0639 -0.2619
vn -0.9631 -0.0634 -0.2616
vn -0.7049 -0.3035 -0.6411
vn -0.7048 -0.3032 -0.6413
vn -0.7051 -0.3031 -0.6411
vn -0.9631 -0.0638 -0.2616
vn -0.9630 -0.0644 -0.2618
vn -0.7053 -0.3032 -0.6408
vn -0.2585 -0.4610 -0.8489
vn -0.2587 -0.4610 -0.8489
vn -0.2582 -0.4612 -0.8489
vn 0.2580 -0.4952 -0.8296
vn 0.2579 -0.4949 -0.8298
vn 0.7052 -0.3971 -0.5874
vn 0.2579 -0.4953 -0.8295
vn 0.2578 -0.4955 -0.8295
vn 0.7050 -0.3971 -0.5876
vn 0.9631 -0.1924 -0.1883
vn 0.9632 -0.1920 -0.1880
vn 0.9633 -0.1918 -0.1878
vn 0.9632 -0.1921 -0.1882
vn 0.9632 -0.1924 -0.1879
vn 0.9970 -0.0666 0.0381
vn 0.9971 -0.0667 0.0374
vn 0.9970 -0.0664 0.0387
vn 0.9970 -0.0668 0.0380
vn 0.9971 -0.0665 0.0379
vn 0.9971 -0.0664 0.0385
vn 0.9971 -0.0665 0.0382
vn 0.9971 -0.0666 0.0381
vn 0.9971 -0.0660 0.0388
vn 0.9970 -0.0670 0.0390
vn 0.9970 -0.0662 0.0391
vn 0.9971 -0.0667 0.0371
vn 0.9971 -0.0662 0.0383
vn 0.9970 -0.0669 0.0384
vn 0.9971 -0.0662 0.0379
vn 0.9970 -0.0667 0.0381
vn 0.9971 -0.0661 0.0377
vn 0.9632 0.0644 0.2609
vn 0.7054 0.3029 0.6408
vn 0.7051 0.3028 0.6412
vn 0.9630 0.0641 0.2619
vn 0.9630 0.0638 0.2620
vn 0.7052 0.3031 0.6410
vn 0.7047 0.3030 0.6415
vn 0.7051 0.3027 0.6413
vn 0.2585 0.4611 0.8488
vn 0.2576 0.4621 0.8486
vn 0.2575 0.4611 0.8492
vn 0.2590 0.4611 0.8487
vn 0.2580 0.4611 0.8490
vn 0.2589 0.4602 0.8492
vn -0.0001 0.4950 0.8689
vn -0.2576 0.4954 0.8296
vn -0.2585 0.4954 0.8293
vn -0.7046 0.3974 0.5879
vn -0.7047 0.3981 0.5873
vn -0.7052 0.3971 0.5874
vn -0.2577 0.4951 0.8297
vn -0.7049 0.3972 0.5876
vn -0.7056 0.3969 0.5871
vn -0.7054 0.3963 0.5876
vn -0.9631 0.1920 0.1884
vn -0.9631 0.1923 0.1884
vn -0.2579 0.4954 0.8295
vn -0.2589 0.4954 0.8292
vn -0.2590 0.4943 0.8298
vn -0.2572 0.4965 0.8291
vn -0.2586 0.4954 0.8293
vn -0.2574 0.4954 0.8297
vn -0.7056 0.3971 0.5869
vn -0.7053 0.3969 0.5874
vn -0.7056 0.3968 0.5871
vn -0.7053 0.3968 0.5875
vn -0.9630 0.1932 0.1877
vn -0.9629 0.1924 0.1890
vn -0.9631 0.1925 0.1882
vn -0.9631 0.1924 0.1885
vn -0.9629 0.1923 0.1893
vn -0.9630 0.1915 0.1898
vn -0.0002 0.4950 0.8689
vn 0.9630 0.0638 0.2618
vn 0.7058 0.3033 0.6402
vn 0.7054 0.3031 0.6408
vn 0.7058 0.3027 0.6405
vn 0.7055 0.3029 0.6407
vn 0.7052 0.3034 0.6409
vn 0.7051 0.3028 0.6413
vn 0.2575 0.4617 0.8489
vn 0.2580 0.4608 0.8492
vn 0.2573 0.4611 0.8492
vn 0.2577 0.4610 0.8492
vn 0.2582 0.4601 0.8495
vn 0.9631 -0.1923 -0.1884
vn 0.7048 -0.3978 -0.5874
vn 0.7053 -0.3969 -0.5874
vn 0.7049 -0.3972 -0.5877
vn 0.7052 -0.3970 -0.5874
vn 0.7055 -0.3965 -0.5874
vn 0.2579 -0.4951 -0.8297
vn 0.2582 -0.4953 -0.8295
vn 0.2577 -0.4952 -0.8297
vn -0.9632 -0.0635 -0.2611
vn -0.9633 -0.0639 -0.2609
vn -0.9631 -0.0641 -0.2616
vn -0.7046 -0.3032 -0.6415
vn -0.7049 -0.3033 -0.6412
vn -0.7050 -0.3032 -0.6411
vn -0.2584 -0.4609 -0.8490
vn -0.9630 -0.0639 -0.2617
vn -0.7051 -0.3029 -0.6411
vn -0.7054 -0.3025 -0.6410
vn -0.2580 -0.4611 -0.8490
vn -0.2583 -0.4606 -0.8492
vn -0.2583 -0.4610 -0.8490
vn -0.2581 -0.4611 -0.8490
vn -0.2576 -0.4614 -0.8490
vn -0.0001 -0.4950 -0.8689
vn 0.2574 -0.4954 -0.8296
vn 0.2578 -0.4944 -0.8301
vn 0.2583 -0.4951 -0.8295
vn 0.2570 -0.4954 -0.8298
vn 0.2576 -0.4960 -0.8292
vn 0.7050 -0.3972 -0.5876
vn 0.9631 -0.1921 -0.1885
vn 0.9633 -0.1916 -0.1881
vn 0.9633 -0.1917 -0.1878
vn 0.9632 -0.1922 -0.1881
vn 0.9630 -0.1928 -0.1885
vn 0.9971 -0.0666 0.0373
vn 0.9970 -0.0668 0.0378
vn 0.9971 -0.0669 0.0373
vn 0.9970 -0.0669 0.0381
vn 0.9970 -0.0663 0.0390
vn 0.9970 -0.0664 0.0386
vn 0.9970 -0.0668 0.0381
vn 0.9971 -0.0669 0.0376
vn 0.9971 -0.0660 0.0376
vn 0.9971 -0.0667 0.0378
vn 0.9971 -0.0661 0.0387
vn 0.9970 -0.0672 0.0391
vn 0.9970 -0.0662 0.0390
vn 0.9971 -0.0666 0.0370
vn 0.9971 -0.0665 0.0383
vn 0.9970 -0.0672 0.0380
vn 0.9971 -0.0669 0.0375
vn 0.9971 -0.0659 0.0378
vn 0.9970 -0.0668 0.0382
vn 0.9971 -0.0662 0.0381
vn 0.9632 0.0643 0.2608
vn 0.9632 0.0637 0.2610
vn 0.7051 0.3032 0.6410
vn 0.9630 0.0638 0.2617
vn 0.9629 0.0637 0.2620
vn 0.2578 0.4611 0.8491
vn -0.7051 0.3973 0.5874
vn -0.7053 0.3970 0.5873
vn -0.7055 0.3969 0.5871
vn -0.7056 0.3965 0.5873
vn -0.9630 0.1926 0.1885
vn -0.9631 0.1923 0.1885
vn -0.2583 0.4953 0.8295
vn -0.7049 0.3971 0.5878
vn -0.7051 0.3971 0.5875
vn -0.9631 0.1928 0.1877
vn -0.9630 0.1924 0.1887
vn -0.9631 0.1923 0.1880
vn -0.9631 0.1924 0.1884
vn -0.9630 0.1922 0.1887
vn -0.9631 0.1917 0.1891
vn 0.0275 -0.1489 -0.9885
vn 0.0829 0.5523 -0.8295
vn 0.0136 0.0062 -0.9999
vn 0.0816 0.9675 -0.2392
vn 0.0422 0.9393 0.3406
vn 0.0475 0.8679 -0.4944
vn 0.0185 0.6901 0.7235
vn 0.0094 0.8634 0.5044
vn -0.0186 0.2711 0.9624
vn -0.0570 -0.1850 0.9811
vn -0.0655 -0.7003 0.7109
vn -0.0669 -0.0027 0.9978
vn -0.0539 -0.9971 0.0534
vn -0.1051 -0.8641 0.4922
vn -0.0274 -0.7739 -0.6327
vn -0.0629 -0.8602 -0.5061
vn -0.3823 0.4825 0.7880
vn -0.3819 0.4827 0.7881
vn -0.3824 0.4821 0.7883
vn -0.3822 0.4826 0.7880
vn -0.3818 0.4831 0.7880
vn -0.9211 0.2510 0.2977
vn -0.9211 0.2508 0.2976
vn -0.2588 0.4955 0.8291
vn -0.7054 0.3953 0.5883
vn -0.3864 0.4849 0.7846
vn -0.9632 0.1923 0.1880
vn -0.9224 0.2523 0.2925
vn -0.0184 0.2701 0.9626
vn -0.0570 -0.1840 0.9813
vn -0.0655 -0.7002 0.7109
vn -0.0670 -0.0030 0.9977
vn -0.0539 -0.9971 0.0536
vn -0.1052 -0.8642 0.4921
vn -0.0276 -0.7741 -0.6325
vn -0.0628 -0.8602 -0.5061
vn 0.0276 -0.1491 -0.9884
vn 0.0137 0.0061 -0.9999
vn 0.0816 0.9675 -0.2395
vn 0.0422 0.9392 0.3407
vn 0.0477 0.8679 -0.4944
vn 0.0184 0.6898 0.7237
vn 0.0094 0.8635 0.5042
vn -0.9971 0.0663 -0.0378
vn -0.9971 0.0662 -0.0379
vn -0.9970 0.0669 -0.0379
vn -0.9970 0.0666 -0.0382
vn -0.0270 0.1519 0.9880
vn -0.0538 -0.5546 0.8304
vn -0.0629 -0.0031 0.9980
vn -0.0655 -0.9686 0.2399
vn -0.0570 -0.9383 -0.3411
vn -0.0185 -0.6900 -0.7236
vn -0.0670 -0.8595 -0.5067
vn 0.0185 -0.2708 -0.9625
vn 0.0423 0.1869 -0.9815
vn 0.0817 0.6991 -0.7104
vn 0.0094 0.0068 -0.9999
vn 0.0827 0.9952 -0.0521
vn 0.0478 0.8678 -0.4947
vn 0.0278 0.7728 0.6341
vn 0.0136 0.8632 0.5047
vn -0.9632 -0.0638 -0.2611
vn -0.9230 -0.1291 -0.3624
vn -0.3867 -0.4338 -0.8138
vn -0.7045 -0.3017 -0.6423
vn -0.2586 -0.4606 -0.8491
vn -0.6083 -0.3515 -0.7117
vn -0.5913 -0.3592 -0.7221
vn -0.9297 -0.1170 -0.3493
vn -0.8296 -0.2193 -0.5135
vn -0.9295 -0.1171 -0.3496
vn -0.6900 -0.3113 -0.6534
vn -0.8293 -0.2195 -0.5138
vn -0.5177 -0.3885 -0.7622
vn -0.6898 -0.3115 -0.6536
vn -0.3208 -0.4473 -0.8349
vn -0.5175 -0.3886 -0.7623
vn -0.1087 -0.4848 -0.8678
vn -0.3207 -0.4473 -0.8349
vn 0.1087 -0.4993 -0.8596
vn -0.1086 -0.4848 -0.8679
vn 0.3206 -0.4901 -0.8106
vn 0.5175 -0.4576 -0.7231
vn 0.3208 -0.4901 -0.8105
vn 0.6899 -0.4033 -0.6012
vn 0.5177 -0.4575 -0.7230
vn 0.8294 -0.3300 -0.4508
vn 0.6900 -0.4033 -0.6010
vn 0.9295 -0.2410 -0.2791
vn 0.8293 -0.3301 -0.4509
vn 0.8295 -0.3299 -0.4506
vn 0.9297 -0.2408 -0.2788
vn 0.6082 -0.4327 -0.6655
vn 0.5918 -0.4378 -0.6768
vn 0.2591 -0.4953 -0.8292
vn 0.7047 -0.3987 -0.5869
vn 0.3864 -0.4790 -0.7882
vn 0.9631 -0.1923 -0.1885
vn 0.9230 -0.2459 -0.2958
vn -0.0136 -0.0065 0.9999
vn -0.0278 0.1522 0.9880
vn -0.0478 -0.8680 0.4943
vn -0.0829 -0.5528 0.8292
vn -0.0817 -0.9675 0.2391
vn -0.0094 -0.8634 -0.5044
vn -0.0423 -0.9392 -0.3407
vn -0.0185 -0.6890 -0.7245
vn 0.0670 0.0030 -0.9977
vn 0.0185 -0.2718 -0.9622
vn 0.0571 0.1847 -0.9811
vn 0.1051 0.8640 -0.4923
vn 0.0656 0.7004 -0.7108
vn 0.0628 0.8598 0.5067
vn 0.0539 0.9971 -0.0532
vn 0.0271 0.7725 0.6344
vn 0.9971 -0.0666 0.0379
vn 0.9971 -0.0663 0.0379
vn 0.9971 -0.0665 0.0381
vn 0.9971 -0.0663 0.0375
vn 0.9971 -0.0663 0.0378
vn 0.0670 0.0028 -0.9977
vn 0.0184 -0.2706 -0.9625
vn 0.0569 0.1850 -0.9811
vn 0.1051 0.8641 -0.4923
vn 0.0655 0.7003 -0.7108
vn 0.0627 0.8600 0.5065
vn 0.0539 0.9971 -0.0534
vn 0.0271 0.7727 0.6341
vn -0.0136 -0.0061 0.9999
vn -0.0277 0.1516 0.9881
vn -0.0477 -0.8681 0.4941
vn -0.0829 -0.5525 0.8294
vn -0.0816 -0.9675 0.2394
vn -0.0423 -0.9394 -0.3403
vn -0.0185 -0.6896 -0.7240
vn 0.3811 -0.4828 -0.7884
vn 0.3815 -0.4828 -0.7883
vn 0.3817 -0.4828 -0.7882
vn 0.3813 -0.4828 -0.7884
vn 0.9212 -0.2508 -0.2976
vn 0.9212 -0.2509 -0.2974
vn 0.3852 -0.4854 -0.7849
vn 0.9225 -0.2520 -0.2922
vn 0.7052 -0.3953 -0.5886
vn 0.9631 -0.1921 -0.1884
vn 0.7051 0.3013 0.6419
vn 0.9228 0.1295 0.3628
vn 0.3871 0.4335 0.8138
vn -0.0094 -0.0063 0.9999
vn -0.0185 0.2706 0.9625
vn -0.0422 -0.1852 0.9818
vn -0.0817 -0.6996 0.7099
vn -0.0829 -0.9952 0.0523
vn -0.0276 -0.7741 -0.6324
vn 0.0628 0.0030 -0.9980
vn 0.0275 -0.1486 -0.9885
vn 0.1051 0.8639 -0.4925
vn 0.0538 0.5541 -0.8307
vn 0.0655 0.9686 -0.2399
vn 0.0670 0.8596 0.5066
vn 0.0570 0.9382 0.3412
vn 0.0184 0.6901 0.7235
vn 0.9214 0.1277 0.3671
vn 0.9214 0.1274 0.3672
vn 0.9212 0.1279 0.3675
vn 0.3819 0.4319 0.8171
vn 0.9212 0.1280 0.3674
vn 0.9210 0.1282 0.3678
vn 0.9210 0.1276 0.3681
vn 0.3821 0.4318 0.8170
vn 0.9632 0.0638 0.2609
vn 0.9226 0.1228 0.3657
vn 0.3866 0.4274 0.8172
vn 0.7048 0.3049 0.6405
vn 0.2582 0.4609 0.8490
vn 0.0629 0.0028 -0.9980
vn 0.0275 -0.1492 -0.9884
vn 0.0538 0.5546 -0.8304
vn 0.0655 0.9686 -0.2397
vn 0.0670 0.8596 0.5065
vn 0.0570 0.9383 0.3411
vn 0.0186 0.6900 0.7236
vn 0.6250 0.3441 0.7008
vn 0.5931 0.3584 0.7210
vn 0.9216 0.1275 0.3666
vn 0.9214 0.1278 0.3670
vn 0.9215 0.1277 0.3669
vn 0.7912 0.2485 0.5588
vn 0.7915 0.2483 0.5584
vn 0.6067 0.3524 0.7126
vn 0.6063 0.3528 0.7126
vn 0.6063 0.3525 0.7128
vn 0.6068 0.3523 0.7125
vn 0.6064 0.3525 0.7127
vn 0.3806 0.4322 0.8176
vn 0.3809 0.4321 0.8175
vn 0.7771 0.2584 0.5739
vn 0.8017 0.2408 0.5471
vn 0.9629 0.0640 0.2621
vn 0.7046 0.3034 0.6414
vn 0.7047 0.3041 0.6410
vn 0.7052 0.3031 0.6409
vn 0.9632 0.0637 0.2613
vn 0.7055 0.3026 0.6408
vn 0.7053 0.3022 0.6412
vn 0.2577 0.4609 0.8492
vn 0.2584 0.4613 0.8488
vn 0.2583 0.4609 0.8490
vn 0.2575 0.4610 0.8492
vn 0.2575 0.4604 0.8496
vn -0.2582 0.4954 0.8294
vn -0.2584 0.4955 0.8293
vn -0.2587 0.4951 0.8294
vn -0.7052 0.3968 0.5876
vn -0.7053 0.3975 0.5869
vn -0.7047 0.3972 0.5880
vn -0.2579 0.4956 0.8294
vn -0.2582 0.4953 0.8295
vn -0.2580 0.4952 0.8296
vn -0.7044 0.3973 0.5882
vn -0.7044 0.3965 0.5887
vn -0.9630 0.1923 0.1887
vn -0.9632 0.1920 0.1881
vn -0.9630 0.1923 0.1889
vn -0.9631 0.1921 0.1887
vn -0.8023 0.3473 0.4855
vn -0.8022 0.3475 0.4855
vn -0.3564 0.4860 0.7980
vn -0.5425 0.4513 0.7085
vn -0.3805 0.4830 0.7886
vn -0.7049 0.3969 0.5879
vn -0.6063 0.4336 0.6666
vn -0.8363 0.3251 0.4414
vn -0.7912 0.3542 0.4986
vn -0.9311 0.2391 0.2756
vn -0.9214 0.2506 0.2969
vn -0.6248 0.4274 0.6534
vn -0.6085 0.4327 0.6652
vn -0.9211 -0.1278 -0.3678
vn -0.9210 -0.1273 -0.3682
vn -0.9214 -0.1277 -0.3671
vn -0.3819 -0.4316 -0.8172
vn -0.9212 -0.1279 -0.3674
vn -0.9214 -0.1279 -0.3669
vn -0.9215 -0.1285 -0.3666
vn -0.3816 -0.4318 -0.8173
vn 0.0423 0.1864 -0.9816
vn 0.0817 0.6993 -0.7101
vn 0.0094 0.0072 -0.9999
vn 0.0830 0.9952 -0.0522
vn 0.0478 0.8679 -0.4944
vn 0.0278 0.7730 0.6338
vn 0.0136 0.8630 0.5050
vn -0.0271 0.1516 0.9881
vn -0.0628 -0.0026 0.9980
vn -0.0656 -0.9685 0.2402
vn -0.0571 -0.9381 -0.3415
vn -0.1052 -0.8641 0.4922
vn -0.0187 -0.6901 -0.7235
vn -0.0670 -0.8598 -0.5062
vn -0.9631 -0.0642 -0.2615
vn -0.7051 -0.3045 -0.6403
vn -0.9220 -0.1231 -0.3670
vn -0.2577 -0.4609 -0.8492
vn -0.3872 -0.4273 -0.8170
vn -0.2576 0.4952 0.8297
vn -0.3871 0.4790 0.7879
vn -0.9228 0.2459 0.2965
vn -0.7050 0.3983 0.5867
vn -0.3816 0.4827 0.7883
vn -0.9212 0.2508 0.2975
vn -0.9212 0.2508 0.2976
vn -0.9212 -0.1280 -0.3675
vn -0.3816 -0.4319 -0.8172
vn 0.3815 -0.4827 -0.7883
vn 0.3816 -0.4827 -0.7883
vn 0.9212 -0.2508 -0.2975
vn 0.9212 0.1281 0.3675
vn 0.3816 0.4319 0.8172
vn -0.3815 -0.4319 -0.8173
vn 0.3817 -0.4827 -0.7882
vn 0.9212 0.1280 0.3675
vn -0.9212 -0.1281 -0.3675
vn -0.3815 0.4828 0.7883
vn 0.3815 0.4319 0.8173
vn -0.9859 0.1395 0.0922
vn -0.9859 0.1396 0.0922
vn -0.9859 -0.0082 -0.1670
vn -0.9859 -0.0082 -0.1671
vn -0.0765 -0.8666 0.4932
vn -0.0765 -0.8668 0.4928
vn -0.0766 -0.8661 0.4941
vn -0.0764 -0.8663 0.4937
vn -0.0759 -0.8663 0.4938
vn -0.0744 -0.8664 0.4937
vn -0.0747 -0.8668 0.4931
vn -0.0753 -0.8667 0.4932
vn -0.0761 -0.8661 0.4940
vn 0.2583 -0.4953 -0.8294
vn 0.2586 -0.4952 -0.8294
vn 0.7048 -0.3968 -0.5881
vn 0.7048 -0.3971 -0.5878
vn 0.9631 0.0638 0.2616
vn 0.2581 0.4616 0.8487
vn 0.2580 0.4612 0.8490
vn 0.2580 0.4610 0.8490
vn 0.2578 0.4608 0.8492
vn 0.2580 0.4603 0.8494
vn -0.0762 -0.8665 0.4933
vn -0.0755 -0.8661 0.4941
vn -0.0764 -0.8662 0.4938
vn -0.0763 -0.8664 0.4934
vn -0.0767 -0.8663 0.4937
vn -0.0764 -0.8662 0.4939
vn -0.0765 -0.8662 0.4939
vn -0.0765 -0.8664 0.4936
vn -0.0761 -0.8664 0.4936
vn -0.0769 -0.8663 0.4935
vn -0.0768 -0.8663 0.4935
vn 0.2581 -0.4953 -0.8295
vn 0.0764 0.8663 -0.4937
vn 0.0764 0.8665 -0.4934
vn 0.0765 0.8662 -0.4937
vn 0.0768 0.8664 -0.4935
vn 0.0765 0.8664 -0.4936
vn 0.7050 0.3030 0.6412
vn -0.2581 0.4953 0.8295
vn -0.7051 -0.3030 -0.6411
vn -0.7050 -0.3031 -0.6412
vn -0.0000 -0.4949 -0.8689
vn -0.2911 -0.4540 -0.8421
vn -0.1762 -0.4755 -0.8619
vn -0.2910 -0.4541 -0.8421
vn -0.0590 -0.4902 -0.8696
vn -0.1763 -0.4755 -0.8619
vn 0.2911 -0.4928 -0.8200
vn 0.1762 -0.4989 -0.8485
vn 0.2910 -0.4928 -0.8200
vn 0.0591 -0.4981 -0.8651
vn 0.1764 -0.4989 -0.8485
vn 0.0590 -0.4980 -0.8651
vn -0.0000 -0.4951 -0.8689
vn 0.5647 0.7171 -0.4085
vn 0.5648 0.7171 -0.4085
vn 0.4323 -0.7835 0.4463
vn -0.5647 -0.7171 0.4085
vn -0.4323 0.7835 -0.4463
vn -0.3219 -0.8155 -0.4811
vn -0.5683 -0.3688 -0.7355
vn -0.2464 0.0400 -0.9683
vn 0.3220 0.0021 -0.9468
vn 0.5684 -0.4445 -0.6923
vn 0.2465 -0.8533 -0.4594
vn 0.4323 -0.7835 0.4464
vn -0.5648 -0.7171 0.4085
vn -0.3219 -0.8155 -0.4810
vn -0.2464 0.0399 -0.9683
vn 0.3219 0.0021 -0.9468
vn 0.5684 -0.4446 -0.6923
vn 0.2464 -0.8533 -0.4594
vn 0.0248 0.4932 0.8696
vn 0.0747 0.4860 0.8708
vn 0.1233 0.4753 0.8711
vn 0.1720 0.4603 0.8709
vn 0.2194 0.4421 0.8697
vn 0.2607 0.4257 0.8665
vn 0.2723 0.4193 0.8661
vn 0.2672 0.4266 0.8640
vn 0.3156 0.4279 0.8470
vn 0.3629 0.4253 0.8292
vn 0.4098 0.4191 0.8102
vn 0.4547 0.4093 0.7911
vn 0.4983 0.3958 0.7713
vn 0.5409 0.3787 0.7510
vn 0.5814 0.3583 0.7305
vn 0.6210 0.3341 0.7091
vn 0.6576 0.3072 0.6878
vn 0.6929 0.2763 0.6660
vn 0.6881 0.2725 0.6725
vn 0.6973 0.2715 0.6633
vn 0.2548 0.4255 0.8684
vn 0.2633 0.4263 0.8654
vn 0.2507 0.4311 0.8668
vn 0.7284 0.2623 0.6330
vn 0.7621 0.2520 0.5964
vn 0.7942 0.2383 0.5590
vn 0.8236 0.2214 0.5222
vn 0.8508 0.2014 0.4854
vn 0.8757 0.1784 0.4487
vn 0.8980 0.1524 0.4127
vn 0.9180 0.1234 0.3769
vn 0.9355 0.0913 0.3413
vn 0.9501 0.0570 0.3068
vn 0.6957 0.2735 0.6642
vn 0.7014 0.2677 0.6606
vn 0.7051 0.2705 0.6555
vn 0.9609 0.0272 0.2755
vn 0.9634 0.0174 0.2674
vn 0.9628 0.0261 0.2689
vn 0.9752 0.0128 0.2209
vn 0.9849 -0.0032 0.1732
vn 0.9917 -0.0216 0.1270
vn 0.9957 -0.0427 0.0816
vn 0.9958 -0.0919 -0.0049
vn 0.9917 -0.1203 -0.0461
vn 0.9849 -0.1506 -0.0857
vn 0.9752 -0.1834 -0.1237
vn 0.9629 -0.2178 -0.1595
vn 0.9634 -0.2211 -0.1513
vn 0.9609 -0.2231 -0.1639
vn 0.9592 0.0288 0.2812
vn 0.9617 0.0270 0.2729
vn 0.9586 0.0356 0.2824
vn 0.9501 -0.2349 -0.2052
vn 0.9354 -0.2471 -0.2529
vn 0.9617 -0.2209 -0.1624
vn 0.9592 -0.2272 -0.1682
vn 0.9586 -0.2248 -0.1747
vn 0.9180 -0.2611 -0.2983
vn 0.8981 -0.2771 -0.3415
vn 0.8756 -0.2953 -0.3823
vn 0.8509 -0.3146 -0.4207
vn 0.8236 -0.3363 -0.4567
vn 0.7942 -0.3593 -0.4900
vn 0.7624 -0.3843 -0.5206
vn 0.7284 -0.4108 -0.5484
vn 0.7014 -0.4317 -0.5672
vn 0.6957 -0.4319 -0.5740
vn 0.7051 -0.4259 -0.5670
vn 0.6974 -0.4322 -0.5718
vn 0.6881 -0.4395 -0.5773
vn 0.6931 -0.4321 -0.5771
vn 0.6579 -0.4351 -0.6147
vn 0.6203 -0.4396 -0.6496
vn 0.5818 -0.4455 -0.6805
vn 0.5409 -0.4528 -0.7088
vn 0.4987 -0.4616 -0.7336
vn 0.4550 -0.4717 -0.7553
vn 0.4094 -0.4834 -0.7738
vn 0.3633 -0.4961 -0.7886
vn 0.3153 -0.5105 -0.8000
vn 0.2672 -0.5258 -0.8076
vn 0.2720 -0.5313 -0.8023
vn 0.2606 -0.5283 -0.8081
vn 0.2632 -0.5272 -0.8080
vn 0.2548 -0.5300 -0.8088
vn 0.2509 -0.5258 -0.8128
vn 0.2195 -0.5226 -0.8238
vn 0.1720 -0.5143 -0.8402
vn 0.1235 -0.5071 -0.8530
vn 0.0745 -0.5012 -0.8621
vn 0.0249 -0.4964 -0.8677
vn -0.0248 -0.4932 -0.8696
vn -0.0749 -0.4913 -0.8678
vn -0.1245 -0.4906 -0.8625
vn -0.1746 -0.4912 -0.8534
vn -0.2238 -0.4932 -0.8406
vn -0.2665 -0.4931 -0.8281
vn -0.2786 -0.4943 -0.8235
vn -0.2725 -0.4899 -0.8281
vn -0.3196 -0.4679 -0.8240
vn -0.3651 -0.4478 -0.8162
vn -0.4105 -0.4286 -0.8048
vn -0.4547 -0.4111 -0.7901
vn -0.4983 -0.3953 -0.7716
vn -0.5413 -0.3807 -0.7497
vn -0.5823 -0.3679 -0.7249
vn -0.6224 -0.3569 -0.6966
vn -0.6616 -0.3472 -0.6646
vn -0.6983 -0.3392 -0.6303
vn -0.6943 -0.3474 -0.6302
vn -0.7032 -0.3388 -0.6251
vn -0.2609 -0.4956 -0.8284
vn -0.2688 -0.4916 -0.8283
vn -0.2561 -0.4921 -0.8320
vn -0.7329 -0.3134 -0.6039
vn -0.7653 -0.2826 -0.5783
vn -0.7956 -0.2534 -0.5503
vn -0.8242 -0.2264 -0.5191
vn -0.8507 -0.2016 -0.4854
vn -0.8758 -0.1781 -0.4486
vn -0.8984 -0.1576 -0.4098
vn -0.9194 -0.1388 -0.3681
vn -0.9382 -0.1222 -0.3239
vn -0.9546 -0.1079 -0.2777
vn -0.7013 -0.3388 -0.6272
vn -0.7076 -0.3379 -0.6207
vn -0.7106 -0.3314 -0.6206
vn -0.9669 -0.0946 -0.2371
vn -0.9700 -0.0923 -0.2248
vn -0.9684 -0.0892 -0.2330
vn -0.9788 -0.0531 -0.1979
vn -0.9869 -0.0194 -0.1604
vn -0.9925 0.0121 -0.1215
vn -0.9959 0.0407 -0.0806
vn -0.9970 0.0668 -0.0380
vn -0.9959 0.0900 0.0061
vn -0.9925 0.1106 0.0516
vn -0.9869 0.1281 0.0983
vn -0.9788 0.1429 0.1465
vn -0.9684 0.1549 0.1957
vn -0.9700 0.1463 0.1940
vn -0.9669 0.1557 0.2023
vn -0.9654 -0.0990 -0.2412
vn -0.9674 -0.0924 -0.2357
vn -0.9640 -0.0967 -0.2476
vn -0.9546 0.1836 0.2344
vn -0.9382 0.2164 0.2703
vn -0.9674 0.1556 0.1997
vn -0.9654 0.1571 0.2082
vn -0.9640 0.1637 0.2095
vn -0.9195 0.2457 0.3069
vn -0.8984 0.2722 0.3446
vn -0.8757 0.2949 0.3822
vn -0.8508 0.3148 0.4209
vn -0.8241 0.3311 0.4595
vn -0.7954 0.3441 0.4990
vn -0.7649 0.3537 0.5384
vn -0.7327 0.3597 0.5776
vn -0.7076 0.3616 0.6071
vn -0.7017 0.3664 0.6111
vn -0.7104 0.3647 0.6019
vn -0.7034 0.3647 0.6101
vn -0.6951 0.3646 0.6196
vn -0.6987 0.3686 0.6132
vn -0.6613 0.3949 0.6377
vn -0.6227 0.4172 0.6620
vn -0.5826 0.4358 0.6860
vn -0.5410 0.4509 0.7099
vn -0.4983 0.4623 0.7335
vn -0.4548 0.4698 0.7566
vn -0.4107 0.4737 0.7791
vn -0.3648 0.4737 0.8016
vn -0.3196 0.4700 0.8228
vn -0.2727 0.4627 0.8435
vn -0.2785 0.4563 0.8451
vn -0.2665 0.4609 0.8465
vn -0.2688 0.4618 0.8453
vn -0.2609 0.4598 0.8488
vn -0.2562 0.4647 0.8476
vn -0.2242 0.4716 0.8528
vn -0.1746 0.4835 0.8577
vn -0.1250 0.4917 0.8617
vn -0.0749 0.4959 0.8652
vn -0.0246 0.4964 0.8677
vn 0.0765 0.8665 -0.4932
vn 0.0761 0.8666 -0.4931
vn 0.0764 0.8661 -0.4940
vn 0.0769 0.8665 -0.4932
vn 0.0762 0.8664 -0.4935
vn 0.0760 0.8664 -0.4935
vn 0.0768 0.8665 -0.4933
vn 0.0766 0.8666 -0.4932
vn 0.0762 0.8661 -0.4940
vn 0.0768 0.8662 -0.4937
vn 0.0763 0.8663 -0.4936
vn 0.0759 0.8664 -0.4936
vn 0.0766 0.8664 -0.4935
vn 0.0767 0.8662 -0.4939
vn 0.0761 0.8667 -0.4929
vn 0.0760 0.8667 -0.4929
vn 0.0761 0.8662 -0.4938
vn 0.0767 0.8662 -0.4938
vn 0.0760 0.8664 -0.4936
vn 0.0767 0.8664 -0.4935
vn 0.0768 0.8663 -0.4937
vn 0.0767 0.8663 -0.4937
vn 0.0761 0.8663 -0.4936
vn 0.0761 0.8665 -0.4933
vn 0.0761 0.8661 -0.4940
vn 0.0769 0.8663 -0.4935
vn 0.0766 0.8661 -0.4939
vn 0.0764 0.8665 -0.4932
vn 0.0767 0.8664 -0.4933
vn 0.0766 0.8663 -0.4937
vn 0.0768 0.8660 -0.4941
vn 0.0761 0.8665 -0.4934
vn 0.0761 0.8663 -0.4938
vn 0.0761 0.8664 -0.4934
vn 0.0767 0.8660 -0.4941
vn 0.0761 0.8664 -0.4935
vn 0.0768 0.8661 -0.4940
vn 0.0770 0.8665 -0.4932
vn 0.0762 0.8666 -0.4931
vn 0.0765 0.8661 -0.4939
vn 0.0769 0.8663 -0.4937
vn 0.0765 0.8667 -0.4930
vn 0.0770 0.8665 -0.4931
vn 0.0765 0.8661 -0.4940
vn 0.0762 0.8663 -0.4938
vn 0.0760 0.8662 -0.4939
vn 0.0765 0.8666 -0.4930
vn 0.0763 0.8661 -0.4939
vn 0.0769 0.8666 -0.4930
vn 0.0765 0.8661 -0.4941
vn 0.0764 0.8666 -0.4931
vn -0.9968 0.0541 -0.0596
vn -0.9940 0.0322 -0.1043
vn -0.9885 0.0131 -0.1507
vn -0.9802 -0.0029 -0.1981
vn -0.9690 -0.0161 -0.2466
vn -0.9426 -0.0285 -0.3327
vn -0.9411 -0.0320 -0.3366
vn -0.9395 -0.0379 -0.3405
vn -0.9548 -0.0263 -0.2961
vn -0.9386 -0.0405 -0.3426
vn -0.9388 -0.0351 -0.3428
vn -0.9363 -0.0444 -0.3485
vn -0.9240 -0.0814 -0.3737
vn -0.9063 -0.1187 -0.4057
vn -0.8858 -0.1529 -0.4381
vn -0.8629 -0.1839 -0.4707
vn -0.8372 -0.2116 -0.5044
vn -0.8098 -0.2353 -0.5375
vn -0.7793 -0.2558 -0.5720
vn -0.7472 -0.2728 -0.6060
vn -0.7127 -0.2860 -0.6405
vn -0.6762 -0.2956 -0.6749
vn -0.6372 -0.3016 -0.7092
vn -0.5797 -0.3029 -0.7564
vn -0.5968 -0.3035 -0.7428
vn -0.5567 -0.3242 -0.7649
vn -0.5166 -0.3555 -0.7789
vn -0.4748 -0.3833 -0.7922
vn -0.4317 -0.4068 -0.8051
vn -0.3867 -0.4263 -0.8177
vn -0.3409 -0.4422 -0.8296
vn -0.2941 -0.4537 -0.8412
vn -0.2457 -0.4612 -0.8526
vn -0.1968 -0.4646 -0.8634
vn -0.1473 -0.4639 -0.8735
vn -0.0968 -0.4590 -0.8831
vn -0.0464 -0.4498 -0.8919
vn 0.0051 -0.4366 -0.8997
vn 0.0049 -0.4365 -0.8997
vn 0.0531 -0.4565 -0.8881
vn 0.1013 -0.4723 -0.8756
vn 0.1500 -0.4838 -0.8622
vn 0.1984 -0.4910 -0.8483
vn 0.2462 -0.4940 -0.8339
vn 0.2936 -0.4929 -0.8191
vn 0.3405 -0.4875 -0.8040
vn 0.3881 -0.4780 -0.7880
vn 0.4334 -0.4644 -0.7723
vn 0.4781 -0.4468 -0.7562
vn 0.5224 -0.4248 -0.7394
vn 0.5899 -0.3808 -0.7121
vn 0.5651 -0.3988 -0.7222
vn 0.6050 -0.3837 -0.6977
vn 0.6436 -0.3868 -0.6604
vn 0.6802 -0.3860 -0.6232
vn 0.7148 -0.3811 -0.5864
vn 0.7480 -0.3721 -0.5495
vn 0.7794 -0.3599 -0.5128
vn 0.8094 -0.3433 -0.4764
vn 0.8377 -0.3230 -0.4404
vn 0.8641 -0.2987 -0.4051
vn 0.8883 -0.2713 -0.3706
vn 0.9106 -0.2399 -0.3366
vn 0.9307 -0.2048 -0.3031
vn 0.9529 -0.1547 -0.2608
vn 0.9492 -0.1639 -0.2688
vn 0.9513 -0.1581 -0.2648
vn 0.9490 -0.1610 -0.2712
vn 0.9481 -0.1664 -0.2710
vn 0.9457 -0.1702 -0.2769
vn 0.9625 -0.1539 -0.2234
vn 0.9740 -0.1457 -0.1732
vn 0.9833 -0.1338 -0.1237
vn 0.9901 -0.1186 -0.0755
vn 0.9945 -0.1003 -0.0285
vn 0.9968 -0.0788 0.0162
vn 0.9968 -0.0540 0.0594
vn 0.9945 -0.0265 0.1009
vn 0.9901 0.0045 0.1406
vn 0.9832 0.0384 0.1783
vn 0.9741 0.0748 0.2135
vn 0.9529 0.1455 0.2661
vn 0.9513 0.1472 0.2710
vn 0.9492 0.1476 0.2780
vn 0.9625 0.1134 0.2465
vn 0.9480 0.1483 0.2816
vn 0.9490 0.1511 0.2767
vn 0.9457 0.1514 0.2875
vn 0.9306 0.1564 0.3309
vn 0.9106 0.1672 0.3781
vn 0.8882 0.1805 0.4225
vn 0.8640 0.1960 0.4637
vn 0.8378 0.2140 0.5022
vn 0.8095 0.2347 0.5381
vn 0.7798 0.2577 0.5706
vn 0.7479 0.2826 0.6007
vn 0.7147 0.3100 0.6269
vn 0.6797 0.3397 0.6501
vn 0.6435 0.3707 0.6697
vn 0.5899 0.4183 0.6907
vn 0.6051 0.4043 0.6859
vn 0.5651 0.4181 0.7112
vn 0.5220 0.4194 0.7427
vn 0.4785 0.4224 0.7698
vn 0.4334 0.4274 0.7934
vn 0.3877 0.4342 0.8131
vn 0.3410 0.4428 0.8293
vn 0.2939 0.4533 0.8415
vn 0.2462 0.4654 0.8502
vn 0.1984 0.4793 0.8549
vn 0.1500 0.4949 0.8559
vn 0.1015 0.5124 0.8527
vn 0.0533 0.5313 0.8455
vn 0.0051 0.5512 0.8343
vn 0.0052 0.5514 0.8342
vn -0.0461 0.5377 0.8419
vn -0.0971 0.5256 0.8452
vn -0.1473 0.5150 0.8445
vn -0.1968 0.5057 0.8400
vn -0.2457 0.4982 0.8315
vn -0.2939 0.4923 0.8193
vn -0.3409 0.4882 0.8034
vn -0.3870 0.4858 0.7837
vn -0.4318 0.4850 0.7605
vn -0.4749 0.4863 0.7335
vn -0.5167 0.4888 0.7030
vn -0.5797 0.4962 0.6463
vn -0.5565 0.4928 0.6689
vn -0.5969 0.4841 0.6399
vn -0.6372 0.4564 0.6210
vn -0.6758 0.4299 0.5987
vn -0.7129 0.4049 0.5725
vn -0.7472 0.3824 0.5437
vn -0.7795 0.3613 0.5116
vn -0.8097 0.3424 0.4765
vn -0.8375 0.3257 0.4389
vn -0.8630 0.3111 0.3981
vn -0.8860 0.2983 0.3549
vn -0.9062 0.2883 0.3092
vn -0.9240 0.2801 0.2605
vn -0.9426 0.2718 0.1941
vn -0.9395 0.2734 0.2063
vn -0.9411 0.2732 0.1992
vn -0.9388 0.2768 0.2051
vn -0.9386 0.2738 0.2098
vn -0.9363 0.2767 0.2161
vn -0.9547 0.2417 0.1738
vn -0.9690 0.2040 0.1396
vn -0.9802 0.1689 0.1036
vn -0.9885 0.1362 0.0654
vn -0.9940 0.1063 0.0256
vn -0.9968 0.0787 -0.0161
vn 0.7399 0.6621 -0.1194
vn 0.7398 0.6621 -0.1195
vn 0.4773 0.8590 0.1853
vn 0.4774 0.8589 0.1853
vn 0.0527 0.9558 0.2893
vn 0.0527 0.9558 0.2892
vn -0.3719 0.9155 0.1533
vn -0.3720 0.9155 0.1531
vn -0.6344 0.7537 -0.1717
vn -0.6344 0.7537 -0.1716
vn -0.6342 0.5321 -0.5609
vn -0.6346 0.5319 -0.5607
vn -0.3720 0.3350 -0.8657
vn -0.3719 0.3352 -0.8656
vn 0.0527 0.2384 -0.9697
vn 0.0527 0.2383 -0.9698
vn 0.4774 0.2787 -0.8333
vn 0.4774 0.2786 -0.8334
vn 0.7398 0.4404 -0.5086
vn 0.7398 0.4405 -0.5086
vn -0.6395 0.7403 -0.2074
vn -0.5851 -0.5720 0.5748
vn -0.2287 0.9423 0.2444
vn 0.3322 0.9051 0.2654
vn 0.7458 0.6479 -0.1548
vn 0.4587 -0.6413 0.6151
vn -0.0340 0.9461 -0.3221
vn 0.1833 0.9317 -0.3136
vn 0.4985 0.3955 0.7714
vn -0.4985 0.4619 0.7336
vn 0.7458 0.4636 -0.4784
vn 0.4586 -0.8561 0.2382
vn 0.3318 0.2334 -0.9140
vn -0.2280 0.2714 -0.9351
vn -0.6396 0.5558 -0.5310
vn -0.5849 -0.7865 0.1985
vn -0.0339 0.7594 -0.6497
vn 0.1832 0.7450 -0.6415
vn -0.4986 -0.3955 -0.7714
vn -0.4985 -0.3955 -0.7714
vn 0.4986 -0.4619 -0.7336
vn 0.4985 -0.4619 -0.7336
vn 0.0766 0.8663 -0.4935
vn 0.4271 0.8660 0.2601
vn 0.4268 0.8661 0.2603
vn 0.8037 0.5170 -0.2945
vn 0.8040 0.5167 -0.2943
vn 0.4271 0.2184 -0.8774
vn 0.4277 0.2166 -0.8776
vn 0.4271 0.2174 -0.8777
vn 0.4264 0.2195 -0.8775
vn 0.4269 0.2185 -0.8775
vn 0.4267 0.2179 -0.8778
vn -0.3271 0.2681 -0.9061
vn -0.3275 0.2697 -0.9056
vn -0.3264 0.2692 -0.9061
vn -0.3264 0.2667 -0.9068
vn -0.3271 0.2676 -0.9063
vn -0.3265 0.2688 -0.9062
vn -0.7036 0.6174 -0.3517
vn -0.7038 0.6172 -0.3518
vn -0.7037 0.6173 -0.3517
vn -0.3267 0.9164 0.2311
vn -0.3268 0.9163 0.2314
vn -0.3270 0.9163 0.2313
vn -0.3268 0.9164 0.2312
vn -0.4982 0.4620 0.7338
vn 0.4986 0.3955 0.7714
vn 0.4986 -0.4619 -0.7335
vn 0.3470 0.9372 0.0342
vn 0.6312 0.6740 -0.3839
vn 0.3470 0.4485 -0.8237
vn -0.2214 0.4864 -0.8452
vn -0.5056 0.7497 -0.4271
vn -0.2214 0.9751 0.0126
vn 0.0250 0.4930 0.8697
vn 0.0740 0.4861 0.8708
vn 0.1237 0.4752 0.8712
vn 0.1716 0.4607 0.8708
vn 0.2199 0.4419 0.8697
vn 0.2605 0.4258 0.8665
vn 0.2719 0.4197 0.8660
vn 0.2669 0.4267 0.8641
vn 0.3153 0.4279 0.8471
vn 0.3633 0.4252 0.8290
vn 0.4094 0.4191 0.8104
vn 0.4553 0.4091 0.7908
vn 0.4983 0.3959 0.7713
vn 0.5815 0.3584 0.7304
vn 0.6211 0.3340 0.7090
vn 0.6576 0.3072 0.6879
vn 0.6928 0.2760 0.6663
vn 0.6879 0.2722 0.6728
vn 0.6972 0.2715 0.6634
vn 0.2547 0.4255 0.8684
vn 0.2630 0.4263 0.8655
vn 0.2508 0.4309 0.8669
vn 0.7281 0.2624 0.6332
vn 0.7621 0.2519 0.5964
vn 0.7942 0.2383 0.5589
vn 0.8236 0.2215 0.5222
vn 0.8505 0.2014 0.4858
vn 0.8758 0.1784 0.4485
vn 0.8982 0.1523 0.4124
vn 0.9354 0.0915 0.3415
vn 0.9501 0.0569 0.3067
vn 0.6956 0.2734 0.6644
vn 0.7051 0.2707 0.6554
vn 0.9635 0.0173 0.2673
vn 0.9752 0.0128 0.2207
vn 0.9849 -0.0032 0.1733
vn 0.9917 -0.0216 0.1269
vn 0.9958 -0.0427 0.0816
vn 0.9957 -0.0920 -0.0049
vn 0.9917 -0.1203 -0.0462
vn 0.9849 -0.1505 -0.0856
vn 0.9753 -0.1833 -0.1236
vn 0.9628 -0.2179 -0.1596
vn 0.9634 -0.2211 -0.1514
vn 0.9609 -0.2231 -0.1640
vn 0.9617 0.0270 0.2728
vn 0.9586 0.0357 0.2825
vn 0.9355 -0.2468 -0.2527
vn 0.9617 -0.2210 -0.1624
vn 0.9586 -0.2248 -0.1746
vn 0.8981 -0.2774 -0.3413
vn 0.8756 -0.2952 -0.3822
vn 0.8507 -0.3148 -0.4209
vn 0.7941 -0.3595 -0.4902
vn 0.7623 -0.3844 -0.5207
vn 0.7280 -0.4109 -0.5488
vn 0.6957 -0.4319 -0.5739
vn 0.7051 -0.4260 -0.5669
vn 0.6974 -0.4321 -0.5718
vn 0.6883 -0.4393 -0.5773
vn 0.6931 -0.4321 -0.5770
vn 0.6578 -0.4351 -0.6148
vn 0.6204 -0.4397 -0.6495
vn 0.5817 -0.4455 -0.6806
vn 0.5410 -0.4527 -0.7088
vn 0.4986 -0.4616 -0.7337
vn 0.4098 -0.4833 -0.7736
vn 0.3632 -0.4963 -0.7885
vn 0.3153 -0.5104 -0.8001
vn 0.2673 -0.5257 -0.8076
vn 0.2721 -0.5310 -0.8025
vn 0.2606 -0.5282 -0.8081
vn 0.2631 -0.5271 -0.8080
vn 0.2508 -0.5258 -0.8128
vn 0.2193 -0.5226 -0.8239
vn 0.1719 -0.5143 -0.8402
vn 0.1232 -0.5071 -0.8530
vn 0.0745 -0.5011 -0.8622
vn 0.0248 -0.4965 -0.8677
vn -0.0253 -0.4931 -0.8696
vn -0.0745 -0.4914 -0.8677
vn -0.1241 -0.4906 -0.8625
vn -0.1746 -0.4912 -0.8533
vn -0.2242 -0.4931 -0.8406
vn -0.2667 -0.4931 -0.8281
vn -0.2790 -0.4944 -0.8233
vn -0.2729 -0.4897 -0.8281
vn -0.3192 -0.4681 -0.8240
vn -0.3653 -0.4478 -0.8161
vn -0.4106 -0.4286 -0.8048
vn -0.4551 -0.4112 -0.7898
vn -0.4983 -0.3953 -0.7717
vn -0.5820 -0.3680 -0.7251
vn -0.6229 -0.3567 -0.6962
vn -0.6614 -0.3472 -0.6648
vn -0.6985 -0.3393 -0.6300
vn -0.6946 -0.3473 -0.6300
vn -0.7033 -0.3388 -0.6250
vn -0.2690 -0.4916 -0.8282
vn -0.2561 -0.4920 -0.8321
vn -0.7327 -0.3136 -0.6040
vn -0.7653 -0.2825 -0.5784
vn -0.7956 -0.2536 -0.5501
vn -0.8241 -0.2266 -0.5192
vn -0.8757 -0.1782 -0.4488
vn -0.8985 -0.1575 -0.4097
vn -0.9194 -0.1388 -0.3680
vn -0.9545 -0.1080 -0.2778
vn -0.7014 -0.3388 -0.6271
vn -0.7076 -0.3379 -0.6206
vn -0.7106 -0.3315 -0.6206
vn -0.9701 -0.0923 -0.2246
vn -0.9684 -0.0895 -0.2329
vn -0.9788 -0.0530 -0.1978
vn -0.9868 -0.0193 -0.1605
vn -0.9925 0.0120 -0.1214
vn -0.9959 0.0407 -0.0803
vn -0.9971 0.0667 -0.0377
vn -0.9959 0.0900 0.0062
vn -0.9869 0.1280 0.0986
vn -0.9683 0.1549 0.1958
vn -0.9674 -0.0924 -0.2356
vn -0.9640 -0.0967 -0.2477
vn -0.9382 0.2161 0.2704
vn -0.9654 0.1570 0.2082
vn -0.9194 0.2458 0.3070
vn -0.8985 0.2721 0.3444
vn -0.8756 0.2950 0.3824
vn -0.8508 0.3149 0.4207
vn -0.8242 0.3310 0.4595
vn -0.7953 0.3442 0.4990
vn -0.7651 0.3536 0.5382
vn -0.7328 0.3599 0.5775
vn -0.7015 0.3665 0.6112
vn -0.7105 0.3648 0.6018
vn -0.7033 0.3648 0.6102
vn -0.6948 0.3646 0.6199
vn -0.6988 0.3686 0.6130
vn -0.6611 0.3949 0.6379
vn -0.6226 0.4172 0.6620
vn -0.5821 0.4360 0.6864
vn -0.5410 0.4509 0.7100
vn -0.4986 0.4622 0.7333
vn -0.4551 0.4697 0.7565
vn -0.4103 0.4737 0.7793
vn -0.3653 0.4739 0.8012
vn -0.3192 0.4700 0.8230
vn -0.2729 0.4625 0.8436
vn -0.2688 0.4617 0.8453
vn -0.2562 0.4648 0.8476
vn -0.2242 0.4714 0.8530
vn -0.1746 0.4834 0.8578
vn -0.1245 0.4918 0.8618
vn -0.0248 0.4965 0.8677
vn 0.0765 0.8666 -0.4931
vn 0.0762 0.8663 -0.4936
vn 0.0766 0.8665 -0.4932
vn 0.0761 0.8667 -0.4930
vn 0.0760 0.8662 -0.4938
vn 0.0762 0.8666 -0.4932
vn 0.0766 0.8666 -0.4930
vn 0.0762 0.8664 -0.4934
vn 0.0766 0.8667 -0.4930
vn 0.0767 0.8660 -0.4942
vn 0.0768 0.8665 -0.4932
vn 0.0769 0.8665 -0.4933
vn 0.0764 0.8661 -0.4939
vn 0.0769 0.8661 -0.4940
vn 0.0769 0.8664 -0.4933
vn 0.0768 0.8664 -0.4933
vn 0.0768 0.8666 -0.4931
vn 0.0766 0.8661 -0.4940
vn 0.0763 0.8667 -0.4929
vn 0.0762 0.8667 -0.4929
vn -0.9884 0.0131 -0.1511
vn -0.9688 -0.0161 -0.2472
vn -0.9426 -0.0284 -0.3327
vn -0.9395 -0.0381 -0.3405
vn -0.9387 -0.0352 -0.3428
vn -0.9362 -0.0448 -0.3485
vn -0.9239 -0.0814 -0.3738
vn -0.9063 -0.1190 -0.4056
vn -0.8859 -0.1529 -0.4379
vn -0.8630 -0.1839 -0.4705
vn -0.8376 -0.2113 -0.5038
vn -0.8095 -0.2354 -0.5378
vn -0.7795 -0.2558 -0.5717
vn -0.7471 -0.2728 -0.6061
vn -0.7124 -0.2861 -0.6408
vn -0.6373 -0.3016 -0.7092
vn -0.5796 -0.3029 -0.7565
vn -0.5967 -0.3035 -0.7429
vn -0.5570 -0.3241 -0.7647
vn -0.5167 -0.3555 -0.7789
vn -0.4749 -0.3833 -0.7922
vn -0.4317 -0.4066 -0.8051
vn -0.3869 -0.4264 -0.8176
vn -0.2940 -0.4536 -0.8413
vn -0.2459 -0.4612 -0.8525
vn -0.1473 -0.4640 -0.8735
vn -0.0457 -0.4499 -0.8919
vn 0.0051 -0.4366 -0.8996
vn 0.0048 -0.4365 -0.8997
vn 0.0531 -0.4566 -0.8881
vn 0.1020 -0.4723 -0.8755
vn 0.1500 -0.4837 -0.8623
vn 0.1979 -0.4909 -0.8484
vn 0.2941 -0.4928 -0.8189
vn 0.3410 -0.4874 -0.8038
vn 0.3876 -0.4781 -0.7882
vn 0.4335 -0.4644 -0.7723
vn 0.4783 -0.4467 -0.7561
vn 0.5898 -0.3809 -0.7121
vn 0.5650 -0.3988 -0.7223
vn 0.6056 -0.3835 -0.6972
vn 0.6800 -0.3860 -0.6234
vn 0.7150 -0.3811 -0.5861
vn 0.7477 -0.3725 -0.5498
vn 0.7801 -0.3594 -0.5121
vn 0.8095 -0.3433 -0.4763
vn 0.8377 -0.3228 -0.4405
vn 0.8641 -0.2988 -0.4051
vn 0.8882 -0.2714 -0.3707
vn 0.9106 -0.2396 -0.3369
vn 0.9307 -0.2045 -0.3032
vn 0.9491 -0.1639 -0.2688
vn 0.9490 -0.1610 -0.2711
vn 0.9480 -0.1665 -0.2712
vn 0.9624 -0.1540 -0.2236
vn 0.9741 -0.1456 -0.1731
vn 0.9833 -0.1338 -0.1236
vn 0.9900 -0.1188 -0.0755
vn 0.9946 -0.1001 -0.0289
vn 0.9968 -0.0787 0.0162
vn 0.9967 -0.0544 0.0595
vn 0.9945 -0.0266 0.1010
vn 0.9901 0.0045 0.1405
vn 0.9833 0.0382 0.1782
vn 0.9740 0.0745 0.2138
vn 0.9624 0.1138 0.2465
vn 0.9481 0.1482 0.2813
vn 0.9106 0.1673 0.3780
vn 0.8883 0.1805 0.4223
vn 0.8379 0.2140 0.5022
vn 0.7797 0.2575 0.5708
vn 0.7479 0.2826 0.6006
vn 0.7151 0.3099 0.6265
vn 0.6799 0.3395 0.6500
vn 0.6436 0.3708 0.6696
vn 0.5898 0.4183 0.6908
vn 0.6054 0.4042 0.6857
vn 0.5650 0.4180 0.7114
vn 0.5225 0.4194 0.7424
vn 0.4783 0.4224 0.7699
vn 0.3877 0.4343 0.8131
vn 0.2938 0.4533 0.8415
vn 0.2462 0.4655 0.8501
vn 0.1984 0.4794 0.8549
vn 0.1499 0.4951 0.8558
vn 0.1020 0.5122 0.8528
vn 0.0531 0.5311 0.8456
vn 0.0050 0.5512 0.8343
vn 0.0049 0.5512 0.8343
vn -0.0457 0.5379 0.8418
vn -0.0967 0.5256 0.8452
vn -0.1473 0.5149 0.8445
vn -0.1972 0.5057 0.8399
vn -0.2936 0.4924 0.8193
vn -0.3408 0.4882 0.8034
vn -0.3871 0.4860 0.7835
vn -0.4318 0.4851 0.7604
vn -0.4750 0.4861 0.7335
vn -0.5163 0.4887 0.7033
vn -0.5566 0.4928 0.6688
vn -0.5968 0.4841 0.6400
vn -0.6373 0.4563 0.6210
vn -0.6759 0.4299 0.5986
vn -0.7130 0.4049 0.5725
vn -0.7469 0.3825 0.5439
vn -0.7795 0.3614 0.5117
vn -0.8094 0.3427 0.4769
vn -0.8373 0.3259 0.4390
vn -0.8630 0.3111 0.3980
vn -0.8859 0.2986 0.3549
vn -0.9064 0.2881 0.3090
vn -0.9240 0.2800 0.2605
vn -0.9426 0.2717 0.1941
vn -0.9395 0.2735 0.2063
vn -0.9388 0.2769 0.2050
vn -0.9386 0.2739 0.2098
vn -0.9363 0.2769 0.2160
vn -0.9547 0.2416 0.1737
vn -0.9690 0.2039 0.1395
vn -0.9802 0.1689 0.1037
vn -0.9885 0.1363 0.0655
vn -0.9940 0.1062 0.0255
vn 0.7397 0.6622 -0.1196
vn 0.0527 0.9557 0.2895
vn 0.0527 0.9558 0.2894
vn -0.3721 0.9155 0.1531
vn -0.6343 0.7537 -0.1718
vn -0.6345 0.7537 -0.1716
vn -0.6344 0.5320 -0.5608
vn -0.3720 0.3352 -0.8656
vn 0.0526 0.2383 -0.9698
vn 0.4773 0.2787 -0.8334
vn 0.4771 0.2785 -0.8336
vn 0.4773 0.2785 -0.8334
vn 0.7399 0.4405 -0.5085
vn 0.7399 0.4403 -0.5085
vn -0.6396 0.7402 -0.2074
vn -0.5846 -0.5720 0.5754
vn -0.2286 0.9424 0.2442
vn 0.3319 0.9053 0.2652
vn 0.7458 0.6479 -0.1549
vn 0.4585 -0.6414 0.6151
vn -0.0338 0.9461 -0.3222
vn 0.1833 0.9317 -0.3135
vn 0.4587 -0.8560 0.2382
vn 0.3325 0.2343 -0.9135
vn -0.2286 0.2707 -0.9351
vn -0.6395 0.5559 -0.5310
vn -0.5851 -0.7863 0.1986
vn -0.0340 0.7594 -0.6497
vn 0.1832 0.7451 -0.6413
vn 0.4267 0.8662 0.2600
vn 0.4269 0.8661 0.2601
vn 0.4273 0.8660 0.2599
vn 0.4269 0.8660 0.2602
vn 0.8038 0.5170 -0.2944
vn 0.8038 0.5169 -0.2944
vn 0.4270 0.2178 -0.8777
vn 0.4271 0.2182 -0.8775
vn 0.4270 0.2182 -0.8775
vn 0.4273 0.2187 -0.8773
vn -0.3266 0.2682 -0.9063
vn -0.3270 0.2688 -0.9060
vn -0.3267 0.2687 -0.9061
vn -0.3262 0.2680 -0.9065
vn -0.3267 0.2683 -0.9063
vn -0.3267 0.2686 -0.9062
vn -0.7037 0.6173 -0.3518
vn -0.7039 0.6172 -0.3515
vn -0.3268 0.9163 0.2316
vn -0.3267 0.9163 0.2316
vn -0.4986 0.4619 0.7336
vn -0.4986 0.4619 0.7335
vn 0.6312 0.6739 -0.3839
vn -0.2213 0.4864 -0.8452
vn -0.2214 0.9751 0.0127
vn 0.0244 0.4932 0.8696
vn 0.0745 0.4861 0.8707
vn 0.1237 0.4751 0.8712
vn 0.1716 0.4605 0.8709
vn 0.2198 0.4420 0.8697
vn 0.2606 0.4258 0.8665
vn 0.2720 0.4197 0.8660
vn 0.2668 0.4266 0.8642
vn 0.3161 0.4278 0.8468
vn 0.3632 0.4252 0.8290
vn 0.4098 0.4190 0.8102
vn 0.4546 0.4092 0.7911
vn 0.4990 0.3957 0.7710
vn 0.5406 0.3789 0.7511
vn 0.6205 0.3344 0.7093
vn 0.6578 0.3069 0.6878
vn 0.6929 0.2762 0.6660
vn 0.6882 0.2721 0.6725
vn 0.6973 0.2714 0.6634
vn 0.2631 0.4263 0.8655
vn 0.2508 0.4309 0.8668
vn 0.7286 0.2622 0.6328
vn 0.7624 0.2518 0.5962
vn 0.7940 0.2382 0.5593
vn 0.8507 0.2015 0.4855
vn 0.8982 0.1523 0.4125
vn 0.9181 0.1233 0.3767
vn 0.9354 0.0918 0.3415
vn 0.9502 0.0567 0.3066
vn 0.6957 0.2733 0.6644
vn 0.7050 0.2706 0.6555
vn 0.9609 0.0273 0.2755
vn 0.9634 0.0173 0.2674
vn 0.9753 0.0128 0.2207
vn 0.9848 -0.0030 0.1734
vn 0.9917 -0.0217 0.1268
vn 0.9957 -0.0426 0.0816
vn 0.9917 -0.1201 -0.0461
vn 0.9849 -0.1507 -0.0858
vn 0.9752 -0.1834 -0.1235
vn 0.9586 0.0357 0.2824
vn 0.9501 -0.2349 -0.2054
vn 0.9354 -0.2471 -0.2528
vn 0.9181 -0.2611 -0.2981
vn 0.8982 -0.2771 -0.3413
vn 0.8756 -0.2951 -0.3824
vn 0.8508 -0.3147 -0.4208
vn 0.7942 -0.3594 -0.4900
vn 0.7622 -0.3845 -0.5208
vn 0.7281 -0.4110 -0.5487
vn 0.6956 -0.4319 -0.5741
vn 0.7052 -0.4259 -0.5669
vn 0.6973 -0.4321 -0.5719
vn 0.6880 -0.4395 -0.5775
vn 0.6929 -0.4320 -0.5773
vn 0.6205 -0.4396 -0.6494
vn 0.5818 -0.4454 -0.6805
vn 0.5412 -0.4527 -0.7087
vn 0.4547 -0.4718 -0.7554
vn 0.4096 -0.4834 -0.7737
vn 0.3157 -0.5104 -0.7999
vn 0.2718 -0.5311 -0.8025
vn 0.2630 -0.5272 -0.8080
vn 0.2547 -0.5300 -0.8088
vn 0.2509 -0.5259 -0.8127
vn 0.2194 -0.5228 -0.8237
vn 0.1720 -0.5142 -0.8402
vn 0.1233 -0.5071 -0.8530
vn 0.0740 -0.5011 -0.8622
vn 0.0249 -0.4965 -0.8677
vn -0.0749 -0.4914 -0.8677
vn -0.1247 -0.4906 -0.8624
vn -0.1742 -0.4913 -0.8534
vn -0.2666 -0.4931 -0.8281
vn -0.2789 -0.4942 -0.8234
vn -0.2728 -0.4898 -0.8281
vn -0.3188 -0.4681 -0.8242
vn -0.3654 -0.4474 -0.8163
vn -0.4552 -0.4112 -0.7898
vn -0.4983 -0.3952 -0.7717
vn -0.5410 -0.3808 -0.7499
vn -0.5824 -0.3679 -0.7249
vn -0.6227 -0.3568 -0.6964
vn -0.6613 -0.3472 -0.6650
vn -0.6986 -0.3395 -0.6298
vn -0.6948 -0.3475 -0.6297
vn -0.7033 -0.3389 -0.6249
vn -0.2610 -0.4956 -0.8284
vn -0.2690 -0.4915 -0.8283
vn -0.7328 -0.3135 -0.6039
vn -0.7651 -0.2826 -0.5786
vn -0.7953 -0.2537 -0.5506
vn -0.8239 -0.2265 -0.5194
vn -0.8508 -0.2014 -0.4854
vn -0.8757 -0.1784 -0.4487
vn -0.8986 -0.1575 -0.4095
vn -0.9195 -0.1387 -0.3679
vn -0.9381 -0.1223 -0.3240
vn -0.9546 -0.1079 -0.2775
vn -0.7014 -0.3389 -0.6270
vn -0.7105 -0.3316 -0.6207
vn -0.9700 -0.0923 -0.2247
vn -0.9684 -0.0894 -0.2329
vn -0.9788 -0.0531 -0.1977
vn -0.9868 -0.0196 -0.1604
vn -0.9925 0.1103 0.0518
vn -0.9869 0.1282 0.0984
vn -0.9788 0.1430 0.1465
vn -0.9684 0.1548 0.1956
vn -0.9700 0.1462 0.1940
vn -0.9545 0.1839 0.2346
vn -0.9382 0.2163 0.2703
vn -0.8986 0.2720 0.3444
vn -0.8756 0.2951 0.3824
vn -0.8510 0.3146 0.4205
vn -0.8241 0.3311 0.4597
vn -0.7651 0.3536 0.5381
vn -0.7326 0.3599 0.5777
vn -0.7015 0.3666 0.6112
vn -0.7106 0.3647 0.6017
vn -0.6947 0.3648 0.6200
vn -0.6985 0.3688 0.6132
vn -0.6614 0.3948 0.6377
vn -0.6229 0.4170 0.6618
vn -0.5825 0.4359 0.6861
vn -0.4547 0.4699 0.7566
vn -0.3653 0.4738 0.8013
vn -0.3188 0.4702 0.8230
vn -0.2729 0.4627 0.8435
vn -0.2789 0.4563 0.8450
vn -0.2666 0.4609 0.8464
vn -0.2689 0.4618 0.8452
vn -0.2560 0.4647 0.8476
vn -0.2241 0.4716 0.8528
vn -0.1246 0.4917 0.8618
vn -0.0749 0.4960 0.8651
vn -0.0253 0.4965 0.8677
vn 0.0761 0.8661 -0.4941
vn 0.0770 0.8663 -0.4936
vn 0.0761 0.8666 -0.4932
vn 0.0773 0.8665 -0.4932
vn 0.0770 0.8662 -0.4938
vn 0.0759 0.8664 -0.4935
vn 0.0761 0.8667 -0.4931
vn 0.0767 0.8661 -0.4940
vn 0.0757 0.8665 -0.4935
vn 0.0759 0.8663 -0.4938
vn 0.0758 0.8666 -0.4932
vn 0.0767 0.8666 -0.4932
vn -0.9968 0.0541 -0.0595
vn -0.9940 0.0324 -0.1042
vn -0.9885 0.0132 -0.1506
vn -0.9802 -0.0029 -0.1982
vn -0.9689 -0.0161 -0.2468
vn -0.9395 -0.0380 -0.3405
vn -0.9546 -0.0263 -0.2966
vn -0.9386 -0.0406 -0.3426
vn -0.9388 -0.0352 -0.3427
vn -0.9363 -0.0446 -0.3484
vn -0.9239 -0.0814 -0.3739
vn -0.9065 -0.1185 -0.4053
vn -0.8630 -0.1838 -0.4706
vn -0.8375 -0.2113 -0.5039
vn -0.8096 -0.2354 -0.5377
vn -0.7793 -0.2559 -0.5720
vn -0.7126 -0.2862 -0.6406
vn -0.6762 -0.2957 -0.6748
vn -0.6376 -0.3014 -0.7090
vn -0.5967 -0.3037 -0.7428
vn -0.5566 -0.3242 -0.7649
vn -0.5166 -0.3556 -0.7789
vn -0.4751 -0.3831 -0.7921
vn -0.4314 -0.4069 -0.8052
vn -0.3871 -0.4263 -0.8175
vn -0.3410 -0.4423 -0.8295
vn -0.2937 -0.4536 -0.8414
vn -0.2457 -0.4613 -0.8526
vn -0.1969 -0.4645 -0.8634
vn -0.1471 -0.4639 -0.8736
vn -0.0462 -0.4499 -0.8919
vn 0.0053 -0.4365 -0.8997
vn 0.0530 -0.4563 -0.8882
vn 0.1015 -0.4722 -0.8756
vn 0.1503 -0.4837 -0.8622
vn 0.1979 -0.4910 -0.8484
vn 0.2463 -0.4940 -0.8339
vn 0.3409 -0.4875 -0.8038
vn 0.3880 -0.4780 -0.7880
vn 0.4334 -0.4645 -0.7723
vn 0.4784 -0.4463 -0.7562
vn 0.5224 -0.4248 -0.7393
vn 0.5899 -0.3809 -0.7120
vn 0.6057 -0.3836 -0.6971
vn 0.6435 -0.3869 -0.6604
vn 0.6796 -0.3862 -0.6236
vn 0.7148 -0.3812 -0.5863
vn 0.7479 -0.3724 -0.5495
vn 0.7796 -0.3598 -0.5126
vn 0.8096 -0.3432 -0.4763
vn 0.8377 -0.3230 -0.4405
vn 0.8641 -0.2988 -0.4050
vn 0.8884 -0.2711 -0.3704
vn 0.9105 -0.2400 -0.3367
vn 0.9306 -0.2049 -0.3034
vn 0.9529 -0.1547 -0.2609
vn 0.9492 -0.1639 -0.2687
vn 0.9490 -0.1610 -0.2710
vn 0.9458 -0.1701 -0.2767
vn 0.9624 -0.1541 -0.2235
vn 0.9741 -0.1455 -0.1729
vn 0.9832 -0.1339 -0.1237
vn 0.9901 -0.1187 -0.0755
vn 0.9945 -0.1003 -0.0288
vn 0.9968 -0.0541 0.0595
vn 0.9945 -0.0263 0.1014
vn 0.9833 0.0380 0.1781
vn 0.9741 0.0745 0.2134
vn 0.9529 0.1454 0.2661
vn 0.9513 0.1471 0.2710
vn 0.9492 0.1477 0.2780
vn 0.9480 0.1484 0.2816
vn 0.9458 0.1515 0.2874
vn 0.9305 0.1566 0.3311
vn 0.9106 0.1672 0.3779
vn 0.8640 0.1961 0.4638
vn 0.8377 0.2142 0.5024
vn 0.8095 0.2346 0.5382
vn 0.7480 0.2823 0.6007
vn 0.7145 0.3102 0.6272
vn 0.6800 0.3392 0.6501
vn 0.6436 0.3709 0.6695
vn 0.6054 0.4041 0.6857
vn 0.5649 0.4180 0.7114
vn 0.5225 0.4195 0.7424
vn 0.4781 0.4225 0.7700
vn 0.4335 0.4275 0.7933
vn 0.3414 0.4427 0.8291
vn 0.2941 0.4532 0.8415
vn 0.1979 0.4794 0.8550
vn 0.1494 0.4950 0.8559
vn 0.1017 0.5124 0.8527
vn 0.1016 0.5124 0.8527
vn 0.0532 0.5311 0.8456
vn 0.0053 0.5512 0.8344
vn -0.0461 0.5378 0.8418
vn -0.0968 0.5257 0.8452
vn -0.1473 0.5148 0.8445
vn -0.1969 0.5058 0.8399
vn -0.2459 0.4982 0.8315
vn -0.2941 0.4924 0.8192
vn -0.3867 0.4859 0.7838
vn -0.4317 0.4851 0.7604
vn -0.4751 0.4860 0.7335
vn -0.5163 0.4889 0.7031
vn -0.5569 0.4928 0.6686
vn -0.5963 0.4845 0.6401
vn -0.6376 0.4563 0.6207
vn -0.6762 0.4298 0.5984
vn -0.7126 0.4051 0.5728
vn -0.7473 0.3821 0.5437
vn -0.7795 0.3614 0.5116
vn -0.8098 0.3424 0.4765
vn -0.8375 0.3258 0.4388
vn -0.8630 0.3109 0.3982
vn -0.8859 0.2987 0.3549
vn -0.9064 0.2881 0.3089
vn -0.9240 0.2801 0.2604
vn -0.9395 0.2735 0.2064
vn -0.9387 0.2769 0.2051
vn -0.9385 0.2741 0.2098
vn -0.9363 0.2769 0.2162
vn -0.9547 0.2417 0.1739
vn -0.9968 0.0788 -0.0165
vn 0.7399 0.6621 -0.1193
vn 0.7399 0.6621 -0.1195
vn 0.4774 0.8589 0.1854
vn 0.0527 0.9557 0.2897
vn -0.3720 0.9155 0.1532
vn -0.3720 0.9155 0.1530
vn -0.6343 0.7538 -0.1715
vn -0.6344 0.7537 -0.1718
vn -0.6343 0.5322 -0.5608
vn -0.3720 0.3354 -0.8655
vn 0.0527 0.2386 -0.9697
vn 0.4776 0.2781 -0.8334
vn 0.4772 0.2787 -0.8334
vn 0.7397 0.4405 -0.5087
vn -0.6396 0.7402 -0.2075
vn -0.5845 -0.5719 0.5756
vn -0.2282 0.9425 0.2441
vn 0.3318 0.9053 0.2652
vn 0.7458 0.6480 -0.1549
vn 0.4588 -0.6414 0.6149
vn -0.0339 0.9462 -0.3219
vn 0.1831 0.9317 -0.3137
vn 0.7458 0.4637 -0.4784
vn 0.4589 -0.8559 0.2384
vn 0.3320 0.2331 -0.9140
vn -0.2283 0.2714 -0.9350
vn -0.6396 0.5559 -0.5309
vn -0.5850 -0.7864 0.1983
vn -0.0339 0.7595 -0.6497
vn -0.4985 -0.3954 -0.7714
vn -0.4986 -0.3954 -0.7714
vn 0.4272 0.8660 0.2598
vn 0.4270 0.8660 0.2602
vn 0.8037 0.5171 -0.2943
vn 0.4268 0.2181 -0.8776
vn 0.4269 0.2178 -0.8777
vn -0.3268 0.2680 -0.9063
vn -0.7036 0.6174 -0.3518
vn -0.2215 0.4864 -0.8452
vn 0.1232 0.4751 0.8712
vn 0.1715 0.4605 0.8709
vn 0.2194 0.4419 0.8698
vn 0.2718 0.4196 0.8660
vn 0.2672 0.4266 0.8641
vn 0.3157 0.4277 0.8470
vn 0.3632 0.4253 0.8290
vn 0.4097 0.4190 0.8103
vn 0.4551 0.4091 0.7909
vn 0.5412 0.3787 0.7508
vn 0.5815 0.3585 0.7304
vn 0.6206 0.3346 0.7092
vn 0.6579 0.3068 0.6878
vn 0.6929 0.2759 0.6661
vn 0.7622 0.2520 0.5963
vn 0.7942 0.2382 0.5591
vn 0.8507 0.2014 0.4856
vn 0.8757 0.1783 0.4487
vn 0.8981 0.1524 0.4126
vn 0.9181 0.1234 0.3767
vn 0.9354 0.0915 0.3414
vn 0.9501 0.0568 0.3068
vn 0.6957 0.2733 0.6643
vn 0.9635 0.0174 0.2673
vn 0.9628 0.0262 0.2688
vn 0.9753 0.0128 0.2205
vn 0.9957 -0.0426 0.0817
vn 0.9957 -0.0920 -0.0050
vn 0.9917 -0.1202 -0.0461
vn 0.9849 -0.1507 -0.0857
vn 0.9753 -0.1832 -0.1235
vn 0.9628 -0.2181 -0.1597
vn 0.9635 -0.2210 -0.1512
vn 0.9586 0.0356 0.2825
vn 0.9501 -0.2349 -0.2053
vn 0.9353 -0.2472 -0.2531
vn 0.9586 -0.2248 -0.1748
vn 0.9180 -0.2612 -0.2983
vn 0.8981 -0.2771 -0.3414
vn 0.8236 -0.3362 -0.4567
vn 0.7940 -0.3596 -0.4901
vn 0.7626 -0.3842 -0.5205
vn 0.7283 -0.4109 -0.5484
vn 0.6958 -0.4319 -0.5739
vn 0.7051 -0.4259 -0.5669
vn 0.6974 -0.4321 -0.5717
vn 0.6931 -0.4320 -0.5771
vn 0.5818 -0.4455 -0.6804
vn 0.5409 -0.4527 -0.7089
vn 0.4988 -0.4615 -0.7337
vn 0.4551 -0.4716 -0.7553
vn 0.3630 -0.4964 -0.7886
vn 0.2668 -0.5258 -0.8077
vn 0.2198 -0.5226 -0.8237
vn 0.1716 -0.5144 -0.8402
vn 0.1237 -0.5070 -0.8530
vn 0.0740 -0.5012 -0.8622
vn 0.0253 -0.4965 -0.8677
vn -0.0750 -0.4912 -0.8678
vn -0.1246 -0.4905 -0.8625
vn -0.1746 -0.4913 -0.8533
vn -0.2790 -0.4945 -0.8232
vn -0.2729 -0.4898 -0.8280
vn -0.3649 -0.4477 -0.8164
vn -0.4106 -0.4287 -0.8047
vn -0.4550 -0.4112 -0.7898
vn -0.4980 -0.3952 -0.7719
vn -0.5823 -0.3679 -0.7250
vn -0.6229 -0.3569 -0.6962
vn -0.6985 -0.3394 -0.6300
vn -0.6947 -0.3473 -0.6299
vn -0.2609 -0.4957 -0.8284
vn -0.2691 -0.4916 -0.8282
vn -0.2561 -0.4919 -0.8321
vn -0.7326 -0.3135 -0.6041
vn -0.7653 -0.2824 -0.5784
vn -0.7955 -0.2536 -0.5503
vn -0.8241 -0.2265 -0.5192
vn -0.8507 -0.2015 -0.4855
vn -0.8757 -0.1783 -0.4487
vn -0.8986 -0.1575 -0.4096
vn -0.9381 -0.1222 -0.3240
vn -0.9546 -0.1079 -0.2776
vn -0.7015 -0.3388 -0.6270
vn -0.9701 -0.0924 -0.2245
vn -0.9684 -0.0891 -0.2329
vn -0.9788 -0.0531 -0.1978
vn -0.9868 -0.0194 -0.1605
vn -0.9959 0.0406 -0.0805
vn -0.9959 0.0904 0.0059
vn -0.9868 0.1281 0.0987
vn -0.9788 0.1431 0.1466
vn -0.9669 0.1557 0.2024
vn -0.9675 -0.0924 -0.2355
vn -0.9640 -0.0966 -0.2477
vn -0.9547 0.1837 0.2340
vn -0.9382 0.2162 0.2703
vn -0.9194 0.2459 0.3070
vn -0.8986 0.2719 0.3442
vn -0.8757 0.2949 0.3823
vn -0.8507 0.3148 0.4209
vn -0.8239 0.3313 0.4598
vn -0.7650 0.3537 0.5381
vn -0.7327 0.3597 0.5777
vn -0.7075 0.3616 0.6072
vn -0.7014 0.3666 0.6113
vn -0.7105 0.3648 0.6017
vn -0.7032 0.3648 0.6102
vn -0.6946 0.3646 0.6201
vn -0.6985 0.3689 0.6132
vn -0.6613 0.3949 0.6378
vn -0.6224 0.4173 0.6622
vn -0.5823 0.4359 0.6862
vn -0.5413 0.4508 0.7098
vn -0.4983 0.4622 0.7335
vn -0.4551 0.4699 0.7564
vn -0.4102 0.4737 0.7793
vn -0.3188 0.4701 0.8230
vn -0.2729 0.4624 0.8436
vn -0.2785 0.4561 0.8452
vn -0.2665 0.4608 0.8465
vn -0.2689 0.4616 0.8453
vn -0.2610 0.4598 0.8488
vn -0.2563 0.4648 0.8475
vn -0.2241 0.4715 0.8529
vn -0.1245 0.4917 0.8618
vn 0.0760 0.8661 -0.4941
vn 0.0760 0.8663 -0.4936
vn 0.0772 0.8663 -0.4935
vn 0.0758 0.8662 -0.4940
vn 0.0756 0.8663 -0.4937
vn 0.0757 0.8665 -0.4933
vn 0.0772 0.8661 -0.4938
vn 0.0769 0.8665 -0.4931
vn 0.0770 0.8660 -0.4940
vn 0.0771 0.8663 -0.4936
vn 0.0756 0.8667 -0.4931
vn 0.0756 0.8665 -0.4934
vn 0.0764 0.8662 -0.4937
vn 0.0759 0.8662 -0.4938
vn 0.0766 0.8660 -0.4942
vn 0.0773 0.8661 -0.4939
vn 0.0759 0.8665 -0.4935
vn 0.0762 0.8665 -0.4932
vn 0.0758 0.8666 -0.4933
vn 0.0774 0.8664 -0.4934
vn 0.0773 0.8659 -0.4942
vn 0.0760 0.8665 -0.4933
vn 0.0759 0.8662 -0.4939
vn 0.0766 0.8661 -0.4941
vn 0.0769 0.8664 -0.4935
vn -0.0250 0.4965 0.8677
vn -0.0739 0.5015 0.8620
vn -0.1234 0.5081 0.8524
vn -0.1723 0.5164 0.8388
vn -0.2190 0.5263 0.8216
vn -0.2972 0.5492 0.7811
vn -0.3023 0.5478 0.7801
vn -0.3088 0.5445 0.7799
vn -0.2661 0.5376 0.8001
vn -0.3118 0.5431 0.7797
vn -0.3092 0.5474 0.7777
vn -0.3189 0.5420 0.7775
vn -0.3607 0.5225 0.7726
vn -0.4078 0.5026 0.7623
vn -0.4535 0.4845 0.7480
vn -0.4979 0.4681 0.7301
vn -0.5408 0.4533 0.7085
vn -0.5823 0.4402 0.6835
vn -0.6216 0.4292 0.6553
vn -0.6590 0.4200 0.6239
vn -0.6948 0.4128 0.5889
vn -0.7288 0.4071 0.5506
vn -0.7599 0.4036 0.5096
vn -0.7998 0.4016 0.4462
vn -0.7892 0.4014 0.4648
vn -0.8185 0.3802 0.4307
vn -0.8474 0.3468 0.4021
vn -0.8737 0.3147 0.3710
vn -0.8973 0.2850 0.3370
vn -0.9184 0.2574 0.3003
vn -0.9369 0.2320 0.2615
vn -0.9528 0.2091 0.2200
vn -0.9661 0.1886 0.1764
vn -0.9766 0.1706 0.1309
vn -0.9844 0.1551 0.0832
vn -0.9893 0.1420 0.0337
vn -0.9912 0.1315 -0.0176
vn -0.9898 0.1236 -0.0704
vn -0.9898 0.1236 -0.0705
vn -0.9912 0.0822 -0.1039
vn -0.9893 0.0435 -0.1393
vn -0.9844 0.0076 -0.1758
vn -0.9766 -0.0255 -0.2134
vn -0.9660 -0.0557 -0.2524
vn -0.9528 -0.0827 -0.2922
vn -0.9369 -0.1065 -0.3329
vn -0.9184 -0.1272 -0.3745
vn -0.8973 -0.1446 -0.4170
vn -0.8738 -0.1586 -0.4597
vn -0.8475 -0.1693 -0.5030
vn -0.7998 -0.1790 -0.5730
vn -0.8183 -0.1767 -0.5469
vn -0.7892 -0.1951 -0.5823
vn -0.7601 -0.2324 -0.6069
vn -0.7289 -0.2660 -0.6308
vn -0.6950 -0.2960 -0.6552
vn -0.6591 -0.3223 -0.6795
vn -0.6217 -0.3446 -0.7033
vn -0.5819 -0.3635 -0.7275
vn -0.5410 -0.3784 -0.7511
vn -0.4984 -0.3891 -0.7748
vn -0.4536 -0.3964 -0.7982
vn -0.4079 -0.3992 -0.8211
vn -0.3603 -0.3984 -0.8435
vn -0.2971 -0.3918 -0.8707
vn -0.3089 -0.3932 -0.8660
vn -0.3024 -0.3917 -0.8690
vn -0.3092 -0.3897 -0.8675
vn -0.3122 -0.3935 -0.8647
vn -0.3192 -0.3923 -0.8627
vn -0.2661 -0.4139 -0.8706
vn -0.2190 -0.4383 -0.8717
vn -0.1717 -0.4583 -0.8721
vn -0.1230 -0.4740 -0.8719
vn -0.0739 -0.4857 -0.8710
vn -0.0250 -0.4932 -0.8696
vn 0.0250 -0.4965 -0.8677
vn 0.0746 -0.4957 -0.8653
vn 0.1248 -0.4907 -0.8624
vn 0.1749 -0.4813 -0.8589
vn 0.2244 -0.4679 -0.8548
vn 0.3073 -0.4319 -0.8479
vn 0.3125 -0.4326 -0.8457
vn 0.3187 -0.4351 -0.8421
vn 0.2736 -0.4502 -0.8500
vn 0.3219 -0.4359 -0.8405
vn 0.3198 -0.4316 -0.8435
vn 0.3291 -0.4359 -0.8377
vn 0.3670 -0.4468 -0.8159
vn 0.4121 -0.4542 -0.7899
vn 0.4557 -0.4570 -0.7639
vn 0.4993 -0.4557 -0.7369
vn 0.5410 -0.4504 -0.7102
vn 0.5823 -0.4410 -0.6830
vn 0.6217 -0.4276 -0.6562
vn 0.6603 -0.4101 -0.6291
vn 0.6972 -0.3887 -0.6023
vn 0.7326 -0.3634 -0.5755
vn 0.7661 -0.3340 -0.5491
vn 0.7662 -0.3340 -0.5491
vn 0.8099 -0.2862 -0.5119
vn 0.7979 -0.3009 -0.5224
vn 0.8268 -0.2863 -0.4842
vn 0.8531 -0.2827 -0.4386
vn 0.8772 -0.2753 -0.3934
vn 0.8991 -0.2643 -0.3489
vn 0.9190 -0.2499 -0.3050
vn 0.9370 -0.2313 -0.2618
vn 0.9527 -0.2097 -0.2199
vn 0.9664 -0.1844 -0.1789
vn 0.9779 -0.1557 -0.1393
vn 0.9871 -0.1239 -0.1010
vn 0.9940 -0.0886 -0.0640
vn 0.9983 -0.0502 -0.0286
vn 0.9999 -0.0090 0.0051
vn 0.9983 -0.0011 0.0579
vn 0.9940 0.0099 0.1089
vn 0.9872 0.0237 0.1580
vn 0.9779 0.0403 0.2051
vn 0.9665 0.0599 0.2497
vn 0.9527 0.0822 0.2925
vn 0.9369 0.1073 0.3327
vn 0.9190 0.1350 0.3704
vn 0.8992 0.1652 0.4051
vn 0.8772 0.1980 0.4374
vn 0.8532 0.2330 0.4667
vn 0.8100 0.2944 0.5073
vn 0.8269 0.2706 0.4930
vn 0.7977 0.2959 0.5256
vn 0.7663 0.3017 0.5672
vn 0.7323 0.3100 0.6063
vn 0.6972 0.3199 0.6416
vn 0.6601 0.3321 0.6738
vn 0.6217 0.3464 0.7025
vn 0.5823 0.3627 0.7276
vn 0.5414 0.3811 0.7495
vn 0.4989 0.4016 0.7680
vn 0.4562 0.4238 0.7825
vn 0.4121 0.4479 0.7934
vn 0.3671 0.4737 0.8005
vn 0.3073 0.5090 0.8040
vn 0.3187 0.5025 0.8037
vn 0.3125 0.5068 0.8034
vn 0.3196 0.5055 0.8014
vn 0.3217 0.5009 0.8035
vn 0.3289 0.4986 0.8020
vn 0.2736 0.5015 0.8207
vn 0.2243 0.4967 0.8384
vn 0.1744 0.4934 0.8521
vn 0.1250 0.4918 0.8617
vn 0.0745 0.4916 0.8676
vn 0.0249 0.4931 0.8696
vn 0.2759 0.2406 -0.9306
vn 0.2760 0.2411 -0.9304
vn 0.2759 0.2414 -0.9304
vn 0.2758 0.2417 -0.9303
vn 0.6371 0.3473 -0.6881
vn 0.6371 0.3477 -0.6879
vn 0.6374 0.3472 -0.6879
vn 0.7752 0.5489 -0.3127
vn 0.6372 0.7689 0.0522
vn 0.6373 0.7688 0.0523
vn 0.2759 0.9233 0.2671
vn -0.1705 0.9531 0.2502
vn -0.1706 0.9531 0.2501
vn -0.5319 0.8468 0.0077
vn -0.5318 0.8468 0.0078
vn -0.6699 0.6451 -0.3675
vn -0.6698 0.6452 -0.3675
vn -0.5320 0.4251 -0.7323
vn -0.5316 0.4256 -0.7323
vn -0.1705 0.2708 -0.9474
vn -0.1706 0.2708 -0.9474
vn 0.2387 0.9334 0.2678
vn 0.1530 -0.4696 0.8695
vn 0.7288 0.6817 -0.0651
vn 0.7285 0.4038 -0.5534
vn 0.2387 0.2457 -0.9395
vn 0.1531 -0.9874 -0.0396
vn 0.2624 0.8870 -0.3801
vn 0.2625 0.7792 -0.5691
vn 0.8635 -0.3050 -0.4017
vn 0.8635 0.1899 0.4672
vn 0.8635 0.1900 0.4672
vn -0.1325 0.2704 -0.9536
vn -0.2790 -0.9586 -0.0564
vn -0.6253 0.4930 -0.6049
vn -0.6241 0.7726 -0.1165
vn -0.1325 0.9582 0.2537
vn -0.2793 -0.4396 0.8536
vn -0.1134 0.9120 -0.3942
vn -0.1134 0.8043 -0.5833
vn -0.8635 0.3050 0.4017
vn -0.8635 -0.1900 -0.4672
vn 0.7026 0.3367 -0.6269
vn 0.7029 0.3353 -0.6273
vn 0.7027 0.3361 -0.6271
vn 0.7025 0.3377 -0.6264
vn 0.7029 0.3368 -0.6265
vn 0.7027 0.3366 -0.6269
vn 0.0500 0.1930 -0.9799
vn 0.0505 0.1915 -0.9802
vn 0.0500 0.1922 -0.9801
vn 0.0499 0.1941 -0.9797
vn 0.0500 0.1932 -0.9799
vn 0.0500 0.1927 -0.9800
vn -0.6024 0.4240 -0.6763
vn -0.6025 0.4236 -0.6764
vn -0.6028 0.7977 -0.0193
vn -0.6026 0.7978 -0.0194
vn 0.0500 0.9415 0.3333
vn 0.0503 0.9415 0.3333
vn 0.0500 0.9412 0.3340
vn 0.0500 0.9414 0.3337
vn 0.7028 0.7108 0.0299
vn 0.7028 0.7107 0.0302
vn 0.8635 0.1900 0.4673
vn -0.8635 -0.1899 -0.4672
vn 0.5551 0.5379 -0.6345
vn 0.0629 0.4297 -0.9008
vn -0.4294 0.6036 -0.6718
vn -0.4294 0.8857 -0.1765
vn 0.0628 0.9940 0.0898
vn 0.5550 0.8201 -0.1392
vn 0.1286 0.9819 0.1391
vn 0.1280 0.9820 0.1392
vn 0.1288 0.9818 0.1396
vn 0.1294 0.9817 0.1397
vn 0.1286 0.9819 0.1393
vn 0.1288 0.9818 0.1399
vn 0.0905 0.9226 -0.3750
vn 0.0905 0.9227 -0.3747
vn 0.0908 0.9225 -0.3752
vn 0.1133 0.9861 -0.1217
vn 0.0905 0.9225 -0.3753
vn 0.0901 0.9227 -0.3749
vn 0.0904 0.9226 -0.3750
vn 0.1134 0.9860 -0.1220
vn 0.2626 0.9577 0.1181
vn 0.2616 0.9579 0.1181
vn 0.2621 0.9578 0.1183
vn 0.2613 0.9580 0.1179
vn 0.2608 0.9581 0.1181
vn 0.2618 0.9579 0.1181
vn 0.1188 0.9176 -0.3793
vn 0.1975 0.9710 -0.1351
vn 0.1975 0.9709 -0.1353
vn 0.1972 0.9710 -0.1350
vn 0.1975 0.9709 -0.1351
vn 0.3868 0.9194 0.0710
vn 0.3850 0.9202 0.0712
vn 0.3859 0.9198 0.0714
vn 0.3845 0.9204 0.0713
vn 0.3837 0.9207 0.0717
vn 0.3855 0.9199 0.0714
vn 0.2746 0.9473 -0.1651
vn 0.2738 0.9477 -0.1643
vn 0.2742 0.9475 -0.1647
vn 0.1449 0.9093 -0.3901
vn 0.1459 0.9090 -0.3903
vn 0.1443 0.9090 -0.3910
vn 0.1454 0.9092 -0.3901
vn 0.1470 0.9093 -0.3893
vn 0.1465 0.9090 -0.3903
vn 0.2736 0.9477 -0.1642
vn 0.2732 0.9479 -0.1638
vn 0.2739 0.9476 -0.1645
vn 0.4925 0.8703 0.0006
vn 0.4911 0.8711 0.0012
vn 0.4919 0.8707 0.0012
vn 0.5757 0.8128 -0.0885
vn 0.5762 0.8125 -0.0885
vn 0.5755 0.8130 -0.0887
vn 0.4907 0.8713 0.0013
vn 0.4900 0.8717 0.0019
vn 0.4914 0.8709 0.0011
vn 0.1844 0.8865 -0.4243
vn 0.1868 0.8860 -0.4243
vn 0.1853 0.8859 -0.4254
vn 0.1680 0.8985 -0.4056
vn 0.1684 0.8987 -0.4049
vn 0.1684 0.8983 -0.4059
vn 0.3418 0.9162 -0.2089
vn 0.1682 0.8986 -0.4052
vn 0.1681 0.8989 -0.4047
vn 0.3421 0.9161 -0.2093
vn 0.5768 0.8120 -0.0887
vn 0.5766 0.8122 -0.0887
vn 0.5761 0.8125 -0.0885
vn 0.1862 0.8859 -0.4248
vn 0.1874 0.8861 -0.4239
vn 0.1883 0.8854 -0.4250
vn 0.3940 0.8800 -0.2653
vn 0.3930 0.8809 -0.2639
vn 0.3957 0.8792 -0.2653
vn 0.3974 0.8780 -0.2667
vn 0.3947 0.8796 -0.2653
vn 0.3964 0.8789 -0.2654
vn 0.6361 0.7468 -0.1942
vn 0.6353 0.7477 -0.1931
vn 0.6358 0.7472 -0.1936
vn 0.6351 0.7478 -0.1936
vn 0.6349 0.7481 -0.1930
vn 0.6356 0.7474 -0.1935
vn 0.1988 0.8721 -0.4471
vn 0.1994 0.8722 -0.4467
vn 0.1991 0.8717 -0.4478
vn 0.4326 0.8384 -0.3317
vn 0.4322 0.8386 -0.3316
vn 0.4329 0.8384 -0.3312
vn 0.4337 0.8380 -0.3311
vn 0.4329 0.8383 -0.3313
vn 0.4331 0.8384 -0.3309
vn 0.1992 0.8721 -0.4470
vn 0.1996 0.8724 -0.4461
vn 0.2000 0.8721 -0.4466
vn 0.6664 0.6786 -0.3089
vn 0.6657 0.6795 -0.3083
vn 0.6661 0.6792 -0.3083
vn 0.6655 0.6798 -0.3083
vn 0.6653 0.6802 -0.3078
vn 0.6661 0.6792 -0.3082
vn 0.2070 0.8573 -0.4714
vn 0.2056 0.8576 -0.4714
vn 0.2083 0.8573 -0.4708
vn 0.2064 0.8574 -0.4714
vn 0.2039 0.8577 -0.4721
vn 0.2053 0.8576 -0.4716
vn 0.4527 0.7951 -0.4037
vn 0.4534 0.7943 -0.4043
vn 0.4517 0.7957 -0.4035
vn 0.4510 0.7964 -0.4029
vn 0.4524 0.7952 -0.4036
vn 0.4515 0.7957 -0.4037
vn 0.6655 0.6120 -0.4273
vn 0.6653 0.6126 -0.4267
vn 0.6662 0.6115 -0.4269
vn 0.6666 0.6106 -0.4275
vn 0.6659 0.6116 -0.4272
vn 0.6666 0.6112 -0.4268
vn 0.6354 0.5479 -0.5442
vn 0.6356 0.5476 -0.5442
vn 0.4520 0.7527 -0.4786
vn 0.4524 0.7527 -0.4783
vn 0.4515 0.7530 -0.4787
vn 0.2060 0.8428 -0.4972
vn 0.4509 0.7532 -0.4789
vn 0.4519 0.7529 -0.4785
vn 0.4513 0.7531 -0.4788
vn 0.2057 0.8430 -0.4970
vn 0.6361 0.5470 -0.5441
vn 0.6357 0.5473 -0.5444
vn 0.5768 0.4904 -0.6532
vn 0.5762 0.4908 -0.6535
vn 0.5773 0.4908 -0.6526
vn 0.1996 0.8292 -0.5220
vn 0.1985 0.8293 -0.5223
vn 0.2006 0.8296 -0.5210
vn 0.4334 0.7121 -0.5523
vn 0.4334 0.7118 -0.5528
vn 0.4330 0.7125 -0.5521
vn 0.4328 0.7132 -0.5514
vn 0.4331 0.7123 -0.5523
vn 0.4328 0.7128 -0.5519
vn 0.1997 0.8294 -0.5218
vn 0.1972 0.8290 -0.5234
vn 0.1980 0.8294 -0.5224
vn 0.5754 0.4906 -0.6544
vn 0.5758 0.4909 -0.6537
vn 0.5765 0.4906 -0.6534
vn 0.1872 0.8170 -0.5454
vn 0.1860 0.8171 -0.5456
vn 0.1882 0.8174 -0.5444
vn 0.3953 0.6767 -0.6211
vn 0.1868 0.8170 -0.5455
vn 0.1846 0.8166 -0.5468
vn 0.1855 0.8171 -0.5458
vn 0.3957 0.6767 -0.6209
vn 0.4908 0.4441 -0.7496
vn 0.4912 0.4449 -0.7489
vn 0.4916 0.4433 -0.7496
vn 0.4913 0.4423 -0.7503
vn 0.4911 0.4437 -0.7496
vn 0.4919 0.4429 -0.7496
vn 0.1466 0.8001 -0.5817
vn 0.1458 0.7986 -0.5839
vn 0.1452 0.7997 -0.5825
vn 0.1678 0.8070 -0.5662
vn 0.1685 0.8066 -0.5666
vn 0.1670 0.8067 -0.5668
vn 0.3415 0.6468 -0.6819
vn 0.3416 0.6470 -0.6817
vn 0.3419 0.6465 -0.6820
vn 0.1682 0.8068 -0.5663
vn 0.1697 0.8066 -0.5662
vn 0.1689 0.8063 -0.5668
vn 0.3420 0.6459 -0.6826
vn 0.3417 0.6467 -0.6820
vn 0.3421 0.6465 -0.6820
vn 0.3847 0.4071 -0.8284
vn 0.3843 0.4059 -0.8292
vn 0.3844 0.4083 -0.8279
vn 0.3849 0.4099 -0.8269
vn 0.3844 0.4078 -0.8282
vn 0.3844 0.4089 -0.8277
vn 0.1197 0.7945 -0.5953
vn 0.1192 0.7941 -0.5960
vn 0.1191 0.7944 -0.5956
vn 0.1455 0.7992 -0.5831
vn 0.1462 0.7983 -0.5842
vn 0.1448 0.7979 -0.5851
vn 0.2755 0.6235 -0.7316
vn 0.2757 0.6224 -0.7326
vn 0.2747 0.6246 -0.7310
vn 0.2743 0.6263 -0.7298
vn 0.2752 0.6240 -0.7314
vn 0.2744 0.6251 -0.7307
vn 0.2613 0.3881 -0.8838
vn 0.2618 0.3865 -0.8843
vn 0.2616 0.3872 -0.8841
vn 0.1289 0.3797 -0.9161
vn 0.1293 0.3796 -0.9161
vn 0.1288 0.3800 -0.9160
vn 0.2620 0.3861 -0.8845
vn 0.2622 0.3853 -0.8848
vn 0.2616 0.3867 -0.8843
vn 0.0896 0.7924 -0.6034
vn 0.0904 0.7936 -0.6016
vn 0.0906 0.7927 -0.6028
vn 0.1135 0.6068 -0.7867
vn 0.1138 0.6061 -0.7872
vn 0.1136 0.6064 -0.7870
vn 0.0905 0.7940 -0.6012
vn 0.0913 0.7944 -0.6005
vn 0.0904 0.7931 -0.6023
vn 0.1974 0.6119 -0.7659
vn 0.1980 0.6120 -0.7657
vn 0.1973 0.6115 -0.7662
vn 0.1136 0.6074 -0.7863
vn 0.1136 0.6069 -0.7867
vn 0.1135 0.6079 -0.7859
vn 0.1969 0.6114 -0.7665
vn 0.1972 0.6120 -0.7658
vn 0.1973 0.6114 -0.7664
vn 0.1191 0.7942 -0.5958
vn 0.1195 0.7939 -0.5962
vn 0.1185 0.7937 -0.5967
vn -0.0078 0.3901 -0.9207
vn 0.0611 0.7950 -0.6036
vn 0.0275 0.6126 -0.7899
vn 0.0271 0.6119 -0.7905
vn 0.0274 0.6131 -0.7896
vn 0.0612 0.7953 -0.6031
vn 0.0281 0.6144 -0.7885
vn 0.0276 0.6129 -0.7896
vn 0.0278 0.6136 -0.7891
vn -0.1419 0.4134 -0.8994
vn -0.1408 0.4144 -0.8991
vn -0.1408 0.4133 -0.8996
vn -0.1409 0.4148 -0.8989
vn -0.1398 0.4152 -0.8989
vn -0.1408 0.4138 -0.8994
vn 0.0325 0.7993 -0.6001
vn 0.0328 0.8002 -0.5989
vn 0.0331 0.7984 -0.6012
vn -0.0561 0.6286 -0.7757
vn -0.0550 0.6290 -0.7755
vn -0.0561 0.6278 -0.7764
vn -0.0571 0.6271 -0.7768
vn -0.0558 0.6280 -0.7762
vn -0.0559 0.6273 -0.7768
vn 0.0326 0.7997 -0.5995
vn 0.0321 0.8015 -0.5971
vn 0.0328 0.8006 -0.5983
vn -0.2626 0.4523 -0.8523
vn -0.2636 0.4523 -0.8520
vn -0.2631 0.4526 -0.8520
vn -0.2640 0.4522 -0.8520
vn -0.2645 0.4522 -0.8518
vn -0.2634 0.4524 -0.8520
vn -0.1355 0.6507 -0.7472
vn -0.1333 0.6522 -0.7463
vn -0.1336 0.6507 -0.7475
vn 0.0057 0.8082 -0.5889
vn 0.0060 0.8083 -0.5887
vn 0.0053 0.8080 -0.5892
vn 0.0058 0.8082 -0.5888
vn 0.0065 0.8086 -0.5884
vn 0.0062 0.8084 -0.5887
vn -0.1332 0.6525 -0.7460
vn -0.1314 0.6533 -0.7456
vn -0.1335 0.6514 -0.7469
vn -0.3723 0.5003 -0.7817
vn -0.3702 0.5003 -0.7827
vn -0.3714 0.4997 -0.7825
vn -0.4546 0.5599 -0.6927
vn -0.4557 0.5596 -0.6922
vn -0.4535 0.5604 -0.6930
vn -0.2008 0.6833 -0.7020
vn -0.2001 0.6827 -0.7027
vn -0.2007 0.6830 -0.7023
vn -0.3698 0.5007 -0.7827
vn -0.3687 0.4999 -0.7837
vn -0.3708 0.5000 -0.7826
vn -0.0165 0.8195 -0.5728
vn -0.0162 0.8191 -0.5734
vn -0.0173 0.8200 -0.5721
vn -0.0162 0.8193 -0.5731
vn -0.0147 0.8183 -0.5746
vn -0.0155 0.8188 -0.5739
vn -0.2018 0.6836 -0.7014
vn -0.2014 0.6834 -0.7017
vn -0.2010 0.6831 -0.7021
vn -0.4572 0.5589 -0.6918
vn -0.4562 0.5594 -0.6921
vn -0.4551 0.5597 -0.6926
vn -0.0350 0.8315 -0.5544
vn -0.2528 0.7202 -0.6461
vn -0.2541 0.7199 -0.6459
vn -0.2534 0.7202 -0.6458
vn -0.2544 0.7198 -0.6459
vn -0.2551 0.7198 -0.6456
vn -0.2538 0.7201 -0.6458
vn -0.0351 0.8315 -0.5545
vn -0.5130 0.6247 -0.5887
vn -0.5150 0.6236 -0.5881
vn -0.5142 0.6244 -0.5880
vn -0.5458 0.6918 -0.4727
vn -0.5449 0.6923 -0.4731
vn -0.5460 0.6910 -0.4737
vn -0.5157 0.6232 -0.5879
vn -0.5169 0.6228 -0.5873
vn -0.5147 0.6240 -0.5880
vn -0.0481 0.8457 -0.5315
vn -0.0469 0.8453 -0.5322
vn -0.0477 0.8455 -0.5319
vn -0.0483 0.8458 -0.5313
vn -0.0473 0.8457 -0.5316
vn -0.0490 0.8459 -0.5310
vn -0.2900 0.7614 -0.5798
vn -0.2910 0.7611 -0.5797
vn -0.2906 0.7613 -0.5796
vn -0.2917 0.7608 -0.5798
vn -0.2922 0.7607 -0.5796
vn -0.2909 0.7610 -0.5798
vn -0.5440 0.6934 -0.4725
vn -0.5444 0.6924 -0.4734
vn -0.5454 0.6920 -0.4729
vn -0.0548 0.8749 -0.4811
vn -0.0541 0.8748 -0.4815
vn -0.0547 0.8748 -0.4813
vn -0.0546 0.8602 -0.5070
vn -0.3113 0.8035 -0.5074
vn -0.3112 0.8033 -0.5078
vn -0.3117 0.8034 -0.5073
vn -0.0539 0.8602 -0.5071
vn -0.3119 0.8036 -0.5068
vn -0.3113 0.8036 -0.5073
vn -0.3119 0.8034 -0.5072
vn -0.3108 0.8464 -0.4325
vn -0.3118 0.8456 -0.4332
vn -0.3116 0.8461 -0.4324
vn -0.5450 0.7604 -0.3533
vn -0.5450 0.7599 -0.3542
vn -0.5449 0.7601 -0.3539
vn -0.5158 0.8233 -0.2368
vn -0.5149 0.8238 -0.2370
vn -0.5163 0.8227 -0.2380
vn -0.5450 0.7598 -0.3545
vn -0.5450 0.7596 -0.3549
vn -0.5450 0.7600 -0.3540
vn -0.0542 0.8748 -0.4814
vn -0.0538 0.8748 -0.4815
vn -0.0535 0.8745 -0.4820
vn -0.3103 0.8470 -0.4317
vn -0.3105 0.8465 -0.4324
vn -0.3114 0.8462 -0.4324
vn -0.5136 0.8249 -0.2361
vn -0.5142 0.8243 -0.2371
vn -0.5152 0.8237 -0.2369
vn -0.4560 0.8809 -0.1270
vn -0.4556 0.8810 -0.1275
vn -0.4565 0.8805 -0.1274
vn -0.0356 0.9009 -0.4325
vn -0.0347 0.9008 -0.4328
vn -0.0352 0.9008 -0.4327
vn -0.0463 0.8888 -0.4560
vn -0.0478 0.8886 -0.4562
vn -0.0457 0.8895 -0.4546
vn -0.0471 0.8887 -0.4561
vn -0.0492 0.8878 -0.4577
vn -0.0486 0.8885 -0.4564
vn -0.2916 0.8866 -0.3591
vn -0.2912 0.8867 -0.3590
vn -0.2912 0.8867 -0.3591
vn -0.4550 0.8813 -0.1275
vn -0.4555 0.8809 -0.1282
vn -0.4559 0.8809 -0.1272
vn -0.2543 0.9226 -0.2900
vn -0.2532 0.9230 -0.2899
vn -0.2538 0.9227 -0.2902
vn -0.0342 0.9009 -0.4327
vn -0.0339 0.9007 -0.4331
vn -0.2553 0.9224 -0.2900
vn -0.2547 0.9226 -0.2898
vn -0.2542 0.9227 -0.2900
vn -0.3704 0.9283 -0.0314
vn -0.3700 0.9285 -0.0317
vn -0.3706 0.9282 -0.0316
vn -0.3713 0.9280 -0.0316
vn -0.3707 0.9282 -0.0318
vn -0.3709 0.9281 -0.0318
vn 0.0053 0.9179 -0.3968
vn 0.0066 0.9185 -0.3953
vn 0.0062 0.9181 -0.3963
vn -0.0175 0.9111 -0.4119
vn -0.0170 0.9109 -0.4123
vn -0.0182 0.9111 -0.4118
vn -0.0172 0.9109 -0.4123
vn -0.0159 0.9108 -0.4125
vn -0.0166 0.9109 -0.4124
vn -0.2015 0.9523 -0.2293
vn -0.2023 0.9522 -0.2290
vn -0.2003 0.9525 -0.2292
vn -0.1993 0.9526 -0.2297
vn -0.2010 0.9524 -0.2292
vn -0.2001 0.9526 -0.2293
vn -0.2637 0.9635 0.0465
vn -0.2640 0.9634 0.0463
vn -0.2639 0.9634 0.0469
vn -0.1410 0.9846 0.1030
vn -0.1339 0.9745 -0.1801
vn -0.1339 0.9745 -0.1803
vn 0.0063 0.9183 -0.3959
vn 0.0067 0.9187 -0.3949
vn 0.0077 0.9189 -0.3944
vn -0.1343 0.9745 -0.1797
vn -0.1341 0.9745 -0.1801
vn -0.0077 0.9909 0.1344
vn -0.0079 0.9909 0.1342
vn -0.0078 0.9910 0.1339
vn -0.1409 0.9847 0.1030
vn -0.0560 0.9879 -0.1445
vn 0.0612 0.9249 -0.3754
vn 0.0610 0.9246 -0.3760
vn -0.0558 0.9879 -0.1446
vn 0.0326 0.9233 -0.3828
vn 0.0323 0.9230 -0.3834
vn 0.0322 0.9239 -0.3814
vn 0.0276 0.9918 -0.1252
vn 0.0610 0.9244 -0.3766
vn 0.0608 0.9241 -0.3773
vn 0.0611 0.9246 -0.3760
vn 0.0323 0.9233 -0.3828
vn 0.0324 0.9223 -0.3851
vn 0.0320 0.9227 -0.3841
vn 0.0275 0.9918 -0.1252
vn -0.2958 -0.1894 -0.9363
vn -0.5085 -0.2247 -0.8312
vn -0.6942 -0.2188 -0.6857
vn -0.4048 0.8787 0.2532
vn -0.2521 0.8850 0.3915
vn -0.0686 0.8546 0.5148
vn -0.0834 0.6071 0.7902
vn -0.0682 0.7913 0.6076
vn -0.0425 0.9223 0.3842
vn -0.0772 -0.0770 -0.9940
vn -0.0426 0.1374 -0.9896
vn -0.0424 0.1405 -0.9892
vn -0.0413 0.1346 -0.9900
vn -0.0948 -0.3671 -0.9253
vn -0.0741 -0.1209 -0.9899
vn -0.0426 0.1387 -0.9894
vn -0.0438 0.1446 -0.9885
vn -0.0423 0.1419 -0.9890
vn 0.0841 0.1129 -0.9900
vn -0.2595 0.0857 -0.9619
vn -0.2394 0.1770 -0.9547
vn -0.2049 0.1669 -0.9644
vn -0.4041 0.2313 -0.8850
vn -0.4058 0.2310 -0.8843
vn -0.4037 0.2308 -0.8853
vn -0.4031 0.2337 -0.8848
vn -0.4014 0.2322 -0.8860
vn -0.4021 0.2365 -0.8845
vn -0.4002 0.2344 -0.8859
vn -0.4041 0.2308 -0.8851
vn -0.4022 0.2326 -0.8855
vn -0.5153 0.3550 -0.7801
vn -0.5432 0.3032 -0.7829
vn -0.7948 -0.1178 -0.5954
vn -0.7809 -0.5906 -0.2035
vn -0.5889 0.3347 -0.7357
vn -0.7108 0.1083 -0.6950
vn -0.5921 0.4673 -0.6566
vn -0.8404 -0.0813 -0.5358
vn -0.6385 0.3738 -0.6727
vn -0.7679 0.1540 -0.6218
vn -0.9043 -0.0127 -0.4266
vn -0.8218 -0.5697 0.0098
vn -0.8171 0.2065 -0.5383
vn -0.6812 0.4204 -0.5994
vn -0.9334 0.0296 -0.3576
vn -0.6371 0.5684 -0.5205
vn -0.7114 0.4633 -0.5285
vn -0.8532 0.2570 -0.4538
vn -0.9660 0.0998 -0.2385
vn -0.8383 -0.5117 0.1882
vn -0.7327 0.5119 -0.4485
vn -0.8786 0.3129 -0.3607
vn -0.6521 0.6588 -0.3752
vn -0.8902 0.3651 -0.2725
vn -0.7437 0.5558 -0.3715
vn -0.9761 0.1432 -0.1632
vn -0.9761 0.2135 -0.0401
vn -0.8905 0.4198 -0.1753
vn -0.8384 -0.4230 0.3438
vn -0.7432 0.6036 -0.2887
vn -0.9661 0.2559 0.0352
vn -0.8788 0.4696 -0.0851
vn -0.7333 0.6463 -0.2112
vn -0.6369 0.7377 -0.2238
vn -0.9335 0.3222 0.1572
vn -0.7115 0.6907 -0.1288
vn -0.8526 0.5224 0.0101
vn -0.8219 -0.2990 0.4849
vn -0.5919 0.8032 -0.0670
vn -0.9044 0.3603 0.2284
vn -0.8169 0.5688 0.0955
vn -0.6812 0.7299 -0.0555
vn -0.8402 0.4197 0.3435
vn -0.6389 0.7690 0.0210
vn -0.7804 -0.1270 0.6123
vn -0.7677 0.6136 0.1847
vn -0.5149 0.8522 0.0925
vn -0.7961 0.4496 0.4051
vn -0.7094 0.6546 0.2611
vn -0.5899 0.8028 0.0870
vn -0.7017 0.5008 0.5069
vn -0.6827 0.5091 0.5242
vn -0.6948 0.1171 0.7096
vn -0.5289 0.8345 0.1542
vn -0.5833 0.7136 0.3880
vn -0.6388 0.6905 0.3393
vn -0.5132 0.5637 0.6472
vn -0.5317 0.5599 0.6354
vn -0.5318 0.4299 0.7296
vn -0.4204 0.7598 0.4959
vn -0.4692 0.7483 0.4689
vn -0.3062 0.5997 0.7393
vn -0.4291 0.5800 0.6924
vn -0.2885 0.7361 0.6123
vn -0.2584 0.7836 0.5650
vn -0.2771 0.7817 0.5587
vn -0.1202 0.4994 0.8580
vn -0.3536 0.4864 0.7990
vn -0.5664 0.4451 0.6936
vn -0.7463 0.3780 0.5478
vn -0.7463 0.3780 0.5479
vn -0.8829 0.2889 0.3703
vn -0.9681 0.1830 0.1712
vn -0.8829 0.2888 0.3703
vn -0.9681 -0.0540 -0.2447
vn -0.8829 -0.1712 -0.4373
vn -0.7463 -0.2785 -0.6045
vn -0.5664 -0.3696 -0.7366
vn -0.3535 -0.4393 -0.8259
vn -0.3536 -0.4393 -0.8258
vn -0.1202 -0.4834 -0.8671
vn 0.1202 -0.4994 -0.8580
vn 0.3536 -0.4864 -0.7990
vn 0.5664 -0.4451 -0.6936
vn 0.7463 -0.3780 -0.5479
vn 0.7463 -0.3780 -0.5478
vn 0.8829 -0.2888 -0.3703
vn 0.9681 -0.1830 -0.1712
vn 0.8829 -0.2889 -0.3703
vn 0.9681 0.0540 0.2447
vn 0.8829 0.1712 0.4373
vn 0.7463 0.2785 0.6045
vn 0.5664 0.3696 0.7366
vn 0.3536 0.4393 0.8259
vn 0.3536 0.4393 0.8258
vn 0.1202 0.4834 0.8671
vn 0.1201 0.4834 0.8671
vn 0.1391 0.2560 -0.9566
vn 0.1390 0.2555 -0.9568
vn 0.1393 0.2553 -0.9568
vn 0.3050 0.2647 -0.9148
vn 0.3047 0.2649 -0.9149
vn 0.3052 0.2642 -0.9149
vn 0.3050 0.2646 -0.9149
vn 0.4556 0.2946 -0.8400
vn 0.4559 0.2946 -0.8398
vn 0.5837 0.3421 -0.7364
vn 0.5831 0.3422 -0.7368
vn 0.5834 0.3424 -0.7365
vn 0.5840 0.3423 -0.7361
vn 0.5834 0.3422 -0.7366
vn 0.6804 0.4054 -0.6105
vn 0.6798 0.4063 -0.6106
vn 0.6802 0.4058 -0.6104
vn 0.6811 0.4044 -0.6104
vn 0.6807 0.4049 -0.6105
vn 0.6803 0.4056 -0.6106
vn 0.7407 0.4809 -0.4693
vn 0.7407 0.4808 -0.4692
vn 0.7613 0.5634 -0.3209
vn 0.7610 0.5637 -0.3211
vn 0.7613 0.5635 -0.3209
vn 0.7611 0.5637 -0.3209
vn 0.7409 0.6486 -0.1743
vn 0.7405 0.6492 -0.1740
vn 0.7406 0.6490 -0.1741
vn 0.7408 0.6488 -0.1742
vn 0.6807 0.7316 -0.0373
vn 0.6803 0.7320 -0.0374
vn 0.5836 0.8080 0.0812
vn 0.5834 0.8081 0.0812
vn 0.4558 0.8727 0.1751
vn 0.4563 0.8723 0.1756
vn 0.4560 0.8725 0.1753
vn 0.4557 0.8728 0.1747
vn 0.4559 0.8727 0.1748
vn 0.3047 0.9221 0.2386
vn 0.3047 0.9222 0.2383
vn 0.1390 0.9535 0.2673
vn 0.1389 0.9534 0.2679
vn 0.1391 0.9533 0.2680
vn 0.1393 0.9536 0.2669
vn 0.1391 0.9534 0.2676
vn -0.0314 0.9649 0.2609
vn -0.0314 0.9648 0.2610
vn -0.1970 0.9556 0.2191
vn -0.1970 0.9556 0.2192
vn -0.3482 0.9263 0.1443
vn -0.3479 0.9264 0.1443
vn -0.4756 0.8787 0.0410
vn -0.4760 0.8785 0.0414
vn -0.5727 0.8154 -0.0850
vn -0.5726 0.8154 -0.0850
vn -0.6333 0.7402 -0.2262
vn -0.6334 0.7400 -0.2262
vn -0.6537 0.6576 -0.3745
vn -0.6537 0.6575 -0.3746
vn -0.6332 0.5721 -0.5213
vn -0.6332 0.5720 -0.5214
vn -0.5730 0.4885 -0.6581
vn -0.5725 0.4900 -0.6574
vn -0.5724 0.4895 -0.6579
vn -0.5732 0.4874 -0.6588
vn -0.5731 0.4882 -0.6582
vn -0.5727 0.4889 -0.6580
vn -0.4755 0.4128 -0.7768
vn -0.4756 0.4131 -0.7766
vn -0.3483 0.3480 -0.8704
vn -0.3482 0.3481 -0.8704
vn -0.1970 0.2985 -0.9339
vn -0.1973 0.2983 -0.9339
vn -0.0315 0.2675 -0.9631
vn -0.0315 0.2667 -0.9633
vn -0.0314 0.2671 -0.9632
vn 0.1391 0.9534 0.2677
vn 0.1392 0.9533 0.2679
vn 0.3049 0.9220 0.2386
vn 0.3046 0.9222 0.2383
vn 0.4557 0.8727 0.1752
vn 0.4558 0.8727 0.1752
vn 0.5833 0.8082 0.0812
vn 0.5832 0.8083 0.0810
vn 0.5836 0.8080 0.0813
vn 0.5833 0.8082 0.0813
vn 0.6797 0.7326 -0.0369
vn 0.6807 0.7316 -0.0374
vn 0.6801 0.7322 -0.0375
vn 0.6805 0.7318 -0.0375
vn 0.6812 0.7311 -0.0380
vn 0.7410 0.6486 -0.1742
vn 0.7409 0.6486 -0.1742
vn 0.7615 0.5632 -0.3208
vn 0.7615 0.5632 -0.3209
vn 0.7406 0.4808 -0.4694
vn 0.7409 0.4806 -0.4692
vn 0.7410 0.4805 -0.4690
vn 0.7414 0.4801 -0.4690
vn 0.6806 0.4046 -0.6108
vn 0.6802 0.4057 -0.6106
vn 0.6803 0.4056 -0.6105
vn 0.6800 0.4064 -0.6103
vn 0.5835 0.3424 -0.7364
vn 0.5837 0.3420 -0.7364
vn 0.4558 0.2951 -0.8398
vn 0.4557 0.2949 -0.8398
vn 0.3049 0.2649 -0.9148
vn 0.3054 0.2636 -0.9150
vn 0.3050 0.2641 -0.9150
vn 0.3042 0.2660 -0.9147
vn 0.3051 0.2651 -0.9147
vn 0.3049 0.2644 -0.9149
vn 0.1392 0.2560 -0.9566
vn 0.1389 0.2563 -0.9566
vn 0.1392 0.2557 -0.9567
vn -0.0314 0.2678 -0.9630
vn -0.0318 0.2678 -0.9629
vn -0.0316 0.2672 -0.9631
vn -0.0314 0.2676 -0.9630
vn -0.1970 0.2989 -0.9337
vn -0.1970 0.2978 -0.9341
vn -0.1972 0.2980 -0.9340
vn -0.1971 0.2995 -0.9335
vn -0.1971 0.2986 -0.9338
vn -0.3479 0.3487 -0.8703
vn -0.3478 0.3476 -0.8708
vn -0.3479 0.3480 -0.8706
vn -0.3482 0.3495 -0.8698
vn -0.3479 0.3489 -0.8702
vn -0.3480 0.3482 -0.8704
vn -0.4757 0.4125 -0.7769
vn -0.5732 0.4882 -0.6581
vn -0.5727 0.4888 -0.6582
vn -0.5729 0.4885 -0.6582
vn -0.5726 0.4889 -0.6581
vn -0.5723 0.4893 -0.6580
vn -0.6331 0.5723 -0.5212
vn -0.6536 0.6576 -0.3746
vn -0.6546 0.6568 -0.3744
vn -0.6541 0.6573 -0.3744
vn -0.6530 0.6582 -0.3747
vn -0.6534 0.6578 -0.3746
vn -0.6328 0.7405 -0.2263
vn -0.6333 0.7401 -0.2262
vn -0.5722 0.8156 -0.0855
vn -0.5726 0.8154 -0.0849
vn -0.5722 0.8157 -0.0850
vn -0.5728 0.8153 -0.0843
vn -0.5721 0.8158 -0.0851
vn -0.4762 0.8783 0.0414
vn -0.4757 0.8787 0.0410
vn -0.4761 0.8784 0.0411
vn -0.4756 0.8787 0.0412
vn -0.4754 0.8788 0.0409
vn -0.4761 0.8784 0.0412
vn -0.3479 0.9264 0.1440
vn -0.3480 0.9263 0.1445
vn -0.3486 0.9261 0.1446
vn -0.3482 0.9262 0.1443
vn -0.1973 0.9554 0.2199
vn -0.1972 0.9555 0.2195
vn -0.1966 0.9557 0.2190
vn -0.1966 0.9556 0.2194
vn -0.0314 0.9648 0.2609
vn -0.0314 0.9647 0.2616
vn -0.1241 0.4517 0.8835
vn -0.1117 0.4994 0.8591
vn -0.3594 0.3978 0.8441
vn -0.3251 0.5315 0.7822
vn -0.5716 0.3231 0.7542
vn -0.5213 0.5316 0.6676
vn -0.7487 0.2304 0.6215
vn -0.6901 0.5014 0.5219
vn -0.8818 0.1243 0.4548
vn -0.8235 0.4445 0.3524
vn -0.9643 0.0095 0.2646
vn -0.9157 0.3656 0.1667
vn -0.9922 -0.1082 0.0616
vn -0.9628 0.2691 -0.0263
vn -0.9643 -0.2228 -0.1432
vn -0.9628 0.1598 -0.2179
vn -0.8818 -0.3279 -0.3390
vn -0.9157 0.0430 -0.3995
vn -0.7487 -0.4171 -0.5152
vn -0.8236 -0.0763 -0.5620
vn -0.5717 -0.4840 -0.6625
vn -0.6901 -0.1932 -0.6975
vn -0.3594 -0.5234 -0.7726
vn -0.5213 -0.3031 -0.7978
vn -0.1242 -0.5293 -0.8393
vn -0.3251 -0.4014 -0.8563
vn -0.1116 -0.4843 -0.8678
vn 0.1159 -0.5454 -0.8301
vn 0.1117 -0.4992 -0.8593
vn 0.3442 -0.5697 -0.7463
vn 0.3327 -0.4454 -0.8312
vn 0.5507 -0.5592 -0.6197
vn 0.5353 -0.3735 -0.7576
vn 0.7236 -0.5153 -0.4592
vn 0.7091 -0.2864 -0.6444
vn 0.8537 -0.4436 -0.2730
vn 0.8462 -0.1875 -0.4988
vn 0.9343 -0.3492 -0.0711
vn 0.9409 -0.0807 -0.3290
vn 0.9616 -0.2384 0.1358
vn 0.9892 0.0297 -0.1439
vn 0.9343 -0.1169 0.3368
vn 0.9891 0.1389 0.0478
vn 0.8537 0.0086 0.5207
vn 0.9409 0.2418 0.2372
vn 0.7239 0.1323 0.6771
vn 0.8461 0.3336 0.4156
vn 0.5506 0.2482 0.7970
vn 0.7090 0.4081 0.5751
vn 0.3442 0.3510 0.8708
vn 0.5351 0.4614 0.7077
vn 0.1158 0.4358 0.8925
vn 0.3327 0.4879 0.8070
vn 0.1117 0.4846 0.8676
vn -0.7201 0.5551 -0.4162
vn -0.6807 0.5877 -0.4373
vn -0.7169 0.4272 -0.5510
vn -0.6079 0.5297 -0.5915
vn -0.6654 0.2999 -0.6836
vn -0.5078 0.4741 -0.7192
vn -0.5672 0.1815 -0.8033
vn -0.3853 0.4258 -0.8187
vn -0.4281 0.0804 -0.9001
vn -0.2465 0.3861 -0.8889
vn -0.2571 0.0043 -0.9664
vn -0.0968 0.3574 -0.9289
vn -0.0653 -0.0420 -0.9970
vn 0.0583 0.3403 -0.9385
vn 0.1341 -0.0551 -0.9894
vn 0.2131 0.3367 -0.9172
vn 0.3274 -0.0340 -0.9443
vn 0.3620 0.3455 -0.8658
vn 0.5016 0.0187 -0.8649
vn 0.4992 0.3667 -0.7851
vn 0.6452 0.1009 -0.7573
vn 0.6188 0.3995 -0.6764
vn 0.7490 0.2054 -0.6300
vn 0.7157 0.4414 -0.5412
vn 0.8066 0.3256 -0.4933
vn 0.7837 0.4900 -0.3818
vn 0.8166 0.4528 -0.3578
vn 0.8168 0.5385 -0.2068
vn 0.7835 0.5784 -0.2270
vn 0.8066 0.5904 -0.0285
vn 0.7156 0.6907 -0.1039
vn 0.7492 0.6464 0.1444
vn 0.6189 0.7855 0.0015
vn 0.6454 0.7027 0.2996
vn 0.4991 0.8623 0.0852
vn 0.5017 0.7536 0.4248
vn 0.3618 0.9210 0.1444
vn 0.3274 0.7945 0.5114
vn 0.2131 0.9606 0.1785
vn 0.1341 0.8230 0.5520
vn 0.0583 0.9808 0.1861
vn -0.0652 0.8362 0.5446
vn -0.0968 0.9813 0.1665
vn -0.2569 0.8337 0.4889
vn -0.2465 0.9615 0.1212
vn -0.4281 0.8154 0.3897
vn -0.3852 0.9214 0.0511
vn -0.5673 0.7836 0.2534
vn -0.5077 0.8606 -0.0415
vn -0.6653 0.7410 0.0908
vn -0.6078 0.7790 -0.1541
vn -0.7168 0.6919 -0.0866
vn -0.6806 0.6760 -0.2825
vn -0.7203 0.6410 -0.2652
vn -0.6546 0.6003 -0.4595
vn -0.6404 0.6058 -0.4721
vn -0.5628 0.5075 -0.6524
vn -0.6073 0.4888 -0.6263
vn -0.4295 0.4203 -0.7993
vn -0.5025 0.3854 -0.7739
vn -0.2534 0.3521 -0.9010
vn -0.3483 0.2993 -0.8883
vn -0.0501 0.3090 -0.9497
vn -0.1583 0.2381 -0.9582
vn 0.0509 0.2075 -0.9769
vn 0.1622 0.2949 -0.9417
vn 0.2603 0.2103 -0.9424
vn 0.3650 0.3109 -0.8776
vn 0.4510 0.2460 -0.8580
vn 0.5405 0.3557 -0.7625
vn 0.6061 0.3116 -0.7318
vn 0.6727 0.4252 -0.6056
vn 0.7123 0.4009 -0.5762
vn 0.7488 0.5133 -0.4194
vn 0.7612 0.5060 -0.4057
vn -0.1179 0.8472 -0.5180
vn -0.1180 0.8473 -0.5179
vn -0.0991 0.8171 -0.5679
vn -0.0990 0.8171 -0.5679
vn -0.0631 0.7902 -0.6096
vn -0.0633 0.7902 -0.6095
vn -0.0137 0.7691 -0.6390
vn -0.0138 0.7690 -0.6391
vn 0.0444 0.7558 -0.6533
vn 0.0444 0.7559 -0.6532
vn 0.1055 0.7517 -0.6510
vn 0.1055 0.7518 -0.6509
vn 0.1636 0.7573 -0.6322
vn 0.1636 0.7573 -0.6323
vn 0.2131 0.7717 -0.5992
vn 0.2129 0.7717 -0.5993
vn 0.2490 0.7940 -0.5546
vn 0.2491 0.7939 -0.5546
vn 0.2679 0.8216 -0.5033
vn 0.2677 0.8216 -0.5033
vn 0.9566 -0.1385 0.2562
vn 0.8617 0.0129 0.5073
vn 0.8617 0.0129 0.5072
vn 0.6811 0.1483 0.7170
vn 0.4325 0.2545 0.8649
vn 0.4326 0.2545 0.8649
vn 0.1403 0.3211 0.9366
vn -0.1669 0.3416 0.9249
vn -0.4591 0.3139 0.8311
vn -0.7076 0.2408 0.6643
vn -0.8882 0.1295 0.4408
vn -0.8882 0.1294 0.4408
vn -0.9831 -0.0093 0.1826
vn -0.9831 -0.1618 -0.0852
vn -0.9831 -0.1618 -0.0851
vn -0.8882 -0.3132 -0.3362
vn -0.8882 -0.3132 -0.3361
vn -0.7076 -0.4486 -0.5460
vn -0.7076 -0.4486 -0.5459
vn -0.4591 -0.5548 -0.6939
vn -0.4591 -0.5548 -0.6938
vn -0.1669 -0.6214 -0.7655
vn 0.1404 -0.6419 -0.7539
vn 0.1404 -0.6419 -0.7538
vn 0.4325 -0.6142 -0.6600
vn 0.4326 -0.6142 -0.6600
vn 0.6811 -0.5411 -0.4932
vn 0.8617 -0.4298 -0.2697
vn 0.8617 -0.4298 -0.2698
vn 0.9566 -0.2910 -0.0115
vn 0.9848 -0.1431 -0.0985
vn 0.8884 -0.2839 -0.3608
vn 0.4527 -0.4712 -0.7570
vn 0.4526 -0.4712 -0.7570
vn 0.1560 -0.4993 -0.8523
vn -0.1560 -0.4785 -0.8641
vn -0.4527 -0.4109 -0.7914
vn -0.4526 -0.4109 -0.7914
vn -0.8884 -0.1655 -0.4281
vn -0.8884 -0.1655 -0.4282
vn -0.9848 -0.0118 -0.1733
vn -0.1420 -0.4804 -0.8655
vn -0.1438 -0.4133 -0.8992
vn -0.4215 -0.2897 -0.8593
vn -0.4186 -0.4826 -0.7693
vn -0.6553 -0.1386 -0.7426
vn -0.6573 -0.4423 -0.6102
vn -0.8243 0.0301 -0.5654
vn -0.8386 -0.3674 -0.4022
vn -0.9150 0.2042 -0.3479
vn -0.9492 -0.2697 -0.1622
vn -0.9217 0.3714 -0.1118
vn -0.9828 -0.1603 0.0914
vn -0.8456 0.5199 0.1209
vn -0.9391 -0.0508 0.3398
vn -0.6945 0.6394 0.3300
vn -0.8233 0.0486 0.5655
vn -0.4818 0.7212 0.4978
vn -0.6447 0.1303 0.7533
vn -0.3426 0.4958 0.7980
vn -0.2096 0.4893 0.8465
vn -0.4175 0.1866 0.8893
vn -0.0701 0.4984 0.8641
vn -0.1585 0.2065 0.9655
vn 0.1419 0.4807 0.8654
vn 0.1419 0.4804 0.8655
vn 0.1419 0.4801 0.8656
vn 0.4143 0.4229 0.8059
vn 0.4140 0.4225 0.8062
vn 0.6525 0.3313 0.6815
vn 0.6528 0.3307 0.6815
vn 0.6532 0.3302 0.6814
vn 0.6535 0.3300 0.6811
vn 0.6530 0.3304 0.6815
vn 0.8388 0.2117 0.5017
vn 0.8389 0.2113 0.5016
vn 0.9567 0.0756 0.2812
vn 0.9567 0.0757 0.2812
vn 0.9567 -0.2032 -0.2084
vn 0.9567 -0.2031 -0.2087
vn 0.8388 -0.3235 -0.4379
vn 0.8388 -0.3235 -0.4378
vn 0.6528 -0.4180 -0.6318
vn 0.6530 -0.4175 -0.6319
vn 0.6533 -0.4171 -0.6318
vn 0.4142 -0.4779 -0.7746
vn 0.4141 -0.4778 -0.7747
vn 0.1426 -0.4989 -0.8548
vn 0.1419 -0.4992 -0.8548
vn 0.1418 -0.4999 -0.8544
vn 0.1412 -0.5000 -0.8545
vn 0.1419 -0.4994 -0.8547
vn 0.2647 -0.0009 -0.9643
vn 0.2644 -0.0011 -0.9644
vn 0.2647 -0.0005 -0.9643
vn 0.2643 -0.0010 -0.9644
vn -0.0050 0.0020 -1.0000
vn -0.0048 0.0029 -1.0000
vn -0.0047 0.0026 -1.0000
vn -0.0048 0.0026 -1.0000
vn -0.0045 0.0035 -1.0000
vn -0.2695 0.0482 -0.9618
vn -0.2700 0.0481 -0.9617
vn -0.2699 0.0478 -0.9617
vn -0.5050 0.1304 -0.8532
vn -0.5050 0.1301 -0.8532
vn -0.6871 0.2422 -0.6850
vn -0.6869 0.2424 -0.6852
vn -0.7980 0.3723 -0.4739
vn -0.7981 0.3723 -0.4738
vn -0.8273 0.5079 -0.2402
vn -0.8272 0.5080 -0.2401
vn -0.7717 0.6359 -0.0069
vn -0.7717 0.6360 -0.0069
vn -0.6369 0.7437 0.2031
vn -0.6371 0.7436 0.2029
vn -0.4361 0.8206 0.3693
vn -0.4362 0.8207 0.3690
vn -0.1889 0.8592 0.4754
vn 0.0806 0.8559 0.5109
vn 0.0805 0.8558 0.5110
vn 0.3457 0.8105 0.4728
vn 0.3458 0.8105 0.4727
vn 0.5809 0.7280 0.3641
vn 0.5808 0.7279 0.3645
vn 0.7628 0.6162 0.1960
vn 0.7629 0.6160 0.1961
vn 0.8737 0.4862 -0.0151
vn 0.8738 0.4860 -0.0152
vn 0.9030 0.3503 -0.2488
vn 0.9029 0.3504 -0.2488
vn 0.8474 0.2224 -0.4821
vn 0.7127 0.1148 -0.6921
vn 0.7128 0.1146 -0.6919
vn 0.5117 0.0377 -0.8583
vn 0.5123 0.0373 -0.8580
vn 0.5121 0.0375 -0.8581
vn 0.5114 0.0384 -0.8585
vn 0.5118 0.0380 -0.8583
vn 0.5119 0.0377 -0.8582
vn 0.5456 -0.4507 -0.7065
vn 0.9320 -0.2380 -0.2735
vn 0.7768 -0.3621 -0.5152
vn 0.9959 -0.0907 -0.0050
vn 0.9623 0.0655 0.2640
vn 0.8345 0.2153 0.5072
vn 0.3544 0.4391 0.8256
vn 0.6251 0.3440 0.7007
vn 0.6250 0.3440 0.7007
vn 0.3545 0.4390 0.8256
vn 0.0491 0.4911 0.8697
vn 0.0490 0.4911 0.8697
vn -0.2611 0.4951 0.8287
vn -0.5456 0.4507 0.7065
vn -0.7768 0.3621 0.5152
vn -0.9959 0.0907 0.0050
vn -0.9320 0.2381 0.2735
vn -0.9320 0.2380 0.2735
vn -0.9623 -0.0655 -0.2640
vn -0.6251 -0.3440 -0.7007
vn -0.8345 -0.2153 -0.5072
vn -0.3544 -0.4391 -0.8256
vn -0.6250 -0.3440 -0.7007
vn -0.3544 -0.4390 -0.8256
vn -0.0490 -0.4911 -0.8697
vn -0.0491 -0.4911 -0.8697
vn 0.2611 -0.4951 -0.8287
vn 0.2610 -0.4951 -0.8287
vn -0.0766 -0.8664 0.4934
vn -0.0763 -0.8664 0.4936
vn -0.0765 -0.8665 0.4932
vn -0.0768 -0.8661 0.4939
vn -0.0764 -0.8665 0.4934
vn -0.0766 -0.8664 0.4935
vn -0.0771 -0.8663 0.4935
vn -0.0767 -0.8663 0.4935
vn -0.0761 -0.8665 0.4933
vn -0.9848 0.1431 0.0985
vn -0.8884 0.2839 0.3607
vn -0.9848 0.1431 0.0986
vn -0.4527 0.4712 0.7570
vn -0.1560 0.4993 0.8523
vn -0.4526 0.4712 0.7570
vn 0.1560 0.4785 0.8641
vn 0.1559 0.4785 0.8641
vn 0.4527 0.4109 0.7914
vn 0.8884 0.1655 0.4282
vn 0.9848 0.0118 0.1733
vn 0.9848 -0.1431 -0.0986
vn 0.1559 -0.4993 -0.8523
vn -0.9848 0.1430 0.0985
vn -0.8884 0.2839 0.3608
vn -0.1559 0.4993 0.8523
vn 0.2680 0.8519 -0.4500
vn 0.2678 0.8519 -0.4501
vn 0.2490 0.8820 -0.4001
vn 0.2131 0.9089 -0.3583
vn 0.2131 0.9089 -0.3584
vn 0.1637 0.9301 -0.3288
vn 0.1636 0.9301 -0.3288
vn 0.1056 0.9433 -0.3148
vn 0.1056 0.9433 -0.3146
vn 0.0444 0.9474 -0.3168
vn 0.0444 0.9473 -0.3172
vn -0.0137 0.9419 -0.3355
vn -0.0136 0.9419 -0.3357
vn -0.0631 0.9274 -0.3686
vn -0.0631 0.9273 -0.3689
vn -0.0990 0.9051 -0.4134
vn -0.0990 0.9052 -0.4133
vn -0.1179 0.8776 -0.4647
vn -0.1179 0.8776 -0.4646
vn 0.7612 0.6070 -0.2284
vn 0.7488 0.6225 -0.2277
vn 0.6727 0.7377 -0.0570
vn 0.7123 0.7000 -0.0510
vn 0.5402 0.8374 0.0829
vn 0.6061 0.7884 0.1052
vn 0.3650 0.9134 0.1801
vn 0.4510 0.8635 0.2259
vn 0.1622 0.9604 0.2265
vn 0.2603 0.9178 0.2997
vn 0.0509 0.9462 0.3196
vn -0.0502 0.9745 0.2185
vn -0.1582 0.9457 0.2838
vn -0.2533 0.9546 0.1566
vn -0.3484 0.9167 0.1956
vn -0.4295 0.9019 0.0461
vn -0.5025 0.8623 0.0632
vn -0.5628 0.8200 -0.1039
vn -0.6074 0.7880 -0.1011
vn -0.6404 0.7151 -0.2803
vn -0.6546 0.7014 -0.2821
vn 0.3377 0.6660 0.6651
vn 0.5358 0.5313 0.6562
vn 0.7090 0.3850 0.5909
vn 0.4971 0.1703 -0.8508
vn 0.3368 0.0750 -0.9386
vn 0.1421 -0.0210 -0.9896
vn 0.1034 -0.3826 -0.9181
vn 0.1261 -0.1316 -0.9832
vn 0.1352 0.1286 -0.9824
vn 0.1412 0.8009 0.5819
vn 0.1354 0.9102 0.3913
vn 0.1351 0.9106 0.3906
vn 0.1354 0.9100 0.3920
vn 0.1148 0.5938 0.7964
vn 0.1320 0.7786 0.6135
vn 0.1353 0.9104 0.3910
vn 0.1350 0.9110 0.3897
vn 0.1350 0.9107 0.3904
vn 0.0054 0.9154 0.4025
vn 0.3405 0.8313 0.4393
vn 0.3332 0.8732 0.3556
vn 0.2979 0.8816 0.3662
vn 0.4965 0.8194 0.2864
vn 0.4984 0.8183 0.2864
vn 0.4963 0.8194 0.2869
vn 0.4956 0.8207 0.2843
vn 0.4938 0.8211 0.2862
vn 0.4947 0.8222 0.2817
vn 0.4933 0.8223 0.2836
vn 0.4968 0.8191 0.2868
vn 0.4954 0.8205 0.2852
vn 0.6149 0.7769 0.1350
vn 0.6360 0.7497 0.1830
vn 0.8148 0.3445 0.4664
vn 0.7090 -0.2251 0.6683
vn 0.6817 0.7190 0.1353
vn 0.7694 0.5541 0.3179
vn 0.6965 0.7174 -0.0183
vn 0.8605 0.3060 0.4073
vn 0.8605 0.3060 0.4074
vn 0.7314 0.6780 0.0733
vn 0.8258 0.5076 0.2458
vn 0.9241 0.2395 0.2978
vn 0.7362 -0.4023 0.5442
vn 0.8760 0.4550 0.1603
vn 0.7733 0.6340 -0.0003
vn 0.9534 0.1969 0.2286
vn 0.7443 0.6455 -0.1712
vn 0.8047 0.5893 -0.0719
vn 0.9114 0.4042 0.0775
vn 0.9860 0.1260 0.1092
vn 0.7469 -0.5281 0.4041
vn 0.8260 0.5427 -0.1524
vn 0.9368 0.3495 -0.0161
vn 0.7598 0.5650 -0.3218
vn 0.9490 0.2972 -0.1050
vn 0.8367 0.4978 -0.2282
vn 0.9960 0.0826 0.0348
vn 0.9960 0.0117 -0.0889
vn 0.9490 0.2421 -0.2019
vn 0.7461 -0.6175 0.2489
vn 0.8365 0.4507 -0.3117
vn 0.9859 -0.0302 -0.1646
vn 0.9370 0.1917 -0.2920
vn 0.8264 0.4074 -0.3887
vn 0.7440 0.4768 -0.4681
vn 0.9535 -0.0964 -0.2856
vn 0.8038 0.3626 -0.4716
vn 0.9113 0.1395 -0.3874
vn 0.7363 -0.6731 0.0689
vn 0.6964 0.3816 -0.6078
vn 0.9244 -0.1349 -0.3569
vn 0.8759 0.0946 -0.4731
vn 0.7739 0.3235 -0.5444
vn 0.8604 -0.1945 -0.4711
vn 0.7312 0.2836 -0.6204
vn 0.7074 -0.6913 -0.1471
vn 0.8260 0.0475 -0.5617
vn 0.6149 0.2796 -0.7374
vn 0.8152 -0.2256 -0.5335
vn 0.7693 0.0086 -0.6388
vn 0.6814 0.2516 -0.6873
vn 0.7218 -0.2756 -0.6349
vn 0.7019 -0.2836 -0.6534
vn 0.6487 -0.6405 -0.4110
vn 0.6211 0.2154 -0.7536
vn 0.6419 -0.0516 -0.7651
vn 0.6976 -0.0271 -0.7160
vn 0.5329 -0.3384 -0.7756
vn 0.5524 -0.3335 -0.7640
vn 0.5279 -0.4801 -0.7006
vn 0.4773 -0.0976 -0.8733
vn 0.5269 -0.0879 -0.8454
vn 0.3261 -0.3742 -0.8681
vn 0.4487 -0.3610 -0.8175
vn 0.3371 -0.1916 -0.9218
vn 0.3167 -0.1210 -0.9408
vn 0.3353 -0.1213 -0.9343
vn -0.7049 -0.3032 -0.6413
vn -0.2582 -0.4609 -0.8490
vn -0.2578 -0.4610 -0.8491
vn -0.0770 -0.8662 0.4937
vn -0.0770 -0.8663 0.4935
vn 0.1488 0.4795 0.8649
vn 0.1487 0.4795 0.8648
vn -0.1487 0.4993 0.8536
vn -0.1488 0.4994 0.8535
vn 0.2582 -0.4952 -0.8295
vn 0.2579 -0.4954 -0.8295
vn 0.7051 -0.3971 -0.5875
vn 0.7051 -0.3969 -0.5877
vn 0.9631 -0.1924 -0.1885
vn -0.7046 0.3971 0.5880
vn -0.9630 0.1924 0.1886
vn -0.0766 -0.8666 0.4930
vn -0.0770 -0.8661 0.4940
vn -0.0766 -0.8662 0.4937
vn -0.0768 -0.8666 0.4931
vn -0.0000 0.4949 0.8689
vn 0.9859 -0.1395 -0.0922
vn 0.9859 0.0081 0.1671
vn 0.9859 0.0082 0.1670
vn -0.0001 -0.4949 -0.8689
vn -0.7051 -0.3029 -0.6412
vn -0.2579 -0.4610 -0.8491
vn -0.2583 -0.4609 -0.8490
vn 0.9631 0.0637 0.2614
vn 0.9631 0.0639 0.2616
vn 0.7052 0.3029 0.6411
vn 0.2582 0.4610 0.8490
vn -0.0768 -0.8662 0.4937
vn -0.0772 -0.8665 0.4932
vn -0.0776 -0.8660 0.4939
vn -0.0776 -0.8663 0.4935
vn -0.0772 -0.8662 0.4937
vn -0.0770 -0.8659 0.4943
vn -0.1487 -0.4796 -0.8648
vn -0.1487 -0.4795 -0.8648
vn 0.1487 -0.4994 -0.8535
vn 0.1488 -0.4993 -0.8536
vn -0.7052 0.3970 0.5874
vn -0.9631 0.1922 0.1883
vn -0.0003 -0.4950 -0.8689
vn -0.3815 0.4827 0.7883
vn 0.1820 -0.3958 0.9001
vn 0.1836 -0.3961 0.8997
vn 0.1825 -0.3958 0.9000
vn 0.1836 -0.9759 -0.1177
vn 0.1827 -0.9761 -0.1180
vn 0.1825 -0.9761 -0.1177
vn 0.1832 -0.9761 -0.1173
vn 0.1831 -0.9760 -0.1177
vn 0.1822 -0.9762 -0.1177
vn -0.0261 -0.9222 0.3859
vn -0.0263 -0.9218 0.3868
vn -0.0253 -0.9220 0.3863
vn 0.0829 -0.9872 0.1359
vn 0.0814 -0.9875 0.1353
vn 0.0822 -0.9870 0.1378
vn -0.0262 -0.9220 0.3863
vn -0.0273 -0.9218 0.3868
vn -0.0264 -0.9216 0.3872
vn 0.0837 -0.9867 0.1392
vn 0.0827 -0.9871 0.1367
vn 0.0819 -0.9870 0.1385
vn 0.5252 -0.8292 0.1915
vn 0.5231 -0.8300 0.1934
vn 0.5252 -0.8286 0.1938
vn 0.5222 -0.8306 0.1932
vn 0.5242 -0.8293 0.1936
vn 0.0453 -0.8918 0.4501
vn 0.0454 -0.8917 0.4504
vn 0.0459 -0.8426 0.5365
vn 0.0440 -0.8423 0.5372
vn 0.0454 -0.8419 0.5377
vn 0.2978 -0.8943 0.3339
vn 0.2973 -0.8948 0.3331
vn 0.2987 -0.8941 0.3336
vn 0.2982 -0.8941 0.3341
vn 0.2981 -0.8943 0.3339
vn 0.2991 -0.8941 0.3334
vn 0.0455 -0.8917 0.4503
vn 0.0457 -0.8916 0.4506
vn 0.5216 -0.5886 0.6177
vn 0.5245 -0.5892 0.6146
vn 0.5225 -0.5898 0.6158
vn 0.5255 -0.5891 0.6139
vn 0.5264 -0.5903 0.6119
vn 0.5234 -0.5896 0.6152
vn 0.2982 -0.7433 0.5989
vn 0.2982 -0.7430 0.5992
vn 0.3000 -0.7427 0.5987
vn 0.1831 -0.3960 0.8998
vn 0.1839 -0.3962 0.8996
vn 0.1847 -0.3964 0.8993
vn -0.0246 -0.8047 0.5931
vn -0.0266 -0.8027 0.5958
vn -0.0268 -0.8041 0.5939
vn 0.0826 -0.6221 0.7786
vn 0.0797 -0.6193 0.7811
vn 0.0823 -0.6200 0.7803
vn -0.0266 -0.8020 0.5968
vn -0.0257 -0.8034 0.5949
vn -0.0267 -0.8034 0.5948
vn 0.0447 -0.8421 0.5374
vn 0.0432 -0.8423 0.5372
vn 0.0428 -0.8418 0.5381
vn 0.2967 -0.7426 0.6004
vn 0.2975 -0.7435 0.5989
vn 0.2992 -0.7429 0.5988
vn 0.0827 -0.6230 0.7778
vn 0.0824 -0.6209 0.7796
vn 0.0852 -0.6237 0.7770
vn -0.1070 -0.7986 0.5923
vn -0.1073 -0.7985 0.5924
vn -0.1069 -0.7989 0.5919
vn -0.2148 -0.3741 0.9022
vn -0.1701 -0.6098 0.7741
vn -0.1074 -0.7982 0.5927
vn -0.1075 -0.7984 0.5924
vn -0.1191 -0.8062 0.5795
vn -0.4347 -0.4338 0.7892
vn 0.0436 0.8838 -0.4658
vn -0.2996 -0.6377 0.7097
vn -0.1495 -0.8082 0.5696
vn -0.1798 -0.8324 0.5242
vn -0.5345 -0.4720 0.7011
vn -0.1713 -0.8172 0.5503
vn -0.3688 -0.6685 0.6458
vn -0.6554 -0.5659 0.5002
vn -0.1927 -0.8359 0.5139
vn -0.1936 -0.8363 0.5130
vn -0.1915 -0.8362 0.5138
vn -0.1931 -0.8361 0.5135
vn -0.1950 -0.8358 0.5133
vn -0.1940 -0.8364 0.5126
vn -0.4402 -0.7262 0.5281
vn -0.1925 -0.8679 0.4579
vn -0.1957 -0.8678 0.4568
vn -0.1905 -0.8695 0.4557
vn -0.1801 -0.8752 0.4489
vn -0.4412 -0.8238 0.3560
vn -0.6529 -0.7210 0.2322
vn -0.1939 -0.8678 0.4575
vn -0.1981 -0.8660 0.4592
vn -0.1972 -0.8677 0.4563
vn -0.5344 -0.8439 0.0475
vn 0.0436 0.8515 -0.5226
vn -0.1728 -0.8902 0.4216
vn -0.3686 -0.8962 0.2470
vn -0.1093 -0.9148 0.3888
vn -0.1077 -0.9164 0.3854
vn -0.1071 -0.9155 0.3877
vn -0.1191 -0.9097 0.3978
vn -0.2149 -0.9673 -0.1348
vn -0.1702 -0.9770 0.1285
vn -0.1078 -0.9168 0.3844
vn -0.1054 -0.9174 0.3838
vn -0.1073 -0.9159 0.3867
vn -0.1461 -0.9029 0.4043
vn -0.4364 -0.8991 -0.0338
vn -0.3011 -0.9347 0.1888
vn 0.7045 -0.4029 -0.5842
vn 0.3825 -0.4710 -0.7949
vn 0.9221 -0.2391 -0.3042
vn 0.7045 0.2971 0.6445
vn 0.9221 0.1397 0.3608
vn 0.3826 0.4436 0.8105
vn -0.2677 -0.5814 -0.7683
vn -0.2665 -0.5738 -0.7744
vn -0.2660 -0.5779 -0.7715
vn -0.2661 0.3709 0.8897
vn -0.2653 0.3709 0.8900
vn -0.2664 0.3717 0.8893
vn -0.2674 0.3719 0.8889
vn -0.2663 0.3712 0.8896
vn -0.2665 0.3719 0.8892
vn 0.0292 0.9187 -0.3939
vn -0.2679 0.1340 0.9541
vn -0.2709 0.1376 0.9527
vn -0.2671 0.1290 0.9550
vn -0.2521 -0.1247 0.9596
vn -0.2633 0.1239 0.9567
vn -0.2675 0.1319 0.9545
vn -0.2667 0.1272 0.9553
vn -0.3717 -0.6120 0.6980
vn -0.6035 0.3120 0.7338
vn -0.5256 -0.1905 0.8291
vn -0.5901 0.0644 0.8048
vn -0.7992 0.2270 0.5566
vn -0.0373 0.8905 -0.4534
vn -0.7575 -0.0133 0.6527
vn -0.6740 -0.2501 0.6950
vn -0.9643 -0.1831 -0.1912
vn -0.9645 -0.1818 -0.1917
vn -0.9639 -0.1845 -0.1919
vn -0.9649 0.0708 0.2531
vn -0.9645 0.0714 0.2544
vn -0.9647 0.0712 0.2537
vn -0.9644 0.0718 0.2544
vn -0.9643 0.0718 0.2549
vn -0.9646 0.0713 0.2539
vn -0.8159 -0.3673 0.4464
vn -0.9200 -0.1500 0.3621
vn -0.9199 -0.1484 0.3629
vn -0.9201 -0.1511 0.3614
vn -0.9202 -0.1531 0.3604
vn -0.9200 -0.1504 0.3619
vn -0.9201 -0.1521 0.3611
vn -0.9650 -0.1795 -0.1912
vn -0.9646 -0.1809 -0.1917
vn -0.9644 -0.1824 -0.1914
vn -0.0371 0.8440 -0.5351
vn -0.8162 -0.5711 0.0879
vn -0.9199 -0.3883 -0.0549
vn -0.9195 -0.3894 -0.0542
vn -0.9199 -0.3884 -0.0544
vn -0.9193 -0.3898 -0.0542
vn -0.9191 -0.3904 -0.0532
vn -0.9198 -0.3886 -0.0540
vn -0.3717 -0.9126 0.1706
vn -0.6715 -0.7276 -0.1407
vn -0.7992 -0.3648 -0.4777
vn -0.7590 -0.5656 -0.3225
vn -0.2681 -0.7550 -0.5984
vn -0.2662 -0.7550 -0.5992
vn -0.2674 -0.7564 -0.5970
vn -0.2660 -0.5761 -0.7729
vn -0.2666 -0.5720 -0.7757
vn -0.2649 -0.5685 -0.7789
vn -0.6039 -0.4741 -0.6407
vn -0.2522 -0.8899 -0.3802
vn 0.0291 0.8069 -0.5900
vn -0.2678 -0.7556 -0.5978
vn -0.2672 -0.7569 -0.5964
vn -0.2688 -0.7572 -0.5953
vn -0.5281 -0.8075 -0.2628
vn -0.5907 -0.6593 -0.4651
vn 0.9202 -0.2608 -0.2918
vn 0.3806 -0.4927 -0.7825
vn 0.3807 -0.4927 -0.7825
vn -0.9220 -0.1380 -0.3617
vn -0.3824 -0.4419 -0.8115
vn -0.3824 -0.4418 -0.8115
vn 0.7063 -0.3815 -0.5964
vn 0.9507 -0.2773 -0.1384
vn -0.9220 -0.1380 -0.3618
vn -0.9220 -0.1381 -0.3617
vn -0.2590 -0.4713 -0.8431
vn 0.2571 -0.5057 -0.8235
vn 0.3752 -0.5435 -0.7509
vn -0.9659 -0.1496 -0.2111
vn -0.7035 -0.2875 -0.6499
vn -0.3860 -0.4928 -0.7799
vn 0.6394 -0.7403 0.2075
vn 0.8940 -0.3970 -0.2076
vn 0.3523 -0.9343 0.0541
vn 0.1324 -0.9581 -0.2539
vn 0.3626 -0.6253 -0.6910
vn -0.2387 -0.9334 -0.2679
vn -0.3890 -0.5755 -0.7193
vn -0.4760 -0.8791 0.0228
vn -0.7459 -0.6478 0.1548
vn -0.9205 -0.2762 -0.2765
vn -0.2462 -0.1828 0.9518
vn -0.2464 -0.1823 0.9519
vn -0.2463 -0.1832 0.9517
vn -0.2516 0.0742 0.9650
vn -0.2580 -0.0538 0.9646
vn -0.2461 -0.1828 0.9518
vn -0.2464 -0.1821 0.9519
vn -0.3084 -0.5345 0.7869
vn -0.6791 -0.0201 0.7338
vn -0.5873 -0.2573 0.7673
vn -0.6340 -0.1365 0.7612
vn -0.5874 -0.2572 0.7674
vn -0.5871 -0.2570 0.7676
vn -0.7844 -0.4131 0.4627
vn -0.7843 -0.4131 0.4628
vn -0.7845 -0.4127 0.4628
vn -0.5496 -0.7259 0.4135
vn -0.7841 -0.4135 0.4629
vn -0.7840 -0.4139 0.4627
vn -0.7840 -0.4136 0.4628
vn -0.8508 -0.3081 0.4257
vn -0.8979 -0.1936 0.3953
vn -0.8980 -0.4386 -0.0351
vn -0.7842 -0.6089 0.1195
vn -0.7842 -0.6088 0.1197
vn -0.8506 -0.5236 0.0481
vn -0.2463 -0.9116 -0.3291
vn -0.5876 -0.7911 -0.1702
vn -0.3082 -0.9495 0.0586
vn -0.2517 -0.7924 -0.5556
vn -0.2582 -0.8572 -0.4455
vn -0.2464 -0.9117 -0.3288
vn -0.6793 -0.6413 -0.3568
vn -0.5873 -0.7912 -0.1702
vn -0.6336 -0.7246 -0.2711
vn -0.7457 -0.4638 0.4783
vn -0.9205 0.0971 0.3785
vn -0.4761 -0.4678 0.7446
vn -0.2388 -0.2458 0.9394
vn -0.3890 0.3254 0.8619
vn 0.1326 -0.2701 0.9537
vn 0.3624 0.2755 0.8904
vn 0.3526 -0.5230 0.7760
vn 0.6395 -0.5560 0.5310
vn 0.8940 -0.0239 0.4474
vn -0.9220 0.2408 0.3033
vn -0.3824 0.4727 0.7939
vn -0.9220 0.2408 0.3032
vn 0.9202 0.1180 0.3732
vn 0.3807 0.4218 0.8229
vn -0.7036 0.4124 0.5787
vn -0.9659 0.1053 0.2364
vn 0.9202 0.1180 0.3731
vn 0.3806 0.4219 0.8229
vn 0.3807 0.4219 0.8229
vn 0.2571 0.4505 0.8550
vn -0.2590 0.4848 0.8354
vn -0.3861 0.4195 0.8216
vn 0.9508 -0.0224 0.3091
vn 0.7063 0.3184 0.6323
vn 0.3751 0.3688 0.8504
vn 0.2441 0.3380 0.9089
vn 0.2451 0.3369 0.9091
vn 0.2450 0.3378 0.9088
vn 0.2446 -0.6107 -0.7531
vn 0.2437 -0.6109 -0.7533
vn 0.2448 -0.6102 -0.7534
vn 0.2458 -0.6097 -0.7536
vn 0.2446 -0.6105 -0.7533
vn 0.2449 -0.6098 -0.7538
vn 0.1226 0.8003 -0.5869
vn 0.2096 -0.7869 -0.5804
vn 0.2108 -0.7855 -0.5818
vn 0.2094 -0.7883 -0.5785
vn 0.1606 -0.9167 -0.3660
vn 0.2078 -0.7903 -0.5763
vn 0.2095 -0.7876 -0.5795
vn 0.2092 -0.7890 -0.5777
vn 0.2335 -0.9529 0.1934
vn 0.5823 -0.5553 -0.5938
vn 0.4344 -0.8723 -0.2246
vn 0.5293 -0.7352 -0.4234
vn 0.7784 -0.4690 -0.4173
vn 0.1888 0.8290 -0.5264
vn 0.6994 -0.6629 -0.2670
vn 0.5779 -0.8108 -0.0931
vn 0.9436 -0.3090 -0.1188
vn 0.9437 -0.3089 -0.1185
vn 0.9437 -0.3089 -0.1184
vn 0.9437 -0.3090 -0.1181
vn 0.8618 -0.5071 0.0130
vn 0.8603 -0.5097 0.0132
vn 0.8611 -0.5082 0.0130
vn 0.7237 -0.6744 0.1463
vn 0.8629 -0.5052 0.0131
vn 0.8620 -0.5067 0.0130
vn 0.8614 -0.5078 0.0130
vn 0.9432 -0.0554 0.3275
vn 0.9434 -0.0555 0.3271
vn 0.9434 -0.0556 0.3268
vn 0.9434 -0.0555 0.3270
vn 0.1892 0.8755 -0.4446
vn 0.7241 -0.4693 0.5055
vn 0.8609 -0.2720 0.4300
vn 0.8613 -0.2730 0.4284
vn 0.8617 -0.2704 0.4293
vn 0.8615 -0.2687 0.4308
vn 0.8612 -0.2713 0.4298
vn 0.8620 -0.2697 0.4293
vn 0.2337 -0.6522 0.7211
vn 0.5813 -0.3314 0.7432
vn 0.5812 -0.3314 0.7432
vn 0.6998 -0.1084 0.7061
vn 0.7766 0.1209 0.6182
vn 0.5825 0.2270 0.7805
vn 0.2450 0.3374 0.9089
vn 0.2451 0.3366 0.9092
vn 0.2460 0.3364 0.9090
vn 0.2104 0.0995 0.9725
vn 0.2104 0.0992 0.9726
vn 0.1601 -0.1592 0.9742
vn 0.1226 0.9127 -0.3898
vn 0.2100 0.1000 0.9726
vn 0.2102 0.0998 0.9725
vn 0.4339 -0.2484 0.8660
vn 0.5293 -0.0123 0.8483
vn 0.1474 -0.9380 -0.3137
vn 0.1859 -0.8213 -0.5393
vn 0.1752 -0.8861 -0.4291
vn 0.1475 -0.9378 -0.3144
vn 0.1744 -0.9817 0.0768
vn 0.6133 -0.7274 -0.3077
vn 0.4888 -0.8628 -0.1293
vn 0.4886 -0.8628 -0.1296
vn 0.4885 -0.8629 -0.1296
vn 0.4881 -0.8632 -0.1293
vn 0.5507 -0.8036 -0.2260
vn 0.6852 -0.7070 0.1752
vn 0.6856 -0.7066 0.1752
vn 0.4156 -0.7903 0.4502
vn 0.6855 -0.7066 0.1753
vn 0.6854 -0.7068 0.1751
vn 0.7677 -0.6314 0.1095
vn 0.8319 -0.5540 0.0308
vn 0.8319 -0.3089 0.4610
vn 0.6857 -0.5107 0.5186
vn 0.6855 -0.5111 0.5186
vn 0.7678 -0.4159 0.4874
vn 0.1745 -0.5667 0.8052
vn 0.1857 0.0447 0.9816
vn 0.1753 -0.0836 0.9810
vn 0.1475 -0.2073 0.9671
vn 0.1462 -0.2069 0.9674
vn 0.1475 -0.2088 0.9668
vn 0.1487 -0.2098 0.9664
vn 0.1475 -0.2079 0.9670
vn 0.1474 -0.2094 0.9667
vn 0.4887 -0.3283 0.8083
vn 0.4886 -0.3286 0.8083
vn 0.4893 -0.3276 0.8083
vn 0.6132 -0.1058 0.7828
vn 0.4884 -0.3288 0.8083
vn 0.4878 -0.3296 0.8083
vn 0.5508 -0.2154 0.8064
vn 0.2526 -0.5498 -0.7961
vn 0.2517 -0.5500 -0.7963
vn 0.2529 -0.5489 -0.7967
vn 0.2537 -0.5484 -0.7968
vn 0.2527 -0.5495 -0.7964
vn 0.2526 -0.5487 -0.7969
vn 0.2994 0.5525 -0.7779
vn 0.2392 -0.6492 -0.7220
vn 0.2396 -0.6489 -0.7221
vn 0.2391 -0.6496 -0.7217
vn 0.2212 -0.7407 -0.6344
vn 0.2384 -0.6502 -0.7214
vn 0.2391 -0.6495 -0.7218
vn 0.2389 -0.6502 -0.7213
vn 0.6984 -0.4518 -0.5550
vn 0.6989 -0.4508 -0.5553
vn 0.6987 -0.4508 -0.5556
vn 0.6993 -0.4499 -0.5555
vn 0.6989 -0.4509 -0.5551
vn 0.6455 -0.6478 -0.4045
vn 0.6778 -0.5534 -0.4840
vn 0.6782 -0.5530 -0.4840
vn 0.9564 -0.2465 -0.1569
vn 0.9563 -0.2467 -0.1571
vn 0.5310 0.7363 -0.4194
vn 0.9314 -0.3520 -0.0920
vn 0.9314 -0.3521 -0.0918
vn 0.8913 -0.4527 -0.0251
vn 0.9563 0.0093 0.2923
vn 0.9563 0.0090 0.2922
vn 0.9315 -0.1003 0.3497
vn 0.8913 -0.2092 0.4023
vn 0.9314 -0.1006 0.3499
vn 0.6990 0.2471 0.6711
vn 0.6988 0.2475 0.6711
vn 0.2526 0.4055 0.8785
vn 0.2527 0.4051 0.8787
vn 0.2530 0.4058 0.8783
vn 0.2527 0.4055 0.8785
vn 0.2525 0.4046 0.8789
vn 0.2530 0.4047 0.8788
vn 0.6989 0.2477 0.6710
vn 0.6989 0.2474 0.6711
vn 0.2388 0.2892 0.9270
vn 0.2393 0.2911 0.9263
vn 0.2389 0.2901 0.9267
vn 0.2215 0.1675 0.9607
vn 0.2992 0.9509 -0.0786
vn 0.2390 0.2884 0.9272
vn 0.2389 0.2894 0.9269
vn 0.2386 0.2875 0.9276
vn 0.6463 0.0182 0.7629
vn 0.6779 0.1332 0.7230
vn 0.6785 0.1327 0.7225
vn 0.6782 0.1341 0.7225
vn 0.6771 0.1350 0.7234
vn 0.6778 0.1342 0.7229
vn 0.6777 0.1347 0.7229
vn 0.8622 0.1764 0.4749
vn -0.0012 0.4813 0.8765
vn -0.8646 0.2914 0.4094
vn -0.7029 -0.3366 0.6267
vn -0.7028 -0.3366 0.6268
vn -0.0500 -0.1929 0.9799
vn 0.6027 -0.4235 0.6763
vn 0.6031 -0.7975 0.0195
vn 0.6023 -0.7980 0.0195
vn -0.0501 -0.9414 -0.3337
vn -0.0500 -0.9413 -0.3338
vn -0.7028 -0.7107 -0.0302
vn -0.7028 -0.7108 -0.0301
vn -0.8646 -0.2035 -0.4594
vn -0.0012 -0.5085 -0.8610
vn 0.8622 -0.3186 -0.3939
vn -0.2622 0.4405 0.8586
vn -0.2624 0.4412 0.8582
vn -0.2624 0.4398 0.8589
vn -0.2623 0.4384 0.8596
vn -0.2623 0.4400 0.8588
vn -0.2625 0.4393 0.8591
vn -0.1639 0.9818 -0.0964
vn -0.2681 0.3222 0.9079
vn -0.2677 0.3220 0.9081
vn -0.2678 0.3231 0.9077
vn -0.2690 0.2019 0.9417
vn -0.2683 0.3232 0.9075
vn -0.2679 0.3225 0.9079
vn -0.7087 0.3403 0.6180
vn -0.7087 0.3411 0.6176
vn -0.7087 0.3409 0.6177
vn -0.7084 0.3414 0.6177
vn -0.7084 0.3418 0.6175
vn -0.6939 0.1074 0.7121
vn -0.7064 0.2267 0.6706
vn -0.7068 0.2266 0.6701
vn -0.7066 0.2267 0.6703
vn -0.7070 0.2264 0.6700
vn -0.9660 0.1372 0.2191
vn -0.9659 0.1373 0.2193
vn -0.3954 0.7981 -0.4546
vn -0.9603 0.0256 0.2779
vn -0.9603 0.0252 0.2779
vn -0.9389 -0.0874 0.3328
vn -0.9660 -0.1187 -0.2297
vn -0.9660 -0.1185 -0.2299
vn -0.9602 -0.2261 -0.1636
vn -0.9390 -0.3308 -0.0946
vn -0.9602 -0.2263 -0.1635
vn -0.7088 -0.3569 -0.6085
vn -0.2622 -0.5154 -0.8159
vn -0.2623 -0.5144 -0.8164
vn -0.2615 -0.5161 -0.8156
vn -0.2624 -0.5148 -0.8162
vn -0.2632 -0.5131 -0.8170
vn -0.2625 -0.5139 -0.8167
vn -0.7082 -0.3573 -0.6089
vn -0.7084 -0.3575 -0.6085
vn -0.2678 -0.6161 -0.7407
vn -0.2672 -0.6167 -0.7405
vn -0.2677 -0.6165 -0.7404
vn -0.2690 -0.7077 -0.6533
vn -0.1639 0.5834 -0.7955
vn -0.2679 -0.6159 -0.7409
vn -0.2681 -0.6162 -0.7406
vn -0.6942 -0.5572 -0.4556
vn -0.7065 -0.4615 -0.5366
vn -0.7067 -0.4614 -0.5364
vn -0.7056 0.3911 0.5910
vn -0.3805 0.4944 0.7815
vn -0.9201 0.2625 0.2909
vn -0.7055 -0.3089 -0.6378
vn -0.9200 -0.1163 -0.3741
vn -0.2580 -0.4610 -0.8491
vn -0.3805 -0.4201 -0.8238
vn -0.1954 -0.8677 0.4570
vn -0.6536 -0.7202 0.2325
vn -0.4403 -0.8246 0.3552
vn -0.1957 -0.8675 0.4573
vn -0.1958 -0.8675 0.4573
vn -0.1799 -0.8753 0.4489
vn -0.5333 -0.8446 0.0474
vn 0.0436 0.8512 -0.5231
vn -0.3695 -0.8958 0.2471
vn -0.1706 -0.8909 0.4209
vn -0.1191 -0.9096 0.3980
vn -0.4377 -0.8985 -0.0341
vn -0.1493 -0.9026 0.4037
vn -0.2987 -0.9355 0.1887
vn -0.2152 -0.9672 -0.1352
vn -0.1082 -0.9160 0.3864
vn -0.1076 -0.9166 0.3851
vn -0.1072 -0.9156 0.3875
vn -0.1079 -0.9162 0.3858
vn -0.1088 -0.9169 0.3841
vn -0.1074 -0.9168 0.3846
vn -0.1698 -0.9772 0.1273
vn -0.0454 -0.9214 0.3860
vn -0.0435 -0.9208 0.3877
vn -0.0480 -0.9213 0.3858
vn -0.0329 -0.9154 0.4013
vn 0.0288 -0.9904 0.1353
vn 0.0938 -0.9881 -0.1223
vn -0.0445 -0.9211 0.3867
vn -0.0401 -0.9210 0.3875
vn -0.0426 -0.9205 0.3883
vn 0.3162 -0.9487 -0.0049
vn 0.1093 0.8471 -0.5200
vn -0.0015 -0.9121 0.4100
vn 0.1558 -0.9662 0.2055
vn 0.0437 -0.8829 0.4676
vn 0.0414 -0.8835 0.4666
vn 0.0427 -0.8833 0.4668
vn 0.0282 -0.8892 0.4567
vn 0.5321 -0.7999 0.2774
vn 0.3021 -0.8730 0.3828
vn 0.0409 -0.8836 0.4665
vn 0.0402 -0.8842 0.4654
vn 0.0421 -0.8834 0.4667
vn 0.0179 -0.9021 0.4311
vn 0.4111 -0.9077 0.0843
vn 0.2279 -0.9360 0.2684
vn 0.7045 -0.4029 -0.5843
vn 0.3826 -0.4710 -0.7949
vn 0.7045 0.2971 0.6446
vn 0.0422 -0.8518 0.5221
vn 0.0424 -0.8519 0.5219
vn 0.5337 -0.6456 0.5463
vn 0.3014 -0.7747 0.5558
vn 0.3014 -0.7747 0.5559
vn 0.0426 -0.8520 0.5218
vn 0.0426 -0.8522 0.5215
vn 0.0282 -0.8462 0.5321
vn 0.4121 -0.5353 0.7373
vn 0.1093 0.8794 -0.4634
vn 0.2270 -0.7083 0.6684
vn 0.0182 -0.8312 0.5557
vn -0.0327 -0.8119 0.5829
vn 0.3136 -0.4792 0.8198
vn -0.0033 -0.8176 0.5757
vn 0.1580 -0.6684 0.7268
vn 0.0937 -0.3993 0.9120
vn -0.0441 -0.8038 0.5933
vn -0.0443 -0.8026 0.5948
vn -0.0458 -0.8044 0.5923
vn -0.0442 -0.8033 0.5939
vn -0.0424 -0.8024 0.5953
vn -0.0444 -0.8022 0.5954
vn 0.0291 -0.6224 0.7822
vn -0.1068 -0.8004 0.5899
vn -0.1071 -0.7986 0.5922
vn -0.1094 -0.8009 0.5887
vn -0.1191 -0.8063 0.5794
vn -0.1705 -0.6075 0.7758
vn -0.2133 -0.3775 0.9011
vn -0.1070 -0.7996 0.5909
vn -0.1046 -0.7977 0.5940
vn -0.1074 -0.7979 0.5932
vn -0.4344 -0.4341 0.7892
vn 0.0433 0.8837 -0.4661
vn -0.1479 -0.8088 0.5692
vn -0.3002 -0.6384 0.7087
vn -0.1963 -0.8352 0.5137
vn -0.1944 -0.8361 0.5129
vn -0.1952 -0.8356 0.5134
vn -0.1804 -0.8324 0.5240
vn -0.6534 -0.5675 0.5010
vn -0.4434 -0.7243 0.5280
vn -0.1929 -0.8367 0.5125
vn -0.1948 -0.8359 0.5132
vn -0.1715 -0.8167 0.5510
vn -0.5347 -0.4723 0.7008
vn -0.3681 -0.6689 0.6458
vn -0.9646 0.0716 0.2539
vn 0.9434 -0.0566 0.3268
vn 0.9436 -0.0569 0.3262
vn 0.9434 -0.0558 0.3269
vn 0.9432 -0.0551 0.3275
vn 0.9434 -0.0562 0.3268
vn 0.9435 -0.0555 0.3267
vn 0.1891 0.8754 -0.4448
vn 0.8615 -0.2711 0.4294
vn 0.8618 -0.2720 0.4281
vn 0.8621 -0.2696 0.4291
vn 0.7229 -0.4703 0.5062
vn 0.8619 -0.2681 0.4303
vn 0.8617 -0.2705 0.4293
vn 0.8623 -0.2690 0.4290
vn 0.2336 -0.6524 0.7210
vn 0.7783 0.1221 0.6160
vn 0.7783 0.1221 0.6159
vn 0.5787 -0.3336 0.7442
vn 0.6980 -0.1087 0.7078
vn 0.5835 0.2272 0.7797
vn 0.1228 0.9128 -0.3895
vn 0.5297 -0.0140 0.8481
vn 0.4321 -0.2518 0.8660
vn -0.2670 0.3687 0.8904
vn -0.2667 0.3697 0.8900
vn -0.2680 0.3680 0.8904
vn 0.2429 0.3400 0.9085
vn 0.2452 0.3377 0.9088
vn 0.2448 0.3396 0.9082
vn 0.2454 0.3370 0.9090
vn 0.2473 0.3365 0.9086
vn 0.2450 0.3387 0.9084
vn 0.1596 -0.1523 0.9754
vn 0.2092 0.0997 0.9728
vn 0.2079 0.1003 0.9730
vn 0.2098 0.0984 0.9728
vn 0.2114 0.0975 0.9725
vn 0.2095 0.0991 0.9728
vn 0.2100 0.0979 0.9728
vn -0.2655 0.3710 0.8898
vn -0.2664 0.3703 0.8899
vn -0.2668 0.3692 0.8902
vn 0.0290 0.9190 -0.3932
vn -0.2520 -0.1250 0.9596
vn -0.2681 0.1317 0.9543
vn -0.2679 0.1309 0.9545
vn -0.2677 0.1315 0.9545
vn -0.2680 0.1306 0.9545
vn -0.2676 0.1297 0.9548
vn -0.2679 0.1310 0.9545
vn -0.5287 -0.1836 0.8287
vn -0.6029 0.3125 0.7341
vn -0.5890 0.0611 0.8058
vn -0.9646 0.0720 0.2536
vn -0.7995 0.2268 0.5563
vn -0.9198 -0.1514 0.3619
vn -0.9208 -0.1488 0.3606
vn -0.9204 -0.1502 0.3610
vn -0.8150 -0.3676 0.4478
vn -0.0368 0.8906 -0.4533
vn -0.9196 -0.1518 0.3623
vn -0.9201 -0.1508 0.3615
vn -0.9192 -0.1533 0.3626
vn -0.6724 -0.2501 0.6967
vn -0.7591 -0.0127 0.6508
vn -0.3825 -0.4419 -0.8115
vn -0.7036 -0.2876 -0.6499
vn -0.2644 -0.5447 -0.7959
vn -0.3825 -0.4418 -0.8115
vn -0.3825 0.4727 0.7939
vn -0.9640 0.1818 0.1943
vn -0.9640 -0.0744 -0.2555
vn -0.9243 -0.1897 -0.3312
vn -0.2643 0.4069 0.8744
vn -0.9243 0.1882 0.3321
vn -0.3890 -0.5757 -0.7192
vn -0.4761 -0.8791 0.0224
vn -0.7458 -0.6479 0.1548
vn -0.9205 -0.2761 -0.2765
vn -0.7459 -0.4636 0.4783
vn -0.4762 -0.4677 0.7447
vn -0.2391 -0.2458 0.9394
vn -0.3889 0.3257 0.8617
vn 0.6854 -0.5112 0.5186
vn 0.8395 -0.3234 0.4367
vn 0.7678 -0.4159 0.4873
vn 0.6852 -0.5115 0.5186
vn 0.6854 -0.5115 0.5182
vn 0.3508 -0.6662 0.6581
vn 0.5927 -0.0948 0.7998
vn 0.4888 -0.3280 0.8084
vn 0.5508 -0.2149 0.8065
vn 0.4886 -0.3289 0.8081
vn 0.4885 -0.3294 0.8080
vn 0.1474 -0.2075 0.9671
vn 0.1475 -0.2086 0.9668
vn 0.1477 -0.2067 0.9672
vn -0.0669 -0.5185 0.8525
vn 0.1476 -0.2083 0.9669
vn 0.1472 -0.2098 0.9666
vn 0.1475 -0.2090 0.9667
vn 0.1753 -0.0825 0.9811
vn 0.2139 0.0385 0.9761
vn -0.2796 0.0721 0.9574
vn -0.2465 -0.1819 0.9519
vn -0.2462 -0.1824 0.9519
vn -0.2583 -0.0531 0.9646
vn -0.7845 -0.4129 0.4626
vn -0.7844 -0.4133 0.4625
vn -0.5873 -0.2569 0.7675
vn -0.4848 -0.6105 0.6263
vn -0.9054 -0.2073 0.3705
vn -0.8505 -0.3084 0.4260
vn -0.7842 -0.4135 0.4627
vn -0.7842 -0.4132 0.4629
vn -0.6586 -0.0117 0.7524
vn -0.5875 -0.2571 0.7673
vn -0.6338 -0.1354 0.7616
vn 0.1323 -0.2704 0.9536
vn 0.3626 0.2755 0.8903
vn 0.3524 -0.5230 0.7761
vn 0.6397 -0.5559 0.5308
vn 0.8939 -0.0240 0.4475
vn 0.6396 -0.7402 0.2074
vn 0.3522 -0.9344 0.0542
vn 0.3625 -0.6253 -0.6910
vn 0.3808 0.4218 0.8228
vn 0.2493 0.3727 0.8939
vn 0.9621 -0.2027 -0.1824
vn 0.9621 0.0535 0.2674
vn 0.9133 0.0658 0.4018
vn 0.2492 -0.5789 -0.7764
vn 0.7063 -0.3815 -0.5963
vn 0.9133 -0.3121 -0.2615
vn 0.9436 -0.3090 -0.1187
vn -0.9644 -0.1830 -0.1909
vn -0.9645 -0.1829 -0.1906
vn -0.9644 -0.1822 -0.1917
vn -0.9642 -0.1822 -0.1926
vn -0.9644 -0.1827 -0.1912
vn -0.9644 -0.1818 -0.1919
vn -0.0375 0.8441 -0.5348
vn -0.9201 -0.3879 -0.0549
vn -0.9199 -0.3881 -0.0557
vn -0.9200 -0.3882 -0.0542
vn -0.8164 -0.5708 0.0878
vn -0.9201 -0.3881 -0.0528
vn -0.9200 -0.3881 -0.0545
vn -0.9199 -0.3884 -0.0536
vn -0.3721 -0.9124 0.1705
vn -0.6741 -0.7251 -0.1409
vn -0.7583 -0.5662 -0.3231
vn -0.6035 -0.4767 -0.6392
vn 0.0290 0.8068 -0.5901
vn -0.5895 -0.6598 -0.4660
vn -0.5267 -0.8087 -0.2621
vn 0.2452 -0.6092 -0.7541
vn 0.2451 -0.6099 -0.7536
vn 0.2444 -0.6093 -0.7543
vn -0.2666 -0.5746 -0.7738
vn -0.2665 -0.5743 -0.7741
vn -0.2533 -0.8880 -0.3839
vn -0.2672 -0.7560 -0.5975
vn -0.2666 -0.7553 -0.5987
vn -0.2671 -0.7570 -0.5964
vn -0.2677 -0.7580 -0.5948
vn -0.2672 -0.7564 -0.5971
vn -0.2671 -0.7573 -0.5959
vn 0.2462 -0.6101 -0.7531
vn 0.2454 -0.6101 -0.7534
vn 0.2453 -0.6094 -0.7540
vn 0.1227 0.8007 -0.5864
vn 0.1597 -0.9164 -0.3671
vn 0.2071 -0.7904 -0.5765
vn 0.2095 -0.7880 -0.5789
vn 0.2088 -0.7894 -0.5773
vn 0.2098 -0.7874 -0.5797
vn 0.2112 -0.7863 -0.5806
vn 0.2091 -0.7888 -0.5781
vn 0.2338 -0.9528 0.1935
vn 0.4343 -0.8721 -0.2254
vn 0.5823 -0.5535 -0.5955
vn 0.5292 -0.7362 -0.4218
vn 0.8615 -0.5076 0.0125
vn 0.8615 -0.5076 0.0116
vn 0.8619 -0.5068 0.0131
vn 0.9435 -0.3093 -0.1188
vn 0.7778 -0.4697 -0.4177
vn 0.7233 -0.6747 0.1468
vn 0.1890 0.8290 -0.5263
vn 0.8616 -0.5074 0.0130
vn 0.8621 -0.5066 0.0133
vn 0.8621 -0.5065 0.0143
vn 0.5802 -0.8092 -0.0929
vn 0.6985 -0.6633 -0.2684
vn -0.7842 -0.6088 0.1198
vn -0.9054 -0.4245 -0.0107
vn -0.8510 -0.5230 0.0478
vn -0.7842 -0.6088 0.1196
vn -0.4849 -0.8500 0.2057
vn -0.6586 -0.6530 -0.3739
vn -0.2464 -0.9118 -0.3286
vn -0.5872 -0.7912 -0.1707
vn -0.5876 -0.7911 -0.1700
vn -0.6337 -0.7243 -0.2716
vn -0.0669 -0.9977 0.0114
vn -0.2582 -0.8571 -0.4458
vn -0.2465 -0.9117 -0.3288
vn -0.2796 -0.7870 -0.5500
vn 0.2135 -0.8197 -0.5316
vn 0.1474 -0.9380 -0.3138
vn 0.1473 -0.9382 -0.3133
vn 0.1753 -0.8861 -0.4290
vn 0.1476 -0.9380 -0.3135
vn 0.1475 -0.9377 -0.3145
vn 0.1478 -0.9378 -0.3141
vn 0.3511 -0.9057 0.2374
vn 0.8395 -0.5405 0.0556
vn 0.7676 -0.6315 0.1094
vn 0.6856 -0.7065 0.1752
vn 0.4883 -0.8630 -0.1292
vn 0.4887 -0.8628 -0.1295
vn 0.4882 -0.8632 -0.1287
vn 0.4885 -0.8630 -0.1291
vn 0.4887 -0.8628 -0.1297
vn 0.4887 -0.8628 -0.1293
vn 0.5923 -0.7368 -0.3262
vn 0.5509 -0.8032 -0.2266
vn -0.9660 -0.1187 -0.2298
vn -0.3332 0.6790 -0.6541
vn -0.9602 -0.2262 -0.1636
vn -0.9390 -0.3306 -0.0947
vn -0.9602 -0.2264 -0.1634
vn -0.7084 -0.3572 -0.6087
vn -0.7085 -0.3571 -0.6087
vn -0.6938 -0.5578 -0.4555
vn -0.7068 -0.4610 -0.5366
vn -0.7067 -0.4613 -0.5364
vn -0.2616 -0.5136 -0.8172
vn -0.2625 -0.5148 -0.8162
vn -0.2626 -0.5137 -0.8168
vn -0.2623 -0.5153 -0.8159
vn -0.2633 -0.5154 -0.8155
vn -0.2625 -0.5142 -0.8165
vn 0.0677 0.5372 -0.8408
vn -0.2677 -0.6166 -0.7404
vn -0.2681 -0.6167 -0.7401
vn -0.2679 -0.6161 -0.7407
vn -0.2674 -0.6157 -0.7412
vn -0.2680 -0.6164 -0.7404
vn -0.2690 -0.7080 -0.6530
vn 0.2526 -0.5494 -0.7965
vn 0.2527 -0.5489 -0.7967
vn 0.2391 -0.6500 -0.7214
vn 0.2214 -0.7408 -0.6342
vn 0.2390 -0.6501 -0.7213
vn 0.6992 -0.4507 -0.5549
vn 0.6987 -0.4512 -0.5552
vn 0.6990 -0.4508 -0.5552
vn 0.9564 -0.2467 -0.1567
vn 0.9563 -0.2466 -0.1568
vn 0.6988 -0.4510 -0.5553
vn 0.6983 -0.4515 -0.5554
vn 0.9315 -0.3519 -0.0919
vn 0.9315 -0.3518 -0.0920
vn 0.8913 -0.4526 -0.0252
vn 0.4690 0.6253 -0.6237
vn 0.9313 -0.3525 -0.0917
vn 0.9314 -0.3522 -0.0920
vn 0.6460 -0.6473 -0.4046
vn 0.6781 -0.5533 -0.4837
vn 0.6779 -0.5532 -0.4842
vn 0.4973 -0.4754 -0.7257
vn 0.9958 -0.0800 0.0456
vn 0.4973 0.3818 0.7790
vn 0.3268 -0.2682 0.9062
vn 0.3268 -0.2681 0.9063
vn 0.7037 -0.6174 0.3517
vn 0.3268 -0.9163 -0.2314
vn -0.4269 -0.8661 -0.2600
vn -0.4269 -0.8661 -0.2599
vn -0.8038 -0.5169 0.2945
vn -0.8037 -0.5170 0.2945
vn -0.4268 -0.2180 0.8777
vn -0.4270 -0.2180 0.8776
vn -0.4997 0.4482 0.7412
vn -0.9981 0.0528 -0.0301
vn -0.4997 -0.4090 -0.7636
vn 0.9564 0.0091 0.2920
vn 0.9563 0.0092 0.2923
vn 0.9562 0.0093 0.2926
vn 0.9563 0.0089 0.2921
vn 0.4687 0.8555 -0.2201
vn 0.8914 -0.2090 0.4022
vn 0.9314 -0.1009 0.3498
vn 0.6990 0.2479 0.6708
vn 0.6988 0.2477 0.6710
vn 0.2528 0.4056 0.8784
vn 0.6988 0.2476 0.6711
vn 0.6462 0.0182 0.7630
vn 0.6776 0.1338 0.7232
vn 0.6778 0.1340 0.7230
vn 0.2524 0.4049 0.8788
vn 0.2528 0.4049 0.8787
vn 0.0677 0.9971 -0.0335
vn 0.2389 0.2892 0.9270
vn 0.2392 0.2897 0.9268
vn 0.2212 0.1683 0.9606
vn -0.2627 0.4399 0.8587
vn -0.2623 0.4395 0.8591
vn -0.2624 0.4400 0.8588
vn -0.7086 0.3414 0.6176
vn -0.7079 0.3424 0.6177
vn -0.2623 0.4389 0.8594
vn -0.2624 0.4393 0.8592
vn -0.2688 0.2011 0.9419
vn -0.2675 0.3231 0.9078
vn -0.2678 0.3236 0.9075
vn -0.2678 0.3234 0.9076
vn -0.2679 0.3238 0.9074
vn -0.2681 0.3240 0.9073
vn -0.2677 0.3232 0.9077
vn -0.9660 0.1373 0.2192
vn -0.7091 0.3406 0.6174
vn -0.7086 0.3407 0.6179
vn -0.7087 0.3414 0.6174
vn -0.9603 0.0256 0.2780
vn -0.9390 -0.0869 0.3326
vn -0.3335 0.9089 -0.2503
vn -0.6934 0.1072 0.7125
vn -0.9602 0.0252 0.2783
vn -0.7068 0.2260 0.6703
vn -0.7065 0.2255 0.6708
vn -0.7065 0.2263 0.6705
vn -0.7070 0.2272 0.6697
vn -0.7069 0.2262 0.6702
vn -0.7066 0.2269 0.6703
vn 0.1809 -0.3954 0.9005
vn 0.1832 -0.3959 0.8998
vn 0.1820 -0.3957 0.9002
vn 0.1827 -0.9762 -0.1172
vn 0.1824 -0.9762 -0.1173
vn 0.1824 -0.9762 -0.1170
vn 0.1826 -0.9762 -0.1168
vn 0.1826 -0.9762 -0.1171
vn 0.1823 -0.9763 -0.1170
vn -0.0263 -0.9215 0.3875
vn -0.0265 -0.9210 0.3886
vn -0.0252 -0.9214 0.3879
vn 0.0403 -0.8923 0.4496
vn 0.0426 -0.8917 0.4507
vn 0.0409 -0.8917 0.4509
vn 0.0819 -0.9873 0.1360
vn 0.0810 -0.9874 0.1357
vn 0.0825 -0.9872 0.1367
vn -0.0263 -0.9213 0.3879
vn -0.0276 -0.9210 0.3886
vn -0.0265 -0.9209 0.3890
vn 0.0835 -0.9870 0.1373
vn 0.0822 -0.9872 0.1365
vn 0.0828 -0.9871 0.1370
vn 0.5234 -0.8301 0.1923
vn 0.5233 -0.8299 0.1936
vn 0.5255 -0.8286 0.1932
vn 0.5222 -0.8305 0.1938
vn 0.5226 -0.8309 0.1911
vn 0.5244 -0.8292 0.1935
vn 0.0437 -0.8439 0.5347
vn 0.0416 -0.8427 0.5367
vn 0.0431 -0.8431 0.5361
vn 0.2999 -0.8939 0.3333
vn 0.2997 -0.8941 0.3328
vn 0.2995 -0.8940 0.3332
vn 0.2995 -0.8939 0.3335
vn 0.2999 -0.8939 0.3332
vn 0.2993 -0.8941 0.3331
vn 0.0417 -0.8916 0.4509
vn 0.0433 -0.8917 0.4506
vn 0.0416 -0.8918 0.4504
vn 0.5242 -0.5881 0.6160
vn 0.5250 -0.5888 0.6145
vn 0.5245 -0.5885 0.6152
vn 0.5253 -0.5889 0.6142
vn 0.5256 -0.5893 0.6135
vn 0.5247 -0.5885 0.6151
vn 0.1828 -0.3959 0.8999
vn 0.1839 -0.3961 0.8996
vn 0.1850 -0.3964 0.8993
vn -0.0257 -0.8052 0.5924
vn -0.0266 -0.8042 0.5938
vn -0.0269 -0.8049 0.5928
vn 0.0817 -0.6220 0.7788
vn 0.0792 -0.6186 0.7817
vn 0.0822 -0.6194 0.7808
vn -0.0265 -0.8039 0.5942
vn -0.0268 -0.8046 0.5931
vn 0.0813 -0.6230 0.7780
vn 0.0819 -0.6205 0.7799
vn 0.0845 -0.6239 0.7769
vn 0.0426 -0.8429 0.5364
vn 0.0410 -0.8426 0.5370
vn 0.0404 -0.8418 0.5383
vn 0.2974 -0.7435 0.5990
vn 0.2978 -0.7440 0.5982
vn 0.2983 -0.7433 0.5988
vn 0.2985 -0.7427 0.5994
vn 0.2979 -0.7434 0.5989
vn 0.2988 -0.7432 0.5986
vn -0.1067 -0.7998 0.5907
vn -0.1071 -0.7996 0.5909
vn -0.1068 -0.8001 0.5903
vn -0.2156 -0.3773 0.9006
vn -0.1704 -0.6070 0.7762
vn -0.1068 -0.7998 0.5907
vn -0.1070 -0.7994 0.5912
vn -0.1072 -0.7996 0.5909
vn -0.1192 -0.8061 0.5797
vn -0.4335 -0.4346 0.7895
vn 0.0440 0.8839 -0.4657
vn -0.3017 -0.6362 0.7101
vn -0.3017 -0.6363 0.7100
vn -0.1475 -0.8095 0.5683
vn -0.1801 -0.8325 0.5240
vn -0.5335 -0.4728 0.7013
vn -0.1731 -0.8162 0.5512
vn -0.3700 -0.6677 0.6459
vn -0.6540 -0.5674 0.5003
vn -0.1937 -0.8361 0.5132
vn -0.1917 -0.8363 0.5137
vn -0.1946 -0.8356 0.5136
vn -0.1940 -0.8362 0.5130
vn -0.4437 -0.7243 0.5277
vn -0.1927 -0.8678 0.4580
vn -0.1957 -0.8679 0.4566
vn -0.1904 -0.8693 0.4561
vn -0.1798 -0.8753 0.4489
vn -0.4435 -0.8228 0.3555
vn -0.6534 -0.7207 0.2315
vn -0.1940 -0.8678 0.4574
vn -0.1979 -0.8662 0.4588
vn -0.1970 -0.8679 0.4560
vn -0.5352 -0.8434 0.0477
vn 0.0432 0.8513 -0.5228
vn -0.1709 -0.8906 0.4215
vn -0.3673 -0.8967 0.2470
vn -0.3674 -0.8967 0.2470
vn -0.1083 -0.9152 0.3883
vn -0.1078 -0.9162 0.3860
vn -0.1072 -0.9157 0.3873
vn -0.1191 -0.9095 0.3982
vn -0.2149 -0.9673 -0.1347
vn -0.1698 -0.9771 0.1279
vn -0.1082 -0.9164 0.3854
vn -0.1067 -0.9167 0.3851
vn -0.1075 -0.9159 0.3867
vn -0.1465 -0.9023 0.4055
vn -0.4364 -0.8991 -0.0333
vn -0.3017 -0.9346 0.1882
vn 0.3826 0.4435 0.8105
vn -0.2670 -0.5784 -0.7708
vn -0.2668 -0.5733 -0.7747
vn -0.2662 -0.5759 -0.7730
vn -0.2657 0.3679 0.8911
vn -0.2644 0.3680 0.8915
vn -0.2666 0.3687 0.8905
vn -0.2682 0.3689 0.8899
vn -0.2661 0.3683 0.8908
vn -0.2670 0.3690 0.8903
vn 0.0291 0.9188 -0.3936
vn -0.2690 0.1272 0.9547
vn -0.2657 0.1250 0.9559
vn -0.2676 0.1310 0.9546
vn -0.2522 -0.1213 0.9600
vn -0.2707 0.1340 0.9533
vn -0.2684 0.1288 0.9547
vn -0.2670 0.1327 0.9545
vn -0.3718 -0.6121 0.6979
vn -0.6036 0.3120 0.7337
vn -0.5271 -0.1871 0.8290
vn -0.8001 0.2270 0.5552
vn -0.0372 0.8906 -0.4533
vn -0.7579 -0.0142 0.6522
vn -0.6722 -0.2502 0.6969
vn -0.6722 -0.2502 0.6968
vn -0.9644 0.0720 0.2544
vn -0.9645 0.0721 0.2540
vn -0.8160 -0.3665 0.4469
vn -0.9198 -0.1508 0.3624
vn -0.9198 -0.1496 0.3627
vn -0.9197 -0.1516 0.3621
vn -0.9195 -0.1533 0.3619
vn -0.9197 -0.1513 0.3624
vn -0.9197 -0.1522 0.3619
vn -0.9643 -0.1819 -0.1924
vn -0.9643 -0.1829 -0.1914
vn -0.9643 -0.1834 -0.1910
vn -0.9645 -0.1832 -0.1901
vn -0.9644 -0.1825 -0.1914
vn -0.0377 0.8440 -0.5350
vn -0.9207 -0.3864 -0.0551
vn -0.9198 -0.3886 -0.0548
vn -0.9203 -0.3874 -0.0540
vn -0.8157 -0.5717 0.0885
vn -0.9195 -0.3892 -0.0551
vn -0.9191 -0.3903 -0.0543
vn -0.9201 -0.3880 -0.0542
vn -0.3719 -0.9125 0.1705
vn -0.7998 -0.3643 -0.4770
vn -0.6731 -0.7259 -0.1414
vn -0.7590 -0.5655 -0.3226
vn -0.6033 -0.4765 -0.6395
vn -0.2664 -0.5748 -0.7737
vn -0.2671 -0.5720 -0.7755
vn -0.2663 -0.5695 -0.7776
vn -0.2669 -0.7574 -0.5959
vn -0.2526 -0.8888 -0.3824
vn 0.0291 0.8068 -0.5902
vn -0.2674 -0.7571 -0.5961
vn -0.5267 -0.8088 -0.2617
vn -0.5905 -0.6595 -0.4651
vn 0.9508 -0.2773 -0.1384
vn 0.9202 -0.2608 -0.2919
vn -0.9220 -0.1381 -0.3618
vn -0.2589 -0.4714 -0.8431
vn 0.3751 -0.5435 -0.7509
vn -0.7035 -0.2876 -0.6499
vn -0.3861 -0.4927 -0.7798
vn 0.6395 -0.7403 0.2074
vn 0.8940 -0.3971 -0.2075
vn 0.3524 -0.9343 0.0540
vn 0.1326 -0.9582 -0.2537
vn 0.3624 -0.6252 -0.6912
vn -0.2388 -0.9334 -0.2677
vn -0.3891 -0.5754 -0.7194
vn -0.4761 -0.8791 0.0230
vn -0.7459 -0.6478 0.1549
vn -0.9205 -0.2761 -0.2767
vn -0.2466 -0.1820 0.9519
vn -0.2516 0.0741 0.9650
vn -0.2582 -0.0537 0.9646
vn -0.2463 -0.1823 0.9519
vn -0.3082 -0.5346 0.7869
vn -0.6795 -0.0201 0.7334
vn -0.5877 -0.2565 0.7673
vn -0.5874 -0.2571 0.7674
vn -0.5877 -0.2559 0.7675
vn -0.6338 -0.1363 0.7614
vn -0.5879 -0.2569 0.7670
vn -0.5875 -0.2580 0.7670
vn -0.5876 -0.2572 0.7672
vn -0.7841 -0.4135 0.4628
vn -0.5495 -0.7260 0.4135
vn -0.7843 -0.4133 0.4627
vn -0.8505 -0.3086 0.4260
vn -0.8979 -0.4387 -0.0349
vn -0.7844 -0.6086 0.1193
vn -0.8505 -0.5238 0.0480
vn -0.5874 -0.7911 -0.1708
vn -0.3083 -0.9495 0.0586
vn -0.2516 -0.7920 -0.5562
vn -0.2584 -0.8570 -0.4458
vn -0.2461 -0.9118 -0.3288
vn -0.6790 -0.6416 -0.3567
vn -0.5875 -0.7911 -0.1704
vn -0.6337 -0.7246 -0.2710
vn -0.7455 -0.4637 0.4787
vn -0.9205 0.0970 0.3785
vn -0.4757 -0.4681 0.7447
vn -0.2387 -0.2460 0.9394
vn -0.3891 0.3249 0.8620
vn 0.1323 -0.2703 0.9536
vn 0.3625 0.2753 0.8904
vn 0.3526 -0.5231 0.7759
vn 0.6398 -0.5557 0.5309
vn 0.8941 -0.0240 0.4472
vn -0.3824 0.4727 0.7940
vn -0.3864 0.4193 0.8215
vn 0.7063 0.3184 0.6322
vn 0.2398 0.3414 0.9088
vn 0.2451 0.3356 0.9096
vn 0.2446 0.3404 0.9079
vn 0.2445 -0.6108 -0.7531
vn 0.2446 -0.6110 -0.7529
vn 0.1226 0.8007 -0.5864
vn 0.2103 -0.7861 -0.5813
vn 0.2131 -0.7842 -0.5828
vn 0.2093 -0.7883 -0.5786
vn 0.1605 -0.9164 -0.3668
vn 0.2055 -0.7911 -0.5761
vn 0.2097 -0.7871 -0.5801
vn 0.2085 -0.7894 -0.5774
vn 0.2333 -0.9529 0.1938
vn 0.5812 -0.5540 -0.5961
vn 0.4343 -0.8720 -0.2257
vn 0.5293 -0.7363 -0.4216
vn 0.7785 -0.4687 -0.4174
vn 0.1889 0.8290 -0.5263
vn 0.6993 -0.6630 -0.2672
vn 0.5783 -0.8105 -0.0928
vn 0.9439 -0.3085 -0.1178
vn 0.9433 -0.3101 -0.1182
vn 0.9436 -0.3091 -0.1187
vn 0.9431 -0.3106 -0.1187
vn 0.9428 -0.3112 -0.1198
vn 0.9435 -0.3095 -0.1188
vn 0.8620 -0.5068 0.0129
vn 0.7245 -0.6734 0.1469
vn 0.8619 -0.5070 0.0132
vn 0.9434 -0.0544 0.3272
vn 0.9436 -0.0550 0.3266
vn 0.9433 -0.0558 0.3273
vn 0.9434 -0.0565 0.3269
vn 0.9435 -0.0552 0.3267
vn 0.1889 0.8755 -0.4447
vn 0.7242 -0.4695 0.5050
vn 0.8610 -0.2707 0.4305
vn 0.8608 -0.2721 0.4301
vn 0.8618 -0.2700 0.4294
vn 0.8622 -0.2683 0.4296
vn 0.8614 -0.2701 0.4302
vn 0.8621 -0.2696 0.4290
vn 0.2335 -0.6521 0.7213
vn 0.5798 -0.3333 0.7435
vn 0.6991 -0.1088 0.7067
vn 0.7776 0.1205 0.6171
vn 0.5830 0.2267 0.7802
vn 0.2454 0.3381 0.9086
vn 0.2454 0.3336 0.9102
vn 0.2503 0.3325 0.9093
vn 0.2093 0.0999 0.9727
vn 0.2101 0.0990 0.9727
vn 0.2101 0.0997 0.9726
vn 0.1603 -0.1525 0.9752
vn 0.1227 0.9127 -0.3897
vn 0.2091 0.1000 0.9728
vn 0.2097 0.0998 0.9727
vn 0.2091 0.1008 0.9727
vn 0.5292 -0.0141 0.8484
vn 0.1475 -0.9379 -0.3138
vn 0.1858 -0.8216 -0.5389
vn 0.1754 -0.8860 -0.4293
vn 0.1474 -0.9378 -0.3144
vn 0.1744 -0.9817 0.0766
vn 0.6134 -0.7274 -0.3077
vn 0.4887 -0.8629 -0.1292
vn 0.4884 -0.8630 -0.1288
vn 0.4884 -0.8630 -0.1293
vn 0.4886 -0.8629 -0.1296
vn 0.4889 -0.8627 -0.1292
vn 0.5506 -0.8036 -0.2261
vn 0.4157 -0.7903 0.4502
vn 0.7678 -0.6313 0.1094
vn 0.6855 -0.7066 0.1757
vn 0.8319 -0.5541 0.0310
vn 0.8320 -0.3091 0.4607
vn 0.6855 -0.5111 0.5185
vn 0.6851 -0.5115 0.5186
vn 0.6860 -0.5107 0.5183
vn 0.7678 -0.4158 0.4874
vn 0.6856 -0.5110 0.5185
vn 0.6850 -0.5116 0.5187
vn 0.6853 -0.5115 0.5184
vn 0.1744 -0.5666 0.8053
vn 0.1856 0.0446 0.9816
vn 0.1752 -0.0824 0.9811
vn 0.1474 -0.2073 0.9671
vn 0.1463 -0.2071 0.9673
vn 0.1477 -0.2086 0.9668
vn 0.1486 -0.2094 0.9665
vn 0.1474 -0.2092 0.9667
vn 0.4882 -0.3289 0.8084
vn 0.6132 -0.1061 0.7827
vn 0.5509 -0.2148 0.8065
vn 0.2528 -0.5491 -0.7966
vn 0.2520 -0.5494 -0.7967
vn 0.2534 -0.5487 -0.7967
vn 0.2525 -0.5493 -0.7966
vn 0.2528 -0.5487 -0.7969
vn 0.2993 0.5528 -0.7777
vn 0.2390 -0.6498 -0.7215
vn 0.2395 -0.6495 -0.7217
vn 0.2389 -0.6501 -0.7213
vn 0.2213 -0.7406 -0.6345
vn 0.2384 -0.6505 -0.7211
vn 0.2389 -0.6498 -0.7216
vn 0.2388 -0.6502 -0.7212
vn 0.6988 -0.4511 -0.5551
vn 0.6987 -0.4511 -0.5553
vn 0.6458 -0.6475 -0.4045
vn 0.6781 -0.5533 -0.4839
vn 0.6781 -0.5529 -0.4843
vn 0.9564 -0.2463 -0.1568
vn 0.9564 -0.2464 -0.1568
vn 0.5309 0.7363 -0.4195
vn 0.9315 -0.3519 -0.0920
vn 0.9313 -0.3524 -0.0919
vn 0.8914 -0.4524 -0.0251
vn 0.9563 0.0091 0.2921
vn 0.9313 -0.1009 0.3500
vn 0.8913 -0.2093 0.4022
vn 0.9314 -0.1002 0.3498
vn 0.6989 0.2477 0.6709
vn 0.6987 0.2478 0.6711
vn 0.2390 0.2889 0.9271
vn 0.2385 0.2884 0.9273
vn 0.2212 0.1682 0.9606
vn 0.2994 0.9509 -0.0787
vn 0.6462 0.0181 0.7630
vn 0.2390 0.2893 0.9269
vn 0.2390 0.2887 0.9271
vn 0.2394 0.2892 0.9269
vn 0.6777 0.1343 0.7230
vn 0.6779 0.1336 0.7229
vn 0.8622 0.1763 0.4749
vn -0.7028 -0.3365 0.6267
vn -0.7028 -0.3366 0.6267
vn -0.0500 -0.1930 0.9799
vn 0.6027 -0.4236 0.6762
vn 0.6027 -0.4236 0.6763
vn 0.6027 -0.7978 0.0195
vn 0.6027 -0.7978 0.0194
vn -0.0501 -0.9413 -0.3338
vn -0.7029 -0.7107 -0.0302
vn -0.0012 -0.5085 -0.8611
vn -0.2623 0.4397 0.8590
vn -0.2625 0.4395 0.8590
vn -0.1640 0.9818 -0.0964
vn -0.2682 0.3241 0.9072
vn -0.2679 0.3233 0.9076
vn -0.2690 0.2008 0.9420
vn -0.2673 0.3226 0.9080
vn -0.2678 0.3235 0.9075
vn -0.2679 0.3231 0.9077
vn -0.7088 0.3403 0.6179
vn -0.7083 0.3417 0.6178
vn -0.7083 0.3419 0.6177
vn -0.7081 0.3427 0.6174
vn -0.7084 0.3413 0.6178
vn -0.6943 0.1073 0.7117
vn -0.7069 0.2269 0.6699
vn -0.7067 0.2263 0.6703
vn -0.7066 0.2268 0.6703
vn -0.7069 0.2258 0.6703
vn -0.7067 0.2256 0.6706
vn -0.7067 0.2262 0.6704
vn -0.9661 0.1366 0.2190
vn -0.9660 0.1372 0.2190
vn -0.9659 0.1374 0.2193
vn -0.9659 0.1379 0.2193
vn -0.9660 0.1370 0.2194
vn -0.9602 0.0257 0.2780
vn -0.3958 0.7979 -0.4545
vn -0.9603 0.0255 0.2778
vn -0.9390 -0.0871 0.3328
vn -0.9659 -0.1183 -0.2302
vn -0.9660 -0.1188 -0.2297
vn -0.9660 -0.1184 -0.2297
vn -0.7082 -0.3576 -0.6088
vn -0.7083 -0.3571 -0.6089
vn -0.7080 -0.3574 -0.6090
vn -0.9661 -0.1188 -0.2291
vn -0.9389 -0.3309 -0.0946
vn -0.9603 -0.2261 -0.1636
vn -0.9602 -0.2263 -0.1636
vn -0.2624 -0.5145 -0.8163
vn -0.2624 -0.5146 -0.8163
vn -0.7087 -0.3571 -0.6085
vn -0.7085 -0.3573 -0.6086
vn -0.2679 -0.6163 -0.7406
vn -0.2689 -0.7080 -0.6530
vn -0.1640 0.5834 -0.7955
vn -0.6940 -0.5573 -0.4558
vn -0.2678 -0.6159 -0.7409
vn -0.7065 -0.4615 -0.5365
vn -0.7065 -0.4617 -0.5363
vn -0.7069 -0.4612 -0.5364
vn -0.7066 -0.4615 -0.5365
vn -0.7069 -0.4612 -0.5363
vn -0.9212 -0.1280 -0.3674
vn 0.1788 -0.3986 0.8995
vn 0.1823 -0.3971 0.8995
vn 0.1810 -0.3993 0.8988
vn 0.1816 -0.9764 -0.1172
vn 0.1808 -0.9766 -0.1164
vn 0.1827 -0.9762 -0.1170
vn 0.1843 -0.9758 -0.1173
vn 0.1821 -0.9763 -0.1171
vn 0.1832 -0.9761 -0.1169
vn -0.0274 -0.9210 0.3885
vn -0.0267 -0.9214 0.3877
vn -0.0264 -0.9209 0.3889
vn 0.0428 -0.8922 0.4496
vn 0.0417 -0.8913 0.4515
vn 0.0436 -0.8914 0.4510
vn 0.0827 -0.9871 0.1373
vn 0.0822 -0.9871 0.1371
vn 0.0827 -0.9871 0.1370
vn -0.0271 -0.9212 0.3881
vn -0.0275 -0.9216 0.3873
vn -0.0264 -0.9216 0.3873
vn 0.0830 -0.9871 0.1366
vn 0.0827 -0.9872 0.1367
vn 0.0826 -0.9872 0.1363
vn 0.5247 -0.8284 0.1959
vn 0.5261 -0.8282 0.1931
vn 0.5235 -0.8298 0.1933
vn 0.5273 -0.8275 0.1930
vn 0.5261 -0.8288 0.1905
vn 0.5245 -0.8291 0.1933
vn 0.2977 -0.8945 0.3335
vn 0.2981 -0.8945 0.3333
vn 0.0427 -0.8914 0.4512
vn 0.0410 -0.8913 0.4516
vn 0.0417 -0.8905 0.4530
vn 0.5237 -0.5882 0.6162
vn 0.5249 -0.5889 0.6146
vn 0.5241 -0.5888 0.6153
vn 0.5257 -0.5894 0.6134
vn 0.5245 -0.5888 0.6150
vn 0.1816 -0.3983 0.8991
vn 0.1827 -0.3961 0.8998
vn 0.1851 -0.3968 0.8990
vn 0.0429 -0.8426 0.5369
vn 0.0432 -0.8424 0.5372
vn 0.0427 -0.8423 0.5373
vn -0.0256 -0.8037 0.5945
vn -0.0263 -0.8036 0.5946
vn -0.0260 -0.8042 0.5938
vn 0.0826 -0.6223 0.7784
vn 0.0795 -0.6193 0.7811
vn 0.0823 -0.6201 0.7802
vn -0.0265 -0.8032 0.5951
vn -0.0254 -0.8034 0.5949
vn -0.0262 -0.8039 0.5942
vn 0.0827 -0.6234 0.7776
vn 0.0824 -0.6211 0.7794
vn 0.0855 -0.6242 0.7766
vn 0.0432 -0.8424 0.5371
vn 0.0436 -0.8425 0.5370
vn 0.0434 -0.8422 0.5374
vn 0.2995 -0.7430 0.5985
vn 0.3003 -0.7440 0.5969
vn 0.2980 -0.7436 0.5986
vn 0.2959 -0.7430 0.6003
vn 0.2989 -0.7433 0.5985
vn 0.2967 -0.7440 0.5987
vn -0.1079 -0.7991 0.5914
vn -0.1078 -0.7974 0.5938
vn -0.1106 -0.7993 0.5907
vn -0.2132 -0.3828 0.8989
vn -0.1710 -0.6095 0.7741
vn -0.1078 -0.7983 0.5925
vn -0.1050 -0.7964 0.5956
vn -0.1077 -0.7966 0.5948
vn -0.1191 -0.8063 0.5793
vn -0.4367 -0.4286 0.7909
vn 0.0433 0.8838 -0.4658
vn -0.2986 -0.6402 0.7078
vn -0.1484 -0.8078 0.5704
vn -0.1799 -0.8324 0.5241
vn -0.5347 -0.4723 0.7007
vn -0.1718 -0.8159 0.5521
vn -0.3682 -0.6690 0.6456
vn -0.6531 -0.5675 0.5014
vn -0.1960 -0.8354 0.5136
vn -0.1946 -0.8359 0.5132
vn -0.1969 -0.8346 0.5144
vn -0.1953 -0.8357 0.5133
vn -0.1933 -0.8370 0.5119
vn -0.4421 -0.7251 0.5280
vn -0.1941 -0.8678 0.4575
vn -0.1942 -0.8679 0.4571
vn -0.1939 -0.8676 0.4579
vn -0.4418 -0.8241 0.3546
vn -0.6546 -0.7194 0.2322
vn -0.1941 -0.8678 0.4574
vn -0.1944 -0.8680 0.4568
vn -0.1940 -0.8680 0.4570
vn -0.5336 -0.8444 0.0477
vn 0.0447 0.8514 -0.5226
vn -0.1706 -0.8908 0.4212
vn -0.3691 -0.8961 0.2466
vn -0.1085 -0.9172 0.3834
vn -0.1082 -0.9168 0.3843
vn -0.1190 -0.9096 0.3981
vn -0.2135 -0.9677 -0.1341
vn -0.1695 -0.9772 0.1280
vn -0.1073 -0.9165 0.3854
vn -0.1072 -0.9161 0.3864
vn -0.1079 -0.9168 0.3846
vn -0.1514 -0.9021 0.4041
vn -0.4377 -0.8985 -0.0333
vn 0.3825 0.4436 0.8105
vn -0.2634 -0.5727 -0.7763
vn -0.2662 -0.5754 -0.7733
vn -0.2667 -0.5726 -0.7752
vn -0.2663 0.3713 0.8895
vn -0.2676 0.3731 0.8884
vn -0.2664 0.3689 0.8905
vn -0.2650 0.3661 0.8921
vn -0.2663 0.3702 0.8900
vn -0.2663 0.3679 0.8909
vn 0.0291 0.9192 -0.3927
vn -0.2682 0.1272 0.9549
vn -0.2662 0.1263 0.9556
vn -0.2677 0.1295 0.9548
vn -0.2695 0.1307 0.9541
vn -0.2680 0.1282 0.9548
vn -0.2675 0.1303 0.9547
vn -0.3721 -0.6120 0.6979
vn -0.5272 -0.1870 0.8289
vn -0.5892 0.0611 0.8057
vn -0.7997 0.2245 0.5569
vn -0.0374 0.8905 -0.4535
vn -0.7583 -0.0102 0.6518
vn -0.9645 -0.1828 -0.1908
vn -0.9644 -0.1820 -0.1917
vn -0.9644 -0.1840 -0.1898
vn -0.9645 0.0717 0.2540
vn -0.9645 0.0720 0.2541
vn -0.9646 0.0713 0.2540
vn -0.9645 0.0712 0.2543
vn -0.9645 0.0722 0.2541
vn -0.8156 -0.3671 0.4472
vn -0.9202 -0.1511 0.3610
vn -0.9204 -0.1518 0.3602
vn -0.9199 -0.1512 0.3619
vn -0.9196 -0.1505 0.3630
vn -0.9201 -0.1512 0.3614
vn -0.9197 -0.1513 0.3623
vn -0.9645 -0.1803 -0.1928
vn -0.9644 -0.1816 -0.1921
vn -0.9645 -0.1824 -0.1908
vn -0.0371 0.8441 -0.5350
vn -0.8151 -0.5723 0.0893
vn -0.9200 -0.3882 -0.0537
vn -0.9198 -0.3886 -0.0546
vn -0.9198 -0.3887 -0.0539
vn -0.9197 -0.3887 -0.0549
vn -0.9195 -0.3891 -0.0554
vn -0.9198 -0.3887 -0.0543
vn -0.3719 -0.9125 0.1703
vn -0.7581 -0.5660 -0.3238
vn -0.2665 -0.5739 -0.7744
vn -0.2662 -0.5764 -0.7726
vn -0.2692 -0.5768 -0.7712
vn -0.6028 -0.4770 -0.6396
vn -0.2674 -0.7560 -0.5975
vn -0.2526 -0.8888 -0.3825
vn 0.0292 0.8067 -0.5902
vn -0.2675 -0.7558 -0.5977
vn -0.5282 -0.8076 -0.2624
vn -0.5899 -0.6604 -0.4647
vn -0.2590 -0.4714 -0.8431
vn 0.2571 -0.5058 -0.8235
vn 0.3751 -0.5435 -0.7510
vn -0.9659 -0.1496 -0.2112
vn -0.7036 -0.2875 -0.6498
vn 0.6397 -0.7401 0.2074
vn 0.8940 -0.3970 -0.2077
vn 0.3524 -0.9343 0.0541
vn 0.1325 -0.9582 -0.2535
vn 0.3628 -0.6253 -0.6909
vn -0.3890 -0.5753 -0.7195
vn -0.4761 -0.8791 0.0227
vn -0.7457 -0.6480 0.1548
vn -0.2463 -0.1828 0.9518
vn -0.2463 -0.1817 0.9520
vn -0.2470 -0.1830 0.9516
vn -0.2518 0.0743 0.9649
vn -0.2582 -0.0528 0.9646
vn -0.2463 -0.1822 0.9519
vn -0.2458 -0.1816 0.9521
vn -0.2462 -0.1819 0.9520
vn -0.3081 -0.5348 0.7868
vn -0.6790 -0.0203 0.7339
vn -0.7844 -0.4132 0.4627
vn -0.5876 -0.2569 0.7673
vn -0.6337 -0.1365 0.7614
vn -0.5877 -0.2568 0.7672
vn -0.8507 -0.3082 0.4259
vn -0.8979 -0.1937 0.3952
vn -0.8982 -0.4383 -0.0351
vn -0.7842 -0.6088 0.1195
vn -0.7843 -0.6088 0.1192
vn -0.2462 -0.9118 -0.3286
vn -0.2463 -0.9117 -0.3289
vn -0.5874 -0.7912 -0.1703
vn -0.3083 -0.9495 0.0584
vn -0.2519 -0.7920 -0.5561
vn -0.2581 -0.8570 -0.4459
vn -0.2465 -0.9116 -0.3288
vn -0.6791 -0.6413 -0.3571
vn -0.5874 -0.7913 -0.1700
vn -0.7458 -0.4637 0.4783
vn -0.9205 0.0970 0.3786
vn -0.4760 -0.4678 0.7447
vn -0.2388 -0.2456 0.9395
vn -0.3889 0.3256 0.8618
vn 0.1326 -0.2704 0.9536
vn 0.3625 0.2752 0.8904
vn 0.6396 -0.5559 0.5309
vn 0.8940 -0.0239 0.4475
vn 0.9202 0.1181 0.3732
vn 0.3806 0.4218 0.8229
vn -0.7036 0.4124 0.5788
vn 0.2572 0.4504 0.8550
vn -0.3861 0.4195 0.8215
vn 0.9507 -0.0224 0.3092
vn 0.2408 0.3430 0.9080
vn 0.2447 0.3385 0.9086
vn 0.2445 0.3422 0.9073
vn 0.2446 -0.6108 -0.7530
vn 0.2435 -0.6109 -0.7533
vn 0.2449 -0.6101 -0.7535
vn 0.2462 -0.6097 -0.7534
vn 0.2447 -0.6106 -0.7532
vn 0.2452 -0.6098 -0.7537
vn 0.1225 0.8005 -0.5867
vn 0.2092 -0.7887 -0.5781
vn 0.2072 -0.7888 -0.5786
vn 0.2101 -0.7874 -0.5795
vn 0.1600 -0.9169 -0.3658
vn 0.2125 -0.7868 -0.5795
vn 0.2096 -0.7881 -0.5788
vn 0.2105 -0.7869 -0.5801
vn 0.2337 -0.9529 0.1932
vn 0.5834 -0.5511 -0.5966
vn 0.4344 -0.8720 -0.2256
vn 0.5305 -0.7356 -0.4212
vn 0.7781 -0.4695 -0.4172
vn 0.7781 -0.4695 -0.4173
vn 0.1887 0.8290 -0.5265
vn 0.6984 -0.6636 -0.2681
vn 0.5796 -0.8095 -0.0933
vn 0.9426 -0.3113 -0.1209
vn 0.9436 -0.3091 -0.1185
vn 0.9431 -0.3107 -0.1187
vn 0.9438 -0.3088 -0.1180
vn 0.9443 -0.3077 -0.1165
vn 0.9433 -0.3100 -0.1188
vn 0.7238 -0.6743 0.1467
vn 0.8612 -0.5081 0.0129
vn 0.8610 -0.5084 0.0124
vn 0.8615 -0.5076 0.0128
vn 0.8619 -0.5069 0.0133
vn 0.8614 -0.5078 0.0129
vn 0.8617 -0.5072 0.0128
vn 0.9440 -0.0559 0.3252
vn 0.9435 -0.0551 0.3269
vn 0.9436 -0.0561 0.3263
vn 0.9433 -0.0550 0.3273
vn 0.9429 -0.0551 0.3284
vn 0.9435 -0.0559 0.3266
vn 0.1887 0.8755 -0.4448
vn 0.8619 -0.2725 0.4277
vn 0.8623 -0.2698 0.4286
vn 0.8618 -0.2713 0.4286
vn 0.7231 -0.4699 0.5062
vn 0.8624 -0.2692 0.4286
vn 0.8625 -0.2679 0.4294
vn 0.8620 -0.2706 0.4286
vn 0.2338 -0.6520 0.7212
vn 0.7777 0.1205 0.6170
vn 0.6985 -0.1105 0.7070
vn 0.2096 0.0967 0.9730
vn 0.5826 0.2271 0.7804
vn 0.2447 0.3406 0.9078
vn 0.2451 0.3370 0.9091
vn 0.2487 0.3362 0.9084
vn 0.1607 -0.1526 0.9751
vn 0.1228 0.9128 -0.3894
vn 0.2096 0.0962 0.9730
vn 0.4333 -0.2515 0.8654
vn 0.5295 -0.0120 0.8482
vn 0.1475 -0.9378 -0.3141
vn 0.1857 -0.8218 -0.5386
vn 0.1755 -0.8858 -0.4296
vn 0.1475 -0.9379 -0.3141
vn 0.6130 -0.7276 -0.3078
vn 0.4885 -0.8629 -0.1292
vn 0.4884 -0.8630 -0.1295
vn 0.5514 -0.8030 -0.2261
vn 0.6856 -0.7066 0.1753
vn 0.4158 -0.7902 0.4502
vn 0.6856 -0.7065 0.1753
vn 0.7678 -0.6312 0.1093
vn 0.8320 -0.5540 0.0304
vn 0.8321 -0.3090 0.4606
vn 0.6853 -0.5113 0.5186
vn 0.7676 -0.4161 0.4875
vn 0.1745 -0.5665 0.8054
vn 0.1859 0.0453 0.9815
vn 0.1753 -0.0824 0.9811
vn 0.1475 -0.2083 0.9669
vn 0.1474 -0.2080 0.9670
vn 0.1475 -0.2082 0.9669
vn 0.4885 -0.3295 0.8079
vn 0.4888 -0.3286 0.8081
vn 0.4879 -0.3296 0.8083
vn 0.6129 -0.1063 0.7830
vn 0.4886 -0.3290 0.8081
vn 0.4895 -0.3284 0.8078
vn 0.4888 -0.3283 0.8083
vn 0.5510 -0.2152 0.8063
vn 0.2525 -0.5499 -0.7961
vn 0.2511 -0.5501 -0.7964
vn 0.2526 -0.5486 -0.7970
vn 0.2544 -0.5478 -0.7970
vn 0.2528 -0.5495 -0.7963
vn 0.2530 -0.5480 -0.7973
vn 0.2216 -0.7403 -0.6347
vn 0.2390 -0.6499 -0.7215
vn 0.6988 -0.4510 -0.5552
vn 0.6986 -0.4514 -0.5552
vn 0.6989 -0.4507 -0.5553
vn 0.6992 -0.4504 -0.5551
vn 0.6987 -0.4510 -0.5554
vn 0.6462 -0.6471 -0.4046
vn 0.6778 -0.5535 -0.4840
vn 0.6779 -0.5533 -0.4841
vn 0.9563 -0.2469 -0.1568
vn 0.9564 -0.2464 -0.1567
vn 0.9563 -0.2468 -0.1568
vn 0.9565 -0.2460 -0.1567
vn 0.9563 -0.2466 -0.1570
vn 0.5307 0.7365 -0.4195
vn 0.9314 -0.3521 -0.0919
vn 0.9314 -0.3522 -0.0917
vn 0.8915 -0.4522 -0.0249
vn 0.9563 0.0091 0.2923
vn 0.9564 0.0091 0.2919
vn 0.8912 -0.2093 0.4024
vn 0.9314 -0.1005 0.3498
vn 0.6995 0.2463 0.6708
vn 0.6989 0.2470 0.6712
vn 0.2526 0.4056 0.8784
vn 0.2527 0.4046 0.8789
vn 0.2536 0.4058 0.8781
vn 0.2527 0.4050 0.8787
vn 0.2518 0.4039 0.8795
vn 0.2528 0.4042 0.8790
vn 0.6985 0.2487 0.6710
vn 0.6979 0.2494 0.6714
vn 0.6987 0.2474 0.6713
vn 0.2391 0.2891 0.9270
vn 0.2380 0.2884 0.9274
vn 0.2213 0.1681 0.9606
vn 0.2993 0.9509 -0.0787
vn 0.2390 0.2902 0.9266
vn 0.2389 0.2890 0.9270
vn 0.2401 0.2903 0.9263
vn 0.6460 0.0178 0.7631
vn 0.6780 0.1341 0.7227
vn 0.6783 0.1339 0.7225
vn -0.0499 -0.1931 0.9799
vn -0.0501 -0.1930 0.9799
vn 0.6026 -0.4236 0.6763
vn 0.6027 -0.7977 0.0195
vn 0.6026 -0.7978 0.0195
vn -0.0500 -0.9413 -0.3339
vn -0.0501 -0.9413 -0.3337
vn -0.7028 -0.7107 -0.0301
vn -0.2624 0.4394 0.8591
vn -0.2625 0.4394 0.8591
vn -0.1639 0.9818 -0.0963
vn -0.2677 0.3226 0.9079
vn -0.2674 0.3223 0.9081
vn -0.2690 0.2002 0.9421
vn -0.2685 0.3234 0.9074
vn -0.2679 0.3224 0.9079
vn -0.2678 0.3232 0.9076
vn -0.7087 0.3405 0.6179
vn -0.7083 0.3418 0.6177
vn -0.7086 0.3411 0.6177
vn -0.7082 0.3420 0.6176
vn -0.7085 0.3415 0.6176
vn -0.6937 0.1076 0.7122
vn -0.7073 0.2262 0.6698
vn -0.7068 0.2258 0.6704
vn -0.7066 0.2263 0.6705
vn -0.7068 0.2256 0.6705
vn -0.7064 0.2256 0.6708
vn -0.9660 -0.1182 -0.2299
vn -0.9660 0.1370 0.2192
vn -0.9602 0.0255 0.2782
vn -0.9602 0.0251 0.2782
vn -0.9390 -0.0872 0.3328
vn -0.9660 -0.1185 -0.2298
vn -0.9602 -0.2265 -0.1634
vn -0.9603 -0.2260 -0.1635
vn -0.9389 -0.3309 -0.0948
vn -0.9603 -0.2257 -0.1639
vn -0.9602 -0.2260 -0.1638
vn -0.7086 -0.3573 -0.6085
vn -0.2623 -0.5147 -0.8162
vn -0.2624 -0.5142 -0.8165
vn -0.2618 -0.5153 -0.8160
vn -0.2627 -0.5143 -0.8164
vn -0.2630 -0.5132 -0.8169
vn -0.2625 -0.5138 -0.8168
vn -0.7083 -0.3573 -0.6088
vn -0.2678 -0.6164 -0.7405
vn -0.1639 0.5832 -0.7956
vn -0.2678 -0.6162 -0.7406
vn -0.6936 -0.5579 -0.4556
vn -0.7068 -0.4610 -0.5367
vn -0.1340 -0.9811 -0.1399
vn -0.2158 -0.9704 0.1080
vn -0.3178 -0.9406 0.1196
vn -0.4126 -0.8970 0.1585
vn -0.2679 -0.6807 0.6818
vn -0.2006 -0.6529 0.7304
vn -0.1180 -0.6303 0.7673
vn -0.1228 -0.7906 0.5998
vn -0.1276 -0.6056 0.7855
vn -0.1340 -0.3806 0.9150
vn -0.1047 -0.9548 0.2781
vn -0.1023 -0.9214 0.3749
vn -0.1167 -0.9857 0.1219
vn -0.5436 -0.8374 -0.0565
vn -0.1340 -0.9811 -0.1395
vn -0.1563 -0.9387 0.3073
vn -0.2506 -0.9600 -0.1248
vn -0.5118 -0.8590 -0.0114
vn -0.1967 -0.9194 0.3406
vn -0.3865 -0.9193 -0.0742
vn -0.5668 -0.8216 0.0600
vn -0.2266 -0.8979 0.3775
vn -0.5020 -0.8649 0.0039
vn -0.1694 -0.9005 0.4005
vn -0.8773 -0.3620 -0.3151
vn -0.5738 -0.8141 0.0887
vn -0.3938 -0.8799 0.2657
vn -0.2468 -0.8750 0.4165
vn -0.2023 -0.8710 0.4477
vn -0.6104 -0.7791 0.1431
vn -0.4161 -0.8585 0.2998
vn -0.1934 -0.8827 0.4283
vn -0.9698 -0.1660 -0.1784
vn -0.4338 -0.8344 0.3398
vn -0.6388 -0.7411 0.2068
vn -0.2569 -0.8514 0.4574
vn -0.2083 -0.8533 0.4781
vn -0.6574 -0.7043 0.2680
vn -0.4464 -0.8111 0.3780
vn -0.2065 -0.8644 0.4585
vn -0.9998 -0.0179 0.0105
vn -0.6670 -0.6647 0.3365
vn -0.4513 -0.7866 0.4215
vn -0.2563 -0.8278 0.4991
vn -0.6672 -0.6282 0.4003
vn -0.2057 -0.8355 0.5096
vn -0.4519 -0.7633 0.4616
vn -0.2080 -0.8465 0.4901
vn -0.9698 0.0691 0.2338
vn -0.6576 -0.5894 0.4692
vn -0.4459 -0.7389 0.5052
vn -0.1925 -0.8186 0.5411
vn -0.4341 -0.7178 0.5443
vn -0.2468 -0.8045 0.5402
vn -0.6386 -0.5558 0.5323
vn -0.2022 -0.8290 0.5215
vn -0.6100 -0.5205 0.5975
vn -0.8776 0.0877 0.4713
vn -0.4162 -0.6955 0.5857
vn -0.2265 -0.7824 0.5801
vn -0.1708 -0.8035 0.5702
vn -0.3931 -0.6777 0.6215
vn -0.5744 -0.4919 0.6543
vn -0.1863 -0.8148 0.5490
vn -0.0762 -0.7618 0.6433
vn -0.5280 -0.4618 0.7127
vn -0.3016 -0.6314 0.7144
vn -0.7224 0.0308 0.6908
vn -0.3643 -0.6594 0.6576
vn -0.1848 -0.8072 0.5606
vn 0.0221 -0.7491 0.6621
vn -0.1996 -0.6085 0.7681
vn -0.3058 -0.6325 0.7117
vn -0.5197 -0.0851 0.8501
vn -0.1562 -0.7969 0.5836
vn 0.2364 -0.7206 0.6518
vn -0.3113 -0.2324 0.9215
vn -0.0426 -0.5969 0.8012
vn -0.2212 -0.6130 0.7585
vn -0.1116 0.4993 0.8592
vn -0.3325 0.4476 0.8301
vn -0.1161 0.5432 0.8316
vn -0.5351 0.3777 0.7557
vn -0.3448 0.5660 0.7489
vn -0.7091 0.2922 0.6418
vn -0.5517 0.5536 0.6238
vn -0.8466 0.1943 0.4955
vn -0.7252 0.5087 0.4641
vn -0.9415 0.0880 0.3252
vn -0.8557 0.4363 0.2783
vn -0.9899 -0.0222 0.1398
vn -0.9369 0.3412 0.0762
vn -0.9899 -0.1315 -0.0522
vn -0.9643 0.2300 -0.1310
vn -0.9415 -0.2349 -0.2416
vn -0.9369 0.1084 -0.3325
vn -0.8465 -0.3271 -0.4199
vn -0.8557 -0.0172 -0.5171
vn -0.7092 -0.4030 -0.5785
vn -0.7252 -0.1398 -0.6742
vn -0.5352 -0.4573 -0.7102
vn -0.5517 -0.2544 -0.7943
vn -0.3325 -0.4858 -0.8084
vn -0.3448 -0.3552 -0.8689
vn -0.1117 -0.4844 -0.8677
vn -0.1161 -0.4386 -0.8911
vn 0.2863 0.1382 0.9481
vn 0.4882 0.1273 0.8634
vn 0.6665 0.0876 0.7404
vn 0.4475 -0.8258 -0.3433
vn 0.2738 -0.8418 -0.4651
vn 0.0749 -0.8269 -0.5573
vn 0.0755 -0.9212 -0.3816
vn 0.0853 -0.7913 -0.6054
vn 0.1007 -0.6066 -0.7886
vn 0.1007 0.3685 0.9241
vn 0.1008 0.3677 0.9245
vn 0.1016 0.3676 0.9244
vn 0.0537 -0.1404 0.9886
vn 0.0742 0.1174 0.9903
vn 0.0999 0.3690 0.9241
vn 0.1007 0.3678 0.9244
vn 0.1007 0.3688 0.9240
vn 0.0557 -0.0932 0.9941
vn 0.5875 0.2486 0.7701
vn 0.2310 -0.1892 0.9544
vn 0.2903 0.3363 0.8959
vn 0.6135 0.2305 0.7553
vn 0.3789 -0.2863 0.8801
vn 0.4975 0.2756 0.8225
vn 0.7292 0.1656 0.6640
vn 0.4959 -0.3841 0.7788
vn 0.6768 0.1945 0.7100
vn 0.5664 -0.3187 0.7600
vn 0.8080 0.5260 0.2653
vn 0.7835 0.1268 0.6084
vn 0.7108 -0.1077 0.6951
vn 0.5808 -0.4799 0.6576
vn 0.6465 -0.3822 0.6603
vn 0.8449 0.0760 0.5295
vn 0.7676 -0.1531 0.6224
vn 0.6691 -0.4056 0.6228
vn 0.8817 0.4653 0.0777
vn 0.8171 -0.2074 0.5380
vn 0.8985 0.0200 0.4386
vn 0.7171 -0.4720 0.5129
vn 0.6321 -0.5731 0.5216
vn 0.9363 -0.0341 0.3495
vn 0.8530 -0.2573 0.4541
vn 0.7289 -0.4988 0.4689
vn 0.9173 0.3844 -0.1041
vn 0.9639 -0.0938 0.2494
vn 0.8785 -0.3129 0.3610
vn 0.6492 -0.6609 0.3765
vn 0.7450 -0.5659 0.3532
vn 0.9769 -0.1487 0.1537
vn 0.8906 -0.3646 0.2720
vn 0.7454 -0.5921 0.3061
vn 0.8903 -0.4202 0.1752
vn 0.9174 0.2855 -0.2774
vn 0.9769 -0.2079 0.0497
vn 0.7293 -0.6573 0.1897
vn 0.8784 -0.4702 0.0852
vn 0.9638 -0.2626 -0.0467
vn 0.6318 -0.7411 0.2270
vn 0.7169 -0.6822 0.1441
vn 0.9364 -0.3180 -0.1487
vn 0.8530 -0.5219 -0.0103
vn 0.8817 0.1708 -0.4399
vn 0.6687 -0.7429 0.0314
vn 0.8177 -0.5676 -0.0960
vn 0.8984 -0.3670 -0.2413
vn 0.5806 -0.8105 0.0777
vn 0.6470 -0.7625 -0.0084
vn 0.8448 -0.4161 -0.3364
vn 0.7675 -0.6138 -0.1850
vn 0.8085 0.0395 -0.5872
vn 0.4959 -0.8658 -0.0670
vn 0.5669 -0.8160 -0.1134
vn 0.7104 -0.6532 -0.2618
vn 0.7840 -0.4581 -0.4189
vn 0.5389 -0.8299 -0.1445
vn 0.3498 -0.8904 -0.2911
vn 0.7071 -0.4981 -0.5019
vn 0.6939 -0.1091 -0.7118
vn 0.5261 -0.7324 -0.4322
vn 0.6388 -0.6904 -0.3395
vn 0.4197 -0.8742 -0.2440
vn 0.1158 -0.9148 -0.3869
vn 0.5348 -0.2727 -0.7998
vn 0.3187 -0.7773 -0.5425
vn 0.4864 -0.7436 -0.4587
vn 0.2561 -0.9083 -0.3307
vn -0.2569 -0.8655 -0.4300
vn 0.3329 -0.4433 -0.8322
vn 0.0394 -0.7901 -0.6117
vn 0.2940 -0.7804 -0.5519
vn -0.1419 -0.1273 0.9817
vn -0.1427 -0.1294 0.9813
vn -0.1420 -0.1285 0.9815
vn -0.1290 0.3817 0.9152
vn -0.1281 0.3818 0.9153
vn -0.1293 0.3825 0.9148
vn -0.1420 -0.9094 -0.3909
vn -0.1419 -0.9096 -0.3904
vn -0.1292 -0.5908 -0.7964
vn -0.1402 -0.7769 -0.6139
vn -0.1290 -0.5909 -0.7964
vn -0.1403 -0.7768 -0.6139
vn -0.3280 -0.8742 -0.3581
vn -0.3266 -0.8751 -0.3571
vn -0.3274 -0.8747 -0.3574
vn -0.3289 -0.8736 -0.3586
vn -0.3281 -0.8740 -0.3584
vn -0.3276 -0.8745 -0.3577
vn -0.3605 -0.5481 -0.7547
vn -0.3607 -0.5473 -0.7552
vn -0.3606 -0.5465 -0.7558
vn -0.3566 -0.7353 -0.5763
vn -0.3562 -0.7355 -0.5764
vn -0.3560 -0.7357 -0.5762
vn -0.3560 -0.7352 -0.5768
vn -0.3556 -0.7357 -0.5765
vn -0.3559 -0.7356 -0.5765
vn -0.3606 -0.5491 -0.7540
vn -0.3605 -0.5475 -0.7552
vn -0.3604 -0.5484 -0.7546
vn -0.4969 -0.8191 -0.2866
vn -0.4961 -0.8195 -0.2869
vn -0.4965 -0.8194 -0.2866
vn -0.4973 -0.8189 -0.2864
vn -0.4969 -0.8191 -0.2865
vn -0.4964 -0.8194 -0.2866
vn -0.5718 -0.4792 -0.6659
vn -0.5713 -0.4797 -0.6660
vn -0.5714 -0.4800 -0.6657
vn -0.7502 -0.3880 -0.5355
vn -0.7493 -0.3892 -0.5358
vn -0.7497 -0.3889 -0.5354
vn -0.5529 -0.6712 -0.4937
vn -0.5716 -0.4787 -0.6664
vn -0.5715 -0.4793 -0.6661
vn -0.5530 -0.6713 -0.4936
vn -0.6400 -0.7466 -0.1818
vn -0.6395 -0.7469 -0.1820
vn -0.6397 -0.7468 -0.1818
vn -0.6404 -0.7463 -0.1815
vn -0.6402 -0.7464 -0.1818
vn -0.6399 -0.7467 -0.1817
vn -0.7192 -0.5871 -0.3717
vn -0.7194 -0.5869 -0.3715
vn -0.7503 -0.3877 -0.5354
vn -0.7500 -0.3885 -0.5353
vn -0.7509 -0.3874 -0.5349
vn -0.7484 -0.6614 -0.0487
vn -0.7481 -0.6618 -0.0488
vn -0.8457 -0.4874 -0.2173
vn -0.8455 -0.4880 -0.2167
vn -0.8457 -0.4876 -0.2169
vn -0.7488 -0.6610 -0.0488
vn -0.8856 -0.2815 -0.3695
vn -0.8854 -0.2819 -0.3697
vn -0.8857 -0.2811 -0.3696
vn -0.8855 -0.2816 -0.3695
vn -0.8453 -0.4884 -0.2166
vn -0.8453 -0.4886 -0.2162
vn -0.8456 -0.4881 -0.2163
vn -0.8163 -0.5681 0.1048
vn -0.8394 -0.4722 0.2693
vn -0.8394 -0.4724 0.2689
vn -0.8392 -0.4728 0.2688
vn -0.8165 -0.5679 0.1043
vn -0.9699 -0.1657 -0.1787
vn -0.9698 -0.1659 -0.1787
vn -0.9246 -0.3790 -0.0386
vn -0.9243 -0.3796 -0.0390
vn -0.8394 -0.4723 0.2690
vn -0.8396 -0.4718 0.2693
vn -0.9986 -0.0464 0.0265
vn -0.9512 -0.2681 0.1527
vn -0.9512 -0.2682 0.1527
vn -0.8163 -0.3796 0.4354
vn -0.8166 -0.3788 0.4355
vn -0.8167 -0.3791 0.4351
vn -0.7484 -0.2955 0.5939
vn -0.7487 -0.2952 0.5936
vn -0.8163 -0.3799 0.4350
vn -0.8164 -0.3796 0.4353
vn -0.8165 -0.3794 0.4351
vn -0.9244 -0.1603 0.3460
vn -0.9699 0.0692 0.2336
vn -0.9244 -0.1603 0.3461
vn -0.9699 0.0690 0.2336
vn -0.7484 -0.2955 0.5938
vn -0.7481 -0.2953 0.5943
vn -0.8455 -0.0611 0.5304
vn -0.8457 -0.0616 0.5301
vn -0.8456 -0.0623 0.5302
vn -0.8855 0.1731 0.4311
vn -0.8852 0.1743 0.4314
vn -0.8854 0.1737 0.4311
vn -0.8854 0.1738 0.4312
vn -0.8852 0.1745 0.4312
vn -0.8457 -0.0621 0.5300
vn -0.8458 -0.0632 0.5298
vn -0.8456 -0.0626 0.5301
vn -0.6400 -0.2241 0.7349
vn -0.6398 -0.2234 0.7354
vn -0.6401 -0.2236 0.7351
vn -0.4969 -0.1705 0.8509
vn -0.4973 -0.1703 0.8507
vn -0.4976 -0.1703 0.8505
vn -0.6402 -0.2245 0.7346
vn -0.6400 -0.2242 0.7349
vn -0.6400 -0.2239 0.7350
vn -0.7498 0.2623 0.6074
vn -0.7500 0.2626 0.6071
vn -0.7188 0.0208 0.6949
vn -0.7193 0.0205 0.6944
vn -0.7194 0.0201 0.6943
vn -0.7192 0.0206 0.6945
vn -0.7197 0.0200 0.6940
vn -0.7194 0.0203 0.6943
vn -0.4969 -0.1704 0.8509
vn -0.4964 -0.1702 0.8512
vn -0.4971 -0.1703 0.8508
vn -0.5716 0.3292 0.7517
vn -0.5716 0.3288 0.7517
vn -0.5709 0.3292 0.7521
vn -0.5720 0.3293 0.7512
vn -0.5712 0.3291 0.7519
vn -0.5716 0.3293 0.7516
vn -0.5531 0.0817 0.8291
vn -0.5529 0.0817 0.8293
vn -0.5528 0.0817 0.8293
vn -0.5526 0.0818 0.8294
vn -0.3263 -0.1361 0.9354
vn -0.3274 -0.1370 0.9349
vn -0.3277 -0.1384 0.9346
vn -0.3276 -0.1374 0.9348
vn -0.3291 -0.1397 0.9339
vn -0.3280 -0.1388 0.9344
vn -0.1418 -0.1267 0.9818
vn -0.1420 -0.1279 0.9816
vn -0.1411 -0.1257 0.9820
vn -0.3605 0.3699 0.8563
vn -0.3608 0.3700 0.8561
vn -0.3553 0.1216 0.9268
vn -0.3560 0.1208 0.9267
vn -0.3560 0.1201 0.9267
vn -0.1402 0.1317 0.9813
vn -0.1402 0.1323 0.9812
vn -0.1408 0.1322 0.9812
vn -0.1396 0.1312 0.9815
vn -0.1401 0.1321 0.9813
vn -0.1401 0.1313 0.9814
vn -0.3605 0.3698 0.8563
vn -0.3562 0.1205 0.9266
vn -0.3569 0.1189 0.9265
vn -0.3563 0.1195 0.9267
vn -0.1292 0.3829 0.9147
vn -0.1301 0.3832 0.9145
vn -0.1291 0.3823 0.9150
vn 0.1202 -0.4991 -0.8581
vn 0.1201 -0.4995 -0.8580
vn 0.3536 -0.4865 -0.7989
vn 0.5665 -0.4452 -0.6935
vn 0.7463 -0.3779 -0.5479
vn 0.8828 -0.2887 -0.3704
vn 0.9681 -0.1830 -0.1711
vn 0.8829 0.1710 0.4374
vn 0.8829 0.1713 0.4372
vn 0.7463 0.2785 0.6046
vn 0.7464 0.2785 0.6044
vn 0.5664 0.3697 0.7366
vn 0.5665 0.3697 0.7365
vn 0.3536 0.4394 0.8258
vn 0.3535 0.4393 0.8258
vn 0.1202 0.4830 0.8673
vn 0.1201 0.4833 0.8672
vn 0.1199 0.4836 0.8670
vn 0.0130 -0.3894 0.9210
vn 0.0765 -0.6076 0.7906
vn 0.1803 -0.6157 0.7670
vn 0.2769 -0.6398 0.7169
vn 0.1231 -0.9597 0.2525
vn 0.0567 -0.9783 0.1991
vn -0.0249 -0.9876 0.1548
vn -0.0285 -0.9256 0.3774
vn -0.0136 -0.9920 0.1256
vn 0.0131 -0.9909 -0.1342
vn -0.0439 -0.7303 0.6817
vn -0.0492 -0.7956 0.6039
vn -0.0242 -0.6138 0.7891
vn 0.4309 -0.4430 0.7862
vn 0.0130 -0.3897 0.9208
vn 0.0071 -0.7534 0.6575
vn 0.1297 -0.4080 0.9037
vn 0.3934 -0.4887 0.7787
vn 0.0466 -0.7782 0.6263
vn 0.2660 -0.4485 0.8533
vn 0.4467 -0.5382 0.7147
vn 0.0766 -0.8026 0.5916
vn 0.3813 -0.5035 0.7753
vn 0.0183 -0.8163 0.5774
vn 0.8433 -0.0277 0.5367
vn 0.4528 -0.5602 0.6937
vn 0.2515 -0.7207 0.6461
vn 0.0962 -0.8273 0.5534
vn 0.0504 -0.8461 0.5306
vn 0.4895 -0.5932 0.6392
vn 0.2746 -0.7419 0.6117
vn 0.0419 -0.8342 0.5499
vn 0.9499 -0.0595 0.3067
vn 0.2923 -0.7663 0.5722
vn 0.5176 -0.6328 0.5760
vn 0.1061 -0.8519 0.5128
vn 0.0573 -0.8638 0.5006
vn 0.5364 -0.6691 0.5144
vn 0.3047 -0.7890 0.5335
vn 0.0547 -0.8527 0.5196
vn 0.9850 -0.1501 0.0855
vn 0.5461 -0.7090 0.4462
vn 0.3107 -0.8143 0.4904
vn 0.1065 -0.8756 0.4712
vn 0.5461 -0.7453 0.3824
vn 0.0542 -0.8818 0.4686
vn 0.3106 -0.8372 0.4501
vn 0.0576 -0.8709 0.4881
vn 0.9501 -0.2936 -0.1055
vn 0.5360 -0.7840 0.3133
vn 0.3046 -0.8613 0.4068
vn 0.0422 -0.8985 0.4370
vn 0.2930 -0.8826 0.3677
vn 0.0960 -0.8979 0.4296
vn 0.5174 -0.8183 0.2505
vn 0.0504 -0.8879 0.4573
vn 0.4890 -0.8526 0.1844
vn 0.8434 -0.4754 -0.2504
vn 0.2753 -0.9045 0.3257
vn 0.0194 -0.9130 0.4075
vn 0.0765 -0.9183 0.3885
vn 0.2515 -0.9233 0.2903
vn 0.4528 -0.8823 0.1285
vn 0.0344 -0.9024 0.4295
vn -0.0738 -0.9420 0.3274
vn 0.4064 -0.9111 0.0692
vn 0.1606 -0.9674 0.1960
vn 0.6653 -0.6708 -0.3277
vn 0.2235 -0.9412 0.2533
vn 0.0329 -0.9082 0.4172
vn -0.1715 -0.9386 0.2994
vn 0.0579 -0.9882 0.1416
vn 0.1640 -0.9662 0.1991
vn 0.4391 -0.8378 -0.3246
vn 0.0047 -0.9193 0.3936
vn -0.3784 -0.8870 0.2646
vn 0.2069 -0.9458 -0.2502
vn -0.0985 -0.9898 0.1034
vn 0.0806 -0.9850 0.1526
vn -0.1419 -0.4804 -0.8655
vn -0.4104 -0.3840 -0.8271
vn -0.1535 -0.5196 -0.8405
vn -0.6443 -0.2575 -0.7201
vn -0.4416 -0.4911 -0.7508
vn -0.8243 -0.1096 -0.5554
vn -0.6877 -0.4199 -0.5922
vn -0.9358 0.0495 -0.3491
vn -0.8700 -0.3165 -0.3781
vn -0.9707 0.2087 -0.1189
vn -0.9730 -0.1927 -0.1274
vn -0.9269 0.3572 0.1154
vn -0.9885 -0.0618 0.1380
vn -0.8083 0.4845 0.3346
vn -0.9163 0.0629 0.3955
vn -0.6248 0.5812 0.5213
vn -0.7636 0.1695 0.6231
vn -0.3907 0.6407 0.6609
vn -0.5442 0.2482 0.8014
vn -0.3438 0.4825 0.8056
vn -0.1238 0.6622 0.7391
vn -0.2083 0.5032 0.8387
vn -0.0701 0.4987 0.8640
vn 0.2593 -0.8550 -0.4492
vn 0.1703 -0.9213 -0.3497
vn 0.1420 -0.8662 -0.4790
vn 0.0230 -0.8622 -0.5060
vn -0.0519 -0.9215 -0.3848
vn -0.1669 -0.7384 -0.6534
vn -0.2738 -0.8900 -0.3645
vn -0.4372 -0.6805 -0.5881
vn -0.4784 -0.8278 -0.2932
vn -0.6689 -0.5905 -0.4515
vn -0.6504 -0.7390 -0.1757
vn -0.8402 -0.4777 -0.2568
vn -0.7768 -0.6294 -0.0205
vn -0.9350 -0.3541 -0.0225
vn -0.8475 -0.5059 0.1610
vn -0.8555 -0.3766 0.3555
vn -0.9453 -0.2324 0.2290
vn -0.7984 -0.2499 0.5479
vn -0.8714 -0.1259 0.4741
vn -0.6782 -0.1337 0.7226
vn -0.7222 -0.0464 0.6902
vn -0.5013 -0.0359 0.8646
vn -0.5143 -0.0024 0.8576
vn 0.1419 0.4806 0.8654
vn 0.4172 0.4608 0.7833
vn 0.1463 0.4380 0.8870
vn 0.6570 0.4015 0.6381
vn 0.4281 0.3375 0.8384
vn 0.8421 0.3109 0.4408
vn 0.6686 0.2050 0.7148
vn 0.9578 0.1991 0.2073
vn 0.8465 0.0493 0.5301
vn 0.9960 0.0778 -0.0443
vn 0.9457 -0.1165 0.3036
vn 0.9546 -0.0424 -0.2947
vn 0.9583 -0.2800 0.0567
vn 0.8378 -0.1505 -0.5249
vn 0.8841 -0.4280 -0.1874
vn 0.6552 -0.2373 -0.7172
vn 0.7301 -0.5490 -0.4068
vn 0.4211 -0.2958 -0.8574
vn 0.5102 -0.6331 -0.5821
vn 0.3431 -0.4926 -0.7998
vn 0.1542 -0.3165 -0.9360
vn 0.2093 -0.4926 -0.8447
vn 0.0701 -0.4983 -0.8642
vn -0.3359 -0.0098 0.9419
vn -0.2640 -0.1402 0.9543
vn -0.2189 -0.0053 0.9757
vn -0.0988 0.0039 0.9951
vn -0.0417 -0.1395 0.9893
vn 0.1164 0.1667 0.9791
vn 0.1802 -0.1705 0.9687
vn 0.3863 0.1040 0.9165
vn 0.3853 -0.2274 0.8944
vn 0.6170 0.0017 0.7870
vn 0.5583 -0.3062 0.7711
vn 0.7863 -0.1312 0.6037
vn 0.6860 -0.4007 0.6073
vn 0.8788 -0.2820 0.3848
vn 0.7584 -0.5034 0.4140
vn 0.7687 -0.6061 0.2044
vn 0.8863 -0.4373 0.1526
vn 0.7146 -0.6995 -0.0070
vn 0.8085 -0.5843 -0.0698
vn 0.5980 -0.7749 -0.2051
vn 0.6555 -0.7091 -0.2598
vn 0.4255 -0.8237 -0.3748
vn 0.4431 -0.8028 -0.3989
vn -0.0671 -0.9017 0.4271
vn -0.0689 -0.9006 0.4292
vn -0.0659 -0.9006 0.4297
vn -0.0712 -0.8260 0.5592
vn -0.0665 -0.8266 0.5589
vn -0.0664 -0.8239 0.5628
vn -0.0665 -0.8255 0.5605
vn -0.0617 -0.8236 0.5639
vn -0.0664 -0.8228 0.5645
vn -0.0222 -0.6213 0.7832
vn -0.0217 -0.6284 0.7776
vn -0.0129 -0.6271 0.7788
vn -0.0438 -0.7308 0.6812
vn -0.0269 -0.6244 0.7806
vn -0.0219 -0.6254 0.7800
vn -0.0224 -0.6184 0.7855
vn -0.0439 -0.7312 0.6807
vn -0.0473 -0.8294 0.5566
vn -0.0459 -0.8282 0.5586
vn -0.0453 -0.8293 0.5570
vn -0.0468 -0.8304 0.5552
vn -0.0482 -0.8295 0.5564
vn -0.0462 -0.8293 0.5568
vn 0.0717 -0.6451 0.7607
vn 0.0731 -0.6418 0.7634
vn 0.0772 -0.6429 0.7620
vn 0.1633 -0.6646 0.7292
vn 0.1632 -0.6666 0.7273
vn 0.1570 -0.6661 0.7291
vn 0.0155 -0.7403 0.6721
vn 0.0157 -0.7413 0.6710
vn 0.0142 -0.7409 0.6715
vn 0.0146 -0.7396 0.6729
vn 0.0160 -0.7400 0.6724
vn 0.0149 -0.7406 0.6718
vn 0.0671 -0.6453 0.7610
vn 0.0726 -0.6432 0.7622
vn 0.0711 -0.6464 0.7597
vn -0.0306 -0.8381 0.5447
vn -0.0307 -0.8400 0.5417
vn -0.0329 -0.8390 0.5432
vn -0.0319 -0.8367 0.5467
vn -0.0296 -0.8377 0.5453
vn -0.0320 -0.8386 0.5438
vn 0.2289 -0.7074 0.6687
vn 0.2296 -0.7066 0.6694
vn 0.2312 -0.7077 0.6676
vn 0.0601 -0.7553 0.6526
vn 0.0656 -0.7578 0.6491
vn 0.0659 -0.7623 0.6438
vn 0.1660 -0.6639 0.7291
vn 0.1596 -0.6655 0.7291
vn 0.1613 -0.6611 0.7327
vn 0.0657 -0.7597 0.6469
vn 0.0716 -0.7666 0.6381
vn 0.0660 -0.7642 0.6416
vn -0.0134 -0.8456 0.5337
vn -0.0148 -0.8463 0.5325
vn -0.0191 -0.8433 0.5372
vn -0.0153 -0.8435 0.5369
vn -0.0110 -0.8466 0.5322
vn -0.0167 -0.8442 0.5357
vn 0.0985 -0.7830 0.6142
vn 0.1104 -0.7855 0.6090
vn 0.1030 -0.7863 0.6092
vn 0.1135 -0.7851 0.6089
vn 0.1180 -0.7883 0.6039
vn 0.1061 -0.7859 0.6092
vn 0.2278 -0.7072 0.6693
vn 0.2302 -0.7076 0.6681
vn 0.2294 -0.7084 0.6675
vn -0.0051 -0.8540 0.5202
vn -0.0041 -0.8544 0.5195
vn -0.0047 -0.8543 0.5197
vn -0.0060 -0.8539 0.5205
vn -0.0053 -0.8539 0.5204
vn -0.0050 -0.8542 0.5199
vn 0.2784 -0.7530 0.5962
vn 0.2834 -0.7510 0.5963
vn 0.2854 -0.7536 0.5921
vn 0.1367 -0.8126 0.5666
vn 0.1387 -0.8152 0.5623
vn 0.1348 -0.8136 0.5656
vn 0.1371 -0.8145 0.5637
vn 0.1352 -0.8155 0.5627
vn 0.1331 -0.8129 0.5669
vn 0.2743 -0.7513 0.6003
vn 0.2813 -0.7519 0.5962
vn 0.2764 -0.7540 0.5960
vn 0.0033 -0.8739 0.4860
vn -0.0000 -0.8742 0.4856
vn 0.0005 -0.8725 0.4887
vn 0.0006 -0.8638 0.5038
vn 0.0001 -0.8645 0.5025
vn -0.0000 -0.8639 0.5037
vn 0.1550 -0.8416 0.5173
vn 0.1526 -0.8432 0.5154
vn 0.1553 -0.8431 0.5149
vn 0.0008 -0.8632 0.5049
vn 0.0010 -0.8636 0.5041
vn 0.0003 -0.8640 0.5035
vn 0.3058 -0.8017 0.5136
vn 0.3065 -0.8027 0.5116
vn 0.3068 -0.8039 0.5096
vn 0.3046 -0.8513 0.4272
vn 0.2993 -0.8496 0.4344
vn 0.2984 -0.8527 0.4287
vn 0.1514 -0.8433 0.5157
vn 0.1517 -0.8447 0.5133
vn 0.1542 -0.8431 0.5151
vn 0.3052 -0.8000 0.5165
vn 0.3062 -0.8023 0.5125
vn 0.3055 -0.8012 0.5145
vn 0.0047 -0.8739 0.4861
vn 0.0043 -0.8755 0.4832
vn 0.0014 -0.8740 0.4859
vn 0.1525 -0.8724 0.4643
vn 0.1524 -0.8727 0.4638
vn 0.1519 -0.8730 0.4634
vn 0.3072 -0.8507 0.4265
vn 0.3011 -0.8521 0.4281
vn 0.3042 -0.8541 0.4219
vn 0.1521 -0.8729 0.4636
vn 0.1516 -0.8735 0.4627
vn 0.1516 -0.8732 0.4632
vn -0.0036 -0.8830 0.4694
vn -0.0044 -0.8837 0.4680
vn -0.0000 -0.8843 0.4670
vn -0.0014 -0.8813 0.4726
vn -0.0051 -0.8825 0.4704
vn -0.0015 -0.8837 0.4680
vn 0.1363 -0.9003 0.4133
vn 0.1370 -0.9013 0.4109
vn 0.1357 -0.9011 0.4119
vn 0.1376 -0.9015 0.4104
vn 0.1369 -0.9022 0.4090
vn 0.1362 -0.9012 0.4115
vn 0.2771 -0.8971 0.3441
vn 0.2784 -0.8966 0.3445
vn 0.2779 -0.8972 0.3433
vn 0.2771 -0.8967 0.3451
vn 0.2778 -0.8968 0.3443
vn 0.2765 -0.8974 0.3439
vn -0.0149 -0.8904 0.4550
vn -0.0225 -0.8945 0.4466
vn -0.0189 -0.8924 0.4509
vn -0.0096 -0.8874 0.4609
vn -0.0132 -0.8895 0.4567
vn -0.0172 -0.8916 0.4526
vn 0.1074 -0.9256 0.3630
vn 0.1081 -0.9260 0.3618
vn 0.1093 -0.9255 0.3627
vn 0.2268 -0.9363 0.2682
vn 0.2259 -0.9365 0.2682
vn 0.2268 -0.9362 0.2686
vn 0.1595 -0.9661 0.2030
vn 0.1596 -0.9661 0.2030
vn 0.1594 -0.9658 0.2045
vn 0.1077 -0.9250 0.3643
vn 0.1066 -0.9257 0.3630
vn 0.1084 -0.9255 0.3629
vn 0.2267 -0.9365 0.2675
vn 0.2263 -0.9364 0.2682
vn 0.2272 -0.9362 0.2683
vn -0.0300 -0.8975 0.4400
vn -0.0313 -0.8971 0.4408
vn -0.0286 -0.8962 0.4427
vn -0.0279 -0.8973 0.4406
vn -0.0305 -0.8981 0.4388
vn -0.0292 -0.8967 0.4416
vn 0.0674 -0.9428 0.3265
vn 0.0666 -0.9427 0.3268
vn 0.0667 -0.9430 0.3259
vn 0.1595 -0.9663 0.2023
vn 0.1594 -0.9659 0.2038
vn 0.1602 -0.9659 0.2036
vn 0.0664 -0.9425 0.3275
vn 0.0659 -0.9428 0.3269
vn 0.0666 -0.9429 0.3265
vn -0.0480 -0.9006 0.4319
vn -0.0482 -0.9019 0.4293
vn -0.0451 -0.9014 0.4306
vn -0.0462 -0.8999 0.4337
vn -0.0493 -0.9003 0.4325
vn -0.0463 -0.9011 0.4311
vn -0.0677 -0.9021 0.4261
vn -0.0663 -0.9011 0.4286
vn -0.0646 -0.9021 0.4266
vn -0.0460 -0.9586 0.2809
vn -0.0443 -0.9585 0.2816
vn -0.0450 -0.9586 0.2810
vn -0.0221 -0.9907 0.1339
vn -0.0214 -0.9910 0.1323
vn -0.0213 -0.9908 0.1339
vn 0.0746 -0.9843 0.1597
vn 0.0748 -0.9844 0.1594
vn 0.0742 -0.9844 0.1596
vn 0.0155 -0.9546 0.2976
vn 0.0135 -0.9548 0.2968
vn 0.0155 -0.9549 0.2965
vn 0.0143 -0.9549 0.2966
vn 0.0146 -0.9552 0.2956
vn 0.0165 -0.9549 0.2963
vn 0.0745 -0.9844 0.1595
vn 0.0750 -0.9844 0.1594
vn 0.0745 -0.9844 0.1592
vn -0.0215 -0.9909 0.1328
vn -0.0195 -0.9908 0.1338
vn -0.0212 -0.9906 0.1348
vn -0.0444 -0.9586 0.2812
vn -0.0439 -0.9585 0.2818
vn -0.0430 -0.9585 0.2820
vn -0.0829 -0.9003 0.4274
vn -0.0869 -0.8997 0.4277
vn -0.0863 -0.9015 0.4241
vn -0.0867 -0.9005 0.4262
vn -0.0900 -0.9017 0.4229
vn -0.0861 -0.9022 0.4226
vn -0.1192 -0.9845 0.1283
vn -0.1190 -0.9845 0.1289
vn -0.1196 -0.9844 0.1290
vn -0.1038 -0.9543 0.2803
vn -0.1049 -0.9541 0.2804
vn -0.1047 -0.9545 0.2792
vn -0.1187 -0.9847 0.1279
vn -0.1191 -0.9845 0.1286
vn -0.1194 -0.9846 0.1280
vn -0.1047 -0.9543 0.2800
vn -0.1057 -0.9545 0.2790
vn -0.1046 -0.9546 0.2789
vn -0.1053 -0.8981 0.4271
vn -0.1083 -0.8956 0.4315
vn -0.1049 -0.8965 0.4304
vn -0.1020 -0.8996 0.4246
vn -0.1054 -0.8987 0.4257
vn -0.1051 -0.8972 0.4290
vn -0.2151 -0.9652 0.1487
vn -0.2153 -0.9653 0.1480
vn -0.2158 -0.9652 0.1480
vn -0.3022 -0.9348 0.1868
vn -0.3015 -0.9349 0.1873
vn -0.3021 -0.9346 0.1876
vn -0.2144 -0.9654 0.1484
vn -0.2152 -0.9653 0.1480
vn -0.2148 -0.9653 0.1485
vn -0.1633 -0.9429 0.2904
vn -0.1638 -0.9430 0.2898
vn -0.1627 -0.9432 0.2895
vn -0.1624 -0.9430 0.2904
vn -0.1635 -0.9427 0.2909
vn -0.1630 -0.9431 0.2899
vn -0.1244 -0.8907 0.4373
vn -0.1319 -0.8839 0.4488
vn -0.1253 -0.8869 0.4447
vn -0.1174 -0.8952 0.4299
vn -0.1240 -0.8923 0.4341
vn -0.1250 -0.8885 0.4415
vn -0.3735 -0.8949 0.2442
vn -0.3688 -0.8953 0.2499
vn -0.3667 -0.8980 0.2433
vn -0.2160 -0.9240 0.3156
vn -0.2138 -0.9245 0.3156
vn -0.2160 -0.9242 0.3150
vn -0.3022 -0.9348 0.1865
vn -0.3021 -0.9347 0.1872
vn -0.3029 -0.9345 0.1869
vn -0.2147 -0.9244 0.3153
vn -0.2151 -0.9249 0.3135
vn -0.2169 -0.9241 0.3147
vn -0.1404 -0.8833 0.4472
vn -0.1399 -0.8809 0.4521
vn -0.1376 -0.8826 0.4496
vn -0.1393 -0.8853 0.4437
vn -0.1416 -0.8837 0.4461
vn -0.1388 -0.8829 0.4486
vn -0.2480 -0.9029 0.3510
vn -0.2522 -0.9021 0.3502
vn -0.2556 -0.9003 0.3524
vn -0.2536 -0.9013 0.3512
vn -0.2612 -0.8983 0.3532
vn -0.2570 -0.8995 0.3534
vn -0.3763 -0.8936 0.2446
vn -0.3695 -0.8967 0.2437
vn -0.3768 -0.8953 0.2374
vn -0.1492 -0.8739 0.4627
vn -0.1480 -0.8730 0.4647
vn -0.1472 -0.8740 0.4631
vn -0.1494 -0.8746 0.4612
vn -0.1501 -0.8737 0.4628
vn -0.1480 -0.8739 0.4630
vn -0.4196 -0.8503 0.3176
vn -0.4194 -0.8507 0.3169
vn -0.4197 -0.8503 0.3175
vn -0.2898 -0.8739 0.3903
vn -0.2921 -0.8710 0.3950
vn -0.2863 -0.8725 0.3960
vn -0.2897 -0.8716 0.3954
vn -0.2862 -0.8702 0.4011
vn -0.2839 -0.8731 0.3963
vn -0.4194 -0.8505 0.3174
vn -0.4195 -0.8504 0.3174
vn -0.4197 -0.8501 0.3180
vn -0.1551 -0.8635 0.4800
vn -0.1524 -0.8626 0.4824
vn -0.1520 -0.8642 0.4796
vn -0.1560 -0.8647 0.4774
vn -0.1564 -0.8631 0.4802
vn -0.1532 -0.8639 0.4798
vn -0.4452 -0.8014 0.3994
vn -0.4444 -0.8013 0.4006
vn -0.4448 -0.8017 0.3993
vn -0.4458 -0.8007 0.4001
vn -0.4447 -0.8013 0.4001
vn -0.4456 -0.8015 0.3989
vn -0.3035 -0.8450 0.4404
vn -0.3045 -0.8411 0.4470
vn -0.2973 -0.8439 0.4465
vn -0.3015 -0.8423 0.4468
vn -0.2954 -0.8412 0.4529
vn -0.2944 -0.8451 0.4463
vn -0.1505 -0.8537 0.4985
vn -0.1551 -0.8500 0.5035
vn -0.1566 -0.8528 0.4982
vn -0.1487 -0.8571 0.4932
vn -0.1479 -0.8541 0.4986
vn -0.1540 -0.8532 0.4983
vn -0.2998 -0.8151 0.4958
vn -0.3018 -0.8130 0.4980
vn -0.2995 -0.8139 0.4979
vn -0.4454 -0.7522 0.4856
vn -0.4449 -0.7513 0.4875
vn -0.4437 -0.7508 0.4893
vn -0.4466 -0.7532 0.4830
vn -0.4451 -0.7517 0.4867
vn -0.4456 -0.7526 0.4848
vn -0.3028 -0.8126 0.4980
vn -0.3025 -0.8114 0.5001
vn -0.3005 -0.8135 0.4979
vn -0.1389 -0.8368 0.5296
vn -0.1336 -0.8353 0.5334
vn -0.1378 -0.8376 0.5286
vn -0.1482 -0.8445 0.5146
vn -0.1528 -0.8382 0.5235
vn -0.1570 -0.8420 0.5161
vn -0.1480 -0.8495 0.5064
vn -0.1445 -0.8455 0.5140
vn -0.1533 -0.8431 0.5155
vn -0.2861 -0.7855 0.5488
vn -0.2865 -0.7806 0.5556
vn -0.2936 -0.7814 0.5506
vn -0.4224 -0.7052 0.5694
vn -0.4198 -0.7076 0.5684
vn -0.4185 -0.7060 0.5713
vn -0.3750 -0.6658 0.6450
vn -0.3732 -0.6702 0.6415
vn -0.3696 -0.6682 0.6457
vn -0.4248 -0.7058 0.5669
vn -0.4210 -0.7066 0.5687
vn -0.4234 -0.7043 0.5698
vn -0.2862 -0.7910 0.5408
vn -0.2829 -0.7872 0.5480
vn -0.2905 -0.7832 0.5498
vn -0.1411 -0.8374 0.5281
vn -0.1371 -0.8351 0.5328
vn -0.1358 -0.8359 0.5318
vn -0.3772 -0.6648 0.6448
vn -0.3719 -0.6671 0.6454
vn -0.3736 -0.6627 0.6490
vn -0.2545 -0.7605 0.5973
vn -0.2552 -0.7596 0.5982
vn -0.2567 -0.7605 0.5965
vn -0.3010 -0.6398 0.7072
vn -0.3041 -0.6372 0.7082
vn -0.2988 -0.6355 0.7120
vn -0.2549 -0.7614 0.5961
vn -0.2537 -0.7608 0.5973
vn -0.2556 -0.7605 0.5969
vn -0.1330 -0.8295 0.5425
vn -0.1257 -0.8272 0.5477
vn -0.1230 -0.8324 0.5404
vn -0.1246 -0.8294 0.5446
vn -0.1145 -0.8322 0.5426
vn -0.1219 -0.8345 0.5374
vn -0.2168 -0.7409 0.6357
vn -0.2113 -0.7402 0.6383
vn -0.2138 -0.7410 0.6365
vn -0.3019 -0.6415 0.7052
vn -0.2997 -0.6373 0.7100
vn -0.2965 -0.6398 0.7090
vn -0.2206 -0.7416 0.6336
vn -0.2181 -0.7408 0.6353
vn -0.2151 -0.7410 0.6361
vn -0.0787 -0.8212 0.5652
vn -0.0857 -0.8263 0.5566
vn -0.0878 -0.8212 0.5639
vn -0.0998 -0.7291 0.6771
vn -0.1048 -0.7291 0.6763
vn -0.1041 -0.7260 0.6798
vn -0.1061 -0.8241 0.5564
vn -0.1066 -0.8265 0.5528
vn -0.1057 -0.8242 0.5564
vn -0.0868 -0.8234 0.5608
vn -0.0847 -0.8285 0.5536
vn -0.0938 -0.8284 0.5522
vn -0.1062 -0.8255 0.5543
vn -0.1083 -0.8247 0.5551
vn -0.1053 -0.8232 0.5579
vn -0.1137 -0.6202 0.7761
vn -0.1197 -0.6202 0.7752
vn -0.1202 -0.6155 0.7789
vn -0.2209 -0.6255 0.7483
vn -0.2165 -0.6183 0.7555
vn -0.2134 -0.6245 0.7513
vn -0.2147 -0.6219 0.7531
vn -0.2179 -0.6157 0.7572
vn -0.2104 -0.6147 0.7602
vn -0.1198 -0.6183 0.7768
vn -0.1263 -0.6135 0.7795
vn -0.1203 -0.6135 0.7805
vn -0.1637 -0.7328 0.6604
vn -0.1620 -0.7326 0.6611
vn -0.1632 -0.7315 0.6620
vn -0.1037 -0.7244 0.6815
vn -0.1045 -0.7277 0.6779
vn -0.1086 -0.7244 0.6807
vn -0.1625 -0.7321 0.6615
vn -0.1618 -0.7308 0.6631
vn -0.1638 -0.7310 0.6625
vn -0.1328 -0.4742 0.8704
vn -0.1328 -0.4742 0.8703
vn -0.1328 -0.9908 -0.0254
vn -0.1332 -0.9908 -0.0243
vn -0.1337 -0.9907 -0.0253
vn -0.1334 -0.9908 -0.0248
vn -0.1336 -0.9907 -0.0248
vn -0.1340 -0.9906 -0.0259
vn -0.1402 -0.9737 -0.1794
vn -0.1411 -0.9736 -0.1795
vn -0.1417 -0.9735 -0.1793
vn -0.1452 -0.9322 -0.3316
vn -0.1485 -0.9334 -0.3268
vn -0.1502 -0.9315 -0.3312
vn -0.1495 -0.9323 -0.3293
vn -0.1477 -0.9341 -0.3249
vn -0.1527 -0.9335 -0.3245
vn -0.1414 -0.9735 -0.1796
vn -0.1433 -0.9732 -0.1797
vn -0.1423 -0.9734 -0.1796
vn -0.2640 -0.9645 0.0002
vn -0.2640 -0.9645 0.0011
vn -0.2625 -0.9649 0.0006
vn -0.2632 -0.9647 -0.0005
vn -0.2646 -0.9644 -0.0000
vn -0.2632 -0.9647 0.0004
vn -0.3387 -0.8946 -0.2916
vn -0.3399 -0.8937 -0.2929
vn -0.3417 -0.8932 -0.2923
vn -0.5059 -0.8361 -0.2119
vn -0.5060 -0.8361 -0.2117
vn -0.5036 -0.8378 -0.2106
vn -0.3024 -0.9418 -0.1466
vn -0.3024 -0.9419 -0.1459
vn -0.3009 -0.9424 -0.1464
vn -0.3363 -0.8955 -0.2916
vn -0.3393 -0.8941 -0.2923
vn -0.3381 -0.8950 -0.2910
vn -0.3016 -0.9420 -0.1471
vn -0.3031 -0.9416 -0.1465
vn -0.3015 -0.9422 -0.1464
vn -0.3774 -0.9244 0.0545
vn -0.3841 -0.9216 0.0558
vn -0.3806 -0.9230 0.0559
vn -0.3725 -0.9264 0.0544
vn -0.3760 -0.9250 0.0539
vn -0.3792 -0.9237 0.0553
vn -0.5069 -0.8354 -0.2124
vn -0.5046 -0.8371 -0.2111
vn -0.5042 -0.8370 -0.2126
vn -0.4526 -0.8882 -0.0788
vn -0.4509 -0.8890 -0.0796
vn -0.4525 -0.8881 -0.0801
vn -0.4516 -0.8886 -0.0798
vn -0.4521 -0.8882 -0.0816
vn -0.4533 -0.8877 -0.0803
vn -0.4731 -0.8707 0.1345
vn -0.4765 -0.8687 0.1350
vn -0.4753 -0.8699 0.1319
vn -0.5421 -0.8078 0.2313
vn -0.5428 -0.8071 0.2324
vn -0.5422 -0.8078 0.2313
vn -0.4701 -0.8725 0.1333
vn -0.4722 -0.8710 0.1356
vn -0.4744 -0.8702 0.1330
vn -0.5664 -0.8240 0.0161
vn -0.5700 -0.8214 0.0194
vn -0.5681 -0.8228 0.0180
vn -0.6433 -0.7595 -0.0968
vn -0.6505 -0.7534 -0.0959
vn -0.6561 -0.7493 -0.0897
vn -0.6345 -0.7659 -0.1034
vn -0.6475 -0.7560 -0.0963
vn -0.6403 -0.7620 -0.0971
vn -0.5708 -0.8208 0.0200
vn -0.5725 -0.8196 0.0219
vn -0.5689 -0.8222 0.0186
vn -0.5766 -0.7407 0.3447
vn -0.5799 -0.7390 0.3430
vn -0.5777 -0.7417 0.3408
vn -0.5419 -0.8081 0.2309
vn -0.5424 -0.8074 0.2321
vn -0.5425 -0.8074 0.2320
vn -0.7430 -0.6676 0.0479
vn -0.7441 -0.6664 0.0483
vn -0.7446 -0.6656 0.0496
vn -0.7929 -0.5716 0.2111
vn -0.7929 -0.5716 0.2112
vn -0.7933 -0.5702 0.2137
vn -0.6513 -0.7452 0.1433
vn -0.6507 -0.7455 0.1441
vn -0.6500 -0.7465 0.1425
vn -0.7420 -0.6688 0.0464
vn -0.7437 -0.6668 0.0481
vn -0.7426 -0.6680 0.0477
vn -0.6511 -0.7456 0.1420
vn -0.6519 -0.7446 0.1436
vn -0.6505 -0.7459 0.1428
vn -0.5753 -0.7414 0.3455
vn -0.5758 -0.7394 0.3489
vn -0.5785 -0.7397 0.3437
vn -0.6948 -0.6620 0.2811
vn -0.6943 -0.6623 0.2816
vn -0.6940 -0.6634 0.2798
vn -0.7928 -0.5722 0.2100
vn -0.7930 -0.5709 0.2128
vn -0.7931 -0.5707 0.2126
vn -0.6949 -0.6624 0.2799
vn -0.6951 -0.6614 0.2817
vn -0.6944 -0.6628 0.2803
vn -0.5779 -0.6734 0.4610
vn -0.5758 -0.6741 0.4627
vn -0.5761 -0.6753 0.4604
vn -0.5407 -0.6122 0.5769
vn -0.5373 -0.6110 0.5813
vn -0.5395 -0.6135 0.5767
vn -0.5789 -0.6739 0.4590
vn -0.5786 -0.6727 0.4612
vn -0.5769 -0.6745 0.4607
vn -0.7958 -0.4709 0.3806
vn -0.7953 -0.4713 0.3813
vn -0.7959 -0.4707 0.3808
vn -0.7428 -0.3834 0.5489
vn -0.7460 -0.3812 0.5461
vn -0.7442 -0.3792 0.5499
vn -0.6923 -0.5815 0.4273
vn -0.6921 -0.5808 0.4286
vn -0.6928 -0.5810 0.4272
vn -0.7958 -0.4712 0.3805
vn -0.7956 -0.4711 0.3808
vn -0.7959 -0.4709 0.3804
vn -0.6924 -0.5809 0.4280
vn -0.6928 -0.5804 0.4280
vn -0.6930 -0.5811 0.4267
vn -0.5421 -0.6128 0.5751
vn -0.5399 -0.6103 0.5797
vn -0.5387 -0.6116 0.5795
vn -0.6507 -0.5032 0.5687
vn -0.6455 -0.5036 0.5742
vn -0.6473 -0.5055 0.5705
vn -0.6435 -0.3100 0.6999
vn -0.7422 -0.3852 0.5484
vn -0.7436 -0.3809 0.5495
vn -0.7404 -0.3832 0.5522
vn -0.6539 -0.5041 0.5642
vn -0.6522 -0.5022 0.5679
vn -0.6487 -0.5045 0.5697
vn -0.4776 -0.5572 0.6793
vn -0.4672 -0.5586 0.6854
vn -0.4716 -0.5612 0.6802
vn -0.3770 -0.5184 0.7675
vn -0.3775 -0.5191 0.7668
vn -0.3784 -0.5194 0.7662
vn -0.4844 -0.5581 0.6737
vn -0.4801 -0.5556 0.6789
vn -0.4741 -0.5595 0.6799
vn -0.5662 -0.4374 0.6986
vn -0.5593 -0.4377 0.7039
vn -0.5623 -0.4394 0.7005
vn -0.5058 -0.2529 0.8248
vn -0.6490 -0.2963 0.7007
vn -0.5708 -0.4382 0.6944
vn -0.5679 -0.4365 0.6978
vn -0.5639 -0.4386 0.6997
vn -0.3768 -0.5181 0.7678
vn -0.3760 -0.5179 0.7684
vn -0.3773 -0.5188 0.7671
vn -0.4527 -0.3811 0.8061
vn -0.4460 -0.3790 0.8108
vn -0.4504 -0.3843 0.8059
vn -0.5088 -0.2356 0.8280
vn -0.4479 -0.3812 0.8088
vn -0.4456 -0.3842 0.8086
vn -0.4523 -0.3863 0.8039
vn -0.2613 -0.4953 0.8285
vn -0.2587 -0.4927 0.8308
vn -0.2625 -0.4919 0.8301
vn -0.1424 -0.3413 0.9291
vn -0.2645 -0.4972 0.8263
vn -0.2609 -0.4967 0.8278
vn -0.2620 -0.4933 0.8295
vn -0.1330 -0.4894 0.8618
vn -0.3099 -0.3456 0.8857
vn -0.3052 -0.3478 0.8865
vn -0.3053 -0.3429 0.8884
vn -0.3052 -0.3458 0.8873
vn -0.3027 -0.3453 0.8883
vn -0.3053 -0.3408 0.8892
vn -0.3411 -0.2124 0.9157
vn -0.3381 -0.2085 0.9177
vn -0.3376 -0.2120 0.9171
vn -0.1444 -0.1942 0.9703
vn -0.1476 -0.1917 0.9703
vn -0.1480 -0.1956 0.9694
vn -0.1416 -0.3558 0.9238
vn -0.3378 -0.2104 0.9174
vn -0.3383 -0.2067 0.9180
vn -0.3349 -0.2063 0.9194
vn -0.1477 -0.1934 0.9699
vn -0.1520 -0.1971 0.9685
vn -0.1480 -0.1973 0.9691
vn 0.0024 -0.9998 -0.0217
vn 0.0003 -0.9998 -0.0199
vn 0.0024 -0.9998 -0.0195
vn 0.0489 -0.9446 -0.3245
vn 0.0424 -0.9446 -0.3254
vn 0.0472 -0.9468 -0.3184
vn 0.0026 -0.4898 0.8718
vn 0.0024 -0.4768 0.8790
vn 0.0477 -0.1978 0.9791
vn 0.0224 -0.3548 0.9347
vn 0.0246 -0.3552 0.9345
vn 0.0247 -0.3570 0.9338
vn 0.0475 -0.2127 0.9760
vn 0.0246 -0.3559 0.9342
vn 0.0268 -0.3582 0.9333
vn 0.0247 -0.3579 0.9334
vn 0.1337 -0.5143 0.8471
vn 0.1354 -0.5128 0.8478
vn 0.1327 -0.5121 0.8486
vn 0.1314 -0.5145 0.8474
vn 0.1341 -0.5152 0.8465
vn 0.1331 -0.5130 0.8480
vn 0.2370 -0.2462 0.9398
vn 0.2346 -0.2534 0.9385
vn 0.2416 -0.2553 0.9362
vn 0.2305 -0.2438 0.9420
vn 0.2356 -0.2504 0.9390
vn 0.2379 -0.2432 0.9403
vn 0.1859 -0.3866 0.9033
vn 0.1863 -0.3867 0.9032
vn 0.2478 -0.5704 0.7831
vn 0.2495 -0.5515 0.7960
vn 0.4070 -0.3079 0.8600
vn 0.4047 -0.3011 0.8635
vn 0.4110 -0.3040 0.8594
vn 0.5457 -0.3834 0.7451
vn 0.5455 -0.3776 0.7482
vn 0.5483 -0.3796 0.7451
vn 0.3333 -0.4305 0.8388
vn 0.4017 -0.3079 0.8625
vn 0.4057 -0.3040 0.8620
vn 0.4080 -0.3108 0.8584
vn 0.3252 -0.4430 0.8354
vn 0.3409 -0.6140 0.7118
vn 0.3463 -0.6144 0.7090
vn 0.3453 -0.6102 0.7131
vn 0.3355 -0.6131 0.7153
vn 0.3391 -0.6156 0.7113
vn 0.3435 -0.6118 0.7126
vn 0.4495 -0.5045 0.7372
vn 0.4510 -0.5035 0.7369
vn 0.4510 -0.5057 0.7354
vn 0.5445 -0.3849 0.7452
vn 0.5472 -0.3812 0.7452
vn 0.5473 -0.3869 0.7421
vn 0.4510 -0.5027 0.7375
vn 0.4525 -0.5038 0.7358
vn 0.4510 -0.5048 0.7361
vn 0.4101 -0.6757 0.6125
vn 0.4130 -0.6753 0.6111
vn 0.4114 -0.6762 0.6112
vn 0.4440 -0.7429 0.5010
vn 0.4446 -0.7414 0.5026
vn 0.4466 -0.7407 0.5019
vn 0.4081 -0.6767 0.6128
vn 0.4096 -0.6755 0.6131
vn 0.4109 -0.6760 0.6117
vn 0.6430 -0.4748 0.6009
vn 0.6424 -0.4724 0.6035
vn 0.6438 -0.4741 0.6006
vn 0.6419 -0.4741 0.6026
vn 0.6427 -0.4734 0.6024
vn 0.6433 -0.4758 0.5998
vn 0.5326 -0.5809 0.6155
vn 0.5327 -0.5815 0.6149
vn 0.5398 -0.5774 0.6126
vn 0.5347 -0.5759 0.6184
vn 0.5296 -0.5824 0.6167
vn 0.5368 -0.5789 0.6138
vn 0.4437 -0.7435 0.5004
vn 0.4419 -0.7438 0.5015
vn 0.4444 -0.7420 0.5020
vn 0.6921 -0.5727 0.4392
vn 0.6940 -0.5720 0.4372
vn 0.6943 -0.5734 0.4349
vn 0.6910 -0.5716 0.4425
vn 0.6931 -0.5724 0.4381
vn 0.6914 -0.5729 0.4402
vn 0.5806 -0.6589 0.4782
vn 0.5812 -0.6614 0.4741
vn 0.5773 -0.6642 0.4750
vn 0.5796 -0.6625 0.4745
vn 0.5763 -0.6677 0.4712
vn 0.5757 -0.6654 0.4752
vn 0.4466 -0.8087 0.3828
vn 0.4439 -0.8107 0.3817
vn 0.4443 -0.8094 0.3840
vn 0.4478 -0.8072 0.3846
vn 0.4475 -0.8085 0.3823
vn 0.4452 -0.8091 0.3835
vn 0.6951 -0.6675 0.2670
vn 0.6947 -0.6677 0.2675
vn 0.6946 -0.6680 0.2670
vn 0.6954 -0.6671 0.2672
vn 0.6950 -0.6676 0.2672
vn 0.6953 -0.6674 0.2666
vn 0.5771 -0.7473 0.3294
vn 0.5770 -0.7476 0.3288
vn 0.5771 -0.7473 0.3293
vn 0.5770 -0.7475 0.3292
vn 0.5771 -0.7472 0.3296
vn 0.4111 -0.8708 0.2697
vn 0.4119 -0.8713 0.2667
vn 0.4109 -0.8714 0.2680
vn 0.3443 -0.9244 0.1641
vn 0.3442 -0.9243 0.1650
vn 0.3448 -0.9240 0.1657
vn 0.4099 -0.8708 0.2716
vn 0.4112 -0.8705 0.2704
vn 0.4110 -0.8711 0.2687
vn 0.5328 -0.8253 0.1871
vn 0.5296 -0.8278 0.1850
vn 0.5306 -0.8267 0.1871
vn 0.6427 -0.7595 0.1002
vn 0.6413 -0.7608 0.0995
vn 0.6410 -0.7608 0.1014
vn 0.5454 -0.8367 -0.0500
vn 0.5547 -0.8307 -0.0470
vn 0.5507 -0.8331 -0.0518
vn 0.6440 -0.7587 0.0988
vn 0.6419 -0.7602 0.0998
vn 0.6432 -0.7590 0.1006
vn 0.5347 -0.8236 0.1892
vn 0.5337 -0.8247 0.1870
vn 0.5315 -0.8261 0.1870
vn 0.3443 -0.9244 0.1639
vn 0.3438 -0.9247 0.1633
vn 0.3443 -0.9243 0.1648
vn 0.5432 -0.8382 -0.0492
vn 0.5485 -0.8346 -0.0510
vn 0.5391 -0.8405 -0.0539
vn 0.4505 -0.8909 0.0577
vn 0.4521 -0.8905 0.0512
vn 0.4560 -0.8882 0.0558
vn 0.4520 -0.8898 0.0630
vn 0.4481 -0.8921 0.0585
vn 0.4537 -0.8894 0.0566
vn 0.2497 -0.9652 0.0780
vn 0.2466 -0.9659 0.0787
vn 0.2485 -0.9653 0.0800
vn 0.2522 -0.9645 0.0785
vn 0.2503 -0.9651 0.0771
vn 0.2490 -0.9653 0.0792
vn 0.4095 -0.8955 -0.1744
vn 0.4064 -0.8964 -0.1769
vn 0.4078 -0.8960 -0.1755
vn 0.3290 -0.9430 -0.0503
vn 0.3295 -0.9426 -0.0535
vn 0.3329 -0.9416 -0.0512
vn 0.4072 -0.8962 -0.1761
vn 0.4058 -0.8966 -0.1775
vn 0.4042 -0.8970 -0.1787
vn 0.2350 -0.9344 -0.2677
vn 0.2413 -0.9327 -0.2679
vn 0.2380 -0.9332 -0.2692
vn 0.3307 -0.9425 -0.0475
vn 0.3273 -0.9436 -0.0499
vn 0.3313 -0.9422 -0.0508
vn 0.1306 -0.9913 0.0154
vn 0.1295 -0.9915 0.0150
vn 0.1309 -0.9913 0.0129
vn 0.1330 -0.9910 0.0159
vn 0.1305 -0.9913 0.0165
vn 0.1308 -0.9913 0.0140
vn 0.0024 -0.9997 -0.0226
vn 0.0024 -0.9998 -0.0205
vn 0.0045 -0.9997 -0.0223
vn 0.1879 -0.9739 -0.1276
vn 0.1856 -0.9742 -0.1285
vn 0.1880 -0.9738 -0.1279
vn 0.1867 -0.9740 -0.1283
vn 0.1868 -0.9740 -0.1285
vn 0.1891 -0.9736 -0.1276
vn 0.2337 -0.9349 -0.2670
vn 0.2367 -0.9337 -0.2686
vn 0.2304 -0.9354 -0.2683
vn 0.0256 -0.9844 -0.1743
vn 0.0235 -0.9851 -0.1705
vn 0.0279 -0.9851 -0.1698
vn 0.0221 -0.9840 -0.1766
vn 0.0244 -0.9848 -0.1721
vn 0.0265 -0.9840 -0.1760
vn 0.0465 -0.9477 -0.3159
vn 0.0530 -0.9476 -0.3149
vn 0.0482 -0.9455 -0.3219
vn -0.8162 -0.5416 0.2010
vn -0.8162 -0.5418 0.2009
vn -0.7716 -0.6345 0.0449
vn -0.7717 -0.6345 0.0446
vn -0.6849 -0.7223 -0.0958
vn -0.6846 -0.7226 -0.0960
vn -0.6851 -0.7221 -0.0960
vn -0.5615 -0.7996 -0.2131
vn -0.5613 -0.7998 -0.2128
vn -0.4079 -0.8627 -0.2990
vn -0.4078 -0.8626 -0.2996
vn -0.2337 -0.9067 -0.3510
vn -0.2336 -0.9069 -0.3507
vn -0.2332 -0.9072 -0.3502
vn -0.2333 -0.9069 -0.3508
vn -0.0482 -0.9307 -0.3627
vn -0.0481 -0.9307 -0.3627
vn 0.1370 -0.9318 -0.3362
vn 0.1367 -0.9319 -0.3359
vn 0.3113 -0.9105 -0.2721
vn 0.3114 -0.9104 -0.2723
vn 0.4642 -0.8685 -0.1741
vn 0.4652 -0.8680 -0.1739
vn 0.4645 -0.8684 -0.1738
vn 0.4659 -0.8677 -0.1736
vn 0.4647 -0.8682 -0.1739
vn 0.5885 -0.8071 -0.0473
vn 0.5889 -0.8068 -0.0477
vn 0.5880 -0.8075 -0.0473
vn 0.5885 -0.8071 -0.0477
vn 0.5887 -0.8069 -0.0475
vn 0.6752 -0.7308 0.0998
vn 0.6752 -0.7309 0.0997
vn 0.7198 -0.6439 0.2592
vn 0.7199 -0.6439 0.2591
vn 0.8134 0.5450 -0.2032
vn 0.8137 0.5447 -0.2030
vn 0.7692 0.6372 -0.0475
vn 0.7690 0.6375 -0.0477
vn 0.6828 0.7247 0.0928
vn 0.6828 0.7247 0.0925
vn 0.5597 0.8019 0.2091
vn 0.5597 0.8019 0.2089
vn 0.4066 0.8646 0.2952
vn 0.4066 0.8645 0.2954
vn 0.2329 0.9089 0.3460
vn 0.2330 0.9088 0.3460
vn 0.0485 0.9323 0.3583
vn 0.0485 0.9321 0.3589
vn -0.1360 0.9334 0.3320
vn -0.3098 0.9121 0.2683
vn -0.3098 0.9123 0.2679
vn -0.4626 0.8700 0.1705
vn -0.4621 0.8703 0.1705
vn -0.4632 0.8698 0.1702
vn -0.4630 0.8698 0.1705
vn -0.4626 0.8701 0.1703
vn -0.5859 0.8092 0.0445
vn -0.5857 0.8093 0.0445
vn -0.6720 0.7335 -0.1023
vn -0.6722 0.7333 -0.1023
vn -0.7168 0.6466 -0.2611
vn -0.7166 0.6467 -0.2612
vn 0.0762 0.8660 -0.4942
vn -0.7163 0.5549 -0.4230
vn -0.7165 0.5545 -0.4232
vn -0.7166 0.5545 -0.4232
vn -0.7168 0.5543 -0.4230
vn -0.6722 0.4620 -0.5786
vn -0.6723 0.4618 -0.5786
vn -0.5856 0.3743 -0.7190
vn -0.5858 0.3745 -0.7187
vn -0.4625 0.2973 -0.8353
vn -0.4624 0.2969 -0.8355
vn -0.4629 0.2975 -0.8350
vn -0.4628 0.2974 -0.8351
vn -0.3096 0.2347 -0.9214
vn -0.3097 0.2346 -0.9215
vn -0.1357 0.1913 -0.9721
vn -0.1360 0.1909 -0.9721
vn -0.1359 0.1911 -0.9721
vn -0.1361 0.1908 -0.9721
vn -0.1362 0.1904 -0.9722
vn 0.0484 0.1671 -0.9848
vn 0.0485 0.1675 -0.9847
vn 0.2329 0.1662 -0.9582
vn 0.2343 0.1648 -0.9581
vn 0.2331 0.1647 -0.9584
vn 0.2316 0.1668 -0.9584
vn 0.2329 0.1666 -0.9581
vn 0.2330 0.1655 -0.9583
vn 0.4067 0.1865 -0.8943
vn 0.4065 0.1874 -0.8942
vn 0.4067 0.1873 -0.8942
vn 0.4069 0.1861 -0.8943
vn 0.4067 0.1864 -0.8943
vn 0.4068 0.1870 -0.8942
vn 0.5596 0.2291 -0.7964
vn 0.5596 0.2293 -0.7964
vn 0.6829 0.2900 -0.6705
vn 0.6827 0.2902 -0.6706
vn 0.7692 0.3658 -0.5240
vn 0.7690 0.3661 -0.5240
vn 0.8137 0.4524 -0.3649
vn 0.8135 0.4526 -0.3650
vn 0.7199 -0.5512 0.4217
vn 0.7197 -0.5515 0.4217
vn 0.6749 -0.4588 0.5779
vn 0.6748 -0.4587 0.5782
vn 0.6751 -0.4585 0.5780
vn 0.5885 -0.3707 0.7185
vn 0.5885 -0.3706 0.7185
vn 0.4647 -0.2933 0.8355
vn 0.4648 -0.2931 0.8355
vn 0.3115 -0.2302 0.9219
vn 0.3109 -0.2310 0.9219
vn 0.3113 -0.2309 0.9218
vn 0.3120 -0.2300 0.9218
vn 0.3113 -0.2307 0.9219
vn 0.1370 -0.1857 0.9730
vn 0.1370 -0.1862 0.9729
vn -0.0482 -0.1623 0.9856
vn -0.0482 -0.1627 0.9855
vn -0.0483 -0.1625 0.9855
vn -0.0480 -0.1631 0.9854
vn -0.2335 -0.1609 0.9590
vn -0.2334 -0.1613 0.9589
vn -0.2334 -0.1618 0.9588
vn -0.2334 -0.1612 0.9589
vn -0.4077 -0.1825 0.8947
vn -0.4077 -0.1824 0.8947
vn -0.5612 -0.2249 0.7965
vn -0.5612 -0.2248 0.7966
vn -0.6848 -0.2860 0.6702
vn -0.6848 -0.2859 0.6703
vn -0.7716 -0.3620 0.5231
vn -0.7717 -0.3620 0.5229
vn -0.8163 -0.4489 0.3636
vn -0.8162 -0.4492 0.3634
vn -0.0766 -0.8663 0.4935
vn -0.0765 -0.8665 0.4933
vn -0.0763 -0.8665 0.4934
vn -0.0765 -0.8665 0.4934
vn 0.0207 0.6253 -0.7801
vn 0.0651 0.8298 -0.5543
vn 0.0585 0.8306 -0.5538
vn 0.0652 0.8260 -0.5599
vn 0.0719 0.8235 -0.5627
vn 0.0651 0.8282 -0.5566
vn 0.0653 0.8244 -0.5622
vn 0.0437 0.7269 -0.6853
vn 0.0367 0.7278 -0.6848
vn 0.0441 0.7317 -0.6802
vn 0.0227 0.6134 -0.7894
vn 0.0510 0.7320 -0.6794
vn 0.0438 0.7290 -0.6831
vn 0.0444 0.7337 -0.6781
vn 0.0487 0.8294 -0.5565
vn 0.0452 0.8298 -0.5562
vn 0.0475 0.8320 -0.5527
vn 0.0442 0.8289 -0.5576
vn 0.0399 0.8300 -0.5563
vn 0.0465 0.8311 -0.5542
vn -0.0721 0.6329 -0.7708
vn -0.0751 0.6365 -0.7676
vn -0.0777 0.6326 -0.7706
vn -0.1631 0.6688 -0.7253
vn -0.1602 0.6708 -0.7241
vn -0.1577 0.6664 -0.7287
vn -0.0734 0.6344 -0.7695
vn -0.0712 0.6400 -0.7651
vn -0.0763 0.6380 -0.7663
vn -0.0115 0.7474 -0.6643
vn -0.0174 0.7489 -0.6624
vn -0.0125 0.7432 -0.6690
vn -0.0070 0.7398 -0.6728
vn -0.0120 0.7456 -0.6663
vn -0.0129 0.7414 -0.6710
vn 0.0271 0.8345 -0.5503
vn 0.0273 0.8353 -0.5491
vn 0.0260 0.8350 -0.5496
vn 0.0278 0.8355 -0.5488
vn 0.0267 0.8360 -0.5481
vn 0.0266 0.8351 -0.5494
vn -0.1587 0.6683 -0.7268
vn -0.1613 0.6726 -0.7222
vn -0.1558 0.6702 -0.7256
vn -0.0651 0.7613 -0.6452
vn -0.0658 0.7608 -0.6456
vn -0.0679 0.7625 -0.6434
vn -0.0649 0.7601 -0.6466
vn -0.0677 0.7614 -0.6448
vn -0.0670 0.7618 -0.6443
vn 0.0165 0.8427 -0.5382
vn 0.0137 0.8421 -0.5392
vn 0.0128 0.8453 -0.5342
vn 0.0141 0.8407 -0.5413
vn 0.0104 0.8433 -0.5373
vn 0.0132 0.8439 -0.5363
vn -0.2346 0.7083 -0.6658
vn -0.2297 0.7069 -0.6690
vn -0.2309 0.7057 -0.6698
vn -0.1113 0.7838 -0.6110
vn -0.1142 0.7858 -0.6078
vn -0.1101 0.7867 -0.6074
vn -0.2326 0.7077 -0.6671
vn -0.2313 0.7089 -0.6663
vn -0.2277 0.7063 -0.6703
vn -0.1067 0.7859 -0.6091
vn -0.1108 0.7850 -0.6095
vn -0.1096 0.7879 -0.6059
vn 0.0058 0.8535 -0.5211
vn 0.0050 0.8536 -0.5209
vn 0.0055 0.8538 -0.5206
vn 0.0047 0.8534 -0.5212
vn 0.0044 0.8538 -0.5206
vn 0.0052 0.8536 -0.5208
vn -0.2777 0.7544 -0.5947
vn -0.2779 0.7533 -0.5960
vn -0.2771 0.7536 -0.5961
vn -0.1391 0.8122 -0.5666
vn -0.1400 0.8120 -0.5667
vn -0.1402 0.8136 -0.5643
vn -0.2778 0.7540 -0.5953
vn -0.2786 0.7537 -0.5952
vn -0.2780 0.7529 -0.5965
vn -0.1399 0.8113 -0.5676
vn -0.1410 0.8127 -0.5654
vn -0.1400 0.8130 -0.5651
vn 0.0002 0.8630 -0.5052
vn -0.0000 0.8643 -0.5030
vn -0.0000 0.8636 -0.5042
vn -0.0000 0.8644 -0.5027
vn -0.0002 0.8651 -0.5015
vn -0.0000 0.8640 -0.5035
vn -0.1591 0.8424 -0.5148
vn -0.1541 0.8452 -0.5118
vn -0.1533 0.8422 -0.5169
vn -0.3104 0.8002 -0.5131
vn -0.3011 0.8026 -0.5149
vn -0.3091 0.7954 -0.5213
vn -0.3065 0.8013 -0.5138
vn -0.2985 0.8084 -0.5073
vn -0.2973 0.8036 -0.5156
vn -0.1607 0.8394 -0.5192
vn -0.1615 0.8425 -0.5139
vn -0.1557 0.8423 -0.5161
vn -0.0018 0.8734 -0.4870
vn -0.0005 0.8738 -0.4862
vn -0.0016 0.8740 -0.4860
vn -0.0000 0.8738 -0.4863
vn 0.0003 0.8744 -0.4853
vn -0.0012 0.8739 -0.4861
vn -0.3050 0.8511 -0.4272
vn -0.3027 0.8519 -0.4273
vn -0.3036 0.8507 -0.4291
vn -0.3040 0.8515 -0.4273
vn -0.3041 0.8517 -0.4267
vn -0.3020 0.8522 -0.4273
vn -0.1578 0.8728 -0.4619
vn -0.1565 0.8731 -0.4618
vn -0.1565 0.8727 -0.4626
vn -0.1574 0.8727 -0.4622
vn -0.1573 0.8727 -0.4622
vn -0.1561 0.8725 -0.4629
vn -0.0047 0.8795 -0.4758
vn 0.0060 0.8833 -0.4687
vn -0.0018 0.8830 -0.4694
vn 0.0093 0.8834 -0.4685
vn 0.0122 0.8868 -0.4620
vn 0.0015 0.8831 -0.4692
vn -0.1368 0.9009 -0.4118
vn -0.1391 0.9010 -0.4108
vn -0.1386 0.9003 -0.4127
vn -0.2783 0.8975 -0.3421
vn -0.2802 0.8966 -0.3429
vn -0.2792 0.8965 -0.3440
vn -0.2791 0.8971 -0.3424
vn -0.2802 0.8972 -0.3414
vn -0.2811 0.8962 -0.3433
vn -0.1394 0.9014 -0.4100
vn -0.1405 0.9005 -0.4115
vn -0.1388 0.9006 -0.4119
vn 0.0091 0.8900 -0.4559
vn 0.0130 0.8910 -0.4538
vn 0.0106 0.8909 -0.4541
vn 0.0140 0.8911 -0.4537
vn 0.0155 0.8919 -0.4519
vn 0.0116 0.8909 -0.4540
vn -0.1097 0.9244 -0.3652
vn -0.1074 0.9247 -0.3653
vn -0.1086 0.9251 -0.3639
vn -0.2262 0.9372 -0.2655
vn -0.2308 0.9359 -0.2661
vn -0.2291 0.9355 -0.2689
vn -0.2281 0.9367 -0.2658
vn -0.2298 0.9370 -0.2630
vn -0.2327 0.9354 -0.2664
vn -0.1069 0.9245 -0.3658
vn -0.1057 0.9252 -0.3645
vn -0.1080 0.9249 -0.3645
vn 0.0278 0.8972 -0.4407
vn 0.0286 0.8968 -0.4414
vn 0.0301 0.8980 -0.4390
vn 0.0492 0.8995 -0.4342
vn 0.0466 0.9009 -0.4315
vn 0.0475 0.9012 -0.4309
vn 0.0280 0.8964 -0.4424
vn 0.0304 0.8972 -0.4407
vn 0.0295 0.8975 -0.4400
vn -0.1580 0.9666 -0.2020
vn -0.1574 0.9666 -0.2023
vn -0.1580 0.9664 -0.2027
vn -0.0690 0.9435 -0.3242
vn -0.0687 0.9434 -0.3246
vn -0.0670 0.9441 -0.3228
vn -0.1580 0.9666 -0.2016
vn -0.1580 0.9665 -0.2023
vn -0.1585 0.9665 -0.2020
vn -0.0693 0.9431 -0.3253
vn -0.0673 0.9437 -0.3239
vn -0.0677 0.9438 -0.3236
vn 0.0658 0.9044 -0.4216
vn 0.0661 0.9030 -0.4246
vn 0.0690 0.9044 -0.4211
vn 0.0659 0.9038 -0.4229
vn 0.0630 0.9024 -0.4263
vn 0.0661 0.9025 -0.4256
vn 0.0438 0.9000 -0.4336
vn 0.0455 0.9015 -0.4303
vn 0.0481 0.9001 -0.4331
vn 0.0451 0.9583 -0.2821
vn 0.0433 0.9583 -0.2826
vn 0.0442 0.9583 -0.2824
vn 0.0209 0.9913 -0.1299
vn 0.0203 0.9913 -0.1299
vn 0.0206 0.9914 -0.1290
vn -0.0138 0.9556 -0.2943
vn -0.0126 0.9554 -0.2952
vn -0.0137 0.9552 -0.2958
vn -0.0750 0.9850 -0.1556
vn -0.0746 0.9853 -0.1534
vn -0.0767 0.9851 -0.1542
vn -0.0139 0.9554 -0.2949
vn -0.0138 0.9554 -0.2950
vn -0.0137 0.9550 -0.2964
vn -0.0743 0.9849 -0.1561
vn -0.0760 0.9850 -0.1548
vn -0.0764 0.9846 -0.1570
vn 0.0215 0.9914 -0.1287
vn 0.0207 0.9914 -0.1295
vn 0.0204 0.9915 -0.1288
vn 0.0454 0.9584 -0.2818
vn 0.0446 0.9583 -0.2822
vn 0.0462 0.9584 -0.2817
vn 0.1202 0.9846 -0.1266
vn 0.1218 0.9844 -0.1267
vn 0.1198 0.9849 -0.1250
vn 0.0858 0.9030 -0.4210
vn 0.0890 0.9026 -0.4212
vn 0.0867 0.9016 -0.4238
vn 0.0838 0.9014 -0.4247
vn 0.0862 0.9024 -0.4222
vn 0.0871 0.9010 -0.4250
vn 0.1051 0.9537 -0.2817
vn 0.1057 0.9537 -0.2817
vn 0.1048 0.9539 -0.2813
vn 0.1200 0.9848 -0.1257
vn 0.1195 0.9850 -0.1247
vn 0.1182 0.9852 -0.1242
vn 0.1042 0.9540 -0.2810
vn 0.1050 0.9538 -0.2815
vn 0.1047 0.9539 -0.2812
vn 0.1006 0.8980 -0.4284
vn 0.1041 0.8991 -0.4252
vn 0.1060 0.8965 -0.4301
vn 0.1033 0.9002 -0.4231
vn 0.1088 0.8987 -0.4248
vn 0.1052 0.8976 -0.4281
vn 0.2158 0.9655 -0.1456
vn 0.2175 0.9654 -0.1440
vn 0.2137 0.9661 -0.1450
vn 0.3003 0.9364 -0.1815
vn 0.2994 0.9363 -0.1835
vn 0.3017 0.9356 -0.1833
vn 0.2164 0.9655 -0.1449
vn 0.2202 0.9648 -0.1440
vn 0.2181 0.9653 -0.1433
vn 0.1619 0.9434 -0.2896
vn 0.1636 0.9429 -0.2902
vn 0.1636 0.9428 -0.2903
vn 0.1625 0.9431 -0.2900
vn 0.1625 0.9432 -0.2899
vn 0.1642 0.9427 -0.2906
vn 0.1235 0.8937 -0.4313
vn 0.1254 0.8916 -0.4352
vn 0.1257 0.8927 -0.4327
vn 0.2156 0.9236 -0.3169
vn 0.2166 0.9238 -0.3158
vn 0.2128 0.9254 -0.3135
vn 0.1253 0.8911 -0.4362
vn 0.1275 0.8901 -0.4376
vn 0.1256 0.8923 -0.4337
vn 0.3007 0.9359 -0.1834
vn 0.2984 0.9366 -0.1836
vn 0.2990 0.9360 -0.1859
vn 0.2130 0.9245 -0.3160
vn 0.2167 0.9229 -0.3183
vn 0.2140 0.9247 -0.3149
vn 0.1418 0.8834 -0.4466
vn 0.1408 0.8829 -0.4479
vn 0.1438 0.8820 -0.4487
vn 0.1395 0.8833 -0.4475
vn 0.1415 0.8820 -0.4496
vn 0.1425 0.8824 -0.4484
vn 0.3737 0.8950 -0.2434
vn 0.3681 0.8974 -0.2432
vn 0.3700 0.8977 -0.2393
vn 0.3714 0.8960 -0.2433
vn 0.3695 0.8958 -0.2472
vn 0.3658 0.8984 -0.2431
vn 0.2586 0.8994 -0.3524
vn 0.2588 0.8997 -0.3514
vn 0.2567 0.9002 -0.3518
vn 0.2597 0.8996 -0.3512
vn 0.2576 0.8999 -0.3520
vn 0.2576 0.9000 -0.3516
vn 0.1470 0.8763 -0.4588
vn 0.1487 0.8736 -0.4634
vn 0.1481 0.8750 -0.4610
vn 0.1490 0.8730 -0.4644
vn 0.1501 0.8716 -0.4666
vn 0.1484 0.8744 -0.4620
vn 0.4159 0.8526 -0.3165
vn 0.4212 0.8502 -0.3157
vn 0.4136 0.8554 -0.3119
vn 0.2887 0.8747 -0.3893
vn 0.2859 0.8726 -0.3959
vn 0.2907 0.8721 -0.3935
vn 0.2840 0.8728 -0.3969
vn 0.2860 0.8703 -0.4010
vn 0.2887 0.8724 -0.3945
vn 0.4181 0.8516 -0.3161
vn 0.4257 0.8464 -0.3199
vn 0.4235 0.8493 -0.3153
vn 0.1573 0.8657 -0.4753
vn 0.1547 0.8628 -0.4813
vn 0.1578 0.8636 -0.4788
vn 0.3065 0.8421 -0.4438
vn 0.2993 0.8401 -0.4524
vn 0.2982 0.8445 -0.4449
vn 0.1534 0.8624 -0.4824
vn 0.1540 0.8604 -0.4858
vn 0.1565 0.8633 -0.4798
vn 0.4489 0.8006 -0.3968
vn 0.4437 0.8021 -0.3996
vn 0.4473 0.8039 -0.3919
vn 0.3088 0.8454 -0.4359
vn 0.3099 0.8411 -0.4433
vn 0.3017 0.8435 -0.4445
vn 0.4467 0.8013 -0.3980
vn 0.4465 0.7995 -0.4018
vn 0.4415 0.8028 -0.4008
vn 0.1561 0.8546 -0.4952
vn 0.1541 0.8533 -0.4982
vn 0.1559 0.8536 -0.4970
vn 0.1534 0.8531 -0.4986
vn 0.1532 0.8521 -0.5005
vn 0.1552 0.8535 -0.4975
vn 0.4454 0.7527 -0.4848
vn 0.4455 0.7521 -0.4857
vn 0.4455 0.7532 -0.4839
vn 0.4454 0.7524 -0.4853
vn 0.4454 0.7513 -0.4871
vn 0.4455 0.7518 -0.4861
vn 0.3064 0.8113 -0.4979
vn 0.3041 0.8115 -0.4990
vn 0.3042 0.8126 -0.4972
vn 0.3056 0.8119 -0.4975
vn 0.3055 0.8118 -0.4976
vn 0.3033 0.8131 -0.4969
vn 0.1484 0.8442 -0.5151
vn 0.1482 0.8440 -0.5154
vn 0.1458 0.8455 -0.5137
vn 0.1491 0.8435 -0.5161
vn 0.1460 0.8435 -0.5169
vn 0.1468 0.8449 -0.5144
vn 0.2914 0.7828 -0.5499
vn 0.2858 0.7809 -0.5554
vn 0.2831 0.7866 -0.5488
vn 0.2984 0.7851 -0.5428
vn 0.2949 0.7812 -0.5503
vn 0.2866 0.7850 -0.5492
vn 0.4222 0.7052 -0.5695
vn 0.4215 0.7057 -0.5694
vn 0.4226 0.7056 -0.5688
vn 0.4220 0.7054 -0.5695
vn 0.4211 0.7054 -0.5701
vn 0.4213 0.7059 -0.5694
vn 0.1404 0.8357 -0.5309
vn 0.1393 0.8361 -0.5306
vn 0.1391 0.8349 -0.5325
vn 0.1394 0.8366 -0.5298
vn 0.1381 0.8358 -0.5314
vn 0.1392 0.8354 -0.5317
vn 0.3716 0.6656 -0.6472
vn 0.3691 0.6669 -0.6474
vn 0.3712 0.6681 -0.6449
vn 0.2593 0.7632 -0.5919
vn 0.2612 0.7591 -0.5963
vn 0.2558 0.7611 -0.5961
vn 0.3717 0.6645 -0.6483
vn 0.3713 0.6670 -0.6459
vn 0.3739 0.6657 -0.6458
vn 0.2635 0.7582 -0.5964
vn 0.2600 0.7562 -0.6005
vn 0.2580 0.7602 -0.5962
vn 0.1260 0.8303 -0.5429
vn 0.1241 0.8313 -0.5418
vn 0.1225 0.8292 -0.5454
vn 0.1248 0.8322 -0.5403
vn 0.1213 0.8310 -0.5428
vn 0.1232 0.8301 -0.5439
vn 0.2134 0.7421 -0.6354
vn 0.2126 0.7419 -0.6360
vn 0.2141 0.7416 -0.6357
vn 0.3054 0.6321 -0.7122
vn 0.3056 0.6332 -0.7111
vn 0.3028 0.6335 -0.7121
vn 0.3065 0.6315 -0.7122
vn 0.3038 0.6329 -0.7121
vn 0.3040 0.6330 -0.7119
vn 0.2153 0.7416 -0.6354
vn 0.2138 0.7418 -0.6356
vn 0.2145 0.7414 -0.6359
vn 0.1119 0.8277 -0.5499
vn 0.1065 0.8255 -0.5542
vn 0.1040 0.8303 -0.5475
vn 0.0847 0.8264 -0.5567
vn 0.0868 0.8238 -0.5601
vn 0.0858 0.8237 -0.5605
vn 0.0856 0.8253 -0.5581
vn 0.0903 0.8248 -0.5582
vn 0.0877 0.8228 -0.5616
vn 0.1076 0.8235 -0.5571
vn 0.0997 0.8223 -0.5602
vn 0.1051 0.8283 -0.5504
vn 0.1046 0.7252 -0.6806
vn 0.1050 0.7249 -0.6809
vn 0.1045 0.7249 -0.6809
vn 0.1205 0.6117 -0.7819
vn 0.1274 0.6117 -0.7808
vn 0.1199 0.6171 -0.7777
vn 0.1601 0.7330 -0.6611
vn 0.1622 0.7319 -0.6618
vn 0.1616 0.7341 -0.6595
vn 0.2165 0.6154 -0.7579
vn 0.2126 0.6185 -0.7565
vn 0.2172 0.6192 -0.7546
vn 0.1607 0.7360 -0.6577
vn 0.1607 0.7335 -0.6604
vn 0.1622 0.7345 -0.6589
vn 0.2163 0.6139 -0.7592
vn 0.2169 0.6176 -0.7560
vn 0.2208 0.6145 -0.7574
vn 0.1128 0.6194 -0.7769
vn 0.1203 0.6140 -0.7801
vn 0.1197 0.6195 -0.7759
vn 0.1046 0.7254 -0.6803
vn 0.1046 0.7250 -0.6807
vn 0.1042 0.7254 -0.6804
vn 0.1331 0.9907 0.0268
vn 0.1336 0.9907 0.0269
vn 0.1327 0.9908 0.0273
vn 0.1319 0.9909 0.0277
vn 0.1328 0.9908 0.0273
vn 0.1325 0.9908 0.0276
vn 0.1500 0.9304 0.3344
vn 0.1478 0.9322 0.3305
vn 0.1453 0.9310 0.3347
vn 0.1435 0.9722 0.1852
vn 0.1444 0.9724 0.1834
vn 0.1428 0.9726 0.1835
vn 0.1491 0.9311 0.3328
vn 0.1516 0.9322 0.3286
vn 0.1469 0.9328 0.3290
vn 0.1428 0.9724 0.1846
vn 0.1432 0.9723 0.1846
vn 0.1425 0.9728 0.1828
vn 0.2637 0.9646 0.0044
vn 0.2636 0.9646 0.0030
vn 0.2669 0.9637 0.0033
vn 0.2621 0.9650 0.0029
vn 0.2654 0.9641 0.0019
vn 0.2654 0.9641 0.0032
vn 0.3415 0.8920 0.2962
vn 0.3395 0.8933 0.2945
vn 0.3388 0.8927 0.2970
vn 0.3070 0.9395 0.1523
vn 0.3052 0.9406 0.1489
vn 0.3043 0.9408 0.1496
vn 0.3406 0.8926 0.2954
vn 0.3414 0.8931 0.2929
vn 0.3387 0.8939 0.2937
vn 0.3064 0.9400 0.1504
vn 0.3058 0.9400 0.1512
vn 0.3031 0.9413 0.1485
vn 0.3820 0.9227 -0.0523
vn 0.4520 0.8882 0.0829
vn 0.4514 0.8889 0.0780
vn 0.4457 0.8914 0.0816
vn 0.3821 0.9226 -0.0524
vn 0.5052 0.8359 0.2147
vn 0.5080 0.8341 0.2151
vn 0.5025 0.8371 0.2164
vn 0.4489 0.8893 0.0870
vn 0.4546 0.8868 0.0834
vn 0.4484 0.8901 0.0821
vn 0.5064 0.8351 0.2149
vn 0.5119 0.8321 0.2136
vn 0.5092 0.8333 0.2153
vn 0.4765 0.8700 -0.1264
vn 0.4769 0.8690 -0.1317
vn 0.4786 0.8686 -0.1287
vn 0.4762 0.8692 -0.1329
vn 0.4783 0.8677 -0.1352
vn 0.4779 0.8688 -0.1299
vn 0.6466 0.7566 0.0974
vn 0.6512 0.7522 0.1006
vn 0.6422 0.7597 0.1022
vn 0.5684 0.8226 -0.0173
vn 0.5691 0.8221 -0.0181
vn 0.5687 0.8224 -0.0162
vn 0.6485 0.7548 0.0988
vn 0.6574 0.7473 0.0972
vn 0.6531 0.7504 0.1019
vn 0.5681 0.8228 -0.0150
vn 0.5685 0.8225 -0.0169
vn 0.5688 0.8223 -0.0157
vn 0.5442 0.8068 -0.2300
vn 0.5456 0.8057 -0.2307
vn 0.5443 0.8063 -0.2317
vn 0.5462 0.8054 -0.2303
vn 0.5469 0.8045 -0.2317
vn 0.5448 0.8060 -0.2313
vn 0.6502 0.7466 -0.1406
vn 0.6560 0.7412 -0.1424
vn 0.6540 0.7438 -0.1382
vn 0.7963 0.5658 -0.2141
vn 0.7986 0.5646 -0.2085
vn 0.7956 0.5683 -0.2099
vn 0.7467 0.6637 -0.0449
vn 0.7481 0.6621 -0.0448
vn 0.7458 0.6648 -0.0432
vn 0.7472 0.6631 -0.0449
vn 0.7495 0.6604 -0.0464
vn 0.7487 0.6614 -0.0448
vn 0.6465 0.7504 -0.1375
vn 0.6486 0.7478 -0.1417
vn 0.6525 0.7449 -0.1392
vn 0.5785 0.7404 -0.3424
vn 0.5805 0.7385 -0.3430
vn 0.5787 0.7394 -0.3441
vn 0.5778 0.6726 -0.4623
vn 0.5793 0.6723 -0.4609
vn 0.5786 0.6732 -0.4605
vn 0.5813 0.7381 -0.3425
vn 0.5816 0.7370 -0.3444
vn 0.5795 0.7389 -0.3437
vn 0.7972 0.4676 -0.3818
vn 0.7988 0.4670 -0.3792
vn 0.7975 0.4687 -0.3798
vn 0.7969 0.5667 -0.2094
vn 0.7998 0.5631 -0.2080
vn 0.7991 0.5655 -0.2038
vn 0.6933 0.6632 -0.2819
vn 0.6936 0.6621 -0.2839
vn 0.6944 0.6629 -0.2800
vn 0.6946 0.6637 -0.2774
vn 0.6938 0.6631 -0.2812
vn 0.6949 0.6626 -0.2793
vn 0.5416 0.6110 -0.5774
vn 0.5416 0.6118 -0.5765
vn 0.5411 0.6105 -0.5784
vn 0.5785 0.6723 -0.4618
vn 0.5799 0.6723 -0.4601
vn 0.5785 0.6725 -0.4616
vn 0.7980 0.4681 -0.3796
vn 0.7993 0.4663 -0.3790
vn 0.7996 0.4674 -0.3770
vn 0.6962 0.5775 -0.4264
vn 0.6953 0.5781 -0.4271
vn 0.6954 0.5785 -0.4263
vn 0.6959 0.5779 -0.4263
vn 0.6959 0.5779 -0.4264
vn 0.6950 0.5790 -0.4263
vn 0.5421 0.6127 -0.5751
vn 0.5416 0.6122 -0.5761
vn 0.5415 0.6113 -0.5771
vn 0.6536 0.4998 -0.5683
vn 0.6539 0.4996 -0.5682
vn 0.6531 0.4991 -0.5696
vn 0.7437 0.3788 -0.5508
vn 0.7474 0.3757 -0.5480
vn 0.7458 0.3812 -0.5463
vn 0.7453 0.3775 -0.5496
vn 0.7468 0.3720 -0.5513
vn 0.7489 0.3745 -0.5467
vn 0.6541 0.4998 -0.5677
vn 0.6535 0.4991 -0.5691
vn 0.6534 0.4993 -0.5690
vn 0.4850 0.5559 -0.6751
vn 0.4734 0.5601 -0.6798
vn 0.4790 0.5524 -0.6822
vn 0.4710 0.5634 -0.6788
vn 0.4650 0.5598 -0.6858
vn 0.4767 0.5557 -0.6812
vn 0.6480 0.3033 -0.6986
vn 0.6464 0.3009 -0.7012
vn 0.6504 0.3047 -0.6958
vn 0.5669 0.4377 -0.6978
vn 0.5775 0.4204 -0.6999
vn 0.6474 0.3022 -0.6997
vn 0.6433 0.2984 -0.7050
vn 0.6457 0.2998 -0.7022
vn 0.3809 0.5261 -0.7604
vn 0.3801 0.5184 -0.7660
vn 0.3746 0.5241 -0.7649
vn 0.3824 0.5160 -0.7665
vn 0.3761 0.5140 -0.7710
vn 0.3769 0.5217 -0.7654
vn 0.5064 0.2486 -0.8257
vn 0.4543 0.3798 -0.8058
vn 0.4503 0.3842 -0.8060
vn 0.4479 0.3778 -0.8104
vn 0.4513 0.3868 -0.8042
vn 0.4449 0.3848 -0.8087
vn 0.4489 0.3805 -0.8085
vn 0.5081 0.2310 -0.8297
vn 0.2622 0.4969 -0.8273
vn 0.2574 0.4962 -0.8292
vn 0.2617 0.4925 -0.8300
vn 0.2663 0.4913 -0.8293
vn 0.2620 0.4950 -0.8285
vn 0.2616 0.4905 -0.8312
vn 0.1326 0.4747 -0.8701
vn 0.1341 0.4742 -0.8702
vn 0.1320 0.4760 -0.8695
vn 0.1332 0.4745 -0.8701
vn 0.1351 0.4726 -0.8708
vn 0.1348 0.4740 -0.8702
vn 0.1461 0.1882 -0.9712
vn 0.1480 0.1855 -0.9714
vn 0.1491 0.1881 -0.9708
vn 0.3404 0.2116 -0.9162
vn 0.3376 0.1942 -0.9211
vn 0.3376 0.1942 -0.9210
vn 0.3013 0.3588 -0.8835
vn 0.3077 0.3330 -0.8913
vn 0.1412 0.3489 -0.9265
vn 0.1416 0.3435 -0.9284
vn 0.1363 0.3464 -0.9281
vn 0.1414 0.3466 -0.9273
vn 0.1474 0.3413 -0.9283
vn 0.1418 0.3413 -0.9292
vn 0.1475 0.1843 -0.9717
vn 0.1505 0.1843 -0.9713
vn 0.1486 0.1870 -0.9711
vn -0.0023 0.4904 -0.8715
vn -0.0056 0.4908 -0.8712
vn -0.0023 0.4875 -0.8731
vn 0.0010 0.4859 -0.8740
vn -0.0023 0.4892 -0.8722
vn -0.0023 0.4863 -0.8738
vn -0.0479 0.1939 -0.9799
vn -0.0479 0.1939 -0.9798
vn -0.0260 0.3507 -0.9361
vn -0.0318 0.3514 -0.9357
vn -0.0255 0.3452 -0.9382
vn -0.0483 0.2114 -0.9762
vn -0.0195 0.3421 -0.9395
vn -0.0258 0.3483 -0.9370
vn -0.0253 0.3428 -0.9391
vn -0.1323 0.5130 -0.8481
vn -0.1332 0.5170 -0.8455
vn -0.1364 0.5141 -0.8468
vn -0.2557 0.5485 -0.7961
vn -0.2523 0.5532 -0.7939
vn -0.2605 0.5507 -0.7930
vn -0.1320 0.5182 -0.8450
vn -0.1360 0.5193 -0.8437
vn -0.1350 0.5154 -0.8462
vn -0.2397 0.2397 -0.9408
vn -0.2378 0.2460 -0.9396
vn -0.2336 0.2380 -0.9427
vn -0.1870 0.3785 -0.9065
vn -0.1956 0.3808 -0.9037
vn -0.1866 0.3872 -0.9029
vn -0.2389 0.2423 -0.9403
vn -0.2435 0.2472 -0.9379
vn -0.2371 0.2486 -0.9391
vn -0.1778 0.3885 -0.9041
vn -0.1868 0.3821 -0.9050
vn -0.1865 0.3908 -0.9014
vn -0.2461 0.5529 -0.7961
vn -0.2509 0.5551 -0.7930
vn -0.2543 0.5505 -0.7952
vn -0.4056 0.3042 -0.8619
vn -0.4094 0.2981 -0.8623
vn -0.3999 0.3017 -0.8655
vn -0.3312 0.4416 -0.8338
vn -0.3348 0.4432 -0.8316
vn -0.3292 0.4385 -0.8363
vn -0.3248 0.4356 -0.8395
vn -0.3304 0.4403 -0.8349
vn -0.3284 0.4371 -0.8373
vn -0.4072 0.3016 -0.8621
vn -0.4167 0.2981 -0.8588
vn -0.4110 0.2955 -0.8624
vn -0.3405 0.6071 -0.7179
vn -0.3424 0.6158 -0.7096
vn -0.3449 0.6102 -0.7132
vn -0.3414 0.6181 -0.7081
vn -0.3457 0.6211 -0.7033
vn -0.3438 0.6126 -0.7117
vn -0.5482 0.3777 -0.7462
vn -0.5492 0.3752 -0.7468
vn -0.5464 0.3765 -0.7481
vn -0.4545 0.5004 -0.7369
vn -0.4522 0.5012 -0.7378
vn -0.4522 0.5013 -0.7377
vn -0.4533 0.5020 -0.7365
vn -0.4535 0.5008 -0.7372
vn -0.4512 0.5017 -0.7380
vn -0.5486 0.3767 -0.7465
vn -0.5513 0.3753 -0.7452
vn -0.5496 0.3741 -0.7470
vn -0.4121 0.6734 -0.6138
vn -0.4159 0.6726 -0.6121
vn -0.4135 0.6751 -0.6110
vn -0.4168 0.6716 -0.6125
vn -0.4182 0.6733 -0.6097
vn -0.4145 0.6741 -0.6114
vn -0.5382 0.5776 -0.6137
vn -0.5348 0.5865 -0.6083
vn -0.5316 0.5825 -0.6149
vn -0.6453 0.4724 -0.6003
vn -0.6455 0.4709 -0.6013
vn -0.6446 0.4716 -0.6017
vn -0.6454 0.4718 -0.6008
vn -0.6462 0.4712 -0.6003
vn -0.6455 0.4703 -0.6017
vn -0.5378 0.5716 -0.6198
vn -0.5410 0.5756 -0.6133
vn -0.5344 0.5805 -0.6144
vn -0.4489 0.7404 -0.5004
vn -0.4488 0.7405 -0.5002
vn -0.4491 0.7412 -0.4989
vn -0.4487 0.7402 -0.5008
vn -0.4490 0.7409 -0.4995
vn -0.6963 0.5695 -0.4369
vn -0.6966 0.5689 -0.4371
vn -0.6962 0.5691 -0.4375
vn -0.6964 0.5692 -0.4370
vn -0.6969 0.5690 -0.4366
vn -0.6967 0.5687 -0.4372
vn -0.5784 0.6636 -0.4745
vn -0.5786 0.6630 -0.4749
vn -0.5758 0.6639 -0.4771
vn -0.5798 0.6627 -0.4740
vn -0.5769 0.6643 -0.4753
vn -0.5770 0.6635 -0.4762
vn -0.4482 0.8081 -0.3823
vn -0.4484 0.8079 -0.3825
vn -0.4468 0.8080 -0.3840
vn -0.4491 0.8077 -0.3819
vn -0.4471 0.8085 -0.3826
vn -0.4475 0.8080 -0.3834
vn -0.6995 0.6638 -0.2646
vn -0.6973 0.6657 -0.2658
vn -0.6999 0.6623 -0.2673
vn -0.6986 0.6646 -0.2651
vn -0.6970 0.6670 -0.2633
vn -0.6964 0.6664 -0.2663
vn -0.5853 0.7419 -0.3270
vn -0.5846 0.7448 -0.3217
vn -0.5805 0.7455 -0.3274
vn -0.5792 0.7441 -0.3328
vn -0.5833 0.7435 -0.3271
vn -0.5785 0.7470 -0.3276
vn -0.4132 0.8694 -0.2708
vn -0.4149 0.8697 -0.2673
vn -0.4120 0.8708 -0.2681
vn -0.4161 0.8692 -0.2670
vn -0.4149 0.8706 -0.2644
vn -0.4132 0.8704 -0.2678
vn -0.5369 0.8220 -0.1899
vn -0.5399 0.8214 -0.1840
vn -0.5345 0.8247 -0.1847
vn -0.6461 0.7569 -0.0981
vn -0.6434 0.7591 -0.0990
vn -0.6445 0.7579 -0.1012
vn -0.6449 0.7580 -0.0982
vn -0.6448 0.7581 -0.0977
vn -0.6422 0.7600 -0.0993
vn -0.5421 0.8200 -0.1838
vn -0.5397 0.8227 -0.1786
vn -0.5367 0.8233 -0.1844
vn -0.3485 0.9230 -0.1634
vn -0.3486 0.9229 -0.1633
vn -0.3465 0.9241 -0.1611
vn -0.2527 0.9647 -0.0741
vn -0.2513 0.9650 -0.0748
vn -0.2514 0.9651 -0.0732
vn -0.3494 0.9225 -0.1642
vn -0.3475 0.9236 -0.1619
vn -0.3474 0.9236 -0.1619
vn -0.5474 0.8351 0.0545
vn -0.5468 0.8355 0.0541
vn -0.5472 0.8353 0.0537
vn -0.4514 0.8902 -0.0614
vn -0.4532 0.8897 -0.0548
vn -0.4471 0.8927 -0.0564
vn -0.4557 0.8885 -0.0541
vn -0.4515 0.8909 -0.0491
vn -0.4498 0.8914 -0.0558
vn -0.5471 0.8353 0.0543
vn -0.5470 0.8354 0.0545
vn -0.5465 0.8357 0.0540
vn -0.2519 0.9648 -0.0760
vn -0.2507 0.9651 -0.0751
vn -0.2521 0.9648 -0.0744
vn -0.4063 0.8957 0.1806
vn -0.4114 0.8931 0.1819
vn -0.4109 0.8942 0.1774
vn -0.3320 0.9419 0.0503
vn -0.3324 0.9417 0.0516
vn -0.3295 0.9427 0.0521
vn -0.3336 0.9413 0.0514
vn -0.3312 0.9421 0.0531
vn -0.3307 0.9423 0.0519
vn -0.4084 0.8947 0.1811
vn -0.4089 0.8935 0.1856
vn -0.4135 0.8921 0.1824
vn -0.1355 0.9907 -0.0123
vn -0.1329 0.9911 -0.0112
vn -0.1328 0.9911 -0.0133
vn -0.1343 0.9908 -0.0146
vn -0.1344 0.9908 -0.0127
vn -0.1317 0.9912 -0.0135
vn -0.0023 0.9998 0.0220
vn -0.0016 0.9998 0.0218
vn -0.0015 0.9998 0.0221
vn -0.0020 0.9998 0.0219
vn -0.0019 0.9998 0.0216
vn -0.0012 0.9998 0.0217
vn -0.0454 0.9446 0.3249
vn -0.0488 0.9437 0.3271
vn -0.0482 0.9447 0.3245
vn -0.2378 0.9328 0.2707
vn -0.2392 0.9321 0.2719
vn -0.2397 0.9326 0.2699
vn -0.1860 0.9739 0.1303
vn -0.1855 0.9739 0.1306
vn -0.1861 0.9738 0.1310
vn -0.1867 0.9736 0.1310
vn -0.1861 0.9738 0.1307
vn -0.1861 0.9737 0.1313
vn -0.0269 0.9836 0.1785
vn -0.0265 0.9839 0.1768
vn -0.0252 0.9836 0.1787
vn -0.0267 0.9837 0.1778
vn -0.0279 0.9840 0.1759
vn -0.0262 0.9840 0.1762
vn -0.0490 0.9433 0.3283
vn -0.0519 0.9433 0.3278
vn -0.0485 0.9443 0.3256
vn -0.2384 0.9325 0.2712
vn -0.2380 0.9321 0.2732
vn -0.2399 0.9318 0.2724
vn -0.0158 0.3072 0.9515
vn -0.1215 -0.0689 0.9902
vn -0.0455 -0.4641 0.8846
vn -0.1352 -0.8378 0.5290
vn -0.1624 0.0030 0.9867
vn -0.0150 -0.9965 -0.0817
vn -0.2191 -0.7166 -0.6622
vn -0.1708 -0.8562 0.4876
vn -0.0381 -0.8621 -0.5053
vn 0.0386 0.0033 -0.9992
vn -0.2018 0.8510 -0.4848
vn 0.0389 0.8616 0.5060
vn -0.3493 0.5835 -0.7332
vn 0.9443 -0.0565 -0.3241
vn 0.9971 -0.0663 0.0381
vn 0.9970 -0.0669 0.0378
vn 0.9833 -0.1476 -0.1068
vn 0.8278 -0.3313 -0.4529
vn 0.8278 -0.3312 -0.4529
vn 0.9970 -0.0591 0.0507
vn 0.9971 -0.0663 0.0372
vn 0.9703 -0.2353 -0.0561
vn 0.9971 -0.0667 0.0376
vn 0.0765 0.8658 -0.4946
vn -0.7050 0.3969 0.5877
vn -0.3680 0.4846 0.7936
vn -0.3681 0.4845 0.7936
vn 0.0373 0.4921 0.8697
vn 0.0377 0.4921 0.8697
vn 0.4364 0.4160 0.7978
vn 0.4367 0.4159 0.7977
vn -0.0767 -0.8660 0.4941
vn 0.4366 -0.4741 -0.7646
vn 0.4365 -0.4741 -0.7646
vn 0.0377 -0.4971 -0.8669
vn 0.0375 -0.4972 -0.8668
vn -0.3678 -0.4355 -0.8216
vn -0.3680 -0.4355 -0.8215
vn -0.7050 -0.3031 -0.6411
vn -0.0156 0.3075 0.9514
vn -0.1214 -0.0688 0.9902
vn -0.0455 -0.4671 0.8830
vn -0.1358 -0.8363 0.5311
vn -0.1627 0.0030 0.9867
vn -0.0144 -0.9965 -0.0826
vn -0.2193 -0.7168 -0.6619
vn -0.1710 -0.8562 0.4876
vn -0.0380 -0.8620 -0.5055
vn 0.0387 0.0053 -0.9992
vn -0.2016 0.8511 -0.4848
vn 0.0386 0.8612 0.5067
vn -0.3489 0.5836 -0.7332
vn -0.0149 0.3077 0.9514
vn -0.1191 -0.0765 0.9899
vn -0.0452 -0.4634 0.8850
vn -0.1355 -0.8371 0.5301
vn -0.1635 0.0060 0.9865
vn -0.0144 -0.9965 -0.0824
vn -0.2193 -0.7169 -0.6618
vn -0.1697 -0.8564 0.4877
vn -0.0384 -0.8615 -0.5064
vn 0.0388 0.0035 -0.9992
vn -0.2009 0.8512 -0.4849
vn 0.0383 0.8617 0.5060
vn -0.3497 0.5827 -0.7336
vn 0.9444 -0.0564 -0.3238
vn 0.9971 -0.0666 0.0380
vn 0.9971 -0.0660 0.0378
vn 0.9833 -0.1478 -0.1064
vn 0.8274 -0.3315 -0.4534
vn 0.9971 -0.0665 0.0376
vn 0.9703 -0.2352 -0.0560
vn 0.9971 -0.0664 0.0374
vn 0.9971 -0.0664 0.0383
vn 0.9971 -0.0658 0.0376
vn 0.9971 -0.0658 0.0381
vn -0.7052 0.3969 0.5875
vn 0.9971 -0.0665 0.0375
vn -0.3679 0.4846 0.7936
vn 0.0374 0.4921 0.8697
vn 0.0375 0.4921 0.8697
vn 0.4366 0.4159 0.7978
vn 0.4367 -0.4741 -0.7646
vn 0.0375 -0.4971 -0.8669
vn 0.0375 -0.4972 -0.8669
vn -0.3679 -0.4355 -0.8215
vn 0.9971 -0.0666 0.0376
vn 0.0003 -0.4950 -0.8689
vn -0.0151 0.3147 0.9491
vn -0.1194 -0.0841 0.9893
vn -0.0453 -0.4611 0.8862
vn -0.1355 -0.8377 0.5290
vn -0.1632 0.0061 0.9866
vn -0.0144 -0.9965 -0.0819
vn -0.2188 -0.7168 -0.6621
vn -0.1705 -0.8564 0.4873
vn -0.0380 -0.8623 -0.5049
vn 0.0387 0.0056 -0.9992
vn -0.2014 0.8511 -0.4849
vn 0.0385 0.8611 0.5070
vn -0.3489 0.5837 -0.7332
vn -0.0153 -0.6610 -0.7503
vn -0.0153 -0.6610 -0.7502
vn 0.0342 -0.9012 -0.4321
vn -0.0823 -0.9952 -0.0537
vn -0.0156 -0.8901 0.4555
vn 0.0879 -0.8627 -0.4980
vn -0.1116 -0.4297 0.8960
vn 0.1711 0.1789 0.9689
vn 0.0176 -0.8692 0.4941
vn -0.0378 -0.0046 0.9993
vn 0.0388 0.8620 0.5054
vn 0.3484 0.8148 -0.4634
vn 0.0384 0.0039 -0.9993
vn 0.4775 0.8734 -0.0959
vn -0.9161 0.3744 0.1434
vn -0.9971 0.0664 -0.0383
vn -0.9970 0.0667 -0.0381
vn -0.9971 0.0663 -0.0377
vn -0.9970 0.0671 -0.0390
vn -0.9971 0.0660 -0.0391
vn -0.9833 0.1475 0.1069
vn -0.8269 0.3312 0.4544
vn -0.9970 0.0591 -0.0507
vn -0.9971 0.0665 -0.0372
vn -0.9971 0.0670 -0.0366
vn -0.9859 0.0587 0.1568
vn -0.9971 0.0662 -0.0372
vn -0.9971 0.0667 -0.0375
vn -0.9971 0.0663 -0.0368
vn -0.9971 0.0668 -0.0361
vn 0.7054 -0.3969 -0.5873
vn 0.3678 -0.4847 -0.7936
vn 0.3681 -0.4846 -0.7935
vn -0.0377 -0.4922 -0.8697
vn -0.0377 -0.4921 -0.8697
vn -0.4367 -0.4159 -0.7977
vn -0.4364 -0.4160 -0.7978
vn -0.0763 -0.8665 0.4933
vn -0.4366 0.4741 0.7646
vn -0.4367 0.4741 0.7646
vn -0.0376 0.4972 0.8668
vn -0.0375 0.4971 0.8669
vn 0.3680 0.4354 0.8216
vn 0.3680 0.4355 0.8215
vn 0.0003 0.4950 0.8689
vn -0.0156 -0.6586 -0.7523
vn 0.0339 -0.9007 -0.4331
vn -0.0830 -0.9951 -0.0538
vn -0.0156 -0.8907 0.4543
vn 0.0876 -0.8631 -0.4973
vn -0.1115 -0.4318 0.8951
vn 0.1712 0.1789 0.9689
vn 0.0191 -0.8689 0.4946
vn 0.0381 0.8620 0.5054
vn 0.3488 0.8143 -0.4639
vn 0.0384 0.0040 -0.9993
vn 0.4775 0.8733 -0.0964
vn -0.0143 -0.6610 -0.7503
vn 0.0343 -0.9005 -0.4335
vn -0.0839 -0.9951 -0.0519
vn -0.0156 -0.8909 0.4539
vn 0.0873 -0.8626 -0.4983
vn -0.1108 -0.4317 0.8952
vn 0.1714 0.1767 0.9692
vn 0.0190 -0.8691 0.4944
vn -0.0379 -0.0046 0.9993
vn 0.0387 0.8625 0.5045
vn 0.3483 0.8143 -0.4644
vn 0.4776 0.8733 -0.0962
vn -0.9162 0.3742 0.1431
vn -0.9833 0.1476 0.1070
vn -0.8278 0.3313 0.4528
vn -0.9970 0.0663 -0.0387
vn -0.9971 0.0665 -0.0381
vn -0.9859 0.0586 0.1566
vn -0.9971 0.0659 -0.0377
vn -0.9971 0.0663 -0.0375
vn -0.9971 0.0666 -0.0373
vn -0.9971 0.0666 -0.0370
vn -0.9971 0.0664 -0.0364
vn -0.9971 0.0670 -0.0367
vn 0.0003 -0.4951 -0.8689
vn 0.3683 -0.4846 -0.7935
vn 0.3678 -0.4846 -0.7937
vn -0.0375 -0.4921 -0.8697
vn -0.0373 -0.4922 -0.8697
vn -0.4365 -0.4159 -0.7978
vn 0.3679 0.4356 0.8215
vn 0.7052 0.3029 0.6410
vn 0.7049 0.3030 0.6413
vn -0.0153 -0.6590 -0.7520
vn 0.0343 -0.9007 -0.4331
vn -0.0835 -0.9950 -0.0542
vn -0.0174 -0.8906 0.4544
vn 0.0874 -0.8634 -0.4970
vn -0.1115 -0.4316 0.8951
vn 0.1714 0.1744 0.9696
vn 0.0195 -0.8689 0.4946
vn -0.0381 -0.0040 0.9993
vn 0.0381 0.8627 0.5043
vn 0.3486 0.8143 -0.4641
vn 0.4773 0.8735 -0.0960
vn 0.9631 -0.1926 -0.1880
vn 0.7049 -0.3970 -0.5878
vn 0.7049 -0.3970 -0.5877
vn 0.2575 -0.4953 -0.8297
vn 0.2577 -0.4953 -0.8296
vn 0.2588 -0.4951 -0.8294
vn 0.0771 0.8655 -0.4950
vn 0.0765 0.8656 -0.4948
vn 0.0759 0.8651 -0.4959
vn 0.0764 0.8660 -0.4942
vn 0.0766 0.8655 -0.4950
vn 0.0759 0.8657 -0.4947
vn 0.0764 0.8667 -0.4930
vn 0.2912 -0.4928 -0.8200
vn 0.0589 -0.4981 -0.8651
vn 0.0593 -0.4981 -0.8651
vn -0.0004 -0.4950 -0.8689
vn -0.2909 -0.4541 -0.8421
vn -0.0591 -0.4902 -0.8696
vn -0.1762 -0.4754 -0.8619
vn 0.8252 -0.4907 0.2796
vn 0.8253 -0.4907 0.2795
vn -0.9017 -0.3757 0.2140
vn -0.8253 0.4907 -0.2795
vn 0.9017 0.3756 -0.2140
vn -0.4705 -0.1270 -0.8732
vn 0.0435 0.0871 -0.9952
vn 0.5140 -0.1926 -0.8359
vn 0.4704 -0.6864 -0.5546
vn -0.0436 -0.9005 -0.4326
vn -0.5140 -0.6208 -0.5919
vn 0.8253 -0.4907 0.2796
vn -0.9017 -0.3756 0.2140
vn 0.9017 0.3757 -0.2140
vn -0.4704 -0.1269 -0.8733
vn 0.0436 0.0872 -0.9952
vn 0.5141 -0.1925 -0.8359
vn 0.4704 -0.6864 -0.5545
vn -0.0436 -0.9006 -0.4326
vn 0.0766 0.8532 -0.5159
vn 0.0794 0.8276 -0.5557
vn 0.0857 0.7970 -0.5979
vn 0.0951 0.7654 -0.6365
vn 0.1071 0.7317 -0.6731
vn 0.1221 0.6966 -0.7069
vn 0.1406 0.6570 -0.7407
vn 0.1615 0.6166 -0.7706
vn 0.1852 0.5732 -0.7982
vn 0.2105 0.5316 -0.8204
vn 0.2390 0.4826 -0.8426
vn 0.2395 0.4822 -0.8427
vn 0.2069 0.4459 -0.8709
vn 0.1776 0.4039 -0.8974
vn 0.1497 0.3637 -0.9194
vn 0.1256 0.3153 -0.9407
vn 0.1035 0.2712 -0.9569
vn 0.0846 0.2235 -0.9710
vn 0.0690 0.1773 -0.9817
vn 0.0560 0.1257 -0.9905
vn 0.0463 0.0795 -0.9958
vn 0.0399 0.0295 -0.9988
vn 0.0365 -0.0222 -0.9991
vn 0.0364 -0.0684 -0.9970
vn 0.0395 -0.1218 -0.9918
vn 0.0457 -0.1682 -0.9847
vn 0.0552 -0.2180 -0.9744
vn 0.0678 -0.2710 -0.9602
vn 0.0833 -0.3169 -0.9448
vn 0.1019 -0.3646 -0.9256
vn 0.1232 -0.4108 -0.9034
vn 0.1476 -0.4555 -0.8779
vn 0.1737 -0.5000 -0.8484
vn 0.1732 -0.5008 -0.8481
vn 0.2391 0.4835 -0.8420
vn 0.2390 0.4828 -0.8425
vn 0.1738 -0.4999 -0.8485
vn 0.1739 -0.4990 -0.8490
vn 0.1394 -0.5427 -0.8283
vn 0.1082 -0.5820 -0.8059
vn 0.0795 -0.6231 -0.7781
vn 0.0531 -0.6599 -0.7495
vn 0.0298 -0.6967 -0.7167
vn 0.0101 -0.7299 -0.6835
vn -0.0063 -0.7636 -0.6457
vn -0.0199 -0.7923 -0.6097
vn -0.0298 -0.8221 -0.5686
vn -0.0366 -0.8490 -0.5272
vn -0.0398 -0.8745 -0.4834
vn -0.0396 -0.8974 -0.4393
vn -0.0363 -0.9180 -0.3949
vn -0.0295 -0.9372 -0.3475
vn -0.0191 -0.9538 -0.2998
vn -0.0058 -0.9680 -0.2509
vn 0.0110 -0.9794 -0.2016
vn 0.0309 -0.9879 -0.1518
vn 0.0543 -0.9934 -0.1013
vn 0.0801 -0.9955 -0.0507
vn 0.1087 -0.9941 -0.0003
vn 0.1087 -0.9941 -0.0002
vn 0.0761 -0.9960 0.0478
vn 0.0465 -0.9943 0.0964
vn 0.0197 -0.9892 0.1450
vn -0.0043 -0.9812 0.1929
vn -0.0244 -0.9702 0.2412
vn -0.0418 -0.9564 0.2891
vn -0.0558 -0.9403 0.3357
vn -0.0660 -0.9217 0.3823
vn -0.0731 -0.9006 0.4284
vn -0.0763 -0.8786 0.4714
vn -0.0766 -0.8532 0.5159
vn -0.0728 -0.8278 0.5562
vn -0.0665 -0.7986 0.5981
vn -0.0555 -0.7686 0.6373
vn -0.0418 -0.7358 0.6759
vn -0.0248 -0.7037 0.7100
vn -0.0038 -0.6670 0.7451
vn 0.0193 -0.6291 0.7771
vn 0.0466 -0.5894 0.8065
vn 0.0760 -0.5500 0.8317
vn 0.1085 -0.5060 0.8557
vn 0.1089 -0.5055 0.8559
vn 0.0800 -0.4630 0.8827
vn 0.0540 -0.4202 0.9058
vn 0.0309 -0.3750 0.9265
vn 0.0111 -0.3246 0.9458
vn -0.0059 -0.2769 0.9609
vn -0.0193 -0.2288 0.9733
vn -0.0294 -0.1810 0.9830
vn -0.0363 -0.1276 0.9912
vn -0.0398 -0.0794 0.9960
vn -0.0399 -0.0296 0.9988
vn -0.0365 0.0222 0.9991
vn -0.0299 0.0684 0.9972
vn -0.0199 0.1202 0.9925
vn -0.0065 0.1664 0.9860
vn 0.0101 0.2143 0.9767
vn 0.0302 0.2655 0.9636
vn 0.0302 0.2655 0.9637
vn 0.0530 0.3061 0.9505
vn 0.0791 0.3534 0.9321
vn 0.1081 0.3948 0.9124
vn 0.1401 0.4371 0.8884
vn 0.1737 0.4766 0.8618
vn 0.1733 0.4771 0.8616
vn 0.1087 -0.5067 0.8552
vn 0.1086 -0.5063 0.8555
vn 0.1737 0.4762 0.8620
vn 0.1740 0.4756 0.8623
vn 0.1470 0.5241 0.8389
vn 0.1234 0.5683 0.8135
vn 0.1023 0.6094 0.7862
vn 0.0834 0.6496 0.7557
vn 0.0677 0.6899 0.7207
vn 0.0554 0.7256 0.6859
vn 0.0458 0.7596 0.6488
vn 0.0396 0.7915 0.6098
vn 0.0364 0.8220 0.5683
vn 0.0364 0.8488 0.5275
vn 0.0397 0.8749 0.4826
vn 0.0464 0.8963 0.4410
vn 0.0560 0.9172 0.3944
vn 0.0690 0.9346 0.3488
vn 0.0848 0.9492 0.3029
vn 0.1035 0.9615 0.2545
vn 0.1253 0.9702 0.2072
vn 0.1500 0.9759 0.1585
vn 0.1772 0.9780 0.1099
vn 0.2073 0.9763 0.0619
vn 0.2391 0.9709 0.0135
vn 0.2392 0.9709 0.0136
vn 0.2109 0.9768 -0.0369
vn 0.1850 0.9788 -0.0879
vn 0.1613 0.9773 -0.1376
vn 0.1405 0.9720 -0.1883
vn 0.1225 0.9636 -0.2375
vn 0.1072 0.9521 -0.2863
vn 0.0947 0.9378 -0.3339
vn 0.0859 0.9204 -0.3815
vn 0.0796 0.9006 -0.4274
vn 0.0763 0.8787 -0.4713
vn -0.9971 0.0661 -0.0378
vn -0.9971 0.0662 -0.0378
vn -0.9971 0.0662 -0.0377
vn -0.9971 0.0664 -0.0377
vn -0.9971 0.0667 -0.0378
vn -0.9971 0.0664 -0.0380
vn -0.9971 0.0663 -0.0380
vn -0.9971 0.0665 -0.0376
vn -0.9971 0.0662 -0.0383
vn -0.9971 0.0665 -0.0380
vn -0.9971 0.0666 -0.0381
vn -0.9971 0.0662 -0.0382
vn -0.9971 0.0663 -0.0383
vn -0.9970 0.0665 -0.0383
vn -0.9970 0.0667 -0.0379
vn -0.9971 0.0659 -0.0378
vn -0.9971 0.0665 -0.0377
vn -0.9971 0.0668 -0.0378
vn -0.9971 0.0664 -0.0376
vn -0.9971 0.0661 -0.0376
vn -0.9971 0.0666 -0.0374
vn -0.9971 0.0666 -0.0379
vn -0.9971 0.0663 -0.0374
vn -0.9971 0.0665 -0.0374
vn -0.9971 0.0663 -0.0381
vn -0.9971 0.0664 -0.0381
vn -0.9971 0.0668 -0.0379
vn -0.9971 0.0664 -0.0382
vn -0.9971 0.0664 -0.0374
vn -0.9971 0.0665 -0.0375
vn -0.9971 0.0665 -0.0383
vn -0.9971 0.0664 -0.0373
vn -0.9971 0.0666 -0.0380
vn -0.9970 0.0669 -0.0378
vn -0.9971 0.0662 -0.0374
vn -0.9971 0.0663 -0.0372
vn -0.9971 0.0668 -0.0375
vn -0.9971 0.0661 -0.0379
vn -0.9971 0.0662 -0.0380
vn -0.9971 0.0666 -0.0377
vn -0.9971 0.0667 -0.0379
vn -0.9971 0.0661 -0.0374
vn -0.9971 0.0667 -0.0376
vn -0.9971 0.0667 -0.0380
vn -0.9971 0.0664 -0.0372
vn 0.0019 -0.4747 -0.8801
vn 0.0015 -0.4280 -0.9038
vn -0.0028 -0.3814 -0.9244
vn -0.0115 -0.3366 -0.9416
vn -0.0241 -0.2846 -0.9583
vn -0.0408 -0.2372 -0.9706
vn -0.0615 -0.1873 -0.9804
vn -0.0858 -0.1373 -0.9868
vn -0.1141 -0.0853 -0.9898
vn -0.1450 -0.0308 -0.9890
vn -0.1795 0.0187 -0.9836
vn -0.1795 0.0183 -0.9836
vn -0.1792 0.0188 -0.9836
vn -0.1794 0.0175 -0.9836
vn -0.1796 0.0179 -0.9836
vn -0.1797 0.0173 -0.9836
vn -0.1388 0.0642 -0.9882
vn -0.1006 0.1137 -0.9884
vn -0.0663 0.1584 -0.9851
vn -0.0354 0.2081 -0.9775
vn -0.0081 0.2529 -0.9674
vn 0.0150 0.3025 -0.9530
vn 0.0336 0.3473 -0.9371
vn 0.0485 0.3918 -0.9188
vn 0.0592 0.4364 -0.8978
vn 0.0651 0.4808 -0.8744
vn 0.0672 0.5228 -0.8498
vn 0.0646 0.5682 -0.8204
vn 0.0581 0.6063 -0.7931
vn 0.0473 0.6454 -0.7624
vn 0.0320 0.6839 -0.7289
vn 0.0123 0.7210 -0.6929
vn -0.0114 0.7540 -0.6567
vn -0.0387 0.7848 -0.6185
vn -0.0694 0.8139 -0.5768
vn -0.1044 0.8392 -0.5336
vn -0.1422 0.8601 -0.4900
vn -0.1419 0.8599 -0.4903
vn -0.1418 0.8598 -0.4906
vn -0.1416 0.8596 -0.4909
vn -0.1051 0.8871 -0.4495
vn -0.0699 0.9110 -0.4065
vn -0.0384 0.9323 -0.3597
vn -0.0109 0.9494 -0.3137
vn 0.0128 0.9640 -0.2656
vn 0.0320 0.9756 -0.2171
vn 0.0473 0.9846 -0.1681
vn 0.0583 0.9914 -0.1173
vn 0.0649 0.9956 -0.0679
vn 0.0672 0.9976 -0.0179
vn 0.0654 0.9973 0.0318
vn 0.0591 0.9949 0.0812
vn 0.0486 0.9903 0.1303
vn 0.0338 0.9831 0.1800
vn 0.0148 0.9738 0.2269
vn -0.0080 0.9618 0.2738
vn -0.0355 0.9463 0.3212
vn -0.0663 0.9291 0.3639
vn -0.1008 0.9075 0.4077
vn -0.1384 0.8839 0.4467
vn -0.1795 0.8557 0.4854
vn -0.1790 0.8560 0.4851
vn -0.1790 0.8560 0.4850
vn -0.1786 0.8563 0.4846
vn -0.1453 0.8341 0.5321
vn -0.1141 0.8087 0.5771
vn -0.0859 0.7790 0.6211
vn -0.0614 0.7475 0.6614
vn -0.0409 0.7153 0.6976
vn -0.0239 0.6781 0.7346
vn -0.0116 0.6379 0.7701
vn -0.0029 0.6003 0.7998
vn 0.0015 0.5584 0.8295
vn 0.0018 0.5165 0.8563
vn -0.0019 0.4729 0.8811
vn -0.0099 0.4284 0.9035
vn -0.0218 0.3861 0.9222
vn -0.0381 0.3370 0.9407
vn -0.0579 0.2970 0.9531
vn -0.0822 0.2426 0.9666
vn -0.1100 0.2003 0.9735
vn -0.1410 0.1510 0.9784
vn -0.1765 0.1028 0.9789
vn -0.2135 0.0590 0.9752
vn -0.2541 0.0101 0.9671
vn -0.2542 0.0104 0.9671
vn -0.2206 -0.0437 0.9744
vn -0.1888 -0.0930 0.9776
vn -0.1612 -0.1453 0.9762
vn -0.1363 -0.1951 0.9713
vn -0.1147 -0.2450 0.9627
vn -0.0970 -0.2950 0.9506
vn -0.0836 -0.3424 0.9358
vn -0.0733 -0.3915 0.9172
vn -0.0672 -0.4383 0.8963
vn -0.0654 -0.4787 0.8755
vn -0.0670 -0.5266 0.8475
vn -0.0731 -0.5644 0.8222
vn -0.0827 -0.6056 0.7914
vn -0.0963 -0.6442 0.7588
vn -0.1142 -0.6770 0.7270
vn -0.1354 -0.7129 0.6881
vn -0.1602 -0.7434 0.6494
vn -0.1891 -0.7694 0.6101
vn -0.2194 -0.7958 0.5644
vn -0.2549 -0.8147 0.5208
vn -0.2911 -0.8312 0.4736
vn -0.2915 -0.8312 0.4735
vn -0.2550 -0.8633 0.4354
vn -0.2202 -0.8923 0.3942
vn -0.1883 -0.9168 0.3520
vn -0.1606 -0.9380 0.3073
vn -0.1355 -0.9556 0.2615
vn -0.1144 -0.9702 0.2137
vn -0.0964 -0.9815 0.1654
vn -0.0830 -0.9897 0.1169
vn -0.0727 -0.9951 0.0672
vn -0.0671 -0.9976 0.0179
vn -0.0652 -0.9974 -0.0321
vn -0.0673 -0.9944 -0.0819
vn -0.0733 -0.9886 -0.1313
vn -0.0832 -0.9799 -0.1811
vn -0.0974 -0.9680 -0.2311
vn -0.1146 -0.9534 -0.2790
vn -0.1364 -0.9350 -0.3274
vn -0.1613 -0.9130 -0.3746
vn -0.1884 -0.8890 -0.4174
vn -0.2205 -0.8591 -0.4619
vn -0.2541 -0.8268 -0.5019
vn -0.2545 -0.8265 -0.5021
vn -0.2138 -0.8095 -0.5468
vn -0.1755 -0.7899 -0.5876
vn -0.1416 -0.7648 -0.6285
vn -0.1100 -0.7366 -0.6673
vn -0.0824 -0.7046 -0.7048
vn -0.0578 -0.6727 -0.7377
vn -0.0382 -0.6366 -0.7703
vn -0.0217 -0.5980 -0.8012
vn -0.0099 -0.5587 -0.8293
vn -0.0019 -0.5150 -0.8572
vn -0.9686 -0.1752 -0.1766
vn -0.9792 -0.1764 0.1005
vn -0.9686 0.0626 0.2408
vn -0.9473 0.3029 0.1039
vn -0.9368 0.3041 -0.1732
vn -0.9474 0.0651 -0.3135
vn -0.7049 -0.3030 -0.6414
vn 0.9680 0.0541 0.2449
vn 0.9622 0.0548 0.2666
vn 0.7034 0.2862 0.6506
vn 0.7465 0.2872 0.6002
vn 0.2560 0.4378 0.8619
vn 0.3536 0.4548 0.8174
vn -0.2604 0.4675 0.8448
vn -0.1201 0.5200 0.8457
vn -0.4239 0.4763 0.7704
vn -0.4938 0.4741 0.7290
vn -0.5711 0.3616 0.7370
vn -0.7068 0.3745 0.6002
vn -0.7067 0.3745 0.6002
vn -0.8242 0.2526 0.5069
vn -0.8645 0.3148 0.3918
vn -0.9025 0.2706 0.3352
vn -0.9653 0.1597 0.2067
vn -0.9530 0.1901 0.2359
vn -0.9817 0.1409 0.1283
vn -0.9952 0.0964 0.0150
vn -0.4374 -0.3589 0.8245
vn -0.4590 -0.2403 0.8553
vn -0.3408 -0.3254 0.8820
vn -0.3472 -0.2341 0.9081
vn -0.2329 -0.2983 0.9256
vn -0.2302 -0.2403 0.9430
vn -0.1158 -0.2789 0.9533
vn -0.1125 -0.2577 0.9596
vn 0.0056 -0.2865 0.9580
vn 0.0045 -0.2663 0.9639
vn 0.1209 -0.3218 0.9391
vn 0.1245 -0.2639 0.9565
vn 0.2436 -0.2736 0.9305
vn 0.2272 -0.3631 0.9036
vn 0.3571 -0.2950 0.8863
vn 0.3227 -0.4095 0.8533
vn 0.9952 -0.0363 0.0904
vn 0.9596 0.0314 0.2798
vn 0.9792 0.0103 0.2028
vn 0.9492 0.0634 0.3081
vn 0.9026 0.1503 0.4035
vn 0.8096 0.1438 0.5691
vn 0.8666 0.1994 0.4575
vn 0.7028 0.2806 0.6537
vn 0.7027 0.2806 0.6538
vn 0.5567 0.2862 0.7799
vn 0.2555 0.4331 0.8644
vn 0.4958 0.4082 0.7665
vn 0.4239 0.4197 0.8026
vn -0.2600 0.4722 0.8423
vn 0.1239 0.5037 0.8549
vn -0.7064 0.3801 0.5971
vn -0.3510 0.5018 0.7906
vn -0.9639 0.1831 0.1935
vn -0.7450 0.3866 0.5436
vn -0.9680 0.1831 0.1714
vn 0.4797 -0.4979 0.7224
vn 0.5714 -0.4155 0.7077
vn 0.5468 -0.5431 0.6372
vn 0.6191 -0.4853 0.6174
vn 0.5985 -0.5910 0.5408
vn 0.6455 -0.5573 0.5222
vn 0.6334 -0.6401 0.4347
vn 0.6499 -0.6294 0.4261
vn 0.6334 -0.7004 0.3289
vn 0.6498 -0.6875 0.3241
vn 0.5988 -0.7665 0.2325
vn 0.6454 -0.7335 0.2131
vn 0.6192 -0.7785 0.1026
vn 0.5468 -0.8251 0.1422
vn 0.5712 -0.8208 -0.0034
vn 0.4797 -0.8754 0.0600
vn 0.8338 0.2159 0.5082
vn 0.9126 0.1386 0.3846
vn 0.8338 0.2159 0.5081
vn 0.9664 0.0575 0.2506
vn 0.9936 -0.0252 0.1097
vn 0.9936 -0.1072 -0.0342
vn 0.9664 -0.1863 -0.1772
vn 0.9126 -0.2602 -0.3154
vn 0.9664 -0.1862 -0.1772
vn 0.8338 -0.3270 -0.4449
vn 0.9126 -0.2605 -0.3153
vn 0.8338 -0.3270 -0.4448
vn -0.9680 -0.0541 -0.2449
vn -0.9639 -0.0731 -0.2562
vn -0.7063 -0.3198 -0.6315
vn -0.7450 -0.2704 -0.6098
vn -0.2600 -0.4837 -0.8357
vn -0.3510 -0.4242 -0.8348
vn 0.2555 -0.5227 -0.8134
vn 0.1238 -0.4785 -0.8693
vn 0.4239 -0.4763 -0.7704
vn 0.4958 -0.4512 -0.7420
vn 0.5568 -0.5248 -0.6439
vn 0.7028 -0.4192 -0.5747
vn 0.7027 -0.4193 -0.5748
vn 0.8096 -0.4162 -0.4138
vn 0.8666 -0.2918 -0.4048
vn 0.9025 -0.2706 -0.3352
vn 0.9596 -0.2246 -0.1697
vn 0.9492 -0.2328 -0.2117
vn 0.9792 -0.1692 -0.1122
vn 0.9952 -0.0963 -0.0149
vn 0.3226 -0.9429 -0.0830
vn 0.3571 -0.9128 -0.1982
vn 0.2272 -0.9625 -0.1484
vn 0.2436 -0.9399 -0.2392
vn 0.1208 -0.9719 -0.2020
vn 0.1245 -0.9574 -0.2607
vn 0.0056 -0.9703 -0.2420
vn 0.0045 -0.9649 -0.2627
vn -0.1158 -0.9622 -0.2466
vn -0.1124 -0.9571 -0.2672
vn -0.2329 -0.9483 -0.2155
vn -0.2302 -0.9337 -0.2742
vn -0.3472 -0.9006 -0.2616
vn -0.3408 -0.9246 -0.1701
vn -0.4589 -0.8584 -0.2292
vn -0.4375 -0.8922 -0.1118
vn -0.9952 0.0362 -0.0906
vn -0.9653 -0.0964 -0.2428
vn -0.9817 -0.0385 -0.1866
vn -0.9530 -0.1060 -0.2839
vn -0.9025 -0.1503 -0.4036
vn -0.8241 -0.3073 -0.4758
vn -0.8645 -0.1765 -0.4706
vn -0.7067 -0.3253 -0.6283
vn -0.7066 -0.3254 -0.6284
vn -0.5712 -0.4497 -0.6867
vn -0.2603 -0.4883 -0.8329
vn -0.4939 -0.3853 -0.7795
vn -0.4239 -0.4198 -0.8026
vn 0.2559 -0.5181 -0.8161
vn -0.1202 -0.4623 -0.8786
vn 0.7034 -0.4137 -0.5780
vn 0.3536 -0.4711 -0.8081
vn 0.9622 -0.2014 -0.1831
vn 0.7465 -0.3698 -0.5532
vn 0.9680 -0.1831 -0.1714
vn -0.5946 -0.8038 0.0192
vn -0.6731 -0.7378 -0.0507
vn -0.6604 -0.7447 0.0963
vn -0.7229 -0.6891 0.0516
vn -0.7108 -0.6792 0.1828
vn -0.7512 -0.6404 0.1600
vn -0.7437 -0.6086 0.2766
vn -0.7577 -0.5938 0.2707
vn -0.7436 -0.5484 0.3825
vn -0.7577 -0.5357 0.3727
vn -0.7108 -0.5036 0.4911
vn -0.7512 -0.4642 0.4692
vn -0.7230 -0.3957 0.5663
vn -0.6605 -0.4625 0.5914
vn -0.6732 -0.3326 0.6604
vn -0.5945 -0.4265 0.6817
vn -0.9916 0.0143 -0.1285
vn -0.9483 -0.0898 -0.3045
vn -0.7410 -0.2818 -0.6095
vn -0.7410 -0.2819 -0.6095
vn -0.5861 -0.3614 -0.7252
vn -0.5860 -0.3614 -0.7252
vn -0.4055 -0.4252 -0.8092
vn -0.2073 -0.4704 -0.8578
vn 0.2073 -0.4980 -0.8420
vn 0.4055 -0.4792 -0.7784
vn 0.5861 -0.4395 -0.6807
vn 0.7410 -0.3806 -0.5533
vn 0.7409 -0.3806 -0.5533
vn 0.9483 -0.2162 -0.2325
vn 0.9916 -0.1178 -0.0532
vn 0.9483 -0.2161 -0.2325
vn 0.9916 -0.0143 0.1285
vn 0.9483 0.0898 0.3045
vn 0.7409 0.2819 0.6096
vn 0.7410 0.2818 0.6095
vn 0.5861 0.3614 0.7252
vn 0.4055 0.4252 0.8092
vn 0.2073 0.4704 0.8578
vn -0.2073 0.4980 0.8420
vn -0.4055 0.4792 0.7784
vn -0.5861 0.4395 0.6807
vn -0.7410 0.3806 0.5533
vn -0.5860 0.4395 0.6807
vn -0.9483 0.2161 0.2325
vn -0.9916 0.1178 0.0532
vn 0.1042 0.4853 0.8681
vn 0.3081 0.4502 0.8381
vn 0.6671 0.3234 0.6711
vn 0.6672 0.3234 0.6710
vn 0.8066 0.2372 0.5414
vn 0.8067 0.2372 0.5413
vn 0.9109 0.1406 0.3880
vn 0.9108 0.1406 0.3880
vn 0.9753 0.0380 0.2177
vn 0.9753 0.0379 0.2177
vn 0.9753 -0.1679 -0.1436
vn 0.9109 -0.2620 -0.3188
vn 0.8066 -0.3447 -0.4801
vn 0.9108 -0.2620 -0.3189
vn 0.6672 -0.4123 -0.6204
vn 0.8065 -0.3450 -0.4801
vn 0.3081 -0.4913 -0.8147
vn 0.1042 -0.4992 -0.8602
vn 0.1043 -0.4992 -0.8602
vn -0.1042 -0.4853 -0.8681
vn -0.3081 -0.4502 -0.8381
vn -0.1043 -0.4853 -0.8681
vn -0.6672 -0.3234 -0.6710
vn -0.8066 -0.2372 -0.5413
vn -0.8066 -0.2372 -0.5414
vn -0.9109 -0.1406 -0.3880
vn -0.9109 -0.1407 -0.3880
vn -0.9753 -0.0380 -0.2177
vn -0.9753 -0.0379 -0.2177
vn -0.9753 0.1679 0.1436
vn -0.9109 0.2620 0.3188
vn -0.9109 0.2620 0.3189
vn -0.8067 0.3446 0.4801
vn -0.8066 0.3447 0.4801
vn -0.6672 0.4123 0.6204
vn -0.3081 0.4913 0.8147
vn -0.1042 0.4992 0.8602
vn -0.1042 0.4993 0.8602
s 0
usemtl mat8.001
f 1//1 2//1 3//1
f 4//2 2//2 1//2
f 2//3 5//3 3//3
f 3//4 6//4 7//4
f 5//5 6//5 3//5
f 7//6 8//6 9//6
f 6//7 8//7 7//7
f 8//8 10//8 9//8
f 11//9 12//10 13//11
f 14//11 15//11 13//12
f 13//13 15//14 11//14
f 12//15 16//16 13//17
f 14//11 17//18 15//11
f 14//19 18//19 17//20
f 18//21 3//22 16//23
f 16//24 3//25 7//11
f 9//26 19//26 7//26
f 20//11 19//11 9//11
f 21//27 19//27 20//27
f 7//11 19//11 16//11
f 16//28 19//11 13//29
f 3//30 22//31 1//32
f 1//33 22//34 21//34
f 21//11 22//35 19//11
f 14//11 22//36 18//11
f 18//11 22//37 3//38
f 23//39 24//40 25//40
f 25//41 24//42 26//43
f 27//44 24//45 23//46
f 24//47 28//48 26//49
f 26//50 22//50 14//50
f 28//51 22//51 26//51
f 29//52 30//52 31//52
f 29//53 32//53 30//53
f 33//54 32//54 29//54
f 30//55 34//55 31//55
f 31//55 34//55 35//55
f 33//55 36//55 32//55
f 34//52 37//52 35//52
f 38//56 39//57 40//58
f 41//59 39//60 38//61
f 37//54 42//54 35//54
f 35//52 42//52 41//52
f 42//62 43//62 41//62
f 41//63 44//63 39//64
f 43//65 44//65 41//65
f 37//66 45//66 42//66
f 44//67 46//68 39//69
f 47//70 46//71 44//72
f 47//73 48//74 46//75
f 49//76 48//77 47//78
f 50//79 51//52 37//52
f 37//52 51//80 45//52
f 50//81 52//82 51//83
f 53//84 54//85 55//86
f 53//87 56//88 54//89
f 57//90 58//91 59//92
f 58//93 60//94 59//95
f 56//73 61//96 54//97
f 60//98 61//99 59//100
f 59//101 61//102 56//103
f 61//104 62//105 54//106
f 63//107 64//108 65//107
f 63//109 66//109 64//110
f 67//111 68//111 69//112
f 68//113 70//113 69//114
f 69//115 71//116 67//117
f 72//118 71//119 69//120
f 62//55 73//121 54//122
f 54//123 73//124 63//54
f 74//125 73//126 75//127
f 75//128 73//129 62//130
f 73//131 76//132 63//132
f 63//52 76//52 66//52
f 75//82 77//133 74//134
f 78//135 77//136 75//137
f 79//138 80//139 76//140
f 76//67 80//141 66//67
f 81//142 82//143 79//144
f 79//145 82//146 80//147
f 83//54 84//54 50//72
f 85//53 86//53 83//53
f 83//54 86//54 84//54
f 70//54 87//148 69//149
f 84//54 88//54 50//150
f 72//151 88//55 71//152
f 50//104 88//54 52//153
f 52//154 88//53 72//155
f 85//53 89//53 86//53
f 78//53 90//53 77//53
f 91//156 90//54 78//54
f 91//55 92//157 90//55
f 93//158 92//159 91//160
f 94//161 92//162 93//163
f 94//164 95//165 92//166
f 87//167 95//168 94//169
f 87//170 13//171 95//172
f 88//52 96//52 71//173
f 71//174 96//175 97//175
f 98//176 99//177 100//178
f 101//179 99//180 98//181
f 36//54 102//54 85//54
f 85//55 102//55 89//55
f 103//182 104//183 105//184
f 104//185 106//186 105//187
f 105//188 107//189 99//190
f 99//191 107//192 100//193
f 106//194 107//195 105//196
f 107//197 108//198 100//199
f 108//151 109//200 100//201
f 33//52 110//52 36//52
f 36//54 110//54 102//54
f 111//54 14//202 13//203
f 112//204 14//205 111//206
f 113//207 14//208 112//209
f 114//210 14//211 113//212
f 114//213 26//214 14//215
f 115//216 116//216 114//217
f 33//54 117//54 110//54
f 109//53 118//53 100//218
f 116//54 119//54 114//219
f 114//220 119//52 26//221
f 26//222 119//223 25//224
f 117//55 120//55 110//55
f 110//54 120//54 121//54
f 23//54 122//54 123//54
f 123//225 122//225 109//225
f 109//52 122//52 118//52
f 120//54 124//54 121//54
f 121//55 124//55 125//55
f 117//54 126//54 120//54
f 119//226 127//227 25//228
f 23//104 127//229 122//54
f 25//230 127//147 23//99
f 122//53 128//53 118//53
f 124//52 129//52 125//52
f 117//52 130//52 126//52
f 128//52 131//52 118//52
f 124//54 132//54 129//54
f 130//55 133//55 126//55
f 119//54 134//54 127//71
f 135//52 134//52 119//52
f 128//52 136//52 131//52
f 132//55 137//55 129//55
f 130//52 138//52 133//52
f 136//53 139//53 131//53
f 132//54 140//54 137//54
f 138//54 141//54 133//54
f 136//54 142//54 139//54
f 134//54 143//54 144//54
f 135//55 143//55 134//55
f 141//53 145//53 146//53
f 138//53 145//53 141//53
f 147//55 148//55 142//55
f 142//54 148//54 139//54
f 140//52 149//231 137//52
f 140//54 150//54 149//232
f 150//233 151//111 149//234
f 146//52 152//52 140//52
f 140//235 152//235 150//235
f 153//236 154//237 151//238
f 149//239 154//240 155//54
f 155//68 154//152 156//68
f 151//241 154//242 149//243
f 157//244 158//244 159//244
f 143//54 158//54 144//54
f 159//245 158//53 143//53
f 153//246 160//247 154//248
f 144//54 161//54 147//54
f 158//104 161//104 144//104
f 147//55 162//55 148//55
f 161//249 162//250 147//249
f 153//251 163//251 160//252
f 162//253 164//253 148//254
f 153//255 165//256 163//257
f 146//54 166//54 152//54
f 146//258 167//258 166//258
f 145//54 167//54 146//54
f 168//52 169//259 170//260
f 171//261 169//262 172//263
f 170//264 169//265 171//266
f 168//267 173//267 169//268
f 145//52 174//269 167//52
f 168//67 174//270 173//67
f 175//258 174//271 168//272
f 167//273 174//274 175//154
f 174//275 176//276 173//277
f 177//278 176//279 174//280
f 153//281 178//52 165//52
f 179//253 180//253 181//253
f 182//282 183//283 184//283
f 185//284 186//285 187//286
f 188//287 186//288 185//201
f 186//289 189//290 187//291
f 187//292 189//293 178//163
f 190//294 191//294 185//295
f 185//228 191//55 188//55
f 192//296 193//297 194//298
f 195//299 193//300 192//301
f 195//302 196//303 193//304
f 190//55 197//55 191//55
f 182//52 198//305 183//52
f 180//52 199//52 181//52
f 164//150 200//164 148//54
f 195//306 201//307 196//308
f 202//309 203//310 201//311
f 203//62 204//312 201//313
f 196//212 204//283 205//65
f 201//272 204//314 196//315
f 206//96 207//71 197//316
f 197//54 207//54 191//54
f 206//317 208//318 207//53
f 205//316 209//319 206//320
f 206//321 209//322 208//322
f 210//323 211//295 212//323
f 213//324 211//325 214//325
f 212//326 211//327 213//131
f 210//104 215//104 211//322
f 205//54 216//129 209//328
f 209//329 216//330 210//331
f 204//332 216//333 205//272
f 210//125 216//334 215//335
f 217//76 218//336 216//337
f 216//338 218//339 215//258
f 189//340 219//341 220//54
f 221//342 219//343 198//344
f 222//258 219//345 221//258
f 220//346 219//347 222//346
f 198//348 223//349 183//55
f 219//63 223//350 198//351
f 223//352 224//331 183//331
f 225//353 226//354 227//142
f 228//355 226//356 225//268
f 228//357 229//140 226//358
f 228//359 230//360 229//361
f 231//362 232//362 230//363
f 233//364 232//364 231//364
f 234//63 232//365 235//365
f 229//366 232//366 234//367
f 230//368 232//153 229//153
f 236//54 237//54 238//54
f 180//54 239//54 199//54
f 238//55 239//55 180//55
f 199//369 239//369 240//239
f 237//370 239//370 238//370
f 241//371 242//371 224//371
f 224//370 242//370 183//370
f 183//54 242//54 236//54
f 236//54 242//54 237//54
f 240//372 243//372 244//373
f 239//54 243//54 240//54
f 235//132 245//132 246//132
f 246//54 245//54 241//54
f 241//52 245//52 242//52
f 245//52 247//52 248//52
f 232//374 247//374 235//374
f 235//55 247//55 245//55
f 200//203 249//375 148//54
f 250//52 249//254 243//52
f 243//54 249//160 244//376
f 244//377 249//378 200//379
f 248//54 251//54 252//54
f 247//53 251//53 248//53
f 252//52 253//52 250//52
f 251//54 253//54 252//54
f 250//370 253//370 249//380
f 70//52 111//52 87//381
f 87//233 111//367 13//382
f 220//53 165//53 189//383
f 189//384 165//52 178//52
f 254//385 255//385 232//385
f 254//386 232//386 233//386
f 256//387 233//388 231//389
f 256//390 254//391 233//392
f 257//393 231//394 230//394
f 257//394 256//395 231//395
f 258//396 259//396 260//396
f 261//396 259//396 258//396
f 261//396 262//396 259//396
f 263//397 258//397 260//397
f 263//398 260//398 264//398
f 265//399 262//399 261//399
f 266//400 263//400 264//400
f 267//401 268//402 269//403
f 267//404 269//405 270//406
f 271//396 266//396 264//396
f 271//397 264//397 268//407
f 272//408 271//409 268//410
f 273//411 268//412 267//413
f 273//414 272//415 268//416
f 274//417 266//417 271//417
f 275//397 273//418 267//419
f 275//420 276//421 273//422
f 277//409 276//423 275//424
f 277//425 278//426 276//427
f 279//396 266//396 274//396
f 279//396 280//396 266//396
f 281//428 280//428 279//428
f 282//429 283//430 284//429
f 285//431 283//397 282//431
f 286//432 287//433 288//434
f 286//435 288//436 289//437
f 290//438 286//439 289//440
f 290//441 285//442 282//442
f 290//443 289//396 285//396
f 291//444 290//445 282//444
f 292//396 291//396 282//396
f 293//446 292//447 294//448
f 293//449 294//450 295//451
f 296//452 297//453 298//452
f 299//454 297//455 296//456
f 299//457 300//458 297//443
f 301//459 298//459 297//460
f 302//461 291//397 292//462
f 302//463 303//464 304//465
f 302//466 304//467 291//468
f 305//456 304//469 303//456
f 305//398 306//398 304//470
f 307//471 302//472 292//473
f 307//474 292//475 293//476
f 308//464 309//477 307//478
f 308//398 307//479 293//480
f 310//481 311//445 309//482
f 310//483 309//484 308//485
f 312//396 313//396 280//396
f 314//396 315//396 313//396
f 314//396 313//396 312//396
f 316//486 301//396 297//487
f 317//396 300//396 299//396
f 317//396 312//396 280//396
f 317//397 280//397 281//397
f 317//488 281//488 300//489
f 318//396 315//396 314//396
f 319//399 306//399 305//399
f 319//396 320//396 306//396
f 321//490 320//490 319//490
f 321//491 322//485 320//491
f 323//458 322//492 321//397
f 323//493 324//494 322//495
f 19//496 324//497 323//498
f 19//499 316//500 324//501
f 325//397 317//397 299//502
f 325//397 299//503 326//397
f 327//504 328//505 329//506
f 330//507 328//508 327//466
f 331//396 265//396 315//396
f 331//509 315//509 318//509
f 332//510 333//429 334//511
f 332//512 334//476 335//449
f 336//482 335//513 330//426
f 336//514 330//409 327//515
f 336//516 332//517 335//518
f 337//519 336//417 327//520
f 338//411 337//521 327//522
f 339//396 265//396 331//396
f 339//399 262//399 265//399
f 22//523 340//396 19//524
f 22//525 341//526 342//490
f 22//527 342//528 343//529
f 22//498 343//442 340//530
f 28//531 341//532 22//533
f 344//397 345//397 341//421
f 346//396 262//396 339//396
f 347//397 338//397 327//534
f 348//396 344//396 341//535
f 348//488 341//396 28//536
f 348//537 28//538 24//539
f 349//509 346//509 339//509
f 349//509 339//509 350//509
f 351//502 27//396 352//540
f 351//541 352//529 338//521
f 351//443 338//397 347//397
f 353//396 346//396 349//396
f 354//397 349//397 350//397
f 354//397 350//397 355//397
f 356//542 24//542 27//542
f 356//396 27//396 351//417
f 356//396 348//543 24//396
f 357//396 351//492 347//396
f 358//396 354//396 355//396
f 359//397 346//397 353//397
f 360//396 357//396 347//396
f 361//396 354//396 358//396
f 362//509 359//509 353//509
f 363//396 348//544 356//396
f 364//397 357//397 360//397
f 365//396 348//396 363//396
f 366//396 361//396 358//396
f 367//396 359//396 362//396
f 368//397 364//397 360//397
f 369//396 361//396 366//396
f 370//397 367//397 362//397
f 371//397 364//397 368//397
f 372//396 363//396 373//396
f 372//397 365//397 363//397
f 374//397 370//397 375//397
f 374//397 367//397 370//397
f 376//396 377//545 371//396
f 376//397 371//397 368//397
f 378//397 369//397 366//397
f 379//396 369//396 378//396
f 379//546 378//546 380//544
f 381//399 375//399 369//399
f 381//475 369//475 379//475
f 382//399 383//547 384//548
f 382//549 385//550 380//551
f 382//552 380//553 378//396
f 382//429 378//397 383//397
f 386//526 387//526 388//526
f 386//396 388//396 372//396
f 386//396 372//396 373//396
f 389//554 385//555 382//556
f 390//483 373//396 377//557
f 390//558 386//417 373//417
f 391//559 385//560 389//559
f 392//561 390//562 377//465
f 392//532 377//548 376//396
f 393//563 385//564 391//563
f 394//565 392//492 376//566
f 395//397 375//397 381//397
f 396//567 375//567 395//567
f 396//397 374//397 375//397
f 397//568 398//569 399//570
f 397//571 399//572 400//573
f 397//574 400//575 401//576
f 402//577 398//530 397//578
f 403//396 374//396 396//396
f 403//452 398//456 402//579
f 403//580 396//580 404//581
f 403//469 404//566 398//489
f 405//426 403//582 402//583
f 405//584 402//514 406//429
f 407//585 385//586 393//396
f 408//587 409//588 410//589
f 408//590 410//591 411//592
f 412//477 408//483 411//593
f 413//569 409//594 408//595
f 414//596 411//597 407//598
f 414//599 412//491 411//600
f 415//601 416//602 417//603
f 415//604 417//605 418//606
f 419//545 415//607 418//608
f 420//609 421//609 422//609
f 420//397 422//397 423//397
f 424//396 425//396 426//396
f 424//509 426//509 427//509
f 428//509 394//509 376//509
f 429//610 415//611 419//489
f 430//612 431//613 429//424
f 432//546 419//546 433//546
f 432//614 430//615 429//616
f 432//509 429//617 419//509
f 434//618 435//399 409//399
f 434//400 409//400 413//400
f 436//619 433//619 437//619
f 436//567 437//567 435//422
f 436//620 435//621 434//443
f 438//420 433//420 436//420
f 439//622 440//452 441//569
f 439//623 441//624 442//625
f 439//626 442//627 443//626
f 444//396 440//548 439//396
f 445//628 432//396 433//396
f 445//629 433//396 438//396
f 445//630 438//631 440//631
f 445//632 440//633 444//396
f 446//634 445//635 444//409
f 446//636 447//637 445//638
f 448//639 449//417 450//417
f 448//640 450//397 451//397
f 448//641 451//642 420//642
f 448//643 414//644 449//397
f 452//645 448//589 420//646
f 452//647 420//396 423//396
f 453//648 452//649 423//648
f 454//650 455//651 456//652
f 457//653 454//410 456//654
f 458//522 454//655 457//522
f 257//656 454//657 458//396
f 254//658 256//659 257//660
f 255//509 458//509 459//509
f 255//661 459//661 460//661
f 255//567 257//567 458//567
f 255//662 254//410 257//647
f 461//397 423//397 462//397
f 461//396 462//396 425//396
f 463//398 464//398 453//398
f 463//396 453//396 423//396
f 463//396 423//396 461//396
f 465//396 461//396 425//396
f 465//452 424//452 466//656
f 465//396 425//396 424//396
f 467//663 466//664 468//665
f 467//666 465//509 466//540
f 469//410 460//410 470//410
f 469//397 470//397 464//397
f 469//396 464//396 463//396
f 471//396 472//396 467//479
f 471//409 468//540 428//409
f 471//396 428//396 376//396
f 471//396 467//445 468//666
f 473//396 469//396 474//396
f 473//399 255//399 460//399
f 473//397 460//397 469//397
f 475//397 474//397 476//397
f 475//509 473//509 474//509
f 477//396 476//396 472//396
f 477//397 472//397 471//397
f 477//396 475//396 476//396
f 393//397 449//397 414//667
f 393//509 414//668 407//669
f 340//397 301//397 316//670
f 340//397 316//671 19//672
f 255//673 247//673 232//673
f 473//673 247//673 255//673
f 477//674 471//674 249//674
f 477//674 249//674 253//674
f 475//675 253//675 251//675
f 475//676 477//676 253//676
f 473//677 251//677 247//677
f 473//677 475//677 251//677
f 249//678 471//678 376//678
f 249//678 376//678 148//678
f 360//679 347//679 118//679
f 360//680 118//680 131//680
f 368//681 131//681 139//681
f 368//681 360//681 131//681
f 376//682 139//682 148//682
f 376//683 368//683 139//683
f 118//11 347//11 327//11
f 118//11 327//11 100//11
f 98//684 100//684 327//684
f 98//50 327//50 329//50
f 101//685 329//686 328//687
f 101//688 98//689 329//690
f 99//691 328//692 330//39
f 99//693 101//694 328//695
f 330//696 105//696 99//696
f 335//697 105//697 330//697
f 333//698 332//699 106//700
f 333//701 106//702 104//703
f 334//704 104//705 103//706
f 334//392 333//707 104//708
f 335//709 103//709 105//709
f 335//395 334//395 103//395
f 332//710 107//710 106//710
f 336//711 107//711 332//711
f 107//712 337//713 108//714
f 108//715 337//716 109//717
f 336//718 337//719 107//719
f 337//720 338//721 109//722
f 109//723 352//723 123//723
f 338//724 352//724 109//724
f 27//725 23//725 352//725
f 352//726 23//726 123//726
f 13//727 323//728 95//728
f 95//729 323//729 92//729
f 19//730 323//730 13//731
f 323//732 321//732 92//732
f 92//733 319//733 90//733
f 321//683 319//683 92//683
f 90//678 319//678 77//678
f 77//678 319//678 305//678
f 77//734 303//735 74//736
f 74//737 303//738 73//739
f 305//740 303//741 77//742
f 303//743 302//744 73//745
f 73//677 307//746 76//747
f 302//748 307//749 73//750
f 307//751 79//751 76//751
f 309//752 79//753 307//752
f 310//754 308//741 80//755
f 310//756 80//757 82//758
f 311//759 82//759 81//759
f 311//744 310//744 82//744
f 309//760 81//761 79//762
f 309//762 311//763 81//764
f 66//765 308//765 293//765
f 80//766 308//766 66//766
f 294//730 292//767 63//768
f 294//769 63//770 65//771
f 295//772 65//773 64//774
f 295//775 294//776 65//777
f 293//778 64//779 66//780
f 293//781 295//782 64//783
f 63//11 292//11 282//11
f 63//11 282//11 54//11
f 55//784 54//784 282//784
f 55//785 282//785 284//785
f 53//786 284//786 283//786
f 53//787 55//787 284//787
f 56//788 283//789 285//790
f 56//791 53//792 283//793
f 285//725 59//725 56//725
f 289//726 59//726 285//726
f 287//794 286//795 60//796
f 287//797 60//798 58//799
f 288//800 58//801 57//802
f 288//803 287//804 58//805
f 289//806 57//807 59//808
f 289//809 288//810 57//811
f 286//673 61//673 60//673
f 290//673 61//673 286//673
f 61//719 291//719 62//719
f 62//812 291//812 75//812
f 290//813 291//813 61//813
f 291//814 304//814 75//814
f 75//815 306//815 78//815
f 304//394 306//394 75//394
f 306//726 91//726 78//726
f 320//725 91//725 306//725
f 91//816 322//817 93//816
f 93//818 322//819 94//820
f 320//821 322//822 91//821
f 322//823 324//824 94//825
f 94//826 316//826 87//826
f 324//827 316//827 94//827
f 478//828 479//10 69//13
f 87//11 480//11 69//829
f 69//830 480//831 478//831
f 479//832 481//833 69//834
f 87//835 482//835 480//835
f 87//836 483//836 482//836
f 483//34 484//837 481//838
f 481//839 484//25 485//11
f 486//840 297//840 485//841
f 487//11 297//11 486//11
f 481//842 297//11 69//843
f 485//11 297//11 481//839
f 484//844 316//845 488//38
f 489//34 316//34 487//34
f 488//846 316//14 489//14
f 487//11 316//11 297//11
f 87//11 316//11 483//11
f 483//11 316//11 484//13
f 69//847 300//848 72//847
f 72//849 300//850 52//849
f 297//728 300//767 69//728
f 300//851 281//852 52//852
f 52//853 279//854 51//855
f 281//856 279//857 52//858
f 51//678 279//678 45//678
f 45//859 279//859 274//859
f 45//860 271//861 42//862
f 42//744 271//744 43//744
f 274//863 271//864 45//865
f 271//866 272//866 43//866
f 43//677 273//677 44//677
f 272//677 273//677 43//677
f 276//711 47//711 273//711
f 273//673 47//673 44//673
f 277//867 275//741 46//741
f 277//868 46//867 48//867
f 278//744 48//744 49//744
f 278//869 277//869 48//869
f 276//870 49//748 47//762
f 276//871 278//872 49//873
f 39//678 275//678 267//678
f 46//678 275//678 39//678
f 269//874 268//875 41//876
f 269//877 41//878 38//879
f 270//880 38//881 40//880
f 270//882 269//882 38//883
f 267//853 40//884 39//884
f 267//781 270//885 40//885
f 35//11 268//11 264//11
f 41//11 268//11 35//11
f 259//693 262//693 33//693
f 259//693 33//693 29//693
f 260//689 29//689 31//689
f 260//886 259//886 29//886
f 264//826 31//826 35//826
f 264//826 260//826 31//826
f 346//726 117//726 33//726
f 346//726 33//726 262//726
f 367//887 374//887 145//887
f 367//888 145//888 138//888
f 359//889 138//889 130//889
f 359//890 367//890 138//890
f 346//891 130//891 117//891
f 346//892 359//892 130//892
f 374//673 174//673 145//673
f 403//673 174//673 374//673
f 177//893 174//894 403//894
f 177//895 403//896 405//896
f 176//897 405//897 406//897
f 176//898 177//898 405//898
f 173//674 406//674 402//674
f 173//899 176//899 406//899
f 169//766 402//766 397//766
f 173//678 402//678 169//678
f 400//900 399//900 170//901
f 400//902 170//767 171//902
f 401//773 171//773 172//903
f 401//904 400//905 171//904
f 397//906 172//907 169//885
f 397//908 401//909 172//910
f 168//11 399//11 398//11
f 170//14 399//14 168//14
f 168//911 404//912 175//679
f 175//913 404//914 167//915
f 398//911 404//916 168//917
f 404//915 396//851 167//918
f 167//919 395//782 166//885
f 396//920 395//682 167//921
f 166//678 395//678 152//678
f 152//678 395//678 381//678
f 152//922 379//923 150//923
f 150//924 379//924 151//924
f 381//925 379//925 152//926
f 379//927 380//927 151//927
f 151//928 385//929 153//930
f 380//871 385//931 151//932
f 490//751 491//751 385//751
f 407//933 492//673 385//673
f 385//751 492//751 490//751
f 491//934 493//934 385//934
f 407//935 494//936 492//937
f 407//938 495//939 494//940
f 495//751 496//752 493//752
f 493//711 496//711 497//711
f 498//941 153//942 497//943
f 499//751 153//751 498//944
f 500//673 153//940 499//673
f 493//673 153//673 385//673
f 497//945 153//710 493//673
f 496//946 178//946 501//946
f 501//947 178//947 500//947
f 500//673 178//673 153//948
f 407//673 178//673 495//673
f 495//949 178//673 496//673
f 178//701 411//950 187//794
f 187//951 411//388 185//952
f 407//953 411//702 178//954
f 411//955 410//956 185//957
f 185//958 409//959 190//960
f 410//961 409//962 185//963
f 435//964 197//964 409//964
f 409//726 197//726 190//726
f 197//965 437//965 206//966
f 206//967 437//968 205//969
f 435//970 437//789 197//789
f 437//971 433//972 205//973
f 205//974 419//974 196//974
f 433//975 419//975 205//975
f 193//831 419//831 418//831
f 196//11 419//11 193//11
f 416//976 415//977 195//978
f 416//979 195//980 192//981
f 417//982 192//983 194//984
f 417//985 416//985 192//985
f 418//986 194//987 193//988
f 418//989 417//990 194//991
f 429//992 201//992 415//992
f 415//726 201//726 195//726
f 430//702 432//702 204//702
f 430//993 204//993 203//993
f 431//994 203//995 202//996
f 431//997 430//998 203//999
f 429//1000 202//1001 201//1002
f 429//1003 431//395 202//1004
f 445//673 216//673 204//673
f 445//673 204//673 432//673
f 217//894 216//894 445//894
f 217//1005 445//1005 447//1005
f 218//1006 447//1007 446//1008
f 218//739 217//1009 447//1010
f 215//1011 446//1012 444//1012
f 215//925 218//1013 446//1013
f 215//678 444//678 211//678
f 211//859 444//859 439//859
f 442//1014 441//1014 212//1015
f 442//1016 212//848 213//1016
f 443//1017 213//1018 214//1018
f 443//1019 442//852 213//852
f 439//856 214//856 211//856
f 439//1020 443//1020 214//1020
f 212//11 441//11 210//11
f 210//34 441//34 440//34
f 210//1021 438//1021 209//1021
f 209//1022 438//1022 208//1022
f 440//911 438//911 210//911
f 438//1023 436//1023 208//1023
f 208//1024 434//1025 207//1026
f 436//781 434//1027 208//1028
f 207//678 434//678 191//678
f 191//1029 434//1029 413//1029
f 191//1030 408//1031 188//1032
f 188//924 408//924 186//924
f 413//1033 408//922 191//1034
f 408//1035 412//1035 186//1035
f 186//1036 414//1037 189//1038
f 412//749 414//1039 186//1040
f 502//751 503//751 414//751
f 448//939 504//673 414//673
f 414//937 504//937 502//937
f 503//1041 505//1042 414//1043
f 448//711 506//1044 504//711
f 448//1045 507//1046 506//1046
f 505//711 508//711 414//711
f 507//1047 509//673 505//1048
f 505//1049 509//673 508//1050
f 510//1051 189//1052 508//1053
f 511//673 189//948 510//1054
f 512//937 189//948 511//937
f 508//945 189//1055 414//673
f 509//1056 219//1056 513//1057
f 513//1058 219//947 512//947
f 512//673 219//673 189//1059
f 448//1060 219//673 507//673
f 507//1049 219//673 509//673
f 219//702 452//1061 223//1062
f 223//1063 452//1063 224//1063
f 448//1064 452//712 219//1065
f 452//955 453//955 224//955
f 224//1066 464//960 241//960
f 453//962 464//962 224//1001
f 470//964 246//964 464//964
f 464//726 246//726 241//726
f 246//692 460//692 235//692
f 235//985 460//1067 234//985
f 470//45 460//45 246//45
f 460//1068 459//1069 234//1070
f 234//1071 458//1071 229//1071
f 459//1072 458//1072 234//1072
f 226//34 458//34 457//34
f 229//11 458//11 226//11
f 455//966 454//966 228//966
f 455//1073 228//1073 225//1073
f 456//1074 225//1074 227//1074
f 456//1075 455//1075 225//1075
f 457//1076 227//1077 226//1078
f 457//1079 456//1080 227//1081
f 257//697 230//697 454//697
f 454//725 230//725 228//725
f 514//1082 503//1082 515//1082
f 515//1083 502//1083 516//1083
f 503//1084 502//1084 515//1084
f 516//1085 504//1085 517//1085
f 517//1086 504//1086 518//1086
f 502//1087 504//1087 516//1087
f 518//1088 506//1088 519//1088
f 504//1089 506//1089 518//1089
f 519//1090 506//1090 520//1090
f 520//1091 507//1091 521//1091
f 521//1092 507//1092 522//1092
f 506//1093 507//1093 520//1093
f 522//1094 505//1094 523//1094
f 507//1095 505//1095 522//1095
f 523//1096 503//1096 514//1096
f 505//1097 503//1097 523//1097
f 519//1098 520//1099 524//1100
f 524//1101 520//1102 525//1099
f 525//1103 521//1103 526//1103
f 520//1104 521//1104 525//1104
f 420//725 519//725 421//725
f 519//726 182//726 421//726
f 519//726 524//726 182//726
f 524//726 198//726 182//726
f 198//1105 524//1105 221//1105
f 221//1106 527//1106 222//1106
f 524//1107 527//1107 221//1107
f 222//1108 528//1108 220//1108
f 527//1109 528//1109 222//1109
f 524//1110 513//1110 527//1110
f 527//1111 512//1111 528//1111
f 528//1112 512//1112 529//1112
f 513//1113 512//1113 527//1113
f 529//1114 511//1114 530//1114
f 512//1115 511//1115 529//1115
f 530//1116 510//1116 531//1116
f 511//1117 510//1117 530//1117
f 531//1118 510//1118 532//1118
f 532//1083 508//1083 533//1083
f 510//1119 508//1119 532//1119
f 533//1120 509//1120 526//1120
f 526//1121 509//1121 525//1121
f 508//1122 509//1122 533//1122
f 525//1123 513//1123 524//1123
f 509//1124 513//1124 525//1124
f 165//828 534//828 535//828
f 165//835 536//835 534//835
f 165//14 220//14 536//14
f 220//34 530//34 536//34
f 220//27 529//27 530//27
f 536//34 531//34 537//34
f 530//1125 531//1125 536//1125
f 220//1126 528//1126 529//1126
f 537//1125 532//1125 538//1125
f 531//831 532//831 537//831
f 538//835 533//835 539//835
f 532//831 533//831 538//831
f 539//831 540//831 541//831
f 539//11 542//11 540//11
f 543//34 393//34 544//34
f 545//835 393//835 543//835
f 542//1127 523//1127 546//1127
f 533//11 522//11 539//11
f 539//11 522//11 542//11
f 542//835 522//835 523//835
f 546//831 514//831 547//831
f 523//1125 514//1125 546//1125
f 526//14 521//14 533//14
f 533//34 521//34 522//34
f 547//1125 515//1125 545//1125
f 545//831 515//831 393//831
f 514//1128 515//1128 547//1128
f 516//831 449//831 515//831
f 517//11 449//11 516//11
f 515//11 449//11 393//11
f 547//1129 494//1129 546//1129
f 546//1130 495//1130 542//1130
f 494//1131 495//1131 546//1131
f 542//1132 493//1132 540//1132
f 540//1133 493//1133 548//1133
f 495//1095 493//1095 542//1095
f 548//1134 491//1134 549//1134
f 493//1135 491//1135 548//1135
f 549//1136 491//1136 550//1136
f 550//1137 490//1137 544//1137
f 544//1138 490//1138 543//1138
f 491//1139 490//1139 550//1139
f 543//1140 492//1140 545//1140
f 490//1141 492//1141 543//1141
f 545//1142 494//1142 547//1142
f 492//1143 494//1143 545//1143
f 393//1144 391//1144 544//1144
f 544//1145 391//1145 550//1145
f 550//1146 389//1146 549//1146
f 391//1147 389//1147 550//1147
f 389//1148 382//1148 549//1148
f 154//678 551//678 156//678
f 551//678 384//678 156//678
f 551//678 549//678 384//678
f 549//678 382//678 384//678
f 384//1149 383//1149 155//1149
f 384//1150 155//1150 156//1150
f 155//1151 383//1151 149//1151
f 149//1152 378//1152 137//1152
f 383//1153 378//1153 149//1153
f 137//1154 366//1154 129//1154
f 378//1155 366//1155 137//1155
f 129//1156 358//1156 125//1156
f 366//1157 358//1157 129//1157
f 125//1158 355//1158 121//1158
f 358//1159 355//1159 125//1159
f 121//1160 350//1160 110//1160
f 355//1161 350//1161 121//1161
f 110//1162 339//1162 102//1162
f 350//1163 339//1163 110//1163
f 102//1164 331//1164 89//1164
f 339//1162 331//1162 102//1162
f 89//1165 318//1165 86//1165
f 331//1166 318//1166 89//1166
f 86//1167 314//1167 84//1167
f 318//1168 314//1168 86//1168
f 84//1169 312//1169 88//1169
f 314//1170 312//1170 84//1170
f 88//1171 317//1171 96//1171
f 312//1172 317//1173 88//1173
f 317//1174 325//1174 96//1174
f 97//1175 96//1175 325//1175
f 97//1176 325//1176 326//1176
f 71//678 97//678 552//678
f 553//678 326//678 299//678
f 97//678 326//678 553//678
f 97//678 553//678 552//678
f 71//1177 552//1177 67//1177
f 67//1178 554//1178 68//1178
f 552//1179 554//1179 67//1179
f 68//1180 555//1180 70//1180
f 554//1181 555//1181 68//1181
f 482//1182 556//1182 480//1182
f 557//1183 556//1183 482//1183
f 480//1184 558//1184 478//1184
f 556//1185 558//1185 480//1185
f 558//1186 555//1186 478//1186
f 478//1187 554//1187 479//1187
f 555//1188 554//1188 478//1188
f 554//1189 552//1189 479//1189
f 479//1190 559//1190 481//1190
f 552//1191 559//1191 479//1191
f 559//1192 560//1192 481//1192
f 481//1193 561//1193 483//1193
f 560//1194 561//1194 481//1194
f 483//1195 562//1195 482//1195
f 561//1196 562//1196 483//1196
f 562//1197 557//1197 482//1197
f 301//673 563//673 564//673
f 301//751 565//751 563//751
f 301//673 340//673 565//673
f 340//673 566//673 565//673
f 340//711 567//711 566//711
f 565//673 10//673 568//673
f 566//710 10//710 565//710
f 340//711 569//711 567//711
f 568//1198 8//1198 570//1198
f 10//711 8//711 568//711
f 570//1199 6//1199 571//1199
f 8//937 6//937 570//937
f 571//1199 560//1199 572//1199
f 571//711 561//711 560//711
f 558//1200 70//1200 555//1200
f 556//937 70//937 558//937
f 561//937 573//937 562//937
f 6//673 574//673 571//673
f 571//673 574//673 561//673
f 561//1201 574//1201 573//1201
f 562//1198 575//1198 557//1198
f 573//1199 575//1199 562//1199
f 5//751 576//751 6//751
f 6//751 576//751 574//751
f 557//1202 577//1202 556//1202
f 556//673 577//673 70//673
f 575//937 577//937 557//937
f 578//751 111//751 577//751
f 579//673 111//673 578//673
f 577//673 111//673 70//673
f 486//1203 580//1203 487//1203
f 553//1204 580//1204 486//1204
f 580//1205 564//1205 487//1205
f 487//1206 563//1206 489//1206
f 564//1207 563//1207 487//1207
f 489//1208 565//1208 488//1208
f 563//1209 565//1209 489//1209
f 565//1210 568//1210 488//1210
f 488//1211 570//1211 484//1211
f 568//1212 570//1212 488//1212
f 484//1213 571//1213 485//1213
f 570//1214 571//1214 484//1214
f 571//1215 572//1215 485//1215
f 485//1187 581//1187 486//1187
f 572//1216 581//1216 485//1216
f 581//1217 553//1217 486//1217
f 553//1218 581//1219 552//1218
f 552//1220 581//1221 559//1220
f 559//1222 572//1222 560//1222
f 581//1223 572//1223 559//1223
f 299//1032 296//1032 553//1032
f 553//1224 296//1224 580//1224
f 580//1225 298//1225 564//1225
f 296//1226 298//1226 580//1226
f 298//1227 301//1227 564//1227
f 111//699 579//699 112//699
f 112//1228 582//1228 113//1228
f 579//1229 582//1229 112//1229
f 113//1003 583//1003 114//1003
f 582//1230 583//1230 113//1230
f 17//1231 582//1231 15//1231
f 583//1232 582//1232 17//1232
f 582//1233 579//1233 15//1233
f 15//4 578//4 11//4
f 579//1234 578//1234 15//1234
f 11//6 577//6 12//6
f 578//1235 577//1235 11//1235
f 577//1236 575//1236 12//1236
f 12//1237 573//1237 16//1237
f 575//1238 573//1238 12//1238
f 16//1239 574//1239 18//1239
f 573//1240 574//1240 16//1240
f 574//1241 576//1241 18//1241
f 18//1242 584//1242 17//1242
f 576//1243 584//1243 18//1243
f 584//1244 583//1244 17//1244
f 576//1245 5//1246 584//1247
f 584//1248 2//1248 583//1248
f 5//1249 2//1250 584//1251
f 2//1252 4//1252 583//1252
f 341//726 345//726 4//726
f 583//726 115//726 114//726
f 345//964 115//964 583//964
f 345//726 583//726 4//726
f 340//1253 343//1253 569//1253
f 569//1254 343//1254 585//1254
f 585//1255 342//1255 4//1255
f 343//1256 342//1256 585//1256
f 342//1257 341//1257 4//1257
f 9//1258 566//1258 20//1258
f 10//1259 566//1259 9//1259
f 20//1193 567//1193 21//1193
f 566//1260 567//1260 20//1260
f 567//1261 569//1261 21//1261
f 21//1262 585//1262 1//1262
f 569//1263 585//1263 21//1263
f 585//1264 4//1264 1//1264
f 344//1265 116//1265 115//1265
f 345//1266 344//1266 115//1266
f 344//1267 348//1268 116//1267
f 116//1269 348//1269 119//1269
f 119//1270 365//1270 135//1270
f 348//1271 365//1271 119//1271
f 135//1272 372//1273 143//1274
f 365//1275 372//1276 135//1275
f 143//1277 388//1277 159//1277
f 372//1278 388//1278 143//1278
f 159//1279 388//1279 387//1279
f 157//1280 159//1280 387//1280
f 386//673 158//673 387//673
f 387//673 158//673 157//673
f 158//888 390//1281 161//1281
f 161//1282 390//1283 162//1284
f 386//698 390//698 158//1285
f 390//890 392//1286 162//1287
f 162//1288 394//1289 164//1290
f 392//1291 394//891 162//1292
f 428//726 164//726 394//726
f 428//726 200//726 164//726
f 200//1293 468//1294 244//1295
f 244//1296 468//1297 240//1298
f 428//1299 468//1300 200//1301
f 468//886 466//1302 240//1303
f 240//1304 424//1305 199//1305
f 466//1306 424//1306 240//1307
f 199//11 424//11 181//11
f 181//11 424//11 427//11
f 427//1308 426//1308 179//1308
f 427//1309 179//1309 181//1309
f 179//1310 426//1310 180//1310
f 180//1311 425//1311 238//1311
f 426//1312 425//1312 180//1312
f 238//1313 462//1313 236//1313
f 425//1314 462//1314 238//1314
f 236//1315 423//1315 183//1315
f 462//1316 423//1316 236//1316
f 183//1317 422//1317 184//1317
f 423//1318 422//1318 183//1318
f 184//1319 422//1319 421//1319
f 182//1320 184//1320 421//1320
f 541//1321 540//1322 586//1323
f 586//1324 548//1324 551//1324
f 540//1325 548//1326 586//1327
f 548//1328 549//1328 551//1328
f 551//1136 498//1136 586//1136
f 586//1329 497//1329 541//1329
f 541//1330 497//1330 539//1330
f 498//1331 497//1331 586//1331
f 539//1332 496//1332 538//1332
f 497//1333 496//1333 539//1333
f 538//1334 501//1334 537//1334
f 496//1335 501//1335 538//1335
f 537//1336 501//1336 536//1336
f 536//1130 500//1130 534//1130
f 501//1337 500//1337 536//1337
f 534//1338 499//1338 535//1338
f 535//1339 499//1339 587//1339
f 500//1340 499//1340 534//1340
f 587//1341 498//1341 551//1341
f 499//1342 498//1342 587//1342
f 165//1343 535//1343 163//1343
f 163//1344 587//1344 160//1344
f 535//1345 587//1345 163//1345
f 160//1346 551//1346 154//1346
f 587//1347 551//1347 160//1347
f 420//1348 451//1348 519//1348
f 519//1349 451//1349 518//1349
f 518//1350 450//1350 517//1350
f 451//1351 450//1351 518//1351
f 450//50 449//50 517//50
f 50//1352 313//1352 83//1352
f 280//1352 313//1352 50//1352
f 83//1353 315//1353 85//1353
f 313//1354 315//1354 83//1354
f 85//1355 265//1355 36//1355
f 315//1355 265//1355 85//1355
f 36//1356 261//1356 32//1356
f 265//1356 261//1356 36//1356
f 32//1357 258//1357 30//1357
f 261//1358 258//1358 32//1358
f 30//1359 263//1359 34//1359
f 258//1222 263//1222 30//1222
f 34//1360 266//1360 37//1360
f 263//1360 266//1360 34//1360
f 37//1361 280//1361 50//1361
f 266//1361 280//1361 37//1361
f 142//1352 377//1352 147//1352
f 371//1352 377//1352 142//1352
f 147//1353 373//1353 144//1353
f 377//1353 373//1353 147//1353
f 144//1355 363//1355 134//1355
f 373//1355 363//1355 144//1355
f 134//1356 356//1356 127//1356
f 363//1362 356//1362 134//1362
f 127//1363 351//1363 122//1363
f 356//1357 351//1357 127//1357
f 122//1359 357//1359 128//1359
f 351//1222 357//1222 122//1222
f 128//1364 364//1364 136//1364
f 357//1360 364//1360 128//1360
f 136//1361 371//1361 142//1361
f 364//1361 371//1361 136//1361
f 140//1352 375//1352 146//1352
f 369//1352 375//1352 140//1352
f 146//1354 370//1354 141//1354
f 375//1354 370//1354 146//1354
f 141//1365 362//1365 133//1365
f 370//1355 362//1355 141//1355
f 133//1356 353//1356 126//1356
f 362//1356 353//1356 133//1356
f 126//1358 349//1358 120//1358
f 353//1357 349//1357 126//1357
f 120//1359 354//1359 124//1359
f 349//1359 354//1359 120//1359
f 124//1364 361//1364 132//1364
f 354//1360 361//1360 124//1360
f 132//1361 369//1361 140//1361
f 361//1361 369//1361 132//1361
f 250//1352 476//1352 252//1352
f 472//1366 476//1366 250//1366
f 252//1353 474//1353 248//1353
f 476//1354 474//1354 252//1354
f 248//1355 469//1355 245//1355
f 474//1355 469//1355 248//1355
f 245//1356 463//1356 242//1356
f 469//1362 463//1362 245//1362
f 242//1219 461//1219 237//1219
f 463//1357 461//1357 242//1357
f 237//1359 465//1359 239//1359
f 461//1222 465//1222 237//1222
f 239//1360 467//1360 243//1360
f 465//1364 467//1364 239//1364
f 243//1367 472//1367 250//1367
f 467//1361 472//1361 243//1361
f 588//1368 589//1368 590//1368
f 590//1369 589//1369 591//1369
f 591//11 592//11 593//11
f 589//11 592//11 591//11
f 593//1370 594//1370 595//1370
f 592//1371 594//1371 593//1371
f 596//1372 597//1373 598//1373
f 596//544 598//544 599//544
f 592//509 599//509 594//509
f 592//397 596//397 599//397
f 600//1374 589//396 588//396
f 601//397 592//397 589//397
f 601//397 596//397 592//397
f 601//1375 589//1375 600//1376
f 602//1377 600//1378 603//1379
f 602//475 601//587 600//1380
f 603//1381 600//1381 604//1381
f 603//1382 604//1382 605//1382
f 602//1383 605//1383 606//1383
f 602//1384 603//1384 605//1384
f 601//763 606//763 607//763
f 601//1039 602//1039 606//1039
f 601//673 607//673 608//673
f 601//711 608//711 596//711
f 597//794 596//794 608//794
f 597//1385 608//1385 609//1385
f 598//890 609//890 610//890
f 598//889 597//889 609//889
f 599//1386 610//1001 611//1387
f 599//1388 598//1389 610//1390
f 599//726 611//726 595//726
f 599//726 595//726 594//726
f 612//396 29//396 31//396
f 613//396 33//396 29//396
f 613//397 29//397 612//397
f 614//397 31//397 35//397
f 614//397 612//397 31//397
f 615//398 614//398 35//398
f 616//396 33//396 613//396
f 617//396 33//396 616//396
f 618//397 619//397 615//397
f 620//609 617//609 616//609
f 620//396 616//396 621//396
f 622//397 615//397 35//397
f 622//591 618//591 615//591
f 623//1391 33//1391 617//1391
f 624//397 619//397 618//397
f 625//1392 622//640 35//412
f 626//1393 620//1393 621//1393
f 627//396 626//396 621//396
f 627//509 621//509 628//509
f 629//399 619//399 624//399
f 629//397 628//397 619//397
f 630//396 627//396 628//396
f 631//396 628//396 629//396
f 631//509 630//509 628//509
f 632//396 625//396 35//396
f 633//397 627//397 630//397
f 634//509 631//509 629//509
f 635//509 636//509 637//509
f 635//398 637//398 638//398
f 635//396 638//396 627//396
f 635//396 627//396 633//396
f 639//509 629//509 640//509
f 639//509 640//509 641//509
f 639//396 641//396 642//396
f 639//396 634//396 629//396
f 643//397 636//397 635//397
f 644//509 639//509 642//509
f 118//396 632//396 35//396
f 118//1394 645//1394 632//1394
f 117//396 33//396 623//396
f 117//1395 646//1395 647//1395
f 117//396 623//396 646//396
f 648//397 645//397 118//397
f 648//622 649//622 645//622
f 650//1396 647//1396 651//1396
f 650//396 117//396 647//396
f 652//509 648//509 118//509
f 653//397 649//397 648//397
f 653//396 642//396 654//396
f 653//396 654//396 649//396
f 655//396 117//396 650//396
f 656//396 650//396 651//396
f 656//1397 651//1397 657//1397
f 656//509 657//509 636//509
f 658//396 636//396 643//396
f 659//397 644//397 642//397
f 131//509 652//509 118//509
f 130//398 117//398 655//398
f 660//397 642//397 653//397
f 660//396 659//396 642//396
f 661//399 652//399 131//399
f 662//509 636//509 658//509
f 662//396 656//396 636//396
f 663//396 130//396 655//396
f 139//397 661//397 131//397
f 138//509 130//509 663//509
f 664//396 662//396 658//396
f 665//397 659//397 660//397
f 666//509 661//509 139//509
f 667//397 138//397 663//397
f 145//509 667//509 668//509
f 145//397 138//397 667//397
f 148//396 666//396 139//396
f 669//396 666//396 148//396
f 670//397 666//397 669//397
f 671//398 672//398 666//398
f 671//509 666//509 670//509
f 673//509 672//509 671//509
f 595//397 674//397 662//397
f 595//396 662//396 664//396
f 595//1398 664//1398 675//1398
f 595//398 675//398 676//398
f 677//509 660//509 678//509
f 677//396 665//396 660//396
f 677//509 679//509 680//509
f 677//399 680//399 665//399
f 611//396 674//396 595//396
f 681//509 677//509 678//509
f 610//509 668//509 674//509
f 610//452 674//452 611//452
f 682//396 678//396 672//396
f 682//436 681//436 678//436
f 609//396 145//396 668//1399
f 609//1399 668//420 610//1399
f 683//452 682//452 672//452
f 683//396 672//396 673//396
f 608//452 145//452 609//452
f 684//489 683//489 673//489
f 593//397 595//397 676//397
f 685//397 679//397 677//397
f 591//396 593//396 676//396
f 686//397 679//397 685//397
f 590//397 591//397 676//397
f 590//396 676//396 687//396
f 590//509 687//509 688//509
f 689//396 679//396 686//396
f 689//509 690//509 691//509
f 689//397 691//397 679//397
f 692//396 590//396 688//396
f 692//396 690//396 689//396
f 692//396 688//396 690//396
f 693//509 692//509 689//509
f 693//396 689//396 694//396
f 693//1375 694//1375 695//1375
f 696//509 590//509 692//509
f 696//1400 605//1400 604//1400
f 696//397 604//397 590//397
f 697//398 695//398 698//398
f 697//396 693//396 695//396
f 699//397 605//397 696//397
f 699//1401 606//1401 605//1401
f 700//396 684//396 673//396
f 700//454 698//454 701//454
f 700//398 701//398 684//398
f 700//396 697//396 698//396
f 702//509 697//509 700//509
f 702//509 703//509 697//509
f 704//396 703//396 702//396
f 705//397 703//397 704//397
f 247//509 699//509 706//509
f 247//397 606//397 699//397
f 247//544 607//544 606//544
f 249//509 703//509 705//509
f 251//509 706//509 707//509
f 251//399 247//399 706//399
f 253//396 707//396 703//396
f 253//397 703//397 249//397
f 253//397 251//397 707//397
f 247//396 145//396 608//396
f 247//397 608//397 607//397
f 253//1402 249//1402 708//1402
f 253//1402 708//1402 709//1402
f 251//675 709//675 710//675
f 251//675 253//675 709//675
f 247//677 710//677 711//677
f 247//677 251//677 710//677
f 712//201 713//201 714//201
f 715//67 713//67 712//67
f 712//54 716//54 715//54
f 714//156 717//156 718//156
f 713//368 717//368 714//368
f 716//54 719//54 715//54
f 717//53 720//53 718//53
f 716//53 721//53 719//53
f 722//54 723//54 724//54
f 725//52 723//52 722//52
f 724//53 726//53 722//53
f 722//54 726//54 727//54
f 725//54 728//54 723//54
f 729//54 728//54 725//54
f 726//54 730//54 727//54
f 727//52 730//52 731//52
f 729//53 732//53 728//53
f 733//52 732//52 729//52
f 730//54 734//54 731//54
f 733//54 735//54 732//54
f 734//54 736//54 731//54
f 737//52 736//52 734//52
f 733//55 738//55 735//55
f 739//55 738//55 721//55
f 721//54 738//54 733//54
f 735//54 738//54 740//54
f 731//54 741//54 720//54
f 736//52 741//52 731//52
f 720//55 742//55 718//55
f 741//54 742//54 720//54
f 716//54 743//54 721//54
f 721//54 743//54 739//54
f 741//54 744//54 742//54
f 738//54 745//54 740//54
f 740//55 745//55 746//55
f 737//54 747//54 736//54
f 748//52 747//52 737//52
f 743//54 749//54 739//54
f 742//52 750//52 751//52
f 744//329 750//329 742//329
f 745//55 752//55 746//55
f 746//52 752//52 753//52
f 748//54 754//54 747//54
f 755//53 754//53 748//53
f 756//1403 757//1403 743//1403
f 743//52 757//52 749//52
f 752//54 758//54 753//54
f 756//329 759//329 757//329
f 756//258 760//258 759//258
f 761//1404 762//1404 750//1404
f 750//54 762//54 751//54
f 754//52 763//52 764//52
f 755//53 763//53 754//53
f 758//52 765//52 753//52
f 761//1405 766//1405 762//1405
f 766//372 767//372 762//372
f 760//54 768//54 759//54
f 759//329 768//329 769//329
f 766//1406 770//1406 767//1406
f 763//54 771//54 764//54
f 764//55 771//55 772//55
f 758//54 773//54 765//54
f 774//55 773//55 758//55
f 766//52 775//52 770//52
f 766//55 776//55 775//55
f 768//212 777//212 769//212
f 776//55 778//55 775//55
f 776//52 779//52 778//52
f 780//55 779//55 776//55
f 781//52 782//52 774//52
f 774//52 782//52 773//52
f 771//54 783//54 772//54
f 772//53 783//53 780//53
f 780//52 784//52 779//52
f 783//55 784//55 780//55
f 781//55 785//55 782//55
f 786//53 787//53 788//53
f 787//52 789//52 788//52
f 790//54 789//54 791//54
f 788//54 789//54 790//54
f 786//52 792//52 787//52
f 793//54 792//54 786//54
f 789//53 794//53 791//53
f 791//52 794//52 795//52
f 781//54 796//54 785//54
f 777//54 796//54 781//54
f 793//54 796//54 792//54
f 785//52 796//52 793//52
f 794//226 797//226 795//226
f 795//54 797//54 784//54
f 777//226 798//226 796//226
f 799//52 800//52 797//52
f 784//54 800//54 779//54
f 797//52 800//52 784//52
f 799//54 801//54 800//54
f 799//53 802//53 801//53
f 799//52 803//52 802//52
f 803//52 804//52 802//52
f 803//53 708//53 804//53
f 798//96 711//96 805//96
f 711//329 806//329 805//329
f 711//96 710//96 806//96
f 807//372 709//372 803//372
f 806//53 709//53 807//53
f 803//52 709//52 708//52
f 710//67 709//67 806//67
f 768//1407 711//1407 798//1407
f 768//52 798//52 777//52
f 247//673 768//673 145//673
f 247//673 711//673 768//673
f 138//888 145//888 768//888
f 138//702 768//702 760//702
f 130//1408 760//1408 756//1408
f 130//1408 138//1408 760//1408
f 117//891 756//891 743//891
f 117//891 130//891 756//891
f 117//726 716//726 33//726
f 117//726 743//726 716//726
f 29//1409 33//1409 716//1409
f 29//693 716//693 712//693
f 31//886 712//886 714//886
f 31//818 29//818 712//818
f 35//826 714//826 718//826
f 35//826 31//826 714//826
f 118//11 35//11 718//11
f 742//11 118//11 718//11
f 131//680 118//680 742//680
f 131//679 742//679 751//679
f 139//1410 751//1410 762//1410
f 139//1411 131//1411 751//1411
f 148//683 762//683 767//683
f 148//682 139//682 762//682
f 770//765 669//765 148//765
f 770//1412 148//1412 767//1412
f 779//1413 673//1413 778//1413
f 778//1414 671//1414 775//1414
f 673//1415 671//1415 778//1415
f 775//1416 670//1416 770//1416
f 671//1417 670//1417 775//1417
f 670//1416 669//1416 770//1416
f 808//678 673//678 809//678
f 810//859 673//859 808//859
f 779//678 811//678 812//678
f 779//678 812//678 813//678
f 779//1029 813//1029 809//1029
f 779//678 809//678 673//678
f 814//678 700//678 673//678
f 814//678 810//678 811//678
f 814//678 673//678 810//678
f 815//859 700//859 814//859
f 816//678 811//678 779//678
f 816//678 814//678 811//678
f 817//678 700//678 815//678
f 800//859 818//859 819//859
f 800//1029 819//1029 816//1029
f 800//678 816//678 779//678
f 800//678 700//678 817//678
f 800//766 817//766 818//766
f 700//1418 800//1418 702//1418
f 702//1419 801//1419 704//1419
f 800//1420 801//1420 702//1420
f 704//1421 802//1421 705//1421
f 801//1422 802//1422 704//1422
f 802//1423 804//1423 705//1423
f 708//678 249//678 705//678
f 708//1424 705//1424 804//1424
f 808//1425 809//1425 820//1425
f 820//1426 809//1426 821//1426
f 821//673 813//673 822//673
f 809//673 813//673 821//673
f 822//1427 812//1427 823//1427
f 813//1427 812//1427 822//1427
f 823//1428 812//1428 824//1428
f 812//1428 811//1428 824//1428
f 825//1429 810//1429 820//1429
f 824//11 810//11 825//11
f 811//11 810//11 824//11
f 810//1429 808//1429 820//1429
f 823//1430 824//1430 826//1430
f 824//1431 825//1431 826//1431
f 825//1432 820//1432 826//1432
f 820//1433 821//1433 826//1433
f 821//1434 822//1434 826//1434
f 822//1435 823//1435 826//1435
f 815//1426 814//1426 827//1426
f 828//673 814//673 829//673
f 827//1425 814//1425 828//1425
f 829//1427 816//1427 830//1427
f 814//673 816//673 829//673
f 816//1436 819//1436 830//1436
f 819//1428 818//1428 830//1428
f 830//1437 818//1437 831//1437
f 832//1429 817//1429 827//1429
f 831//11 817//11 832//11
f 818//11 817//11 831//11
f 817//1429 815//1429 827//1429
f 830//1438 831//1438 833//1438
f 831//1431 832//1431 833//1431
f 832//1439 827//1439 833//1439
f 827//1440 828//1440 833//1440
f 828//1441 829//1441 833//1441
f 829//1442 830//1442 833//1442
f 834//1443 803//1443 835//1443
f 835//1444 803//1444 836//1444
f 836//1445 803//1445 837//1445
f 837//1446 803//1446 838//1446
f 838//1447 803//1447 839//1447
f 839//1448 799//1449 840//1450
f 840//1451 799//1451 841//1451
f 841//1452 799//1452 842//1452
f 842//1453 799//1453 843//1453
f 843//1454 799//1454 844//1454
f 844//1455 799//1455 845//1455
f 845//1456 799//1456 846//1456
f 846//1457 799//1457 847//1457
f 847//1458 799//1458 848//1458
f 848//1459 799//1459 849//1459
f 849//1460 799//1461 850//1462
f 803//1463 799//1464 839//1465
f 850//1466 797//1466 851//1466
f 851//1467 797//1467 852//1467
f 852//1468 797//1468 853//1468
f 853//1469 797//1469 854//1469
f 854//1470 797//1470 855//1470
f 855//1471 797//1471 856//1471
f 856//1472 797//1472 857//1472
f 857//1473 797//1473 858//1473
f 858//1474 797//1474 859//1474
f 859//1475 797//1475 860//1475
f 799//1476 797//1477 850//1478
f 860//1479 794//1480 861//1481
f 861//1482 794//1482 862//1482
f 862//1483 794//1483 863//1483
f 863//1484 794//1484 864//1484
f 864//1485 794//1485 865//1485
f 865//949 794//949 866//949
f 866//1486 794//1486 867//1486
f 867//1487 794//1487 868//1487
f 868//1488 794//1488 869//1488
f 869//1489 794//1489 870//1489
f 870//1490 794//1491 871//1492
f 797//1493 794//1494 860//1495
f 871//1496 789//1496 872//1496
f 872//1497 789//1497 873//1497
f 794//1498 789//1499 871//1500
f 873//1501 789//1501 874//1501
f 874//1502 789//1502 875//1502
f 875//1503 789//1503 876//1503
f 876//1504 789//1504 877//1504
f 877//1505 789//1505 878//1505
f 878//1506 789//1506 879//1506
f 879//1507 789//1507 880//1507
f 880//1508 789//1508 881//1508
f 789//1509 787//1510 881//1511
f 881//1512 787//1513 882//1514
f 882//1515 787//1515 883//1515
f 883//1516 787//1516 884//1516
f 884//1517 787//1517 885//1517
f 885//1518 787//1518 886//1518
f 886//1519 787//1519 887//1519
f 887//1520 787//1520 888//1520
f 888//1521 787//1521 889//1521
f 889//1522 787//1522 890//1522
f 890//1523 787//1523 891//1523
f 891//1524 787//1525 892//1526
f 787//1527 792//1528 892//1529
f 892//1530 792//1530 893//1530
f 893//1531 792//1531 894//1531
f 894//1532 792//1532 895//1532
f 895//1533 792//1533 896//1533
f 896//1534 792//1534 897//1534
f 897//1535 792//1535 898//1535
f 898//1536 792//1536 899//1536
f 899//1537 792//1537 900//1537
f 900//1538 792//1538 901//1538
f 901//1539 792//1539 902//1539
f 902//1540 796//1541 903//1542
f 903//1543 796//1543 904//1543
f 904//1544 796//1544 905//1544
f 905//1545 796//1545 906//1545
f 906//1546 796//1546 907//1546
f 907//1547 796//1547 908//1547
f 908//1548 796//1548 909//1548
f 909//1549 796//1549 910//1549
f 910//1550 796//1550 911//1550
f 911//1551 796//1551 912//1551
f 912//1552 796//1553 913//1554
f 792//1555 796//1556 902//1557
f 913//1558 798//1558 914//1558
f 914//1559 798//1559 915//1559
f 915//1560 798//1560 916//1560
f 916//1561 798//1561 917//1561
f 917//1562 798//1562 918//1562
f 918//1563 798//1563 919//1563
f 919//1564 798//1564 920//1564
f 920//1565 798//1565 921//1565
f 921//1566 798//1566 922//1566
f 922//1567 798//1567 923//1567
f 796//1568 798//1569 913//1570
f 923//1571 805//1572 924//1573
f 924//1574 805//1574 925//1574
f 925//1575 805//1575 926//1575
f 926//1576 805//1576 927//1576
f 927//1577 805//1577 928//1577
f 928//1578 805//1578 929//1578
f 929//1579 805//1579 930//1579
f 930//1580 805//1580 931//1580
f 931//1581 805//1581 932//1581
f 932//1582 805//1582 933//1582
f 933//1583 805//1584 934//1585
f 798//1586 805//1587 923//1588
f 934//1589 806//1589 935//1589
f 935//1590 806//1590 936//1590
f 805//1591 806//1592 934//1593
f 936//1594 806//1594 937//1594
f 937//1595 806//1595 938//1595
f 938//1596 806//1596 939//1596
f 939//1597 806//1597 940//1597
f 940//1598 806//1598 941//1598
f 941//1599 806//1599 942//1599
f 942//1600 806//1600 943//1600
f 943//1601 806//1601 944//1601
f 806//1602 807//1603 944//1604
f 944//1605 807//1606 945//1607
f 945//1608 807//1608 946//1608
f 946//1609 807//1609 947//1609
f 947//1610 807//1610 948//1610
f 948//1611 807//1611 949//1611
f 949//1612 807//1612 950//1612
f 950//1613 807//1613 951//1613
f 951//1614 807//1614 952//1614
f 952//1615 807//1615 953//1615
f 953//1616 807//1616 954//1616
f 954//1617 807//1618 955//1619
f 807//1620 803//1621 955//1622
f 955//1623 803//1623 956//1623
f 956//1624 803//1624 957//1624
f 957//1625 803//1625 958//1625
f 958//1626 803//1626 959//1626
f 959//1627 803//1627 834//1627
f 960//1628 849//1628 850//1628
f 961//287 850//287 851//287
f 961//369 960//369 850//369
f 962//54 848//54 849//54
f 962//201 849//201 960//201
f 963//65 851//65 852//65
f 963//225 961//225 851//225
f 964//1629 847//1629 848//1629
f 964//1630 848//1630 962//1630
f 965//54 852//54 853//54
f 965//1405 963//1405 852//1405
f 966//105 846//105 847//105
f 966//1631 847//1631 964//1631
f 967//1632 853//1632 854//1632
f 967//153 965//153 853//153
f 968//67 845//67 846//67
f 968//1633 846//1633 966//1633
f 969//67 854//67 855//67
f 969//1634 967//1634 854//1634
f 970//1403 844//1403 845//1403
f 970//1635 845//1635 968//1635
f 971//322 855//322 856//322
f 971//245 969//245 855//245
f 972//52 843//52 844//52
f 972//66 844//66 970//66
f 973//201 971//201 856//201
f 973//79 856//79 857//79
f 974//1636 843//1636 972//1636
f 974//1403 842//1403 843//1403
f 975//52 973//52 857//52
f 975//124 857//124 858//124
f 976//1637 841//1637 842//1637
f 976//105 842//105 974//105
f 977//153 858//153 859//153
f 977//102 975//102 858//102
f 978//329 840//329 841//329
f 978//193 841//193 976//193
f 979//335 977//335 859//335
f 979//294 859//294 860//294
f 980//1638 839//1638 840//1638
f 980//327 840//327 978//327
f 981//1639 860//1639 861//1639
f 981//1640 979//1640 860//1640
f 982//1641 838//1641 839//1641
f 982//67 839//67 980//67
f 983//1406 861//1406 862//1406
f 983//1640 981//1640 861//1640
f 984//366 837//366 838//366
f 984//267 838//267 982//267
f 985//1406 862//1406 863//1406
f 985//1630 983//1630 862//1630
f 986//1642 836//1642 837//1642
f 986//154 837//154 984//154
f 987//124 863//124 864//124
f 987//113 985//113 863//113
f 988//282 835//282 836//282
f 988//67 836//67 986//67
f 989//201 864//201 865//201
f 989//1640 987//1640 864//1640
f 990//1643 834//1643 835//1643
f 990//79 835//79 988//79
f 991//229 865//229 866//229
f 991//1644 989//1644 865//1644
f 992//1645 959//1645 834//1645
f 992//1638 834//1638 990//1638
f 993//99 866//99 867//99
f 993//267 991//267 866//267
f 994//117 958//117 959//117
f 994//104 959//104 992//104
f 995//326 867//326 868//326
f 995//229 993//229 867//229
f 996//197 958//197 994//197
f 957//372 958//372 996//372
f 997//102 995//102 868//102
f 869//328 997//328 868//328
f 998//63 957//63 996//63
f 956//277 957//277 998//277
f 999//1646 997//1646 869//1646
f 870//1647 999//1647 869//1647
f 1000//352 956//352 998//352
f 955//323 956//323 1000//323
f 1001//1648 999//1648 870//1648
f 871//1649 1001//1649 870//1649
f 1002//327 955//327 1000//327
f 954//1632 955//1632 1002//1632
f 1003//329 1001//329 871//329
f 872//258 1003//258 871//258
f 1004//243 954//243 1002//243
f 953//116 954//116 1004//116
f 1005//1650 1003//1650 872//1650
f 873//55 1005//55 872//55
f 1006//1640 953//1640 1004//1640
f 952//352 953//352 1006//352
f 1007//1630 1005//1630 873//1630
f 874//132 1007//132 873//132
f 1008//163 952//163 1006//163
f 951//54 952//54 1008//54
f 1009//82 1007//82 874//82
f 875//228 1009//228 874//228
f 1010//245 951//245 1008//245
f 950//1651 951//1651 1010//1651
f 1011//372 1009//372 875//372
f 876//96 1011//96 875//96
f 1012//1652 950//1652 1010//1652
f 949//1653 950//1653 1012//1653
f 1013//367 1011//367 876//367
f 877//1632 1013//1632 876//1632
f 1014//68 949//68 1012//68
f 948//54 949//54 1014//54
f 1015//55 1013//55 877//55
f 878//54 1015//54 877//54
f 1016//72 948//72 1014//72
f 947//113 948//113 1016//113
f 1017//267 1015//267 878//267
f 879//204 1017//204 878//204
f 1018//109 947//109 1016//109
f 946//67 947//67 1018//67
f 1019//116 1017//116 879//116
f 880//212 1019//212 879//212
f 1020//54 946//54 1018//54
f 945//1654 946//1654 1020//1654
f 1021//65 1019//65 880//65
f 881//1403 1021//1403 880//1403
f 1022//55 945//55 1020//55
f 1023//1655 1021//1655 881//1655
f 944//1628 945//1628 1022//1628
f 1024//116 944//116 1022//116
f 882//1656 1023//1656 881//154
f 1025//335 1023//335 882//335
f 943//55 944//55 1024//55
f 1026//54 943//54 1024//54
f 883//53 1025//53 882//53
f 1027//1404 1025//1404 883//1404
f 942//1657 943//1657 1026//1657
f 1028//67 942//67 1026//67
f 884//1647 1027//1647 883//1647
f 1029//258 1027//258 884//258
f 941//65 942//65 1028//65
f 1030//258 941//258 1028//258
f 885//150 1029//150 884//150
f 1031//67 1029//67 885//67
f 940//55 941//55 1030//55
f 1032//96 940//96 1030//96
f 886//55 1031//55 885//55
f 1033//55 1031//55 886//55
f 939//67 940//67 1032//67
f 1034//1658 939//1658 1032//1658
f 887//104 1033//104 886//104
f 1035//1659 1033//1659 887//1659
f 938//55 939//55 1034//55
f 1036//104 938//104 1034//104
f 888//368 1035//368 887//368
f 1037//1660 1035//1660 888//1660
f 937//1661 938//1661 1036//1661
f 1038//197 937//197 1036//197
f 889//96 1037//96 888//96
f 1039//1662 1037//1662 889//1662
f 936//1663 937//1663 1038//1663
f 1040//334 936//334 1038//334
f 890//1664 1039//1664 889//1664
f 1041//1633 1039//1633 890//1633
f 935//67 936//67 1040//67
f 1042//1405 935//1405 1040//1405
f 891//374 1041//374 890//374
f 1043//65 1041//65 891//65
f 934//1663 935//1663 1042//1663
f 1044//1665 934//1665 1042//1665
f 892//65 1043//65 891//65
f 1045//53 1043//53 892//53
f 933//327 934//327 1044//327
f 1046//153 933//153 1044//153
f 893//1666 1045//1666 892//1666
f 1047//267 1045//267 893//267
f 932//1667 933//1667 1046//1667
f 1048//272 932//272 1046//272
f 894//150 1047//150 893//150
f 1049//1659 1047//1659 894//1659
f 931//150 932//150 1048//150
f 931//1668 1048//1668 1050//1668
f 895//1669 1049//1669 894//1669
f 895//227 1051//227 1049//227
f 930//326 931//326 1050//326
f 930//323 1050//323 1052//323
f 896//228 1051//228 895//228
f 896//1632 1053//1632 1051//1632
f 929//1663 930//1663 1052//1663
f 929//204 1052//204 1054//204
f 897//67 1053//67 896//67
f 897//327 1055//327 1053//327
f 928//53 1054//53 1056//53
f 928//204 929//204 1054//204
f 898//1638 1055//1638 897//1638
f 898//1670 1057//1670 1055//1670
f 927//1630 1056//1630 1058//1630
f 927//1659 928//1659 1056//1659
f 899//55 1057//55 898//55
f 899//104 1059//104 1057//104
f 926//267 1058//267 1060//267
f 926//1628 927//1628 1058//1628
f 900//254 1059//254 899//254
f 900//1671 1061//1671 1059//1671
f 925//116 1060//116 1062//116
f 925//79 926//79 1060//79
f 901//1672 1063//1672 1061//1672
f 901//1637 1061//1637 900//1637
f 924//334 1062//334 1064//334
f 924//193 925//193 1062//193
f 902//267 1065//267 1063//267
f 902//249 1063//249 901//249
f 923//153 1064//153 1066//153
f 923//371 924//371 1064//371
f 903//193 1067//193 1065//193
f 903//1406 1065//1406 902//1406
f 922//1631 1066//1631 1068//1631
f 922//1673 923//1673 1066//1673
f 904//54 1069//54 1067//54
f 904//1674 1067//1674 903//1674
f 921//96 1068//96 1070//96
f 921//153 922//153 1068//153
f 905//1675 1071//1675 1069//1675
f 905//55 1069//55 904//55
f 920//1628 1070//1628 1072//1628
f 920//96 921//96 1070//96
f 906//197 1073//197 1071//197
f 906//54 1071//54 905//54
f 919//116 920//116 1072//116
f 919//1633 1072//1633 1074//1633
f 907//105 1075//105 1073//105
f 907//65 1073//65 906//65
f 918//277 919//277 1074//277
f 918//368 1074//368 1076//368
f 908//1651 1075//1651 907//1651
f 908//65 1077//65 1075//65
f 917//1638 918//1638 1076//1638
f 917//277 1076//277 1078//277
f 909//249 1077//249 908//249
f 909//1638 1079//1638 1077//1638
f 916//79 917//79 1078//79
f 916//201 1078//201 1080//201
f 910//1403 1079//1403 909//1403
f 910//206 1081//206 1079//206
f 915//72 916//72 1080//72
f 915//117 1080//117 1082//117
f 911//216 1081//216 910//216
f 911//104 1083//104 1081//104
f 914//1676 1082//1676 1084//1676
f 914//79 915//79 1082//79
f 912//370 1085//370 1083//370
f 912//65 1083//65 911//65
f 913//1677 1085//1677 912//1677
f 913//1678 1084//1678 1085//1678
f 913//1649 914//1649 1084//1649
f 989//1679 991//1679 1086//1679
f 987//1680 989//1680 1086//1680
f 985//1681 987//1681 1086//1681
f 983//1682 985//1682 1086//1682
f 981//1683 983//1683 1086//1683
f 979//1684 1086//1685 1087//1686
f 979//1687 981//1687 1086//1687
f 977//1688 979//1689 1087//1690
f 975//1691 977//1691 1087//1691
f 973//1692 975//1692 1087//1692
f 971//1693 973//1693 1087//1693
f 969//1694 971//1694 1087//1694
f 967//1695 969//1695 1087//1695
f 965//1696 967//1696 1087//1696
f 963//1697 965//1697 1087//1697
f 961//1698 963//1698 1087//1698
f 960//1699 961//1699 1087//1699
f 962//1700 960//1700 1087//1700
f 964//1701 962//1701 1087//1701
f 966//1702 1087//1702 1088//1702
f 966//1703 964//1703 1087//1703
f 968//1704 966//1704 1088//1704
f 970//1705 968//1705 1088//1705
f 972//1706 970//1706 1088//1706
f 974//1707 972//1707 1088//1707
f 976//1708 974//1708 1088//1708
f 978//1709 976//1709 1088//1709
f 980//1710 978//1710 1088//1710
f 982//1711 980//1711 1088//1711
f 984//1712 982//1712 1088//1712
f 986//1713 984//1713 1088//1713
f 988//1714 986//1714 1088//1714
f 990//1715 988//1715 1088//1715
f 992//1716 1088//1716 1089//1716
f 992//1717 990//1717 1088//1717
f 994//1718 992//1718 1089//1718
f 996//1719 994//1719 1089//1719
f 998//1720 996//1720 1089//1720
f 1000//1721 998//1721 1089//1721
f 1002//1722 1000//1722 1089//1722
f 1004//1723 1002//1723 1089//1723
f 1006//1724 1004//1724 1089//1724
f 1008//1725 1006//1725 1089//1725
f 1010//1726 1008//1726 1089//1726
f 1012//1727 1010//1727 1089//1727
f 1014//1728 1012//1728 1089//1728
f 1016//1729 1089//1729 1090//1729
f 1016//1730 1014//1730 1089//1730
f 1018//1731 1016//1731 1090//1731
f 1020//1732 1018//1732 1090//1732
f 1022//1733 1020//1733 1090//1733
f 1024//1734 1022//1734 1090//1734
f 1026//1735 1024//1735 1090//1735
f 1028//1736 1026//1736 1090//1736
f 1030//1737 1028//1737 1090//1737
f 1032//1738 1030//1738 1090//1738
f 1034//1739 1032//1739 1090//1739
f 1036//1740 1034//1740 1090//1740
f 1038//1741 1036//1741 1090//1741
f 1040//1742 1038//1742 1090//1742
f 1042//1743 1090//1744 1091//1745
f 1042//1746 1040//1747 1090//1748
f 1044//1749 1042//1749 1091//1749
f 1046//1750 1044//1750 1091//1750
f 1048//1751 1046//1751 1091//1751
f 1050//1752 1048//1752 1091//1752
f 1052//1753 1050//1753 1091//1753
f 1054//1754 1052//1754 1091//1754
f 1056//1755 1054//1755 1091//1755
f 1058//1756 1056//1756 1091//1756
f 1060//1757 1058//1757 1091//1757
f 1062//1758 1060//1758 1091//1758
f 1064//1759 1062//1759 1091//1759
f 1066//1760 1091//1761 1092//1762
f 1066//1763 1064//1763 1091//1763
f 1068//1764 1066//1765 1092//1766
f 1070//1767 1068//1767 1092//1767
f 1072//1768 1070//1768 1092//1768
f 1074//1769 1072//1769 1092//1769
f 1076//1770 1074//1770 1092//1770
f 1078//1771 1076//1771 1092//1771
f 1080//1772 1078//1772 1092//1772
f 1082//1773 1080//1773 1092//1773
f 1084//1774 1082//1774 1092//1774
f 1085//1775 1084//1775 1092//1775
f 1083//1776 1085//1776 1092//1776
f 1081//1777 1083//1777 1092//1777
f 1079//1778 1092//1778 1093//1778
f 1079//1779 1081//1779 1092//1779
f 1077//1780 1079//1780 1093//1780
f 1075//1781 1077//1781 1093//1781
f 1073//1782 1075//1782 1093//1782
f 1071//1783 1073//1783 1093//1783
f 1069//1784 1071//1784 1093//1784
f 1067//1785 1069//1785 1093//1785
f 1065//1786 1067//1786 1093//1786
f 1063//1787 1065//1787 1093//1787
f 1061//1788 1063//1788 1093//1788
f 1059//1789 1061//1789 1093//1789
f 1057//1790 1059//1790 1093//1790
f 1055//1791 1057//1791 1093//1791
f 1053//1792 1093//1792 1094//1792
f 1053//1793 1055//1793 1093//1793
f 1051//1794 1053//1794 1094//1794
f 1049//1795 1051//1795 1094//1795
f 1047//1796 1049//1796 1094//1796
f 1045//1797 1047//1797 1094//1797
f 1043//1798 1045//1798 1094//1798
f 1041//1799 1043//1799 1094//1799
f 1039//1800 1041//1800 1094//1800
f 1037//1801 1039//1801 1094//1801
f 1035//1802 1037//1802 1094//1802
f 1033//1803 1035//1803 1094//1803
f 1031//1804 1033//1804 1094//1804
f 1029//1805 1094//1805 1095//1805
f 1029//1806 1031//1806 1094//1806
f 1027//1807 1029//1807 1095//1807
f 1025//1808 1027//1808 1095//1808
f 1023//1809 1025//1809 1095//1809
f 1021//1810 1023//1810 1095//1810
f 1019//1811 1021//1811 1095//1811
f 1017//1812 1019//1812 1095//1812
f 1015//1813 1017//1813 1095//1813
f 1013//1814 1015//1814 1095//1814
f 1011//1815 1013//1815 1095//1815
f 1009//1816 1011//1816 1095//1816
f 1007//1817 1009//1817 1095//1817
f 1005//1818 1007//1818 1095//1818
f 1003//1819 1095//1820 1086//1821
f 1003//1822 1005//1823 1095//1824
f 1001//1825 1003//1825 1086//1825
f 999//1826 1001//1826 1086//1826
f 997//1827 999//1827 1086//1827
f 995//1828 997//1828 1086//1828
f 993//1829 995//1829 1086//1829
f 991//1830 993//1830 1086//1830
f 1092//1831 1091//1831 1096//1831
f 1092//1832 1096//1832 1097//1832
f 1093//1833 1097//1833 1098//1833
f 1093//1834 1092//1834 1097//1834
f 1094//1835 1098//1835 1099//1835
f 1094//1836 1093//1836 1098//1836
f 1095//1837 1099//1837 1100//1837
f 1095//1838 1094//1838 1099//1838
f 1101//1839 1095//1839 1100//1839
f 1086//1840 1095//1840 1101//1840
f 1087//1841 1086//1841 1101//1841
f 1087//1842 1101//1842 1102//1842
f 1088//1843 1102//1843 1103//1843
f 1088//1844 1087//1844 1102//1844
f 1089//1845 1103//1845 1104//1845
f 1089//1846 1088//1846 1103//1846
f 1090//1847 1104//1847 1105//1847
f 1090//1848 1089//1848 1104//1848
f 1091//1849 1105//1849 1096//1849
f 1091//1850 1090//1850 1105//1850
f 1106//216 1098//216 1097//216
f 1107//53 1098//53 1106//53
f 1108//54 1097//54 1096//54
f 1108//55 1106//55 1097//55
f 1099//54 1098//54 1107//54
f 1105//54 1108//54 1096//54
f 1109//54 1099//54 1107//54
f 1110//52 1108//52 1105//52
f 1100//55 1099//55 1109//55
f 1104//52 1110//52 1105//52
f 1111//55 1100//55 1109//55
f 1112//55 1110//55 1104//55
f 1101//54 1100//54 1111//54
f 1103//54 1113//54 1112//54
f 1103//55 1112//55 1104//55
f 1102//55 1111//55 1113//55
f 1102//52 1101//52 1111//52
f 1102//54 1113//54 1103//54
f 1108//1851 1114//1851 1115//1851
f 1108//1852 1110//1852 1114//1852
f 1110//1853 1112//1853 1116//1853
f 1112//1854 1113//1854 1116//1854
f 1117//1855 1111//1855 1118//1855
f 1113//1856 1111//1856 1117//1856
f 1116//1857 1114//1857 1110//1857
f 1117//1858 1116//1858 1113//1858
f 1119//673 1120//673 1118//673
f 1118//673 1121//673 1117//673
f 1120//673 1121//673 1118//673
f 1117//1859 1121//1859 1116//1859
f 1116//1859 1121//1859 1122//1859
f 1116//1860 1122//1860 1114//1860
f 1114//1860 1122//1860 1123//1860
f 1114//11 1123//11 1115//11
f 1115//34 1124//34 1125//34
f 1123//11 1124//11 1115//11
f 1111//1861 1119//1861 1118//1861
f 1111//1862 1109//1862 1119//1862
f 1109//1863 1107//1863 1126//1863
f 1107//1864 1106//1864 1126//1864
f 1125//1865 1108//1865 1115//1865
f 1106//1866 1108//1866 1125//1866
f 1125//1867 1126//1867 1106//1867
f 1126//1868 1119//1868 1109//1868
f 1127//1869 1126//1869 1124//1869
f 1124//1870 1126//1870 1125//1870
f 1120//1871 1119//1871 1127//1871
f 1127//1872 1119//1872 1126//1872
f 1122//54 1128//54 1123//54
f 1123//52 1128//52 1129//52
f 1123//54 1130//54 1124//54
f 1129//52 1130//52 1123//52
f 1128//52 1121//52 1131//52
f 1122//53 1121//53 1128//53
f 1130//52 1132//52 1124//52
f 1132//55 1127//55 1124//55
f 1121//54 1133//54 1131//54
f 1133//372 1120//372 1132//372
f 1121//1873 1120//1873 1133//1873
f 1132//54 1120//54 1127//54
f 1128//1874 1134//1874 1135//1874
f 1128//1875 1131//1875 1134//1875
f 1131//1876 1136//1876 1134//1876
f 1131//1877 1133//1877 1136//1877
f 1133//1878 1137//1879 1136//1880
f 1133//1881 1132//1882 1137//1883
f 1132//1884 1138//1885 1137//1886
f 1132//1887 1130//1888 1138//1889
f 1130//1890 1139//1891 1138//1890
f 1130//1892 1129//1892 1139//1892
f 1139//1893 1128//1894 1135//1894
f 1129//1895 1128//1895 1139//1896
f 1137//1869 1138//1869 1140//1869
f 1140//1869 1138//1869 1141//1869
f 1141//11 1139//11 1142//11
f 1138//11 1139//11 1141//11
f 1142//1897 1135//1897 1143//1897
f 1139//1860 1135//1860 1142//1860
f 1135//1898 1134//1898 1143//1898
f 1143//1859 1134//1859 1144//1859
f 1144//673 1136//673 1145//673
f 1134//673 1136//673 1144//673
f 1145//1899 1137//1899 1140//1899
f 1136//1872 1137//1872 1145//1872
f 1143//1900 1144//1900 1146//1900
f 1144//1901 1145//1901 1146//1901
f 1145//1902 1140//1902 1146//1902
f 1140//1903 1141//1903 1146//1903
f 1141//1904 1142//1904 1146//1904
f 1142//1905 1143//1905 1146//1905
f 1147//1906 774//1906 1148//1906
f 1148//1907 774//1907 1149//1907
f 1149//1908 774//1908 1150//1908
f 1150//1909 774//1909 1151//1909
f 1151//1910 774//1910 1152//1910
f 1152//1911 758//1912 1153//1913
f 1153//1914 758//1914 1154//1914
f 1154//1915 758//1915 1155//1915
f 1155//1916 758//1916 1156//1916
f 1156//1917 758//1917 1157//1917
f 1157//1918 758//1918 1158//1918
f 1158//1456 758//1456 1159//1456
f 1159//1919 758//1919 1160//1919
f 1160//1920 758//1920 1161//1920
f 1161//1921 758//1921 1162//1921
f 1162//1922 758//1923 1163//1924
f 774//1925 758//1926 1152//1927
f 1163//1928 752//1928 1164//1928
f 1164//1929 752//1929 1165//1929
f 1165//1930 752//1930 1166//1930
f 1166//1931 752//1931 1167//1931
f 1167//1932 752//1932 1168//1932
f 1168//1933 752//1933 1169//1933
f 1169//1934 752//1934 1170//1934
f 1170//1473 752//1473 1171//1473
f 1171//1935 752//1935 1172//1935
f 1172//1936 752//1936 1173//1936
f 758//1937 752//1477 1163//1938
f 1173//1479 745//1939 1174//1481
f 1174//1940 745//1940 1175//1940
f 1175//1941 745//1941 1176//1941
f 1176//1942 745//1942 1177//1942
f 1177//1943 745//1943 1178//1943
f 1178//949 745//949 1179//949
f 1179//1944 745//1944 1180//1944
f 1180//1945 745//1945 1181//1945
f 1181//1946 745//1946 1182//1946
f 1182//1947 745//1947 1183//1947
f 1183//1948 745//1949 1184//1950
f 752//1493 745//1951 1173//1952
f 1184//1496 738//1496 1185//1496
f 1185//1953 738//1953 1186//1953
f 745//1954 738//1499 1184//1955
f 1186//1501 738//1501 1187//1501
f 1187//1956 738//1956 1188//1956
f 1188//1957 738//1957 1189//1957
f 1189//1958 738//1958 1190//1958
f 1190//1505 738//1505 1191//1505
f 1191//1959 738//1959 1192//1959
f 1192//1960 738//1960 1193//1960
f 1193//1961 738//1961 1194//1961
f 738//1509 739//1962 1194//1963
f 1194//1964 739//1965 1195//1966
f 1195//1967 739//1967 1196//1967
f 1196//1968 739//1968 1197//1968
f 1197//1969 739//1969 1198//1969
f 1198//1970 739//1970 1199//1970
f 1199//1971 739//1971 1200//1971
f 1200//1520 739//1520 1201//1520
f 1201//1972 739//1972 1202//1972
f 1202//1973 739//1973 1203//1973
f 1203//1974 739//1974 1204//1974
f 1204//1975 739//1976 1205//1977
f 739//1978 749//1528 1205//1979
f 1205//1980 749//1980 1206//1980
f 1206//1981 749//1981 1207//1981
f 1207//1982 749//1982 1208//1982
f 1208//1983 749//1983 1209//1983
f 1209//1984 749//1984 1210//1984
f 1210//1985 749//1985 1211//1985
f 1211//1986 749//1986 1212//1986
f 1212//1987 749//1987 1213//1987
f 1213//1988 749//1988 1214//1988
f 1214//1989 749//1989 1215//1989
f 1215//1990 757//1991 1216//1992
f 1216//1993 757//1993 1217//1993
f 1217//1994 757//1994 1218//1994
f 1218//1995 757//1995 1219//1995
f 1219//1996 757//1996 1220//1996
f 1220//1997 757//1997 1221//1997
f 1221//1548 757//1548 1222//1548
f 1222//1998 757//1998 1223//1998
f 1223//1999 757//1999 1224//1999
f 1224//2000 757//2000 1225//2000
f 1225//2001 757//2002 1226//2003
f 749//1555 757//2004 1215//2005
f 1226//2006 759//2006 1227//2006
f 1227//2007 759//2007 1228//2007
f 1228//2008 759//2008 1229//2008
f 1229//2009 759//2009 1230//2009
f 1230//1562 759//1562 1231//1562
f 1231//2010 759//2010 1232//2010
f 1232//2011 759//2011 1233//2011
f 1233//2012 759//2012 1234//2012
f 1234//1566 759//1566 1235//1566
f 1235//2013 759//2013 1236//2013
f 757//2014 759//2015 1226//2016
f 1236//1571 769//2017 1237//2018
f 1237//2019 769//2019 1238//2019
f 1238//2020 769//2020 1239//2020
f 1239//2021 769//2021 1240//2021
f 1240//2022 769//2022 1241//2022
f 1241//2023 769//2023 1242//2023
f 1242//2024 769//2024 1243//2024
f 1243//1580 769//1580 1244//1580
f 1244//2025 769//2025 1245//2025
f 1245//1582 769//1582 1246//1582
f 1246//2026 769//1584 1247//1585
f 759//1586 769//2027 1236//2028
f 1247//1589 777//1589 1248//1589
f 1248//2029 777//2029 1249//2029
f 769//1591 777//2030 1247//1593
f 1249//2031 777//2031 1250//2031
f 1250//2032 777//2032 1251//2032
f 1251//2033 777//2033 1252//2033
f 1252//2034 777//2034 1253//2034
f 1253//2035 777//2035 1254//2035
f 1254//2036 777//2036 1255//2036
f 1255//2037 777//2037 1256//2037
f 1256//2038 777//2038 1257//2038
f 777//1602 781//2039 1257//2040
f 1257//2041 781//2042 1258//2043
f 1258//2044 781//2044 1259//2044
f 1259//2045 781//2045 1260//2045
f 1260//2046 781//2046 1261//2046
f 1261//2047 781//2047 1262//2047
f 1262//2048 781//2048 1263//2048
f 1263//2049 781//2049 1264//2049
f 1264//2050 781//2050 1265//2050
f 1265//2051 781//2051 1266//2051
f 1266//2052 781//2052 1267//2052
f 1267//2053 781//1618 1268//1619
f 781//2054 774//1621 1268//2055
f 1268//2056 774//2056 1269//2056
f 1269//2057 774//2057 1270//2057
f 1270//2058 774//2058 1271//2058
f 1271//1626 774//1626 1272//1626
f 1272//2059 774//2059 1147//2059
f 1273//201 1162//201 1163//201
f 1274//267 1163//267 1164//267
f 1274//81 1273//81 1163//81
f 1275//1661 1161//1661 1162//1661
f 1275//55 1162//55 1273//55
f 1276//65 1164//65 1165//65
f 1276//1660 1274//1660 1164//1660
f 1277//154 1160//154 1161//154
f 1277//1637 1161//1637 1275//1637
f 1278//212 1165//212 1166//212
f 1278//154 1276//154 1165//154
f 1279//216 1159//216 1160//216
f 1279//80 1160//80 1277//80
f 1280//80 1166//80 1167//80
f 1280//132 1278//132 1166//132
f 1281//55 1158//55 1159//55
f 1281//1640 1159//1640 1279//1640
f 1282//1638 1167//1638 1168//1638
f 1282//245 1280//245 1167//245
f 1283//1671 1157//1671 1158//1671
f 1283//117 1158//117 1281//117
f 1284//153 1168//153 1169//153
f 1284//68 1282//68 1168//68
f 1285//2060 1156//2060 1157//2060
f 1285//96 1157//96 1283//96
f 1286//104 1169//104 1170//104
f 1286//54 1284//54 1169//54
f 1287//245 1156//245 1285//245
f 1287//212 1155//212 1156//212
f 1288//54 1286//54 1170//54
f 1288//54 1170//54 1171//54
f 1289//335 1154//335 1155//335
f 1289//153 1155//153 1287//153
f 1290//327 1288//327 1171//327
f 1290//328 1171//328 1172//328
f 1291//53 1153//53 1154//53
f 1291//1403 1154//1403 1289//1403
f 1292//111 1290//111 1172//111
f 1292//67 1172//67 1173//67
f 1293//67 1153//67 1291//67
f 1293//2061 1152//2061 1153//2061
f 1294//79 1292//79 1173//79
f 1294//55 1173//55 1174//55
f 1295//1644 1151//1644 1152//1644
f 1295//82 1152//82 1293//82
f 1296//326 1174//326 1175//326
f 1296//55 1294//55 1174//55
f 1297//66 1150//66 1151//66
f 1297//2062 1151//2062 1295//2062
f 1298//1639 1175//1639 1176//1639
f 1298//1406 1296//1406 1175//1406
f 1299//201 1149//201 1150//201
f 1299//2063 1150//2063 1297//2063
f 1300//116 1176//116 1177//116
f 1300//352 1298//352 1176//352
f 1301//1649 1148//1649 1149//1649
f 1301//55 1149//55 1299//55
f 1302//243 1177//243 1178//243
f 1302//153 1300//153 1177//153
f 1303//154 1147//154 1148//154
f 1303//2064 1148//2064 1301//2064
f 1304//1639 1178//1639 1179//1639
f 1304//154 1302//154 1178//154
f 1305//1639 1272//1639 1147//1639
f 1305//55 1147//55 1303//55
f 1306//204 1179//204 1180//204
f 1306//193 1304//193 1179//193
f 1307//2065 1271//2065 1272//2065
f 1307//1404 1272//1404 1305//1404
f 1308//267 1180//267 1181//267
f 1308//366 1306//366 1180//366
f 1309//1630 1271//1630 1307//1630
f 1270//323 1271//323 1309//323
f 1310//2066 1308//2066 1181//2066
f 1182//55 1310//55 1181//55
f 1311//1630 1270//1630 1309//1630
f 1269//204 1270//204 1311//204
f 1312//1657 1310//1657 1182//1657
f 1183//193 1312//193 1182//193
f 1313//65 1269//65 1311//65
f 1268//2067 1269//2067 1313//2067
f 1314//109 1312//109 1183//109
f 1184//1628 1314//1628 1183//1628
f 1315//1659 1268//1659 1313//1659
f 1267//1657 1268//1649 1315//1657
f 1316//1638 1314//1638 1184//1638
f 1185//295 1316//295 1184//295
f 1317//1632 1267//1632 1315//1632
f 1266//55 1267//55 1317//55
f 1318//66 1316//66 1185//66
f 1186//346 1318//346 1185//346
f 1319//1873 1266//1873 1317//1873
f 1265//54 1266//54 1319//54
f 1320//368 1318//368 1186//368
f 1187//2064 1320//2064 1186//2064
f 1321//267 1265//267 1319//267
f 1264//55 1265//55 1321//55
f 1322//2068 1320//2068 1187//2068
f 1188//79 1322//79 1187//79
f 1323//52 1264//52 1321//52
f 1263//329 1264//329 1323//329
f 1324//2060 1322//2060 1188//2060
f 1189//1632 1324//1632 1188//1632
f 1325//2069 1263//2069 1323//2069
f 1262//225 1263//225 1325//225
f 1326//1651 1324//1651 1189//1651
f 1190//53 1326//53 1189//53
f 1327//113 1262//113 1325//113
f 1261//249 1262//249 1327//249
f 1328//2070 1326//2070 1190//2070
f 1191//329 1328//329 1190//329
f 1329//346 1261//346 1327//346
f 1260//2071 1261//2071 1329//2071
f 1330//249 1328//249 1191//249
f 1192//204 1330//204 1191//204
f 1331//1636 1260//1636 1329//1636
f 1259//2061 1260//2061 1331//2061
f 1332//212 1330//212 1192//212
f 1193//63 1332//63 1192//63
f 1333//193 1259//193 1331//193
f 1258//54 1259//54 1333//54
f 1334//249 1332//249 1193//249
f 1194//154 1334//154 1193//154
f 1335//1404 1258//1404 1333//1404
f 1336//54 1334//54 1194//54
f 1257//212 1258//212 1335//212
f 1337//1663 1257//1663 1335//1663
f 1195//2065 1336//2065 1194//2065
f 1338//111 1336//111 1195//111
f 1256//55 1257//55 1337//55
f 1339//1632 1256//1632 1337//1632
f 1196//132 1338//132 1195//132
f 1340//287 1338//287 1196//287
f 1255//329 1256//329 1339//329
f 1341//65 1255//65 1339//65
f 1197//1638 1340//1638 1196//1638
f 1342//206 1340//206 1197//206
f 1254//327 1255//327 1341//327
f 1343//1632 1254//1632 1341//1632
f 1198//150 1342//150 1197//150
f 1344//63 1342//63 1198//63
f 1253//1650 1254//1650 1343//1650
f 1345//96 1253//96 1343//96
f 1199//63 1344//63 1198//63
f 1346//2072 1344//2072 1199//2072
f 1252//2060 1253//2060 1345//2060
f 1347//1403 1252//1403 1345//1403
f 1200//243 1346//243 1199//243
f 1348//72 1346//72 1200//72
f 1251//374 1252//374 1347//374
f 1349//212 1251//212 1347//212
f 1201//1404 1348//1404 1200//1404
f 1350//352 1348//352 1201//352
f 1250//326 1251//326 1349//326
f 1351//1653 1250//1653 1349//1653
f 1202//63 1350//63 1201//63
f 1352//1662 1350//1662 1202//1662
f 1249//1637 1250//1637 1351//1637
f 1353//72 1249//72 1351//72
f 1203//258 1352//258 1202//258
f 1354//2073 1352//2073 1203//2073
f 1248//153 1249//153 1353//153
f 1355//66 1248//66 1353//66
f 1204//282 1354//282 1203//282
f 1356//1404 1354//1404 1204//1404
f 1247//125 1248//125 1355//125
f 1357//1651 1247//1651 1355//1651
f 1205//131 1356//131 1204//131
f 1358//96 1356//96 1205//96
f 1246//323 1247//323 1357//323
f 1359//1647 1246//1647 1357//1647
f 1206//116 1358//116 1205//116
f 1360//2074 1358//2074 1206//2074
f 1245//54 1246//54 1359//54
f 1361//96 1245//96 1359//96
f 1207//63 1360//63 1206//63
f 1362//67 1360//67 1207//67
f 1244//1404 1361//1404 1363//1404
f 1244//67 1245//67 1361//67
f 1208//1403 1362//1403 1207//1403
f 1208//2074 1364//2074 1362//2074
f 1243//79 1244//79 1363//79
f 1243//327 1363//327 1365//327
f 1209//212 1364//212 1208//212
f 1209//55 1366//55 1364//55
f 1242//79 1243//79 1365//79
f 1242//52 1365//52 1367//52
f 1210//258 1366//258 1209//258
f 1210//175 1368//175 1366//175
f 1241//1638 1367//1638 1369//1638
f 1241//212 1242//212 1367//212
f 1211//366 1368//366 1210//366
f 1211//52 1370//52 1368//52
f 1240//2072 1369//2072 1371//2072
f 1240//2075 1241//2075 1369//2075
f 1212//1632 1370//1632 1211//1632
f 1212//1667 1372//1667 1370//1667
f 1239//116 1371//116 1373//116
f 1239//153 1240//153 1371//153
f 1213//1671 1372//1671 1212//1671
f 1213//352 1374//352 1372//352
f 1238//2076 1373//2076 1375//2076
f 1238//1658 1239//1658 1373//1658
f 1214//1647 1376//1647 1374//1647
f 1214//2065 1374//2065 1213//2065
f 1237//1403 1375//1403 1377//1403
f 1237//1873 1238//1873 1375//1873
f 1215//216 1378//216 1376//216
f 1215//1628 1376//1628 1214//1628
f 1236//1404 1377//1404 1379//267
f 1236//67 1237//67 1377//67
f 1216//282 1380//282 1378//282
f 1216//99 1378//99 1215//99
f 1235//227 1379//227 1381//227
f 1235//2071 1236//2071 1379//2071
f 1217//243 1382//243 1380//243
f 1217//367 1380//367 1216//367
f 1234//1663 1381//1663 1383//1663
f 1234//228 1235//228 1381//228
f 1218//1645 1384//1645 1382//1645
f 1218//216 1382//216 1217//216
f 1233//2077 1383//2077 1385//2077
f 1233//1653 1234//1653 1383//1653
f 1219//2078 1386//2078 1384//2078
f 1219//352 1384//352 1218//352
f 1232//197 1233//197 1385//197
f 1232//105 1385//105 1387//105
f 1220//1640 1388//1640 1386//1640
f 1220//1403 1386//1403 1219//1403
f 1231//243 1232//243 1387//243
f 1231//1652 1387//1652 1389//1652
f 1221//1630 1388//1630 1220//1630
f 1221//113 1390//113 1388//113
f 1230//197 1231//197 1389//197
f 1230//331 1389//331 1391//331
f 1222//368 1390//368 1221//368
f 1222//125 1392//125 1390//125
f 1229//53 1230//53 1391//53
f 1229//1645 1391//1645 1393//1645
f 1223//1403 1392//1403 1222//1403
f 1223//346 1394//346 1392//346
f 1228//2079 1229//2079 1393//2079
f 1228//2068 1393//2068 1395//2068
f 1224//267 1394//267 1223//267
f 1224//267 1396//267 1394//267
f 1227//96 1395//96 1397//96
f 1227//104 1228//104 1395//104
f 1225//2072 1396//2072 1224//2072
f 1225//327 1398//327 1396//327
f 1226//1405 1398//1405 1225//1405
f 1226//54 1397//54 1398//54
f 1226//1403 1227//1403 1397//1403
f 1302//1679 1304//1679 1399//1679
f 1300//1680 1302//1680 1399//1680
f 1298//2080 1300//2080 1399//2080
f 1296//1682 1298//1682 1399//1682
f 1294//2081 1296//2081 1399//2081
f 1292//2082 1399//1685 1400//2083
f 1292//1687 1294//1687 1399//1687
f 1290//1688 1292//2084 1400//2085
f 1288//2086 1290//2086 1400//2086
f 1286//2087 1288//2087 1400//2087
f 1284//2088 1286//2088 1400//2088
f 1282//2089 1284//2089 1400//2089
f 1280//2090 1282//2090 1400//2090
f 1278//2091 1280//2091 1400//2091
f 1276//2092 1278//2092 1400//2092
f 1274//2093 1276//2093 1400//2093
f 1273//2094 1274//2094 1400//2094
f 1275//1700 1273//1700 1400//1700
f 1277//2095 1275//2095 1400//2095
f 1279//2096 1400//2096 1401//2096
f 1279//2097 1277//2097 1400//2097
f 1281//2098 1279//2098 1401//2098
f 1283//2099 1281//2099 1401//2099
f 1285//2100 1283//2100 1401//2100
f 1287//2101 1285//2101 1401//2101
f 1289//2102 1287//2102 1401//2102
f 1291//1709 1289//1709 1401//1709
f 1293//2103 1291//2103 1401//2103
f 1295//2104 1293//2104 1401//2104
f 1297//1712 1295//1712 1401//1712
f 1299//2105 1297//2105 1401//2105
f 1301//1714 1299//1714 1401//1714
f 1303//2106 1301//2106 1401//2106
f 1305//2107 1401//2107 1402//2107
f 1305//2108 1303//2108 1401//2108
f 1307//2109 1305//2109 1402//2109
f 1309//2110 1307//2110 1402//2110
f 1311//2111 1309//2111 1402//2111
f 1313//2112 1311//2112 1402//2112
f 1315//1722 1313//1722 1402//1722
f 1317//2113 1315//2113 1402//2113
f 1319//2114 1317//2114 1402//2114
f 1321//2115 1319//2115 1402//2115
f 1323//2116 1321//2116 1402//2116
f 1325//2117 1323//2117 1402//2117
f 1327//1728 1325//1728 1402//1728
f 1329//2118 1402//2118 1403//2118
f 1329//2119 1327//2119 1402//2119
f 1331//2120 1329//2120 1403//2120
f 1333//1732 1331//1732 1403//1732
f 1335//2121 1333//2121 1403//2121
f 1337//2122 1335//2122 1403//2122
f 1339//2123 1337//2123 1403//2123
f 1341//2124 1339//2124 1403//2124
f 1343//2125 1341//2125 1403//2125
f 1345//2126 1343//2126 1403//2126
f 1347//2127 1345//2127 1403//2127
f 1349//2128 1347//2128 1403//2128
f 1351//2129 1349//2129 1403//2129
f 1353//2130 1351//2130 1403//2130
f 1355//1743 1403//2131 1404//1745
f 1355//2132 1353//2133 1403//1748
f 1357//2134 1355//2134 1404//2134
f 1359//2135 1357//2135 1404//2135
f 1361//2136 1359//2136 1404//2136
f 1363//2137 1361//2137 1404//2137
f 1365//2138 1363//2138 1404//2138
f 1367//2139 1365//2139 1404//2139
f 1369//2140 1367//2140 1404//2140
f 1371//2141 1369//2141 1404//2141
f 1373//2142 1371//2142 1404//2142
f 1375//2143 1373//2143 1404//2143
f 1377//2144 1375//2144 1404//2144
f 1379//1760 1404//1761 1405//1762
f 1379//2145 1377//2145 1404//2145
f 1381//2146 1379//1765 1405//1766
f 1383//1767 1381//1767 1405//1767
f 1385//2147 1383//2147 1405//2147
f 1387//2148 1385//2148 1405//2148
f 1389//1770 1387//1770 1405//1770
f 1391//2149 1389//2149 1405//2149
f 1393//1772 1391//1772 1405//1772
f 1395//2150 1393//2150 1405//2150
f 1397//2151 1395//2151 1405//2151
f 1398//2152 1397//2152 1405//2152
f 1396//2153 1398//2153 1405//2153
f 1394//2154 1396//2154 1405//2154
f 1392//2155 1405//2155 1406//2155
f 1392//2156 1394//2156 1405//2156
f 1390//2157 1392//2157 1406//2157
f 1388//2158 1390//2158 1406//2158
f 1386//2159 1388//2159 1406//2159
f 1384//1783 1386//1783 1406//1783
f 1382//2160 1384//2160 1406//2160
f 1380//1785 1382//1785 1406//1785
f 1378//2161 1380//2161 1406//2161
f 1376//2162 1378//2162 1406//2162
f 1374//2163 1376//2163 1406//2163
f 1372//2164 1374//2164 1406//2164
f 1370//2165 1372//2165 1406//2165
f 1368//2166 1370//2166 1406//2166
f 1366//2167 1406//2167 1407//2167
f 1366//2168 1368//2168 1406//2168
f 1364//2169 1366//2169 1407//2169
f 1362//2170 1364//2170 1407//2170
f 1360//2171 1362//2171 1407//2171
f 1358//2172 1360//2172 1407//2172
f 1356//1798 1358//1798 1407//1798
f 1354//2173 1356//2173 1407//2173
f 1352//2174 1354//2174 1407//2174
f 1350//2175 1352//2175 1407//2175
f 1348//2176 1350//2176 1407//2176
f 1346//2177 1348//2177 1407//2177
f 1344//2178 1346//2178 1407//2178
f 1342//1805 1407//1805 1408//1805
f 1342//2179 1344//2179 1407//2179
f 1340//2180 1342//2180 1408//2180
f 1338//2181 1340//2181 1408//2181
f 1336//2182 1338//2182 1408//2182
f 1334//2183 1336//2183 1408//2183
f 1332//2184 1334//2184 1408//2184
f 1330//2185 1332//2185 1408//2185
f 1328//2186 1330//2186 1408//2186
f 1326//2187 1328//2187 1408//2187
f 1324//2188 1326//2188 1408//2188
f 1322//2189 1324//2189 1408//2189
f 1320//2190 1322//2190 1408//2190
f 1318//2191 1320//2191 1408//2191
f 1316//2192 1408//2193 1399//1821
f 1316//2194 1318//2195 1408//2196
f 1314//2197 1316//2197 1399//2197
f 1312//2198 1314//2198 1399//2198
f 1310//2199 1312//2199 1399//2199
f 1308//2200 1310//2200 1399//2200
f 1306//2201 1308//2201 1399//2201
f 1304//1830 1306//1830 1399//1830
f 1405//2202 1404//2202 1409//2202
f 1405//1832 1409//1832 1410//1832
f 1406//1833 1410//1833 1411//1833
f 1406//1834 1405//1834 1410//1834
f 1412//2203 1406//2203 1411//2203
f 1407//2204 1406//2204 1412//2204
f 1408//1838 1412//1838 1413//1838
f 1408//2205 1407//2205 1412//2205
f 1399//2206 1413//2206 1414//2206
f 1399//2207 1408//2207 1413//2207
f 1400//2208 1399//2208 1414//2208
f 1400//2208 1414//2208 1415//2208
f 1401//2209 1415//2209 1416//2209
f 1401//1844 1400//1844 1415//1844
f 1402//2210 1416//2210 1417//2210
f 1402//1845 1401//1845 1416//1845
f 1403//2211 1417//2212 1418//2211
f 1403//2213 1402//2213 1417//2213
f 1409//2214 1403//2214 1418//2214
f 1404//2215 1403//2215 1409//2215
f 1419//54 1411//54 1410//54
f 1420//55 1410//55 1409//55
f 1420//53 1419//53 1410//53
f 1421//52 1411//52 1419//52
f 1412//54 1411//54 1421//54
f 1418//53 1420//53 1409//53
f 1422//55 1420//55 1418//55
f 1423//52 1412//52 1421//52
f 1413//55 1412//55 1423//55
f 1417//54 1422//54 1418//54
f 1424//54 1422//54 1417//54
f 1425//55 1413//55 1423//55
f 1414//54 1413//54 1425//54
f 1416//53 1426//53 1424//53
f 1416//55 1424//55 1417//55
f 1415//52 1425//52 1426//52
f 1415//53 1426//53 1416//53
f 1415//370 1414//370 1425//370
f 1420//2216 1427//2216 1428//2216
f 1420//2217 1422//2217 1427//2217
f 1422//2218 1424//2218 1429//2218
f 1424//2219 1426//2219 1429//2219
f 1430//2220 1425//2220 1431//2220
f 1426//2221 1425//2221 1430//2221
f 1429//2222 1427//2222 1422//2222
f 1430//2223 1429//2223 1426//2223
f 1432//673 1433//673 1431//673
f 1431//711 1434//711 1430//711
f 1433//673 1434//673 1431//673
f 1430//1859 1434//1859 1429//1859
f 1429//1859 1434//1859 1435//1859
f 1429//1860 1435//1860 1427//1860
f 1427//1860 1435//1860 1436//1860
f 1427//11 1436//11 1428//11
f 1428//14 1437//14 1438//14
f 1436//11 1437//11 1428//11
f 1425//1861 1432//1861 1431//1861
f 1425//2224 1423//2224 1432//2224
f 1423//2225 1421//2225 1439//2225
f 1421//2226 1419//2226 1439//2226
f 1438//2227 1420//2227 1428//2227
f 1419//2228 1420//2228 1438//2228
f 1438//2229 1439//2229 1419//2229
f 1439//2230 1432//2230 1423//2230
f 1440//1870 1439//1870 1437//1870
f 1437//1869 1439//1869 1438//1869
f 1433//1872 1432//1872 1440//1872
f 1440//1872 1432//1872 1439//1872
f 1435//52 1441//52 1436//52
f 1436//54 1441//54 1442//54
f 1436//54 1443//54 1437//54
f 1442//52 1443//52 1436//52
f 1441//1405 1434//1405 1444//1405
f 1435//204 1434//204 1441//204
f 1443//322 1445//322 1437//322
f 1445//53 1440//53 1437//53
f 1434//55 1446//55 1444//55
f 1446//54 1433//54 1445//54
f 1445//54 1433//54 1440//54
f 1434//53 1433//53 1446//53
f 1441//2231 1444//2231 1447//2232
f 1447//2233 1444//2234 1448//2234
f 1444//2235 1449//2235 1448//2235
f 1444//2236 1446//2236 1449//2236
f 1449//2237 1445//2238 1450//2237
f 1446//2239 1445//2240 1449//2239
f 1445//2241 1451//2242 1450//2243
f 1445//2244 1443//2245 1451//2246
f 1443//2247 1452//2247 1451//2247
f 1443//2248 1442//2248 1452//2248
f 1442//2249 1447//2249 1452//2249
f 1442//2250 1441//2250 1447//2250
f 1450//1870 1451//1870 1453//1870
f 1453//1869 1451//1869 1454//1869
f 1454//11 1452//11 1455//11
f 1451//11 1452//11 1454//11
f 1455//2251 1447//2251 1456//2251
f 1452//2252 1447//2252 1455//2252
f 1447//1859 1448//1859 1456//1859
f 1456//1859 1448//1859 1457//1859
f 1457//673 1449//673 1458//673
f 1448//673 1449//673 1457//673
f 1458//1872 1450//1872 1453//1872
f 1449//1899 1450//1899 1458//1899
f 1456//1900 1457//1900 1459//1900
f 1457//2253 1458//2253 1459//2253
f 1458//1902 1453//1902 1459//1902
f 1453//2254 1454//2254 1459//2254
f 1454//1904 1455//1904 1459//1904
f 1455//2255 1456//2255 1459//2255
f 1460//2256 727//2256 1461//2256
f 1461//2257 727//2257 1462//2257
f 1462//2258 727//2258 1463//2258
f 1463//2259 727//2259 1464//2259
f 1464//2260 727//2260 1465//2260
f 1465//2261 731//2262 1466//2263
f 1466//2264 731//2264 1467//2264
f 1467//2265 731//2265 1468//2265
f 1468//2266 731//2266 1469//2266
f 1469//2267 731//2267 1470//2267
f 1470//2268 731//2268 1471//2268
f 1471//2269 731//2269 1472//2269
f 1472//1919 731//1919 1473//1919
f 1473//2270 731//2270 1474//2270
f 1474//2271 731//2271 1475//2271
f 1475//2272 731//2273 1476//2274
f 727//1463 731//2275 1465//2276
f 1476//2277 720//2277 1477//2277
f 1477//2278 720//2278 1478//2278
f 1478//2279 720//2279 1479//2279
f 1479//1469 720//1469 1480//1469
f 1480//2280 720//2280 1481//2280
f 1481//1471 720//1471 1482//1471
f 1482//2281 720//2281 1483//2281
f 1483//2282 720//2282 1484//2282
f 1484//2283 720//2283 1485//2283
f 1485//2284 720//2284 1486//2284
f 731//2285 720//1477 1476//2286
f 1486//2287 717//2288 1487//1481
f 1487//2289 717//2289 1488//2289
f 1488//2290 717//2290 1489//2290
f 1489//2291 717//2291 1490//2291
f 1490//2292 717//2292 1491//2292
f 1491//949 717//949 1492//949
f 1492//1944 717//1944 1493//1944
f 1493//2293 717//2293 1494//2293
f 1494//2294 717//2294 1495//2294
f 1495//2295 717//2295 1496//2295
f 1496//1948 717//1491 1497//1492
f 720//1493 717//1951 1486//2296
f 1497//2297 713//2297 1498//2297
f 1498//2298 713//2298 1499//2298
f 717//1498 713//1499 1497//1500
f 1499//2299 713//2299 1500//2299
f 1500//2300 713//2300 1501//2300
f 1501//2301 713//2301 1502//2301
f 1502//2302 713//2302 1503//2302
f 1503//1505 713//1505 1504//1505
f 1504//2303 713//2303 1505//2303
f 1505//2304 713//2304 1506//2304
f 1506//2305 713//2305 1507//2305
f 713//1509 715//2306 1507//2307
f 1507//2308 715//2309 1508//2310
f 1508//1515 715//1515 1509//1515
f 1509//2311 715//2311 1510//2311
f 1510//2312 715//2312 1511//2312
f 1511//2313 715//2313 1512//2313
f 1512//1519 715//1519 1513//1519
f 1513//2314 715//2314 1514//2314
f 1514//2315 715//2315 1515//2315
f 1515//1973 715//1973 1516//1973
f 1516//2316 715//2316 1517//2316
f 1517//1524 715//2317 1518//1526
f 715//2318 719//2319 1518//2320
f 1518//2321 719//2321 1519//2321
f 1519//2322 719//2322 1520//2322
f 1520//2323 719//2323 1521//2323
f 1521//2324 719//2324 1522//2324
f 1522//2325 719//2325 1523//2325
f 1523//1535 719//1535 1524//1535
f 1524//2326 719//2326 1525//2326
f 1525//2327 719//2327 1526//2327
f 1526//2328 719//2328 1527//2328
f 1527//1539 719//1539 1528//1539
f 1528//2329 721//2330 1529//2331
f 1529//2332 721//2332 1530//2332
f 1530//2333 721//2333 1531//2333
f 1531//1995 721//1995 1532//1995
f 1532//2334 721//2334 1533//2334
f 1533//2335 721//2335 1534//2335
f 1534//2336 721//2336 1535//2336
f 1535//2337 721//2337 1536//2337
f 1536//2338 721//2338 1537//2338
f 1537//2339 721//2339 1538//2339
f 1538//2340 721//2341 1539//2342
f 719//2343 721//2344 1528//1557
f 1539//2345 733//2345 1540//2345
f 1540//2346 733//2346 1541//2346
f 1541//2347 733//2347 1542//2347
f 1542//2348 733//2348 1543//2348
f 1543//2349 733//2349 1544//2349
f 1544//2350 733//2350 1545//2350
f 1545//2351 733//2351 1546//2351
f 1546//2352 733//2352 1547//2352
f 1547//2353 733//2353 1548//2353
f 1548//2354 733//2354 1549//2354
f 721//2355 733//2015 1539//2356
f 1549//1571 729//2357 1550//2358
f 1550//2359 729//2359 1551//2359
f 1551//2360 729//2360 1552//2360
f 1552//2021 729//2021 1553//2021
f 1553//1577 729//1577 1554//1577
f 1554//1578 729//1578 1555//1578
f 1555//1579 729//1579 1556//1579
f 1556//2361 729//2361 1557//2361
f 1557//2362 729//2362 1558//2362
f 1558//2363 729//2363 1559//2363
f 1559//2364 729//2365 1560//1585
f 733//1586 729//2027 1549//1588
f 1560//2366 725//2366 1561//2366
f 1561//2367 725//2367 1562//2367
f 729//1591 725//2030 1560//1593
f 1562//2031 725//2031 1563//2031
f 1563//2368 725//2368 1564//2368
f 1564//2369 725//2369 1565//2369
f 1565//2370 725//2370 1566//2370
f 1566//2371 725//2371 1567//2371
f 1567//2036 725//2036 1568//2036
f 1568//2372 725//2372 1569//2372
f 1569//2373 725//2373 1570//2373
f 725//1602 722//2374 1570//2375
f 1570//2041 722//2376 1571//2377
f 1571//2378 722//2378 1572//2378
f 1572//2379 722//2379 1573//2379
f 1573//2380 722//2380 1574//2380
f 1574//1611 722//1611 1575//1611
f 1575//2048 722//2048 1576//2048
f 1576//2381 722//2381 1577//2381
f 1577//1614 722//1614 1578//1614
f 1578//2382 722//2382 1579//2382
f 1579//2383 722//2383 1580//2383
f 1580//2384 722//2385 1581//2386
f 722//2387 727//1621 1581//2388
f 1581//2389 727//2389 1582//2389
f 1582//1624 727//1624 1583//1624
f 1583//2390 727//2390 1584//2390
f 1584//2391 727//2391 1585//2391
f 1585//2392 727//2392 1460//2392
f 1586//1403 1475//1403 1476//1403
f 1587//1637 1476//1637 1477//1637
f 1587//1663 1586//1663 1476//1663
f 1588//361 1474//361 1475//361
f 1588//1663 1475//1663 1586//1663
f 1589//153 1477//153 1478//153
f 1589//365 1587//365 1477//365
f 1590//1632 1473//1632 1474//1632
f 1590//368 1474//368 1588//368
f 1591//204 1478//204 1479//204
f 1591//1645 1589//1645 1478//1645
f 1592//1667 1472//1667 1473//1667
f 1592//267 1473//267 1590//267
f 1593//1638 1479//1638 1480//1638
f 1593//1647 1591//1647 1479//1647
f 1594//1403 1471//1403 1472//1403
f 1594//368 1472//368 1592//368
f 1595//52 1480//52 1481//52
f 1595//55 1593//55 1480//55
f 1596//216 1470//216 1471//216
f 1596//2070 1471//2070 1594//2070
f 1597//79 1481//79 1482//79
f 1597//335 1595//335 1481//335
f 1598//1651 1470//1651 1596//1651
f 1598//204 1469//204 1470//204
f 1599//267 1597//267 1482//267
f 1599//54 1482//54 1483//54
f 1600//105 1468//105 1469//105
f 1600//96 1469//96 1598//96
f 1601//102 1599//102 1483//102
f 1601//267 1483//267 1484//267
f 1602//1664 1467//1664 1468//1664
f 1602//277 1468//277 1600//277
f 1603//2393 1601//2393 1484//2393
f 1603//216 1484//216 1485//216
f 1604//371 1466//371 1467//371
f 1604//52 1467//54 1602//54
f 1605//197 1485//197 1486//197
f 1605//117 1603//117 1485//117
f 1606//212 1465//212 1466//212
f 1606//1653 1466//1653 1604//1653
f 1607//96 1605//96 1486//96
f 1607//54 1486//54 1487//54
f 1608//1403 1464//1403 1465//1403
f 1608//212 1465//212 1606//212
f 1609//153 1487//153 1488//153
f 1609//2394 1607//2394 1487//2394
f 1610//150 1463//150 1464//150
f 1610//352 1464//352 1608//352
f 1611//2077 1488//2077 1489//2077
f 1611//329 1609//329 1488//329
f 1612//1403 1462//1403 1463//1403
f 1612//1405 1463//1405 1610//1405
f 1613//55 1489//55 1490//55
f 1613//374 1611//374 1489//374
f 1614//372 1461//372 1462//372
f 1614//2395 1462//2395 1612//2395
f 1615//104 1490//104 1491//104
f 1615//1678 1613//1678 1490//1678
f 1616//368 1460//368 1461//368
f 1616//335 1461//335 1614//335
f 1617//1630 1491//1630 1492//1630
f 1617//1653 1615//1653 1491//1653
f 1618//1632 1585//1632 1460//1632
f 1618//335 1460//335 1616//335
f 1619//2396 1492//2396 1493//2396
f 1619//66 1617//66 1492//66
f 1620//153 1584//153 1585//153
f 1620//52 1585//52 1618//52
f 1621//1663 1493//1663 1494//1663
f 1621//201 1619//201 1493//201
f 1622//361 1584//361 1620//361
f 1583//104 1584//104 1622//104
f 1623//258 1621//258 1494//258
f 1495//153 1623//153 1494//153
f 1624//1638 1583//1638 1622//1638
f 1582//249 1583//249 1624//249
f 1625//372 1623//372 1495//372
f 1496//96 1625//96 1495//96
f 1626//1641 1582//1641 1624//1641
f 1581//212 1582//212 1626//212
f 1627//2397 1625//2397 1496//2397
f 1497//1653 1627//1653 1496//1653
f 1628//197 1581//197 1626//197
f 1580//156 1581//156 1628//156
f 1629//2398 1627//2398 1497//2398
f 1498//272 1629//272 1497//272
f 1630//66 1580//66 1628//66
f 1579//153 1580//153 1630//153
f 1631//212 1629//212 1498//212
f 1499//52 1631//52 1498//52
f 1632//367 1579//367 1630//367
f 1578//309 1579//309 1632//309
f 1633//116 1631//116 1499//116
f 1500//113 1633//113 1499//113
f 1634//54 1578//54 1632//54
f 1577//1661 1578//1661 1634//1661
f 1635//1659 1633//1659 1500//1659
f 1501//212 1635//212 1500//212
f 1636//2060 1577//2060 1634//2060
f 1576//267 1577//267 1636//267
f 1637//2399 1635//2399 1501//2399
f 1502//54 1637//54 1501//54
f 1638//1645 1576//1645 1636//1645
f 1575//68 1576//68 1638//68
f 1639//1660 1637//1660 1502//1660
f 1503//52 1639//52 1502//52
f 1640//55 1575//55 1638//55
f 1574//80 1575//80 1640//80
f 1641//204 1639//204 1503//204
f 1504//243 1641//243 1503//243
f 1642//371 1574//371 1640//371
f 1573//116 1574//116 1642//116
f 1643//105 1641//105 1504//105
f 1505//1657 1643//1657 1504//1657
f 1644//153 1573//153 1642//153
f 1572//1663 1573//1663 1644//1663
f 1645//1636 1643//1636 1505//1636
f 1506//111 1645//111 1505//111
f 1646//1659 1572//1659 1644//1659
f 1571//125 1572//125 1646//125
f 1647//105 1645//105 1506//105
f 1507//1653 1647//1653 1506//1653
f 1648//154 1571//154 1646//154
f 1649//52 1647//52 1507//52
f 1570//258 1571//258 1648//258
f 1650//249 1570//249 1648//249
f 1508//1638 1649//1638 1507//1638
f 1651//2067 1649//2067 1508//2067
f 1569//267 1570//267 1650//267
f 1652//258 1569//258 1650//258
f 1509//96 1651//96 1508//96
f 1653//368 1651//368 1509//368
f 1568//216 1569//216 1652//216
f 1654//54 1568//54 1652//54
f 1510//2400 1653//2400 1509//2400
f 1655//96 1653//96 1510//96
f 1567//53 1568//53 1654//53
f 1656//327 1567//327 1654//327
f 1511//1657 1655//1657 1510//1657
f 1657//1403 1655//1403 1511//1403
f 1566//150 1567//150 1656//150
f 1658//1663 1566//1663 1656//1663
f 1512//109 1657//109 1511//109
f 1659//1657 1657//1657 1512//1657
f 1565//2075 1566//2075 1658//2075
f 1660//1657 1565//1657 1658//1657
f 1513//361 1659//361 1512//361
f 1661//2070 1659//2070 1513//2070
f 1564//1663 1565//1663 1660//1663
f 1662//216 1564//216 1660//216
f 1514//79 1661//79 1513//79
f 1663//105 1661//105 1514//105
f 1563//65 1564//65 1662//65
f 1664//104 1563//104 1662//104
f 1515//272 1663//272 1514//272
f 1665//245 1663//245 1515//245
f 1562//323 1563//323 1664//323
f 1666//113 1562//113 1664//113
f 1516//79 1665//79 1515//79
f 1667//232 1665//232 1516//232
f 1561//204 1562//204 1666//204
f 1668//1645 1561//1645 1666//1645
f 1517//65 1667//65 1516//65
f 1669//53 1667//53 1517//53
f 1560//80 1561//80 1668//80
f 1670//130 1560//130 1668//130
f 1518//212 1669//212 1517//212
f 1671//2079 1669//2079 1518//2079
f 1559//1661 1560//1661 1670//1661
f 1672//212 1559//212 1670//212
f 1519//131 1671//131 1518//131
f 1673//1645 1671//1645 1519//1645
f 1558//245 1559//245 1672//245
f 1674//204 1558//204 1672//204
f 1520//102 1673//102 1519//102
f 1675//197 1673//197 1520//197
f 1557//55 1674//55 1676//55
f 1557//1632 1558//1632 1674//1632
f 1521//1652 1677//1652 1675//1652
f 1521//1663 1675//1663 1520//1663
f 1556//96 1557//96 1676//96
f 1556//54 1676//54 1678//54
f 1522//1674 1677//1674 1521//1674
f 1522//364 1679//364 1677//364
f 1555//1645 1556//1645 1678//1645
f 1555//96 1678//96 1680//96
f 1523//366 1679//366 1522//366
f 1523//2400 1681//2400 1679//2400
f 1554//2401 1680//2401 1682//2401
f 1554//1648 1555//1648 1680//1648
f 1524//361 1681//361 1523//361
f 1524//102 1683//102 1681//102
f 1553//65 1682//65 1684//65
f 1553//2075 1554//2075 1682//2075
f 1525//329 1683//329 1524//329
f 1525//361 1685//361 1683//361
f 1552//267 1684//267 1686//267
f 1552//323 1553//323 1684//323
f 1526//65 1685//65 1525//65
f 1526//249 1687//249 1685//249
f 1551//53 1686//53 1688//53
f 1551//201 1552//201 1686//201
f 1527//1636 1689//1636 1687//1636
f 1527//1628 1687//1628 1526//1628
f 1550//1632 1688//1632 1690//1632
f 1550//113 1551//113 1688//113
f 1528//72 1691//72 1689//72
f 1528//2060 1689//2060 1527//2060
f 1549//1404 1690//1404 1692//1404
f 1549//79 1550//79 1690//79
f 1529//55 1693//55 1691//55
f 1529//2402 1691//2402 1528//2402
f 1548//2403 1692//2403 1694//2403
f 1548//130 1549//130 1692//130
f 1530//1404 1695//1404 1693//1404
f 1530//80 1693//80 1529//80
f 1547//1405 1694//1405 1696//1405
f 1547//1632 1548//1632 1694//1632
f 1531//1659 1697//1659 1695//1659
f 1531//156 1695//156 1530//156
f 1546//2394 1696//2394 1698//2394
f 1546//1653 1547//1653 1696//1653
f 1532//54 1699//54 1697//54
f 1532//204 1697//204 1531//204
f 1545//113 1546//113 1698//113
f 1545//82 1698//82 1700//82
f 1533//371 1701//371 1699//371
f 1533//104 1699//104 1532//104
f 1544//1645 1545//1645 1700//1645
f 1544//212 1700//212 1702//212
f 1534//323 1701//323 1533//323
f 1534//1652 1703//1652 1701//1652
f 1543//2404 1544//2404 1702//2404
f 1543//245 1702//245 1704//245
f 1535//1632 1703//1632 1534//1632
f 1535//66 1705//66 1703//66
f 1542//125 1543//125 1704//125
f 1542//352 1704//352 1706//352
f 1536//201 1705//201 1535//201
f 1536//1633 1707//1633 1705//1633
f 1541//1632 1542//1632 1706//1632
f 1541//1646 1706//1646 1708//1646
f 1537//204 1707//204 1536//204
f 1537//2404 1709//2404 1707//2404
f 1540//1663 1708//1663 1710//1663
f 1540//104 1541//104 1708//104
f 1538//2075 1711//2075 1709//2075
f 1538//105 1709//105 1537//105
f 1539//150 1710//150 1711//150
f 1539//366 1540//366 1710//366
f 1539//356 1711//356 1538//356
f 1615//2405 1617//2405 1712//2405
f 1613//2406 1615//2406 1712//2406
f 1611//2407 1613//2407 1712//2407
f 1609//2408 1611//2408 1712//2408
f 1607//2409 1609//2409 1712//2409
f 1605//1684 1712//1685 1713//2410
f 1605//2411 1607//2411 1712//2411
f 1603//2412 1605//2413 1713//2414
f 1601//2415 1603//2415 1713//2415
f 1599//2416 1601//2416 1713//2416
f 1597//2088 1599//2088 1713//2088
f 1595//2417 1597//2417 1713//2417
f 1593//2418 1595//2418 1713//2418
f 1591//2419 1593//2419 1713//2419
f 1589//2420 1591//2420 1713//2420
f 1587//1698 1589//1698 1713//1698
f 1586//2421 1587//2421 1713//2421
f 1588//2422 1586//2422 1713//2422
f 1590//2423 1588//2423 1713//2423
f 1592//1702 1713//1702 1714//1702
f 1592//2424 1590//2424 1713//2424
f 1594//2425 1592//2425 1714//2425
f 1596//2426 1594//2426 1714//2426
f 1598//2427 1596//2427 1714//2427
f 1600//2428 1598//2428 1714//2428
f 1602//2429 1600//2429 1714//2429
f 1604//2430 1602//2430 1714//2430
f 1606//2431 1604//2431 1714//2431
f 1608//2432 1606//2432 1714//2432
f 1610//2433 1608//2433 1714//2433
f 1612//2434 1610//2434 1714//2434
f 1614//1714 1612//1714 1714//1714
f 1616//2435 1614//2435 1714//2435
f 1618//2107 1714//2107 1715//2107
f 1618//2436 1616//2436 1714//2436
f 1620//2437 1618//2437 1715//2437
f 1622//2438 1620//2438 1715//2438
f 1624//2439 1622//2439 1715//2439
f 1626//2440 1624//2440 1715//2440
f 1628//2441 1626//2441 1715//2441
f 1630//1723 1628//1723 1715//1723
f 1632//2442 1630//2442 1715//2442
f 1634//2443 1632//2443 1715//2443
f 1636//2444 1634//2444 1715//2444
f 1638//2445 1636//2445 1715//2445
f 1640//2446 1638//2446 1715//2446
f 1642//2447 1715//2447 1716//2447
f 1642//2119 1640//2119 1715//2119
f 1644//2448 1642//2448 1716//2448
f 1646//2449 1644//2449 1716//2449
f 1648//2450 1646//2450 1716//2450
f 1650//2451 1648//2451 1716//2451
f 1652//2452 1650//2452 1716//2452
f 1654//2453 1652//2453 1716//2453
f 1656//2454 1654//2454 1716//2454
f 1658//2455 1656//2455 1716//2455
f 1660//2456 1658//2456 1716//2456
f 1662//2457 1660//2457 1716//2457
f 1664//2458 1662//2458 1716//2458
f 1666//2459 1664//2459 1716//2459
f 1668//2460 1716//2461 1717//1745
f 1668//2462 1666//1747 1716//2463
f 1670//2464 1668//2464 1717//2464
f 1672//2465 1670//2465 1717//2465
f 1674//2466 1672//2466 1717//2466
f 1676//2467 1674//2467 1717//2467
f 1678//2468 1676//2468 1717//2468
f 1680//2139 1678//2139 1717//2139
f 1682//2469 1680//2469 1717//2469
f 1684//2470 1682//2470 1717//2470
f 1686//2142 1684//2142 1717//2142
f 1688//2471 1686//2471 1717//2471
f 1690//2472 1688//2472 1717//2472
f 1692//2473 1717//2474 1718//2475
f 1692//2145 1690//2145 1717//2145
f 1694//2476 1692//1765 1718//2477
f 1696//2478 1694//2478 1718//2478
f 1698//2479 1696//2479 1718//2479
f 1700//2148 1698//2148 1718//2148
f 1702//2480 1700//2480 1718//2480
f 1704//2481 1702//2481 1718//2481
f 1706//2482 1704//2482 1718//2482
f 1708//1773 1706//1773 1718//1773
f 1710//2483 1708//2483 1718//2483
f 1711//2484 1710//2484 1718//2484
f 1709//2485 1711//2485 1718//2485
f 1707//2486 1709//2486 1718//2486
f 1705//1778 1718//1778 1719//1778
f 1705//2487 1707//2487 1718//2487
f 1703//2488 1705//2488 1719//2488
f 1701//2489 1703//2489 1719//2489
f 1699//2490 1701//2490 1719//2490
f 1697//2491 1699//2491 1719//2491
f 1695//1784 1697//1784 1719//1784
f 1693//2492 1695//2492 1719//2492
f 1691//2493 1693//2493 1719//2493
f 1689//2162 1691//2162 1719//2162
f 1687//2494 1689//2494 1719//2494
f 1685//2495 1687//2495 1719//2495
f 1683//2496 1685//2497 1719//2497
f 1681//2498 1683//2498 1719//2498
f 1679//2167 1719//2167 1720//2167
f 1679//2499 1681//2499 1719//2499
f 1677//2500 1679//2500 1720//2500
f 1675//2501 1677//2501 1720//2501
f 1673//2502 1675//2502 1720//2502
f 1671//2503 1673//2503 1720//2503
f 1669//2504 1671//2504 1720//2504
f 1667//2505 1669//2505 1720//2505
f 1665//1800 1667//1800 1720//1800
f 1663//2506 1665//2506 1720//2506
f 1661//2507 1663//2507 1720//2507
f 1659//2508 1661//2508 1720//2508
f 1657//2509 1659//2509 1720//2509
f 1655//1805 1720//1805 1721//1805
f 1655//2510 1657//2510 1720//2510
f 1653//2511 1655//2511 1721//2511
f 1651//2512 1653//2512 1721//2512
f 1649//2513 1651//2513 1721//2513
f 1647//2514 1649//2514 1721//2514
f 1645//2515 1647//2515 1721//2515
f 1643//2516 1645//2516 1721//2516
f 1641//2517 1643//2517 1721//2517
f 1639//2518 1641//2518 1721//2518
f 1637//2519 1639//2519 1721//2519
f 1635//2520 1637//2520 1721//2520
f 1633//2521 1635//2521 1721//2521
f 1631//2522 1633//2522 1721//2522
f 1629//2192 1721//2523 1712//1821
f 1629//2524 1631//2525 1721//2526
f 1627//2527 1629//2527 1712//2527
f 1625//1826 1627//1826 1712//1826
f 1623//1827 1625//1827 1712//1827
f 1621//2200 1623//2200 1712//2200
f 1619//2201 1621//2201 1712//2201
f 1617//2528 1619//2528 1712//2528
f 1718//2529 1717//2529 1722//2529
f 1718//2530 1722//2530 1723//2530
f 1719//1834 1723//1834 1724//1834
f 1719//2531 1718//2531 1723//2531
f 1720//2532 1724//2532 1725//2532
f 1720//1835 1719//1835 1724//1835
f 1726//2533 1720//2533 1725//2533
f 1721//2534 1720//2534 1726//2534
f 1712//2535 1726//2535 1727//2535
f 1712//2536 1721//2536 1726//2536
f 1713//1842 1712//1842 1727//1842
f 1713//2537 1727//2537 1728//2537
f 1714//2538 1728//2538 1729//2538
f 1714//2209 1713//2209 1728//2209
f 1715//2539 1729//2539 1730//2539
f 1715//2539 1714//2539 1729//2539
f 1716//2211 1730//2211 1731//2211
f 1716//2540 1715//2541 1730//2541
f 1717//2214 1731//2214 1722//2214
f 1717//2542 1716//2542 1731//2542
f 1732//52 1724//52 1723//52
f 1733//55 1723//55 1722//55
f 1733//53 1732//53 1723//53
f 1734//52 1724//52 1732//52
f 1725//54 1724//54 1734//54
f 1731//52 1733//52 1722//52
f 1735//54 1725//54 1734//54
f 1736//55 1733//55 1731//55
f 1726//55 1725//55 1735//55
f 1730//52 1736//52 1731//52
f 1737//52 1736//52 1730//52
f 1738//370 1726//370 1735//370
f 1727//55 1726//55 1738//55
f 1729//52 1739//52 1737//52
f 1729//55 1737//55 1730//55
f 1728//54 1738//54 1739//54
f 1728//55 1739//55 1729//55
f 1728//52 1727//52 1738//52
f 1733//2543 1740//2543 1741//2543
f 1733//2544 1736//2544 1740//2544
f 1736//2545 1737//2545 1742//2545
f 1737//2546 1739//2546 1742//2546
f 1743//2547 1738//2547 1744//2547
f 1739//2548 1738//2548 1743//2548
f 1742//2549 1740//2549 1736//2549
f 1743//2550 1742//2550 1739//2550
f 1745//673 1746//673 1744//673
f 1744//711 1747//711 1743//711
f 1746//673 1747//673 1744//673
f 1743//1898 1747//1898 1742//1898
f 1742//1898 1747//1898 1748//1898
f 1742//1860 1748//1860 1740//1860
f 1740//1860 1748//1860 1749//1860
f 1740//11 1749//11 1741//11
f 1741//11 1750//11 1751//11
f 1749//11 1750//11 1741//11
f 1738//2551 1745//2551 1744//2551
f 1738//2552 1735//2552 1745//2552
f 1735//2553 1734//2553 1752//2553
f 1734//2554 1732//2554 1752//2554
f 1751//2555 1733//2555 1741//2555
f 1732//2556 1733//2556 1751//2556
f 1751//2557 1752//2557 1732//2557
f 1752//2230 1745//2230 1735//2230
f 1753//2558 1752//2558 1750//2558
f 1750//2559 1752//2559 1751//2559
f 1746//1872 1745//1872 1753//1872
f 1753//1872 1745//1872 1752//1872
f 1748//54 1754//54 1749//54
f 1749//1403 1754//1403 1755//1403
f 1749//55 1756//55 1750//55
f 1755//52 1756//52 1749//52
f 1754//67 1747//67 1757//67
f 1748//53 1747//53 1754//53
f 1756//55 1758//55 1750//55
f 1758//52 1753//52 1750//52
f 1747//52 1759//52 1757//52
f 1759//54 1746//54 1758//54
f 1747//370 1746//370 1759//370
f 1758//55 1746//55 1753//55
f 1754//2560 1760//2560 1761//2560
f 1754//2561 1757//2561 1760//2561
f 1757//2562 1762//2562 1760//2562
f 1757//1877 1759//1877 1762//1877
f 1762//2563 1758//2563 1763//2563
f 1759//2564 1758//2564 1762//2564
f 1758//2565 1764//2565 1763//2565
f 1758//2243 1756//2243 1764//2243
f 1756//2566 1765//2566 1764//2566
f 1756//1890 1755//1890 1765//1890
f 1755//1894 1761//1894 1765//1894
f 1755//2249 1754//2249 1761//2249
f 1763//1870 1764//1870 1766//1870
f 1766//1870 1764//1870 1767//1870
f 1767//11 1765//11 1768//11
f 1764//11 1765//11 1767//11
f 1768//1860 1761//1860 1769//1860
f 1765//2251 1761//2251 1768//2251
f 1761//1898 1760//1898 1769//1898
f 1769//1859 1760//1859 1770//1859
f 1770//673 1762//673 1771//673
f 1760//673 1762//673 1770//673
f 1771//1872 1763//1872 1766//1872
f 1762//1872 1763//1872 1771//1872
f 1769//1900 1770//1900 1772//1900
f 1770//1901 1771//1901 1772//1901
f 1771//1902 1766//1902 1772//1902
f 1766//2567 1767//2567 1772//2567
f 1767//1904 1768//1904 1772//1904
f 1768//2255 1769//2255 1772//2255
f 1773//1443 766//1443 1774//1443
f 1774//2257 766//2257 1775//2257
f 1775//2568 766//2568 1776//2568
f 1776//2569 766//2569 1777//2569
f 1777//2570 766//2570 1778//2570
f 1778//1911 761//2571 1779//2572
f 1779//2573 761//2573 1780//2573
f 1780//2574 761//2574 1781//2574
f 1781//2575 761//2575 1782//2575
f 1782//2576 761//2576 1783//2576
f 1783//1455 761//1455 1784//1455
f 1784//2577 761//2577 1785//2577
f 1785//2578 761//2578 1786//2578
f 1786//2579 761//2579 1787//2579
f 1787//2580 761//2580 1788//2580
f 1788//2581 761//2273 1789//2274
f 766//1925 761//1926 1778//2276
f 1789//1466 750//1466 1790//1466
f 1790//2582 750//2582 1791//2582
f 1791//2583 750//2583 1792//2583
f 1792//1469 750//1469 1793//1469
f 1793//2584 750//2584 1794//2584
f 1794//2585 750//2585 1795//2585
f 1795//2586 750//2586 1796//2586
f 1796//2587 750//2587 1797//2587
f 1797//2588 750//2588 1798//2588
f 1798//2589 750//2589 1799//2589
f 761//2590 750//1477 1789//2286
f 1799//2287 744//2591 1800//2592
f 1800//2593 744//2593 1801//2593
f 1801//1941 744//1941 1802//1941
f 1802//1942 744//1942 1803//1942
f 1803//2594 744//2594 1804//2594
f 1804//949 744//949 1805//949
f 1805//2595 744//2595 1806//2595
f 1806//2596 744//2596 1807//2596
f 1807//2597 744//2597 1808//2597
f 1808//2598 744//2598 1809//2598
f 1809//2599 744//2600 1810//1492
f 750//1493 744//1951 1799//2601
f 1810//2602 741//2602 1811//2602
f 1811//2603 741//2603 1812//2603
f 744//1498 741//1499 1810//2604
f 1812//2605 741//2605 1813//2605
f 1813//2606 741//2606 1814//2606
f 1814//2301 741//2301 1815//2301
f 1815//1504 741//1504 1816//1504
f 1816//2607 741//2607 1817//2607
f 1817//2608 741//2608 1818//2608
f 1818//2609 741//2609 1819//2609
f 1819//2610 741//2610 1820//2610
f 741//1509 736//2611 1820//2612
f 1820//2613 736//1965 1821//2614
f 1821//1515 736//1515 1822//1515
f 1822//1516 736//1516 1823//1516
f 1823//2615 736//2615 1824//2615
f 1824//2616 736//2616 1825//2616
f 1825//2617 736//2617 1826//2617
f 1826//2618 736//2618 1827//2618
f 1827//1521 736//1521 1828//1521
f 1828//2619 736//2619 1829//2619
f 1829//2316 736//2316 1830//2316
f 1830//2620 736//1976 1831//1977
f 736//1978 747//2319 1831//1979
f 1831//2621 747//2621 1832//2621
f 1832//2622 747//2622 1833//2622
f 1833//2623 747//2623 1834//2623
f 1834//2624 747//2624 1835//2624
f 1835//2625 747//2625 1836//2625
f 1836//1535 747//1535 1837//1535
f 1837//2626 747//2626 1838//2626
f 1838//2627 747//2627 1839//2627
f 1839//2628 747//2628 1840//2628
f 1840//1539 747//1539 1841//1539
f 1841//1990 754//2629 1842//2630
f 1842//1993 754//1993 1843//1993
f 1843//2631 754//2631 1844//2631
f 1844//2632 754//2632 1845//2632
f 1845//2633 754//2633 1846//2633
f 1846//2634 754//2634 1847//2634
f 1847//2336 754//2336 1848//2336
f 1848//2635 754//2635 1849//2635
f 1849//2636 754//2636 1850//2636
f 1850//2000 754//2000 1851//2000
f 1851//2637 754//2638 1852//2003
f 747//2639 754//2640 1841//2641
f 1852//2642 764//2642 1853//2642
f 1853//2643 764//2643 1854//2643
f 1854//2644 764//2644 1855//2644
f 1855//2645 764//2645 1856//2645
f 1856//2646 764//2646 1857//2646
f 1857//2647 764//2647 1858//2647
f 1858//2648 764//2648 1859//2648
f 1859//2012 764//2012 1860//2012
f 1860//2649 764//2649 1861//2649
f 1861//2650 764//2650 1862//2650
f 754//2651 764//1569 1852//2356
f 1862//1571 772//2652 1863//2653
f 1863//2654 772//2654 1864//2654
f 1864//2655 772//2655 1865//2655
f 1865//1576 772//1576 1866//1576
f 1866//2656 772//2656 1867//2656
f 1867//1578 772//1578 1868//1578
f 1868//2657 772//2657 1869//2657
f 1869//1580 772//1580 1870//1580
f 1870//2658 772//2658 1871//2658
f 1871//2659 772//2659 1872//2659
f 1872//2364 772//1584 1873//2660
f 764//1586 772//2661 1862//2662
f 1873//2663 780//2663 1874//2663
f 1874//2664 780//2664 1875//2664
f 772//1591 780//1592 1873//1593
f 1875//2665 780//2665 1876//2665
f 1876//2666 780//2666 1877//2666
f 1877//2667 780//2667 1878//2667
f 1878//2668 780//2668 1879//2668
f 1879//2669 780//2669 1880//2669
f 1880//2036 780//2036 1881//2036
f 1881//2670 780//2670 1882//2670
f 1882//2671 780//2671 1883//2671
f 780//2672 776//2673 1883//2674
f 1883//2675 776//2676 1884//2677
f 1884//2678 776//2678 1885//2678
f 1885//2679 776//2679 1886//2679
f 1886//2680 776//2680 1887//2680
f 1887//2681 776//2681 1888//2681
f 1888//2682 776//2682 1889//2682
f 1889//2683 776//2683 1890//2683
f 1890//2684 776//2684 1891//2684
f 1891//2382 776//2382 1892//2382
f 1892//2685 776//2685 1893//2685
f 1893//2686 776//2687 1894//2688
f 776//2689 766//2690 1894//2691
f 1894//2692 766//2692 1895//2692
f 1895//2057 766//2057 1896//2057
f 1896//2693 766//2693 1897//2693
f 1897//2391 766//2391 1898//2391
f 1898//2059 766//2059 1773//2059
f 1899//1651 1789//327 1790//327
f 1900//1651 1787//1651 1788//1651
f 1900//132 1788//132 1789//132
f 1900//1630 1789//1630 1899//2694
f 1901//63 1899//356 1790//63
f 1902//260 1786//260 1787//260
f 1902//72 1787//72 1900//72
f 1903//65 1790//65 1791//65
f 1903//335 1791//335 1792//335
f 1903//1649 1901//1649 1790//1649
f 1904//150 1785//150 1786//150
f 1904//55 1786//55 1902//55
f 1905//52 1792//52 1793//52
f 1905//327 1903//327 1792//327
f 1906//67 1784//67 1785//67
f 1906//2401 1785//2401 1904//2401
f 1907//204 1793//204 1794//204
f 1907//2067 1905//2067 1793//2067
f 1908//1661 1783//1661 1784//1661
f 1908//212 1784//212 1906//212
f 1909//54 1794//54 1795//54
f 1909//79 1907//79 1794//79
f 1910//2695 1782//2695 1783//2695
f 1910//372 1783//372 1908//372
f 1911//372 1795//372 1796//372
f 1911//80 1909//80 1795//80
f 1912//1640 1782//2696 1910//2696
f 1912//109 1781//109 1782//109
f 1913//1403 1911//1403 1796//1403
f 1913//1406 1796//1406 1797//1406
f 1914//2697 1781//2697 1912//2393
f 1914//82 1780//1634 1781//82
f 1915//65 1913//65 1797//65
f 1915//1406 1797//1406 1798//1406
f 1916//111 1779//200 1780//111
f 1916//2698 1780//2699 1914//2698
f 1917//1660 1915//1660 1798//1660
f 1917//372 1798//372 1799//372
f 1918//52 1779//1652 1916//52
f 1918//1634 1778//1674 1779//322
f 1919//197 1917//197 1799//197
f 1920//1658 1777//1658 1778//2700
f 1920//55 1778//55 1918//55
f 1921//282 1799//282 1800//282
f 1921//352 1919//352 1799//352
f 1801//371 1921//371 1800//371
f 1922//54 1777//54 1920//54
f 1776//1640 1777//1640 1922//1640
f 1923//267 1921//267 1801//267
f 1924//1873 1776//1873 1922//1873
f 1925//294 1801//294 1802//294
f 1925//2398 1923//2398 1801//2398
f 1803//352 1925//352 1802//352
f 1926//1663 1775//2078 1776//2078
f 1926//366 1776//322 1924//322
f 1774//267 1775//267 1926//104
f 1927//2701 1925//2701 1803//2701
f 1928//116 1774//116 1926//2702
f 1773//2067 1774//2067 1928//2067
f 1929//1649 1803//1649 1804//1649
f 1929//1640 1927//1640 1803//1640
f 1805//1663 1929//1663 1804//1663
f 1930//116 1773//116 1928//116
f 1898//1678 1773//1678 1930//1678
f 1931//2703 1929//2703 1805//2703
f 1932//111 1898//111 1930//111
f 1933//1633 1805//1633 1806//1633
f 1933//130 1931//130 1805//130
f 1807//2704 1933//2705 1806//2705
f 1934//125 1897//125 1898//125
f 1934//1629 1898//1629 1932//1629
f 1935//1660 1933//1660 1807//1660
f 1896//111 1897//111 1934//111
f 1936//225 1896//225 1934//225
f 1808//367 1935//367 1807//229
f 1937//54 1935//54 1808//54
f 1895//65 1896//65 1936//65
f 1938//2706 1895//2706 1936//2706
f 1809//327 1937//327 1808//327
f 1939//382 1937//382 1809//382
f 1894//2060 1895//2060 1938//2060
f 1940//1873 1894//1873 1938//1873
f 1810//225 1939//225 1809//225
f 1941//216 1939//216 1810//216
f 1893//204 1894//204 1940//204
f 1942//53 1893//53 1940//53
f 1943//267 1941//267 1810//267
f 1943//67 1810//67 1811//67
f 1944//368 1893//368 1942//368
f 1944//2393 1892//2393 1893//2393
f 1812//79 1943//79 1811//79
f 1945//294 1943//294 1812//294
f 1891//67 1892//67 1944//67
f 1946//225 1891//225 1944//225
f 1947//346 1945//346 1812//346
f 1947//2707 1812//2707 1813//2707
f 1890//54 1891//54 1946//54
f 1948//1654 1890//1654 1946//1654
f 1814//382 1947//382 1813//382
f 1949//1651 1947//1651 1814//1651
f 1950//96 1889//96 1890//96
f 1950//153 1890//153 1948//153
f 1815//212 1949//2394 1814//212
f 1951//258 1949//1657 1815//258
f 1888//322 1889//322 1950//322
f 1952//1656 1888//1656 1950//1656
f 1816//260 1951//260 1815//260
f 1953//1633 1951//1633 1816//1633
f 1954//249 1887//1669 1888//249
f 1954//2708 1888//2708 1952//2708
f 1955//102 1816//102 1817//102
f 1955//113 1953//113 1816//113
f 1956//2696 1886//2696 1887//2709
f 1956//212 1887//1645 1954//212
f 1957//1405 1817//1405 1818//1405
f 1957//154 1955//154 1817//154
f 1885//201 1886//201 1956//201
f 1958//1640 1885//1640 1956//1640
f 1959//193 1818//193 1819//193
f 1959//2400 1957//2400 1818//2400
f 1884//80 1885//80 1958//80
f 1960//63 1884//63 1958//63
f 1961//1632 1819//1632 1820//1632
f 1961//153 1959//153 1819//153
f 1962//2710 1884//2710 1960//2710
f 1883//294 1884//294 1962//294
f 1963//201 1961//201 1820//201
f 1821//1404 1963//1404 1820//1404
f 1882//2706 1883//2706 1962//2706
f 1882//2711 1962//2711 1964//2711
f 1822//258 1965//258 1963//258
f 1822//66 1963//66 1821//66
f 1881//63 1882//63 1964//63
f 1881//1671 1964//1671 1966//1671
f 1967//1661 1965//1661 1822//1661
f 1823//52 1967//52 1822//52
f 1880//197 1881//197 1966//197
f 1880//1403 1966//1403 1968//1403
f 1969//63 1967//63 1823//63
f 1824//370 1969//370 1823//370
f 1970//329 1880//329 1968//329
f 1879//326 1880//326 1970//326
f 1971//356 1969//356 1824//356
f 1825//66 1971//66 1824//66
f 1972//1638 1879//1638 1970//1638
f 1878//80 1879//80 1972//80
f 1973//117 1971//117 1825//117
f 1826//1662 1973//1662 1825//1662
f 1877//1650 1972//1650 1974//1650
f 1877//1663 1878//1663 1972//1663
f 1827//272 1973//272 1826//272
f 1827//1651 1975//1651 1973//1651
f 1976//2070 1877//2070 1974//2070
f 1876//282 1877//282 1976//282
f 1828//2712 1975//2712 1827//2712
f 1828//1628 1977//1628 1975//1628
f 1875//1404 1976//1404 1978//1404
f 1875//260 1876//260 1976//260
f 1979//287 1977//287 1828//287
f 1829//2706 1979//2706 1828//2706
f 1980//124 1875//124 1978//124
f 1874//1663 1875//1663 1980//1663
f 1830//1647 1979//1647 1829//1647
f 1830//1671 1981//1671 1979//1671
f 1873//335 1980//335 1982//335
f 1873//67 1874//67 1980//67
f 1983//117 1981//117 1830//117
f 1831//369 1983//369 1830//369
f 1872//369 1982//369 1984//369
f 1872//2395 1873//2395 1982//2395
f 1832//55 1983//55 1831//55
f 1832//232 1985//232 1983//232
f 1986//2713 1872//2713 1984//2713
f 1871//258 1872//258 1986//258
f 1833//150 1987//150 1985//150
f 1833//132 1985//132 1832//132
f 1988//66 1987//55 1833//55
f 1870//216 1871//216 1986//216
f 1870//1640 1986//1640 1989//1640
f 1990//295 1870//295 1989//295
f 1834//1638 1988//1640 1833//132
f 1991//117 1988//102 1834//329
f 1869//258 1870//258 1990//258
f 1835//321 1991//321 1834//2714
f 1868//55 1869//55 1990//55
f 1868//2064 1990//2064 1992//2064
f 1836//96 1991//96 1835//96
f 1836//66 1993//66 1991//66
f 1994//1403 1993//1403 1836//1403
f 1867//153 1868//153 1992//153
f 1867//1403 1992//1403 1995//1403
f 1996//1632 1867//1632 1995//1632
f 1837//1663 1994//1663 1836//1663
f 1997//1630 1994//1630 1837//1630
f 1866//54 1867//54 1996//54
f 1838//105 1997//105 1837//105
f 1998//258 1997//258 1838//258
f 1865//1633 1866//1633 1996//1633
f 1865//53 1996//53 1999//53
f 2000//201 1865//201 1999//201
f 1839//55 1998//1648 1838//1648
f 2001//79 1998//79 1839//79
f 1864//1663 1865//1663 2000//1663
f 2002//2402 1864//2402 2000//2402
f 1840//1659 2001//1659 1839//2706
f 1863//175 1864//323 2002//323
f 1863//2060 2002//1665 2003//244
f 1841//309 2001//309 1840//309
f 1841//335 2004//335 2005//335
f 1841//1632 2005//1632 2001//1632
f 1862//130 2003//2715 2006//130
f 1862//2716 1863//188 2003//239
f 1842//1637 2004//1637 1841//1637
f 1861//287 1862//287 2006//287
f 1843//104 2007//104 2008//104
f 1843//2717 2004//2717 1842//2717
f 1843//153 2008//153 2004//153
f 1860//1663 2006//1663 2009//1663
f 1860//374 2009//374 2010//374
f 1860//228 1861//228 2006//228
f 1844//54 2007//54 1843//54
f 1859//1675 1860//1675 2010//1675
f 1845//1667 2007//1667 1844//1667
f 1845//177 2011//177 2007//177
f 1858//79 1859//79 2010//79
f 1858//2394 2010//2394 2012//2394
f 1846//267 2011//267 1845//267
f 1846//1403 2013//1403 2011//1403
f 1857//1649 1858//1649 2012//1649
f 1857//124 2012//124 2014//124
f 1857//1652 2014//1652 2015//1652
f 1847//1632 2013//1632 1846//1632
f 1847//1640 2016//1640 2013//1640
f 1856//55 1857//55 2015//55
f 1848//54 2016//54 1847//54
f 1848//54 2017//54 2018//54
f 1848//68 2018//68 2016//68
f 1855//2061 1856//2061 2015//2061
f 1855//371 2015//371 2019//371
f 1855//52 2019//52 2020//52
f 1849//67 2017//67 1848//67
f 1854//117 1855//117 2020//117
f 1850//1873 2017//1873 1849//1873
f 1850//67 2021//67 2022//67
f 1850//174 2022//174 2017//174
f 1853//2703 2020//2703 2023//2703
f 1853//2718 2023//2718 2024//2718
f 1853//1657 1854//1657 2020//1657
f 1851//52 2021//52 1850//52
f 1852//104 1853//104 2024//104
f 1852//1655 2021//1655 1851//1655
f 1852//212 2024//212 2021//212
f 1991//2719 1993//2719 2025//2719
f 1988//2720 1991//2720 2025//2720
f 1987//2721 1988//2721 2025//2721
f 1985//2722 1987//2722 2025//2722
f 1983//2723 1985//2723 2025//2723
f 1981//2724 2025//2725 2026//2726
f 1981//2727 1983//2727 2025//2727
f 1979//2728 1981//2729 2026//2730
f 1977//2731 1979//2731 2026//2731
f 1975//2732 1977//2732 2026//2732
f 1973//2733 1975//2733 2026//2733
f 1971//2734 1973//2734 2026//2734
f 1969//2735 1971//2735 2026//2735
f 1967//2736 1969//2736 2026//2736
f 1965//2737 1967//2737 2026//2737
f 1963//2738 1965//2738 2026//2738
f 1961//2739 1963//2739 2026//2739
f 1959//2740 1961//2740 2026//2740
f 1957//2741 1959//2741 2026//2741
f 1955//2742 2026//2742 2027//2742
f 1955//2743 1957//2743 2026//2743
f 1953//2744 1955//2744 2027//2744
f 1951//2745 1953//2745 2027//2745
f 1949//2746 1951//2746 2027//2746
f 1947//2747 1949//2747 2027//2747
f 1945//2748 1947//2748 2027//2748
f 1943//2749 1945//2749 2027//2749
f 1941//2750 1943//2750 2027//2750
f 1939//2751 1941//2751 2027//2751
f 1937//2752 1939//2752 2027//2752
f 1935//2753 1937//2753 2027//2753
f 1933//2754 1935//2754 2027//2754
f 1931//2755 1933//2755 2027//2755
f 1929//2756 2027//2756 2028//2756
f 1929//2757 1931//2757 2027//2757
f 1927//2758 1929//2758 2028//2758
f 1925//2759 1927//2759 2028//2759
f 1923//2760 1925//2760 2028//2760
f 1921//2761 1923//2761 2028//2761
f 1919//2762 1921//2762 2028//2762
f 1917//2763 1919//2763 2028//2763
f 1915//2764 1917//2764 2028//2764
f 1913//2765 1915//2765 2028//2765
f 1911//2766 1913//2766 2028//2766
f 1909//2767 1911//2767 2028//2767
f 1907//2768 1909//2768 2028//2768
f 1905//2769 2028//2769 2029//2769
f 1905//2770 1907//2770 2028//2770
f 1903//2771 1905//2771 2029//2771
f 1901//2772 1903//2772 2029//2772
f 1899//2773 1901//2773 2029//2773
f 1900//2774 1899//2774 2029//2774
f 1902//2775 1900//2775 2029//2775
f 1904//2776 1902//2776 2029//2776
f 1906//2777 1904//2777 2029//2777
f 1908//2778 1906//2778 2029//2778
f 1910//2779 1908//2779 2029//2779
f 1912//2780 1910//2780 2029//2780
f 1914//2781 1912//2781 2029//2781
f 1916//2782 1914//2782 2029//2782
f 1918//2783 2029//2784 2030//2785
f 1918//2786 1916//2787 2029//2788
f 1920//2789 1918//2789 2030//2789
f 1922//2790 1920//2790 2030//2790
f 1924//2791 1922//2791 2030//2791
f 1926//2792 1924//2792 2030//2792
f 1928//2793 1926//2793 2030//2793
f 1930//2794 1928//2794 2030//2794
f 1932//2795 1930//2795 2030//2795
f 1934//2796 1932//2796 2030//2796
f 1936//2797 1934//2797 2030//2797
f 1938//2798 1936//2798 2030//2798
f 1940//2799 1938//2799 2030//2799
f 1942//2800 2030//2801 2031//2802
f 1942//2803 1940//2803 2030//2803
f 1944//2804 1942//2805 2031//2806
f 1946//2807 1944//2807 2031//2807
f 1948//2808 1946//2808 2031//2808
f 1950//2809 1948//2809 2031//2809
f 1952//2810 1950//2810 2031//2810
f 1954//2811 1952//2811 2031//2811
f 1956//2812 1954//2812 2031//2812
f 1958//2813 1956//2813 2031//2813
f 1960//2814 1958//2814 2031//2814
f 1962//2815 1960//2815 2031//2815
f 1964//2816 1962//2816 2031//2816
f 1966//2817 1964//2818 2031//2817
f 1968//2819 2031//2819 2032//2819
f 1968//2820 1966//2820 2031//2820
f 1970//2821 1968//2821 2032//2821
f 1972//2822 1970//2822 2032//2822
f 1974//2823 1972//2823 2032//2823
f 1976//2824 1974//2824 2032//2824
f 1978//2825 1976//2825 2032//2825
f 1980//2826 1978//2826 2032//2826
f 1982//2827 1980//2827 2032//2827
f 1984//2828 1982//2828 2032//2828
f 1986//2829 1984//2829 2032//2829
f 1989//2830 1986//2830 2032//2830
f 1990//2831 1989//2831 2032//2831
f 1992//2832 1990//2832 2032//2832
f 1995//2833 2032//2833 2033//2833
f 1995//2833 1992//2833 2032//2833
f 1996//2834 1995//2834 2033//2834
f 1999//2835 1996//2835 2033//2835
f 2000//2836 1999//2836 2033//2836
f 2002//2837 2000//2837 2033//2837
f 2003//2838 2002//2838 2033//2838
f 2006//2839 2003//2839 2033//2839
f 2009//2840 2006//2840 2033//2840
f 2010//2841 2009//2841 2033//2841
f 2012//2842 2010//2842 2033//2842
f 2014//2843 2012//2843 2033//2843
f 2015//2844 2014//2844 2033//2844
f 2019//2845 2033//2845 2034//2845
f 2019//2846 2015//2846 2033//2846
f 2020//2847 2019//2847 2034//2847
f 2023//2848 2020//2848 2034//2848
f 2024//2849 2023//2849 2034//2849
f 2021//2850 2024//2850 2034//2850
f 2022//2851 2021//2851 2034//2851
f 2017//2852 2022//2852 2034//2852
f 2018//2853 2017//2853 2034//2853
f 2016//2854 2018//2854 2034//2854
f 2013//2855 2016//2855 2034//2855
f 2011//2856 2013//2856 2034//2856
f 2007//2857 2011//2857 2034//2857
f 2008//2858 2007//2858 2034//2858
f 2004//2859 2034//2860 2025//2861
f 2004//2862 2008//2863 2034//2864
f 2005//2865 2004//2865 2025//2865
f 2001//2866 2005//2866 2025//2866
f 1998//2867 2001//2867 2025//2867
f 1997//2868 1998//2868 2025//2868
f 1994//2869 1997//2869 2025//2869
f 1993//2870 1994//2870 2025//2870
f 2031//2871 2030//2871 2035//2872
f 2031//2873 2035//2874 2036//2873
f 2032//2875 2036//2876 2037//2875
f 2032//2877 2031//2877 2036//2877
f 2033//2878 2037//2878 2038//2878
f 2033//2878 2032//2878 2037//2878
f 2034//2879 2038//2879 2039//2879
f 2034//2880 2033//2880 2038//2880
f 2025//2881 2039//2881 2040//2881
f 2025//2881 2034//2881 2039//2881
f 2026//2882 2025//2882 2040//2882
f 2026//2883 2040//2883 2041//2883
f 2027//2884 2041//2884 2042//2884
f 2027//2885 2026//2885 2041//2885
f 2043//2886 2027//2886 2042//2886
f 2028//2887 2027//2887 2043//2887
f 2029//2888 2043//2888 2044//2888
f 2029//2889 2028//2889 2043//2889
f 2030//2890 2044//2890 2035//2890
f 2030//2891 2029//2891 2044//2891
f 2045//54 2037//54 2036//54
f 2046//54 2037//54 2045//54
f 2047//53 2036//53 2035//53
f 2047//52 2045//52 2036//52
f 2038//54 2037//54 2046//54
f 2044//55 2047//55 2035//55
f 2048//53 2038//53 2046//53
f 2049//54 2047//54 2044//54
f 2039//54 2038//54 2048//54
f 2043//54 2049//54 2044//54
f 2050//53 2039//53 2048//53
f 2051//54 2049//54 2043//54
f 2040//55 2039//55 2050//55
f 2042//54 2052//54 2051//54
f 2042//54 2051//54 2043//54
f 2041//55 2050//55 2052//55
f 2041//55 2040//55 2050//55
f 2041//52 2052//52 2042//52
f 2047//2892 2053//2892 2054//2892
f 2047//2893 2049//2893 2053//2893
f 2049//2894 2051//2894 2055//2894
f 2051//2895 2052//2895 2055//2895
f 2056//2896 2050//2896 2057//2896
f 2052//2897 2050//2897 2056//2897
f 2055//2898 2053//2898 2049//2898
f 2056//2899 2055//2899 2052//2899
f 2058//1029 2059//1029 2057//1029
f 2057//678 2060//678 2056//678
f 2059//859 2060//859 2057//859
f 2056//2900 2060//2900 2055//2900
f 2055//2900 2060//2900 2061//2900
f 2055//2901 2061//2901 2053//2901
f 2053//2902 2061//2902 2062//2902
f 2053//964 2062//964 2054//964
f 2054//726 2063//726 2064//726
f 2062//726 2063//726 2054//726
f 2050//2903 2058//2903 2057//2903
f 2050//2904 2048//2904 2058//2904
f 2048//2905 2046//2905 2065//2905
f 2046//2906 2045//2906 2065//2906
f 2064//2907 2047//2907 2054//2907
f 2045//2908 2047//2908 2064//2908
f 2064//2909 2065//2909 2045//2909
f 2065//2910 2058//2910 2048//2910
f 2066//2911 2065//2911 2063//2911
f 2063//2911 2065//2911 2064//2911
f 2059//2912 2058//2912 2066//2912
f 2066//2912 2058//2912 2065//2912
f 2061//54 2067//54 2062//54
f 2062//54 2067//54 2068//54
f 2062//67 2069//67 2063//67
f 2068//1404 2069//1404 2062//1404
f 2067//53 2060//53 2070//53
f 2061//1640 2060//1640 2067//1640
f 2069//193 2071//193 2063//193
f 2071//96 2066//96 2063//96
f 2060//67 2072//67 2070//67
f 2072//52 2059//52 2071//52
f 2060//372 2059//372 2072//372
f 2071//52 2059//52 2066//52
f 2067//2913 2073//2914 2074//2915
f 2067//2916 2070//2917 2073//2918
f 2070//2919 2075//2920 2073//2921
f 2070//2922 2072//2923 2075//2924
f 2075//2925 2071//2925 2076//2925
f 2072//2926 2071//2926 2075//2926
f 2071//2927 2077//2927 2076//2927
f 2071//2928 2069//2928 2077//2928
f 2069//2929 2078//2930 2077//2929
f 2069//2931 2068//2931 2078//2932
f 2078//2933 2067//2933 2074//2933
f 2068//2934 2067//2934 2078//2934
f 2076//2911 2077//2911 2079//2911
f 2079//2911 2077//2911 2080//2911
f 2080//725 2078//725 2081//725
f 2077//964 2078//964 2080//964
f 2081//2935 2074//2935 2082//2935
f 2078//2902 2074//2902 2081//2902
f 2074//2900 2073//2900 2082//2900
f 2082//2900 2073//2900 2083//2900
f 2083//678 2075//678 2084//678
f 2073//859 2075//859 2083//859
f 2084//2936 2076//2936 2079//2936
f 2075//2912 2076//2912 2084//2912
f 2082//2937 2083//2937 2085//2937
f 2083//2938 2084//2938 2085//2938
f 2084//2939 2079//2939 2085//2939
f 2079//2940 2080//2940 2085//2940
f 2080//2941 2081//2941 2085//2941
f 2081//2942 2082//2942 2085//2942
f 2086//2943 2087//2944 2088//2945
f 2088//2946 2087//2947 2089//2948
f 740//2949 2090//2950 735//2951
f 2091//2952 2090//2952 2086//2952
f 735//2953 2090//2954 2091//2955
f 2086//2956 2090//2956 2087//2956
f 2089//2957 2092//2958 2093//2959
f 2087//2960 2092//2961 2089//2962
f 746//2963 2094//2963 740//2963
f 2090//2964 2094//2965 2087//2964
f 2087//2966 2094//2967 2092//2966
f 740//2963 2094//2963 2090//2963
f 2093//2968 2095//2969 2096//2970
f 2092//2971 2095//2972 2093//2973
f 2092//2974 2097//2975 2095//2976
f 753//2977 2097//2978 746//2979
f 746//2980 2097//2981 2094//2982
f 2094//2983 2097//2984 2092//2985
f 2096//2986 2098//2987 2099//2988
f 2099//2989 2098//2990 2100//2991
f 2095//2992 2098//2993 2096//2994
f 773//2995 2101//2996 765//2997
f 765//2998 2101//2999 753//3000
f 2097//3001 2101//3001 2095//3001
f 753//3002 2101//3003 2097//3003
f 2095//3004 2101//3004 2098//3004
f 2098//3005 2102//3006 2100//3007
f 773//3008 2103//3009 2101//3010
f 2101//3011 2103//3012 2098//3013
f 2098//3014 2103//3015 2102//3016
f 2100//3017 2104//3018 2105//3019
f 2102//3020 2104//3021 2100//3022
f 782//3023 2106//3024 773//3025
f 2103//3026 2106//3027 2102//3028
f 2102//3029 2106//3030 2104//3031
f 773//3032 2106//3033 2103//3034
f 2105//3035 2107//3036 2108//3037
f 2104//3038 2107//3039 2105//3040
f 785//3041 2109//3042 782//3043
f 782//3044 2109//3045 2106//3046
f 2106//3047 2109//3048 2104//3049
f 2104//3050 2109//3051 2107//3052
f 2107//3053 2110//3054 2108//3055
f 2108//3056 2110//3057 2111//3058
f 2111//3059 2110//3060 2112//3059
f 2109//3061 2113//3062 2107//3063
f 793//3064 2113//3064 785//3064
f 2107//3065 2113//3066 2110//3067
f 785//3068 2113//3068 2109//3068
f 2110//3069 2114//3070 2112//3070
f 2112//3071 2114//3072 2115//3073
f 786//3074 2116//3075 793//3076
f 2113//3077 2116//3078 2110//3079
f 2110//3080 2116//3081 2114//3082
f 793//3083 2116//3084 2113//3085
f 2114//3086 2117//3087 2115//3088
f 788//3089 2118//3090 786//3091
f 2116//3092 2118//3092 2114//3092
f 786//3093 2118//3094 2116//3095
f 2114//3096 2118//3096 2117//3096
f 2117//3097 2119//3098 2115//3099
f 2115//3100 2119//3101 2120//3102
f 791//3103 2121//3104 790//3105
f 790//3106 2121//3107 788//3108
f 2118//3109 2121//3110 2117//3111
f 788//3112 2121//3113 2118//3114
f 2117//3115 2121//3116 2119//3117
f 2119//3118 2122//3119 2120//3120
f 2120//3121 2122//3122 2123//3123
f 795//3124 2124//3125 791//3126
f 791//3127 2124//3128 2121//3129
f 2121//3130 2124//3131 2119//3132
f 2119//3133 2124//3134 2122//3135
f 2123//3136 2125//3137 2126//3138
f 2126//3139 2125//3139 2127//3140
f 2127//3141 2125//3141 2128//3141
f 2122//3142 2125//3143 2123//3144
f 784//3145 2129//3146 795//3147
f 2128//3148 2129//3149 2130//3150
f 2130//3151 2129//3152 784//3153
f 2124//3154 2129//3155 2122//3156
f 2125//3157 2129//3158 2128//3159
f 2122//3160 2129//3161 2125//3162
f 795//3163 2129//3164 2124//3165
f 2128//3166 2131//3166 2127//3166
f 2127//3166 2131//3166 2132//3166
f 783//3167 2133//3167 784//3167
f 2130//3168 2133//3169 2128//3170
f 784//3171 2133//3171 2130//3171
f 2128//3172 2133//3173 2131//3174
f 2132//3175 2134//3176 2135//3177
f 2131//3178 2134//3179 2132//3180
f 771//3181 2136//3182 783//3183
f 2133//3184 2136//3185 2131//3186
f 2131//3187 2136//3188 2134//3189
f 783//3190 2136//3191 2133//3192
f 2135//3193 2137//3194 2138//3195
f 2134//3196 2137//3197 2135//3198
f 2134//3199 2139//3200 2137//3201
f 763//3202 2139//3203 771//3204
f 771//3205 2139//3206 2136//3207
f 2136//3208 2139//3209 2134//3210
f 2138//3211 2140//3212 2141//3213
f 2141//3214 2140//3215 2142//3216
f 2139//3217 2140//3218 2137//3219
f 2137//3220 2140//3221 2138//3222
f 755//3223 2143//3224 763//3225
f 763//3226 2143//3227 2139//3228
f 2139//3229 2143//3230 2140//3231
f 2140//3232 2144//3233 2142//3234
f 748//3235 2145//3235 755//3235
f 2140//3236 2145//3237 2144//3238
f 2143//3239 2145//3240 2140//3241
f 755//3242 2145//3242 2143//3242
f 2142//3243 2146//3244 2147//3245
f 2147//3246 2146//3247 2148//3248
f 2144//3249 2146//3250 2142//3251
f 748//3252 2149//3253 2145//3254
f 737//3255 2149//3256 748//3257
f 2144//3258 2149//3259 2146//3260
f 2145//3261 2149//3262 2144//3263
f 2146//3264 2150//3265 2148//3266
f 730//3267 2151//3268 734//3269
f 734//3270 2151//3270 737//3270
f 2149//3271 2151//3272 2146//3273
f 737//3274 2151//3274 2149//3274
f 2146//3275 2151//3276 2150//3277
f 2151//3278 2152//3279 2150//3280
f 2148//3281 2152//3282 2153//3283
f 2153//3284 2152//3285 2154//3286
f 2150//3287 2152//3288 2148//3289
f 730//3290 2155//3291 2151//3292
f 2151//3293 2155//3294 2152//3295
f 2152//3296 2156//3297 2154//3298
f 2154//3299 2156//3300 2157//3301
f 724//3302 2158//3303 726//3304
f 726//3305 2158//3306 730//3307
f 730//3308 2158//3309 2155//3310
f 2155//3311 2158//3311 2152//3311
f 2152//3312 2158//3313 2156//3313
f 2156//3314 2159//3315 2157//3316
f 2158//3317 2159//3318 2156//3319
f 724//3303 2160//3320 2158//3321
f 2158//3322 2160//3323 2159//3324
f 2159//3325 2161//3326 2157//3327
f 2157//3328 2161//3329 2162//3330
f 728//3331 2163//3332 723//3333
f 723//3334 2163//3335 724//3336
f 724//3337 2163//3338 2160//3339
f 2160//3340 2163//3341 2159//3342
f 2159//3343 2163//3344 2161//3345
f 2161//3346 2164//3347 2162//3346
f 2162//3348 2164//3346 2165//3348
f 2165//3349 2164//3349 2166//3349
f 2163//3350 2164//3351 2161//3351
f 728//3352 2167//3353 2163//3354
f 2163//3355 2167//3356 2164//3356
f 2166//3357 2168//3357 2088//3357
f 2088//3358 2168//3359 2086//3358
f 2164//3360 2168//3360 2166//3360
f 2167//3361 2168//3361 2164//3361
f 735//3362 2169//3363 732//3363
f 2167//3364 2169//3364 2168//3364
f 732//3365 2169//3366 728//3367
f 2086//3368 2169//3368 2091//3368
f 2091//3369 2169//3370 735//3371
f 728//3372 2169//3373 2167//3374
f 2168//3375 2169//3375 2086//3375
f 2132//3376 2135//3376 2170//3376
f 2135//3377 2138//3377 2171//3377
f 2138//3378 2141//3378 2172//3378
f 2162//3379 2173//3379 2174//3379
f 2165//3380 2175//3380 2173//3380
f 2166//3381 2176//3381 2175//3381
f 2166//3382 2177//3382 2176//3382
f 2166//3383 2178//3383 2177//3383
f 2166//3384 2088//3384 2178//3384
f 2179//3385 2180//3385 2170//3385
f 2132//3386 2180//3387 2127//3388
f 2181//3389 2180//3389 2179//3389
f 2182//3390 2180//3390 2181//3390
f 2127//3391 2180//3392 2182//3393
f 2170//3394 2180//3394 2132//3394
f 2170//3395 2183//3395 2171//3395
f 2135//3396 2183//3396 2170//3396
f 2171//3397 2183//3397 2135//3397
f 2171//3398 2184//3399 2172//3400
f 2138//3401 2184//3402 2171//3403
f 2172//3404 2184//3405 2138//3406
f 2172//3407 2185//3407 2186//3407
f 2141//3408 2185//3408 2172//3408
f 2185//3409 2187//3409 2186//3409
f 2142//3410 2188//3410 2141//3410
f 2141//3411 2188//3411 2185//3411
f 2185//3412 2188//3412 2187//3412
f 2186//3413 2189//3413 2190//3413
f 2187//3414 2189//3414 2186//3414
f 2142//3415 2189//3415 2188//3415
f 2188//3416 2189//3416 2187//3416
f 2189//3417 2191//3417 2190//3417
f 2147//3418 2192//3418 2142//3418
f 2189//3419 2192//3419 2191//3419
f 2142//3420 2192//3420 2189//3420
f 2191//3421 2193//3421 2190//3421
f 2190//3422 2193//3422 2194//3422
f 2147//3423 2193//3423 2192//3423
f 2192//3424 2193//3424 2191//3424
f 2193//3425 2195//3425 2194//3425
f 2148//3426 2196//3426 2147//3426
f 2147//3427 2196//3427 2193//3427
f 2193//3428 2196//3428 2195//3428
f 2194//3429 2197//3429 2198//3429
f 2196//3430 2197//3430 2195//3430
f 2148//3431 2197//3431 2196//3431
f 2195//3432 2197//3432 2194//3432
f 2197//3433 2199//3433 2198//3433
f 2197//3434 2200//3434 2199//3434
f 2153//3435 2200//3435 2148//3435
f 2148//3436 2200//3436 2197//3436
f 2199//3437 2201//3437 2198//3437
f 2200//3438 2201//3438 2199//3438
f 2153//3439 2201//3439 2200//3439
f 2198//3440 2201//3440 2202//3440
f 2201//3441 2203//3441 2202//3441
f 2153//3442 2204//3442 2201//3442
f 2201//3443 2204//3443 2203//3443
f 2154//3444 2204//3444 2153//3444
f 2202//3445 2205//3445 2206//3445
f 2203//3446 2205//3446 2202//3446
f 2204//3447 2205//3447 2203//3447
f 2154//3448 2205//3448 2204//3448
f 2205//3449 2207//3449 2206//3449
f 2154//3450 2208//3450 2205//3450
f 2157//3451 2208//3451 2154//3451
f 2205//3452 2208//3452 2207//3452
f 2206//3453 2209//3453 2174//3453
f 2207//3454 2209//3454 2206//3454
f 2208//3455 2209//3455 2207//3455
f 2157//3456 2209//3456 2208//3456
f 2209//3457 2210//3457 2174//3457
f 2174//3458 2210//3458 2162//3458
f 2162//3459 2211//3459 2157//3459
f 2157//3460 2211//3460 2209//3460
f 2210//3461 2211//3461 2162//3461
f 2209//3462 2211//3462 2210//3462
f 2162//3463 2212//3463 2173//3463
f 2173//3464 2212//3464 2165//3464
f 2165//3465 2213//3465 2162//3465
f 2212//3466 2213//3466 2165//3466
f 2162//3467 2213//3467 2212//3467
f 2165//3468 2214//3468 2175//3468
f 2175//3469 2214//3469 2166//3469
f 2166//3470 2215//3470 2165//3470
f 2214//3471 2215//3471 2166//3471
f 2165//3472 2215//3472 2214//3472
f 2176//3473 2216//3473 2217//3473
f 2175//3474 2217//3474 2218//3474
f 2175//3473 2176//3473 2217//3473
f 2173//3475 2218//3475 2219//3475
f 2173//3474 2175//3474 2218//3474
f 2174//3476 2219//3476 2220//3476
f 2174//3475 2173//3475 2219//3475
f 2206//3477 2174//3477 2220//3477
f 2202//3478 2220//3478 2221//3478
f 2202//3479 2221//3479 2222//3479
f 2202//3480 2206//3480 2220//3480
f 2198//11 2222//11 2223//11
f 2198//3479 2202//3479 2222//3479
f 2194//11 2198//11 2223//11
f 2190//3481 2223//3481 2224//3481
f 2190//3481 2194//3481 2223//3481
f 2186//3482 2224//3482 2225//3482
f 2186//3482 2190//3482 2224//3482
f 2172//3483 2225//3483 2226//3483
f 2172//3484 2226//3484 2227//3484
f 2172//3483 2186//3483 2225//3483
f 2171//3484 2172//3484 2227//3484
f 2170//3485 2227//3485 2228//3485
f 2170//3486 2171//3486 2227//3486
f 2179//3487 2228//3487 2229//3487
f 2179//3487 2170//3487 2228//3487
f 2179//3488 2229//3488 2230//3488
f 2231//3489 2230//3489 2232//3489
f 2231//3488 2179//3488 2230//3488
f 2233//3490 2232//3490 2234//3490
f 2233//3489 2231//3489 2232//3489
f 2235//3491 2234//3491 2236//3491
f 2235//3490 2233//3490 2234//3490
f 2237//3492 2235//3492 2236//3492
f 2238//3493 2236//3493 2239//3493
f 2238//3494 2239//3494 2240//3494
f 2238//3495 2237//3495 2236//3495
f 2241//673 2240//673 2242//673
f 2241//3494 2238//3494 2240//3494
f 2243//673 2241//673 2242//673
f 2244//3496 2242//3496 2245//3496
f 2244//3496 2243//3496 2242//3496
f 2246//3497 2245//3497 2247//3497
f 2246//3497 2244//3497 2245//3497
f 2248//3498 2247//3498 2249//3498
f 2248//3498 2246//3498 2247//3498
f 2250//3499 2249//3499 2251//3499
f 2250//3500 2251//3500 2252//3500
f 2250//3499 2248//3499 2249//3499
f 2253//3501 2250//3501 2252//3501
f 2176//3502 2252//3502 2216//3502
f 2176//3503 2253//3503 2252//3503
f 2230//3504 2229//3504 2254//3505
f 2230//3505 2254//3506 2255//3505
f 2232//3507 2255//3508 2256//3508
f 2232//3509 2230//3510 2255//3510
f 2234//3511 2256//3511 2257//3511
f 2234//3512 2232//3512 2256//3512
f 2236//3513 2257//3514 2258//3515
f 2236//3516 2234//3513 2257//3517
f 2239//3518 2258//3519 2259//3520
f 2239//3521 2236//3522 2258//3523
f 2240//3524 2259//3524 2260//3524
f 2240//3525 2239//3525 2259//3525
f 2242//3526 2260//3527 2261//3526
f 2242//3528 2240//3528 2260//3529
f 2245//3530 2261//3531 2262//3532
f 2245//3530 2242//3533 2261//3533
f 2263//3534 2245//3534 2262//3534
f 2247//3535 2245//3535 2263//3535
f 2249//3536 2263//3536 2264//3536
f 2249//3537 2247//3537 2263//3537
f 2251//3538 2264//3539 2265//3540
f 2251//3541 2249//3542 2264//3542
f 2252//3543 2265//3543 2266//3543
f 2252//3544 2251//3544 2265//3544
f 2216//3545 2266//3546 2267//3547
f 2216//3548 2252//3548 2266//3549
f 2268//1640 2269//1640 2270//1640
f 2268//55 2271//55 2272//55
f 2270//329 2271//329 2268//329
f 2269//55 2273//55 2270//55
f 2272//54 2274//54 2275//54
f 2271//53 2274//53 2272//53
f 2269//54 2276//54 2273//54
f 2276//153 2277//153 2273//153
f 2275//55 2278//55 2279//55
f 2274//52 2278//52 2275//52
f 2276//54 2267//54 2277//54
f 2267//67 2280//67 2277//67
f 2279//55 2281//55 2282//55
f 2278//52 2281//52 2279//52
f 2266//1404 2283//1404 2267//1404
f 2267//372 2283//372 2280//372
f 2282//367 2284//367 2285//367
f 2281//1663 2284//1663 2282//1663
f 2266//52 2265//52 2283//52
f 2265//53 2286//53 2283//53
f 2285//1632 2287//1632 2288//1632
f 2284//197 2287//197 2285//197
f 2264//54 2289//54 2265//54
f 2265//370 2289//370 2286//370
f 2287//53 2290//53 2288//53
f 2290//54 2291//54 2288//54
f 2264//54 2263//54 2289//54
f 2289//67 2263//67 2292//67
f 2290//53 2293//53 2291//53
f 2293//1672 2294//1672 2291//1672
f 2263//52 2262//1648 2292//52
f 2292//53 2262//53 2295//53
f 2293//54 2296//54 2294//54
f 2297//54 2296//54 2293//54
f 2262//1403 2261//1403 2295//1403
f 2295//52 2261//52 2298//52
f 2297//55 2254//55 2296//55
f 2299//53 2254//53 2297//53
f 2261//1873 2260//1873 2298//1873
f 2298//287 2260//96 2300//96
f 2299//54 2255//54 2254//54
f 2301//53 2255//53 2299//53
f 2260//53 2259//53 2300//53
f 2300//54 2259//54 2302//54
f 2303//55 2256//55 2301//55
f 2301//54 2256//54 2255//54
f 2302//55 2258//55 2304//55
f 2259//1640 2258//1640 2302//1640
f 2258//1404 2257//1404 2304//1404
f 2305//55 2257//55 2303//55
f 2304//55 2257//55 2305//55
f 2303//204 2257//204 2256//204
f 2217//3550 2216//3550 2267//3550
f 2217//3551 2267//3551 2276//3551
f 2218//3552 2276//3552 2269//3552
f 2218//3553 2217//3553 2276//3553
f 2219//3554 2269//3554 2268//3554
f 2219//3555 2218//3555 2269//3555
f 2220//3556 2268//3556 2272//3556
f 2220//3557 2219//3557 2268//3557
f 2221//3558 2272//3558 2275//3558
f 2221//3559 2220//3559 2272//3559
f 2222//3560 2275//3560 2279//3560
f 2222//3561 2221//3561 2275//3561
f 2223//3562 2279//3562 2282//3562
f 2223//3563 2222//3563 2279//3563
f 2224//3564 2282//3564 2285//3564
f 2224//3565 2223//3565 2282//3565
f 2225//3566 2285//3567 2288//3568
f 2225//3569 2224//3570 2285//3571
f 2226//3572 2288//3572 2291//3572
f 2226//3573 2225//3573 2288//3573
f 2294//3574 2226//3574 2291//3574
f 2227//3575 2226//3575 2294//3575
f 2228//3576 2294//3576 2296//3576
f 2228//3577 2227//3577 2294//3577
f 2229//3578 2296//3578 2254//3578
f 2229//3579 2228//3579 2296//3580
f 2299//3581 2306//3581 2307//3581
f 2299//3582 2297//3582 2306//3582
f 2297//3583 2308//3583 2306//3583
f 2297//3584 2293//3584 2308//3584
f 2293//3585 2309//3585 2308//3585
f 2293//3586 2290//3586 2309//3586
f 2290//3587 2310//3588 2309//3587
f 2290//3589 2287//3589 2310//3590
f 2310//3591 2284//3592 2311//3593
f 2287//3594 2284//3595 2310//3594
f 2284//3596 2312//3596 2311//3596
f 2284//3597 2281//3597 2312//3597
f 2312//3598 2278//3598 2313//3598
f 2281//3599 2278//3599 2312//3599
f 2313//3600 2274//3601 2314//3600
f 2278//3602 2274//3603 2313//3602
f 2314//3604 2271//3605 2315//3518
f 2274//3606 2271//3607 2314//3606
f 2271//3608 2316//3608 2315//3608
f 2271//3609 2270//3609 2316//3609
f 2270//3610 2317//3610 2316//3610
f 2270//3611 2273//3611 2317//3611
f 2273//3612 2318//3613 2317//3614
f 2273//3615 2277//3616 2318//3617
f 2277//3618 2319//3619 2318//3618
f 2277//3620 2280//3620 2319//3504
f 2280//3621 2320//3622 2319//3621
f 2280//3623 2283//3623 2320//3624
f 2283//3625 2321//3626 2320//3627
f 2283//3628 2286//3629 2321//3629
f 2286//3630 2322//3631 2321//3632
f 2286//3633 2289//3634 2322//3635
f 2289//3636 2323//3636 2322//3636
f 2289//3636 2292//3636 2323//3636
f 2323//3637 2295//3638 2324//3639
f 2292//3640 2295//3641 2323//3640
f 2324//3642 2298//3642 2325//3642
f 2295//3564 2298//3564 2324//3564
f 2298//3643 2326//3644 2325//3645
f 2298//3646 2300//3647 2326//3562
f 2300//3648 2327//3648 2326//3648
f 2300//3649 2302//3649 2327//3649
f 2327//3650 2304//3651 2328//3652
f 2302//3651 2304//3653 2327//3654
f 2328//3655 2305//3656 2329//3657
f 2304//3658 2305//3659 2328//3660
f 2329//3661 2303//3662 2330//3662
f 2305//3663 2303//3663 2329//3664
f 2330//3665 2301//3666 2331//3666
f 2303//3667 2301//3667 2330//3668
f 2301//3669 2307//3669 2331//3669
f 2301//3670 2299//3670 2307//3670
f 2307//3671 2332//3671 2331//3671
f 2333//3672 2332//3672 2307//3672
f 2331//3673 2334//3673 2330//3673
f 2332//3674 2334//3674 2331//3674
f 2330//3675 2335//3675 2329//3675
f 2334//3676 2335//3676 2330//3676
f 2329//3677 2336//3677 2328//3677
f 2335//3678 2336//3678 2329//3678
f 2328//3679 2337//3679 2327//3679
f 2336//3680 2337//3680 2328//3680
f 2327//3681 2338//3681 2326//3681
f 2337//3682 2338//3682 2327//3682
f 2326//3683 2339//3683 2325//3683
f 2338//3684 2339//3684 2326//3684
f 2325//3685 2340//3685 2324//3685
f 2339//3686 2340//3686 2325//3686
f 2324//3687 2341//3687 2323//3687
f 2340//3688 2341//3688 2324//3688
f 2323//3689 2342//3689 2322//3689
f 2341//3690 2342//3690 2323//3690
f 2322//3691 2343//3691 2321//3691
f 2342//3692 2343//3692 2322//3692
f 2321//3693 2344//3693 2320//3693
f 2343//3694 2344//3694 2321//3694
f 2320//3695 2345//3695 2319//3695
f 2344//3696 2345//3696 2320//3696
f 2345//3697 2346//3697 2319//3697
f 2319//3698 2347//3698 2318//3698
f 2346//3699 2347//3699 2319//3699
f 2318//3700 2348//3700 2317//3700
f 2347//3701 2348//3701 2318//3701
f 2317//3702 2349//3702 2316//3702
f 2348//3703 2349//3703 2317//3703
f 2316//3704 2350//3704 2315//3704
f 2349//3705 2350//3705 2316//3705
f 2315//3706 2351//3706 2314//3706
f 2350//3707 2351//3707 2315//3707
f 2314//3708 2352//3708 2313//3708
f 2351//3709 2352//3709 2314//3709
f 2313//3710 2353//3710 2312//3710
f 2352//3711 2353//3711 2313//3711
f 2312//3712 2354//3712 2311//3712
f 2353//3713 2354//3713 2312//3713
f 2311//3714 2355//3714 2310//3714
f 2354//3715 2355//3715 2311//3715
f 2310//3716 2356//3716 2309//3716
f 2355//3717 2356//3717 2310//3717
f 2309//3718 2357//3718 2308//3718
f 2356//3719 2357//3719 2309//3719
f 2308//3720 2358//3720 2306//3720
f 2357//3721 2358//3721 2308//3721
f 2306//3722 2359//3722 2307//3722
f 2358//3723 2359//3723 2306//3723
f 2359//3724 2333//3724 2307//3724
f 2354//3725 2353//3725 2360//3725
f 2354//3726 2360//3726 2361//3726
f 2355//3727 2354//3727 2361//3727
f 2362//3728 2355//3728 2361//3728
f 2356//3729 2355//3729 2362//3729
f 2363//3730 2356//3730 2362//3730
f 2357//3731 2356//3731 2363//3731
f 2364//3732 2357//3732 2363//3732
f 2358//3733 2357//3733 2364//3733
f 2365//3734 2358//3734 2364//3734
f 2359//3735 2358//3735 2365//3735
f 2366//3736 2359//3736 2365//3736
f 2333//3737 2359//3737 2366//3737
f 2367//3738 2333//3738 2366//3738
f 2332//3739 2333//3739 2367//3739
f 2368//3740 2332//3740 2367//3740
f 2334//3741 2332//3741 2368//3741
f 2369//3742 2334//3742 2368//3742
f 2335//3743 2334//3743 2369//3743
f 2370//3744 2335//3744 2369//3744
f 2336//3745 2335//3745 2370//3745
f 2371//3746 2336//3746 2370//3746
f 2337//3747 2336//3747 2371//3747
f 2372//3748 2337//3748 2371//3748
f 2338//3749 2337//3749 2372//3749
f 2373//3750 2338//3750 2372//3750
f 2339//3751 2338//3751 2373//3751
f 2340//3752 2339//3752 2373//3752
f 2340//3753 2373//3753 2374//3753
f 2341//3754 2340//3754 2374//3754
f 2375//3755 2341//3755 2374//3755
f 2342//3756 2341//3756 2375//3756
f 2376//3757 2342//3757 2375//3757
f 2343//3758 2342//3758 2376//3758
f 2377//3759 2343//3759 2376//3759
f 2344//3760 2343//3760 2377//3760
f 2378//3761 2344//3761 2377//3761
f 2345//3762 2344//3762 2378//3762
f 2379//3763 2345//3763 2378//3763
f 2346//3764 2345//3764 2379//3764
f 2380//3765 2346//3765 2379//3765
f 2347//3766 2346//3766 2380//3766
f 2381//3767 2347//3767 2380//3767
f 2348//3768 2347//3768 2381//3768
f 2382//3769 2348//3769 2381//3769
f 2349//3770 2348//3770 2382//3770
f 2383//3771 2349//3771 2382//3771
f 2350//3772 2349//3772 2383//3772
f 2384//3773 2350//3773 2383//3773
f 2351//3774 2350//3774 2384//3774
f 2385//3775 2351//3775 2384//3775
f 2352//3776 2351//3776 2385//3776
f 2360//3777 2352//3777 2385//3777
f 2353//3778 2352//3778 2360//3778
f 2386//53 2364//53 2363//53
f 2387//54 2363//54 2362//54
f 2387//52 2386//52 2363//52
f 2388//52 2365//52 2364//52
f 2388//53 2364//53 2386//53
f 2389//226 2362//226 2361//226
f 2389//54 2387//54 2362//54
f 2390//55 2366//55 2365//55
f 2390//370 2365//370 2388//370
f 2391//54 2361//54 2360//54
f 2391//52 2389//52 2361//52
f 2392//54 2367//54 2366//54
f 2392//53 2366//53 2390//53
f 2385//52 2391//52 2360//52
f 2393//54 2391//54 2385//54
f 2368//55 2367//55 2392//55
f 2394//53 2368//53 2392//53
f 2384//52 2393//52 2385//52
f 2395//52 2393//52 2384//52
f 2369//55 2368//55 2394//55
f 2396//54 2369//54 2394//54
f 2383//54 2395//54 2384//54
f 2370//54 2369//54 2396//54
f 2397//55 2395//55 2383//55
f 2382//52 2397//52 2383//52
f 2398//55 2370//55 2396//55
f 2371//53 2370//53 2398//53
f 2399//54 2397//54 2382//54
f 2381//55 2399//55 2382//55
f 2400//52 2371//52 2398//52
f 2372//55 2371//55 2400//55
f 2401//54 2399//54 2381//54
f 2380//55 2401//55 2381//55
f 2402//54 2372//54 2400//54
f 2373//52 2372//52 2402//52
f 2379//52 2401//52 2380//52
f 2379//54 2403//54 2401//54
f 2374//54 2373//54 2402//54
f 2374//272 2402//272 2404//272
f 2378//53 2403//53 2379//53
f 2378//54 2405//54 2403//54
f 2375//52 2404//52 2406//52
f 2375//367 2374//367 2404//367
f 2377//54 2407//54 2405//54
f 2377//55 2405//55 2378//55
f 2376//52 2407//52 2377//52
f 2376//55 2406//55 2407//55
f 2376//55 2375//55 2406//55
f 2389//3779 2391//3779 2408//3779
f 2389//3780 2408//3780 2409//3780
f 2387//3781 2409//3781 2410//3781
f 2387//3782 2389//3782 2409//3782
f 2386//3783 2410//3783 2411//3783
f 2386//3784 2387//3784 2410//3784
f 2388//3785 2411//3785 2412//3785
f 2388//3786 2386//3786 2411//3786
f 2390//3787 2412//3787 2413//3787
f 2390//3788 2388//3788 2412//3788
f 2392//3789 2390//3789 2413//3789
f 2414//3790 2392//3790 2413//3790
f 2394//3791 2392//3791 2414//3791
f 2415//3792 2394//3792 2414//3792
f 2396//3793 2394//3793 2415//3793
f 2416//3794 2396//3794 2415//3794
f 2398//3795 2396//3795 2416//3795
f 2417//3796 2398//3796 2416//3796
f 2400//3797 2398//3797 2417//3797
f 2418//3798 2400//3798 2417//3798
f 2402//3799 2400//3799 2418//3799
f 2409//3800 2408//3800 2419//3800
f 2409//3801 2419//3801 2420//3801
f 2410//3802 2420//3802 2421//3802
f 2410//3803 2409//3803 2420//3803
f 2422//3804 2410//3804 2421//3804
f 2411//3805 2410//3805 2422//3805
f 2412//3806 2422//3806 2423//3806
f 2412//3807 2411//3807 2422//3807
f 2424//3808 2412//3808 2423//3808
f 2413//3809 2412//3809 2424//3809
f 2414//3810 2424//3810 2425//3810
f 2414//3811 2413//3811 2424//3811
f 2415//3812 2425//3812 2426//3812
f 2415//3813 2414//3813 2425//3813
f 2416//3814 2426//3814 2427//3814
f 2416//3815 2415//3815 2426//3815
f 2417//3816 2427//3816 2428//3816
f 2417//3817 2416//3817 2427//3817
f 2429//3818 2417//3818 2428//3818
f 2418//3819 2417//3819 2429//3819
f 2419//3820 2430//3820 2420//3820
f 2431//3820 2430//3820 2419//3820
f 2420//3821 2432//3821 2421//3821
f 2430//3822 2432//3822 2420//3822
f 2421//3823 2433//3823 2422//3823
f 2432//3823 2433//3823 2421//3823
f 2422//3824 2434//3824 2423//3824
f 2433//3825 2434//3825 2422//3825
f 2423//3826 2435//3826 2424//3826
f 2434//3826 2435//3826 2423//3826
f 2435//3827 2425//3827 2424//3827
f 2435//3827 2436//3827 2425//3827
f 2425//3828 2437//3828 2426//3828
f 2436//3828 2437//3828 2425//3828
f 2426//3829 2438//3829 2427//3829
f 2437//3829 2438//3829 2426//3829
f 2427//3830 2439//3830 2428//3830
f 2438//3831 2439//3831 2427//3831
f 2428//3832 2440//3832 2429//3832
f 2439//3832 2440//3832 2428//3832
f 2440//3833 2441//3833 2429//3833
f 2429//3834 2441//3834 2442//3834
f 2442//3835 2443//3835 2444//3835
f 2441//3836 2443//3836 2442//3836
f 2444//3837 2445//3837 2446//3837
f 2443//3838 2445//3838 2444//3838
f 2446//3839 2447//3839 2448//3839
f 2445//3840 2447//3840 2446//3840
f 2448//3841 2449//3841 2450//3841
f 2447//3841 2449//3841 2448//3841
f 2449//3842 2451//3842 2450//3842
f 2449//3843 2452//3843 2451//3843
f 2451//3844 2453//3844 2454//3844
f 2452//3845 2453//3845 2451//3845
f 2453//3846 2455//3846 2454//3846
f 2453//3846 2456//3846 2455//3846
f 2456//3847 2457//3847 2455//3847
f 2456//3848 2458//3848 2457//3848
f 2457//3849 2431//3849 2419//3849
f 2458//3849 2431//3849 2457//3849
f 2459//3850 2458//3850 2460//3850
f 2431//3850 2458//3850 2459//3850
f 2460//3851 2456//3851 2461//3851
f 2458//3851 2456//3851 2460//3851
f 2461//675 2453//675 2462//675
f 2456//675 2453//675 2461//675
f 2462//3852 2452//3852 2463//3852
f 2453//3853 2452//3853 2462//3853
f 2463//3854 2449//3854 2464//3854
f 2464//3855 2449//3855 2465//3855
f 2452//3854 2449//3854 2463//3854
f 2449//3855 2447//3855 2465//3855
f 2465//3856 2445//3856 2466//3856
f 2466//681 2445//681 2467//681
f 2447//3857 2445//3857 2465//3857
f 2445//1410 2443//1410 2467//1410
f 2467//3858 2441//3858 2468//3858
f 2443//3859 2441//3859 2467//3859
f 2468//3860 2440//3860 2469//3860
f 2441//3860 2440//3860 2468//3860
f 2461//397 2470//397 2471//397
f 2462//398 2472//398 2470//398
f 2462//397 2470//397 2461//397
f 2460//397 2461//397 2471//397
f 2463//398 2473//398 2472//398
f 2463//396 2472//396 2462//396
f 2474//396 2460//396 2471//396
f 2459//397 2460//397 2474//397
f 2464//398 2475//398 2473//398
f 2464//400 2473//400 2463//400
f 2476//509 2459//509 2474//509
f 2477//509 2475//509 2464//509
f 2465//396 2477//396 2464//396
f 2478//397 2459//397 2476//397
f 2479//398 2478//398 2476//398
f 2480//396 2477//396 2465//396
f 2466//396 2480//396 2465//396
f 2481//398 2478//398 2479//398
f 2482//398 2481//398 2479//398
f 2483//396 2480//396 2466//396
f 2467//396 2483//396 2466//396
f 2484//509 2481//509 2482//509
f 2485//396 2484//396 2482//396
f 2486//398 2483//398 2467//398
f 2468//452 2486//452 2467//452
f 2487//398 2484//398 2485//398
f 2488//396 2487//396 2485//396
f 2489//493 2486//493 2468//493
f 2469//397 2489//397 2468//397
f 2490//398 2487//398 2488//398
f 2491//397 2490//397 2488//397
f 2492//398 2489//398 2469//398
f 2493//396 2492//396 2469//396
f 2494//452 2490//452 2491//452
f 2494//398 2495//398 2490//398
f 2496//397 2492//397 2493//397
f 2496//509 2493//509 2497//509
f 2498//452 2495//452 2494//452
f 2498//509 2499//509 2495//509
f 2500//397 2496//397 2497//397
f 2500//509 2499//509 2498//509
f 2500//396 2497//396 2499//396
f 2475//3861 2477//3861 2501//3861
f 2501//3862 2477//3862 2502//3862
f 2502//3863 2480//3863 2503//3863
f 2477//3864 2480//3864 2502//3864
f 2503//3865 2483//3865 2504//3865
f 2480//3866 2483//3866 2503//3866
f 2504//3867 2486//3867 2505//3867
f 2483//3868 2486//3868 2504//3868
f 2505//3869 2489//3869 2506//3869
f 2486//3870 2489//3870 2505//3870
f 2506//3871 2492//3871 2507//3871
f 2489//3872 2492//3872 2506//3872
f 2507//3873 2496//3873 2508//3873
f 2492//3874 2496//3874 2507//3874
f 2508//3875 2500//3875 2509//3875
f 2496//3876 2500//3876 2508//3876
f 2509//3877 2498//3877 2510//3877
f 2500//3878 2498//3878 2509//3878
f 2510//3879 2494//3879 2511//3879
f 2511//3880 2494//3880 2512//3880
f 2498//3881 2494//3881 2510//3881
f 2512//3882 2491//3882 2513//3882
f 2494//3883 2491//3883 2512//3883
f 2513//3884 2488//3884 2514//3884
f 2491//3885 2488//3886 2513//3885
f 2514//3887 2485//3887 2515//3887
f 2488//3888 2485//3888 2514//3888
f 2515//3889 2482//3890 2516//3890
f 2485//3891 2482//3892 2515//3893
f 2516//3894 2479//3894 2517//3894
f 2482//3895 2479//3895 2516//3895
f 2517//3896 2476//3896 2518//3896
f 2479//3897 2476//3897 2517//3897
f 2518//937 2474//937 2519//937
f 2476//673 2474//673 2518//673
f 2519//3898 2471//3898 2520//3898
f 2474//3899 2471//3899 2519//3899
f 2520//3900 2470//3900 2521//3900
f 2471//3901 2470//3901 2520//3901
f 2521//3902 2472//3903 2522//3902
f 2470//3903 2472//3904 2521//3903
f 2522//3905 2473//3905 2523//3905
f 2472//3906 2473//3906 2522//3906
f 2523//3907 2475//3908 2501//3908
f 2473//3909 2475//3910 2523//3911
f 2524//226 2514//226 2515//226
f 2525//67 2513//67 2514//67
f 2525//67 2514//67 2524//67
f 2526//53 2515//53 2516//53
f 2526//54 2524//54 2515//54
f 2527//54 2511//54 2512//54
f 2527//52 2512//52 2513//52
f 2527//52 2513//52 2525//52
f 2528//54 2516//54 2517//54
f 2528//53 2526//53 2516//53
f 2529//53 2510//53 2511//53
f 2529//370 2511//370 2527//370
f 2518//1640 2528//1640 2517//1640
f 2509//54 2510//54 2529//54
f 2530//53 2528//53 2518//53
f 2531//55 2509//55 2529//55
f 2519//54 2530//54 2518//54
f 2508//53 2509//53 2531//53
f 2532//54 2530//54 2519//54
f 2533//54 2508//54 2531//54
f 2520//1873 2532//1873 2519//1873
f 2507//54 2508//54 2533//54
f 2534//52 2532//52 2520//52
f 2535//53 2507//53 2533//53
f 2521//55 2534//55 2520//55
f 2536//53 2534//53 2521//53
f 2506//54 2535//54 2537//54
f 2506//52 2507//52 2535//52
f 2522//54 2536//54 2521//54
f 2538//54 2536//54 2522//54
f 2505//54 2506//54 2537//54
f 2505//226 2537//226 2539//226
f 2523//55 2538//55 2522//55
f 2523//54 2540//54 2538//54
f 2504//52 2505//52 2539//52
f 2504//54 2539//54 2541//54
f 2501//67 2540//67 2523//67
f 2501//54 2542//54 2540//54
f 2503//54 2504//54 2541//54
f 2503//54 2541//54 2543//54
f 2502//267 2542//267 2501//267
f 2502//54 2503//54 2543//54
f 2502//79 2543//79 2542//79
f 2538//3912 2540//3913 2544//3912
f 2544//3914 2540//3915 2545//3914
f 2545//3916 2542//3917 2546//3918
f 2540//3919 2542//3920 2545//3919
f 2546//3921 2543//3922 2547//3922
f 2542//3923 2543//3923 2546//3923
f 2547//3924 2541//3924 2548//3924
f 2543//3925 2541//3925 2547//3925
f 2548//3926 2539//3926 2549//3926
f 2541//3927 2539//3927 2548//3927
f 2539//3928 2550//3928 2549//3928
f 2539//3929 2537//3929 2550//3929
f 2537//3930 2551//3930 2550//3930
f 2537//3931 2535//3931 2551//3931
f 2535//3932 2552//3932 2551//3932
f 2535//3933 2533//3933 2552//3933
f 2533//3934 2553//3934 2552//3934
f 2533//3935 2531//3935 2553//3935
f 2531//3936 2554//3936 2553//3936
f 2531//3937 2529//3937 2554//3937
f 2529//3938 2527//3938 2554//3938
f 2554//3938 2527//3938 2555//3938
f 2555//3939 2525//3939 2556//3939
f 2527//3940 2525//3940 2555//3940
f 2556//3941 2524//3941 2557//3941
f 2525//3942 2524//3942 2556//3942
f 2557//3943 2526//3943 2558//3943
f 2524//3944 2526//3944 2557//3944
f 2558//3945 2528//3945 2559//3945
f 2526//3946 2528//3946 2558//3946
f 2528//3947 2560//3947 2559//3947
f 2528//3948 2530//3948 2560//3948
f 2530//3949 2561//3949 2560//3949
f 2530//3950 2532//3950 2561//3950
f 2532//3951 2562//3951 2561//3951
f 2532//3951 2534//3951 2562//3951
f 2534//3952 2563//3952 2562//3952
f 2534//3953 2536//3953 2563//3953
f 2536//3954 2544//3955 2563//3956
f 2536//3957 2538//3958 2544//3959
f 2544//3960 2564//3960 2563//3960
f 2564//3960 2565//3960 2563//3960
f 2562//3961 2566//3961 2561//3961
f 2563//3962 2566//3962 2562//3962
f 2565//3962 2566//3962 2563//3962
f 2566//3961 2567//3961 2561//3961
f 2561//3963 2568//3963 2560//3963
f 2567//3963 2568//3963 2561//3963
f 2560//3964 2569//3964 2559//3964
f 2568//3964 2569//3964 2560//3964
f 2559//3965 2570//3965 2558//3965
f 2569//3965 2570//3965 2559//3965
f 2557//3966 2571//3966 2556//3966
f 2558//3967 2571//3967 2557//3967
f 2570//3968 2571//3968 2558//3968
f 2571//3969 2572//3969 2556//3969
f 2556//3970 2573//3970 2555//3970
f 2572//3971 2573//3971 2556//3971
f 2555//3972 2574//3972 2554//3972
f 2573//3972 2574//3972 2555//3972
f 2554//3973 2575//3973 2553//3973
f 2574//3973 2575//3973 2554//3973
f 2553//3974 2576//3974 2552//3974
f 2575//3974 2576//3974 2553//3974
f 2551//3975 2577//3975 2550//3975
f 2552//3976 2577//3976 2551//3976
f 2576//3977 2577//3977 2552//3977
f 2577//3975 2578//3975 2550//3975
f 2550//3978 2579//3978 2549//3978
f 2578//3978 2579//3978 2550//3978
f 2548//3979 2580//3979 2547//3979
f 2549//3980 2580//3980 2548//3980
f 2579//3980 2580//3980 2549//3980
f 2547//3981 2581//3981 2546//3981
f 2580//3982 2581//3982 2547//3982
f 2581//3983 2582//3983 2546//3983
f 2546//3984 2583//3984 2545//3984
f 2582//3985 2583//3985 2546//3985
f 2545//3986 2564//3986 2544//3986
f 2583//3987 2564//3987 2545//3987
f 2584//570 2571//409 2585//409
f 2584//396 2572//396 2571//396
f 2584//545 2586//3988 2572//3988
f 2571//396 2570//396 2585//396
f 2586//489 2573//489 2572//489
f 2570//3989 2587//3989 2585//3989
f 2586//3990 2588//3990 2573//3990
f 2570//422 2569//422 2587//422
f 2588//509 2574//509 2573//509
f 2569//608 2589//3991 2587//608
f 2588//489 2590//489 2574//3992
f 2569//490 2568//490 2589//490
f 2590//666 2575//666 2574//666
f 2568//540 2591//540 2589//454
f 2590//3993 2592//3993 2575//3993
f 2568//460 2567//460 2591//460
f 2592//398 2576//398 2575//398
f 2567//540 2593//540 2591//540
f 2592//3992 2594//3992 2576//3992
f 2567//589 2566//589 2593//589
f 2594//420 2577//420 2576//420
f 2566//462 2595//462 2593//462
f 2594//460 2596//460 2577//460
f 2566//452 2565//452 2595//452
f 2596//396 2578//396 2577//396
f 2565//631 2597//631 2595//631
f 2596//3994 2598//3994 2578//3994
f 2565//420 2564//420 2597//420
f 2598//396 2579//396 2578//396
f 2564//1375 2599//460 2597//1375
f 2598//609 2600//609 2579//609
f 2564//1375 2583//528 2599//3992
f 2600//3995 2580//3995 2579//3995
f 2583//619 2601//609 2599//3996
f 2583//452 2582//452 2601//452
f 2600//540 2602//540 2580//540
f 2580//619 2602//619 2581//619
f 2602//396 2603//396 2581//396
f 2581//489 2603//489 2582//489
f 2582//397 2603//397 2601//397
f 635//3855 2603//3855 643//3855
f 2601//3855 2603//3855 635//3855
f 643//3857 2602//3857 658//3857
f 2603//3856 2602//3856 643//3856
f 658//1410 2600//1410 664//1410
f 2602//681 2600//681 658//681
f 664//3859 2598//3859 675//3859
f 675//3860 2598//3860 676//3860
f 2600//3859 2598//3859 664//3859
f 2598//3860 2596//3860 676//3860
f 676//3997 2594//3997 687//3997
f 687//3998 2594//3998 688//3998
f 2596//3999 2594//3999 676//3999
f 2594//3998 2592//3998 688//3998
f 688//818 2590//818 690//818
f 690//4000 2590//4000 691//4000
f 2592//818 2590//818 688//818
f 691//4001 2588//4001 679//4001
f 2590//4002 2588//4002 691//4002
f 2588//4001 2586//4001 679//4001
f 679//4003 2586//4003 680//4003
f 2586//4004 2584//4004 680//4004
f 680//4005 2585//4005 665//4005
f 2584//4005 2585//4005 680//4005
f 665//889 2587//889 659//889
f 659//4006 2587//4006 644//4006
f 2585//1408 2587//1408 665//1408
f 2587//4006 2589//4006 644//4006
f 644//4007 2591//4007 639//4007
f 2589//4007 2591//4007 644//4007
f 639//3850 2593//3850 634//3850
f 634//3851 2593//3851 631//3851
f 2591//4008 2593//4008 639//4008
f 2593//3851 2595//3851 631//3851
f 631//744 2597//744 630//744
f 2595//676 2597//676 631//676
f 630//3852 2599//3852 633//3852
f 2597//3852 2599//3852 630//3852
f 633//3854 2601//3854 635//3854
f 2599//4009 2601//4009 633//4009
f 2440//4010 2439//4010 2469//4010
f 2469//3999 2439//3999 2493//3999
f 2493//3998 2438//3998 2497//3998
f 2439//4011 2438//4011 2493//4011
f 2497//818 2437//818 2499//818
f 2438//818 2437//818 2497//818
f 2499//4000 2436//4000 2495//4000
f 2437//4000 2436//4000 2499//4000
f 2495//4001 2435//4001 2490//4001
f 2490//4003 2435//4003 2487//4003
f 2436//4012 2435//4012 2495//4012
f 2435//4003 2434//4003 2487//4003
f 2487//4005 2433//4005 2484//4005
f 2484//1408 2433//1408 2481//1408
f 2434//4005 2433//4005 2487//4005
f 2433//1408 2432//1408 2481//1408
f 2481//4006 2430//4006 2478//4006
f 2432//4006 2430//4006 2481//4006
f 2478//4007 2431//4007 2459//4007
f 2430//4007 2431//4007 2478//4007
f 2604//4013 2418//4013 2429//4013
f 2604//4014 2429//4014 2442//4014
f 2605//4015 2442//4015 2444//4015
f 2605//4015 2604//4015 2442//4015
f 2606//4016 2444//4016 2446//4016
f 2606//4017 2605//4017 2444//4017
f 2448//4018 2606//4018 2446//4018
f 2607//4019 2606//4019 2448//4019
f 2608//4020 2448//4020 2450//4020
f 2608//4021 2607//4021 2448//4021
f 2609//4022 2450//4022 2451//4022
f 2609//4023 2608//4023 2450//4023
f 2454//4024 2609//4024 2451//4024
f 2610//4025 2609//4025 2454//4025
f 2611//4026 2454//4026 2455//4026
f 2611//4027 2610//4027 2454//4027
f 2612//4028 2455//4028 2457//4028
f 2612//4029 2611//4029 2455//4029
f 2408//4030 2457//4030 2419//4030
f 2408//4031 2612//4031 2457//4031
f 2404//4032 2402//4032 2418//4032
f 2404//4033 2418//4033 2604//4033
f 2406//4034 2604//4034 2605//4034
f 2406//4035 2404//4035 2604//4035
f 2407//4036 2605//4036 2606//4036
f 2407//4037 2406//4037 2605//4037
f 2405//4038 2606//4038 2607//4038
f 2405//4039 2407//4039 2606//4039
f 2403//4040 2607//4040 2608//4040
f 2403//4041 2405//4041 2607//4041
f 2401//4042 2403//4042 2608//4042
f 2609//4043 2401//4043 2608//4043
f 2399//4044 2401//4044 2609//4044
f 2610//4045 2399//4045 2609//4045
f 2397//4046 2399//4046 2610//4046
f 2611//4047 2397//4047 2610//4047
f 2395//4048 2397//4048 2611//4048
f 2612//4049 2395//4049 2611//4049
f 2393//4050 2395//4050 2612//4050
f 2408//4051 2393//4051 2612//4051
f 2391//4052 2393//4052 2408//4052
f 2089//4053 2093//4053 2253//4053
f 2093//4054 2096//4054 2250//4054
f 2096//4055 2099//4055 2248//4055
f 2120//4056 2233//4056 2235//4056
f 2123//4057 2231//4057 2233//4057
f 2126//4058 2179//4058 2231//4058
f 2126//4059 2181//4059 2179//4059
f 2126//4060 2182//4060 2181//4060
f 2126//4061 2127//4061 2182//4061
f 2176//4062 2613//4062 2253//4062
f 2089//4063 2613//4064 2088//4065
f 2177//4066 2613//4066 2176//4066
f 2178//4067 2613//4067 2177//4067
f 2088//4068 2613//4069 2178//4070
f 2253//4071 2613//4071 2089//4071
f 2253//4072 2614//4072 2250//4072
f 2093//4073 2614//4073 2253//4073
f 2250//4074 2614//4074 2093//4074
f 2250//4075 2615//4076 2248//4077
f 2096//4078 2615//4079 2250//4080
f 2248//4081 2615//4082 2096//4083
f 2248//4084 2616//4084 2246//4084
f 2099//4085 2616//4085 2248//4085
f 2616//4086 2617//4086 2246//4086
f 2100//4087 2618//4087 2099//4087
f 2099//4088 2618//4088 2616//4088
f 2616//4089 2618//4089 2617//4089
f 2246//4090 2619//4090 2244//4090
f 2617//4091 2619//4092 2246//4092
f 2100//4093 2619//4093 2618//4093
f 2618//4094 2619//4094 2617//4094
f 2619//4095 2620//4095 2244//4095
f 2105//4096 2621//4096 2100//4096
f 2619//4097 2621//4097 2620//4097
f 2100//4098 2621//4098 2619//4098
f 2620//4099 2622//4099 2244//4099
f 2244//4100 2622//4100 2243//4100
f 2105//4101 2622//4101 2621//4101
f 2621//4102 2622//4102 2620//4102
f 2622//4103 2623//4103 2243//4103
f 2108//4104 2624//4104 2105//4104
f 2105//4105 2624//4105 2622//4105
f 2622//4106 2624//4106 2623//4106
f 2243//4107 2625//4107 2241//4107
f 2624//4108 2625//4108 2623//4108
f 2108//4109 2625//4109 2624//4109
f 2623//4110 2625//4110 2243//4110
f 2625//4111 2626//4111 2241//4111
f 2625//4112 2627//4112 2626//4112
f 2111//4113 2627//4113 2108//4113
f 2108//4114 2627//4114 2625//4114
f 2626//4115 2628//4115 2241//4115
f 2627//4116 2628//4116 2626//4116
f 2111//4117 2628//4117 2627//4117
f 2241//4118 2628//4118 2238//4118
f 2628//4119 2629//4119 2238//4119
f 2111//4120 2630//4120 2628//4120
f 2628//4121 2630//4121 2629//4121
f 2112//4122 2630//4122 2111//4122
f 2238//4123 2631//4123 2237//4123
f 2629//4124 2631//4124 2238//4124
f 2630//4125 2631//4125 2629//4125
f 2112//4126 2631//4126 2630//4126
f 2631//4127 2632//4127 2237//4127
f 2112//4128 2633//4128 2631//4128
f 2115//4129 2633//4129 2112//4129
f 2631//4130 2633//4130 2632//4130
f 2237//4131 2634//4131 2235//4131
f 2632//4132 2634//4132 2237//4132
f 2633//4133 2634//4133 2632//4133
f 2115//4134 2634//4134 2633//4134
f 2634//4135 2635//4135 2235//4135
f 2235//4136 2635//4136 2120//4136
f 2120//4137 2636//4137 2115//4137
f 2115//4138 2636//4138 2634//4138
f 2635//4139 2636//4139 2120//4139
f 2634//4140 2636//4140 2635//4140
f 2120//4141 2637//4141 2233//4141
f 2233//4142 2637//4142 2123//4142
f 2123//4143 2638//4143 2120//4143
f 2637//4144 2638//4144 2123//4144
f 2120//4145 2638//4145 2637//4145
f 2123//4146 2639//4146 2231//4146
f 2231//4147 2639//4147 2126//4147
f 2126//4148 2640//4148 2123//4148
f 2639//4149 2640//4149 2126//4149
f 2123//4150 2640//4150 2639//4150
f 684//1424 701//1424 2641//1424
f 2642//1412 684//1412 2641//1412
f 2643//878 2644//878 681//878
f 2643//680 681//680 682//680
f 2645//849 682//849 683//849
f 2645//4151 2643//4151 682//4151
f 2642//4152 683//4152 684//4152
f 2642//4153 2645//4153 683//4153
f 2641//567 2646//3990 2647//522
f 2641//4154 2647//588 2648//4155
f 2649//396 2648//396 2650//396
f 2649//397 2641//397 2648//397
f 2642//397 2649//397 2651//397
f 2642//396 2641//662 2649//396
f 2644//396 2651//396 2652//396
f 2644//1394 2642//1394 2651//1394
f 2643//398 2645//398 2642//398
f 2643//479 2642//479 2644//479
f 681//11 2644//11 2652//11
f 681//11 2652//11 677//11
f 2652//4156 2651//4156 677//4156
f 677//4157 2651//4157 685//4157
f 685//726 2649//726 686//726
f 2651//726 2649//726 685//726
f 686//4158 2650//4158 689//4158
f 2649//4159 2650//4159 686//4159
f 2648//937 694//937 689//937
f 2648//711 689//711 2650//711
f 2646//4160 2641//4160 701//4160
f 2646//4161 701//4161 698//4161
f 2647//4162 698//4162 695//4162
f 2647//4163 2646//4163 698//4163
f 2648//4164 695//4164 694//4164
f 2648//1036 2647//1036 695//1036
f 2653//11 625//11 632//11
f 2653//11 632//11 2654//11
f 2655//980 2656//980 624//980
f 2655//39 624//39 618//39
f 2657//689 618//689 622//689
f 2657//4165 2655//4165 618//4165
f 2653//975 622//975 625//975
f 2653//4166 2657//4166 622//4166
f 2654//4167 2658//4167 2659//656
f 2654//4168 2659//662 2660//4168
f 2661//509 2660//509 2662//509
f 2661//397 2654//397 2660//397
f 2656//509 2663//509 2664//509
f 2653//397 2661//397 2663//397
f 2653//396 2654//396 2661//396
f 2653//3988 2663//3988 2656//3988
f 2655//4169 2657//4169 2653//4169
f 2655//4170 2653//4170 2656//4170
f 624//726 2656//726 2664//726
f 624//4171 2664//4171 629//4171
f 2664//4172 2663//4172 629//4172
f 629//4172 2663//4172 640//4172
f 640//673 2661//673 641//673
f 2663//673 2661//673 640//673
f 641//4173 2662//4173 642//4173
f 2661//4174 2662//4174 641//4174
f 2660//678 654//678 642//678
f 2660//4175 642//4175 2662//4175
f 2658//679 2654//679 632//679
f 2658//680 632//680 645//680
f 2659//4176 645//4176 649//4176
f 2659//1018 2658//1018 645//1018
f 2660//4177 649//4177 654//4177
f 2660//4178 2659//4178 649//4178
f 2665//726 646//726 623//726
f 2665//726 623//726 2666//726
f 2667//4179 2668//4179 657//4179
f 2667//4180 657//4180 651//4180
f 2669//4181 651//4181 647//4181
f 2669//955 2667//955 651//955
f 2665//891 647//891 646//891
f 2665//4182 2669//4182 647//4182
f 2666//452 2670//396 2671//396
f 2666//589 2671//589 2672//589
f 2673//509 2672//509 2674//509
f 2673//493 2666//493 2672//493
f 2668//435 2675//396 2676//396
f 2665//397 2673//397 2675//397
f 2665//398 2666//398 2673//398
f 2665//509 2675//509 2668//4183
f 2669//4184 2668//4185 2667//4186
f 2669//4187 2665//587 2668//4188
f 657//673 2668//673 2676//673
f 657//711 2676//711 636//711
f 2676//4189 2675//4189 636//4189
f 636//4190 2675//4190 637//4190
f 637//1412 2673//1412 638//1412
f 2675//678 2673//678 637//678
f 638//4191 2674//4191 627//4191
f 2673//4192 2674//4192 638//4192
f 2672//11 626//11 627//11
f 2672//11 627//11 2674//11
f 2670//1300 2666//1300 623//1300
f 2670//1409 623//1409 617//1409
f 2671//4193 617//4193 620//4193
f 2671//1296 2670//1296 617//1296
f 2672//4194 620//4194 626//4194
f 2672//826 2671//826 620//826
f 604//4195 600//4195 588//4195
f 604//859 588//859 590//859
f 2677//1352 628//1352 2678//1352
f 619//4196 628//4196 2677//4196
f 2678//1354 621//1354 2679//1354
f 628//1354 621//1354 2678//1354
f 2679//1355 616//1355 2680//1355
f 621//1355 616//1355 2679//1355
f 2680//1362 613//1362 2681//1362
f 616//1356 613//1356 2680//1356
f 2682//4197 2683//4198 2684//4199
f 2685//4200 2686//4201 2687//4202
f 2687//4203 2686//4204 2688//4205
f 2678//4206 2689//4207 2677//4208
f 2690//4209 2689//4210 2685//4211
f 2677//4212 2689//4213 2690//4214
f 2685//4215 2689//4216 2686//4217
f 2688//4218 2691//4219 2692//4220
f 2686//4221 2691//4222 2688//4222
f 2679//4223 2693//4223 2678//4224
f 2680//4225 2693//4226 2679//4227
f 2689//4228 2693//4229 2686//4230
f 2686//4231 2693//4232 2691//4233
f 2678//4234 2693//4235 2689//4235
f 2692//4236 2694//4237 2682//4238
f 2691//4239 2694//4240 2692//4241
f 2693//4242 2694//4243 2691//4244
f 2682//4245 2694//4246 2683//4247
f 2681//4248 2695//4249 2680//4250
f 2683//4251 2695//4252 2696//4253
f 2696//4254 2695//4255 2681//4256
f 2680//4257 2695//4258 2693//4259
f 2693//4260 2695//4261 2694//4262
f 2694//4263 2695//4264 2683//4265
f 2697//4266 2698//4267 2681//4268
f 2683//4269 2698//4269 2684//4269
f 2696//4270 2698//4270 2683//4270
f 2681//4266 2698//4271 2696//4272
f 2684//4273 2698//4273 2699//4273
f 2698//4274 2700//4274 2699//4274
f 2701//4275 2702//4275 2697//4275
f 2698//4276 2702//4276 2700//4276
f 2697//4277 2702//4277 2698//4277
f 2699//4278 2703//4278 2704//4278
f 2700//4279 2703//4279 2699//4279
f 2701//4280 2703//4280 2702//4280
f 2702//4281 2703//4281 2700//4281
f 2703//4282 2705//4282 2704//4282
f 2706//4283 2707//4284 2701//4285
f 2701//4286 2707//4287 2703//4288
f 2703//4289 2707//4289 2705//4289
f 2708//4290 2709//4291 2706//4292
f 2704//4293 2709//4293 2710//4293
f 2707//4294 2709//4294 2705//4294
f 2705//4295 2709//4295 2704//4295
f 2706//4296 2709//4297 2707//4298
f 2709//4299 2711//4299 2710//4299
f 2712//4300 2713//4300 2708//4300
f 2708//4301 2713//4301 2709//4301
f 2709//4302 2713//4302 2711//4302
f 2677//4303 2714//4304 2712//4305
f 2710//4306 2714//4306 2687//4306
f 2687//4307 2714//4307 2685//4307
f 2685//4308 2714//4308 2690//4308
f 2690//4309 2714//4310 2677//4311
f 2712//4312 2714//4312 2713//4312
f 2711//4313 2714//4313 2710//4313
f 2713//4314 2714//4314 2711//4314
f 2681//674 613//674 2697//674
f 2697//4315 612//4315 2701//4315
f 613//4316 612//4316 2697//4316
f 2701//1005 614//1005 2706//1005
f 2706//887 614//887 2708//887
f 612//4317 614//4317 2701//4317
f 2708//4318 615//4318 2712//4318
f 614//4319 615//4319 2708//4319
f 2712//892 619//892 2677//892
f 615//4320 619//4320 2712//4320
f 2715//4321 2716//4322 2717//4323
f 2718//4324 2719//4325 2720//4326
f 2720//4327 2719//4328 2721//4329
f 2699//4330 2722//4330 2684//4330
f 2723//4331 2722//4332 2718//4333
f 2684//4334 2722//4334 2723//4334
f 2718//4335 2722//4336 2719//4337
f 2721//4338 2724//4338 2725//4338
f 2719//4339 2724//4339 2721//4339
f 2699//4340 2724//4340 2722//4340
f 2722//4341 2724//4341 2719//4341
f 2724//4342 2726//4342 2725//4342
f 2704//4343 2727//4343 2699//4343
f 2724//4344 2727//4344 2726//4344
f 2699//4345 2727//4345 2724//4345
f 2728//4346 2729//4347 2730//4348
f 2725//4349 2729//4350 2728//4351
f 2726//4352 2729//4353 2725//4354
f 2704//4355 2731//4355 2727//4355
f 2727//4356 2731//4357 2726//4358
f 2726//4359 2731//4360 2729//4361
f 2729//4362 2732//4363 2730//4364
f 2710//4365 2733//4365 2704//4365
f 2704//4366 2733//4366 2731//4366
f 2729//4367 2733//4368 2732//4369
f 2731//4370 2733//4371 2729//4372
f 2730//4373 2734//4373 2715//4373
f 2710//4374 2734//4374 2733//4374
f 2732//4375 2734//4375 2730//4375
f 2733//4376 2734//4376 2732//4376
f 2716//4377 2735//4378 2736//4379
f 2715//4380 2735//4381 2716//4382
f 2734//4383 2735//4383 2715//4383
f 2736//4384 2737//4384 2687//4384
f 2687//4385 2737//4385 2710//4385
f 2735//4386 2737//4387 2736//4388
f 2710//4389 2737//4389 2734//4389
f 2734//4390 2737//4390 2735//4390
f 2738//4391 2739//4391 2740//4391
f 2741//4392 2740//4392 2742//4392
f 2741//4393 2738//4393 2740//4393
f 2743//4391 2744//4391 2739//4391
f 2743//4391 2739//4391 2738//4391
f 2745//4394 2746//4394 2747//4394
f 2745//4395 2742//4395 2746//4395
f 2745//4396 2741//4396 2742//4396
f 2748//4393 2738//4393 2741//4393
f 2748//4392 2743//4392 2738//4392
f 2749//4397 2750//4397 2751//4397
f 2749//4398 2751//4398 2744//4398
f 2749//4393 2743//4393 2748//4393
f 2749//4391 2744//4391 2743//4391
f 2752//4399 2747//4399 2728//4399
f 2752//4395 2741//4395 2745//4395
f 2752//4395 2748//4395 2741//4395
f 2752//4400 2745//4400 2747//4400
f 2753//4401 2715//4401 2717//4401
f 2753//4402 2717//4402 2750//4402
f 2753//4392 2749//4392 2748//4392
f 2753//4403 2750//4403 2749//4403
f 2754//4404 2728//4404 2730//4404
f 2754//4405 2730//4405 2715//4405
f 2754//4406 2715//4406 2753//4406
f 2754//4399 2752//4399 2728//4399
f 2754//4395 2748//4395 2752//4395
f 2754//4395 2753//4395 2748//4395
f 2755//4407 2739//4407 2756//4407
f 2740//4408 2739//4408 2755//4408
f 2757//4409 2740//4409 2755//4409
f 2742//4410 2757//4410 2758//4410
f 2742//4411 2740//4411 2757//4411
f 2759//4412 2742//4412 2758//4412
f 2746//4413 2742//4413 2759//4413
f 2760//4414 2746//4414 2759//4414
f 2747//4415 2760//4415 2761//4415
f 2747//4416 2746//4416 2760//4416
f 2762//4417 2763//4418 2764//4419
f 2765//4420 2763//4420 2766//4420
f 2767//4421 2763//4421 2765//4421
f 2764//4422 2763//4423 2767//4423
f 2766//4424 2763//4424 2768//4424
f 2763//4425 2769//4425 2768//4425
f 2770//4426 2771//4426 2762//4426
f 2763//4427 2771//4427 2769//4427
f 2762//4428 2771//4429 2763//4428
f 2761//4430 2772//4431 2770//4432
f 2768//4433 2772//4433 2773//4433
f 2770//4434 2772//4435 2771//4436
f 2771//4437 2772//4437 2769//4437
f 2769//4438 2772//4438 2768//4438
f 2772//4439 2774//4439 2773//4439
f 2760//4440 2775//4440 2761//4440
f 2761//4441 2775//4441 2772//4441
f 2772//4442 2775//4442 2774//4442
f 2758//4443 2776//4443 2759//4443
f 2759//4444 2776//4444 2760//4444
f 2773//4445 2776//4445 2777//4445
f 2777//4446 2776//4446 2778//4446
f 2778//4447 2776//4447 2779//4447
f 2779//4448 2776//4448 2758//4448
f 2774//4449 2776//4449 2773//4449
f 2760//4450 2776//4450 2775//4450
f 2775//4451 2776//4451 2774//4451
f 2770//4452 2747//4452 2761//4452
f 2780//4453 2747//4453 2770//4453
f 2762//4454 2780//4454 2770//4454
f 2781//4455 2762//4455 2764//4455
f 2781//4456 2780//4456 2762//4456
f 2782//4457 2781//4457 2764//4457
f 2783//4458 2781//4458 2782//4458
f 2784//4459 2783//4459 2782//4459
f 2739//4460 2784//4460 2756//4460
f 2739//4461 2783//4461 2784//4461
f 2785//4462 2747//4462 2780//4462
f 2786//4463 2780//4463 2781//4463
f 2786//4463 2785//4463 2780//4463
f 2787//4464 2728//4464 2747//4464
f 2787//4464 2747//4464 2785//4464
f 2788//4465 2783//4465 2739//4465
f 2788//4466 2781//4466 2783//4466
f 2788//4466 2786//4466 2781//4466
f 2789//4463 2785//4463 2786//4463
f 2789//4463 2787//4463 2785//4463
f 2790//4467 2721//4467 2725//4467
f 2790//4468 2725//4468 2728//4468
f 2790//4464 2728//4464 2787//4464
f 2791//4469 2739//4469 2744//4469
f 2791//4470 2786//4470 2788//4470
f 2791//4471 2789//4471 2786//4471
f 2791//4469 2788//4469 2739//4469
f 2792//4472 2793//4472 2720//4472
f 2792//4473 2720//4473 2721//4473
f 2792//4463 2787//4463 2789//4463
f 2792//4474 2721//4474 2790//4474
f 2792//4463 2790//4463 2787//4463
f 2794//4475 2744//4475 2795//4475
f 2794//4476 2795//4476 2793//4476
f 2794//4477 2793//4477 2792//4477
f 2794//4469 2791//4469 2744//4469
f 2794//4466 2789//4466 2791//4466
f 2794//4471 2792//4471 2789//4471
f 2793//4478 2718//4479 2720//4480
f 2716//4481 2796//4482 2717//4483
f 2717//4484 2796//4485 2750//4486
f 2688//4487 2797//4487 2687//4487
f 2736//4488 2797//4489 2716//4490
f 2687//4491 2797//4491 2736//4491
f 2716//4492 2797//4493 2796//4494
f 2750//4495 2798//4495 2751//4495
f 2796//4496 2798//4496 2750//4496
f 2688//4497 2798//4497 2797//4497
f 2797//4498 2798//4498 2796//4498
f 2798//4499 2799//4499 2751//4499
f 2692//4500 2800//4500 2688//4500
f 2798//4501 2800//4501 2799//4501
f 2688//4502 2800//4502 2798//4502
f 2751//4503 2801//4504 2744//4503
f 2799//4505 2801//4506 2751//4505
f 2800//4507 2801//4508 2799//4509
f 2692//4510 2802//4510 2800//4510
f 2800//4511 2802//4512 2801//4513
f 2744//4514 2803//4515 2795//4515
f 2801//4516 2803//4516 2744//4517
f 2682//4518 2804//4518 2692//4518
f 2692//4519 2804//4519 2802//4519
f 2802//4520 2804//4521 2801//4522
f 2801//4523 2804//4524 2803//4525
f 2795//4526 2805//4526 2793//4526
f 2682//4527 2805//4527 2804//4528
f 2804//4529 2805//4529 2803//4529
f 2803//4530 2805//4530 2795//4530
f 2805//4531 2806//4531 2793//4531
f 2793//4532 2806//4533 2718//4534
f 2718//4535 2807//4536 2723//4535
f 2723//4537 2807//4537 2684//4537
f 2684//4538 2807//4538 2682//4538
f 2806//4539 2807//4540 2718//4539
f 2682//4541 2807//4541 2805//4541
f 2805//4542 2807//4542 2806//4542
f 2757//4543 2808//4543 2758//4543
f 2778//4544 2808//4544 2777//4544
f 2779//4545 2808//4545 2778//4545
f 2758//4546 2808//4546 2779//4546
f 2777//4547 2808//4547 2809//4547
f 2808//4548 2810//4548 2809//4548
f 2755//4549 2811//4550 2757//4549
f 2757//4551 2811//4552 2808//4551
f 2808//4553 2811//4553 2810//4553
f 2756//4554 2812//4555 2755//4554
f 2809//4556 2812//4556 2813//4556
f 2755//4557 2812//4558 2811//4557
f 2811//4559 2812//4559 2810//4559
f 2810//4560 2812//4560 2809//4560
f 2812//4561 2814//4561 2813//4561
f 2784//4562 2815//4562 2756//4562
f 2756//4563 2815//4563 2812//4563
f 2812//4564 2815//4564 2814//4564
f 2813//4565 2816//4565 2766//4565
f 2766//4566 2816//4566 2765//4566
f 2765//4567 2816//4567 2767//4567
f 2767//4568 2816//4569 2764//4570
f 2764//4571 2816//4572 2782//4573
f 2782//4574 2816//4575 2784//4576
f 2814//4577 2816//4577 2813//4577
f 2784//4578 2816//4579 2815//4578
f 2815//4580 2816//4580 2814//4580
f 2817//4581 2818//4582 2819//4583
f 2819//4584 2818//4585 2820//4586
f 2809//4587 2821//4587 2777//4587
f 2822//4588 2821//4589 2817//4590
f 2777//4591 2821//4591 2822//4591
f 2817//4592 2821//4593 2818//4594
f 2820//4595 2823//4596 2824//4596
f 2818//4597 2823//4598 2820//4599
f 2809//4600 2825//4600 2821//4600
f 2818//4601 2825//4601 2823//4601
f 2821//4602 2825//4602 2818//4602
f 2824//4603 2826//4603 2827//4603
f 2823//4604 2826//4604 2824//4604
f 2813//4605 2828//4605 2809//4605
f 2825//4606 2828//4606 2823//4606
f 2823//4607 2828//4607 2826//4607
f 2809//4608 2828//4608 2825//4608
f 2827//4609 2829//4609 2830//4609
f 2826//4610 2829//4610 2827//4610
f 2828//4611 2831//4611 2826//4611
f 2813//4612 2831//4612 2828//4612
f 2826//4613 2831//4613 2829//4613
f 2830//4614 2832//4615 2833//4615
f 2833//4616 2832//4617 2834//4618
f 2834//4619 2832//4620 2835//4621
f 2829//4622 2832//4622 2830//4623
f 2835//4624 2836//4625 2837//4626
f 2837//4627 2836//4627 2766//4627
f 2766//4628 2836//4628 2813//4628
f 2832//4629 2836//4630 2835//4631
f 2813//4632 2836//4632 2831//4632
f 2831//4633 2836//4634 2829//4635
f 2829//4636 2836//4637 2832//4638
f 2838//888 2827//888 2830//888
f 2839//1408 2830//1408 2833//1408
f 2839//891 2833//891 2834//891
f 2839//4639 2838//4639 2830//4639
f 2840//1409 2834//1409 2841//1409
f 2840//689 2841//689 2842//689
f 2840//4640 2839//4640 2834//4640
f 2843//975 2842//975 2844//975
f 2843//4641 2840//4641 2842//4641
f 2840//4642 2843//4642 2845//4642
f 2840//4643 2845//4643 2846//4643
f 2839//4644 2846//4644 2847//4644
f 2839//4644 2840//4644 2846//4644
f 2838//4645 2847//4645 2848//4645
f 2838//4645 2839//4645 2847//4645
f 2847//399 2849//399 2848//399
f 2846//398 2845//398 2850//398
f 2846//397 2850//397 2849//397
f 2846//396 2849//396 2847//396
f 2851//4646 2838//4646 2848//4646
f 2851//4647 2848//4647 2849//4647
f 2852//4648 2849//4648 2850//4648
f 2852//4649 2851//4649 2849//4649
f 2843//4650 2850//4650 2845//4650
f 2843//4651 2852//4651 2850//4651
f 2843//679 2844//679 2853//679
f 2852//1410 2853//1410 2854//1410
f 2852//683 2854//683 2819//683
f 2852//4652 2843//4652 2853//4652
f 2851//1402 2819//1402 2820//1402
f 2851//675 2820//675 2824//675
f 2851//4653 2852//4653 2819//4653
f 2838//677 2824//677 2827//677
f 2838//4654 2851//4654 2824//4654
f 2835//4655 2855//4656 2834//4657
f 2834//4658 2855//4659 2841//4660
f 2768//4661 2856//4661 2766//4661
f 2837//4662 2856//4663 2835//4664
f 2766//4665 2856//4665 2837//4665
f 2835//4666 2856//4667 2855//4664
f 2841//4668 2857//4669 2842//4670
f 2855//4671 2857//4672 2841//4671
f 2768//4673 2858//4673 2856//4673
f 2855//4674 2858//4675 2857//4676
f 2856//4677 2858//4677 2855//4677
f 2842//4678 2859//4678 2844//4678
f 2857//4679 2859//4679 2842//4679
f 2773//4680 2860//4680 2768//4680
f 2858//4681 2860//4681 2857//4681
f 2857//4682 2860//4682 2859//4682
f 2768//4683 2860//4683 2858//4683
f 2844//4684 2861//4684 2853//4684
f 2859//4685 2861//4685 2844//4685
f 2860//4686 2862//4686 2859//4686
f 2773//4687 2862//4687 2860//4687
f 2859//4688 2862//4688 2861//4688
f 2853//4689 2863//4689 2854//4689
f 2854//4690 2863//4691 2819//4692
f 2819//4693 2863//4694 2817//4695
f 2861//4696 2863//4697 2853//4696
f 2817//4698 2864//4699 2822//4700
f 2822//4701 2864//4701 2777//4701
f 2777//4702 2864//4702 2773//4702
f 2863//4703 2864//4704 2817//4704
f 2773//4705 2864//4705 2862//4705
f 2862//4706 2864//4706 2861//4706
f 2861//4707 2864//4707 2863//4707
f 2865//1409 666//1409 2866//1409
f 2866//4708 672//4708 2867//4708
f 666//4709 672//4709 2866//4709
f 2867//826 678//826 2868//826
f 2868//679 678//679 2869//679
f 672//4710 678//4710 2867//4710
f 2869//4711 660//4711 2870//4711
f 678//4712 660//4712 2869//4712
f 2870//4713 653//4713 2871//4713
f 660//4714 653//4714 2870//4714
f 2872//4715 2873//4715 2874//4715
f 2875//4716 2873//4716 2876//4716
f 2877//4717 2873//4717 2875//4717
f 2874//4718 2873//4718 2877//4719
f 2876//4720 2873//4720 2878//4720
f 2873//4721 2879//4721 2878//4721
f 2880//4722 2881//4722 2872//4722
f 2873//4723 2881//4723 2879//4723
f 2872//4724 2881//4724 2873//4724
f 2878//4725 2882//4725 2883//4725
f 2879//4726 2882//4726 2878//4726
f 2880//4727 2882//4727 2881//4727
f 2881//4728 2882//4728 2879//4728
f 2882//4729 2884//4729 2883//4729
f 2865//4730 2885//4731 2880//4732
f 2880//4733 2885//4734 2882//4735
f 2882//4736 2885//4736 2884//4736
f 2866//4737 2886//4738 2865//4739
f 2883//4740 2886//4740 2887//4740
f 2885//4741 2886//4741 2884//4741
f 2884//4742 2886//4742 2883//4742
f 2865//4743 2886//4744 2885//4745
f 2886//4746 2888//4746 2887//4746
f 2867//4747 2889//4747 2866//4747
f 2866//4748 2889//4748 2886//4748
f 2886//4749 2889//4749 2888//4749
f 2868//4750 2890//4751 2867//4752
f 2887//4753 2890//4753 2891//4753
f 2891//4754 2890//4754 2892//4754
f 2892//4755 2890//4755 2893//4755
f 2893//4756 2890//4757 2868//4758
f 2867//4759 2890//4759 2889//4759
f 2888//4760 2890//4760 2887//4760
f 2889//4761 2890//4761 2888//4761
f 2871//674 653//674 2894//674
f 2894//4762 648//4762 2895//4762
f 653//4763 648//4763 2894//4763
f 2895//677 652//677 2874//677
f 2874//888 652//888 2872//888
f 648//4317 652//4317 2895//4317
f 2872//4764 661//4764 2880//4764
f 652//4319 661//4319 2872//4319
f 2880//891 666//891 2865//891
f 661//4320 666//4320 2880//4320
f 2869//4765 2896//4766 2868//4765
f 2892//4767 2896//4767 2891//4767
f 2893//4768 2896//4768 2892//4769
f 2868//4770 2896//4771 2893//4770
f 2891//4772 2896//4772 2897//4772
f 2896//4773 2898//4773 2897//4773
f 2870//4774 2899//4774 2869//4774
f 2896//4775 2899//4775 2898//4775
f 2869//4776 2899//4776 2896//4776
f 2897//4777 2900//4777 2901//4777
f 2898//4778 2900//4778 2897//4778
f 2870//4779 2900//4779 2899//4779
f 2899//4780 2900//4780 2898//4780
f 2900//4781 2902//4781 2901//4781
f 2871//4782 2903//4783 2870//4784
f 2870//4785 2903//4786 2900//4787
f 2900//4788 2903//4788 2902//4788
f 2894//4789 2904//4790 2871//4791
f 2901//4792 2904//4792 2905//4792
f 2903//4793 2904//4793 2902//4793
f 2902//4794 2904//4794 2901//4794
f 2871//4795 2904//4796 2903//4797
f 2904//4798 2906//4798 2905//4798
f 2895//4799 2907//4799 2894//4799
f 2894//4800 2907//4800 2904//4800
f 2904//4801 2907//4801 2906//4801
f 2874//4802 2908//4803 2895//4804
f 2905//4805 2908//4805 2876//4805
f 2876//4806 2908//4806 2875//4806
f 2875//4807 2908//4807 2877//4807
f 2877//4288 2908//4808 2874//4809
f 2895//4810 2908//4810 2907//4810
f 2906//4811 2908//4811 2905//4811
f 2907//4812 2908//4812 2906//4812
f 2909//4813 2910//4813 2911//4813
f 2912//4814 2913//4815 2914//4816
f 2914//4817 2913//4818 2915//4819
f 2897//4820 2916//4820 2891//4820
f 2917//4821 2916//4822 2912//4823
f 2891//4824 2916//4824 2917//4824
f 2912//4825 2916//4826 2913//4827
f 2915//4828 2918//4828 2919//4828
f 2913//4829 2918//4830 2915//4829
f 2897//4831 2918//4831 2916//4831
f 2916//4832 2918//4832 2913//4832
f 2918//4833 2920//4833 2919//4833
f 2901//4834 2921//4834 2897//4834
f 2918//4835 2921//4835 2920//4835
f 2897//4836 2921//4836 2918//4836
f 2922//4837 2923//4838 2924//4839
f 2919//4840 2923//4841 2922//4842
f 2920//4843 2923//4844 2919//4845
f 2901//4846 2925//4846 2921//4846
f 2921//4847 2925//4848 2920//4849
f 2920//4850 2925//4851 2923//4852
f 2923//4853 2926//4854 2924//4855
f 2905//4856 2927//4856 2901//4856
f 2901//4857 2927//4857 2925//4857
f 2923//4858 2927//4859 2926//4860
f 2925//4861 2927//4862 2923//4863
f 2924//4338 2928//4338 2909//4338
f 2905//4864 2928//4864 2927//4864
f 2926//4865 2928//4865 2924//4865
f 2927//4866 2928//4866 2926//4866
f 2909//4867 2929//4867 2910//4867
f 2928//4868 2929//4868 2909//4868
f 2910//4869 2930//4870 2931//4871
f 2931//4872 2930//4872 2876//4872
f 2876//4873 2930//4873 2905//4873
f 2929//4874 2930//4875 2910//4876
f 2905//4877 2930//4877 2928//4877
f 2928//4878 2930//4878 2929//4878
f 2932//4879 2933//4879 2934//4879
f 2935//4399 2934//4399 2936//4399
f 2935//4399 2932//4399 2934//4399
f 2937//4395 2938//4395 2933//4395
f 2937//4395 2933//4395 2932//4395
f 2939//4463 2940//4463 2941//4463
f 2939//4464 2936//4464 2940//4464
f 2939//4464 2935//4464 2936//4464
f 2942//4399 2932//4399 2935//4399
f 2942//4464 2935//4464 2939//4464
f 2942//4394 2937//4394 2932//4394
f 2943//4880 2944//4880 2945//4880
f 2943//4881 2945//4881 2938//4881
f 2943//4882 2938//4882 2937//4882
f 2946//4463 2941//4463 2922//4463
f 2946//4464 2942//4464 2939//4464
f 2946//4883 2939//4883 2941//4883
f 2947//4884 2909//4884 2911//4884
f 2947//4885 2911//4885 2944//4885
f 2947//4394 2937//4394 2942//4394
f 2947//4886 2944//4886 2943//4886
f 2947//4399 2943//4399 2937//4399
f 2948//4887 2922//4887 2924//4887
f 2948//4467 2924//4467 2909//4467
f 2948//4883 2946//4883 2922//4883
f 2948//4888 2909//4888 2947//4888
f 2948//4464 2942//4464 2946//4464
f 2948//4464 2947//4464 2942//4464
f 2949//4412 2933//4412 2950//4412
f 2934//4889 2933//4889 2949//4889
f 2951//4890 2934//4890 2949//4890
f 2936//4891 2951//4891 2952//4891
f 2936//4892 2934//4892 2951//4892
f 2953//4893 2936//4893 2952//4893
f 2940//4453 2936//4453 2953//4453
f 2954//4894 2940//4894 2953//4894
f 2941//4895 2954//4895 2955//4895
f 2941//4896 2940//4896 2954//4896
f 2956//4897 2957//4897 2958//4897
f 2959//4898 2957//4898 2960//4898
f 2961//4899 2957//4899 2959//4899
f 2958//4900 2957//4901 2961//4901
f 2960//4902 2957//4902 2962//4902
f 2957//4903 2963//4903 2962//4903
f 2964//4575 2965//4575 2956//4904
f 2957//4905 2965//4905 2963//4905
f 2956//4906 2965//4907 2957//4906
f 2955//4908 2966//4909 2964//4910
f 2962//4911 2966//4911 2967//4911
f 2964//4912 2966//4913 2965//4914
f 2965//4915 2966//4915 2963//4915
f 2963//4916 2966//4916 2962//4916
f 2966//4917 2968//4917 2967//4917
f 2954//4918 2969//4918 2955//4918
f 2955//4919 2969//4919 2966//4919
f 2966//4920 2969//4920 2968//4920
f 2952//4921 2970//4922 2953//4922
f 2953//4923 2970//4923 2954//4923
f 2967//4924 2970//4924 2971//4924
f 2971//4925 2970//4925 2972//4925
f 2972//4926 2970//4926 2973//4926
f 2973//4927 2970//4927 2952//4928
f 2968//4929 2970//4929 2967//4929
f 2954//4930 2970//4930 2969//4930
f 2969//4931 2970//4931 2968//4931
f 2964//4932 2941//4932 2955//4932
f 2974//4933 2941//4933 2964//4933
f 2956//4934 2974//4934 2964//4934
f 2975//4935 2956//4935 2958//4935
f 2975//4936 2974//4936 2956//4936
f 2976//4937 2975//4937 2958//4937
f 2977//4408 2975//4408 2976//4408
f 2978//4938 2977//4938 2976//4938
f 2933//4410 2978//4410 2950//4410
f 2933//4939 2977//4939 2978//4939
f 2979//4470 2941//4470 2974//4470
f 2980//4469 2974//4469 2975//4469
f 2980//4469 2979//4469 2974//4469
f 2981//4470 2922//4470 2941//4470
f 2981//4940 2941//4940 2979//4940
f 2982//4393 2977//4393 2933//4393
f 2982//4391 2975//4391 2977//4391
f 2982//4391 2980//4391 2975//4391
f 2983//4465 2979//4465 2980//4465
f 2983//4465 2981//4465 2979//4465
f 2984//4476 2915//4476 2919//4476
f 2984//4941 2919//4941 2922//4941
f 2984//4469 2981//4469 2983//4469
f 2984//4470 2922//4470 2981//4470
f 2985//4393 2933//4393 2938//4393
f 2985//4391 2980//4391 2982//4391
f 2985//4391 2983//4391 2980//4391
f 2985//4392 2982//4392 2933//4392
f 2986//4942 2987//4942 2914//4942
f 2986//4943 2914//4943 2915//4943
f 2986//4465 2984//4465 2983//4465
f 2986//4944 2915//4944 2984//4944
f 2988//4945 2938//4945 2989//4945
f 2988//4946 2989//4946 2987//4946
f 2988//4947 2987//4947 2986//4947
f 2988//4392 2985//4392 2938//4392
f 2988//4391 2983//4391 2985//4391
f 2988//4391 2986//4391 2983//4391
f 2987//4948 2912//4948 2914//4948
f 2910//4949 2990//4950 2911//4951
f 2911//4952 2990//4953 2944//4954
f 2878//4955 2991//4955 2876//4955
f 2931//4956 2991//4957 2910//4958
f 2876//4959 2991//4959 2931//4959
f 2910//4960 2991//4961 2990//4962
f 2944//4963 2992//4963 2945//4963
f 2990//4375 2992//4375 2944//4375
f 2878//4964 2992//4964 2991//4964
f 2991//4965 2992//4965 2990//4965
f 2992//4966 2993//4966 2945//4966
f 2883//4967 2994//4967 2878//4967
f 2992//4968 2994//4968 2993//4968
f 2878//4969 2994//4969 2992//4969
f 2938//4970 2995//4971 2989//4972
f 2945//4973 2995//4973 2938//4973
f 2993//4974 2995//4974 2945//4974
f 2883//4975 2996//4975 2994//4975
f 2994//4976 2996//4977 2993//4978
f 2993//4979 2996//4980 2995//4981
f 2995//4982 2997//4983 2989//4984
f 2887//4985 2998//4985 2883//4985
f 2883//4986 2998//4986 2996//4986
f 2995//4987 2998//4988 2997//4989
f 2996//4990 2998//4991 2995//4992
f 2989//4993 2999//4993 2987//4993
f 2887//4994 2999//4994 2998//4994
f 2997//4995 2999//4995 2989//4995
f 2998//4996 2999//4996 2997//4996
f 2912//4997 3000//4998 2917//4999
f 2987//5000 3000//5000 2912//5000
f 2999//5001 3000//5001 2987//5001
f 2917//5002 3001//5002 2891//5002
f 2891//5003 3001//5003 2887//5003
f 3000//5004 3001//5005 2917//5006
f 2887//5007 3001//5007 2999//5007
f 2999//5008 3001//5008 3000//5008
f 2951//5009 3002//5009 2952//5009
f 2972//5010 3002//5010 2971//5010
f 2973//5011 3002//5011 2972//5011
f 2952//5012 3002//5012 2973//5012
f 2971//5013 3002//5013 3003//5013
f 3002//5014 3004//5014 3003//5014
f 2950//5015 3005//5015 2949//5015
f 2949//5016 3005//5016 2951//5016
f 2951//5017 3005//5017 3002//5017
f 3002//5018 3005//5018 3004//5018
f 3003//5019 3006//5019 3007//5019
f 3005//5020 3006//5020 3004//5020
f 2950//5021 3006//5021 3005//5021
f 3004//5022 3006//5022 3003//5022
f 3006//5023 3008//5023 3007//5023
f 2978//5024 3009//5024 2950//5025
f 3006//5026 3009//5026 3008//5026
f 2950//5027 3009//5028 3006//5029
f 3007//5030 3010//5030 2960//5030
f 2960//5031 3010//5031 2959//5031
f 2959//5032 3010//5032 2961//5032
f 2961//5033 3010//5033 2958//5033
f 2958//4558 3010//4558 2976//4558
f 2976//5034 3010//5035 2978//5036
f 2978//5037 3010//5038 3009//5039
f 3008//5040 3010//5040 3007//5040
f 3009//5041 3010//5041 3008//5041
f 3011//5042 3012//5042 3013//5042
f 3013//4685 3012//4685 3014//4685
f 3003//5043 3015//5043 2971//5043
f 3016//5044 3015//5044 3011//5044
f 2971//5045 3015//5045 3016//5045
f 3011//5046 3015//5046 3012//5046
f 3014//5047 3017//5047 3018//5047
f 3012//5048 3017//5048 3014//5048
f 3003//5049 3019//5049 3015//5049
f 3012//5050 3019//5050 3017//5050
f 3015//5051 3019//5051 3012//5051
f 3018//5052 3020//5053 3021//5054
f 3017//5055 3020//5056 3018//5057
f 3007//5058 3022//5058 3003//5058
f 3019//5059 3022//5060 3017//5061
f 3017//5062 3022//5063 3020//4703
f 3003//5064 3022//5064 3019//5064
f 3021//5065 3023//5065 3024//5065
f 3020//5066 3023//5066 3021//5066
f 3022//5067 3025//5067 3020//5067
f 3007//5068 3025//5068 3022//5068
f 3020//5069 3025//5069 3023//5069
f 3024//5070 3026//5071 3027//5072
f 3027//5073 3026//5073 3028//5073
f 3028//5074 3026//5074 3029//5074
f 3023//5075 3026//5076 3024//5075
f 3029//5077 3030//5078 3031//5077
f 3031//5079 3030//5079 2960//5079
f 2960//5080 3030//5080 3007//5080
f 3026//5081 3030//5082 3029//5081
f 3007//5083 3030//5083 3025//5083
f 3025//5084 3030//5084 3023//5084
f 3023//5085 3030//5085 3026//5085
f 3032//674 3021//674 3024//674
f 3033//675 3024//675 3027//675
f 3033//677 3027//677 3028//677
f 3033//5086 3032//5086 3024//5086
f 3034//702 3028//702 3035//702
f 3034//889 3035//889 3036//889
f 3034//5087 3033//5087 3028//5087
f 3037//892 3036//892 3038//892
f 3037//5088 3034//5088 3036//5088
f 3034//5089 3037//5089 3039//5089
f 3034//5090 3039//5090 3040//5090
f 3033//5091 3040//5091 3041//5091
f 3033//5091 3034//5091 3040//5091
f 3032//5092 3041//5092 3042//5092
f 3032//5092 3033//5092 3041//5092
f 3040//396 3042//396 3041//396
f 3040//396 3039//396 3043//396
f 3040//397 3043//397 3044//397
f 3040//397 3044//397 3042//397
f 3045//5093 3032//5093 3042//5093
f 3045//5094 3042//5094 3044//5094
f 3046//5095 3044//5095 3043//5095
f 3046//5096 3045//5096 3044//5096
f 3037//5097 3043//5097 3039//5097
f 3037//5098 3046//5098 3043//5098
f 3037//693 3038//693 3047//693
f 3046//689 3047//689 3048//689
f 3046//826 3048//826 3013//826
f 3046//5099 3037//5099 3047//5099
f 3045//679 3013//679 3014//679
f 3045//681 3014//681 3018//681
f 3045//5100 3046//5100 3013//5100
f 3032//682 3018//682 3021//682
f 3032//5101 3045//5101 3018//5101
f 3029//5102 3049//5102 3028//5103
f 3028//5104 3049//5105 3035//5105
f 2962//5106 3050//5106 2960//5106
f 3031//4613 3050//4613 3029//4613
f 2960//5107 3050//5107 3031//5107
f 3029//5108 3050//5108 3049//5108
f 3035//5109 3051//5110 3036//5109
f 3036//5111 3051//5111 3038//5111
f 3049//5112 3051//5112 3035//5112
f 2962//5113 3052//5113 3050//5113
f 3049//5114 3052//5114 3051//5114
f 3050//5115 3052//5115 3049//5115
f 3051//5116 3053//5117 3038//5117
f 2967//5118 3054//5118 2962//5118
f 3052//5119 3054//5119 3051//5119
f 3051//5120 3054//5120 3053//5120
f 2962//5121 3054//5121 3052//5121
f 3038//5122 3055//5123 3047//5124
f 3047//4672 3055//5125 3048//5126
f 3053//5127 3055//5127 3038//5128
f 2967//5129 3056//5129 3054//5129
f 3053//5130 3056//5131 3055//5132
f 3054//5133 3056//5134 3053//5135
f 3048//5136 3057//5136 3013//5136
f 3013//5136 3057//5136 3011//5136
f 3055//5137 3057//5138 3048//5139
f 3011//5140 3058//5140 3016//5140
f 3016//5141 3058//5141 2971//5141
f 2971//5142 3058//5142 2967//5142
f 2967//5143 3058//5143 3056//5143
f 3057//5144 3058//5144 3011//5144
f 3056//5145 3058//5146 3055//5147
f 3055//5148 3058//5149 3057//5150
f 3059//1352 668//1352 3060//1352
f 674//1352 668//1352 3059//1352
f 3060//1353 667//1353 3061//1353
f 668//1353 667//1353 3060//1353
f 3061//1365 663//1365 3062//1365
f 667//1365 663//1365 3061//1365
f 3062//1356 655//1356 3063//1356
f 663//1356 655//1356 3062//1356
f 3064//5151 3065//5152 3066//5153
f 3067//5154 3068//5155 3069//5156
f 3069//5157 3068//5158 3070//5159
f 3060//5160 3071//5161 3059//5162
f 3061//5163 3071//5164 3060//5165
f 3072//5166 3071//5167 3067//5168
f 3059//5169 3071//5170 3072//5171
f 3067//5172 3071//5173 3068//5174
f 3070//5175 3073//5176 3074//5177
f 3068//5178 3073//5179 3070//5180
f 3062//5181 3075//5182 3061//5183
f 3071//5184 3075//5185 3068//5186
f 3068//5187 3075//5188 3073//5189
f 3061//5190 3075//5191 3071//5192
f 3074//5193 3076//5194 3064//5195
f 3073//5196 3076//5197 3074//5198
f 3064//5199 3076//5200 3065//5201
f 3063//5202 3077//5203 3062//5204
f 3065//5205 3077//5206 3078//5207
f 3078//5208 3077//5209 3063//5209
f 3076//5210 3077//5211 3065//5212
f 3062//5213 3077//5214 3075//5215
f 3075//5216 3077//5217 3073//5218
f 3073//5219 3077//5220 3076//5221
f 3079//5222 3080//5223 3063//5224
f 3065//5225 3080//5225 3066//5225
f 3078//5226 3080//5226 3065//5226
f 3063//5227 3080//5228 3078//5229
f 3066//5230 3080//5230 3081//5230
f 3080//5231 3082//5231 3081//5231
f 3083//5232 3084//5232 3079//5232
f 3080//5233 3084//5234 3082//5234
f 3079//5235 3084//5235 3080//5235
f 3081//5236 3085//5236 3086//5236
f 3082//5237 3085//5237 3081//5237
f 3083//5238 3085//5238 3084//5238
f 3084//5239 3085//5239 3082//5239
f 3085//5240 3087//5240 3086//5240
f 3088//4283 3089//5241 3083//5242
f 3083//4286 3089//5243 3085//5244
f 3085//5245 3089//5245 3087//5245
f 3090//5246 3091//5247 3088//5248
f 3086//5249 3091//5249 3092//5249
f 3089//5250 3091//5250 3087//5250
f 3087//5251 3091//5251 3086//5251
f 3088//5252 3091//5253 3089//5254
f 3091//5255 3093//5255 3092//5255
f 3094//5256 3095//5256 3090//5256
f 3090//5257 3095//5257 3091//5257
f 3091//5258 3095//5259 3093//5258
f 3059//5260 3096//5261 3094//5262
f 3092//5263 3096//5263 3069//5263
f 3069//5264 3096//5264 3067//5264
f 3067//5265 3096//5265 3072//5265
f 3072//5266 3096//5267 3059//5268
f 3094//5269 3096//5269 3095//5269
f 3093//5270 3096//5270 3092//5270
f 3095//5271 3096//5271 3093//5271
f 3063//1402 655//1402 3079//1402
f 3079//4762 650//4762 3083//4762
f 655//4763 650//4763 3079//4763
f 3083//677 656//677 3088//677
f 3088//887 656//887 3090//887
f 650//4317 656//4317 3083//4317
f 3090//4318 662//4318 3094//4318
f 656//4319 662//4319 3090//4319
f 3094//892 674//892 3059//892
f 662//5272 674//5272 3094//5272
f 3097//5273 3098//5274 3099//5275
f 3100//5276 3101//5277 3102//5278
f 3102//5279 3101//5280 3103//5281
f 3081//5282 3104//5282 3066//5282
f 3105//5283 3104//5284 3100//5285
f 3066//5286 3104//5286 3105//5286
f 3100//5287 3104//5288 3101//5289
f 3103//5290 3106//5290 3107//5290
f 3101//5291 3106//5291 3103//5291
f 3081//5292 3106//5292 3104//5292
f 3104//4866 3106//4866 3101//4866
f 3106//5293 3108//5293 3107//5293
f 3086//5294 3109//5294 3081//5294
f 3106//5295 3109//5295 3108//5295
f 3081//5296 3109//5297 3106//5296
f 3107//5298 3110//5298 3111//5298
f 3108//5299 3110//5299 3107//5299
f 3086//5300 3112//5300 3109//5300
f 3109//5301 3112//5302 3108//5303
f 3108//5304 3112//5305 3110//5306
f 3111//5307 3113//5308 3114//4347
f 3110//5309 3113//5310 3111//5311
f 3092//5312 3115//5312 3086//5312
f 3110//5313 3115//5314 3113//5315
f 3086//5316 3115//5316 3112//5316
f 3112//5317 3115//5318 3110//5319
f 3114//5320 3116//5320 3097//5320
f 3113//5321 3116//5321 3114//5321
f 3092//5322 3116//5322 3115//5322
f 3115//5323 3116//5323 3113//5323
f 3116//5324 3117//5324 3097//5324
f 3097//5325 3117//5326 3098//5327
f 3098//5328 3118//5328 3119//5328
f 3119//5329 3118//5329 3069//5329
f 3069//5330 3118//5330 3092//5330
f 3117//5331 3118//5331 3098//5331
f 3092//5332 3118//5332 3116//5332
f 3116//5333 3118//5333 3117//5333
f 3120//4391 3121//4391 3122//4391
f 3123//4393 3122//4393 3124//4393
f 3123//4392 3120//4392 3122//4392
f 3125//4391 3126//4391 3121//4391
f 3125//4391 3121//4391 3120//4391
f 3127//4394 3128//4394 3129//4394
f 3127//4395 3124//4395 3128//4395
f 3127//4395 3123//4395 3124//4395
f 3130//4392 3120//4392 3123//4392
f 3130//4392 3125//4392 3120//4392
f 3131//4397 3132//4397 3133//4397
f 3131//5334 3133//5334 3126//5334
f 3131//5335 3126//5335 3125//5335
f 3134//4394 3129//4394 3111//4394
f 3134//4395 3123//4395 3127//4395
f 3134//4395 3130//4395 3123//4395
f 3134//5336 3127//5336 3129//5336
f 3135//5337 3097//5337 3099//5337
f 3135//4402 3099//4402 3132//4402
f 3135//4393 3125//4393 3130//4393
f 3135//5338 3132//5338 3131//5338
f 3135//4393 3131//4393 3125//4393
f 3135//4882 3130//4882 3134//4882
f 3136//4404 3111//4404 3114//4404
f 3136//5339 3114//5339 3097//5339
f 3136//5340 3097//5340 3135//5340
f 3136//4399 3134//4399 3111//4399
f 3136//4395 3135//4395 3134//4395
f 3137//5341 3121//5341 3138//5341
f 3122//5342 3121//5342 3137//5342
f 3139//5343 3122//5343 3137//5343
f 3124//5344 3139//5344 3140//5344
f 3124//5345 3122//5345 3139//5345
f 3141//5346 3124//5346 3140//5346
f 3128//5347 3124//5347 3141//5347
f 3142//5348 3128//5348 3141//5348
f 3129//5349 3142//5349 3143//5349
f 3129//5350 3128//5350 3142//5350
f 3144//5351 3145//5351 3146//5351
f 3147//5352 3145//5352 3148//5352
f 3149//5353 3145//5353 3147//5353
f 3146//5354 3145//5354 3149//5354
f 3148//5355 3145//5355 3150//5355
f 3145//5356 3151//5356 3150//5356
f 3152//5357 3153//5358 3144//5359
f 3145//5360 3153//5360 3151//5360
f 3144//5361 3153//5362 3145//5363
f 3143//5364 3154//5364 3152//5364
f 3150//5365 3154//5365 3155//5365
f 3152//5366 3154//5366 3153//5366
f 3153//5367 3154//5367 3151//5367
f 3151//4438 3154//4438 3150//4438
f 3154//5368 3156//5368 3155//5368
f 3142//5369 3157//5369 3143//5369
f 3143//4441 3157//4441 3154//4441
f 3154//5370 3157//5370 3156//5370
f 3140//4448 3158//4448 3141//4448
f 3141//5371 3158//5371 3142//5371
f 3155//5372 3158//5372 3159//5372
f 3159//5373 3158//5373 3160//5373
f 3160//5374 3158//5374 3161//5374
f 3161//5375 3158//5375 3140//5375
f 3156//5376 3158//5376 3155//5376
f 3142//5377 3158//5377 3157//5377
f 3157//5378 3158//5378 3156//5378
f 3152//5379 3129//5379 3143//5379
f 3162//5380 3129//5380 3152//5380
f 3144//5381 3162//5381 3152//5381
f 3163//5382 3144//5382 3146//5382
f 3163//5383 3162//5383 3144//5383
f 3164//5384 3163//5384 3146//5384
f 3165//5385 3163//5385 3164//5385
f 3166//5386 3165//5386 3164//5386
f 3121//5387 3166//5387 3138//5387
f 3121//5388 3165//5388 3166//5388
f 3167//4464 3129//4464 3162//4464
f 3168//4463 3162//4463 3163//4463
f 3168//4463 3167//4463 3162//4463
f 3169//4464 3111//4464 3129//4464
f 3169//4464 3129//4464 3167//4464
f 3170//4465 3165//4465 3121//4465
f 3170//4470 3163//4470 3165//4470
f 3170//4470 3168//4470 3163//4470
f 3171//5389 3167//5389 3168//5389
f 3171//4463 3169//4463 3167//4463
f 3172//4467 3103//4467 3107//4467
f 3172//4468 3107//4468 3111//4468
f 3172//4463 3169//4463 3171//4463
f 3172//4464 3111//4464 3169//4464
f 3173//4469 3121//4469 3126//4469
f 3173//4470 3168//4470 3170//4470
f 3173//4471 3171//4471 3168//4471
f 3173//4465 3170//4465 3121//4465
f 3174//4472 3175//4472 3102//4472
f 3174//4473 3102//4473 3103//4473
f 3174//4463 3172//4463 3171//4463
f 3174//5390 3103//5390 3172//5390
f 3176//4475 3126//4475 3177//4475
f 3176//5391 3177//5391 3175//5391
f 3176//4477 3175//4477 3174//4477
f 3176//4465 3173//4465 3126//4465
f 3176//4466 3171//4466 3173//4466
f 3176//4470 3174//4470 3171//4470
f 3175//5392 3100//5393 3102//5394
f 3098//5395 3178//5395 3099//5395
f 3099//5396 3178//5396 3132//5396
f 3070//5397 3179//5397 3069//5397
f 3119//5398 3179//5399 3098//5400
f 3069//5401 3179//5401 3119//5401
f 3098//5402 3179//5403 3178//5404
f 3132//5405 3180//5405 3133//5405
f 3178//5406 3180//5406 3132//5406
f 3070//5407 3180//5407 3179//5407
f 3179//5408 3180//5408 3178//5408
f 3180//5409 3181//5409 3133//5409
f 3074//5410 3182//5410 3070//5410
f 3180//5411 3182//5411 3181//5411
f 3070//5412 3182//5412 3180//5412
f 3133//5413 3183//5414 3126//5415
f 3181//5416 3183//5417 3133//5418
f 3182//5419 3183//5419 3181//5419
f 3074//5420 3184//5420 3182//5420
f 3182//5421 3184//5421 3183//5421
f 3126//5422 3185//4517 3177//5423
f 3183//5424 3185//5425 3126//5426
f 3064//5427 3186//5427 3074//5427
f 3074//5428 3186//5428 3184//5428
f 3184//5429 3186//5430 3183//5431
f 3183//5432 3186//5433 3185//5434
f 3177//5435 3187//5435 3175//5435
f 3064//5436 3187//5436 3186//5436
f 3186//5437 3187//5437 3185//5437
f 3185//5438 3187//5438 3177//5438
f 3187//5439 3188//5439 3175//5439
f 3175//5440 3188//5441 3100//5442
f 3100//5443 3189//5444 3105//5445
f 3105//5446 3189//5446 3066//5446
f 3066//5447 3189//5447 3064//5447
f 3188//5448 3189//5449 3100//5450
f 3064//4541 3189//4541 3187//4541
f 3187//5451 3189//5451 3188//5451
f 3139//5452 3190//5452 3140//5452
f 3160//5453 3190//5453 3159//5453
f 3161//5454 3190//5454 3160//5454
f 3140//5455 3190//5455 3161//5455
f 3159//5456 3190//5456 3191//5456
f 3190//5457 3192//5457 3191//5457
f 3138//4557 3193//4557 3137//4557
f 3137//5458 3193//5458 3139//5459
f 3139//5460 3193//5461 3190//5462
f 3190//5463 3193//5463 3192//5463
f 3191//5464 3194//5464 3195//5464
f 3193//5465 3194//5465 3192//5465
f 3138//5466 3194//5466 3193//5466
f 3192//5467 3194//5467 3191//5467
f 3194//5468 3196//5468 3195//5468
f 3166//5469 3197//5470 3138//5471
f 3194//5472 3197//5472 3196//5472
f 3138//5473 3197//5474 3194//5475
f 3195//5476 3198//5476 3148//5476
f 3148//5477 3198//5477 3147//5477
f 3147//5478 3198//5478 3149//5478
f 3149//5479 3198//5480 3146//5481
f 3146//5482 3198//4572 3164//5483
f 3164//5484 3198//5484 3166//5484
f 3166//5484 3198//5484 3197//5484
f 3196//5485 3198//5485 3195//5485
f 3197//5486 3198//5486 3196//5486
f 3199//5487 3200//5488 3201//5487
f 3201//5489 3200//5490 3202//5491
f 3191//5492 3203//5492 3159//5492
f 3204//5493 3203//5494 3199//5495
f 3159//5496 3203//5496 3204//5496
f 3199//5497 3203//5498 3200//5499
f 3202//5500 3205//5500 3206//5500
f 3200//5501 3205//5501 3202//5501
f 3191//5502 3207//5502 3203//5502
f 3200//5503 3207//5503 3205//5503
f 3203//5504 3207//5504 3200//5504
f 3206//5505 3208//5505 3209//5505
f 3205//5506 3208//5506 3206//5506
f 3195//5507 3210//5507 3191//5507
f 3207//5508 3210//5508 3205//5508
f 3205//5509 3210//5509 3208//5509
f 3191//5510 3210//5510 3207//5510
f 3209//5511 3211//5511 3212//5511
f 3210//5512 3211//5512 3208//5512
f 3208//5511 3211//5511 3209//5511
f 3195//5513 3213//5513 3210//5513
f 3210//5514 3213//5514 3211//5514
f 3212//5515 3214//5515 3215//5515
f 3215//5117 3214//5117 3216//5117
f 3216//5117 3214//5117 3217//5117
f 3211//5516 3214//5516 3212//5516
f 3217//5517 3218//5518 3219//4629
f 3219//5519 3218//5519 3148//5519
f 3148//5520 3218//5520 3195//5520
f 3195//5521 3218//5521 3213//5521
f 3214//5522 3218//5523 3217//5524
f 3213//5525 3218//5525 3211//5525
f 3211//5526 3218//5526 3214//5526
f 3220//888 3209//888 3212//888
f 3221//890 3212//890 3215//890
f 3221//891 3215//891 3216//891
f 3221//5527 3220//5527 3212//5527
f 3222//693 3216//693 3223//693
f 3222//689 3223//689 3224//689
f 3222//4640 3221//4640 3216//4640
f 3225//975 3224//975 3226//975
f 3225//4641 3222//4641 3224//4641
f 3222//5528 3225//5528 3227//5528
f 3222//5529 3227//5529 3228//5529
f 3221//5530 3228//5530 3229//5530
f 3221//5530 3222//5530 3228//5530
f 3220//5531 3229//5531 3230//5531
f 3220//5532 3221//5532 3229//5532
f 3229//398 3231//398 3230//398
f 3228//509 3227//509 3232//509
f 3228//397 3232//397 3231//397
f 3228//396 3231//396 3229//396
f 3233//5533 3220//5533 3230//5533
f 3233//5534 3230//5534 3231//5534
f 3234//5535 3231//5535 3232//5535
f 3234//4649 3233//4649 3231//4649
f 3225//5536 3232//5536 3227//5536
f 3225//4651 3234//4651 3232//4651
f 3225//680 3226//680 3235//680
f 3234//1411 3235//1411 3236//1411
f 3234//682 3236//682 3201//682
f 3234//4652 3225//4652 3235//4652
f 3233//674 3201//674 3202//674
f 3233//675 3202//675 3206//675
f 3233//5537 3234//5537 3201//5537
f 3220//677 3206//677 3209//677
f 3220//4654 3233//4654 3206//4654
f 3217//5538 3237//5538 3216//5538
f 3216//5539 3237//5539 3223//5539
f 3150//5540 3238//5540 3148//5540
f 3219//5133 3238//5541 3217//5542
f 3148//5543 3238//5543 3219//5543
f 3217//5544 3238//5545 3237//5546
f 3223//5547 3239//5548 3224//4670
f 3237//5549 3239//5550 3223//5551
f 3150//5552 3240//5552 3238//5552
f 3237//5553 3240//5554 3239//5555
f 3238//5556 3240//5557 3237//5558
f 3224//5559 3241//5560 3226//5560
f 3239//5561 3241//5562 3224//5563
f 3240//5564 3241//5564 3239//5564
f 3155//5565 3242//5565 3150//5565
f 3240//5566 3242//5566 3241//5566
f 3150//5567 3242//5567 3240//5567
f 3226//5568 3243//5569 3235//5570
f 3235//5571 3243//5572 3236//5573
f 3241//4684 3243//5574 3226//4684
f 3155//5575 3244//5575 3242//5575
f 3241//5576 3244//5576 3243//5576
f 3242//5577 3244//5577 3241//5577
f 3236//5578 3245//5578 3201//5578
f 3201//5579 3245//5579 3199//5579
f 3243//5580 3245//5581 3236//5581
f 3199//5582 3246//5582 3204//5582
f 3204//5583 3246//5583 3159//5583
f 3159//5584 3246//5584 3155//5584
f 3155//5585 3246//5585 3244//5585
f 3245//5586 3246//5586 3199//5586
f 3244//5587 3246//5588 3243//5589
f 3243//5050 3246//5590 3245//5591
f 3247//1352 707//1352 3248//1352
f 703//1352 707//1352 3247//1352
f 3248//1353 706//1353 3249//1353
f 707//1353 706//1353 3248//1353
f 3249//1365 699//1365 3250//1365
f 706//5592 699//5592 3249//5592
f 3250//1356 696//1356 3251//1356
f 699//1356 696//1356 3250//1356
f 3252//5593 3253//5594 3254//5595
f 3255//5596 3256//5597 3257//5598
f 3257//5599 3256//5600 3258//5601
f 3248//5602 3259//5603 3247//5604
f 3249//5605 3259//5606 3248//5607
f 3260//5608 3259//5609 3255//5610
f 3247//5611 3259//5612 3260//5613
f 3255//5614 3259//5615 3256//5616
f 3258//5617 3261//5618 3262//5619
f 3256//5620 3261//5621 3258//5622
f 3259//5623 3263//5623 3256//5623
f 3256//5624 3263//5624 3261//5624
f 3249//5625 3263//5626 3259//5627
f 3262//5628 3264//5629 3252//5630
f 3261//5196 3264//5631 3262//5632
f 3252//5633 3264//5634 3253//5635
f 3250//5636 3265//5637 3249//5638
f 3251//5639 3265//5640 3250//5641
f 3253//5642 3265//5643 3266//5644
f 3266//5645 3265//5646 3251//5647
f 3264//5648 3265//5649 3253//5650
f 3249//5651 3265//5652 3263//5653
f 3263//5654 3265//5655 3261//5656
f 3261//5657 3265//5658 3264//5659
f 3267//5660 3268//5661 3251//5662
f 3253//5663 3268//5663 3254//5663
f 3266//5664 3268//5664 3253//5664
f 3251//5665 3268//5666 3266//5667
f 3254//5668 3268//5668 3269//5668
f 3268//5669 3270//5669 3269//5669
f 3271//5670 3272//5670 3267//5670
f 3268//5671 3272//5671 3270//5671
f 3267//5672 3272//5672 3268//5672
f 3269//5673 3273//5673 3274//5673
f 3270//5674 3273//5674 3269//5674
f 3271//5675 3273//5675 3272//5675
f 3272//5676 3273//5676 3270//5676
f 3273//5677 3275//5677 3274//5677
f 3276//5678 3277//5679 3271//5680
f 3271//5681 3277//5682 3273//5244
f 3273//5683 3277//5683 3275//5683
f 3278//5684 3279//5685 3276//5686
f 3274//4293 3279//4293 3280//4293
f 3277//5687 3279//5687 3275//5687
f 3275//5688 3279//5688 3274//5688
f 3276//5689 3279//5690 3277//5691
f 3279//5692 3281//5692 3280//5692
f 3282//5693 3283//5693 3278//5693
f 3278//5694 3283//5694 3279//5694
f 3279//5695 3283//5695 3281//5695
f 3247//5696 3284//4731 3282//5697
f 3280//5698 3284//5698 3257//5698
f 3257//5699 3284//5699 3255//5699
f 3255//5700 3284//5700 3260//5700
f 3260//5701 3284//5702 3247//5703
f 3282//5704 3284//5704 3283//5704
f 3281//5705 3284//5705 3280//5705
f 3283//4728 3284//4728 3281//4728
f 3251//1402 696//1402 3267//1402
f 3267//4315 692//4315 3271//4315
f 696//4316 692//4316 3267//4316
f 3271//677 693//677 3276//677
f 3276//887 693//887 3278//887
f 692//4317 693//4317 3271//4317
f 3278//4318 697//4318 3282//4318
f 693//4319 697//4319 3278//4319
f 3282//892 703//892 3247//892
f 697//5706 703//5706 3282//5706
f 3285//5707 3286//5708 3287//5709
f 3288//5710 3289//5711 3290//5712
f 3290//5713 3289//5714 3291//5715
f 3269//5716 3292//5716 3254//5716
f 3293//5717 3292//5718 3288//5719
f 3254//5286 3292//5286 3293//5286
f 3288//5720 3292//5721 3289//5722
f 3291//5723 3294//5723 3295//5723
f 3289//4865 3294//4865 3291//4865
f 3269//5724 3294//5724 3292//5724
f 3292//5725 3294//5725 3289//5725
f 3294//5726 3296//5726 3295//5726
f 3274//5727 3297//5727 3269//5727
f 3294//5728 3297//5728 3296//5728
f 3269//4877 3297//4877 3294//4877
f 3298//5729 3299//5730 3300//5731
f 3295//4867 3299//5732 3298//5733
f 3296//5734 3299//5735 3295//5736
f 3274//5737 3301//5737 3297//5737
f 3297//5738 3301//5739 3296//5740
f 3296//5741 3301//5742 3299//5743
f 3299//5744 3302//5745 3300//5746
f 3280//5747 3303//5747 3274//5747
f 3274//5748 3303//5748 3301//5748
f 3299//5749 3303//5750 3302//5751
f 3301//5752 3303//5753 3299//5754
f 3300//5755 3304//5755 3285//5755
f 3280//4964 3304//4964 3303//4964
f 3302//5321 3304//5321 3300//5321
f 3303//5756 3304//5756 3302//5756
f 3285//5757 3305//5758 3286//5759
f 3304//5760 3305//5760 3285//5760
f 3286//5761 3306//5761 3307//5761
f 3307//5762 3306//5762 3257//5762
f 3257//5763 3306//5763 3280//5763
f 3305//5764 3306//5764 3286//5764
f 3280//5765 3306//5765 3304//5765
f 3304//5766 3306//5766 3305//5766
f 3308//4391 3309//4391 3310//4391
f 3311//4393 3310//4393 3312//4393
f 3311//4392 3308//4392 3310//4392
f 3313//4391 3314//4391 3309//4391
f 3313//4391 3309//4391 3308//4391
f 3315//4399 3316//4399 3317//4399
f 3315//4879 3312//4879 3316//4879
f 3315//4395 3311//4395 3312//4395
f 3318//4393 3308//4393 3311//4393
f 3318//4393 3313//4393 3308//4393
f 3319//4946 3320//4946 3321//4946
f 3319//5334 3321//5334 3314//5334
f 3319//4391 3314//4391 3313//4391
f 3322//4399 3317//4399 3298//4399
f 3322//4395 3311//4395 3315//4395
f 3322//4396 3318//4396 3311//4396
f 3322//5336 3315//5336 3317//5336
f 3323//5767 3285//5767 3287//5767
f 3323//5768 3287//5768 3320//5768
f 3323//4393 3313//4393 3318//4393
f 3323//5769 3320//5769 3319//5769
f 3323//4392 3319//4392 3313//4392
f 3324//5770 3298//5770 3300//5770
f 3324//5771 3300//5771 3285//5771
f 3324//4406 3285//4406 3323//4406
f 3324//4394 3322//4394 3298//4394
f 3324//4395 3318//4395 3322//4395
f 3324//4395 3323//4395 3318//4395
f 3325//5772 3309//5772 3326//5772
f 3310//5773 3309//5773 3325//5773
f 3327//5774 3310//5774 3325//5774
f 3312//5775 3327//5775 3328//5775
f 3312//5776 3310//5776 3327//5776
f 3329//5346 3312//5346 3328//5346
f 3316//5777 3312//5777 3329//5777
f 3330//5778 3316//5778 3329//5778
f 3317//5779 3330//5779 3331//5779
f 3317//4416 3316//4416 3330//4416
f 3332//5780 3333//5781 3334//5782
f 3335//5783 3333//5783 3336//5783
f 3337//5784 3333//5784 3335//5784
f 3334//5785 3333//5786 3337//5787
f 3336//5788 3333//5788 3338//5788
f 3333//5789 3339//5789 3338//5789
f 3331//5790 3340//5790 3341//5790
f 3341//5791 3340//5791 3332//5791
f 3333//5792 3340//5792 3339//5792
f 3332//5793 3340//5793 3333//5793
f 3338//4433 3342//4433 3343//4433
f 3340//5794 3342//5794 3339//5794
f 3339//5795 3342//5795 3338//5795
f 3331//4922 3342//4922 3340//4922
f 3342//5796 3344//5796 3343//5796
f 3330//5797 3345//5797 3331//5797
f 3342//4442 3345//4442 3344//4442
f 3331//5798 3345//5798 3342//5798
f 3328//5799 3346//5800 3329//5799
f 3329//5801 3346//5801 3330//5801
f 3343//5802 3346//5802 3347//5802
f 3347//5803 3346//5803 3348//5803
f 3348//5804 3346//5804 3349//5804
f 3349//5805 3346//4443 3328//5805
f 3344//5806 3346//5806 3343//5806
f 3345//4451 3346//4451 3344//4451
f 3330//5807 3346//5807 3345//5807
f 3341//5808 3317//5808 3331//5808
f 3350//5809 3317//5809 3341//5809
f 3332//5810 3350//5810 3341//5810
f 3351//5811 3332//5811 3334//5811
f 3351//5812 3350//5812 3332//5812
f 3352//5813 3351//5813 3334//5813
f 3353//5814 3351//5814 3352//5814
f 3354//4934 3353//4934 3352//4934
f 3309//5815 3354//5815 3326//5815
f 3309//5816 3353//5816 3354//5816
f 3355//4464 3317//4464 3350//4464
f 3356//4471 3351//4471 3353//4471
f 3356//4883 3350//4883 3351//4883
f 3356//4463 3355//4463 3350//4463
f 3357//4464 3298//4464 3317//4464
f 3357//4462 3317//4462 3355//4462
f 3358//5817 3353//5817 3309//5817
f 3358//5818 3356//5818 3353//5818
f 3359//4463 3355//4463 3356//4463
f 3359//5818 3356//5818 3358//5818
f 3359//4463 3357//4463 3355//4463
f 3360//5819 3291//5819 3295//5819
f 3360//4468 3295//4468 3298//4468
f 3360//4464 3298//4464 3357//4464
f 3361//4469 3309//4469 3314//4469
f 3361//4466 3359//4466 3358//4466
f 3361//4465 3358//4465 3309//4465
f 3362//5820 3363//5820 3290//5820
f 3362//4473 3290//4473 3291//4473
f 3362//4883 3357//4883 3359//4883
f 3362//4463 3360//4463 3357//4463
f 3362//5821 3291//5821 3360//5821
f 3364//5822 3314//5822 3365//5822
f 3364//4476 3365//4476 3363//4476
f 3364//5817 3361//5817 3314//5817
f 3364//4477 3363//4477 3362//4477
f 3364//4471 3359//4471 3361//4471
f 3364//4470 3362//4470 3359//4470
f 3363//5823 3288//5824 3290//5825
f 3286//5826 3366//5827 3287//5828
f 3287//5829 3366//5830 3320//5831
f 3258//5832 3367//5832 3257//5832
f 3307//5833 3367//5834 3286//5835
f 3257//5836 3367//5836 3307//5836
f 3286//5837 3367//5838 3366//5839
f 3320//5840 3368//5840 3321//5840
f 3366//5841 3368//5841 3320//5841
f 3258//5842 3368//5842 3367//5842
f 3367//5843 3368//5843 3366//5843
f 3368//5844 3369//5845 3321//5845
f 3262//5846 3370//5846 3258//5846
f 3368//5847 3370//5847 3369//5847
f 3258//5848 3370//5848 3368//5848
f 3321//5849 3371//5850 3314//5851
f 3369//5852 3371//5853 3321//5854
f 3262//5855 3372//5855 3370//5855
f 3370//5856 3372//5857 3369//5858
f 3369//5859 3372//5860 3371//5861
f 3314//5862 3373//5863 3365//5864
f 3371//5865 3373//5866 3314//5867
f 3252//5868 3374//5868 3262//5868
f 3371//5869 3374//5870 3373//5871
f 3262//5872 3374//5872 3372//5872
f 3372//5873 3374//5874 3371//5875
f 3365//5876 3375//5876 3363//5876
f 3373//5877 3375//5877 3365//5877
f 3252//5436 3375//5436 3374//5436
f 3374//5878 3375//5878 3373//5878
f 3288//5879 3376//5879 3293//5879
f 3375//5880 3376//5880 3363//5880
f 3363//5881 3376//5882 3288//5883
f 3293//5884 3377//5884 3254//5884
f 3254//5885 3377//5885 3252//5885
f 3376//5886 3377//5886 3293//5886
f 3252//5887 3377//5887 3375//5887
f 3375//5888 3377//5888 3376//5888
f 3327//5889 3378//5889 3328//5889
f 3348//5890 3378//5890 3347//5890
f 3349//5891 3378//5891 3348//5891
f 3328//5892 3378//5892 3349//5892
f 3347//4547 3378//4547 3379//4547
f 3378//5893 3380//5893 3379//5893
f 3325//5894 3381//5894 3327//5894
f 3327//5895 3381//5895 3378//5895
f 3378//5896 3381//5896 3380//5896
f 3326//5897 3382//5897 3325//5897
f 3379//5898 3382//5898 3383//5898
f 3325//5899 3382//5899 3381//5899
f 3381//5900 3382//5900 3380//5900
f 3380//5901 3382//5901 3379//5901
f 3382//5902 3384//5902 3383//5902
f 3354//5903 3385//5903 3326//5903
f 3326//5475 3385//5475 3382//5475
f 3382//5904 3385//5904 3384//5904
f 3383//5905 3386//5905 3336//5905
f 3336//5906 3386//5906 3335//5906
f 3335//5907 3386//5907 3337//5907
f 3337//5908 3386//5909 3334//5908
f 3334//5910 3386//5910 3352//5910
f 3352//5911 3386//5912 3354//5913
f 3384//5914 3386//5914 3383//5914
f 3354//5915 3386//5916 3385//5917
f 3385//5918 3386//5918 3384//5918
f 3387//5919 3388//5920 3389//5921
f 3389//5922 3388//5923 3390//5924
f 3379//4587 3391//4587 3347//4587
f 3392//5498 3391//5498 3387//5498
f 3347//5925 3391//5925 3392//5925
f 3387//5926 3391//5926 3388//5926
f 3390//5076 3393//5927 3394//5928
f 3388//5929 3393//5930 3390//5931
f 3379//5932 3395//5932 3391//5932
f 3388//5933 3395//5933 3393//5933
f 3391//5934 3395//5934 3388//5934
f 3394//5935 3396//5936 3397//5937
f 3393//4603 3396//5938 3394//5939
f 3383//5940 3398//5940 3379//5940
f 3395//5941 3398//5941 3393//5941
f 3393//5942 3398//5942 3396//5942
f 3379//5943 3398//5943 3395//5943
f 3397//5944 3399//5944 3400//5944
f 3396//5945 3399//5945 3397//5945
f 3398//4613 3401//4613 3396//4613
f 3383//5946 3401//5946 3398//5946
f 3396//5947 3401//5947 3399//5947
f 3400//5948 3402//5515 3403//5949
f 3403//5950 3402//5951 3404//5952
f 3404//5953 3402//5954 3405//5955
f 3399//5956 3402//5957 3400//5958
f 3405//5959 3406//5960 3407//5959
f 3407//5961 3406//5961 3336//5961
f 3336//5962 3406//5962 3383//5962
f 3402//5963 3406//5964 3405//5965
f 3383//5966 3406//5966 3401//5966
f 3401//5967 3406//5967 3399//5967
f 3399//5968 3406//5968 3402//5968
f 3408//888 3397//888 3400//888
f 3409//889 3400//889 3403//889
f 3409//892 3403//892 3404//892
f 3409//5527 3408//5527 3400//5527
f 3410//1409 3404//1409 3411//1409
f 3410//886 3411//886 3412//886
f 3410//4640 3409//4640 3404//4640
f 3413//826 3412//826 3414//826
f 3413//4641 3410//4641 3412//4641
f 3410//4643 3413//4643 3415//4643
f 3410//5529 3415//5529 3416//5529
f 3409//5969 3416//5969 3417//5969
f 3409//5970 3410//5970 3416//5970
f 3408//4645 3417//4645 3418//4645
f 3408//5971 3409//5971 3417//5971
f 3415//397 3419//397 3420//397
f 3415//398 3420//398 3418//398
f 3416//399 3418//399 3417//399
f 3416//396 3415//396 3418//396
f 3421//5972 3408//5972 3418//5972
f 3421//5973 3418//5973 3420//5973
f 3422//5974 3420//5974 3419//5974
f 3422//5975 3421//5975 3420//5975
f 3413//5976 3419//5976 3415//5976
f 3413//4651 3422//4651 3419//4651
f 3413//680 3414//680 3423//680
f 3422//1410 3423//1410 3424//1410
f 3422//682 3424//682 3389//682
f 3422//4652 3413//4652 3423//4652
f 3421//1402 3389//1402 3390//1402
f 3421//676 3390//676 3394//676
f 3421//5537 3422//5537 3389//5537
f 3408//677 3394//677 3397//677
f 3408//4654 3421//4654 3394//4654
f 3405//5977 3425//5977 3404//5977
f 3404//5978 3425//5978 3411//5978
f 3338//5979 3426//5979 3336//5979
f 3407//5980 3426//5981 3405//5980
f 3336//5982 3426//5982 3407//5982
f 3405//5983 3426//5984 3425//5985
f 3411//5986 3427//5987 3412//5988
f 3425//5989 3427//5550 3411//5990
f 3338//5991 3428//5991 3426//5991
f 3425//5992 3428//5993 3427//5994
f 3426//5995 3428//5996 3425//5149
f 3414//5997 3429//5997 3423//5997
f 3412//5998 3429//5998 3414//5998
f 3427//4678 3429//4678 3412//4678
f 3343//4680 3430//4680 3338//4680
f 3428//5999 3430//5999 3427//5999
f 3427//6000 3430//6000 3429//6000
f 3338//6001 3430//6001 3428//6001
f 3429//6002 3431//6002 3423//6002
f 3430//6003 3432//6003 3429//6004
f 3343//6005 3432//6005 3430//6005
f 3429//6006 3432//6007 3431//6007
f 3423//6008 3433//6008 3424//6008
f 3424//6009 3433//6010 3389//6011
f 3389//6012 3433//6013 3387//6014
f 3431//6015 3433//6015 3423//6015
f 3387//6016 3434//6016 3392//6016
f 3392//5583 3434//5583 3347//5583
f 3347//6017 3434//6017 3343//6017
f 3433//6018 3434//6018 3387//6018
f 3343//6019 3434//6019 3432//6019
f 3432//5050 3434//5050 3431//5050
f 3431//6020 3434//6020 3433//6020
f 3435//6021 3436//6021 3437//6021
f 3438//6022 3435//6022 3439//6022
f 3440//6023 3438//6023 3441//6023
f 3442//6024 3440//6024 3443//6024
f 3444//6025 3445//6025 3446//6025
f 3447//6026 3448//6026 3444//6026
f 3449//6027 3450//6027 3447//6027
f 3451//6028 3450//6028 3449//6028
f 3452//6029 3450//6029 3451//6029
f 3453//6030 3450//6030 3452//6030
f 3454//6031 3455//6031 3439//6031
f 3454//6032 3456//6032 3455//6032
f 3454//6033 3437//6033 3456//6033
f 3454//6034 3439//6034 3435//6034
f 3454//6035 3435//6035 3437//6035
f 3457//6036 3439//6036 3441//6036
f 3457//6037 3438//6037 3439//6037
f 3457//6038 3441//6038 3438//6038
f 3458//6039 3441//6039 3443//6039
f 3458//6040 3440//6040 3441//6040
f 3458//6041 3443//6041 3440//6041
f 3459//6042 3443//6042 3460//6042
f 3459//6043 3442//6043 3443//6043
f 3461//6044 3459//6044 3460//6044
f 3462//6045 3463//6045 3442//6045
f 3462//6046 3442//6046 3459//6046
f 3462//6047 3459//6047 3461//6047
f 3464//6048 3460//6048 3465//6048
f 3464//6049 3461//6049 3460//6049
f 3464//6050 3463//6050 3462//6050
f 3464//6051 3462//6051 3461//6051
f 3466//6052 3464//6052 3465//6052
f 3467//6053 3468//6053 3463//6053
f 3467//6054 3464//6054 3466//6054
f 3467//6055 3463//6055 3464//6055
f 3469//6056 3465//6056 3470//6056
f 3469//6057 3466//6057 3465//6057
f 3469//6058 3468//6058 3467//6058
f 3469//6059 3467//6059 3466//6059
f 3471//6060 3469//6060 3470//6060
f 3472//6061 3473//6061 3468//6061
f 3472//6062 3468//6062 3469//6062
f 3472//6063 3469//6063 3471//6063
f 3474//6064 3470//6064 3475//6064
f 3474//6065 3473//6065 3472//6065
f 3474//6066 3471//6066 3470//6066
f 3474//6067 3472//6067 3471//6067
f 3476//6068 3474//6068 3475//6068
f 3477//6069 3478//6069 3473//6069
f 3477//6070 3473//6070 3474//6070
f 3477//6071 3474//6071 3476//6071
f 3479//6072 3476//6072 3475//6072
f 3479//6073 3477//6073 3476//6073
f 3479//6074 3475//6074 3480//6074
f 3479//6075 3478//6075 3477//6075
f 3481//6076 3479//6076 3480//6076
f 3482//6077 3478//6077 3479//6077
f 3482//6078 3483//6078 3478//6078
f 3482//6079 3479//6079 3481//6079
f 3484//6080 3480//6080 3446//6080
f 3484//6081 3481//6081 3480//6081
f 3484//6082 3482//6082 3481//6082
f 3484//6083 3483//6083 3482//6083
f 3485//6084 3484//6084 3446//6084
f 3485//6085 3446//6085 3445//6085
f 3486//6086 3483//6086 3484//6086
f 3486//6087 3485//6087 3445//6087
f 3486//6088 3445//6088 3483//6088
f 3486//6089 3484//6089 3485//6089
f 3487//6090 3445//6090 3444//6090
f 3487//6091 3444//6091 3448//6091
f 3488//6092 3487//6092 3448//6092
f 3488//6093 3445//6093 3487//6093
f 3488//6094 3448//6094 3445//6094
f 3489//6095 3448//6095 3447//6095
f 3489//6096 3447//6096 3450//6096
f 3490//6097 3450//6097 3448//6097
f 3490//6098 3489//6098 3450//6098
f 3490//6099 3448//6099 3489//6099
f 3491//1640 3446//1640 3492//1640
f 3446//53 3480//53 3492//53
f 3493//372 3444//372 3491//372
f 3491//55 3444//55 3446//55
f 3480//329 3494//329 3492//329
f 3480//54 3475//54 3494//54
f 3495//53 3447//53 3493//53
f 3493//372 3447//372 3444//372
f 3475//52 3496//52 3494//52
f 3497//55 3449//1632 3495//55
f 3495//54 3449//1633 3447//54
f 3475//370 3470//370 3496//370
f 3470//52 3498//52 3496//52
f 3497//53 3499//53 3449//105
f 3499//153 3500//153 3449//153
f 3470//52 3465//52 3498//52
f 3465//53 3501//53 3498//53
f 3499//54 3502//54 3500//54
f 3502//335 3503//335 3500//335
f 3465//53 3460//53 3501//53
f 3460//367 3504//367 3501//367
f 3502//54 3505//54 3503//54
f 3460//1638 3443//1638 3504//1638
f 3505//55 3506//55 3503//55
f 3443//329 3507//329 3504//329
f 3505//267 3508//267 3506//267
f 3443//54 3441//54 3507//54
f 3508//55 3509//55 3506//55
f 3441//55 3510//55 3507//55
f 3508//2061 3511//2061 3509//2061
f 3441//372 3439//372 3510//372
f 3511//52 3512//52 3509//52
f 3439//67 3513//67 3510//67
f 3511//55 3514//55 3512//55
f 3439//67 3455//67 3513//67
f 3514//1873 3515//1873 3512//1873
f 3455//1654 3516//1654 3513//1654
f 3514//53 3517//53 3515//53
f 3517//54 3518//54 3515//54
f 3455//2706 3519//2706 3516//2706
f 3520//54 3519//54 3455//54
f 3517//96 3521//96 3518//96
f 3521//267 3522//267 3518//267
f 3520//55 3523//55 3519//55
f 3524//52 3523//52 3520//52
f 3521//267 3525//267 3522//267
f 3522//54 3525//54 3526//54
f 3526//54 3527//54 3524//54
f 3524//53 3527//53 3523//53
f 3525//55 3527//55 3526//55
f 3528//6100 3516//6100 3529//6100
f 3529//6101 3519//6101 3530//6101
f 3516//6102 3519//6102 3529//6102
f 3530//6103 3523//6103 3531//6103
f 3519//6104 3523//6104 3530//6104
f 3531//6105 3527//6105 3532//6105
f 3523//6106 3527//6106 3531//6106
f 3532//6107 3525//6107 3533//6107
f 3527//6108 3525//6108 3532//6108
f 3533//6109 3521//6109 3534//6109
f 3525//6110 3521//6110 3533//6110
f 3534//6111 3517//6111 3535//6111
f 3521//6112 3517//6112 3534//6112
f 3535//6113 3514//6113 3536//6113
f 3517//6114 3514//6114 3535//6114
f 3536//6115 3511//6115 3537//6115
f 3514//6116 3511//6116 3536//6116
f 3537//6117 3508//6117 3538//6117
f 3511//6118 3508//6118 3537//6118
f 3538//6119 3505//6119 3539//6119
f 3508//6120 3505//6120 3538//6120
f 3539//6121 3502//6121 3540//6121
f 3505//6122 3502//6122 3539//6122
f 3540//6123 3499//6123 3541//6123
f 3502//6124 3499//6124 3540//6124
f 3541//6125 3497//6125 3542//6125
f 3499//6126 3497//6126 3541//6126
f 3540//6127 3541//6127 3543//6127
f 3539//6128 3540//6128 3544//6128
f 3538//6129 3539//6129 3545//6129
f 3546//6130 3531//6130 3547//6130
f 3548//6131 3530//6131 3546//6131
f 3436//6132 3529//6132 3548//6132
f 3549//6133 3529//6133 3436//6133
f 3550//6134 3529//6134 3549//6134
f 3528//6135 3529//6135 3550//6135
f 3551//6136 3541//6137 3542//6138
f 3551//6139 3552//6139 3453//6139
f 3551//6140 3553//6140 3552//6140
f 3551//6141 3542//6142 3553//6143
f 3551//6144 3453//6144 3543//6144
f 3551//6145 3543//6145 3541//6145
f 3554//6146 3543//6146 3544//6146
f 3554//6147 3540//6147 3543//6147
f 3554//6148 3544//6148 3540//6148
f 3555//6149 3544//6149 3545//6149
f 3555//6150 3539//6150 3544//6150
f 3555//6151 3545//6151 3539//6151
f 3556//6152 3545//6152 3557//6152
f 3556//6153 3538//6153 3545//6153
f 3558//6154 3556//6154 3557//6154
f 3559//6155 3537//6155 3538//6155
f 3559//6156 3538//6156 3556//6156
f 3559//6157 3556//6157 3558//6157
f 3560//6158 3557//6158 3561//6158
f 3560//6159 3558//6159 3557//6159
f 3560//6160 3537//6160 3559//6160
f 3560//6161 3559//6161 3558//6161
f 3562//6162 3560//6162 3561//6162
f 3563//6163 3536//6163 3537//6163
f 3563//6164 3560//6164 3562//6164
f 3563//6165 3537//6165 3560//6165
f 3564//6166 3562//6166 3561//6166
f 3564//6167 3561//6167 3565//6167
f 3564//6168 3536//6168 3563//6168
f 3564//6169 3563//6169 3562//6169
f 3566//6170 3564//6170 3565//6170
f 3567//6171 3535//6171 3536//6171
f 3567//6172 3536//6172 3564//6172
f 3567//6173 3564//6173 3566//6173
f 3568//6174 3565//6174 3569//6174
f 3568//6175 3566//6175 3565//6175
f 3568//6176 3535//6176 3567//6176
f 3568//6177 3567//6177 3566//6177
f 3570//6178 3568//6178 3569//6178
f 3571//6179 3568//6179 3570//6179
f 3571//6180 3534//6180 3535//6180
f 3571//6181 3535//6181 3568//6181
f 3572//6182 3570//6182 3569//6182
f 3572//6183 3571//6183 3570//6183
f 3572//6184 3534//6184 3571//6184
f 3572//6185 3569//6185 3573//6185
f 3574//6186 3572//6186 3573//6186
f 3575//6187 3534//6187 3572//6187
f 3575//6188 3572//6188 3574//6188
f 3575//6189 3533//6189 3534//6189
f 3576//6190 3574//6190 3573//6190
f 3576//6191 3575//6191 3574//6191
f 3576//6192 3533//6192 3575//6192
f 3576//6193 3573//6193 3577//6193
f 3578//6194 3576//6194 3577//6194
f 3579//6195 3533//6195 3576//6195
f 3579//6196 3576//6196 3578//6196
f 3579//6197 3532//6197 3533//6197
f 3580//6198 3577//6198 3547//6198
f 3580//6199 3578//6199 3577//6199
f 3580//6200 3579//6200 3578//6200
f 3580//6201 3532//6201 3579//6201
f 3581//6202 3580//6202 3547//6202
f 3581//6203 3547//6203 3531//6203
f 3582//6204 3532//6204 3580//6204
f 3582//6205 3531//6205 3532//6205
f 3582//6206 3581//6206 3531//6206
f 3582//6207 3580//6207 3581//6207
f 3583//6208 3531//6208 3546//6208
f 3583//6209 3546//6209 3530//6209
f 3584//6210 3530//6210 3531//6210
f 3584//6211 3583//6211 3530//6211
f 3584//6212 3531//6212 3583//6212
f 3585//6213 3530//6213 3548//6213
f 3585//6214 3548//6214 3529//6214
f 3586//6215 3529//6215 3530//6215
f 3586//6216 3585//6216 3529//6216
f 3586//6217 3530//6217 3585//6217
f 3552//6218 3450//6219 3453//6220
f 3542//6221 3587//6222 3553//6223
f 3588//6224 3549//6224 3436//6224
f 3588//6225 3436//6225 3435//6225
f 3589//6226 3590//6226 3528//6226
f 3589//6227 3550//6227 3549//6227
f 3589//6228 3528//6228 3550//6228
f 3589//6229 3549//6229 3588//6229
f 3591//6230 3435//6231 3438//6232
f 3591//6233 3588//6234 3435//6235
f 3592//6236 3593//6237 3590//6238
f 3592//6239 3589//6240 3588//6241
f 3592//6242 3588//6243 3591//6244
f 3592//6245 3590//6246 3589//6247
f 3594//6248 3438//6249 3440//6250
f 3594//6251 3591//6252 3438//6253
f 3595//6254 3596//6255 3593//6256
f 3595//6257 3597//6258 3596//6259
f 3595//6260 3591//6260 3594//6260
f 3595//6261 3593//6262 3592//6262
f 3595//6263 3592//6263 3591//6263
f 3598//6264 3440//6265 3442//6266
f 3598//6267 3594//6268 3440//6269
f 3599//6270 3595//6270 3594//6270
f 3599//6271 3594//6271 3598//6271
f 3599//6272 3597//6273 3595//6274
f 3600//6275 3442//6276 3463//6275
f 3600//6277 3599//6278 3598//6279
f 3600//6280 3598//6280 3442//6280
f 3601//6281 3602//6282 3597//6282
f 3601//6283 3597//6284 3599//6284
f 3601//6285 3599//6286 3600//6287
f 3603//6288 3463//6288 3468//6288
f 3603//6289 3468//6290 3473//6291
f 3603//6292 3600//6292 3463//6292
f 3604//6293 3605//6293 3602//6293
f 3604//6294 3602//6294 3601//6294
f 3604//6295 3600//6295 3603//6295
f 3604//6296 3601//6296 3600//6296
f 3606//6297 3603//6298 3473//6297
f 3607//6299 3608//6299 3605//6299
f 3607//6299 3605//6299 3604//6299
f 3607//6300 3604//6300 3603//6300
f 3607//6301 3603//6301 3606//6301
f 3609//6302 3473//6303 3478//6304
f 3609//6305 3478//6306 3483//6306
f 3609//6307 3606//6308 3473//6309
f 3610//6310 3607//6310 3606//6310
f 3610//6311 3611//6311 3608//6311
f 3610//6312 3606//6312 3609//6312
f 3610//6313 3608//6313 3607//6313
f 3612//6314 3609//6315 3483//6314
f 3613//6316 3610//6317 3609//6318
f 3613//6319 3611//6320 3610//6321
f 3613//6322 3614//6322 3611//6323
f 3613//6324 3609//6325 3612//6326
f 3615//6327 3483//6328 3445//6329
f 3615//6330 3445//6331 3448//6332
f 3615//6333 3612//6334 3483//6335
f 3616//6336 3614//6336 3613//6336
f 3616//6337 3617//6337 3614//6337
f 3616//6338 3613//6339 3612//6340
f 3616//6341 3612//6342 3615//6343
f 3618//6344 3615//6345 3448//6346
f 3619//6347 3620//6348 3617//6349
f 3619//6350 3617//6351 3616//6352
f 3619//6353 3616//6353 3615//6354
f 3619//6355 3615//6356 3618//6355
f 3621//6357 3618//6358 3448//6359
f 3621//6360 3448//6361 3450//6362
f 3621//6363 3450//6364 3552//6365
f 3622//6366 3587//6367 3620//6367
f 3622//6368 3619//6369 3618//6370
f 3622//6371 3621//6372 3552//6373
f 3622//6374 3552//6375 3553//6376
f 3622//6377 3620//6377 3619//6377
f 3622//6378 3618//6379 3621//6380
f 3622//6381 3553//6382 3587//6383
f 3497//6384 3495//6384 3542//6384
f 3542//6385 3495//6385 3587//6385
f 3587//6386 3493//6386 3620//6386
f 3495//3489 3493//3489 3587//3489
f 3617//3492 3491//3492 3614//3492
f 3620//6387 3491//6387 3617//6387
f 3493//3490 3491//3490 3620//3490
f 3491//6388 3492//6388 3614//6388
f 3614//3495 3494//3495 3611//3495
f 3492//6389 3494//6389 3614//6389
f 3608//937 3496//937 3605//937
f 3611//3494 3496//3494 3608//3494
f 3494//6390 3496//6390 3611//6390
f 3496//673 3498//673 3605//673
f 3605//3496 3501//3496 3602//3496
f 3498//3496 3501//3496 3605//3496
f 3602//6391 3504//6391 3597//6391
f 3501//6392 3504//6392 3602//6392
f 3597//6393 3507//6393 3596//6393
f 3504//6394 3507//6394 3597//6394
f 3596//6395 3510//6395 3593//6395
f 3507//6396 3510//6396 3596//6396
f 3593//6397 3513//6397 3590//6397
f 3510//6398 3513//6398 3593//6398
f 3590//6399 3516//3502 3528//6399
f 3513//6400 3516//6401 3590//6400
f 3543//6402 3453//6402 3452//6402
f 3544//6403 3543//6403 3500//6403
f 3545//6404 3544//6404 3503//6404
f 3557//6405 3545//6405 3506//6405
f 3524//6406 3547//6406 3526//6406
f 3520//6407 3546//6407 3524//6407
f 3455//6408 3548//6408 3520//6408
f 3456//6409 3548//6409 3455//6409
f 3437//6410 3548//6410 3456//6410
f 3436//6411 3548//6411 3437//6411
f 3623//6412 3449//6412 3500//6412
f 3623//6413 3451//6413 3449//6413
f 3623//6414 3452//6414 3451//6414
f 3623//6415 3500//6415 3543//6415
f 3623//6416 3543//6416 3452//6416
f 3624//6417 3500//6417 3503//6417
f 3624//6418 3544//6418 3500//6418
f 3624//6419 3503//6419 3544//6419
f 3625//6420 3503//6420 3506//6420
f 3625//6421 3545//6421 3503//6421
f 3625//6422 3506//6422 3545//6422
f 3626//6423 3506//6423 3509//6423
f 3626//6424 3557//6424 3506//6424
f 3627//6425 3626//6425 3509//6425
f 3628//6426 3561//6426 3557//6426
f 3628//6427 3557//6427 3626//6427
f 3628//6428 3626//6428 3627//6428
f 3629//6429 3509//6429 3512//6429
f 3629//6430 3627//6430 3509//6430
f 3629//6431 3561//6431 3628//6431
f 3629//6432 3628//6432 3627//6432
f 3630//6433 3629//6433 3512//6433
f 3631//6434 3565//6434 3561//6434
f 3631//6435 3629//6435 3630//6435
f 3631//6436 3561//6436 3629//6436
f 3632//6437 3512//6437 3515//6437
f 3632//6438 3630//6438 3512//6438
f 3632//6439 3565//6439 3631//6439
f 3632//6440 3631//6440 3630//6440
f 3633//6441 3632//6441 3515//6441
f 3634//6442 3569//6442 3565//6442
f 3634//6443 3565//6443 3632//6443
f 3634//6444 3632//6444 3633//6444
f 3635//6445 3515//6445 3518//6445
f 3635//6446 3569//6446 3634//6446
f 3635//6447 3633//6447 3515//6447
f 3635//6448 3634//6448 3633//6448
f 3636//6449 3635//6449 3518//6449
f 3637//6450 3573//6450 3569//6450
f 3637//6451 3569//6451 3635//6451
f 3637//6452 3635//6452 3636//6452
f 3638//6453 3636//6453 3518//6453
f 3638//6454 3637//6454 3636//6454
f 3638//6455 3518//6455 3522//6455
f 3638//6456 3573//6456 3637//6456
f 3639//6457 3638//6457 3522//6457
f 3640//6458 3573//6458 3638//6458
f 3640//6459 3577//6459 3573//6459
f 3640//6460 3638//6460 3639//6460
f 3641//6461 3639//6461 3522//6461
f 3641//6462 3522//6462 3526//6462
f 3641//6463 3640//6463 3639//6463
f 3641//6464 3577//6464 3640//6464
f 3642//6465 3641//6465 3526//6465
f 3642//6466 3526//6466 3547//6466
f 3643//6467 3577//6467 3641//6467
f 3643//6468 3642//6468 3547//6468
f 3643//6469 3547//6469 3577//6469
f 3643//6470 3641//6470 3642//6470
f 3644//6471 3547//6471 3524//6471
f 3644//6472 3524//6472 3546//6472
f 3645//6473 3644//6473 3546//6473
f 3645//6474 3547//6474 3644//6474
f 3645//6475 3546//6475 3547//6475
f 3646//6476 3546//6476 3520//6476
f 3646//6477 3520//6477 3548//6477
f 3647//6478 3548//6478 3546//6478
f 3647//6479 3646//6479 3548//6479
f 3647//6480 3546//6480 3646//6480
f 3648//6481 3649//6481 3650//6481
f 3650//6482 3651//6482 3652//6482
f 3649//6483 3651//6483 3650//6483
f 3652//6484 3653//6484 3654//6484
f 3651//6485 3653//6485 3652//6485
f 3654//6486 3655//6486 3656//6486
f 3653//6487 3655//6487 3654//6487
f 3656//6488 3657//6488 3658//6488
f 3655//6489 3657//6489 3656//6489
f 3658//6490 3659//6490 3660//6490
f 3657//6491 3659//6491 3658//6491
f 3660//6492 3661//6492 3662//6492
f 3659//6493 3661//6493 3660//6493
f 3662//6494 3663//6494 3664//6494
f 3661//6495 3663//6495 3662//6495
f 3664//6496 3665//6496 3666//6496
f 3663//6497 3665//6497 3664//6497
f 3666//6498 3667//6498 3668//6498
f 3665//6499 3667//6499 3666//6499
f 3667//6500 3669//6500 3668//6500
f 3668//6501 3670//6501 3671//6501
f 3669//6502 3670//6502 3668//6502
f 3670//6503 3672//6503 3671//6503
f 3669//6504 3667//6504 3673//6504
f 3674//6505 3669//6505 3673//6505
f 3670//6506 3669//6506 3674//6506
f 3672//6507 3670//6507 3674//6507
f 3675//6508 3672//6508 3674//6508
f 3676//6509 3672//6509 3675//6509
f 3677//6510 3676//6510 3675//6510
f 3678//6511 3676//6511 3677//6511
f 3679//6512 3678//6512 3677//6512
f 3680//6513 3678//6513 3679//6513
f 3681//6514 3680//6514 3679//6514
f 3682//6515 3680//6515 3681//6515
f 3683//6516 3682//6516 3681//6516
f 3684//6517 3682//6517 3683//6517
f 3685//6518 3684//6518 3683//6518
f 3686//6519 3685//6519 3687//6519
f 3686//6520 3684//6520 3685//6520
f 3688//6521 3687//6521 3689//6521
f 3688//6522 3686//6522 3687//6522
f 3690//6523 3689//6523 3691//6523
f 3690//6524 3688//6524 3689//6524
f 3692//6525 3691//6525 3693//6525
f 3692//6526 3690//6526 3691//6526
f 3671//6527 3672//6527 3694//6527
f 3694//6528 3676//6528 3695//6528
f 3672//6529 3676//6529 3694//6529
f 3695//6530 3678//6530 3696//6530
f 3676//6531 3678//6531 3695//6531
f 3696//6532 3680//6532 3697//6532
f 3678//6533 3680//6533 3696//6533
f 3697//6534 3682//6534 3698//6534
f 3680//6535 3682//6535 3697//6535
f 3698//6536 3684//6536 3699//6536
f 3682//6537 3684//6537 3698//6537
f 3699//6538 3686//6538 3700//6538
f 3684//6539 3686//6539 3699//6539
f 3700//6540 3688//6540 3701//6540
f 3686//6541 3688//6541 3700//6541
f 3701//6542 3690//6542 3702//6542
f 3688//6543 3690//6543 3701//6543
f 3702//6544 3692//6544 3703//6544
f 3690//6545 3692//6545 3702//6545
f 3692//6546 3704//6546 3703//6546
f 3703//6547 3705//6547 3648//6547
f 3704//6548 3705//6548 3703//6548
f 3705//6549 3649//6549 3648//6549
f 3679//197 3695//197 3696//197
f 3681//67 3679//67 3696//67
f 3697//267 3681//267 3696//267
f 3677//1640 3695//1640 3679//1640
f 3694//2065 3695//2065 3677//2065
f 3683//1638 3681//1638 3697//1638
f 3698//1403 3683//1403 3697//1403
f 3675//53 3694//53 3677//53
f 3671//369 3694//369 3675//369
f 3685//52 3683//52 3698//52
f 3699//327 3685//327 3698//327
f 3674//55 3671//55 3675//55
f 3668//153 3671//153 3674//153
f 3687//54 3685//54 3699//54
f 3700//329 3687//329 3699//329
f 3673//267 3668//267 3674//267
f 3666//52 3668//52 3673//52
f 3689//370 3687//370 3700//370
f 3706//52 3666//52 3673//52
f 3701//53 3689//53 3700//53
f 3664//130 3666//197 3706//197
f 3691//1640 3689//1640 3701//1640
f 3707//53 3664//53 3706//53
f 3702//1657 3691//1657 3701//1657
f 3693//216 3691//216 3702//216
f 3662//1404 3664//1669 3707//1404
f 3708//329 3662//329 3707//329
f 3703//1671 3693//1671 3702//1671
f 3709//52 3693//52 3703//52
f 3660//53 3662//53 3708//53
f 3710//1663 3660//1663 3708//258
f 3648//55 3709//55 3703//55
f 3711//53 3709//53 3648//53
f 3658//53 3660//53 3710//53
f 3712//52 3658//52 3710//52
f 3650//197 3711//197 3648//197
f 3713//372 3711//372 3650//372
f 3656//197 3658//197 3712//197
f 3714//96 3656//96 3712//96
f 3652//96 3713//96 3650//96
f 3652//52 3715//52 3713//52
f 3654//1638 3656//1638 3714//1638
f 3654//212 3714//212 3715//212
f 3654//63 3715//63 3652//63
f 3704//6550 3692//6550 3693//6550
f 3709//6551 3704//6551 3693//6551
f 3705//6552 3704//6552 3709//6552
f 3649//6553 3705//6553 3709//6553
f 3711//6554 3649//6554 3709//6554
f 3651//6555 3649//6555 3711//6555
f 3713//6556 3651//6556 3711//6556
f 3653//6557 3651//6557 3713//6557
f 3715//6558 3653//6558 3713//6558
f 3655//6559 3653//6559 3715//6559
f 3714//6560 3655//6560 3715//6560
f 3657//6561 3655//6561 3714//6561
f 3712//6562 3657//6562 3714//6562
f 3659//6563 3657//6563 3712//6563
f 3710//6564 3659//6564 3712//6564
f 3661//6565 3710//6565 3708//6565
f 3661//6566 3659//6566 3710//6566
f 3663//6567 3708//6567 3707//6567
f 3663//6568 3661//6568 3708//6568
f 3665//6569 3707//6569 3706//6569
f 3665//6570 3663//6570 3707//6570
f 3667//6571 3706//6571 3673//6571
f 3667//6572 3665//6572 3706//6572
f 3716//396 3717//396 3718//396
f 3716//398 3718//398 3719//398
f 3716//396 3719//396 3720//396
f 3721//398 3722//398 3717//398
f 3721//397 3717//397 3716//397
f 3723//509 3722//509 3721//509
f 3724//399 3720//399 3725//399
f 3724//396 3716//396 3720//396
f 3726//397 3724//397 3725//397
f 3727//398 3728//398 3723//398
f 3727//396 3723//396 3721//396
f 3729//509 3724//509 3726//509
f 3730//396 3729//396 3726//396
f 3731//396 3728//396 3727//396
f 3732//396 3731//396 3727//396
f 3733//397 3731//397 3732//397
f 3734//509 3730//509 3735//509
f 3734//396 3729//396 3730//396
f 3736//397 3734//397 3735//397
f 3737//397 3733//397 3732//397
f 3738//509 3737//509 3732//509
f 3739//396 3734//396 3736//396
f 3740//509 3739//509 3736//509
f 3741//397 3737//397 3738//397
f 3742//396 3741//396 3738//396
f 3743//398 3739//398 3740//398
f 3744//509 3741//509 3742//509
f 3745//397 3739//397 3743//397
f 3746//396 3745//396 3743//396
f 3747//509 3742//509 3748//509
f 3747//509 3744//509 3742//509
f 3749//398 3745//398 3746//398
f 3749//397 3748//397 3745//397
f 3750//397 3747//397 3748//397
f 3751//397 3748//397 3749//397
f 3751//397 3750//397 3748//397
f 3752//6573 3746//6574 3743//6575
f 3753//6576 3754//6577 3723//6578
f 3753//6579 3723//6580 3728//6581
f 3755//6582 3756//6583 3757//6584
f 3755//6585 3758//6585 3754//6585
f 3755//6586 3757//6587 3758//6588
f 3755//6589 3754//6589 3753//6589
f 3759//6590 3728//6591 3731//6592
f 3759//6593 3753//6594 3728//6595
f 3760//6596 3761//6597 3756//6598
f 3760//6599 3762//6600 3761//6601
f 3760//6602 3753//6603 3759//6604
f 3760//6605 3755//6606 3753//6607
f 3760//6608 3756//6609 3755//6610
f 3763//6611 3731//6612 3733//6613
f 3763//6614 3759//6615 3731//6616
f 3764//6617 3765//6618 3762//6619
f 3764//6620 3760//6621 3759//6622
f 3764//6623 3762//6624 3760//6625
f 3764//6626 3759//6627 3763//6628
f 3766//6629 3733//6630 3737//6631
f 3766//6632 3763//6633 3733//6634
f 3766//6635 3764//6636 3763//6637
f 3767//6638 3764//6639 3766//6640
f 3767//6641 3765//6642 3764//6643
f 3768//6644 3737//6645 3741//6646
f 3768//6647 3766//6648 3737//6649
f 3769//6650 3770//6651 3765//6652
f 3769//6653 3767//6654 3766//6655
f 3769//6656 3766//6657 3768//6658
f 3769//6659 3765//6660 3767//6661
f 3771//6662 3744//6663 3747//6664
f 3771//6665 3741//6666 3744//6667
f 3771//6668 3769//6669 3768//6670
f 3771//6671 3768//6672 3741//6673
f 3772//6674 3773//6675 3770//6676
f 3772//6677 3774//6678 3773//6679
f 3772//6680 3769//6681 3771//6682
f 3772//6683 3770//6684 3769//6685
f 3775//6686 3771//6687 3747//6688
f 3776//6689 3772//6690 3771//6691
f 3776//6692 3774//6693 3772//6694
f 3776//6695 3771//6696 3775//6697
f 3777//6698 3747//6699 3750//6700
f 3777//6701 3775//6702 3747//6703
f 3777//6704 3776//6705 3775//6706
f 3778//6707 3776//6708 3777//6709
f 3778//6710 3779//6711 3774//6712
f 3778//6713 3774//6714 3776//6715
f 3780//6716 3750//6717 3751//6718
f 3780//6719 3777//6720 3750//6721
f 3781//6722 3777//6723 3780//6724
f 3781//6725 3782//6726 3779//6727
f 3781//6728 3783//6729 3782//6730
f 3781//6731 3778//6732 3777//6733
f 3781//6734 3779//6735 3778//6736
f 3784//6737 3751//6738 3749//6739
f 3784//6740 3780//6741 3751//6742
f 3784//6743 3781//6744 3780//6745
f 3785//6746 3783//6747 3781//6748
f 3785//6749 3781//6750 3784//6751
f 3786//6752 3749//6753 3746//6754
f 3786//6755 3784//6756 3749//6757
f 3786//6758 3746//6759 3752//6760
f 3787//6761 3752//6762 3788//6763
f 3787//6764 3788//6765 3789//6766
f 3787//6767 3783//6768 3785//6769
f 3787//6770 3785//6771 3784//6772
f 3787//6773 3784//6774 3786//6775
f 3787//6776 3790//6777 3783//6778
f 3787//6779 3789//6780 3790//6781
f 3787//6782 3786//6783 3752//6784
f 3791//6785 3752//6786 3743//6787
f 3791//6788 3743//6789 3740//6790
f 3792//6791 3793//6792 3789//6793
f 3792//6794 3788//6795 3752//6796
f 3792//6797 3789//6798 3788//6799
f 3792//6800 3752//6801 3791//6802
f 3794//6803 3740//6804 3736//6805
f 3794//6806 3791//6807 3740//6808
f 3795//6809 3796//6810 3793//6811
f 3795//6812 3797//6813 3796//6814
f 3795//6815 3793//6816 3792//6817
f 3795//6818 3791//6819 3794//6820
f 3795//6821 3792//6822 3791//6823
f 3798//6824 3736//6825 3735//6826
f 3798//6827 3794//6828 3736//6829
f 3799//6830 3800//6831 3797//6832
f 3799//6833 3795//6834 3794//6835
f 3799//6836 3797//6837 3795//6838
f 3799//6839 3794//6840 3798//6841
f 3801//6842 3735//6843 3730//6844
f 3801//6845 3798//6846 3735//6847
f 3802//6848 3799//6849 3798//6850
f 3802//6851 3798//6852 3801//6853
f 3802//6854 3800//6855 3799//6856
f 3803//6857 3730//6858 3726//6859
f 3803//6860 3801//6861 3730//6862
f 3804//6863 3805//6864 3800//6865
f 3804//6866 3802//6867 3801//6868
f 3804//6869 3801//6870 3803//6871
f 3804//6872 3800//6873 3802//6874
f 3806//6875 3726//6876 3725//6877
f 3806//6878 3803//6879 3726//6880
f 3807//6881 3808//6882 3805//6883
f 3807//6884 3805//6885 3804//6886
f 3807//6887 3804//6888 3803//6889
f 3807//6890 3803//6891 3806//6892
f 3809//6893 3725//6894 3720//6895
f 3809//6896 3806//6897 3725//6898
f 3809//6899 3807//6900 3806//6901
f 3810//6902 3811//6903 3808//6904
f 3810//6905 3808//6906 3807//6907
f 3810//6908 3807//6909 3809//6910
f 3812//6911 3719//6912 3718//6913
f 3812//6914 3720//6915 3719//6916
f 3812//6917 3809//6918 3720//6919
f 3813//6920 3809//6921 3812//6922
f 3813//6923 3814//6924 3811//6925
f 3813//6926 3815//6927 3814//6928
f 3813//6929 3811//6930 3810//6931
f 3813//6932 3810//6933 3809//6934
f 3816//6935 3812//6936 3718//6937
f 3817//6938 3815//6939 3813//6940
f 3817//6941 3812//6942 3816//6943
f 3817//6944 3818//6945 3815//6946
f 3817//6947 3813//6948 3812//6949
f 3819//6950 3816//6951 3718//6952
f 3819//6953 3718//6954 3717//6955
f 3820//6956 3816//6957 3819//6958
f 3820//6959 3818//6960 3817//6961
f 3820//6962 3817//6963 3816//6964
f 3821//6965 3723//6966 3754//6967
f 3821//6968 3754//6969 3758//6970
f 3821//6971 3819//6972 3717//6973
f 3821//6974 3722//6975 3723//6976
f 3821//6977 3717//6978 3722//6979
f 3822//6980 3758//6981 3757//6982
f 3822//6983 3818//6984 3820//6985
f 3822//6986 3823//6987 3818//6988
f 3822//6989 3757//6990 3823//6991
f 3822//6992 3820//6993 3819//6994
f 3822//6995 3821//6996 3758//6997
f 3822//6998 3819//6999 3821//7000
f 3824//7001 3823//7002 3757//7002
f 3825//7003 3826//7004 3789//7005
f 3825//7006 3789//7007 3793//7008
f 3827//7009 3828//7010 3826//7011
f 3827//7012 3829//7013 3828//7014
f 3827//7015 3830//7016 3829//7017
f 3827//7018 3826//7019 3825//7020
f 3831//7021 3793//7022 3796//7023
f 3831//7024 3825//7025 3793//7026
f 3832//7027 3833//7028 3830//7029
f 3832//7030 3834//7031 3833//7032
f 3832//7033 3825//7034 3831//7035
f 3832//7036 3830//7037 3827//7038
f 3832//7039 3827//7040 3825//7041
f 3835//7042 3796//7043 3797//7044
f 3835//7045 3831//7046 3796//7047
f 3836//7048 3834//7049 3832//7050
f 3836//7051 3832//7052 3831//7053
f 3836//7054 3831//7055 3835//7056
f 3837//7057 3797//7058 3800//7059
f 3837//7060 3800//7061 3805//7062
f 3837//7063 3835//7064 3797//7065
f 3837//7066 3836//7067 3835//7068
f 3838//7069 3839//7070 3834//7071
f 3838//7072 3834//7073 3836//7074
f 3838//7075 3836//7076 3837//7077
f 3840//7078 3805//7079 3808//7080
f 3840//7081 3837//7082 3805//7083
f 3841//7084 3842//7085 3839//7086
f 3841//7087 3843//7088 3842//7089
f 3841//7090 3837//7091 3840//7092
f 3841//7093 3839//7094 3838//7095
f 3841//7096 3838//7097 3837//7098
f 3844//7099 3840//7100 3808//7101
f 3845//7102 3840//7103 3844//7104
f 3845//7105 3843//7106 3841//7107
f 3845//7108 3841//7109 3840//7110
f 3846//7111 3808//7112 3811//7113
f 3846//7114 3811//7115 3814//7116
f 3846//7117 3844//7118 3808//7119
f 3847//7120 3848//7121 3843//7122
f 3847//7123 3849//7124 3848//7125
f 3847//7126 3845//7127 3844//7128
f 3847//7129 3843//7130 3845//7131
f 3847//7132 3844//7133 3846//7134
f 3850//7135 3846//7136 3814//7137
f 3851//7138 3846//7139 3850//7140
f 3851//7141 3852//7141 3849//7141
f 3851//7142 3849//7143 3847//7144
f 3851//7145 3847//7146 3846//7147
f 3853//7148 3814//7149 3815//7150
f 3853//7151 3815//7152 3818//7153
f 3853//7154 3850//7155 3814//7156
f 3854//7157 3850//7158 3853//7159
f 3854//7160 3855//7160 3852//7160
f 3854//7161 3852//7161 3851//7161
f 3854//7162 3851//7163 3850//7164
f 3856//7165 3853//7166 3818//7167
f 3857//7168 3854//7169 3853//7170
f 3857//7171 3855//7171 3854//7171
f 3857//7172 3853//7173 3856//7174
f 3858//7175 3818//7176 3823//7177
f 3858//7178 3824//7178 3859//7178
f 3858//7179 3856//7180 3818//7181
f 3858//7182 3823//7182 3824//7182
f 3860//7183 3857//7184 3856//7185
f 3860//7186 3856//7187 3858//7188
f 3860//7189 3855//7190 3857//7191
f 3860//7192 3859//7193 3861//7194
f 3860//7195 3858//7195 3859//7195
f 3860//7196 3862//7197 3855//7198
f 3860//7199 3861//7200 3862//7201
f 3826//7202 3790//7203 3789//7204
f 3829//7205 3863//7206 3828//7207
f 3864//7208 3824//7208 3757//7208
f 3864//7209 3757//7209 3756//7209
f 3865//7210 3866//7210 3861//7210
f 3865//7211 3859//7212 3824//7213
f 3865//7214 3861//7214 3859//7214
f 3865//7215 3824//7216 3864//7217
f 3867//7218 3756//7219 3761//7220
f 3867//7221 3864//7222 3756//7223
f 3868//7224 3869//7225 3866//7226
f 3868//7227 3866//7228 3865//7229
f 3868//7230 3865//7230 3864//7230
f 3868//7231 3864//7231 3867//7231
f 3870//7232 3761//7232 3762//7232
f 3870//7233 3867//7233 3761//7233
f 3871//7234 3872//7235 3869//7236
f 3871//7237 3873//7238 3872//7239
f 3871//7240 3868//7240 3867//7240
f 3871//7241 3869//7242 3868//7243
f 3871//7244 3867//7244 3870//7244
f 3874//7245 3762//7246 3765//7247
f 3874//7248 3870//7249 3762//7250
f 3874//7251 3871//7252 3870//7253
f 3875//7254 3873//7255 3871//7256
f 3875//7257 3871//7258 3874//7259
f 3876//7260 3765//7261 3770//7262
f 3876//7263 3770//7264 3773//7265
f 3876//7266 3874//7267 3765//7268
f 3877//7269 3878//7270 3873//7271
f 3877//7272 3873//7273 3875//7274
f 3877//7275 3874//7276 3876//7277
f 3877//7278 3875//7279 3874//7280
f 3879//7281 3876//7282 3773//7283
f 3880//7284 3881//7285 3878//7286
f 3880//7287 3878//7288 3877//7289
f 3880//7290 3877//7291 3876//7292
f 3880//7293 3876//7294 3879//7295
f 3882//7296 3773//7297 3774//7298
f 3882//7299 3879//7300 3773//7301
f 3883//7302 3884//7303 3881//7304
f 3883//7305 3881//7306 3880//7307
f 3883//7308 3880//7309 3879//7310
f 3883//7311 3879//7311 3882//7312
f 3885//7313 3774//7314 3779//7315
f 3885//7316 3779//7317 3782//7318
f 3885//7319 3882//7320 3774//7321
f 3886//7322 3882//7323 3885//7324
f 3886//7325 3887//7326 3884//7327
f 3886//7328 3888//7329 3887//7330
f 3886//7331 3884//7332 3883//7333
f 3886//7334 3883//7335 3882//7336
f 3889//7337 3885//7338 3782//7339
f 3890//7340 3888//7341 3886//7342
f 3890//7343 3885//7344 3889//7345
f 3890//7346 3886//7347 3885//7348
f 3891//7349 3782//7350 3783//7351
f 3891//7352 3889//7353 3782//7354
f 3892//7355 3888//7356 3890//7357
f 3892//7358 3889//7359 3891//7360
f 3892//7361 3893//7362 3888//7363
f 3892//7364 3863//7365 3893//7366
f 3892//7367 3890//7368 3889//7369
f 3894//7370 3783//7371 3790//7372
f 3894//7373 3891//7374 3783//7375
f 3894//7376 3790//7377 3826//7378
f 3895//7379 3892//7380 3891//7381
f 3895//7382 3891//7383 3894//7384
f 3895//7385 3863//7386 3892//7387
f 3895//7388 3894//7389 3826//7390
f 3895//7391 3826//7392 3828//7393
f 3895//7394 3828//7395 3863//7396
f 3896//7397 3897//7397 3898//7397
f 3896//7398 3899//7398 3897//7398
f 3899//7399 3900//7399 3897//7399
f 3899//7400 3901//7400 3900//7400
f 3901//7401 3902//7402 3900//7401
f 3901//7403 3903//7403 3902//7403
f 3903//7404 3904//7404 3902//7404
f 3903//7405 3905//7405 3904//7405
f 3904//7406 3906//7406 3907//7406
f 3905//7407 3906//7407 3904//7407
f 3907//7408 3908//7409 3909//7409
f 3906//7410 3908//7410 3907//7411
f 3908//7412 3910//7412 3909//7412
f 3908//7413 3911//7413 3910//7413
f 3910//7414 3912//7414 3913//7414
f 3911//7415 3912//7415 3910//7415
f 3913//7416 3914//7416 3915//7416
f 3912//7417 3914//7417 3913//7417
f 3915//7418 3916//7419 3917//7420
f 3914//7419 3916//7421 3915//7422
f 3916//7423 3918//7424 3917//7423
f 3916//7425 3919//7426 3918//7427
f 3918//7428 3920//7428 3921//7428
f 3919//7429 3920//7429 3918//7429
f 3920//7430 3922//7430 3921//7430
f 3920//7431 3923//7431 3922//7431
f 3899//7432 3896//7432 3924//7432
f 3899//7433 3924//7433 3925//7433
f 3901//7434 3925//7434 3926//7434
f 3901//7435 3899//7435 3925//7435
f 3903//7436 3926//7436 3927//7436
f 3903//7437 3901//7437 3926//7437
f 3905//7438 3927//7438 3928//7438
f 3905//7439 3903//7439 3927//7439
f 3906//7440 3928//7440 3929//7440
f 3906//7441 3905//7441 3928//7441
f 3908//7442 3929//7442 3930//7442
f 3908//7443 3906//7443 3929//7443
f 3911//7444 3930//7444 3931//7444
f 3911//7445 3908//7445 3930//7445
f 3912//7446 3931//7446 3932//7446
f 3912//7446 3911//7446 3931//7446
f 3914//7447 3932//7447 3933//7447
f 3914//7448 3912//7448 3932//7448
f 3916//7449 3933//7450 3934//7449
f 3916//7451 3914//7452 3933//7453
f 3935//7454 3916//7454 3934//7454
f 3919//7455 3916//7455 3935//7455
f 3920//7456 3935//7456 3936//7456
f 3920//7457 3919//7457 3935//7457
f 3937//7458 3920//7458 3936//7458
f 3923//7459 3920//7459 3937//7459
f 3938//249 3939//249 3940//249
f 3941//54 3940//54 3942//54
f 3941//55 3938//55 3940//55
f 3943//197 3939//197 3938//197
f 3944//65 3941//65 3942//65
f 3945//372 3943//372 3938//372
f 3946//54 3943//7460 3945//54
f 3947//52 3944//52 3937//52
f 3947//54 3941//54 3944//54
f 3948//53 3946//53 3945//53
f 3949//204 3946//204 3948//204
f 3936//53 3947//53 3937//53
f 3950//153 3951//153 3949//153
f 3950//55 3949//55 3948//1648
f 3952//96 3947//96 3936//96
f 3935//102 3952//102 3936//102
f 3953//52 3951//52 3950//52
f 3934//1632 3952//1632 3935//1632
f 3954//52 3953//52 3950//52
f 3955//329 3952//329 3934//329
f 3956//329 3953//329 3954//329
f 3933//55 3955//55 3934//55
f 3957//177 3958//1638 3956//1638
f 3957//67 3956//67 3954//67
f 3959//54 3955//54 3933//54
f 3932//53 3959//53 3933//53
f 3960//66 3958//66 3957//1659
f 3931//1655 3959//1655 3932//1655
f 3961//372 3959//372 3931//372
f 3962//96 3960//96 3957//79
f 3924//53 3960//53 3962//53
f 3930//1403 3961//1403 3931//1403
f 3963//53 3961//53 3930//53
f 3925//346 3924//346 3962//346
f 3929//116 3963//116 3930//116
f 3964//226 3925//226 3962//226
f 3926//67 3925//67 3964//67
f 3965//67 3963//67 3929//67
f 3928//53 3965//53 3929//53
f 3927//1640 3965//1640 3928//1640
f 3927//1657 3926//1657 3964//1657
f 3927//1638 3964//1638 3965//1638
f 3966//7461 3923//7462 3937//7462
f 3966//7463 3937//7464 3944//7464
f 3967//7465 3944//7465 3942//7465
f 3967//7466 3966//7466 3944//7466
f 3968//7467 3942//7467 3940//7467
f 3968//7468 3967//7468 3942//7468
f 3969//7469 3940//7470 3939//7470
f 3969//7471 3968//7472 3940//7472
f 3970//7473 3939//7473 3943//7473
f 3970//7474 3969//7474 3939//7474
f 3946//7475 3970//7476 3943//7477
f 3971//7478 3970//7479 3946//7477
f 3972//7480 3946//7480 3949//7480
f 3972//7481 3971//7481 3946//7481
f 3973//7482 3949//7483 3951//7484
f 3973//7485 3972//7486 3949//7487
f 3974//7488 3951//7489 3953//7490
f 3974//7491 3973//7492 3951//7493
f 3956//7494 3974//7494 3953//7494
f 3975//7495 3974//7495 3956//7495
f 3958//7496 3975//7496 3956//7496
f 3976//7497 3975//7497 3958//7497
f 3977//7498 3958//7498 3960//7498
f 3977//7499 3976//7499 3958//7499
f 3896//7500 3960//7500 3924//7500
f 3896//7501 3977//7501 3960//7501
f 3923//7502 3978//7502 3922//7502
f 3923//7503 3966//7503 3978//7503
f 3966//7504 3979//7505 3978//7504
f 3966//7506 3967//7506 3979//7506
f 3967//7507 3980//7507 3979//7507
f 3967//7508 3968//7508 3980//7508
f 3980//7509 3969//7509 3981//7509
f 3968//7510 3969//7510 3980//7510
f 3969//7511 3982//7512 3981//7513
f 3969//7514 3970//7511 3982//7515
f 3970//7516 3983//7516 3982//7516
f 3970//7517 3971//7517 3983//7517
f 3983//7518 3972//7519 3984//7518
f 3971//7520 3972//7521 3983//7520
f 3984//7522 3973//7523 3985//7523
f 3972//7524 3973//7524 3984//7525
f 3985//7526 3974//7526 3986//7526
f 3973//7527 3974//7527 3985//7527
f 3986//7528 3975//7528 3987//7528
f 3974//7529 3975//7529 3986//7529
f 3987//7530 3976//7530 3988//7530
f 3975//7531 3976//7531 3987//7531
f 3976//7532 3989//7532 3988//7532
f 3976//7533 3977//7533 3989//7533
f 3989//7534 3896//7534 3898//7534
f 3977//7535 3896//7535 3989//7535
f 3990//489 3915//489 3917//489
f 3991//4183 3917//4183 3918//4183
f 3991//509 3990//509 3917//509
f 3913//509 3915//509 3990//509
f 3921//477 3991//477 3918//477
f 3992//489 3913//489 3990//489
f 3910//662 3913//1391 3992//509
f 3993//7536 3921//7536 3922//7536
f 3993//509 3991//509 3921//509
f 3994//397 3910//397 3992//397
f 3909//398 3910//530 3994//398
f 3978//420 3993//420 3922//420
f 3995//463 3907//463 3909//463
f 3995//7537 3909//7537 3994//7537
f 3996//397 3993//397 3978//397
f 3979//567 3996//567 3978//567
f 3904//397 3907//397 3995//397
f 3980//509 3996//509 3979//509
f 3997//7538 3904//7538 3995//7538
f 3998//3988 3996//3988 3980//3988
f 3902//619 3904//619 3997//619
f 3981//398 3998//398 3980//398
f 3999//7539 3900//7539 3902//7539
f 3999//509 3902//509 3997//509
f 4000//396 3998//396 3981//396
f 3982//1393 4000//1393 3981//1393
f 3897//460 3900//460 3999//460
f 3983//493 4000//493 3982//493
f 4001//398 4000//398 3983//398
f 4002//3993 3897//3993 3999//3993
f 3898//540 3897//540 4002//540
f 3984//1372 4001//1372 3983//1372
f 4003//397 4001//397 3984//397
f 3989//3995 3898//3995 4002//3995
f 3985//452 4003//452 3984//452
f 4004//397 3989//397 4002//397
f 3988//420 3989//420 4004//420
f 4005//400 4003//400 3985//400
f 3986//397 4005//397 3985//397
f 3987//452 4005//452 3986//452
f 3987//464 3988//464 4004//464
f 3987//398 4004//398 4005//398
f 4006//7540 4007//7540 4008//7540
f 4009//7541 4010//7542 4011//7543
f 4011//7544 4010//7545 4012//7546
f 4008//7547 4013//7548 4009//7549
f 4007//7550 4013//7550 4008//7550
f 4009//7551 4013//7552 4010//7553
f 4012//7554 4014//7555 4015//7556
f 4010//7557 4014//7558 4012//7559
f 4016//7560 4017//7561 4007//7562
f 4018//7563 4017//7564 4016//7565
f 4007//7566 4017//7567 4013//7568
f 4013//7569 4017//7570 4010//7571
f 4010//7572 4017//7573 4014//7574
f 4015//7575 4019//7576 4020//7577
f 4014//7578 4019//7579 4015//7580
f 4018//7581 4021//7582 4017//7583
f 4014//7584 4021//7585 4019//7586
f 4017//7587 4021//7588 4014//7589
f 4020//7590 4022//7591 4023//7592
f 4019//7593 4022//7594 4020//7595
f 4024//7596 4025//7597 4018//7598
f 4021//7599 4025//7600 4019//7601
f 4018//7602 4025//7603 4021//7604
f 4019//7605 4025//7606 4022//7607
f 4023//7608 4026//7609 4027//7610
f 4022//7611 4026//7612 4023//7613
f 4028//7614 4029//7615 4024//7616
f 4022//7617 4029//7618 4026//7619
f 4024//7620 4029//7621 4025//7622
f 4025//7623 4029//7624 4022//7625
f 4027//7626 4030//7627 4031//7628
f 4026//7629 4030//7630 4027//7631
f 4029//7632 4030//7633 4026//7634
f 4032//7635 4033//7636 4028//7637
f 4028//7638 4033//7639 4029//7640
f 4029//7641 4033//7642 4030//7643
f 4031//7644 4034//7645 4035//7646
f 4030//7647 4034//7648 4031//7649
f 4036//7650 4037//7651 4032//7652
f 4032//7653 4037//7654 4033//7655
f 4033//7656 4037//7657 4030//7658
f 4030//7659 4037//7660 4034//7661
f 4035//7662 4038//7663 4039//7664
f 4034//7665 4038//7666 4035//7667
f 4034//7668 4040//7669 4038//7670
f 4041//7671 4040//7672 4036//7673
f 4036//7674 4040//7675 4037//7676
f 4037//7677 4040//7678 4034//7679
f 4039//7680 4042//7681 4043//7682
f 4038//7683 4042//7684 4039//7685
f 4038//7686 4044//7687 4042//7688
f 4045//7689 4044//7690 4041//7691
f 4041//7692 4044//7693 4040//7694
f 4040//7695 4044//7696 4038//7697
f 4043//7698 4046//7699 4047//7700
f 4047//7701 4046//7702 4048//7703
f 4042//7704 4046//7705 4043//7706
f 4045//7707 4049//7708 4044//7709
f 4042//7710 4049//7711 4046//7712
f 4050//7713 4049//7714 4045//7715
f 4044//7716 4049//7717 4042//7718
f 4048//7719 4051//7720 4052//7721
f 4052//7722 4051//7723 4053//7724
f 4046//7725 4051//7726 4048//7727
f 4053//7728 4054//7729 4055//7730
f 4055//7731 4054//7732 4056//7733
f 4049//7734 4054//7735 4046//7736
f 4050//7737 4054//7738 4049//7739
f 4046//7740 4054//7741 4051//7742
f 4057//7743 4054//7744 4050//7745
f 4056//7746 4054//7747 4057//7748
f 4051//7749 4054//7750 4053//7751
f 4058//52 4059//52 4060//52
f 4058//52 4060//52 4061//52
f 4058//54 4061//54 4062//54
f 4063//54 4064//54 4059//54
f 4063//55 4059//55 4058//55
f 4052//54 4064//54 4063//54
f 4065//55 4062//55 4066//55
f 4065//52 4058//52 4062//52
f 4067//54 4065//54 4066//54
f 4068//55 4048//55 4052//55
f 4068//54 4052//54 4063//54
f 4069//54 4065//54 4067//54
f 4047//55 4048//55 4068//55
f 4070//52 4069//52 4067//52
f 4071//55 4047//55 4068//55
f 4043//55 4047//55 4071//55
f 4072//54 4070//54 4073//54
f 4072//55 4069//55 4070//55
f 4039//52 4043//52 4071//52
f 4074//52 4072//52 4073//52
f 4075//52 4039//52 4071//52
f 4076//52 4072//52 4074//52
f 4035//55 4039//55 4075//55
f 4077//370 4076//370 4074//370
f 4078//52 4035//52 4075//52
f 4031//53 4035//53 4078//53
f 4011//55 4076//55 4077//55
f 4079//54 4076//54 4011//54
f 4027//55 4078//55 4080//55
f 4027//52 4031//52 4078//52
f 4012//55 4079//55 4011//55
f 4015//54 4079//54 4012//54
f 4015//54 4080//54 4079//54
f 4023//54 4027//54 4080//54
f 4020//54 4023//54 4080//54
f 4020//54 4080//54 4015//54
f 4056//7752 4081//7753 4055//7754
f 4053//7755 4082//7756 4052//7757
f 4052//7758 4082//7759 4064//7760
f 4055//7761 4083//7762 4053//7763
f 4081//7764 4083//7765 4055//7766
f 4053//7767 4083//7768 4082//7769
f 4064//7770 4084//7771 4059//7772
f 4082//7773 4084//7774 4064//7775
f 4085//7776 4086//7777 4081//7778
f 4087//7779 4086//7780 4085//7781
f 4081//7782 4086//7783 4083//7784
f 4083//7785 4086//7786 4082//7787
f 4082//7788 4086//7789 4084//7790
f 4059//7791 4088//7792 4060//7793
f 4086//7794 4088//7795 4084//7796
f 4084//7797 4088//7798 4059//7799
f 4087//7800 4089//7801 4086//7802
f 4086//7803 4089//7804 4088//7805
f 4060//7806 4090//7807 4061//7808
f 4088//7809 4090//7810 4060//7811
f 4091//7812 4092//7813 4087//7814
f 4087//7815 4092//7816 4089//7817
f 4088//7818 4092//7819 4090//7820
f 4089//7821 4092//7822 4088//7823
f 4061//7824 4093//7825 4062//7826
f 4090//7827 4093//7828 4061//7829
f 4094//7830 4095//7831 4091//7832
f 4090//7833 4095//7834 4093//7835
f 4092//7836 4095//7837 4090//7838
f 4091//7839 4095//7840 4092//7841
f 4062//7842 4096//7843 4066//7844
f 4095//7845 4096//7846 4093//7847
f 4093//7848 4096//7849 4062//7850
f 4097//7851 4098//7852 4094//7853
f 4095//7854 4098//7855 4096//7856
f 4094//7857 4098//7858 4095//7859
f 4066//7860 4099//7861 4067//7862
f 4096//7863 4099//7864 4066//7865
f 4100//7866 4101//7867 4097//7868
f 4097//7869 4101//7870 4098//7871
f 4098//7872 4101//7873 4096//7874
f 4096//7875 4101//7876 4099//7877
f 4067//7878 4102//7879 4070//7880
f 4099//7881 4102//7882 4067//7883
f 4101//7884 4102//7885 4099//7886
f 4101//7887 4103//7888 4102//7889
f 4104//7890 4103//7891 4100//7892
f 4100//7893 4103//7894 4101//7895
f 4070//7896 4105//7897 4073//7898
f 4102//7899 4105//7900 4070//7901
f 4104//7902 4106//7903 4103//7904
f 4102//7905 4106//7906 4105//7907
f 4107//7908 4106//7909 4104//7910
f 4103//7911 4106//7912 4102//7913
f 4073//7914 4108//7915 4074//7916
f 4105//7917 4108//7918 4073//7919
f 4106//7920 4109//7921 4105//7922
f 4107//7923 4109//7924 4106//7925
f 4110//7926 4109//7927 4107//7928
f 4105//7929 4109//7930 4108//7931
f 4074//7932 4111//7933 4077//7934
f 4077//7935 4111//7936 4011//7937
f 4011//7938 4111//7939 4009//7940
f 4108//7941 4111//7942 4074//7943
f 4009//7944 4112//7945 4008//7946
f 4008//7947 4112//7948 4006//7949
f 4109//7950 4112//7951 4108//7952
f 4110//7953 4112//7954 4109//7955
f 4108//7956 4112//7957 4111//7958
f 4113//7959 4112//7960 4110//7961
f 4006//7962 4112//7963 4113//7964
f 4111//7965 4112//7966 4009//7967
f 4114//7968 4115//7969 4056//7970
f 4056//7971 4115//7972 4081//7973
f 3830//7974 4116//7975 3829//7976
f 4117//7977 4116//7978 4114//7979
f 3829//7980 4116//7981 4117//7982
f 4114//7983 4116//7984 4115//7985
f 4081//7986 4118//7987 4085//7988
f 4115//7989 4118//7990 4081//7991
f 3833//7992 4119//7993 3830//7994
f 4116//7995 4119//7996 4115//7997
f 3830//7998 4119//7999 4116//8000
f 4115//8001 4119//8002 4118//8003
f 4085//8004 4120//8004 4087//8004
f 4119//8005 4120//8006 4118//8007
f 4118//8008 4120//8008 4085//8008
f 3834//8009 4121//8010 3833//8011
f 4119//8012 4121//8013 4120//8014
f 3833//8015 4121//8016 4119//8017
f 4087//8018 4122//8019 4091//8020
f 4120//8021 4122//8022 4087//8023
f 3839//8024 4123//8025 3834//8026
f 4121//8027 4123//8028 4120//8029
f 3834//8030 4123//8031 4121//8032
f 4120//8033 4123//8034 4122//8035
f 4091//8036 4124//8037 4094//8038
f 4122//8039 4124//8040 4091//8041
f 4123//8042 4124//8043 4122//8044
f 3843//8045 4125//8046 3842//8047
f 3842//8048 4125//8049 3839//8050
f 3839//8051 4125//8052 4123//8053
f 4123//8054 4125//8055 4124//8056
f 4094//8057 4126//8058 4097//8059
f 4097//8060 4126//8061 4100//8062
f 4124//8063 4126//8064 4094//8065
f 3848//8066 4127//8067 3843//8068
f 3843//8069 4127//8070 4125//8071
f 4125//8072 4127//8073 4124//8074
f 4124//8075 4127//8076 4126//8077
f 4100//8078 4128//8079 4104//8080
f 4126//8081 4128//8082 4100//8083
f 3848//8084 4129//8085 4127//8086
f 4127//8087 4129//8088 4126//8089
f 4126//8090 4129//8091 4128//8092
f 4128//8093 4130//8094 4104//8095
f 4128//8096 4131//8097 4130//8098
f 3849//8099 4131//8100 3848//8101
f 3848//8102 4131//8103 4129//8104
f 4129//8105 4131//8106 4128//8107
f 4104//8108 4132//8109 4107//8110
f 4130//8111 4132//8112 4104//8113
f 3852//8114 4133//8115 3849//8116
f 4130//8117 4133//8117 4132//8117
f 4131//8118 4133//8118 4130//8118
f 3849//8119 4133//8120 4131//8121
f 4107//8122 4134//8123 4110//8124
f 4132//8125 4134//8126 4107//8127
f 3855//8128 4135//8128 3852//8128
f 4132//8129 4135//8130 4134//8131
f 4133//8132 4135//8133 4132//8134
f 3852//8135 4135//8135 4133//8135
f 4134//8136 4136//8137 4110//8138
f 4110//8139 4136//8140 4113//8141
f 4113//8142 4136//8143 4006//8144
f 4006//8145 4136//8146 4137//8147
f 3861//8148 4138//8149 3862//8150
f 3862//8151 4138//8151 3855//8151
f 3855//8152 4138//8153 4135//8153
f 4135//8154 4138//8154 4134//8154
f 4134//8155 4138//8155 4136//8155
f 4136//8156 4138//8157 4137//8158
f 4137//8159 4138//8160 4139//8161
f 4139//8162 4138//8163 3861//8164
f 4137//8165 4140//8166 4006//8167
f 4006//8168 4140//8169 4007//8170
f 3866//8171 4141//8172 3861//8172
f 4139//8173 4141//8174 4137//8175
f 3861//8176 4141//8176 4139//8176
f 4137//8177 4141//8178 4140//8179
f 4007//8180 4142//8181 4016//8182
f 4016//8183 4142//8184 4018//8185
f 4140//8186 4142//8187 4007//8188
f 3869//8189 4143//8190 3866//8191
f 4141//8192 4143//8193 4140//8194
f 3866//8195 4143//8196 4141//8197
f 4140//8198 4143//8199 4142//8200
f 4142//8201 4144//8202 4018//8203
f 3872//8204 4145//8205 3869//8206
f 4143//8207 4145//8208 4142//8209
f 4142//8210 4145//8211 4144//8212
f 3869//8213 4145//8214 4143//8215
f 4018//8216 4146//8217 4024//8218
f 4144//8219 4146//8220 4018//8221
f 3873//8222 4147//8223 3872//8224
f 4145//8225 4147//8226 4144//8227
f 4144//8228 4147//8229 4146//8230
f 3872//8231 4147//8232 4145//8233
f 4024//8234 4148//8235 4028//8236
f 4146//8237 4148//8238 4024//8239
f 4147//8240 4148//8241 4146//8242
f 3878//8243 4149//8244 3873//8245
f 3873//8246 4149//8247 4147//8248
f 4147//8249 4149//8250 4148//8251
f 4028//8252 4150//8253 4032//8254
f 4148//8255 4150//8256 4028//8256
f 3881//8257 4151//8258 3878//8259
f 3878//8260 4151//8261 4149//8262
f 4148//8263 4151//8264 4150//8265
f 4149//8266 4151//8267 4148//8268
f 4032//8269 4152//8270 4036//8271
f 4150//8272 4152//8273 4032//8274
f 3884//8275 4153//8276 3881//8277
f 3881//8278 4153//8279 4151//8280
f 4151//8281 4153//8282 4150//8283
f 4150//8284 4153//8285 4152//8286
f 4036//8287 4154//8288 4041//8289
f 4152//8290 4154//8291 4036//8292
f 4152//8293 4155//8294 4154//8295
f 3887//8296 4155//8297 3884//8298
f 3884//8299 4155//8300 4153//8301
f 4153//8302 4155//8303 4152//8304
f 4041//8305 4156//8306 4045//8307
f 4045//8308 4156//8309 4050//8310
f 4154//8311 4156//8312 4041//8313
f 3888//8314 4157//8315 3887//8316
f 4154//8317 4157//8318 4156//8319
f 4155//8320 4157//8321 4154//8322
f 3887//8323 4157//8324 4155//8325
f 4156//8326 4158//8327 4050//8328
f 3893//8329 4159//8330 3888//8331
f 4156//8332 4159//8333 4158//8334
f 4157//8335 4159//8336 4156//8337
f 3888//8338 4159//8339 4157//8340
f 4158//8341 4160//8342 4050//8343
f 4050//8344 4160//8345 4057//8346
f 4057//8347 4160//8348 4056//8349
f 4056//8350 4160//8351 4114//8352
f 3829//8353 4161//8354 3863//8355
f 3863//8356 4161//8357 3893//8358
f 4159//8359 4161//8360 4158//8361
f 4158//8362 4161//8363 4160//8364
f 4160//8365 4161//8366 4114//8367
f 4114//8368 4161//8369 4117//8370
f 4117//8371 4161//8372 3829//8373
f 3893//8374 4161//8375 4159//8376
f 4162//8377 4163//8377 4164//8377
f 4164//8378 4165//8378 4166//8378
f 4166//8379 4165//8379 4167//8379
f 4167//8380 4165//8380 4168//8380
f 4163//8381 4165//8381 4164//8381
f 4168//8382 4169//8382 4170//8382
f 4170//8383 4169//8383 4171//8383
f 4165//8384 4169//8384 4168//8384
f 4169//8385 4172//8385 4171//8385
f 4172//8386 4173//8386 4171//8386
f 4173//8387 4174//8387 4175//8387
f 4175//8388 4174//8388 4162//8388
f 4172//8389 4174//8389 4173//8389
f 4172//8390 4169//8390 4176//8390
f 4165//673 4177//673 4176//673
f 4165//8391 4176//8391 4169//8391
f 4163//8392 4177//8392 4165//8392
f 4178//8393 4163//8393 4172//8393
f 4179//8394 4178//8395 4172//8394
f 4179//8396 4172//8396 4176//8396
f 4180//8397 4163//8397 4178//8397
f 4181//8398 4182//8398 4179//8398
f 4181//8396 4179//8396 4176//8396
f 4183//673 4182//673 4181//673
f 4183//673 4177//673 4163//673
f 4183//673 4163//673 4182//673
f 4182//8399 4163//8399 4180//8399
f 4184//53 4185//53 4176//53
f 4186//1628 4184//1628 4176//1628
f 4187//287 4188//287 4189//287
f 4190//1405 4187//1405 4189//1405
f 4191//55 4176//55 4177//55
f 4192//54 4176//54 4191//54
f 4192//53 4186//53 4176//53
f 4193//370 4186//370 4192//370
f 4194//54 4189//54 4186//54
f 4194//370 4190//370 4189//370
f 4194//368 4186//368 4193//368
f 4195//8400 4194//2400 4196//2400
f 4197//52 4190//52 4194//52
f 4197//204 4194//204 4195//1649
f 4187//8401 4190//8401 4198//8401
f 4187//41 4198//41 4199//41
f 4188//697 4199//697 4200//697
f 4187//726 4199//726 4188//726
f 4201//751 4188//751 4200//751
f 4201//937 4189//937 4188//937
f 4189//725 4201//725 4202//725
f 4189//4171 4202//4171 4186//4171
f 4184//8402 4186//8402 4202//8402
f 4184//8403 4202//8403 4203//8403
f 4185//8404 4203//8404 4204//8404
f 4185//8405 4184//8405 4203//8405
f 4176//8406 4204//8406 4181//8406
f 4176//8407 4185//8407 4204//8407
f 4204//589 4203//589 4181//589
f 4203//398 4202//398 4181//398
f 4200//533 4199//8408 4201//533
f 4199//546 4198//397 4201//397
f 4181//397 4205//397 4183//397
f 4181//397 4206//397 4205//397
f 4202//396 4206//396 4181//396
f 4202//398 4207//398 4206//398
f 4201//3993 4208//3993 4202//3993
f 4202//398 4208//398 4207//398
f 4198//397 4209//397 4201//397
f 4201//397 4209//397 4208//397
f 4208//7539 4210//7539 4211//7539
f 4209//3989 4210//3989 4208//3989
f 4191//8409 4177//8409 4183//8409
f 4191//8410 4183//8410 4205//8410
f 4192//8411 4205//8411 4206//8411
f 4192//8412 4191//8412 4205//8412
f 4193//8413 4206//8413 4207//8413
f 4193//8414 4192//8414 4206//8414
f 4208//678 4193//678 4207//678
f 4208//1029 4194//1029 4193//1029
f 4208//711 4196//711 4194//711
f 4211//1202 4196//1202 4208//1202
f 4211//678 4195//678 4196//678
f 4210//678 4195//678 4211//678
f 4210//881 4209//881 4197//881
f 4210//8415 4197//8415 4195//8415
f 4190//11 4209//11 4198//11
f 4197//11 4209//11 4190//11
f 4212//8416 4182//8416 4213//8416
f 4213//8417 4180//8417 4214//8417
f 4214//8418 4180//8418 4215//8418
f 4215//8419 4180//8419 4216//8419
f 4182//8420 4180//8420 4213//8420
f 4216//8421 4178//8421 4217//8421
f 4217//8422 4178//8422 4218//8422
f 4180//8423 4178//8423 4216//8423
f 4178//8424 4179//8424 4218//8424
f 4179//8425 4219//8425 4218//8425
f 4219//8426 4220//8426 4221//8426
f 4221//8427 4220//8427 4212//8427
f 4179//8428 4220//8428 4219//8428
f 4222//8429 4223//8429 4224//8429
f 4224//8430 4225//8430 4226//8430
f 4226//8431 4225//8431 4227//8431
f 4227//8432 4225//8432 4228//8432
f 4223//8433 4225//8433 4224//8433
f 4228//8434 4229//8434 4230//8434
f 4230//8435 4229//8435 4231//8435
f 4225//8436 4229//8436 4228//8436
f 4229//8437 4232//8437 4231//8437
f 4232//8438 4233//8438 4231//8438
f 4233//8439 4234//8439 4235//8439
f 4235//8440 4234//8440 4222//8440
f 4232//8441 4234//8441 4233//8441
f 4232//8442 4229//8442 4236//8442
f 4225//673 4237//673 4236//673
f 4225//8443 4236//8443 4229//8443
f 4223//8444 4237//1198 4225//1198
f 4238//8445 4223//8445 4232//8445
f 4239//8446 4238//8446 4232//8446
f 4239//8396 4232//8396 4236//8396
f 4240//8447 4223//939 4238//8447
f 4241//8448 4242//8448 4239//8448
f 4241//8396 4239//8396 4236//8396
f 4243//673 4242//673 4241//673
f 4243//673 4237//673 4223//8449
f 4243//673 4223//8450 4242//673
f 4242//8451 4223//8452 4240//8451
f 4244//329 4245//329 4236//329
f 4246//204 4244//204 4236//204
f 4247//54 4248//54 4249//54
f 4250//54 4247//54 4249//54
f 4251//55 4236//55 4237//55
f 4252//52 4236//52 4251//52
f 4252//55 4246//55 4236//55
f 4253//54 4246//54 4252//54
f 4254//55 4249//55 4246//55
f 4254//226 4250//226 4249//226
f 4254//52 4246//52 4253//52
f 4255//1671 4254//1671 4256//1671
f 4257//1638 4250//1638 4254//1638
f 4257//153 4254//153 4255//153
f 4247//8453 4250//8453 4258//8453
f 4247//1074 4258//1074 4259//1074
f 4248//725 4259//725 4260//725
f 4247//697 4259//697 4248//697
f 4261//937 4248//937 4260//937
f 4261//8454 4249//8454 4248//673
f 4249//964 4261//964 4262//964
f 4249//964 4262//964 4246//964
f 4244//8402 4246//8402 4262//8402
f 4244//8455 4262//8455 4263//8455
f 4245//8456 4263//8456 4264//8456
f 4245//8457 4244//8457 4263//8457
f 4236//8407 4264//8407 4241//8407
f 4236//8458 4245//8458 4264//8458
f 4264//489 4263//489 4241//489
f 4263//398 4262//398 4241//398
f 4260//1375 4259//1375 4261//1375
f 4259//567 4258//567 4261//567
f 4241//399 4265//399 4243//399
f 4241//397 4266//397 4265//397
f 4262//396 4266//396 4241//396
f 4262//398 4267//398 4266//398
f 4261//3993 4268//3993 4262//3993
f 4262//420 4268//420 4267//420
f 4258//397 4269//397 4261//397
f 4261//399 4269//399 4268//399
f 4268//396 4270//396 4271//396
f 4269//420 4270//420 4268//420
f 4251//8459 4237//8459 4243//8459
f 4251//8410 4243//8410 4265//8410
f 4252//8460 4265//8460 4266//8460
f 4252//8461 4251//8461 4265//8461
f 4253//8462 4266//8462 4267//8462
f 4253//8414 4252//8414 4266//8414
f 4268//678 4253//678 4267//678
f 4268//4195 4254//4195 4253//4195
f 4268//711 4256//711 4254//711
f 4271//8463 4256//8463 4268//8463
f 4271//8464 4255//8464 4256//8464
f 4270//678 4255//678 4271//678
f 4270//1411 4269//1411 4257//1411
f 4270//775 4257//775 4255//775
f 4250//11 4269//11 4258//11
f 4257//11 4269//11 4250//11
f 4272//8465 4242//8465 4273//8465
f 4273//8466 4240//8466 4274//8466
f 4274//8467 4240//8467 4275//8467
f 4275//8468 4240//8468 4276//8468
f 4242//8469 4240//8469 4273//8469
f 4276//8470 4238//8470 4277//8470
f 4277//8471 4238//8471 4278//8471
f 4240//8472 4238//8472 4276//8472
f 4238//8473 4239//8473 4278//8473
f 4239//8474 4279//8474 4278//8474
f 4279//8475 4280//8475 4281//8475
f 4281//8476 4280//8476 4272//8476
f 4239//8477 4280//8477 4279//8477
f 4282//8478 4283//8478 4284//8479
f 4284//8480 4285//8480 4286//8480
f 4286//8481 4285//8481 4287//8481
f 4287//8482 4285//8482 4288//8482
f 4283//8483 4285//8483 4284//8483
f 4288//8484 4289//8484 4290//8484
f 4290//8485 4289//8485 4291//8485
f 4285//8486 4289//8486 4288//8486
f 4289//8487 4292//8487 4291//8487
f 4292//8488 4293//8488 4291//8488
f 4293//8489 4294//8489 4295//8489
f 4295//8490 4294//8490 4282//8490
f 4292//8491 4294//8491 4293//8491
f 4292//8492 4289//8492 4296//8492
f 4285//25 4297//8493 4296//11
f 4285//8494 4296//8495 4289//8495
f 4283//8496 4297//8497 4285//37
f 4298//8498 4283//8498 4292//8498
f 4299//8499 4298//8499 4292//8499
f 4299//8500 4292//8500 4296//8500
f 4300//8501 4283//8502 4298//8501
f 4301//8503 4302//8503 4299//8503
f 4301//8500 4299//8500 4296//8500
f 4303//11 4302//11 4301//11
f 4303//14 4297//28 4283//8504
f 4303//14 4283//8505 4302//14
f 4302//8506 4283//8507 4300//8506
f 4304//1638 4305//1638 4296//1638
f 4306//67 4304//67 4296//67
f 4307//249 4308//53 4309//53
f 4310//1403 4307//1403 4309//1403
f 4311//1873 4296//1873 4297//1873
f 4312//53 4296//53 4311//53
f 4312//52 4306//52 4296//52
f 4313//54 4306//54 4312//54
f 4314//329 4309//329 4306//329
f 4314//55 4310//55 4309//55
f 4314//53 4306//53 4313//53
f 4315//356 4314//102 4316//102
f 4317//52 4310//52 4314//52
f 4317//216 4314//216 4315//370
f 4307//898 4310//898 4318//898
f 4307//8508 4318//8508 4319//8508
f 4308//765 4319//765 4320//765
f 4307//678 4319//678 4308//678
f 4321//14 4308//14 4320//14
f 4321//831 4309//831 4308//831
f 4309//678 4321//678 4322//678
f 4309//1029 4322//1029 4306//1029
f 4304//8509 4306//8509 4322//8509
f 4304//8510 4322//8510 4323//8510
f 4305//8511 4323//8511 4324//8511
f 4305//8512 4304//8512 4323//8512
f 4296//8513 4324//8513 4301//8513
f 4296//8514 4305//8514 4324//8514
f 4324//400 4323//400 4301//400
f 4323//619 4322//619 4301//619
f 4320//1375 4319//587 4321//1375
f 4319//396 4318//396 4321//396
f 4301//397 4325//397 4303//397
f 4301//396 4326//396 4325//396
f 4322//397 4326//397 4301//397
f 4322//396 4327//396 4326//396
f 4321//567 4328//567 4322//567
f 4322//625 4328//625 4327//625
f 4318//396 4329//396 4321//396
f 4321//397 4329//397 4328//397
f 4328//8515 4330//8515 4331//8515
f 4329//408 4330//408 4328//408
f 4311//8516 4297//8516 4303//8516
f 4311//8517 4303//8517 4325//8517
f 4312//8518 4325//8518 4326//8518
f 4312//8519 4311//8519 4325//8519
f 4313//8520 4326//8520 4327//8520
f 4313//8521 4312//8521 4326//8521
f 4328//992 4313//992 4327//992
f 4328//8522 4314//8522 4313//8522
f 4328//11 4316//11 4314//11
f 4331//11 4316//11 4328//11
f 4331//726 4315//726 4316//726
f 4330//697 4315//697 4331//697
f 4330//1408 4329//1408 4317//1408
f 4330//889 4317//889 4315//889
f 4310//673 4329//673 4318//673
f 4317//673 4329//673 4310//673
f 4332//8523 4302//8523 4333//8523
f 4333//8524 4300//8524 4334//8524
f 4334//8525 4300//8525 4335//8525
f 4335//8526 4300//8526 4336//8526
f 4302//8527 4300//8527 4333//8527
f 4336//8528 4298//8528 4337//8528
f 4337//8529 4298//8529 4338//8529
f 4300//8530 4298//8530 4336//8530
f 4298//8487 4299//8487 4338//8487
f 4299//8531 4339//8531 4338//8531
f 4339//8532 4340//8532 4341//8532
f 4341//8533 4340//8533 4332//8533
f 4299//8534 4340//8534 4339//8534
f 4342//8535 4343//8535 4344//8535
f 4344//8536 4345//8536 4346//8536
f 4346//8537 4345//8537 4347//8537
f 4347//8538 4345//8538 4348//8538
f 4343//8539 4345//8539 4344//8539
f 4348//8540 4349//8540 4350//8540
f 4350//8541 4349//8541 4351//8541
f 4345//8542 4349//8542 4348//8542
f 4349//8543 4352//8543 4351//8543
f 4352//8544 4353//8544 4351//8544
f 4353//8545 4354//8545 4355//8545
f 4355//8533 4354//8533 4342//8533
f 4352//8546 4354//8546 4353//8546
f 4352//8547 4349//8547 4356//8547
f 4345//11 4357//11 4356//11
f 4345//11 4356//11 4349//11
f 4343//35 4357//8493 4345//8493
f 4358//8548 4343//8548 4352//8548
f 4359//8549 4358//8549 4352//8549
f 4359//8500 4352//8500 4356//8500
f 4360//8550 4343//27 4358//8551
f 4361//8552 4362//8552 4359//8552
f 4361//8500 4359//8500 4356//8500
f 4363//14 4362//8553 4361//14
f 4363//11 4357//11 4343//8554
f 4363//14 4343//20 4362//8555
f 4362//8556 4343//8557 4360//8558
f 4364//55 4365//55 4356//55
f 4366//1403 4364//1403 4356//1403
f 4367//1645 4368//1645 4369//1645
f 4370//1403 4367//1403 4369//1403
f 4371//226 4356//226 4357//226
f 4372//53 4356//53 4371//53
f 4372//52 4366//52 4356//52
f 4373//1873 4366//1873 4372//1873
f 4374//55 4369//55 4366//55
f 4374//54 4370//54 4369//54
f 4374//1663 4366//1663 4373//1663
f 4375//52 4374//52 4376//52
f 4377//52 4370//52 4374//52
f 4377//1403 4374//1403 4375//1403
f 4367//676 4370//676 4378//676
f 4367//759 4378//759 4379//759
f 4368//1029 4379//1029 4380//1029
f 4367//678 4379//678 4368//678
f 4381//11 4368//11 4380//11
f 4381//34 4369//34 4368//34
f 4369//8559 4381//8559 4382//8559
f 4369//678 4382//678 4366//678
f 4364//8560 4366//8560 4382//8560
f 4364//8561 4382//8561 4383//8561
f 4365//8562 4383//8562 4384//8562
f 4365//8563 4364//8563 4383//8563
f 4356//8564 4384//8564 4361//8564
f 4356//8513 4365//8513 4384//8513
f 4384//442 4383//442 4361//442
f 4383//400 4382//400 4361//400
f 4380//1393 4379//1393 4381//1393
f 4379//1397 4378//1397 4381//1397
f 4361//396 4385//396 4363//396
f 4361//509 4386//509 4385//509
f 4382//397 4386//397 4361//397
f 4382//7536 4387//7536 4386//7536
f 4381//420 4388//420 4382//420
f 4382//396 4388//396 4387//396
f 4378//397 4389//397 4381//397
f 4381//509 4389//509 4388//509
f 4388//493 4390//493 4391//493
f 4389//397 4390//397 4388//397
f 4371//8516 4357//8516 4363//8516
f 4371//8516 4363//8516 4385//8516
f 4372//8518 4385//8518 4386//8518
f 4372//8519 4371//8519 4385//8519
f 4373//8565 4386//8565 4387//8565
f 4373//8521 4372//8521 4386//8521
f 4388//726 4373//726 4387//726
f 4388//696 4374//696 4373//696
f 4388//34 4376//34 4374//34
f 4391//1125 4376//1125 4388//1125
f 4391//992 4375//992 4376//992
f 4390//8522 4375//8522 4391//8522
f 4390//8566 4389//8566 4377//8566
f 4390//8567 4377//8567 4375//8567
f 4370//673 4389//673 4378//673
f 4377//673 4389//673 4370//673
f 4392//8568 4362//8568 4393//8568
f 4393//8569 4360//8569 4394//8569
f 4394//8570 4360//8570 4395//8570
f 4395//8571 4360//8571 4396//8571
f 4362//8572 4360//8572 4393//8572
f 4396//8573 4358//8573 4397//8573
f 4397//8574 4358//8574 4398//8574
f 4360//8575 4358//8575 4396//8575
f 4358//8576 4359//8576 4398//8576
f 4359//8577 4399//8577 4398//8577
f 4399//8578 4400//8578 4401//8578
f 4401//8533 4400//8533 4392//8533
f 4359//8579 4400//8579 4399//8579
f 4402//678 4403//678 4404//678
f 4402//678 4404//678 4405//678
f 4406//8580 4407//8580 4408//8580
f 4406//677 4408//677 4409//677
f 4410//8581 4409//8581 4411//8581
f 4410//8582 4406//8582 4409//8582
f 4402//8583 4411//8584 4403//8584
f 4402//1012 4410//8585 4411//8585
f 4405//8586 4412//8587 4413//8588
f 4405//72 4413//2069 4414//132
f 4415//55 4414//55 4416//55
f 4415//52 4405//175 4414//52
f 4407//54 4417//54 4418//54
f 4402//1649 4415//54 4417//54
f 4402//54 4405//229 4415//54
f 4402//8589 4417//53 4407//53
f 4406//8590 4410//8400 4402//8591
f 4406//175 4402//1636 4407//245
f 4408//751 4407//751 4418//751
f 4408//711 4418//711 4419//711
f 4420//54 260//54 259//54
f 4421//52 259//52 262//52
f 4421//55 4420//55 259//55
f 4422//52 264//52 260//52
f 4422//54 260//54 4420//54
f 4423//52 264//52 4422//52
f 4424//54 4421//54 262//54
f 4425//54 4423//54 4426//54
f 4427//1630 4428//54 4424//54
f 4429//54 4424//54 262//54
f 4429//117 4427//2715 4424//117
f 4430//54 264//54 4423//54
f 4430//125 4423//125 4425//125
f 4431//104 4429//104 262//104
f 4432//1632 4425//1632 4426//1632
f 4433//1671 4428//1671 4427//1664
f 4434//72 264//72 4430//72
f 4435//54 4432//54 4426//54
f 4435//54 4426//54 4436//54
f 4437//54 4428//54 4433//54
f 4437//54 4436//54 4428//54
f 4438//54 4431//54 262//54
f 4439//52 4435//52 4436//52
f 4439//54 4436//54 4437//54
f 4440//54 4439//54 4437//54
f 4441//52 4435//52 4439//52
f 4442//54 4435//54 4441//54
f 4442//54 4443//54 4444//54
f 4442//54 4444//54 4445//54
f 4442//52 4445//52 4435//52
f 4446//54 4437//54 4447//54
f 4446//54 4447//54 4448//54
f 4446//52 4448//52 4449//52
f 4446//52 4440//52 4437//52
f 347//54 264//54 4434//54
f 347//52 4434//52 4450//52
f 347//54 4450//54 4451//54
f 346//1662 4452//1403 4438//1662
f 346//54 4438//54 262//54
f 4453//54 4452//54 346//54
f 4453//54 4454//54 4452//54
f 4455//367 4451//367 4456//367
f 4455//52 347//52 4451//52
f 4457//52 4443//52 4442//52
f 4458//54 4446//54 4449//54
f 4459//54 4453//54 346//54
f 4460//52 347//52 4455//52
f 4461//52 4454//52 4453//52
f 4461//54 4449//54 4462//54
f 4461//8592 4462//8592 4454//8592
f 4463//54 4455//54 4456//54
f 4463//66 4456//66 4464//66
f 4463//52 4464//52 4443//52
f 359//52 4459//52 346//52
f 360//54 347//54 4460//54
f 4465//54 4449//54 4461//54
f 4466//54 4458//54 4449//54
f 4466//52 4449//52 4465//52
f 4467//53 4443//53 4457//53
f 4468//54 4459//54 359//54
f 4469//52 360//52 4460//52
f 4470//54 4443//54 4467//54
f 4470//54 4463//54 4443//54
f 367//54 4468//54 359//54
f 368//52 360//52 4469//52
f 4471//54 4468//54 367//54
f 4472//55 368//55 4469//55
f 374//52 4471//52 367//52
f 374//55 4473//55 4471//55
f 376//52 368//52 4472//52
f 4474//226 376//226 4472//226
f 4475//96 4474//96 4472//96
f 4476//52 4472//52 4477//52
f 4476//1640 4475//1640 4472//1640
f 4478//329 4476//329 4477//329
f 4479//55 4480//55 4470//55
f 4479//54 4470//54 4467//54
f 4479//52 4467//52 4481//52
f 4479//54 4481//54 4482//54
f 4483//54 4466//54 4465//54
f 4483//52 4484//52 4485//52
f 4483//54 4485//54 4466//54
f 4483//54 4465//54 4486//54
f 4487//52 4483//52 4486//52
f 4488//54 4480//54 4479//54
f 4489//2398 4487//2398 4486//2398
f 4489//52 4486//52 4473//52
f 4490//267 4480//267 4488//267
f 4490//54 4477//54 4480//54
f 4491//54 4478//54 4477//54
f 4491//1655 4477//1655 4490//1655
f 4492//1663 4489//1663 4473//1663
f 4492//54 4473//54 374//54
f 4404//1640 4478//1640 4491//1640
f 4493//72 4492//72 374//72
f 4494//52 4479//52 4482//52
f 4495//54 4484//54 4483//54
f 4496//54 4494//54 4482//54
f 4497//54 4484//54 4495//54
f 4419//52 4496//52 4482//52
f 4419//54 4482//54 4498//54
f 4419//52 4498//52 4499//52
f 4500//52 4484//52 4497//52
f 4500//54 4499//54 4501//54
f 4500//54 4501//54 4484//54
f 4403//55 4478//55 4404//55
f 4502//54 4499//54 4500//54
f 4502//54 4419//54 4499//54
f 4503//55 4419//55 4502//55
f 4503//1655 4409//1655 4408//1655
f 4503//53 4408//53 4419//53
f 4504//52 4500//52 4505//52
f 4504//52 4505//52 4506//52
f 4504//54 4502//54 4500//54
f 4507//54 4409//54 4503//54
f 4507//52 4411//52 4409//52
f 4508//272 4506//272 4509//272
f 4508//226 4504//226 4506//226
f 4510//54 4478//54 4403//54
f 4510//54 4411//54 4507//54
f 4510//53 4403//53 4411//53
f 4511//54 4507//54 4512//54
f 4511//53 4510//53 4507//53
f 4513//367 4511//367 4512//367
f 4514//1403 4513//1403 4512//1403
f 473//52 4515//52 4508//52
f 473//1646 4509//1646 4516//2403
f 473//54 4516//54 4493//54
f 473//54 4508//54 4509//54
f 473//54 4493//54 374//54
f 471//96 4514//96 4512//96
f 477//52 4512//52 4517//52
f 477//226 471//226 4512//226
f 475//52 4517//52 4515//52
f 475//54 4515//54 473//54
f 475//54 477//54 4517//54
f 368//682 376//682 4518//682
f 368//682 4518//682 4519//682
f 360//681 4519//681 4520//681
f 360//1411 368//1411 4519//1411
f 347//679 4520//679 4521//679
f 347//730 360//730 4520//730
f 4522//396 4523//396 4524//396
f 4523//397 4525//397 4524//397
f 4525//397 4526//397 4524//397
f 4527//396 4528//396 4522//396
f 4522//7536 4528//7536 4523//7536
f 4525//397 4529//397 4526//397
f 4527//509 4530//509 4528//509
f 4529//399 4531//399 4526//399
f 4532//398 4533//398 4534//398
f 4535//400 4533//400 4532//400
f 4536//397 4537//397 4538//397
f 4539//396 4537//396 4536//396
f 4540//396 4537//396 4539//396
f 4538//396 4537//396 4541//396
f 4535//398 4542//398 4533//398
f 4537//396 4543//396 4541//396
f 4530//398 4544//398 4535//398
f 4535//396 4544//396 4542//396
f 4543//397 4545//397 4541//397
f 4541//396 4545//396 4531//396
f 4530//397 4546//397 4544//397
f 4545//397 4547//397 4531//397
f 4548//396 4549//396 4550//396
f 4551//397 4552//397 4553//397
f 4553//396 4554//396 4547//396
f 4531//396 4554//396 4526//396
f 4547//396 4554//396 4531//396
f 4552//509 4554//509 4553//509
f 4527//397 4555//397 4530//397
f 4546//396 4555//396 4548//396
f 4548//397 4555//397 4549//397
f 4530//396 4555//396 4546//396
f 4549//396 4556//396 4550//396
f 4551//396 4557//396 4552//396
f 4549//397 4558//397 4556//397
f 4527//397 4521//397 4555//397
f 4554//509 4559//509 4526//509
f 4557//396 4560//396 4552//396
f 4521//509 4561//509 4555//509
f 4554//398 4562//398 4559//398
f 4557//396 4563//396 4560//396
f 4557//398 4564//398 4563//398
f 4557//400 4565//400 4564//400
f 4558//400 4566//400 4556//400
f 4521//396 4520//396 4561//396
f 4562//509 4567//509 4559//509
f 4520//7536 4568//7536 4561//7536
f 4562//397 4569//397 4567//397
f 4520//399 4519//399 4568//399
f 4568//3988 4519//3988 4570//3988
f 4571//397 4572//397 4569//397
f 4569//397 4572//397 4567//397
f 4571//589 4573//589 4572//589
f 4574//397 4573//397 4571//397
f 4519//452 4518//452 4570//452
f 4570//398 4518//398 4575//398
f 4518//452 4576//452 4575//452
f 4576//464 4577//464 4575//464
f 4578//509 4579//509 4580//509
f 4581//397 4579//397 4578//397
f 4582//400 4579//400 4581//400
f 4583//397 4584//397 4585//397
f 4574//567 4586//567 4573//567
f 4582//397 4587//397 4579//397
f 4577//509 4588//509 4575//509
f 4584//509 4589//509 4585//509
f 4577//567 4590//567 4588//567
f 4588//398 4591//398 4587//398
f 4590//420 4591//420 4588//420
f 4587//396 4592//396 4579//396
f 4591//400 4592//400 4587//400
f 4584//396 4593//396 4589//396
f 4591//396 4594//396 4592//396
f 4593//397 4595//397 4589//397
f 4589//7536 4595//7536 4586//7536
f 4591//396 4596//396 4594//396
f 4595//396 4597//396 4586//396
f 4598//397 4599//397 4600//397
f 4598//400 4601//400 4599//400
f 4598//509 4602//509 4601//509
f 4603//398 4604//398 4605//398
f 4606//396 4607//396 4598//396
f 4598//397 4607//397 4602//397
f 4604//397 4608//397 4605//397
f 4609//397 4608//397 4610//397
f 4605//396 4608//396 4609//396
f 4586//396 4611//396 4573//396
f 4597//396 4611//396 4586//396
f 4610//397 4611//397 4597//397
f 4608//396 4611//396 4610//396
f 4612//396 4613//396 4606//396
f 4596//398 4613//398 4612//398
f 4591//396 4613//396 4596//396
f 4607//397 4613//397 4614//397
f 4606//396 4613//396 4607//396
f 4613//3993 4615//3993 4614//3993
f 4615//396 4616//396 4614//396
f 4616//397 4617//397 4614//397
f 4616//460 4618//460 4617//460
f 4618//452 4619//452 4617//452
f 4611//397 4620//397 4573//397
f 4621//1399 4620//1399 4611//1399
f 4621//3993 4622//3993 4620//3993
f 4619//489 4623//489 4617//489
f 4617//399 4623//399 4624//399
f 4622//398 4625//398 4620//398
f 4623//398 4625//398 4624//398
f 4624//396 4625//396 4622//396
f 471//4195 4619//4195 4618//4195
f 471//678 4618//678 4514//678
f 4613//8593 4510//8593 4615//8593
f 4615//1422 4511//1422 4616//1422
f 4510//1420 4511//1420 4615//1420
f 4616//8594 4513//8594 4618//8594
f 4511//1419 4513//1419 4616//1419
f 4513//8595 4514//8595 4618//8595
f 4626//678 4627//678 4591//678
f 4628//678 4591//678 4627//678
f 4478//678 4629//678 4630//678
f 4478//678 4630//678 4626//678
f 4478//678 4626//678 4591//678
f 4631//678 4613//678 4591//678
f 4631//678 4591//678 4628//678
f 4632//678 4628//678 4633//678
f 4632//678 4631//678 4628//678
f 4634//678 4613//678 4631//678
f 4635//678 4633//678 4629//678
f 4635//678 4629//678 4478//678
f 4635//678 4632//678 4633//678
f 4636//8596 4613//8596 4634//8596
f 4510//678 4636//678 4637//678
f 4510//678 4637//678 4635//678
f 4510//678 4635//678 4478//678
f 4510//678 4613//678 4636//678
f 4478//1413 4591//1413 4476//1413
f 4476//1414 4590//1414 4475//1414
f 4591//8597 4590//8597 4476//8597
f 4475//8598 4577//8598 4474//8598
f 4590//8599 4577//8599 4475//8599
f 4577//8598 4576//8598 4474//8598
f 4474//1029 4576//1029 4518//1029
f 4474//1412 4518//1412 376//1412
f 4632//8600 4635//8600 4638//8600
f 4639//396 4635//396 4640//396
f 4638//8601 4635//8601 4639//8601
f 4640//8602 4637//8602 4641//8602
f 4635//396 4637//396 4640//396
f 4637//8602 4636//8602 4641//8602
f 4641//8603 4634//8603 4642//8603
f 4636//8603 4634//8603 4641//8603
f 4643//8604 4631//8604 4638//8604
f 4642//52 4631//52 4643//52
f 4634//54 4631//54 4642//54
f 4631//8604 4632//8604 4638//8604
f 4641//8605 4642//8605 4644//8605
f 4642//8606 4643//8606 4644//8606
f 4643//8607 4638//8607 4644//8607
f 4638//8608 4639//8608 4644//8608
f 4639//8609 4640//8609 4644//8609
f 4640//8610 4641//8610 4644//8610
f 4626//8601 4630//8601 4645//8601
f 4645//8611 4630//8611 4646//8611
f 4646//396 4629//396 4647//396
f 4630//397 4629//397 4646//397
f 4647//8602 4633//8602 4648//8602
f 4629//8612 4633//8612 4647//8612
f 4648//8603 4633//8603 4649//8603
f 4649//54 4628//54 4650//54
f 4633//8603 4628//8603 4649//8603
f 4628//54 4627//54 4650//54
f 4650//8613 4626//8613 4645//8613
f 4627//8613 4626//8613 4650//8613
f 4648//8614 4649//8614 4651//8614
f 4649//8615 4650//8615 4651//8615
f 4650//8616 4645//8616 4651//8616
f 4645//8617 4646//8617 4651//8617
f 4646//8618 4647//8618 4651//8618
f 4647//8610 4648//8610 4651//8610
f 475//677 473//677 4620//677
f 475//677 4620//677 4625//677
f 477//675 4625//675 4623//675
f 477//675 475//675 4625//675
f 471//1402 4623//1402 4619//1402
f 471//1402 477//1402 4623//1402
f 4620//673 473//673 374//673
f 4620//673 374//673 4573//673
f 359//892 346//892 4559//892
f 359//892 4559//892 4567//892
f 367//1408 4567//1408 4572//1408
f 367//1408 359//1408 4567//1408
f 374//888 4572//888 4573//888
f 374//888 367//888 4572//888
f 4559//726 346//726 262//726
f 4559//726 262//726 4526//726
f 260//826 264//826 4527//826
f 260//826 4527//826 4522//826
f 259//886 4522//886 4524//886
f 259//818 260//818 4522//818
f 262//1409 4524//1409 4526//1409
f 262//693 259//693 4524//693
f 4652//11 4527//11 264//11
f 4653//11 4521//11 4527//11
f 4653//11 4527//11 4652//11
f 4654//11 4652//11 264//11
f 4655//11 4521//11 4653//11
f 4656//11 4654//11 264//11
f 347//11 4655//11 4657//11
f 347//11 4657//11 4656//11
f 347//11 4521//11 4655//11
f 347//11 4656//11 264//11
f 4658//8619 4653//8619 4659//8619
f 4659//8620 4653//8620 4660//8620
f 4660//8621 4653//8621 4661//8621
f 4661//8622 4653//8622 4662//8622
f 4662//8623 4653//8623 4663//8623
f 4663//8624 4653//8624 4664//8624
f 4664//8625 4653//8625 4665//8625
f 4665//8626 4653//8626 4666//8626
f 4666//8627 4653//8627 4667//8627
f 4667//8628 4653//8628 4668//8628
f 4668//8629 4652//8630 4669//8629
f 4669//8631 4652//8631 4670//8631
f 4670//8632 4652//8632 4671//8632
f 4671//8633 4652//8633 4672//8633
f 4672//8634 4652//8634 4673//8634
f 4673//8635 4652//8635 4674//8635
f 4674//8636 4652//8636 4675//8636
f 4675//8637 4652//8637 4676//8637
f 4676//8638 4652//8638 4677//8638
f 4677//8639 4652//8639 4678//8639
f 4678//8640 4652//8640 4679//8640
f 4679//8641 4652//8641 4680//8641
f 4680//8642 4652//8642 4681//8642
f 4681//8643 4652//8643 4682//8643
f 4682//8644 4652//8644 4683//8644
f 4683//8645 4652//8645 4684//8645
f 4684//8646 4652//8646 4685//8646
f 4685//8647 4652//8647 4686//8647
f 4686//8648 4652//8648 4687//8648
f 4687//8649 4652//8649 4688//8649
f 4688//8650 4652//8650 4689//8650
f 4689//8651 4652//8652 4690//8651
f 4653//8653 4652//8654 4668//8653
f 4652//8655 4654//8656 4690//8656
f 4690//8657 4654//8657 4691//8657
f 4691//8658 4654//8658 4692//8658
f 4692//8659 4654//8659 4693//8659
f 4693//8660 4654//8660 4694//8660
f 4694//8661 4654//8661 4695//8661
f 4695//8662 4654//8662 4696//8662
f 4696//8663 4654//8663 4697//8663
f 4697//8664 4654//8664 4698//8664
f 4698//8665 4654//8665 4699//8665
f 4699//8666 4654//8666 4700//8666
f 4700//8667 4654//8667 4701//8667
f 4701//8668 4654//8668 4702//8668
f 4702//8669 4654//8669 4703//8669
f 4703//8670 4654//8670 4704//8670
f 4704//8671 4654//8671 4705//8671
f 4705//8672 4654//8672 4706//8672
f 4706//8673 4654//8673 4707//8673
f 4707//8674 4654//8674 4708//8674
f 4708//8675 4654//8675 4709//8675
f 4709//8676 4654//8676 4710//8676
f 4654//8677 4656//8677 4710//8677
f 4710//8678 4656//8678 4711//8678
f 4711//8679 4656//8679 4712//8679
f 4712//8680 4656//8680 4713//8680
f 4713//8681 4656//8681 4714//8681
f 4714//8682 4656//8682 4715//8682
f 4715//8683 4656//8683 4716//8683
f 4716//8684 4656//8684 4717//8684
f 4717//8685 4656//8685 4718//8685
f 4718//8686 4656//8686 4719//8686
f 4719//8687 4656//8687 4720//8687
f 4720//8688 4656//8688 4721//8688
f 4721//8689 4656//8689 4722//8689
f 4722//8690 4656//8690 4723//8690
f 4723//8691 4656//8691 4724//8691
f 4724//8692 4656//8692 4725//8692
f 4725//8693 4656//8693 4726//8693
f 4726//8694 4656//8694 4727//8694
f 4727//8695 4656//8695 4728//8695
f 4728//8696 4656//8696 4729//8696
f 4729//8697 4656//8697 4730//8697
f 4730//8698 4656//8698 4731//8698
f 4731//8699 4657//8700 4732//8699
f 4732//8701 4657//8701 4733//8701
f 4733//8702 4657//8702 4734//8702
f 4734//8703 4657//8703 4735//8703
f 4735//8704 4657//8704 4736//8704
f 4736//8705 4657//8705 4737//8705
f 4737//8706 4657//8706 4738//8706
f 4738//8707 4657//8707 4739//8707
f 4739//8708 4657//8708 4740//8708
f 4740//8709 4657//8709 4741//8709
f 4741//8710 4657//8710 4742//8710
f 4742//8711 4657//8711 4743//8711
f 4743//8712 4657//8712 4744//8712
f 4744//8713 4657//8713 4745//8713
f 4745//8714 4657//8714 4746//8714
f 4746//8715 4657//8715 4747//8715
f 4747//8716 4657//8717 4748//8716
f 4748//8718 4657//8718 4749//8718
f 4749//8719 4657//8719 4750//8719
f 4750//8720 4657//8720 4751//8720
f 4751//8721 4657//8721 4752//8721
f 4752//8722 4657//8723 4753//8722
f 4656//8724 4657//8725 4731//8724
f 4657//8726 4655//8727 4753//8727
f 4753//8728 4655//8728 4754//8728
f 4754//8729 4655//8729 4755//8729
f 4755//8730 4655//8730 4756//8730
f 4756//8731 4655//8731 4757//8731
f 4757//8732 4655//8732 4758//8732
f 4758//8733 4655//8733 4759//8733
f 4759//8734 4655//8734 4760//8734
f 4760//8735 4655//8735 4761//8735
f 4761//8736 4655//8736 4762//8736
f 4762//8737 4655//8737 4763//8737
f 4763//8738 4655//8738 4764//8738
f 4764//8739 4655//8739 4765//8739
f 4765//8740 4655//8740 4766//8740
f 4766//8741 4655//8741 4767//8741
f 4767//8742 4655//8742 4768//8742
f 4768//8743 4655//8743 4769//8743
f 4769//8744 4655//8744 4770//8744
f 4770//8745 4655//8745 4771//8745
f 4771//8746 4655//8746 4772//8746
f 4772//8747 4655//8747 4773//8747
f 4655//8748 4653//8748 4773//8748
f 4773//8749 4653//8749 4774//8749
f 4774//8750 4653//8750 4775//8750
f 4775//8751 4653//8751 4776//8751
f 4776//8752 4653//8752 4777//8752
f 4777//8753 4653//8753 4778//8753
f 4778//8754 4653//8754 4779//8754
f 4779//8755 4653//8755 4780//8755
f 4780//8756 4653//8756 4781//8756
f 4781//8757 4653//8757 4782//8757
f 4782//8758 4653//8758 4783//8758
f 4783//8759 4653//8759 4658//8759
f 4784//8760 4673//8760 4674//8760
f 4785//8761 4674//8761 4675//8761
f 4785//8762 4784//8762 4674//8762
f 4786//8763 4672//8763 4673//8763
f 4786//846 4673//846 4784//846
f 4787//8763 4675//8763 4676//8763
f 4787//14 4785//14 4675//14
f 4788//8764 4671//8764 4672//8764
f 4788//8765 4672//8765 4786//8765
f 4789//8766 4676//8766 4677//8766
f 4789//11 4787//11 4676//11
f 4790//8767 4670//8767 4671//8767
f 4790//8766 4671//8766 4788//8766
f 4791//8760 4677//8760 4678//8760
f 4791//8768 4789//8768 4677//8768
f 4792//8769 4669//8769 4670//8769
f 4792//11 4670//11 4790//11
f 4793//8770 4678//8770 4679//8770
f 4793//1578 4791//1578 4678//1578
f 4794//8761 4668//8761 4669//8761
f 4794//8771 4669//8771 4792//8771
f 4795//14 4793//14 4679//14
f 4795//11 4679//11 4680//11
f 4796//14 4667//14 4668//14
f 4796//8772 4668//8772 4794//8772
f 4797//14 4680//14 4681//14
f 4797//1125 4795//1125 4680//1125
f 4798//11 4666//11 4667//11
f 4798//8765 4667//8765 4796//8765
f 4799//8773 4681//8773 4682//8773
f 4799//8774 4797//8774 4681//8774
f 4800//14 4665//14 4666//14
f 4800//8554 4666//8554 4798//8554
f 4801//8775 4799//8775 4682//8775
f 4801//8763 4682//8763 4683//8763
f 4802//8763 4664//8763 4665//8763
f 4802//8776 4665//8776 4800//8776
f 4803//8777 4801//8777 4683//8777
f 4803//8763 4683//8763 4684//8763
f 4804//34 4663//34 4664//34
f 4804//8778 4664//8778 4802//8778
f 4805//8769 4803//8769 4684//8769
f 4805//14 4684//14 4685//14
f 4806//8779 4662//8779 4663//8779
f 4806//24 4663//24 4804//24
f 4807//8764 4685//8764 4686//8764
f 4807//1125 4805//1125 4685//1125
f 4808//29 4661//29 4662//29
f 4808//8780 4662//8780 4806//8780
f 4809//8760 4686//8760 4687//8760
f 4809//20 4807//20 4686//20
f 4810//27 4660//27 4661//27
f 4810//1125 4661//1125 4808//1125
f 4811//1126 4687//1126 4688//1126
f 4811//8781 4809//8781 4687//8781
f 4812//11 4659//11 4660//11
f 4812//8776 4660//8776 4810//8776
f 4813//14 4688//14 4689//14
f 4813//8763 4811//8763 4688//8763
f 4814//9 4658//9 4659//9
f 4814//20 4659//20 4812//20
f 4815//8763 4689//8763 4690//8763
f 4815//8763 4813//8763 4689//8763
f 4816//8761 4783//8761 4658//8761
f 4816//27 4658//27 4814//27
f 4817//21 4690//21 4691//21
f 4817//1127 4815//1127 4690//1127
f 4818//8782 4782//8782 4783//8782
f 4818//12 4783//12 4816//12
f 4819//8761 4691//8761 4692//8761
f 4819//8783 4817//8783 4691//8783
f 4820//8784 4781//8784 4782//8784
f 4820//8764 4782//8764 4818//8764
f 4821//8765 4692//8765 4693//8765
f 4821//835 4819//835 4692//835
f 4822//2023 4781//2023 4820//2023
f 4822//828 4780//828 4781//828
f 4823//8782 4821//8782 4693//8782
f 4823//11 4693//11 4694//11
f 4824//8785 4780//8785 4822//8785
f 4824//8762 4779//8762 4780//8762
f 4825//14 4823//14 4694//14
f 4825//8786 4694//8786 4695//8786
f 4826//8771 4779//8771 4824//8771
f 4826//8778 4778//8778 4779//8778
f 4827//21 4825//21 4695//21
f 4827//831 4695//831 4696//831
f 4828//34 4778//34 4826//34
f 4828//8767 4777//8767 4778//8767
f 4829//8766 4827//8766 4696//8766
f 4829//8765 4696//8765 4697//8765
f 4830//8760 4777//8760 4828//8760
f 4776//8494 4777//8494 4830//8494
f 4831//828 4829//828 4697//828
f 4698//34 4831//34 4697//34
f 4832//24 4776//24 4830//24
f 4775//8554 4776//8554 4832//8554
f 4833//8766 4831//8766 4698//8766
f 4699//835 4833//835 4698//835
f 4834//8766 4775//8766 4832//8766
f 4774//9 4775//9 4834//9
f 4835//21 4833//21 4699//21
f 4700//8787 4835//8787 4699//8787
f 4836//8776 4774//8776 4834//8776
f 4773//8494 4774//8494 4836//8494
f 4837//11 4835//11 4700//11
f 4701//8782 4837//8782 4700//8782
f 4838//8788 4773//8788 4836//8788
f 4772//1127 4773//1127 4838//1127
f 4839//833 4837//833 4701//833
f 4702//8789 4839//8789 4701//8789
f 4840//8764 4772//8764 4838//8764
f 4771//8784 4772//8784 4840//8784
f 4841//12 4839//12 4702//12
f 4703//8781 4841//8781 4702//8781
f 4842//34 4771//34 4840//34
f 4770//8765 4771//8765 4842//8765
f 4843//11 4841//11 4703//11
f 4704//8765 4843//8765 4703//8765
f 4844//831 4770//831 4842//831
f 4769//8788 4770//8788 4844//8788
f 4845//8766 4843//8766 4704//8766
f 4705//8554 4845//8554 4704//8554
f 4846//8790 4769//8790 4844//8790
f 4847//11 4845//11 4705//11
f 4768//11 4769//11 4846//11
f 4848//831 4768//831 4846//831
f 4706//11 4847//11 4705//11
f 4849//8769 4847//8769 4706//8769
f 4767//8768 4768//8768 4848//8768
f 4850//1125 4767//1125 4848//1125
f 4707//8495 4849//8495 4706//8495
f 4851//8761 4849//8761 4707//8761
f 4766//34 4767//34 4850//34
f 4852//8784 4766//8784 4850//8784
f 4708//8769 4851//8769 4707//8769
f 4853//11 4851//11 4708//11
f 4765//14 4766//14 4852//14
f 4854//8554 4765//8554 4852//8554
f 4709//21 4853//21 4708//21
f 4855//34 4853//34 4709//34
f 4764//11 4765//11 4854//11
f 4856//846 4764//846 4854//846
f 4710//14 4855//14 4709//14
f 4857//8785 4855//8785 4710//8785
f 4763//12 4764//12 4856//12
f 4858//8791 4763//8791 4856//8791
f 4711//8777 4857//8777 4710//8777
f 4859//11 4857//11 4711//11
f 4762//8792 4763//8792 4858//8792
f 4860//14 4762//14 4858//14
f 4712//8495 4859//8495 4711//8495
f 4861//14 4859//14 4712//14
f 4761//21 4762//21 4860//21
f 4862//14 4761//14 4860//14
f 4713//8781 4861//8781 4712//8781
f 4863//21 4861//21 4713//21
f 4760//8793 4761//8793 4862//8793
f 4760//8794 4862//8794 4864//8794
f 4714//8762 4865//8762 4863//8762
f 4714//8493 4863//8493 4713//8493
f 4759//8765 4760//8765 4864//8765
f 4759//8769 4864//8769 4866//8769
f 4715//11 4867//11 4865//11
f 4715//8784 4865//8784 4714//8784
f 4758//1125 4759//1125 4866//1125
f 4758//8778 4866//8778 4868//8778
f 4716//8778 4869//8778 4867//8778
f 4716//8795 4867//8795 4715//8795
f 4757//8761 4868//8761 4870//8761
f 4757//34 4758//34 4868//34
f 4717//8782 4871//8782 4869//8782
f 4717//835 4869//835 4716//835
f 4756//8551 4870//8551 4872//8551
f 4756//8493 4757//8493 4870//8493
f 4718//8796 4873//8796 4871//8796
f 4718//8797 4871//8797 4717//8797
f 4755//8775 4756//8775 4872//8775
f 4755//8765 4872//8765 4874//8765
f 4719//8778 4873//8778 4718//8778
f 4719//34 4875//34 4873//34
f 4754//831 4755//831 4874//831
f 4754//8798 4874//8798 4876//8798
f 4720//8792 4877//8792 4875//8792
f 4720//8799 4875//8799 4719//8799
f 4753//1578 4754//1578 4876//1578
f 4753//8784 4876//8784 4878//8784
f 4721//8766 4877//8766 4720//8766
f 4721//8781 4879//8781 4877//8781
f 4752//8778 4753//8778 4878//8778
f 4752//8785 4878//8785 4880//8785
f 4722//2023 4879//2023 4721//2023
f 4722//8779 4881//8779 4879//8779
f 4751//34 4752//34 4880//34
f 4751//8761 4880//8761 4882//8761
f 4723//8551 4881//8551 4722//8551
f 4723//8792 4883//8792 4881//8792
f 4750//8784 4751//8784 4882//8784
f 4750//8792 4882//8792 4884//8792
f 4724//839 4885//839 4883//839
f 4724//8495 4883//8495 4723//8495
f 4749//8493 4750//8493 4884//8493
f 4749//835 4884//835 4886//835
f 4725//11 4887//11 4885//11
f 4725//840 4885//840 4724//840
f 4748//25 4749//25 4886//25
f 4748//8797 4886//8797 4888//8797
f 4726//8765 4889//8765 4887//8765
f 4726//8763 4887//8763 4725//8763
f 4747//8776 4748//8776 4888//8776
f 4747//25 4888//25 4890//25
f 4727//27 4891//27 4889//27
f 4727//8760 4889//8760 4726//8760
f 4746//8551 4747//8551 4890//8551
f 4746//8789 4890//8789 4892//8789
f 4728//8551 4893//8551 4891//8551
f 4728//8783 4891//8783 4727//8783
f 4745//8763 4746//8763 4892//8763
f 4745//8785 4892//8785 4894//8785
f 4729//8799 4895//8799 4893//8799
f 4729//8501 4893//8501 4728//8501
f 4744//8767 4745//8767 4894//8767
f 4744//27 4894//27 4896//27
f 4730//11 4897//11 4895//11
f 4730//831 4895//831 4729//831
f 4743//1125 4744//1125 4896//1125
f 4743//27 4896//27 4898//27
f 4731//14 4899//14 4897//14
f 4731//8778 4897//8778 4730//8778
f 4742//8762 4743//8762 4898//8762
f 4742//8784 4898//8784 4900//8784
f 4732//8782 4901//8782 4899//8782
f 4732//8761 4899//8761 4731//8761
f 4741//835 4742//835 4900//835
f 4741//8776 4900//8776 4902//8776
f 4733//1125 4903//1125 4901//1125
f 4733//8800 4901//8800 4732//8800
f 4740//8801 4902//8801 4904//8801
f 4740//8802 4741//8802 4902//8802
f 4734//8776 4905//8776 4903//8776
f 4734//8803 4903//8803 4733//8803
f 4739//8761 4904//8761 4906//8761
f 4739//828 4740//828 4904//828
f 4735//11 4907//11 4905//11
f 4735//8760 4905//8760 4734//8760
f 4738//8776 4906//8776 4908//8776
f 4738//14 4739//14 4906//14
f 4736//831 4909//831 4907//831
f 4736//8804 4907//8804 4735//8804
f 4737//1125 4908//1125 4909//1125
f 4737//1125 4909//1125 4736//1125
f 4737//8776 4738//8776 4908//8776
f 4880//8805 4878//8805 4910//8805
f 4882//8806 4880//8806 4910//8806
f 4884//8807 4882//8807 4910//8807
f 4886//8808 4884//8808 4910//8808
f 4888//8809 4886//8809 4910//8809
f 4890//8810 4888//8810 4910//8810
f 4892//8811 4890//8811 4910//8811
f 4894//8812 4892//8812 4910//8812
f 4896//8813 4894//8813 4910//8813
f 4898//8814 4896//8814 4910//8814
f 4900//8815 4910//8816 4911//8817
f 4900//8818 4898//8819 4910//8820
f 4902//8821 4900//8821 4911//8821
f 4904//8822 4902//8822 4911//8822
f 4906//8823 4904//8823 4911//8823
f 4908//8824 4906//8824 4911//8824
f 4909//8825 4908//8825 4911//8825
f 4907//8826 4909//8826 4911//8826
f 4905//8827 4907//8827 4911//8827
f 4903//8828 4905//8828 4911//8828
f 4901//8829 4903//8829 4911//8829
f 4899//8830 4901//8830 4911//8830
f 4897//8831 4899//8831 4911//8831
f 4895//8832 4897//8832 4911//8832
f 4893//8833 4895//8833 4911//8833
f 4891//8834 4893//8834 4911//8834
f 4889//8835 4891//8835 4911//8835
f 4887//8836 4889//8836 4911//8836
f 4885//8837 4887//8837 4911//8837
f 4883//8838 4885//8838 4911//8838
f 4881//8839 4883//8839 4911//8839
f 4879//8840 4881//8840 4911//8840
f 4877//8841 4911//8842 4912//8841
f 4877//8843 4879//8843 4911//8844
f 4875//8845 4877//8845 4912//8845
f 4873//8846 4875//8846 4912//8846
f 4871//8847 4873//8847 4912//8847
f 4869//8848 4871//8848 4912//8848
f 4867//8849 4869//8849 4912//8849
f 4865//8850 4867//8850 4912//8850
f 4863//8851 4865//8851 4912//8851
f 4861//8852 4863//8852 4912//8852
f 4859//8853 4861//8853 4912//8853
f 4857//8854 4859//8854 4912//8854
f 4855//8855 4857//8855 4912//8855
f 4853//8856 4855//8856 4912//8856
f 4851//8857 4853//8857 4912//8857
f 4849//8858 4851//8858 4912//8858
f 4847//8859 4849//8859 4912//8859
f 4845//8860 4847//8860 4912//8860
f 4843//8861 4845//8861 4912//8861
f 4841//8862 4843//8862 4912//8862
f 4839//8863 4841//8863 4912//8863
f 4837//8864 4839//8864 4912//8864
f 4835//8865 4912//8866 4913//8865
f 4835//8867 4837//8867 4912//8868
f 4833//8869 4835//8869 4913//8869
f 4831//8870 4833//8870 4913//8870
f 4829//8871 4831//8871 4913//8871
f 4827//8872 4829//8872 4913//8872
f 4825//8873 4827//8873 4913//8873
f 4823//8874 4825//8874 4913//8874
f 4821//8875 4823//8875 4913//8875
f 4819//8876 4821//8876 4913//8876
f 4817//8877 4819//8877 4913//8877
f 4815//8878 4817//8878 4913//8878
f 4813//8879 4815//8879 4913//8879
f 4811//8880 4813//8880 4913//8880
f 4809//8881 4811//8881 4913//8881
f 4807//8882 4809//8882 4913//8882
f 4805//8883 4807//8883 4913//8883
f 4803//8884 4805//8884 4913//8884
f 4801//8885 4803//8885 4913//8885
f 4799//8886 4801//8886 4913//8886
f 4797//8887 4799//8887 4913//8887
f 4795//8888 4797//8888 4913//8888
f 4793//8889 4913//8889 4914//8889
f 4793//8890 4795//8890 4913//8890
f 4791//8891 4793//8891 4914//8891
f 4789//8892 4791//8892 4914//8892
f 4787//8893 4789//8893 4914//8893
f 4785//8894 4787//8894 4914//8894
f 4784//8895 4785//8895 4914//8895
f 4786//8896 4784//8896 4914//8896
f 4788//8897 4786//8897 4914//8897
f 4790//8898 4788//8898 4914//8898
f 4792//8899 4790//8899 4914//8899
f 4794//8900 4792//8900 4914//8900
f 4796//8901 4794//8901 4914//8901
f 4798//8902 4796//8902 4914//8902
f 4800//8903 4798//8903 4914//8903
f 4802//8904 4800//8904 4914//8904
f 4804//8905 4802//8905 4914//8905
f 4806//8906 4804//8906 4914//8906
f 4808//8907 4806//8907 4914//8907
f 4810//8908 4808//8908 4914//8908
f 4812//8909 4810//8909 4914//8909
f 4814//8910 4812//8910 4914//8910
f 4816//8911 4814//8911 4914//8911
f 4816//8912 4914//8912 4915//8912
f 4818//8913 4816//8913 4915//8913
f 4820//8914 4818//8914 4915//8914
f 4822//8915 4820//8915 4915//8915
f 4824//8916 4822//8916 4915//8916
f 4826//8917 4824//8917 4915//8917
f 4828//8918 4826//8918 4915//8918
f 4830//8919 4828//8919 4915//8919
f 4832//8920 4830//8920 4915//8920
f 4834//8921 4832//8921 4915//8921
f 4836//8922 4834//8922 4915//8922
f 4838//8923 4836//8923 4915//8923
f 4840//8924 4838//8924 4915//8924
f 4842//8925 4840//8925 4915//8925
f 4844//8926 4842//8926 4915//8926
f 4846//8927 4844//8927 4915//8927
f 4848//8928 4846//8928 4915//8928
f 4850//8929 4848//8929 4915//8929
f 4852//8930 4850//8930 4915//8930
f 4854//8931 4852//8931 4915//8931
f 4856//8932 4854//8932 4915//8932
f 4858//8933 4915//8933 4910//8933
f 4858//8934 4856//8934 4915//8934
f 4860//8935 4858//8935 4910//8935
f 4862//8936 4860//8936 4910//8936
f 4864//8937 4862//8937 4910//8937
f 4866//8938 4864//8938 4910//8938
f 4868//8939 4866//8939 4910//8939
f 4870//8940 4868//8940 4910//8940
f 4872//8941 4870//8941 4910//8941
f 4874//8942 4872//8942 4910//8942
f 4876//8943 4874//8943 4910//8943
f 4878//8944 4876//8944 4910//8944
f 4913//14 4916//14 4914//14
f 4917//34 4916//34 4913//34
f 4918//34 4915//34 4914//34
f 4918//14 4914//14 4916//14
f 4912//14 4919//14 4917//14
f 4912//831 4917//831 4913//831
f 4910//11 4918//11 4920//11
f 4910//1125 4915//1125 4918//1125
f 4911//831 4920//831 4921//831
f 4911//11 4921//11 4919//11
f 4911//11 4919//11 4912//11
f 4911//11 4910//11 4920//11
f 4917//8945 4919//8945 4922//8945
f 4919//8946 4921//8946 4922//8946
f 4921//8947 4920//8947 4922//8947
f 4920//8948 4918//8948 4922//8948
f 4918//8949 4916//8949 4922//8949
f 4916//8950 4917//8950 4922//8950
f 4538//679 4541//679 4923//679
f 4923//679 4541//679 4924//679
f 4924//8951 4531//8951 4925//8951
f 4541//1411 4531//1411 4924//1411
f 4925//682 4529//682 4926//682
f 4531//4713 4529//4713 4925//4713
f 4926//674 4525//674 4927//674
f 4529//674 4525//674 4926//674
f 4927//676 4523//676 4928//676
f 4525//744 4523//744 4927//744
f 4928//677 4528//677 4929//677
f 4523//677 4528//677 4928//677
f 4528//8952 4530//8952 4929//8952
f 4929//8953 4530//8953 4930//8953
f 4930//8954 4535//8954 4931//8954
f 4530//8955 4535//8955 4930//8955
f 4931//8956 4532//8956 4932//8956
f 4535//8957 4532//8957 4931//8957
f 4932//8958 4534//8958 4933//8958
f 4532//8959 4534//8959 4932//8959
f 4934//8960 4935//8960 4534//8960
f 4534//8961 4936//8961 4933//8961
f 4935//8962 4936//8962 4534//8962
f 4933//8963 4937//8963 4938//8963
f 4936//8964 4937//8964 4933//8964
f 4939//8965 4540//8965 4937//8965
f 4937//8966 4540//8966 4938//8966
f 4939//8967 4940//8967 4540//8967
f 4938//8968 4539//8968 4923//8968
f 4540//8969 4539//8969 4938//8969
f 4539//8970 4536//8970 4923//8970
f 4536//8971 4538//8971 4923//8971
f 4941//8972 4940//8972 4939//8972
f 4942//8973 4940//8973 4941//8973
f 4943//8974 4942//8974 4941//8974
f 4944//8975 4942//8975 4943//8975
f 4945//8976 4944//8976 4943//8976
f 4946//8977 4944//8977 4945//8977
f 4947//8978 4946//8978 4945//8978
f 4948//8979 4946//8979 4947//8979
f 4949//8980 4947//8980 4950//8980
f 4949//8981 4948//8981 4947//8981
f 4951//8982 4950//8982 4952//8982
f 4951//8983 4949//8983 4950//8983
f 4953//8984 4951//8984 4952//8984
f 4954//8985 4953//8985 4952//8985
f 4955//8986 4953//8986 4954//8986
f 4956//8987 4955//8987 4954//8987
f 4560//8988 4563//8988 4957//8988
f 4957//8989 4564//8989 4958//8989
f 4563//8990 4564//8990 4957//8990
f 4564//8991 4565//8991 4958//8991
f 4955//8992 4956//8992 4565//8992
f 4956//8993 4959//8993 4565//8993
f 4565//8994 4959//8994 4958//8994
f 4958//8995 4960//8995 4961//8995
f 4959//8996 4960//8996 4958//8996
f 4962//8997 4583//8997 4960//8997
f 4961//8998 4583//8998 4963//8998
f 4960//8999 4583//8999 4961//8999
f 4962//9000 4964//9000 4583//9000
f 4963//9001 4585//9001 4965//9001
f 4583//9002 4585//9002 4963//9002
f 4965//9003 4589//9003 4966//9003
f 4585//9004 4589//9004 4965//9004
f 4966//9005 4586//9005 4967//9005
f 4589//9006 4586//9006 4966//9006
f 4586//9007 4574//9007 4967//9007
f 4968//9008 4964//9008 4962//9008
f 4969//9009 4964//9009 4968//9009
f 4970//9010 4969//9010 4968//9010
f 4971//9011 4969//9011 4970//9011
f 4972//9012 4971//9012 4970//9012
f 4973//9013 4971//9013 4972//9013
f 4974//9014 4973//9014 4972//9014
f 4975//9015 4973//9015 4974//9015
f 4976//9016 4974//9016 4977//9016
f 4976//9017 4975//9017 4974//9017
f 4978//9018 4977//9018 4979//9018
f 4978//9019 4976//9019 4977//9019
f 4980//9020 4978//9020 4979//9020
f 4981//9021 4980//9021 4979//9021
f 4982//9022 4980//9022 4981//9022
f 4983//9023 4982//9023 4981//9023
f 4583//9024 4964//9024 4969//9024
f 4584//9025 4969//9025 4971//9025
f 4584//9026 4583//9026 4969//9026
f 4593//9027 4971//9027 4973//9027
f 4593//9025 4584//9025 4971//9025
f 4595//9028 4973//9028 4975//9028
f 4595//9027 4593//9027 4973//9027
f 4597//9029 4975//9029 4976//9029
f 4597//9028 4595//9028 4975//9028
f 4610//9030 4976//9030 4978//9030
f 4610//9029 4597//9029 4976//9029
f 4609//9031 4978//9031 4980//9031
f 4609//9032 4610//9032 4978//9032
f 4605//9033 4980//9033 4982//9033
f 4605//9034 4609//9034 4980//9034
f 4603//9035 4605//9035 4982//9035
f 4621//9036 4611//9036 4984//9036
f 4984//9037 4611//9037 4985//9037
f 4985//9038 4608//9038 4986//9038
f 4611//9039 4608//9039 4985//9039
f 4986//9040 4604//9040 4987//9040
f 4608//9041 4604//9041 4986//9041
f 4987//9042 4603//9042 4988//9042
f 4604//9043 4603//9043 4987//9043
f 4982//9044 4983//9044 4603//9044
f 4603//9045 4989//9045 4988//9045
f 4983//9046 4989//9046 4603//9046
f 4988//9047 4990//9047 4991//9047
f 4989//9048 4990//9048 4988//9048
f 4992//9049 4600//9049 4990//9049
f 4990//9050 4600//9050 4991//9050
f 4992//9051 4993//9051 4600//9051
f 4991//9052 4599//9052 4994//9052
f 4600//9053 4599//9053 4991//9053
f 4599//9054 4601//9054 4994//9054
f 4601//9055 4602//9055 4994//9055
f 4995//9056 4993//9056 4992//9056
f 4996//9057 4993//9057 4995//9057
f 4997//9058 4996//9058 4995//9058
f 4998//9059 4996//9059 4997//9059
f 4999//9060 4998//9060 4997//9060
f 5000//9061 4998//9061 4999//9061
f 5001//9062 5000//9062 4999//9062
f 5002//9063 5000//9063 5001//9063
f 5003//9064 5001//9064 5004//9064
f 5003//9065 5002//9065 5001//9065
f 5005//9066 5004//9066 5006//9066
f 5005//9067 5003//9067 5004//9067
f 5007//9068 5005//9068 5006//9068
f 5008//9069 5007//9069 5006//9069
f 5009//9070 5007//9070 5008//9070
f 5010//9071 5009//9071 5008//9071
f 4582//9072 4581//9072 5011//9072
f 5011//9073 4578//9073 5012//9073
f 4581//9074 4578//9074 5011//9074
f 4578//9075 4580//9075 5012//9075
f 5009//9076 5010//9076 4580//9076
f 5010//9077 5013//9077 4580//9077
f 4580//9078 5013//9078 5012//9078
f 5012//9079 5014//9079 5015//9079
f 5013//9080 5014//9080 5012//9080
f 5016//9081 4566//9081 5014//9081
f 5015//9082 4566//9082 5017//9082
f 5014//9083 4566//9083 5015//9083
f 5016//9084 5018//9084 4566//9084
f 5017//9085 4558//9085 5019//9085
f 4566//9086 4558//9086 5017//9086
f 5019//9087 4549//9087 5020//9087
f 4558//9088 4549//9088 5019//9088
f 5020//9089 4555//9089 5021//9089
f 4549//9090 4555//9090 5020//9090
f 4555//9091 4561//9091 5021//9091
f 5022//9092 5018//9092 5016//9092
f 5023//9093 5018//9093 5022//9093
f 5024//9094 5023//9094 5022//9094
f 5025//9095 5023//9095 5024//9095
f 5026//9096 5025//9096 5024//9096
f 5027//9097 5025//9097 5026//9097
f 5028//9098 5027//9098 5026//9098
f 5029//9099 5027//9099 5028//9099
f 5030//9100 5028//9100 5031//9100
f 5030//9101 5029//9101 5028//9101
f 5032//9102 5031//9102 5033//9102
f 5032//9103 5030//9103 5031//9103
f 5034//9104 5032//9104 5033//9104
f 5035//9105 5034//9105 5033//9105
f 4934//9106 5034//9106 5035//9106
f 4935//9107 4934//9107 5035//9107
f 4937//396 5036//396 4939//396
f 4936//397 5036//397 4937//397
f 5035//509 5037//509 4935//509
f 4935//397 5037//397 4936//397
f 4936//396 5037//396 5036//396
f 4941//397 5038//397 4943//397
f 4939//396 5038//396 4941//396
f 5036//397 5038//397 4939//397
f 5033//396 5039//396 5035//396
f 5035//396 5039//396 5037//396
f 4943//396 5040//396 4945//396
f 5038//396 5040//396 4943//396
f 5031//396 5041//396 5033//396
f 5033//397 5041//397 5039//397
f 5040//397 5042//397 4945//397
f 4945//397 5042//397 4947//397
f 5031//397 5043//397 5041//397
f 5028//396 5043//396 5031//396
f 5028//396 5026//396 5043//396
f 5042//396 5044//396 4947//396
f 4947//396 5044//396 4950//396
f 5026//509 5045//509 5043//509
f 5026//396 5024//396 5045//396
f 5044//397 5046//397 4950//397
f 4950//396 5046//396 4952//396
f 5024//396 5047//396 5045//396
f 5024//397 5022//397 5047//397
f 5046//396 5048//396 4952//396
f 4952//397 5048//397 4954//397
f 5022//509 5049//509 5047//509
f 5022//396 5016//396 5049//396
f 5048//398 4956//398 4954//398
f 5048//396 5050//396 4956//396
f 5050//397 4959//397 4956//397
f 5016//397 5014//397 5049//397
f 5050//397 4960//397 4959//397
f 5014//396 5051//396 5049//396
f 5013//398 5051//398 5014//398
f 5013//396 5010//396 5051//396
f 4960//625 5052//625 4962//625
f 5050//399 5052//399 4960//399
f 5010//397 5053//397 5051//397
f 5010//399 5008//399 5053//399
f 5052//397 4968//397 4962//397
f 5052//396 5054//396 4968//396
f 5008//396 5006//396 5053//396
f 5053//396 5006//396 5055//396
f 5054//397 4970//397 4968//397
f 5054//397 5056//397 4970//397
f 5055//397 5004//397 5057//397
f 5006//396 5004//396 5055//396
f 5056//397 4972//397 4970//397
f 5056//509 5058//509 4972//509
f 5057//509 5001//509 5059//509
f 5004//398 5001//398 5057//398
f 5058//396 4974//396 4972//396
f 5059//396 4999//396 5060//396
f 5001//397 4999//397 5059//397
f 5061//397 4977//397 5058//397
f 5058//509 4977//509 4974//509
f 5060//396 4997//396 5062//396
f 4999//396 4997//396 5060//396
f 5063//397 4979//397 5061//397
f 5061//396 4979//396 4977//396
f 4997//396 4995//396 5062//396
f 5064//396 4981//396 5063//396
f 5063//397 4981//397 4979//397
f 4990//396 4989//396 5065//396
f 5065//400 4989//400 5064//400
f 4995//396 4992//396 5062//396
f 5065//398 4992//398 4990//398
f 5062//398 4992//398 5065//398
f 5064//397 4983//397 4981//397
f 4989//397 4983//397 5064//397
f 5066//9108 5058//9108 5067//9108
f 5067//9109 5056//9109 5068//9109
f 5058//9108 5056//9108 5067//9108
f 5056//9109 5054//9109 5068//9109
f 5068//2912 5052//2912 5069//2912
f 5054//2912 5052//2912 5068//2912
f 5069//9110 5050//9110 5070//9110
f 5052//9111 5050//9111 5069//9111
f 5070//9112 5048//9112 5071//9112
f 5050//9113 5048//9113 5070//9113
f 5071//9114 5046//9114 5072//9114
f 5048//9114 5046//9114 5071//9114
f 5072//9115 5044//9115 5073//9115
f 5046//9115 5044//9115 5072//9115
f 5073//859 5042//859 5074//859
f 5044//678 5042//678 5073//678
f 5074//9116 5040//9116 5075//9116
f 5042//9116 5040//9116 5074//9116
f 5075//9117 5038//9117 5076//9117
f 5040//9117 5038//9117 5075//9117
f 5076//9118 5036//9118 5077//9118
f 5038//9118 5036//9118 5076//9118
f 5077//9119 5037//9119 5078//9119
f 5036//9120 5037//9120 5077//9120
f 5078//2900 5039//2900 5079//2900
f 5037//2900 5039//2900 5078//2900
f 5079//9121 5041//9121 5080//9121
f 5080//9122 5041//9122 5081//9122
f 5039//9123 5041//9123 5079//9123
f 5041//9122 5043//9122 5081//9122
f 5081//9124 5043//9124 5082//9124
f 5082//9125 5045//9125 5083//9125
f 5043//9124 5045//9124 5082//9124
f 5083//2902 5047//2902 5084//2902
f 5045//9125 5047//9125 5083//9125
f 5047//2902 5049//2902 5084//2902
f 5084//9126 5051//9126 5085//9126
f 5049//9127 5051//9127 5084//9127
f 5085//9128 5053//9128 5086//9128
f 5051//9128 5053//9128 5085//9128
f 5086//9129 5055//9129 5087//9129
f 5053//9129 5055//9129 5086//9129
f 5087//9130 5057//9130 5088//9130
f 5055//9130 5057//9130 5087//9130
f 5088//725 5059//725 5089//725
f 5057//726 5059//726 5088//726
f 5089//9131 5060//9131 5090//9131
f 5059//9131 5060//9131 5089//9131
f 5090//9132 5062//9132 5091//9132
f 5060//9132 5062//9132 5090//9132
f 5091//9133 5065//9133 5092//9133
f 5092//9134 5065//9134 5093//9134
f 5062//9135 5065//9135 5091//9135
f 5065//9134 5064//9134 5093//9134
f 5093//2911 5063//2911 5094//2911
f 5064//2911 5063//2911 5093//2911
f 5094//9136 5061//9136 5095//9136
f 5095//9137 5061//9137 5066//9137
f 5063//9136 5061//9136 5094//9136
f 5061//9137 5058//9137 5066//9137
f 5096//53 5070//53 5097//53
f 5098//52 5069//52 5096//52
f 5096//55 5069//55 5070//55
f 5097//54 5071//54 5099//54
f 5070//52 5071//52 5097//52
f 5100//54 5068//54 5098//54
f 5098//55 5068//55 5069//55
f 5071//52 5072//52 5099//52
f 5072//226 5101//226 5099//226
f 5100//55 5067//55 5068//55
f 5100//54 5102//54 5067//54
f 5072//54 5073//54 5101//54
f 5073//54 5103//54 5101//54
f 5102//52 5066//52 5067//52
f 5102//329 5104//329 5066//329
f 5073//55 5074//55 5103//55
f 5074//54 5105//54 5103//54
f 5104//52 5095//52 5066//52
f 5104//53 5106//53 5095//53
f 5074//53 5075//53 5105//53
f 5075//54 5107//54 5105//54
f 5106//55 5094//55 5095//55
f 5106//54 5108//54 5094//54
f 5075//53 5076//53 5107//53
f 5076//54 5109//54 5107//54
f 5108//54 5093//54 5094//54
f 5108//54 5110//54 5093//54
f 5076//52 5077//52 5109//52
f 5110//54 5092//54 5093//54
f 5077//55 5111//55 5109//55
f 5077//54 5078//54 5111//54
f 5110//54 5112//54 5092//54
f 5112//54 5091//54 5092//54
f 5078//1640 5113//1640 5111//1640
f 5078//52 5079//52 5113//52
f 5112//54 5114//54 5091//54
f 5114//54 5090//54 5091//54
f 5079//96 5115//96 5113//96
f 5079//1873 5080//1873 5115//1873
f 5114//53 5116//53 5090//53
f 5116//55 5089//55 5090//55
f 5080//329 5117//329 5115//329
f 5080//52 5081//52 5117//52
f 5116//55 5118//55 5089//55
f 5118//54 5088//54 5089//54
f 5081//52 5119//52 5117//52
f 5081//52 5082//52 5119//52
f 5118//52 5120//52 5088//52
f 5120//370 5087//370 5088//370
f 5083//54 5121//54 5082//54
f 5082//52 5121//52 5119//52
f 5087//55 5122//55 5086//55
f 5120//54 5122//54 5087//54
f 5084//54 5123//54 5083//54
f 5083//2067 5123//2067 5121//2067
f 5086//53 5124//53 5085//53
f 5122//53 5124//53 5086//53
f 5085//52 5125//52 5084//52
f 5124//52 5125//52 5085//52
f 5084//370 5125//370 5123//370
f 5118//9138 5126//9138 5120//9138
f 5120//9139 5127//9139 5122//9139
f 5126//9138 5127//9138 5120//9138
f 5122//1859 5128//1859 5124//1859
f 5127//9139 5128//9139 5122//9139
f 5128//1859 5129//1859 5124//1859
f 5124//9140 5130//9140 5125//9140
f 5129//9141 5130//9141 5124//9141
f 5125//9142 5131//9142 5123//9142
f 5130//9143 5131//9143 5125//9143
f 5123//9144 5132//9144 5121//9144
f 5131//9145 5132//9145 5123//9145
f 5121//9146 5133//9146 5119//9146
f 5132//9147 5133//9147 5121//9147
f 5119//673 5134//673 5117//673
f 5133//673 5134//673 5119//673
f 5117//9148 5135//9148 5115//9148
f 5134//9148 5135//9148 5117//9148
f 5115//9149 5136//9149 5113//9149
f 5113//9150 5136//9150 5111//9150
f 5135//9151 5136//9151 5115//9151
f 5111//9152 5137//9152 5109//9152
f 5136//9153 5137//9153 5111//9153
f 5137//9152 5138//9152 5109//9152
f 5109//1872 5139//1872 5107//1872
f 5138//1872 5139//1872 5109//1872
f 5107//9154 5140//9154 5105//9154
f 5139//9154 5140//9154 5107//9154
f 5105//9155 5141//9155 5103//9155
f 5140//9156 5141//9156 5105//9156
f 5103//9157 5141//9157 5101//9157
f 5101//9158 5142//9158 5099//9158
f 5141//9159 5142//9159 5101//9159
f 5142//9158 5143//9158 5099//9158
f 5099//2558 5144//2558 5097//2558
f 5143//1870 5144//1870 5099//1870
f 5097//9160 5145//9160 5096//9160
f 5144//9160 5145//9160 5097//9160
f 5096//9161 5146//9161 5098//9161
f 5145//9162 5146//9162 5096//9162
f 5098//9163 5147//9163 5100//9163
f 5146//9164 5147//9164 5098//9164
f 5100//9165 5148//9165 5102//9165
f 5147//9166 5148//9166 5100//9166
f 5102//11 5149//11 5104//11
f 5148//11 5149//11 5102//11
f 5104//9167 5150//9167 5106//9167
f 5106//9168 5150//9168 5108//9168
f 5149//9167 5150//9167 5104//9167
f 5150//9169 5151//9169 5108//9169
f 5108//9170 5152//9170 5110//9170
f 5151//9171 5152//9171 5108//9171
f 5110//9172 5153//9172 5112//9172
f 5112//2251 5153//2251 5114//2251
f 5152//9172 5153//9172 5110//9172
f 5153//1860 5154//1860 5114//1860
f 5114//9173 5155//9173 5116//9173
f 5154//9173 5155//9173 5114//9173
f 5116//9174 5126//9174 5118//9174
f 5155//9175 5126//9175 5116//9175
o rod5
v 16.702179 38.586395 47.239807
v 16.628565 38.588371 47.231903
v 16.555969 38.657043 47.341171
v 16.797609 38.497978 47.099384
v 16.735062 38.502155 47.097050
v 16.469185 38.651859 47.318657
v 16.376614 38.701401 47.391251
v 16.830753 38.402454 46.936840
v 16.772457 38.406330 46.934631
v 16.281183 38.682953 47.344112
v 16.185751 38.714119 47.384007
v 16.797609 38.311352 46.771782
v 16.735062 38.315487 46.769379
v 16.093180 38.676914 47.304382
v 16.006397 38.693661 47.320312
v 16.702179 38.235649 46.624111
v 16.628565 38.243458 46.626442
v 15.933798 38.634666 47.205528
v 15.860187 38.642494 47.207848
v 16.555969 38.184486 46.511654
v 16.469185 38.201210 46.527588
v 15.827303 38.562637 47.062592
v 15.764755 38.566795 47.060181
v 16.376614 38.164028 46.447952
v 16.281183 38.195171 46.487865
v 15.789907 38.471794 46.897343
v 15.731612 38.475689 46.895119
v 16.185751 38.176746 46.440712
v 16.093180 38.226265 46.513321
v 15.827303 38.375969 46.734924
v 15.764755 38.380169 46.732582
v 16.006397 38.221104 46.490791
v 15.933798 38.289753 46.600075
v 15.860187 38.291748 46.592159
v 15.820656 38.440647 46.915085
v 15.855518 38.525333 47.069138
v 15.954794 38.592480 47.202385
v 16.103371 38.631866 47.294537
v 16.278629 38.637493 47.331566
v 16.453888 38.608509 47.307838
v 16.602467 38.549328 47.226963
v 16.701740 38.468952 47.101254
v 16.736601 38.379623 46.949848
v 16.701740 38.294937 46.795795
v 16.602467 38.227795 46.662552
v 16.453888 38.188408 46.570400
v 16.278629 38.182777 46.533367
v 16.103371 38.211761 46.557095
v 15.954794 38.270947 46.637966
v 15.855518 38.351322 46.763680
v 13.374282 10.235590 62.780533
v 13.339421 10.324920 62.931938
v 13.473558 10.155216 62.654819
v 13.622137 10.096031 62.573948
v 13.797395 10.067048 62.550220
v 13.972653 10.072677 62.587250
v 14.121230 10.112062 62.679401
v 14.220507 10.179208 62.812649
v 14.255368 10.263891 62.966702
v 14.220507 10.353220 63.118107
v 14.121230 10.433595 63.243816
v 13.972653 10.492779 63.324692
v 13.797395 10.521764 63.348419
v 13.622137 10.516134 63.311390
v 13.473558 10.476748 63.219234
v 13.374282 10.409603 63.085991
v 13.175367 9.653840 63.522137
v 13.146839 9.566321 63.364094
v 13.258158 9.728990 63.666882
v 13.387108 9.784414 63.784145
v 13.549596 9.814689 63.862465
v 13.729714 9.816851 63.894161
v 13.909832 9.790687 63.876137
v 14.072319 9.738759 63.810154
v 14.201270 9.666151 63.702675
v 14.284061 9.579969 63.564220
v 14.312589 9.488649 63.408337
v 14.284061 9.401132 63.250294
v 14.201270 9.325982 63.105549
v 14.072319 9.270557 62.988281
v 13.909832 9.240282 62.909966
v 13.729714 9.238122 62.878269
v 13.549596 9.264285 62.896294
v 13.387108 9.316212 62.962273
v 13.258158 9.388821 63.069752
v 13.175367 9.475002 63.208210
v 15.695753 38.448956 46.910351
v 15.724281 38.357635 46.754467
v 15.807074 38.271454 46.616013
v 15.936023 38.198845 46.508533
v 16.098509 38.146919 46.442551
v 16.278627 38.120758 46.424526
v 16.458746 38.122917 46.456226
v 16.621233 38.153194 46.534538
v 16.750181 38.208618 46.651810
v 16.832973 38.283768 46.796551
v 16.861502 38.371284 46.954597
v 16.832973 38.462605 47.110481
v 16.750181 38.548786 47.248936
v 16.621233 38.621395 47.356415
v 16.458746 38.673325 47.422398
v 16.278627 38.699486 47.440422
v 16.098509 38.697323 47.408722
v 15.936023 38.667049 47.330410
v 15.807074 38.611626 47.213139
v 15.724281 38.536472 47.068398
v 15.810028 38.266376 46.793674
v 15.771998 38.363827 46.958843
v 15.816824 38.397228 46.939816
v 15.851686 38.307899 46.788414
v 15.918329 38.178696 46.656540
v 15.950962 38.227524 46.662704
v 16.080414 38.114132 46.568314
v 16.099539 38.168339 46.581833
v 16.271605 38.082512 46.542431
v 16.274797 38.139359 46.558105
v 16.462797 38.088654 46.582825
v 16.450056 38.144985 46.595135
v 16.624880 38.131618 46.683357
v 16.598635 38.184372 46.687286
v 16.733181 38.204868 46.828720
v 16.697908 38.251518 46.820534
v 16.771210 38.297249 46.996773
v 16.732769 38.336201 46.974586
v 15.758948 37.687565 47.123413
v 15.720918 37.785015 47.288582
v 15.867249 37.599884 46.986275
v 16.029333 37.535320 46.898045
v 16.220524 37.503700 46.872162
v 16.411716 37.509842 46.912563
v 16.573801 37.552807 47.013096
v 16.682100 37.626060 47.158451
v 16.720131 37.718441 47.326511
v 16.675304 37.685040 47.345539
v 16.640442 37.600353 47.191486
v 16.541168 37.533211 47.058239
v 16.392590 37.493824 46.966084
v 16.217333 37.488194 46.929050
v 16.042074 37.517178 46.952778
v 15.893497 37.576363 47.033657
v 15.794221 37.656738 47.159363
v 15.759359 37.746067 47.310768
v 16.541168 37.854744 47.622650
v 16.392590 37.913925 47.703529
v 16.217333 37.942909 47.727257
v 16.042074 37.937283 47.690220
v 15.893497 37.897896 47.598068
v 15.794221 37.830750 47.464821
v 16.640442 37.774368 47.496941
v 15.758948 37.877396 47.456642
v 15.867249 37.950649 47.601997
v 16.029333 37.993614 47.702530
v 16.220524 37.999756 47.742924
v 16.411716 37.968136 47.717041
v 16.573801 37.903572 47.628815
v 16.682100 37.815887 47.491680
v 16.733181 38.394699 47.161942
v 16.624880 38.482384 47.299084
v 16.462797 38.546947 47.387310
v 16.271605 38.578568 47.413193
v 16.080414 38.572422 47.372791
v 15.918329 38.529457 47.272266
v 15.810028 38.456207 47.126904
v 16.697908 38.425529 47.125992
v 16.598635 38.505901 47.251698
v 16.450056 38.565090 47.332577
v 16.274797 38.594070 47.356304
v 16.099539 38.588440 47.319271
v 15.950962 38.549057 47.227116
v 15.851686 38.481911 47.093868
v 16.739155 38.408550 46.933369
v 16.704294 38.497879 47.084778
v 16.605019 38.578255 47.210484
v 16.456442 38.637440 47.291359
v 16.281183 38.666424 47.315086
v 16.105923 38.660793 47.278057
v 15.957347 38.621407 47.185898
v 15.858070 38.554264 47.052654
v 15.823210 38.469582 46.898602
v 15.858070 38.380249 46.747196
v 15.957347 38.299873 46.621487
v 16.105923 38.240692 46.540611
v 16.281183 38.211708 46.516884
v 16.456442 38.217339 46.553921
v 16.605019 38.256721 46.646072
v 16.704294 38.323872 46.779316
v 16.000153 38.699440 47.329502
v 15.850621 38.647110 47.214485
v 16.183582 38.720360 47.394646
v 15.753021 38.569691 47.063461
v 15.719125 38.476517 46.894650
v 16.378784 38.707355 47.402054
v 15.753021 38.378822 46.728416
v 16.562212 38.661987 47.350834
v 15.850621 38.288395 46.584805
v 16.711742 38.589737 47.247166
v 16.000153 38.216145 46.481136
v 16.809343 38.499310 47.103554
v 16.183582 38.170780 46.429916
v 16.843239 38.401619 46.937321
v 16.378784 38.157772 46.437325
v 16.809343 38.308441 46.768513
v 16.562212 38.178696 46.502468
v 16.711742 38.231022 46.617485
v 16.851858 38.499290 46.881680
v 16.817963 38.596985 47.047913
v 16.720364 38.687408 47.191525
v 16.570831 38.759663 47.295193
v 16.387403 38.805027 47.346409
v 16.192202 38.818035 47.339005
v 16.008774 38.797112 47.273861
v 15.859241 38.744785 47.158844
v 15.761642 38.667362 47.007820
v 15.727744 38.574188 46.839008
v 15.761642 38.476498 46.672771
v 15.859241 38.386070 46.529156
v 16.008774 38.313820 46.425491
v 16.192202 38.268452 46.374275
v 16.387403 38.255444 46.381687
v 16.570831 38.276367 46.446827
v 16.720362 38.328697 46.561844
v 16.817963 38.406116 46.712864
v 15.782204 38.643337 46.799618
v 15.821329 38.543083 46.629696
v 15.932747 38.452881 46.488609
v 16.099495 38.386456 46.397842
v 16.296186 38.353928 46.371216
v 16.492880 38.360245 46.412777
v 16.659626 38.404449 46.516201
v 16.771046 38.479805 46.665741
v 16.810169 38.574844 46.838634
v 16.777351 38.666748 46.994877
v 16.683088 38.751289 47.128674
v 16.539415 38.817669 47.222939
v 16.364681 38.857414 47.265640
v 16.181202 38.865448 47.251320
v 16.012403 38.840744 47.181805
v 15.879848 38.786457 47.065979
v 15.826402 38.743908 46.983006
v 15.793374 38.695499 46.892918
v 16.057819 38.455513 46.512611
v 15.942299 38.523788 46.614567
v 16.212170 38.412254 46.460587
v 16.380205 38.401058 46.466961
v 15.942299 38.741550 46.996819
v 16.534555 38.423748 46.530708
v 16.057819 38.794434 47.107544
v 16.650074 38.476631 46.641434
v 16.212170 38.817123 47.171291
v 16.650076 38.694393 47.023685
v 16.380205 38.805931 47.177666
v 16.534555 38.762669 47.125641
v 15.963051 38.758934 46.480610
v 16.078571 38.690655 46.378658
v 16.232922 38.647392 46.326630
v 16.400957 38.636196 46.333008
v 16.555307 38.658890 46.396751
v 16.670828 38.711773 46.507481
v 15.963051 38.976692 46.862865
v 16.670828 38.929535 46.889732
v 16.555307 38.997810 46.991688
v 16.400957 39.041073 47.043713
v 16.232922 39.052269 47.037338
v 16.078571 39.029575 46.973591
v 16.081161 38.774899 46.526939
v 16.226879 38.712631 46.440212
v 16.025501 38.863651 46.674110
v 16.406998 38.700630 46.447048
v 16.081161 38.944984 46.825504
v 16.552715 38.743481 46.544842
v 16.226879 38.987835 46.923298
v 16.608376 38.824818 46.696232
v 16.406998 38.975834 46.930134
v 16.552715 38.913567 46.843403
v 16.614761 38.897167 46.655018
v 16.559101 38.985916 46.802189
v 16.413383 39.048183 46.888916
v 16.233265 39.060188 46.882080
v 16.087545 39.017338 46.784286
v 16.031887 38.936001 46.632896
v 16.087545 38.847252 46.485725
v 16.233265 38.784985 46.398994
v 16.413383 38.772984 46.405830
v 16.559101 38.815834 46.503620
v 16.614964 38.850864 46.489170
v 16.659588 38.930569 46.635990
v 16.493052 38.798466 46.378300
v 16.326515 38.787407 46.333096
v 16.159981 38.820656 46.365654
v 16.038069 38.889305 46.467274
v 15.993445 38.974953 46.610703
v 16.082836 39.987869 46.033669
v 16.127459 39.902222 45.890236
v 16.249371 39.833576 45.788624
v 16.415907 39.800327 45.756058
v 16.582443 39.811386 45.801262
v 16.704355 39.863785 45.912132
v 16.748978 39.943485 46.058952
v 16.704355 40.029137 46.202385
v 16.614964 39.016216 46.779423
v 16.582443 40.097778 46.304001
v 16.493052 39.084862 46.881035
v 16.415907 40.131027 46.336567
v 16.326515 39.118111 46.913601
v 16.159981 39.107056 46.868397
v 16.249372 40.119972 46.291359
v 16.127459 40.067570 46.180489
v 16.038069 39.054653 46.757526
v 16.710537 39.982437 46.036762
v 16.654879 40.071186 46.183933
v 16.509159 40.133453 46.270664
v 16.329041 40.145458 46.263828
v 16.183321 40.102604 46.166035
v 16.127661 40.021271 46.014641
v 16.183321 39.932522 45.867470
v 16.329041 39.870255 45.780743
v 16.509157 39.858253 45.787579
v 16.654879 39.901104 45.885372
v 16.126911 39.070248 46.375633
v 15.890518 39.070812 46.340004
v 15.996564 38.984959 46.205727
v 16.260139 39.013317 46.296337
v 16.155270 38.921738 46.119339
v 16.342478 38.890778 46.093990
v 16.076021 39.151394 46.510189
v 15.853280 39.166233 46.501736
v 15.890518 39.256691 46.666290
v 16.424818 39.002346 46.302593
v 16.529686 38.896790 46.133549
v 16.126911 39.225754 46.648609
v 15.996564 39.328415 46.808620
v 16.688395 38.938862 46.231987
v 16.558048 39.041523 46.392002
v 16.260139 39.264931 46.738018
v 16.155270 39.370483 46.907059
v 16.794441 39.010586 46.374313
v 16.608936 39.115887 46.530415
v 16.342478 39.376499 46.946617
v 16.424818 39.253960 46.744270
v 16.831678 39.101044 46.538872
v 16.794441 39.196461 46.700600
v 16.558048 39.197029 46.664970
v 16.529686 39.345535 46.921268
v 16.688395 39.282318 46.834881
v 16.236277 39.187218 46.356689
v 16.200928 39.215836 46.401447
v 16.356131 39.288349 46.432167
v 16.045723 39.143326 46.370728
v 16.289179 39.166145 46.327888
v 16.116419 39.086086 46.281208
v 16.351582 39.155827 46.319443
v 16.222225 39.043941 46.223618
v 16.413982 39.157829 46.332630
v 16.347031 39.023304 46.206718
v 16.466887 39.171852 46.365440
v 16.471834 39.027313 46.233086
v 16.502235 39.195763 46.412884
v 16.577641 39.055359 46.298714
v 16.648336 39.103172 46.393604
v 16.466887 39.286339 46.566406
v 16.502235 39.257721 46.521648
v 16.648336 39.227093 46.611126
v 16.413982 39.307411 46.595200
v 16.577641 39.284328 46.700645
v 16.351582 39.317734 46.603653
v 16.471834 39.326477 46.758236
v 16.289179 39.315727 46.590466
v 16.347031 39.347115 46.775131
v 16.236277 39.301704 46.557655
v 16.222225 39.343105 46.748764
v 16.200928 39.277794 46.510212
v 16.116419 39.315060 46.683140
v 16.045723 39.267242 46.588249
v 16.101370 38.780842 46.540504
v 16.050482 38.861988 46.675060
v 16.234600 38.723911 46.461208
v 16.399279 38.712940 46.467457
v 16.532507 38.752117 46.556866
v 16.583395 38.826481 46.695286
v 15.864979 38.781410 46.504875
v 15.971023 38.695553 46.370594
v 16.129730 38.632332 46.284206
v 16.316938 38.601372 46.258858
v 15.827741 38.876827 46.666603
v 15.864979 38.967285 46.831161
v 16.504147 38.607388 46.298416
v 16.101370 38.936348 46.813473
v 15.971023 39.039009 46.973488
v 16.662855 38.649456 46.396854
v 16.234600 38.975525 46.902882
v 16.129730 39.081081 47.071926
v 16.768900 38.721184 46.539185
v 16.316938 39.087093 47.111485
v 16.399279 38.964554 46.909138
v 16.806139 38.811642 46.703739
v 16.504147 39.056133 47.086136
v 16.532507 38.907623 46.829842
v 16.768900 38.907059 46.865471
v 16.662855 38.992912 46.999748
v 16.613695 38.710629 46.617226
v 16.303286 38.689522 46.773308
v 16.423141 38.676167 46.647820
v 16.370239 38.662144 46.615009
v 16.542997 38.662811 46.522339
v 16.307837 38.660137 46.601822
v 16.437193 38.634766 46.456711
v 16.245434 38.670460 46.610275
v 16.312387 38.630756 46.430344
v 16.192532 38.691532 46.639069
v 16.187582 38.651398 46.447239
v 16.157183 38.720150 46.683830
v 16.081778 38.693542 46.504833
v 16.011080 38.750778 46.594349
v 16.157183 38.782108 46.792591
v 16.192532 38.806019 46.840034
v 16.011080 38.874699 46.811874
v 16.245434 38.820042 46.872845
v 16.081778 38.922512 46.906761
v 16.307837 38.822044 46.886032
v 16.187582 38.950562 46.972389
v 16.370239 38.811726 46.877586
v 16.312387 38.954571 46.998756
v 16.423141 38.790653 46.848785
v 16.437193 38.933929 46.981857
v 16.458488 38.762035 46.804028
v 16.542997 38.891785 46.924267
v 16.613695 38.834545 46.834747
v 15.780075 39.049271 46.358479
v 15.751276 39.141460 46.515850
v 15.763136 39.144341 46.514206
v 15.909546 39.035137 46.288021
v 15.863656 38.962265 46.218704
v 15.993836 38.888966 46.110199
v 16.051582 38.877094 46.089775
v 16.157873 38.836544 46.043591
v 16.342247 38.882320 46.086800
v 16.339710 38.810131 46.025391
v 16.521545 38.812313 46.057392
v 16.628479 38.838657 46.111671
v 16.685583 38.842876 46.136456
v 16.774891 38.977531 46.320953
v 16.815763 38.898830 46.254841
v 16.899343 38.974697 46.400963
v 16.916927 39.067467 46.558002
v 16.928144 39.063049 46.560516
v 16.749872 38.694656 46.481983
v 16.607834 38.604721 46.244938
v 16.896284 38.833530 46.691269
v 16.879343 38.748058 46.530075
v 16.908144 38.836411 46.689629
v 16.795761 38.672192 46.383953
v 16.665581 38.616238 46.265568
v 16.501545 38.585674 46.186504
v 16.317171 38.599499 46.247913
v 16.319708 38.583492 46.154503
v 16.137873 38.609905 46.172695
v 16.030937 38.643162 46.223042
v 15.973835 38.662327 46.239311
v 15.884527 38.752361 46.449226
v 15.843656 38.735630 46.347813
v 15.760075 38.822632 46.487591
v 15.742491 38.910404 46.647472
v 15.731275 38.914822 46.644958
v 15.760075 39.003174 46.804512
v 15.884586 39.000385 46.884609
v 15.843656 39.079041 46.950634
v 15.973835 39.134995 47.069019
v 16.030937 39.139214 47.093803
v 16.137873 39.165558 47.148083
v 16.317287 39.095543 47.118683
v 16.319708 39.167744 47.180084
v 16.501545 39.141327 47.161888
v 16.607834 39.100777 47.115700
v 16.665583 39.088905 47.095276
v 16.749931 38.942680 46.917370
v 16.795761 39.015602 46.986771
v 16.879343 38.928600 46.846996
v 16.774834 39.225563 46.756332
v 16.628479 39.334709 46.982433
v 16.899343 39.155239 46.717884
v 16.815763 39.242241 46.857662
v 16.685583 39.315544 46.966171
v 16.521545 39.367966 47.032780
v 16.342131 39.378380 46.957554
v 16.339710 39.394379 47.050972
v 16.157873 39.392197 47.018978
v 16.051582 39.373150 46.960537
v 15.993836 39.361633 46.939907
v 15.909487 39.283169 46.723400
v 15.863656 39.305679 46.821526
v 15.780075 39.229813 46.675400
v 15.820656 38.440647 46.915085
v 15.855518 38.525333 47.069138
v 15.954794 38.592480 47.202385
v 16.278629 38.637493 47.331566
v 16.453888 38.608509 47.307838
v 16.602467 38.549328 47.226963
v 16.701740 38.468952 47.101254
v 16.736601 38.379623 46.949848
v 16.701740 38.294937 46.795795
v 16.602467 38.227795 46.662552
v 16.453888 38.188408 46.570400
v 16.278629 38.182777 46.533367
v 16.103371 38.211761 46.557095
v 15.954794 38.270947 46.637966
v 15.855518 38.351322 46.763680
v 13.374282 10.235590 62.780533
v 13.339421 10.324920 62.931938
v 13.473558 10.155216 62.654819
v 13.622137 10.096031 62.573948
v 13.797395 10.067048 62.550220
v 13.972653 10.072677 62.587250
v 14.121230 10.112062 62.679401
v 14.220507 10.179208 62.812649
v 14.255368 10.263891 62.966702
v 14.220507 10.353220 63.118107
v 14.121230 10.433595 63.243816
v 13.972653 10.492779 63.324692
v 13.797395 10.521764 63.348419
v 13.622137 10.516134 63.311390
v 13.473558 10.476748 63.219234
v 13.374282 10.409603 63.085991
v 13.175367 9.653840 63.522137
v 13.146839 9.566321 63.364094
v 13.258158 9.728990 63.666882
v 13.387108 9.784414 63.784145
v 13.549596 9.814689 63.862465
v 13.729714 9.816851 63.894161
v 13.909832 9.790687 63.876137
v 14.072319 9.738759 63.810154
v 14.201270 9.666151 63.702675
v 14.284061 9.579969 63.564220
v 14.312589 9.488649 63.408337
v 14.284061 9.401132 63.250294
v 14.201270 9.325982 63.105549
v 14.072319 9.270557 62.988281
v 13.909832 9.240282 62.909966
v 13.729714 9.238122 62.878269
v 13.549596 9.264285 62.896294
v 13.387108 9.316212 62.962273
v 13.258158 9.388821 63.069752
v 13.175367 9.475002 63.208210
v 15.695753 38.448956 46.910351
v 15.724281 38.357635 46.754467
v 15.807074 38.271454 46.616013
v 16.098509 38.146919 46.442551
v 16.278627 38.120758 46.424526
v 16.458746 38.122917 46.456226
v 16.621233 38.153194 46.534538
v 16.750181 38.208618 46.651810
v 16.861502 38.371284 46.954597
v 16.832973 38.462605 47.110481
v 16.750181 38.548786 47.248936
v 16.458746 38.673325 47.422398
v 16.278627 38.699486 47.440422
v 16.098509 38.697323 47.408722
v 15.936023 38.667049 47.330410
v 15.807074 38.611626 47.213139
v 15.820656 38.440647 46.915085
v 15.855518 38.525333 47.069138
v 15.954794 38.592480 47.202385
v 16.278629 38.637493 47.331566
v 16.453888 38.608509 47.307838
v 16.602467 38.549328 47.226963
v 16.701740 38.468952 47.101254
v 16.736601 38.379623 46.949848
v 16.701740 38.294937 46.795795
v 16.602467 38.227795 46.662552
v 16.453888 38.188408 46.570400
v 16.278629 38.182777 46.533367
v 16.103371 38.211761 46.557095
v 15.954794 38.270947 46.637966
v 15.855518 38.351322 46.763680
v 13.374282 10.235590 62.780533
v 13.339421 10.324920 62.931938
v 13.473558 10.155216 62.654819
v 13.622137 10.096031 62.573948
v 13.797395 10.067048 62.550220
v 13.972653 10.072677 62.587250
v 14.121230 10.112062 62.679401
v 14.220507 10.179208 62.812649
v 14.255368 10.263891 62.966702
v 14.220507 10.353220 63.118107
v 14.121230 10.433595 63.243816
v 13.972653 10.492779 63.324692
v 13.797395 10.521764 63.348419
v 13.622137 10.516134 63.311390
v 13.473558 10.476748 63.219234
v 13.374282 10.409603 63.085991
v 13.175367 9.653840 63.522137
v 13.146839 9.566321 63.364094
v 13.258158 9.728990 63.666882
v 13.387108 9.784414 63.784145
v 13.549596 9.814689 63.862465
v 13.729714 9.816851 63.894161
v 13.909832 9.790687 63.876137
v 14.072319 9.738759 63.810154
v 14.201270 9.666151 63.702675
v 14.284061 9.579969 63.564220
v 14.312589 9.488649 63.408337
v 14.284061 9.401132 63.250294
v 14.201270 9.325982 63.105549
v 14.072319 9.270557 62.988281
v 13.909832 9.240282 62.909966
v 13.729714 9.238122 62.878269
v 13.549596 9.264285 62.896294
v 13.387108 9.316212 62.962273
v 13.258158 9.388821 63.069752
v 13.175367 9.475002 63.208210
v 15.695753 38.448956 46.910351
v 15.724281 38.357635 46.754467
v 15.807074 38.271454 46.616013
v 16.098509 38.146919 46.442551
v 16.278627 38.120758 46.424526
v 16.458746 38.122917 46.456226
v 16.621233 38.153194 46.534538
v 16.750181 38.208618 46.651810
v 16.861502 38.371284 46.954597
v 16.832973 38.462605 47.110481
v 16.750181 38.548786 47.248936
v 16.458746 38.673325 47.422398
v 16.278627 38.699486 47.440422
v 16.098509 38.697323 47.408722
v 15.936023 38.667049 47.330410
v 15.807074 38.611626 47.213139
vn 0.0763 0.8662 -0.4938
vn 0.0763 0.8663 -0.4936
vn 0.0762 0.8664 -0.4936
vn 0.0763 0.8663 -0.4937
vn 0.0764 0.8662 -0.4938
vn 0.0764 0.8662 -0.4937
vn 0.0765 0.8662 -0.4939
vn 0.0762 0.8664 -0.4935
vn 0.0765 0.8662 -0.4938
vn 0.0765 0.8662 -0.4937
vn 0.0763 0.8664 -0.4934
vn 0.0765 0.8663 -0.4936
vn 0.0766 0.8663 -0.4936
vn 0.0764 0.8665 -0.4934
vn 0.0764 0.8665 -0.4933
vn 0.0767 0.8663 -0.4936
vn 0.0765 0.8663 -0.4935
vn 0.0765 0.8665 -0.4933
vn 0.0766 0.8664 -0.4935
vn 0.0767 0.8664 -0.4935
vn 0.0766 0.8664 -0.4934
vn 0.0765 0.8664 -0.4934
vn 0.0767 0.8664 -0.4934
vn 0.7516 0.4913 -0.4401
vn 0.6453 0.3710 -0.6678
vn 0.6454 0.3709 -0.6678
vn 0.4491 0.2866 -0.8463
vn 0.4489 0.2865 -0.8464
vn 0.1924 0.2510 -0.9487
vn 0.1924 0.2509 -0.9487
vn -0.0853 0.2692 -0.9593
vn -0.0853 0.2695 -0.9592
vn -0.0853 0.2696 -0.9592
vn -0.0852 0.2698 -0.9591
vn -0.3418 0.3393 -0.8764
vn -0.3418 0.3390 -0.8765
vn -0.5382 0.4499 -0.7127
vn -0.6445 0.5843 -0.4932
vn -0.6442 0.5845 -0.4933
vn -0.6444 0.7223 -0.2512
vn -0.6446 0.7221 -0.2512
vn -0.5382 0.8425 -0.0235
vn -0.5382 0.8425 -0.0236
vn -0.3419 0.9269 0.1550
vn -0.3418 0.9269 0.1548
vn -0.0853 0.9625 0.2574
vn -0.0853 0.9624 0.2578
vn 0.1925 0.9441 0.2677
vn 0.1924 0.9440 0.2679
vn 0.4490 0.8742 0.1849
vn 0.4489 0.8742 0.1853
vn 0.6453 0.7637 0.0213
vn 0.6453 0.7636 0.0214
vn 0.7516 0.6292 -0.1981
vn 0.7516 0.6291 -0.1982
vn 0.9779 0.0314 0.2066
vn 0.8290 0.2198 0.5142
vn 0.5539 0.3747 0.7435
vn 0.1945 0.4725 0.8596
vn -0.1946 0.4984 0.8448
vn -0.5539 0.4485 0.7014
vn -0.8290 0.3302 0.4513
vn -0.9779 0.1617 0.1324
vn -0.9779 -0.0314 -0.2066
vn -0.8291 -0.2198 -0.5142
vn -0.5539 -0.3747 -0.7435
vn -0.1946 -0.4725 -0.8596
vn 0.1944 -0.4985 -0.8448
vn 0.5540 -0.4485 -0.7014
vn 0.8291 -0.3302 -0.4512
vn 0.9779 -0.1617 -0.1324
vn -0.9848 -0.0118 -0.1733
vn -0.8884 -0.1655 -0.4282
vn -0.4527 -0.4109 -0.7914
vn -0.7050 -0.3030 -0.6412
vn -0.1559 -0.4785 -0.8641
vn 0.1560 -0.4993 -0.8523
vn 0.4526 -0.4712 -0.7570
vn 0.7051 -0.3970 -0.5876
vn 0.9848 -0.1430 -0.0985
vn 0.8884 -0.2839 -0.3607
vn 0.9848 0.0118 0.1733
vn 0.8884 0.1655 0.4282
vn 0.4527 0.4109 0.7914
vn 0.7050 0.3030 0.6412
vn 0.1559 0.4785 0.8641
vn -0.1561 0.4993 0.8523
vn -0.4527 0.4712 0.7570
vn -0.7050 0.3970 0.5876
vn -0.9848 0.1430 0.0985
vn -0.8884 0.2839 0.3607
vn 0.7545 0.6171 -0.2234
vn 0.7232 0.6496 -0.2343
vn 0.6232 0.7792 -0.0671
vn 0.7094 0.7046 -0.0144
vn 0.5875 0.7911 0.1703
vn 0.4677 0.8819 0.0599
vn 0.4003 0.8638 0.3060
vn 0.2736 0.9521 0.1367
vn 0.1699 0.9118 0.3740
vn 0.0597 0.9857 0.1574
vn -0.0754 0.9280 0.3648
vn -0.1547 0.9806 0.1205
vn -0.3043 0.9107 0.2792
vn -0.3499 0.9363 0.0290
vn -0.4886 0.8628 0.1294
vn -0.5076 0.8545 -0.1100
vn -0.6067 0.7923 -0.0644
vn -0.6111 0.7385 -0.2849
vn -0.6472 0.7104 -0.2766
vn -0.6472 0.6002 -0.4700
vn -0.6110 0.6217 -0.4900
vn -0.5076 0.5304 -0.6789
vn -0.6066 0.4595 -0.6488
vn -0.4885 0.3287 -0.8082
vn -0.3500 0.4526 -0.8201
vn -0.3043 0.2242 -0.9258
vn -0.1546 0.3965 -0.9049
vn -0.0754 0.1596 -0.9843
vn 0.0597 0.3673 -0.9282
vn 0.1698 0.1432 -0.9750
vn 0.2737 0.3679 -0.8887
vn 0.4003 0.1770 -0.8991
vn 0.4676 0.3982 -0.7892
vn 0.5873 0.2573 -0.7674
vn 0.6233 0.4550 -0.6360
vn 0.7093 0.3718 -0.5988
vn 0.7230 0.5331 -0.4394
vn 0.7545 0.5069 -0.4169
vn -0.6446 0.5842 -0.4931
vn -0.5383 0.4498 -0.7127
vn -0.5383 0.4497 -0.7127
vn -0.3420 0.3392 -0.8764
vn -0.3419 0.3392 -0.8764
vn -0.0854 0.2693 -0.9593
vn -0.0853 0.2693 -0.9593
vn 0.1924 0.2508 -0.9487
vn 0.4490 0.2864 -0.8464
vn 0.4490 0.2865 -0.8464
vn 0.6457 0.3704 -0.6678
vn 0.6455 0.3709 -0.6677
vn 0.7517 0.4912 -0.4401
vn 0.7517 0.4911 -0.4401
vn -0.8290 -0.2198 -0.5142
vn -0.1945 -0.4725 -0.8596
vn -0.5540 -0.3747 -0.7435
vn 0.1945 -0.4984 -0.8448
vn 0.5539 -0.4485 -0.7014
vn 0.8290 -0.3302 -0.4513
vn 0.6446 -0.7222 0.2510
vn 0.6447 -0.7221 0.2511
vn 0.5383 -0.8424 0.0234
vn 0.5384 -0.8424 0.0234
vn 0.3420 -0.9268 -0.1551
vn 0.3419 -0.9268 -0.1552
vn 0.0853 -0.9625 -0.2574
vn 0.0853 -0.9625 -0.2575
vn -0.1924 -0.9440 -0.2681
vn -0.4490 -0.8741 -0.1852
vn -0.4491 -0.8741 -0.1850
vn -0.6454 -0.7635 -0.0215
vn -0.7517 -0.6291 0.1981
vn -0.0765 -0.8664 0.4935
vn -0.0765 -0.8663 0.4936
vn -0.0763 -0.8663 0.4936
vn -0.0764 -0.8664 0.4935
vn -0.7517 -0.4912 0.4401
vn -0.6454 -0.3709 0.6678
vn -0.4490 -0.2864 0.8464
vn -0.4490 -0.2865 0.8463
vn -0.1924 -0.2506 0.9488
vn -0.1924 -0.2508 0.9487
vn 0.0853 -0.2692 0.9593
vn 0.0853 -0.2691 0.9593
vn 0.3420 -0.3392 0.8764
vn 0.3420 -0.3391 0.8764
vn 0.5383 -0.4498 0.7127
vn 0.6446 -0.5842 0.4931
vn 0.6446 -0.5843 0.4931
vn 0.8291 0.2198 0.5142
vn -0.1945 0.4984 0.8448
vn -0.1945 0.4985 0.8448
vn -0.5539 0.4485 0.7015
vn -0.8291 0.3302 0.4512
vn 0.7517 0.6290 -0.1980
vn 0.7517 0.6291 -0.1980
vn 0.6454 0.7635 0.0215
vn 0.6454 0.7635 0.0216
vn 0.4491 0.8740 0.1855
vn 0.4490 0.8741 0.1853
vn 0.1924 0.9440 0.2681
vn -0.0853 0.9625 0.2576
vn -0.0854 0.9625 0.2575
vn -0.3420 0.9268 0.1552
vn -0.3419 0.9268 0.1551
vn -0.5383 0.8424 -0.0234
vn -0.6446 0.7221 -0.2510
vn -0.6446 0.7221 -0.2511
vn 0.9779 0.0314 0.2067
vn 0.8290 0.2197 0.5142
vn 0.5541 0.3742 0.7436
vn 0.5540 0.3747 0.7435
vn -0.5540 0.4485 0.7013
vn -0.5539 0.4484 0.7015
vn -0.8290 0.3303 0.4513
vn -0.9779 -0.0314 -0.2067
vn -0.1946 -0.4726 -0.8595
vn 0.5539 -0.4484 -0.7015
vn 0.1945 -0.4984 -0.8449
vn 0.1945 -0.4985 -0.8448
vn 0.9779 -0.1618 -0.1324
vn -0.0764 -0.8663 0.4936
vn -0.0765 -0.8663 0.4935
vn 0.9819 0.0206 0.1881
vn 0.9819 0.0205 0.1881
vn 0.8635 0.1900 0.4672
vn 0.8635 0.1899 0.4672
vn 0.6409 0.3365 0.6899
vn 0.3410 0.4425 0.8294
vn 0.3410 0.4424 0.8295
vn -0.0000 0.4950 0.8689
vn -0.3410 0.4879 0.8036
vn -0.3410 0.4879 0.8035
vn -0.6409 0.4219 0.6413
vn -0.8635 0.3050 0.4017
vn -0.9819 0.1514 0.1136
vn -0.9819 -0.0206 -0.1882
vn -0.9819 -0.0205 -0.1882
vn -0.8635 -0.1900 -0.4672
vn -0.6409 -0.3365 -0.6900
vn -0.3411 -0.4424 -0.8294
vn -0.6409 -0.3365 -0.6899
vn -0.3410 -0.4424 -0.8294
vn -0.0000 -0.4950 -0.8689
vn 0.3410 -0.4878 -0.8036
vn 0.6409 -0.4219 -0.6413
vn 0.8635 -0.3051 -0.4017
vn 0.8635 -0.3050 -0.4017
vn 0.9819 -0.1514 -0.1136
vn -0.7919 0.4284 -0.4351
vn -0.8158 0.4104 -0.4075
vn -0.6513 0.2914 -0.7006
vn -0.7280 0.2363 -0.6436
vn -0.4147 0.1783 -0.8923
vn -0.5395 0.0852 -0.8376
vn -0.1162 0.1060 -0.9876
vn -0.2742 -0.0234 -0.9614
vn 0.0328 -0.0756 -0.9966
vn 0.2034 0.0847 -0.9754
vn 0.3404 -0.0644 -0.9381
vn 0.5008 0.1173 -0.8576
vn 0.6076 0.0084 -0.7942
vn 0.7352 0.1990 -0.6480
vn 0.7994 0.1345 -0.5856
vn 0.8723 0.3175 -0.3719
vn 0.8914 0.2966 -0.3427
vn 0.8937 0.4418 -0.0787
vn 0.8914 0.4461 -0.0804
vn 0.8892 0.4506 -0.0789
vn 0.8891 0.4502 -0.0826
vn 0.8846 0.4589 -0.0829
vn 0.8870 0.4546 -0.0811
vn 0.7755 0.6106 0.1606
vn 0.7913 0.5880 0.1675
vn 0.5717 0.7431 0.3479
vn 0.5988 0.7114 0.3680
vn 0.3020 0.8364 0.4575
vn 0.3365 0.8003 0.4962
vn 0.0014 0.8797 0.4755
vn 0.0358 0.8430 0.5367
vn -0.2919 0.8687 0.4003
vn -0.2670 0.8333 0.4841
vn -0.5410 0.8056 0.2415
vn -0.5350 0.7714 0.3445
vn -0.7713 0.6338 -0.0578
vn -0.7351 0.6649 0.1325
vn -0.7347 0.6656 0.1315
vn -0.7354 0.6641 0.1348
vn -0.7356 0.6641 0.1336
vn -0.8218 0.5335 -0.2003
vn -0.8528 0.5105 -0.1105
vn 0.0765 0.8664 -0.4935
vn 0.0764 0.8663 -0.4936
vn 0.0764 0.8664 -0.4935
vn 0.0763 0.8664 -0.4935
vn -0.7241 -0.2920 -0.6248
vn -0.7241 -0.2921 -0.6248
vn -0.3942 -0.4284 -0.8131
vn -0.3941 -0.4284 -0.8131
vn 0.3941 -0.4809 -0.7832
vn 0.7241 -0.3885 -0.5699
vn -0.9971 0.0664 -0.0378
vn 0.7241 0.2921 0.6248
vn 0.7241 0.2921 0.6249
vn 0.3941 0.4284 0.8131
vn 0.3942 0.4284 0.8131
vn -0.3942 0.4809 0.7832
vn -0.7241 0.3885 0.5699
vn 0.0766 0.8663 -0.4935
vn 0.9971 -0.0664 0.0378
vn 0.9971 -0.0664 0.0379
vn 0.9483 0.0898 0.3045
vn 0.5862 0.3612 0.7252
vn 0.5859 0.3617 0.7252
vn -0.0000 0.4947 0.8691
vn -0.5861 0.4395 0.6807
vn -0.5860 0.4395 0.6807
vn -0.9483 0.2161 0.2325
vn -0.9483 -0.0898 -0.3045
vn -0.5861 -0.3614 -0.7252
vn -0.0000 -0.4947 -0.8691
vn 0.5860 -0.4395 -0.6807
vn 0.5861 -0.4395 -0.6807
vn 0.9483 -0.2162 -0.2325
vn 0.9483 -0.2161 -0.2325
vn 0.6396 -0.7402 0.2074
vn 0.5587 -0.7987 0.2236
vn 0.4987 -0.8547 -0.1442
vn 0.2970 -0.9546 -0.0241
vn 0.1624 -0.9127 -0.3750
vn -0.0613 -0.9905 -0.1232
vn -0.2531 -0.8850 -0.3907
vn -0.4181 -0.9070 -0.0514
vn -0.5952 -0.7818 -0.1859
vn -0.6749 -0.7164 0.1768
vn -0.7458 -0.6479 0.1548
vn -0.9631 -0.0639 -0.2614
vn -0.9631 -0.0640 -0.2615
vn -0.2581 -0.4609 -0.8491
vn -0.7051 -0.3030 -0.6411
vn -0.2580 -0.4609 -0.8491
vn 0.2581 -0.4953 -0.8295
vn 0.7050 -0.3970 -0.5876
vn 0.2580 -0.4953 -0.8295
vn 0.9631 -0.1923 -0.1883
vn 0.9631 0.0639 0.2614
vn 0.9631 0.0640 0.2614
vn 0.2581 0.4609 0.8491
vn 0.2580 0.4609 0.8491
vn -0.2581 0.4953 0.8295
vn -0.9631 0.1923 0.1883
vn -0.7459 -0.4636 0.4783
vn -0.6748 -0.5175 0.5262
vn -0.5951 -0.2388 0.7673
vn -0.4181 -0.4184 0.8063
vn -0.2531 -0.1153 0.9605
vn -0.0613 -0.3991 0.9148
vn 0.1624 -0.1429 0.9763
vn 0.2969 -0.4660 0.8335
vn 0.4988 -0.3116 0.8088
vn 0.5587 -0.5996 0.5729
vn 0.6396 -0.5559 0.5309
vn 0.7458 0.6479 -0.1549
vn 0.6749 0.7164 -0.1768
vn 0.5951 0.7818 0.1859
vn 0.4181 0.9070 0.0514
vn 0.2531 0.8850 0.3908
vn 0.0613 0.9905 0.1232
vn -0.1624 0.9127 0.3750
vn -0.2970 0.9546 0.0242
vn -0.4987 0.8547 0.1444
vn -0.5587 0.7986 -0.2236
vn -0.6396 0.7402 -0.2074
vn -0.6396 0.5559 -0.5309
vn -0.5587 0.5996 -0.5730
vn -0.4986 0.3116 -0.8089
vn -0.2970 0.4659 -0.8335
vn -0.1624 0.1429 -0.9763
vn 0.0613 0.3991 -0.9148
vn 0.2532 0.1148 -0.9606
vn 0.4181 0.4184 -0.8063
vn 0.5951 0.2388 -0.7673
vn 0.6749 0.5174 -0.5261
vn 0.7458 0.4636 -0.4783
vn -0.2168 0.7358 -0.6415
vn -0.2685 0.8013 -0.5346
vn -0.2167 0.7358 -0.6416
vn -0.0000 -0.9923 0.1240
vn -0.1212 0.6819 -0.7213
vn -0.2168 0.7357 -0.6417
vn 0.0041 0.6478 -0.7618
vn -0.1211 0.6819 -0.7214
vn -0.1211 0.6818 -0.7214
vn -0.1210 0.6819 -0.7214
vn 0.1394 0.6388 -0.7566
vn 0.0040 0.6479 -0.7618
vn 0.0040 0.6478 -0.7618
vn 0.1395 0.6388 -0.7566
vn 0.2643 0.6562 -0.7068
vn 0.1393 0.6388 -0.7566
vn 0.3601 0.6973 -0.6198
vn 0.3601 0.6973 -0.6197
vn 0.2644 0.6562 -0.7068
vn 0.2644 0.6562 -0.7067
vn 0.4119 0.7560 -0.5088
vn 0.0001 -0.0000 -1.0000
vn -0.0000 -0.0000 -1.0000
vn 0.0001 0.0001 -1.0000
vn 0.3601 0.6974 -0.6197
vn 0.3601 0.8887 -0.2839
vn 0.4119 0.8231 -0.3908
vn 0.4119 0.8232 -0.3908
vn -0.0001 -0.9981 0.0624
vn -0.0000 -0.9981 0.0624
vn 0.2644 0.9426 -0.2041
vn 0.3601 0.8887 -0.2838
vn 0.3602 0.8887 -0.2838
vn 0.3601 0.8887 -0.2837
vn 0.1394 0.9766 -0.1637
vn 0.2644 0.9426 -0.2040
vn 0.0040 0.9856 -0.1688
vn 0.1394 0.9766 -0.1636
vn 0.1393 0.9766 -0.1636
vn -0.1210 0.9683 -0.2186
vn 0.0040 0.9857 -0.1687
vn -0.2168 0.9271 -0.3057
vn -0.2168 0.9271 -0.3058
vn -0.1211 0.9683 -0.2186
vn -0.1210 0.9683 -0.2187
vn -0.1209 0.9683 -0.2184
vn -0.2686 0.8685 -0.4166
vn -0.2685 0.8685 -0.4167
vn 1.0000 -0.0001 -0.0000
vn 1.0000 -0.0000 -0.0000
vn -0.2167 0.9272 -0.3056
vn 0.2685 -0.8685 0.4167
vn 0.2686 -0.8685 0.4167
vn 0.2168 -0.9272 0.3056
vn 0.1210 -0.9683 0.2186
vn 0.1210 -0.9683 0.2187
vn 0.2168 -0.9271 0.3058
vn 0.2168 -0.9271 0.3056
vn 0.2167 -0.9271 0.3057
vn -0.0040 -0.9856 0.1688
vn -0.0040 -0.9857 0.1687
vn -0.1397 -0.9766 0.1635
vn -0.2644 -0.9426 0.2041
vn -0.1394 -0.9766 0.1637
vn -0.1394 -0.9766 0.1636
vn -0.3601 -0.8887 0.2837
vn -0.2644 -0.9426 0.2040
vn -0.4119 -0.8232 0.3908
vn -0.3601 -0.8887 0.2838
vn -0.0000 -0.9702 0.2425
vn -0.0000 -0.9701 0.2425
vn -0.3601 -0.8887 0.2839
vn -0.4119 -0.7559 0.5088
vn -0.3600 -0.6973 0.6198
vn -0.4119 -0.7560 0.5087
vn -0.2644 -0.6562 0.7067
vn -0.3601 -0.6973 0.6197
vn -0.2644 -0.6562 0.7068
vn -0.3602 -0.6973 0.6197
vn -0.3600 -0.6974 0.6197
vn -0.1394 -0.6388 0.7566
vn -0.0040 -0.6478 0.7618
vn -0.1393 -0.6388 0.7566
vn -0.1395 -0.6388 0.7566
vn -0.0044 -0.6477 0.7619
vn 0.1212 -0.6819 0.7213
vn -0.0040 -0.6479 0.7618
vn -0.0039 -0.6479 0.7617
vn 0.1211 -0.6819 0.7214
vn 0.2168 -0.7357 0.6417
vn 0.2167 -0.7358 0.6416
vn 0.1210 -0.6819 0.7214
vn 0.2686 -0.8013 0.5346
vn 0.2685 -0.8013 0.5346
vn -0.1239 0.9923 -0.0000
vn -0.1240 0.9923 -0.0000
vn 0.2168 -0.7358 0.6416
vn 0.5861 0.3614 0.7252
vn -0.9483 0.2162 0.2325
vn -0.2685 0.8090 -0.5230
vn -0.1961 0.8273 -0.5264
vn -0.2538 0.7457 -0.6160
vn -0.1471 0.7288 -0.6688
vn -0.0771 0.7520 -0.6546
vn -0.2293 0.4069 -0.8842
vn -0.0201 0.7279 -0.6854
vn 0.0178 0.6475 -0.7619
vn 0.1257 0.6402 -0.7578
vn 0.1680 0.7153 -0.6783
vn 0.3471 0.3686 -0.8623
vn 0.2251 0.7319 -0.6431
vn 0.2923 0.6996 -0.6520
vn 0.3962 0.7025 -0.5913
vn 0.3433 0.7913 -0.5059
vn 0.4117 0.7637 -0.4972
vn 0.2681 -0.8625 0.4292
vn 0.1962 -0.8747 0.4432
vn 0.2538 -0.9102 0.3274
vn 0.1471 -0.9469 0.2859
vn 0.0770 -0.9466 0.3130
vn 0.2292 -0.9680 -0.1017
vn 0.0201 -0.9608 0.2767
vn -0.0178 -0.9856 0.1684
vn -0.1257 -0.9784 0.1642
vn -0.1681 -0.9482 0.2694
vn -0.3473 -0.9296 -0.1234
vn -0.2251 -0.9265 0.3017
vn -0.2923 -0.9176 0.2692
vn -0.3961 -0.8668 0.3027
vn -0.3433 -0.8388 0.4227
vn -0.4119 -0.8172 0.4032
vn -0.4119 -0.7636 0.4973
vn -0.3432 -0.7914 0.5059
vn -0.3961 -0.7025 0.5913
vn -0.2923 -0.6995 0.6521
vn -0.2251 -0.7320 0.6431
vn -0.3477 -0.3669 0.8629
vn -0.1681 -0.7154 0.6782
vn -0.1256 -0.6403 0.7578
vn -0.0178 -0.6474 0.7620
vn 0.0202 -0.7279 0.6854
vn 0.2296 -0.4058 0.8846
vn 0.0773 -0.7520 0.6546
vn 0.1470 -0.7288 0.6687
vn 0.2538 -0.7458 0.6160
vn 0.1963 -0.8273 0.5264
vn 0.2685 -0.8089 0.5230
vn 0.4119 0.8172 -0.4032
vn 0.3432 0.8388 -0.4227
vn 0.3961 0.8669 -0.3027
vn 0.2924 0.9176 -0.2691
vn 0.2251 0.9265 -0.3015
vn 0.3470 0.9297 0.1233
vn 0.1680 0.9482 -0.2695
vn 0.1257 0.9784 -0.1643
vn 0.0178 0.9856 -0.1683
vn -0.0201 0.9608 -0.2766
vn -0.2293 0.9681 0.1014
vn -0.0770 0.9466 -0.3131
vn -0.1470 0.9469 -0.2859
vn -0.2538 0.9102 -0.3274
vn -0.1962 0.8747 -0.4432
vn -0.2686 0.8624 -0.4290
vn -0.1944 0.4984 0.8448
vn -0.5540 0.4485 0.7014
vn 0.1946 -0.4984 -0.8448
vn 0.8290 -0.3303 -0.4513
vn -0.4526 -0.4109 -0.7914
vn -0.1560 -0.4785 -0.8641
vn 0.1559 -0.4993 -0.8523
vn 0.8884 -0.2839 -0.3608
vn 0.9848 -0.1431 -0.0985
vn 0.4526 0.4109 0.7914
vn 0.1560 0.4785 0.8641
vn -0.1560 0.4993 0.8523
vn -0.4526 0.4712 0.7570
vn -0.7050 0.3970 0.5877
s 0
usemtl mat3.001
f 5156//9176 5157//9176 5158//9176
f 5159//9177 5160//9177 5156//9177
f 5156//9178 5160//9178 5157//9178
f 5157//9179 5161//9179 5158//9179
f 5161//9180 5162//9180 5158//9180
f 5163//9177 5164//9177 5159//9177
f 5159//9177 5164//9177 5160//9177
f 5161//9181 5165//9181 5162//9181
f 5165//9182 5166//9182 5162//9182
f 5163//9183 5167//9183 5164//9183
f 5167//9183 5168//9183 5164//9183
f 5165//9184 5169//9184 5166//9184
f 5169//9185 5170//9185 5166//9185
f 5167//9183 5171//9183 5168//9183
f 5171//9186 5172//9186 5168//9186
f 5169//9187 5173//9187 5170//9187
f 5173//9188 5174//9188 5170//9188
f 5171//9186 5175//9186 5172//9186
f 5175//9186 5176//9186 5172//9186
f 5173//9187 5177//9187 5174//9187
f 5177//9188 5178//9188 5174//9188
f 5175//9189 5179//9189 5176//9189
f 5179//9190 5180//9190 5176//9190
f 5177//9188 5181//9188 5178//9188
f 5181//9191 5182//9191 5178//9191
f 5179//9192 5183//9192 5180//9192
f 5183//9193 5184//9193 5180//9193
f 5185//9194 5186//9194 5181//9194
f 5181//9195 5186//9195 5182//9195
f 5184//9196 5187//9196 5188//9196
f 5183//9197 5187//9197 5184//9197
f 5187//9196 5189//9196 5188//9196
f 5188//9194 5189//9194 5185//9194
f 5185//9198 5189//9198 5186//9198
f 5181//9199 5177//9199 5190//9199
f 5190//9199 5177//9199 5191//9199
f 5191//9200 5173//9200 5192//9200
f 5177//9201 5173//9201 5191//9201
f 5192//9202 5169//9202 5193//9202
f 5173//9203 5169//9203 5192//9203
f 5193//9204 5165//9204 5194//9204
f 5169//9205 5165//9205 5193//9205
f 5194//9206 5161//9207 5195//9206
f 5165//9208 5161//9209 5194//9208
f 5195//9210 5157//9210 5196//9210
f 5161//9211 5157//9211 5195//9211
f 5196//9212 5160//9212 5197//9212
f 5157//9212 5160//9212 5196//9212
f 5197//9213 5164//9213 5198//9213
f 5160//9214 5164//9214 5197//9214
f 5164//9215 5168//9215 5198//9215
f 5198//9216 5168//9216 5199//9216
f 5168//9217 5200//9217 5199//9217
f 5168//9218 5172//9218 5200//9218
f 5200//9219 5176//9219 5201//9219
f 5172//9220 5176//9220 5200//9220
f 5176//9221 5202//9221 5201//9221
f 5176//9222 5180//9222 5202//9222
f 5202//9223 5184//9223 5203//9223
f 5180//9224 5184//9224 5202//9224
f 5203//9225 5188//9225 5204//9225
f 5184//9226 5188//9226 5203//9226
f 5204//9227 5185//9227 5205//9227
f 5188//9228 5185//9228 5204//9228
f 5205//9229 5181//9229 5190//9229
f 5185//9230 5181//9230 5205//9230
f 5190//9231 5206//9231 5205//9231
f 5205//9232 5208//9232 5204//9232
f 5204//9233 5209//9233 5203//9233
f 5203//9234 5210//9234 5202//9234
f 5202//9235 5211//9235 5201//9235
f 5201//9236 5212//9236 5200//9236
f 5200//9237 5213//9237 5199//9237
f 5199//9238 5214//9238 5198//9238
f 5198//9239 5215//9239 5197//9239
f 5197//9240 5216//9240 5196//9240
f 5196//9241 5217//9241 5195//9241
f 5195//9242 5218//9242 5194//9242
f 5194//9243 5219//9243 5193//9243
f 5193//9244 5219//9244 5192//9244
f 5192//9245 5221//9245 5191//9245
f 5191//9246 5207//9246 5190//9246
f 5223//9247 5242//9247 5243//9247
f 5240//9248 5243//9248 5244//9248
f 5239//9249 5245//9249 5246//9249
f 5239//9250 5244//9250 5245//9250
f 5237//9251 5246//9251 5247//9251
f 5236//9252 5247//9252 5248//9252
f 5235//9253 5248//9253 5249//9253
f 5234//9254 5249//9254 5250//9254
f 5233//9255 5251//9255 5252//9255
f 5233//9256 5250//9256 5251//9256
f 5232//9257 5252//9257 5253//9257
f 5230//9258 5253//9258 5254//9258
f 5229//9259 5255//9259 5256//9259
f 5229//9260 5254//9260 5255//9260
f 5227//9261 5256//9261 5257//9261
f 5226//9262 5257//9262 5258//9262
f 5225//9263 5258//9263 5259//9263
f 5224//9264 5259//9264 5260//9264
f 5222//9265 5261//9265 5242//9265
f 5222//9266 5260//9266 5261//9266
f 5253//9267 5252//9267 5163//9267
f 5253//9268 5163//9268 5159//9268
f 5254//9269 5159//9269 5156//9269
f 5254//9270 5253//9270 5159//9270
f 5255//9271 5254//9271 5156//9271
f 5158//9272 5255//9272 5156//9272
f 5256//9273 5255//9273 5158//9273
f 5162//9274 5256//9274 5158//9274
f 5257//9275 5256//9275 5162//9275
f 5166//9276 5257//9276 5162//9276
f 5258//9277 5257//9277 5166//9277
f 5170//9278 5258//9278 5166//9278
f 5259//9279 5258//9279 5170//9279
f 5174//9280 5259//9280 5170//9280
f 5260//9281 5259//9281 5174//9281
f 5178//9282 5260//9282 5174//9282
f 5261//9283 5260//9283 5178//9283
f 5182//9284 5261//9284 5178//9284
f 5242//9285 5261//9285 5182//9285
f 5243//9286 5242//9286 5182//9286
f 5243//9287 5182//9287 5186//9287
f 5244//9288 5186//9288 5189//9288
f 5244//9289 5243//9289 5186//9289
f 5245//9290 5244//9290 5189//9290
f 5187//9291 5245//9291 5189//9291
f 5246//9292 5245//9292 5187//9292
f 5183//9293 5246//9293 5187//9293
f 5247//9294 5246//9294 5183//9294
f 5179//9295 5247//9295 5183//9295
f 5248//9296 5247//9296 5179//9296
f 5175//9297 5248//9297 5179//9297
f 5249//9298 5248//9298 5175//9298
f 5171//9299 5249//9299 5175//9299
f 5250//9300 5249//9300 5171//9300
f 5167//9301 5250//9301 5171//9301
f 5251//9302 5250//9302 5167//9302
f 5163//9303 5251//9303 5167//9303
f 5252//9304 5251//9304 5163//9304
f 5262//9305 5263//9305 5264//9305
f 5262//9305 5264//9305 5265//9305
f 5266//9306 5265//9306 5267//9306
f 5266//9307 5262//9307 5265//9307
f 5268//9308 5267//9308 5269//9308
f 5268//9309 5266//9309 5267//9309
f 5270//9310 5269//9310 5271//9310
f 5270//9311 5268//9311 5269//9311
f 5272//9312 5271//9312 5273//9312
f 5272//9312 5270//9312 5271//9312
f 5274//9313 5273//9313 5275//9313
f 5274//9314 5272//9314 5273//9314
f 5276//9315 5275//9315 5277//9315
f 5276//9316 5274//9316 5275//9316
f 5278//9317 5277//9317 5279//9317
f 5278//9318 5276//9318 5277//9318
f 5280//9239 5281//9239 5263//9239
f 5280//9239 5263//9239 5262//9239
f 5282//9319 5262//9319 5266//9319
f 5282//9319 5280//9319 5262//9319
f 5283//9241 5266//9241 5268//9241
f 5283//9320 5268//9320 5270//9320
f 5283//9321 5282//9321 5266//9321
f 5284//9320 5283//9320 5270//9320
f 5285//9322 5270//9322 5272//9322
f 5285//9322 5284//9322 5270//9322
f 5286//9244 5272//9244 5274//9244
f 5286//9323 5285//9323 5272//9323
f 5287//9324 5274//9324 5276//9324
f 5287//9246 5276//9246 5278//9246
f 5287//9324 5286//9324 5274//9324
f 5288//9246 5287//9246 5278//9246
f 5287//9325 5288//9325 5289//9325
f 5287//9326 5289//9326 5290//9326
f 5286//9327 5290//9327 5291//9327
f 5286//9328 5287//9328 5290//9328
f 5285//9329 5291//9329 5292//9329
f 5285//9330 5286//9330 5291//9330
f 5284//9331 5292//9331 5293//9331
f 5284//9332 5285//9332 5292//9332
f 5294//9333 5284//9333 5293//9333
f 5283//9333 5284//9333 5294//9333
f 5295//9334 5283//9334 5294//9334
f 5282//9335 5283//9335 5295//9335
f 5280//9336 5295//9336 5296//9336
f 5280//9336 5282//9336 5295//9336
f 5281//9337 5296//9337 5297//9337
f 5281//9337 5280//9337 5296//9337
f 5298//9338 5299//9338 5300//9338
f 5298//9338 5300//9338 5301//9338
f 5298//9338 5301//9338 5302//9338
f 5298//9338 5302//9338 5303//9338
f 5304//9339 5303//9339 5297//9339
f 5304//9339 5298//9339 5303//9339
f 5294//9340 5296//9340 5295//9340
f 5290//9340 5289//9340 5304//9340
f 5290//9338 5304//9338 5297//9338
f 5291//9341 5297//9341 5296//9341
f 5291//9338 5294//9338 5293//9338
f 5291//9339 5293//9339 5292//9339
f 5291//9339 5296//9339 5294//9339
f 5291//9338 5290//9338 5297//9338
f 5305//9342 5281//9342 5297//9342
f 5305//9342 5297//9342 5303//9342
f 5306//9343 5303//9343 5302//9343
f 5306//9343 5305//9343 5303//9343
f 5301//9344 5306//9344 5302//9344
f 5307//9345 5306//9345 5301//9345
f 5308//9346 5301//9346 5300//9346
f 5308//9347 5307//9347 5301//9347
f 5309//9348 5300//9348 5299//9348
f 5309//9349 5308//9349 5300//9349
f 5310//9350 5299//9350 5298//9350
f 5310//9351 5309//9351 5299//9351
f 5311//9352 5298//9352 5304//9352
f 5311//9352 5310//9352 5298//9352
f 5288//9353 5304//9353 5289//9353
f 5288//9354 5311//9354 5304//9354
f 5311//9231 5288//9231 5278//9231
f 5311//9231 5278//9231 5312//9231
f 5310//9355 5312//9355 5313//9355
f 5310//9232 5311//9232 5312//9232
f 5309//9233 5313//9233 5314//9233
f 5309//9233 5310//9233 5313//9233
f 5308//9234 5314//9234 5315//9234
f 5308//9356 5315//9356 5316//9356
f 5308//9234 5309//9234 5314//9234
f 5307//9357 5308//9357 5316//9357
f 5306//9358 5316//9358 5317//9358
f 5306//9358 5307//9358 5316//9358
f 5305//9359 5317//9359 5318//9359
f 5305//9237 5306//9237 5317//9237
f 5281//9238 5318//9238 5263//9238
f 5281//9238 5305//9238 5318//9238
f 5312//9360 5278//9360 5279//9360
f 5312//9361 5279//9361 5319//9361
f 5313//9362 5319//9362 5320//9362
f 5313//9363 5312//9363 5319//9363
f 5314//9364 5320//9364 5321//9364
f 5314//9365 5313//9365 5320//9365
f 5322//9366 5314//9366 5321//9366
f 5315//9366 5314//9366 5322//9366
f 5316//9367 5322//9367 5323//9367
f 5316//9368 5315//9368 5322//9368
f 5317//9369 5323//9369 5324//9369
f 5317//9370 5316//9370 5323//9370
f 5325//9371 5317//9371 5324//9371
f 5318//9371 5317//9371 5325//9371
f 5264//9372 5318//9372 5325//9372
f 5263//9373 5318//9373 5264//9373
f 5319//9231 5279//9231 5326//9231
f 5319//9374 5326//9374 5327//9374
f 5320//9375 5327//9375 5328//9375
f 5320//9232 5319//9232 5327//9232
f 5321//9234 5329//9234 5330//9234
f 5321//9376 5328//9376 5329//9376
f 5321//9377 5320//9377 5328//9377
f 5322//9234 5321//9234 5330//9234
f 5323//9356 5330//9356 5331//9356
f 5323//9356 5322//9356 5330//9356
f 5324//9378 5331//9378 5332//9378
f 5324//9379 5323//9379 5331//9379
f 5325//9237 5332//9237 5333//9237
f 5325//9380 5324//9380 5332//9380
f 5264//9238 5333//9238 5334//9238
f 5264//9238 5325//9238 5333//9238
f 5265//9381 5264//9381 5334//9381
f 5265//9239 5334//9239 5335//9239
f 5267//9319 5335//9319 5336//9319
f 5267//9240 5265//9240 5335//9240
f 5269//9321 5336//9321 5337//9321
f 5269//9241 5267//9241 5336//9241
f 5271//9382 5337//9382 5338//9382
f 5271//9320 5269//9320 5337//9320
f 5273//9383 5339//9383 5340//9383
f 5273//9384 5338//9384 5339//9384
f 5273//9385 5271//9385 5338//9385
f 5275//9324 5340//9324 5341//9324
f 5275//9244 5273//9244 5340//9244
f 5277//9245 5275//9245 5341//9245
f 5279//9386 5341//9386 5326//9386
f 5279//9246 5277//9246 5341//9246
f 5332//9341 5342//9341 5343//9341
f 5331//9339 5344//9339 5342//9339
f 5331//9339 5342//9339 5332//9339
f 5333//9341 5343//9341 5345//9341
f 5333//9339 5332//9339 5343//9339
f 5330//9338 5344//9338 5331//9338
f 5334//9338 5345//9338 5346//9338
f 5334//9341 5333//9341 5345//9341
f 5347//9387 5344//9387 5330//9387
f 5348//9339 5334//9339 5346//9339
f 5329//9339 5347//9339 5330//9339
f 5335//9339 5334//9339 5348//9339
f 5349//9339 5347//9339 5329//9339
f 5350//9341 5335//9341 5348//9341
f 5328//9341 5349//9341 5329//9341
f 5336//9338 5335//9338 5350//9338
f 5351//9387 5349//9387 5328//9387
f 5352//9387 5336//9387 5350//9387
f 5327//9387 5351//9387 5328//9387
f 5337//9387 5336//9387 5352//9387
f 5353//9339 5351//9339 5327//9339
f 5354//9341 5337//9341 5352//9341
f 5326//9339 5353//9339 5327//9339
f 5338//9341 5337//9341 5354//9341
f 5355//9341 5353//9341 5326//9341
f 5356//9339 5339//9339 5338//9339
f 5356//9338 5338//9338 5354//9338
f 5357//9339 5326//9339 5341//9339
f 5357//9341 5355//9341 5326//9341
f 5358//9341 5340//9341 5339//9341
f 5358//9338 5339//9338 5356//9338
f 5359//9341 5341//9341 5340//9341
f 5359//9388 5357//9388 5341//9388
f 5359//9387 5340//9387 5358//9387
f 5353//9389 5355//9389 5360//9389
f 5353//9390 5360//9390 5361//9390
f 5353//9391 5361//9391 5362//9391
f 5351//9392 5353//9392 5362//9392
f 5349//9393 5362//9393 5363//9393
f 5349//9393 5351//9393 5362//9393
f 5347//9394 5363//9394 5364//9394
f 5347//9395 5349//9395 5363//9395
f 5344//9396 5364//9396 5365//9396
f 5344//9396 5347//9396 5364//9396
f 5342//9397 5365//9397 5366//9397
f 5342//9398 5344//9398 5365//9398
f 5343//9399 5366//9399 5367//9399
f 5343//9399 5342//9399 5366//9399
f 5345//9400 5367//9400 5368//9400
f 5345//9400 5343//9400 5367//9400
f 5346//9401 5368//9401 5369//9401
f 5346//9401 5345//9401 5368//9401
f 5348//9402 5346//9402 5369//9402
f 5348//9403 5369//9403 5370//9403
f 5348//9404 5370//9404 5371//9404
f 5350//9404 5348//9404 5371//9404
f 5352//9405 5371//9405 5372//9405
f 5352//9406 5372//9406 5373//9406
f 5352//9407 5350//9407 5371//9407
f 5354//9408 5352//9408 5373//9408
f 5356//9409 5373//9409 5374//9409
f 5356//9409 5354//9409 5373//9409
f 5358//9410 5374//9410 5375//9410
f 5358//9410 5356//9410 5374//9410
f 5359//9411 5375//9411 5376//9411
f 5359//9411 5358//9411 5375//9411
f 5357//9412 5376//9412 5377//9412
f 5357//9413 5359//9413 5376//9413
f 5355//9414 5377//9414 5360//9414
f 5355//9414 5357//9414 5377//9414
f 5370//9415 5378//9415 5379//9415
f 5370//9416 5369//9416 5378//9416
f 5371//9417 5379//9417 5380//9417
f 5371//9418 5370//9418 5379//9418
f 5372//9419 5380//9419 5381//9419
f 5372//9420 5371//9420 5380//9420
f 5373//9421 5381//9421 5382//9421
f 5373//9422 5372//9422 5381//9422
f 5374//9423 5373//9423 5382//9423
f 5383//9424 5374//9424 5382//9424
f 5375//9425 5374//9425 5383//9425
f 5384//9426 5375//9426 5383//9426
f 5376//9427 5375//9427 5384//9427
f 5385//9428 5376//9428 5384//9428
f 5377//9429 5376//9429 5385//9429
f 5386//9430 5377//9430 5385//9430
f 5360//9431 5377//9431 5386//9431
f 5361//9432 5360//9433 5386//9434
f 5361//9435 5386//9436 5387//9437
f 5362//9438 5387//9438 5388//9438
f 5362//9439 5361//9439 5387//9439
f 5363//9440 5388//9440 5389//9440
f 5363//9441 5362//9441 5388//9441
f 5364//9442 5389//9442 5390//9442
f 5364//9443 5363//9443 5389//9443
f 5365//9444 5390//9444 5391//9444
f 5365//9445 5364//9445 5390//9445
f 5366//9446 5391//9446 5392//9446
f 5366//9447 5365//9447 5391//9447
f 5367//9448 5392//9448 5393//9448
f 5367//9449 5366//9449 5392//9449
f 5368//9450 5394//9450 5395//9450
f 5368//9451 5393//9452 5394//9451
f 5368//9453 5367//9453 5393//9454
f 5369//9455 5395//9455 5378//9455
f 5369//9456 5368//9456 5395//9456
f 5396//9457 5381//9457 5380//9457
f 5397//9457 5380//9457 5379//9457
f 5397//9457 5396//9457 5380//9457
f 5378//9458 5397//9458 5379//9458
f 5398//9457 5382//9457 5381//9457
f 5398//9457 5381//9457 5396//9457
f 5399//9459 5382//9459 5398//9459
f 5383//9187 5382//9187 5399//9187
f 5400//9460 5378//9460 5395//9460
f 5400//9187 5395//9187 5394//9187
f 5400//9457 5397//9457 5378//9457
f 5393//9459 5400//9459 5394//9459
f 5401//9457 5383//9457 5399//9457
f 5384//9459 5383//9459 5401//9459
f 5402//9459 5400//9459 5393//9459
f 5403//9457 5384//9457 5401//9457
f 5392//9459 5402//9459 5393//9459
f 5385//9459 5384//9459 5403//9459
f 5404//9457 5402//9457 5392//9457
f 5391//9187 5404//9187 5392//9187
f 5386//9457 5385//9457 5403//9457
f 5405//9187 5386//9187 5403//9187
f 5390//9459 5406//9459 5404//9459
f 5390//9187 5404//9187 5391//9187
f 5387//9192 5386//9192 5405//9192
f 5389//9459 5407//9459 5406//9459
f 5389//9457 5406//9457 5390//9457
f 5388//9458 5405//9458 5407//9458
f 5388//9457 5387//9457 5405//9457
f 5388//9457 5407//9457 5389//9457
f 5396//9461 5408//9461 5409//9461
f 5396//9462 5397//9462 5408//9462
f 5398//9463 5409//9463 5410//9463
f 5398//9464 5396//9464 5409//9464
f 5399//9409 5410//9409 5411//9409
f 5399//9409 5398//9409 5410//9409
f 5401//9465 5411//9465 5412//9465
f 5401//9465 5399//9465 5411//9465
f 5403//9466 5412//9466 5413//9466
f 5403//9466 5401//9466 5412//9466
f 5397//9467 5400//9467 5408//9467
f 5408//9467 5400//9467 5414//9467
f 5407//9468 5405//9468 5415//9468
f 5407//9469 5415//9469 5416//9469
f 5406//9470 5416//9470 5417//9470
f 5406//9471 5407//9471 5416//9471
f 5404//9396 5417//9396 5418//9396
f 5404//9396 5406//9396 5417//9396
f 5402//9472 5418//9472 5419//9472
f 5402//9472 5404//9472 5418//9472
f 5400//9473 5419//9473 5414//9473
f 5400//9473 5402//9473 5419//9473
f 5420//9457 5409//9457 5408//9457
f 5421//9187 5410//9187 5409//9187
f 5421//9457 5409//9457 5420//9457
f 5422//9187 5420//9187 5408//9187
f 5423//9458 5411//9458 5410//9458
f 5423//9187 5410//9187 5421//9187
f 5414//9457 5422//9457 5408//9457
f 5412//9459 5411//9459 5423//9459
f 5424//9192 5422//9192 5414//9192
f 5425//9187 5412//9187 5423//9187
f 5419//9187 5424//9187 5414//9187
f 5413//9457 5412//9457 5425//9457
f 5426//9187 5424//9187 5419//9187
f 5427//9187 5413//9187 5425//9187
f 5418//9458 5426//9458 5419//9458
f 5417//9187 5428//9187 5426//9187
f 5417//9457 5426//9457 5418//9457
f 5415//9457 5427//9457 5429//9457
f 5415//9474 5413//9474 5427//9474
f 5416//9458 5429//9458 5428//9458
f 5416//9459 5428//9459 5417//9459
f 5416//9457 5415//9457 5429//9457
f 5405//9475 5403//9475 5415//9475
f 5415//9476 5403//9476 5413//9476
f 5429//9477 5427//9477 5430//9477
f 5429//9477 5430//9477 5431//9477
f 5428//9478 5431//9478 5432//9478
f 5428//9479 5429//9479 5431//9479
f 5426//9396 5432//9396 5433//9396
f 5426//9480 5428//9480 5432//9480
f 5424//9481 5433//9481 5434//9481
f 5424//9482 5426//9482 5433//9482
f 5422//9483 5434//9483 5435//9483
f 5422//9483 5424//9483 5434//9483
f 5420//9484 5422//9484 5435//9484
f 5420//9484 5435//9484 5436//9484
f 5421//9485 5436//9485 5437//9485
f 5421//9485 5420//9485 5436//9485
f 5423//9486 5437//9486 5438//9486
f 5423//9409 5421//9409 5437//9409
f 5425//9487 5438//9487 5439//9487
f 5425//9488 5423//9488 5438//9488
f 5427//9489 5439//9489 5430//9489
f 5427//9490 5425//9490 5439//9490
f 5440//9491 5441//9491 5430//9491
f 5440//9492 5430//9492 5439//9492
f 5442//9493 5440//9493 5439//9493
f 5438//9494 5442//9494 5439//9494
f 5443//9495 5442//9495 5438//9495
f 5437//9496 5443//9496 5438//9496
f 5444//9497 5443//9497 5437//9497
f 5436//9498 5444//9498 5437//9498
f 5445//9499 5444//9499 5436//9499
f 5435//9500 5445//9500 5436//9500
f 5446//9501 5445//9501 5435//9501
f 5446//9502 5447//9502 5448//9502
f 5445//9250 5448//9250 5449//9250
f 5445//9503 5446//9503 5448//9503
f 5444//9504 5449//9504 5450//9504
f 5444//9505 5445//9505 5449//9505
f 5443//9506 5444//9506 5450//9506
f 5442//9507 5450//9507 5451//9507
f 5442//9508 5451//9508 5452//9508
f 5442//9509 5443//9509 5450//9509
f 5440//9508 5442//9508 5452//9508
f 5441//9510 5452//9510 5453//9510
f 5441//9510 5440//9510 5452//9510
f 5441//9511 5453//9511 5454//9511
f 5455//9260 5454//9260 5456//9260
f 5455//9512 5441//9512 5454//9512
f 5457//9513 5456//9513 5458//9513
f 5457//9260 5455//9260 5456//9260
f 5459//9514 5457//9514 5458//9514
f 5460//9515 5458//9515 5461//9515
f 5460//9264 5461//9264 5462//9264
f 5460//9515 5459//9515 5458//9515
f 5463//9516 5462//9516 5447//9516
f 5463//9264 5460//9264 5462//9264
f 5446//9516 5463//9516 5447//9516
f 5463//9517 5446//9517 5435//9517
f 5463//9518 5435//9518 5434//9518
f 5460//9519 5463//9519 5434//9519
f 5433//9520 5460//9520 5434//9520
f 5459//9521 5460//9521 5433//9521
f 5432//9522 5459//9522 5433//9522
f 5457//9523 5459//9523 5432//9523
f 5431//9524 5457//9524 5432//9524
f 5455//9525 5457//9525 5431//9525
f 5430//9526 5455//9526 5431//9526
f 5441//9527 5455//9527 5430//9527
f 5454//9528 5453//9528 5464//9528
f 5454//9529 5464//9529 5465//9529
f 5456//9530 5454//9530 5465//9530
f 5466//9531 5456//9531 5465//9531
f 5458//9532 5456//9532 5466//9532
f 5467//9533 5458//9533 5466//9533
f 5461//9534 5458//9534 5467//9534
f 5468//9535 5461//9535 5467//9535
f 5462//9536 5461//9536 5468//9536
f 5469//9537 5462//9537 5468//9537
f 5447//9538 5462//9538 5469//9538
f 5448//9539 5447//9539 5469//9539
f 5448//9540 5469//9540 5470//9540
f 5449//9541 5448//9541 5470//9541
f 5471//9542 5449//9542 5470//9542
f 5450//9543 5449//9543 5471//9543
f 5472//9544 5450//9544 5471//9544
f 5451//9545 5450//9545 5472//9545
f 5473//9546 5451//9546 5472//9546
f 5452//9547 5451//9547 5473//9547
f 5464//9548 5452//9548 5473//9548
f 5453//9549 5452//9549 5464//9549
f 5472//9459 5471//9459 5470//9459
f 5473//9187 5472//9187 5470//9187
f 5464//9459 5470//9459 5469//9459
f 5464//9187 5473//9187 5470//9187
f 5465//9459 5469//9459 5468//9459
f 5465//9187 5468//9187 5467//9187
f 5465//9457 5467//9457 5466//9457
f 5465//9459 5464//9459 5469//9459
f 5474//9338 5475//9338 5476//9338
f 5477//9387 5478//9387 5479//9387
f 5477//9387 5476//9387 5478//9387
f 5477//9341 5474//9341 5476//9341
f 5480//9339 5481//9339 5475//9339
f 5480//9338 5475//9338 5474//9338
f 5482//9338 5481//9338 5480//9338
f 5483//9339 5479//9339 5484//9339
f 5483//9338 5477//9338 5479//9338
f 5485//9338 5482//9338 5480//9338
f 5486//9387 5482//9387 5485//9387
f 5487//9387 5483//9387 5484//9387
f 5488//9338 5483//9338 5487//9338
f 5489//9338 5486//9338 5485//9338
f 5490//9338 5486//9338 5489//9338
f 5491//9338 5488//9338 5487//9338
f 5492//9387 5488//9387 5491//9387
f 5493//9339 5489//9339 5494//9339
f 5493//9341 5490//9341 5489//9341
f 5495//9339 5492//9339 5491//9339
f 5496//9338 5497//9338 5492//9338
f 5496//9338 5492//9338 5495//9338
f 5498//9338 5493//9338 5494//9338
f 5499//9341 5494//9341 5497//9341
f 5499//9338 5497//9338 5496//9338
f 5499//9341 5498//9341 5494//9341
f 5500//9550 5501//9550 5502//9550
f 5503//9551 5481//9551 5502//9551
f 5503//9552 5476//9552 5475//9552
f 5503//9551 5475//9551 5481//9551
f 5503//9553 5502//9553 5501//9553
f 5504//9554 5500//9554 5502//9554
f 5505//9555 5501//9555 5500//9555
f 5505//9552 5476//9552 5503//9552
f 5505//9552 5503//9552 5501//9552
f 5506//9556 5504//9556 5502//9556
f 5507//9557 5478//9557 5476//9557
f 5507//9557 5476//9557 5505//9557
f 5507//9558 5500//9558 5504//9558
f 5507//9559 5505//9559 5500//9559
f 5508//9560 5506//9560 5502//9560
f 5509//9561 5479//9561 5478//9561
f 5509//9562 5478//9562 5507//9562
f 5509//9562 5504//9562 5506//9562
f 5509//9562 5507//9562 5504//9562
f 5509//9563 5506//9563 5508//9563
f 5510//9564 5508//9564 5502//9564
f 5511//9560 5484//9560 5479//9560
f 5511//9565 5479//9565 5509//9565
f 5511//9565 5509//9565 5508//9565
f 5512//9566 5510//9566 5502//9566
f 5513//9567 5491//9567 5487//9567
f 5513//9568 5487//9568 5484//9568
f 5513//9569 5484//9569 5511//9569
f 5513//9568 5508//9568 5510//9568
f 5513//9569 5511//9569 5508//9569
f 5514//9570 5502//9570 5495//9570
f 5514//9570 5495//9570 5491//9570
f 5514//9571 5512//9572 5502//9573
f 5514//9574 5491//9574 5513//9574
f 5514//9567 5510//9567 5512//9567
f 5514//9574 5513//9574 5510//9574
f 5515//9575 5516//9575 5502//9575
f 5517//9576 5495//9576 5502//9576
f 5517//9577 5496//9577 5495//9577
f 5517//9578 5502//9579 5516//9579
f 5518//9580 5515//9580 5502//9580
f 5519//9581 5499//9581 5496//9581
f 5519//9580 5515//9580 5518//9580
f 5519//9582 5496//9582 5517//9582
f 5519//9583 5516//9583 5515//9583
f 5519//9581 5517//9581 5516//9581
f 5520//9584 5518//9584 5502//9584
f 5521//9585 5498//9585 5499//9585
f 5521//9585 5499//9585 5519//9585
f 5521//9580 5519//9580 5518//9580
f 5522//9586 5520//9586 5502//9586
f 5523//9587 5493//9587 5498//9587
f 5523//9588 5498//9588 5521//9588
f 5523//9584 5518//9584 5520//9584
f 5523//9587 5521//9587 5518//9587
f 5523//9586 5520//9586 5522//9586
f 5524//9589 5522//9589 5502//9589
f 5525//9590 5490//9590 5493//9590
f 5525//9586 5493//9586 5523//9586
f 5525//9586 5523//9586 5522//9586
f 5526//9591 5524//9591 5502//9591
f 5527//9592 5482//9592 5486//9592
f 5527//9593 5486//9593 5490//9593
f 5527//9594 5490//9594 5525//9594
f 5527//9595 5522//9595 5524//9595
f 5527//9594 5525//9594 5522//9594
f 5527//9591 5524//9591 5526//9591
f 5528//9596 5502//9596 5481//9596
f 5528//9597 5481//9597 5482//9597
f 5528//9598 5526//9599 5502//9599
f 5528//9591 5527//9591 5526//9591
f 5528//9600 5482//9600 5527//9600
f 5529//9484 5530//9484 5480//9484
f 5529//9484 5480//9484 5474//9484
f 5531//9485 5474//9485 5477//9485
f 5531//9485 5529//9485 5474//9485
f 5532//9409 5477//9409 5483//9409
f 5532//9487 5483//9487 5488//9487
f 5532//9409 5531//9409 5477//9409
f 5533//9488 5532//9488 5488//9488
f 5534//9490 5488//9490 5492//9490
f 5534//9490 5533//9490 5488//9490
f 5535//9187 5529//9187 5536//9187
f 5536//9187 5531//9187 5537//9187
f 5537//9458 5531//9458 5538//9458
f 5529//9458 5531//9458 5536//9458
f 5539//9457 5530//9457 5535//9457
f 5535//9457 5530//9457 5529//9457
f 5539//9457 5540//9457 5530//9457
f 5538//9458 5532//9458 5541//9458
f 5531//9457 5532//9457 5538//9457
f 5540//9458 5542//9458 5530//9458
f 5540//9459 5543//9459 5542//9459
f 5532//9187 5544//9187 5541//9187
f 5532//9457 5533//9457 5544//9457
f 5543//9457 5545//9457 5542//9457
f 5543//9458 5546//9458 5545//9458
f 5533//9459 5547//9459 5544//9459
f 5533//9458 5534//9458 5547//9458
f 5545//9457 5548//9457 5549//9457
f 5546//9457 5548//9457 5545//9457
f 5534//9459 5550//9459 5547//9459
f 5548//9459 5551//9459 5549//9459
f 5552//9457 5553//9457 5534//9457
f 5534//9457 5553//9457 5550//9457
f 5549//9457 5554//9457 5552//9457
f 5552//9457 5554//9457 5553//9457
f 5551//9457 5554//9457 5549//9457
f 5555//9601 5550//9601 5556//9601
f 5555//9602 5547//9602 5550//9602
f 5555//9603 5556//9603 5557//9603
f 5558//9604 5557//9604 5556//9604
f 5559//9605 5541//9605 5544//9605
f 5559//9606 5544//9606 5547//9606
f 5559//9607 5547//9607 5555//9607
f 5559//9608 5555//9608 5557//9608
f 5560//9609 5558//9609 5556//9609
f 5561//9605 5557//9605 5558//9605
f 5561//9604 5541//9604 5559//9604
f 5561//9605 5559//9605 5557//9605
f 5561//9610 5558//9610 5560//9610
f 5562//9611 5560//9611 5556//9611
f 5563//9609 5538//9609 5541//9609
f 5563//9609 5541//9609 5561//9609
f 5563//9609 5561//9609 5560//9609
f 5564//9612 5562//9612 5556//9612
f 5565//9613 5537//9613 5538//9613
f 5565//9614 5538//9614 5563//9614
f 5565//9614 5560//9614 5562//9614
f 5565//9613 5563//9613 5560//9613
f 5565//9612 5562//9612 5564//9612
f 5566//9615 5564//9615 5556//9615
f 5567//9612 5536//9612 5537//9612
f 5567//9612 5537//9612 5565//9612
f 5567//9616 5565//9616 5564//9616
f 5568//9617 5556//9617 5539//9617
f 5568//9617 5539//9617 5535//9617
f 5568//9618 5535//9618 5536//9618
f 5568//9619 5566//9620 5556//9620
f 5568//9618 5536//9618 5567//9618
f 5568//9621 5564//9621 5566//9621
f 5568//9618 5567//9618 5564//9618
f 5569//9622 5539//9622 5556//9622
f 5570//9623 5569//9623 5556//9623
f 5571//9624 5540//9624 5539//9624
f 5571//9622 5539//9622 5569//9622
f 5572//9625 5570//9625 5556//9625
f 5573//9626 5543//9626 5540//9626
f 5573//9627 5570//9627 5572//9627
f 5573//9628 5571//9628 5569//9628
f 5573//9629 5569//9629 5570//9629
f 5573//9626 5540//9626 5571//9626
f 5574//9630 5572//9630 5556//9630
f 5575//9627 5546//9627 5543//9627
f 5575//9625 5543//9625 5573//9625
f 5575//9625 5573//9625 5572//9625
f 5576//9631 5574//9631 5556//9631
f 5577//9630 5548//9630 5546//9630
f 5577//9632 5546//9632 5575//9632
f 5577//9633 5572//9633 5574//9633
f 5577//9632 5575//9632 5572//9632
f 5577//9634 5574//9634 5576//9634
f 5578//9635 5576//9635 5556//9635
f 5579//9636 5551//9636 5548//9636
f 5579//9637 5548//9637 5577//9637
f 5579//9631 5577//9631 5576//9631
f 5579//9638 5576//9638 5578//9638
f 5580//9639 5578//9639 5556//9639
f 5581//9640 5553//9640 5554//9640
f 5581//9638 5554//9638 5551//9638
f 5581//9641 5551//9641 5579//9641
f 5581//9641 5579//9641 5578//9641
f 5582//9642 5556//9642 5550//9642
f 5582//9643 5550//9643 5553//9643
f 5582//9644 5580//9645 5556//9645
f 5582//9640 5553//9640 5581//9640
f 5582//9640 5578//9640 5580//9640
f 5582//9646 5581//9646 5578//9646
f 5552//9477 5534//9477 5492//9477
f 5552//9477 5492//9477 5497//9477
f 5549//9647 5497//9647 5494//9647
f 5549//9647 5552//9647 5497//9647
f 5545//9396 5494//9396 5489//9396
f 5545//9481 5489//9481 5485//9481
f 5545//9396 5549//9396 5494//9396
f 5542//9482 5545//9482 5485//9482
f 5530//9483 5485//9483 5480//9483
f 5530//9648 5542//9648 5485//9648
f 5583//9649 5584//9649 5585//9649
f 5586//9650 5583//9650 5585//9650
f 5587//9651 5583//9651 5586//9651
f 5588//9652 5587//9652 5586//9652
f 5589//9653 5588//9653 5586//9653
f 5590//9654 5588//9654 5589//9654
f 5591//9655 5590//9655 5589//9655
f 5592//9656 5590//9656 5591//9656
f 5593//9657 5592//9657 5591//9657
f 5594//9658 5593//9658 5591//9658
f 5595//9659 5593//9659 5594//9659
f 5596//9660 5595//9660 5594//9660
f 5597//9661 5595//9661 5596//9661
f 5598//9662 5597//9662 5596//9662
f 5599//9663 5598//9663 5596//9663
f 5600//9664 5598//9664 5599//9664
f 5601//9400 5594//9400 5602//9400
f 5603//9400 5596//9400 5601//9400
f 5601//9400 5596//9400 5594//9400
f 5603//9400 5599//9400 5596//9400
f 5604//9665 5605//9665 5603//9665
f 5601//9666 5604//9666 5603//9666
f 5606//9667 5604//9667 5601//9667
f 5607//9668 5606//9668 5601//9668
f 5602//9669 5607//9669 5601//9669
f 5608//9670 5607//9670 5602//9670
f 5609//9671 5608//9671 5602//9671
f 5610//9672 5608//9672 5609//9672
f 5611//9673 5610//9673 5609//9673
f 5612//9674 5611//9674 5609//9674
f 5613//9675 5611//9675 5612//9675
f 5614//9676 5613//9676 5612//9676
f 5615//9677 5613//9677 5614//9677
f 5616//9678 5615//9678 5614//9678
f 5617//9679 5616//9679 5614//9679
f 5618//9680 5616//9680 5617//9680
f 5619//9681 5618//9681 5617//9681
f 5620//9682 5619//9682 5617//9682
f 5621//9683 5619//9683 5620//9683
f 5622//9684 5621//9684 5620//9684
f 5623//9685 5622//9685 5620//9685
f 5624//9686 5622//9686 5623//9686
f 5625//9687 5624//9687 5623//9687
f 5626//9688 5624//9688 5625//9688
f 5627//9689 5626//9689 5625//9689
f 5628//9690 5627//9690 5625//9690
f 5629//9691 5627//9691 5628//9691
f 5630//9692 5629//9692 5628//9692
f 5631//9693 5629//9693 5630//9693
f 5632//9694 5631//9694 5630//9694
f 5603//9695 5632//9695 5630//9695
f 5605//9696 5632//9696 5603//9696
f 5630//9404 5599//9404 5603//9404
f 5628//9404 5633//9404 5630//9404
f 5630//9404 5633//9404 5599//9404
f 5628//9404 5634//9404 5633//9404
f 5635//9697 5600//9697 5599//9697
f 5633//9698 5635//9698 5599//9698
f 5636//9699 5635//9699 5633//9699
f 5637//9700 5636//9700 5633//9700
f 5634//9701 5637//9701 5633//9701
f 5638//9702 5637//9702 5634//9702
f 5639//9703 5638//9703 5634//9703
f 5640//9704 5638//9704 5639//9704
f 5641//9705 5640//9705 5639//9705
f 5642//9706 5641//9706 5639//9706
f 5643//9707 5641//9707 5642//9707
f 5644//9708 5643//9708 5642//9708
f 5645//9709 5643//9709 5644//9709
f 5646//9710 5645//9710 5644//9710
f 5585//9711 5646//9711 5644//9711
f 5584//9712 5646//9712 5585//9712
f 5644//9413 5617//9413 5585//9413
f 5642//9413 5620//9413 5644//9413
f 5644//9413 5620//9413 5617//9413
f 5642//9413 5623//9413 5620//9413
f 5639//9409 5623//9409 5642//9409
f 5634//9409 5625//9409 5639//9409
f 5639//9409 5625//9409 5623//9409
f 5634//9409 5628//9409 5625//9409
f 5586//9391 5612//9391 5589//9391
f 5585//9391 5614//9391 5586//9391
f 5586//9391 5614//9391 5612//9391
f 5585//9391 5617//9391 5614//9391
f 5609//9396 5589//9396 5612//9396
f 5602//9396 5591//9396 5609//9396
f 5609//9396 5591//9396 5589//9396
f 5602//9396 5594//9396 5591//9396
f 5730//9231 5729//9231 5714//9231
f 5729//9232 5731//9232 5728//9232
f 5731//9233 5732//9233 5727//9233
f 5732//9234 5733//9234 5726//9234
f 5733//9713 5734//9713 5725//9713
f 5734//9714 5735//9714 5724//9714
f 5735//9237 5736//9237 5723//9237
f 5736//9238 5737//9238 5722//9238
f 5737//9239 5738//9239 5721//9239
f 5738//9319 5739//9319 5720//9319
f 5739//9241 5740//9241 5719//9241
f 5740//9320 5741//9320 5718//9320
f 5741//9715 5742//9715 5717//9715
f 5742//9244 5743//9244 5716//9244
f 5743//9716 5744//9716 5716//9716
f 5744//9246 5730//9246 5715//9246
f 5764//9247 5746//9247 5766//9247
f 5763//9248 5764//9248 5766//9248
f 5762//9250 5763//9250 5767//9250
f 5761//9717 5762//9717 5768//9717
f 5760//9718 5761//9718 5768//9718
f 5759//9719 5760//9719 5769//9719
f 5758//9253 5759//9253 5770//9253
f 5757//9508 5758//9508 5771//9508
f 5756//9720 5757//9720 5772//9720
f 5755//9721 5756//9721 5773//9721
f 5754//9257 5755//9257 5774//9257
f 5753//9258 5754//9258 5774//9258
f 5752//9260 5753//9260 5775//9260
f 5751//9722 5752//9722 5776//9722
f 5750//9723 5751//9723 5776//9723
f 5749//9724 5750//9724 5777//9724
f 5748//9725 5749//9725 5778//9725
f 5747//9726 5748//9726 5779//9726
f 5745//9266 5747//9266 5780//9266
f 5746//9265 5745//9265 5765//9265
l 5192 5220
l 5238 5246
l 5231 5253
l 5241 5243
l 5228 5256
l 5656 5668
l 5656 5669
l 5649 5675
l 5649 5676
l 5649 5677
l 5693 5702
l 5693 5701
l 5685 5709
l 5685 5708
l 5657 5667
l 5657 5668
l 5694 5701
l 5686 5708
l 5686 5707
l 5678 5698
l 5678 5713
l 5658 5666
l 5658 5667
l 5650 5674
l 5650 5675
l 5679 5699
l 5679 5698
l 5695 5701
l 5695 5700
l 5687 5707
l 5659 5665
l 5659 5666
l 5651 5673
l 5651 5674
l 5696 5700
l 5696 5699
l 5688 5706
l 5688 5707
l 5680 5713
l 5680 5712
l 5660 5664
l 5660 5665
l 5652 5672
l 5652 5673
l 5697 5699
l 5689 5706
l 5689 5705
l 5681 5712
l 5681 5711
l 5661 5662
l 5661 5664
l 5653 5671
l 5653 5672
l 5690 5705
l 5690 5704
l 5682 5711
l 5682 5710
l 5647 5662
l 5647 5663
l 5654 5670
l 5654 5671
l 5691 5704
l 5691 5703
l 5683 5710
l 5683 5709
l 5655 5669
l 5655 5670
l 5648 5677
l 5648 5663
l 5692 5703
l 5692 5702
l 5684 5709
